Timestamp,User Count,Type,Name,Requests/s,Failures/s,50%,66%,75%,80%,90%,95%,98%,99%,99.9%,99.99%,100%,Total Request Count,Total Failure Count,Total Median Response Time,Total Average Response Time,Total Min Response Time,Total Max Response Time,Total Average Content Size
1781169830,0,,Aggregated,0.000000,0.000000,N/A,N/A,N/A,N/A,N/A,N/A,N/A,N/A,N/A,N/A,N/A,0,0,0,0.0,0,0,0
1781169831,5,,Aggregated,0.000000,0.000000,N/A,N/A,N/A,N/A,N/A,N/A,N/A,N/A,N/A,N/A,N/A,0,0,0,0.0,0,0,0
1781169832,10,GET,/,0.000000,0.000000,0,0,0,0,0,0,0,0,0,0,0,8,0,210,661.7799570085481,208.14435929059982,1116.8024959042668,10499.0
1781169832,10,POST,/cart/checkout,0.000000,0.000000,0,0,0,0,0,0,0,0,0,0,0,2,0,100.72570480406284,549.4856531731784,100.72570480406284,998.245601542294,6791.0
1781169832,10,GET,/product/6E92ZMYYFZ,0.000000,0.000000,0,0,0,0,0,0,0,0,0,0,0,1,0,95.08149605244398,95.08149605244398,95.08149605244398,95.08149605244398,7921.0
1781169832,10,,Aggregated,0.000000,0.000000,210,1100,1100,1100,1100,1100,1100,1100,1100,1100,1100,11,0,210,589.8447689515623,95.08149605244398,1116.8024959042668,9590.454545454546
1781169833,15,GET,/,0.000000,0.000000,110,110,110,110,110,110,110,110,110,110,110,16,0,110,361.9879751931876,13.23728822171688,1116.8024959042668,10499.0
1781169833,15,POST,/cart/checkout,0.000000,0.000000,19,19,19,19,19,19,19,19,19,19,19,3,0,100,372.6057158783078,18.84584128856659,998.245601542294,6798.333333333333
1781169833,15,GET,/product/6E92ZMYYFZ,0.000000,0.000000,10,10,10,10,10,10,10,10,10,10,10,2,0,10,52.47763358056545,9.873771108686924,95.08149605244398,7940.0
1781169833,15,GET,/product/9SIQT8TOJO,0.000000,0.000000,0,0,0,0,0,0,0,0,0,0,0,1,0,55.22436462342739,55.22436462342739,55.22436462342739,55.22436462342739,8010.0
1781169833,15,,Aggregated,0.000000,0.000000,110,210,210,1000,1100,1100,1100,1100,1100,1100,1100,22,0,110,321.3547446595674,9.873771108686924,1116.8024959042668,9648.59090909091
1781169834,20,GET,/,0.000000,0.000000,26,32,69,110,110,110,110,110,110,110,110,27,0,33,225.6127258900691,13.23728822171688,1116.8024959042668,10499.0
1781169834,20,POST,/cart,0.000000,0.000000,0,0,0,0,0,0,0,0,0,0,0,2,0,15,21.70051820576191,14.874831773340702,28.526204638183117,16440.0
1781169834,20,POST,/cart/checkout,0.000000,0.000000,26,26,26,26,26,26,26,26,26,26,26,4,0,26,285.9495335724205,18.84584128856659,998.245601542294,6792.5
1781169834,20,GET,/product/66VCHSJNUP,0.000000,0.000000,0,0,0,0,0,0,0,0,0,0,0,2,0,61.203801073133945,74.70938516780734,61.203801073133945,88.21496926248074,7945.0
1781169834,20,GET,/product/6E92ZMYYFZ,0.000000,0.000000,25,25,48,48,48,48,48,48,48,48,48,4,0,25,44.470717664808035,9.873771108686924,95.08149605244398,7931.5
1781169834,20,GET,/product/9SIQT8TOJO,0.000000,0.000000,55,55,55,55,55,55,55,55,55,55,55,1,0,55.22436462342739,55.22436462342739,55.22436462342739,55.22436462342739,8010.0
1781169834,20,,Aggregated,0.000000,0.000000,48,100,110,210,1100,1100,1100,1100,1100,1100,1100,40,0,33,191.53171938378364,9.873771108686924,1116.8024959042668,9978.725
1781169835,25,GET,/,4.000000,0.000000,25,37,64,81,110,110,110,110,110,110,110,43,0,32,156.62865975308557,12.45870627462864,1116.8024959042668,10499.0
1781169835,25,POST,/cart,0.000000,0.000000,20,20,20,20,20,20,20,20,20,20,20,3,0,20,21.073687511185806,14.874831773340702,28.526204638183117,16440.333333333332
1781169835,25,POST,/cart/checkout,1.000000,0.000000,19,19,26,26,26,26,26,26,26,26,26,5,0,26,231.58921878784895,14.147959649562836,998.245601542294,6795.4
1781169835,25,GET,/product/66VCHSJNUP,0.000000,0.000000,100,100,100,100,100,100,100,100,100,100,100,3,0,88,84.10745083043973,61.203801073133945,102.9035821557045,7942.666666666667
1781169835,25,GET,/product/6E92ZMYYFZ,0.500000,0.000000,25,25,48,48,48,48,48,48,48,48,48,4,0,25,44.470717664808035,9.873771108686924,95.08149605244398,7931.5
1781169835,25,GET,/product/9SIQT8TOJO,0.000000,0.000000,55,55,55,55,55,55,55,55,55,55,55,2,0,11,32.96700119972229,10.709637776017189,55.22436462342739,8007.0
1781169835,25,GET,/product/L9ECAV7KIM,0.000000,0.000000,0,0,0,0,0,0,0,0,0,0,0,1,0,9.583815932273865,9.583815932273865,9.583815932273865,9.583815932273865,7956.0
1781169835,25,,Aggregated,5.500000,0.000000,30,69,100,110,210,1100,1100,1100,1100,1100,1100,61,0,30,138.7200420875041,9.583815932273865,1116.8024959042668,10070.147540983606
1781169836,30,GET,/,6.750000,0.000000,23,32,64,81,110,300,300,300,300,300,300,60,0,25,134.80144922311106,10.574674233794212,1116.8024959042668,10500.483333333334
1781169836,30,POST,/cart,0.500000,0.000000,20,20,20,20,20,20,20,20,20,20,20,4,0,16,19.687184132635593,14.874831773340702,28.526204638183117,16795.75
1781169836,30,POST,/cart/checkout,1.000000,0.000000,26,26,94,94,94,94,94,94,94,94,94,6,0,26,208.70676403865218,14.147959649562836,998.245601542294,6797.333333333333
1781169836,30,GET,/product/1YMWWN1N4O,0.000000,0.000000,0,0,0,0,0,0,0,0,0,0,0,1,0,51.71592067927122,51.71592067927122,51.71592067927122,51.71592067927122,7992.0
1781169836,30,GET,/product/2ZYFJ3GM2N,0.000000,0.000000,0,0,0,0,0,0,0,0,0,0,0,1,0,9.579872712492943,9.579872712492943,9.579872712492943,9.579872712492943,7998.0
1781169836,30,GET,/product/66VCHSJNUP,0.500000,0.000000,100,100,100,100,100,100,100,100,100,100,100,3,0,88,84.10745083043973,61.203801073133945,102.9035821557045,7942.666666666667
1781169836,30,GET,/product/6E92ZMYYFZ,1.000000,0.000000,25,25,48,48,48,48,48,48,48,48,48,4,0,25,44.470717664808035,9.873771108686924,95.08149605244398,7931.5
1781169836,30,GET,/product/9SIQT8TOJO,0.250000,0.000000,55,55,55,55,55,55,55,55,55,55,55,2,0,11,32.96700119972229,10.709637776017189,55.22436462342739,8007.0
1781169836,30,GET,/product/L9ECAV7KIM,0.000000,0.000000,11,11,11,11,11,11,11,11,11,11,11,2,0,10,10.344536043703556,9.583815932273865,11.105256155133247,7953.0
1781169836,30,GET,/product/OLJCESPC7Z,0.000000,0.000000,0,0,0,0,0,0,0,0,0,0,0,1,0,11.769460514187813,11.769460514187813,11.769460514187813,11.769460514187813,7953.0
1781169836,30,,Aggregated,10.000000,0.000000,25,55,95,110,300,1000,1100,1100,1100,1100,1100,84,0,25,119.15440268681517,9.579872712492943,1116.8024959042668,10112.059523809523
1781169837,35,GET,/,6.750000,0.000000,15,25,32,46,110,300,300,300,300,300,300,78,0,16,107.09066853786891,10.301962494850159,1116.8024959042668,10503.564102564103
1781169837,35,POST,/cart,0.500000,0.000000,18,18,20,20,20,20,20,20,20,20,20,5,0,18,19.337506778538227,14.874831773340702,28.526204638183117,16727.2
1781169837,35,POST,/cart/checkout,1.000000,0.000000,26,26,94,94,94,94,94,94,94,94,94,6,0,26,208.70676403865218,14.147959649562836,998.245601542294,6797.333333333333
1781169837,35,GET,/product/1YMWWN1N4O,0.000000,0.000000,52,52,52,52,52,52,52,52,52,52,52,1,0,51.71592067927122,51.71592067927122,51.71592067927122,51.71592067927122,7992.0
1781169837,35,GET,/product/2ZYFJ3GM2N,0.000000,0.000000,9,9,9,9,9,9,9,9,9,9,9,2,0,9,9.132545907050371,8.6852191016078,9.579872712492943,7973.0
1781169837,35,GET,/product/66VCHSJNUP,0.500000,0.000000,100,100,100,100,100,100,100,100,100,100,100,4,0,61,65.3115448076278,8.923826739192009,102.9035821557045,7946.5
1781169837,35,GET,/product/6E92ZMYYFZ,1.000000,0.000000,10,25,25,48,48,48,48,48,48,48,48,6,0,10,32.73313399404287,8.749284781515598,95.08149605244398,7928.666666666667
1781169837,35,GET,/product/9SIQT8TOJO,0.250000,0.000000,55,55,55,55,55,55,55,55,55,55,55,2,0,11,32.96700119972229,10.709637776017189,55.22436462342739,8007.0
1781169837,35,GET,/product/L9ECAV7KIM,0.000000,0.000000,11,11,11,11,11,11,11,11,11,11,11,2,0,10,10.344536043703556,9.583815932273865,11.105256155133247,7953.0
1781169837,35,GET,/product/OLJCESPC7Z,0.000000,0.000000,9,9,9,9,9,9,9,9,9,9,9,2,0,9,10.17484301701188,8.580225519835949,11.769460514187813,7966.0
1781169837,35,,Aggregated,10.000000,0.000000,19,30,64,94,210,300,1100,1100,1100,1100,1100,108,0,18,95.70925018784625,8.580225519835949,1116.8024959042668,10137.462962962964
1781169838,40,GET,/,9.833333,0.000000,15,25,32,43,110,110,300,300,300,300,300,95,0,16,92.29363715766291,9.291272610425949,1116.8024959042668,10502.747368421053
1781169838,40,POST,/cart,0.666667,0.000000,20,20,46,46,81,81,81,81,81,81,81,8,0,18,29.324571369215846,10.287284851074219,81.4327048137784,16618.625
1781169838,40,POST,/cart/checkout,1.000000,0.000000,23,26,26,94,94,94,94,94,94,94,94,7,0,26,182.13128152170353,14.147959649562836,998.245601542294,6798.428571428572
1781169838,40,GET,/product/1YMWWN1N4O,0.166667,0.000000,52,52,52,52,52,52,52,52,52,52,52,1,0,51.71592067927122,51.71592067927122,51.71592067927122,51.71592067927122,7992.0
1781169838,40,GET,/product/2ZYFJ3GM2N,0.166667,0.000000,9,9,9,9,9,9,9,9,9,9,9,2,0,9,9.132545907050371,8.6852191016078,9.579872712492943,7973.0
1781169838,40,GET,/product/66VCHSJNUP,0.500000,0.000000,64,64,100,100,100,100,100,100,100,100,100,5,0,64,65.07113389670849,8.923826739192009,102.9035821557045,7943.6
1781169838,40,GET,/product/6E92ZMYYFZ,0.666667,0.000000,10,25,25,48,48,48,48,48,48,48,48,6,0,10,32.73313399404287,8.749284781515598,95.08149605244398,7928.666666666667
1781169838,40,GET,/product/9SIQT8TOJO,0.333333,0.000000,11,11,55,55,55,55,55,55,55,55,55,3,0,11,24.794230858484905,8.448690176010132,55.22436462342739,8000.0
1781169838,40,GET,/product/L9ECAV7KIM,0.333333,0.000000,11,11,11,11,11,11,11,11,11,11,11,2,0,10,10.344536043703556,9.583815932273865,11.105256155133247,7953.0
1781169838,40,GET,/product/LS4PSXUNUM,0.000000,0.000000,0,0,0,0,0,0,0,0,0,0,0,1,0,8.997580967843533,8.997580967843533,8.997580967843533,8.997580967843533,7953.0
1781169838,40,GET,/product/OLJCESPC7Z,0.166667,0.000000,9,9,9,9,9,9,9,9,9,9,9,2,0,9,10.17484301701188,8.580225519835949,11.769460514187813,7966.0
1781169838,40,,Aggregated,13.833333,0.000000,19,29,55,69,110,300,1100,1100,1100,1100,1100,132,0,18,83.28458779689038,8.448690176010132,1116.8024959042668,10252.40909090909
1781169839,45,GET,/,9.833333,0.000000,15,25,33,43,81,110,300,300,300,300,300,117,0,16,79.78494739175862,9.291272610425949,1116.8024959042668,10502.803418803418
1781169839,45,POST,/cart,0.666667,0.000000,20,20,46,46,81,81,81,81,81,81,81,8,0,18,29.324571369215846,10.287284851074219,81.4327048137784,16618.625
1781169839,45,POST,/cart/checkout,1.000000,0.000000,23,23,26,26,94,94,94,94,94,94,94,8,0,23,161.01565305143595,13.20625375956297,998.245601542294,6797.25
1781169839,45,GET,/product/1YMWWN1N4O,0.166667,0.000000,52,52,52,52,52,52,52,52,52,52,52,1,0,51.71592067927122,51.71592067927122,51.71592067927122,51.71592067927122,7992.0
1781169839,45,GET,/product/2ZYFJ3GM2N,0.166667,0.000000,9,9,9,9,9,9,9,9,9,9,9,2,0,9,9.132545907050371,8.6852191016078,9.579872712492943,7973.0
1781169839,45,GET,/product/66VCHSJNUP,0.500000,0.000000,64,64,100,100,100,100,100,100,100,100,100,6,0,61,55.868338172634445,8.923826739192009,102.9035821557045,7946.333333333333
1781169839,45,GET,/product/6E92ZMYYFZ,0.666667,0.000000,10,25,25,48,48,48,48,48,48,48,48,6,0,10,32.73313399404287,8.749284781515598,95.08149605244398,7928.666666666667
1781169839,45,GET,/product/9SIQT8TOJO,0.333333,0.000000,11,11,55,55,55,55,55,55,55,55,55,3,0,11,24.794230858484905,8.448690176010132,55.22436462342739,8000.0
1781169839,45,GET,/product/L9ECAV7KIM,0.333333,0.000000,11,11,11,11,11,11,11,11,11,11,11,2,0,10,10.344536043703556,9.583815932273865,11.105256155133247,7953.0
1781169839,45,GET,/product/LS4PSXUNUM,0.000000,0.000000,9,9,9,9,9,9,9,9,9,9,9,1,0,8.997580967843533,8.997580967843533,8.997580967843533,8.997580967843533,7953.0
1781169839,45,GET,/product/OLJCESPC7Z,0.166667,0.000000,9,9,9,9,9,9,9,9,9,9,9,2,0,9,10.17484301701188,8.580225519835949,11.769460514187813,7966.0
1781169839,45,,Aggregated,13.833333,0.000000,16,29,51,61,110,300,1100,1100,1100,1100,1100,156,0,16,74.25365075230216,8.448690176010132,1116.8024959042668,10250.858974358975
1781169840,50,GET,/,11.750000,0.000000,14,24,29,34,69,110,300,300,300,300,300,144,0,15,67.86675161371629,9.098164737224579,1116.8024959042668,10505.798611111111
1781169840,50,POST,/cart,1.000000,0.000000,18,20,46,46,81,81,81,81,81,81,81,10,0,16,26.19194481521845,10.287284851074219,81.4327048137784,16589.8
1781169840,50,POST,/cart/checkout,0.875000,0.000000,23,26,27,27,94,94,94,94,94,94,94,9,0,26,146.16818219009372,13.20625375956297,998.245601542294,6795.666666666667
1781169840,50,GET,/product/0PUK6V6EV0,0.000000,0.000000,0,0,0,0,0,0,0,0,0,0,0,1,0,8.314918726682663,8.314918726682663,8.314918726682663,8.314918726682663,8025.0
1781169840,50,GET,/product/1YMWWN1N4O,0.125000,0.000000,52,52,52,52,52,52,52,52,52,52,52,1,0,51.71592067927122,51.71592067927122,51.71592067927122,51.71592067927122,7992.0
1781169840,50,GET,/product/2ZYFJ3GM2N,0.250000,0.000000,9,9,9,9,9,9,9,9,9,9,9,2,0,9,9.132545907050371,8.6852191016078,9.579872712492943,7973.0
1781169840,50,GET,/product/66VCHSJNUP,0.625000,0.000000,10,64,64,100,100,100,100,100,100,100,100,7,0,61,49.132704202617916,8.718900382518768,102.9035821557045,7948.285714285715
1781169840,50,GET,/product/6E92ZMYYFZ,0.750000,0.000000,10,10,25,25,48,48,48,48,48,48,48,7,0,10,29.2547894641757,8.384722284972668,95.08149605244398,7925.857142857143
1781169840,50,GET,/product/9SIQT8TOJO,0.375000,0.000000,11,11,55,55,55,55,55,55,55,55,55,3,0,11,24.794230858484905,8.448690176010132,55.22436462342739,8000.0
1781169840,50,GET,/product/L9ECAV7KIM,0.250000,0.000000,11,11,11,11,11,11,11,11,11,11,11,2,0,10,10.344536043703556,9.583815932273865,11.105256155133247,7953.0
1781169840,50,GET,/product/LS4PSXUNUM,0.125000,0.000000,9,9,9,9,9,9,9,9,9,9,9,1,0,8.997580967843533,8.997580967843533,8.997580967843533,8.997580967843533,7953.0
1781169840,50,GET,/product/OLJCESPC7Z,0.250000,0.000000,9,9,9,9,9,9,9,9,9,9,9,3,0,9,9.572595668335756,8.368100970983505,11.769460514187813,7968.333333333333
1781169840,50,,Aggregated,16.375000,0.000000,15,25,35,52,100,210,1100,1100,1100,1100,1100,190,0,15,63.73705705137629,8.314918726682663,1116.8024959042668,10288.105263157895
1781169841,55,GET,/,13.000000,0.000000,14,25,33,40,72,110,300,300,300,300,300,174,0,15,61.99998311141784,9.098164737224579,1116.8024959042668,10505.137931034482
1781169841,55,POST,/cart,0.888889,0.000000,16,18,20,46,81,81,81,81,81,81,81,11,0,16,24.972194467078555,10.287284851074219,81.4327048137784,16574.363636363636
1781169841,55,POST,/cart/checkout,0.888889,0.000000,23,26,27,27,94,94,94,94,94,94,94,9,0,26,146.16818219009372,13.20625375956297,998.245601542294,6795.666666666667
1781169841,55,GET,/product/0PUK6V6EV0,0.000000,0.000000,8,8,8,8,8,8,8,8,8,8,8,1,0,8.314918726682663,8.314918726682663,8.314918726682663,8.314918726682663,8025.0
1781169841,55,GET,/product/1YMWWN1N4O,0.111111,0.000000,52,52,52,52,52,52,52,52,52,52,52,1,0,51.71592067927122,51.71592067927122,51.71592067927122,51.71592067927122,7992.0
1781169841,55,GET,/product/2ZYFJ3GM2N,0.222222,0.000000,9,9,9,9,9,9,9,9,9,9,9,2,0,9,9.132545907050371,8.6852191016078,9.579872712492943,7973.0
1781169841,55,GET,/product/66VCHSJNUP,0.666667,0.000000,11,11,64,64,100,100,100,100,100,100,100,8,0,11,44.408253277651966,8.718900382518768,102.9035821557045,7945.0
1781169841,55,GET,/product/6E92ZMYYFZ,0.666667,0.000000,14,25,45,45,48,48,48,48,48,48,48,9,0,14,29.32229544967413,8.384722284972668,95.08149605244398,7923.222222222223
1781169841,55,GET,/product/9SIQT8TOJO,0.333333,0.000000,11,11,55,55,55,55,55,55,55,55,55,3,0,11,24.794230858484905,8.448690176010132,55.22436462342739,8000.0
1781169841,55,GET,/product/L9ECAV7KIM,0.222222,0.000000,11,11,11,11,11,11,11,11,11,11,11,3,0,10,9.972254124780497,9.227690286934376,11.105256155133247,7954.0
1781169841,55,GET,/product/LS4PSXUNUM,0.111111,0.000000,9,9,9,9,9,9,9,9,9,9,9,1,0,8.997580967843533,8.997580967843533,8.997580967843533,8.997580967843533,7953.0
1781169841,55,GET,/product/OLJCESPC7Z,0.222222,0.000000,9,9,9,9,9,9,9,9,9,9,9,4,0,9,9.311753325164318,8.368100970983505,11.769460514187813,7966.5
1781169841,55,,Aggregated,17.333333,0.000000,14,24,33,43,71,94,110,300,300,300,300,226,0,14,58.523059760805516,8.314918726682663,1116.8024959042668,10291.530973451327
1781169842,60,GET,/,14.200000,0.000000,14,24,29,36,63,74,300,300,300,300,300,206,0,15,55.40746514622158,9.098164737224579,1116.8024959042668,10505.912621359223
1781169842,60,POST,/cart,1.000000,0.000000,18,39,42,42,46,81,81,81,81,81,81,13,0,18,27.3579998801534,10.287284851074219,81.4327048137784,16665.76923076923
1781169842,60,POST,/cart/checkout,0.900000,0.000000,26,26,27,27,94,94,94,94,94,94,94,9,0,26,146.16818219009372,13.20625375956297,998.245601542294,6795.666666666667
1781169842,60,GET,/product/0PUK6V6EV0,0.100000,0.000000,8,8,8,8,8,8,8,8,8,8,8,1,0,8.314918726682663,8.314918726682663,8.314918726682663,8.314918726682663,8025.0
1781169842,60,GET,/product/1YMWWN1N4O,0.100000,0.000000,52,52,52,52,52,52,52,52,52,52,52,1,0,51.71592067927122,51.71592067927122,51.71592067927122,51.71592067927122,7992.0
1781169842,60,GET,/product/2ZYFJ3GM2N,0.200000,0.000000,9,9,9,9,9,9,9,9,9,9,9,2,0,9,9.132545907050371,8.6852191016078,9.579872712492943,7973.0
1781169842,60,GET,/product/66VCHSJNUP,0.700000,0.000000,11,11,64,64,100,100,100,100,100,100,100,8,0,11,44.408253277651966,8.718900382518768,102.9035821557045,7945.0
1781169842,60,GET,/product/6E92ZMYYFZ,0.700000,0.000000,14,25,45,45,48,48,48,48,48,48,48,10,0,13,27.733016200363636,8.384722284972668,95.08149605244398,7922.6
1781169842,60,GET,/product/9SIQT8TOJO,0.300000,0.000000,11,11,55,55,55,55,55,55,55,55,55,3,0,11,24.794230858484905,8.448690176010132,55.22436462342739,8000.0
1781169842,60,GET,/product/L9ECAV7KIM,0.200000,0.000000,11,11,11,11,11,11,11,11,11,11,11,3,0,10,9.972254124780497,9.227690286934376,11.105256155133247,7954.0
1781169842,60,GET,/product/LS4PSXUNUM,0.100000,0.000000,9,9,9,9,9,9,9,9,9,9,9,1,0,8.997580967843533,8.997580967843533,8.997580967843533,8.997580967843533,7953.0
1781169842,60,GET,/product/OLJCESPC7Z,0.300000,0.000000,9,9,9,9,9,9,9,9,9,9,9,5,0,9,9.320663288235664,8.368100970983505,11.769460514187813,7973.8
1781169842,60,,Aggregated,18.800000,0.000000,14,24,29,37,63,81,110,300,300,300,300,262,0,15,53.266785992664914,8.314918726682663,1116.8024959042668,10352.92748091603
1781169843,65,GET,/,17.200000,0.000000,15,25,36,46,74,130,170,300,300,300,300,236,0,16,56.73714556683928,9.098164737224579,1116.8024959042668,10505.78813559322
1781169843,65,POST,/cart,1.100000,0.000000,20,39,43,43,46,81,81,81,81,81,81,14,0,18,28.45650924635785,10.287284851074219,81.4327048137784,16648.928571428572
1781169843,65,POST,/cart/checkout,0.900000,0.000000,27,50,55,55,94,96,96,96,96,96,96,15,0,27,105.98761352399985,13.20625375956297,998.245601542294,6800.533333333334
1781169843,65,GET,/product/0PUK6V6EV0,0.100000,0.000000,8,8,8,8,8,8,8,8,8,8,8,1,0,8.314918726682663,8.314918726682663,8.314918726682663,8.314918726682663,8025.0
1781169843,65,GET,/product/1YMWWN1N4O,0.100000,0.000000,74,74,74,74,74,74,74,74,74,74,74,2,0,52,62.75204801931977,51.71592067927122,73.78817535936832,8000.0
1781169843,65,GET,/product/2ZYFJ3GM2N,0.200000,0.000000,9,9,9,9,9,9,9,9,9,9,9,2,0,9,9.132545907050371,8.6852191016078,9.579872712492943,7973.0
1781169843,65,GET,/product/66VCHSJNUP,0.800000,0.000000,11,11,64,64,100,100,100,100,100,100,100,8,0,11,44.408253277651966,8.718900382518768,102.9035821557045,7945.0
1781169843,65,GET,/product/6E92ZMYYFZ,0.900000,0.000000,14,25,45,45,48,48,48,48,48,48,48,10,0,13,27.733016200363636,8.384722284972668,95.08149605244398,7922.6
1781169843,65,GET,/product/9SIQT8TOJO,0.300000,0.000000,11,11,11,11,11,11,11,11,11,11,11,3,0,11,24.794230858484905,8.448690176010132,55.22436462342739,8000.0
1781169843,65,GET,/product/L9ECAV7KIM,0.300000,0.000000,11,11,11,11,11,11,11,11,11,11,11,3,0,10,9.972254124780497,9.227690286934376,11.105256155133247,7954.0
1781169843,65,GET,/product/LS4PSXUNUM,0.100000,0.000000,9,9,9,9,9,9,9,9,9,9,9,1,0,8.997580967843533,8.997580967843533,8.997580967843533,8.997580967843533,7953.0
1781169843,65,GET,/product/OLJCESPC7Z,0.400000,0.000000,9,9,9,9,9,9,9,9,9,9,9,5,0,9,9.320663288235664,8.368100970983505,11.769460514187813,7973.8
1781169843,65,,Aggregated,22.400000,0.000000,14,25,37,46,74,110,160,300,300,300,300,300,0,16,54.409174444153905,8.314918726682663,1116.8024959042668,10309.666666666666
1781169844,70,GET,/,19.700000,0.000000,14,25,36,50,74,120,170,300,300,300,300,265,0,16,54.210965324825835,8.907788433134556,1116.8024959042668,10506.052830188679
1781169844,70,POST,/cart,1.300000,0.000000,21,42,43,46,77,81,81,81,81,81,81,16,0,20,31.024952593725175,10.287284851074219,81.4327048137784,16624.0625
1781169844,70,POST,/cart/checkout,0.700000,0.000000,27,50,55,75,94,96,96,96,96,96,96,19,0,26,89.73922178541359,11.131322011351585,998.245601542294,6799.0526315789475
1781169844,70,GET,/product/0PUK6V6EV0,0.100000,0.000000,8,8,8,8,8,8,8,8,8,8,8,1,0,8.314918726682663,8.314918726682663,8.314918726682663,8.314918726682663,8025.0
1781169844,70,GET,/product/1YMWWN1N4O,0.100000,0.000000,52,52,74,74,74,74,74,74,74,74,74,3,0,52,44.272160778443016,7.31238629668951,73.78817535936832,7986.0
1781169844,70,GET,/product/2ZYFJ3GM2N,0.200000,0.000000,9,9,9,9,9,9,9,9,9,9,9,2,0,9,9.132545907050371,8.6852191016078,9.579872712492943,7973.0
1781169844,70,GET,/product/66VCHSJNUP,0.800000,0.000000,11,13,64,64,100,100,100,100,100,100,100,10,0,11,37.6607739366591,8.470076136291027,102.9035821557045,7945.4
1781169844,70,GET,/product/6E92ZMYYFZ,0.900000,0.000000,13,13,14,14,45,45,45,45,45,45,45,10,0,13,27.733016200363636,8.384722284972668,95.08149605244398,7922.6
1781169844,70,GET,/product/9SIQT8TOJO,0.300000,0.000000,11,11,11,11,11,11,11,11,11,11,11,3,0,11,24.794230858484905,8.448690176010132,55.22436462342739,8000.0
1781169844,70,GET,/product/L9ECAV7KIM,0.300000,0.000000,9,9,11,11,11,11,11,11,11,11,11,4,0,9.227690286934376,9.824934182688594,9.227690286934376,11.105256155133247,7946.0
1781169844,70,GET,/product/LS4PSXUNUM,0.100000,0.000000,9,9,9,9,9,9,9,9,9,9,9,1,0,8.997580967843533,8.997580967843533,8.997580967843533,8.997580967843533,7953.0
1781169844,70,GET,/product/OLJCESPC7Z,0.500000,0.000000,9,9,9,9,9,9,9,9,9,9,9,6,0,9,9.12759763499101,8.162269368767738,11.769460514187813,7975.333333333333
1781169844,70,,Aggregated,25.000000,0.000000,14,25,37,49,74,94,160,300,300,300,300,340,0,15,51.641559578916606,7.31238629668951,1116.8024959042668,10286.673529411764
1781169845,75,GET,/,21.800000,0.000000,14,26,37,51,75,80,150,160,170,170,170,305,0,15,51.05293055110779,8.268442004919052,1116.8024959042668,10506.586885245903
1781169845,75,POST,/cart,1.400000,0.000000,39,42,46,46,77,81,81,81,81,81,81,16,0,20,31.024952593725175,10.287284851074219,81.4327048137784,16624.0625
1781169845,75,POST,/cart/checkout,1.100000,0.000000,27,50,55,75,94,96,96,96,96,96,96,19,0,26,89.73922178541359,11.131322011351585,998.245601542294,6799.0526315789475
1781169845,75,GET,/product/0PUK6V6EV0,0.100000,0.000000,8,8,9,9,9,9,9,9,9,9,9,3,0,8.284306153655052,8.382691070437431,8.284306153655052,8.548848330974579,7990.666666666667
1781169845,75,GET,/product/1YMWWN1N4O,0.200000,0.000000,52,52,74,74,74,74,74,74,74,74,74,3,0,52,44.272160778443016,7.31238629668951,73.78817535936832,7986.0
1781169845,75,GET,/product/2ZYFJ3GM2N,0.200000,0.000000,9,9,11,11,11,11,11,11,11,11,11,4,0,9,9.541661944240332,8.539409376680851,11.362146586179733,7969.5
1781169845,75,GET,/product/66VCHSJNUP,0.800000,0.000000,11,13,46,46,64,64,64,64,64,64,64,11,0,13,38.399239832704716,8.470076136291027,102.9035821557045,7943.090909090909
1781169845,75,GET,/product/6E92ZMYYFZ,0.800000,0.000000,10,13,14,14,45,45,45,45,45,45,45,11,0,13,25.920076549730517,7.790680043399334,95.08149605244398,7924.818181818182
1781169845,75,GET,/product/9SIQT8TOJO,0.200000,0.000000,8,8,8,8,8,8,8,8,8,8,8,3,0,11,24.794230858484905,8.448690176010132,55.22436462342739,8000.0
1781169845,75,GET,/product/L9ECAV7KIM,0.300000,0.000000,9,9,11,11,11,11,11,11,11,11,11,4,0,9.227690286934376,9.824934182688594,9.227690286934376,11.105256155133247,7946.0
1781169845,75,GET,/product/LS4PSXUNUM,0.100000,0.000000,9,9,10,10,10,10,10,10,10,10,10,4,0,8,8.515351451933384,7.2854068130254745,9.796380065381527,7949.0
1781169845,75,GET,/product/OLJCESPC7Z,0.500000,0.000000,9,9,9,9,9,9,9,9,9,9,9,7,0,9,8.851025918764728,7.191595621407032,11.769460514187813,7975.857142857143
1781169845,75,,Aggregated,27.500000,0.000000,14,25,37,47,74,80,130,160,170,170,170,390,0,15,48.425469163041086,7.191595621407032,1116.8024959042668,10249.851282051282
1781169846,80,GET,/,23.500000,0.000000,15,29,43,53,75,80,150,160,170,170,170,331,0,15,49.10975502201798,8.265170268714428,1116.8024959042668,10506.528700906345
1781169846,80,POST,/cart,1.400000,0.000000,21,42,43,46,77,81,81,81,81,81,81,19,0,18,28.19876627702462,10.287284851074219,81.4327048137784,16599.263157894737
1781169846,80,POST,/cart/checkout,1.300000,0.000000,27,45,50,55,75,96,96,96,96,96,96,20,0,26,87.52130027860403,11.131322011351585,998.245601542294,6800.65
1781169846,80,GET,/product/0PUK6V6EV0,0.100000,0.000000,8,8,9,9,9,9,9,9,9,9,9,3,0,8.284306153655052,8.382691070437431,8.284306153655052,8.548848330974579,7990.666666666667
1781169846,80,GET,/product/1YMWWN1N4O,0.300000,0.000000,52,52,74,74,74,74,74,74,74,74,74,4,0,8,35.193840274587274,7.31238629668951,73.78817535936832,7988.0
1781169846,80,GET,/product/2ZYFJ3GM2N,0.200000,0.000000,9,9,11,11,11,11,11,11,11,11,11,4,0,9,9.541661944240332,8.539409376680851,11.362146586179733,7969.5
1781169846,80,GET,/product/66VCHSJNUP,0.800000,0.000000,11,13,46,46,64,64,64,64,64,64,64,11,0,13,38.399239832704716,8.470076136291027,102.9035821557045,7943.090909090909
1781169846,80,GET,/product/6E92ZMYYFZ,0.600000,0.000000,10,13,14,14,45,45,45,45,45,45,45,11,0,13,25.920076549730517,7.790680043399334,95.08149605244398,7924.818181818182
1781169846,80,GET,/product/9SIQT8TOJO,0.200000,0.000000,8,8,8,8,8,8,8,8,8,8,8,3,0,11,24.794230858484905,8.448690176010132,55.22436462342739,8000.0
1781169846,80,GET,/product/L9ECAV7KIM,0.400000,0.000000,11,11,75,75,75,75,75,75,75,75,75,5,0,10,22.9594549164176,9.227690286934376,75.49753785133362,7952.4
1781169846,80,GET,/product/LS4PSXUNUM,0.100000,0.000000,9,9,10,10,78,78,78,78,78,78,78,6,0,8,20.07392110923926,7.2854068130254745,77.95369811356068,7950.333333333333
1781169846,80,GET,/product/OLJCESPC7Z,0.600000,0.000000,9,9,9,9,9,9,9,9,9,9,9,7,0,9,8.851025918764728,7.191595621407032,11.769460514187813,7975.857142857143
1781169846,80,,Aggregated,29.500000,0.000000,14,27,43,51,75,80,130,160,170,170,170,424,0,15,46.75640262891802,7.191595621407032,1116.8024959042668,10279.962264150943
1781169847,85,GET,/,25.800000,0.000000,18,38,55,65,78,84,150,160,170,170,170,382,0,18,49.215349051808815,7.437263615429401,1116.8024959042668,10506.921465968586
1781169847,85,POST,/cart,1.300000,0.000000,23,43,53,67,81,92,97,97,97,97,97,26,0,20,34.47469273725381,10.287284851074219,97.12540917098522,16669.30769230769
1781169847,85,POST,/cart/checkout,1.400000,0.000000,27,45,50,55,75,96,96,96,96,96,96,21,0,26,84.05380931106352,11.131322011351585,998.245601542294,6801.047619047619
1781169847,85,GET,/product/0PUK6V6EV0,0.300000,0.000000,8,8,9,9,9,9,9,9,9,9,9,3,0,8.284306153655052,8.382691070437431,8.284306153655052,8.548848330974579,7990.666666666667
1781169847,85,GET,/product/1YMWWN1N4O,0.300000,0.000000,74,74,82,82,100,100,100,100,100,100,100,6,0,52,54.00962599863609,7.31238629668951,101.26564465463161,7979.0
1781169847,85,GET,/product/2ZYFJ3GM2N,0.400000,0.000000,9,9,11,11,11,11,11,11,11,11,11,4,0,9,9.541661944240332,8.539409376680851,11.362146586179733,7969.5
1781169847,85,GET,/product/66VCHSJNUP,0.800000,0.000000,11,11,13,13,46,46,46,46,46,46,46,11,0,13,38.399239832704716,8.470076136291027,102.9035821557045,7943.090909090909
1781169847,85,GET,/product/6E92ZMYYFZ,0.700000,0.000000,13,13,14,14,45,45,45,45,45,45,45,12,0,10,24.464651398981612,7.790680043399334,95.08149605244398,7924.166666666667
1781169847,85,GET,/product/9SIQT8TOJO,0.100000,0.000000,83,83,83,83,83,83,83,83,83,83,83,4,0,11,39.34130887500942,8.448690176010132,82.98254292458296,7998.0
1781169847,85,GET,/product/L9ECAV7KIM,0.300000,0.000000,9,9,75,75,75,75,75,75,75,75,75,5,0,10,22.9594549164176,9.227690286934376,75.49753785133362,7952.4
1781169847,85,GET,/product/LS4PSXUNUM,0.400000,0.000000,9,9,10,10,78,78,78,78,78,78,78,8,0,8,17.025810084305704,6.878755055367947,77.95369811356068,7948.5
1781169847,85,GET,/product/OLJCESPC7Z,0.700000,0.000000,9,9,9,9,98,98,98,98,98,98,98,8,0,9,19.972131703980267,7.191595621407032,97.81987220048904,7987.125
1781169847,85,,Aggregated,32.500000,0.000000,16,37,53,65,78,90,120,160,170,170,170,490,0,16,47.21065575675089,6.878755055367947,1116.8024959042668,10357.744897959185
1781169848,90,GET,/,27.100000,0.000000,19,34,53,63,76,83,130,160,170,170,170,418,0,18,46.860174331635804,7.437263615429401,1116.8024959042668,10507.303827751197
1781169848,90,POST,/cart,1.500000,0.000000,25,39,43,53,77,92,97,97,97,97,97,30,0,21,33.17940610771378,10.287284851074219,97.12540917098522,16780.4
1781169848,90,POST,/cart/checkout,1.400000,0.000000,27,45,50,55,75,96,96,96,96,96,96,21,0,26,84.05380931106352,11.131322011351585,998.245601542294,6801.047619047619
1781169848,90,GET,/product/0PUK6V6EV0,0.300000,0.000000,9,9,46,46,46,46,46,46,46,46,46,4,0,8.284306153655052,17.873736564069986,8.284306153655052,46.34687304496765,7981.5
1781169848,90,GET,/product/1YMWWN1N4O,0.300000,0.000000,52,74,82,82,100,100,100,100,100,100,100,7,0,52,49.131391170833794,7.31238629668951,101.26564465463161,7994.428571428572
1781169848,90,GET,/product/2ZYFJ3GM2N,0.300000,0.000000,9,9,11,11,11,11,11,11,11,11,11,4,0,9,9.541661944240332,8.539409376680851,11.362146586179733,7969.5
1781169848,90,GET,/product/66VCHSJNUP,0.800000,0.000000,13,13,46,46,48,48,48,48,48,48,48,12,0,13,39.18875280457238,8.470076136291027,102.9035821557045,7946.166666666667
1781169848,90,GET,/product/6E92ZMYYFZ,0.700000,0.000000,13,14,45,45,45,45,45,45,45,45,45,13,0,13,26.08241871572458,7.790680043399334,95.08149605244398,7924.2307692307695
1781169848,90,GET,/product/9SIQT8TOJO,0.100000,0.000000,50,50,83,83,83,83,83,83,83,83,83,5,0,50,41.45956467837095,8.448690176010132,82.98254292458296,7995.6
1781169848,90,GET,/product/L9ECAV7KIM,0.300000,0.000000,9,9,75,75,75,75,75,75,75,75,75,5,0,10,22.9594549164176,9.227690286934376,75.49753785133362,7952.4
1781169848,90,GET,/product/LS4PSXUNUM,0.600000,0.000000,9,9,10,47,78,78,78,78,78,78,78,9,0,9,20.304261706769466,6.878755055367947,77.95369811356068,7948.555555555556
1781169848,90,GET,/product/OLJCESPC7Z,0.600000,0.000000,9,9,9,9,98,98,98,98,98,98,98,8,0,9,19.972131703980267,7.191595621407032,97.81987220048904,7987.125
1781169848,90,,Aggregated,34.000000,0.000000,18,35,50,62,77,86,120,160,170,170,170,536,0,17,45.29028612974364,6.878755055367947,1116.8024959042668,10394.766791044776
1781169849,95,GET,/,30.000000,0.000000,18,38,52,63,76,84,130,160,170,170,170,459,0,17,44.774194436719995,7.437263615429401,1116.8024959042668,10508.694989106754
1781169849,95,POST,/cart,2.100000,0.000000,25,42,53,67,82,92,97,97,97,97,97,33,0,23,33.736860661795646,10.287284851074219,97.12540917098522,16793.484848484848
1781169849,95,POST,/cart/checkout,1.500000,0.000000,27,45,55,55,75,96,96,96,96,96,96,24,0,23,76.9927348010242,11.131322011351585,998.245601542294,6800.958333333333
1781169849,95,GET,/product/0PUK6V6EV0,0.300000,0.000000,9,43,43,46,46,46,46,46,46,46,46,5,0,9,22.81040381640196,8.284306153655052,46.34687304496765,7972.4
1781169849,95,GET,/product/1YMWWN1N4O,0.500000,0.000000,74,74,82,82,100,100,100,100,100,100,100,7,0,52,49.131391170833794,7.31238629668951,101.26564465463161,7994.428571428572
1781169849,95,GET,/product/2ZYFJ3GM2N,0.200000,0.000000,11,11,41,41,41,41,41,41,41,41,41,5,0,10,15.911545418202877,8.539409376680851,41.39107931405306,7990.6
1781169849,95,GET,/product/66VCHSJNUP,0.700000,0.000000,13,46,48,48,82,82,82,82,82,82,82,14,0,13,40.14008272705333,8.470076136291027,102.9035821557045,7948.785714285715
1781169849,95,GET,/product/6E92ZMYYFZ,0.500000,0.000000,14,14,45,45,45,45,45,45,45,45,45,13,0,13,26.08241871572458,7.790680043399334,95.08149605244398,7924.2307692307695
1781169849,95,GET,/product/9SIQT8TOJO,0.200000,0.000000,50,50,83,83,83,83,83,83,83,83,83,6,0,20,37.89385765170058,8.448690176010132,82.98254292458296,7994.0
1781169849,95,GET,/product/L9ECAV7KIM,0.300000,0.000000,44,44,75,75,75,75,75,75,75,75,75,6,0,10,26.489995419979095,9.227690286934376,75.49753785133362,7964.833333333333
1781169849,95,GET,/product/LS4PSXUNUM,0.800000,0.000000,9,9,10,47,78,78,78,78,78,78,78,9,0,9,20.304261706769466,6.878755055367947,77.95369811356068,7948.555555555556
1781169849,95,GET,/product/OLJCESPC7Z,0.600000,0.000000,9,9,46,46,98,98,98,98,98,98,98,9,0,9,22.810758505430485,7.191595621407032,97.81987220048904,7996.555555555556
1781169849,95,,Aggregated,37.700000,0.000000,18,40,51,62,77,84,100,150,170,170,170,590,0,17,43.602368931712235,6.878755055367947,1116.8024959042668,10390.22372881356
1781169850,100,GET,/,30.000000,0.000000,22,42,53,64,80,94,130,160,170,170,170,493,0,18,45.49450687610716,7.437263615429401,1116.8024959042668,10508.748478701826
1781169850,100,POST,/cart,2.100000,0.000000,25,39,53,67,82,92,97,97,97,97,97,35,0,23,33.04562472871372,10.287284851074219,97.12540917098522,16773.514285714286
1781169850,100,POST,/cart/checkout,1.500000,0.000000,16,45,55,59,75,96,96,96,96,96,96,24,0,23,76.9927348010242,11.131322011351585,998.245601542294,6800.958333333333
1781169850,100,GET,/product/0PUK6V6EV0,0.300000,0.000000,9,43,43,46,46,46,46,46,46,46,46,5,0,9,22.81040381640196,8.284306153655052,46.34687304496765,7972.4
1781169850,100,GET,/product/1YMWWN1N4O,0.500000,0.000000,47,74,82,82,100,100,100,100,100,100,100,8,0,47,48.90865576453507,7.31238629668951,101.26564465463161,7996.875
1781169850,100,GET,/product/2ZYFJ3GM2N,0.200000,0.000000,41,41,48,48,48,48,48,48,48,48,48,6,0,10,21.24924523135026,8.539409376680851,47.93774429708719,7989.833333333333
1781169850,100,GET,/product/66VCHSJNUP,0.700000,0.000000,13,46,48,48,82,82,82,82,82,82,82,14,0,13,40.14008272705333,8.470076136291027,102.9035821557045,7948.785714285715
1781169850,100,GET,/product/6E92ZMYYFZ,0.500000,0.000000,13,13,45,45,45,45,45,45,45,45,45,13,0,13,26.08241871572458,7.790680043399334,95.08149605244398,7924.2307692307695
1781169850,100,GET,/product/9SIQT8TOJO,0.200000,0.000000,20,50,50,83,83,83,83,83,83,83,83,7,0,20,33.575136081448626,7.662806659936905,82.98254292458296,7988.857142857143
1781169850,100,GET,/product/L9ECAV7KIM,0.300000,0.000000,9,44,44,75,75,75,75,75,75,75,75,7,0,10,23.87174844209637,8.162266574800014,75.49753785133362,7961.857142857143
1781169850,100,GET,/product/LS4PSXUNUM,0.800000,0.000000,9,9,10,47,78,78,78,78,78,78,78,9,0,9,20.304261706769466,6.878755055367947,77.95369811356068,7948.555555555556
1781169850,100,GET,/product/OLJCESPC7Z,0.600000,0.000000,31,41,46,46,98,98,98,98,98,98,98,11,0,9,25.26428863744844,7.191595621407032,97.81987220048904,7995.181818181818
1781169850,100,,Aggregated,37.700000,0.000000,22,44,53,63,80,94,120,150,170,170,170,632,0,18,44.03455292841396,6.878755055367947,1116.8024959042668,10392.914556962025
1781169851,100,GET,/,34.000000,0.000000,30,51,63,73,92,150,240,300,360,360,360,545,0,22,49.470426063608684,7.437263615429401,1116.8024959042668,10509.45137614679
1781169851,100,POST,/cart,2.400000,0.000000,25,42,67,77,97,180,200,200,200,200,200,40,0,25,41.019368707202375,10.287284851074219,203.86749133467674,16770.125
1781169851,100,POST,/cart/checkout,1.500000,0.000000,42,50,59,59,82,96,96,96,96,96,96,25,0,26,77.1745901927352,11.131322011351585,998.245601542294,6801.28
1781169851,100,GET,/product/0PUK6V6EV0,0.500000,0.000000,9,43,43,46,46,46,46,46,46,46,46,5,0,9,22.81040381640196,8.284306153655052,46.34687304496765,7972.4
1781169851,100,GET,/product/1YMWWN1N4O,0.600000,0.000000,47,74,82,82,100,100,100,100,100,100,100,9,0,47,44.47453510430124,7.31238629668951,101.26564465463161,7992.333333333333
1781169851,100,GET,/product/2ZYFJ3GM2N,0.300000,0.000000,11,41,41,48,48,48,48,48,48,48,48,7,0,10,19.35946156403848,8.02075956016779,47.93774429708719,7987.285714285715
1781169851,100,GET,/product/66VCHSJNUP,0.700000,0.000000,46,46,48,48,82,82,82,82,82,82,82,14,0,13,40.14008272705333,8.470076136291027,102.9035821557045,7948.785714285715
1781169851,100,GET,/product/6E92ZMYYFZ,0.700000,0.000000,13,13,45,45,45,45,45,45,45,45,45,13,0,13,26.08241871572458,7.790680043399334,95.08149605244398,7924.2307692307695
1781169851,100,GET,/product/9SIQT8TOJO,0.300000,0.000000,50,50,83,83,83,83,83,83,83,83,83,7,0,20,33.575136081448626,7.662806659936905,82.98254292458296,7988.857142857143
1781169851,100,GET,/product/L9ECAV7KIM,0.400000,0.000000,38,44,44,75,75,75,75,75,75,75,75,8,0,10,25.64139012247324,8.162266574800014,75.49753785133362,7966.5
1781169851,100,GET,/product/LS4PSXUNUM,0.800000,0.000000,9,10,47,47,78,78,78,78,78,78,78,9,0,9,20.304261706769466,6.878755055367947,77.95369811356068,7948.555555555556
1781169851,100,GET,/product/OLJCESPC7Z,0.700000,0.000000,31,41,46,46,98,98,98,98,98,98,98,12,0,9,23.89024741326769,7.191595621407032,97.81987220048904,7999.416666666667
1781169851,100,,Aggregated,42.900000,0.000000,29,49,61,73,89,130,200,250,360,360,360,694,0,21,47.53886422636229,6.878755055367947,1116.8024959042668,10428.92507204611
1781169852,100,GET,/,35.100000,0.000000,31,53,66,75,92,120,210,300,360,360,360,593,0,24,50.43477417891735,7.437263615429401,1116.8024959042668,10510.406408094435
1781169852,100,POST,/cart,2.500000,0.000000,32,53,77,82,97,180,200,200,200,200,200,44,0,25,43.09213902293281,10.287284851074219,203.86749133467674,16773.090909090908
1781169852,100,POST,/cart/checkout,1.500000,0.000000,45,59,68,75,82,84,84,84,84,84,84,28,0,26,74.70408062051449,10.415147989988327,998.245601542294,6802.357142857143
1781169852,100,GET,/product/0PUK6V6EV0,0.400000,0.000000,43,43,46,46,46,46,46,46,46,46,46,5,0,9,22.81040381640196,8.284306153655052,46.34687304496765,7972.4
1781169852,100,GET,/product/1YMWWN1N4O,0.700000,0.000000,44,47,82,99,100,100,100,100,100,100,100,11,0,47,49.39502155916257,7.31238629668951,101.26564465463161,7992.818181818182
1781169852,100,GET,/product/2ZYFJ3GM2N,0.400000,0.000000,41,41,48,48,78,78,78,78,78,78,78,8,0,10,26.690373779274523,8.02075956016779,78.00675928592682,7989.375
1781169852,100,GET,/product/66VCHSJNUP,0.700000,0.000000,48,51,82,82,90,90,90,90,90,90,90,16,0,46,43.94849523669109,8.470076136291027,102.9035821557045,7951.0
1781169852,100,GET,/product/6E92ZMYYFZ,0.600000,0.000000,8,8,45,45,45,45,45,45,45,45,45,13,0,13,26.08241871572458,7.790680043399334,95.08149605244398,7924.2307692307695
1781169852,100,GET,/product/9SIQT8TOJO,0.400000,0.000000,50,50,83,83,83,83,83,83,83,83,83,7,0,20,33.575136081448626,7.662806659936905,82.98254292458296,7988.857142857143
1781169852,100,GET,/product/L9ECAV7KIM,0.500000,0.000000,38,44,44,75,75,75,75,75,75,75,75,8,0,10,25.64139012247324,8.162266574800014,75.49753785133362,7966.5
1781169852,100,GET,/product/LS4PSXUNUM,0.800000,0.000000,9,10,47,78,100,100,100,100,100,100,100,10,0,9,28.22471735998988,6.878755055367947,99.50881823897362,7947.2
1781169852,100,GET,/product/OLJCESPC7Z,0.800000,0.000000,41,46,53,53,98,98,98,98,98,98,98,13,0,9,26.104024754693874,7.191595621407032,97.81987220048904,8006.2307692307695
1781169852,100,,Aggregated,44.400000,0.000000,31,51,66,75,91,110,190,250,360,360,360,756,0,24,48.770520694445445,6.878755055367947,1116.8024959042668,10431.599206349207
1781169853,100,GET,/,36.800000,0.000000,33,53,67,76,95,120,210,300,360,360,360,630,0,25,50.31005414202809,7.437263615429401,1116.8024959042668,10511.149206349206
1781169853,100,POST,/cart,2.900000,0.000000,32,67,76,82,92,180,200,200,200,200,200,47,0,25,43.64652075666062,10.287284851074219,203.86749133467674,16752.31914893617
1781169853,100,POST,/cart/checkout,1.600000,0.000000,15,45,59,68,82,84,84,84,84,84,84,30,0,26,71.34378552436829,10.415147989988327,998.245601542294,6802.7
1781169853,100,GET,/product/0PUK6V6EV0,0.400000,0.000000,43,43,46,46,46,46,46,46,46,46,46,5,0,9,22.81040381640196,8.284306153655052,46.34687304496765,7972.4
1781169853,100,GET,/product/1YMWWN1N4O,0.800000,0.000000,44,47,82,99,100,100,100,100,100,100,100,11,0,47,49.39502155916257,7.31238629668951,101.26564465463161,7992.818181818182
1781169853,100,GET,/product/2ZYFJ3GM2N,0.500000,0.000000,41,41,48,48,78,78,78,78,78,78,78,8,0,10,26.690373779274523,8.02075956016779,78.00675928592682,7989.375
1781169853,100,GET,/product/66VCHSJNUP,0.600000,0.000000,48,51,82,82,90,90,90,90,90,90,90,17,0,46,41.857028270468994,8.39355681091547,102.9035821557045,7951.411764705882
1781169853,100,GET,/product/6E92ZMYYFZ,0.400000,0.000000,8,8,45,45,45,45,45,45,45,45,45,14,0,10,24.80978179456932,7.790680043399334,95.08149605244398,7925.428571428572
1781169853,100,GET,/product/9SIQT8TOJO,0.400000,0.000000,44,50,50,83,83,83,83,83,83,83,83,8,0,20,34.88424699753523,7.662806659936905,82.98254292458296,8001.625
1781169853,100,GET,/product/L9ECAV7KIM,0.500000,0.000000,38,38,44,44,75,75,75,75,75,75,75,9,0,10,23.739767260849476,8.162266574800014,75.49753785133362,7971.222222222223
1781169853,100,GET,/product/LS4PSXUNUM,0.800000,0.000000,10,13,47,78,100,100,100,100,100,100,100,11,0,9,26.832676577297125,6.878755055367947,99.50881823897362,7944.818181818182
1781169853,100,GET,/product/OLJCESPC7Z,0.800000,0.000000,41,46,53,53,98,98,98,98,98,98,98,13,0,9,26.104024754693874,7.191595621407032,97.81987220048904,8006.2307692307695
1781169853,100,,Aggregated,46.500000,0.000000,33,51,67,76,93,120,190,250,360,360,360,803,0,25,48.498262102677394,6.878755055367947,1116.8024959042668,10434.022415940224
1781169854,100,GET,/,38.200000,0.000000,34,52,63,73,94,120,210,300,360,360,360,673,0,26,49.30491174500641,7.437263615429401,1116.8024959042668,10511.563150074295
1781169854,100,POST,/cart,3.100000,0.000000,36,53,76,82,92,180,200,200,200,200,200,52,0,29,43.54114207224204,10.287284851074219,203.86749133467674,16833.48076923077
1781169854,100,POST,/cart/checkout,1.900000,0.000000,36,58,59,68,82,84,84,84,84,84,84,32,0,26,69.41079706302844,10.415147989988327,998.245601542294,6803.0625
1781169854,100,GET,/product/0PUK6V6EV0,0.400000,0.000000,43,43,46,46,46,46,46,46,46,46,46,5,0,9,22.81040381640196,8.284306153655052,46.34687304496765,7972.4
1781169854,100,GET,/product/1YMWWN1N4O,0.900000,0.000000,47,59,82,99,100,100,100,100,100,100,100,12,0,47,50.221811359127365,7.31238629668951,101.26564465463161,7992.75
1781169854,100,GET,/product/2ZYFJ3GM2N,0.600000,0.000000,41,44,48,48,78,78,78,78,78,78,78,9,0,11,28.564110087851684,8.02075956016779,78.00675928592682,7991.444444444444
1781169854,100,GET,/product/66VCHSJNUP,0.700000,0.000000,51,51,82,82,90,90,90,90,90,90,90,18,0,46,42.34581699387895,8.39355681091547,102.9035821557045,7952.0
1781169854,100,GET,/product/6E92ZMYYFZ,0.300000,0.000000,8,45,45,65,65,65,65,65,65,65,65,15,0,13,27.479509947200615,7.790680043399334,95.08149605244398,7925.133333333333
1781169854,100,GET,/product/9SIQT8TOJO,0.400000,0.000000,44,50,50,83,83,83,83,83,83,83,83,8,0,20,34.88424699753523,7.662806659936905,82.98254292458296,8001.625
1781169854,100,GET,/product/L9ECAV7KIM,0.500000,0.000000,44,44,75,75,91,91,91,91,91,91,91,10,0,10,30.5125062353909,8.162266574800014,91.46715700626373,7980.4
1781169854,100,GET,/product/LS4PSXUNUM,0.900000,0.000000,47,49,78,94,100,100,100,100,100,100,100,14,0,10,34.09879521599838,6.878755055367947,99.50881823897362,7959.142857142857
1781169854,100,GET,/product/OLJCESPC7Z,0.800000,0.000000,46,48,53,53,98,98,98,98,98,98,98,14,0,9,27.678680805755512,7.191595621407032,97.81987220048904,8005.428571428572
1781169854,100,,Aggregated,48.700000,0.000000,36,52,65,73,93,120,190,250,360,360,360,862,0,26,47.870977148586526,6.878755055367947,1116.8024959042668,10445.885150812064
1781169855,100,GET,/,39.200000,0.000000,35,53,63,73,94,120,210,300,360,360,360,714,0,26,48.292817310521414,7.437263615429401,1116.8024959042668,10512.586834733893
1781169855,100,POST,/cart,3.300000,0.000000,38,66,76,82,92,180,200,200,200,200,200,55,0,32,43.560620651326396,10.287284851074219,203.86749133467674,16838.545454545456
1781169855,100,POST,/cart/checkout,1.500000,0.000000,36,58,59,68,82,84,84,84,84,84,84,33,0,27,68.85070367857362,10.415147989988327,998.245601542294,6802.878787878788
1781169855,100,GET,/product/0PUK6V6EV0,0.400000,0.000000,43,43,46,46,46,46,46,46,46,46,46,6,0,9,22.101853974163532,8.284306153655052,46.34687304496765,7965.0
1781169855,100,GET,/product/1YMWWN1N4O,0.900000,0.000000,59,82,99,99,100,100,100,100,100,100,100,12,0,47,50.221811359127365,7.31238629668951,101.26564465463161,7992.75
1781169855,100,GET,/product/2ZYFJ3GM2N,0.600000,0.000000,41,44,48,48,78,78,78,78,78,78,78,9,0,11,28.564110087851684,8.02075956016779,78.00675928592682,7991.444444444444
1781169855,100,GET,/product/66VCHSJNUP,0.900000,0.000000,51,51,82,82,90,90,90,90,90,90,90,18,0,46,42.34581699387895,8.39355681091547,102.9035821557045,7952.0
1781169855,100,GET,/product/6E92ZMYYFZ,0.400000,0.000000,41,45,45,65,65,65,65,65,65,65,65,16,0,13,28.318041295278817,7.790680043399334,95.08149605244398,7931.9375
1781169855,100,GET,/product/9SIQT8TOJO,0.500000,0.000000,44,50,50,83,83,83,83,83,83,83,83,8,0,20,34.88424699753523,7.662806659936905,82.98254292458296,8001.625
1781169855,100,GET,/product/L9ECAV7KIM,0.600000,0.000000,38,44,75,75,91,91,91,91,91,91,91,11,0,10,28.430562720380046,7.611127570271492,91.46715700626373,7976.909090909091
1781169855,100,GET,/product/LS4PSXUNUM,1.000000,0.000000,49,49,52,94,100,100,100,100,100,100,100,16,0,13,36.13029862754047,6.878755055367947,99.50881823897362,7968.75
1781169855,100,GET,/product/OLJCESPC7Z,0.800000,0.000000,46,48,53,53,98,98,98,98,98,98,98,15,0,12,27.743185373644035,7.191595621407032,97.81987220048904,8003.8
1781169855,100,,Aggregated,50.100000,0.000000,37,52,65,73,93,120,190,250,360,360,360,913,0,26,47.03470411723702,6.878755055367947,1116.8024959042668,10450.811610076671
1781169856,100,GET,/,40.700000,0.000000,33,50,59,68,94,120,210,300,360,360,360,758,0,26,47.588740930079155,7.437263615429401,1116.8024959042668,10513.441952506597
1781169856,100,POST,/cart,3.500000,0.000000,36,55,68,76,84,180,200,200,200,200,200,59,0,29,42.16976197026039,10.287284851074219,203.86749133467674,16860.98305084746
1781169856,100,POST,/cart/checkout,1.500000,0.000000,28,51,59,59,82,84,84,84,84,84,84,36,0,26,65.18777873780992,10.415147989988327,998.245601542294,6804.944444444444
1781169856,100,GET,/product/0PUK6V6EV0,0.400000,0.000000,46,46,89,89,89,89,89,89,89,89,89,7,0,19,31.645009427198342,8.284306153655052,88.9039421454072,7962.571428571428
1781169856,100,GET,/product/1YMWWN1N4O,0.900000,0.000000,47,47,59,59,99,99,99,99,99,99,99,12,0,47,50.221811359127365,7.31238629668951,101.26564465463161,7992.75
1781169856,100,GET,/product/2ZYFJ3GM2N,0.700000,0.000000,48,48,78,78,91,91,91,91,91,91,91,10,0,11,34.80688836425543,8.02075956016779,90.99189285188913,7987.5
1781169856,100,GET,/product/66VCHSJNUP,0.800000,0.000000,51,51,82,82,90,90,90,90,90,90,90,18,0,46,42.34581699387895,8.39355681091547,102.9035821557045,7952.0
1781169856,100,GET,/product/6E92ZMYYFZ,0.500000,0.000000,41,45,45,65,65,65,65,65,65,65,65,16,0,13,28.318041295278817,7.790680043399334,95.08149605244398,7931.9375
1781169856,100,GET,/product/9SIQT8TOJO,0.500000,0.000000,44,50,86,86,90,90,90,90,90,90,90,11,0,44,42.31153293089433,7.662806659936905,90.38895834237337,7995.363636363636
1781169856,100,GET,/product/L9ECAV7KIM,0.600000,0.000000,38,44,65,65,91,91,91,91,91,91,91,12,0,10,31.463115476071835,7.611127570271492,91.46715700626373,7976.166666666667
1781169856,100,GET,/product/LS4PSXUNUM,1.300000,0.000000,49,52,94,94,100,100,100,100,100,100,100,16,0,13,36.13029862754047,6.878755055367947,99.50881823897362,7968.75
1781169856,100,GET,/product/OLJCESPC7Z,0.800000,0.000000,46,48,53,53,98,98,98,98,98,98,98,15,0,12,27.743185373644035,7.191595621407032,97.81987220048904,8003.8
1781169856,100,,Aggregated,52.200000,0.000000,35,50,59,68,91,120,190,250,360,360,360,970,0,26,46.527646881403385,6.878755055367947,1116.8024959042668,10455.420618556702
1781169857,100,GET,/,40.900000,0.000000,34,51,60,70,96,120,210,300,360,360,360,797,0,25,46.569719839341,7.437263615429401,1116.8024959042668,10513.851944792974
1781169857,100,POST,/cart,3.800000,0.000000,42,57,73,76,85,180,200,200,200,200,200,66,0,29,41.95626209856886,10.287284851074219,203.86749133467674,16859.560606060608
1781169857,100,POST,/cart/checkout,1.300000,0.000000,28,51,59,68,82,84,84,84,84,84,84,36,0,26,65.18777873780992,10.415147989988327,998.245601542294,6804.944444444444
1781169857,100,GET,/product/0PUK6V6EV0,0.300000,0.000000,43,43,89,89,89,89,89,89,89,89,89,7,0,19,31.645009427198342,8.284306153655052,88.9039421454072,7962.571428571428
1781169857,100,GET,/product/1YMWWN1N4O,0.900000,0.000000,44,47,59,59,99,99,99,99,99,99,99,13,0,47,47.12039611947078,7.31238629668951,101.26564465463161,7990.2307692307695
1781169857,100,GET,/product/2ZYFJ3GM2N,0.500000,0.000000,44,48,78,78,91,91,91,91,91,91,91,11,0,11,32.33908624811606,7.661065086722374,90.99189285188913,7984.818181818182
1781169857,100,GET,/product/66VCHSJNUP,0.700000,0.000000,51,51,82,82,90,90,90,90,90,90,90,18,0,46,42.34581699387895,8.39355681091547,102.9035821557045,7952.0
1781169857,100,GET,/product/6E92ZMYYFZ,0.500000,0.000000,41,45,52,52,65,65,65,65,65,65,65,18,0,13,28.468377939942812,7.6203495264053345,95.08149605244398,7931.388888888889
1781169857,100,GET,/product/9SIQT8TOJO,0.500000,0.000000,44,86,90,90,93,93,93,93,93,93,93,13,0,44,43.63245753428111,7.662806659936905,93.25369354337454,8000.923076923077
1781169857,100,GET,/product/L9ECAV7KIM,0.700000,0.000000,38,44,65,65,91,91,91,91,91,91,91,12,0,10,31.463115476071835,7.611127570271492,91.46715700626373,7976.166666666667
1781169857,100,GET,/product/LS4PSXUNUM,1.100000,0.000000,49,52,52,94,100,100,100,100,100,100,100,17,0,39,37.06001315046759,6.878755055367947,99.50881823897362,7969.235294117647
1781169857,100,GET,/product/OLJCESPC7Z,0.800000,0.000000,41,46,48,48,53,53,53,53,53,53,53,15,0,12,27.743185373644035,7.191595621407032,97.81987220048904,8003.8
1781169857,100,,Aggregated,52.000000,0.000000,36,51,61,71,92,120,190,250,360,360,360,1023,0,25,45.63768627167564,6.878755055367947,1116.8024959042668,10484.705767350928
1781169858,100,GET,/,42.000000,0.000000,37,54,65,76,97,120,210,300,360,360,360,846,0,26,46.742223890115184,7.437263615429401,1116.8024959042668,10514.674940898345
1781169858,100,POST,/cart,4.000000,0.000000,44,62,73,76,85,180,200,200,200,200,200,68,0,29,41.792279890026236,10.287284851074219,203.86749133467674,16868.441176470587
1781169858,100,POST,/cart/checkout,1.500000,0.000000,36,51,59,68,82,84,84,84,84,84,84,38,0,26,63.13975608760589,10.415147989988327,998.245601542294,6805.078947368421
1781169858,100,GET,/product/0PUK6V6EV0,0.400000,0.000000,43,43,89,89,89,89,89,89,89,89,89,7,0,19,31.645009427198342,8.284306153655052,88.9039421454072,7962.571428571428
1781169858,100,GET,/product/1YMWWN1N4O,0.800000,0.000000,47,54,59,59,99,99,99,99,99,99,99,15,0,47,45.00937300423781,7.31238629668951,101.26564465463161,7991.733333333334
1781169858,100,GET,/product/2ZYFJ3GM2N,0.600000,0.000000,48,48,78,78,91,91,91,91,91,91,91,11,0,11,32.33908624811606,7.661065086722374,90.99189285188913,7984.818181818182
1781169858,100,GET,/product/66VCHSJNUP,0.700000,0.000000,51,82,82,90,90,90,90,90,90,90,90,18,0,46,42.34581699387895,8.39355681091547,102.9035821557045,7952.0
1781169858,100,GET,/product/6E92ZMYYFZ,0.500000,0.000000,41,45,52,52,65,65,65,65,65,65,65,19,0,13,27.41476525797656,7.6203495264053345,95.08149605244398,7930.631578947368
1781169858,100,GET,/product/9SIQT8TOJO,0.700000,0.000000,48,48,86,90,93,93,93,93,93,93,93,15,0,48,44.22097752491633,7.662806659936905,93.25369354337454,8006.6
1781169858,100,GET,/product/L9ECAV7KIM,0.700000,0.000000,38,38,65,65,91,91,91,91,91,91,91,12,0,10,31.463115476071835,7.611127570271492,91.46715700626373,7976.166666666667
1781169858,100,GET,/product/LS4PSXUNUM,1.000000,0.000000,49,52,52,52,94,100,100,100,100,100,100,19,0,39,35.89833611132283,6.878755055367947,99.50881823897362,7970.631578947368
1781169858,100,GET,/product/OLJCESPC7Z,0.800000,0.000000,41,41,48,48,53,53,53,53,53,53,53,15,0,12,27.743185373644035,7.191595621407032,97.81987220048904,8003.8
1781169858,100,,Aggregated,53.700000,0.000000,39,54,65,76,94,120,190,250,360,360,360,1083,0,26,45.66914704133819,6.878755055367947,1116.8024959042668,10476.120960295475
1781169859,100,GET,/,42.000000,0.000000,37,54,64,75,95,120,210,300,360,360,360,846,0,26,46.742223890115184,7.437263615429401,1116.8024959042668,10514.674940898345
1781169859,100,POST,/cart,4.000000,0.000000,44,62,68,76,85,180,200,200,200,200,200,68,0,29,41.792279890026236,10.287284851074219,203.86749133467674,16868.441176470587
1781169859,100,POST,/cart/checkout,1.500000,0.000000,36,51,58,68,82,84,84,84,84,84,84,38,0,26,63.13975608760589,10.415147989988327,998.245601542294,6805.078947368421
1781169859,100,GET,/product/0PUK6V6EV0,0.400000,0.000000,43,43,89,89,89,89,89,89,89,89,89,7,0,19,31.645009427198342,8.284306153655052,88.9039421454072,7962.571428571428
1781169859,100,GET,/product/1YMWWN1N4O,0.800000,0.000000,44,54,59,59,99,99,99,99,99,99,99,15,0,47,45.00937300423781,7.31238629668951,101.26564465463161,7991.733333333334
1781169859,100,GET,/product/2ZYFJ3GM2N,0.600000,0.000000,44,78,78,91,91,91,91,91,91,91,91,11,0,11,32.33908624811606,7.661065086722374,90.99189285188913,7984.818181818182
1781169859,100,GET,/product/66VCHSJNUP,0.700000,0.000000,51,82,82,90,90,90,90,90,90,90,90,18,0,46,42.34581699387895,8.39355681091547,102.9035821557045,7952.0
1781169859,100,GET,/product/6E92ZMYYFZ,0.500000,0.000000,41,41,52,52,65,65,65,65,65,65,65,19,0,13,27.41476525797656,7.6203495264053345,95.08149605244398,7930.631578947368
1781169859,100,GET,/product/9SIQT8TOJO,0.700000,0.000000,48,48,86,90,93,93,93,93,93,93,93,15,0,48,44.22097752491633,7.662806659936905,93.25369354337454,8006.6
1781169859,100,GET,/product/L9ECAV7KIM,0.700000,0.000000,38,65,65,91,91,91,91,91,91,91,91,12,0,10,31.463115476071835,7.611127570271492,91.46715700626373,7976.166666666667
1781169859,100,GET,/product/LS4PSXUNUM,1.000000,0.000000,49,52,52,94,100,100,100,100,100,100,100,19,0,39,35.89833611132283,6.878755055367947,99.50881823897362,7970.631578947368
1781169859,100,GET,/product/OLJCESPC7Z,0.800000,0.000000,48,48,53,53,53,53,53,53,53,53,53,15,0,12,27.743185373644035,7.191595621407032,97.81987220048904,8003.8
1781169859,100,,Aggregated,53.700000,0.000000,39,54,65,75,92,110,190,250,360,360,360,1083,0,26,45.66914704133819,6.878755055367947,1116.8024959042668,10476.120960295475
1781169860,100,GET,/,41.400000,0.000000,43,60,79,91,560,880,1100,1200,1200,1200,1200,887,0,29,82.12335076258678,7.437263615429401,1180.468481965363,10515.355129650507
1781169860,100,POST,/cart,3.900000,0.000000,46,62,68,73,84,85,89,89,89,89,89,68,0,29,41.792279890026236,10.287284851074219,203.86749133467674,16868.441176470587
1781169860,100,POST,/cart/checkout,1.500000,0.000000,36,51,58,68,84,600,600,600,600,600,600,39,0,27,76.80894611164545,10.415147989988327,998.245601542294,6804.615384615385
1781169860,100,GET,/product/0PUK6V6EV0,0.400000,0.000000,43,43,89,89,89,89,89,89,89,89,89,7,0,19,31.645009427198342,8.284306153655052,88.9039421454072,7962.571428571428
1781169860,100,GET,/product/1YMWWN1N4O,0.700000,0.000000,54,54,59,59,99,99,99,99,99,99,99,15,0,47,45.00937300423781,7.31238629668951,101.26564465463161,7991.733333333334
1781169860,100,GET,/product/2ZYFJ3GM2N,0.700000,0.000000,78,78,91,91,91,91,91,91,91,91,91,11,0,11,32.33908624811606,7.661065086722374,90.99189285188913,7984.818181818182
1781169860,100,GET,/product/66VCHSJNUP,0.700000,0.000000,51,51,90,90,90,90,90,90,90,90,90,18,0,46,42.34581699387895,8.39355681091547,102.9035821557045,7952.0
1781169860,100,GET,/product/6E92ZMYYFZ,0.600000,0.000000,41,41,52,52,65,65,65,65,65,65,65,19,0,13,27.41476525797656,7.6203495264053345,95.08149605244398,7930.631578947368
1781169860,100,GET,/product/9SIQT8TOJO,0.800000,0.000000,48,86,90,90,93,93,93,93,93,93,93,15,0,48,44.22097752491633,7.662806659936905,93.25369354337454,8006.6
1781169860,100,GET,/product/L9ECAV7KIM,0.700000,0.000000,38,65,65,91,91,91,91,91,91,91,91,12,0,10,31.463115476071835,7.611127570271492,91.46715700626373,7976.166666666667
1781169860,100,GET,/product/LS4PSXUNUM,0.800000,0.000000,49,52,52,94,100,100,100,100,100,100,100,19,0,39,35.89833611132283,6.878755055367947,99.50881823897362,7970.631578947368
1781169860,100,GET,/product/OLJCESPC7Z,0.700000,0.000000,48,48,53,53,53,53,53,53,53,53,53,15,0,12,27.743185373644035,7.191595621407032,97.81987220048904,8003.8
1781169860,100,,Aggregated,52.900000,0.000000,44,59,76,85,120,850,1100,1100,1200,1200,1200,1125,0,29,74.09370233615239,6.878755055367947,1180.468481965363,10474.783111111112
1781169861,100,GET,/,38.900000,0.000000,47,75,120,460,880,1100,1200,1300,1400,1400,1400,944,0,31,115.32953836347403,7.437263615429401,1369.0284499898553,10516.63029661017
1781169861,100,POST,/cart,3.600000,0.000000,53,66,84,140,1400,1600,1800,1800,1800,1800,1800,77,0,36,145.9936604581096,10.287284851074219,1780.9522980824113,16857.376623376622
1781169861,100,POST,/cart/checkout,1.500000,0.000000,41,58,600,810,810,1500,1500,1500,1500,1500,1500,43,0,36,145.7852616386358,10.415147989988327,1532.9793421551585,6804.441860465116
1781169861,100,GET,/product/0PUK6V6EV0,0.200000,0.000000,200,200,760,760,760,760,760,760,760,760,760,11,0,46,191.49152282625437,8.284306153655052,764.5974326878786,7994.909090909091
1781169861,100,GET,/product/1YMWWN1N4O,0.800000,0.000000,59,99,800,800,850,850,850,850,850,850,850,17,0,52,136.96191783117897,7.31238629668951,848.6714791506529,7990.588235294118
1781169861,100,GET,/product/2ZYFJ3GM2N,0.600000,0.000000,98,150,150,760,840,840,840,840,840,840,840,17,0,48,141.30295144722743,7.661065086722374,835.1049413904548,7996.705882352941
1781169861,100,GET,/product/66VCHSJNUP,0.500000,0.000000,51,51,51,51,51,51,51,51,51,51,51,18,0,46,42.34581699387895,8.39355681091547,102.9035821557045,7952.0
1781169861,100,GET,/product/6E92ZMYYFZ,0.600000,0.000000,41,52,65,65,160,160,160,160,160,160,160,21,0,13,32.745923226078354,7.6203495264053345,158.75378157943487,7935.380952380952
1781169861,100,GET,/product/9SIQT8TOJO,0.900000,0.000000,86,90,93,94,750,750,750,750,750,750,750,17,0,48,88.7748502085314,7.662806659936905,751.5808409079909,8003.941176470588
1781169861,100,GET,/product/L9ECAV7KIM,0.600000,0.000000,65,65,91,91,150,150,150,150,150,150,150,14,0,10,38.296924837465795,6.860677152872086,151.73888485878706,7986.428571428572
1781169861,100,GET,/product/LS4PSXUNUM,1.000000,0.000000,49,49,52,52,94,94,94,94,94,94,94,19,0,39,35.89833611132283,6.878755055367947,99.50881823897362,7970.631578947368
1781169861,100,GET,/product/OLJCESPC7Z,0.600000,0.000000,150,150,150,150,190,190,190,190,190,190,190,18,0,29,50.41474404020442,7.191595621407032,192.85418651998043,8001.722222222223
1781169861,100,,Aggregated,49.800000,0.000000,49,77,120,340,860,1100,1300,1400,1800,1800,1800,1216,0,32,113.73603957518323,6.860677152872086,1780.9522980824113,10469.708059210527
1781169862,100,GET,/,39.400000,0.000000,46,70,150,470,890,1100,1200,1300,1400,1400,1400,972,0,30,112.74503013828134,7.222763262689114,1369.0284499898553,10517.312757201646
1781169862,100,POST,/cart,3.300000,0.000000,38,62,84,140,1400,1600,1800,1800,1800,1800,1800,82,0,29,138.1126530241312,10.287284851074219,1780.9522980824113,16884.036585365855
1781169862,100,POST,/cart/checkout,1.500000,0.000000,51,120,600,810,810,1500,1500,1500,1500,1500,1500,43,0,36,145.7852616386358,10.415147989988327,1532.9793421551585,6804.441860465116
1781169862,100,GET,/product/0PUK6V6EV0,0.200000,0.000000,200,200,760,760,760,760,760,760,760,760,760,11,0,46,191.49152282625437,8.284306153655052,764.5974326878786,7994.909090909091
1781169862,100,GET,/product/1YMWWN1N4O,0.700000,0.000000,54,59,800,800,850,850,850,850,850,850,850,18,0,47,129.75790791420474,7.289739325642586,848.6714791506529,7988.777777777777
1781169862,100,GET,/product/2ZYFJ3GM2N,0.500000,0.000000,91,150,150,150,760,840,840,840,840,840,840,19,0,48,130.6838325077766,7.534809410572052,835.1049413904548,8003.894736842105
1781169862,100,GET,/product/66VCHSJNUP,0.400000,0.000000,72,72,72,72,72,72,72,72,72,72,72,19,0,48,43.890705871346746,8.39355681091547,102.9035821557045,7951.473684210527
1781169862,100,GET,/product/6E92ZMYYFZ,0.600000,0.000000,52,65,70,70,160,160,160,160,160,160,160,22,0,13,34.44033818827434,7.6203495264053345,158.75378157943487,7935.636363636364
1781169862,100,GET,/product/9SIQT8TOJO,0.800000,0.000000,86,90,93,94,750,750,750,750,750,750,750,17,0,48,88.7748502085314,7.662806659936905,751.5808409079909,8003.941176470588
1781169862,100,GET,/product/L9ECAV7KIM,0.500000,0.000000,65,91,91,150,150,150,150,150,150,150,150,14,0,10,38.296924837465795,6.860677152872086,151.73888485878706,7986.428571428572
1781169862,100,GET,/product/LS4PSXUNUM,1.000000,0.000000,49,52,52,52,94,94,94,94,94,94,94,19,0,39,35.89833611132283,6.878755055367947,99.50881823897362,7970.631578947368
1781169862,100,GET,/product/OLJCESPC7Z,0.400000,0.000000,150,150,150,190,190,190,190,190,190,190,190,18,0,29,50.41474404020442,7.191595621407032,192.85418651998043,8001.722222222223
1781169862,100,,Aggregated,49.300000,0.000000,48,72,140,350,860,1100,1300,1400,1800,1800,1800,1254,0,32,111.11139476542886,6.860677152872086,1780.9522980824113,10488.626794258373
1781169863,100,GET,/,39.400000,0.000000,51,82,340,580,910,1100,1200,1300,1400,1400,1400,984,0,31,113.37471548827531,7.222763262689114,1369.0284499898553,10517.541666666666
1781169863,100,POST,/cart,3.300000,0.000000,38,62,85,140,1400,1600,1800,1800,1800,1800,1800,83,0,29,136.58796046602438,10.287284851074219,1780.9522980824113,16878.939759036144
1781169863,100,POST,/cart/checkout,1.500000,0.000000,41,58,600,810,810,1500,1500,1500,1500,1500,1500,44,0,28,142.7322934296998,10.415147989988327,1532.9793421551585,6804.909090909091
1781169863,100,GET,/product/0PUK6V6EV0,0.200000,0.000000,200,200,760,760,760,760,760,760,760,760,760,11,0,46,191.49152282625437,8.284306153655052,764.5974326878786,7994.909090909091
1781169863,100,GET,/product/1YMWWN1N4O,0.700000,0.000000,54,59,800,800,850,850,850,850,850,850,850,19,0,47,123.36330679490378,7.289739325642586,848.6714791506529,7991.421052631579
1781169863,100,GET,/product/2ZYFJ3GM2N,0.500000,0.000000,91,150,150,150,760,840,840,840,840,840,840,19,0,48,130.6838325077766,7.534809410572052,835.1049413904548,8003.894736842105
1781169863,100,GET,/product/66VCHSJNUP,0.400000,0.000000,72,72,72,72,72,72,72,72,72,72,72,19,0,48,43.890705871346746,8.39355681091547,102.9035821557045,7951.473684210527
1781169863,100,GET,/product/6E92ZMYYFZ,0.600000,0.000000,41,52,70,70,160,160,160,160,160,160,160,22,0,13,34.44033818827434,7.6203495264053345,158.75378157943487,7935.636363636364
1781169863,100,GET,/product/9SIQT8TOJO,0.800000,0.000000,86,90,93,94,750,750,750,750,750,750,750,17,0,48,88.7748502085314,7.662806659936905,751.5808409079909,8003.941176470588
1781169863,100,GET,/product/L9ECAV7KIM,0.500000,0.000000,65,65,150,150,150,150,150,150,150,150,150,14,0,10,38.296924837465795,6.860677152872086,151.73888485878706,7986.428571428572
1781169863,100,GET,/product/LS4PSXUNUM,1.000000,0.000000,49,52,52,52,52,52,52,52,52,52,52,19,0,39,35.89833611132283,6.878755055367947,99.50881823897362,7970.631578947368
1781169863,100,GET,/product/OLJCESPC7Z,0.400000,0.000000,150,150,190,190,190,190,190,190,190,190,190,18,0,29,50.41474404020442,7.191595621407032,192.85418651998043,8001.722222222223
1781169863,100,,Aggregated,49.300000,0.000000,52,86,240,540,880,1100,1300,1400,1800,1800,1800,1269,0,32,111.377082820879,6.860677152872086,1780.9522980824113,10488.964539007093
1781169864,100,GET,/,38.000000,0.000000,82,420,650,800,910,1100,1200,1300,1400,1400,1400,1057,0,35,142.22456531928697,7.222763262689114,1369.0284499898553,10519.039735099337
1781169864,100,POST,/cart,3.800000,0.000000,53,85,450,510,1400,1600,1800,1800,1800,1800,1800,86,0,32,146.11915429664214,10.287284851074219,1780.9522980824113,16930.337209302324
1781169864,100,POST,/cart/checkout,1.500000,0.000000,120,280,310,600,810,1500,1500,1500,1500,1500,1500,49,0,42,148.4067223167845,10.415147989988327,1532.9793421551585,6805.2040816326535
1781169864,100,GET,/product/0PUK6V6EV0,0.600000,0.000000,200,200,760,760,760,760,760,760,760,760,760,12,0,46,184.1101183090359,8.284306153655052,764.5974326878786,7997.083333333333
1781169864,100,GET,/product/1YMWWN1N4O,0.800000,0.000000,54,100,190,800,850,850,850,850,850,850,850,21,0,52,125.81783648402919,7.289739325642586,848.6714791506529,7993.428571428572
1781169864,100,GET,/product/2ZYFJ3GM2N,1.100000,0.000000,98,150,150,760,840,840,840,840,840,840,840,19,0,48,130.6838325077766,7.534809410572052,835.1049413904548,8003.894736842105
1781169864,100,GET,/product/66VCHSJNUP,0.400000,0.000000,110,110,320,320,320,320,320,320,320,320,320,21,0,51,60.15370329398485,8.39355681091547,323.3270775526762,7951.238095238095
1781169864,100,GET,/product/6E92ZMYYFZ,0.900000,0.000000,52,70,160,160,330,330,330,330,330,330,330,23,0,14,47.07409728966329,7.6203495264053345,325.0167975202203,7935.086956521739
1781169864,100,GET,/product/9SIQT8TOJO,1.000000,0.000000,86,93,94,94,100,750,750,750,750,750,750,19,0,48,85.3167618869951,7.662806659936905,751.5808409079909,8006.0
1781169864,100,GET,/product/L9ECAV7KIM,0.600000,0.000000,100,100,150,150,150,150,150,150,150,150,150,15,0,11,42.505026857058205,6.860677152872086,151.73888485878706,7982.666666666667
1781169864,100,GET,/product/LS4PSXUNUM,0.900000,0.000000,52,52,100,100,100,100,100,100,100,100,100,21,0,44,42.0622005615206,6.878755055367947,101.4917902648449,7975.523809523809
1781169864,100,GET,/product/OLJCESPC7Z,0.500000,0.000000,130,150,150,150,190,190,190,190,190,190,190,21,0,41,58.72460042259523,7.191595621407032,192.85418651998043,8008.285714285715
1781169864,100,,Aggregated,50.100000,0.000000,85,300,560,750,890,1100,1300,1400,1800,1800,1800,1364,0,36,135.06237515780933,6.860677152872086,1780.9522980824113,10469.931818181818
1781169865,100,GET,/,35.800000,0.000000,220,470,680,820,910,1100,1200,1300,1400,1400,1400,1083,0,36,146.01520048703787,7.222763262689114,1369.0284499898553,10519.298245614034
1781169865,100,POST,/cart,3.600000,0.000000,62,270,450,790,1600,1600,1800,1800,1800,1800,1800,88,0,32,148.54086479383776,10.287284851074219,1780.9522980824113,16951.715909090908
1781169865,100,POST,/cart/checkout,1.500000,0.000000,170,280,600,600,810,1500,1500,1500,1500,1500,1500,51,0,45,147.79547382803526,10.415147989988327,1532.9793421551585,6805.117647058823
1781169865,100,GET,/product/0PUK6V6EV0,0.600000,0.000000,200,200,760,760,760,760,760,760,760,760,760,12,0,46,184.1101183090359,8.284306153655052,764.5974326878786,7997.083333333333
1781169865,100,GET,/product/1YMWWN1N4O,0.800000,0.000000,54,100,190,800,850,850,850,850,850,850,850,21,0,52,125.81783648402919,7.289739325642586,848.6714791506529,7993.428571428572
1781169865,100,GET,/product/2ZYFJ3GM2N,1.100000,0.000000,98,150,150,760,840,840,840,840,840,840,840,19,0,48,130.6838325077766,7.534809410572052,835.1049413904548,8003.894736842105
1781169865,100,GET,/product/66VCHSJNUP,0.200000,0.000000,110,110,110,320,320,320,320,320,320,320,320,22,0,51,62.41473365067081,8.39355681091547,323.3270775526762,7954.136363636364
1781169865,100,GET,/product/6E92ZMYYFZ,0.800000,0.000000,52,70,160,160,330,330,330,330,330,330,330,23,0,14,47.07409728966329,7.6203495264053345,325.0167975202203,7935.086956521739
1781169865,100,GET,/product/9SIQT8TOJO,0.900000,0.000000,86,93,94,100,750,750,750,750,750,750,750,19,0,48,85.3167618869951,7.662806659936905,751.5808409079909,8006.0
1781169865,100,GET,/product/L9ECAV7KIM,0.500000,0.000000,100,100,100,150,150,150,150,150,150,150,150,16,0,11,46.40971642220393,6.860677152872086,151.73888485878706,7984.6875
1781169865,100,GET,/product/LS4PSXUNUM,0.800000,0.000000,52,52,100,100,100,100,100,100,100,100,100,21,0,44,42.0622005615206,6.878755055367947,101.4917902648449,7975.523809523809
1781169865,100,GET,/product/OLJCESPC7Z,0.500000,0.000000,130,150,150,150,190,190,190,190,190,190,190,21,0,41,58.72460042259523,7.191595621407032,192.85418651998043,8008.285714285715
1781169865,100,,Aggregated,47.100000,0.000000,140,370,600,760,890,1100,1300,1400,1800,1800,1800,1396,0,38,138.2622072602593,6.860677152872086,1780.9522980824113,10472.879656160458
1781169866,100,GET,/,38.300000,0.000000,210,470,670,820,910,1100,1200,1300,1400,1400,1400,1130,0,37,142.30975493360145,7.153731770813465,1369.0284499898553,10520.186725663716
1781169866,100,POST,/cart,3.500000,0.000000,93,270,510,790,1600,1600,1800,1800,1800,1800,1800,93,0,36,143.91368729693275,10.287284851074219,1780.9522980824113,16939.21505376344
1781169866,100,POST,/cart/checkout,1.700000,0.000000,120,190,310,600,810,1500,1500,1500,1500,1500,1500,55,0,45,139.9636185304685,10.415147989988327,1532.9793421551585,6804.8
1781169866,100,GET,/product/0PUK6V6EV0,0.700000,0.000000,160,200,760,760,760,760,760,760,760,760,760,13,0,89,179.63057613143553,8.284306153655052,764.5974326878786,7993.615384615385
1781169866,100,GET,/product/1YMWWN1N4O,0.900000,0.000000,54,100,190,800,850,850,850,850,850,850,850,22,0,47,120.53039873188192,7.289739325642586,848.6714791506529,7997.954545454545
1781169866,100,GET,/product/2ZYFJ3GM2N,1.000000,0.000000,98,150,150,150,760,840,840,840,840,840,840,21,0,48,124.50654197129465,7.49812088906765,835.1049413904548,8006.238095238095
1781169866,100,GET,/product/66VCHSJNUP,0.300000,0.000000,110,110,110,320,320,320,320,320,320,320,320,22,0,51,62.41473365067081,8.39355681091547,323.3270775526762,7954.136363636364
1781169866,100,GET,/product/6E92ZMYYFZ,0.800000,0.000000,75,120,160,160,330,330,330,330,330,330,330,25,0,25,51.1214192584157,7.6203495264053345,325.0167975202203,7939.6
1781169866,100,GET,/product/9SIQT8TOJO,1.000000,0.000000,93,94,100,100,750,750,750,750,750,750,750,19,0,48,85.3167618869951,7.662806659936905,751.5808409079909,8006.0
1781169866,100,GET,/product/L9ECAV7KIM,0.500000,0.000000,100,100,100,150,150,150,150,150,150,150,150,16,0,11,46.40971642220393,6.860677152872086,151.73888485878706,7984.6875
1781169866,100,GET,/product/LS4PSXUNUM,0.700000,0.000000,52,100,100,100,100,100,100,100,100,100,100,21,0,44,42.0622005615206,6.878755055367947,101.4917902648449,7975.523809523809
1781169866,100,GET,/product/OLJCESPC7Z,0.700000,0.000000,130,150,150,150,190,190,190,190,190,190,190,22,0,31,56.38661358336156,7.191595621407032,192.85418651998043,8006.590909090909
1781169866,100,,Aggregated,50.100000,0.000000,130,360,590,760,890,1100,1300,1400,1800,1800,1800,1459,0,39,134.771791588058,6.860677152872086,1780.9522980824113,10474.575736806031
1781169867,100,GET,/,35.600000,0.000000,200,460,670,810,910,1100,1200,1300,1400,1400,1400,1178,0,37,138.39243776410035,7.153731770813465,1369.0284499898553,10520.910016977929
1781169867,100,POST,/cart,3.200000,0.000000,97,300,510,790,1600,1600,1800,1800,1800,1800,1800,93,0,36,143.91368729693275,10.287284851074219,1780.9522980824113,16939.21505376344
1781169867,100,POST,/cart/checkout,1.700000,0.000000,94,170,280,310,810,810,1500,1500,1500,1500,1500,58,0,45,135.27968382976692,10.415147989988327,1532.9793421551585,6803.810344827586
1781169867,100,GET,/product/0PUK6V6EV0,0.600000,0.000000,160,200,760,760,760,760,760,760,760,760,760,15,0,46,158.08369169632593,6.902934052050114,764.5974326878786,7996.666666666667
1781169867,100,GET,/product/1YMWWN1N4O,0.900000,0.000000,54,100,190,800,850,850,850,850,850,850,850,22,0,47,120.53039873188192,7.289739325642586,848.6714791506529,7997.954545454545
1781169867,100,GET,/product/2ZYFJ3GM2N,1.000000,0.000000,98,150,150,150,760,840,840,840,840,840,840,21,0,48,124.50654197129465,7.49812088906765,835.1049413904548,8006.238095238095
1781169867,100,GET,/product/66VCHSJNUP,0.300000,0.000000,110,110,110,320,320,320,320,320,320,320,320,23,0,51,61.75227252685505,8.39355681091547,323.3270775526762,7957.304347826087
1781169867,100,GET,/product/6E92ZMYYFZ,0.700000,0.000000,52,75,120,120,160,330,330,330,330,330,330,28,0,25,49.415398655193194,7.6203495264053345,325.0167975202203,7937.321428571428
1781169867,100,GET,/product/9SIQT8TOJO,1.100000,0.000000,94,100,100,750,750,750,750,750,750,750,750,19,0,48,85.3167618869951,7.662806659936905,751.5808409079909,8006.0
1781169867,100,GET,/product/L9ECAV7KIM,0.400000,0.000000,100,100,150,150,150,150,150,150,150,150,150,16,0,11,46.40971642220393,6.860677152872086,151.73888485878706,7984.6875
1781169867,100,GET,/product/LS4PSXUNUM,0.600000,0.000000,52,52,100,100,100,100,100,100,100,100,100,22,0,39,40.495568632402204,6.878755055367947,101.4917902648449,7974.227272727273
1781169867,100,GET,/product/OLJCESPC7Z,0.600000,0.000000,130,150,150,150,190,190,190,190,190,190,190,23,0,40,55.669419791387476,7.191595621407032,192.85418651998043,8009.434782608696
1781169867,100,,Aggregated,46.700000,0.000000,120,360,580,760,890,1100,1300,1400,1800,1800,1800,1518,0,39,131.2469396113181,6.860677152872086,1780.9522980824113,10456.138339920948
1781169868,100,GET,/,37.400000,0.000000,110,390,600,760,890,1100,1200,1300,1400,1400,1400,1218,0,36,134.71776910802146,7.153731770813465,1369.0284499898553,10521.286535303776
1781169868,100,POST,/cart,3.400000,0.000000,62,200,450,510,1400,1600,1800,1800,1800,1800,1800,98,0,36,138.1910788750618,10.287284851074219,1780.9522980824113,16986.826530612245
1781169868,100,POST,/cart/checkout,1.900000,0.000000,94,170,280,310,810,810,1500,1500,1500,1500,1500,59,0,45,133.5800007553929,10.415147989988327,1532.9793421551585,6803.932203389831
1781169868,100,GET,/product/0PUK6V6EV0,0.600000,0.000000,130,160,200,760,760,760,760,760,760,760,760,17,0,46,142.90512221701005,6.902934052050114,764.5974326878786,7996.411764705882
1781169868,100,GET,/product/1YMWWN1N4O,1.000000,0.000000,100,190,800,800,850,850,850,850,850,850,850,22,0,47,120.53039873188192,7.289739325642586,848.6714791506529,7997.954545454545
1781169868,100,GET,/product/2ZYFJ3GM2N,1.100000,0.000000,98,120,150,150,760,840,840,840,840,840,840,23,0,44,114.32937111543572,7.33906589448452,835.1049413904548,8008.260869565217
1781169868,100,GET,/product/66VCHSJNUP,0.400000,0.000000,110,110,110,320,320,320,320,320,320,320,320,23,0,51,61.75227252685505,8.39355681091547,323.3270775526762,7957.304347826087
1781169868,100,GET,/product/6E92ZMYYFZ,0.900000,0.000000,70,75,120,160,330,330,330,330,330,330,330,28,0,25,49.415398655193194,7.6203495264053345,325.0167975202203,7937.321428571428
1781169868,100,GET,/product/9SIQT8TOJO,0.900000,0.000000,94,94,100,100,750,750,750,750,750,750,750,20,0,48,81.41723773442209,7.326278835535049,751.5808409079909,8010.75
1781169868,100,GET,/product/L9ECAV7KIM,0.400000,0.000000,100,100,150,150,150,150,150,150,150,150,150,16,0,11,46.40971642220393,6.860677152872086,151.73888485878706,7984.6875
1781169868,100,GET,/product/LS4PSXUNUM,0.500000,0.000000,52,52,100,100,100,100,100,100,100,100,100,22,0,39,40.495568632402204,6.878755055367947,101.4917902648449,7974.227272727273
1781169868,100,GET,/product/OLJCESPC7Z,0.700000,0.000000,100,130,150,150,190,190,190,190,190,190,190,25,0,40,53.42760909348726,7.191595621407032,192.85418651998043,8010.24
1781169868,100,,Aggregated,49.200000,0.000000,100,310,510,740,880,1100,1300,1400,1800,1800,1800,1571,0,37,127.70353043825382,6.860677152872086,1780.9522980824113,10468.538510502864
1781169869,100,GET,/,38.400000,0.000000,73,210,360,470,850,960,1200,1300,1400,1400,1400,1262,0,37,132.0978734286564,7.153731770813465,1369.0284499898553,10522.131537242472
1781169869,100,POST,/cart,2.800000,0.000000,81,130,300,450,1400,1600,1800,1800,1800,1800,1800,104,0,37,135.45688418134188,10.287284851074219,1780.9522980824113,16969.30769230769
1781169869,100,POST,/cart/checkout,2.100000,0.000000,79,140,190,280,810,810,1500,1500,1500,1500,1500,62,0,50,130.6639878349679,10.415147989988327,1532.9793421551585,6803.774193548387
1781169869,100,GET,/product/0PUK6V6EV0,0.700000,0.000000,100,130,200,200,760,760,760,760,760,760,760,19,0,50,137.83643781942757,6.902934052050114,764.5974326878786,7989.210526315789
1781169869,100,GET,/product/1YMWWN1N4O,0.900000,0.000000,100,150,190,800,850,850,850,850,850,850,850,24,0,52,120.68780011031777,7.289739325642586,848.6714791506529,7999.0
1781169869,100,GET,/product/2ZYFJ3GM2N,1.000000,0.000000,98,120,150,150,760,840,840,840,840,840,840,23,0,44,114.32937111543572,7.33906589448452,835.1049413904548,8008.260869565217
1781169869,100,GET,/product/66VCHSJNUP,0.500000,0.000000,110,110,110,320,320,320,320,320,320,320,320,23,0,51,61.75227252685505,8.39355681091547,323.3270775526762,7957.304347826087
1781169869,100,GET,/product/6E92ZMYYFZ,1.100000,0.000000,75,92,120,120,160,330,330,330,330,330,330,31,0,44,52.928677249339316,7.6203495264053345,325.0167975202203,7938.032258064516
1781169869,100,GET,/product/9SIQT8TOJO,0.700000,0.000000,94,100,100,750,750,750,750,750,750,750,750,20,0,48,81.41723773442209,7.326278835535049,751.5808409079909,8010.75
1781169869,100,GET,/product/L9ECAV7KIM,0.400000,0.000000,100,100,150,150,150,150,150,150,150,150,150,16,0,11,46.40971642220393,6.860677152872086,151.73888485878706,7984.6875
1781169869,100,GET,/product/LS4PSXUNUM,0.600000,0.000000,44,52,100,100,100,100,100,100,100,100,100,23,0,39,39.076491744945876,6.878755055367947,101.4917902648449,7976.565217391304
1781169869,100,GET,/product/OLJCESPC7Z,0.800000,0.000000,99,100,150,150,150,190,190,190,190,190,190,27,0,41,54.23599685093871,7.191595621407032,192.85418651998043,8013.481481481482
1781169869,100,,Aggregated,50.000000,0.000000,77,150,300,440,830,920,1200,1400,1800,1800,1800,1634,0,39,125.3588110341883,6.860677152872086,1780.9522980824113,10471.496328029376
1781169870,100,GET,/,37.200000,0.000000,58,88,180,290,530,830,880,890,920,920,920,1302,0,36,129.19145513014058,7.153731770813465,1369.0284499898553,10522.651305683563
1781169870,100,POST,/cart,3.000000,0.000000,36,81,120,130,270,450,510,510,510,510,510,107,0,36,131.96192516414362,9.932969696819782,1780.9522980824113,16954.78504672897
1781169870,100,POST,/cart/checkout,2.100000,0.000000,74,120,170,190,810,810,1500,1500,1500,1500,1500,65,0,45,125.62970289817223,10.415147989988327,1532.9793421551585,6803.784615384616
1781169870,100,GET,/product/0PUK6V6EV0,0.900000,0.000000,100,130,200,200,760,760,760,760,760,760,760,19,0,50,137.83643781942757,6.902934052050114,764.5974326878786,7989.210526315789
1781169870,100,GET,/product/1YMWWN1N4O,0.700000,0.000000,98,100,150,150,190,190,190,190,190,190,190,25,0,52,116.19969241321087,7.289739325642586,848.6714791506529,8000.28
1781169870,100,GET,/product/2ZYFJ3GM2N,1.200000,0.000000,8,53,73,73,120,120,120,120,120,120,120,25,0,44,107.59507369250059,7.33906589448452,835.1049413904548,8009.08
1781169870,100,GET,/product/66VCHSJNUP,0.500000,0.000000,72,110,110,110,320,320,320,320,320,320,320,25,0,51,59.53023690730333,7.015245035290718,323.3270775526762,7958.68
1781169870,100,GET,/product/6E92ZMYYFZ,0.900000,0.000000,70,92,120,120,120,330,330,330,330,330,330,31,0,44,52.928677249339316,7.6203495264053345,325.0167975202203,7938.032258064516
1781169870,100,GET,/product/9SIQT8TOJO,0.600000,0.000000,94,94,100,100,750,750,750,750,750,750,750,21,0,48,78.8809045971859,7.326278835535049,751.5808409079909,8012.857142857143
1781169870,100,GET,/product/L9ECAV7KIM,0.400000,0.000000,100,100,100,100,100,100,100,100,100,100,100,16,0,11,46.40971642220393,6.860677152872086,151.73888485878706,7984.6875
1781169870,100,GET,/product/LS4PSXUNUM,0.300000,0.000000,100,100,100,100,100,100,100,100,100,100,100,23,0,39,39.076491744945876,6.878755055367947,101.4917902648449,7976.565217391304
1781169870,100,GET,/product/OLJCESPC7Z,1.000000,0.000000,51,99,130,130,150,190,190,190,190,190,190,31,0,31,48.56427548633468,6.911667995154858,192.85418651998043,8016.903225806452
1781169870,100,,Aggregated,48.800000,0.000000,57,88,110,200,450,770,880,890,920,920,920,1690,0,38,122.2717419872887,6.860677152872086,1780.9522980824113,10462.71301775148
1781169871,100,GET,/,40.900000,0.000000,57,86,140,270,520,830,880,890,920,920,920,1349,0,36,125.95221345582831,6.59752544015646,1369.0284499898553,10523.476649369904
1781169871,100,POST,/cart,3.600000,0.000000,50,93,130,130,300,450,510,510,510,510,510,109,0,36,129.74104315999452,9.932969696819782,1780.9522980824113,16971.788990825688
1781169871,100,POST,/cart/checkout,2.400000,0.000000,68,74,94,140,190,280,310,310,310,310,310,67,0,45,123.32130081729213,10.415147989988327,1532.9793421551585,6803.9701492537315
1781169871,100,GET,/product/0PUK6V6EV0,1.200000,0.000000,50,89,100,100,130,130,130,130,130,130,130,21,0,46,125.3982691005582,6.897328421473503,764.5974326878786,7990.0952380952385
1781169871,100,GET,/product/1YMWWN1N4O,0.900000,0.000000,98,100,150,150,190,190,190,190,190,190,190,25,0,52,116.19969241321087,7.289739325642586,848.6714791506529,8000.28
1781169871,100,GET,/product/2ZYFJ3GM2N,1.200000,0.000000,8,44,53,73,120,120,120,120,120,120,120,26,0,44,105.13574207344881,7.33906589448452,835.1049413904548,8008.653846153846
1781169871,100,GET,/product/66VCHSJNUP,0.500000,0.000000,61,72,110,110,320,320,320,320,320,320,320,28,0,49,58.38429917847471,7.015245035290718,323.3270775526762,7958.357142857143
1781169871,100,GET,/product/6E92ZMYYFZ,1.100000,0.000000,70,92,120,120,120,330,330,330,330,330,330,31,0,44,52.928677249339316,7.6203495264053345,325.0167975202203,7938.032258064516
1781169871,100,GET,/product/9SIQT8TOJO,0.500000,0.000000,28,50,50,100,100,100,100,100,100,100,100,22,0,48,77.57828596302055,7.326278835535049,751.5808409079909,8014.5
1781169871,100,GET,/product/L9ECAV7KIM,0.400000,0.000000,100,100,100,100,100,100,100,100,100,100,100,17,0,11,44.12101263947346,6.860677152872086,151.73888485878706,7983.705882352941
1781169871,100,GET,/product/LS4PSXUNUM,0.300000,0.000000,9,9,100,100,100,100,100,100,100,100,100,25,0,13,36.59446693956852,6.878755055367947,101.4917902648449,7976.72
1781169871,100,GET,/product/OLJCESPC7Z,1.200000,0.000000,40,51,77,77,100,130,130,130,130,130,130,34,0,29,46.990302720052355,6.911667995154858,192.85418651998043,8018.617647058823
1781169871,100,,Aggregated,54.200000,0.000000,55,86,110,190,450,760,870,890,920,920,920,1754,0,37,119.0596253764067,6.59752544015646,1780.9522980824113,10450.964082098062
1781169872,100,GET,/,40.300000,0.000000,53,80,100,210,460,830,880,890,920,920,920,1398,0,36,122.8485318541644,6.59752544015646,1369.0284499898553,10524.082975679543
1781169872,100,POST,/cart,3.900000,0.000000,52,95,130,130,300,450,510,510,510,510,510,111,0,36,128.47419048718237,9.932969696819782,1780.9522980824113,16987.873873873872
1781169872,100,POST,/cart/checkout,2.600000,0.000000,68,74,94,140,190,280,310,310,310,310,310,68,0,42,121.72107205397504,10.415147989988327,1532.9793421551585,6803.794117647059
1781169872,100,GET,/product/0PUK6V6EV0,1.200000,0.000000,48,89,100,100,100,130,130,130,130,130,130,22,0,46,121.87730906192552,6.897328421473503,764.5974326878786,7990.0
1781169872,100,GET,/product/1YMWWN1N4O,1.000000,0.000000,98,100,150,150,190,190,190,190,190,190,190,26,0,50,113.67154490345946,7.289739325642586,848.6714791506529,8002.307692307692
1781169872,100,GET,/product/2ZYFJ3GM2N,1.300000,0.000000,8,44,53,53,73,120,120,120,120,120,120,28,0,42,99.40072149038315,7.33906589448452,835.1049413904548,8005.392857142857
1781169872,100,GET,/product/66VCHSJNUP,0.700000,0.000000,50,61,110,110,320,320,320,320,320,320,320,29,0,50,58.10639470944117,7.015245035290718,323.3270775526762,7960.862068965517
1781169872,100,GET,/product/6E92ZMYYFZ,1.200000,0.000000,91,92,120,120,330,330,330,330,330,330,330,32,0,44,54.11742703290656,7.6203495264053345,325.0167975202203,7937.6875
1781169872,100,GET,/product/9SIQT8TOJO,0.600000,0.000000,28,50,50,100,100,100,100,100,100,100,100,22,0,48,77.57828596302055,7.326278835535049,751.5808409079909,8014.5
1781169872,100,GET,/product/L9ECAV7KIM,0.400000,0.000000,100,100,100,100,100,100,100,100,100,100,100,17,0,11,44.12101263947346,6.860677152872086,151.73888485878706,7983.705882352941
1781169872,100,GET,/product/LS4PSXUNUM,0.400000,0.000000,9,56,100,100,100,100,100,100,100,100,100,26,0,13,37.350490008695765,6.878755055367947,101.4917902648449,7974.884615384615
1781169872,100,GET,/product/OLJCESPC7Z,1.600000,0.000000,48,75,92,92,100,130,130,130,130,130,130,36,0,31,49.49312845969366,6.911667995154858,192.85418651998043,8015.861111111111
1781169872,100,,Aggregated,55.200000,0.000000,51,81,100,130,390,750,870,890,920,920,920,1815,0,37,116.43326982198997,6.59752544015646,1780.9522980824113,10447.273829201102
1781169873,100,GET,/,39.800000,0.000000,37,58,71,80,98,220,420,450,490,490,490,1441,0,36,120.12469745968197,6.59752544015646,1369.0284499898553,10524.631505898682
1781169873,100,POST,/cart,3.400000,0.000000,52,93,120,130,270,450,510,510,510,510,510,115,0,36,125.60045971008746,9.932969696819782,1780.9522980824113,17031.895652173913
1781169873,100,POST,/cart/checkout,2.400000,0.000000,68,74,94,140,190,280,310,310,310,310,310,68,0,42,121.72107205397504,10.415147989988327,1532.9793421551585,6803.794117647059
1781169873,100,GET,/product/0PUK6V6EV0,1.000000,0.000000,48,50,89,100,100,130,130,130,130,130,130,24,0,46,114.15099740649264,6.897328421473503,764.5974326878786,7994.583333333333
1781169873,100,GET,/product/1YMWWN1N4O,0.800000,0.000000,98,100,150,150,190,190,190,190,190,190,190,26,0,50,113.67154490345946,7.289739325642586,848.6714791506529,8002.307692307692
1781169873,100,GET,/product/2ZYFJ3GM2N,0.900000,0.000000,8,42,44,53,120,120,120,120,120,120,120,28,0,42,99.40072149038315,7.33906589448452,835.1049413904548,8005.392857142857
1781169873,100,GET,/product/66VCHSJNUP,0.800000,0.000000,61,96,110,110,110,320,320,320,320,320,320,31,0,50,60.54524461468381,7.015245035290718,323.3270775526762,7963.1612903225805
1781169873,100,GET,/product/6E92ZMYYFZ,1.100000,0.000000,75,92,120,120,120,330,330,330,330,330,330,33,0,44,53.773320505790636,7.6203495264053345,325.0167975202203,7937.363636363636
1781169873,100,GET,/product/9SIQT8TOJO,0.500000,0.000000,24,28,28,50,50,50,50,50,50,50,50,23,0,48,75.22753642305084,7.326278835535049,751.5808409079909,8012.304347826087
1781169873,100,GET,/product/L9ECAV7KIM,0.300000,0.000000,100,100,100,100,100,100,100,100,100,100,100,17,0,11,44.12101263947346,6.860677152872086,151.73888485878706,7983.705882352941
1781169873,100,GET,/product/LS4PSXUNUM,0.600000,0.000000,9,56,100,100,100,100,100,100,100,100,100,26,0,13,37.350490008695765,6.878755055367947,101.4917902648449,7974.884615384615
1781169873,100,GET,/product/OLJCESPC7Z,1.600000,0.000000,48,77,92,94,100,130,130,130,130,130,130,38,0,31,49.59614883716169,6.911667995154858,192.85418651998043,8015.736842105263
1781169873,100,,Aggregated,53.200000,0.000000,39,59,73,81,100,180,360,440,490,490,490,1870,0,37,114.05698300593279,6.59752544015646,1780.9522980824113,10455.691443850268
1781169874,100,GET,/,41.800000,0.000000,33,54,66,74,94,140,300,360,490,490,490,1478,0,35,117.65830224021987,6.59752544015646,1369.0284499898553,10525.073748308525
1781169874,100,POST,/cart,2.900000,0.000000,36,70,81,95,130,200,300,300,300,300,300,121,0,36,120.80587378187367,9.932969696819782,1780.9522980824113,17062.421487603307
1781169874,100,POST,/cart/checkout,2.500000,0.000000,56,67,69,73,79,85,190,190,190,190,190,70,0,42,119.43877334041255,10.415147989988327,1532.9793421551585,6803.428571428572
1781169874,100,GET,/product/0PUK6V6EV0,1.100000,0.000000,48,50,50,89,100,130,130,130,130,130,130,25,0,48,111.57717693597078,6.897328421473503,764.5974326878786,7993.12
1781169874,100,GET,/product/1YMWWN1N4O,0.800000,0.000000,50,50,98,98,150,150,150,150,150,150,150,27,0,50,109.72836958589377,7.205811329185963,848.6714791506529,8003.740740740741
1781169874,100,GET,/product/2ZYFJ3GM2N,0.900000,0.000000,8,42,44,53,120,120,120,120,120,120,120,29,0,42,96.22662167610794,7.33906589448452,835.1049413904548,8002.931034482759
1781169874,100,GET,/product/66VCHSJNUP,1.000000,0.000000,50,61,96,96,110,110,110,110,110,110,110,31,0,50,60.54524461468381,7.015245035290718,323.3270775526762,7963.1612903225805
1781169874,100,GET,/product/6E92ZMYYFZ,0.900000,0.000000,51,91,92,92,120,120,120,120,120,120,120,34,0,43,52.401352618985314,7.126412354409695,325.0167975202203,7940.14705882353
1781169874,100,GET,/product/9SIQT8TOJO,0.500000,0.000000,24,28,28,50,50,50,50,50,50,50,50,23,0,48,75.22753642305084,7.326278835535049,751.5808409079909,8012.304347826087
1781169874,100,GET,/product/L9ECAV7KIM,0.300000,0.000000,55,55,100,100,100,100,100,100,100,100,100,19,0,38,44.98434409891304,6.860677152872086,151.73888485878706,7985.1578947368425
1781169874,100,GET,/product/LS4PSXUNUM,0.700000,0.000000,9,9,30,30,56,56,56,56,56,56,56,27,0,30,37.085429696297204,6.878755055367947,101.4917902648449,7977.0
1781169874,100,GET,/product/OLJCESPC7Z,1.700000,0.000000,16,48,75,77,92,94,94,94,94,94,94,39,0,31,48.52059211295385,6.911667995154858,192.85418651998043,8016.923076923077
1781169874,100,,Aggregated,55.100000,0.000000,35,55,68,76,95,130,290,310,490,490,490,1923,0,36,111.57408067874235,6.59752544015646,1780.9522980824113,10465.797711908477
1781169875,100,GET,/,44.500000,0.000000,31,47,58,64,84,94,110,120,190,190,190,1516,0,35,115.87899203023979,6.59752544015646,1369.0284499898553,10525.47691292876
1781169875,100,POST,/cart,3.200000,0.000000,39,68,74,81,120,130,300,300,300,300,300,127,0,36,117.2920047180859,9.932969696819782,1780.9522980824113,17123.338582677166
1781169875,100,POST,/cart/checkout,2.400000,0.000000,35,56,67,68,74,85,85,85,85,85,85,72,0,41,116.65101834417631,10.415147989988327,1532.9793421551585,6803.458333333333
1781169875,100,GET,/product/0PUK6V6EV0,1.200000,0.000000,43,50,50,50,89,100,100,100,100,100,100,27,0,46,105.1995407582985,6.897328421473503,764.5974326878786,7994.037037037037
1781169875,100,GET,/product/1YMWWN1N4O,0.700000,0.000000,9,50,98,98,150,150,150,150,150,150,150,29,0,47,102.63951122760773,6.740950979292393,848.6714791506529,8001.137931034483
1781169875,100,GET,/product/2ZYFJ3GM2N,0.900000,0.000000,8,42,44,53,120,120,120,120,120,120,120,29,0,42,96.22662167610794,7.33906589448452,835.1049413904548,8002.931034482759
1781169875,100,GET,/product/66VCHSJNUP,1.200000,0.000000,50,50,61,96,96,96,96,96,96,96,96,31,0,50,60.54524461468381,7.015245035290718,323.3270775526762,7963.1612903225805
1781169875,100,GET,/product/6E92ZMYYFZ,1.100000,0.000000,44,51,91,91,92,120,120,120,120,120,120,36,0,43,50.88916868488822,7.126412354409695,325.0167975202203,7944.861111111111
1781169875,100,GET,/product/9SIQT8TOJO,0.500000,0.000000,28,28,50,50,50,50,50,50,50,50,50,23,0,48,75.22753642305084,7.326278835535049,751.5808409079909,8012.304347826087
1781169875,100,GET,/product/L9ECAV7KIM,0.300000,0.000000,50,50,55,55,100,100,100,100,100,100,100,22,0,38,43.70404161851514,6.860677152872086,151.73888485878706,7989.0
1781169875,100,GET,/product/LS4PSXUNUM,0.700000,0.000000,9,30,51,51,56,56,56,56,56,56,56,28,0,30,37.58287925406226,6.878755055367947,101.4917902648449,7975.5
1781169875,100,GET,/product/OLJCESPC7Z,1.900000,0.000000,16,51,75,77,92,94,94,94,94,94,94,39,0,31,48.52059211295385,6.911667995154858,192.85418651998043,8016.923076923077
1781169875,100,,Aggregated,58.600000,0.000000,32,49,57,64,86,95,110,130,190,190,190,1979,0,36,109.6110530131736,6.59752544015646,1780.9522980824113,10474.977766548762
1781169876,100,GET,/,41.800000,0.000000,30,47,58,64,80,89,98,120,190,190,190,1560,0,35,113.64889410324395,6.59752544015646,1369.0284499898553,10526.09935897436
1781169876,100,POST,/cart,3.300000,0.000000,36,59,68,74,95,130,130,130,130,130,130,131,0,36,115.12479733476657,9.932969696819782,1780.9522980824113,17124.3893129771
1781169876,100,POST,/cart/checkout,2.000000,0.000000,29,40,54,56,69,74,85,85,85,85,85,80,0,36,108.0640918109566,10.415147989988327,1532.9793421551585,6802.1625
1781169876,100,GET,/product/0PUK6V6EV0,1.200000,0.000000,43,50,50,50,89,100,100,100,100,100,100,27,0,46,105.1995407582985,6.897328421473503,764.5974326878786,7994.037037037037
1781169876,100,GET,/product/1YMWWN1N4O,0.600000,0.000000,8,50,98,98,150,150,150,150,150,150,150,30,0,44,99.49716764191787,6.740950979292393,848.6714791506529,8000.833333333333
1781169876,100,GET,/product/2ZYFJ3GM2N,1.000000,0.000000,8,42,43,43,44,53,53,53,53,53,53,32,0,41,89.03966870275326,7.33906589448452,835.1049413904548,8005.84375
1781169876,100,GET,/product/66VCHSJNUP,1.000000,0.000000,50,50,61,96,96,96,96,96,96,96,96,32,0,50,58.863746031420305,6.737289950251579,323.3270775526762,7962.1875
1781169876,100,GET,/product/6E92ZMYYFZ,1.100000,0.000000,44,46,91,91,92,120,120,120,120,120,120,37,0,43,50.58067805460981,7.126412354409695,325.0167975202203,7944.054054054054
1781169876,100,GET,/product/9SIQT8TOJO,0.500000,0.000000,24,28,28,50,50,50,50,50,50,50,50,24,0,44,72.40745378658175,7.326278835535049,751.5808409079909,8013.75
1781169876,100,GET,/product/L9ECAV7KIM,0.300000,0.000000,50,50,55,55,100,100,100,100,100,100,100,22,0,38,43.70404161851514,6.860677152872086,151.73888485878706,7989.0
1781169876,100,GET,/product/LS4PSXUNUM,0.600000,0.000000,9,30,51,51,56,56,56,56,56,56,56,28,0,30,37.58287925406226,6.878755055367947,101.4917902648449,7975.5
1781169876,100,GET,/product/OLJCESPC7Z,1.800000,0.000000,11,51,75,77,92,94,94,94,94,94,94,40,0,29,47.50337649602443,6.911667995154858,192.85418651998043,8015.725
1781169876,100,,Aggregated,55.200000,0.000000,31,49,57,64,82,92,100,120,190,190,190,2043,0,36,107.24433238936722,6.59752544015646,1780.9522980824113,10465.484581497798
1781169877,100,GET,/,44.500000,0.000000,30,49,59,64,81,90,98,120,190,190,190,1591,0,34,111.90032719802474,6.59752544015646,1369.0284499898553,10526.242614707731
1781169877,100,POST,/cart,3.900000,0.000000,39,60,68,74,95,130,130,130,130,130,130,135,0,36,112.6348813512811,9.932969696819782,1780.9522980824113,17136.474074074074
1781169877,100,POST,/cart/checkout,2.300000,0.000000,29,40,54,56,73,74,85,85,85,85,85,86,0,36,102.84306417587538,10.415147989988327,1532.9793421551585,6802.279069767442
1781169877,100,GET,/product/0PUK6V6EV0,1.400000,0.000000,48,50,50,50,89,100,100,100,100,100,100,28,0,43,102.92155042822871,6.897328421473503,764.5974326878786,7992.321428571428
1781169877,100,GET,/product/1YMWWN1N4O,0.800000,0.000000,8,8,50,98,150,150,150,150,150,150,150,31,0,44,96.50774495375734,6.740950979292393,848.6714791506529,8003.096774193548
1781169877,100,GET,/product/2ZYFJ3GM2N,1.000000,0.000000,8,36,43,43,44,53,53,53,53,53,53,33,0,41,87.43496306917883,7.33906589448452,835.1049413904548,8005.242424242424
1781169877,100,GET,/product/66VCHSJNUP,1.000000,0.000000,50,50,61,96,96,96,96,96,96,96,96,32,0,50,58.863746031420305,6.737289950251579,323.3270775526762,7962.1875
1781169877,100,GET,/product/6E92ZMYYFZ,1.300000,0.000000,43,44,91,92,120,120,120,120,120,120,120,38,0,41,50.173099520371146,7.126412354409695,325.0167975202203,7943.026315789473
1781169877,100,GET,/product/9SIQT8TOJO,0.400000,0.000000,24,28,28,50,50,50,50,50,50,50,50,24,0,44,72.40745378658175,7.326278835535049,751.5808409079909,8013.75
1781169877,100,GET,/product/L9ECAV7KIM,0.600000,0.000000,50,50,55,55,100,100,100,100,100,100,100,22,0,38,43.70404161851514,6.860677152872086,151.73888485878706,7989.0
1781169877,100,GET,/product/LS4PSXUNUM,0.700000,0.000000,30,30,51,51,56,56,56,56,56,56,56,28,0,30,37.58287925406226,6.878755055367947,101.4917902648449,7975.5
1781169877,100,GET,/product/OLJCESPC7Z,1.800000,0.000000,11,51,77,77,92,94,94,94,94,94,94,41,0,29,46.52256132444231,6.911667995154858,192.85418651998043,8017.878048780488
1781169877,100,,Aggregated,59.700000,0.000000,32,50,58,64,83,94,100,120,190,190,190,2089,0,36,105.453212759754,6.59752544015646,1780.9522980824113,10463.612254667305
1781169878,100,GET,/,42.900000,0.000000,25,41,52,57,71,86,94,97,120,120,120,1637,0,33,109.38315405626994,6.59752544015646,1369.0284499898553,10526.673182651191
1781169878,100,POST,/cart,3.700000,0.000000,24,51,61,68,76,83,95,95,95,95,95,139,0,36,110.30821258992815,9.932969696819782,1780.9522980824113,17126.87050359712
1781169878,100,POST,/cart/checkout,2.500000,0.000000,28,35,44,52,68,69,73,73,73,73,73,89,0,36,100.41652573795801,10.415147989988327,1532.9793421551585,6801.932584269663
1781169878,100,GET,/product/0PUK6V6EV0,1.400000,0.000000,43,50,50,50,89,100,100,100,100,100,100,30,0,43,96.56623623644312,6.897328421473503,764.5974326878786,7991.533333333334
1781169878,100,GET,/product/1YMWWN1N4O,0.800000,0.000000,7,8,8,8,50,50,50,50,50,50,50,31,0,44,96.50774495375734,6.740950979292393,848.6714791506529,8003.096774193548
1781169878,100,GET,/product/2ZYFJ3GM2N,1.100000,0.000000,8,42,43,43,44,53,53,53,53,53,53,34,0,36,85.06818017100586,6.964344531297684,835.1049413904548,8006.764705882353
1781169878,100,GET,/product/66VCHSJNUP,1.000000,0.000000,50,50,61,96,96,96,96,96,96,96,96,32,0,50,58.863746031420305,6.737289950251579,323.3270775526762,7962.1875
1781169878,100,GET,/product/6E92ZMYYFZ,1.200000,0.000000,39,43,43,44,91,91,91,91,91,91,91,39,0,41,49.578626019259296,7.126412354409695,325.0167975202203,7942.871794871795
1781169878,100,GET,/product/9SIQT8TOJO,0.400000,0.000000,28,28,50,50,50,50,50,50,50,50,50,24,0,44,72.40745378658175,7.326278835535049,751.5808409079909,8013.75
1781169878,100,GET,/product/L9ECAV7KIM,0.600000,0.000000,50,50,50,50,55,55,55,55,55,55,55,22,0,38,43.70404161851514,6.860677152872086,151.73888485878706,7989.0
1781169878,100,GET,/product/LS4PSXUNUM,0.700000,0.000000,30,30,51,51,56,56,56,56,56,56,56,28,0,30,37.58287925406226,6.878755055367947,101.4917902648449,7975.5
1781169878,100,GET,/product/OLJCESPC7Z,1.800000,0.000000,9,16,75,92,92,94,94,94,94,94,94,41,0,29,46.52256132444231,6.911667995154858,192.85418651998043,8017.878048780488
1781169878,100,,Aggregated,58.100000,0.000000,25,42,50,56,71,86,94,96,120,120,120,2146,0,34,103.25601144684244,6.59752544015646,1780.9522980824113,10467.353215284249
1781169879,100,GET,/,40.500000,0.000000,24,39,49,55,71,86,94,97,120,120,120,1674,0,32,107.32596786470201,6.59752544015646,1369.0284499898553,10527.284348864994
1781169879,100,POST,/cart,4.000000,0.000000,18,39,59,61,74,78,95,95,95,95,95,148,0,30,104.39128161256981,9.932969696819782,1780.9522980824113,17124.574324324323
1781169879,100,POST,/cart/checkout,2.700000,0.000000,28,36,44,52,68,69,73,73,73,73,73,91,0,35,98.48862660250494,10.415147989988327,1532.9793421551585,6802.186813186813
1781169879,100,GET,/product/0PUK6V6EV0,1.300000,0.000000,9,43,48,48,50,50,50,50,50,50,50,30,0,43,96.56623623644312,6.897328421473503,764.5974326878786,7991.533333333334
1781169879,100,GET,/product/1YMWWN1N4O,0.900000,0.000000,7,8,8,8,50,50,50,50,50,50,50,31,0,44,96.50774495375734,6.740950979292393,848.6714791506529,8003.096774193548
1781169879,100,GET,/product/2ZYFJ3GM2N,1.200000,0.000000,36,42,43,44,53,53,53,53,53,53,53,34,0,36,85.06818017100586,6.964344531297684,835.1049413904548,8006.764705882353
1781169879,100,GET,/product/66VCHSJNUP,0.900000,0.000000,50,50,96,96,96,96,96,96,96,96,96,32,0,50,58.863746031420305,6.737289950251579,323.3270775526762,7962.1875
1781169879,100,GET,/product/6E92ZMYYFZ,0.900000,0.000000,39,43,43,44,91,91,91,91,91,91,91,40,0,39,48.51702956948429,7.114768028259277,325.0167975202203,7944.55
1781169879,100,GET,/product/9SIQT8TOJO,0.500000,0.000000,24,24,50,50,50,50,50,50,50,50,50,24,0,44,72.40745378658175,7.326278835535049,751.5808409079909,8013.75
1781169879,100,GET,/product/L9ECAV7KIM,0.600000,0.000000,50,50,50,50,55,55,55,55,55,55,55,22,0,38,43.70404161851514,6.860677152872086,151.73888485878706,7989.0
1781169879,100,GET,/product/LS4PSXUNUM,0.600000,0.000000,30,51,51,56,56,56,56,56,56,56,56,28,0,30,37.58287925406226,6.878755055367947,101.4917902648449,7975.5
1781169879,100,GET,/product/OLJCESPC7Z,1.800000,0.000000,9,75,92,92,94,94,94,94,94,94,94,41,0,29,46.52256132444231,6.911667995154858,192.85418651998043,8017.878048780488
1781169879,100,,Aggregated,55.900000,0.000000,24,40,50,55,71,87,94,96,120,120,120,2195,0,33,101.29404314676965,6.59752544015646,1780.9522980824113,10491.521184510251
1781169880,100,GET,/,42.100000,0.000000,21,36,44,50,67,84,93,96,120,120,120,1716,0,32,105.36187066097412,6.59752544015646,1369.0284499898553,10527.52564102564
1781169880,100,POST,/cart,4.000000,0.000000,24,42,60,63,76,83,95,95,95,95,95,151,0,30,103.35428387987496,9.932969696819782,1780.9522980824113,17129.960264900663
1781169880,100,POST,/cart/checkout,3.000000,0.000000,23,34,44,52,68,72,73,73,73,73,73,95,0,35,95.68372623700844,10.415147989988327,1532.9793421551585,6802.2947368421055
1781169880,100,GET,/product/0PUK6V6EV0,1.300000,0.000000,41,43,48,50,50,50,50,50,50,50,50,31,0,43,93.7037070792529,6.897328421473503,764.5974326878786,7990.064516129032
1781169880,100,GET,/product/1YMWWN1N4O,0.900000,0.000000,8,43,45,45,50,50,50,50,50,50,50,33,0,44,93.33173891134334,6.740950979292393,848.6714791506529,8004.878787878788
1781169880,100,GET,/product/2ZYFJ3GM2N,1.100000,0.000000,8,36,42,42,43,43,43,43,43,43,43,34,0,36,85.06818017100586,6.964344531297684,835.1049413904548,8006.764705882353
1781169880,100,GET,/product/66VCHSJNUP,0.900000,0.000000,50,50,96,96,96,96,96,96,96,96,96,32,0,50,58.863746031420305,6.737289950251579,323.3270775526762,7962.1875
1781169880,100,GET,/product/6E92ZMYYFZ,1.000000,0.000000,35,39,43,43,91,91,91,91,91,91,91,40,0,39,48.51702956948429,7.114768028259277,325.0167975202203,7944.55
1781169880,100,GET,/product/9SIQT8TOJO,0.400000,0.000000,24,24,50,50,50,50,50,50,50,50,50,24,0,44,72.40745378658175,7.326278835535049,751.5808409079909,8013.75
1781169880,100,GET,/product/L9ECAV7KIM,0.600000,0.000000,50,50,50,50,55,55,55,55,55,55,55,23,0,44,43.97712097219799,6.860677152872086,151.73888485878706,7991.95652173913
1781169880,100,GET,/product/LS4PSXUNUM,0.600000,0.000000,51,51,56,56,56,56,56,56,56,56,56,29,0,39,37.79867827763845,6.878755055367947,101.4917902648449,7974.103448275862
1781169880,100,GET,/product/OLJCESPC7Z,1.600000,0.000000,9,92,92,92,94,94,94,94,94,94,94,42,0,16,45.62616694186415,6.911667995154858,192.85418651998043,8018.833333333333
1781169880,100,,Aggregated,57.500000,0.000000,22,37,46,51,68,85,94,96,120,120,120,2250,0,33,99.53801589003868,6.59752544015646,1780.9522980824113,10488.407111111112
1781169881,100,GET,/,40.900000,0.000000,22,36,45,50,67,82,94,100,120,120,120,1758,0,32,103.67688650436979,6.59752544015646,1369.0284499898553,10528.160409556314
1781169881,100,POST,/cart,4.300000,0.000000,18,42,60,64,76,83,94,94,94,94,94,156,0,30,101.34225318996378,9.932969696819782,1780.9522980824113,17153.583333333332
1781169881,100,POST,/cart/checkout,2.800000,0.000000,23,36,44,52,62,72,73,73,73,73,73,100,0,35,92.67168635502458,10.415147989988327,1532.9793421551585,6801.63
1781169881,100,GET,/product/0PUK6V6EV0,1.100000,0.000000,9,41,43,50,50,50,50,50,50,50,50,31,0,43,93.7037070792529,6.897328421473503,764.5974326878786,7990.064516129032
1781169881,100,GET,/product/1YMWWN1N4O,0.700000,0.000000,8,43,45,50,93,93,93,93,93,93,93,34,0,44,93.31799657357966,6.740950979292393,848.6714791506529,8005.941176470588
1781169881,100,GET,/product/2ZYFJ3GM2N,1.100000,0.000000,8,36,42,43,94,94,94,94,94,94,94,36,0,36,83.15934046792488,6.964344531297684,835.1049413904548,8007.972222222223
1781169881,100,GET,/product/66VCHSJNUP,0.900000,0.000000,96,96,96,96,96,96,96,96,96,96,96,33,0,50,59.914264884410485,6.737289950251579,323.3270775526762,7964.757575757576
1781169881,100,GET,/product/6E92ZMYYFZ,1.000000,0.000000,35,39,43,43,91,91,91,91,91,91,91,41,0,39,47.503472737422804,6.961199454963207,325.0167975202203,7943.634146341464
1781169881,100,GET,/product/9SIQT8TOJO,0.400000,0.000000,8,8,24,24,52,52,52,52,52,52,52,28,0,28,64.63433233355838,6.455964408814907,751.5808409079909,8014.0
1781169881,100,GET,/product/L9ECAV7KIM,0.600000,0.000000,50,50,50,50,55,55,55,55,55,55,55,23,0,44,43.97712097219799,6.860677152872086,151.73888485878706,7991.95652173913
1781169881,100,GET,/product/LS4PSXUNUM,0.600000,0.000000,51,51,56,56,56,56,56,56,56,56,56,29,0,39,37.79867827763845,6.878755055367947,101.4917902648449,7974.103448275862
1781169881,100,GET,/product/OLJCESPC7Z,1.400000,0.000000,9,9,92,92,94,94,94,94,94,94,94,42,0,16,45.62616694186415,6.911667995154858,192.85418651998043,8018.833333333333
1781169881,100,,Aggregated,55.800000,0.000000,22,38,47,51,69,87,94,96,120,120,120,2311,0,32,97.86689682403835,6.455964408814907,1780.9522980824113,10487.919515361315
1781169882,100,GET,/,41.600000,0.000000,21,34,42,48,64,76,91,97,120,120,120,1794,0,31,102.01142506867049,6.59752544015646,1369.0284499898553,10528.36900780379
1781169882,100,POST,/cart,4.300000,0.000000,18,30,51,60,76,83,94,94,94,94,94,161,0,29,98.84639976326353,9.932969696819782,1780.9522980824113,17158.155279503106
1781169882,100,POST,/cart/checkout,2.900000,0.000000,26,40,49,52,62,72,73,73,73,73,73,100,0,35,92.67168635502458,10.415147989988327,1532.9793421551585,6801.63
1781169882,100,GET,/product/0PUK6V6EV0,1.200000,0.000000,9,41,43,43,50,50,50,50,50,50,50,31,0,43,93.7037070792529,6.897328421473503,764.5974326878786,7990.064516129032
1781169882,100,GET,/product/1YMWWN1N4O,0.800000,0.000000,8,43,45,49,93,93,93,93,93,93,93,35,0,45,92.06433040755135,6.740950979292393,848.6714791506529,8004.857142857143
1781169882,100,GET,/product/2ZYFJ3GM2N,1.000000,0.000000,8,36,43,43,94,94,94,94,94,94,94,36,0,36,83.15934046792488,6.964344531297684,835.1049413904548,8007.972222222223
1781169882,100,GET,/product/66VCHSJNUP,0.700000,0.000000,94,96,96,96,96,96,96,96,96,96,96,34,0,50,59.66885486508117,6.737289950251579,323.3270775526762,7966.235294117647
1781169882,100,GET,/product/6E92ZMYYFZ,0.900000,0.000000,27,35,39,39,43,43,43,43,43,43,43,41,0,39,47.503472737422804,6.961199454963207,325.0167975202203,7943.634146341464
1781169882,100,GET,/product/9SIQT8TOJO,0.300000,0.000000,7,8,24,24,52,52,52,52,52,52,52,29,0,28,62.65676911149559,6.455964408814907,751.5808409079909,8016.517241379311
1781169882,100,GET,/product/L9ECAV7KIM,0.600000,0.000000,50,50,50,50,55,55,55,55,55,55,55,25,0,44,42.880112677812576,6.860677152872086,151.73888485878706,7993.6
1781169882,100,GET,/product/LS4PSXUNUM,0.600000,0.000000,44,44,51,51,51,51,51,51,51,51,51,30,0,30,36.75658255815506,6.535806693136692,101.4917902648449,7974.066666666667
1781169882,100,GET,/product/OLJCESPC7Z,1.100000,0.000000,8,8,9,9,9,9,9,9,9,9,9,43,0,16,44.73324715657983,6.911667995154858,192.85418651998043,8019.6511627906975
1781169882,100,,Aggregated,56.000000,0.000000,21,35,43,49,63,76,92,95,120,120,120,2359,0,32,96.31301313457081,6.455964408814907,1780.9522980824113,10495.801610852055
1781169883,100,GET,/,40.600000,0.000000,23,36,44,49,69,87,97,100,130,130,130,1834,0,32,100.83076362513339,6.59752544015646,1369.0284499898553,10528.650490730643
1781169883,100,POST,/cart,4.600000,0.000000,24,34,59,61,78,92,97,97,97,97,97,165,0,29,97.67608928183715,9.932969696819782,1780.9522980824113,17149.4303030303
1781169883,100,POST,/cart/checkout,3.200000,0.000000,26,42,49,52,64,72,73,73,73,73,73,104,0,35,90.7271980182626,10.415147989988327,1532.9793421551585,6801.567307692308
1781169883,100,GET,/product/0PUK6V6EV0,1.000000,0.000000,8,41,43,43,50,50,50,50,50,50,50,31,0,43,93.7037070792529,6.897328421473503,764.5974326878786,7990.064516129032
1781169883,100,GET,/product/1YMWWN1N4O,0.800000,0.000000,43,45,49,49,93,93,93,93,93,93,93,35,0,45,92.06433040755135,6.740950979292393,848.6714791506529,8004.857142857143
1781169883,100,GET,/product/2ZYFJ3GM2N,0.800000,0.000000,8,8,36,43,94,94,94,94,94,94,94,37,0,36,81.11558998053944,6.964344531297684,835.1049413904548,8007.540540540541
1781169883,100,GET,/product/66VCHSJNUP,0.600000,0.000000,10,52,52,94,94,94,94,94,94,94,94,36,0,50,56.9007482069234,6.737289950251579,323.3270775526762,7964.277777777777
1781169883,100,GET,/product/6E92ZMYYFZ,1.000000,0.000000,27,35,39,39,43,43,43,43,43,43,43,41,0,39,47.503472737422804,6.961199454963207,325.0167975202203,7943.634146341464
1781169883,100,GET,/product/9SIQT8TOJO,0.600000,0.000000,8,11,24,24,52,52,52,52,52,52,52,30,0,24,60.9235189234217,6.455964408814907,751.5808409079909,8017.533333333334
1781169883,100,GET,/product/L9ECAV7KIM,0.700000,0.000000,48,50,50,50,50,50,50,50,50,50,50,26,0,38,41.502356385955444,6.860677152872086,151.73888485878706,7995.5
1781169883,100,GET,/product/LS4PSXUNUM,0.400000,0.000000,9,9,44,44,51,51,51,51,51,51,51,33,0,13,34.13265844750585,6.535806693136692,101.4917902648449,7975.151515151515
1781169883,100,GET,/product/OLJCESPC7Z,0.800000,0.000000,8,8,9,9,9,9,9,9,9,9,9,43,0,16,44.73324715657983,6.911667995154858,192.85418651998043,8019.6511627906975
1781169883,100,,Aggregated,55.100000,0.000000,22,36,44,50,67,83,95,100,130,130,130,2415,0,32,95.05461309930429,6.455964408814907,1780.9522980824113,10492.563975155279
1781169884,100,GET,/,39.900000,0.000000,22,36,45,50,69,82,96,100,130,130,130,1886,0,32,99.15659988046183,6.59752544015646,1369.0284499898553,10529.249204665959
1781169884,100,POST,/cart,4.900000,0.000000,24,42,59,61,76,92,97,97,97,97,97,169,0,30,96.44503024070573,9.932969696819782,1780.9522980824113,17175.07100591716
1781169884,100,POST,/cart/checkout,3.200000,0.000000,29,42,49,52,64,72,73,73,73,73,73,107,0,35,88.87071293891869,10.415147989988327,1532.9793421551585,6801.971962616823
1781169884,100,GET,/product/0PUK6V6EV0,0.900000,0.000000,8,8,41,41,47,47,47,47,47,47,47,32,0,43,92.25409376085736,6.897328421473503,764.5974326878786,7991.90625
1781169884,100,GET,/product/1YMWWN1N4O,0.800000,0.000000,45,45,49,49,93,93,93,93,93,93,93,35,0,45,92.06433040755135,6.740950979292393,848.6714791506529,8004.857142857143
1781169884,100,GET,/product/2ZYFJ3GM2N,0.800000,0.000000,8,36,43,43,94,94,94,94,94,94,94,37,0,36,81.11558998053944,6.964344531297684,835.1049413904548,8007.540540540541
1781169884,100,GET,/product/66VCHSJNUP,0.500000,0.000000,10,52,52,94,94,94,94,94,94,94,94,36,0,50,56.9007482069234,6.737289950251579,323.3270775526762,7964.277777777777
1781169884,100,GET,/product/6E92ZMYYFZ,1.000000,0.000000,27,35,35,39,39,39,39,39,39,39,39,41,0,39,47.503472737422804,6.961199454963207,325.0167975202203,7943.634146341464
1781169884,100,GET,/product/9SIQT8TOJO,0.700000,0.000000,7,8,11,11,52,52,52,52,52,52,52,30,0,24,60.9235189234217,6.455964408814907,751.5808409079909,8017.533333333334
1781169884,100,GET,/product/L9ECAV7KIM,0.700000,0.000000,44,48,50,50,51,51,51,51,51,51,51,28,0,44,42.069393642512814,6.860677152872086,151.73888485878706,7992.035714285715
1781169884,100,GET,/product/LS4PSXUNUM,0.400000,0.000000,9,44,49,49,51,51,51,51,51,51,51,34,0,13,34.565015367287046,6.535806693136692,101.4917902648449,7976.705882352941
1781169884,100,GET,/product/OLJCESPC7Z,0.700000,0.000000,8,8,9,9,9,9,9,9,9,9,9,43,0,16,44.73324715657983,6.911667995154858,192.85418651998043,8019.6511627906975
1781169884,100,,Aggregated,54.500000,0.000000,22,36,45,50,68,82,95,100,130,130,130,2478,0,32,93.66175997626455,6.455964408814907,1780.9522980824113,10497.784907183212
1781169885,100,GET,/,39.900000,0.000000,20,34,43,48,65,81,96,100,130,130,130,1904,0,32,98.41995240930672,6.59752544015646,1369.0284499898553,10529.38392857143
1781169885,100,POST,/cart,4.900000,0.000000,24,34,51,60,76,94,97,97,97,97,97,170,0,30,96.10985429300105,9.932969696819782,1780.9522980824113,17187.44705882353
1781169885,100,POST,/cart/checkout,3.200000,0.000000,26,42,44,50,68,72,73,73,73,73,73,108,0,35,88.38633873879358,10.415147989988327,1532.9793421551585,6802.101851851852
1781169885,100,GET,/product/0PUK6V6EV0,0.900000,0.000000,8,8,41,41,47,47,47,47,47,47,47,33,0,43,89.68743591597585,6.897328421473503,764.5974326878786,7990.636363636364
1781169885,100,GET,/product/1YMWWN1N4O,0.800000,0.000000,45,49,49,93,93,93,93,93,93,93,93,35,0,45,92.06433040755135,6.740950979292393,848.6714791506529,8004.857142857143
1781169885,100,GET,/product/2ZYFJ3GM2N,0.800000,0.000000,8,36,36,94,94,94,94,94,94,94,94,37,0,36,81.11558998053944,6.964344531297684,835.1049413904548,8007.540540540541
1781169885,100,GET,/product/66VCHSJNUP,0.500000,0.000000,10,52,52,94,94,94,94,94,94,94,94,36,0,50,56.9007482069234,6.737289950251579,323.3270775526762,7964.277777777777
1781169885,100,GET,/product/6E92ZMYYFZ,1.000000,0.000000,27,35,35,39,39,39,39,39,39,39,39,41,0,39,47.503472737422804,6.961199454963207,325.0167975202203,7943.634146341464
1781169885,100,GET,/product/9SIQT8TOJO,0.700000,0.000000,8,11,40,52,73,73,73,73,73,73,73,32,0,28,60.62908031162806,6.455964408814907,751.5808409079909,8018.59375
1781169885,100,GET,/product/L9ECAV7KIM,0.700000,0.000000,44,48,50,50,51,51,51,51,51,51,51,28,0,44,42.069393642512814,6.860677152872086,151.73888485878706,7992.035714285715
1781169885,100,GET,/product/LS4PSXUNUM,0.400000,0.000000,9,44,49,49,51,51,51,51,51,51,51,34,0,13,34.565015367287046,6.535806693136692,101.4917902648449,7976.705882352941
1781169885,100,GET,/product/OLJCESPC7Z,0.700000,0.000000,7,7,9,9,9,9,9,9,9,9,9,43,0,16,44.73324715657983,6.911667995154858,192.85418651998043,8019.6511627906975
1781169885,100,,Aggregated,54.500000,0.000000,20,35,44,48,66,81,95,100,130,130,130,2501,0,32,93.03162176711638,6.455964408814907,1780.9522980824113,10497.164334266294
1781169886,100,GET,/,40.200000,0.000000,30,48,64,81,320,570,930,1100,1200,1200,1200,1963,0,33,110.44154534286237,6.59752544015646,1369.0284499898553,10529.558838512481
1781169886,100,POST,/cart,4.900000,0.000000,26,47,61,73,97,440,1000,1000,1000,1000,1000,173,0,32,105.09915672501043,9.932969696819782,1780.9522980824113,17215.92485549133
1781169886,100,POST,/cart/checkout,3.800000,0.000000,34,49,64,68,170,520,660,660,660,660,660,111,0,36,98.18352444248426,10.415147989988327,1532.9793421551585,6801.576576576576
1781169886,100,GET,/product/0PUK6V6EV0,0.700000,0.000000,8,8,41,41,47,47,47,47,47,47,47,33,0,43,89.68743591597585,6.897328421473503,764.5974326878786,7990.636363636364
1781169886,100,GET,/product/1YMWWN1N4O,0.800000,0.000000,45,49,49,93,93,93,93,93,93,93,93,35,0,45,92.06433040755135,6.740950979292393,848.6714791506529,8004.857142857143
1781169886,100,GET,/product/2ZYFJ3GM2N,0.800000,0.000000,8,8,94,94,94,94,94,94,94,94,94,37,0,36,81.11558998053944,6.964344531297684,835.1049413904548,8007.540540540541
1781169886,100,GET,/product/66VCHSJNUP,0.500000,0.000000,10,52,52,94,94,94,94,94,94,94,94,36,0,50,56.9007482069234,6.737289950251579,323.3270775526762,7964.277777777777
1781169886,100,GET,/product/6E92ZMYYFZ,0.700000,0.000000,27,27,35,35,35,35,35,35,35,35,35,41,0,39,47.503472737422804,6.961199454963207,325.0167975202203,7943.634146341464
1781169886,100,GET,/product/9SIQT8TOJO,0.700000,0.000000,40,52,140,140,150,160,160,160,160,160,160,35,0,44,68.3084961026907,6.455964408814907,751.5808409079909,8018.4
1781169886,100,GET,/product/L9ECAV7KIM,0.800000,0.000000,44,48,50,50,51,51,51,51,51,51,51,28,0,44,42.069393642512814,6.860677152872086,151.73888485878706,7992.035714285715
1781169886,100,GET,/product/LS4PSXUNUM,0.700000,0.000000,44,49,98,98,150,150,150,150,150,150,150,36,0,30,39.47761760921114,6.535806693136692,148.38752057403326,7979.833333333333
1781169886,100,GET,/product/OLJCESPC7Z,0.400000,0.000000,9,100,100,150,150,150,150,150,150,150,150,45,0,29,48.39664498964945,6.911667995154858,192.85418651998043,8017.0888888888885
1781169886,100,,Aggregated,55.000000,0.000000,30,48,62,80,290,520,880,1100,1200,1200,1200,2573,0,34,103.46845922078771,6.455964408814907,1780.9522980824113,10496.642440730664
1781169887,100,GET,/,39.300000,0.000000,32,53,78,100,320,590,930,1100,1200,1200,1200,2001,0,33,109.54554150274758,6.59752544015646,1369.0284499898553,10529.868065967017
1781169887,100,POST,/cart,4.500000,0.000000,25,47,64,92,190,440,1000,1000,1000,1000,1000,176,0,32,105.10350976520303,9.932969696819782,1780.9522980824113,17219.198863636364
1781169887,100,POST,/cart/checkout,3.600000,0.000000,37,50,64,72,170,520,660,660,660,660,660,112,0,36,98.22501140713159,10.415147989988327,1532.9793421551585,6801.473214285715
1781169887,100,GET,/product/0PUK6V6EV0,0.700000,0.000000,8,47,47,140,140,140,140,140,140,140,140,34,0,43,91.29948100513396,6.897328421473503,764.5974326878786,7989.264705882353
1781169887,100,GET,/product/1YMWWN1N4O,0.600000,0.000000,49,49,93,93,93,93,93,93,93,93,93,35,0,45,92.06433040755135,6.740950979292393,848.6714791506529,8004.857142857143
1781169887,100,GET,/product/2ZYFJ3GM2N,0.800000,0.000000,8,94,94,100,100,100,100,100,100,100,100,38,0,36,81.64110831230094,6.964344531297684,835.1049413904548,8006.973684210527
1781169887,100,GET,/product/66VCHSJNUP,0.500000,0.000000,10,52,52,94,94,94,94,94,94,94,94,36,0,50,56.9007482069234,6.737289950251579,323.3270775526762,7964.277777777777
1781169887,100,GET,/product/6E92ZMYYFZ,0.500000,0.000000,27,27,98,98,98,98,98,98,98,98,98,42,0,39,48.70824216465865,6.961199454963207,325.0167975202203,7944.785714285715
1781169887,100,GET,/product/9SIQT8TOJO,0.900000,0.000000,52,140,150,150,150,160,160,160,160,160,160,37,0,48,72.74924613837455,6.455964408814907,751.5808409079909,8015.621621621622
1781169887,100,GET,/product/L9ECAV7KIM,0.700000,0.000000,46,48,50,50,51,51,51,51,51,51,51,29,0,44,42.19543127792662,6.860677152872086,151.73888485878706,7993.172413793103
1781169887,100,GET,/product/LS4PSXUNUM,0.600000,0.000000,44,49,53,98,150,150,150,150,150,150,150,37,0,39,39.85543118638767,6.535806693136692,148.38752057403326,7981.027027027027
1781169887,100,GET,/product/OLJCESPC7Z,0.400000,0.000000,9,9,100,100,150,150,150,150,150,150,150,47,0,16,46.64798726902363,6.911667995154858,192.85418651998043,8018.787234042553
1781169887,100,,Aggregated,53.100000,0.000000,32,52,76,95,290,520,880,1100,1200,1200,1200,2624,0,34,102.82222281008528,6.455964408814907,1780.9522980824113,10495.288109756097
1781169888,100,GET,/,37.000000,0.000000,36,54,77,97,320,590,930,1100,1200,1200,1200,2042,0,33,107.94239546501613,6.59752544015646,1369.0284499898553,10529.85847208619
1781169888,100,POST,/cart,4.300000,0.000000,47,63,88,94,190,440,1000,1000,1000,1000,1000,181,0,32,103.66373344000367,9.932969696819782,1780.9522980824113,17252.98895027624
1781169888,100,POST,/cart/checkout,3.200000,0.000000,37,50,64,72,170,520,660,660,660,660,660,113,0,36,97.51131466334373,10.415147989988327,1532.9793421551585,6801.522123893806
1781169888,100,GET,/product/0PUK6V6EV0,0.600000,0.000000,47,47,89,89,140,140,140,140,140,140,140,36,0,43,90.00318681096866,6.897328421473503,764.5974326878786,7992.194444444444
1781169888,100,GET,/product/1YMWWN1N4O,0.500000,0.000000,46,46,49,49,93,93,93,93,93,93,93,37,0,45,88.53269285346205,6.740950979292393,848.6714791506529,8003.5675675675675
1781169888,100,GET,/product/2ZYFJ3GM2N,0.500000,0.000000,38,38,94,94,100,100,100,100,100,100,100,39,0,38,80.52320114504069,6.964344531297684,835.1049413904548,8006.641025641025
1781169888,100,GET,/product/66VCHSJNUP,0.400000,0.000000,46,46,52,52,94,94,94,94,94,94,94,38,0,49,55.28415327793673,6.17571547627449,323.3270775526762,7967.026315789473
1781169888,100,GET,/product/6E92ZMYYFZ,0.400000,0.000000,27,27,98,98,98,98,98,98,98,98,98,42,0,39,48.70824216465865,6.961199454963207,325.0167975202203,7944.785714285715
1781169888,100,GET,/product/9SIQT8TOJO,0.900000,0.000000,52,140,150,150,150,160,160,160,160,160,160,38,0,44,71.0293935905946,6.455964408814907,751.5808409079909,8015.1578947368425
1781169888,100,GET,/product/L9ECAV7KIM,0.600000,0.000000,46,48,50,50,51,51,51,51,51,51,51,29,0,44,42.19543127792662,6.860677152872086,151.73888485878706,7993.172413793103
1781169888,100,GET,/product/LS4PSXUNUM,0.600000,0.000000,9,44,53,53,98,150,150,150,150,150,150,40,0,13,37.427878798916936,6.456965580582619,148.38752057403326,7981.55
1781169888,100,GET,/product/OLJCESPC7Z,0.300000,0.000000,9,41,100,100,150,150,150,150,150,150,150,48,0,16,46.53711669379845,6.911667995154858,192.85418651998043,8017.875
1781169888,100,,Aggregated,49.300000,0.000000,38,53,76,94,290,520,880,1100,1200,1200,1200,2683,0,34,101.25111452360407,6.17571547627449,1780.9522980824113,10498.087961237421
1781169889,100,GET,/,40.600000,0.000000,44,66,87,100,320,570,930,1100,1200,1200,1200,2088,0,34,106.95506321262725,6.59752544015646,1369.0284499898553,10530.159003831417
1781169889,100,POST,/cart,4.200000,0.000000,46,61,88,92,190,440,1000,1000,1000,1000,1000,186,0,32,101.80209152480607,9.932969696819782,1780.9522980824113,17261.90860215054
1781169889,100,POST,/cart/checkout,2.800000,0.000000,49,64,72,93,170,520,660,660,660,660,660,116,0,36,96.6051788358339,10.415147989988327,1532.9793421551585,6801.560344827586
1781169889,100,GET,/product/0PUK6V6EV0,0.700000,0.000000,47,66,89,89,140,140,140,140,140,140,140,37,0,46,89.34863372328314,6.897328421473503,764.5974326878786,7993.5675675675675
1781169889,100,GET,/product/1YMWWN1N4O,0.400000,0.000000,45,46,49,49,93,93,93,93,93,93,93,39,0,44,84.3595209507606,6.740950979292393,848.6714791506529,8007.2307692307695
1781169889,100,GET,/product/2ZYFJ3GM2N,0.500000,0.000000,8,38,94,94,100,100,100,100,100,100,100,41,0,36,76.99368657862267,6.964344531297684,835.1049413904548,8007.512195121952
1781169889,100,GET,/product/66VCHSJNUP,0.400000,0.000000,46,52,91,91,94,94,94,94,94,94,94,39,0,50,56.18762389685099,6.17571547627449,323.3270775526762,7966.2307692307695
1781169889,100,GET,/product/6E92ZMYYFZ,0.500000,0.000000,8,8,98,98,98,98,98,98,98,98,98,44,0,35,46.85104267925701,6.961199454963207,325.0167975202203,7945.136363636364
1781169889,100,GET,/product/9SIQT8TOJO,1.300000,0.000000,40,73,150,150,150,160,160,160,160,160,160,39,0,44,70.13843196611374,6.455964408814907,751.5808409079909,8014.461538461538
1781169889,100,GET,/product/L9ECAV7KIM,0.600000,0.000000,46,48,50,51,54,54,54,54,54,54,54,31,0,44,41.52457617343433,6.860677152872086,151.73888485878706,7991.903225806452
1781169889,100,GET,/product/LS4PSXUNUM,0.900000,0.000000,9,44,49,53,98,150,150,150,150,150,150,42,0,10,36.09995568348538,6.456965580582619,148.38752057403326,7981.880952380952
1781169889,100,GET,/product/OLJCESPC7Z,0.600000,0.000000,9,9,41,100,150,150,150,150,150,150,150,50,0,12,44.99549143016338,6.911667995154858,192.85418651998043,8019.96
1781169889,100,,Aggregated,53.500000,0.000000,43,62,86,98,290,490,860,1000,1200,1200,1200,2752,0,35,100.02093760873365,6.17571547627449,1780.9522980824113,10494.12754360465
1781169890,100,GET,/,40.500000,0.000000,43,64,86,100,320,590,930,1100,1200,1200,1200,2122,0,33,105.48818326914204,6.59752544015646,1369.0284499898553,10530.372761545712
1781169890,100,POST,/cart,4.200000,0.000000,46,61,66,88,190,440,1000,1000,1000,1000,1000,189,0,32,100.65805066436056,9.932969696819782,1780.9522980824113,17264.11111111111
1781169890,100,POST,/cart/checkout,2.300000,0.000000,42,62,65,93,170,520,660,660,660,660,660,121,0,35,93.61063065546111,9.592017158865929,1532.9793421551585,6801.396694214876
1781169890,100,GET,/product/0PUK6V6EV0,0.700000,0.000000,47,66,89,89,140,140,140,140,140,140,140,37,0,46,89.34863372328314,6.897328421473503,764.5974326878786,7993.5675675675675
1781169890,100,GET,/product/1YMWWN1N4O,0.600000,0.000000,7,46,49,49,93,93,93,93,93,93,93,40,0,43,82.4301706859842,6.740950979292393,848.6714791506529,8008.125
1781169890,100,GET,/product/2ZYFJ3GM2N,0.500000,0.000000,8,38,94,94,100,100,100,100,100,100,100,41,0,36,76.99368657862267,6.964344531297684,835.1049413904548,8007.512195121952
1781169890,100,GET,/product/66VCHSJNUP,0.600000,0.000000,46,52,91,91,94,94,94,94,94,94,94,39,0,50,56.18762389685099,6.17571547627449,323.3270775526762,7966.2307692307695
1781169890,100,GET,/product/6E92ZMYYFZ,0.400000,0.000000,8,8,98,98,98,98,98,98,98,98,98,44,0,35,46.85104267925701,6.961199454963207,325.0167975202203,7945.136363636364
1781169890,100,GET,/product/9SIQT8TOJO,1.400000,0.000000,73,140,150,150,150,160,160,160,160,160,160,40,0,40,68.94768066704273,6.455964408814907,751.5808409079909,8013.05
1781169890,100,GET,/product/L9ECAV7KIM,0.700000,0.000000,44,46,48,51,54,54,54,54,54,54,54,32,0,44,40.42190036852844,6.238950416445732,151.73888485878706,7990.28125
1781169890,100,GET,/product/LS4PSXUNUM,1.200000,0.000000,9,10,49,53,98,150,150,150,150,150,150,42,0,10,36.09995568348538,6.456965580582619,148.38752057403326,7981.880952380952
1781169890,100,GET,/product/OLJCESPC7Z,0.700000,0.000000,9,41,100,100,150,150,150,150,150,150,150,50,0,12,44.99549143016338,6.911667995154858,192.85418651998043,8019.96
1781169890,100,,Aggregated,53.800000,0.000000,42,61,85,100,290,490,860,1000,1200,1200,1200,2797,0,34,98.68686956219963,6.17571547627449,1780.9522980824113,10492.831247765464
1781169891,100,GET,/,40.800000,0.000000,42,60,85,100,320,570,930,1100,1200,1200,1200,2169,0,33,103.86175927034085,6.59752544015646,1369.0284499898553,10530.554633471646
1781169891,100,POST,/cart,3.900000,0.000000,47,63,74,78,190,440,1000,1000,1000,1000,1000,196,0,34,98.92087836027602,9.932969696819782,1780.9522980824113,17278.51020408163
1781169891,100,POST,/cart/checkout,2.600000,0.000000,37,54,65,93,170,520,660,660,660,660,660,122,0,35,92.9477191682844,9.592017158865929,1532.9793421551585,6801.450819672131
1781169891,100,GET,/product/0PUK6V6EV0,0.600000,0.000000,66,66,89,89,140,140,140,140,140,140,140,37,0,46,89.34863372328314,6.897328421473503,764.5974326878786,7993.5675675675675
1781169891,100,GET,/product/1YMWWN1N4O,0.800000,0.000000,7,7,46,46,49,49,49,49,49,49,49,40,0,43,82.4301706859842,6.740950979292393,848.6714791506529,8008.125
1781169891,100,GET,/product/2ZYFJ3GM2N,0.700000,0.000000,8,38,38,100,100,100,100,100,100,100,100,41,0,36,76.99368657862267,6.964344531297684,835.1049413904548,8007.512195121952
1781169891,100,GET,/product/66VCHSJNUP,0.700000,0.000000,10,46,46,91,91,91,91,91,91,91,91,39,0,50,56.18762389685099,6.17571547627449,323.3270775526762,7966.2307692307695
1781169891,100,GET,/product/6E92ZMYYFZ,0.300000,0.000000,8,8,98,98,98,98,98,98,98,98,98,44,0,35,46.85104267925701,6.961199454963207,325.0167975202203,7945.136363636364
1781169891,100,GET,/product/9SIQT8TOJO,1.400000,0.000000,73,150,150,150,150,160,160,160,160,160,160,40,0,40,68.94768066704273,6.455964408814907,751.5808409079909,8013.05
1781169891,100,GET,/product/L9ECAV7KIM,0.800000,0.000000,46,48,48,51,54,54,54,54,54,54,54,33,0,44,40.65728269404534,6.238950416445732,151.73888485878706,7992.121212121212
1781169891,100,GET,/product/LS4PSXUNUM,1.300000,0.000000,9,47,49,53,98,150,150,150,150,150,150,43,0,13,36.36163754691911,6.456965580582619,148.38752057403326,7981.023255813953
1781169891,100,GET,/product/OLJCESPC7Z,0.900000,0.000000,9,41,48,100,150,150,150,150,150,150,150,51,0,16,45.06329658861254,6.911667995154858,192.85418651998043,8021.176470588235
1781169891,100,,Aggregated,54.800000,0.000000,42,59,81,98,290,490,860,1000,1200,1200,1200,2855,0,34,97.36541383027144,6.17571547627449,1780.9522980824113,10507.29527145359
1781169892,100,GET,/,40.500000,0.000000,38,60,81,98,320,570,930,1100,1200,1200,1200,2214,0,33,102.48077997572673,6.59752544015646,1369.0284499898553,10530.918247515809
1781169892,100,POST,/cart,3.700000,0.000000,47,66,77,78,190,440,1000,1000,1000,1000,1000,199,0,36,98.29592463284281,9.932969696819782,1780.9522980824113,17273.22110552764
1781169892,100,POST,/cart/checkout,2.500000,0.000000,30,37,65,93,170,520,660,660,660,660,660,124,0,34,91.62179038168922,9.592017158865929,1532.9793421551585,6801.685483870968
1781169892,100,GET,/product/0PUK6V6EV0,0.600000,0.000000,47,66,89,89,140,140,140,140,140,140,140,38,0,43,87.17467425096976,6.738173775374889,764.5974326878786,7992.736842105263
1781169892,100,GET,/product/1YMWWN1N4O,0.700000,0.000000,7,8,46,46,49,49,49,49,49,49,49,41,0,43,80.62032521588773,6.740950979292393,848.6714791506529,8010.243902439024
1781169892,100,GET,/product/2ZYFJ3GM2N,0.700000,0.000000,8,8,38,38,100,100,100,100,100,100,100,42,0,11,75.32504577899263,6.910772994160652,835.1049413904548,8009.547619047619
1781169892,100,GET,/product/66VCHSJNUP,0.700000,0.000000,10,46,46,91,91,91,91,91,91,91,91,39,0,50,56.18762389685099,6.17571547627449,323.3270775526762,7966.2307692307695
1781169892,100,GET,/product/6E92ZMYYFZ,0.400000,0.000000,8,8,9,9,98,98,98,98,98,98,98,46,0,27,45.15733660968102,6.952867843210697,325.0167975202203,7948.304347826087
1781169892,100,GET,/product/9SIQT8TOJO,1.500000,0.000000,73,150,150,150,150,160,160,160,160,160,160,40,0,40,68.94768066704273,6.455964408814907,751.5808409079909,8013.05
1781169892,100,GET,/product/L9ECAV7KIM,0.900000,0.000000,48,48,51,54,55,55,55,55,55,55,55,34,0,44,41.06803106911042,6.238950416445732,151.73888485878706,7993.85294117647
1781169892,100,GET,/product/LS4PSXUNUM,1.300000,0.000000,47,49,53,98,150,150,150,150,150,150,150,43,0,13,36.36163754691911,6.456965580582619,148.38752057403326,7981.023255813953
1781169892,100,GET,/product/OLJCESPC7Z,0.800000,0.000000,9,41,48,100,150,150,150,150,150,150,150,51,0,16,45.06329658861254,6.911667995154858,192.85418651998043,8021.176470588235
1781169892,100,,Aggregated,54.300000,0.000000,40,58,78,96,290,490,860,1000,1200,1200,1200,2911,0,34,96.14589982590891,6.17571547627449,1780.9522980824113,10506.925455170045
1781169893,100,GET,/,41.000000,0.000000,38,60,85,100,320,570,930,1100,1200,1200,1200,2253,0,33,101.41163567660638,6.59752544015646,1369.0284499898553,10531.037283621838
1781169893,100,POST,/cart,4.100000,0.000000,52,74,77,85,190,440,1000,1000,1000,1000,1000,206,0,36,96.64987558408559,9.932969696819782,1780.9522980824113,17279.796116504855
1781169893,100,POST,/cart/checkout,2.200000,0.000000,37,65,93,100,520,660,660,660,660,660,660,127,0,35,90.61938709777407,9.592017158865929,1532.9793421551585,6801.496062992126
1781169893,100,GET,/product/0PUK6V6EV0,0.600000,0.000000,47,66,89,89,140,140,140,140,140,140,140,39,0,46,86.14875870541884,6.738173775374889,764.5974326878786,7992.0
1781169893,100,GET,/product/1YMWWN1N4O,0.700000,0.000000,7,8,46,46,49,49,49,49,49,49,49,41,0,43,80.62032521588773,6.740950979292393,848.6714791506529,8010.243902439024
1781169893,100,GET,/product/2ZYFJ3GM2N,0.700000,0.000000,8,8,38,38,100,100,100,100,100,100,100,42,0,11,75.32504577899263,6.910772994160652,835.1049413904548,8009.547619047619
1781169893,100,GET,/product/66VCHSJNUP,0.700000,0.000000,10,46,46,91,91,91,91,91,91,91,91,39,0,50,56.18762389685099,6.17571547627449,323.3270775526762,7966.2307692307695
1781169893,100,GET,/product/6E92ZMYYFZ,0.300000,0.000000,8,9,9,98,98,98,98,98,98,98,98,46,0,27,45.15733660968102,6.952867843210697,325.0167975202203,7948.304347826087
1781169893,100,GET,/product/9SIQT8TOJO,1.200000,0.000000,140,150,150,150,160,160,160,160,160,160,160,40,0,40,68.94768066704273,6.455964408814907,751.5808409079909,8013.05
1781169893,100,GET,/product/L9ECAV7KIM,1.000000,0.000000,48,48,51,54,55,55,55,55,55,55,55,36,0,44,40.330063577534425,6.238950416445732,151.73888485878706,7996.416666666667
1781169893,100,GET,/product/LS4PSXUNUM,1.400000,0.000000,45,49,53,53,98,150,150,150,150,150,150,44,0,13,36.56384061005983,6.456965580582619,148.38752057403326,7982.045454545455
1781169893,100,GET,/product/OLJCESPC7Z,0.900000,0.000000,9,41,48,100,150,150,150,150,150,150,150,51,0,16,45.06329658861254,6.911667995154858,192.85418651998043,8021.176470588235
1781169893,100,,Aggregated,54.800000,0.000000,40,60,83,98,290,490,860,1000,1200,1200,1200,2964,0,34,95.17989878595509,6.17571547627449,1780.9522980824113,10516.650472334682
1781169894,100,GET,/,41.600000,0.000000,36,56,84,99,300,570,930,1100,1200,1200,1200,2299,0,32,99.90310724970503,6.59752544015646,1369.0284499898553,10531.402783819052
1781169894,100,POST,/cart,3.700000,0.000000,48,74,77,85,190,440,1000,1000,1000,1000,1000,207,0,36,96.24121802440588,9.932969696819782,1780.9522980824113,17282.507246376812
1781169894,100,POST,/cart/checkout,2.400000,0.000000,30,54,70,93,170,520,660,660,660,660,660,132,0,34,87.9993585051235,9.592017158865929,1532.9793421551585,6801.674242424242
1781169894,100,GET,/product/0PUK6V6EV0,0.700000,0.000000,47,51,66,89,140,140,140,140,140,140,140,40,0,46,85.26727796997875,6.738173775374889,764.5974326878786,7993.725
1781169894,100,GET,/product/1YMWWN1N4O,0.600000,0.000000,7,7,8,8,46,46,46,46,46,46,46,41,0,43,80.62032521588773,6.740950979292393,848.6714791506529,8010.243902439024
1781169894,100,GET,/product/2ZYFJ3GM2N,0.600000,0.000000,38,38,51,51,100,100,100,100,100,100,100,43,0,36,74.766221629499,6.910772994160652,835.1049413904548,8011.209302325581
1781169894,100,GET,/product/66VCHSJNUP,0.500000,0.000000,46,46,91,91,91,91,91,91,91,91,91,39,0,50,56.18762389685099,6.17571547627449,323.3270775526762,7966.2307692307695
1781169894,100,GET,/product/6E92ZMYYFZ,0.400000,0.000000,8,9,9,98,98,98,98,98,98,98,98,46,0,27,45.15733660968102,6.952867843210697,325.0167975202203,7948.304347826087
1781169894,100,GET,/product/9SIQT8TOJO,1.100000,0.000000,73,150,150,150,150,160,160,160,160,160,160,41,0,44,68.52526063235794,6.455964408814907,751.5808409079909,8015.0
1781169894,100,GET,/product/L9ECAV7KIM,1.000000,0.000000,48,51,54,54,55,73,73,73,73,73,73,38,0,46,41.4794560668892,6.238950416445732,151.73888485878706,7998.763157894737
1781169894,100,GET,/product/LS4PSXUNUM,1.300000,0.000000,10,47,53,53,98,150,150,150,150,150,150,45,0,13,35.912752855155205,6.456965580582619,148.38752057403326,7983.377777777778
1781169894,100,GET,/product/OLJCESPC7Z,0.900000,0.000000,41,48,70,100,150,150,150,150,150,150,150,52,0,16,45.545766577841,6.911667995154858,192.85418651998043,8022.192307692308
1781169894,100,,Aggregated,54.800000,0.000000,37,56,81,94,280,460,860,1000,1200,1200,1200,3023,0,33,93.87526515929206,6.17571547627449,1780.9522980824113,10507.74892490903
1781169895,100,GET,/,41.700000,0.000000,33,50,67,82,170,330,800,860,1200,1200,1200,2348,0,32,98.47591290594708,6.59752544015646,1369.0284499898553,10531.636286201023
1781169895,100,POST,/cart,4.200000,0.000000,47,66,74,76,88,110,190,190,190,190,190,210,0,36,95.4901214289878,9.932969696819782,1780.9522980824113,17291.014285714286
1781169895,100,POST,/cart/checkout,2.300000,0.000000,22,45,54,65,70,93,100,100,100,100,100,133,0,34,87.69495290164885,9.592017158865929,1532.9793421551585,6801.458646616541
1781169895,100,GET,/product/0PUK6V6EV0,0.800000,0.000000,49,51,66,89,140,140,140,140,140,140,140,42,0,46,83.44442129046435,6.738173775374889,764.5974326878786,7996.452380952381
1781169895,100,GET,/product/1YMWWN1N4O,0.600000,0.000000,7,7,8,8,46,46,46,46,46,46,46,41,0,43,80.62032521588773,6.740950979292393,848.6714791506529,8010.243902439024
1781169895,100,GET,/product/2ZYFJ3GM2N,0.500000,0.000000,8,38,51,51,100,100,100,100,100,100,100,45,0,11,71.78072503043546,6.910772994160652,835.1049413904548,8009.688888888889
1781169895,100,GET,/product/66VCHSJNUP,0.300000,0.000000,46,46,91,91,91,91,91,91,91,91,91,39,0,50,56.18762389685099,6.17571547627449,323.3270775526762,7966.2307692307695
1781169895,100,GET,/product/6E92ZMYYFZ,0.500000,0.000000,8,9,9,98,98,98,98,98,98,98,98,46,0,27,45.15733660968102,6.952867843210697,325.0167975202203,7948.304347826087
1781169895,100,GET,/product/9SIQT8TOJO,1.000000,0.000000,140,150,150,150,160,160,160,160,160,160,160,42,0,40,67.04399716996011,6.312195211648941,751.5808409079909,8015.714285714285
1781169895,100,GET,/product/L9ECAV7KIM,1.100000,0.000000,48,52,54,54,55,73,73,73,73,73,73,39,0,47,41.73009993078617,6.238950416445732,151.73888485878706,8000.666666666667
1781169895,100,GET,/product/LS4PSXUNUM,1.100000,0.000000,45,48,49,53,98,150,150,150,150,150,150,47,0,30,36.43852450508386,6.456965580582619,148.38752057403326,7981.574468085107
1781169895,100,GET,/product/OLJCESPC7Z,0.800000,0.000000,37,48,70,70,100,150,150,150,150,150,150,54,0,16,44.709319507496225,6.911667995154858,192.85418651998043,8022.2037037037035
1781169895,100,,Aggregated,54.900000,0.000000,34,50,66,77,150,290,520,830,1200,1200,1200,3086,0,33,92.61724559079593,6.17571547627449,1780.9522980824113,10506.163318211276
1781169896,100,GET,/,41.200000,0.000000,27,39,48,53,76,92,100,120,160,160,160,2379,0,32,97.48053379410102,6.59752544015646,1369.0284499898553,10531.809583858763
1781169896,100,POST,/cart,3.800000,0.000000,42,61,68,74,78,88,94,94,94,94,94,215,0,34,93.68673050126364,9.932969696819782,1780.9522980824113,17304.86046511628
1781169896,100,POST,/cart/checkout,2.400000,0.000000,14,31,48,54,70,93,100,100,100,100,100,138,0,31,85.06045952790241,9.592017158865929,1532.9793421551585,6801.391304347826
1781169896,100,GET,/product/0PUK6V6EV0,0.800000,0.000000,49,51,66,66,89,89,89,89,89,89,89,42,0,46,83.44442129046435,6.738173775374889,764.5974326878786,7996.452380952381
1781169896,100,GET,/product/1YMWWN1N4O,0.600000,0.000000,7,7,8,8,46,46,46,46,46,46,46,41,0,43,80.62032521588773,6.740950979292393,848.6714791506529,8010.243902439024
1781169896,100,GET,/product/2ZYFJ3GM2N,0.500000,0.000000,8,8,38,38,51,51,51,51,51,51,51,45,0,11,71.78072503043546,6.910772994160652,835.1049413904548,8009.688888888889
1781169896,100,GET,/product/66VCHSJNUP,0.300000,0.000000,46,46,91,91,91,91,91,91,91,91,91,39,0,50,56.18762389685099,6.17571547627449,323.3270775526762,7966.2307692307695
1781169896,100,GET,/product/6E92ZMYYFZ,0.500000,0.000000,8,9,9,98,98,98,98,98,98,98,98,46,0,27,45.15733660968102,6.952867843210697,325.0167975202203,7948.304347826087
1781169896,100,GET,/product/9SIQT8TOJO,1.000000,0.000000,23,36,36,52,52,52,52,52,52,52,52,42,0,40,67.04399716996011,6.312195211648941,751.5808409079909,8015.714285714285
1781169896,100,GET,/product/L9ECAV7KIM,1.100000,0.000000,48,52,54,54,55,73,73,73,73,73,73,39,0,47,41.73009993078617,6.238950416445732,151.73888485878706,8000.666666666667
1781169896,100,GET,/product/LS4PSXUNUM,1.100000,0.000000,10,45,47,48,49,49,49,49,49,49,49,47,0,30,36.43852450508386,6.456965580582619,148.38752057403326,7981.574468085107
1781169896,100,GET,/product/OLJCESPC7Z,0.800000,0.000000,9,37,41,48,70,70,70,70,70,70,70,56,0,12,43.36341467153813,6.911667995154858,192.85418651998043,8020.875
1781169896,100,,Aggregated,54.100000,0.000000,26,41,49,53,74,89,98,100,160,160,160,3129,0,32,91.62040603739713,6.17571547627449,1780.9522980824113,10510.806327900287
1781169897,100,GET,/,42.800000,0.000000,26,38,48,54,77,93,100,120,160,160,160,2379,0,32,97.48053379410102,6.59752544015646,1369.0284499898553,10531.809583858763
1781169897,100,POST,/cart,4.000000,0.000000,42,52,68,74,77,85,94,94,94,94,94,215,0,34,93.68673050126364,9.932969696819782,1780.9522980824113,17304.86046511628
1781169897,100,POST,/cart/checkout,2.500000,0.000000,14,31,48,54,70,93,1000,1000,1000,1000,1000,139,0,31,91.86823936112279,9.592017158865929,1532.9793421551585,6801.431654676259
1781169897,100,GET,/product/0PUK6V6EV0,0.900000,0.000000,49,51,66,66,89,89,89,89,89,89,89,42,0,46,83.44442129046435,6.738173775374889,764.5974326878786,7996.452380952381
1781169897,100,GET,/product/1YMWWN1N4O,0.600000,0.000000,7,7,8,8,8,8,8,8,8,8,8,41,0,43,80.62032521588773,6.740950979292393,848.6714791506529,8010.243902439024
1781169897,100,GET,/product/2ZYFJ3GM2N,0.600000,0.000000,8,8,8,8,51,51,51,51,51,51,51,45,0,11,71.78072503043546,6.910772994160652,835.1049413904548,8009.688888888889
1781169897,100,GET,/product/66VCHSJNUP,0.300000,0.000000,91,91,91,91,91,91,91,91,91,91,91,39,0,50,56.18762389685099,6.17571547627449,323.3270775526762,7966.2307692307695
1781169897,100,GET,/product/6E92ZMYYFZ,0.500000,0.000000,8,8,9,9,9,9,9,9,9,9,9,46,0,27,45.15733660968102,6.952867843210697,325.0167975202203,7948.304347826087
1781169897,100,GET,/product/9SIQT8TOJO,1.000000,0.000000,23,36,36,52,52,52,52,52,52,52,52,42,0,40,67.04399716996011,6.312195211648941,751.5808409079909,8015.714285714285
1781169897,100,GET,/product/L9ECAV7KIM,1.100000,0.000000,51,52,54,55,73,73,73,73,73,73,73,39,0,47,41.73009993078617,6.238950416445732,151.73888485878706,8000.666666666667
1781169897,100,GET,/product/LS4PSXUNUM,1.200000,0.000000,45,47,48,48,49,49,49,49,49,49,49,47,0,30,36.43852450508386,6.456965580582619,148.38752057403326,7981.574468085107
1781169897,100,GET,/product/OLJCESPC7Z,1.000000,0.000000,9,37,48,48,70,70,70,70,70,70,70,56,0,12,43.36341467153813,6.911667995154858,192.85418651998043,8020.875
1781169897,100,,Aggregated,56.500000,0.000000,26,40,49,54,76,92,100,120,1000,1000,1000,3130,0,32,91.92063653270324,6.17571547627449,1780.9522980824113,10509.623003194889
1781169898,100,GET,/,44.900000,0.000000,33,52,77,95,620,900,1100,1200,1200,1200,1200,2452,0,33,112.0959213193427,6.59752544015646,1369.0284499898553,10532.212479608483
1781169898,100,POST,/cart,4.000000,0.000000,52,74,77,85,430,850,1100,1100,1100,1100,1100,224,0,36,105.04151839164219,9.932969696819782,1780.9522980824113,17321.61160714286
1781169898,100,POST,/cart/checkout,2.400000,0.000000,22,48,70,130,310,520,1000,1000,1000,1000,1000,146,0,34,97.28936414706381,9.592017158865929,1532.9793421551585,6801.541095890411
1781169898,100,GET,/product/0PUK6V6EV0,0.900000,0.000000,49,51,66,66,100,100,100,100,100,100,100,43,0,47,83.82940404983454,6.738173775374889,764.5974326878786,7997.441860465116
1781169898,100,GET,/product/1YMWWN1N4O,0.600000,0.000000,8,8,8,8,8,8,8,8,8,8,8,41,0,43,80.62032521588773,6.740950979292393,848.6714791506529,8010.243902439024
1781169898,100,GET,/product/2ZYFJ3GM2N,0.800000,0.000000,8,51,97,97,150,150,150,150,150,150,150,47,0,36,74.02442564117781,6.910772994160652,835.1049413904548,8010.787234042553
1781169898,100,GET,/product/66VCHSJNUP,0.300000,0.000000,91,91,91,91,91,91,91,91,91,91,91,39,0,50,56.18762389685099,6.17571547627449,323.3270775526762,7966.2307692307695
1781169898,100,GET,/product/6E92ZMYYFZ,0.500000,0.000000,9,150,150,190,190,190,190,190,190,190,190,48,0,35,50.225847226101905,6.952867843210697,325.0167975202203,7949.729166666667
1781169898,100,GET,/product/9SIQT8TOJO,1.000000,0.000000,36,52,52,150,150,150,150,150,150,150,150,43,0,44,68.98272973160411,6.312195211648941,751.5808409079909,8015.116279069767
1781169898,100,GET,/product/L9ECAV7KIM,1.100000,0.000000,52,54,55,73,190,190,190,190,190,190,190,40,0,47,45.55339172948152,6.238950416445732,194.66177187860012,7999.75
1781169898,100,GET,/product/LS4PSXUNUM,1.300000,0.000000,47,47,48,48,49,49,49,49,49,49,49,47,0,30,36.43852450508386,6.456965580582619,148.38752057403326,7981.574468085107
1781169898,100,GET,/product/OLJCESPC7Z,1.200000,0.000000,9,37,48,70,150,150,150,150,150,150,150,57,0,16,45.225101637474275,6.911667995154858,192.85418651998043,8021.245614035088
1781169898,100,,Aggregated,59.000000,0.000000,35,53,76,94,430,850,1100,1200,1200,1200,1200,3227,0,34,104.32692425314546,6.17571547627449,1780.9522980824113,10516.307096374341
1781169899,100,GET,/,44.900000,0.000000,31,48,70,87,650,910,1100,1200,1200,1200,1200,2469,0,33,111.40102385318849,6.59752544015646,1369.0284499898553,10532.380315917375
1781169899,100,POST,/cart,4.000000,0.000000,52,74,77,85,430,850,1100,1100,1100,1100,1100,225,0,36,104.62501165353589,9.932969696819782,1780.9522980824113,17317.795555555556
1781169899,100,POST,/cart/checkout,2.400000,0.000000,22,48,110,130,310,520,1000,1000,1000,1000,1000,147,0,34,96.71504332424225,9.592017158865929,1532.9793421551585,6801.619047619048
1781169899,100,GET,/product/0PUK6V6EV0,0.900000,0.000000,49,51,66,66,100,100,100,100,100,100,100,43,0,47,83.82940404983454,6.738173775374889,764.5974326878786,7997.441860465116
1781169899,100,GET,/product/1YMWWN1N4O,0.600000,0.000000,7,7,8,8,8,8,8,8,8,8,8,42,0,20,78.86276713439396,6.740950979292393,848.6714791506529,8009.761904761905
1781169899,100,GET,/product/2ZYFJ3GM2N,0.800000,0.000000,51,51,97,97,150,150,150,150,150,150,150,47,0,36,74.02442564117781,6.910772994160652,835.1049413904548,8010.787234042553
1781169899,100,GET,/product/66VCHSJNUP,0.300000,0.000000,91,91,91,91,91,91,91,91,91,91,91,39,0,50,56.18762389685099,6.17571547627449,323.3270775526762,7966.2307692307695
1781169899,100,GET,/product/6E92ZMYYFZ,0.500000,0.000000,9,150,150,190,190,190,190,190,190,190,190,48,0,35,50.225847226101905,6.952867843210697,325.0167975202203,7949.729166666667
1781169899,100,GET,/product/9SIQT8TOJO,1.000000,0.000000,52,52,150,150,150,150,150,150,150,150,150,43,0,44,68.98272973160411,6.312195211648941,751.5808409079909,8015.116279069767
1781169899,100,GET,/product/L9ECAV7KIM,1.100000,0.000000,51,52,55,73,190,190,190,190,190,190,190,40,0,47,45.55339172948152,6.238950416445732,194.66177187860012,7999.75
1781169899,100,GET,/product/LS4PSXUNUM,1.300000,0.000000,47,48,48,49,49,49,49,49,49,49,49,47,0,30,36.43852450508386,6.456965580582619,148.38752057403326,7981.574468085107
1781169899,100,GET,/product/OLJCESPC7Z,1.200000,0.000000,37,48,70,70,150,150,150,150,150,150,150,57,0,16,45.225101637474275,6.911667995154858,192.85418651998043,8021.245614035088
1781169899,100,,Aggregated,59.000000,0.000000,33,51,74,87,490,860,1100,1200,1200,1200,1200,3247,0,34,103.75235847696263,6.17571547627449,1780.9522980824113,10516.430859254697
1781169900,100,GET,/,41.500000,0.000000,38,81,330,490,900,1100,1200,1200,1300,1300,1300,2517,0,34,122.92147475565989,6.59752544015646,1369.0284499898553,10532.592371871275
1781169900,100,POST,/cart,4.500000,0.000000,74,180,430,590,880,1100,1100,1100,1100,1100,1100,233,0,38,122.69294935442475,9.932969696819782,1780.9522980824113,17312.472103004293
1781169900,100,POST,/cart/checkout,3.400000,0.000000,45,110,150,200,310,520,1000,1000,1000,1000,1000,151,0,35,99.38112720970484,9.592017158865929,1532.9793421551585,6801.880794701987
1781169900,100,GET,/product/0PUK6V6EV0,0.700000,0.000000,49,51,100,100,160,160,160,160,160,160,160,44,0,47,85.57160859080878,6.738173775374889,764.5974326878786,7996.318181818182
1781169900,100,GET,/product/1YMWWN1N4O,0.400000,0.000000,8,8,8,8,8,8,8,8,8,8,8,42,0,20,78.86276713439396,6.740950979292393,848.6714791506529,8009.761904761905
1781169900,100,GET,/product/2ZYFJ3GM2N,0.800000,0.000000,51,97,150,150,160,160,160,160,160,160,160,48,0,36,75.80096235809226,6.910772994160652,835.1049413904548,8010.395833333333
1781169900,100,GET,/product/66VCHSJNUP,0.100000,0.000000,91,91,91,91,91,91,91,91,91,91,91,39,0,50,56.18762389685099,6.17571547627449,323.3270775526762,7966.2307692307695
1781169900,100,GET,/product/6E92ZMYYFZ,0.600000,0.000000,150,150,190,190,190,190,190,190,190,190,190,48,0,35,50.225847226101905,6.952867843210697,325.0167975202203,7949.729166666667
1781169900,100,GET,/product/9SIQT8TOJO,0.500000,0.000000,52,150,150,200,200,200,200,200,200,200,200,44,0,44,71.85873641124503,6.312195211648941,751.5808409079909,8016.613636363636
1781169900,100,GET,/product/L9ECAV7KIM,1.100000,0.000000,52,55,73,73,190,190,190,190,190,190,190,40,0,47,45.55339172948152,6.238950416445732,194.66177187860012,7999.75
1781169900,100,GET,/product/LS4PSXUNUM,0.700000,0.000000,47,48,48,49,49,49,49,49,49,49,49,47,0,30,36.43852450508386,6.456965580582619,148.38752057403326,7981.574468085107
1781169900,100,GET,/product/OLJCESPC7Z,0.900000,0.000000,48,70,150,150,170,170,170,170,170,170,170,58,0,16,47.31620464409734,6.911667995154858,192.85418651998043,8021.672413793103
1781169900,100,,Aggregated,55.200000,0.000000,42,83,220,400,840,1100,1200,1200,1300,1300,1300,3311,0,35,114.08825767148039,6.17571547627449,1780.9522980824113,10525.386288130474
1781169901,100,GET,/,39.700000,0.000000,43,120,380,550,910,1100,1200,1200,1300,1300,1300,2546,0,34,122.30867388579945,6.59752544015646,1369.0284499898553,10532.804006284368
1781169901,100,POST,/cart,3.900000,0.000000,85,200,280,450,850,920,1100,1100,1100,1100,1100,241,0,39,123.50686960293297,9.932969696819782,1780.9522980824113,17319.427385892115
1781169901,100,POST,/cart/checkout,3.100000,0.000000,61,130,170,180,280,520,1000,1000,1000,1000,1000,156,0,35,98.4668827508218,9.592017158865929,1532.9793421551585,6801.967948717948
1781169901,100,GET,/product/0PUK6V6EV0,0.700000,0.000000,49,51,100,100,160,160,160,160,160,160,160,45,0,47,83.82030702713463,6.738173775374889,764.5974326878786,7997.622222222222
1781169901,100,GET,/product/1YMWWN1N4O,0.300000,0.000000,22,24,24,200,200,200,200,200,200,200,200,45,0,24,79.09861256678899,6.740950979292393,848.6714791506529,8009.0888888888885
1781169901,100,GET,/product/2ZYFJ3GM2N,0.600000,0.000000,92,97,150,160,210,210,210,210,210,210,210,51,0,40,77.98434331940085,6.910772994160652,835.1049413904548,8011.823529411765
1781169901,100,GET,/product/66VCHSJNUP,0.000000,0.000000,91,91,210,210,210,210,210,210,210,210,210,41,0,50,60.1051349601731,6.17571547627449,323.3270775526762,7964.90243902439
1781169901,100,GET,/product/6E92ZMYYFZ,0.500000,0.000000,150,190,190,200,200,200,200,200,200,200,200,50,0,39,54.212270863354206,6.952867843210697,325.0167975202203,7952.38
1781169901,100,GET,/product/9SIQT8TOJO,0.500000,0.000000,150,150,200,200,200,200,200,200,200,200,200,45,0,48,74.77231218169133,6.312195211648941,751.5808409079909,8017.6
1781169901,100,GET,/product/L9ECAV7KIM,1.000000,0.000000,93,100,190,190,190,190,190,190,190,190,190,44,0,48,54.48136921040714,6.238950416445732,194.66177187860012,7999.363636363636
1781169901,100,GET,/product/LS4PSXUNUM,0.600000,0.000000,48,48,49,49,49,49,49,49,49,49,49,47,0,30,36.43852450508386,6.456965580582619,148.38752057403326,7981.574468085107
1781169901,100,GET,/product/OLJCESPC7Z,0.700000,0.000000,48,70,150,150,170,170,170,170,170,170,170,58,0,16,47.31620464409734,6.911667995154858,192.85418651998043,8021.672413793103
1781169901,100,,Aggregated,51.600000,0.000000,51,130,220,400,840,1100,1200,1200,1300,1300,1300,3369,0,36,113.75073754192991,6.17571547627449,1780.9522980824113,10524.739685366578
1781169902,100,GET,/,35.900000,0.000000,45,140,400,590,920,1100,1200,1200,1300,1300,1300,2584,0,34,121.30024916263176,6.59752544015646,1369.0284499898553,10532.892801857584
1781169902,100,POST,/cart,4.100000,0.000000,87,220,280,450,850,920,1100,1100,1100,1100,1100,246,0,39,122.40663862870475,9.932969696819782,1780.9522980824113,17324.914634146342
1781169902,100,POST,/cart/checkout,2.900000,0.000000,48,130,170,180,280,520,1000,1000,1000,1000,1000,157,0,36,98.37404766066629,9.592017158865929,1532.9793421551585,6802.012738853503
1781169902,100,GET,/product/0PUK6V6EV0,0.600000,0.000000,51,83,100,100,160,160,160,160,160,160,160,46,0,47,83.80090834006019,6.738173775374889,764.5974326878786,7996.326086956522
1781169902,100,GET,/product/1YMWWN1N4O,0.200000,0.000000,24,38,74,74,200,200,200,200,200,200,200,47,0,38,78.12345687775536,6.740950979292393,848.6714791506529,8009.276595744681
1781169902,100,GET,/product/2ZYFJ3GM2N,0.600000,0.000000,92,97,150,160,210,210,210,210,210,210,210,52,0,40,77.48010301461014,6.910772994160652,835.1049413904548,8012.7692307692305
1781169902,100,GET,/product/66VCHSJNUP,0.000000,0.000000,71,91,91,210,210,210,210,210,210,210,210,43,0,50,59.16878438099872,6.17571547627449,323.3270775526762,7966.46511627907
1781169902,100,GET,/product/6E92ZMYYFZ,0.400000,0.000000,150,150,190,190,200,200,200,200,200,200,200,51,0,41,54.08538079948402,6.952867843210697,325.0167975202203,7953.549019607844
1781169902,100,GET,/product/9SIQT8TOJO,0.400000,0.000000,150,200,200,200,200,200,200,200,200,200,200,45,0,48,74.77231218169133,6.312195211648941,751.5808409079909,8017.6
1781169902,100,GET,/product/L9ECAV7KIM,0.900000,0.000000,100,190,190,190,190,190,190,190,190,190,190,44,0,48,54.48136921040714,6.238950416445732,194.66177187860012,7999.363636363636
1781169902,100,GET,/product/LS4PSXUNUM,0.500000,0.000000,49,50,50,79,79,79,79,79,79,79,79,49,0,39,37.58835805846112,6.456965580582619,148.38752057403326,7980.081632653061
1781169902,100,GET,/product/OLJCESPC7Z,0.700000,0.000000,43,70,150,150,170,170,170,170,170,170,170,59,0,29,47.25032111913976,6.911667995154858,192.85418651998043,8021.983050847458
1781169902,100,,Aggregated,47.200000,0.000000,52,140,230,410,850,1100,1200,1200,1300,1300,1300,3423,0,36,112.8385500931253,6.17571547627449,1780.9522980824113,10526.744084136722
1781169903,100,GET,/,38.700000,0.000000,84,220,430,560,910,1100,1200,1200,1300,1300,1300,2635,0,35,123.40999056162768,6.59752544015646,1369.0284499898553,10533.115370018975
1781169903,100,POST,/cart,4.300000,0.000000,130,190,230,430,850,920,1100,1100,1100,1100,1100,255,0,42,123.05711959214771,9.932969696819782,1780.9522980824113,17367.156862745098
1781169903,100,POST,/cart/checkout,3.400000,0.000000,84,170,200,280,520,570,1000,1000,1000,1000,1000,160,0,36,102.53474973724224,9.592017158865929,1532.9793421551585,6802.24375
1781169903,100,GET,/product/0PUK6V6EV0,0.800000,0.000000,51,83,100,100,160,160,160,160,160,160,160,46,0,47,83.80090834006019,6.738173775374889,764.5974326878786,7996.326086956522
1781169903,100,GET,/product/1YMWWN1N4O,0.300000,0.000000,38,74,170,170,200,200,200,200,200,200,200,48,0,38,80.01354668522254,6.740950979292393,848.6714791506529,8008.958333333333
1781169903,100,GET,/product/2ZYFJ3GM2N,1.000000,0.000000,92,97,150,160,210,210,210,210,210,210,210,52,0,40,77.48010301461014,6.910772994160652,835.1049413904548,8012.7692307692305
1781169903,100,GET,/product/66VCHSJNUP,0.200000,0.000000,71,91,91,210,210,210,210,210,210,210,210,43,0,50,59.16878438099872,6.17571547627449,323.3270775526762,7966.46511627907
1781169903,100,GET,/product/6E92ZMYYFZ,0.600000,0.000000,150,150,190,190,200,200,200,200,200,200,200,51,0,41,54.08538079948402,6.952867843210697,325.0167975202203,7953.549019607844
1781169903,100,GET,/product/9SIQT8TOJO,0.500000,0.000000,150,150,200,200,200,200,200,200,200,200,200,46,0,48,74.54803948412123,6.312195211648941,751.5808409079909,8018.347826086957
1781169903,100,GET,/product/L9ECAV7KIM,1.100000,0.000000,180,190,190,190,190,190,190,190,190,190,190,45,0,48,57.22681416405572,6.238950416445732,194.66177187860012,7998.044444444445
1781169903,100,GET,/product/LS4PSXUNUM,0.400000,0.000000,50,79,79,150,150,150,150,150,150,150,150,50,0,39,39.746214766055346,6.456965580582619,148.38752057403326,7980.92
1781169903,100,GET,/product/OLJCESPC7Z,0.700000,0.000000,43,70,100,150,170,170,170,170,170,170,170,60,0,29,48.12714002716044,6.911667995154858,192.85418651998043,8022.55
1781169903,100,,Aggregated,52.000000,0.000000,86,190,280,430,830,1000,1200,1200,1300,1300,1300,3491,0,37,114.83153128269254,6.17571547627449,1780.9522980824113,10540.822686909196
1781169904,100,GET,/,37.700000,0.000000,110,240,450,600,920,1100,1200,1200,1300,1300,1300,2666,0,35,122.64820769504662,6.59752544015646,1369.0284499898553,10533.286196549137
1781169904,100,POST,/cart,4.800000,0.000000,140,190,240,430,850,920,1100,1100,1100,1100,1100,257,0,42,122.37622518208356,9.932969696819782,1780.9522980824113,17359.887159533075
1781169904,100,POST,/cart/checkout,3.300000,0.000000,92,150,200,280,520,570,1000,1000,1000,1000,1000,163,0,37,101.62899843731358,9.592017158865929,1532.9793421551585,6802.380368098159
1781169904,100,GET,/product/0PUK6V6EV0,0.800000,0.000000,51,83,100,100,160,160,160,160,160,160,160,47,0,47,82.18528076689294,6.738173775374889,764.5974326878786,7996.148936170212
1781169904,100,GET,/product/1YMWWN1N4O,0.600000,0.000000,38,74,170,170,200,200,200,200,200,200,200,48,0,38,80.01354668522254,6.740950979292393,848.6714791506529,8008.958333333333
1781169904,100,GET,/product/2ZYFJ3GM2N,1.000000,0.000000,52,97,150,150,160,210,210,210,210,210,210,54,0,38,74.91487602668779,6.910772994160652,835.1049413904548,8014.0
1781169904,100,GET,/product/66VCHSJNUP,0.400000,0.000000,71,71,210,210,210,210,210,210,210,210,210,43,0,50,59.16878438099872,6.17571547627449,323.3270775526762,7966.46511627907
1781169904,100,GET,/product/6E92ZMYYFZ,0.600000,0.000000,150,150,190,190,200,200,200,200,200,200,200,52,0,39,53.234692483853834,6.952867843210697,325.0167975202203,7953.038461538462
1781169904,100,GET,/product/9SIQT8TOJO,0.500000,0.000000,64,150,200,200,200,200,200,200,200,200,200,48,0,48,72.68258448069294,6.312195211648941,751.5808409079909,8020.75
1781169904,100,GET,/product/L9ECAV7KIM,1.000000,0.000000,100,180,190,190,190,190,190,190,190,190,190,47,0,49,56.88179805478517,6.238950416445732,194.66177187860012,7996.425531914893
1781169904,100,GET,/product/LS4PSXUNUM,0.600000,0.000000,49,50,79,79,150,150,150,150,150,150,150,53,0,39,39.00944870316757,6.456965580582619,148.38752057403326,7982.132075471698
1781169904,100,GET,/product/OLJCESPC7Z,0.800000,0.000000,43,100,150,150,170,170,170,170,170,170,170,60,0,29,48.12714002716044,6.911667995154858,192.85418651998043,8022.55
1781169904,100,,Aggregated,52.100000,0.000000,97,200,310,450,840,1100,1200,1200,1300,1300,1300,3538,0,37,113.95559625735916,6.17571547627449,1780.9522980824113,10533.175522894291
1781169905,100,GET,/,36.900000,0.000000,110,240,450,600,920,1100,1200,1200,1300,1300,1300,2705,0,35,121.36156057212467,6.59752544015646,1369.0284499898553,10533.384103512015
1781169905,100,POST,/cart,4.400000,0.000000,130,190,230,430,850,920,1100,1100,1100,1100,1100,262,0,42,120.36952517485915,9.932969696819782,1780.9522980824113,17358.98473282443
1781169905,100,POST,/cart/checkout,3.400000,0.000000,84,150,200,200,340,570,1000,1000,1000,1000,1000,166,0,36,100.20724636311812,9.592017158865929,1532.9793421551585,6802.27108433735
1781169905,100,GET,/product/0PUK6V6EV0,0.700000,0.000000,83,100,100,160,160,160,160,160,160,160,160,47,0,47,82.18528076689294,6.738173775374889,764.5974326878786,7996.148936170212
1781169905,100,GET,/product/1YMWWN1N4O,0.600000,0.000000,38,74,93,170,200,200,200,200,200,200,200,50,0,38,79.37883103266358,6.740950979292393,848.6714791506529,8009.42
1781169905,100,GET,/product/2ZYFJ3GM2N,1.000000,0.000000,52,92,150,150,160,210,210,210,210,210,210,55,0,38,73.67102390324527,6.503009237349033,835.1049413904548,8013.527272727273
1781169905,100,GET,/product/66VCHSJNUP,0.400000,0.000000,71,71,210,210,210,210,210,210,210,210,210,43,0,50,59.16878438099872,6.17571547627449,323.3270775526762,7966.46511627907
1781169905,100,GET,/product/6E92ZMYYFZ,0.500000,0.000000,150,150,190,190,200,200,200,200,200,200,200,52,0,39,53.234692483853834,6.952867843210697,325.0167975202203,7953.038461538462
1781169905,100,GET,/product/9SIQT8TOJO,0.600000,0.000000,150,150,200,200,200,200,200,200,200,200,200,48,0,48,72.68258448069294,6.312195211648941,751.5808409079909,8020.75
1781169905,100,GET,/product/L9ECAV7KIM,0.800000,0.000000,100,180,190,190,190,190,190,190,190,190,190,49,0,48,55.695686983514804,6.238950416445732,194.66177187860012,7996.183673469388
1781169905,100,GET,/product/LS4PSXUNUM,0.500000,0.000000,49,50,79,79,150,150,150,150,150,150,150,54,0,39,39.10199945999516,6.456965580582619,148.38752057403326,7982.722222222223
1781169905,100,GET,/product/OLJCESPC7Z,0.800000,0.000000,100,150,150,170,170,170,170,170,170,170,170,60,0,29,48.12714002716044,6.911667995154858,192.85418651998043,8022.55
1781169905,100,,Aggregated,50.600000,0.000000,95,200,310,450,840,1100,1200,1200,1300,1300,1300,3591,0,36,112.74498655787295,6.17571547627449,1780.9522980824113,10535.34224450014
1781169906,100,GET,/,36.800000,0.000000,94,210,380,550,870,1100,1200,1200,1300,1300,1300,2757,0,36,120.4034796806838,6.59752544015646,1369.0284499898553,10533.70475154153
1781169906,100,POST,/cart,4.900000,0.000000,120,180,230,280,670,920,1100,1100,1100,1100,1100,267,0,42,119.5680776380756,9.932969696819782,1780.9522980824113,17374.052434456928
1781169906,100,POST,/cart/checkout,3.100000,0.000000,84,150,200,200,340,570,1000,1000,1000,1000,1000,169,0,35,98.72249781137563,9.592017158865929,1532.9793421551585,6801.786982248521
1781169906,100,GET,/product/0PUK6V6EV0,0.800000,0.000000,83,98,100,100,160,160,160,160,160,160,160,49,0,47,82.51474849043451,6.738173775374889,764.5974326878786,7996.9795918367345
1781169906,100,GET,/product/1YMWWN1N4O,0.700000,0.000000,38,74,93,170,200,200,200,200,200,200,200,51,0,38,78.3940775173844,6.740950979292393,848.6714791506529,8010.862745098039
1781169906,100,GET,/product/2ZYFJ3GM2N,1.100000,0.000000,92,97,150,160,210,210,210,210,210,210,210,55,0,38,73.67102390324527,6.503009237349033,835.1049413904548,8013.527272727273
1781169906,100,GET,/product/66VCHSJNUP,0.400000,0.000000,68,69,71,96,210,210,210,210,210,210,210,48,0,51,59.148931177333,6.17571547627449,323.3270775526762,7968.5625
1781169906,100,GET,/product/6E92ZMYYFZ,0.500000,0.000000,150,150,190,190,200,200,200,200,200,200,200,52,0,39,53.234692483853834,6.952867843210697,325.0167975202203,7953.038461538462
1781169906,100,GET,/product/9SIQT8TOJO,0.700000,0.000000,64,150,200,200,200,200,200,200,200,200,200,49,0,48,72.29989740465369,6.312195211648941,751.5808409079909,8021.2040816326535
1781169906,100,GET,/product/L9ECAV7KIM,0.900000,0.000000,93,180,190,190,190,190,190,190,190,190,190,50,0,48,55.62702987343073,6.238950416445732,194.66177187860012,7997.72
1781169906,100,GET,/product/LS4PSXUNUM,0.600000,0.000000,49,50,79,79,150,150,150,150,150,150,150,54,0,39,39.10199945999516,6.456965580582619,148.38752057403326,7982.722222222223
1781169906,100,GET,/product/OLJCESPC7Z,0.900000,0.000000,100,150,150,170,170,170,170,170,170,170,170,61,0,31,48.67648785231543,6.911667995154858,192.85418651998043,8021.672131147541
1781169906,100,,Aggregated,51.400000,0.000000,91,170,230,390,780,1000,1200,1200,1300,1300,1300,3662,0,37,111.86962648422535,6.17571547627449,1780.9522980824113,10535.311578372473
1781169907,100,GET,/,35.400000,0.000000,60,100,160,210,550,940,1100,1200,1300,1300,1300,2791,0,35,119.1382180557018,6.59752544015646,1369.0284499898553,10533.855965603727
1781169907,100,POST,/cart,5.100000,0.000000,96,150,190,200,630,880,1100,1100,1100,1100,1100,271,0,42,118.23735493699233,9.932969696819782,1780.9522980824113,17386.738007380074
1781169907,100,POST,/cart/checkout,3.100000,0.000000,50,84,150,170,280,340,570,570,570,570,570,172,0,34,97.29642340870097,9.592017158865929,1532.9793421551585,6802.029069767442
1781169907,100,GET,/product/0PUK6V6EV0,0.500000,0.000000,83,98,100,100,160,160,160,160,160,160,160,50,0,47,81.01014599204063,6.738173775374889,764.5974326878786,7995.92
1781169907,100,GET,/product/1YMWWN1N4O,0.800000,0.000000,38,74,93,170,200,200,200,200,200,200,200,51,0,38,78.3940775173844,6.740950979292393,848.6714791506529,8010.862745098039
1781169907,100,GET,/product/2ZYFJ3GM2N,1.200000,0.000000,92,97,150,160,210,210,210,210,210,210,210,55,0,38,73.67102390324527,6.503009237349033,835.1049413904548,8013.527272727273
1781169907,100,GET,/product/66VCHSJNUP,0.400000,0.000000,68,69,71,96,210,210,210,210,210,210,210,49,0,51,58.08321031152594,6.17571547627449,323.3270775526762,7969.510204081633
1781169907,100,GET,/product/6E92ZMYYFZ,0.600000,0.000000,95,150,190,190,200,200,200,200,200,200,200,53,0,39,52.36960596071099,6.952867843210697,325.0167975202203,7954.075471698113
1781169907,100,GET,/product/9SIQT8TOJO,0.600000,0.000000,64,150,200,200,200,200,200,200,200,200,200,50,0,48,70.99340030923486,6.312195211648941,751.5808409079909,8022.04
1781169907,100,GET,/product/L9ECAV7KIM,0.900000,0.000000,93,180,190,190,190,190,190,190,190,190,190,50,0,48,55.62702987343073,6.238950416445732,194.66177187860012,7997.72
1781169907,100,GET,/product/LS4PSXUNUM,0.700000,0.000000,49,49,50,79,150,150,150,150,150,150,150,55,0,39,38.51951313289729,6.456965580582619,148.38752057403326,7981.963636363636
1781169907,100,GET,/product/OLJCESPC7Z,0.700000,0.000000,100,100,150,150,170,170,170,170,170,170,170,62,0,29,47.99118976018602,6.188006140291691,192.85418651998043,8020.564516129032
1781169907,100,,Aggregated,50.000000,0.000000,61,98,160,190,440,780,1100,1200,1300,1300,1300,3709,0,36,110.66036697037178,6.17571547627449,1780.9522980824113,10536.582367214884
1781169908,100,GET,/,36.100000,0.000000,59,95,150,200,540,810,1100,1200,1300,1300,1300,2831,0,35,117.96880939120709,6.59752544015646,1369.0284499898553,10534.024019780996
1781169908,100,POST,/cart,5.300000,0.000000,92,150,180,200,630,880,1100,1100,1100,1100,1100,275,0,42,117.16479770839214,9.932969696819782,1780.9522980824113,17373.14909090909
1781169908,100,POST,/cart/checkout,3.400000,0.000000,50,83,150,170,280,340,570,570,570,570,570,174,0,34,96.73088540633519,9.592017158865929,1532.9793421551585,6802.281609195402
1781169908,100,GET,/product/0PUK6V6EV0,0.500000,0.000000,82,83,98,98,160,160,160,160,160,160,160,51,0,47,79.55787971834926,6.738173775374889,764.5974326878786,7995.137254901961
1781169908,100,GET,/product/1YMWWN1N4O,1.000000,0.000000,35,74,93,93,170,200,200,200,200,200,200,52,0,35,77.0234156650706,6.740950979292393,848.6714791506529,8010.192307692308
1781169908,100,GET,/product/2ZYFJ3GM2N,1.000000,0.000000,52,92,160,160,210,210,210,210,210,210,210,55,0,38,73.67102390324527,6.503009237349033,835.1049413904548,8013.527272727273
1781169908,100,GET,/product/66VCHSJNUP,0.600000,0.000000,64,69,71,71,96,210,210,210,210,210,210,50,0,51,57.942858785390854,6.17571547627449,323.3270775526762,7970.82
1781169908,100,GET,/product/6E92ZMYYFZ,0.600000,0.000000,48,95,95,200,200,200,200,200,200,200,200,53,0,39,52.36960596071099,6.952867843210697,325.0167975202203,7954.075471698113
1781169908,100,GET,/product/9SIQT8TOJO,0.700000,0.000000,54,64,200,200,200,200,200,200,200,200,200,51,0,48,70.55321792323215,6.312195211648941,751.5808409079909,8020.705882352941
1781169908,100,GET,/product/L9ECAV7KIM,1.100000,0.000000,52,100,180,180,190,190,190,190,190,190,190,51,0,48,54.687496329493385,6.238950416445732,194.66177187860012,7998.882352941177
1781169908,100,GET,/product/LS4PSXUNUM,0.700000,0.000000,44,49,50,79,150,150,150,150,150,150,150,57,0,30,37.41289565764498,6.456965580582619,148.38752057403326,7984.298245614035
1781169908,100,GET,/product/OLJCESPC7Z,0.500000,0.000000,82,100,100,170,170,170,170,170,170,170,170,62,0,29,47.99118976018602,6.188006140291691,192.85418651998043,8020.564516129032
1781169908,100,,Aggregated,51.500000,0.000000,60,94,150,190,410,770,1100,1100,1300,1300,1300,3762,0,36,109.59696063572805,6.17571547627449,1780.9522980824113,10536.296384901649
1781169909,100,GET,/,39.800000,0.000000,52,88,120,160,430,780,1100,1200,1300,1300,1300,2883,0,35,116.51588075910897,6.59752544015646,1369.0284499898553,10534.349982656955
1781169909,100,POST,/cart,5.400000,0.000000,83,130,150,180,240,450,1100,1100,1100,1100,1100,277,0,42,116.86488467231662,9.932969696819782,1780.9522980824113,17371.483754512636
1781169909,100,POST,/cart/checkout,3.200000,0.000000,50,68,92,150,200,340,570,570,570,570,570,175,0,35,96.47376372878041,9.592017158865929,1532.9793421551585,6802.434285714286
1781169909,100,GET,/product/0PUK6V6EV0,0.800000,0.000000,39,82,83,98,160,160,160,160,160,160,160,52,0,46,78.78627314662131,6.738173775374889,764.5974326878786,7995.903846153846
1781169909,100,GET,/product/1YMWWN1N4O,1.000000,0.000000,38,74,93,170,200,200,200,200,200,200,200,52,0,35,77.0234156650706,6.740950979292393,848.6714791506529,8010.192307692308
1781169909,100,GET,/product/2ZYFJ3GM2N,1.000000,0.000000,52,92,160,160,210,210,210,210,210,210,210,55,0,38,73.67102390324527,6.503009237349033,835.1049413904548,8013.527272727273
1781169909,100,GET,/product/66VCHSJNUP,1.000000,0.000000,64,69,71,71,96,210,210,210,210,210,210,50,0,51,57.942858785390854,6.17571547627449,323.3270775526762,7970.82
1781169909,100,GET,/product/6E92ZMYYFZ,0.600000,0.000000,48,48,95,95,200,200,200,200,200,200,200,54,0,35,51.53765508698093,6.952867843210697,325.0167975202203,7954.092592592592
1781169909,100,GET,/product/9SIQT8TOJO,0.800000,0.000000,54,64,96,200,200,200,200,200,200,200,200,52,0,48,71.04204326438216,6.312195211648941,751.5808409079909,8022.173076923077
1781169909,100,GET,/product/L9ECAV7KIM,1.100000,0.000000,52,93,100,180,190,190,190,190,190,190,190,53,0,48,55.065142658521545,6.238950416445732,194.66177187860012,7996.396226415094
1781169909,100,GET,/product/LS4PSXUNUM,0.800000,0.000000,44,49,50,79,150,150,150,150,150,150,150,57,0,30,37.41289565764498,6.456965580582619,148.38752057403326,7984.298245614035
1781169909,100,GET,/product/OLJCESPC7Z,0.500000,0.000000,82,100,100,170,170,170,170,170,170,170,170,62,0,29,47.99118976018602,6.188006140291691,192.85418651998043,8020.564516129032
1781169909,100,,Aggregated,56.000000,0.000000,54,88,120,160,310,660,1000,1100,1300,1300,1300,3822,0,36,108.50983255112486,6.17571547627449,1780.9522980824113,10535.66797488226
1781169910,100,GET,/,36.900000,0.000000,39,65,84,93,150,210,450,560,570,570,570,2924,0,35,115.40311669947378,6.59752544015646,1369.0284499898553,10534.646032831737
1781169910,100,POST,/cart,5.100000,0.000000,62,83,96,110,150,150,190,190,190,190,190,282,0,42,115.3322923862448,9.932969696819782,1780.9522980824113,17390.372340425532
1781169910,100,POST,/cart/checkout,2.800000,0.000000,26,52,82,83,92,340,570,570,570,570,570,176,0,35,96.38939942868257,9.592017158865929,1532.9793421551585,6802.335227272727
1781169910,100,GET,/product/0PUK6V6EV0,0.700000,0.000000,39,82,83,83,98,98,98,98,98,98,98,52,0,46,78.78627314662131,6.738173775374889,764.5974326878786,7995.903846153846
1781169910,100,GET,/product/1YMWWN1N4O,1.100000,0.000000,35,74,93,93,120,170,170,170,170,170,170,54,0,35,76.47358481254842,6.719829514622688,848.6714791506529,8011.574074074074
1781169910,100,GET,/product/2ZYFJ3GM2N,0.800000,0.000000,9,9,52,52,52,52,52,52,52,52,52,55,0,38,73.67102390324527,6.503009237349033,835.1049413904548,8013.527272727273
1781169910,100,GET,/product/66VCHSJNUP,1.100000,0.000000,55,68,69,71,96,96,96,96,96,96,96,50,0,51,57.942858785390854,6.17571547627449,323.3270775526762,7970.82
1781169910,100,GET,/product/6E92ZMYYFZ,0.500000,0.000000,10,10,48,48,48,48,48,48,48,48,48,54,0,35,51.53765508698093,6.952867843210697,325.0167975202203,7954.092592592592
1781169910,100,GET,/product/9SIQT8TOJO,0.800000,0.000000,54,64,96,200,200,200,200,200,200,200,200,53,0,48,69.86243117881834,6.312195211648941,751.5808409079909,8022.754716981132
1781169910,100,GET,/product/L9ECAV7KIM,1.100000,0.000000,52,93,100,180,190,190,190,190,190,190,190,54,0,48,54.797270852658485,6.238950416445732,194.66177187860012,7997.0
1781169910,100,GET,/product/LS4PSXUNUM,0.800000,0.000000,44,49,50,79,150,150,150,150,150,150,150,57,0,30,37.41289565764498,6.456965580582619,148.38752057403326,7984.298245614035
1781169910,100,GET,/product/OLJCESPC7Z,0.500000,0.000000,43,82,82,100,100,100,100,100,100,100,100,63,0,29,47.58552994046892,6.188006140291691,192.85418651998043,8021.603174603175
1781169910,100,,Aggregated,52.200000,0.000000,40,65,82,92,150,210,360,550,570,570,570,3874,0,36,107.55748097858381,6.17571547627449,1780.9522980824113,10541.902168301498
1781169911,100,GET,/,40.000000,0.000000,38,60,81,90,150,210,450,560,570,570,570,2975,0,35,114.15410184497092,6.59752544015646,1369.0284499898553,10535.052773109244
1781169911,100,POST,/cart,5.200000,0.000000,61,83,96,110,150,150,190,190,190,190,190,287,0,42,114.16134487785632,9.220686741173267,1780.9522980824113,17388.829268292684
1781169911,100,POST,/cart/checkout,2.800000,0.000000,26,52,82,83,140,340,570,570,570,570,570,179,0,35,95.67622131246594,9.592017158865929,1532.9793421551585,6802.128491620112
1781169911,100,GET,/product/0PUK6V6EV0,0.900000,0.000000,39,82,83,83,98,98,98,98,98,98,98,52,0,46,78.78627314662131,6.738173775374889,764.5974326878786,7995.903846153846
1781169911,100,GET,/product/1YMWWN1N4O,1.000000,0.000000,38,42,93,120,170,170,170,170,170,170,170,55,0,38,75.84574647586454,6.719829514622688,848.6714791506529,8012.363636363636
1781169911,100,GET,/product/2ZYFJ3GM2N,0.800000,0.000000,45,45,49,49,52,52,52,52,52,52,52,57,0,40,72.73752373038677,6.503009237349033,835.1049413904548,8013.631578947368
1781169911,100,GET,/product/66VCHSJNUP,1.100000,0.000000,55,68,69,71,96,96,96,96,96,96,96,50,0,51,57.942858785390854,6.17571547627449,323.3270775526762,7970.82
1781169911,100,GET,/product/6E92ZMYYFZ,0.600000,0.000000,10,10,48,48,48,48,48,48,48,48,48,54,0,35,51.53765508698093,6.952867843210697,325.0167975202203,7954.092592592592
1781169911,100,GET,/product/9SIQT8TOJO,0.900000,0.000000,52,54,64,64,96,96,96,96,96,96,96,53,0,48,69.86243117881834,6.312195211648941,751.5808409079909,8022.754716981132
1781169911,100,GET,/product/L9ECAV7KIM,1.300000,0.000000,48,49,52,52,92,180,180,180,180,180,180,55,0,48,53.94500263712623,6.238950416445732,194.66177187860012,7997.472727272727
1781169911,100,GET,/product/LS4PSXUNUM,1.000000,0.000000,34,49,50,50,79,150,150,150,150,150,150,58,0,30,37.36171344744748,6.456965580582619,148.38752057403326,7983.827586206897
1781169911,100,GET,/product/OLJCESPC7Z,0.500000,0.000000,43,51,82,82,100,100,100,100,100,100,100,65,0,29,47.0324938543714,6.188006140291691,192.85418651998043,8021.323076923077
1781169911,100,,Aggregated,56.100000,0.000000,38,60,82,90,140,200,360,550,570,570,570,3940,0,36,106.4688313421486,6.17571547627449,1780.9522980824113,10543.344670050761
1781169912,100,GET,/,43.600000,0.000000,34,52,68,78,100,140,200,210,230,230,230,3012,0,35,113.12914065086588,6.59752544015646,1369.0284499898553,10535.201527224435
1781169912,100,POST,/cart,5.100000,0.000000,59,67,83,92,110,150,190,190,190,190,190,291,0,42,113.40929562373157,9.220686741173267,1780.9522980824113,17400.219931271477
1781169912,100,POST,/cart/checkout,2.700000,0.000000,24,29,53,82,92,140,140,140,140,140,140,180,0,34,95.20951046401427,9.592017158865929,1532.9793421551585,6802.061111111111
1781169912,100,GET,/product/0PUK6V6EV0,0.900000,0.000000,39,39,82,82,98,98,98,98,98,98,98,52,0,46,78.78627314662131,6.738173775374889,764.5974326878786,7995.903846153846
1781169912,100,GET,/product/1YMWWN1N4O,1.100000,0.000000,42,93,120,120,170,170,170,170,170,170,170,55,0,38,75.84574647586454,6.719829514622688,848.6714791506529,8012.363636363636
1781169912,100,GET,/product/2ZYFJ3GM2N,0.800000,0.000000,9,45,45,49,49,49,49,49,49,49,49,57,0,40,72.73752373038677,6.503009237349033,835.1049413904548,8013.631578947368
1781169912,100,GET,/product/66VCHSJNUP,1.100000,0.000000,55,68,69,71,96,96,96,96,96,96,96,51,0,51,56.94529662529627,6.17571547627449,323.3270775526762,7969.823529411765
1781169912,100,GET,/product/6E92ZMYYFZ,0.600000,0.000000,7,10,10,48,48,48,48,48,48,48,48,56,0,35,50.677854750704554,6.952429190278053,325.0167975202203,7955.535714285715
1781169912,100,GET,/product/9SIQT8TOJO,0.900000,0.000000,9,49,52,54,96,96,96,96,96,96,96,55,0,48,67.59343726391143,6.312195211648941,751.5808409079909,8022.618181818182
1781169912,100,GET,/product/L9ECAV7KIM,1.300000,0.000000,48,49,52,52,92,180,180,180,180,180,180,55,0,48,53.94500263712623,6.238950416445732,194.66177187860012,7997.472727272727
1781169912,100,GET,/product/LS4PSXUNUM,1.000000,0.000000,34,47,49,49,52,150,150,150,150,150,150,60,0,34,37.77235847276946,6.456965580582619,148.38752057403326,7984.083333333333
1781169912,100,GET,/product/OLJCESPC7Z,0.500000,0.000000,45,51,82,82,100,100,100,100,100,100,100,66,0,29,46.99756507056229,6.188006140291691,192.85418651998043,8020.378787878788
1781169912,100,,Aggregated,59.600000,0.000000,34,52,67,80,100,140,190,200,230,230,230,3990,0,36,105.53739214395371,6.17571547627449,1780.9522980824113,10545.005513784461
1781169913,100,GET,/,41.100000,0.000000,30,48,58,68,88,98,120,140,190,190,190,3054,0,35,111.97560633238119,6.59752544015646,1369.0284499898553,10535.403732809431
1781169913,100,POST,/cart,4.500000,0.000000,41,60,65,80,92,99,110,110,110,110,110,294,0,42,112.50893469126959,9.220686741173267,1780.9522980824113,17419.673469387755
1781169913,100,POST,/cart/checkout,2.300000,0.000000,25,52,76,82,92,140,140,140,140,140,140,182,0,35,94.94878754408641,9.592017158865929,1532.9793421551585,6801.7692307692305
1781169913,100,GET,/product/0PUK6V6EV0,0.700000,0.000000,39,39,82,82,98,98,98,98,98,98,98,52,0,46,78.78627314662131,6.738173775374889,764.5974326878786,7995.903846153846
1781169913,100,GET,/product/1YMWWN1N4O,1.200000,0.000000,35,42,93,93,120,120,120,120,120,120,120,55,0,38,75.84574647586454,6.719829514622688,848.6714791506529,8012.363636363636
1781169913,100,GET,/product/2ZYFJ3GM2N,0.400000,0.000000,45,49,49,51,51,51,51,51,51,51,51,58,0,40,72.36898194291982,6.503009237349033,835.1049413904548,8014.827586206897
1781169913,100,GET,/product/66VCHSJNUP,0.900000,0.000000,51,55,68,69,96,96,96,96,96,96,96,52,0,50,56.677966056248316,6.17571547627449,323.3270775526762,7971.0
1781169913,100,GET,/product/6E92ZMYYFZ,0.400000,0.000000,7,7,10,10,48,48,48,48,48,48,48,57,0,35,49.912690724197184,6.952429190278053,325.0167975202203,7956.877192982456
1781169913,100,GET,/product/9SIQT8TOJO,0.800000,0.000000,9,49,52,54,96,96,96,96,96,96,96,56,0,44,66.51793249017958,6.312195211648941,751.5808409079909,8023.232142857143
1781169913,100,GET,/product/L9ECAV7KIM,1.100000,0.000000,48,49,51,52,92,92,92,92,92,92,92,56,0,48,53.89173846093139,6.238950416445732,194.66177187860012,7998.321428571428
1781169913,100,GET,/product/LS4PSXUNUM,1.100000,0.000000,34,44,47,49,52,52,52,52,52,52,52,60,0,34,37.77235847276946,6.456965580582619,148.38752057403326,7984.083333333333
1781169913,100,GET,/product/OLJCESPC7Z,0.600000,0.000000,45,51,82,82,100,100,100,100,100,100,100,66,0,29,46.99756507056229,6.188006140291691,192.85418651998043,8020.378787878788
1781169913,100,,Aggregated,55.100000,0.000000,30,49,58,67,88,97,120,140,190,190,190,4042,0,36,104.5771922479775,6.17571547627449,1780.9522980824113,10546.607372587829
1781169914,100,GET,/,41.100000,0.000000,33,50,62,75,90,100,120,140,190,190,190,3082,0,35,111.54828760029578,6.59752544015646,1369.0284499898553,10535.535042180401
1781169914,100,POST,/cart,4.500000,0.000000,50,63,67,83,92,99,110,110,110,110,110,295,0,42,112.24452682092029,9.220686741173267,1780.9522980824113,17421.13898305085
1781169914,100,POST,/cart/checkout,2.300000,0.000000,24,29,67,76,83,140,140,140,140,140,140,183,0,35,94.57496157211196,9.592017158865929,1532.9793421551585,6801.5901639344265
1781169914,100,GET,/product/0PUK6V6EV0,0.700000,0.000000,39,82,82,98,98,98,98,98,98,98,98,52,0,46,78.78627314662131,6.738173775374889,764.5974326878786,7995.903846153846
1781169914,100,GET,/product/1YMWWN1N4O,1.200000,0.000000,42,49,93,93,120,120,120,120,120,120,120,56,0,38,75.37090573792479,6.719829514622688,848.6714791506529,8011.5
1781169914,100,GET,/product/2ZYFJ3GM2N,0.400000,0.000000,45,49,49,51,51,51,51,51,51,51,51,58,0,40,72.36898194291982,6.503009237349033,835.1049413904548,8014.827586206897
1781169914,100,GET,/product/66VCHSJNUP,0.900000,0.000000,51,55,68,69,96,96,96,96,96,96,96,52,0,50,56.677966056248316,6.17571547627449,323.3270775526762,7971.0
1781169914,100,GET,/product/6E92ZMYYFZ,0.400000,0.000000,7,7,10,10,48,48,48,48,48,48,48,57,0,35,49.912690724197184,6.952429190278053,325.0167975202203,7956.877192982456
1781169914,100,GET,/product/9SIQT8TOJO,0.800000,0.000000,8,9,49,54,96,96,96,96,96,96,96,57,0,44,65.47662695837126,6.312195211648941,751.5808409079909,8022.333333333333
1781169914,100,GET,/product/L9ECAV7KIM,1.100000,0.000000,48,50,51,52,92,92,92,92,92,92,92,58,0,48,53.052885586331634,6.238950416445732,194.66177187860012,7999.051724137931
1781169914,100,GET,/product/LS4PSXUNUM,1.100000,0.000000,34,44,47,47,52,52,52,52,52,52,52,61,0,34,37.2718546356334,6.456965580582619,148.38752057403326,7984.836065573771
1781169914,100,GET,/product/OLJCESPC7Z,0.600000,0.000000,22,45,51,51,82,82,82,82,82,82,82,67,0,29,46.447512471297784,6.188006140291691,192.85418651998043,8020.358208955224
1781169914,100,,Aggregated,55.100000,0.000000,33,50,62,72,89,100,120,140,190,190,190,4078,0,36,104.14745287317463,6.17571547627449,1780.9522980824113,10543.753800882785
1781169915,100,GET,/,41.900000,0.000000,35,55,77,88,120,500,790,920,1000,1000,1000,3133,0,36,115.91932930330518,6.59752544015646,1369.0284499898553,10535.907117778486
1781169915,100,POST,/cart,4.400000,0.000000,50,63,66,80,92,100,300,300,300,300,300,299,0,42,112.40874971247537,9.220686741173267,1780.9522980824113,17417.648829431437
1781169915,100,POST,/cart/checkout,2.000000,0.000000,54,76,83,140,200,490,490,490,490,490,490,189,0,36,96.59143579660585,9.592017158865929,1532.9793421551585,6801.619047619048
1781169915,100,GET,/product/0PUK6V6EV0,0.600000,0.000000,82,82,98,98,180,180,180,180,180,180,180,53,0,47,80.6301505884753,6.738173775374889,764.5974326878786,7995.0
1781169915,100,GET,/product/1YMWWN1N4O,0.800000,0.000000,42,49,93,93,120,120,120,120,120,120,120,56,0,38,75.37090573792479,6.719829514622688,848.6714791506529,8011.5
1781169915,100,GET,/product/2ZYFJ3GM2N,0.500000,0.000000,45,49,49,51,51,51,51,51,51,51,51,58,0,40,72.36898194291982,6.503009237349033,835.1049413904548,8014.827586206897
1781169915,100,GET,/product/66VCHSJNUP,0.800000,0.000000,51,68,69,69,96,96,96,96,96,96,96,52,0,50,56.677966056248316,6.17571547627449,323.3270775526762,7971.0
1781169915,100,GET,/product/6E92ZMYYFZ,0.600000,0.000000,7,48,50,50,98,98,98,98,98,98,98,59,0,39,50.73316736241519,6.952429190278053,325.0167975202203,7956.762711864407
1781169915,100,GET,/product/9SIQT8TOJO,1.000000,0.000000,8,9,49,49,96,96,96,96,96,96,96,57,0,44,65.47662695837126,6.312195211648941,751.5808409079909,8022.333333333333
1781169915,100,GET,/product/L9ECAV7KIM,1.100000,0.000000,48,51,52,52,56,92,92,92,92,92,92,59,0,48,53.10499934890007,6.238950416445732,194.66177187860012,8000.1016949152545
1781169915,100,GET,/product/LS4PSXUNUM,1.100000,0.000000,47,52,99,120,130,130,130,130,130,130,130,64,0,39,40.97807771177031,6.456965580582619,148.38752057403326,7986.3125
1781169915,100,GET,/product/OLJCESPC7Z,0.700000,0.000000,22,45,51,81,82,82,82,82,82,82,82,69,0,29,46.38241296229155,6.188006140291691,192.85418651998043,8022.434782608696
1781169915,100,,Aggregated,55.500000,0.000000,37,55,75,87,120,250,750,820,1000,1000,1000,4148,0,37,107.60889179544773,6.17571547627449,1780.9522980824113,10539.419238187078
1781169916,100,GET,/,43.000000,0.000000,34,53,69,82,110,500,790,920,1000,1000,1000,3168,0,35,114.83434790179764,6.59752544015646,1369.0284499898553,10536.118055555555
1781169916,100,POST,/cart,4.000000,0.000000,49,61,65,67,87,100,300,300,300,300,300,302,0,42,111.41917280026323,9.220686741173267,1780.9522980824113,17422.168874172185
1781169916,100,POST,/cart/checkout,2.100000,0.000000,52,71,82,83,140,200,490,490,490,490,490,193,0,36,95.27014635040044,9.592017158865929,1532.9793421551585,6801.373056994818
1781169916,100,GET,/product/0PUK6V6EV0,0.500000,0.000000,39,82,98,98,180,180,180,180,180,180,180,54,0,46,79.26363858428819,6.738173775374889,764.5974326878786,7995.962962962963
1781169916,100,GET,/product/1YMWWN1N4O,0.800000,0.000000,42,49,49,120,120,120,120,120,120,120,120,56,0,38,75.37090573792479,6.719829514622688,848.6714791506529,8011.5
1781169916,100,GET,/product/2ZYFJ3GM2N,0.500000,0.000000,45,45,49,49,51,51,51,51,51,51,51,59,0,40,71.68560907623525,6.503009237349033,835.1049413904548,8015.881355932203
1781169916,100,GET,/product/66VCHSJNUP,0.900000,0.000000,43,43,51,51,51,51,51,51,51,51,51,52,0,50,56.677966056248316,6.17571547627449,323.3270775526762,7971.0
1781169916,100,GET,/product/6E92ZMYYFZ,0.600000,0.000000,7,48,50,50,98,98,98,98,98,98,98,59,0,39,50.73316736241519,6.952429190278053,325.0167975202203,7956.762711864407
1781169916,100,GET,/product/9SIQT8TOJO,1.000000,0.000000,8,9,49,49,96,96,96,96,96,96,96,57,0,44,65.47662695837126,6.312195211648941,751.5808409079909,8022.333333333333
1781169916,100,GET,/product/L9ECAV7KIM,1.200000,0.000000,41,50,51,56,92,92,92,92,92,92,92,59,0,48,53.10499934890007,6.238950416445732,194.66177187860012,8000.1016949152545
1781169916,100,GET,/product/LS4PSXUNUM,1.000000,0.000000,47,52,99,120,130,130,130,130,130,130,130,64,0,39,40.97807771177031,6.456965580582619,148.38752057403326,7986.3125
1781169916,100,GET,/product/OLJCESPC7Z,0.700000,0.000000,10,22,45,51,81,81,81,81,81,81,81,70,0,22,45.818700255560024,6.188006140291691,192.85418651998043,8021.785714285715
1781169916,100,,Aggregated,56.300000,0.000000,35,52,68,81,110,250,750,820,1000,1000,1000,4193,0,36,106.65327462998738,6.17571547627449,1780.9522980824113,10539.426186501312
1781169917,100,GET,/,43.100000,0.000000,35,53,71,83,120,500,790,920,1000,1000,1000,3212,0,35,113.89549686266098,6.59752544015646,1369.0284499898553,10536.303237858032
1781169917,100,POST,/cart,3.500000,0.000000,49,60,65,78,87,100,300,300,300,300,300,309,0,42,109.77575898134303,9.125040844082832,1780.9522980824113,17423.30420711974
1781169917,100,POST,/cart/checkout,2.200000,0.000000,67,76,82,110,140,200,490,490,490,490,490,198,0,37,94.84157845321478,9.592017158865929,1532.9793421551585,6801.767676767677
1781169917,100,GET,/product/0PUK6V6EV0,0.500000,0.000000,39,49,50,50,180,180,180,180,180,180,180,57,0,47,77.41404176085142,6.738173775374889,764.5974326878786,7996.421052631579
1781169917,100,GET,/product/1YMWWN1N4O,0.700000,0.000000,45,45,49,49,120,120,120,120,120,120,120,57,0,42,74.84063868852039,6.719829514622688,848.6714791506529,8011.19298245614
1781169917,100,GET,/product/2ZYFJ3GM2N,0.300000,0.000000,45,49,49,51,51,51,51,51,51,51,51,60,0,38,70.6067386859407,6.503009237349033,835.1049413904548,8016.566666666667
1781169917,100,GET,/product/66VCHSJNUP,0.900000,0.000000,45,49,49,51,51,51,51,51,51,51,51,54,0,50,56.32149236690667,6.17571547627449,323.3270775526762,7970.037037037037
1781169917,100,GET,/product/6E92ZMYYFZ,0.600000,0.000000,7,48,50,50,98,98,98,98,98,98,98,60,0,35,50.00004133520027,6.745605729520321,325.0167975202203,7956.6
1781169917,100,GET,/product/9SIQT8TOJO,0.900000,0.000000,8,8,9,9,96,96,96,96,96,96,96,57,0,44,65.47662695837126,6.312195211648941,751.5808409079909,8022.333333333333
1781169917,100,GET,/product/L9ECAV7KIM,1.000000,0.000000,48,50,51,56,92,92,92,92,92,92,92,60,0,48,53.01534190463523,6.238950416445732,194.66177187860012,8001.35
1781169917,100,GET,/product/LS4PSXUNUM,1.000000,0.000000,47,52,99,120,130,130,130,130,130,130,130,65,0,39,40.45509595710497,6.456965580582619,148.38752057403326,7987.446153846154
1781169917,100,GET,/product/OLJCESPC7Z,0.800000,0.000000,10,22,45,51,81,81,81,81,81,81,81,70,0,22,45.818700255560024,6.188006140291691,192.85418651998043,8021.785714285715
1781169917,100,,Aggregated,55.500000,0.000000,38,53,69,81,110,250,750,820,1000,1000,1000,4259,0,37,105.71447303652043,6.17571547627449,1780.9522980824113,10540.602488847147
1781169918,100,GET,/,42.400000,0.000000,38,54,75,87,140,500,790,920,1000,1000,1000,3259,0,35,112.96479841571355,6.59752544015646,1369.0284499898553,10536.502915004603
1781169918,100,POST,/cart,3.500000,0.000000,37,58,61,66,82,100,300,300,300,300,300,312,0,42,109.12521375725285,9.125040844082832,1780.9522980824113,17427.63782051282
1781169918,100,POST,/cart/checkout,2.300000,0.000000,58,76,82,92,140,200,490,490,490,490,490,202,0,37,93.83519868467852,9.592017158865929,1532.9793421551585,6802.009900990099
1781169918,100,GET,/product/0PUK6V6EV0,0.700000,0.000000,39,49,50,50,180,180,180,180,180,180,180,57,0,47,77.41404176085142,6.738173775374889,764.5974326878786,7996.421052631579
1781169918,100,GET,/product/1YMWWN1N4O,0.500000,0.000000,45,49,93,93,120,120,120,120,120,120,120,59,0,42,74.00100386180615,6.719829514622688,848.6714791506529,8010.372881355932
1781169918,100,GET,/product/2ZYFJ3GM2N,0.400000,0.000000,45,45,49,49,51,51,51,51,51,51,51,61,0,38,69.55989302120736,6.503009237349033,835.1049413904548,8015.377049180328
1781169918,100,GET,/product/66VCHSJNUP,0.700000,0.000000,45,49,49,51,51,51,51,51,51,51,51,54,0,50,56.32149236690667,6.17571547627449,323.3270775526762,7970.037037037037
1781169918,100,GET,/product/6E92ZMYYFZ,0.700000,0.000000,7,48,50,50,98,98,98,98,98,98,98,61,0,35,49.294187427788486,6.745605729520321,325.0167975202203,7957.377049180328
1781169918,100,GET,/product/9SIQT8TOJO,0.800000,0.000000,8,9,59,59,96,96,96,96,96,96,96,58,0,44,65.36289204939686,6.312195211648941,751.5808409079909,8022.827586206897
1781169918,100,GET,/product/L9ECAV7KIM,0.900000,0.000000,50,51,56,57,92,92,92,92,92,92,92,61,0,48,53.078067870657954,6.238950416445732,194.66177187860012,8002.065573770492
1781169918,100,GET,/product/LS4PSXUNUM,1.000000,0.000000,47,52,99,120,130,130,130,130,130,130,130,65,0,39,40.45509595710497,6.456965580582619,148.38752057403326,7987.446153846154
1781169918,100,GET,/product/OLJCESPC7Z,1.000000,0.000000,22,45,51,59,81,81,81,81,81,81,81,71,0,29,46.007013079566015,6.188006140291691,192.85418651998043,8022.12676056338
1781169918,100,,Aggregated,54.900000,0.000000,39,54,72,81,120,250,750,820,1000,1000,1000,4320,0,37,104.89561643787764,6.17571547627449,1780.9522980824113,10538.246527777777
1781169919,100,GET,/,42.300000,0.000000,38,53,74,85,140,500,790,920,1000,1000,1000,3295,0,35,111.93704221239356,6.59752544015646,1369.0284499898553,10536.63368740516
1781169919,100,POST,/cart,3.800000,0.000000,37,56,61,64,82,100,300,300,300,300,300,315,0,42,108.20459536321107,9.125040844082832,1780.9522980824113,17422.74603174603
1781169919,100,POST,/cart/checkout,2.700000,0.000000,56,76,79,92,140,200,490,490,490,490,490,204,0,37,93.16590262175191,9.592017158865929,1532.9793421551585,6801.985294117647
1781169919,100,GET,/product/0PUK6V6EV0,0.500000,0.000000,39,49,50,50,180,180,180,180,180,180,180,58,0,46,76.19725233586183,6.738173775374889,764.5974326878786,7995.724137931034
1781169919,100,GET,/product/1YMWWN1N4O,0.600000,0.000000,45,49,93,93,120,120,120,120,120,120,120,61,0,38,71.77219309340246,5.868092179298401,848.6714791506529,8010.475409836065
1781169919,100,GET,/product/2ZYFJ3GM2N,0.500000,0.000000,45,45,49,49,51,51,51,51,51,51,51,61,0,38,69.55989302120736,6.503009237349033,835.1049413904548,8015.377049180328
1781169919,100,GET,/product/66VCHSJNUP,0.300000,0.000000,43,45,45,49,49,49,49,49,49,49,49,55,0,50,55.43030342933807,6.17571547627449,323.3270775526762,7971.218181818182
1781169919,100,GET,/product/6E92ZMYYFZ,0.700000,0.000000,7,48,50,50,98,98,98,98,98,98,98,61,0,35,49.294187427788486,6.745605729520321,325.0167975202203,7957.377049180328
1781169919,100,GET,/product/9SIQT8TOJO,0.700000,0.000000,7,8,9,9,59,59,59,59,59,59,59,59,0,44,64.38211588409997,6.312195211648941,751.5808409079909,8021.762711864407
1781169919,100,GET,/product/L9ECAV7KIM,0.900000,0.000000,48,50,51,56,57,57,57,57,57,57,57,62,0,48,52.337432881036115,6.238950416445732,194.66177187860012,8000.8387096774195
1781169919,100,GET,/product/LS4PSXUNUM,0.900000,0.000000,52,99,120,120,130,130,130,130,130,130,130,65,0,39,40.45509595710497,6.456965580582619,148.38752057403326,7987.446153846154
1781169919,100,GET,/product/OLJCESPC7Z,0.900000,0.000000,22,45,51,59,81,81,81,81,81,81,81,71,0,29,46.007013079566015,6.188006140291691,192.85418651998043,8022.12676056338
1781169919,100,,Aggregated,54.800000,0.000000,39,53,69,79,120,250,750,820,1000,1000,1000,4367,0,36,103.95207250192642,5.868092179298401,1780.9522980824113,10537.489122967712
1781169920,100,GET,/,42.100000,0.000000,37,53,71,84,140,500,790,920,1000,1000,1000,3336,0,35,111.01285707986104,6.59752544015646,1369.0284499898553,10536.785371702637
1781169920,100,POST,/cart,3.600000,0.000000,49,59,66,73,93,100,300,300,300,300,300,324,0,41,106.45607542706493,9.125040844082832,1780.9522980824113,17448.827160493827
1781169920,100,POST,/cart/checkout,2.700000,0.000000,58,76,84,92,140,200,490,490,490,490,490,205,0,39,93.1229392066598,9.592017158865929,1532.9793421551585,6802.117073170732
1781169920,100,GET,/product/0PUK6V6EV0,0.700000,0.000000,33,39,49,50,180,180,180,180,180,180,180,59,0,46,75.03587863076541,6.738173775374889,764.5974326878786,7997.169491525424
1781169920,100,GET,/product/1YMWWN1N4O,0.600000,0.000000,45,49,93,93,120,120,120,120,120,120,120,61,0,38,71.77219309340246,5.868092179298401,848.6714791506529,8010.475409836065
1781169920,100,GET,/product/2ZYFJ3GM2N,0.500000,0.000000,45,49,51,51,51,51,51,51,51,51,51,62,0,38,69.25445065022477,6.503009237349033,835.1049413904548,8016.0161290322585
1781169920,100,GET,/product/66VCHSJNUP,0.400000,0.000000,43,45,45,49,49,49,49,49,49,49,49,55,0,50,55.43030342933807,6.17571547627449,323.3270775526762,7971.218181818182
1781169920,100,GET,/product/6E92ZMYYFZ,0.800000,0.000000,48,50,50,50,98,98,98,98,98,98,98,62,0,35,49.299371984576986,6.745605729520321,325.0167975202203,7957.112903225807
1781169920,100,GET,/product/9SIQT8TOJO,0.600000,0.000000,8,46,48,52,59,59,59,59,59,59,59,62,0,46,63.62417491994077,6.312195211648941,751.5808409079909,8024.9838709677415
1781169920,100,GET,/product/L9ECAV7KIM,0.900000,0.000000,48,50,51,56,57,57,57,57,57,57,57,62,0,48,52.337432881036115,6.238950416445732,194.66177187860012,8000.8387096774195
1781169920,100,GET,/product/LS4PSXUNUM,1.000000,0.000000,52,99,120,120,130,130,130,130,130,130,130,66,0,34,39.95054814908089,6.456965580582619,148.38752057403326,7987.075757575758
1781169920,100,GET,/product/OLJCESPC7Z,0.800000,0.000000,45,51,59,59,81,81,81,81,81,81,81,71,0,29,46.007013079566015,6.188006140291691,192.85418651998043,8022.12676056338
1781169920,100,,Aggregated,54.700000,0.000000,39,53,68,79,120,250,750,820,1000,1000,1000,4425,0,36,103.10009950151046,5.868092179298401,1780.9522980824113,10548.725875706215
1781169921,100,GET,/,40.700000,0.000000,32,50,67,77,140,560,790,920,1000,1000,1000,3373,0,35,110.09879224609806,6.59752544015646,1369.0284499898553,10536.872517047139
1781169921,100,POST,/cart,3.700000,0.000000,26,50,66,69,82,100,300,300,300,300,300,327,0,40,105.68259979686515,9.125040844082832,1780.9522980824113,17448.39143730887
1781169921,100,POST,/cart/checkout,2.800000,0.000000,54,72,79,84,140,200,490,490,490,490,490,209,0,37,91.8695144756345,9.592017158865929,1532.9793421551585,6802.191387559808
1781169921,100,GET,/product/0PUK6V6EV0,0.500000,0.000000,48,49,50,50,180,180,180,180,180,180,180,60,0,46,74.58422809528808,6.738173775374889,764.5974326878786,7996.383333333333
1781169921,100,GET,/product/1YMWWN1N4O,0.900000,0.000000,44,45,49,49,93,93,93,93,93,93,93,62,0,38,71.3181170755096,5.868092179298401,848.6714791506529,8010.112903225807
1781169921,100,GET,/product/2ZYFJ3GM2N,0.600000,0.000000,45,49,51,51,51,51,51,51,51,51,51,62,0,38,69.25445065022477,6.503009237349033,835.1049413904548,8016.0161290322585
1781169921,100,GET,/product/66VCHSJNUP,0.500000,0.000000,43,43,45,45,49,49,49,49,49,49,49,56,0,49,54.56246453936079,6.17571547627449,323.3270775526762,7970.482142857143
1781169921,100,GET,/product/6E92ZMYYFZ,0.700000,0.000000,9,41,50,50,98,98,98,98,98,98,98,64,0,35,48.54259303829167,6.745605729520321,325.0167975202203,7958.734375
1781169921,100,GET,/product/9SIQT8TOJO,0.600000,0.000000,9,46,48,52,59,59,59,59,59,59,59,64,0,44,61.89136364264414,6.312195211648941,751.5808409079909,8024.5
1781169921,100,GET,/product/L9ECAV7KIM,0.900000,0.000000,50,51,56,56,57,57,57,57,57,57,57,62,0,48,52.337432881036115,6.238950416445732,194.66177187860012,8000.8387096774195
1781169921,100,GET,/product/LS4PSXUNUM,0.800000,0.000000,52,99,120,120,130,130,130,130,130,130,130,66,0,34,39.95054814908089,6.456965580582619,148.38752057403326,7987.075757575758
1781169921,100,GET,/product/OLJCESPC7Z,0.900000,0.000000,45,51,59,59,81,81,81,81,81,81,81,71,0,29,46.007013079566015,6.188006140291691,192.85418651998043,8022.12676056338
1781169921,100,,Aggregated,53.600000,0.000000,33,50,61,76,120,250,750,820,1000,1000,1000,4476,0,36,102.23059516905293,5.868092179298401,1780.9522980824113,10545.933869526363
1781169922,100,GET,/,41.500000,0.000000,38,51,64,77,140,500,790,920,1000,1000,1000,3425,0,35,108.89821164228402,6.59752544015646,1369.0284499898553,10537.05197080292
1781169922,100,POST,/cart,4.100000,0.000000,31,56,69,73,83,100,300,300,300,300,300,329,0,41,105.4842873167892,9.125040844082832,1780.9522980824113,17468.26139817629
1781169922,100,POST,/cart/checkout,3.000000,0.000000,54,71,76,79,110,200,490,490,490,490,490,211,0,37,91.33001158269943,9.592017158865929,1532.9793421551585,6802.218009478673
1781169922,100,GET,/product/0PUK6V6EV0,0.700000,0.000000,48,49,50,90,180,180,180,180,180,180,180,61,0,47,74.83559074338342,6.738173775374889,764.5974326878786,7996.672131147541
1781169922,100,GET,/product/1YMWWN1N4O,0.800000,0.000000,7,44,45,49,93,93,93,93,93,93,93,64,0,35,69.31164136040024,5.868092179298401,848.6714791506529,8010.59375
1781169922,100,GET,/product/2ZYFJ3GM2N,0.700000,0.000000,45,45,51,51,51,51,51,51,51,51,51,63,0,40,68.87418945275601,6.503009237349033,835.1049413904548,8016.476190476191
1781169922,100,GET,/product/66VCHSJNUP,0.500000,0.000000,43,45,45,49,49,49,49,49,49,49,49,56,0,49,54.56246453936079,6.17571547627449,323.3270775526762,7970.482142857143
1781169922,100,GET,/product/6E92ZMYYFZ,0.800000,0.000000,41,50,50,79,98,98,98,98,98,98,98,65,0,39,49.014281008679134,6.745605729520321,325.0167975202203,7957.815384615385
1781169922,100,GET,/product/9SIQT8TOJO,0.900000,0.000000,46,47,48,52,59,59,59,59,59,59,59,65,0,46,61.65808528088606,6.312195211648941,751.5808409079909,8025.584615384615
1781169922,100,GET,/product/L9ECAV7KIM,0.900000,0.000000,50,51,56,56,57,57,57,57,57,57,57,62,0,48,52.337432881036115,6.238950416445732,194.66177187860012,8000.8387096774195
1781169922,100,GET,/product/LS4PSXUNUM,0.800000,0.000000,99,99,120,120,130,130,130,130,130,130,130,66,0,34,39.95054814908089,6.456965580582619,148.38752057403326,7987.075757575758
1781169922,100,GET,/product/OLJCESPC7Z,0.900000,0.000000,10,59,59,81,81,81,81,81,81,81,81,71,0,29,46.007013079566015,6.188006140291691,192.85418651998043,8022.12676056338
1781169922,100,,Aggregated,55.600000,0.000000,39,51,62,76,120,250,750,820,1000,1000,1000,4538,0,36,101.2976387465999,5.868092179298401,1780.9522980824113,10545.456148082856
1781169923,100,GET,/,41.000000,0.000000,31,47,56,68,140,500,790,920,1000,1000,1000,3467,0,35,107.93393008241159,6.59752544015646,1369.0284499898553,10537.259301990192
1781169923,100,POST,/cart,4.200000,0.000000,31,62,69,76,83,100,300,300,300,300,300,333,0,41,104.77683038727658,9.125040844082832,1780.9522980824113,17481.654654654656
1781169923,100,POST,/cart/checkout,3.000000,0.000000,49,58,76,79,110,200,490,490,490,490,490,215,0,36,90.09658634056186,9.592017158865929,1532.9793421551585,6802.279069767442
1781169923,100,GET,/product/0PUK6V6EV0,0.700000,0.000000,48,49,50,90,180,180,180,180,180,180,180,61,0,47,74.83559074338342,6.738173775374889,764.5974326878786,7996.672131147541
1781169923,100,GET,/product/1YMWWN1N4O,0.700000,0.000000,7,44,45,49,93,93,93,93,93,93,93,65,0,35,68.34927966388372,5.868092179298401,848.6714791506529,8011.984615384616
1781169923,100,GET,/product/2ZYFJ3GM2N,0.700000,0.000000,32,45,51,51,51,51,51,51,51,51,51,65,0,38,66.99398870651538,6.503009237349033,835.1049413904548,8018.661538461539
1781169923,100,GET,/product/66VCHSJNUP,0.600000,0.000000,9,43,45,45,49,49,49,49,49,49,49,58,0,49,52.94819710904668,6.17571547627449,323.3270775526762,7970.275862068966
1781169923,100,GET,/product/6E92ZMYYFZ,1.000000,0.000000,50,50,79,79,98,98,98,98,98,98,98,65,0,39,49.014281008679134,6.745605729520321,325.0167975202203,7957.815384615385
1781169923,100,GET,/product/9SIQT8TOJO,1.100000,0.000000,46,47,48,52,59,59,59,59,59,59,59,65,0,46,61.65808528088606,6.312195211648941,751.5808409079909,8025.584615384615
1781169923,100,GET,/product/L9ECAV7KIM,0.700000,0.000000,50,51,56,56,57,57,57,57,57,57,57,62,0,48,52.337432881036115,6.238950416445732,194.66177187860012,8000.8387096774195
1781169923,100,GET,/product/LS4PSXUNUM,0.800000,0.000000,99,99,120,120,130,130,130,130,130,130,130,67,0,34,39.45771071003444,6.456965580582619,148.38752057403326,7987.805970149254
1781169923,100,GET,/product/OLJCESPC7Z,0.700000,0.000000,59,59,81,81,81,81,81,81,81,81,81,71,0,29,46.007013079566015,6.188006140291691,192.85418651998043,8022.12676056338
1781169923,100,,Aggregated,55.200000,0.000000,32,49,58,69,120,250,750,820,1000,1000,1000,4594,0,36,100.40279805905952,5.868092179298401,1780.9522980824113,10546.005877231171
1781169924,100,GET,/,40.500000,0.000000,26,41,48,52,70,92,140,150,180,180,180,3505,0,34,107.02316204030146,6.59752544015646,1369.0284499898553,10537.327532097004
1781169924,100,POST,/cart,3.700000,0.000000,26,52,63,69,81,83,100,100,100,100,100,338,0,39,103.55442045972897,9.125040844082832,1780.9522980824113,17495.878698224853
1781169924,100,POST,/cart/checkout,3.000000,0.000000,40,56,58,72,84,92,110,110,110,110,110,215,0,36,90.09658634056186,9.592017158865929,1532.9793421551585,6802.279069767442
1781169924,100,GET,/product/0PUK6V6EV0,0.800000,0.000000,48,49,50,90,180,180,180,180,180,180,180,61,0,47,74.83559074338342,6.738173775374889,764.5974326878786,7996.672131147541
1781169924,100,GET,/product/1YMWWN1N4O,0.800000,0.000000,7,7,44,45,93,93,93,93,93,93,93,65,0,35,68.34927966388372,5.868092179298401,848.6714791506529,8011.984615384616
1781169924,100,GET,/product/2ZYFJ3GM2N,0.500000,0.000000,32,45,46,46,51,51,51,51,51,51,51,66,0,38,66.68077426200563,6.503009237349033,835.1049413904548,8019.121212121212
1781169924,100,GET,/product/66VCHSJNUP,0.600000,0.000000,9,43,45,45,49,49,49,49,49,49,49,58,0,49,52.94819710904668,6.17571547627449,323.3270775526762,7970.275862068966
1781169924,100,GET,/product/6E92ZMYYFZ,1.000000,0.000000,48,50,50,50,79,79,79,79,79,79,79,66,0,39,48.99430018144123,6.745605729520321,325.0167975202203,7958.939393939394
1781169924,100,GET,/product/9SIQT8TOJO,1.100000,0.000000,46,47,48,52,59,59,59,59,59,59,59,65,0,46,61.65808528088606,6.312195211648941,751.5808409079909,8025.584615384615
1781169924,100,GET,/product/L9ECAV7KIM,0.700000,0.000000,56,56,57,57,57,57,57,57,57,57,57,62,0,48,52.337432881036115,6.238950416445732,194.66177187860012,8000.8387096774195
1781169924,100,GET,/product/LS4PSXUNUM,0.600000,0.000000,7,7,99,99,99,99,99,99,99,99,99,67,0,34,39.45771071003444,6.456965580582619,148.38752057403326,7987.805970149254
1781169924,100,GET,/product/OLJCESPC7Z,0.500000,0.000000,7,7,59,59,59,59,59,59,59,59,59,71,0,29,46.007013079566015,6.188006140291691,192.85418651998043,8022.12676056338
1781169924,100,,Aggregated,53.800000,0.000000,27,43,50,54,73,92,130,140,180,180,180,4639,0,35,99.66898655250273,5.868092179298401,1780.9522980824113,10553.417331321405
1781169925,100,GET,/,41.600000,0.000000,28,42,48,53,71,90,120,140,180,180,180,3556,0,34,106.06048862382778,6.59752544015646,1369.0284499898553,10537.504499437571
1781169925,100,POST,/cart,3.900000,0.000000,26,52,61,63,78,82,93,93,93,93,93,343,0,40,102.60885369586528,9.125040844082832,1780.9522980824113,17493.037900874635
1781169925,100,POST,/cart/checkout,3.500000,0.000000,35,52,58,76,84,92,110,110,110,110,110,217,0,36,89.38836119210666,9.592017158865929,1532.9793421551585,6802.119815668203
1781169925,100,GET,/product/0PUK6V6EV0,0.900000,0.000000,48,49,49,50,90,90,90,90,90,90,90,63,0,47,73.97634704552945,6.738173775374889,764.5974326878786,7998.206349206349
1781169925,100,GET,/product/1YMWWN1N4O,0.900000,0.000000,7,44,45,52,93,93,93,93,93,93,93,66,0,35,68.09814270077781,5.868092179298401,848.6714791506529,8012.878787878788
1781169925,100,GET,/product/2ZYFJ3GM2N,0.600000,0.000000,9,45,46,46,51,51,51,51,51,51,51,66,0,38,66.68077426200563,6.503009237349033,835.1049413904548,8019.121212121212
1781169925,100,GET,/product/66VCHSJNUP,0.600000,0.000000,7,9,45,49,84,84,84,84,84,84,84,61,0,49,51.949242542146656,6.17571547627449,323.3270775526762,7970.098360655737
1781169925,100,GET,/product/6E92ZMYYFZ,0.800000,0.000000,48,50,50,79,94,94,94,94,94,94,94,67,0,41,49.66658385776317,6.745605729520321,325.0167975202203,7959.373134328358
1781169925,100,GET,/product/9SIQT8TOJO,0.900000,0.000000,47,47,48,52,59,59,59,59,59,59,59,66,0,46,61.435305047780275,6.312195211648941,751.5808409079909,8025.166666666667
1781169925,100,GET,/product/L9ECAV7KIM,0.700000,0.000000,48,56,56,57,57,57,57,57,57,57,57,63,0,48,52.17617965998158,6.238950416445732,194.66177187860012,8001.285714285715
1781169925,100,GET,/product/LS4PSXUNUM,0.700000,0.000000,7,50,50,99,99,99,99,99,99,99,99,68,0,34,39.61709590957445,6.456965580582619,148.38752057403326,7988.720588235294
1781169925,100,GET,/product/OLJCESPC7Z,0.500000,0.000000,49,49,59,59,59,59,59,59,59,59,59,72,0,29,46.04606959037483,6.188006140291691,192.85418651998043,8021.75
1781169925,100,,Aggregated,55.600000,0.000000,29,44,50,54,73,90,97,140,180,180,180,4708,0,35,98.79923556154291,5.868092179298401,1780.9522980824113,10553.001699235345
1781169926,100,GET,/,40.000000,0.000000,27,39,47,50,69,88,95,140,180,180,180,3604,0,34,105.02688136116109,6.59752544015646,1369.0284499898553,10537.634572697003
1781169926,100,POST,/cart,4.100000,0.000000,31,59,63,72,81,93,120,120,120,120,120,346,0,40,102.3753051150784,9.125040844082832,1780.9522980824113,17488.16184971098
1781169926,100,POST,/cart/checkout,3.200000,0.000000,26,45,52,57,84,92,92,92,92,92,92,217,0,36,89.38836119210666,9.592017158865929,1532.9793421551585,6802.119815668203
1781169926,100,GET,/product/0PUK6V6EV0,0.900000,0.000000,48,49,49,50,90,90,90,90,90,90,90,64,0,47,72.93473124445882,6.738173775374889,764.5974326878786,7997.515625
1781169926,100,GET,/product/1YMWWN1N4O,0.900000,0.000000,7,37,44,52,93,93,93,93,93,93,93,67,0,37,67.63159492011391,5.868092179298401,848.6714791506529,8012.0
1781169926,100,GET,/product/2ZYFJ3GM2N,0.700000,0.000000,9,45,46,46,51,51,51,51,51,51,51,66,0,38,66.68077426200563,6.503009237349033,835.1049413904548,8019.121212121212
1781169926,100,GET,/product/66VCHSJNUP,0.600000,0.000000,7,9,45,49,84,84,84,84,84,84,84,62,0,48,51.22735914624026,6.17571547627449,323.3270775526762,7971.274193548387
1781169926,100,GET,/product/6E92ZMYYFZ,0.800000,0.000000,48,50,79,79,94,94,94,94,94,94,94,67,0,41,49.66658385776317,6.745605729520321,325.0167975202203,7959.373134328358
1781169926,100,GET,/product/9SIQT8TOJO,0.800000,0.000000,47,47,48,52,59,59,59,59,59,59,59,66,0,46,61.435305047780275,6.312195211648941,751.5808409079909,8025.166666666667
1781169926,100,GET,/product/L9ECAV7KIM,0.400000,0.000000,48,48,57,57,57,57,57,57,57,57,57,63,0,48,52.17617965998158,6.238950416445732,194.66177187860012,8001.285714285715
1781169926,100,GET,/product/LS4PSXUNUM,0.600000,0.000000,7,48,48,50,50,50,50,50,50,50,50,69,0,39,39.739292047485925,6.456965580582619,148.38752057403326,7989.173913043478
1781169926,100,GET,/product/OLJCESPC7Z,0.400000,0.000000,50,50,59,59,59,59,59,59,59,59,59,73,0,31,46.094852410358925,6.188006140291691,192.85418651998043,8021.219178082192
1781169926,100,,Aggregated,53.400000,0.000000,27,42,49,52,70,88,95,140,180,180,180,4764,0,35,98.00348516986068,5.868092179298401,1780.9522980824113,10554.270990764064
1781169927,100,GET,/,42.100000,0.000000,26,39,47,51,70,90,97,140,180,180,180,3640,0,34,104.24775275104976,6.59752544015646,1369.0284499898553,10537.766208791209
1781169927,100,POST,/cart,4.600000,0.000000,33,60,66,71,81,93,120,120,120,120,120,351,0,41,101.50004174570921,9.125040844082832,1780.9522980824113,17505.834757834757
1781169927,100,POST,/cart/checkout,2.900000,0.000000,26,35,44,49,57,84,84,84,84,84,84,219,0,36,88.92369073853918,9.592017158865929,1532.9793421551585,6802.191780821918
1781169927,100,GET,/product/0PUK6V6EV0,1.000000,0.000000,48,49,49,50,90,90,90,90,90,90,90,64,0,47,72.93473124445882,6.738173775374889,764.5974326878786,7997.515625
1781169927,100,GET,/product/1YMWWN1N4O,1.000000,0.000000,37,44,52,53,93,93,93,93,93,93,93,68,0,37,67.4094031290973,5.868092179298401,848.6714791506529,8012.279411764706
1781169927,100,GET,/product/2ZYFJ3GM2N,0.800000,0.000000,9,45,46,46,51,51,51,51,51,51,51,67,0,38,65.80400576731607,6.503009237349033,835.1049413904548,8018.865671641791
1781169927,100,GET,/product/66VCHSJNUP,0.700000,0.000000,7,7,9,9,84,84,84,84,84,84,84,62,0,48,51.22735914624026,6.17571547627449,323.3270775526762,7971.274193548387
1781169927,100,GET,/product/6E92ZMYYFZ,0.900000,0.000000,41,48,50,79,94,94,94,94,94,94,94,68,0,39,49.04172176440411,6.745605729520321,325.0167975202203,7959.367647058823
1781169927,100,GET,/product/9SIQT8TOJO,0.800000,0.000000,47,47,48,52,59,59,59,59,59,59,59,67,0,46,60.61538239357187,6.312195211648941,751.5808409079909,8024.671641791045
1781169927,100,GET,/product/L9ECAV7KIM,0.500000,0.000000,42,53,53,57,57,57,57,57,57,57,57,65,0,48,51.50726855947421,6.238950416445732,194.66177187860012,8001.2
1781169927,100,GET,/product/LS4PSXUNUM,0.500000,0.000000,7,48,48,50,50,50,50,50,50,50,50,69,0,39,39.739292047485925,6.456965580582619,148.38752057403326,7989.173913043478
1781169927,100,GET,/product/OLJCESPC7Z,0.400000,0.000000,50,50,59,59,59,59,59,59,59,59,59,74,0,29,45.577485340873935,6.188006140291691,192.85418651998043,8022.256756756757
1781169927,100,,Aggregated,56.200000,0.000000,26,41,48,52,71,89,95,140,180,180,180,4814,0,35,97.27005297619901,5.868092179298401,1780.9522980824113,10557.483174075613
1781169928,100,GET,/,42.100000,0.000000,25,38,45,49,65,82,94,95,140,140,140,3687,0,33,103.3020448439775,6.59752544015646,1369.0284499898553,10537.996474098183
1781169928,100,POST,/cart,4.300000,0.000000,33,61,66,71,81,87,120,120,120,120,120,355,0,41,100.8211608398968,9.125040844082832,1780.9522980824113,17518.050704225352
1781169928,100,POST,/cart/checkout,2.500000,0.000000,35,44,52,57,76,84,84,84,84,84,84,222,0,36,88.58956661293502,9.592017158865929,1532.9793421551585,6802.5
1781169928,100,GET,/product/0PUK6V6EV0,1.000000,0.000000,47,48,49,49,90,90,90,90,90,90,90,64,0,47,72.93473124445882,6.738173775374889,764.5974326878786,7997.515625
1781169928,100,GET,/product/1YMWWN1N4O,1.000000,0.000000,33,44,52,52,53,93,93,93,93,93,93,69,0,37,66.91637592039247,5.868092179298401,848.6714791506529,8013.333333333333
1781169928,100,GET,/product/2ZYFJ3GM2N,0.700000,0.000000,45,45,46,46,51,51,51,51,51,51,51,67,0,38,65.80400576731607,6.503009237349033,835.1049413904548,8018.865671641791
1781169928,100,GET,/product/66VCHSJNUP,1.000000,0.000000,7,7,9,9,84,84,84,84,84,84,84,62,0,48,51.22735914624026,6.17571547627449,323.3270775526762,7971.274193548387
1781169928,100,GET,/product/6E92ZMYYFZ,0.800000,0.000000,50,67,79,79,94,94,94,94,94,94,94,69,0,41,49.2988511973965,6.745605729520321,325.0167975202203,7959.724637681159
1781169928,100,GET,/product/9SIQT8TOJO,0.900000,0.000000,46,47,47,48,52,52,52,52,52,52,52,68,0,44,59.83322201406254,6.312195211648941,751.5808409079909,8025.294117647059
1781169928,100,GET,/product/L9ECAV7KIM,0.400000,0.000000,42,42,53,53,57,57,57,57,57,57,57,66,0,48,50.927611251333445,6.238950416445732,194.66177187860012,8001.318181818182
1781169928,100,GET,/product/LS4PSXUNUM,0.400000,0.000000,48,50,50,52,52,52,52,52,52,52,52,70,0,39,39.91635361952441,6.456965580582619,148.38752057403326,7988.8
1781169928,100,GET,/product/OLJCESPC7Z,0.200000,0.000000,50,50,59,59,59,59,59,59,59,59,59,74,0,29,45.577485340873935,6.188006140291691,192.85418651998043,8022.256756756757
1781169928,100,,Aggregated,55.300000,0.000000,26,40,48,51,68,83,94,95,140,140,140,4873,0,35,96.4911622118542,5.868092179298401,1780.9522980824113,10559.160886517546
1781169929,100,GET,/,42.400000,0.000000,25,38,47,52,73,90,96,98,140,140,140,3731,0,33,102.59728777516634,6.59752544015646,1369.0284499898553,10538.229429107478
1781169929,100,POST,/cart,4.300000,0.000000,36,60,66,71,87,92,120,120,120,120,120,359,0,42,100.38155156724716,9.125040844082832,1780.9522980824113,17529.944289693594
1781169929,100,POST,/cart/checkout,2.100000,0.000000,33,42,49,52,74,76,76,76,76,76,76,224,0,36,88.03801954906832,9.592017158865929,1532.9793421551585,6802.491071428572
1781169929,100,GET,/product/0PUK6V6EV0,0.900000,0.000000,47,48,49,49,90,90,90,90,90,90,90,65,0,47,71.92980432166503,6.738173775374889,764.5974326878786,7997.184615384615
1781169929,100,GET,/product/1YMWWN1N4O,1.100000,0.000000,37,44,52,52,53,53,53,53,53,53,53,69,0,37,66.91637592039247,5.868092179298401,848.6714791506529,8013.333333333333
1781169929,100,GET,/product/2ZYFJ3GM2N,0.700000,0.000000,45,45,46,46,51,51,51,51,51,51,51,67,0,38,65.80400576731607,6.503009237349033,835.1049413904548,8018.865671641791
1781169929,100,GET,/product/66VCHSJNUP,1.000000,0.000000,7,9,84,84,98,98,98,98,98,98,98,63,0,49,51.96715607529595,6.17571547627449,323.3270775526762,7970.396825396825
1781169929,100,GET,/product/6E92ZMYYFZ,0.800000,0.000000,48,67,79,79,94,94,94,94,94,94,94,70,0,39,48.69100729535733,6.745605729520321,325.0167975202203,7959.057142857143
1781169929,100,GET,/product/9SIQT8TOJO,0.900000,0.000000,9,47,47,47,52,52,52,52,52,52,52,68,0,44,59.83322201406254,6.312195211648941,751.5808409079909,8025.294117647059
1781169929,100,GET,/product/L9ECAV7KIM,0.500000,0.000000,42,42,53,53,57,57,57,57,57,57,57,66,0,48,50.927611251333445,6.238950416445732,194.66177187860012,8001.318181818182
1781169929,100,GET,/product/LS4PSXUNUM,0.500000,0.000000,50,50,51,51,52,52,52,52,52,52,52,73,0,44,40.33101967548671,6.456965580582619,148.38752057403326,7989.712328767123
1781169929,100,GET,/product/OLJCESPC7Z,0.300000,0.000000,50,50,59,59,59,59,59,59,59,59,59,74,0,29,45.577485340873935,6.188006140291691,192.85418651998043,8022.256756756757
1781169929,100,,Aggregated,55.500000,0.000000,26,41,49,53,73,90,96,98,140,140,140,4929,0,35,95.89746212641555,5.868092179298401,1780.9522980824113,10560.989044430919
1781169930,100,GET,/,42.900000,0.000000,21,36,46,51,72,90,95,97,120,120,120,3772,0,33,101.74545781362964,6.59752544015646,1369.0284499898553,10538.44008483563
1781169930,100,POST,/cart,4.400000,0.000000,48,62,69,71,87,92,120,120,120,120,120,362,0,42,99.95092246269817,9.125040844082832,1780.9522980824113,17563.295580110498
1781169930,100,POST,/cart/checkout,2.000000,0.000000,26,41,44,52,74,76,76,76,76,76,76,227,0,36,87.10664243638384,9.592017158865929,1532.9793421551585,6802.392070484581
1781169930,100,GET,/product/0PUK6V6EV0,0.700000,0.000000,48,48,49,49,90,90,90,90,90,90,90,65,0,47,71.92980432166503,6.738173775374889,764.5974326878786,7997.184615384615
1781169930,100,GET,/product/1YMWWN1N4O,1.000000,0.000000,33,37,47,52,53,53,53,53,53,53,53,71,0,37,65.79028921280529,5.868092179298401,848.6714791506529,8012.830985915493
1781169930,100,GET,/product/2ZYFJ3GM2N,0.700000,0.000000,9,45,45,46,46,46,46,46,46,46,46,67,0,38,65.80400576731607,6.503009237349033,835.1049413904548,8018.865671641791
1781169930,100,GET,/product/66VCHSJNUP,0.800000,0.000000,7,9,84,84,98,98,98,98,98,98,98,63,0,49,51.96715607529595,6.17571547627449,323.3270775526762,7970.396825396825
1781169930,100,GET,/product/6E92ZMYYFZ,0.700000,0.000000,67,67,79,79,94,94,94,94,94,94,94,70,0,39,48.69100729535733,6.745605729520321,325.0167975202203,7959.057142857143
1781169930,100,GET,/product/9SIQT8TOJO,1.100000,0.000000,47,47,47,47,47,47,47,47,47,47,47,68,0,44,59.83322201406254,6.312195211648941,751.5808409079909,8025.294117647059
1781169930,100,GET,/product/L9ECAV7KIM,0.500000,0.000000,42,42,53,53,57,57,57,57,57,57,57,66,0,48,50.927611251333445,6.238950416445732,194.66177187860012,8001.318181818182
1781169930,100,GET,/product/LS4PSXUNUM,0.500000,0.000000,50,50,51,51,52,52,52,52,52,52,52,73,0,44,40.33101967548671,6.456965580582619,148.38752057403326,7989.712328767123
1781169930,100,GET,/product/OLJCESPC7Z,0.400000,0.000000,50,50,50,59,59,59,59,59,59,59,59,75,0,31,45.6415589650472,6.188006140291691,192.85418651998043,8022.573333333334
1781169930,100,,Aggregated,55.700000,0.000000,25,40,49,53,73,90,95,98,120,120,120,4979,0,35,95.19465534859337,5.868092179298401,1780.9522980824113,10563.780277164089
1781169931,100,GET,/,43.800000,0.000000,26,39,51,55,79,94,97,100,140,140,140,3811,0,33,101.27069655272106,6.59752544015646,1369.0284499898553,10538.38703752296
1781169931,100,POST,/cart,4.500000,0.000000,51,65,72,76,90,120,120,120,120,120,120,364,0,42,99.92680191778793,9.125040844082832,1780.9522980824113,17575.744505494506
1781169931,100,POST,/cart/checkout,1.900000,0.000000,42,52,57,62,74,76,130,130,130,130,130,232,0,37,86.77999265813108,9.592017158865929,1532.9793421551585,6802.685344827586
1781169931,100,GET,/product/0PUK6V6EV0,0.700000,0.000000,47,49,49,90,90,90,90,90,90,90,90,65,0,47,71.92980432166503,6.738173775374889,764.5974326878786,7997.184615384615
1781169931,100,GET,/product/1YMWWN1N4O,0.800000,0.000000,37,47,50,52,53,53,53,53,53,53,53,73,0,37,64.76437331062473,5.868092179298401,848.6714791506529,8013.1506849315065
1781169931,100,GET,/product/2ZYFJ3GM2N,0.600000,0.000000,9,45,45,46,46,46,46,46,46,46,46,67,0,38,65.80400576731607,6.503009237349033,835.1049413904548,8018.865671641791
1781169931,100,GET,/product/66VCHSJNUP,0.800000,0.000000,9,84,98,98,98,98,98,98,98,98,98,64,0,49,52.682000226923265,6.17571547627449,323.3270775526762,7971.5
1781169931,100,GET,/product/6E92ZMYYFZ,0.900000,0.000000,67,79,94,94,97,97,97,97,97,97,97,72,0,41,49.38052408397198,6.745605729520321,325.0167975202203,7958.416666666667
1781169931,100,GET,/product/9SIQT8TOJO,1.000000,0.000000,47,47,47,51,51,51,51,51,51,51,51,69,0,46,59.701940544165566,6.312195211648941,751.5808409079909,8024.753623188406
1781169931,100,GET,/product/L9ECAV7KIM,0.400000,0.000000,42,42,53,53,53,53,53,53,53,53,53,66,0,48,50.927611251333445,6.238950416445732,194.66177187860012,8001.318181818182
1781169931,100,GET,/product/LS4PSXUNUM,0.700000,0.000000,50,50,51,51,52,52,52,52,52,52,52,73,0,44,40.33101967548671,6.456965580582619,148.38752057403326,7989.712328767123
1781169931,100,GET,/product/OLJCESPC7Z,0.300000,0.000000,50,50,50,50,50,50,50,50,50,50,50,75,0,31,45.6415589650472,6.188006140291691,192.85418651998043,8022.573333333334
1781169931,100,,Aggregated,56.400000,0.000000,28,46,52,58,81,95,98,120,140,140,140,5031,0,35,94.81932558608005,5.868092179298401,1780.9522980824113,10560.434704830053
1781169932,100,GET,/,42.800000,0.000000,27,47,60,74,97,180,500,590,650,650,650,3861,0,34,102.71369721315949,6.59752544015646,1369.0284499898553,10538.615643615643
1781169932,100,POST,/cart,4.000000,0.000000,52,69,76,90,120,360,470,470,470,470,470,370,0,42,101.41238764029097,9.125040844082832,1780.9522980824113,17576.82162162162
1781169932,100,POST,/cart/checkout,2.200000,0.000000,42,55,62,64,76,130,480,480,480,480,480,233,0,39,88.44972062504215,9.592017158865929,1532.9793421551585,6802.62660944206
1781169932,100,GET,/product/0PUK6V6EV0,0.600000,0.000000,47,49,49,90,90,90,90,90,90,90,90,65,0,47,71.92980432166503,6.738173775374889,764.5974326878786,7997.184615384615
1781169932,100,GET,/product/1YMWWN1N4O,0.800000,0.000000,47,50,52,53,92,92,92,92,92,92,92,74,0,37,65.12966627456449,5.868092179298401,848.6714791506529,8012.5675675675675
1781169932,100,GET,/product/2ZYFJ3GM2N,0.500000,0.000000,9,9,46,46,46,46,46,46,46,46,46,67,0,38,65.80400576731607,6.503009237349033,835.1049413904548,8018.865671641791
1781169932,100,GET,/product/66VCHSJNUP,0.800000,0.000000,90,98,98,100,530,530,530,530,530,530,530,67,0,50,61.09552805437081,6.17571547627449,529.7031737864017,7971.149253731343
1781169932,100,GET,/product/6E92ZMYYFZ,0.800000,0.000000,50,67,94,94,97,97,97,97,97,97,97,72,0,41,49.38052408397198,6.745605729520321,325.0167975202203,7958.416666666667
1781169932,100,GET,/product/9SIQT8TOJO,0.700000,0.000000,47,47,47,51,51,51,51,51,51,51,51,69,0,46,59.701940544165566,6.312195211648941,751.5808409079909,8024.753623188406
1781169932,100,GET,/product/L9ECAV7KIM,0.400000,0.000000,42,53,53,100,100,100,100,100,100,100,100,67,0,48,51.67043531563745,6.238950416445732,194.66177187860012,8000.731343283582
1781169932,100,GET,/product/LS4PSXUNUM,0.800000,0.000000,50,51,52,52,89,89,89,89,89,89,89,74,0,44,40.982613037969614,6.456965580582619,148.38752057403326,7990.540540540541
1781169932,100,GET,/product/OLJCESPC7Z,0.300000,0.000000,50,50,50,100,100,100,100,100,100,100,100,76,0,31,46.377709086396194,6.188006140291691,192.85418651998043,8021.684210526316
1781169932,100,,Aggregated,54.700000,0.000000,31,50,65,76,98,170,490,590,650,650,650,5095,0,35,96.25131004454315,5.868092179298401,1780.9522980824113,10564.439646712462
1781169933,100,GET,/,43.500000,0.000000,28,44,57,74,97,180,500,590,650,650,650,3902,0,33,101.83945404358975,6.59752544015646,1369.0284499898553,10538.701435161456
1781169933,100,POST,/cart,3.700000,0.000000,54,69,87,90,120,360,470,470,470,470,470,372,0,42,101.01185299416062,9.125040844082832,1780.9522980824113,17593.809139784946
1781169933,100,POST,/cart/checkout,2.400000,0.000000,44,55,64,74,130,480,480,480,480,480,480,233,0,39,88.44972062504215,9.592017158865929,1532.9793421551585,6802.62660944206
1781169933,100,GET,/product/0PUK6V6EV0,0.600000,0.000000,47,47,49,49,49,49,49,49,49,49,49,65,0,47,71.92980432166503,6.738173775374889,764.5974326878786,7997.184615384615
1781169933,100,GET,/product/1YMWWN1N4O,1.100000,0.000000,47,50,52,53,92,92,92,92,92,92,92,75,0,38,64.78369526565075,5.868092179298401,848.6714791506529,8013.533333333334
1781169933,100,GET,/product/2ZYFJ3GM2N,0.500000,0.000000,8,8,46,46,46,46,46,46,46,46,46,69,0,36,64.10660814709854,6.503009237349033,835.1049413904548,8018.710144927536
1781169933,100,GET,/product/66VCHSJNUP,0.800000,0.000000,90,98,98,100,530,530,530,530,530,530,530,68,0,49,60.552710160503494,6.17571547627449,529.7031737864017,7971.661764705882
1781169933,100,GET,/product/6E92ZMYYFZ,0.700000,0.000000,50,67,94,94,97,97,97,97,97,97,97,72,0,41,49.38052408397198,6.745605729520321,325.0167975202203,7958.416666666667
1781169933,100,GET,/product/9SIQT8TOJO,0.400000,0.000000,9,47,47,47,51,51,51,51,51,51,51,72,0,44,58.079662292988765,6.312195211648941,751.5808409079909,8024.944444444444
1781169933,100,GET,/product/L9ECAV7KIM,0.400000,0.000000,42,53,53,100,100,100,100,100,100,100,100,67,0,48,51.67043531563745,6.238950416445732,194.66177187860012,8000.731343283582
1781169933,100,GET,/product/LS4PSXUNUM,0.700000,0.000000,50,51,52,52,89,89,89,89,89,89,89,75,0,44,40.52284423261881,6.456965580582619,148.38752057403326,7990.013333333333
1781169933,100,GET,/product/OLJCESPC7Z,0.400000,0.000000,50,50,50,100,100,100,100,100,100,100,100,76,0,31,46.377709086396194,6.188006140291691,192.85418651998043,8021.684210526316
1781169933,100,,Aggregated,55.200000,0.000000,31,50,62,74,98,170,490,590,650,650,650,5146,0,35,95.49181313053775,5.868092179298401,1780.9522980824113,10564.29615235134
1781169934,100,GET,/,43.600000,0.000000,24,40,54,70,98,180,500,590,650,650,650,3939,0,33,101.09047050767288,6.59752544015646,1369.0284499898553,10538.780654988575
1781169934,100,POST,/cart,3.800000,0.000000,52,69,76,90,120,360,470,470,470,470,470,379,0,42,99.7819919016281,9.125040844082832,1780.9522980824113,17620.62005277045
1781169934,100,POST,/cart/checkout,2.300000,0.000000,42,55,64,74,130,480,480,480,480,480,480,235,0,37,87.81496191674725,9.592017158865929,1532.9793421551585,6802.493617021277
1781169934,100,GET,/product/0PUK6V6EV0,0.500000,0.000000,47,47,50,50,50,50,50,50,50,50,50,66,0,47,71.59915364657839,6.738173775374889,764.5974326878786,7998.242424242424
1781169934,100,GET,/product/1YMWWN1N4O,1.100000,0.000000,47,50,52,53,92,92,92,92,92,92,92,75,0,38,64.78369526565075,5.868092179298401,848.6714791506529,8013.533333333334
1781169934,100,GET,/product/2ZYFJ3GM2N,0.500000,0.000000,8,8,46,46,46,46,46,46,46,46,46,69,0,36,64.10660814709854,6.503009237349033,835.1049413904548,8018.710144927536
1781169934,100,GET,/product/66VCHSJNUP,0.900000,0.000000,90,98,98,100,530,530,530,530,530,530,530,69,0,50,60.42608845493068,6.17571547627449,529.7031737864017,7971.260869565217
1781169934,100,GET,/product/6E92ZMYYFZ,0.700000,0.000000,50,67,94,94,97,97,97,97,97,97,97,72,0,41,49.38052408397198,6.745605729520321,325.0167975202203,7958.416666666667
1781169934,100,GET,/product/9SIQT8TOJO,0.400000,0.000000,9,47,47,51,60,60,60,60,60,60,60,74,0,44,57.422472831063175,6.312195211648941,751.5808409079909,8023.648648648648
1781169934,100,GET,/product/L9ECAV7KIM,0.400000,0.000000,42,53,53,100,100,100,100,100,100,100,100,67,0,48,51.67043531563745,6.238950416445732,194.66177187860012,8000.731343283582
1781169934,100,GET,/product/LS4PSXUNUM,0.800000,0.000000,50,51,52,52,89,89,89,89,89,89,89,75,0,44,40.52284423261881,6.456965580582619,148.38752057403326,7990.013333333333
1781169934,100,GET,/product/OLJCESPC7Z,0.400000,0.000000,50,50,50,100,100,100,100,100,100,100,100,76,0,31,46.377709086396194,6.188006140291691,192.85418651998043,8021.684210526316
1781169934,100,,Aggregated,55.400000,0.000000,27,47,56,72,98,180,490,590,650,650,650,5196,0,35,94.81463255575808,5.868092179298401,1780.9522980824113,10572.16493456505
1781169935,100,GET,/,43.300000,0.000000,27,48,62,75,100,180,500,590,650,650,650,3981,0,33,100.53666378353871,6.59752544015646,1369.0284499898553,10538.920622959056
1781169935,100,POST,/cart,4.000000,0.000000,52,69,76,90,120,160,470,470,470,470,470,389,0,42,98.44312277457325,9.125040844082832,1780.9522980824113,17649.912596401027
1781169935,100,POST,/cart/checkout,1.800000,0.000000,42,55,64,70,76,130,480,480,480,480,480,238,0,36,87.10753745125497,9.592017158865929,1532.9793421551585,6802.563025210084
1781169935,100,GET,/product/0PUK6V6EV0,0.400000,0.000000,47,47,50,50,50,50,50,50,50,50,50,66,0,47,71.59915364657839,6.738173775374889,764.5974326878786,7998.242424242424
1781169935,100,GET,/product/1YMWWN1N4O,1.100000,0.000000,39,47,50,53,92,92,92,92,92,92,92,76,0,37,64.22691667256386,5.868092179298401,848.6714791506529,8014.263157894737
1781169935,100,GET,/product/2ZYFJ3GM2N,0.500000,0.000000,7,7,8,8,8,8,8,8,8,8,8,70,0,32,63.292040715792346,6.503009237349033,835.1049413904548,8019.057142857143
1781169935,100,GET,/product/66VCHSJNUP,1.000000,0.000000,52,98,98,98,100,530,530,530,530,530,530,70,0,49,59.66453444478767,6.17571547627449,529.7031737864017,7972.2
1781169935,100,GET,/product/6E92ZMYYFZ,0.700000,0.000000,50,67,89,89,97,97,97,97,97,97,97,74,0,41,49.93018351898,6.745605729520321,325.0167975202203,7958.608108108108
1781169935,100,GET,/product/9SIQT8TOJO,0.600000,0.000000,9,47,47,51,60,60,60,60,60,60,60,74,0,44,57.422472831063175,6.312195211648941,751.5808409079909,8023.648648648648
1781169935,100,GET,/product/L9ECAV7KIM,0.500000,0.000000,53,53,100,100,100,100,100,100,100,100,100,67,0,48,51.67043531563745,6.238950416445732,194.66177187860012,8000.731343283582
1781169935,100,GET,/product/LS4PSXUNUM,0.800000,0.000000,50,51,52,52,89,89,89,89,89,89,89,75,0,44,40.52284423261881,6.456965580582619,148.38752057403326,7990.013333333333
1781169935,100,GET,/product/OLJCESPC7Z,0.500000,0.000000,50,50,100,100,100,100,100,100,100,100,100,76,0,31,46.377709086396194,6.188006140291691,192.85418651998043,8021.684210526316
1781169935,100,,Aggregated,55.200000,0.000000,31,51,65,76,98,170,490,590,650,650,650,5256,0,35,94.26295894369642,5.868092179298401,1780.9522980824113,10583.002283105023
1781169936,100,GET,/,44.200000,0.000000,28,47,60,74,100,180,530,590,650,650,650,4024,0,33,99.79816145892208,6.59752544015646,1369.0284499898553,10539.047713717693
1781169936,100,POST,/cart,3.900000,0.000000,52,69,87,92,120,160,470,470,470,470,470,391,0,43,98.57153158177576,9.125040844082832,1780.9522980824113,17647.52685421995
1781169936,100,POST,/cart/checkout,1.800000,0.000000,41,55,64,70,76,130,480,480,480,480,480,240,0,36,86.53789624028529,9.592017158865929,1532.9793421551585,6802.729166666667
1781169936,100,GET,/product/0PUK6V6EV0,0.400000,0.000000,47,47,50,50,50,50,50,50,50,50,50,66,0,47,71.59915364657839,6.738173775374889,764.5974326878786,7998.242424242424
1781169936,100,GET,/product/1YMWWN1N4O,1.000000,0.000000,37,47,50,50,53,92,92,92,92,92,92,77,0,37,63.48445974048469,5.868092179298401,848.6714791506529,8014.922077922078
1781169936,100,GET,/product/2ZYFJ3GM2N,0.400000,0.000000,7,7,8,8,8,8,8,8,8,8,8,70,0,32,63.292040715792346,6.503009237349033,835.1049413904548,8019.057142857143
1781169936,100,GET,/product/66VCHSJNUP,1.100000,0.000000,90,98,98,100,530,530,530,530,530,530,530,71,0,49,58.920462983070124,6.17571547627449,529.7031737864017,7973.140845070423
1781169936,100,GET,/product/6E92ZMYYFZ,0.700000,0.000000,67,89,92,92,97,97,97,97,97,97,97,75,0,43,50.49530712266763,6.745605729520321,325.0167975202203,7959.32
1781169936,100,GET,/product/9SIQT8TOJO,0.700000,0.000000,9,47,51,51,60,60,60,60,60,60,60,74,0,44,57.422472831063175,6.312195211648941,751.5808409079909,8023.648648648648
1781169936,100,GET,/product/L9ECAV7KIM,0.500000,0.000000,13,13,100,100,100,100,100,100,100,100,100,68,0,48,51.02395614170853,6.238950416445732,194.66177187860012,8001.264705882353
1781169936,100,GET,/product/LS4PSXUNUM,0.800000,0.000000,50,51,52,52,89,89,89,89,89,89,89,76,0,44,40.082262461318784,6.456965580582619,148.38752057403326,7990.473684210527
1781169936,100,GET,/product/OLJCESPC7Z,0.500000,0.000000,50,50,100,100,100,100,100,100,100,100,100,77,0,31,45.8780387295531,6.188006140291691,192.85418651998043,8021.025974025974
1781169936,100,,Aggregated,56.000000,0.000000,30,51,64,76,100,180,490,590,650,650,650,5309,0,35,93.65434354680937,5.868092179298401,1780.9522980824113,10580.920323978151
1781169937,100,GET,/,41.700000,0.000000,28,48,63,74,100,180,500,590,650,650,650,4074,0,33,99.0256882216882,6.59752544015646,1369.0284499898553,10539.211831124203
1781169937,100,POST,/cart,4.300000,0.000000,58,78,92,93,140,360,470,470,470,470,470,394,0,43,98.51248849296782,9.125040844082832,1780.9522980824113,17666.4923857868
1781169937,100,POST,/cart/checkout,2.300000,0.000000,28,55,62,64,74,130,480,480,480,480,480,242,0,36,86.14449028680023,9.592017158865929,1532.9793421551585,6802.677685950413
1781169937,100,GET,/product/0PUK6V6EV0,0.400000,0.000000,8,8,50,50,50,50,50,50,50,50,50,68,0,46,69.70857070101535,6.738173775374889,764.5974326878786,8000.323529411765
1781169937,100,GET,/product/1YMWWN1N4O,0.900000,0.000000,33,39,47,50,92,92,92,92,92,92,92,77,0,37,63.48445974048469,5.868092179298401,848.6714791506529,8014.922077922078
1781169937,100,GET,/product/2ZYFJ3GM2N,0.400000,0.000000,7,7,8,8,8,8,8,8,8,8,8,70,0,32,63.292040715792346,6.503009237349033,835.1049413904548,8019.057142857143
1781169937,100,GET,/product/66VCHSJNUP,1.000000,0.000000,90,98,98,100,530,530,530,530,530,530,530,72,0,49,58.20912884600047,6.17571547627449,529.7031737864017,7972.347222222223
1781169937,100,GET,/product/6E92ZMYYFZ,0.500000,0.000000,67,89,92,92,97,97,97,97,97,97,97,76,0,43,50.434710396649805,6.745605729520321,325.0167975202203,7960.223684210527
1781169937,100,GET,/product/9SIQT8TOJO,0.900000,0.000000,9,47,51,51,60,60,60,60,60,60,60,74,0,44,57.422472831063175,6.312195211648941,751.5808409079909,8023.648648648648
1781169937,100,GET,/product/L9ECAV7KIM,0.400000,0.000000,13,13,100,100,100,100,100,100,100,100,100,69,0,48,50.39374523566685,6.238950416445732,194.66177187860012,8000.608695652174
1781169937,100,GET,/product/LS4PSXUNUM,0.700000,0.000000,49,50,51,51,89,89,89,89,89,89,89,78,0,44,39.72494168780171,6.456965580582619,148.38752057403326,7991.923076923077
1781169937,100,GET,/product/OLJCESPC7Z,0.400000,0.000000,50,50,100,100,100,100,100,100,100,100,100,77,0,31,45.8780387295531,6.188006140291691,192.85418651998043,8021.025974025974
1781169937,100,,Aggregated,53.900000,0.000000,30,52,65,76,100,170,490,590,650,650,650,5371,0,35,93.00542749957657,5.868092179298401,1780.9522980824113,10581.245019549433
1781169938,100,GET,/,42.100000,0.000000,27,45,55,68,100,180,530,590,650,650,650,4109,0,32,98.35771765685932,6.59752544015646,1369.0284499898553,10539.302993429059
1781169938,100,POST,/cart,4.500000,0.000000,58,76,92,93,140,360,470,470,470,470,470,396,0,43,98.20810813372108,9.125040844082832,1780.9522980824113,17678.320707070707
1781169938,100,POST,/cart/checkout,2.100000,0.000000,26,51,61,62,70,130,480,480,480,480,480,245,0,35,85.30088515610112,9.592017158865929,1532.9793421551585,6802.84081632653
1781169938,100,GET,/product/0PUK6V6EV0,0.200000,0.000000,8,8,50,50,50,50,50,50,50,50,50,68,0,46,69.70857070101535,6.738173775374889,764.5974326878786,8000.323529411765
1781169938,100,GET,/product/1YMWWN1N4O,1.000000,0.000000,33,39,47,50,92,92,92,92,92,92,92,78,0,35,62.788494361134674,5.868092179298401,848.6714791506529,8015.358974358975
1781169938,100,GET,/product/2ZYFJ3GM2N,0.400000,0.000000,8,8,45,45,47,47,47,47,47,47,47,72,0,36,62.81873661403855,6.503009237349033,835.1049413904548,8019.180555555556
1781169938,100,GET,/product/66VCHSJNUP,0.900000,0.000000,90,98,98,100,530,530,530,530,530,530,530,72,0,49,58.20912884600047,6.17571547627449,529.7031737864017,7972.347222222223
1781169938,100,GET,/product/6E92ZMYYFZ,0.700000,0.000000,67,89,92,92,97,97,97,97,97,97,97,76,0,43,50.434710396649805,6.745605729520321,325.0167975202203,7960.223684210527
1781169938,100,GET,/product/9SIQT8TOJO,0.800000,0.000000,9,47,48,51,60,60,60,60,60,60,60,76,0,44,56.63317922306688,6.312195211648941,751.5808409079909,8024.526315789473
1781169938,100,GET,/product/L9ECAV7KIM,0.400000,0.000000,13,25,46,46,100,100,100,100,100,100,100,72,0,48,49.37598913804524,6.238950416445732,194.66177187860012,8001.486111111111
1781169938,100,GET,/product/LS4PSXUNUM,0.700000,0.000000,45,45,51,51,89,89,89,89,89,89,89,78,0,44,39.72494168780171,6.456965580582619,148.38752057403326,7991.923076923077
1781169938,100,GET,/product/OLJCESPC7Z,0.500000,0.000000,50,50,100,100,100,100,100,100,100,100,100,78,0,30,45.67452191781157,6.188006140291691,192.85418651998043,8020.5641025641025
1781169938,100,,Aggregated,54.300000,0.000000,28,48,59,70,100,180,490,590,650,650,650,5420,0,34,92.3701236545146,5.868092179298401,1780.9522980824113,10578.199077490775
1781169939,100,GET,/,42.500000,0.000000,32,53,73,86,130,190,500,590,650,650,650,4161,0,33,98.1928647930692,6.59752544015646,1369.0284499898553,10539.463590483057
1781169939,100,POST,/cart,4.200000,0.000000,65,87,93,110,160,360,470,470,470,470,470,398,0,44,98.54740703515895,9.125040844082832,1780.9522980824113,17686.43216080402
1781169939,100,POST,/cart/checkout,2.200000,0.000000,26,55,62,64,130,480,480,480,480,480,480,246,0,35,85.03167414886316,9.592017158865929,1532.9793421551585,6802.808943089431
1781169939,100,GET,/product/0PUK6V6EV0,0.400000,0.000000,8,8,8,50,50,50,50,50,50,50,50,69,0,46,68.810707471077,6.738173775374889,764.5974326878786,8001.0
1781169939,100,GET,/product/1YMWWN1N4O,0.900000,0.000000,22,39,47,50,92,92,92,92,92,92,92,78,0,35,62.788494361134674,5.868092179298401,848.6714791506529,8015.358974358975
1781169939,100,GET,/product/2ZYFJ3GM2N,0.300000,0.000000,45,47,53,53,96,96,96,96,96,96,96,74,0,38,63.146071042865515,6.503009237349033,835.1049413904548,8018.540540540541
1781169939,100,GET,/product/66VCHSJNUP,0.900000,0.000000,52,97,98,98,100,530,530,530,530,530,530,74,0,49,58.59169847256428,6.17571547627449,529.7031737864017,7972.8378378378375
1781169939,100,GET,/product/6E92ZMYYFZ,0.800000,0.000000,52,89,92,92,97,97,97,97,97,97,97,77,0,43,50.45597320543481,6.745605729520321,325.0167975202203,7959.714285714285
1781169939,100,GET,/product/9SIQT8TOJO,0.800000,0.000000,47,48,51,51,60,60,60,60,60,60,60,76,0,44,56.63317922306688,6.312195211648941,751.5808409079909,8024.526315789473
1781169939,100,GET,/product/L9ECAV7KIM,0.500000,0.000000,25,30,46,53,100,100,100,100,100,100,100,74,0,48,49.172896866661475,6.238950416445732,194.66177187860012,8002.013513513513
1781169939,100,GET,/product/LS4PSXUNUM,0.800000,0.000000,51,51,89,89,98,98,98,98,98,98,98,80,0,44,40.592110459692776,6.456965580582619,148.38752057403326,7991.8875
1781169939,100,GET,/product/OLJCESPC7Z,0.400000,0.000000,50,50,100,100,100,100,100,100,100,100,100,78,0,30,45.67452191781157,6.188006140291691,192.85418651998043,8020.5641025641025
1781169939,100,,Aggregated,54.700000,0.000000,36,54,73,89,120,180,490,590,650,650,650,5485,0,35,92.25382206684748,5.868092179298401,1780.9522980824113,10575.732725615315
1781169940,100,GET,/,42.600000,0.000000,29,51,69,86,140,190,500,590,650,650,650,4203,0,33,97.493854622562,6.59752544015646,1369.0284499898553,10539.546990245062
1781169940,100,POST,/cart,4.000000,0.000000,58,87,93,110,160,360,470,470,470,470,470,400,0,44,98.23781343875453,9.125040844082832,1780.9522980824113,17694.5725
1781169940,100,POST,/cart/checkout,2.200000,0.000000,17,26,61,61,70,480,480,480,480,480,480,248,0,35,84.64834014434487,9.592017158865929,1532.9793421551585,6802.697580645161
1781169940,100,GET,/product/0PUK6V6EV0,0.400000,0.000000,8,8,8,50,50,50,50,50,50,50,50,69,0,46,68.810707471077,6.738173775374889,764.5974326878786,8001.0
1781169940,100,GET,/product/1YMWWN1N4O,1.000000,0.000000,22,39,45,45,92,92,92,92,92,92,92,80,0,35,61.88223999924958,5.868092179298401,848.6714791506529,8016.85
1781169940,100,GET,/product/2ZYFJ3GM2N,0.500000,0.000000,47,47,53,55,96,96,96,96,96,96,96,76,0,40,62.81806676844625,6.503009237349033,835.1049413904548,8018.355263157895
1781169940,100,GET,/product/66VCHSJNUP,1.000000,0.000000,48,52,97,97,100,530,530,530,530,530,530,76,0,48,57.31863005233831,6.17571547627449,529.7031737864017,7973.539473684211
1781169940,100,GET,/product/6E92ZMYYFZ,0.800000,0.000000,50,52,89,89,92,92,92,92,92,92,92,78,0,43,49.8998211696744,6.745605729520321,325.0167975202203,7959.294871794872
1781169940,100,GET,/product/9SIQT8TOJO,0.700000,0.000000,47,48,51,51,60,60,60,60,60,60,60,76,0,44,56.63317922306688,6.312195211648941,751.5808409079909,8024.526315789473
1781169940,100,GET,/product/L9ECAV7KIM,0.600000,0.000000,30,46,53,53,100,100,100,100,100,100,100,74,0,48,49.172896866661475,6.238950416445732,194.66177187860012,8002.013513513513
1781169940,100,GET,/product/LS4PSXUNUM,0.800000,0.000000,45,51,89,89,98,98,98,98,98,98,98,80,0,44,40.592110459692776,6.456965580582619,148.38752057403326,7991.8875
1781169940,100,GET,/product/OLJCESPC7Z,0.400000,0.000000,50,50,100,100,100,100,100,100,100,100,100,78,0,30,45.67452191781157,6.188006140291691,192.85418651998043,8020.5641025641025
1781169940,100,,Aggregated,55.000000,0.000000,31,52,69,87,120,180,490,590,650,650,650,5538,0,35,91.64474093001746,5.868092179298401,1780.9522980824113,10574.07150595883
1781169941,100,GET,/,41.300000,0.000000,26,43,54,64,91,110,170,180,190,190,190,4247,0,33,96.82283318141698,6.59752544015646,1369.0284499898553,10539.6307982105
1781169941,100,POST,/cart,3.700000,0.000000,57,65,92,93,140,160,180,180,180,180,180,405,0,44,97.69004350413142,9.125040844082832,1780.9522980824113,17689.64197530864
1781169941,100,POST,/cart/checkout,2.400000,0.000000,19,26,43,61,70,480,480,480,480,480,480,250,0,35,84.24308282136917,9.592017158865929,1532.9793421551585,6802.78
1781169941,100,GET,/product/0PUK6V6EV0,0.500000,0.000000,8,8,50,50,53,53,53,53,53,53,53,71,0,46,67.72670055359183,6.738173775374889,764.5974326878786,8000.183098591549
1781169941,100,GET,/product/1YMWWN1N4O,0.900000,0.000000,22,32,39,39,45,45,45,45,45,45,45,81,0,35,61.513600709997576,5.868092179298401,848.6714791506529,8016.814814814815
1781169941,100,GET,/product/2ZYFJ3GM2N,0.600000,0.000000,47,47,53,55,96,96,96,96,96,96,96,77,0,40,62.08806657897575,6.503009237349033,835.1049413904548,8018.831168831169
1781169941,100,GET,/product/66VCHSJNUP,0.900000,0.000000,24,48,90,90,97,100,100,100,100,100,100,77,0,48,56.685593874230015,6.17571547627449,529.7031737864017,7974.337662337663
1781169941,100,GET,/product/6E92ZMYYFZ,0.600000,0.000000,50,52,89,89,92,92,92,92,92,92,92,78,0,43,49.8998211696744,6.745605729520321,325.0167975202203,7959.294871794872
1781169941,100,GET,/product/9SIQT8TOJO,0.800000,0.000000,9,47,48,48,60,60,60,60,60,60,60,76,0,44,56.63317922306688,6.312195211648941,751.5808409079909,8024.526315789473
1781169941,100,GET,/product/L9ECAV7KIM,0.700000,0.000000,30,46,53,53,100,100,100,100,100,100,100,74,0,48,49.172896866661475,6.238950416445732,194.66177187860012,8002.013513513513
1781169941,100,GET,/product/LS4PSXUNUM,0.600000,0.000000,45,45,51,51,98,98,98,98,98,98,98,80,0,44,40.592110459692776,6.456965580582619,148.38752057403326,7991.8875
1781169941,100,GET,/product/OLJCESPC7Z,0.400000,0.000000,30,30,100,100,100,100,100,100,100,100,100,78,0,30,45.67452191781157,6.188006140291691,192.85418651998043,8020.5641025641025
1781169941,100,,Aggregated,53.400000,0.000000,27,46,54,64,92,110,160,180,190,190,190,5594,0,34,91.0642945449393,5.868092179298401,1780.9522980824113,10576.234179478011
1781169942,100,GET,/,43.600000,0.000000,26,43,54,61,87,100,160,180,190,190,190,4286,0,32,96.18280273073405,6.59752544015646,1369.0284499898553,10539.885207652824
1781169942,100,POST,/cart,4.000000,0.000000,52,62,78,92,110,150,180,180,180,180,180,412,0,43,96.5240767284396,9.125040844082832,1780.9522980824113,17696.22087378641
1781169942,100,POST,/cart/checkout,2.000000,0.000000,17,26,41,43,62,70,70,70,70,70,70,252,0,35,83.78167300012022,9.592017158865929,1532.9793421551585,6802.626984126984
1781169942,100,GET,/product/0PUK6V6EV0,0.400000,0.000000,8,43,50,50,53,53,53,53,53,53,53,72,0,45,67.38211380110846,6.738173775374889,764.5974326878786,8000.472222222223
1781169942,100,GET,/product/1YMWWN1N4O,1.100000,0.000000,22,32,39,39,45,45,45,45,45,45,45,82,0,33,60.85130749497472,5.868092179298401,848.6714791506529,8017.134146341464
1781169942,100,GET,/product/2ZYFJ3GM2N,0.900000,0.000000,47,47,53,55,96,96,96,96,96,96,96,77,0,40,62.08806657897575,6.503009237349033,835.1049413904548,8018.831168831169
1781169942,100,GET,/product/66VCHSJNUP,1.100000,0.000000,11,48,52,52,55,97,97,97,97,97,97,78,0,48,56.66546571331146,6.17571547627449,529.7031737864017,7973.846153846154
1781169942,100,GET,/product/6E92ZMYYFZ,0.700000,0.000000,50,52,89,89,92,92,92,92,92,92,92,79,0,43,49.73367313984074,6.745605729520321,325.0167975202203,7959.886075949367
1781169942,100,GET,/product/9SIQT8TOJO,0.800000,0.000000,47,48,48,60,60,60,60,60,60,60,60,76,0,44,56.63317922306688,6.312195211648941,751.5808409079909,8024.526315789473
1781169942,100,GET,/product/L9ECAV7KIM,0.800000,0.000000,25,30,46,53,100,100,100,100,100,100,100,75,0,48,48.61800910284122,6.238950416445732,194.66177187860012,8002.64
1781169942,100,GET,/product/LS4PSXUNUM,0.700000,0.000000,45,45,51,51,98,98,98,98,98,98,98,80,0,44,40.592110459692776,6.456965580582619,148.38752057403326,7991.8875
1781169942,100,GET,/product/OLJCESPC7Z,0.400000,0.000000,30,30,100,100,100,100,100,100,100,100,100,78,0,30,45.67452191781157,6.188006140291691,192.85418651998043,8020.5641025641025
1781169942,100,,Aggregated,56.500000,0.000000,26,46,54,61,88,98,160,180,190,190,190,5647,0,34,90.4642845051601,5.868092179298401,1780.9522980824113,10581.857623516911
1781169943,100,GET,/,42.400000,0.000000,26,43,54,62,87,100,160,180,190,190,190,4328,0,32,95.48146250272985,6.59752544015646,1369.0284499898553,10539.920979667282
1781169943,100,POST,/cart,3.900000,0.000000,52,63,81,90,96,140,180,180,180,180,180,419,0,43,95.65004211159196,9.125040844082832,1780.9522980824113,17695.973747016706
1781169943,100,POST,/cart/checkout,1.700000,0.000000,17,26,41,43,62,70,70,70,70,70,70,252,0,35,83.78167300012022,9.592017158865929,1532.9793421551585,6802.626984126984
1781169943,100,GET,/product/0PUK6V6EV0,0.500000,0.000000,8,43,50,50,53,53,53,53,53,53,53,72,0,45,67.38211380110846,6.738173775374889,764.5974326878786,8000.472222222223
1781169943,100,GET,/product/1YMWWN1N4O,0.800000,0.000000,9,22,32,43,45,45,45,45,45,45,45,84,0,33,59.99300729793807,5.868092179298401,848.6714791506529,8017.357142857143
1781169943,100,GET,/product/2ZYFJ3GM2N,1.000000,0.000000,47,47,53,55,96,96,96,96,96,96,96,78,0,38,61.38139243166034,6.503009237349033,835.1049413904548,8017.820512820513
1781169943,100,GET,/product/66VCHSJNUP,1.300000,0.000000,11,24,52,52,55,97,97,97,97,97,97,79,0,48,56.03636014923642,6.17571547627449,529.7031737864017,7973.772151898735
1781169943,100,GET,/product/6E92ZMYYFZ,0.700000,0.000000,50,52,89,89,92,92,92,92,92,92,92,80,0,41,49.60512786637992,6.745605729520321,325.0167975202203,7959.675
1781169943,100,GET,/product/9SIQT8TOJO,0.800000,0.000000,48,48,60,60,60,60,60,60,60,60,60,76,0,44,56.63317922306688,6.312195211648941,751.5808409079909,8024.526315789473
1781169943,100,GET,/product/L9ECAV7KIM,0.800000,0.000000,30,43,46,53,100,100,100,100,100,100,100,76,0,47,48.543797952956275,6.238950416445732,194.66177187860012,8002.184210526316
1781169943,100,GET,/product/LS4PSXUNUM,0.700000,0.000000,45,45,51,51,98,98,98,98,98,98,98,80,0,44,40.592110459692776,6.456965580582619,148.38752057403326,7991.8875
1781169943,100,GET,/product/OLJCESPC7Z,0.300000,0.000000,30,30,30,30,30,30,30,30,30,30,30,78,0,30,45.67452191781157,6.188006140291691,192.85418651998043,8020.5641025641025
1781169943,100,,Aggregated,54.900000,0.000000,26,45,54,61,88,98,160,180,190,190,190,5702,0,34,89.84768622620498,5.868092179298401,1780.9522980824113,10587.552086987022
1781169944,100,GET,/,43.100000,0.000000,26,43,53,59,85,100,160,180,190,190,190,4373,0,32,94.78604000529435,6.59752544015646,1369.0284499898553,10540.111822547451
1781169944,100,POST,/cart,4.400000,0.000000,59,67,87,92,110,150,180,180,180,180,180,424,0,44,95.3308686829295,9.125040844082832,1780.9522980824113,17704.870283018867
1781169944,100,POST,/cart/checkout,1.800000,0.000000,19,26,41,43,62,70,70,70,70,70,70,253,0,35,83.54938919968873,9.592017158865929,1532.9793421551585,6802.675889328063
1781169944,100,GET,/product/0PUK6V6EV0,0.600000,0.000000,32,43,50,50,53,53,53,53,53,53,53,73,0,45,66.89135011999983,6.738173775374889,764.5974326878786,8001.082191780822
1781169944,100,GET,/product/1YMWWN1N4O,0.700000,0.000000,9,22,32,43,45,45,45,45,45,45,45,85,0,33,59.375565214192164,5.868092179298401,848.6714791506529,8017.964705882353
1781169944,100,GET,/product/2ZYFJ3GM2N,1.000000,0.000000,47,47,53,55,96,96,96,96,96,96,96,78,0,38,61.38139243166034,6.503009237349033,835.1049413904548,8017.820512820513
1781169944,100,GET,/product/66VCHSJNUP,1.300000,0.000000,9,48,49,49,55,97,97,97,97,97,97,80,0,48,55.94261863734573,6.17571547627449,529.7031737864017,7974.525
1781169944,100,GET,/product/6E92ZMYYFZ,0.700000,0.000000,50,52,89,89,92,92,92,92,92,92,92,80,0,41,49.60512786637992,6.745605729520321,325.0167975202203,7959.675
1781169944,100,GET,/product/9SIQT8TOJO,0.700000,0.000000,8,48,48,60,60,60,60,60,60,60,60,77,0,44,55.99855072796345,6.312195211648941,751.5808409079909,8025.38961038961
1781169944,100,GET,/product/L9ECAV7KIM,0.900000,0.000000,25,30,43,46,53,53,53,53,53,53,53,76,0,47,48.543797952956275,6.238950416445732,194.66177187860012,8002.184210526316
1781169944,100,GET,/product/LS4PSXUNUM,0.600000,0.000000,45,51,51,98,98,98,98,98,98,98,98,80,0,44,40.592110459692776,6.456965580582619,148.38752057403326,7991.8875
1781169944,100,GET,/product/OLJCESPC7Z,0.300000,0.000000,30,30,51,51,51,51,51,51,51,51,51,79,0,31,45.743882066652745,6.188006140291691,192.85418651998043,8020.189873417721
1781169944,100,,Aggregated,56.100000,0.000000,28,45,53,61,87,98,160,180,190,190,190,5758,0,34,89.28126940512126,5.868092179298401,1780.9522980824113,10591.290378603682
1781169945,100,GET,/,42.600000,0.000000,26,43,53,59,84,97,160,180,190,190,190,4418,0,32,94.20579791974636,6.59752544015646,1369.0284499898553,10540.258261656858
1781169945,100,POST,/cart,4.200000,0.000000,58,67,84,90,96,140,180,180,180,180,180,430,0,43,94.41816040293075,9.125040844082832,1780.9522980824113,17700.627906976744
1781169945,100,POST,/cart/checkout,1.900000,0.000000,25,29,43,56,62,74,74,74,74,74,74,256,0,35,83.12379463677644,9.592017158865929,1532.9793421551585,6802.67578125
1781169945,100,GET,/product/0PUK6V6EV0,0.700000,0.000000,32,43,53,53,92,92,92,92,92,92,92,74,0,45,67.23676820763865,6.738173775374889,764.5974326878786,8001.486486486487
1781169945,100,GET,/product/1YMWWN1N4O,0.800000,0.000000,8,9,32,43,45,45,45,45,45,45,45,85,0,33,59.375565214192164,5.868092179298401,848.6714791506529,8017.964705882353
1781169945,100,GET,/product/2ZYFJ3GM2N,1.000000,0.000000,47,47,53,55,96,96,96,96,96,96,96,80,0,36,60.02748906612396,6.503009237349033,835.1049413904548,8017.6875
1781169945,100,GET,/product/66VCHSJNUP,1.200000,0.000000,11,48,51,51,55,97,97,97,97,97,97,81,0,49,55.88775391425983,6.17571547627449,529.7031737864017,7973.950617283951
1781169945,100,GET,/product/6E92ZMYYFZ,0.700000,0.000000,46,51,52,52,92,92,92,92,92,92,92,81,0,43,49.61899778357259,6.745605729520321,325.0167975202203,7960.246913580247
1781169945,100,GET,/product/9SIQT8TOJO,0.500000,0.000000,8,8,48,48,48,48,48,48,48,48,48,77,0,44,55.99855072796345,6.312195211648941,751.5808409079909,8025.38961038961
1781169945,100,GET,/product/L9ECAV7KIM,0.900000,0.000000,25,30,43,46,53,53,53,53,53,53,53,76,0,47,48.543797952956275,6.238950416445732,194.66177187860012,8002.184210526316
1781169945,100,GET,/product/LS4PSXUNUM,0.500000,0.000000,45,51,51,98,98,98,98,98,98,98,98,80,0,44,40.592110459692776,6.456965580582619,148.38752057403326,7991.8875
1781169945,100,GET,/product/OLJCESPC7Z,0.200000,0.000000,30,30,51,51,93,93,93,93,93,93,93,82,0,30,45.3765046578355,6.188006140291691,192.85418651998043,8020.085365853659
1781169945,100,,Aggregated,55.200000,0.000000,27,45,54,61,85,96,160,180,190,190,190,5820,0,34,88.73210735090998,5.868092179298401,1780.9522980824113,10592.518384879724
1781169946,100,GET,/,42.300000,0.000000,25,41,51,57,81,96,160,180,190,190,190,4455,0,32,93.71138473034038,6.59752544015646,1369.0284499898553,10540.37620650954
1781169946,100,POST,/cart,4.400000,0.000000,45,63,81,84,92,96,180,180,180,180,180,435,0,44,93.87133715181858,9.125040844082832,1780.9522980824113,17718.96091954023
1781169946,100,POST,/cart/checkout,2.000000,0.000000,27,41,56,61,72,74,74,74,74,74,74,258,0,35,82.86447239346629,9.592017158865929,1532.9793421551585,6802.565891472868
1781169946,100,GET,/product/0PUK6V6EV0,0.700000,0.000000,32,43,53,53,92,92,92,92,92,92,92,74,0,45,67.23676820763865,6.738173775374889,764.5974326878786,8001.486486486487
1781169946,100,GET,/product/1YMWWN1N4O,0.900000,0.000000,9,32,43,43,45,45,45,45,45,45,45,85,0,33,59.375565214192164,5.868092179298401,848.6714791506529,8017.964705882353
1781169946,100,GET,/product/2ZYFJ3GM2N,0.900000,0.000000,47,53,53,53,55,96,96,96,96,96,96,81,0,38,59.945163110064136,6.503009237349033,835.1049413904548,8018.333333333333
1781169946,100,GET,/product/66VCHSJNUP,1.000000,0.000000,47,49,51,51,55,97,97,97,97,97,97,82,0,48,55.783357573445976,6.17571547627449,529.7031737864017,7974.487804878048
1781169946,100,GET,/product/6E92ZMYYFZ,0.800000,0.000000,46,46,51,51,52,52,52,52,52,52,52,82,0,43,49.57217639084996,6.745605729520321,325.0167975202203,7960.951219512195
1781169946,100,GET,/product/9SIQT8TOJO,0.400000,0.000000,8,8,48,48,48,48,48,48,48,48,48,77,0,44,55.99855072796345,6.312195211648941,751.5808409079909,8025.38961038961
1781169946,100,GET,/product/L9ECAV7KIM,0.900000,0.000000,30,43,46,46,53,53,53,53,53,53,53,76,0,47,48.543797952956275,6.238950416445732,194.66177187860012,8002.184210526316
1781169946,100,GET,/product/LS4PSXUNUM,0.500000,0.000000,51,51,98,98,98,98,98,98,98,98,98,81,0,44,40.170536893937324,6.444651633501053,148.38752057403326,7992.320987654321
1781169946,100,GET,/product/OLJCESPC7Z,0.300000,0.000000,30,51,51,93,93,93,93,93,93,93,93,82,0,30,45.3765046578355,6.188006140291691,192.85418651998043,8020.085365853659
1781169946,100,,Aggregated,55.100000,0.000000,26,45,53,58,83,96,160,180,190,190,190,5868,0,34,88.30782963882245,5.868092179298401,1780.9522980824113,10596.653033401499
1781169947,100,GET,/,43.500000,0.000000,25,42,52,57,82,96,160,180,190,190,190,4503,0,32,93.07015170542805,6.59752544015646,1369.0284499898553,10540.588274483678
1781169947,100,POST,/cart,4.300000,0.000000,45,63,68,84,92,96,180,180,180,180,180,440,0,44,93.45935845366594,9.125040844082832,1780.9522980824113,17740.10681818182
1781169947,100,POST,/cart/checkout,1.600000,0.000000,25,41,56,62,72,74,74,74,74,74,74,258,0,35,82.86447239346629,9.592017158865929,1532.9793421551585,6802.565891472868
1781169947,100,GET,/product/0PUK6V6EV0,0.700000,0.000000,43,49,53,53,92,92,92,92,92,92,92,77,0,46,66.02589484884754,6.563411094248295,764.5974326878786,8002.090909090909
1781169947,100,GET,/product/1YMWWN1N4O,1.000000,0.000000,8,9,32,43,45,45,45,45,45,45,45,86,0,32,58.77372689631789,5.868092179298401,848.6714791506529,8018.581395348837
1781169947,100,GET,/product/2ZYFJ3GM2N,1.000000,0.000000,47,53,53,55,96,96,96,96,96,96,96,82,0,38,59.79305678387968,6.503009237349033,835.1049413904548,8017.817073170731
1781169947,100,GET,/product/66VCHSJNUP,1.100000,0.000000,48,49,51,51,55,97,97,97,97,97,97,83,0,49,55.716302773230765,6.17571547627449,529.7031737864017,7975.3373493975905
1781169947,100,GET,/product/6E92ZMYYFZ,0.800000,0.000000,46,46,51,51,52,52,52,52,52,52,52,82,0,43,49.57217639084996,6.745605729520321,325.0167975202203,7960.951219512195
1781169947,100,GET,/product/9SIQT8TOJO,0.300000,0.000000,8,8,42,42,42,42,42,42,42,42,42,78,0,42,55.81341375811742,6.312195211648941,751.5808409079909,8026.320512820513
1781169947,100,GET,/product/L9ECAV7KIM,0.900000,0.000000,30,43,43,53,53,53,53,53,53,53,53,76,0,47,48.543797952956275,6.238950416445732,194.66177187860012,8002.184210526316
1781169947,100,GET,/product/LS4PSXUNUM,0.500000,0.000000,41,51,51,98,98,98,98,98,98,98,98,82,0,44,40.18102230776737,6.444651633501053,148.38752057403326,7991.6463414634145
1781169947,100,GET,/product/OLJCESPC7Z,0.400000,0.000000,46,46,51,51,93,93,93,93,93,93,93,83,0,31,45.38525968610522,6.188006140291691,192.85418651998043,8020.048192771084
1781169947,100,,Aggregated,56.100000,0.000000,26,46,53,58,83,96,160,180,190,190,190,5930,0,34,87.76249185402392,5.868092179298401,1780.9522980824113,10600.02478920742
1781169948,100,GET,/,43.600000,0.000000,26,42,53,58,82,96,160,180,190,190,190,4543,0,32,92.46840228654827,6.59752544015646,1369.0284499898553,10540.633722209994
1781169948,100,POST,/cart,4.400000,0.000000,36,63,68,82,92,96,180,180,180,180,180,443,0,43,92.93283138878256,9.125040844082832,1780.9522980824113,17744.176072234764
1781169948,100,POST,/cart/checkout,1.900000,0.000000,27,41,56,62,72,74,74,74,74,74,74,261,0,35,82.13032729980817,9.592017158865929,1532.9793421551585,6802.52490421456
1781169948,100,GET,/product/0PUK6V6EV0,0.800000,0.000000,46,49,53,53,92,92,92,92,92,92,92,78,0,46,65.76564060285305,6.563411094248295,764.5974326878786,8001.423076923077
1781169948,100,GET,/product/1YMWWN1N4O,0.900000,0.000000,8,32,43,43,45,45,45,45,45,45,45,86,0,32,58.77372689631789,5.868092179298401,848.6714791506529,8018.581395348837
1781169948,100,GET,/product/2ZYFJ3GM2N,1.100000,0.000000,47,47,53,55,96,96,96,96,96,96,96,82,0,38,59.79305678387968,6.503009237349033,835.1049413904548,8017.817073170731
1781169948,100,GET,/product/66VCHSJNUP,1.000000,0.000000,48,50,51,51,55,97,97,97,97,97,97,83,0,49,55.716302773230765,6.17571547627449,529.7031737864017,7975.3373493975905
1781169948,100,GET,/product/6E92ZMYYFZ,0.800000,0.000000,39,46,51,51,52,52,52,52,52,52,52,83,0,43,49.061180182160385,6.745605729520321,325.0167975202203,7960.638554216867
1781169948,100,GET,/product/9SIQT8TOJO,0.300000,0.000000,8,8,42,42,42,42,42,42,42,42,42,78,0,42,55.81341375811742,6.312195211648941,751.5808409079909,8026.320512820513
1781169948,100,GET,/product/L9ECAV7KIM,0.900000,0.000000,43,44,44,53,53,53,53,53,53,53,53,78,0,46,48.381301252028116,6.238950416445732,194.66177187860012,8003.358974358975
1781169948,100,GET,/product/LS4PSXUNUM,0.500000,0.000000,51,51,98,98,98,98,98,98,98,98,98,82,0,44,40.18102230776737,6.444651633501053,148.38752057403326,7991.6463414634145
1781169948,100,GET,/product/OLJCESPC7Z,0.500000,0.000000,46,46,51,51,93,93,93,93,93,93,93,83,0,31,45.38525968610522,6.188006140291691,192.85418651998043,8020.048192771084
1781169948,100,,Aggregated,56.700000,0.000000,28,46,53,59,83,96,160,180,190,190,190,5980,0,33,87.23445513276351,5.868092179298401,1780.9522980824113,10599.895986622074
1781169949,100,GET,/,42.600000,0.000000,24,40,50,54,75,89,110,130,140,140,140,4587,0,32,92.22304045602579,6.59752544015646,1369.0284499898553,10540.81796381077
1781169949,100,POST,/cart,4.400000,0.000000,41,61,67,81,91,96,160,160,160,160,160,449,0,43,92.60356230225688,9.125040844082832,1780.9522980824113,17770.436525612473
1781169949,100,POST,/cart/checkout,1.800000,0.000000,25,41,56,72,100,120,120,120,120,120,120,266,0,34,81.58042454125737,9.592017158865929,1532.9793421551585,6802.838345864661
1781169949,100,GET,/product/0PUK6V6EV0,0.800000,0.000000,46,49,53,53,92,92,92,92,92,92,92,79,0,46,65.06170386660703,6.563411094248295,764.5974326878786,8001.151898734177
1781169949,100,GET,/product/1YMWWN1N4O,0.900000,0.000000,32,43,54,54,95,95,95,95,95,95,95,88,0,33,59.13561550815675,5.868092179298401,848.6714791506529,8019.875
1781169949,100,GET,/product/2ZYFJ3GM2N,1.100000,0.000000,8,8,47,47,53,53,53,53,53,53,53,82,0,38,59.79305678387968,6.503009237349033,835.1049413904548,8017.817073170731
1781169949,100,GET,/product/66VCHSJNUP,1.200000,0.000000,47,49,50,51,55,55,55,55,55,55,55,83,0,49,55.716302773230765,6.17571547627449,529.7031737864017,7975.3373493975905
1781169949,100,GET,/product/6E92ZMYYFZ,0.700000,0.000000,46,51,54,54,91,91,91,91,91,91,91,85,0,43,49.60878732449868,6.745605729520321,325.0167975202203,7961.2
1781169949,100,GET,/product/9SIQT8TOJO,0.300000,0.000000,8,8,42,42,42,42,42,42,42,42,42,78,0,42,55.81341375811742,6.312195211648941,751.5808409079909,8026.320512820513
