Timestamp,User Count,Type,Name,Requests/s,Failures/s,50%,66%,75%,80%,90%,95%,98%,99%,99.9%,99.99%,100%,Total Request Count,Total Failure Count,Total Median Response Time,Total Average Response Time,Total Min Response Time,Total Max Response Time,Total Average Content Size
1778007067,0,,Aggregated,0.000000,0.000000,N/A,N/A,N/A,N/A,N/A,N/A,N/A,N/A,N/A,N/A,N/A,0,0,0,0.0,0,0,0
1778007068,5,GET,/,0.000000,0.000000,0,0,0,0,0,0,0,0,0,0,0,1,0,881.3812610460445,881.3812610460445,881.3812610460445,881.3812610460445,10499.0
1778007068,5,,Aggregated,0.000000,0.000000,0,0,0,0,0,0,0,0,0,0,0,1,0,881.3812610460445,881.3812610460445,881.3812610460445,881.3812610460445,10499.0
1778007069,10,GET,/,0.000000,0.000000,0,0,0,0,0,0,0,0,0,0,0,9,0,880,634.4047548999596,55.187847930938005,1164.8084060288966,10499.0
1778007069,10,POST,/cart/checkout,0.000000,0.000000,0,0,0,0,0,0,0,0,0,0,0,1,0,93.84075901471078,93.84075901471078,93.84075901471078,93.84075901471078,6815.0
1778007069,10,,Aggregated,0.000000,0.000000,880,1100,1100,1100,1200,1200,1200,1200,1200,1200,1200,10,0,94,580.3483553114347,55.187847930938005,1164.8084060288966,10130.6
1778007070,15,GET,/,0.000000,0.000000,57,58,59,60,60,60,60,60,60,60,60,18,0,58,338.49088773260723,18.120881053619087,1164.8084060288966,10499.0
1778007070,15,POST,/cart/checkout,0.000000,0.000000,94,94,94,94,94,94,94,94,94,94,94,1,0,93.84075901471078,93.84075901471078,93.84075901471078,93.84075901471078,6815.0
1778007070,15,GET,/product/2ZYFJ3GM2N,0.000000,0.000000,0,0,0,0,0,0,0,0,0,0,0,1,0,14.590916922315955,14.590916922315955,14.590916922315955,14.590916922315955,7938.0
1778007070,15,GET,/product/L9ECAV7KIM,0.000000,0.000000,0,0,0,0,0,0,0,0,0,0,0,1,0,24.754019104875624,24.754019104875624,24.754019104875624,24.754019104875624,7986.0
1778007070,15,,Aggregated,0.000000,0.000000,58,60,94,880,1100,1100,1200,1200,1200,1200,1200,21,0,58,296.47722258232534,14.590916922315955,1164.8084060288966,10081.952380952382
1778007071,20,GET,/,4.500000,0.000000,56,58,60,60,66,69,91,91,91,91,91,31,0,58,216.38242500428592,16.040351940318942,1164.8084060288966,10499.0
1778007071,20,POST,/cart/checkout,0.500000,0.000000,94,94,94,94,94,94,94,94,94,94,94,2,0,52.40367189981043,73.12221545726061,52.40367189981043,93.84075901471078,6817.0
1778007071,20,GET,/product/2ZYFJ3GM2N,0.000000,0.000000,0,0,0,0,0,0,0,0,0,0,0,1,0,14.590916922315955,14.590916922315955,14.590916922315955,14.590916922315955,7938.0
1778007071,20,GET,/product/66VCHSJNUP,0.000000,0.000000,0,0,0,0,0,0,0,0,0,0,0,2,0,14.912144979462028,14.900934009347111,14.889723039232194,14.912144979462028,7955.0
1778007071,20,GET,/product/9SIQT8TOJO,0.000000,0.000000,0,0,0,0,0,0,0,0,0,0,0,1,0,52.30551504064351,52.30551504064351,52.30551504064351,52.30551504064351,8004.0
1778007071,20,GET,/product/L9ECAV7KIM,0.000000,0.000000,14,14,14,14,14,14,14,14,14,14,14,2,0,14.105972950346768,19.429996027611196,14.105972950346768,24.754019104875624,7970.0
1778007071,20,GET,/product/LS4PSXUNUM,0.000000,0.000000,0,0,0,0,0,0,0,0,0,0,0,1,0,12.770810979418457,12.770810979418457,12.770810979418457,12.770810979418457,7953.0
1778007071,20,GET,/product/OLJCESPC7Z,0.000000,0.000000,0,0,0,0,0,0,0,0,0,0,0,1,0,14.184497995302081,14.184497995302081,14.184497995302081,14.184497995302081,7961.0
1778007071,20,,Aggregated,5.000000,0.000000,55,59,60,66,880,1100,1200,1200,1200,1200,1200,41,0,55,171.13690748924344,12.770810979418457,1164.8084060288966,9824.609756097561
1778007072,25,GET,/,5.000000,0.000000,56,60,63,66,91,110,120,120,120,120,120,44,0,57,168.13584611571224,16.040351940318942,1164.8084060288966,10499.0
1778007072,25,POST,/cart,0.000000,0.000000,0,0,0,0,0,0,0,0,0,0,0,1,0,150.03233996685594,150.03233996685594,150.03233996685594,150.03233996685594,16455.0
1778007072,25,POST,/cart/checkout,0.333333,0.000000,52,52,94,94,94,94,94,94,94,94,94,3,0,52,54.40778265862415,16.97891706135124,93.84075901471078,6817.0
1778007072,25,GET,/product/2ZYFJ3GM2N,0.000000,0.000000,84,84,90,90,90,90,90,90,90,90,90,4,0,15,50.69931774050929,13.601375045254827,90.4396619880572,7957.0
1778007072,25,GET,/product/66VCHSJNUP,0.000000,0.000000,15,15,15,15,15,15,15,15,15,15,15,2,0,14.912144979462028,14.900934009347111,14.889723039232194,14.912144979462028,7955.0
1778007072,25,GET,/product/6E92ZMYYFZ,0.000000,0.000000,0,0,0,0,0,0,0,0,0,0,0,1,0,13.707358040846884,13.707358040846884,13.707358040846884,13.707358040846884,7959.0
1778007072,25,GET,/product/9SIQT8TOJO,0.000000,0.000000,52,52,52,52,52,52,52,52,52,52,52,1,0,52.30551504064351,52.30551504064351,52.30551504064351,52.30551504064351,8004.0
1778007072,25,GET,/product/L9ECAV7KIM,0.333333,0.000000,14,14,14,14,14,14,14,14,14,14,14,2,0,14.105972950346768,19.429996027611196,14.105972950346768,24.754019104875624,7970.0
1778007072,25,GET,/product/LS4PSXUNUM,0.000000,0.000000,13,13,13,13,13,13,13,13,13,13,13,1,0,12.770810979418457,12.770810979418457,12.770810979418457,12.770810979418457,7953.0
1778007072,25,GET,/product/OLJCESPC7Z,0.000000,0.000000,13,13,13,13,13,13,13,13,13,13,13,2,0,13.021831982769072,13.603164989035577,13.021831982769072,14.184497995302081,7969.0
1778007072,25,,Aggregated,5.666667,0.000000,55,60,66,84,120,1100,1100,1200,1200,1200,1200,61,0,55,132.6013452804754,12.770810979418457,1164.8084060288966,9875.311475409837
1778007073,30,GET,/,6.750000,0.000000,57,63,69,91,150,150,210,210,210,210,210,56,0,58,152.36888691600012,16.040351940318942,1164.8084060288966,10500.589285714286
1778007073,30,POST,/cart,0.000000,0.000000,150,150,150,150,150,150,150,150,150,150,150,1,0,150.03233996685594,150.03233996685594,150.03233996685594,150.03233996685594,16455.0
1778007073,30,POST,/cart/checkout,0.250000,0.000000,52,52,94,94,130,130,130,130,130,130,130,6,0,19,54.825312147537865,15.47775394283235,130.90687000658363,6810.333333333333
1778007073,30,GET,/product/0PUK6V6EV0,0.000000,0.000000,0,0,0,0,0,0,0,0,0,0,0,1,0,12.723966967314482,12.723966967314482,12.723966967314482,12.723966967314482,7980.0
1778007073,30,GET,/product/2ZYFJ3GM2N,0.250000,0.000000,84,84,90,90,90,90,90,90,90,90,90,4,0,15,50.69931774050929,13.601375045254827,90.4396619880572,7957.0
1778007073,30,GET,/product/66VCHSJNUP,0.250000,0.000000,94,94,94,94,94,94,94,94,94,94,94,3,0,15,41.38253431301564,14.889723039232194,94.3457349203527,7954.0
1778007073,30,GET,/product/6E92ZMYYFZ,0.000000,0.000000,92,92,92,92,92,92,92,92,92,92,92,3,0,15,40.12174302867303,13.707358040846884,91.95772104430944,7950.333333333333
1778007073,30,GET,/product/9SIQT8TOJO,0.250000,0.000000,52,52,52,52,52,52,52,52,52,52,52,1,0,52.30551504064351,52.30551504064351,52.30551504064351,52.30551504064351,8004.0
1778007073,30,GET,/product/L9ECAV7KIM,0.500000,0.000000,14,14,14,14,14,14,14,14,14,14,14,3,0,14,16.985089362909395,12.095276033505797,24.754019104875624,7953.333333333333
1778007073,30,GET,/product/LS4PSXUNUM,0.250000,0.000000,15,15,15,15,15,15,15,15,15,15,15,2,0,13,13.689714018255472,12.770810979418457,14.608617057092488,7990.5
1778007073,30,GET,/product/OLJCESPC7Z,0.250000,0.000000,13,13,13,13,13,13,13,13,13,13,13,2,0,13.021831982769072,13.603164989035577,13.021831982769072,14.184497995302081,7969.0
1778007073,30,,Aggregated,8.750000,0.000000,55,63,90,94,150,880,1100,1200,1200,1200,1200,82,0,55,117.43320111276174,12.095276033505797,1164.8084060288966,9715.292682926829
1778007074,35,GET,/,8.000000,0.000000,43,60,66,69,120,150,150,210,210,210,210,76,0,55,121.45065326599013,14.559675008058548,1164.8084060288966,10500.171052631578
1778007074,35,POST,/cart,0.200000,0.000000,31,31,150,150,150,150,150,150,150,150,150,3,0,31,69.4272363325581,27.64044504147023,150.03233996685594,16445.666666666668
1778007074,35,POST,/cart/checkout,0.600000,0.000000,52,52,94,94,130,130,130,130,130,130,130,6,0,19,54.825312147537865,15.47775394283235,130.90687000658363,6810.333333333333
1778007074,35,GET,/product/0PUK6V6EV0,0.000000,0.000000,0,0,0,0,0,0,0,0,0,0,0,1,0,12.723966967314482,12.723966967314482,12.723966967314482,12.723966967314482,7980.0
1778007074,35,GET,/product/2ZYFJ3GM2N,0.800000,0.000000,84,84,90,90,90,90,90,90,90,90,90,4,0,15,50.69931774050929,13.601375045254827,90.4396619880572,7957.0
1778007074,35,GET,/product/66VCHSJNUP,0.400000,0.000000,94,94,94,94,94,94,94,94,94,94,94,3,0,15,41.38253431301564,14.889723039232194,94.3457349203527,7954.0
1778007074,35,GET,/product/6E92ZMYYFZ,0.200000,0.000000,92,92,92,92,92,92,92,92,92,92,92,3,0,15,40.12174302867303,13.707358040846884,91.95772104430944,7950.333333333333
1778007074,35,GET,/product/9SIQT8TOJO,0.200000,0.000000,52,52,52,52,52,52,52,52,52,52,52,1,0,52.30551504064351,52.30551504064351,52.30551504064351,52.30551504064351,8004.0
1778007074,35,GET,/product/L9ECAV7KIM,0.400000,0.000000,14,14,14,14,14,14,14,14,14,14,14,3,0,14,16.985089362909395,12.095276033505797,24.754019104875624,7953.333333333333
1778007074,35,GET,/product/LS4PSXUNUM,0.200000,0.000000,15,15,15,15,15,15,15,15,15,15,15,2,0,13,13.689714018255472,12.770810979418457,14.608617057092488,7990.5
1778007074,35,GET,/product/OLJCESPC7Z,0.400000,0.000000,13,13,15,15,15,15,15,15,15,15,15,4,0,13,13.812779769068584,12.590734055265784,15.454055042937398,7973.5
1778007074,35,,Aggregated,11.400000,0.000000,34,59,67,84,150,210,1100,1100,1200,1200,1200,106,0,33,98.2397040593842,12.095276033505797,1164.8084060288966,9957.283018867925
1778007075,40,GET,/,8.500000,0.000000,30,56,60,66,97,150,150,210,210,210,210,94,0,32,102.55235091391752,13.062344980426133,1164.8084060288966,10500.893617021276
1778007075,40,POST,/cart,0.166667,0.000000,31,41,43,43,150,150,150,150,150,150,150,7,0,31,48.41780712428902,21.44892991054803,150.03233996685594,16450.85714285714
1778007075,40,POST,/cart/checkout,0.833333,0.000000,44,52,94,94,130,130,130,130,130,130,130,8,0,19,48.64319537591655,15.47775394283235,130.90687000658363,6807.75
1778007075,40,GET,/product/0PUK6V6EV0,0.000000,0.000000,13,13,13,13,13,13,13,13,13,13,13,1,0,12.723966967314482,12.723966967314482,12.723966967314482,12.723966967314482,7980.0
1778007075,40,GET,/product/1YMWWN1N4O,0.000000,0.000000,0,0,0,0,0,0,0,0,0,0,0,1,0,12.710037059150636,12.710037059150636,12.710037059150636,12.710037059150636,7944.0
1778007075,40,GET,/product/2ZYFJ3GM2N,0.666667,0.000000,84,84,90,90,90,90,90,90,90,90,90,5,0,15,43.445693189278245,13.601375045254827,90.4396619880572,7961.6
1778007075,40,GET,/product/66VCHSJNUP,0.500000,0.000000,94,94,94,94,94,94,94,94,94,94,94,3,0,15,41.38253431301564,14.889723039232194,94.3457349203527,7954.0
1778007075,40,GET,/product/6E92ZMYYFZ,0.333333,0.000000,92,92,92,92,92,92,92,92,92,92,92,3,0,15,40.12174302867303,13.707358040846884,91.95772104430944,7950.333333333333
1778007075,40,GET,/product/9SIQT8TOJO,0.166667,0.000000,52,52,52,52,52,52,52,52,52,52,52,1,0,52.30551504064351,52.30551504064351,52.30551504064351,52.30551504064351,8004.0
1778007075,40,GET,/product/L9ECAV7KIM,0.333333,0.000000,14,14,14,14,14,14,14,14,14,14,14,3,0,14,16.985089362909395,12.095276033505797,24.754019104875624,7953.333333333333
1778007075,40,GET,/product/LS4PSXUNUM,0.166667,0.000000,15,15,15,15,15,15,15,15,15,15,15,2,0,13,13.689714018255472,12.770810979418457,14.608617057092488,7990.5
1778007075,40,GET,/product/OLJCESPC7Z,0.333333,0.000000,13,13,15,15,15,15,15,15,15,15,15,4,0,13,13.812779769068584,12.590734055265784,15.454055042937398,7973.5
1778007075,40,,Aggregated,12.000000,0.000000,29,55,60,67,120,150,1100,1100,1200,1200,1200,132,0,29,83.64437750777032,12.095276033505797,1164.8084060288966,10150.651515151516
1778007076,45,GET,/,9.000000,0.000000,29,53,60,67,130,150,150,150,210,210,210,115,0,31,93.26406473739316,13.062344980426133,1164.8084060288966,10502.869565217392
1778007076,45,POST,/cart,0.428571,0.000000,32,41,43,74,150,150,150,150,150,150,150,9,0,32,49.4312298639367,21.44892991054803,150.03233996685594,16450.444444444445
1778007076,45,POST,/cart/checkout,0.857143,0.000000,25,47,52,52,94,130,130,130,130,130,130,11,0,25,44.145695801655,15.47775394283235,130.90687000658363,6810.454545454545
1778007076,45,GET,/product/0PUK6V6EV0,0.142857,0.000000,13,13,13,13,13,13,13,13,13,13,13,1,0,12.723966967314482,12.723966967314482,12.723966967314482,12.723966967314482,7980.0
1778007076,45,GET,/product/1YMWWN1N4O,0.000000,0.000000,13,13,13,13,13,13,13,13,13,13,13,1,0,12.710037059150636,12.710037059150636,12.710037059150636,12.710037059150636,7944.0
1778007076,45,GET,/product/2ZYFJ3GM2N,0.571429,0.000000,19,84,84,90,90,90,90,90,90,90,90,6,0,15,39.2950904982475,13.601375045254827,90.4396619880572,7975.833333333333
1778007076,45,GET,/product/66VCHSJNUP,0.428571,0.000000,90,90,94,94,94,94,94,94,94,94,94,4,0,15,53.49766349536367,14.889723039232194,94.3457349203527,7956.0
1778007076,45,GET,/product/6E92ZMYYFZ,0.428571,0.000000,92,92,92,92,92,92,92,92,92,92,92,3,0,15,40.12174302867303,13.707358040846884,91.95772104430944,7950.333333333333
1778007076,45,GET,/product/9SIQT8TOJO,0.142857,0.000000,52,52,52,52,52,52,52,52,52,52,52,1,0,52.30551504064351,52.30551504064351,52.30551504064351,52.30551504064351,8004.0
1778007076,45,GET,/product/L9ECAV7KIM,0.428571,0.000000,14,14,14,14,14,14,14,14,14,14,14,3,0,14,16.985089362909395,12.095276033505797,24.754019104875624,7953.333333333333
1778007076,45,GET,/product/LS4PSXUNUM,0.285714,0.000000,15,15,15,15,15,15,15,15,15,15,15,2,0,13,13.689714018255472,12.770810979418457,14.608617057092488,7990.5
1778007076,45,GET,/product/OLJCESPC7Z,0.428571,0.000000,13,13,15,15,15,15,15,15,15,15,15,4,0,13,13.812779769068584,12.590734055265784,15.454055042937398,7973.5
1778007076,45,,Aggregated,13.142857,0.000000,29,53,63,74,130,150,1100,1100,1200,1200,1200,160,0,28,77.73314329824643,12.095276033505797,1164.8084060288966,10187.45
1778007077,50,GET,/,10.500000,0.000000,25,43,58,66,110,140,150,150,210,210,210,135,0,29,83.12904688667643,13.062344980426133,1164.8084060288966,10504.274074074074
1778007077,50,POST,/cart,0.625000,0.000000,32,41,43,74,150,150,150,150,150,150,150,10,0,31,47.04817767487839,21.44892991054803,150.03233996685594,16449.3
1778007077,50,POST,/cart/checkout,0.875000,0.000000,25,47,52,83,94,130,130,130,130,130,130,14,0,24,43.61151748370113,15.47775394283235,130.90687000658363,6810.071428571428
1778007077,50,GET,/product/0PUK6V6EV0,0.125000,0.000000,13,13,13,13,13,13,13,13,13,13,13,1,0,12.723966967314482,12.723966967314482,12.723966967314482,12.723966967314482,7980.0
1778007077,50,GET,/product/1YMWWN1N4O,0.125000,0.000000,13,13,13,13,13,13,13,13,13,13,13,1,0,12.710037059150636,12.710037059150636,12.710037059150636,12.710037059150636,7944.0
1778007077,50,GET,/product/2ZYFJ3GM2N,0.500000,0.000000,19,19,84,84,90,90,90,90,90,90,90,7,0,16,35.94578285368958,13.601375045254827,90.4396619880572,7972.142857142857
1778007077,50,GET,/product/66VCHSJNUP,0.375000,0.000000,90,90,94,94,94,94,94,94,94,94,94,4,0,15,53.49766349536367,14.889723039232194,94.3457349203527,7956.0
1778007077,50,GET,/product/6E92ZMYYFZ,0.375000,0.000000,18,18,92,92,92,92,92,92,92,92,92,4,0,15,34.68123602215201,13.707358040846884,91.95772104430944,7952.5
1778007077,50,GET,/product/9SIQT8TOJO,0.125000,0.000000,52,52,52,52,52,52,52,52,52,52,52,2,0,13,32.422751537524164,12.539988034404814,52.30551504064351,7977.0
1778007077,50,GET,/product/L9ECAV7KIM,0.375000,0.000000,14,14,14,14,14,14,14,14,14,14,14,3,0,14,16.985089362909395,12.095276033505797,24.754019104875624,7953.333333333333
1778007077,50,GET,/product/LS4PSXUNUM,0.250000,0.000000,15,15,15,15,15,15,15,15,15,15,15,2,0,13,13.689714018255472,12.770810979418457,14.608617057092488,7990.5
1778007077,50,GET,/product/OLJCESPC7Z,0.500000,0.000000,13,13,15,15,15,15,15,15,15,15,15,4,0,13,13.812779769068584,12.590734055265784,15.454055042937398,7973.5
1778007077,50,,Aggregated,14.750000,0.000000,25,44,59,67,120,150,1100,1100,1200,1200,1200,187,0,25,70.2228115057264,12.095276033505797,1164.8084060288966,10165.577540106951
1778007078,55,GET,/,11.666667,0.000000,23,34,53,60,91,140,150,150,210,210,210,163,0,26,73.20231768414035,13.062344980426133,1164.8084060288966,10506.64417177914
1778007078,55,POST,/cart,0.888889,0.000000,32,43,69,69,74,150,150,150,150,150,150,11,0,32,49.05489625790241,21.44892991054803,150.03233996685594,16450.727272727272
1778007078,55,POST,/cart/checkout,0.888889,0.000000,25,47,75,75,94,130,130,130,130,130,130,16,0,24,43.73678936099168,13.804560992866755,130.90687000658363,6811.4375
1778007078,55,GET,/product/0PUK6V6EV0,0.111111,0.000000,13,13,13,13,13,13,13,13,13,13,13,1,0,12.723966967314482,12.723966967314482,12.723966967314482,12.723966967314482,7980.0
1778007078,55,GET,/product/1YMWWN1N4O,0.111111,0.000000,13,13,13,13,13,13,13,13,13,13,13,1,0,12.710037059150636,12.710037059150636,12.710037059150636,12.710037059150636,7944.0
1778007078,55,GET,/product/2ZYFJ3GM2N,0.555556,0.000000,16,19,84,84,90,90,90,90,90,90,90,8,0,15,32.85939524357673,11.254681972786784,90.4396619880572,7971.125
1778007078,55,GET,/product/66VCHSJNUP,0.444444,0.000000,20,90,90,94,94,94,94,94,94,94,94,6,0,15,40.70971498731524,10.75817400123924,94.3457349203527,7967.833333333333
1778007078,55,GET,/product/6E92ZMYYFZ,0.333333,0.000000,50,50,92,92,92,92,92,92,92,92,92,5,0,18,37.7749064238742,13.707358040846884,91.95772104430944,7949.0
1778007078,55,GET,/product/9SIQT8TOJO,0.111111,0.000000,52,52,52,52,52,52,52,52,52,52,52,2,0,13,32.422751537524164,12.539988034404814,52.30551504064351,7977.0
1778007078,55,GET,/product/L9ECAV7KIM,0.333333,0.000000,17,17,29,29,29,29,29,29,29,29,29,5,0,17,19.46491280104965,12.095276033505797,29.34451901819557,7960.0
1778007078,55,GET,/product/LS4PSXUNUM,0.222222,0.000000,15,15,15,15,15,15,15,15,15,15,15,2,0,13,13.689714018255472,12.770810979418457,14.608617057092488,7990.5
1778007078,55,GET,/product/OLJCESPC7Z,0.444444,0.000000,13,13,15,15,15,15,15,15,15,15,15,4,0,13,13.812779769068584,12.590734055265784,15.454055042937398,7973.5
1778007078,55,,Aggregated,16.111111,0.000000,23,34,50,59,90,130,150,150,210,210,210,224,0,24,63.114343184549526,10.75817400123924,1164.8084060288966,10149.098214285714
1778007079,60,GET,/,12.200000,0.000000,22,33,48,58,110,140,150,150,210,210,210,191,0,23,68.3468251662202,13.062344980426133,1164.8084060288966,10507.853403141362
1778007079,60,POST,/cart,1.000000,0.000000,32,41,43,69,74,150,150,150,150,150,150,14,0,31,44.73667270005016,21.44892991054803,150.03233996685594,16550.14285714286
1778007079,60,POST,/cart/checkout,1.300000,0.000000,24,47,75,83,120,130,130,130,130,130,130,19,0,24,44.98083004115247,13.804560992866755,130.90687000658363,6810.0
1778007079,60,GET,/product/0PUK6V6EV0,0.100000,0.000000,13,13,13,13,13,13,13,13,13,13,13,2,0,12.11633498314768,12.420150975231081,12.11633498314768,12.723966967314482,7979.0
1778007079,60,GET,/product/1YMWWN1N4O,0.100000,0.000000,13,13,13,13,13,13,13,13,13,13,13,1,0,12.710037059150636,12.710037059150636,12.710037059150636,12.710037059150636,7944.0
1778007079,60,GET,/product/2ZYFJ3GM2N,0.700000,0.000000,16,19,84,84,90,90,90,90,90,90,90,9,0,15,30.531133990734816,11.254681972786784,90.4396619880572,7973.888888888889
1778007079,60,GET,/product/66VCHSJNUP,0.400000,0.000000,20,90,90,94,94,94,94,94,94,94,94,6,0,15,40.70971498731524,10.75817400123924,94.3457349203527,7967.833333333333
1778007079,60,GET,/product/6E92ZMYYFZ,0.300000,0.000000,50,50,92,92,92,92,92,92,92,92,92,5,0,18,37.7749064238742,13.707358040846884,91.95772104430944,7949.0
1778007079,60,GET,/product/9SIQT8TOJO,0.200000,0.000000,13,13,52,52,52,52,52,52,52,52,52,3,0,13,25.605199664520722,11.970095918513834,52.30551504064351,7984.0
1778007079,60,GET,/product/L9ECAV7KIM,0.300000,0.000000,14,17,17,29,29,29,29,29,29,29,29,6,0,14,18.343359328961622,12.095276033505797,29.34451901819557,7979.166666666667
1778007079,60,GET,/product/LS4PSXUNUM,0.200000,0.000000,15,15,15,15,15,15,15,15,15,15,15,2,0,13,13.689714018255472,12.770810979418457,14.608617057092488,7990.5
1778007079,60,GET,/product/OLJCESPC7Z,0.400000,0.000000,13,13,15,15,15,15,15,15,15,15,15,4,0,13,13.812779769068584,12.590734055265784,15.454055042937398,7973.5
1778007079,60,,Aggregated,17.200000,0.000000,20,32,44,57,92,130,150,150,210,210,210,262,0,22,59.351765131222386,10.75817400123924,1164.8084060288966,10194.70610687023
1778007080,65,GET,/,14.600000,0.000000,19,31,38,51,97,130,150,150,210,210,210,214,0,22,63.76658951282658,13.062344980426133,1164.8084060288966,10508.565420560748
1778007080,65,POST,/cart,1.100000,0.000000,31,41,42,43,74,150,150,150,150,150,150,17,0,31,42.023625464507326,19.622079096734524,150.03233996685594,16533.352941176472
1778007080,65,POST,/cart/checkout,1.400000,0.000000,24,44,52,75,120,130,130,130,130,130,130,21,0,24,42.488042414853616,13.752461993135512,130.90687000658363,6809.428571428572
1778007080,65,GET,/product/0PUK6V6EV0,0.100000,0.000000,13,13,13,13,13,13,13,13,13,13,13,2,0,12.11633498314768,12.420150975231081,12.11633498314768,12.723966967314482,7979.0
1778007080,65,GET,/product/1YMWWN1N4O,0.100000,0.000000,19,19,19,19,19,19,19,19,19,19,19,2,0,13,16.101564513519406,12.710037059150636,19.493091967888176,7944.0
1778007080,65,GET,/product/2ZYFJ3GM2N,0.800000,0.000000,16,19,84,84,90,90,90,90,90,90,90,9,0,15,30.531133990734816,11.254681972786784,90.4396619880572,7973.888888888889
1778007080,65,GET,/product/66VCHSJNUP,0.400000,0.000000,20,90,90,94,94,94,94,94,94,94,94,6,0,15,40.70971498731524,10.75817400123924,94.3457349203527,7967.833333333333
1778007080,65,GET,/product/6E92ZMYYFZ,0.500000,0.000000,50,50,92,92,92,92,92,92,92,92,92,5,0,18,37.7749064238742,13.707358040846884,91.95772104430944,7949.0
1778007080,65,GET,/product/9SIQT8TOJO,0.200000,0.000000,13,52,52,77,77,77,77,77,77,77,77,5,0,13,33.25555056799203,11.970095918513834,76.60148292779922,7974.4
1778007080,65,GET,/product/L9ECAV7KIM,0.400000,0.000000,14,14,17,17,29,29,29,29,29,29,29,7,0,14,17.53464514123542,12.095276033505797,29.34451901819557,7988.0
1778007080,65,GET,/product/LS4PSXUNUM,0.200000,0.000000,15,15,15,15,15,15,15,15,15,15,15,2,0,13,13.689714018255472,12.770810979418457,14.608617057092488,7990.5
1778007080,65,GET,/product/OLJCESPC7Z,0.400000,0.000000,13,13,15,15,15,15,15,15,15,15,15,4,0,13,13.812779769068584,12.590734055265784,15.454055042937398,7973.5
1778007080,65,,Aggregated,20.200000,0.000000,19,31,41,51,91,130,150,150,210,210,210,294,0,22,55.745945422558535,10.75817400123924,1164.8084060288966,10230.3537414966
1778007081,70,GET,/,16.900000,0.000000,18,25,32,34,72,130,150,150,210,210,210,257,0,19,55.912736985843324,10.815131943672895,1164.8084060288966,10509.735408560311
1778007081,70,POST,/cart,1.200000,0.000000,31,32,42,43,74,150,150,150,150,150,150,19,0,31,39.98498441528921,19.622079096734524,150.03233996685594,16523.736842105263
1778007081,70,POST,/cart/checkout,1.700000,0.000000,24,32,47,75,120,130,130,130,130,130,130,23,0,24,40.92576424591243,13.752461993135512,130.90687000658363,6810.695652173913
1778007081,70,GET,/product/0PUK6V6EV0,0.200000,0.000000,13,13,13,13,13,13,13,13,13,13,13,2,0,12.11633498314768,12.420150975231081,12.11633498314768,12.723966967314482,7979.0
1778007081,70,GET,/product/1YMWWN1N4O,0.100000,0.000000,19,19,19,19,19,19,19,19,19,19,19,2,0,13,16.101564513519406,12.710037059150636,19.493091967888176,7944.0
1778007081,70,GET,/product/2ZYFJ3GM2N,0.900000,0.000000,14,16,19,84,90,90,90,90,90,90,90,10,0,14,28.450498695019633,9.724781033582985,90.4396619880572,7974.7
1778007081,70,GET,/product/66VCHSJNUP,0.600000,0.000000,20,90,90,94,94,94,94,94,94,94,94,7,0,15,36.93595713204039,10.75817400123924,94.3457349203527,7962.142857142857
1778007081,70,GET,/product/6E92ZMYYFZ,0.500000,0.000000,18,50,50,92,92,92,92,92,92,92,92,6,0,15,33.42145050798232,11.654170928522944,91.95772104430944,7951.666666666667
1778007081,70,GET,/product/9SIQT8TOJO,0.200000,0.000000,13,18,52,52,77,77,77,77,77,77,77,7,0,13,28.077929846144148,11.970095918513834,76.60148292779922,8004.857142857143
1778007081,70,GET,/product/L9ECAV7KIM,0.500000,0.000000,13,15,17,17,29,29,29,29,29,29,29,9,0,14,16.558036764359308,10.992443887516856,29.34451901819557,7979.333333333333
1778007081,70,GET,/product/LS4PSXUNUM,0.200000,0.000000,13,13,15,15,15,15,15,15,15,15,15,3,0,13,12.535831696974734,10.228067054413259,14.608617057092488,7978.0
1778007081,70,GET,/product/OLJCESPC7Z,0.400000,0.000000,13,13,15,15,15,15,15,15,15,15,15,4,0,13,13.812779769068584,12.590734055265784,15.454055042937398,7973.5
1778007081,70,,Aggregated,23.400000,0.000000,18,25,32,35,74,130,150,150,210,210,210,349,0,19,49.59781077873218,9.724781033582985,1164.8084060288966,10230.123209169054
1778007082,75,GET,/,18.500000,0.000000,17,24,31,34,51,88,130,140,140,140,140,284,0,19,52.98802840669351,10.815131943672895,1164.8084060288966,10509.968309859154
1778007082,75,POST,/cart,1.500000,0.000000,31,32,41,42,67,69,74,74,74,74,74,22,0,31,40.176288949706674,19.622079096734524,150.03233996685594,16576.590909090908
1778007082,75,POST,/cart/checkout,1.900000,0.000000,24,36,47,75,84,120,120,120,120,120,120,25,0,24,42.45542691089213,13.752461993135512,130.90687000658363,6809.8
1778007082,75,GET,/product/0PUK6V6EV0,0.200000,0.000000,12,12,13,13,13,13,13,13,13,13,13,3,0,12.11633498314768,12.396896646047631,12.11633498314768,12.723966967314482,7978.0
1778007082,75,GET,/product/1YMWWN1N4O,0.100000,0.000000,13,13,19,19,19,19,19,19,19,19,19,3,0,13,14.633692684583366,11.697949026711285,19.493091967888176,7966.666666666667
1778007082,75,GET,/product/2ZYFJ3GM2N,0.900000,0.000000,14,16,19,84,90,90,90,90,90,90,90,10,0,14,28.450498695019633,9.724781033582985,90.4396619880572,7974.7
1778007082,75,GET,/product/66VCHSJNUP,0.600000,0.000000,20,20,90,90,94,94,94,94,94,94,94,8,0,15,33.934935127035715,10.75817400123924,94.3457349203527,7956.375
1778007082,75,GET,/product/6E92ZMYYFZ,0.500000,0.000000,18,18,50,50,50,50,50,50,50,50,50,6,0,15,33.42145050798232,11.654170928522944,91.95772104430944,7951.666666666667
1778007082,75,GET,/product/9SIQT8TOJO,0.400000,0.000000,13,18,52,52,77,77,77,77,77,77,77,7,0,13,28.077929846144148,11.970095918513834,76.60148292779922,8004.857142857143
1778007082,75,GET,/product/L9ECAV7KIM,0.500000,0.000000,13,15,17,17,29,29,29,29,29,29,29,9,0,14,16.558036764359308,10.992443887516856,29.34451901819557,7979.333333333333
1778007082,75,GET,/product/LS4PSXUNUM,0.200000,0.000000,10,10,15,15,15,15,15,15,15,15,15,4,0,10,11.77578602801077,9.49564902111888,14.608617057092488,7972.25
1778007082,75,GET,/product/OLJCESPC7Z,0.400000,0.000000,15,15,15,15,15,15,15,15,15,15,15,4,0,13,13.812779769068584,12.590734055265784,15.454055042937398,7973.5
1778007082,75,,Aggregated,25.700000,0.000000,18,25,31,34,53,83,130,130,140,140,140,385,0,19,47.47893802380165,9.49564902111888,1164.8084060288966,10260.607792207793
1778007083,80,GET,/,20.100000,0.000000,17,22,31,34,67,110,130,140,140,140,140,316,0,18,51.218747020598876,10.815131943672895,1164.8084060288966,10510.54746835443
1778007083,80,POST,/cart,1.700000,0.000000,32,42,57,67,74,80,100,100,100,100,100,25,0,32,44.89639291539788,19.622079096734524,150.03233996685594,16617.2
1778007083,80,POST,/cart/checkout,2.100000,0.000000,23,25,44,47,83,84,120,120,120,120,120,30,0,23,38.02249182481319,12.915016966871917,130.90687000658363,6806.366666666667
1778007083,80,GET,/product/0PUK6V6EV0,0.200000,0.000000,12,12,13,13,13,13,13,13,13,13,13,4,0,12.11633498314768,12.342731992248446,12.11633498314768,12.723966967314482,7974.0
1778007083,80,GET,/product/1YMWWN1N4O,0.200000,0.000000,13,13,19,19,19,19,19,19,19,19,19,4,0,12,14.055833511520177,11.697949026711285,19.493091967888176,7987.75
1778007083,80,GET,/product/2ZYFJ3GM2N,0.800000,0.000000,14,16,19,19,53,53,53,53,53,53,53,12,0,14,29.082604489910107,9.724781033582985,90.4396619880572,7980.166666666667
1778007083,80,GET,/product/66VCHSJNUP,0.500000,0.000000,14,20,20,90,90,90,90,90,90,90,90,8,0,15,33.934935127035715,10.75817400123924,94.3457349203527,7956.375
1778007083,80,GET,/product/6E92ZMYYFZ,0.500000,0.000000,18,18,50,50,50,50,50,50,50,50,50,6,0,15,33.42145050798232,11.654170928522944,91.95772104430944,7951.666666666667
1778007083,80,GET,/product/9SIQT8TOJO,0.500000,0.000000,13,13,18,18,77,77,77,77,77,77,77,7,0,13,28.077929846144148,11.970095918513834,76.60148292779922,8004.857142857143
1778007083,80,GET,/product/L9ECAV7KIM,0.600000,0.000000,13,15,17,17,29,29,29,29,29,29,29,10,0,13,16.204929095692933,10.992443887516856,29.34451901819557,7977.0
1778007083,80,GET,/product/LS4PSXUNUM,0.200000,0.000000,11,11,15,15,15,15,15,15,15,15,15,5,0,11,11.664423602633178,9.49564902111888,14.608617057092488,7963.6
1778007083,80,GET,/product/OLJCESPC7Z,0.300000,0.000000,15,15,71,71,71,71,71,71,71,71,71,6,0,13,22.92146933420251,11.685066972859204,70.59262995608151,7979.0
1778007083,80,,Aggregated,27.700000,0.000000,17,24,32,35,69,94,130,130,140,140,140,433,0,18,46.02597706696324,9.49564902111888,1164.8084060288966,10243.464203233256
1778007084,80,GET,/,22.600000,0.000000,17,20,27,32,53,110,130,140,140,140,140,345,0,18,48.16324712870561,10.815131943672895,1164.8084060288966,10511.898550724638
1778007084,80,POST,/cart,2.100000,0.000000,31,35,51,57,74,80,100,100,100,100,100,32,0,31,41.827271845249925,19.622079096734524,150.03233996685594,16623.8125
1778007084,80,POST,/cart/checkout,2.000000,0.000000,23,25,36,47,83,84,120,120,120,120,120,32,0,19,36.60443364424282,12.915016966871917,130.90687000658363,6805.46875
1778007084,80,GET,/product/0PUK6V6EV0,0.200000,0.000000,12,12,13,13,13,13,13,13,13,13,13,4,0,12.11633498314768,12.342731992248446,12.11633498314768,12.723966967314482,7974.0
1778007084,80,GET,/product/1YMWWN1N4O,0.200000,0.000000,13,13,19,19,19,19,19,19,19,19,19,4,0,12,14.055833511520177,11.697949026711285,19.493091967888176,7987.75
1778007084,80,GET,/product/2ZYFJ3GM2N,0.600000,0.000000,14,16,19,19,53,53,53,53,53,53,53,12,0,14,29.082604489910107,9.724781033582985,90.4396619880572,7980.166666666667
1778007084,80,GET,/product/66VCHSJNUP,0.600000,0.000000,14,20,20,90,90,90,90,90,90,90,90,8,0,15,33.934935127035715,10.75817400123924,94.3457349203527,7956.375
1778007084,80,GET,/product/6E92ZMYYFZ,0.500000,0.000000,18,18,50,50,50,50,50,50,50,50,50,6,0,15,33.42145050798232,11.654170928522944,91.95772104430944,7951.666666666667
1778007084,80,GET,/product/9SIQT8TOJO,0.600000,0.000000,13,13,18,18,77,77,77,77,77,77,77,7,0,13,28.077929846144148,11.970095918513834,76.60148292779922,8004.857142857143
1778007084,80,GET,/product/L9ECAV7KIM,0.700000,0.000000,13,15,17,17,29,29,29,29,29,29,29,10,0,13,16.204929095692933,10.992443887516856,29.34451901819557,7977.0
1778007084,80,GET,/product/LS4PSXUNUM,0.300000,0.000000,11,11,11,15,15,15,15,15,15,15,15,6,0,11,11.616132668374727,9.49564902111888,14.608617057092488,7963.5
1778007084,80,GET,/product/OLJCESPC7Z,0.200000,0.000000,15,15,71,71,71,71,71,71,71,71,71,7,0,13,21.401529000805958,11.685066972859204,70.59262995608151,7981.571428571428
1778007084,80,,Aggregated,30.600000,0.000000,17,22,29,33,66,94,130,130,140,140,140,473,0,18,43.616978507233,9.49564902111888,1164.8084060288966,10331.433403805497
1778007085,80,GET,/,24.900000,0.000000,16,18,23,28,41,72,110,130,140,140,140,385,0,17,44.80938109230589,9.806670947000384,1164.8084060288966,10512.87012987013
1778007085,80,POST,/cart,2.400000,0.000000,28,35,42,57,74,80,100,100,100,100,100,37,0,28,39.301702000729335,17.235736013390124,150.03233996685594,16755.18918918919
1778007085,80,POST,/cart/checkout,2.100000,0.000000,18,24,32,36,83,84,120,120,120,120,120,35,0,19,34.76291535688298,12.915016966871917,130.90687000658363,6803.828571428571
1778007085,80,GET,/product/0PUK6V6EV0,0.300000,0.000000,12,12,13,13,13,13,13,13,13,13,13,4,0,12.11633498314768,12.342731992248446,12.11633498314768,12.723966967314482,7974.0
1778007085,80,GET,/product/1YMWWN1N4O,0.400000,0.000000,12,13,13,19,19,19,19,19,19,19,19,5,0,12,13.20291580632329,9.79124498553574,19.493091967888176,7985.4
1778007085,80,GET,/product/2ZYFJ3GM2N,0.800000,0.000000,16,19,42,42,53,53,53,53,53,53,53,13,0,15,30.072996760002123,9.724781033582985,90.4396619880572,7981.2307692307695
1778007085,80,GET,/product/66VCHSJNUP,0.500000,0.000000,13,14,20,20,90,90,90,90,90,90,90,10,0,14,29.330744699109346,10.042643989436328,94.3457349203527,7952.9
1778007085,80,GET,/product/6E92ZMYYFZ,0.400000,0.000000,18,18,50,50,50,50,50,50,50,50,50,6,0,15,33.42145050798232,11.654170928522944,91.95772104430944,7951.666666666667
1778007085,80,GET,/product/9SIQT8TOJO,0.600000,0.000000,13,13,18,18,77,77,77,77,77,77,77,7,0,13,28.077929846144148,11.970095918513834,76.60148292779922,8004.857142857143
1778007085,80,GET,/product/L9ECAV7KIM,0.700000,0.000000,13,15,17,17,29,29,29,29,29,29,29,10,0,13,16.204929095692933,10.992443887516856,29.34451901819557,7977.0
1778007085,80,GET,/product/LS4PSXUNUM,0.400000,0.000000,11,11,11,11,15,15,15,15,15,15,15,7,0,11,11.510055578712906,9.49564902111888,14.608617057092488,7960.0
1778007085,80,GET,/product/OLJCESPC7Z,0.300000,0.000000,12,15,15,71,71,71,71,71,71,71,71,8,0,13,19.93273750122171,9.651197004131973,70.59262995608151,7982.0
1778007085,80,,Aggregated,33.800000,0.000000,16,19,25,29,50,75,110,130,140,140,140,527,0,17,40.83733289547625,9.49564902111888,1164.8084060288966,10367.607210626185
1778007086,80,GET,/,26.500000,0.000000,15,17,19,24,39,71,110,130,140,140,140,417,0,17,42.44115713557197,9.709225036203861,1164.8084060288966,10513.94004796163
1778007086,80,POST,/cart,2.300000,0.000000,27,32,35,51,69,80,100,100,100,100,100,40,0,28,38.166582051781006,17.235736013390124,150.03233996685594,16731.275
1778007086,80,POST,/cart/checkout,2.600000,0.000000,16,19,24,36,83,84,120,120,120,120,120,38,0,18,33.31857903762475,12.915016966871917,130.90687000658363,6803.684210526316
1778007086,80,GET,/product/0PUK6V6EV0,0.300000,0.000000,12,12,13,13,13,13,13,13,13,13,13,5,0,12.11633498314768,12.453882792033255,12.11633498314768,12.898485991172493,7972.0
1778007086,80,GET,/product/1YMWWN1N4O,0.400000,0.000000,12,13,13,19,19,19,19,19,19,19,19,5,0,12,13.20291580632329,9.79124498553574,19.493091967888176,7985.4
1778007086,80,GET,/product/2ZYFJ3GM2N,0.800000,0.000000,11,12,42,42,53,53,53,53,53,53,53,14,0,14,28.518087771122477,8.304270915687084,90.4396619880572,7987.928571428572
1778007086,80,GET,/product/66VCHSJNUP,0.500000,0.000000,12,13,14,14,20,20,20,20,20,20,20,11,0,14,27.535458730364386,9.582599042914808,94.3457349203527,7949.545454545455
1778007086,80,GET,/product/6E92ZMYYFZ,0.300000,0.000000,18,18,50,50,50,50,50,50,50,50,50,6,0,15,33.42145050798232,11.654170928522944,91.95772104430944,7951.666666666667
1778007086,80,GET,/product/9SIQT8TOJO,0.600000,0.000000,13,13,18,18,77,77,77,77,77,77,77,8,0,13,25.677320110844448,8.873051963746548,76.60148292779922,8002.25
1778007086,80,GET,/product/L9ECAV7KIM,0.700000,0.000000,13,15,17,17,29,29,29,29,29,29,29,10,0,13,16.204929095692933,10.992443887516856,29.34451901819557,7977.0
1778007086,80,GET,/product/LS4PSXUNUM,0.300000,0.000000,11,11,11,11,11,11,11,11,11,11,11,8,0,11,11.116342386230826,8.360350038856268,14.608617057092488,7969.75
1778007086,80,GET,/product/OLJCESPC7Z,0.300000,0.000000,12,12,15,15,71,71,71,71,71,71,71,10,0,12,18.172322597820312,9.651197004131973,70.59262995608151,7989.9
1778007086,80,,Aggregated,35.600000,0.000000,15,18,23,26,47,75,110,130,140,140,140,572,0,17,38.74092587205529,8.304270915687084,1164.8084060288966,10360.702797202797
1778007087,80,GET,/,27.400000,0.000000,15,17,20,23,41,68,110,130,140,140,140,455,0,17,40.8725952916359,9.709225036203861,1164.8084060288966,10514.452747252748
1778007087,80,POST,/cart,2.900000,0.000000,27,33,42,51,73,100,160,160,160,160,160,42,0,28,41.867378857984605,17.235736013390124,158.75442093238235,16717.880952380954
1778007087,80,POST,/cart/checkout,2.600000,0.000000,16,18,23,32,75,84,120,120,120,120,120,39,0,18,32.83299754958791,12.915016966871917,130.90687000658363,6803.871794871795
1778007087,80,GET,/product/0PUK6V6EV0,0.300000,0.000000,12,12,13,13,13,13,13,13,13,13,13,5,0,12.11633498314768,12.453882792033255,12.11633498314768,12.898485991172493,7972.0
1778007087,80,GET,/product/1YMWWN1N4O,0.300000,0.000000,12,12,19,19,19,19,19,19,19,19,19,5,0,12,13.20291580632329,9.79124498553574,19.493091967888176,7985.4
1778007087,80,GET,/product/2ZYFJ3GM2N,0.900000,0.000000,12,12,42,42,53,53,53,53,53,53,53,14,0,14,28.518087771122477,8.304270915687084,90.4396619880572,7987.928571428572
1778007087,80,GET,/product/66VCHSJNUP,0.600000,0.000000,13,13,14,14,20,20,20,20,20,20,20,12,0,13,26.360656416121248,9.582599042914808,94.3457349203527,7947.25
1778007087,80,GET,/product/6E92ZMYYFZ,0.300000,0.000000,18,18,50,50,50,50,50,50,50,50,50,7,0,15,30.299740860105626,11.569482972845435,91.95772104430944,7949.0
1778007087,80,GET,/product/9SIQT8TOJO,0.600000,0.000000,13,13,18,18,77,77,77,77,77,77,77,10,0,13,22.95931918779388,8.873051963746548,76.60148292779922,7997.2
1778007087,80,GET,/product/L9ECAV7KIM,0.700000,0.000000,13,13,15,15,17,17,17,17,17,17,17,11,0,13,15.79554108056155,10.992443887516856,29.34451901819557,7972.0
1778007087,80,GET,/product/LS4PSXUNUM,0.500000,0.000000,11,11,11,11,11,11,11,11,11,11,11,8,0,11,11.116342386230826,8.360350038856268,14.608617057092488,7969.75
1778007087,80,GET,/product/OLJCESPC7Z,0.300000,0.000000,12,15,31,31,71,71,71,71,71,71,71,11,0,13,19.322834273969587,9.651197004131973,70.59262995608151,7990.545454545455
1778007087,80,,Aggregated,37.400000,0.000000,15,18,22,25,45,72,110,130,160,160,160,619,0,17,37.79763654092559,8.304270915687084,1164.8084060288966,10361.105008077544
1778007088,80,GET,/,29.300000,0.000000,15,17,19,21,36,58,78,110,120,120,120,485,0,17,39.74762526124754,9.709225036203861,1164.8084060288966,10515.698969072166
1778007088,80,POST,/cart,2.900000,0.000000,27,33,42,57,73,100,160,160,160,160,160,46,0,28,41.0900811295268,17.235736013390124,158.75442093238235,16756.804347826088
1778007088,80,POST,/cart/checkout,2.800000,0.000000,15,17,19,23,32,36,84,84,84,84,84,42,0,17,31.606200699960546,12.915016966871917,130.90687000658363,6804.166666666667
1778007088,80,GET,/product/0PUK6V6EV0,0.400000,0.000000,12,12,13,13,13,13,13,13,13,13,13,5,0,12.11633498314768,12.453882792033255,12.11633498314768,12.898485991172493,7972.0
1778007088,80,GET,/product/1YMWWN1N4O,0.400000,0.000000,12,12,19,19,19,19,19,19,19,19,19,5,0,12,13.20291580632329,9.79124498553574,19.493091967888176,7985.4
1778007088,80,GET,/product/2ZYFJ3GM2N,0.800000,0.000000,11,12,42,42,53,53,53,53,53,53,53,15,0,14,27.28125025363018,8.304270915687084,90.4396619880572,7987.4
1778007088,80,GET,/product/66VCHSJNUP,0.600000,0.000000,13,13,14,14,20,20,20,20,20,20,20,12,0,13,26.360656416121248,9.582599042914808,94.3457349203527,7947.25
1778007088,80,GET,/product/6E92ZMYYFZ,0.300000,0.000000,14,18,18,50,50,50,50,50,50,50,50,8,0,14,28.324350379989482,11.569482972845435,91.95772104430944,7943.5
1778007088,80,GET,/product/9SIQT8TOJO,0.700000,0.000000,13,13,18,18,77,77,77,77,77,77,77,10,0,13,22.95931918779388,8.873051963746548,76.60148292779922,7997.2
1778007088,80,GET,/product/L9ECAV7KIM,0.700000,0.000000,13,13,13,13,15,15,15,15,15,15,15,11,0,13,15.79554108056155,10.992443887516856,29.34451901819557,7972.0
1778007088,80,GET,/product/LS4PSXUNUM,0.500000,0.000000,11,11,11,11,44,44,44,44,44,44,44,9,0,11,14.751234790310264,8.360350038856268,43.83037402294576,7969.222222222223
1778007088,80,GET,/product/OLJCESPC7Z,0.500000,0.000000,12,12,31,31,71,71,71,71,71,71,71,12,0,12,18.569628339416038,9.651197004131973,70.59262995608151,7991.25
1778007088,80,,Aggregated,39.900000,0.000000,15,17,21,24,39,62,84,110,160,160,160,660,0,17,36.8705585406684,8.304270915687084,1164.8084060288966,10379.540909090909
1778007089,80,GET,/,31.400000,0.000000,15,17,20,23,45,72,160,200,220,220,220,524,0,17,40.787941317886244,9.709225036203861,1164.8084060288966,10517.003816793893
1778007089,80,POST,/cart,3.000000,0.000000,27,33,51,57,80,100,160,160,160,160,160,48,0,28,42.10274502111133,17.235736013390124,158.75442093238235,16743.520833333332
1778007089,80,POST,/cart/checkout,2.600000,0.000000,15,17,19,23,36,84,190,190,190,190,190,43,0,18,35.23268870911886,12.915016966871917,187.54518509376794,6804.767441860465
1778007089,80,GET,/product/0PUK6V6EV0,0.400000,0.000000,12,12,12,12,13,13,13,13,13,13,13,7,0,12,12.310971123432475,11.793997953645885,12.898485991172493,7974.714285714285
1778007089,80,GET,/product/1YMWWN1N4O,0.400000,0.000000,12,12,19,19,19,19,19,19,19,19,19,5,0,12,13.20291580632329,9.79124498553574,19.493091967888176,7985.4
1778007089,80,GET,/product/2ZYFJ3GM2N,0.700000,0.000000,11,42,53,53,96,96,96,96,96,96,96,16,0,14,31.552791297144722,8.304270915687084,95.62590694986284,7985.4375
1778007089,80,GET,/product/66VCHSJNUP,0.700000,0.000000,13,13,14,14,15,15,15,15,15,15,15,13,0,14,25.50641207311016,9.582599042914808,94.3457349203527,7952.153846153846
1778007089,80,GET,/product/6E92ZMYYFZ,0.300000,0.000000,13,13,14,14,14,14,14,14,14,14,14,9,0,14,26.6501111133645,11.569482972845435,91.95772104430944,7939.666666666667
1778007089,80,GET,/product/9SIQT8TOJO,0.700000,0.000000,13,18,18,18,77,77,77,77,77,77,77,11,0,13,22.478225619786166,8.873051963746548,76.60148292779922,8004.636363636364
1778007089,80,GET,/product/L9ECAV7KIM,0.800000,0.000000,13,13,13,15,15,15,15,15,15,15,15,11,0,13,15.79554108056155,10.992443887516856,29.34451901819557,7972.0
1778007089,80,GET,/product/LS4PSXUNUM,0.600000,0.000000,11,11,11,11,44,44,44,44,44,44,44,10,0,11,14.189694519154727,8.360350038856268,43.83037402294576,7974.9
1778007089,80,GET,/product/OLJCESPC7Z,0.600000,0.000000,12,12,13,31,71,71,71,71,71,71,71,13,0,13,18.167332549077962,9.651197004131973,70.59262995608151,7990.615384615385
1778007089,80,,Aggregated,42.200000,0.000000,15,18,21,26,52,80,160,190,220,220,220,710,0,17,37.93855313060831,8.304270915687084,1164.8084060288966,10373.135211267605
1778007090,80,GET,/,31.700000,0.000000,15,16,18,20,39,71,160,200,220,220,220,555,0,16,39.32209626188384,9.709225036203861,1164.8084060288966,10517.441441441442
1778007090,80,POST,/cart,3.300000,0.000000,28,33,51,57,80,100,160,160,160,160,160,51,0,28,41.192175021541175,17.235736013390124,158.75442093238235,16726.823529411766
1778007090,80,POST,/cart/checkout,2.700000,0.000000,15,17,18,19,36,84,190,190,190,190,190,44,0,17,34.70880776347423,12.181927100755274,187.54518509376794,6804.181818181818
1778007090,80,GET,/product/0PUK6V6EV0,0.400000,0.000000,12,12,12,13,13,13,13,13,13,13,13,7,0,12,12.310971123432475,11.793997953645885,12.898485991172493,7974.714285714285
1778007090,80,GET,/product/1YMWWN1N4O,0.400000,0.000000,12,12,12,19,19,19,19,19,19,19,19,6,0,12,12.529863005814454,9.164599003270268,19.493091967888176,7985.833333333333
1778007090,80,GET,/product/2ZYFJ3GM2N,0.700000,0.000000,13,42,53,53,96,96,96,96,96,96,96,17,0,14,30.46468904187136,8.304270915687084,95.62590694986284,7983.0
1778007090,80,GET,/product/66VCHSJNUP,0.800000,0.000000,13,13,14,14,15,15,15,15,15,15,15,14,0,13,24.480750784277916,9.582599042914808,94.3457349203527,7949.428571428572
1778007090,80,GET,/product/6E92ZMYYFZ,0.200000,0.000000,12,13,13,14,14,14,14,14,14,14,14,10,0,14,25.01479950733483,10.296995053067803,91.95772104430944,7935.0
1778007090,80,GET,/product/9SIQT8TOJO,0.800000,0.000000,12,13,13,18,18,18,18,18,18,18,18,11,0,13,22.478225619786166,8.873051963746548,76.60148292779922,8004.636363636364
1778007090,80,GET,/product/L9ECAV7KIM,0.700000,0.000000,13,13,13,13,15,15,15,15,15,15,15,14,0,13,14.829687491458442,10.120833059772849,29.34451901819557,7975.357142857143
1778007090,80,GET,/product/LS4PSXUNUM,0.600000,0.000000,11,11,11,11,44,44,44,44,44,44,44,10,0,11,14.189694519154727,8.360350038856268,43.83037402294576,7974.9
1778007090,80,GET,/product/OLJCESPC7Z,0.700000,0.000000,12,12,13,31,71,71,71,71,71,71,71,13,0,13,18.167332549077962,9.651197004131973,70.59262995608151,7990.615384615385
1778007090,80,,Aggregated,43.000000,0.000000,15,17,20,23,45,80,160,190,220,220,220,752,0,16,36.64472668049015,8.304270915687084,1164.8084060288966,10376.404255319148
1778007091,80,GET,/,31.900000,0.000000,15,17,20,22,45,76,160,200,220,220,220,601,0,16,38.1374491755223,9.709225036203861,1164.8084060288966,10518.991680532446
1778007091,80,POST,/cart,3.600000,0.000000,28,33,57,57,80,100,160,160,160,160,160,53,0,28,41.47700798469332,17.235736013390124,158.75442093238235,16716.867924528302
1778007091,80,POST,/cart/checkout,2.500000,0.000000,15,17,19,23,48,84,190,190,190,190,190,45,0,18,34.997901012603606,12.181927100755274,187.54518509376794,6804.644444444444
1778007091,80,GET,/product/0PUK6V6EV0,0.300000,0.000000,12,12,12,13,13,13,13,13,13,13,13,7,0,12,12.310971123432475,11.793997953645885,12.898485991172493,7974.714285714285
1778007091,80,GET,/product/1YMWWN1N4O,0.400000,0.000000,12,12,12,12,12,12,12,12,12,12,12,6,0,12,12.529863005814454,9.164599003270268,19.493091967888176,7985.833333333333
1778007091,80,GET,/product/2ZYFJ3GM2N,0.700000,0.000000,13,42,53,53,96,96,96,96,96,96,96,18,0,14,29.376709038236488,8.304270915687084,95.62590694986284,7989.0
1778007091,80,GET,/product/66VCHSJNUP,0.600000,0.000000,13,13,14,14,15,15,15,15,15,15,15,14,0,13,24.480750784277916,9.582599042914808,94.3457349203527,7949.428571428572
1778007091,80,GET,/product/6E92ZMYYFZ,0.300000,0.000000,13,13,14,14,26,26,26,26,26,26,26,11,0,14,25.14730855314569,10.296995053067803,91.95772104430944,7940.545454545455
1778007091,80,GET,/product/9SIQT8TOJO,0.800000,0.000000,12,13,13,18,18,18,18,18,18,18,18,11,0,13,22.478225619786166,8.873051963746548,76.60148292779922,8004.636363636364
1778007091,80,GET,/product/L9ECAV7KIM,0.600000,0.000000,13,13,13,13,15,15,15,15,15,15,15,14,0,13,14.829687491458442,10.120833059772849,29.34451901819557,7975.357142857143
1778007091,80,GET,/product/LS4PSXUNUM,0.700000,0.000000,11,11,11,11,44,44,44,44,44,44,44,10,0,11,14.189694519154727,8.360350038856268,43.83037402294576,7974.9
1778007091,80,GET,/product/OLJCESPC7Z,0.800000,0.000000,12,12,13,31,71,71,71,71,71,71,71,14,0,12,17.602475152151392,9.651197004131973,70.59262995608151,7990.071428571428
1778007091,80,,Aggregated,43.200000,0.000000,15,18,21,26,49,78,160,190,220,220,220,804,0,16,35.878717998652,8.304270915687084,1164.8084060288966,10387.575870646766
1778007092,80,GET,/,33.500000,0.000000,15,17,18,20,34,55,160,200,220,220,220,632,0,16,37.07384500914854,9.709225036203861,1164.8084060288966,10519.700949367088
1778007092,80,POST,/cart,3.500000,0.000000,28,30,33,35,73,98,160,160,160,160,160,57,0,28,40.50488023316128,17.235736013390124,158.75442093238235,16721.842105263157
1778007092,80,POST,/cart/checkout,2.300000,0.000000,15,17,18,19,48,190,190,190,190,190,190,46,0,17,34.61394670834441,12.181927100755274,187.54518509376794,6804.369565217391
1778007092,80,GET,/product/0PUK6V6EV0,0.500000,0.000000,12,12,12,13,13,13,13,13,13,13,13,8,0,12,12.31717472546734,11.793997953645885,12.898485991172493,7974.125
1778007092,80,GET,/product/1YMWWN1N4O,0.400000,0.000000,12,12,12,12,12,12,12,12,12,12,12,7,0,12,12.510590005799063,9.164599003270268,19.493091967888176,7989.571428571428
1778007092,80,GET,/product/2ZYFJ3GM2N,0.800000,0.000000,13,17,42,53,96,96,96,96,96,96,96,19,0,14,28.722009192662018,8.304270915687084,95.62590694986284,7992.263157894737
1778007092,80,GET,/product/66VCHSJNUP,0.700000,0.000000,12,12,13,13,15,15,15,15,15,15,15,14,0,13,24.480750784277916,9.582599042914808,94.3457349203527,7949.428571428572
1778007092,80,GET,/product/6E92ZMYYFZ,0.400000,0.000000,13,13,14,14,26,26,26,26,26,26,26,11,0,14,25.14730855314569,10.296995053067803,91.95772104430944,7940.545454545455
1778007092,80,GET,/product/9SIQT8TOJO,0.700000,0.000000,12,12,13,13,18,18,18,18,18,18,18,12,0,13,21.38640623888932,8.873051963746548,76.60148292779922,8010.833333333333
1778007092,80,GET,/product/L9ECAV7KIM,0.700000,0.000000,12,12,13,13,13,13,13,13,13,13,13,15,0,13,14.598807195822397,10.120833059772849,29.34451901819557,7974.6
1778007092,80,GET,/product/LS4PSXUNUM,0.800000,0.000000,11,11,13,13,44,44,44,44,44,44,44,12,0,11,13.835295103490353,8.360350038856268,43.83037402294576,7984.916666666667
1778007092,80,GET,/product/OLJCESPC7Z,0.900000,0.000000,12,12,13,14,31,31,31,31,31,31,31,15,0,13,17.37739214828859,9.651197004131973,70.59262995608151,7990.933333333333
1778007092,80,,Aggregated,45.200000,0.000000,15,17,20,22,35,57,160,190,220,220,220,848,0,16,34.8881766291221,8.304270915687084,1164.8084060288966,10396.509433962265
1778007093,80,GET,/,33.700000,0.000000,15,17,18,20,34,55,160,200,220,220,220,662,0,16,36.02258316322098,9.709225036203861,1164.8084060288966,10520.2416918429
1778007093,80,POST,/cart,3.500000,0.000000,27,30,33,35,73,98,160,160,160,160,160,60,0,28,39.84149893706975,17.235736013390124,158.75442093238235,16778.916666666668
1778007093,80,POST,/cart/checkout,2.300000,0.000000,15,17,18,19,48,190,190,190,190,190,190,49,0,17,33.43845183048777,12.181927100755274,187.54518509376794,6803.571428571428
1778007093,80,GET,/product/0PUK6V6EV0,0.500000,0.000000,12,12,12,13,13,13,13,13,13,13,13,8,0,12,12.31717472546734,11.793997953645885,12.898485991172493,7974.125
1778007093,80,GET,/product/1YMWWN1N4O,0.400000,0.000000,12,12,12,12,12,12,12,12,12,12,12,8,0,12,12.501102508394979,9.164599003270268,19.493091967888176,7989.375
1778007093,80,GET,/product/2ZYFJ3GM2N,0.800000,0.000000,13,17,42,42,96,96,96,96,96,96,96,19,0,14,28.722009192662018,8.304270915687084,95.62590694986284,7992.263157894737
1778007093,80,GET,/product/66VCHSJNUP,0.800000,0.000000,11,12,13,13,15,15,15,15,15,15,15,15,0,13,23.612131271511316,9.582599042914808,94.3457349203527,7954.333333333333
1778007093,80,GET,/product/6E92ZMYYFZ,0.500000,0.000000,13,14,22,22,26,26,26,26,26,26,26,13,0,14,23.666161228902638,9.498182917013764,91.95772104430944,7947.615384615385
1778007093,80,GET,/product/9SIQT8TOJO,0.500000,0.000000,9,11,13,13,18,18,18,18,18,18,18,14,0,12,19.608742208220065,8.873051963746548,76.60148292779922,8003.714285714285
1778007093,80,GET,/product/L9ECAV7KIM,0.600000,0.000000,12,13,13,13,16,16,16,16,16,16,16,16,0,13,14.671937366074417,10.120833059772849,29.34451901819557,7973.9375
1778007093,80,GET,/product/LS4PSXUNUM,0.700000,0.000000,11,11,11,13,44,44,44,44,44,44,44,14,0,11,13.237165087567908,8.360350038856268,43.83037402294576,7981.785714285715
1778007093,80,GET,/product/OLJCESPC7Z,0.900000,0.000000,11,12,13,14,31,31,31,31,31,31,31,15,0,13,17.37739214828859,9.651197004131973,70.59262995608151,7990.933333333333
1778007093,80,,Aggregated,45.200000,0.000000,15,17,20,22,35,57,160,190,220,220,220,893,0,16,33.86034173546786,8.304270915687084,1164.8084060288966,10389.640537513998
1778007094,80,GET,/,34.500000,0.000000,15,17,18,20,33,53,160,200,220,220,220,704,0,16,34.87365918491295,9.709225036203861,1164.8084060288966,10521.123579545454
1778007094,80,POST,/cart,3.200000,0.000000,28,30,33,40,75,98,160,160,160,160,160,64,0,28,39.22556945508404,17.235736013390124,158.75442093238235,16803.65625
1778007094,80,POST,/cart/checkout,2.200000,0.000000,16,17,18,19,48,190,190,190,190,190,190,51,0,17,32.77962364018986,12.181927100755274,187.54518509376794,6803.9607843137255
1778007094,80,GET,/product/0PUK6V6EV0,0.500000,0.000000,12,12,13,13,13,13,13,13,13,13,13,8,0,12,12.31717472546734,11.793997953645885,12.898485991172493,7974.125
1778007094,80,GET,/product/1YMWWN1N4O,0.500000,0.000000,12,12,12,12,12,12,12,12,12,12,12,8,0,12,12.501102508394979,9.164599003270268,19.493091967888176,7989.375
1778007094,80,GET,/product/2ZYFJ3GM2N,0.900000,0.000000,13,17,42,42,96,96,96,96,96,96,96,19,0,14,28.722009192662018,8.304270915687084,95.62590694986284,7992.263157894737
1778007094,80,GET,/product/66VCHSJNUP,0.600000,0.000000,11,12,13,13,15,15,15,15,15,15,15,16,0,13,22.765085188439116,9.582599042914808,94.3457349203527,7959.875
1778007094,80,GET,/product/6E92ZMYYFZ,0.500000,0.000000,13,14,22,22,26,26,26,26,26,26,26,13,0,14,23.666161228902638,9.498182917013764,91.95772104430944,7947.615384615385
1778007094,80,GET,/product/9SIQT8TOJO,0.400000,0.000000,11,11,13,13,18,18,18,18,18,18,18,15,0,12,19.027714997840423,8.873051963746548,76.60148292779922,8001.2
1778007094,80,GET,/product/L9ECAV7KIM,0.500000,0.000000,12,12,13,13,16,16,16,16,16,16,16,16,0,13,14.671937366074417,10.120833059772849,29.34451901819557,7973.9375
1778007094,80,GET,/product/LS4PSXUNUM,0.600000,0.000000,11,11,11,13,44,44,44,44,44,44,44,14,0,11,13.237165087567908,8.360350038856268,43.83037402294576,7981.785714285715
1778007094,80,GET,/product/OLJCESPC7Z,1.100000,0.000000,11,13,14,14,31,31,31,31,31,31,31,15,0,13,17.37739214828859,9.651197004131973,70.59262995608151,7990.933333333333
1778007094,80,,Aggregated,45.500000,0.000000,15,17,19,21,33,57,140,190,220,220,220,943,0,16,32.996359580860116,8.304270915687084,1164.8084060288966,10412.253446447508
1778007095,80,GET,/,34.000000,0.000000,15,17,18,20,34,55,160,200,220,220,220,735,0,16,34.04144966122726,9.709225036203861,1164.8084060288966,10521.643537414966
1778007095,80,POST,/cart,3.300000,0.000000,27,30,33,40,75,98,160,160,160,160,160,67,0,28,38.57250938734123,17.235736013390124,158.75442093238235,16808.492537313432
1778007095,80,POST,/cart/checkout,2.100000,0.000000,17,18,18,19,48,190,190,190,190,190,190,53,0,17,32.16069725886831,12.181927100755274,187.54518509376794,6804.037735849057
1778007095,80,GET,/product/0PUK6V6EV0,0.500000,0.000000,12,13,13,16,16,16,16,16,16,16,16,9,0,12,12.716612765668994,11.793997953645885,15.91211708728224,7982.666666666667
1778007095,80,GET,/product/1YMWWN1N4O,0.300000,0.000000,12,12,12,12,12,12,12,12,12,12,12,8,0,12,12.501102508394979,9.164599003270268,19.493091967888176,7989.375
1778007095,80,GET,/product/2ZYFJ3GM2N,0.700000,0.000000,13,13,17,17,96,96,96,96,96,96,96,19,0,14,28.722009192662018,8.304270915687084,95.62590694986284,7992.263157894737
1778007095,80,GET,/product/66VCHSJNUP,0.600000,0.000000,11,11,13,13,15,15,15,15,15,15,15,16,0,13,22.765085188439116,9.582599042914808,94.3457349203527,7959.875
1778007095,80,GET,/product/6E92ZMYYFZ,0.600000,0.000000,13,14,22,22,26,26,26,26,26,26,26,14,0,14,22.66411020952676,9.498182917013764,91.95772104430944,7946.714285714285
1778007095,80,GET,/product/9SIQT8TOJO,0.500000,0.000000,11,11,13,13,18,18,18,18,18,18,18,17,0,12,18.00527299672146,8.001554990187287,76.60148292779922,8004.058823529412
1778007095,80,GET,/product/L9ECAV7KIM,0.600000,0.000000,11,12,13,13,16,16,16,16,16,16,16,17,0,13,14.403089874095338,10.101530002430081,29.34451901819557,7975.64705882353
1778007095,80,GET,/product/LS4PSXUNUM,0.700000,0.000000,10,11,13,13,44,44,44,44,44,44,44,14,0,11,13.237165087567908,8.360350038856268,43.83037402294576,7981.785714285715
1778007095,80,GET,/product/OLJCESPC7Z,1.000000,0.000000,14,15,16,16,31,31,31,31,31,31,31,17,0,13,17.144487780409264,9.651197004131973,70.59262995608151,7996.529411764706
1778007095,80,,Aggregated,44.900000,0.000000,15,17,20,22,33,57,160,190,220,220,220,986,0,16,32.22999469831427,8.001554990187287,1164.8084060288966,10411.51724137931
1778007096,80,GET,/,34.700000,0.000000,15,17,18,20,33,55,160,200,220,220,220,764,0,16,33.331985201556186,9.709225036203861,1164.8084060288966,10522.298429319371
1778007096,80,POST,/cart,3.600000,0.000000,28,31,33,48,75,98,160,160,160,160,160,70,0,28,38.2959244972361,17.235736013390124,158.75442093238235,16814.114285714284
1778007096,80,POST,/cart/checkout,1.700000,0.000000,17,18,18,18,48,190,190,190,190,190,190,56,0,17,31.22357308373986,12.010878999717534,187.54518509376794,6803.839285714285
1778007096,80,GET,/product/0PUK6V6EV0,0.400000,0.000000,12,13,13,16,16,16,16,16,16,16,16,9,0,12,12.716612765668994,11.793997953645885,15.91211708728224,7982.666666666667
1778007096,80,GET,/product/1YMWWN1N4O,0.400000,0.000000,12,12,12,12,12,12,12,12,12,12,12,8,0,12,12.501102508394979,9.164599003270268,19.493091967888176,7989.375
1778007096,80,GET,/product/2ZYFJ3GM2N,0.700000,0.000000,13,13,17,17,96,96,96,96,96,96,96,20,0,14,27.898397378157824,8.304270915687084,95.62590694986284,7995.7
1778007096,80,GET,/product/66VCHSJNUP,0.800000,0.000000,11,13,13,15,15,15,15,15,15,15,15,16,0,13,22.765085188439116,9.582599042914808,94.3457349203527,7959.875
1778007096,80,GET,/product/6E92ZMYYFZ,0.700000,0.000000,13,13,14,22,26,26,26,26,26,26,26,15,0,14,22.047430657160778,9.498182917013764,91.95772104430944,7945.4
1778007096,80,GET,/product/9SIQT8TOJO,0.700000,0.000000,11,12,13,13,18,18,18,18,18,18,18,18,0,12,17.696620275576908,8.001554990187287,76.60148292779922,8007.666666666667
1778007096,80,GET,/product/L9ECAV7KIM,0.600000,0.000000,11,12,13,13,16,16,16,16,16,16,16,18,0,13,14.145619830944472,9.768629097379744,29.34451901819557,7977.5
1778007096,80,GET,/product/LS4PSXUNUM,0.900000,0.000000,10,11,13,13,44,44,44,44,44,44,44,14,0,11,13.237165087567908,8.360350038856268,43.83037402294576,7981.785714285715
1778007096,80,GET,/product/OLJCESPC7Z,0.900000,0.000000,14,15,16,16,31,31,31,31,31,31,31,17,0,13,17.144487780409264,9.651197004131973,70.59262995608151,7996.529411764706
1778007096,80,,Aggregated,46.100000,0.000000,15,17,20,22,33,57,160,190,220,220,220,1025,0,16,31.621646372964832,8.001554990187287,1164.8084060288966,10414.312195121951
1778007097,80,GET,/,35.100000,0.000000,15,16,18,19,27,49,160,200,220,220,220,799,0,16,32.481705827739916,9.709225036203861,1164.8084060288966,10523.060075093867
1778007097,80,POST,/cart,3.100000,0.000000,28,31,33,33,57,75,98,98,98,98,98,73,0,28,37.72134329702654,17.235736013390124,158.75442093238235,16837.87671232877
1778007097,80,POST,/cart/checkout,1.900000,0.000000,17,17,18,18,48,190,190,190,190,190,190,57,0,17,30.899685066144325,12.010878999717534,187.54518509376794,6803.350877192983
1778007097,80,GET,/product/0PUK6V6EV0,0.400000,0.000000,12,12,16,16,16,16,16,16,16,16,16,9,0,12,12.716612765668994,11.793997953645885,15.91211708728224,7982.666666666667
1778007097,80,GET,/product/1YMWWN1N4O,0.400000,0.000000,12,12,12,12,12,12,12,12,12,12,12,8,0,12,12.501102508394979,9.164599003270268,19.493091967888176,7989.375
1778007097,80,GET,/product/2ZYFJ3GM2N,0.600000,0.000000,13,17,17,96,96,96,96,96,96,96,96,20,0,14,27.898397378157824,8.304270915687084,95.62590694986284,7995.7
1778007097,80,GET,/product/66VCHSJNUP,0.700000,0.000000,11,11,13,13,15,15,15,15,15,15,15,18,0,12,21.449105671813918,9.582599042914808,94.3457349203527,7956.0
1778007097,80,GET,/product/6E92ZMYYFZ,0.700000,0.000000,13,14,14,22,26,26,26,26,26,26,26,16,0,14,21.537683802307583,9.498182917013764,91.95772104430944,7950.1875
1778007097,80,GET,/product/9SIQT8TOJO,1.000000,0.000000,11,12,13,13,18,18,18,18,18,18,18,18,0,12,17.696620275576908,8.001554990187287,76.60148292779922,8007.666666666667
1778007097,80,GET,/product/L9ECAV7KIM,0.600000,0.000000,11,11,13,13,16,16,16,16,16,16,16,18,0,13,14.145619830944472,9.768629097379744,29.34451901819557,7977.5
1778007097,80,GET,/product/LS4PSXUNUM,0.700000,0.000000,10,11,13,13,44,44,44,44,44,44,44,15,0,11,13.04365755058825,8.360350038856268,43.83037402294576,7985.933333333333
1778007097,80,GET,/product/OLJCESPC7Z,0.800000,0.000000,14,14,15,15,16,16,16,16,16,16,16,17,0,13,17.144487780409264,9.651197004131973,70.59262995608151,7996.529411764706
1778007097,80,,Aggregated,46.000000,0.000000,15,17,18,20,31,49,140,190,220,220,220,1068,0,16,30.928097068081865,8.001554990187287,1164.8084060288966,10425.494382022473
1778007098,80,GET,/,34.300000,0.000000,15,17,18,19,26,40,53,64,93,93,93,839,0,16,32.24644810113949,9.709225036203861,1164.8084060288966,10524.034564958283
1778007098,80,POST,/cart,3.300000,0.000000,27,29,31,33,44,48,75,75,75,75,75,77,0,28,37.35137012388025,17.235736013390124,158.75442093238235,16854.0
1778007098,80,POST,/cart/checkout,1.700000,0.000000,17,18,18,18,48,190,190,190,190,190,190,58,0,17,30.66972049619553,12.010878999717534,187.54518509376794,6803.517241379311
1778007098,80,GET,/product/0PUK6V6EV0,0.400000,0.000000,12,12,16,16,16,16,16,16,16,16,16,9,0,12,12.716612765668994,11.793997953645885,15.91211708728224,7982.666666666667
1778007098,80,GET,/product/1YMWWN1N4O,0.300000,0.000000,12,12,12,15,15,15,15,15,15,15,15,10,0,12,12.459567992482334,9.164599003270268,19.493091967888176,8007.1
1778007098,80,GET,/product/2ZYFJ3GM2N,0.700000,0.000000,13,13,17,17,17,17,17,17,17,17,17,20,0,14,27.898397378157824,8.304270915687084,95.62590694986284,7995.7
1778007098,80,GET,/product/66VCHSJNUP,0.600000,0.000000,11,11,15,15,16,16,16,16,16,16,16,19,0,13,21.180198846482917,9.582599042914808,94.3457349203527,7954.526315789473
1778007098,80,GET,/product/6E92ZMYYFZ,0.800000,0.000000,13,14,22,22,26,26,26,26,26,26,26,16,0,14,21.537683802307583,9.498182917013764,91.95772104430944,7950.1875
1778007098,80,GET,/product/9SIQT8TOJO,0.900000,0.000000,11,12,13,18,39,39,39,39,39,39,39,19,0,12,18.805150101941667,8.001554990187287,76.60148292779922,8006.421052631579
1778007098,80,GET,/product/L9ECAV7KIM,0.700000,0.000000,11,11,13,13,16,16,16,16,16,16,16,19,0,13,13.845717473151652,8.447475032880902,29.34451901819557,7976.368421052632
1778007098,80,GET,/product/LS4PSXUNUM,0.700000,0.000000,10,10,11,11,13,13,13,13,13,13,13,15,0,11,13.04365755058825,8.360350038856268,43.83037402294576,7985.933333333333
1778007098,80,GET,/product/OLJCESPC7Z,0.800000,0.000000,15,15,16,16,16,16,16,16,16,16,16,18,0,13,17.090718074339545,9.651197004131973,70.59262995608151,7997.555555555556
1778007098,80,,Aggregated,45.200000,0.000000,15,17,18,20,28,40,52,64,93,93,93,1119,0,16,30.72150436014027,8.001554990187287,1164.8084060288966,10437.545129579981
1778007099,80,GET,/,34.700000,0.000000,15,17,18,19,26,41,60,64,93,93,93,877,0,16,31.607141769905294,9.709225036203861,1164.8084060288966,10524.370581527935
1778007099,80,POST,/cart,3.200000,0.000000,27,29,31,33,44,48,75,75,75,75,75,78,0,28,37.15106190289729,17.235736013390124,158.75442093238235,16848.833333333332
1778007099,80,POST,/cart/checkout,1.700000,0.000000,17,17,18,18,19,48,48,48,48,48,48,58,0,17,30.66972049619553,12.010878999717534,187.54518509376794,6803.517241379311
1778007099,80,GET,/product/0PUK6V6EV0,0.400000,0.000000,12,16,16,25,25,25,25,25,25,25,25,10,0,12,13.91107338713482,11.793997953645885,24.66121898032725,7978.0
1778007099,80,GET,/product/1YMWWN1N4O,0.300000,0.000000,12,12,12,15,15,15,15,15,15,15,15,10,0,12,12.459567992482334,9.164599003270268,19.493091967888176,8007.1
1778007099,80,GET,/product/2ZYFJ3GM2N,0.600000,0.000000,12,13,13,17,17,17,17,17,17,17,17,21,0,14,27.00574450483102,8.304270915687084,95.62590694986284,8000.047619047619
1778007099,80,GET,/product/66VCHSJNUP,0.600000,0.000000,11,11,11,11,16,16,16,16,16,16,16,19,0,13,21.180198846482917,9.582599042914808,94.3457349203527,7954.526315789473
1778007099,80,GET,/product/6E92ZMYYFZ,0.900000,0.000000,13,14,22,22,26,26,26,26,26,26,26,17,0,14,20.85359858157223,9.498182917013764,91.95772104430944,7954.882352941177
1778007099,80,GET,/product/9SIQT8TOJO,0.900000,0.000000,11,12,13,18,39,39,39,39,39,39,39,19,0,12,18.805150101941667,8.001554990187287,76.60148292779922,8006.421052631579
1778007099,80,GET,/product/L9ECAV7KIM,0.700000,0.000000,11,12,14,14,16,16,16,16,16,16,16,21,0,13,13.73808052656906,8.447475032880902,29.34451901819557,7973.666666666667
1778007099,80,GET,/product/LS4PSXUNUM,0.700000,0.000000,10,11,12,12,13,13,13,13,13,13,13,16,0,11,12.965830203029327,8.360350038856268,43.83037402294576,7983.0
1778007099,80,GET,/product/OLJCESPC7Z,0.700000,0.000000,15,15,16,16,16,16,16,16,16,16,16,18,0,13,17.090718074339545,9.651197004131973,70.59262995608151,7997.555555555556
1778007099,80,,Aggregated,45.400000,0.000000,15,17,19,20,27,41,53,64,93,93,93,1164,0,16,30.19307191010414,8.001554990187287,1164.8084060288966,10433.127147766323
1778007100,80,GET,/,34.300000,0.000000,15,17,18,19,26,44,63,74,93,93,93,916,0,16,31.12678341293,9.709225036203861,1164.8084060288966,10525.330786026201
1778007100,80,POST,/cart,2.900000,0.000000,27,30,33,33,44,57,75,75,75,75,75,83,0,28,36.81057677688414,17.235736013390124,158.75442093238235,16859.4578313253
1778007100,80,POST,/cart/checkout,1.600000,0.000000,17,18,18,18,19,48,48,48,48,48,48,59,0,17,30.46407842006282,12.010878999717534,187.54518509376794,6803.762711864407
1778007100,80,GET,/product/0PUK6V6EV0,0.400000,0.000000,16,16,25,25,25,25,25,25,25,25,25,10,0,12,13.91107338713482,11.793997953645885,24.66121898032725,7978.0
1778007100,80,GET,/product/1YMWWN1N4O,0.300000,0.000000,12,12,15,15,15,15,15,15,15,15,15,10,0,12,12.459567992482334,9.164599003270268,19.493091967888176,8007.1
1778007100,80,GET,/product/2ZYFJ3GM2N,0.500000,0.000000,12,12,17,17,17,17,17,17,17,17,17,21,0,14,27.00574450483102,8.304270915687084,95.62590694986284,8000.047619047619
1778007100,80,GET,/product/66VCHSJNUP,0.700000,0.000000,11,11,11,11,16,16,16,16,16,16,16,19,0,13,21.180198846482917,9.582599042914808,94.3457349203527,7954.526315789473
1778007100,80,GET,/product/6E92ZMYYFZ,0.900000,0.000000,13,14,22,22,26,26,26,26,26,26,26,18,0,13,20.38527138453598,9.498182917013764,91.95772104430944,7958.833333333333
1778007100,80,GET,/product/9SIQT8TOJO,0.800000,0.000000,9,11,12,13,39,39,39,39,39,39,39,20,0,12,18.326585949398577,8.001554990187287,76.60148292779922,8004.7
1778007100,80,GET,/product/L9ECAV7KIM,0.700000,0.000000,11,12,14,14,16,16,16,16,16,16,16,21,0,13,13.73808052656906,8.447475032880902,29.34451901819557,7973.666666666667
1778007100,80,GET,/product/LS4PSXUNUM,0.700000,0.000000,11,12,13,13,15,15,15,15,15,15,15,18,0,11,12.88742617988545,8.360350038856268,43.83037402294576,7983.055555555556
1778007100,80,GET,/product/OLJCESPC7Z,0.600000,0.000000,15,16,16,16,16,16,16,16,16,16,16,18,0,13,17.090718074339545,9.651197004131973,70.59262995608151,7997.555555555556
1778007100,80,,Aggregated,44.400000,0.000000,15,17,19,20,29,43,63,74,93,93,93,1213,0,16,29.81007075311903,8.001554990187287,1164.8084060288966,10452.92580379225
1778007101,80,GET,/,35.300000,0.000000,15,16,18,19,26,43,62,69,93,93,93,955,0,16,30.68256633958404,9.709225036203861,1164.8084060288966,10525.839790575916
1778007101,80,POST,/cart,3.000000,0.000000,26,29,31,33,44,48,57,57,57,57,57,84,0,28,36.6616749462472,17.235736013390124,158.75442093238235,16871.72619047619
1778007101,80,POST,/cart/checkout,1.500000,0.000000,16,17,18,18,19,19,19,19,19,19,19,62,0,17,29.72072306006486,12.010878999717534,187.54518509376794,6802.854838709677
1778007101,80,GET,/product/0PUK6V6EV0,0.400000,0.000000,16,16,25,25,25,25,25,25,25,25,25,10,0,12,13.91107338713482,11.793997953645885,24.66121898032725,7978.0
1778007101,80,GET,/product/1YMWWN1N4O,0.500000,0.000000,12,14,14,15,15,15,15,15,15,15,15,11,0,12,12.629503087902611,9.164599003270268,19.493091967888176,8012.909090909091
1778007101,80,GET,/product/2ZYFJ3GM2N,0.400000,0.000000,12,12,16,16,17,17,17,17,17,17,17,23,0,14,25.822235807857435,8.304270915687084,95.62590694986284,8002.086956521739
1778007101,80,GET,/product/66VCHSJNUP,0.700000,0.000000,11,11,11,16,16,16,16,16,16,16,16,19,0,13,21.180198846482917,9.582599042914808,94.3457349203527,7954.526315789473
1778007101,80,GET,/product/6E92ZMYYFZ,0.800000,0.000000,12,13,14,15,22,22,22,22,22,22,22,20,0,13,19.593292992794886,9.498182917013764,91.95772104430944,7961.9
1778007101,80,GET,/product/9SIQT8TOJO,0.900000,0.000000,9,11,12,13,39,39,39,39,39,39,39,20,0,12,18.326585949398577,8.001554990187287,76.60148292779922,8004.7
1778007101,80,GET,/product/L9ECAV7KIM,1.000000,0.000000,11,12,14,16,17,17,17,17,17,17,17,23,0,13,13.74642865266651,8.447475032880902,29.34451901819557,7976.0
1778007101,80,GET,/product/LS4PSXUNUM,0.600000,0.000000,11,12,13,13,15,15,15,15,15,15,15,18,0,11,12.88742617988545,8.360350038856268,43.83037402294576,7983.055555555556
1778007101,80,GET,/product/OLJCESPC7Z,0.600000,0.000000,15,15,16,16,16,16,16,16,16,16,16,19,0,13,16.78953007304747,9.651197004131973,70.59262995608151,7999.684210526316
1778007101,80,,Aggregated,45.700000,0.000000,15,17,18,19,28,41,57,64,93,93,93,1264,0,16,29.370274548650915,8.001554990187287,1164.8084060288966,10437.305379746835
1778007102,80,GET,/,35.400000,0.000000,15,16,18,19,27,47,64,81,230,230,230,977,0,16,30.725732387211306,9.709225036203861,1164.8084060288966,10525.96417604913
1778007102,80,POST,/cart,2.900000,0.000000,26,29,29,33,44,48,57,57,57,57,57,87,0,28,36.24949310825945,17.235736013390124,158.75442093238235,16906.67816091954
1778007102,80,POST,/cart/checkout,1.600000,0.000000,16,17,18,18,18,19,19,19,19,19,19,63,0,17,29.502458868563057,12.010878999717534,187.54518509376794,6802.619047619048
1778007102,80,GET,/product/0PUK6V6EV0,0.300000,0.000000,16,16,25,25,25,25,25,25,25,25,25,10,0,12,13.91107338713482,11.793997953645885,24.66121898032725,7978.0
1778007102,80,GET,/product/1YMWWN1N4O,0.500000,0.000000,14,14,15,15,15,15,15,15,15,15,15,11,0,12,12.629503087902611,9.164599003270268,19.493091967888176,8012.909090909091
1778007102,80,GET,/product/2ZYFJ3GM2N,0.400000,0.000000,12,12,16,16,17,17,17,17,17,17,17,23,0,14,25.822235807857435,8.304270915687084,95.62590694986284,8002.086956521739
1778007102,80,GET,/product/66VCHSJNUP,0.600000,0.000000,11,11,11,11,16,16,16,16,16,16,16,20,0,12,20.690788252977654,9.582599042914808,94.3457349203527,7953.0
1778007102,80,GET,/product/6E92ZMYYFZ,0.800000,0.000000,12,13,14,14,15,15,15,15,15,15,15,20,0,13,19.593292992794886,9.498182917013764,91.95772104430944,7961.9
1778007102,80,GET,/product/9SIQT8TOJO,0.900000,0.000000,11,12,13,13,39,39,39,39,39,39,39,20,0,12,18.326585949398577,8.001554990187287,76.60148292779922,8004.7
1778007102,80,GET,/product/L9ECAV7KIM,0.800000,0.000000,12,14,16,16,17,17,17,17,17,17,17,23,0,13,13.74642865266651,8.447475032880902,29.34451901819557,7976.0
1778007102,80,GET,/product/LS4PSXUNUM,0.700000,0.000000,10,10,12,12,15,15,15,15,15,15,15,18,0,11,12.88742617988545,8.360350038856268,43.83037402294576,7983.055555555556
1778007102,80,GET,/product/OLJCESPC7Z,0.500000,0.000000,15,15,16,16,16,16,16,16,16,16,16,19,0,13,16.78953007304747,9.651197004131973,70.59262995608151,7999.684210526316
1778007102,80,,Aggregated,45.400000,0.000000,15,17,18,19,28,43,62,74,230,230,230,1291,0,16,29.390165753991543,8.001554990187287,1164.8084060288966,10451.442292796282
1778007103,80,GET,/,36.500000,0.000000,15,18,21,29,150,310,460,530,570,570,570,1023,0,16,41.03234984157725,9.709225036203861,1164.8084060288966,10527.100684261975
1778007103,80,POST,/cart,3.200000,0.000000,28,33,42,48,210,250,270,270,270,270,270,92,0,28,44.34090543097978,17.235736013390124,269.8390349978581,16897.16304347826
1778007103,80,POST,/cart/checkout,1.400000,0.000000,16,17,18,18,18,19,19,19,19,19,19,63,0,17,29.502458868563057,12.010878999717534,187.54518509376794,6802.619047619048
1778007103,80,GET,/product/0PUK6V6EV0,0.300000,0.000000,25,25,25,25,25,25,25,25,25,25,25,10,0,12,13.91107338713482,11.793997953645885,24.66121898032725,7978.0
1778007103,80,GET,/product/1YMWWN1N4O,0.500000,0.000000,14,14,15,15,15,15,15,15,15,15,15,11,0,12,12.629503087902611,9.164599003270268,19.493091967888176,8012.909090909091
1778007103,80,GET,/product/2ZYFJ3GM2N,0.400000,0.000000,12,12,16,16,16,16,16,16,16,16,16,23,0,14,25.822235807857435,8.304270915687084,95.62590694986284,8002.086956521739
1778007103,80,GET,/product/66VCHSJNUP,0.500000,0.000000,11,16,110,110,200,200,200,200,200,200,200,22,0,13,32.881124728274614,9.582599042914808,203.3987189643085,7957.954545454545
1778007103,80,GET,/product/6E92ZMYYFZ,0.900000,0.000000,12,13,14,15,110,110,110,110,110,110,110,21,0,14,23.893681277210515,9.498182917013764,109.90144696552306,7963.809523809524
1778007103,80,GET,/product/9SIQT8TOJO,0.900000,0.000000,13,39,110,110,120,120,120,120,120,120,120,22,0,12,26.752147860613398,8.001554990187287,115.66757597029209,8010.818181818182
1778007103,80,GET,/product/L9ECAV7KIM,0.800000,0.000000,14,17,92,92,110,120,120,120,120,120,120,26,0,13,24.372043347774216,8.447475032880902,119.41614805255085,7982.7307692307695
1778007103,80,GET,/product/LS4PSXUNUM,0.800000,0.000000,10,12,15,15,16,16,16,16,16,16,16,19,0,11,13.035013328159327,8.360350038856268,43.83037402294576,7980.8421052631575
1778007103,80,GET,/product/OLJCESPC7Z,0.500000,0.000000,16,16,16,16,16,16,16,16,16,16,16,19,0,13,16.78953007304747,9.651197004131973,70.59262995608151,7999.684210526316
1778007103,80,,Aggregated,46.700000,0.000000,16,18,24,29,110,260,430,520,570,570,570,1351,0,16,38.34204111263076,8.001554990187287,1164.8084060288966,10461.903774981494
1778007104,80,GET,/,34.900000,0.000000,15,18,20,31,150,310,460,530,570,570,570,1054,0,16,40.338095081497364,9.709225036203861,1164.8084060288966,10527.287476280835
1778007104,80,POST,/cart,3.000000,0.000000,28,29,42,48,210,250,270,270,270,270,270,95,0,28,43.71616503860997,17.235736013390124,269.8390349978581,16927.831578947367
1778007104,80,POST,/cart/checkout,1.800000,0.000000,16,16,18,18,18,19,19,19,19,19,19,64,0,17,29.24798171443399,12.010878999717534,187.54518509376794,6802.46875
1778007104,80,GET,/product/0PUK6V6EV0,0.300000,0.000000,25,25,25,25,25,25,25,25,25,25,25,10,0,12,13.91107338713482,11.793997953645885,24.66121898032725,7978.0
1778007104,80,GET,/product/1YMWWN1N4O,0.400000,0.000000,13,14,14,15,15,15,15,15,15,15,15,12,0,12,12.668843662443882,9.164599003270268,19.493091967888176,8018.416666666667
1778007104,80,GET,/product/2ZYFJ3GM2N,0.400000,0.000000,12,12,12,16,16,16,16,16,16,16,16,24,0,13,25.256361104159925,8.304270915687084,95.62590694986284,8000.666666666667
1778007104,80,GET,/product/66VCHSJNUP,0.500000,0.000000,16,16,110,110,200,200,200,200,200,200,200,22,0,13,32.881124728274614,9.582599042914808,203.3987189643085,7957.954545454545
1778007104,80,GET,/product/6E92ZMYYFZ,0.900000,0.000000,13,14,15,15,110,110,110,110,110,110,110,21,0,14,23.893681277210515,9.498182917013764,109.90144696552306,7963.809523809524
1778007104,80,GET,/product/9SIQT8TOJO,0.900000,0.000000,13,39,110,110,120,120,120,120,120,120,120,22,0,12,26.752147860613398,8.001554990187287,115.66757597029209,8010.818181818182
1778007104,80,GET,/product/L9ECAV7KIM,0.900000,0.000000,14,17,92,110,120,120,120,120,120,120,120,26,0,13,24.372043347774216,8.447475032880902,119.41614805255085,7982.7307692307695
1778007104,80,GET,/product/LS4PSXUNUM,0.800000,0.000000,12,12,15,15,16,16,16,16,16,16,16,20,0,11,12.983897962840274,8.360350038856268,43.83037402294576,7983.3
1778007104,80,GET,/product/OLJCESPC7Z,0.400000,0.000000,16,16,16,16,16,16,16,16,16,16,16,19,0,13,16.78953007304747,9.651197004131973,70.59262995608151,7999.684210526316
1778007104,80,,Aggregated,45.200000,0.000000,16,18,24,31,110,270,430,520,570,570,570,1389,0,16,37.7714900720477,8.001554990187287,1164.8084060288966,10471.593952483801
1778007105,80,GET,/,34.300000,0.000000,16,18,27,43,180,310,450,530,570,570,570,1092,0,16,40.83393953453609,9.709225036203861,1164.8084060288966,10528.259157509157
1778007105,80,POST,/cart,3.100000,0.000000,29,33,44,160,220,250,270,270,270,270,270,100,0,28,46.441173378843814,17.235736013390124,269.8390349978581,16932.54
1778007105,80,POST,/cart/checkout,1.600000,0.000000,15,16,18,18,18,19,19,19,19,19,19,64,0,17,29.24798171443399,12.010878999717534,187.54518509376794,6802.46875
1778007105,80,GET,/product/0PUK6V6EV0,0.200000,0.000000,25,25,25,25,25,25,25,25,25,25,25,10,0,12,13.91107338713482,11.793997953645885,24.66121898032725,7978.0
1778007105,80,GET,/product/1YMWWN1N4O,0.400000,0.000000,14,14,15,15,16,16,16,16,16,16,16,14,0,12,12.650892645719328,9.164599003270268,19.493091967888176,8018.857142857143
1778007105,80,GET,/product/2ZYFJ3GM2N,0.400000,0.000000,12,14,14,14,16,16,16,16,16,16,16,26,0,14,24.384616327901874,8.304270915687084,95.62590694986284,8002.884615384615
1778007105,80,GET,/product/66VCHSJNUP,0.600000,0.000000,16,16,110,110,200,200,200,200,200,200,200,22,0,13,32.881124728274614,9.582599042914808,203.3987189643085,7957.954545454545
1778007105,80,GET,/product/6E92ZMYYFZ,0.800000,0.000000,13,14,15,15,110,110,110,110,110,110,110,21,0,14,23.893681277210515,9.498182917013764,109.90144696552306,7963.809523809524
1778007105,80,GET,/product/9SIQT8TOJO,0.800000,0.000000,39,110,110,120,120,120,120,120,120,120,120,22,0,12,26.752147860613398,8.001554990187287,115.66757597029209,8010.818181818182
1778007105,80,GET,/product/L9ECAV7KIM,0.800000,0.000000,14,17,92,110,120,120,120,120,120,120,120,27,0,13,23.9254074835184,8.447475032880902,119.41614805255085,7985.333333333333
1778007105,80,GET,/product/LS4PSXUNUM,0.600000,0.000000,12,15,16,16,100,100,100,100,100,100,100,21,0,11,17.172235441172408,8.360350038856268,100.93898500781506,7981.857142857143
1778007105,80,GET,/product/OLJCESPC7Z,0.400000,0.000000,16,16,16,16,16,16,16,16,16,16,16,19,0,13,16.78953007304747,9.651197004131973,70.59262995608151,7999.684210526316
1778007105,80,,Aggregated,44.000000,0.000000,16,19,28,42,160,260,430,520,570,570,570,1438,0,16,38.38398937151802,8.001554990187287,1164.8084060288966,10486.342141863699
1778007106,80,GET,/,35.600000,0.000000,16,20,35,47,190,310,460,530,570,570,570,1124,0,16,40.44362283547929,9.709225036203861,1164.8084060288966,10528.376334519573
1778007106,80,POST,/cart,3.100000,0.000000,29,42,56,57,210,250,270,270,270,270,270,108,0,28,45.892309879289115,17.235736013390124,269.8390349978581,17002.76851851852
1778007106,80,POST,/cart/checkout,1.400000,0.000000,16,16,18,18,19,19,19,19,19,19,19,64,0,17,29.24798171443399,12.010878999717534,187.54518509376794,6802.46875
1778007106,80,GET,/product/0PUK6V6EV0,0.200000,0.000000,25,25,25,25,25,25,25,25,25,25,25,10,0,12,13.91107338713482,11.793997953645885,24.66121898032725,7978.0
1778007106,80,GET,/product/1YMWWN1N4O,0.300000,0.000000,14,14,15,15,16,16,16,16,16,16,16,14,0,12,12.650892645719328,9.164599003270268,19.493091967888176,8018.857142857143
1778007106,80,GET,/product/2ZYFJ3GM2N,0.400000,0.000000,12,14,14,14,16,16,16,16,16,16,16,27,0,14,23.870852797430146,8.304270915687084,95.62590694986284,8001.074074074074
1778007106,80,GET,/product/66VCHSJNUP,0.600000,0.000000,16,110,110,200,200,200,200,200,200,200,200,22,0,13,32.881124728274614,9.582599042914808,203.3987189643085,7957.954545454545
1778007106,80,GET,/product/6E92ZMYYFZ,0.800000,0.000000,14,14,15,15,110,110,110,110,110,110,110,22,0,14,23.464714811945502,9.498182917013764,109.90144696552306,7962.409090909091
1778007106,80,GET,/product/9SIQT8TOJO,0.800000,0.000000,39,110,110,120,120,120,120,120,120,120,120,22,0,12,26.752147860613398,8.001554990187287,115.66757597029209,8010.818181818182
1778007106,80,GET,/product/L9ECAV7KIM,1.000000,0.000000,14,17,92,92,110,120,120,120,120,120,120,29,0,13,24.389819864280007,8.447475032880902,119.41614805255085,7984.103448275862
1778007106,80,GET,/product/LS4PSXUNUM,0.500000,0.000000,12,15,16,16,100,100,100,100,100,100,100,21,0,11,17.172235441172408,8.360350038856268,100.93898500781506,7981.857142857143
1778007106,80,GET,/product/OLJCESPC7Z,0.400000,0.000000,16,16,16,16,16,16,16,16,16,16,16,19,0,13,16.78953007304747,9.651197004131973,70.59262995608151,7999.684210526316
1778007106,80,,Aggregated,45.100000,0.000000,17,24,38,48,170,270,430,520,570,570,570,1482,0,16,38.098979173240714,8.001554990187287,1164.8084060288966,10520.420377867746
1778007107,80,GET,/,35.600000,0.000000,16,19,29,45,180,310,450,530,570,570,570,1161,0,16,39.65810513622019,9.709225036203861,1164.8084060288966,10529.43324720069
1778007107,80,POST,/cart,3.200000,0.000000,29,42,51,57,210,250,270,270,270,270,270,111,0,28,45.44550450392873,17.235736013390124,269.8390349978581,17013.225225225226
1778007107,80,POST,/cart/checkout,1.200000,0.000000,16,16,18,18,19,19,19,19,19,19,19,65,0,17,29.01691653443357,12.010878999717534,187.54518509376794,6802.138461538461
1778007107,80,GET,/product/0PUK6V6EV0,0.200000,0.000000,25,25,25,25,25,25,25,25,25,25,25,10,0,12,13.91107338713482,11.793997953645885,24.66121898032725,7978.0
1778007107,80,GET,/product/1YMWWN1N4O,0.500000,0.000000,13,14,15,15,16,16,16,16,16,16,16,15,0,12,12.440436938777566,9.164599003270268,19.493091967888176,8021.266666666666
1778007107,80,GET,/product/2ZYFJ3GM2N,0.500000,0.000000,12,14,14,14,16,16,16,16,16,16,16,27,0,14,23.870852797430146,8.304270915687084,95.62590694986284,8001.074074074074
1778007107,80,GET,/product/66VCHSJNUP,0.600000,0.000000,12,16,110,110,200,200,200,200,200,200,200,24,0,12,31.085771004048485,9.582599042914808,203.3987189643085,7960.0
1778007107,80,GET,/product/6E92ZMYYFZ,0.800000,0.000000,14,14,15,15,110,110,110,110,110,110,110,23,0,14,22.9075772576439,9.498182917013764,109.90144696552306,7964.130434782609
1778007107,80,GET,/product/9SIQT8TOJO,0.500000,0.000000,110,110,120,120,120,120,120,120,120,120,120,22,0,12,26.752147860613398,8.001554990187287,115.66757597029209,8010.818181818182
1778007107,80,GET,/product/L9ECAV7KIM,1.000000,0.000000,14,51,92,92,110,120,120,120,120,120,120,29,0,13,24.389819864280007,8.447475032880902,119.41614805255085,7984.103448275862
1778007107,80,GET,/product/LS4PSXUNUM,0.700000,0.000000,15,15,16,16,100,100,100,100,100,100,100,21,0,11,17.172235441172408,8.360350038856268,100.93898500781506,7981.857142857143
1778007107,80,GET,/product/OLJCESPC7Z,0.400000,0.000000,16,16,16,16,16,16,16,16,16,16,16,19,0,13,16.78953007304747,9.651197004131973,70.59262995608151,7999.684210526316
1778007107,80,,Aggregated,45.200000,0.000000,16,22,33,45,160,260,400,520,570,570,570,1527,0,16,37.453990685646794,8.001554990187287,1164.8084060288966,10525.875573018991
1778007108,80,GET,/,35.700000,0.000000,16,19,27,42,180,310,450,530,570,570,570,1203,0,16,38.93750592762742,9.709225036203861,1164.8084060288966,10529.99833748961
1778007108,80,POST,/cart,3.300000,0.000000,32,42,57,93,210,250,270,270,270,270,270,113,0,28,45.747318283440464,17.235736013390124,269.8390349978581,17053.433628318584
1778007108,80,POST,/cart/checkout,1.100000,0.000000,15,16,16,17,19,19,19,19,19,19,19,67,0,17,28.63162995225736,12.010878999717534,187.54518509376794,6802.432835820896
1778007108,80,GET,/product/0PUK6V6EV0,0.100000,0.000000,25,25,25,25,25,25,25,25,25,25,25,11,0,12,13.480463901280679,9.174369042739272,24.66121898032725,7974.545454545455
1778007108,80,GET,/product/1YMWWN1N4O,0.600000,0.000000,13,14,15,16,19,19,19,19,19,19,19,17,0,12,12.717774178942337,9.164599003270268,19.493091967888176,8022.0
1778007108,80,GET,/product/2ZYFJ3GM2N,0.600000,0.000000,12,12,14,14,16,16,16,16,16,16,16,29,0,13,22.992663812052843,8.304270915687084,95.62590694986284,8000.620689655172
1778007108,80,GET,/product/66VCHSJNUP,0.600000,0.000000,12,16,110,110,200,200,200,200,200,200,200,24,0,12,31.085771004048485,9.582599042914808,203.3987189643085,7960.0
1778007108,80,GET,/product/6E92ZMYYFZ,0.700000,0.000000,12,14,15,15,110,110,110,110,110,110,110,24,0,13,22.465932910563424,9.498182917013764,109.90144696552306,7962.5
1778007108,80,GET,/product/9SIQT8TOJO,0.500000,0.000000,110,110,120,120,120,120,120,120,120,120,120,23,0,12,26.048984692391493,8.001554990187287,115.66757597029209,8012.304347826087
1778007108,80,GET,/product/L9ECAV7KIM,1.000000,0.000000,14,51,92,92,110,120,120,120,120,120,120,29,0,13,24.389819864280007,8.447475032880902,119.41614805255085,7984.103448275862
1778007108,80,GET,/product/LS4PSXUNUM,0.700000,0.000000,15,15,16,16,100,100,100,100,100,100,100,21,0,11,17.172235441172408,8.360350038856268,100.93898500781506,7981.857142857143
1778007108,80,GET,/product/OLJCESPC7Z,0.200000,0.000000,15,15,16,16,16,16,16,16,16,16,16,20,0,13,16.683910170104355,9.651197004131973,70.59262995608151,8002.9
1778007108,80,,Aggregated,45.100000,0.000000,16,20,31,43,160,260,430,520,570,570,570,1581,0,16,36.84176330416064,8.001554990187287,1164.8084060288966,10520.012650221379
1778007109,80,GET,/,35.100000,0.000000,16,19,28,43,190,310,460,530,570,570,570,1231,0,16,38.36401567424048,9.709225036203861,1164.8084060288966,10530.450852965068
1778007109,80,POST,/cart,3.600000,0.000000,32,42,56,59,210,250,270,270,270,270,270,116,0,28,45.326207594841655,17.235736013390124,269.8390349978581,17062.48275862069
1778007109,80,POST,/cart/checkout,0.800000,0.000000,16,16,17,17,19,19,19,19,19,19,19,72,0,17,27.716605692856117,11.994385975413024,187.54518509376794,6802.375
1778007109,80,GET,/product/0PUK6V6EV0,0.100000,0.000000,25,25,25,25,25,25,25,25,25,25,25,11,0,12,13.480463901280679,9.174369042739272,24.66121898032725,7974.545454545455
1778007109,80,GET,/product/1YMWWN1N4O,0.600000,0.000000,14,15,15,16,19,19,19,19,19,19,19,20,0,12,12.809947552159429,9.164599003270268,19.493091967888176,8026.7
1778007109,80,GET,/product/2ZYFJ3GM2N,0.700000,0.000000,12,12,14,14,16,16,16,16,16,16,16,29,0,13,22.992663812052843,8.304270915687084,95.62590694986284,8000.620689655172
1778007109,80,GET,/product/66VCHSJNUP,0.500000,0.000000,12,12,110,110,200,200,200,200,200,200,200,26,0,12,29.57208984746383,9.582599042914808,203.3987189643085,7962.5
1778007109,80,GET,/product/6E92ZMYYFZ,0.700000,0.000000,12,14,15,15,110,110,110,110,110,110,110,25,0,13,21.999783511273563,9.498182917013764,109.90144696552306,7961.08
1778007109,80,GET,/product/9SIQT8TOJO,0.400000,0.000000,14,14,110,110,120,120,120,120,120,120,120,25,0,13,25.02878031693399,8.001554990187287,115.66757597029209,8009.08
1778007109,80,GET,/product/L9ECAV7KIM,1.100000,0.000000,51,92,110,110,120,120,120,120,120,120,120,29,0,13,24.389819864280007,8.447475032880902,119.41614805255085,7984.103448275862
1778007109,80,GET,/product/LS4PSXUNUM,0.600000,0.000000,16,16,100,100,100,100,100,100,100,100,100,21,0,11,17.172235441172408,8.360350038856268,100.93898500781506,7981.857142857143
1778007109,80,GET,/product/OLJCESPC7Z,0.200000,0.000000,11,11,15,15,15,15,15,15,15,15,15,21,0,13,16.402606924419246,9.651197004131973,70.59262995608151,8006.190476190476
1778007109,80,,Aggregated,44.400000,0.000000,16,20,31,43,160,260,430,520,570,570,570,1626,0,16,36.228644026977186,8.001554990187287,1164.8084060288966,10507.898523985239
1778007110,80,GET,/,36.600000,0.000000,15,19,26,42,200,310,460,530,570,570,570,1259,0,16,37.83544317935316,9.709225036203861,1164.8084060288966,10530.811755361397
1778007110,80,POST,/cart,3.900000,0.000000,30,33,51,57,180,220,270,270,270,270,270,121,0,28,44.469500545504665,17.132406937889755,269.8390349978581,17083.834710743802
1778007110,80,POST,/cart/checkout,0.800000,0.000000,16,16,17,17,18,19,19,19,19,19,19,75,0,17,27.262410957676668,11.994385975413024,187.54518509376794,6802.92
1778007110,80,GET,/product/0PUK6V6EV0,0.200000,0.000000,25,25,25,25,25,25,25,25,25,25,25,11,0,12,13.480463901280679,9.174369042739272,24.66121898032725,7974.545454545455
1778007110,80,GET,/product/1YMWWN1N4O,0.700000,0.000000,14,15,15,16,19,19,19,19,19,19,19,20,0,12,12.809947552159429,9.164599003270268,19.493091967888176,8026.7
1778007110,80,GET,/product/2ZYFJ3GM2N,0.700000,0.000000,12,12,14,14,16,16,16,16,16,16,16,30,0,12,22.518137217654537,8.304270915687084,95.62590694986284,7998.533333333334
1778007110,80,GET,/product/66VCHSJNUP,0.500000,0.000000,12,12,110,110,200,200,200,200,200,200,200,27,0,12,28.884377257243074,9.582599042914808,203.3987189643085,7964.518518518518
1778007110,80,GET,/product/6E92ZMYYFZ,0.700000,0.000000,14,15,16,16,110,110,110,110,110,110,110,26,0,13,21.776825646296718,9.498182917013764,109.90144696552306,7962.2692307692305
1778007110,80,GET,/product/9SIQT8TOJO,0.400000,0.000000,14,14,110,110,120,120,120,120,120,120,120,25,0,13,25.02878031693399,8.001554990187287,115.66757597029209,8009.08
1778007110,80,GET,/product/L9ECAV7KIM,1.100000,0.000000,51,92,110,110,120,120,120,120,120,120,120,29,0,13,24.389819864280007,8.447475032880902,119.41614805255085,7984.103448275862
1778007110,80,GET,/product/LS4PSXUNUM,0.600000,0.000000,16,16,100,100,100,100,100,100,100,100,100,21,0,11,17.172235441172408,8.360350038856268,100.93898500781506,7981.857142857143
1778007110,80,GET,/product/OLJCESPC7Z,0.200000,0.000000,11,11,15,15,15,15,15,15,15,15,15,21,0,13,16.402606924419246,9.651197004131973,70.59262995608151,8006.190476190476
1778007110,80,,Aggregated,46.400000,0.000000,16,19,29,42,170,270,430,520,570,570,570,1665,0,16,35.75045834686998,8.001554990187287,1164.8084060288966,10518.583183183184
1778007111,80,GET,/,35.500000,0.000000,16,19,27,48,190,310,460,530,570,570,570,1293,0,16,37.783086739987574,9.709225036203861,1164.8084060288966,10531.420726991493
1778007111,80,POST,/cart,3.500000,0.000000,30,36,51,59,180,220,270,270,270,270,270,126,0,28,44.663741611801676,17.132406937889755,269.8390349978581,17149.47619047619
1778007111,80,POST,/cart/checkout,1.000000,0.000000,16,16,16,17,18,19,19,19,19,19,19,76,0,17,27.115851155126858,11.994385975413024,187.54518509376794,6802.789473684211
1778007111,80,GET,/product/0PUK6V6EV0,0.200000,0.000000,25,25,25,25,25,25,25,25,25,25,25,11,0,12,13.480463901280679,9.174369042739272,24.66121898032725,7974.545454545455
1778007111,80,GET,/product/1YMWWN1N4O,0.700000,0.000000,14,15,15,16,19,19,19,19,19,19,19,20,0,12,12.809947552159429,9.164599003270268,19.493091967888176,8026.7
1778007111,80,GET,/product/2ZYFJ3GM2N,0.900000,0.000000,12,12,14,14,16,16,16,16,16,16,16,30,0,12,22.518137217654537,8.304270915687084,95.62590694986284,7998.533333333334
1778007111,80,GET,/product/66VCHSJNUP,0.500000,0.000000,12,12,110,110,200,200,200,200,200,200,200,27,0,12,28.884377257243074,9.582599042914808,203.3987189643085,7964.518518518518
1778007111,80,GET,/product/6E92ZMYYFZ,0.800000,0.000000,14,15,16,16,110,110,110,110,110,110,110,26,0,13,21.776825646296718,9.498182917013764,109.90144696552306,7962.2692307692305
1778007111,80,GET,/product/9SIQT8TOJO,0.400000,0.000000,66,66,110,110,120,120,120,120,120,120,120,26,0,13,26.60893261558018,8.001554990187287,115.66757597029209,8009.115384615385
1778007111,80,GET,/product/L9ECAV7KIM,0.800000,0.000000,51,92,110,110,120,120,120,120,120,120,120,29,0,13,24.389819864280007,8.447475032880902,119.41614805255085,7984.103448275862
1778007111,80,GET,/product/LS4PSXUNUM,0.600000,0.000000,16,16,100,100,100,100,100,100,100,100,100,21,0,11,17.172235441172408,8.360350038856268,100.93898500781506,7981.857142857143
1778007111,80,GET,/product/OLJCESPC7Z,0.200000,0.000000,11,11,15,15,15,15,15,15,15,15,15,22,0,13,16.156725474336948,9.651197004131973,70.59262995608151,8009.727272727273
1778007111,80,,Aggregated,45.100000,0.000000,16,22,32,51,170,270,430,520,570,570,570,1707,0,16,35.78399123473111,8.001554990187287,1164.8084060288966,10538.285295840657
1778007112,80,GET,/,34.800000,0.000000,15,18,24,38,130,250,400,530,570,570,570,1329,0,16,37.15614048904964,9.709225036203861,1164.8084060288966,10531.949586155004
1778007112,80,POST,/cart,3.700000,0.000000,30,33,42,56,140,220,270,270,270,270,270,131,0,28,44.500827276546026,17.132406937889755,269.8390349978581,17155.175572519085
1778007112,80,POST,/cart/checkout,1.300000,0.000000,16,16,17,18,19,25,25,25,25,25,25,78,0,17,26.944171332825835,11.994385975413024,187.54518509376794,6802.410256410257
1778007112,80,GET,/product/0PUK6V6EV0,0.100000,0.000000,25,25,25,25,25,25,25,25,25,25,25,11,0,12,13.480463901280679,9.174369042739272,24.66121898032725,7974.545454545455
1778007112,80,GET,/product/1YMWWN1N4O,1.000000,0.000000,13,15,15,16,19,19,19,19,19,19,19,20,0,12,12.809947552159429,9.164599003270268,19.493091967888176,8026.7
1778007112,80,GET,/product/2ZYFJ3GM2N,0.800000,0.000000,12,12,14,14,14,14,14,14,14,14,14,30,0,12,22.518137217654537,8.304270915687084,95.62590694986284,7998.533333333334
1778007112,80,GET,/product/66VCHSJNUP,0.700000,0.000000,12,12,110,110,200,200,200,200,200,200,200,27,0,12,28.884377257243074,9.582599042914808,203.3987189643085,7964.518518518518
1778007112,80,GET,/product/6E92ZMYYFZ,0.900000,0.000000,14,16,29,29,110,110,110,110,110,110,110,28,0,13,21.742388743275246,9.498182917013764,109.90144696552306,7963.571428571428
1778007112,80,GET,/product/9SIQT8TOJO,0.500000,0.000000,19,66,110,110,120,120,120,120,120,120,120,28,0,13,25.956551602575928,8.001554990187287,115.66757597029209,8010.142857142857
1778007112,80,GET,/product/L9ECAV7KIM,0.800000,0.000000,92,92,110,110,120,120,120,120,120,120,120,29,0,13,24.389819864280007,8.447475032880902,119.41614805255085,7984.103448275862
1778007112,80,GET,/product/LS4PSXUNUM,0.400000,0.000000,12,16,16,100,100,100,100,100,100,100,100,23,0,11,16.600343580965113,8.360350038856268,100.93898500781506,7986.739130434783
1778007112,80,GET,/product/OLJCESPC7Z,0.300000,0.000000,11,11,15,15,15,15,15,15,15,15,15,22,0,13,16.156725474336948,9.651197004131973,70.59262995608151,8009.727272727273
1778007112,80,,Aggregated,45.300000,0.000000,16,20,27,40,120,250,370,520,570,570,570,1756,0,16,35.28006934630579,8.001554990187287,1164.8084060288966,10544.898063781322
1778007113,80,GET,/,33.500000,0.000000,15,17,19,20,41,73,140,170,200,200,200,1359,0,16,36.66508195951246,9.709225036203861,1164.8084060288966,10532.336276674025
1778007113,80,POST,/cart,4.000000,0.000000,29,32,36,42,89,140,220,220,220,220,220,134,0,28,44.12425570311581,17.132406937889755,269.8390349978581,17181.723880597016
1778007113,80,POST,/cart/checkout,1.600000,0.000000,16,17,17,18,20,25,25,25,25,25,25,80,0,17,26.69133825111203,11.994385975413024,187.54518509376794,6802.7
1778007113,80,GET,/product/0PUK6V6EV0,0.100000,0.000000,10,10,10,10,10,10,10,10,10,10,10,12,0,12,13.216148664165908,9.174369042739272,24.66121898032725,7973.666666666667
1778007113,80,GET,/product/1YMWWN1N4O,0.900000,0.000000,13,15,15,16,19,19,19,19,19,19,19,21,0,12,12.786018623349568,9.164599003270268,19.493091967888176,8028.142857142857
1778007113,80,GET,/product/2ZYFJ3GM2N,0.900000,0.000000,12,12,14,14,14,14,14,14,14,14,14,30,0,12,22.518137217654537,8.304270915687084,95.62590694986284,7998.533333333334
1778007113,80,GET,/product/66VCHSJNUP,0.800000,0.000000,12,12,110,110,200,200,200,200,200,200,200,27,0,12,28.884377257243074,9.582599042914808,203.3987189643085,7964.518518518518
1778007113,80,GET,/product/6E92ZMYYFZ,0.700000,0.000000,13,14,16,29,110,110,110,110,110,110,110,29,0,13,21.414176681368,9.498182917013764,109.90144696552306,7966.0
1778007113,80,GET,/product/9SIQT8TOJO,0.500000,0.000000,16,19,66,110,120,120,120,120,120,120,120,30,0,13,25.08779353229329,8.001554990187287,115.66757597029209,8010.566666666667
1778007113,80,GET,/product/L9ECAV7KIM,0.700000,0.000000,92,92,110,110,120,120,120,120,120,120,120,29,0,13,24.389819864280007,8.447475032880902,119.41614805255085,7984.103448275862
1778007113,80,GET,/product/LS4PSXUNUM,0.300000,0.000000,12,12,100,100,100,100,100,100,100,100,100,23,0,11,16.600343580965113,8.360350038856268,100.93898500781506,7986.739130434783
1778007113,80,GET,/product/OLJCESPC7Z,0.300000,0.000000,11,11,15,15,15,15,15,15,15,15,15,22,0,13,16.156725474336948,9.651197004131973,70.59262995608151,8009.727272727273
1778007113,80,,Aggregated,44.300000,0.000000,15,18,21,24,42,78,140,180,220,220,220,1796,0,16,34.84216690056217,8.001554990187287,1164.8084060288966,10546.806236080178
1778007114,80,GET,/,33.500000,0.000000,15,16,18,19,27,48,73,88,130,130,130,1388,0,16,36.27684845692097,9.709225036203861,1164.8084060288966,10532.7939481268
1778007114,80,POST,/cart,4.500000,0.000000,29,32,33,42,59,93,140,140,140,140,140,137,0,28,43.72427793624165,17.132406937889755,269.8390349978581,17207.321167883212
1778007114,80,POST,/cart/checkout,1.300000,0.000000,16,16,17,18,20,25,25,25,25,25,25,81,0,17,26.52847660665205,11.994385975413024,187.54518509376794,6802.358024691358
1778007114,80,GET,/product/0PUK6V6EV0,0.100000,0.000000,10,10,10,10,10,10,10,10,10,10,10,12,0,12,13.216148664165908,9.174369042739272,24.66121898032725,7973.666666666667
1778007114,80,GET,/product/1YMWWN1N4O,0.900000,0.000000,15,15,16,16,19,19,19,19,19,19,19,21,0,12,12.786018623349568,9.164599003270268,19.493091967888176,8028.142857142857
1778007114,80,GET,/product/2ZYFJ3GM2N,0.700000,0.000000,12,14,14,14,21,21,21,21,21,21,21,31,0,13,22.464231111019128,8.304270915687084,95.62590694986284,7997.677419354839
1778007114,80,GET,/product/66VCHSJNUP,0.800000,0.000000,12,12,110,110,200,200,200,200,200,200,200,28,0,12,28.209541641574884,9.582599042914808,203.3987189643085,7963.642857142857
1778007114,80,GET,/product/6E92ZMYYFZ,0.700000,0.000000,12,13,14,16,29,29,29,29,29,29,29,30,0,13,21.006859792396426,9.19467001222074,109.90144696552306,7964.766666666666
1778007114,80,GET,/product/9SIQT8TOJO,0.600000,0.000000,16,19,66,110,120,120,120,120,120,120,120,30,0,13,25.08779353229329,8.001554990187287,115.66757597029209,8010.566666666667
1778007114,80,GET,/product/L9ECAV7KIM,0.600000,0.000000,12,13,13,51,51,51,51,51,51,51,51,31,0,13,23.61090261218769,8.447475032880902,119.41614805255085,7986.870967741936
1778007114,80,GET,/product/LS4PSXUNUM,0.300000,0.000000,12,12,100,100,100,100,100,100,100,100,100,23,0,11,16.600343580965113,8.360350038856268,100.93898500781506,7986.739130434783
1778007114,80,GET,/product/OLJCESPC7Z,0.300000,0.000000,11,11,15,15,15,15,15,15,15,15,15,22,0,13,16.156725474336948,9.651197004131973,70.59262995608151,8009.727272727273
1778007114,80,,Aggregated,44.300000,0.000000,15,17,20,23,32,52,78,93,140,140,140,1834,0,16,34.49110702813106,8.001554990187287,1164.8084060288966,10550.631952017447
1778007115,80,GET,/,35.600000,0.000000,14,16,18,19,26,48,73,88,130,130,130,1430,0,15,35.65549241294238,8.979075937531888,1164.8084060288966,10533.296503496504
1778007115,80,POST,/cart,4.300000,0.000000,27,29,32,33,59,93,140,140,140,140,140,142,0,28,42.959446339986066,17.132406937889755,269.8390349978581,17241.12676056338
1778007115,80,POST,/cart/checkout,1.500000,0.000000,16,17,18,19,23,25,25,25,25,25,25,84,0,16,26.17763713351451,11.888239067047834,187.54518509376794,6802.166666666667
1778007115,80,GET,/product/0PUK6V6EV0,0.200000,0.000000,10,10,60,60,60,60,60,60,60,60,60,13,0,12,16.777151452305798,9.174369042739272,59.50918490998447,7977.615384615385
1778007115,80,GET,/product/1YMWWN1N4O,0.900000,0.000000,12,15,16,16,16,19,19,19,19,19,19,24,0,12,12.693646999347644,8.644665009342134,19.493091967888176,8025.0
1778007115,80,GET,/product/2ZYFJ3GM2N,0.700000,0.000000,11,11,12,12,21,21,21,21,21,21,21,32,0,12,22.106961638201028,8.304270915687084,95.62590694986284,7997.0625
1778007115,80,GET,/product/66VCHSJNUP,0.700000,0.000000,11,11,12,12,12,12,12,12,12,12,12,28,0,12,28.209541641574884,9.582599042914808,203.3987189643085,7963.642857142857
1778007115,80,GET,/product/6E92ZMYYFZ,0.800000,0.000000,12,13,14,16,29,29,29,29,29,29,29,31,0,13,20.6038334459487,8.513043052516878,109.90144696552306,7965.8387096774195
1778007115,80,GET,/product/9SIQT8TOJO,0.800000,0.000000,14,15,16,19,66,66,66,66,66,66,66,32,0,13,24.220087780122412,8.001554990187287,115.66757597029209,8007.53125
1778007115,80,GET,/product/L9ECAV7KIM,0.600000,0.000000,13,13,51,51,51,51,51,51,51,51,51,31,0,13,23.61090261218769,8.447475032880902,119.41614805255085,7986.870967741936
1778007115,80,GET,/product/LS4PSXUNUM,0.500000,0.000000,12,12,32,32,100,100,100,100,100,100,100,25,0,11,16.95324957370758,8.360350038856268,100.93898500781506,7987.0
1778007115,80,GET,/product/OLJCESPC7Z,0.300000,0.000000,11,15,15,18,18,18,18,18,18,18,18,24,0,13,16.03908935309543,9.651197004131973,70.59262995608151,8014.5
1778007115,80,,Aggregated,46.900000,0.000000,15,17,19,22,29,51,78,93,140,140,140,1896,0,16,33.892946464047895,8.001554990187287,1164.8084060288966,10548.645042194094
1778007116,80,GET,/,33.300000,0.000000,14,15,17,18,22,31,72,88,130,130,130,1458,0,15,35.24519769722067,8.979075937531888,1164.8084060288966,10533.73731138546
1778007116,80,POST,/cart,4.100000,0.000000,27,29,30,32,36,93,140,140,140,140,140,143,0,28,42.81744192487892,17.132406937889755,269.8390349978581,17245.454545454544
1778007116,80,POST,/cart/checkout,1.700000,0.000000,16,16,17,18,20,23,25,25,25,25,25,86,0,16,25.942028211808744,11.888239067047834,187.54518509376794,6802.558139534884
1778007116,80,GET,/product/0PUK6V6EV0,0.200000,0.000000,10,10,60,60,60,60,60,60,60,60,60,13,0,12,16.777151452305798,9.174369042739272,59.50918490998447,7977.615384615385
1778007116,80,GET,/product/1YMWWN1N4O,1.000000,0.000000,12,15,15,15,16,19,19,19,19,19,19,25,0,12,12.642150879837573,8.644665009342134,19.493091967888176,8027.56
1778007116,80,GET,/product/2ZYFJ3GM2N,0.700000,0.000000,11,11,12,12,21,21,21,21,21,21,21,32,0,12,22.106961638201028,8.304270915687084,95.62590694986284,7997.0625
1778007116,80,GET,/product/66VCHSJNUP,0.600000,0.000000,11,12,12,12,12,12,12,12,12,12,12,29,0,12,27.65446327674877,9.582599042914808,203.3987189643085,7966.241379310345
1778007116,80,GET,/product/6E92ZMYYFZ,0.800000,0.000000,12,12,13,16,29,29,29,29,29,29,29,32,0,13,20.289464555389713,8.513043052516878,109.90144696552306,7964.5625
1778007116,80,GET,/product/9SIQT8TOJO,0.800000,0.000000,14,15,16,19,66,66,66,66,66,66,66,32,0,13,24.220087780122412,8.001554990187287,115.66757597029209,8007.53125
1778007116,80,GET,/product/L9ECAV7KIM,0.300000,0.000000,13,13,51,51,51,51,51,51,51,51,51,31,0,13,23.61090261218769,8.447475032880902,119.41614805255085,7986.870967741936
1778007116,80,GET,/product/LS4PSXUNUM,0.400000,0.000000,12,12,32,32,100,100,100,100,100,100,100,25,0,11,16.95324957370758,8.360350038856268,100.93898500781506,7987.0
1778007116,80,GET,/product/OLJCESPC7Z,0.300000,0.000000,11,15,15,18,18,18,18,18,18,18,18,24,0,13,16.03908935309543,9.651197004131973,70.59262995608151,8014.5
1778007116,80,,Aggregated,44.200000,0.000000,14,16,18,19,27,36,73,93,140,140,140,1930,0,16,33.549211840350374,8.001554990187287,1164.8084060288966,10544.744559585492
1778007117,80,GET,/,33.100000,0.000000,14,15,17,18,21,30,66,88,130,130,130,1493,0,15,34.840491151359814,8.979075937531888,1164.8084060288966,10534.055592766243
1778007117,80,POST,/cart,4.100000,0.000000,27,29,30,32,36,89,140,140,140,140,140,150,0,28,42.335138495545834,17.132406937889755,269.8390349978581,17284.246666666666
1778007117,80,POST,/cart/checkout,1.800000,0.000000,16,17,18,18,20,23,25,25,25,25,25,88,0,16,25.728097603529353,11.888239067047834,187.54518509376794,6802.931818181818
1778007117,80,GET,/product/0PUK6V6EV0,0.200000,0.000000,12,12,60,60,60,60,60,60,60,60,60,14,0,12,16.457527709592664,9.174369042739272,59.50918490998447,7983.285714285715
1778007117,80,GET,/product/1YMWWN1N4O,0.900000,0.000000,12,12,15,15,16,19,19,19,19,19,19,27,0,12,12.486230814829469,8.644665009342134,19.493091967888176,8029.444444444444
1778007117,80,GET,/product/2ZYFJ3GM2N,0.700000,0.000000,11,12,12,21,21,21,21,21,21,21,21,32,0,12,22.106961638201028,8.304270915687084,95.62590694986284,7997.0625
1778007117,80,GET,/product/66VCHSJNUP,0.600000,0.000000,12,12,12,15,16,16,16,16,16,16,16,31,0,12,26.86789203360076,9.582599042914808,203.3987189643085,7970.032258064516
1778007117,80,GET,/product/6E92ZMYYFZ,0.900000,0.000000,12,12,13,16,29,29,29,29,29,29,29,33,0,13,20.049353176022343,8.513043052516878,109.90144696552306,7965.515151515152
1778007117,80,GET,/product/9SIQT8TOJO,0.800000,0.000000,14,16,19,19,56,66,66,66,66,66,66,33,0,13,25.182714329496253,8.001554990187287,115.66757597029209,8010.181818181818
1778007117,80,GET,/product/L9ECAV7KIM,0.500000,0.000000,13,13,13,13,51,51,51,51,51,51,51,33,0,13,22.90718515304792,8.447475032880902,119.41614805255085,7987.636363636364
1778007117,80,GET,/product/LS4PSXUNUM,0.200000,0.000000,11,12,32,32,100,100,100,100,100,100,100,26,0,11,16.692405284489862,8.360350038856268,100.93898500781506,7985.538461538462
1778007117,80,GET,/product/OLJCESPC7Z,0.400000,0.000000,11,12,15,15,18,18,18,18,18,18,18,26,0,12,15.589890406073,8.411735063418746,70.59262995608151,8014.423076923077
1778007117,80,,Aggregated,44.200000,0.000000,14,16,18,19,26,34,66,89,140,140,140,1986,0,16,33.14551496652001,8.001554990187287,1164.8084060288966,10552.349949647532
1778007118,80,GET,/,33.900000,0.000000,14,15,17,18,21,30,66,88,130,130,130,1522,0,15,34.47124651546312,8.979075937531888,1164.8084060288966,10534.323915900131
1778007118,80,POST,/cart,3.900000,0.000000,26,29,30,32,36,57,140,140,140,140,140,156,0,28,41.7665540978002,17.132406937889755,269.8390349978581,17298.05128205128
1778007118,80,POST,/cart/checkout,2.100000,0.000000,16,16,18,18,20,23,25,25,25,25,25,91,0,16,25.3331255177957,11.659504962153733,187.54518509376794,6803.021978021978
1778007118,80,GET,/product/0PUK6V6EV0,0.300000,0.000000,12,12,60,60,60,60,60,60,60,60,60,14,0,12,16.457527709592664,9.174369042739272,59.50918490998447,7983.285714285715
1778007118,80,GET,/product/1YMWWN1N4O,1.000000,0.000000,12,12,15,15,16,16,16,16,16,16,16,27,0,12,12.486230814829469,8.644665009342134,19.493091967888176,8029.444444444444
1778007118,80,GET,/product/2ZYFJ3GM2N,0.600000,0.000000,11,12,12,21,21,21,21,21,21,21,21,32,0,12,22.106961638201028,8.304270915687084,95.62590694986284,7997.0625
1778007118,80,GET,/product/66VCHSJNUP,0.600000,0.000000,12,12,15,15,16,16,16,16,16,16,16,31,0,12,26.86789203360076,9.582599042914808,203.3987189643085,7970.032258064516
1778007118,80,GET,/product/6E92ZMYYFZ,1.000000,0.000000,12,13,13,16,29,29,29,29,29,29,29,34,0,13,19.8453634922557,8.513043052516878,109.90144696552306,7964.85294117647
1778007118,80,GET,/product/9SIQT8TOJO,1.000000,0.000000,15,16,19,56,66,66,66,66,66,66,66,33,0,13,25.182714329496253,8.001554990187287,115.66757597029209,8010.181818181818
1778007118,80,GET,/product/L9ECAV7KIM,0.400000,0.000000,13,13,13,13,51,51,51,51,51,51,51,33,0,13,22.90718515304792,8.447475032880902,119.41614805255085,7987.636363636364
1778007118,80,GET,/product/LS4PSXUNUM,0.400000,0.000000,10,11,11,32,32,32,32,32,32,32,32,26,0,11,16.692405284489862,8.360350038856268,100.93898500781506,7985.538461538462
1778007118,80,GET,/product/OLJCESPC7Z,0.500000,0.000000,11,11,12,12,18,18,18,18,18,18,18,26,0,12,15.589890406073,8.411735063418746,70.59262995608151,8014.423076923077
1778007118,80,,Aggregated,45.700000,0.000000,14,16,18,20,27,36,66,89,140,140,140,2025,0,15,32.837058682926,8.001554990187287,1164.8084060288966,10566.46024691358
1778007119,80,GET,/,33.400000,0.000000,14,16,17,18,22,30,66,88,130,130,130,1547,0,15,34.14176543256474,8.979075937531888,1164.8084060288966,10534.674854557208
1778007119,80,POST,/cart,3.500000,0.000000,27,29,30,32,37,57,140,140,140,140,140,162,0,28,41.27472592158427,17.132406937889755,269.8390349978581,17302.413580246914
1778007119,80,POST,/cart/checkout,2.200000,0.000000,16,16,18,19,21,23,25,25,25,25,25,94,0,16,25.085295861378867,11.659504962153733,187.54518509376794,6802.670212765957
1778007119,80,GET,/product/0PUK6V6EV0,0.400000,0.000000,12,12,12,12,60,60,60,60,60,60,60,17,0,12,15.572596827576703,9.174369042739272,59.50918490998447,7992.294117647059
1778007119,80,GET,/product/1YMWWN1N4O,1.200000,0.000000,12,13,15,15,15,16,16,16,16,16,16,28,0,12,12.509198285572763,8.644665009342134,19.493091967888176,8028.607142857143
1778007119,80,GET,/product/2ZYFJ3GM2N,0.500000,0.000000,11,11,21,21,21,21,21,21,21,21,21,32,0,12,22.106961638201028,8.304270915687084,95.62590694986284,7997.0625
1778007119,80,GET,/product/66VCHSJNUP,0.700000,0.000000,14,14,15,15,16,16,16,16,16,16,16,32,0,12,26.462093093869044,9.582599042914808,203.3987189643085,7971.625
1778007119,80,GET,/product/6E92ZMYYFZ,1.000000,0.000000,12,13,13,13,16,29,29,29,29,29,29,35,0,13,19.565005963002996,8.513043052516878,109.90144696552306,7967.171428571429
1778007119,80,GET,/product/9SIQT8TOJO,1.000000,0.000000,14,16,19,19,56,66,66,66,66,66,66,34,0,13,24.71052734729122,8.001554990187287,115.66757597029209,8012.617647058823
1778007119,80,GET,/product/L9ECAV7KIM,0.400000,0.000000,12,13,13,13,51,51,51,51,51,51,51,34,0,13,22.58383500156924,8.447475032880902,119.41614805255085,7989.823529411765
1778007119,80,GET,/product/LS4PSXUNUM,0.500000,0.000000,10,11,11,32,32,32,32,32,32,32,32,26,0,11,16.692405284489862,8.360350038856268,100.93898500781506,7985.538461538462
1778007119,80,GET,/product/OLJCESPC7Z,0.500000,0.000000,11,11,12,12,18,18,18,18,18,18,18,26,0,12,15.589890406073,8.411735063418746,70.59262995608151,8014.423076923077
1778007119,80,,Aggregated,45.300000,0.000000,15,17,19,21,27,38,66,89,140,140,140,2067,0,15,32.49306202247508,8.001554990187287,1164.8084060288966,10570.965166908563
1778007120,80,GET,/,32.100000,0.000000,14,15,17,18,22,30,66,88,130,130,130,1580,0,15,33.72909417110672,8.979075937531888,1164.8084060288966,10535.170253164557
1778007120,80,POST,/cart,4.000000,0.000000,26,28,30,32,37,57,140,140,140,140,140,169,0,27,40.51771954517569,16.601591953076422,269.8390349978581,17292.147928994083
1778007120,80,POST,/cart/checkout,2.400000,0.000000,16,16,19,20,23,25,25,25,25,25,25,95,0,16,24.99203603028467,11.659504962153733,187.54518509376794,6802.8
1778007120,80,GET,/product/0PUK6V6EV0,0.300000,0.000000,12,12,12,12,60,60,60,60,60,60,60,17,0,12,15.572596827576703,9.174369042739272,59.50918490998447,7992.294117647059
1778007120,80,GET,/product/1YMWWN1N4O,1.200000,0.000000,12,13,15,15,15,16,16,16,16,16,16,28,0,12,12.509198285572763,8.644665009342134,19.493091967888176,8028.607142857143
1778007120,80,GET,/product/2ZYFJ3GM2N,0.500000,0.000000,11,11,21,21,21,21,21,21,21,21,21,32,0,12,22.106961638201028,8.304270915687084,95.62590694986284,7997.0625
1778007120,80,GET,/product/66VCHSJNUP,0.700000,0.000000,14,14,15,15,16,16,16,16,16,16,16,33,0,12,26.08667569813516,9.582599042914808,203.3987189643085,7973.121212121212
1778007120,80,GET,/product/6E92ZMYYFZ,1.000000,0.000000,12,12,13,13,29,29,29,29,29,29,29,36,0,12,19.27582768904459,8.513043052516878,109.90144696552306,7968.472222222223
1778007120,80,GET,/product/9SIQT8TOJO,1.100000,0.000000,15,16,19,56,66,66,66,66,66,66,66,34,0,13,24.71052734729122,8.001554990187287,115.66757597029209,8012.617647058823
1778007120,80,GET,/product/L9ECAV7KIM,0.400000,0.000000,12,12,13,13,13,13,13,13,13,13,13,35,0,13,22.181146598554083,8.447475032880902,119.41614805255085,7987.942857142857
1778007120,80,GET,/product/LS4PSXUNUM,0.500000,0.000000,11,11,20,20,32,32,32,32,32,32,32,27,0,11,16.819851533337324,8.360350038856268,100.93898500781506,7988.2962962962965
1778007120,80,GET,/product/OLJCESPC7Z,0.700000,0.000000,12,12,14,14,18,18,18,18,18,18,18,27,0,13,15.52957805580701,8.411735063418746,70.59262995608151,8012.592592592592
1778007120,80,,Aggregated,44.900000,0.000000,14,16,19,21,27,38,66,89,140,140,140,2113,0,15,32.12534029406336,8.001554990187287,1164.8084060288966,10584.379081874113
1778007121,80,GET,/,31.900000,0.000000,14,15,16,17,20,22,30,50,59,59,59,1619,0,15,33.25786424472576,8.979075937531888,1164.8084060288966,10535.619518221125
1778007121,80,POST,/cart,4.300000,0.000000,26,28,30,32,33,37,57,57,57,57,57,172,0,27,40.26248775013766,16.601591953076422,269.8390349978581,17335.64534883721
1778007121,80,POST,/cart/checkout,2.300000,0.000000,16,16,19,20,21,23,25,25,25,25,25,97,0,16,24.841973422450426,11.659504962153733,187.54518509376794,6802.5360824742265
1778007121,80,GET,/product/0PUK6V6EV0,0.400000,0.000000,11,12,12,12,60,60,60,60,60,60,60,18,0,12,15.216509837450253,9.163031005300581,59.50918490998447,7990.055555555556
1778007121,80,GET,/product/1YMWWN1N4O,1.000000,0.000000,12,12,13,13,16,16,16,16,16,16,16,28,0,12,12.509198285572763,8.644665009342134,19.493091967888176,8028.607142857143
1778007121,80,GET,/product/2ZYFJ3GM2N,0.300000,0.000000,11,11,21,21,21,21,21,21,21,21,21,32,0,12,22.106961638201028,8.304270915687084,95.62590694986284,7997.0625
1778007121,80,GET,/product/66VCHSJNUP,0.700000,0.000000,14,14,15,15,16,16,16,16,16,16,16,33,0,12,26.08667569813516,9.582599042914808,203.3987189643085,7973.121212121212
1778007121,80,GET,/product/6E92ZMYYFZ,1.000000,0.000000,11,12,12,13,13,13,13,13,13,13,13,37,0,12,18.986571482634425,8.513043052516878,109.90144696552306,7969.27027027027
1778007121,80,GET,/product/9SIQT8TOJO,1.000000,0.000000,15,16,19,19,56,56,56,56,56,56,56,34,0,13,24.71052734729122,8.001554990187287,115.66757597029209,8012.617647058823
1778007121,80,GET,/product/L9ECAV7KIM,0.400000,0.000000,12,12,13,13,13,13,13,13,13,13,13,36,0,12,21.86435755316375,8.447475032880902,119.41614805255085,7989.527777777777
1778007121,80,GET,/product/LS4PSXUNUM,0.500000,0.000000,11,11,20,20,32,32,32,32,32,32,32,27,0,11,16.819851533337324,8.360350038856268,100.93898500781506,7988.2962962962965
1778007121,80,GET,/product/OLJCESPC7Z,0.600000,0.000000,11,12,14,14,18,18,18,18,18,18,18,28,0,12,15.373356839908022,8.411735063418746,70.59262995608151,8013.928571428572
1778007121,80,,Aggregated,44.400000,0.000000,14,16,17,19,23,29,38,54,60,60,60,2161,0,15,31.738133852957063,8.001554990187287,1164.8084060288966,10588.3271633503
1778007122,80,GET,/,31.800000,0.000000,14,15,16,17,20,23,30,50,59,59,59,1653,0,15,32.89266056991061,8.979075937531888,1164.8084060288966,10535.996975196613
1778007122,80,POST,/cart,4.700000,0.000000,26,28,29,32,34,37,57,57,57,57,57,176,0,27,40.00664198313395,16.601591953076422,269.8390349978581,17331.823863636364
1778007122,80,POST,/cart/checkout,2.200000,0.000000,16,18,19,20,21,21,23,23,23,23,23,100,0,16,24.653514068340883,11.659504962153733,187.54518509376794,6802.06
1778007122,80,GET,/product/0PUK6V6EV0,0.600000,0.000000,11,12,12,16,60,60,60,60,60,60,60,20,0,12,15.004384255735204,9.163031005300581,59.50918490998447,7988.8
1778007122,80,GET,/product/1YMWWN1N4O,0.800000,0.000000,11,12,12,13,16,16,16,16,16,16,16,29,0,12,12.400706997141242,8.644665009342134,19.493091967888176,8030.275862068966
1778007122,80,GET,/product/2ZYFJ3GM2N,0.300000,0.000000,21,21,21,21,21,21,21,21,21,21,21,32,0,12,22.106961638201028,8.304270915687084,95.62590694986284,7997.0625
1778007122,80,GET,/product/66VCHSJNUP,0.600000,0.000000,14,14,15,15,16,16,16,16,16,16,16,34,0,12,25.67007241304964,9.582599042914808,203.3987189643085,7975.058823529412
1778007122,80,GET,/product/6E92ZMYYFZ,1.000000,0.000000,10,11,12,12,13,13,13,13,13,13,13,37,0,12,18.986571482634425,8.513043052516878,109.90144696552306,7969.27027027027
1778007122,80,GET,/product/9SIQT8TOJO,0.900000,0.000000,14,14,15,15,56,56,56,56,56,56,56,34,0,13,24.71052734729122,8.001554990187287,115.66757597029209,8012.617647058823
1778007122,80,GET,/product/L9ECAV7KIM,0.500000,0.000000,12,12,13,13,13,13,13,13,13,13,13,36,0,12,21.86435755316375,8.447475032880902,119.41614805255085,7989.527777777777
1778007122,80,GET,/product/LS4PSXUNUM,0.500000,0.000000,11,11,20,20,32,32,32,32,32,32,32,27,0,11,16.819851533337324,8.360350038856268,100.93898500781506,7988.2962962962965
1778007122,80,GET,/product/OLJCESPC7Z,0.500000,0.000000,12,12,14,14,18,18,18,18,18,18,18,29,0,12,15.250142675760234,8.411735063418746,70.59262995608151,8013.551724137931
1778007122,80,,Aggregated,44.400000,0.000000,14,16,18,19,24,29,38,54,60,60,60,2207,0,15,31.420104130494902,8.001554990187287,1164.8084060288966,10588.724059809696
1778007123,80,GET,/,32.100000,0.000000,14,15,17,17,20,23,30,50,59,59,59,1687,0,15,32.548224702452615,8.979075937531888,1164.8084060288966,10536.465323058685
1778007123,80,POST,/cart,4.500000,0.000000,26,29,31,32,37,45,57,57,57,57,57,182,0,28,39.88041106552643,16.601591953076422,269.8390349978581,17357.928571428572
1778007123,80,POST,/cart/checkout,2.000000,0.000000,16,18,19,21,21,23,28,28,28,28,28,101,0,16,24.68736444387843,11.659504962153733,187.54518509376794,6802.019801980198
1778007123,80,GET,/product/0PUK6V6EV0,0.600000,0.000000,12,12,16,16,60,60,60,60,60,60,60,20,0,12,15.004384255735204,9.163031005300581,59.50918490998447,7988.8
1778007123,80,GET,/product/1YMWWN1N4O,0.800000,0.000000,11,12,13,13,16,16,16,16,16,16,16,29,0,12,12.400706997141242,8.644665009342134,19.493091967888176,8030.275862068966
1778007123,80,GET,/product/2ZYFJ3GM2N,0.200000,0.000000,21,21,21,21,21,21,21,21,21,21,21,32,0,12,22.106961638201028,8.304270915687084,95.62590694986284,7997.0625
1778007123,80,GET,/product/66VCHSJNUP,0.600000,0.000000,14,14,15,15,16,16,16,16,16,16,16,34,0,12,25.67007241304964,9.582599042914808,203.3987189643085,7975.058823529412
1778007123,80,GET,/product/6E92ZMYYFZ,1.000000,0.000000,10,11,12,13,31,31,31,31,31,31,31,39,0,12,19.01673384082432,7.752532954327762,109.90144696552306,7967.461538461538
1778007123,80,GET,/product/9SIQT8TOJO,0.900000,0.000000,14,14,15,15,56,56,56,56,56,56,56,34,0,13,24.71052734729122,8.001554990187287,115.66757597029209,8012.617647058823
1778007123,80,GET,/product/L9ECAV7KIM,0.600000,0.000000,12,12,13,13,13,13,13,13,13,13,13,36,0,12,21.86435755316375,8.447475032880902,119.41614805255085,7989.527777777777
1778007123,80,GET,/product/LS4PSXUNUM,0.600000,0.000000,11,14,20,20,32,32,32,32,32,32,32,30,0,11,16.326579816328984,8.360350038856268,100.93898500781506,7989.9
1778007123,80,GET,/product/OLJCESPC7Z,0.600000,0.000000,12,12,14,14,18,18,18,18,18,18,18,29,0,12,15.250142675760234,8.411735063418746,70.59262995608151,8013.551724137931
1778007123,80,,Aggregated,44.500000,0.000000,14,16,18,20,25,30,40,54,60,60,60,2253,0,15,31.15907948153301,7.752532954327762,1164.8084060288966,10600.865068797159
1778007124,80,GET,/,32.900000,0.000000,14,15,16,17,20,22,27,40,59,59,59,1714,0,15,32.25839497797819,8.979075937531888,1164.8084060288966,10536.86406067678
1778007124,80,POST,/cart,4.400000,0.000000,27,29,31,32,37,45,57,57,57,57,57,185,0,28,39.68002377203791,16.601591953076422,269.8390349978581,17389.335135135134
1778007124,80,POST,/cart/checkout,2.100000,0.000000,16,18,21,21,23,28,28,28,28,28,28,102,0,16,24.560409537562187,11.659504962153733,187.54518509376794,6801.666666666667
1778007124,80,GET,/product/0PUK6V6EV0,0.700000,0.000000,11,12,12,16,60,60,60,60,60,60,60,21,0,12,14.761393817718185,9.163031005300581,59.50918490998447,7990.809523809524
1778007124,80,GET,/product/1YMWWN1N4O,0.800000,0.000000,11,12,13,13,27,27,27,27,27,27,27,30,0,12,12.900282896589488,8.644665009342134,27.387983980588615,8032.166666666667
1778007124,80,GET,/product/2ZYFJ3GM2N,0.200000,0.000000,11,11,11,11,11,11,11,11,11,11,11,32,0,12,22.106961638201028,8.304270915687084,95.62590694986284,7997.0625
1778007124,80,GET,/product/66VCHSJNUP,0.600000,0.000000,14,14,15,15,16,16,16,16,16,16,16,34,0,12,25.67007241304964,9.582599042914808,203.3987189643085,7975.058823529412
1778007124,80,GET,/product/6E92ZMYYFZ,1.000000,0.000000,10,11,12,13,31,31,31,31,31,31,31,39,0,12,19.01673384082432,7.752532954327762,109.90144696552306,7967.461538461538
1778007124,80,GET,/product/9SIQT8TOJO,0.800000,0.000000,14,14,56,56,56,56,56,56,56,56,56,34,0,13,24.71052734729122,8.001554990187287,115.66757597029209,8012.617647058823
1778007124,80,GET,/product/L9ECAV7KIM,0.700000,0.000000,12,12,13,13,13,13,13,13,13,13,13,36,0,12,21.86435755316375,8.447475032880902,119.41614805255085,7989.527777777777
1778007124,80,GET,/product/LS4PSXUNUM,0.600000,0.000000,11,14,20,20,32,32,32,32,32,32,32,30,0,11,16.326579816328984,8.360350038856268,100.93898500781506,7989.9
1778007124,80,GET,/product/OLJCESPC7Z,0.600000,0.000000,12,13,14,14,18,18,18,18,18,18,18,30,0,12,15.189668951400867,8.411735063418746,70.59262995608151,8014.833333333333
1778007124,80,,Aggregated,45.400000,0.000000,14,16,18,20,25,30,40,54,60,60,60,2287,0,15,30.926310904676303,7.752532954327762,1164.8084060288966,10606.793616090948
1778007125,80,GET,/,31.600000,0.000000,14,15,16,17,19,21,25,40,59,59,59,1754,0,15,31.854542894774735,8.979075937531888,1164.8084060288966,10537.37172177879
1778007125,80,POST,/cart,4.400000,0.000000,28,29,31,32,37,45,57,57,57,57,57,188,0,28,39.45027580769594,16.601591953076422,269.8390349978581,17397.36170212766
1778007125,80,POST,/cart/checkout,2.200000,0.000000,16,18,19,21,21,28,28,28,28,28,28,103,0,16,24.48192214394368,11.659504962153733,187.54518509376794,6802.097087378641
1778007125,80,GET,/product/0PUK6V6EV0,0.800000,0.000000,11,12,12,12,16,16,16,16,16,16,16,21,0,12,14.761393817718185,9.163031005300581,59.50918490998447,7990.809523809524
1778007125,80,GET,/product/1YMWWN1N4O,0.900000,0.000000,11,11,13,13,27,27,27,27,27,27,27,32,0,12,12.68093149701599,8.644665009342134,27.387983980588615,8032.1875
1778007125,80,GET,/product/2ZYFJ3GM2N,0.200000,0.000000,11,11,11,11,11,11,11,11,11,11,11,32,0,12,22.106961638201028,8.304270915687084,95.62590694986284,7997.0625
1778007125,80,GET,/product/66VCHSJNUP,0.700000,0.000000,14,14,15,15,16,16,16,16,16,16,16,35,0,12,25.311337115376123,9.582599042914808,203.3987189643085,7977.0
1778007125,80,GET,/product/6E92ZMYYFZ,0.900000,0.000000,11,11,12,13,31,31,31,31,31,31,31,40,0,12,18.813892247271724,7.752532954327762,109.90144696552306,7968.275
1778007125,80,GET,/product/9SIQT8TOJO,0.600000,0.000000,14,14,56,56,56,56,56,56,56,56,56,34,0,13,24.71052734729122,8.001554990187287,115.66757597029209,8012.617647058823
1778007125,80,GET,/product/L9ECAV7KIM,0.700000,0.000000,11,11,12,12,13,13,13,13,13,13,13,37,0,12,21.56868515964094,8.447475032880902,119.41614805255085,7990.7027027027025
1778007125,80,GET,/product/LS4PSXUNUM,0.400000,0.000000,11,14,14,20,20,20,20,20,20,20,20,30,0,11,16.326579816328984,8.360350038856268,100.93898500781506,7989.9
1778007125,80,GET,/product/OLJCESPC7Z,0.700000,0.000000,12,13,13,14,18,18,18,18,18,18,18,32,0,12,15.02515242100344,8.411735063418746,70.59262995608151,8015.9375
1778007125,80,,Aggregated,44.100000,0.000000,14,16,17,19,25,29,40,51,59,59,59,2338,0,15,30.573829752871077,7.752532954327762,1164.8084060288966,10606.001283147989
1778007126,80,GET,/,32.800000,0.000000,14,15,16,17,19,21,25,47,59,59,59,1790,0,15,31.499690306047757,8.979075937531888,1164.8084060288966,10537.74469273743
1778007126,80,POST,/cart,5.000000,0.000000,28,30,31,32,37,45,57,57,57,57,57,192,0,28,39.25643647259373,16.601591953076422,269.8390349978581,17444.583333333332
1778007126,80,POST,/cart/checkout,2.200000,0.000000,16,18,19,21,21,28,28,28,28,28,28,106,0,16,24.11208303649646,10.874372092075646,187.54518509376794,6802.009433962264
1778007126,80,GET,/product/0PUK6V6EV0,0.800000,0.000000,11,12,12,12,16,16,16,16,16,16,16,21,0,12,14.761393817718185,9.163031005300581,59.50918490998447,7990.809523809524
1778007126,80,GET,/product/1YMWWN1N4O,0.800000,0.000000,11,11,13,13,27,27,27,27,27,27,27,32,0,12,12.68093149701599,8.644665009342134,27.387983980588615,8032.1875
1778007126,80,GET,/product/2ZYFJ3GM2N,0.200000,0.000000,11,11,11,11,11,11,11,11,11,11,11,32,0,12,22.106961638201028,8.304270915687084,95.62590694986284,7997.0625
1778007126,80,GET,/product/66VCHSJNUP,0.600000,0.000000,14,14,15,15,16,16,16,16,16,16,16,36,0,12,24.9650178625921,9.582599042914808,203.3987189643085,7975.472222222223
1778007126,80,GET,/product/6E92ZMYYFZ,1.000000,0.000000,11,12,13,13,31,31,31,31,31,31,31,41,0,12,18.66965855630796,7.752532954327762,109.90144696552306,7969.1463414634145
1778007126,80,GET,/product/9SIQT8TOJO,0.400000,0.000000,13,13,56,56,56,56,56,56,56,56,56,35,0,13,24.382247679334665,8.001554990187287,115.66757597029209,8013.457142857143
1778007126,80,GET,/product/L9ECAV7KIM,0.700000,0.000000,11,11,12,12,13,13,13,13,13,13,13,37,0,12,21.56868515964094,8.447475032880902,119.41614805255085,7990.7027027027025
1778007126,80,GET,/product/LS4PSXUNUM,0.700000,0.000000,11,13,14,14,20,20,20,20,20,20,20,32,0,11,16.01595029933378,8.360350038856268,100.93898500781506,7987.40625
1778007126,80,GET,/product/OLJCESPC7Z,0.700000,0.000000,12,12,13,13,14,14,14,14,14,14,14,33,0,12,14.879964771821644,8.411735063418746,70.59262995608151,8018.0
1778007126,80,,Aggregated,45.900000,0.000000,14,16,17,19,25,30,40,51,59,59,59,2387,0,15,30.255521580865228,7.752532954327762,1164.8084060288966,10609.069543359867
1778007127,80,GET,/,32.400000,0.000000,14,15,16,17,19,21,24,25,47,47,47,1820,0,15,31.211234096522126,8.979075937531888,1164.8084060288966,10537.987362637363
1778007127,80,POST,/cart,4.700000,0.000000,28,29,31,32,34,45,55,55,55,55,55,200,0,28,38.915192978456616,16.601591953076422,269.8390349978581,17454.995
1778007127,80,POST,/cart/checkout,2.000000,0.000000,16,18,20,21,21,28,47,47,47,47,47,110,0,16,24.11474413344298,10.874372092075646,187.54518509376794,6801.918181818181
1778007127,80,GET,/product/0PUK6V6EV0,0.900000,0.000000,11,11,12,12,16,16,16,16,16,16,16,21,0,12,14.761393817718185,9.163031005300581,59.50918490998447,7990.809523809524
1778007127,80,GET,/product/1YMWWN1N4O,0.800000,0.000000,11,11,13,13,27,27,27,27,27,27,27,32,0,12,12.68093149701599,8.644665009342134,27.387983980588615,8032.1875
1778007127,80,GET,/product/2ZYFJ3GM2N,0.100000,0.000000,10,10,11,11,11,11,11,11,11,11,11,34,0,12,21.360829273950966,8.304270915687084,95.62590694986284,8002.5
1778007127,80,GET,/product/66VCHSJNUP,0.700000,0.000000,14,14,15,15,16,16,16,16,16,16,16,37,0,13,24.636188487371278,9.582599042914808,203.3987189643085,7977.189189189189
1778007127,80,GET,/product/6E92ZMYYFZ,0.900000,0.000000,11,11,13,13,31,31,31,31,31,31,31,42,0,12,18.492869281631318,7.752532954327762,109.90144696552306,7970.880952380952
1778007127,80,GET,/product/9SIQT8TOJO,0.400000,0.000000,13,13,56,56,56,56,56,56,56,56,56,36,0,13,23.996573549488353,8.001554990187287,115.66757597029209,8015.611111111111
1778007127,80,GET,/product/L9ECAV7KIM,0.500000,0.000000,11,12,12,18,18,18,18,18,18,18,18,38,0,12,21.47925452414998,8.447475032880902,119.41614805255085,7991.5526315789475
1778007127,80,GET,/product/LS4PSXUNUM,0.700000,0.000000,11,13,14,14,20,20,20,20,20,20,20,33,0,11,15.84194911022981,8.360350038856268,100.93898500781506,7989.727272727273
1778007127,80,GET,/product/OLJCESPC7Z,0.700000,0.000000,12,12,13,13,14,14,14,14,14,14,14,34,0,12,14.748990748022848,8.411735063418746,70.59262995608151,8017.088235294118
1778007127,80,,Aggregated,44.800000,0.000000,14,16,17,19,25,29,34,45,55,55,55,2437,0,15,29.98552793970543,7.752532954327762,1164.8084060288966,10617.02297907263
1778007128,80,GET,/,32.500000,0.000000,14,15,16,17,18,20,24,25,47,47,47,1850,0,15,30.958421578177727,8.979075937531888,1164.8084060288966,10538.366486486486
1778007128,80,POST,/cart,4.600000,0.000000,28,29,31,32,34,45,55,55,55,55,55,203,0,28,38.70560805223827,16.601591953076422,269.8390349978581,17461.23645320197
1778007128,80,POST,/cart/checkout,2.000000,0.000000,16,19,21,21,28,47,47,47,47,47,47,111,0,16,24.030177564536398,10.874372092075646,187.54518509376794,6801.846846846847
1778007128,80,GET,/product/0PUK6V6EV0,0.800000,0.000000,11,11,15,15,16,16,16,16,16,16,16,23,0,12,14.60938162231089,9.163031005300581,59.50918490998447,7996.217391304348
1778007128,80,GET,/product/1YMWWN1N4O,0.800000,0.000000,10,12,13,13,27,27,27,27,27,27,27,35,0,12,12.515311112760433,8.644665009342134,27.387983980588615,8031.942857142857
1778007128,80,GET,/product/2ZYFJ3GM2N,0.000000,0.000000,11,15,15,16,16,16,16,16,16,16,16,36,0,12,21.031727008650908,8.304270915687084,95.62590694986284,8006.777777777777
1778007128,80,GET,/product/66VCHSJNUP,0.700000,0.000000,13,13,14,14,14,14,14,14,14,14,14,37,0,13,24.636188487371278,9.582599042914808,203.3987189643085,7977.189189189189
1778007128,80,GET,/product/6E92ZMYYFZ,1.000000,0.000000,11,11,13,13,31,31,31,31,31,31,31,42,0,12,18.492869281631318,7.752532954327762,109.90144696552306,7970.880952380952
1778007128,80,GET,/product/9SIQT8TOJO,0.200000,0.000000,13,13,13,13,13,13,13,13,13,13,13,38,0,13,23.398702835517103,8.001554990187287,115.66757597029209,8016.763157894737
1778007128,80,GET,/product/L9ECAV7KIM,0.600000,0.000000,11,12,12,18,18,18,18,18,18,18,18,38,0,12,21.47925452414998,8.447475032880902,119.41614805255085,7991.5526315789475
1778007128,80,GET,/product/LS4PSXUNUM,0.500000,0.000000,13,13,14,14,20,20,20,20,20,20,20,34,0,11,15.753513369846212,8.360350038856268,100.93898500781506,7991.029411764706
1778007128,80,GET,/product/OLJCESPC7Z,0.800000,0.000000,12,13,13,13,14,14,14,14,14,14,14,35,0,12,14.699200241427336,8.411735063418746,70.59262995608151,8018.714285714285
1778007128,80,,Aggregated,44.500000,0.000000,14,16,17,18,24,29,32,45,55,55,55,2482,0,15,29.72302789243402,7.752532954327762,1164.8084060288966,10612.203062046736
1778007129,80,GET,/,32.300000,0.000000,14,15,16,17,19,21,25,29,47,47,47,1889,0,15,30.64924743500538,8.979075937531888,1164.8084060288966,10538.640021175224
1778007129,80,POST,/cart,4.900000,0.000000,28,29,31,32,34,45,55,55,55,55,55,205,0,28,38.635985978038576,16.601591953076422,269.8390349978581,17458.317073170732
1778007129,80,POST,/cart/checkout,2.100000,0.000000,16,18,20,21,28,47,47,47,47,47,47,114,0,16,23.81241949695865,10.874372092075646,187.54518509376794,6802.026315789473
1778007129,80,GET,/product/0PUK6V6EV0,0.700000,0.000000,11,11,15,16,16,16,16,16,16,16,16,24,0,12,14.662049764107602,9.163031005300581,59.50918490998447,7994.291666666667
1778007129,80,GET,/product/1YMWWN1N4O,0.600000,0.000000,10,12,13,13,27,27,27,27,27,27,27,35,0,12,12.515311112760433,8.644665009342134,27.387983980588615,8031.942857142857
1778007129,80,GET,/product/2ZYFJ3GM2N,0.000000,0.000000,11,15,15,16,16,16,16,16,16,16,16,36,0,12,21.031727008650908,8.304270915687084,95.62590694986284,8006.777777777777
1778007129,80,GET,/product/66VCHSJNUP,0.700000,0.000000,13,13,13,14,14,14,14,14,14,14,14,37,0,13,24.636188487371278,9.582599042914808,203.3987189643085,7977.189189189189
1778007129,80,GET,/product/6E92ZMYYFZ,0.900000,0.000000,11,11,13,13,31,31,31,31,31,31,31,42,0,12,18.492869281631318,7.752532954327762,109.90144696552306,7970.880952380952
1778007129,80,GET,/product/9SIQT8TOJO,0.300000,0.000000,13,13,13,13,13,13,13,13,13,13,13,38,0,13,23.398702835517103,8.001554990187287,115.66757597029209,8016.763157894737
1778007129,80,GET,/product/L9ECAV7KIM,0.400000,0.000000,11,11,11,18,18,18,18,18,18,18,18,39,0,12,21.203808101395573,8.447475032880902,119.41614805255085,7991.307692307692
1778007129,80,GET,/product/LS4PSXUNUM,0.600000,0.000000,11,13,13,14,20,20,20,20,20,20,20,36,0,11,15.421914017578173,8.360350038856268,100.93898500781506,7989.083333333333
1778007129,80,GET,/product/OLJCESPC7Z,0.900000,0.000000,12,13,13,13,14,14,14,14,14,14,14,35,0,12,14.699200241427336,8.411735063418746,70.59262995608151,8018.714285714285
1778007129,80,,Aggregated,44.400000,0.000000,14,16,17,18,24,29,32,45,55,55,55,2530,0,15,29.467386651826516,7.752532954327762,1164.8084060288966,10607.745059288538
1778007130,80,GET,/,32.900000,0.000000,14,15,16,17,19,21,25,29,47,47,47,1928,0,15,30.3318926221493,8.979075937531888,1164.8084060288966,10538.946576763485
1778007130,80,POST,/cart,4.800000,0.000000,29,30,31,32,35,54,55,55,55,55,55,206,0,28,38.59779969687366,16.601591953076422,269.8390349978581,17453.3786407767
1778007130,80,POST,/cart/checkout,2.200000,0.000000,16,18,20,21,28,47,47,47,47,47,47,115,0,16,23.77613119720279,10.874372092075646,187.54518509376794,6801.895652173913
1778007130,80,GET,/product/0PUK6V6EV0,0.700000,0.000000,11,15,16,16,19,19,19,19,19,19,19,26,0,12,14.636380127810229,9.163031005300581,59.50918490998447,7996.384615384615
1778007130,80,GET,/product/1YMWWN1N4O,0.500000,0.000000,10,12,12,12,27,27,27,27,27,27,27,36,0,12,12.49493249795503,8.644665009342134,27.387983980588615,8030.166666666667
1778007130,80,GET,/product/2ZYFJ3GM2N,0.200000,0.000000,14,15,16,16,21,21,21,21,21,21,21,39,0,13,20.548765395338144,8.304270915687084,95.62590694986284,8006.538461538462
1778007130,80,GET,/product/66VCHSJNUP,0.600000,0.000000,13,13,13,14,14,14,14,14,14,14,14,37,0,13,24.636188487371278,9.582599042914808,203.3987189643085,7977.189189189189
1778007130,80,GET,/product/6E92ZMYYFZ,0.900000,0.000000,11,12,13,13,31,31,31,31,31,31,31,43,0,12,18.33448348415279,7.752532954327762,109.90144696552306,7972.2558139534885
1778007130,80,GET,/product/9SIQT8TOJO,0.400000,0.000000,13,13,13,13,13,13,13,13,13,13,13,39,0,13,23.09734250406902,8.001554990187287,115.66757597029209,8017.589743589743
1778007130,80,GET,/product/L9ECAV7KIM,0.500000,0.000000,11,12,12,18,18,18,18,18,18,18,18,40,0,12,20.97911177261267,8.447475032880902,119.41614805255085,7992.15
1778007130,80,GET,/product/LS4PSXUNUM,0.700000,0.000000,11,13,13,13,14,20,20,20,20,20,20,37,0,11,15.301149882804099,8.360350038856268,100.93898500781506,7990.675675675676
1778007130,80,GET,/product/OLJCESPC7Z,0.800000,0.000000,12,13,13,13,13,13,13,13,13,13,13,35,0,12,14.699200241427336,8.411735063418746,70.59262995608151,8018.714285714285
1778007130,80,,Aggregated,45.200000,0.000000,14,16,17,18,23,29,32,45,55,55,55,2581,0,15,29.18153942306625,7.752532954327762,1164.8084060288966,10597.67338240992
1778007131,80,GET,/,33.400000,0.000000,14,16,17,17,19,21,24,29,47,47,47,1963,0,15,30.06177047190223,8.979075937531888,1164.8084060288966,10539.323993886908
1778007131,80,POST,/cart,4.700000,0.000000,29,30,31,32,35,54,55,55,55,55,55,209,0,28,38.412637256629516,16.601591953076422,269.8390349978581,17459.48803827751
1778007131,80,POST,/cart/checkout,2.200000,0.000000,15,18,20,20,28,47,47,47,47,47,47,116,0,16,23.69974385886774,10.874372092075646,187.54518509376794,6801.887931034483
1778007131,80,GET,/product/0PUK6V6EV0,0.800000,0.000000,12,15,16,16,19,19,19,19,19,19,19,27,0,12,14.54831238111688,9.163031005300581,59.50918490998447,7997.814814814815
1778007131,80,GET,/product/1YMWWN1N4O,0.800000,0.000000,10,12,12,13,27,27,27,27,27,27,27,37,0,12,12.513354052537801,8.644665009342134,27.387983980588615,8031.324324324324
1778007131,80,GET,/product/2ZYFJ3GM2N,0.400000,0.000000,14,15,16,16,21,21,21,21,21,21,21,39,0,13,20.548765395338144,8.304270915687084,95.62590694986284,8006.538461538462
1778007131,80,GET,/product/66VCHSJNUP,0.600000,0.000000,13,13,13,13,13,13,13,13,13,13,13,37,0,13,24.636188487371278,9.582599042914808,203.3987189643085,7977.189189189189
1778007131,80,GET,/product/6E92ZMYYFZ,0.800000,0.000000,11,12,13,13,31,31,31,31,31,31,31,44,0,12,18.1665320626714,7.752532954327762,109.90144696552306,7973.477272727273
1778007131,80,GET,/product/9SIQT8TOJO,0.500000,0.000000,13,13,13,13,13,13,13,13,13,13,13,39,0,13,23.09734250406902,8.001554990187287,115.66757597029209,8017.589743589743
1778007131,80,GET,/product/L9ECAV7KIM,0.500000,0.000000,11,11,12,12,18,18,18,18,18,18,18,41,0,12,20.740614241420676,8.447475032880902,119.41614805255085,7991.121951219512
1778007131,80,GET,/product/LS4PSXUNUM,0.800000,0.000000,11,11,13,13,14,14,14,14,14,14,14,37,0,11,15.301149882804099,8.360350038856268,100.93898500781506,7990.675675675676
1778007131,80,GET,/product/OLJCESPC7Z,0.900000,0.000000,12,13,13,13,13,13,13,13,13,13,13,35,0,12,14.699200241427336,8.411735063418746,70.59262995608151,8018.714285714285
1778007131,80,,Aggregated,46.400000,0.000000,14,16,17,18,23,29,33,45,55,55,55,2624,0,15,28.95903573769873,7.752532954327762,1164.8084060288966,10600.122332317073
1778007132,80,GET,/,34.000000,0.000000,14,15,16,17,19,20,24,29,47,47,47,1999,0,15,29.783578489041922,8.979075937531888,1164.8084060288966,10539.445222611306
1778007132,80,POST,/cart,4.200000,0.000000,29,30,31,32,35,54,55,55,55,55,55,210,0,28,38.36417742228756,16.601591953076422,269.8390349978581,17461.42380952381
1778007132,80,POST,/cart/checkout,2.000000,0.000000,15,16,18,20,28,47,47,47,47,47,47,117,0,16,23.625338697829882,10.874372092075646,187.54518509376794,6801.880341880342
1778007132,80,GET,/product/0PUK6V6EV0,0.800000,0.000000,12,15,16,16,19,19,19,19,19,19,19,27,0,12,14.54831238111688,9.163031005300581,59.50918490998447,7997.814814814815
1778007132,80,GET,/product/1YMWWN1N4O,0.700000,0.000000,11,12,12,13,27,27,27,27,27,27,27,38,0,12,12.463817314710468,8.644665009342134,27.387983980588615,8031.789473684211
1778007132,80,GET,/product/2ZYFJ3GM2N,0.400000,0.000000,14,15,16,16,21,21,21,21,21,21,21,39,0,13,20.548765395338144,8.304270915687084,95.62590694986284,8006.538461538462
1778007132,80,GET,/product/66VCHSJNUP,0.500000,0.000000,13,13,13,13,16,16,16,16,16,16,16,39,0,13,24.082580590262435,9.582599042914808,203.3987189643085,7975.589743589743
1778007132,80,GET,/product/6E92ZMYYFZ,0.600000,0.000000,11,12,13,13,31,31,31,31,31,31,31,44,0,12,18.1665320626714,7.752532954327762,109.90144696552306,7973.477272727273
1778007132,80,GET,/product/9SIQT8TOJO,0.400000,0.000000,13,13,13,13,15,15,15,15,15,15,15,40,0,13,22.897203592583537,8.001554990187287,115.66757597029209,8016.2
1778007132,80,GET,/product/L9ECAV7KIM,0.500000,0.000000,11,12,12,12,18,18,18,18,18,18,18,42,0,12,20.52172818609203,8.447475032880902,119.41614805255085,7992.738095238095
1778007132,80,GET,/product/LS4PSXUNUM,1.000000,0.000000,11,11,13,13,14,14,14,14,14,14,14,37,0,11,15.301149882804099,8.360350038856268,100.93898500781506,7990.675675675676
1778007132,80,GET,/product/OLJCESPC7Z,0.900000,0.000000,12,13,13,13,13,13,13,13,13,13,13,35,0,12,14.699200241427336,8.411735063418746,70.59262995608151,8018.714285714285
1778007132,80,,Aggregated,46.000000,0.000000,14,16,17,18,22,29,32,45,55,55,55,2667,0,15,28.729962491188346,7.752532954327762,1164.8084060288966,10595.80352455943
1778007133,80,GET,/,34.600000,0.000000,14,15,16,17,19,20,23,29,47,47,47,2033,0,15,29.52631011753459,8.979075937531888,1164.8084060288966,10539.645351697
1778007133,80,POST,/cart,3.900000,0.000000,29,31,32,33,35,43,55,55,55,55,55,216,0,28,38.16323044776692,16.601591953076422,269.8390349978581,17486.175925925927
1778007133,80,POST,/cart/checkout,2.000000,0.000000,15,15,18,20,28,47,47,47,47,47,47,118,0,16,23.554146522656083,10.874372092075646,187.54518509376794,6801.720338983051
1778007133,80,GET,/product/0PUK6V6EV0,0.900000,0.000000,12,15,16,16,19,19,19,19,19,19,19,27,0,12,14.54831238111688,9.163031005300581,59.50918490998447,7997.814814814815
1778007133,80,GET,/product/1YMWWN1N4O,0.800000,0.000000,11,12,12,13,27,27,27,27,27,27,27,38,0,12,12.463817314710468,8.644665009342134,27.387983980588615,8031.789473684211
1778007133,80,GET,/product/2ZYFJ3GM2N,0.700000,0.000000,14,15,16,16,21,21,21,21,21,21,21,40,0,12,20.255102260853164,8.304270915687084,95.62590694986284,8007.525
1778007133,80,GET,/product/66VCHSJNUP,0.400000,0.000000,13,13,13,13,16,16,16,16,16,16,16,40,0,13,23.79545932635665,9.582599042914808,203.3987189643085,7974.55
1778007133,80,GET,/product/6E92ZMYYFZ,0.700000,0.000000,11,12,13,13,31,31,31,31,31,31,31,45,0,12,17.96647797131704,7.752532954327762,109.90144696552306,7973.022222222222
1778007133,80,GET,/product/9SIQT8TOJO,0.500000,0.000000,13,13,13,13,15,15,15,15,15,15,15,40,0,13,22.897203592583537,8.001554990187287,115.66757597029209,8016.2
1778007133,80,GET,/product/L9ECAV7KIM,0.600000,0.000000,11,12,12,12,18,18,18,18,18,18,18,43,0,12,20.264100505385635,8.447475032880902,119.41614805255085,7993.581395348837
1778007133,80,GET,/product/LS4PSXUNUM,1.000000,0.000000,11,11,13,13,13,14,14,14,14,14,14,38,0,11,15.158581124667666,8.360350038856268,100.93898500781506,7991.394736842105
1778007133,80,GET,/product/OLJCESPC7Z,0.800000,0.000000,12,13,13,13,13,13,13,13,13,13,13,37,0,12,14.535950175864068,8.411735063418746,70.59262995608151,8020.72972972973
1778007133,80,,Aggregated,46.900000,0.000000,14,15,17,18,21,29,32,41,55,55,55,2715,0,15,28.50374943074216,7.752532954327762,1164.8084060288966,10604.326335174954
1778007134,80,GET,/,34.300000,0.000000,14,15,16,17,19,21,25,29,47,47,47,2070,0,15,29.29160001778813,8.979075937531888,1164.8084060288966,10540.12463768116
1778007134,80,POST,/cart,3.600000,0.000000,29,30,32,33,35,43,55,55,55,55,55,221,0,28,37.921960333918484,16.601591953076422,269.8390349978581,17494.972850678732
1778007134,80,POST,/cart/checkout,1.900000,0.000000,15,15,16,18,20,47,47,47,47,47,47,119,0,16,23.471601770118568,10.874372092075646,187.54518509376794,6801.63025210084
1778007134,80,GET,/product/0PUK6V6EV0,0.900000,0.000000,12,15,16,16,19,19,19,19,19,19,19,28,0,12,14.400431187823415,9.163031005300581,59.50918490998447,7995.535714285715
1778007134,80,GET,/product/1YMWWN1N4O,0.900000,0.000000,11,12,12,12,13,13,13,13,13,13,13,38,0,12,12.463817314710468,8.644665009342134,27.387983980588615,8031.789473684211
1778007134,80,GET,/product/2ZYFJ3GM2N,0.700000,0.000000,14,15,16,16,21,21,21,21,21,21,21,40,0,12,20.255102260853164,8.304270915687084,95.62590694986284,8007.525
1778007134,80,GET,/product/66VCHSJNUP,0.500000,0.000000,13,13,16,16,35,35,35,35,35,35,35,41,0,13,24.061625002792514,9.582599042914808,203.3987189643085,7975.4390243902435
1778007134,80,GET,/product/6E92ZMYYFZ,0.700000,0.000000,11,11,12,13,36,36,36,36,36,36,36,48,0,12,17.981646698899567,7.752532954327762,109.90144696552306,7974.291666666667
1778007134,80,GET,/product/9SIQT8TOJO,0.500000,0.000000,13,13,15,15,24,24,24,24,24,24,24,41,0,13,22.92075077435229,8.001554990187287,115.66757597029209,8018.024390243902
1778007134,80,GET,/product/L9ECAV7KIM,0.500000,0.000000,11,12,12,12,18,18,18,18,18,18,18,43,0,12,20.264100505385635,8.447475032880902,119.41614805255085,7993.581395348837
1778007134,80,GET,/product/LS4PSXUNUM,1.000000,0.000000,11,11,13,13,13,13,13,13,13,13,13,38,0,11,15.158581124667666,8.360350038856268,100.93898500781506,7991.394736842105
1778007134,80,GET,/product/OLJCESPC7Z,0.700000,0.000000,12,12,13,13,13,13,13,13,13,13,13,38,0,12,14.46927964417754,8.411735063418746,70.59262995608151,8023.026315789473
1778007134,80,,Aggregated,46.200000,0.000000,14,16,17,18,22,29,34,41,55,55,55,2765,0,15,28.311442525233826,7.752532954327762,1164.8084060288966,10609.039783001808
1778007135,80,GET,/,34.600000,0.000000,14,15,17,17,20,23,29,32,52,52,52,2102,0,15,29.1063048871616,8.979075937531888,1164.8084060288966,10540.38915318744
1778007135,80,POST,/cart,3.400000,0.000000,29,31,33,34,35,43,55,55,55,55,55,223,0,28,37.88925216516538,16.601591953076422,269.8390349978581,17492.03139013453
1778007135,80,POST,/cart/checkout,1.700000,0.000000,15,15,18,20,20,47,47,47,47,47,47,120,0,16,23.36977295538721,10.874372092075646,187.54518509376794,6801.725
1778007135,80,GET,/product/0PUK6V6EV0,0.700000,0.000000,12,15,16,16,19,19,19,19,19,19,19,28,0,12,14.400431187823415,9.163031005300581,59.50918490998447,7995.535714285715
1778007135,80,GET,/product/1YMWWN1N4O,0.900000,0.000000,11,12,12,12,13,13,13,13,13,13,13,38,0,12,12.463817314710468,8.644665009342134,27.387983980588615,8031.789473684211
1778007135,80,GET,/product/2ZYFJ3GM2N,0.700000,0.000000,14,15,16,16,21,21,21,21,21,21,21,42,0,13,20.00631991541013,8.304270915687084,95.62590694986284,8010.071428571428
1778007135,80,GET,/product/66VCHSJNUP,0.500000,0.000000,13,14,16,16,35,35,35,35,35,35,35,43,0,13,23.52120044511245,9.582599042914808,203.3987189643085,7975.837209302325
1778007135,80,GET,/product/6E92ZMYYFZ,0.700000,0.000000,11,12,13,14,36,36,36,36,36,36,36,49,0,12,17.89691145959481,7.752532954327762,109.90144696552306,7973.693877551021
1778007135,80,GET,/product/9SIQT8TOJO,0.600000,0.000000,13,13,15,15,24,24,24,24,24,24,24,41,0,13,22.92075077435229,8.001554990187287,115.66757597029209,8018.024390243902
1778007135,80,GET,/product/L9ECAV7KIM,0.600000,0.000000,11,12,12,12,18,18,18,18,18,18,18,44,0,12,20.013525629606605,8.447475032880902,119.41614805255085,7993.0
1778007135,80,GET,/product/LS4PSXUNUM,1.000000,0.000000,11,11,13,13,13,13,13,13,13,13,13,38,0,11,15.158581124667666,8.360350038856268,100.93898500781506,7991.394736842105
1778007135,80,GET,/product/OLJCESPC7Z,0.700000,0.000000,12,12,12,12,13,13,13,13,13,13,13,38,0,12,14.46927964417754,8.411735063418746,70.59262995608151,8023.026315789473
1778007135,80,,Aggregated,46.100000,0.000000,14,16,17,19,24,30,35,43,55,55,55,2806,0,15,28.14925029482699,7.752532954327762,1164.8084060288966,10606.195652173914
1778007136,80,GET,/,34.600000,0.000000,14,16,17,18,20,22,29,31,52,52,52,2143,0,15,28.822521202849,8.979075937531888,1164.8084060288966,10540.55529631358
1778007136,80,POST,/cart,3.300000,0.000000,29,31,33,34,35,43,55,55,55,55,55,225,0,28,37.77585711019734,16.601591953076422,269.8390349978581,17508.102222222224
1778007136,80,POST,/cart/checkout,1.600000,0.000000,15,15,18,18,20,23,23,23,23,23,23,123,0,16,23.198640655453612,10.874372092075646,187.54518509376794,6801.780487804878
1778007136,80,GET,/product/0PUK6V6EV0,0.700000,0.000000,12,15,16,16,19,19,19,19,19,19,19,28,0,12,14.400431187823415,9.163031005300581,59.50918490998447,7995.535714285715
1778007136,80,GET,/product/1YMWWN1N4O,0.900000,0.000000,12,12,13,13,13,13,13,13,13,13,13,40,0,12,12.404286698438227,8.644665009342134,27.387983980588615,8027.8
1778007136,80,GET,/product/2ZYFJ3GM2N,0.800000,0.000000,14,15,16,16,16,21,21,21,21,21,21,43,0,13,19.78373671015508,8.304270915687084,95.62590694986284,8011.6511627906975
1778007136,80,GET,/product/66VCHSJNUP,0.600000,0.000000,13,14,16,16,35,35,35,35,35,35,35,43,0,13,23.52120044511245,9.582599042914808,203.3987189643085,7975.837209302325
1778007136,80,GET,/product/6E92ZMYYFZ,0.700000,0.000000,11,12,14,14,15,36,36,36,36,36,36,52,0,12,17.53186670024521,7.752532954327762,109.90144696552306,7972.288461538462
1778007136,80,GET,/product/9SIQT8TOJO,0.600000,0.000000,13,13,15,15,24,24,24,24,24,24,24,41,0,13,22.92075077435229,8.001554990187287,115.66757597029209,8018.024390243902
1778007136,80,GET,/product/L9ECAV7KIM,0.700000,0.000000,11,12,12,12,18,18,18,18,18,18,18,46,0,12,19.58294264698887,8.381854044273496,119.41614805255085,7994.195652173913
1778007136,80,GET,/product/LS4PSXUNUM,0.800000,0.000000,10,11,11,11,13,13,13,13,13,13,13,40,0,11,14.873978242394514,8.360350038856268,100.93898500781506,7991.35
1778007136,80,GET,/product/OLJCESPC7Z,0.800000,0.000000,12,12,12,13,13,13,13,13,13,13,13,38,0,12,14.46927964417754,8.411735063418746,70.59262995608151,8023.026315789473
1778007136,80,,Aggregated,46.100000,0.000000,14,16,17,18,23,29,34,36,55,55,55,2862,0,15,27.874973583190393,7.752532954327762,1164.8084060288966,10598.309224318658
1778007137,80,GET,/,35.700000,0.000000,14,16,17,18,20,22,29,31,52,52,52,2181,0,15,28.587166731461885,8.979075937531888,1164.8084060288966,10540.812012838147
1778007137,80,POST,/cart,3.600000,0.000000,30,33,33,34,36,41,43,43,43,43,43,227,0,28,37.74551473894374,16.601591953076422,269.8390349978581,17523.837004405286
1778007137,80,POST,/cart/checkout,1.700000,0.000000,15,15,15,18,20,23,23,23,23,23,23,126,0,16,23.005618544716743,10.874372092075646,187.54518509376794,6802.253968253968
1778007137,80,GET,/product/0PUK6V6EV0,0.700000,0.000000,12,15,16,16,19,19,19,19,19,19,19,28,0,12,14.400431187823415,9.163031005300581,59.50918490998447,7995.535714285715
1778007137,80,GET,/product/1YMWWN1N4O,0.800000,0.000000,12,12,13,13,14,14,14,14,14,14,14,42,0,12,12.381499428080307,8.644665009342134,27.387983980588615,8026.9047619047615
1778007137,80,GET,/product/2ZYFJ3GM2N,0.900000,0.000000,14,15,16,16,21,21,21,21,21,21,21,44,0,12,19.564525761366397,8.304270915687084,95.62590694986284,8011.340909090909
1778007137,80,GET,/product/66VCHSJNUP,0.800000,0.000000,13,14,16,16,35,35,35,35,35,35,35,44,0,13,23.279168661577966,9.582599042914808,203.3987189643085,7977.136363636364
1778007137,80,GET,/product/6E92ZMYYFZ,0.900000,0.000000,11,11,14,14,15,36,36,36,36,36,36,53,0,12,17.366920951490272,7.752532954327762,109.90144696552306,7973.452830188679
1778007137,80,GET,/product/9SIQT8TOJO,0.700000,0.000000,13,15,15,24,24,24,24,24,24,24,24,42,0,13,22.687557804775203,8.001554990187287,115.66757597029209,8016.880952380952
1778007137,80,GET,/product/L9ECAV7KIM,0.700000,0.000000,11,12,12,12,18,18,18,18,18,18,18,46,0,12,19.58294264698887,8.381854044273496,119.41614805255085,7994.195652173913
1778007137,80,GET,/product/LS4PSXUNUM,0.800000,0.000000,10,11,11,11,13,13,13,13,13,13,13,40,0,11,14.873978242394514,8.360350038856268,100.93898500781506,7991.35
1778007137,80,GET,/product/OLJCESPC7Z,0.800000,0.000000,12,12,13,13,14,14,14,14,14,14,14,41,0,12,14.330577304041604,8.411735063418746,70.59262995608151,8026.073170731707
1778007137,80,,Aggregated,48.100000,0.000000,14,16,17,18,21,29,34,36,52,52,52,2914,0,15,27.65290337223521,7.752532954327762,1164.8084060288966,10591.88812628689
1778007138,80,GET,/,35.000000,0.000000,14,16,17,18,20,23,29,35,52,52,52,2214,0,15,28.402728796810376,8.979075937531888,1164.8084060288966,10541.074525745258
1778007138,80,POST,/cart,3.500000,0.000000,30,33,35,35,38,41,43,43,43,43,43,230,0,28,37.69597953347408,16.601591953076422,269.8390349978581,17522.27391304348
1778007138,80,POST,/cart/checkout,1.500000,0.000000,15,15,15,17,20,23,23,23,23,23,23,127,0,16,22.955867020948606,10.874372092075646,187.54518509376794,6802.023622047244
1778007138,80,GET,/product/0PUK6V6EV0,0.700000,0.000000,16,16,19,19,20,20,20,20,20,20,20,29,0,12,14.593993044651016,9.163031005300581,59.50918490998447,7993.620689655172
1778007138,80,GET,/product/1YMWWN1N4O,0.700000,0.000000,12,12,13,13,14,14,14,14,14,14,14,42,0,12,12.381499428080307,8.644665009342134,27.387983980588615,8026.9047619047615
1778007138,80,GET,/product/2ZYFJ3GM2N,1.100000,0.000000,14,15,15,16,16,21,21,21,21,21,21,47,0,12,19.061364330093753,8.304270915687084,95.62590694986284,8012.95744680851
1778007138,80,GET,/product/66VCHSJNUP,0.800000,0.000000,13,13,14,16,35,35,35,35,35,35,35,45,0,13,23.030516223257614,9.582599042914808,203.3987189643085,7976.222222222223
1778007138,80,GET,/product/6E92ZMYYFZ,0.900000,0.000000,11,13,14,15,18,36,36,36,36,36,36,55,0,12,17.28657271755351,7.752532954327762,109.90144696552306,7973.818181818182
1778007138,80,GET,/product/9SIQT8TOJO,0.700000,0.000000,13,15,15,24,24,24,24,24,24,24,24,42,0,13,22.687557804775203,8.001554990187287,115.66757597029209,8016.880952380952
1778007138,80,GET,/product/L9ECAV7KIM,0.700000,0.000000,11,12,12,12,12,12,12,12,12,12,12,47,0,12,19.427435930838136,8.381854044273496,119.41614805255085,7994.851063829788
1778007138,80,GET,/product/LS4PSXUNUM,0.800000,0.000000,10,10,11,11,11,11,11,11,11,11,11,40,0,11,14.873978242394514,8.360350038856268,100.93898500781506,7991.35
1778007138,80,GET,/product/OLJCESPC7Z,0.600000,0.000000,12,12,13,13,14,14,14,14,14,14,14,41,0,12,14.330577304041604,8.411735063418746,70.59262995608151,8026.073170731707
1778007138,80,,Aggregated,47.000000,0.000000,14,16,17,18,22,29,35,38,52,52,52,2959,0,15,27.490320819030014,7.752532954327762,1164.8084060288966,10590.11591753971
1778007139,80,GET,/,35.500000,0.000000,14,15,16,17,19,22,29,35,52,52,52,2247,0,15,28.193468447601813,8.979075937531888,1164.8084060288966,10541.2492211838
1778007139,80,POST,/cart,3.400000,0.000000,30,33,33,35,38,41,43,43,43,43,43,234,0,28,37.54658579306964,16.601591953076422,269.8390349978581,17528.46153846154
1778007139,80,POST,/cart/checkout,1.600000,0.000000,15,15,17,17,20,23,23,23,23,23,23,129,0,16,22.853875718649853,10.874372092075646,187.54518509376794,6802.131782945737
1778007139,80,GET,/product/0PUK6V6EV0,0.700000,0.000000,12,12,20,20,20,20,20,20,20,20,20,29,0,12,14.593993044651016,9.163031005300581,59.50918490998447,7993.620689655172
1778007139,80,GET,/product/1YMWWN1N4O,0.800000,0.000000,13,13,14,14,16,16,16,16,16,16,16,43,0,12,12.461452000384588,8.644665009342134,27.387983980588615,8025.488372093023
1778007139,80,GET,/product/2ZYFJ3GM2N,1.100000,0.000000,14,14,16,16,16,21,21,21,21,21,21,48,0,12,19.003028030662488,8.304270915687084,95.62590694986284,8012.104166666667
1778007139,80,GET,/product/66VCHSJNUP,0.700000,0.000000,13,14,16,16,35,35,35,35,35,35,35,45,0,13,23.030516223257614,9.582599042914808,203.3987189643085,7976.222222222223
1778007139,80,GET,/product/6E92ZMYYFZ,1.100000,0.000000,11,13,14,15,18,36,36,36,36,36,36,55,0,12,17.28657271755351,7.752532954327762,109.90144696552306,7973.818181818182
1778007139,80,GET,/product/9SIQT8TOJO,0.600000,0.000000,15,15,15,24,24,24,24,24,24,24,24,43,0,13,22.501802088172976,8.001554990187287,115.66757597029209,8015.604651162791
1778007139,80,GET,/product/L9ECAV7KIM,0.900000,0.000000,11,12,12,12,12,12,12,12,12,12,12,48,0,12,19.236489494990867,8.381854044273496,119.41614805255085,7994.416666666667
1778007139,80,GET,/product/LS4PSXUNUM,0.800000,0.000000,10,10,11,11,21,21,21,21,21,21,21,42,0,11,14.903231063813326,8.360350038856268,100.93898500781506,7991.690476190476
1778007139,80,GET,/product/OLJCESPC7Z,0.500000,0.000000,12,12,13,13,14,14,14,14,14,14,14,41,0,12,14.330577304041604,8.411735063418746,70.59262995608151,8026.073170731707
1778007139,80,,Aggregated,47.700000,0.000000,14,16,17,18,22,30,35,38,52,52,52,3004,0,15,27.312763420119012,7.752532954327762,1164.8084060288966,10591.686750998668
1778007140,80,GET,/,36.200000,0.000000,14,15,16,17,19,22,29,35,52,52,52,2284,0,15,27.96265928782384,8.979075937531888,1164.8084060288966,10541.46234676007
1778007140,80,POST,/cart,2.700000,0.000000,28,33,33,35,38,43,47,47,47,47,47,241,0,28,37.222937546009625,16.601591953076422,269.8390349978581,17550.315352697096
1778007140,80,POST,/cart/checkout,1.500000,0.000000,15,15,16,17,17,23,23,23,23,23,23,130,0,16,22.781313482063034,10.874372092075646,187.54518509376794,6802.253846153846
1778007140,80,GET,/product/0PUK6V6EV0,0.700000,0.000000,12,12,20,20,20,20,20,20,20,20,20,29,0,12,14.593993044651016,9.163031005300581,59.50918490998447,7993.620689655172
1778007140,80,GET,/product/1YMWWN1N4O,1.000000,0.000000,13,13,14,14,16,16,16,16,16,16,16,43,0,12,12.461452000384588,8.644665009342134,27.387983980588615,8025.488372093023
1778007140,80,GET,/product/2ZYFJ3GM2N,1.100000,0.000000,11,14,15,16,16,21,21,21,21,21,21,49,0,12,18.770606235639022,7.6143600745126605,95.62590694986284,8012.65306122449
1778007140,80,GET,/product/66VCHSJNUP,0.700000,0.000000,13,14,16,34,35,35,35,35,35,35,35,47,0,13,23.017012256574123,9.582599042914808,203.3987189643085,7975.978723404255
1778007140,80,GET,/product/6E92ZMYYFZ,1.100000,0.000000,11,13,15,15,18,36,36,36,36,36,36,55,0,12,17.28657271755351,7.752532954327762,109.90144696552306,7973.818181818182
1778007140,80,GET,/product/9SIQT8TOJO,0.500000,0.000000,15,15,15,15,24,24,24,24,24,24,24,44,0,13,22.186788722385906,8.001554990187287,115.66757597029209,8016.227272727273
1778007140,80,GET,/product/L9ECAV7KIM,0.800000,0.000000,11,12,12,12,12,12,12,12,12,12,12,48,0,12,19.236489494990867,8.381854044273496,119.41614805255085,7994.416666666667
1778007140,80,GET,/product/LS4PSXUNUM,0.700000,0.000000,10,10,11,11,21,21,21,21,21,21,21,43,0,11,14.772555271033632,8.360350038856268,100.93898500781506,7991.2558139534885
1778007140,80,GET,/product/OLJCESPC7Z,0.700000,0.000000,12,12,12,12,14,14,14,14,14,14,14,42,0,12,14.233867654443852,8.411735063418746,70.59262995608151,8027.357142857143
1778007140,80,,Aggregated,47.700000,0.000000,14,16,17,18,23,31,36,38,52,52,52,3055,0,15,27.117189540986562,7.6143600745126605,1164.8084060288966,10602.553191489362
1778007141,80,GET,/,35.700000,0.000000,14,15,16,17,19,22,29,35,52,52,52,2319,0,15,27.77664866746227,8.979075937531888,1164.8084060288966,10541.819749892195
1778007141,80,POST,/cart,2.700000,0.000000,28,33,33,35,38,43,47,47,47,47,47,243,0,28,37.12749896894895,16.601591953076422,269.8390349978581,17541.34156378601
1778007141,80,POST,/cart/checkout,1.400000,0.000000,15,15,17,17,21,23,23,23,23,23,23,131,0,16,22.769335700014164,10.874372092075646,187.54518509376794,6802.106870229008
1778007141,80,GET,/product/0PUK6V6EV0,0.600000,0.000000,12,12,20,20,20,20,20,20,20,20,20,30,0,12,14.443725945117572,9.163031005300581,59.50918490998447,7994.866666666667
1778007141,80,GET,/product/1YMWWN1N4O,0.700000,0.000000,13,13,14,14,16,16,16,16,16,16,16,43,0,12,12.461452000384588,8.644665009342134,27.387983980588615,8025.488372093023
1778007141,80,GET,/product/2ZYFJ3GM2N,1.100000,0.000000,11,14,15,16,16,16,16,16,16,16,16,49,0,12,18.770606235639022,7.6143600745126605,95.62590694986284,8012.65306122449
1778007141,80,GET,/product/66VCHSJNUP,0.800000,0.000000,13,14,16,34,35,35,35,35,35,35,35,48,0,13,22.747235188338284,9.582599042914808,203.3987189643085,7975.479166666667
1778007141,80,GET,/product/6E92ZMYYFZ,1.300000,0.000000,12,13,14,15,18,36,36,36,36,36,36,57,0,12,17.10567777984563,7.752532954327762,109.90144696552306,7973.9473684210525
1778007141,80,GET,/product/9SIQT8TOJO,0.400000,0.000000,15,15,15,15,24,24,24,24,24,24,24,45,0,13,21.95079919571678,8.001554990187287,115.66757597029209,8017.8
1778007141,80,GET,/product/L9ECAV7KIM,0.900000,0.000000,12,12,12,12,12,12,12,12,12,12,12,49,0,12,19.094821545580515,8.381854044273496,119.41614805255085,7995.2040816326535
1778007141,80,GET,/product/LS4PSXUNUM,0.600000,0.000000,10,14,20,20,21,21,21,21,21,21,21,45,0,11,14.868742726846701,8.360350038856268,100.93898500781506,7991.355555555556
1778007141,80,GET,/product/OLJCESPC7Z,0.600000,0.000000,12,12,12,12,14,14,14,14,14,14,14,42,0,12,14.233867654443852,8.411735063418746,70.59262995608151,8027.357142857143
1778007141,80,,Aggregated,46.800000,0.000000,14,16,17,18,23,31,36,38,52,52,52,3101,0,15,26.947747956189847,7.6143600745126605,1164.8084060288966,10597.97742663657
1778007142,80,GET,/,35.300000,0.000000,14,15,16,17,20,23,31,36,52,52,52,2356,0,15,27.585569153516513,8.979075937531888,1164.8084060288966,10542.054753820034
1778007142,80,POST,/cart,2.900000,0.000000,28,33,33,35,38,43,47,47,47,47,47,243,0,28,37.12749896894895,16.601591953076422,269.8390349978581,17541.34156378601
1778007142,80,POST,/cart/checkout,1.500000,0.000000,15,16,17,17,21,23,23,23,23,23,23,135,0,16,22.557391419454856,10.874372092075646,187.54518509376794,6801.866666666667
1778007142,80,GET,/product/0PUK6V6EV0,0.400000,0.000000,14,14,20,20,20,20,20,20,20,20,20,31,0,12,14.418011591319114,9.163031005300581,59.50918490998447,7997.258064516129
1778007142,80,GET,/product/1YMWWN1N4O,0.800000,0.000000,11,13,14,16,20,20,20,20,20,20,20,46,0,12,12.523473415058106,8.644665009342134,27.387983980588615,8027.45652173913
1778007142,80,GET,/product/2ZYFJ3GM2N,1.200000,0.000000,11,14,15,16,16,16,16,16,16,16,16,49,0,12,18.770606235639022,7.6143600745126605,95.62590694986284,8012.65306122449
1778007142,80,GET,/product/66VCHSJNUP,0.800000,0.000000,13,13,14,34,35,35,35,35,35,35,35,48,0,13,22.747235188338284,9.582599042914808,203.3987189643085,7975.479166666667
1778007142,80,GET,/product/6E92ZMYYFZ,1.300000,0.000000,12,13,14,15,18,36,36,36,36,36,36,58,0,12,16.97865802521721,7.752532954327762,109.90144696552306,7974.603448275862
1778007142,80,GET,/product/9SIQT8TOJO,0.500000,0.000000,13,15,15,15,24,24,24,24,24,24,24,46,0,13,21.73161462617471,8.001554990187287,115.66757597029209,8016.282608695652
1778007142,80,GET,/product/L9ECAV7KIM,0.900000,0.000000,12,12,12,12,12,12,12,12,12,12,12,50,0,12,18.943555254954845,8.381854044273496,119.41614805255085,7994.62
1778007142,80,GET,/product/LS4PSXUNUM,0.600000,0.000000,10,14,20,20,21,21,21,21,21,21,21,45,0,11,14.868742726846701,8.360350038856268,100.93898500781506,7991.355555555556
1778007142,80,GET,/product/OLJCESPC7Z,0.600000,0.000000,12,12,12,12,14,14,14,14,14,14,14,43,0,12,14.172511010127533,8.411735063418746,70.59262995608151,8028.674418604651
1778007142,80,,Aggregated,46.800000,0.000000,14,16,17,18,23,31,36,41,52,52,52,3150,0,15,26.763048172994917,7.6143600745126605,1164.8084060288966,10586.143174603174
1778007143,80,GET,/,35.200000,0.000000,14,16,16,17,20,23,31,36,52,52,52,2394,0,15,27.377559616062758,8.979075937531888,1164.8084060288966,10542.263993316625
1778007143,80,POST,/cart,3.300000,0.000000,30,33,33,35,37,38,47,47,47,47,47,245,0,28,37.0914569975124,16.601591953076422,269.8390349978581,17555.64081632653
1778007143,80,POST,/cart/checkout,1.500000,0.000000,15,17,17,17,21,23,23,23,23,23,23,135,0,16,22.557391419454856,10.874372092075646,187.54518509376794,6801.866666666667
1778007143,80,GET,/product/0PUK6V6EV0,0.300000,0.000000,14,14,20,20,20,20,20,20,20,20,20,31,0,12,14.418011591319114,9.163031005300581,59.50918490998447,7997.258064516129
1778007143,80,GET,/product/1YMWWN1N4O,0.700000,0.000000,13,14,16,16,20,20,20,20,20,20,20,46,0,12,12.523473415058106,8.644665009342134,27.387983980588615,8027.45652173913
1778007143,80,GET,/product/2ZYFJ3GM2N,1.000000,0.000000,11,14,15,16,16,16,16,16,16,16,16,50,0,12,18.621637211181223,7.6143600745126605,95.62590694986284,8013.5
1778007143,80,GET,/product/66VCHSJNUP,1.000000,0.000000,13,14,34,34,35,35,35,35,35,35,35,48,0,13,22.747235188338284,9.582599042914808,203.3987189643085,7975.479166666667
1778007143,80,GET,/product/6E92ZMYYFZ,1.200000,0.000000,12,13,14,15,18,36,36,36,36,36,36,60,0,12,16.777505455926683,7.752532954327762,109.90144696552306,7974.366666666667
1778007143,80,GET,/product/9SIQT8TOJO,0.500000,0.000000,13,13,15,15,24,24,24,24,24,24,24,46,0,13,21.73161462617471,8.001554990187287,115.66757597029209,8016.282608695652
1778007143,80,GET,/product/L9ECAV7KIM,0.700000,0.000000,12,12,12,12,12,12,12,12,12,12,12,50,0,12,18.943555254954845,8.381854044273496,119.41614805255085,7994.62
1778007143,80,GET,/product/LS4PSXUNUM,0.600000,0.000000,10,10,14,20,21,21,21,21,21,21,21,46,0,11,14.760855929521115,8.360350038856268,100.93898500781506,7990.826086956522
1778007143,80,GET,/product/OLJCESPC7Z,0.700000,0.000000,12,12,14,14,15,15,15,15,15,15,15,45,0,12,14.131104498584238,8.411735063418746,70.59262995608151,8027.6
1778007143,80,,Aggregated,46.700000,0.000000,14,16,17,18,23,30,35,38,52,52,52,3196,0,15,26.592271980912294,7.6143600745126605,1164.8084060288966,10586.358573216521
1778007144,80,GET,/,35.500000,0.000000,14,16,16,17,19,24,35,50,94,94,94,2428,0,15,27.274188689816178,8.979075937531888,1164.8084060288966,10542.427924217463
1778007144,80,POST,/cart,3.400000,0.000000,26,32,33,35,37,38,47,47,47,47,47,248,0,28,36.953161679013,16.601591953076422,269.8390349978581,17565.314516129034
1778007144,80,POST,/cart/checkout,1.500000,0.000000,15,17,17,18,21,22,23,23,23,23,23,141,0,16,22.239841748663085,10.874372092075646,187.54518509376794,6802.056737588652
1778007144,80,GET,/product/0PUK6V6EV0,0.300000,0.000000,14,14,20,20,20,20,20,20,20,20,20,31,0,12,14.418011591319114,9.163031005300581,59.50918490998447,7997.258064516129
1778007144,80,GET,/product/1YMWWN1N4O,0.600000,0.000000,13,14,16,16,20,20,20,20,20,20,20,46,0,12,12.523473415058106,8.644665009342134,27.387983980588615,8027.45652173913
1778007144,80,GET,/product/2ZYFJ3GM2N,1.000000,0.000000,11,14,15,16,17,17,17,17,17,17,17,51,0,12,18.585271932476875,7.6143600745126605,95.62590694986284,8012.764705882353
1778007144,80,GET,/product/66VCHSJNUP,1.000000,0.000000,13,14,34,34,35,35,35,35,35,35,35,48,0,13,22.747235188338284,9.582599042914808,203.3987189643085,7975.479166666667
1778007144,80,GET,/product/6E92ZMYYFZ,1.300000,0.000000,12,12,14,14,15,18,18,18,18,18,18,60,0,12,16.777505455926683,7.752532954327762,109.90144696552306,7974.366666666667
1778007144,80,GET,/product/9SIQT8TOJO,0.600000,0.000000,14,15,18,18,24,24,24,24,24,24,24,48,0,13,21.484453267476056,8.001554990187287,115.66757597029209,8016.458333333333
1778007144,80,GET,/product/L9ECAV7KIM,0.800000,0.000000,12,12,12,12,12,12,12,12,12,12,12,50,0,12,18.943555254954845,8.381854044273496,119.41614805255085,7994.62
1778007144,80,GET,/product/LS4PSXUNUM,0.800000,0.000000,10,11,14,20,21,21,21,21,21,21,21,48,0,11,14.564834974104693,8.360350038856268,100.93898500781506,7990.479166666667
1778007144,80,GET,/product/OLJCESPC7Z,0.800000,0.000000,12,12,14,14,15,15,15,15,15,15,15,46,0,12,14.13705605385906,8.411735063418746,70.59262995608151,8026.282608695652
1778007144,80,,Aggregated,47.600000,0.000000,14,16,17,18,23,31,36,48,94,94,94,3245,0,15,26.47740669338282,7.6143600745126605,1164.8084060288966,10581.414483821263
1778007145,80,GET,/,35.900000,0.000000,14,16,16,17,20,24,33,48,94,94,94,2460,0,15,27.127073863208885,8.979075937531888,1164.8084060288966,10542.623983739837
1778007145,80,POST,/cart,3.300000,0.000000,26,31,33,35,37,38,47,47,47,47,47,251,0,28,36.86496733216591,16.601591953076422,269.8390349978581,17568.932270916335
1778007145,80,POST,/cart/checkout,1.800000,0.000000,15,17,17,18,21,22,23,23,23,23,23,143,0,16,22.114894053267015,10.874372092075646,187.54518509376794,6801.986013986014
1778007145,80,GET,/product/0PUK6V6EV0,0.400000,0.000000,10,14,14,20,20,20,20,20,20,20,20,32,0,12,14.261425385484472,9.163031005300581,59.50918490998447,7996.09375
1778007145,80,GET,/product/1YMWWN1N4O,0.800000,0.000000,13,14,16,16,20,20,20,20,20,20,20,47,0,12,12.510940278979374,8.644665009342134,27.387983980588615,8028.212765957447
1778007145,80,GET,/product/2ZYFJ3GM2N,1.000000,0.000000,12,14,16,16,17,46,46,46,46,46,46,53,0,12,18.97679121927622,7.6143600745126605,95.62590694986284,8014.641509433963
1778007145,80,GET,/product/66VCHSJNUP,0.900000,0.000000,12,13,13,34,34,34,34,34,34,34,34,48,0,13,22.747235188338284,9.582599042914808,203.3987189643085,7975.479166666667
1778007145,80,GET,/product/6E92ZMYYFZ,1.400000,0.000000,10,12,12,12,13,18,18,18,18,18,18,61,0,12,16.659082989895442,7.752532954327762,109.90144696552306,7973.295081967213
1778007145,80,GET,/product/9SIQT8TOJO,0.600000,0.000000,12,13,14,15,18,18,18,18,18,18,18,50,0,13,21.08709941850975,8.001554990187287,115.66757597029209,8018.84
1778007145,80,GET,/product/L9ECAV7KIM,0.800000,0.000000,12,12,12,12,12,12,12,12,12,12,12,50,0,12,18.943555254954845,8.381854044273496,119.41614805255085,7994.62
1778007145,80,GET,/product/LS4PSXUNUM,0.800000,0.000000,10,11,14,20,21,21,21,21,21,21,21,48,0,11,14.564834974104693,8.360350038856268,100.93898500781506,7990.479166666667
1778007145,80,GET,/product/OLJCESPC7Z,0.700000,0.000000,12,14,14,14,15,15,15,15,15,15,15,46,0,12,14.13705605385906,8.411735063418746,70.59262995608151,8026.282608695652
1778007145,80,,Aggregated,48.400000,0.000000,14,16,17,18,23,29,36,47,94,94,94,3289,0,15,26.347615942804953,7.6143600745126605,1164.8084060288966,10580.096381878991
1778007146,80,GET,/,35.900000,0.000000,14,16,16,17,20,23,33,48,94,94,94,2492,0,15,26.96157276459796,8.979075937531888,1164.8084060288966,10542.671749598716
1778007146,80,POST,/cart,2.800000,0.000000,26,31,33,35,37,38,47,47,47,47,47,253,0,28,36.78162053932358,16.601591953076422,269.8390349978581,17582.624505928852
1778007146,80,POST,/cart/checkout,1.700000,0.000000,15,16,17,17,18,21,22,22,22,22,22,145,0,16,21.999735141108776,10.874372092075646,187.54518509376794,6802.248275862069
1778007146,80,GET,/product/0PUK6V6EV0,0.400000,0.000000,11,14,14,20,20,20,20,20,20,20,20,33,0,12,14.163873465308411,9.163031005300581,59.50918490998447,7997.69696969697
1778007146,80,GET,/product/1YMWWN1N4O,0.800000,0.000000,12,14,16,16,20,20,20,20,20,20,20,48,0,12,12.503235355931489,8.644665009342134,27.387983980588615,8027.708333333333
1778007146,80,GET,/product/2ZYFJ3GM2N,1.000000,0.000000,11,15,16,16,17,46,46,46,46,46,46,54,0,12,18.81798729084915,7.6143600745126605,95.62590694986284,8013.148148148148
1778007146,80,GET,/product/66VCHSJNUP,0.800000,0.000000,12,12,13,13,34,34,34,34,34,34,34,50,0,12,22.2405945812352,8.338495041243732,203.3987189643085,7974.66
1778007146,80,GET,/product/6E92ZMYYFZ,1.400000,0.000000,12,12,12,13,18,18,18,18,18,18,18,61,0,12,16.659082989895442,7.752532954327762,109.90144696552306,7973.295081967213
1778007146,80,GET,/product/9SIQT8TOJO,0.600000,0.000000,12,13,14,15,18,18,18,18,18,18,18,51,0,13,20.864984509078603,8.001554990187287,115.66757597029209,8017.64705882353
1778007146,80,GET,/product/L9ECAV7KIM,0.700000,0.000000,12,12,12,12,12,12,12,12,12,12,12,50,0,12,18.943555254954845,8.381854044273496,119.41614805255085,7994.62
1778007146,80,GET,/product/LS4PSXUNUM,0.900000,0.000000,10,14,20,20,21,21,21,21,21,21,21,49,0,11,14.686010666286611,8.360350038856268,100.93898500781506,7989.551020408163
1778007146,80,GET,/product/OLJCESPC7Z,0.800000,0.000000,12,12,14,14,15,15,15,15,15,15,15,47,0,12,14.05561726510604,8.411735063418746,70.59262995608151,8027.510638297872
1778007146,80,,Aggregated,47.800000,0.000000,14,16,17,18,22,28,36,47,94,94,94,3333,0,15,26.18885078148745,7.6143600745126605,1164.8084060288966,10576.52205220522
1778007147,80,GET,/,35.300000,0.000000,14,16,16,17,20,23,36,50,94,94,94,2532,0,15,26.789637065706273,8.979075937531888,1164.8084060288966,10542.791074249604
1778007147,80,POST,/cart,2.700000,0.000000,26,31,35,36,38,47,90,90,90,90,90,258,0,28,36.92490368758422,16.601591953076422,269.8390349978581,17599.492248062015
1778007147,80,POST,/cart/checkout,2.200000,0.000000,14,17,17,18,21,22,22,22,22,22,22,145,0,16,21.999735141108776,10.874372092075646,187.54518509376794,6802.248275862069
1778007147,80,GET,/product/0PUK6V6EV0,0.300000,0.000000,14,14,20,20,20,20,20,20,20,20,20,34,0,12,14.3312833901933,9.163031005300581,59.50918490998447,7995.764705882353
1778007147,80,GET,/product/1YMWWN1N4O,0.800000,0.000000,12,14,16,16,20,20,20,20,20,20,20,48,0,12,12.503235355931489,8.644665009342134,27.387983980588615,8027.708333333333
1778007147,80,GET,/product/2ZYFJ3GM2N,1.100000,0.000000,14,15,16,17,46,46,46,46,46,46,46,55,0,12,18.73843012038957,7.6143600745126605,95.62590694986284,8012.181818181818
1778007147,80,GET,/product/66VCHSJNUP,0.500000,0.000000,12,12,12,12,34,34,34,34,34,34,34,51,0,12,22.043179471830964,8.338495041243732,203.3987189643085,7974.64705882353
1778007147,80,GET,/product/6E92ZMYYFZ,1.200000,0.000000,12,12,13,13,18,18,18,18,18,18,18,62,0,12,16.599107715826964,7.752532954327762,109.90144696552306,7973.887096774193
1778007147,80,GET,/product/9SIQT8TOJO,0.700000,0.000000,12,14,15,15,18,19,19,19,19,19,19,52,0,13,20.82009894030097,8.001554990187287,115.66757597029209,8017.076923076923
1778007147,80,GET,/product/L9ECAV7KIM,0.700000,0.000000,12,12,12,12,12,12,12,12,12,12,12,51,0,12,18.78751523098817,8.381854044273496,119.41614805255085,7995.490196078431
1778007147,80,GET,/product/LS4PSXUNUM,1.000000,0.000000,11,14,20,21,21,21,21,21,21,21,21,49,0,11,14.686010666286611,8.360350038856268,100.93898500781506,7989.551020408163
1778007147,80,GET,/product/OLJCESPC7Z,0.800000,0.000000,12,12,14,14,15,15,15,15,15,15,15,48,0,12,13.93126321878905,8.086623041890562,70.59262995608151,8028.1875
1778007147,80,,Aggregated,47.300000,0.000000,14,16,17,18,23,31,38,50,94,94,94,3385,0,15,26.070443366756017,7.6143600745126605,1164.8084060288966,10582.506646971935
1778007148,80,GET,/,35.100000,0.000000,14,15,16,17,19,22,31,50,94,94,94,2559,0,15,26.647313627113792,8.979075937531888,1164.8084060288966,10542.95584212583
1778007148,80,POST,/cart,2.800000,0.000000,26,31,33,34,37,47,90,90,90,90,90,263,0,28,36.74265783423551,16.601591953076422,269.8390349978581,17615.532319391634
1778007148,80,POST,/cart/checkout,2.300000,0.000000,14,16,17,18,21,22,22,22,22,22,22,146,0,16,21.956221372756648,10.874372092075646,187.54518509376794,6802.308219178082
1778007148,80,GET,/product/0PUK6V6EV0,0.400000,0.000000,14,14,20,20,20,20,20,20,20,20,20,34,0,12,14.3312833901933,9.163031005300581,59.50918490998447,7995.764705882353
1778007148,80,GET,/product/1YMWWN1N4O,0.800000,0.000000,12,12,16,16,20,20,20,20,20,20,20,48,0,12,12.503235355931489,8.644665009342134,27.387983980588615,8027.708333333333
1778007148,80,GET,/product/2ZYFJ3GM2N,1.000000,0.000000,11,14,16,16,17,46,46,46,46,46,46,58,0,12,18.303303943208324,7.6143600745126605,95.62590694986284,8014.879310344828
1778007148,80,GET,/product/66VCHSJNUP,0.500000,0.000000,12,12,12,12,34,34,34,34,34,34,34,51,0,12,22.043179471830964,8.338495041243732,203.3987189643085,7974.64705882353
1778007148,80,GET,/product/6E92ZMYYFZ,1.100000,0.000000,12,12,13,13,18,18,18,18,18,18,18,62,0,12,16.599107715826964,7.752532954327762,109.90144696552306,7973.887096774193
1778007148,80,GET,/product/9SIQT8TOJO,0.900000,0.000000,12,12,15,15,18,19,19,19,19,19,19,54,0,13,20.45494796173578,8.001554990187287,115.66757597029209,8019.518518518518
1778007148,80,GET,/product/L9ECAV7KIM,0.600000,0.000000,12,12,12,12,12,12,12,12,12,12,12,51,0,12,18.78751523098817,8.381854044273496,119.41614805255085,7995.490196078431
1778007148,80,GET,/product/LS4PSXUNUM,1.000000,0.000000,11,14,20,21,21,21,21,21,21,21,21,49,0,11,14.686010666286611,8.360350038856268,100.93898500781506,7989.551020408163
1778007148,80,GET,/product/OLJCESPC7Z,0.800000,0.000000,12,12,14,14,15,15,15,15,15,15,15,48,0,12,13.93126321878905,8.086623041890562,70.59262995608151,8028.1875
1778007148,80,,Aggregated,47.300000,0.000000,14,16,17,18,22,29,37,50,94,94,94,3423,0,15,25.945897142558184,7.6143600745126605,1164.8084060288966,10589.02950628104
1778007149,80,GET,/,34.900000,0.000000,14,15,16,17,20,23,31,50,94,94,94,2599,0,15,26.483012377737765,8.979075937531888,1164.8084060288966,10543.033474413236
1778007149,80,POST,/cart,2.700000,0.000000,26,30,33,34,37,47,90,90,90,90,90,265,0,28,36.652638930124496,16.601591953076422,269.8390349978581,17628.237735849056
1778007149,80,POST,/cart/checkout,2.200000,0.000000,14,16,17,18,21,22,22,22,22,22,22,147,0,16,21.920854553618298,10.874372092075646,187.54518509376794,6802.510204081633
1778007149,80,GET,/product/0PUK6V6EV0,0.500000,0.000000,11,14,16,16,20,20,20,20,20,20,20,36,0,12,14.251141233317968,9.163031005300581,59.50918490998447,7997.638888888889
1778007149,80,GET,/product/1YMWWN1N4O,0.800000,0.000000,12,12,16,16,20,20,20,20,20,20,20,48,0,12,12.503235355931489,8.644665009342134,27.387983980588615,8027.708333333333
1778007149,80,GET,/product/2ZYFJ3GM2N,1.100000,0.000000,11,12,14,17,46,46,46,46,46,46,46,58,0,12,18.303303943208324,7.6143600745126605,95.62590694986284,8014.879310344828
1778007149,80,GET,/product/66VCHSJNUP,0.700000,0.000000,12,12,12,12,34,34,34,34,34,34,34,51,0,12,22.043179471830964,8.338495041243732,203.3987189643085,7974.64705882353
1778007149,80,GET,/product/6E92ZMYYFZ,0.900000,0.000000,12,12,12,12,13,13,13,13,13,13,13,62,0,12,16.599107715826964,7.752532954327762,109.90144696552306,7973.887096774193
1778007149,80,GET,/product/9SIQT8TOJO,1.000000,0.000000,12,12,14,14,18,19,19,19,19,19,19,55,0,13,20.285453653725032,8.001554990187287,115.66757597029209,8021.072727272727
1778007149,80,GET,/product/L9ECAV7KIM,0.400000,0.000000,12,12,12,12,12,12,12,12,12,12,12,51,0,12,18.78751523098817,8.381854044273496,119.41614805255085,7995.490196078431
1778007149,80,GET,/product/LS4PSXUNUM,0.900000,0.000000,11,14,20,20,21,21,21,21,21,21,21,50,0,11,14.590798732824624,8.360350038856268,100.93898500781506,7990.28
1778007149,80,GET,/product/OLJCESPC7Z,0.900000,0.000000,12,12,14,14,15,15,15,15,15,15,15,49,0,12,13.850731601729533,8.086623041890562,70.59262995608151,8029.285714285715
1778007149,80,,Aggregated,47.000000,0.000000,14,16,17,18,22,29,37,50,94,94,94,3471,0,15,25.806651673898436,7.6143600745126605,1164.8084060288966,10588.841832324979
1778007150,80,GET,/,34.900000,0.000000,14,16,16,17,20,24,31,50,94,94,94,2637,0,15,26.325224762032665,8.979075937531888,1164.8084060288966,10543.243079256732
1778007150,80,POST,/cart,3.100000,0.000000,28,30,34,35,44,45,90,90,90,90,90,271,0,28,36.54491670671988,16.601591953076422,269.8390349978581,17618.029520295204
1778007150,80,POST,/cart/checkout,1.900000,0.000000,14,17,17,18,21,22,22,22,22,22,22,147,0,16,21.920854553618298,10.874372092075646,187.54518509376794,6802.510204081633
1778007150,80,GET,/product/0PUK6V6EV0,0.600000,0.000000,11,14,16,16,20,20,20,20,20,20,20,37,0,12,14.131462063036254,9.163031005300581,59.50918490998447,7996.135135135135
1778007150,80,GET,/product/1YMWWN1N4O,0.600000,0.000000,12,12,20,20,20,20,20,20,20,20,20,49,0,12,12.651830738201282,8.644665009342134,27.387983980588615,8028.265306122449
1778007150,80,GET,/product/2ZYFJ3GM2N,1.000000,0.000000,11,12,14,14,17,46,46,46,46,46,46,59,0,12,18.191936605420533,7.6143600745126605,95.62590694986284,8015.457627118644
1778007150,80,GET,/product/66VCHSJNUP,0.700000,0.000000,12,12,12,12,12,12,12,12,12,12,12,51,0,12,22.043179471830964,8.338495041243732,203.3987189643085,7974.64705882353
1778007150,80,GET,/product/6E92ZMYYFZ,0.900000,0.000000,12,12,12,12,13,13,13,13,13,13,13,62,0,12,16.599107715826964,7.752532954327762,109.90144696552306,7973.887096774193
1778007150,80,GET,/product/9SIQT8TOJO,1.000000,0.000000,12,12,14,14,18,19,19,19,19,19,19,55,0,13,20.285453653725032,8.001554990187287,115.66757597029209,8021.072727272727
1778007150,80,GET,/product/L9ECAV7KIM,0.500000,0.000000,12,12,12,12,12,12,12,12,12,12,12,52,0,12,18.635748052754654,8.381854044273496,119.41614805255085,7995.596153846154
1778007150,80,GET,/product/LS4PSXUNUM,0.900000,0.000000,14,15,20,20,21,21,21,21,21,21,21,51,0,11,14.591653148789762,8.360350038856268,100.93898500781506,7991.137254901961
1778007150,80,GET,/product/OLJCESPC7Z,0.700000,0.000000,12,12,14,14,15,15,15,15,15,15,15,49,0,12,13.850731601729533,8.086623041890562,70.59262995608151,8029.285714285715
1778007150,80,,Aggregated,46.800000,0.000000,14,16,17,18,23,29,37,50,94,94,94,3520,0,15,25.688281149665602,7.6143600745126605,1164.8084060288966,10596.063068181818
1778007151,80,GET,/,34.500000,0.000000,14,15,16,17,20,26,40,50,94,94,94,2672,0,15,26.192216084720037,8.979075937531888,1164.8084060288966,10543.36377245509
1778007151,80,POST,/cart,3.300000,0.000000,28,30,34,35,44,45,90,90,90,90,90,276,0,28,36.43230405599014,16.601591953076422,269.8390349978581,17632.981884057972
1778007151,80,POST,/cart/checkout,1.900000,0.000000,14,16,17,17,18,22,22,22,22,22,22,147,0,16,21.920854553618298,10.874372092075646,187.54518509376794,6802.510204081633
1778007151,80,GET,/product/0PUK6V6EV0,0.500000,0.000000,11,14,16,16,20,20,20,20,20,20,20,38,0,12,14.028419351425805,9.163031005300581,59.50918490998447,7995.078947368421
1778007151,80,GET,/product/1YMWWN1N4O,0.600000,0.000000,12,12,20,20,20,20,20,20,20,20,20,49,0,12,12.651830738201282,8.644665009342134,27.387983980588615,8028.265306122449
1778007151,80,GET,/product/2ZYFJ3GM2N,1.100000,0.000000,12,14,18,18,29,46,46,46,46,46,46,61,0,12,18.351045618459704,7.6143600745126605,95.62590694986284,8016.819672131148
1778007151,80,GET,/product/66VCHSJNUP,0.600000,0.000000,12,12,12,12,12,12,12,12,12,12,12,51,0,12,22.043179471830964,8.338495041243732,203.3987189643085,7974.64705882353
1778007151,80,GET,/product/6E92ZMYYFZ,0.700000,0.000000,10,12,12,13,13,13,13,13,13,13,13,62,0,12,16.599107715826964,7.752532954327762,109.90144696552306,7973.887096774193
1778007151,80,GET,/product/9SIQT8TOJO,1.200000,0.000000,12,12,14,18,19,19,19,19,19,19,19,55,0,13,20.285453653725032,8.001554990187287,115.66757597029209,8021.072727272727
1778007151,80,GET,/product/L9ECAV7KIM,0.400000,0.000000,11,11,12,12,12,12,12,12,12,12,12,52,0,12,18.635748052754654,8.381854044273496,119.41614805255085,7995.596153846154
1778007151,80,GET,/product/LS4PSXUNUM,0.900000,0.000000,14,15,18,20,21,21,21,21,21,21,21,52,0,11,14.652675492330813,8.360350038856268,100.93898500781506,7990.365384615385
1778007151,80,GET,/product/OLJCESPC7Z,0.700000,0.000000,12,12,14,14,15,15,15,15,15,15,15,50,0,12,13.751036408357322,8.086623041890562,70.59262995608151,8027.8
1778007151,80,,Aggregated,46.400000,0.000000,14,16,17,19,25,31,45,50,94,94,94,3565,0,15,25.58858708797224,7.6143600745126605,1164.8084060288966,10602.993267882188
1778007152,80,GET,/,35.200000,0.000000,14,15,16,17,20,25,36,50,94,94,94,2706,0,15,26.051055267246692,8.979075937531888,1164.8084060288966,10543.465631929046
1778007152,80,POST,/cart,3.200000,0.000000,29,30,34,35,44,45,90,90,90,90,90,276,0,28,36.43230405599014,16.601591953076422,269.8390349978581,17632.981884057972
1778007152,80,POST,/cart/checkout,1.800000,0.000000,14,16,17,18,21,22,22,22,22,22,22,149,0,16,21.85723072014774,10.874372092075646,187.54518509376794,6802.261744966443
1778007152,80,GET,/product/0PUK6V6EV0,0.700000,0.000000,11,14,15,16,20,20,20,20,20,20,20,39,0,12,14.04935136759797,9.163031005300581,59.50918490998447,7995.794871794872
1778007152,80,GET,/product/1YMWWN1N4O,0.500000,0.000000,12,12,20,20,20,20,20,20,20,20,20,50,0,12,12.620574184693396,8.644665009342134,27.387983980588615,8026.9
1778007152,80,GET,/product/2ZYFJ3GM2N,1.000000,0.000000,12,14,17,18,29,46,46,46,46,46,46,62,0,12,18.21928410865967,7.6143600745126605,95.62590694986284,8016.258064516129
1778007152,80,GET,/product/66VCHSJNUP,0.600000,0.000000,12,12,12,22,22,22,22,22,22,22,22,52,0,12,22.043631808348717,8.338495041243732,203.3987189643085,7974.403846153846
1778007152,80,GET,/product/6E92ZMYYFZ,0.700000,0.000000,12,12,13,13,13,13,13,13,13,13,13,62,0,12,16.599107715826964,7.752532954327762,109.90144696552306,7973.887096774193
1778007152,80,GET,/product/9SIQT8TOJO,1.200000,0.000000,12,12,14,18,19,19,19,19,19,19,19,55,0,13,20.285453653725032,8.001554990187287,115.66757597029209,8021.072727272727
1778007152,80,GET,/product/L9ECAV7KIM,0.300000,0.000000,12,12,15,15,15,15,15,15,15,15,15,53,0,12,18.55887163799467,8.381854044273496,119.41614805255085,7994.547169811321
1778007152,80,GET,/product/LS4PSXUNUM,0.800000,0.000000,11,15,18,18,21,21,21,21,21,21,21,52,0,11,14.652675492330813,8.360350038856268,100.93898500781506,7990.365384615385
1778007152,80,GET,/product/OLJCESPC7Z,0.800000,0.000000,12,12,14,14,15,15,15,15,15,15,15,51,0,12,13.726104772193175,8.086623041890562,70.59262995608151,8026.137254901961
1778007152,80,,Aggregated,46.800000,0.000000,14,16,17,19,24,30,44,50,94,94,94,3607,0,15,25.464777384640914,7.6143600745126605,1164.8084060288966,10596.007485444969
1778007153,80,GET,/,35.400000,0.000000,14,16,17,18,21,28,36,50,94,94,94,2738,0,15,25.9582474192967,8.979075937531888,1164.8084060288966,10543.563915266617
1778007153,80,POST,/cart,3.000000,0.000000,29,30,34,36,44,45,90,90,90,90,90,278,0,28,36.401194354046886,16.601591953076422,269.8390349978581,17639.820143884892
1778007153,80,POST,/cart/checkout,1.700000,0.000000,14,17,18,21,26,34,34,34,34,34,34,155,0,16,21.774646066760102,10.874372092075646,187.54518509376794,6802.206451612903
1778007153,80,GET,/product/0PUK6V6EV0,0.800000,0.000000,11,15,16,16,20,20,20,20,20,20,20,39,0,12,14.04935136759797,9.163031005300581,59.50918490998447,7995.794871794872
1778007153,80,GET,/product/1YMWWN1N4O,0.600000,0.000000,12,14,14,20,20,20,20,20,20,20,20,51,0,12,12.645891828772923,8.644665009342134,27.387983980588615,8025.588235294118
1778007153,80,GET,/product/2ZYFJ3GM2N,1.000000,0.000000,12,14,17,18,29,46,46,46,46,46,46,63,0,12,18.103370060479,7.6143600745126605,95.62590694986284,8015.714285714285
1778007153,80,GET,/product/66VCHSJNUP,0.400000,0.000000,12,12,22,22,22,22,22,22,22,22,22,52,0,12,22.043631808348717,8.338495041243732,203.3987189643085,7974.403846153846
1778007153,80,GET,/product/6E92ZMYYFZ,0.700000,0.000000,12,12,13,13,15,15,15,15,15,15,15,64,0,12,16.499900584676652,7.752532954327762,109.90144696552306,7975.453125
1778007153,80,GET,/product/9SIQT8TOJO,1.100000,0.000000,12,12,14,18,19,19,19,19,19,19,19,56,0,13,20.115988499518217,8.001554990187287,115.66757597029209,8020.160714285715
1778007153,80,GET,/product/L9ECAV7KIM,0.400000,0.000000,12,12,15,15,15,15,15,15,15,15,15,53,0,12,18.55887163799467,8.381854044273496,119.41614805255085,7994.547169811321
1778007153,80,GET,/product/LS4PSXUNUM,0.800000,0.000000,15,17,18,18,21,21,21,21,21,21,21,54,0,11,14.703889474427948,8.360350038856268,100.93898500781506,7990.851851851852
1778007153,80,GET,/product/OLJCESPC7Z,0.700000,0.000000,10,10,12,12,14,14,14,14,14,14,14,51,0,12,13.726104772193175,8.086623041890562,70.59262995608151,8026.137254901961
1778007153,80,,Aggregated,46.600000,0.000000,14,16,18,20,26,31,44,50,94,94,94,3654,0,15,25.37166954692454,7.6143600745126605,1164.8084060288966,10588.778872468527
1778007154,80,GET,/,35.000000,0.000000,14,15,16,18,20,26,35,40,67,67,67,2768,0,15,25.847522589573877,8.979075937531888,1164.8084060288966,10543.725072254336
1778007154,80,POST,/cart,3.300000,0.000000,29,31,34,36,44,45,90,90,90,90,90,282,0,28,36.2901516181932,16.601591953076422,269.8390349978581,17663.63475177305
1778007154,80,POST,/cart/checkout,1.600000,0.000000,15,16,17,21,26,34,34,34,34,34,34,156,0,16,21.73424836767551,10.874372092075646,187.54518509376794,6802.134615384615
1778007154,80,GET,/product/0PUK6V6EV0,0.800000,0.000000,10,11,15,16,20,20,20,20,20,20,20,40,0,12,13.959419081220403,9.163031005300581,59.50918490998447,7995.5
1778007154,80,GET,/product/1YMWWN1N4O,0.600000,0.000000,12,14,14,20,20,20,20,20,20,20,20,51,0,12,12.645891828772923,8.644665009342134,27.387983980588615,8025.588235294118
1778007154,80,GET,/product/2ZYFJ3GM2N,1.200000,0.000000,12,12,14,14,18,29,29,29,29,29,29,64,0,12,18.0131146680651,7.6143600745126605,95.62590694986284,8015.125
1778007154,80,GET,/product/66VCHSJNUP,0.300000,0.000000,12,12,22,22,22,22,22,22,22,22,22,52,0,12,22.043631808348717,8.338495041243732,203.3987189643085,7974.403846153846
1778007154,80,GET,/product/6E92ZMYYFZ,0.500000,0.000000,13,13,15,15,15,15,15,15,15,15,15,64,0,12,16.499900584676652,7.752532954327762,109.90144696552306,7975.453125
1778007154,80,GET,/product/9SIQT8TOJO,1.000000,0.000000,11,12,12,12,19,19,19,19,19,19,19,58,0,12,19.809804224521564,8.001554990187287,115.66757597029209,8020.896551724138
1778007154,80,GET,/product/L9ECAV7KIM,0.300000,0.000000,11,11,15,15,15,15,15,15,15,15,15,53,0,12,18.55887163799467,8.381854044273496,119.41614805255085,7994.547169811321
1778007154,80,GET,/product/LS4PSXUNUM,0.700000,0.000000,15,17,18,18,21,21,21,21,21,21,21,54,0,11,14.703889474427948,8.360350038856268,100.93898500781506,7990.851851851852
1778007154,80,GET,/product/OLJCESPC7Z,0.700000,0.000000,10,12,13,13,14,14,14,14,14,14,14,52,0,12,13.719966661973068,8.086623041890562,70.59262995608151,8024.846153846154
1778007154,80,,Aggregated,46.000000,0.000000,14,16,18,19,26,30,38,45,90,90,90,3694,0,15,25.275788913435807,7.6143600745126605,1164.8084060288966,10593.454520844612
1778007156,80,GET,/,34.600000,0.000000,14,15,16,17,21,26,35,40,67,67,67,2801,0,15,25.717673995927765,8.979075937531888,1164.8084060288966,10543.738664762584
1778007156,80,POST,/cart,3.300000,0.000000,29,30,34,36,44,45,90,90,90,90,90,285,0,28,36.17451284693456,16.601591953076422,269.8390349978581,17660.954385964913
1778007156,80,POST,/cart/checkout,1.400000,0.000000,16,17,17,21,26,34,34,34,34,34,34,157,0,16,21.697879760010036,10.874372092075646,187.54518509376794,6802.273885350319
1778007156,80,GET,/product/0PUK6V6EV0,0.800000,0.000000,10,15,16,16,20,20,20,20,20,20,20,40,0,12,13.959419081220403,9.163031005300581,59.50918490998447,7995.5
1778007156,80,GET,/product/1YMWWN1N4O,0.400000,0.000000,14,14,20,20,23,23,23,23,23,23,23,53,0,12,12.815532854424333,8.644665009342134,27.387983980588615,8025.509433962264
1778007156,80,GET,/product/2ZYFJ3GM2N,1.300000,0.000000,12,12,14,18,29,29,29,29,29,29,29,64,0,12,18.0131146680651,7.6143600745126605,95.62590694986284,8015.125
1778007156,80,GET,/product/66VCHSJNUP,0.400000,0.000000,12,12,22,22,22,22,22,22,22,22,22,53,0,12,21.805268246680498,8.338495041243732,203.3987189643085,7974.943396226415
1778007156,80,GET,/product/6E92ZMYYFZ,0.400000,0.000000,13,13,15,15,15,15,15,15,15,15,15,65,0,12,16.40440728336286,7.752532954327762,109.90144696552306,7976.6
1778007156,80,GET,/product/9SIQT8TOJO,0.900000,0.000000,12,12,17,17,19,19,19,19,19,19,19,59,0,13,19.763442016822303,8.001554990187287,115.66757597029209,8020.406779661017
1778007156,80,GET,/product/L9ECAV7KIM,0.300000,0.000000,11,11,15,15,15,15,15,15,15,15,15,54,0,12,18.364871642983484,8.082871907390654,119.41614805255085,7993.462962962963
1778007156,80,GET,/product/LS4PSXUNUM,0.700000,0.000000,15,17,18,18,21,21,21,21,21,21,21,56,0,11,14.614711438688184,8.360350038856268,100.93898500781506,7990.803571428572
1778007156,80,GET,/product/OLJCESPC7Z,0.800000,0.000000,11,11,12,12,13,13,13,13,13,13,13,53,0,12,13.668872837750417,8.086623041890562,70.59262995608151,8025.547169811321
1778007156,80,,Aggregated,45.300000,0.000000,14,16,18,20,26,30,38,45,90,90,90,3740,0,15,25.1509447670467,7.6143600745126605,1164.8084060288966,10591.26256684492
1778007157,80,GET,/,33.800000,0.000000,14,15,16,17,21,26,32,36,46,46,46,2841,0,15,25.562393394309012,8.979075937531888,1164.8084060288966,10543.86166842661
1778007157,80,POST,/cart,3.400000,0.000000,28,29,30,34,38,45,45,45,45,45,45,287,0,28,36.093855384600964,16.601591953076422,269.8390349978581,17657.519163763067
1778007157,80,POST,/cart/checkout,1.500000,0.000000,16,17,17,21,26,34,34,34,34,34,34,158,0,16,21.65262150884712,10.874372092075646,187.54518509376794,6802.215189873417
1778007157,80,GET,/product/0PUK6V6EV0,0.900000,0.000000,11,15,16,16,20,20,20,20,20,20,20,41,0,12,13.883489150008778,9.163031005300581,59.50918490998447,7996.024390243902
1778007157,80,GET,/product/1YMWWN1N4O,0.500000,0.000000,12,14,20,20,23,23,23,23,23,23,23,55,0,12,12.758794511583718,8.644665009342134,27.387983980588615,8027.090909090909
1778007157,80,GET,/product/2ZYFJ3GM2N,1.200000,0.000000,11,12,12,18,29,29,29,29,29,29,29,64,0,12,18.0131146680651,7.6143600745126605,95.62590694986284,8015.125
1778007157,80,GET,/product/66VCHSJNUP,0.400000,0.000000,12,12,22,22,22,22,22,22,22,22,22,53,0,12,21.805268246680498,8.338495041243732,203.3987189643085,7974.943396226415
1778007157,80,GET,/product/6E92ZMYYFZ,0.400000,0.000000,11,13,13,15,15,15,15,15,15,15,15,66,0,12,16.315104111775078,7.752532954327762,109.90144696552306,7976.863636363636
1778007157,80,GET,/product/9SIQT8TOJO,1.000000,0.000000,11,12,12,12,17,17,17,17,17,17,17,59,0,13,19.763442016822303,8.001554990187287,115.66757597029209,8020.406779661017
1778007157,80,GET,/product/L9ECAV7KIM,0.300000,0.000000,11,12,12,15,15,15,15,15,15,15,15,55,0,12,18.25346566779031,8.082871907390654,119.41614805255085,7993.927272727273
1778007157,80,GET,/product/LS4PSXUNUM,0.600000,0.000000,15,15,17,17,18,18,18,18,18,18,18,57,0,11,14.600267376456605,8.360350038856268,100.93898500781506,7990.105263157895
1778007157,80,GET,/product/OLJCESPC7Z,0.600000,0.000000,10,11,12,12,13,13,13,13,13,13,13,54,0,12,13.577012618986407,8.086623041890562,70.59262995608151,8024.648148148148
1778007157,80,,Aggregated,44.600000,0.000000,14,16,17,19,26,29,35,40,46,46,46,3790,0,15,25.011725625358668,7.6143600745126605,1164.8084060288966,10588.560949868073
1778007158,80,GET,/,33.800000,0.000000,14,15,16,17,21,26,32,36,46,46,46,2877,0,15,25.430573746592756,8.979075937531888,1164.8084060288966,10543.981925616961
1778007158,80,POST,/cart,3.400000,0.000000,29,29,34,34,38,45,45,45,45,45,45,291,0,28,36.01421380561178,16.601591953076422,269.8390349978581,17665.199312714776
1778007158,80,POST,/cart/checkout,1.400000,0.000000,16,17,21,21,26,34,34,34,34,34,34,158,0,16,21.65262150884712,10.874372092075646,187.54518509376794,6802.215189873417
1778007158,80,GET,/product/0PUK6V6EV0,0.800000,0.000000,10,11,15,15,16,16,16,16,16,16,16,41,0,12,13.883489150008778,9.163031005300581,59.50918490998447,7996.024390243902
1778007158,80,GET,/product/1YMWWN1N4O,0.600000,0.000000,11,14,20,20,23,23,23,23,23,23,23,55,0,12,12.758794511583718,8.644665009342134,27.387983980588615,8027.090909090909
1778007158,80,GET,/product/2ZYFJ3GM2N,1.100000,0.000000,11,12,12,12,18,29,29,29,29,29,29,66,0,12,17.809895528692074,7.6143600745126605,95.62590694986284,8015.045454545455
1778007158,80,GET,/product/66VCHSJNUP,0.500000,0.000000,12,12,22,22,22,22,22,22,22,22,22,54,0,12,21.60650737264573,8.338495041243732,203.3987189643085,7974.62962962963
1778007158,80,GET,/product/6E92ZMYYFZ,0.400000,0.000000,11,13,13,15,15,15,15,15,15,15,15,66,0,12,16.315104111775078,7.752532954327762,109.90144696552306,7976.863636363636
1778007158,80,GET,/product/9SIQT8TOJO,0.900000,0.000000,11,12,12,17,17,17,17,17,17,17,17,59,0,13,19.763442016822303,8.001554990187287,115.66757597029209,8020.406779661017
1778007158,80,GET,/product/L9ECAV7KIM,0.400000,0.000000,11,12,12,15,15,15,15,15,15,15,15,56,0,12,18.108696458511986,8.082871907390654,119.41614805255085,7993.035714285715
1778007158,80,GET,/product/LS4PSXUNUM,0.800000,0.000000,15,15,17,17,18,18,18,18,18,18,18,57,0,11,14.600267376456605,8.360350038856268,100.93898500781506,7990.105263157895
1778007158,80,GET,/product/OLJCESPC7Z,0.700000,0.000000,11,11,12,12,13,13,13,13,13,13,13,54,0,12,13.577012618986407,8.086623041890562,70.59262995608151,8024.648148148148
1778007158,80,,Aggregated,44.800000,0.000000,14,16,17,19,26,29,35,40,46,46,46,3834,0,15,24.908834954358863,7.6143600745126605,1164.8084060288966,10593.46974439228
1778007159,80,GET,/,33.800000,0.000000,14,15,16,17,22,26,30,36,46,46,46,2907,0,15,25.311086788694404,8.888204931281507,1164.8084060288966,10544.099759201927
1778007159,80,POST,/cart,3.400000,0.000000,29,29,34,34,38,45,45,45,45,45,45,296,0,28,35.872029866614206,16.601591953076422,269.8390349978581,17668.87162162162
1778007159,80,POST,/cart/checkout,1.400000,0.000000,16,17,21,21,26,34,34,34,34,34,34,158,0,16,21.65262150884712,10.874372092075646,187.54518509376794,6802.215189873417
1778007159,80,GET,/product/0PUK6V6EV0,0.800000,0.000000,11,11,12,12,15,15,15,15,15,15,15,44,0,12,13.674107663312249,8.669219096191227,59.50918490998447,7996.977272727273
1778007159,80,GET,/product/1YMWWN1N4O,0.600000,0.000000,11,14,20,20,23,23,23,23,23,23,23,56,0,12,12.682258217994656,8.472762070596218,27.387983980588615,8025.821428571428
1778007159,80,GET,/product/2ZYFJ3GM2N,1.100000,0.000000,12,12,18,18,29,29,29,29,29,29,29,66,0,12,17.809895528692074,7.6143600745126605,95.62590694986284,8015.045454545455
1778007159,80,GET,/product/66VCHSJNUP,0.500000,0.000000,11,11,22,22,22,22,22,22,22,22,22,55,0,12,21.415870784866538,8.338495041243732,203.3987189643085,7973.636363636364
1778007159,80,GET,/product/6E92ZMYYFZ,0.400000,0.000000,13,13,15,15,15,15,15,15,15,15,15,67,0,12,16.297139258666046,7.752532954327762,109.90144696552306,7976.059701492537
1778007159,80,GET,/product/9SIQT8TOJO,0.900000,0.000000,11,11,12,12,17,17,17,17,17,17,17,60,0,12,19.62258909867766,8.001554990187287,115.66757597029209,8019.533333333334
1778007159,80,GET,/product/L9ECAV7KIM,0.400000,0.000000,11,12,12,15,15,15,15,15,15,15,15,56,0,12,18.108696458511986,8.082871907390654,119.41614805255085,7993.035714285715
1778007159,80,GET,/product/LS4PSXUNUM,0.800000,0.000000,15,15,17,17,18,18,18,18,18,18,18,57,0,11,14.600267376456605,8.360350038856268,100.93898500781506,7990.105263157895
1778007159,80,GET,/product/OLJCESPC7Z,0.700000,0.000000,11,11,12,12,13,13,13,13,13,13,13,54,0,12,13.577012618986407,8.086623041890562,70.59262995608151,8024.648148148148
1778007159,80,,Aggregated,44.800000,0.000000,14,16,17,19,26,29,36,40,46,46,46,3876,0,15,24.80198197340462,7.6143600745126605,1164.8084060288966,10597.841847265221
1778007160,80,GET,/,34.500000,0.000000,14,15,16,17,21,25,29,35,46,46,46,2945,0,15,25.17485756198567,8.888204931281507,1164.8084060288966,10544.153140916807
1778007160,80,POST,/cart,3.400000,0.000000,27,29,30,34,38,38,45,45,45,45,45,301,0,28,35.715447469967174,16.601591953076422,269.8390349978581,17686.730897009966
1778007160,80,POST,/cart/checkout,1.300000,0.000000,16,20,20,21,26,34,34,34,34,34,34,160,0,16,21.631562440597918,10.874372092075646,187.54518509376794,6802.35625
1778007160,80,GET,/product/0PUK6V6EV0,0.800000,0.000000,11,11,12,12,15,15,15,15,15,15,15,44,0,12,13.674107663312249,8.669219096191227,59.50918490998447,7996.977272727273
1778007160,80,GET,/product/1YMWWN1N4O,0.700000,0.000000,11,14,20,20,23,23,23,23,23,23,23,56,0,12,12.682258217994656,8.472762070596218,27.387983980588615,8025.821428571428
1778007160,80,GET,/product/2ZYFJ3GM2N,1.000000,0.000000,12,12,18,18,29,29,29,29,29,29,29,67,0,12,17.709226460446285,7.6143600745126605,95.62590694986284,8015.79104477612
1778007160,80,GET,/product/66VCHSJNUP,0.300000,0.000000,11,13,13,22,22,22,22,22,22,22,22,56,0,12,21.259748877907573,8.338495041243732,203.3987189643085,7974.982142857143
1778007160,80,GET,/product/6E92ZMYYFZ,0.500000,0.000000,11,15,15,15,15,15,15,15,15,15,15,67,0,12,16.297139258666046,7.752532954327762,109.90144696552306,7976.059701492537
1778007160,80,GET,/product/9SIQT8TOJO,0.800000,0.000000,11,12,15,15,17,17,17,17,17,17,17,61,0,13,19.54847855730074,8.001554990187287,115.66757597029209,8020.196721311476
1778007160,80,GET,/product/L9ECAV7KIM,0.500000,0.000000,12,12,14,14,15,15,15,15,15,15,15,58,0,12,17.919571460064116,8.082871907390654,119.41614805255085,7992.172413793103
1778007160,80,GET,/product/LS4PSXUNUM,0.800000,0.000000,14,15,17,17,18,18,18,18,18,18,18,59,0,11,14.465746448091153,8.360350038856268,100.93898500781506,7988.64406779661
1778007160,80,GET,/product/OLJCESPC7Z,0.700000,0.000000,11,11,12,12,13,13,13,13,13,13,13,55,0,12,13.50087155376307,8.086623041890562,70.59262995608151,8023.745454545455
1778007160,80,,Aggregated,45.300000,0.000000,14,16,17,19,25,29,35,38,46,46,46,3929,0,15,24.678038724691728,7.6143600745126605,1164.8084060288966,10600.507508271825
1778007161,80,GET,/,34.300000,0.000000,14,15,16,17,21,25,29,30,40,40,40,2977,0,15,25.058727806229438,8.888204931281507,1164.8084060288966,10544.206919717837
1778007161,80,POST,/cart,3.300000,0.000000,27,29,29,34,36,38,45,45,45,45,45,304,0,28,35.59585787297692,16.601591953076422,269.8390349978581,17679.154605263157
1778007161,80,POST,/cart/checkout,1.300000,0.000000,16,20,20,21,26,34,34,34,34,34,34,160,0,16,21.631562440597918,10.874372092075646,187.54518509376794,6802.35625
1778007161,80,GET,/product/0PUK6V6EV0,0.700000,0.000000,11,11,12,12,15,15,15,15,15,15,15,44,0,12,13.674107663312249,8.669219096191227,59.50918490998447,7996.977272727273
1778007161,80,GET,/product/1YMWWN1N4O,0.700000,0.000000,11,11,14,14,23,23,23,23,23,23,23,56,0,12,12.682258217994656,8.472762070596218,27.387983980588615,8025.821428571428
1778007161,80,GET,/product/2ZYFJ3GM2N,1.100000,0.000000,11,12,12,12,12,12,12,12,12,12,12,68,0,12,17.620869379778227,7.6143600745126605,95.62590694986284,8016.220588235294
1778007161,80,GET,/product/66VCHSJNUP,0.300000,0.000000,12,12,13,13,22,22,22,22,22,22,22,57,0,12,21.096559897016146,8.338495041243732,203.3987189643085,7974.122807017544
1778007161,80,GET,/product/6E92ZMYYFZ,0.400000,0.000000,12,12,15,15,15,15,15,15,15,15,15,68,0,12,16.235210328458752,7.752532954327762,109.90144696552306,7976.941176470588
1778007161,80,GET,/product/9SIQT8TOJO,0.700000,0.000000,12,12,15,15,17,17,17,17,17,17,17,61,0,13,19.54847855730074,8.001554990187287,115.66757597029209,8020.196721311476
1778007161,80,GET,/product/L9ECAV7KIM,0.500000,0.000000,12,12,14,14,15,15,15,15,15,15,15,58,0,12,17.919571460064116,8.082871907390654,119.41614805255085,7992.172413793103
1778007161,80,GET,/product/LS4PSXUNUM,0.800000,0.000000,14,14,15,17,18,18,18,18,18,18,18,60,0,11,14.415482041658834,8.360350038856268,100.93898500781506,7989.9
1778007161,80,GET,/product/OLJCESPC7Z,0.600000,0.000000,11,11,12,12,13,13,13,13,13,13,13,56,0,12,13.463169508863107,8.086623041890562,70.59262995608151,8022.339285714285
1778007161,80,,Aggregated,44.700000,0.000000,14,15,17,18,24,27,34,36,40,40,40,3969,0,15,24.577794594704987,7.6143600745126605,1164.8084060288966,10601.597379692617
1778007162,80,GET,/,34.500000,0.000000,14,15,16,17,21,25,29,30,40,40,40,3015,0,15,24.938711868931122,8.888204931281507,1164.8084060288966,10544.464676616915
1778007162,80,POST,/cart,3.500000,0.000000,26,29,34,34,36,38,38,38,38,38,38,309,0,28,35.520047224413084,16.601591953076422,269.8390349978581,17677.741100323623
1778007162,80,POST,/cart/checkout,1.300000,0.000000,16,18,20,20,26,34,34,34,34,34,34,163,0,16,21.512239310101954,10.874372092075646,187.54518509376794,6802.441717791411
1778007162,80,GET,/product/0PUK6V6EV0,0.800000,0.000000,11,12,13,13,15,15,15,15,15,15,15,45,0,12,13.663948627395762,8.669219096191227,59.50918490998447,7997.688888888889
1778007162,80,GET,/product/1YMWWN1N4O,0.800000,0.000000,11,14,15,15,23,23,23,23,23,23,23,57,0,12,12.72993166971821,8.472762070596218,27.387983980588615,8026.929824561404
1778007162,80,GET,/product/2ZYFJ3GM2N,0.900000,0.000000,11,12,12,12,12,12,12,12,12,12,12,69,0,12,17.500347722713173,7.6143600745126605,95.62590694986284,8016.565217391304
1778007162,80,GET,/product/66VCHSJNUP,0.500000,0.000000,12,12,13,13,22,22,22,22,22,22,22,57,0,12,21.096559897016146,8.338495041243732,203.3987189643085,7974.122807017544
1778007162,80,GET,/product/6E92ZMYYFZ,0.500000,0.000000,12,12,15,15,15,15,15,15,15,15,15,68,0,12,16.235210328458752,7.752532954327762,109.90144696552306,7976.941176470588
1778007162,80,GET,/product/9SIQT8TOJO,0.600000,0.000000,11,12,15,15,17,17,17,17,17,17,17,62,0,12,19.41524875808447,8.001554990187287,115.66757597029209,8021.080645161291
1778007162,80,GET,/product/L9ECAV7KIM,0.700000,0.000000,12,12,14,14,15,15,15,15,15,15,15,58,0,12,17.919571460064116,8.082871907390654,119.41614805255085,7992.172413793103
1778007162,80,GET,/product/LS4PSXUNUM,0.900000,0.000000,13,14,14,15,17,17,17,17,17,17,17,62,0,11,14.284400299431816,8.360350038856268,100.93898500781506,7991.258064516129
1778007162,80,GET,/product/OLJCESPC7Z,0.600000,0.000000,11,11,12,12,13,13,13,13,13,13,13,56,0,12,13.463169508863107,8.086623041890562,70.59262995608151,8022.339285714285
1778007162,80,,Aggregated,45.600000,0.000000,14,16,17,19,25,29,34,36,40,40,40,4021,0,15,24.473902702363276,7.6143600745126605,1164.8084060288966,10603.301168863467
1778007163,80,GET,/,33.900000,0.000000,14,15,16,17,19,23,26,28,40,40,40,3050,0,15,24.82158319013132,8.888204931281507,1164.8084060288966,10544.585573770491
1778007163,80,POST,/cart,3.300000,0.000000,26,28,29,34,35,38,38,38,38,38,38,312,0,28,35.41464890795163,16.601591953076422,269.8390349978581,17675.04487179487
1778007163,80,POST,/cart/checkout,1.300000,0.000000,15,16,18,20,20,20,20,20,20,20,20,169,0,16,21.262289423732494,10.810808977112174,187.54518509376794,6802.491124260355
1778007163,80,GET,/product/0PUK6V6EV0,0.700000,0.000000,11,11,12,12,13,13,13,13,13,13,13,46,0,12,13.607368311014675,8.669219096191227,59.50918490998447,7998.521739130435
1778007163,80,GET,/product/1YMWWN1N4O,0.700000,0.000000,14,15,15,15,23,23,23,23,23,23,23,58,0,12,12.767566659022123,8.472762070596218,27.387983980588615,8026.086206896552
1778007163,80,GET,/product/2ZYFJ3GM2N,0.900000,0.000000,11,12,12,12,12,12,12,12,12,12,12,70,0,12,17.367632269659744,7.6143600745126605,95.62590694986284,8017.657142857143
1778007163,80,GET,/product/66VCHSJNUP,0.600000,0.000000,11,12,12,12,13,13,13,13,13,13,13,59,0,12,20.769784189523907,8.338495041243732,203.3987189643085,7975.440677966101
1778007163,80,GET,/product/6E92ZMYYFZ,0.600000,0.000000,12,12,15,15,15,15,15,15,15,15,15,68,0,12,16.235210328458752,7.752532954327762,109.90144696552306,7976.941176470588
1778007163,80,GET,/product/9SIQT8TOJO,0.600000,0.000000,11,12,15,15,17,17,17,17,17,17,17,63,0,12,19.243088096291537,8.001554990187287,115.66757597029209,8022.412698412699
1778007163,80,GET,/product/L9ECAV7KIM,0.600000,0.000000,12,12,12,14,14,14,14,14,14,14,14,58,0,12,17.919571460064116,8.082871907390654,119.41614805255085,7992.172413793103
1778007163,80,GET,/product/LS4PSXUNUM,0.900000,0.000000,12,14,14,14,15,17,17,17,17,17,17,63,0,11,14.244044628289958,8.360350038856268,100.93898500781506,7990.777777777777
1778007163,80,GET,/product/OLJCESPC7Z,0.700000,0.000000,11,11,11,13,13,13,13,13,13,13,13,56,0,12,13.463169508863107,8.086623041890562,70.59262995608151,8022.339285714285
1778007163,80,,Aggregated,44.800000,0.000000,14,15,17,18,24,26,34,35,40,40,40,4072,0,15,24.35242920863069,7.6143600745126605,1164.8084060288966,10597.866650294696
1778007164,80,GET,/,33.900000,0.000000,14,15,16,17,20,23,26,28,34,34,34,3080,0,15,24.73847092077886,8.888204931281507,1164.8084060288966,10544.691883116882
1778007164,80,POST,/cart,3.300000,0.000000,26,28,29,34,34,36,38,38,38,38,38,313,0,28,35.36827301721092,16.601591953076422,269.8390349978581,17680.268370607027
1778007164,80,POST,/cart/checkout,1.300000,0.000000,15,16,18,20,20,20,20,20,20,20,20,171,0,16,21.18650467573442,10.810808977112174,187.54518509376794,6802.4678362573095
1778007164,80,GET,/product/0PUK6V6EV0,0.700000,0.000000,11,11,12,12,13,13,13,13,13,13,13,46,0,12,13.607368311014675,8.669219096191227,59.50918490998447,7998.521739130435
1778007164,80,GET,/product/1YMWWN1N4O,0.700000,0.000000,11,15,15,15,23,23,23,23,23,23,23,58,0,12,12.767566659022123,8.472762070596218,27.387983980588615,8026.086206896552
1778007164,80,GET,/product/2ZYFJ3GM2N,0.900000,0.000000,11,11,12,12,12,12,12,12,12,12,12,72,0,12,17.174093094783732,7.6143600745126605,95.62590694986284,8017.513888888889
1778007164,80,GET,/product/66VCHSJNUP,0.600000,0.000000,11,12,12,12,13,13,13,13,13,13,13,59,0,12,20.769784189523907,8.338495041243732,203.3987189643085,7975.440677966101
1778007164,80,GET,/product/6E92ZMYYFZ,0.600000,0.000000,12,15,15,26,26,26,26,26,26,26,26,69,0,12,16.37595707712614,7.752532954327762,109.90144696552306,7977.434782608696
1778007164,80,GET,/product/9SIQT8TOJO,0.600000,0.000000,11,15,15,17,17,17,17,17,17,17,17,63,0,12,19.243088096291537,8.001554990187287,115.66757597029209,8022.412698412699
1778007164,80,GET,/product/L9ECAV7KIM,0.600000,0.000000,12,12,13,13,14,14,14,14,14,14,14,59,0,12,17.84465950321785,8.082871907390654,119.41614805255085,7993.576271186441
1778007164,80,GET,/product/LS4PSXUNUM,0.900000,0.000000,11,12,13,14,14,14,14,14,14,14,14,63,0,11,14.244044628289958,8.360350038856268,100.93898500781506,7990.777777777777
1778007164,80,GET,/product/OLJCESPC7Z,0.700000,0.000000,11,11,11,11,11,11,11,11,11,11,11,57,0,12,13.41225157018032,8.086623041890562,70.59262995608151,8021.543859649123
1778007164,80,,Aggregated,44.800000,0.000000,14,15,17,18,23,26,33,34,38,38,38,4110,0,15,24.27567533300079,7.6143600745126605,1164.8084060288966,10594.690267639902
1778007165,80,GET,/,34.200000,0.000000,14,15,16,17,20,23,28,33,44,44,44,3113,0,15,24.652494483505016,8.888204931281507,1164.8084060288966,10544.722775457758
1778007165,80,POST,/cart,3.600000,0.000000,26,29,34,34,35,38,53,53,53,53,53,322,0,28,35.225034799493315,16.601591953076422,269.8390349978581,17730.18944099379
1778007165,80,POST,/cart/checkout,1.900000,0.000000,16,17,18,18,20,20,20,20,20,20,20,173,0,16,21.1373058704907,10.810808977112174,187.54518509376794,6802.358381502891
1778007165,80,GET,/product/0PUK6V6EV0,0.700000,0.000000,11,11,12,12,13,13,13,13,13,13,13,46,0,12,13.607368311014675,8.669219096191227,59.50918490998447,7998.521739130435
1778007165,80,GET,/product/1YMWWN1N4O,0.800000,0.000000,11,15,15,15,15,15,15,15,15,15,15,58,0,12,12.767566659022123,8.472762070596218,27.387983980588615,8026.086206896552
1778007165,80,GET,/product/2ZYFJ3GM2N,0.800000,0.000000,11,11,12,12,12,12,12,12,12,12,12,72,0,12,17.174093094783732,7.6143600745126605,95.62590694986284,8017.513888888889
1778007165,80,GET,/product/66VCHSJNUP,0.700000,0.000000,11,12,12,12,13,13,13,13,13,13,13,59,0,12,20.769784189523907,8.338495041243732,203.3987189643085,7975.440677966101
1778007165,80,GET,/product/6E92ZMYYFZ,0.600000,0.000000,15,15,26,26,26,26,26,26,26,26,26,69,0,12,16.37595707712614,7.752532954327762,109.90144696552306,7977.434782608696
1778007165,80,GET,/product/9SIQT8TOJO,0.800000,0.000000,11,15,15,17,17,17,17,17,17,17,17,63,0,12,19.243088096291537,8.001554990187287,115.66757597029209,8022.412698412699
1778007165,80,GET,/product/L9ECAV7KIM,0.500000,0.000000,12,12,13,13,14,14,14,14,14,14,14,60,0,12,17.732203412257757,8.082871907390654,119.41614805255085,7993.933333333333
1778007165,80,GET,/product/LS4PSXUNUM,1.100000,0.000000,11,12,13,13,14,14,14,14,14,14,14,63,0,11,14.244044628289958,8.360350038856268,100.93898500781506,7990.777777777777
1778007165,80,GET,/product/OLJCESPC7Z,0.500000,0.000000,11,11,11,11,11,11,11,11,11,11,11,57,0,12,13.41225157018032,8.086623041890562,70.59262995608151,8021.543859649123
1778007165,80,,Aggregated,46.200000,0.000000,14,16,17,19,24,28,34,36,53,53,53,4155,0,15,24.22115551646817,7.6143600745126605,1164.8084060288966,10611.082069795428
1778007166,80,GET,/,34.200000,0.000000,14,15,16,17,21,25,28,33,44,44,44,3147,0,15,24.54675644066322,8.888204931281507,1164.8084060288966,10544.823006037495
1778007166,80,POST,/cart,3.500000,0.000000,26,28,34,34,35,38,53,53,53,53,53,326,0,28,35.076384310841995,16.601591953076422,269.8390349978581,17736.174846625767
1778007166,80,POST,/cart/checkout,1.600000,0.000000,16,17,18,20,20,21,21,21,21,21,21,175,0,16,21.08058016348098,10.810808977112174,187.54518509376794,6802.571428571428
1778007166,80,GET,/product/0PUK6V6EV0,0.700000,0.000000,11,11,12,12,13,13,13,13,13,13,13,46,0,12,13.607368311014675,8.669219096191227,59.50918490998447,7998.521739130435
1778007166,80,GET,/product/1YMWWN1N4O,0.700000,0.000000,11,11,15,15,15,15,15,15,15,15,15,59,0,12,12.70216449471664,8.472762070596218,27.387983980588615,8025.881355932203
1778007166,80,GET,/product/2ZYFJ3GM2N,0.900000,0.000000,10,11,11,12,12,12,12,12,12,12,12,74,0,12,16.95243002708397,7.6143600745126605,95.62590694986284,8017.621621621622
1778007166,80,GET,/product/66VCHSJNUP,0.700000,0.000000,11,12,12,12,13,13,13,13,13,13,13,61,0,12,20.417481805884936,8.338495041243732,203.3987189643085,7975.311475409836
1778007166,80,GET,/product/6E92ZMYYFZ,0.500000,0.000000,13,13,15,15,26,26,26,26,26,26,26,71,0,12,16.265243932958956,7.752532954327762,109.90144696552306,7978.802816901409
1778007166,80,GET,/product/9SIQT8TOJO,0.700000,0.000000,11,11,11,15,15,15,15,15,15,15,15,64,0,12,19.086382486420916,8.001554990187287,115.66757597029209,8023.515625
1778007166,80,GET,/product/L9ECAV7KIM,0.600000,0.000000,12,13,13,14,14,14,14,14,14,14,14,60,0,12,17.732203412257757,8.082871907390654,119.41614805255085,7993.933333333333
1778007166,80,GET,/product/LS4PSXUNUM,0.900000,0.000000,11,12,13,13,14,14,14,14,14,14,14,63,0,11,14.244044628289958,8.360350038856268,100.93898500781506,7990.777777777777
1778007166,80,GET,/product/OLJCESPC7Z,0.600000,0.000000,9,11,11,11,11,11,11,11,11,11,11,58,0,12,13.32034187086312,8.081489009782672,70.59262995608151,8022.0344827586205
1778007166,80,,Aggregated,45.600000,0.000000,14,16,17,19,25,28,34,36,53,53,53,4204,0,15,24.109944299611747,7.6143600745126605,1164.8084060288966,10610.511655566128
1778007167,80,GET,/,34.300000,0.000000,14,15,16,17,21,25,34,44,69,69,69,3181,0,15,24.4898576604809,8.888204931281507,1164.8084060288966,10544.922351461804
1778007167,80,POST,/cart,3.800000,0.000000,26,30,33,34,35,38,64,64,64,64,64,332,0,28,35.10342251280805,16.601591953076422,269.8390349978581,17730.256024096387
1778007167,80,POST,/cart/checkout,1.700000,0.000000,16,17,18,20,20,21,21,21,21,21,21,175,0,16,21.08058016348098,10.810808977112174,187.54518509376794,6802.571428571428
1778007167,80,GET,/product/0PUK6V6EV0,0.600000,0.000000,11,12,12,13,13,13,13,13,13,13,13,46,0,12,13.607368311014675,8.669219096191227,59.50918490998447,7998.521739130435
1778007167,80,GET,/product/1YMWWN1N4O,0.700000,0.000000,11,15,15,15,15,15,15,15,15,15,15,60,0,12,12.6707194702855,8.472762070596218,27.387983980588615,8026.75
1778007167,80,GET,/product/2ZYFJ3GM2N,0.800000,0.000000,10,11,11,11,12,12,12,12,12,12,12,75,0,12,16.842298693954945,7.6143600745126605,95.62590694986284,8018.333333333333
1778007167,80,GET,/product/66VCHSJNUP,0.700000,0.000000,11,12,12,12,13,13,13,13,13,13,13,61,0,12,20.417481805884936,8.338495041243732,203.3987189643085,7975.311475409836
1778007167,80,GET,/product/6E92ZMYYFZ,0.500000,0.000000,13,15,15,26,26,26,26,26,26,26,26,71,0,12,16.265243932958956,7.752532954327762,109.90144696552306,7978.802816901409
1778007167,80,GET,/product/9SIQT8TOJO,0.500000,0.000000,11,11,11,11,15,15,15,15,15,15,15,65,0,12,18.937200617689925,8.001554990187287,115.66757597029209,8023.246153846154
1778007167,80,GET,/product/L9ECAV7KIM,0.700000,0.000000,12,13,13,14,14,14,14,14,14,14,14,60,0,12,17.732203412257757,8.082871907390654,119.41614805255085,7993.933333333333
1778007167,80,GET,/product/LS4PSXUNUM,0.900000,0.000000,12,12,12,13,13,13,13,13,13,13,13,67,0,11,14.053668397645563,7.58157204836607,100.93898500781506,7991.328358208955
1778007167,80,GET,/product/OLJCESPC7Z,0.500000,0.000000,11,11,11,11,11,11,11,11,11,11,11,58,0,12,13.32034187086312,8.081489009782672,70.59262995608151,8022.0344827586205
1778007167,80,,Aggregated,45.700000,0.000000,14,16,18,19,25,32,36,49,69,69,69,4251,0,15,24.065950152636628,7.58157204836607,1164.8084060288966,10615.393554457774
1778007168,80,GET,/,34.400000,0.000000,14,16,17,18,21,25,34,44,69,69,69,3213,0,15,24.401057923786283,8.888204931281507,1164.8084060288966,10545.020230314349
1778007168,80,POST,/cart,4.000000,0.000000,26,29,33,34,35,53,64,64,64,64,64,335,0,28,35.02574282170121,16.601591953076422,269.8390349978581,17748.582089552237
1778007168,80,POST,/cart/checkout,1.800000,0.000000,16,17,18,20,20,21,21,21,21,21,21,175,0,16,21.08058016348098,10.810808977112174,187.54518509376794,6802.571428571428
1778007168,80,GET,/product/0PUK6V6EV0,0.600000,0.000000,12,12,12,12,13,13,13,13,13,13,13,47,0,12,13.564955366359271,8.669219096191227,59.50918490998447,7999.893617021276
1778007168,80,GET,/product/1YMWWN1N4O,0.600000,0.000000,11,11,15,15,15,15,15,15,15,15,15,62,0,12,12.606300633295529,8.472762070596218,27.387983980588615,8026.5161290322585
1778007168,80,GET,/product/2ZYFJ3GM2N,0.900000,0.000000,9,10,10,11,12,12,12,12,12,12,12,75,0,12,16.842298693954945,7.6143600745126605,95.62590694986284,8018.333333333333
1778007168,80,GET,/product/66VCHSJNUP,0.700000,0.000000,12,12,12,12,13,13,13,13,13,13,13,61,0,12,20.417481805884936,8.338495041243732,203.3987189643085,7975.311475409836
1778007168,80,GET,/product/6E92ZMYYFZ,0.600000,0.000000,13,15,15,26,26,26,26,26,26,26,26,71,0,12,16.265243932958956,7.752532954327762,109.90144696552306,7978.802816901409
1778007168,80,GET,/product/9SIQT8TOJO,0.500000,0.000000,9,11,11,15,15,15,15,15,15,15,15,65,0,12,18.937200617689925,8.001554990187287,115.66757597029209,8023.246153846154
1778007168,80,GET,/product/L9ECAV7KIM,0.600000,0.000000,13,13,13,14,14,14,14,14,14,14,14,61,0,12,17.64879601274724,8.082871907390654,119.41614805255085,7994.737704918033
1778007168,80,GET,/product/LS4PSXUNUM,0.700000,0.000000,12,12,13,13,13,13,13,13,13,13,13,69,0,11,13.970951227457736,7.58157204836607,100.93898500781506,7991.231884057971
1778007168,80,GET,/product/OLJCESPC7Z,0.500000,0.000000,11,11,11,11,11,11,11,11,11,11,11,58,0,12,13.32034187086312,8.081489009782672,70.59262995608151,8022.0344827586205
1778007168,80,,Aggregated,45.900000,0.000000,14,16,18,19,25,31,36,49,69,69,69,4292,0,15,23.986488629092584,7.58157204836607,1164.8084060288966,10617.716915191053
1778007169,80,GET,/,33.900000,0.000000,14,15,17,18,21,25,34,44,69,69,69,3254,0,15,24.272081014009327,8.888204931281507,1164.8084060288966,10545.180086047942
1778007169,80,POST,/cart,4.500000,0.000000,26,29,33,34,35,53,64,64,64,64,64,337,0,28,34.95265723818233,16.601591953076422,269.8390349978581,17740.85756676558
1778007169,80,POST,/cart/checkout,1.700000,0.000000,16,17,18,20,20,21,21,21,21,21,21,176,0,16,21.056502208177168,10.810808977112174,187.54518509376794,6802.573863636364
1778007169,80,GET,/product/0PUK6V6EV0,0.500000,0.000000,12,12,13,13,13,13,13,13,13,13,13,48,0,12,13.431161984044593,7.142873015254736,59.50918490998447,7999.354166666667
1778007169,80,GET,/product/1YMWWN1N4O,0.500000,0.000000,15,15,16,16,20,20,20,20,20,20,20,64,0,12,12.788486223143991,8.472762070596218,27.387983980588615,8028.09375
1778007169,80,GET,/product/2ZYFJ3GM2N,1.100000,0.000000,9,10,10,10,12,12,12,12,12,12,12,75,0,12,16.842298693954945,7.6143600745126605,95.62590694986284,8018.333333333333
1778007169,80,GET,/product/66VCHSJNUP,0.800000,0.000000,12,12,12,12,16,16,16,16,16,16,16,62,0,12,20.34822150111018,8.338495041243732,203.3987189643085,7976.435483870968
1778007169,80,GET,/product/6E92ZMYYFZ,0.500000,0.000000,12,13,13,26,26,26,26,26,26,26,26,72,0,12,16.19891301702915,7.752532954327762,109.90144696552306,7979.708333333333
1778007169,80,GET,/product/9SIQT8TOJO,0.600000,0.000000,9,11,11,15,15,15,15,15,15,15,15,65,0,12,18.937200617689925,8.001554990187287,115.66757597029209,8023.246153846154
1778007169,80,GET,/product/L9ECAV7KIM,0.500000,0.000000,13,13,13,14,14,14,14,14,14,14,14,61,0,12,17.64879601274724,8.082871907390654,119.41614805255085,7994.737704918033
1778007169,80,GET,/product/LS4PSXUNUM,0.900000,0.000000,12,12,12,13,13,13,13,13,13,13,13,69,0,11,13.970951227457736,7.58157204836607,100.93898500781506,7991.231884057971
1778007169,80,GET,/product/OLJCESPC7Z,0.400000,0.000000,11,12,12,13,13,13,13,13,13,13,13,60,0,12,13.295180924857656,8.081489009782672,70.59262995608151,8022.083333333333
1778007169,80,,Aggregated,45.900000,0.000000,14,16,17,19,25,31,35,49,69,69,69,4343,0,15,23.875152049381384,7.142873015254736,1164.8084060288966,10614.798065853098
1778007170,80,GET,/,33.600000,0.000000,14,15,17,18,21,25,34,44,69,69,69,3286,0,15,24.190324785120385,8.888204931281507,1164.8084060288966,10545.38131466829
1778007170,80,POST,/cart,4.300000,0.000000,27,30,33,34,35,53,64,64,64,64,64,338,0,28,34.92061680557548,16.601591953076422,269.8390349978581,17741.28402366864
1778007170,80,POST,/cart/checkout,1.700000,0.000000,16,17,17,17,20,21,21,21,21,21,21,177,0,16,21.03309688489821,10.810808977112174,187.54518509376794,6802.485875706215
1778007170,80,GET,/product/0PUK6V6EV0,0.500000,0.000000,12,12,12,12,13,13,13,13,13,13,13,50,0,12,13.342788182199001,7.142873015254736,59.50918490998447,8000.98
1778007170,80,GET,/product/1YMWWN1N4O,0.700000,0.000000,15,15,16,20,21,21,21,21,21,21,21,66,0,12,12.905779566305378,8.472762070596218,27.387983980588615,8028.378787878788
1778007170,80,GET,/product/2ZYFJ3GM2N,0.900000,0.000000,9,9,10,10,10,10,10,10,10,10,10,75,0,12,16.842298693954945,7.6143600745126605,95.62590694986284,8018.333333333333
1778007170,80,GET,/product/66VCHSJNUP,0.700000,0.000000,12,12,15,15,16,16,16,16,16,16,16,63,0,12,20.267988144907925,8.338495041243732,203.3987189643085,7977.492063492064
1778007170,80,GET,/product/6E92ZMYYFZ,0.500000,0.000000,12,13,13,26,26,26,26,26,26,26,26,72,0,12,16.19891301702915,7.752532954327762,109.90144696552306,7979.708333333333
1778007170,80,GET,/product/9SIQT8TOJO,0.600000,0.000000,9,9,9,11,11,11,11,11,11,11,11,66,0,12,18.77577910834754,8.001554990187287,115.66757597029209,8023.015151515152
1778007170,80,GET,/product/L9ECAV7KIM,0.500000,0.000000,13,13,13,14,14,14,14,14,14,14,14,61,0,12,17.64879601274724,8.082871907390654,119.41614805255085,7994.737704918033
1778007170,80,GET,/product/LS4PSXUNUM,1.200000,0.000000,12,12,12,13,13,13,13,13,13,13,13,69,0,11,13.970951227457736,7.58157204836607,100.93898500781506,7991.231884057971
1778007170,80,GET,/product/OLJCESPC7Z,0.400000,0.000000,11,12,12,13,13,13,13,13,13,13,13,60,0,12,13.295180924857656,8.081489009782672,70.59262995608151,8022.083333333333
1778007170,80,,Aggregated,45.600000,0.000000,14,16,18,19,25,31,35,49,69,69,69,4383,0,15,23.800642617800516,7.142873015254736,1164.8084060288966,10611.693588866074
1778007171,80,GET,/,34.400000,0.000000,14,15,17,18,23,31,44,51,69,69,69,3327,0,15,24.127262063652807,8.888204931281507,1164.8084060288966,10545.53381424707
1778007171,80,POST,/cart,4.100000,0.000000,26,29,32,34,45,53,64,64,64,64,64,342,0,28,34.91026257356759,16.601591953076422,269.8390349978581,17763.748538011696
1778007171,80,POST,/cart/checkout,1.800000,0.000000,16,17,17,17,21,24,24,24,24,24,24,179,0,16,21.00143510934132,10.810808977112174,187.54518509376794,6802.63687150838
1778007171,80,GET,/product/0PUK6V6EV0,0.400000,0.000000,11,11,12,12,12,12,12,12,12,12,12,51,0,12,13.258881236919585,7.142873015254736,59.50918490998447,8000.529411764706
1778007171,80,GET,/product/1YMWWN1N4O,0.800000,0.000000,12,15,16,20,21,21,21,21,21,21,21,66,0,12,12.905779566305378,8.472762070596218,27.387983980588615,8028.378787878788
1778007171,80,GET,/product/2ZYFJ3GM2N,0.900000,0.000000,9,10,10,10,11,11,11,11,11,11,11,78,0,11,16.58838392438319,7.6143600745126605,95.62590694986284,8018.525641025641
1778007171,80,GET,/product/66VCHSJNUP,0.700000,0.000000,12,12,15,15,16,16,16,16,16,16,16,63,0,12,20.267988144907925,8.338495041243732,203.3987189643085,7977.492063492064
1778007171,80,GET,/product/6E92ZMYYFZ,0.500000,0.000000,13,13,26,26,26,26,26,26,26,26,26,72,0,12,16.19891301702915,7.752532954327762,109.90144696552306,7979.708333333333
1778007171,80,GET,/product/9SIQT8TOJO,0.500000,0.000000,9,9,9,9,9,9,9,9,9,9,9,66,0,12,18.77577910834754,8.001554990187287,115.66757597029209,8023.015151515152
1778007171,80,GET,/product/L9ECAV7KIM,0.500000,0.000000,13,13,13,20,20,20,20,20,20,20,20,63,0,12,17.569102692447366,8.082871907390654,119.41614805255085,7992.3650793650795
1778007171,80,GET,/product/LS4PSXUNUM,1.200000,0.000000,12,12,13,13,13,13,13,13,13,13,13,69,0,11,13.970951227457736,7.58157204836607,100.93898500781506,7991.231884057971
1778007171,80,GET,/product/OLJCESPC7Z,0.600000,0.000000,12,12,13,13,13,13,13,13,13,13,13,60,0,12,13.295180924857656,8.081489009782672,70.59262995608151,8022.083333333333
1778007171,80,,Aggregated,46.400000,0.000000,14,16,18,20,25,33,45,51,69,69,69,4436,0,15,23.747252543368464,7.142873015254736,1164.8084060288966,10614.086789900812
1778007172,80,GET,/,33.900000,0.000000,14,15,17,18,23,31,44,51,69,69,69,3361,0,15,24.031883856810616,8.888204931281507,1164.8084060288966,10545.672716453437
1778007172,80,POST,/cart,3.700000,0.000000,26,29,32,34,45,53,64,64,64,64,64,346,0,28,34.78807451188661,16.601591953076422,269.8390349978581,17773.352601156068
1778007172,80,POST,/cart/checkout,1.700000,0.000000,17,17,17,17,21,24,24,24,24,24,24,179,0,16,21.00143510934132,10.810808977112174,187.54518509376794,6802.63687150838
1778007172,80,GET,/product/0PUK6V6EV0,0.600000,0.000000,11,11,12,12,12,12,12,12,12,12,12,51,0,12,13.258881236919585,7.142873015254736,59.50918490998447,8000.529411764706
1778007172,80,GET,/product/1YMWWN1N4O,1.000000,0.000000,12,15,16,20,21,21,21,21,21,21,21,67,0,12,12.887698094318829,8.472762070596218,27.387983980588615,8028.865671641791
1778007172,80,GET,/product/2ZYFJ3GM2N,0.800000,0.000000,10,10,10,11,22,22,22,22,22,22,22,79,0,11,16.663123330372514,7.6143600745126605,95.62590694986284,8019.556962025316
1778007172,80,GET,/product/66VCHSJNUP,0.700000,0.000000,12,15,16,16,29,29,29,29,29,29,29,64,0,12,20.408700111147482,8.338495041243732,203.3987189643085,7976.78125
1778007172,80,GET,/product/6E92ZMYYFZ,0.500000,0.000000,12,13,13,26,26,26,26,26,26,26,26,73,0,12,16.132858017306418,7.752532954327762,109.90144696552306,7978.821917808219
1778007172,80,GET,/product/9SIQT8TOJO,0.500000,0.000000,9,9,9,9,9,9,9,9,9,9,9,66,0,12,18.77577910834754,8.001554990187287,115.66757597029209,8023.015151515152
1778007172,80,GET,/product/L9ECAV7KIM,0.300000,0.000000,13,13,20,20,24,24,24,24,24,24,24,64,0,12,17.671436524324236,8.082871907390654,119.41614805255085,7992.90625
1778007172,80,GET,/product/LS4PSXUNUM,1.000000,0.000000,12,12,13,13,13,13,13,13,13,13,13,71,0,11,13.93427339244739,7.58157204836607,100.93898500781506,7990.6760563380285
1778007172,80,GET,/product/OLJCESPC7Z,0.500000,0.000000,12,12,13,13,13,13,13,13,13,13,13,60,0,12,13.295180924857656,8.081489009782672,70.59262995608151,8022.083333333333
1778007172,80,,Aggregated,45.200000,0.000000,14,16,18,21,26,33,45,51,69,69,69,4481,0,15,23.669768095149912,7.142873015254736,1164.8084060288966,10616.706092390092
1778007173,80,GET,/,34.700000,0.000000,14,15,17,18,23,29,44,51,69,69,69,3393,0,15,23.944358236543152,8.888204931281507,1164.8084060288966,10545.784851164162
1778007173,80,POST,/cart,3.800000,0.000000,26,29,32,34,45,53,64,64,64,64,64,350,0,28,34.71619894595018,16.601591953076422,269.8390349978581,17770.442857142858
1778007173,80,POST,/cart/checkout,1.900000,0.000000,17,17,21,21,24,24,24,24,24,24,24,179,0,16,21.00143510934132,10.810808977112174,187.54518509376794,6802.63687150838
1778007173,80,GET,/product/0PUK6V6EV0,0.600000,0.000000,11,11,12,12,12,12,12,12,12,12,12,51,0,12,13.258881236919585,7.142873015254736,59.50918490998447,8000.529411764706
1778007173,80,GET,/product/1YMWWN1N4O,1.000000,0.000000,12,12,16,20,21,21,21,21,21,21,21,68,0,12,12.82242637278293,8.449221029877663,27.387983980588615,8029.10294117647
1778007173,80,GET,/product/2ZYFJ3GM2N,1.000000,0.000000,10,10,10,11,22,22,22,22,22,22,22,79,0,11,16.663123330372514,7.6143600745126605,95.62590694986284,8019.556962025316
1778007173,80,GET,/product/66VCHSJNUP,0.600000,0.000000,15,16,17,17,29,29,29,29,29,29,29,66,0,12,20.21758903036684,8.338495041243732,203.3987189643085,7978.545454545455
1778007173,80,GET,/product/6E92ZMYYFZ,0.400000,0.000000,12,12,13,13,26,26,26,26,26,26,26,74,0,12,16.0808278282324,7.752532954327762,109.90144696552306,7979.283783783784
1778007173,80,GET,/product/9SIQT8TOJO,0.500000,0.000000,9,9,9,9,9,9,9,9,9,9,9,66,0,12,18.77577910834754,8.001554990187287,115.66757597029209,8023.015151515152
1778007173,80,GET,/product/L9ECAV7KIM,0.400000,0.000000,13,20,20,24,24,24,24,24,24,24,24,64,0,12,17.671436524324236,8.082871907390654,119.41614805255085,7992.90625
1778007173,80,GET,/product/LS4PSXUNUM,0.900000,0.000000,12,12,13,13,13,13,13,13,13,13,13,71,0,11,13.93427339244739,7.58157204836607,100.93898500781506,7990.6760563380285
1778007173,80,GET,/product/OLJCESPC7Z,0.400000,0.000000,12,12,13,13,13,13,13,13,13,13,13,60,0,12,13.295180924857656,8.081489009782672,70.59262995608151,8022.083333333333
1778007173,80,,Aggregated,46.200000,0.000000,14,16,19,21,25,32,45,51,69,69,69,4521,0,15,23.600798153535383,7.142873015254736,1164.8084060288966,10620.107277151074
1778007174,80,GET,/,34.300000,0.000000,14,16,17,19,23,29,44,51,69,69,69,3435,0,15,23.86369580884899,8.888204931281507,1164.8084060288966,10546.017758369724
1778007174,80,POST,/cart,3.700000,0.000000,26,28,30,34,42,46,64,64,64,64,64,353,0,28,34.674638377373284,16.601591953076422,269.8390349978581,17787.507082152973
1778007174,80,POST,/cart/checkout,1.600000,0.000000,17,17,19,21,24,24,24,24,24,24,24,183,0,16,20.855511161447833,10.810808977112174,187.54518509376794,6802.601092896175
1778007174,80,GET,/product/0PUK6V6EV0,0.600000,0.000000,11,11,12,12,12,12,12,12,12,12,12,53,0,12,13.118154887672302,7.142873015254736,59.50918490998447,8002.169811320755
1778007174,80,GET,/product/1YMWWN1N4O,1.000000,0.000000,12,12,16,20,21,21,21,21,21,21,21,68,0,12,12.82242637278293,8.449221029877663,27.387983980588615,8029.10294117647
1778007174,80,GET,/product/2ZYFJ3GM2N,1.000000,0.000000,9,10,11,11,22,22,22,22,22,22,22,79,0,11,16.663123330372514,7.6143600745126605,95.62590694986284,8019.556962025316
1778007174,80,GET,/product/66VCHSJNUP,0.700000,0.000000,15,16,17,17,29,29,29,29,29,29,29,66,0,12,20.21758903036684,8.338495041243732,203.3987189643085,7978.545454545455
1778007174,80,GET,/product/6E92ZMYYFZ,0.500000,0.000000,12,12,12,13,13,13,13,13,13,13,13,74,0,12,16.0808278282324,7.752532954327762,109.90144696552306,7979.283783783784
1778007174,80,GET,/product/9SIQT8TOJO,0.400000,0.000000,9,9,9,9,9,9,9,9,9,9,9,66,0,12,18.77577910834754,8.001554990187287,115.66757597029209,8023.015151515152
1778007174,80,GET,/product/L9ECAV7KIM,0.600000,0.000000,13,20,20,24,24,24,24,24,24,24,24,64,0,12,17.671436524324236,8.082871907390654,119.41614805255085,7992.90625
1778007174,80,GET,/product/LS4PSXUNUM,0.700000,0.000000,12,13,13,13,19,19,19,19,19,19,19,73,0,11,13.949870532187187,7.58157204836607,100.93898500781506,7992.246575342466
1778007174,80,GET,/product/OLJCESPC7Z,0.400000,0.000000,13,14,14,24,24,24,24,24,24,24,24,62,0,12,13.469378719286572,8.081489009782672,70.59262995608151,8022.032258064516
1778007174,80,,Aggregated,45.500000,0.000000,14,17,19,21,25,31,45,51,69,69,69,4576,0,15,23.527104996087377,7.142873015254736,1164.8084060288966,10618.87937062937
1778007175,80,GET,/,34.200000,0.000000,14,16,17,18,24,29,46,51,69,69,69,3462,0,15,23.798456660335734,8.888204931281507,1164.8084060288966,10546.063258232236
1778007175,80,POST,/cart,3.700000,0.000000,27,29,30,34,45,46,64,64,64,64,64,355,0,28,34.61817333009094,16.601591953076422,269.8390349978581,17783.92676056338
1778007175,80,POST,/cart/checkout,1.100000,0.000000,17,19,21,21,22,24,24,24,24,24,24,184,0,16,20.86351829095055,10.810808977112174,187.54518509376794,6802.45652173913
1778007175,80,GET,/product/0PUK6V6EV0,0.500000,0.000000,10,11,12,12,12,12,12,12,12,12,12,53,0,12,13.118154887672302,7.142873015254736,59.50918490998447,8002.169811320755
1778007175,80,GET,/product/1YMWWN1N4O,1.000000,0.000000,12,14,20,20,21,62,62,62,62,62,62,71,0,12,13.46416876513616,8.449221029877663,61.58479303121567,8029.098591549296
1778007175,80,GET,/product/2ZYFJ3GM2N,0.900000,0.000000,10,10,11,11,22,22,22,22,22,22,22,79,0,11,16.663123330372514,7.6143600745126605,95.62590694986284,8019.556962025316
1778007175,80,GET,/product/66VCHSJNUP,0.600000,0.000000,15,16,17,17,29,29,29,29,29,29,29,67,0,12,20.09904998660421,8.338495041243732,203.3987189643085,7978.776119402985
1778007175,80,GET,/product/6E92ZMYYFZ,0.600000,0.000000,12,12,12,13,13,13,13,13,13,13,13,74,0,12,16.0808278282324,7.752532954327762,109.90144696552306,7979.283783783784
1778007175,80,GET,/product/9SIQT8TOJO,0.300000,0.000000,9,9,9,9,9,9,9,9,9,9,9,66,0,12,18.77577910834754,8.001554990187287,115.66757597029209,8023.015151515152
1778007175,80,GET,/product/L9ECAV7KIM,0.600000,0.000000,13,20,20,24,24,24,24,24,24,24,24,65,0,12,17.551359915747664,8.082871907390654,119.41614805255085,7992.0
1778007175,80,GET,/product/LS4PSXUNUM,0.800000,0.000000,12,13,13,13,19,19,19,19,19,19,19,73,0,11,13.949870532187187,7.58157204836607,100.93898500781506,7992.246575342466
1778007175,80,GET,/product/OLJCESPC7Z,0.400000,0.000000,13,14,14,24,24,24,24,24,24,24,24,62,0,12,13.469378719286572,8.081489009782672,70.59262995608151,8022.032258064516
1778007175,80,,Aggregated,44.700000,0.000000,14,16,19,20,25,32,46,57,69,69,69,4611,0,15,23.47783566336627,7.142873015254736,1164.8084060288966,10617.650618087182
1778007176,80,GET,/,34.900000,0.000000,14,16,17,19,23,29,38,46,58,58,58,3496,0,15,23.72626317509139,8.888204931281507,1164.8084060288966,10546.141590389016
1778007176,80,POST,/cart,4.000000,0.000000,27,28,29,37,43,45,46,46,46,46,46,362,0,28,34.572835760165354,16.601591953076422,269.8390349978581,17789.770718232045
1778007176,80,POST,/cart/checkout,1.100000,0.000000,17,17,19,22,24,24,24,24,24,24,24,185,0,16,20.83552229482479,10.810808977112174,187.54518509376794,6802.605405405406
1778007176,80,GET,/product/0PUK6V6EV0,0.700000,0.000000,10,11,12,12,12,12,12,12,12,12,12,53,0,12,13.118154887672302,7.142873015254736,59.50918490998447,8002.169811320755
1778007176,80,GET,/product/1YMWWN1N4O,1.000000,0.000000,12,16,20,20,21,62,62,62,62,62,62,71,0,12,13.46416876513616,8.449221029877663,61.58479303121567,8029.098591549296
1778007176,80,GET,/product/2ZYFJ3GM2N,0.700000,0.000000,10,11,13,13,22,22,22,22,22,22,22,80,0,11,16.612083250947762,7.6143600745126605,95.62590694986284,8019.975
1778007176,80,GET,/product/66VCHSJNUP,0.700000,0.000000,15,16,17,17,29,29,29,29,29,29,29,68,0,12,20.020247678450474,8.338495041243732,203.3987189643085,7977.85294117647
1778007176,80,GET,/product/6E92ZMYYFZ,0.500000,0.000000,12,12,19,19,19,19,19,19,19,19,19,75,0,12,16.12497619042794,7.752532954327762,109.90144696552306,7979.506666666667
1778007176,80,GET,/product/9SIQT8TOJO,0.300000,0.000000,9,9,9,9,9,9,9,9,9,9,9,66,0,12,18.77577910834754,8.001554990187287,115.66757597029209,8023.015151515152
1778007176,80,GET,/product/L9ECAV7KIM,0.500000,0.000000,13,20,20,24,24,24,24,24,24,24,24,65,0,12,17.551359915747664,8.082871907390654,119.41614805255085,7992.0
1778007176,80,GET,/product/LS4PSXUNUM,0.900000,0.000000,12,13,13,13,19,19,19,19,19,19,19,74,0,11,13.888758267401844,7.58157204836607,100.93898500781506,7991.418918918919
1778007176,80,GET,/product/OLJCESPC7Z,0.500000,0.000000,14,14,24,24,24,24,24,24,24,24,24,62,0,12,13.469378719286572,8.081489009782672,70.59262995608151,8022.032258064516
1778007176,80,,Aggregated,45.800000,0.000000,14,17,19,21,25,30,43,46,62,62,62,4657,0,15,23.42941776804033,7.142873015254736,1164.8084060288966,10625.328752415719
1778007177,80,GET,/,34.800000,0.000000,14,15,17,18,23,29,38,46,58,58,58,3529,0,15,23.64723403252884,8.888204931281507,1164.8084060288966,10546.231793709267
1778007177,80,POST,/cart,3.500000,0.000000,27,29,32,37,42,45,46,46,46,46,46,365,0,28,34.562615342820955,16.601591953076422,269.8390349978581,17802.11232876712
1778007177,80,POST,/cart/checkout,1.100000,0.000000,17,17,19,19,22,24,24,24,24,24,24,187,0,16,20.784048094005787,10.810808977112174,187.54518509376794,6802.705882352941
1778007177,80,GET,/product/0PUK6V6EV0,0.700000,0.000000,11,12,12,12,35,35,35,35,35,35,35,54,0,12,13.518085612708497,7.142873015254736,59.50918490998447,8001.314814814815
1778007177,80,GET,/product/1YMWWN1N4O,1.300000,0.000000,14,16,20,21,62,62,62,62,62,62,62,71,0,12,13.46416876513616,8.449221029877663,61.58479303121567,8029.098591549296
1778007177,80,GET,/product/2ZYFJ3GM2N,0.700000,0.000000,10,11,13,13,22,22,22,22,22,22,22,80,0,11,16.612083250947762,7.6143600745126605,95.62590694986284,8019.975
1778007177,80,GET,/product/66VCHSJNUP,0.800000,0.000000,16,17,19,19,29,29,29,29,29,29,29,69,0,12,20.010232451317858,8.338495041243732,203.3987189643085,7977.014492753623
1778007177,80,GET,/product/6E92ZMYYFZ,0.500000,0.000000,12,12,19,19,19,19,19,19,19,19,19,75,0,12,16.12497619042794,7.752532954327762,109.90144696552306,7979.506666666667
1778007177,80,GET,/product/9SIQT8TOJO,0.300000,0.000000,8,8,8,8,8,8,8,8,8,8,8,66,0,12,18.77577910834754,8.001554990187287,115.66757597029209,8023.015151515152
1778007177,80,GET,/product/L9ECAV7KIM,0.500000,0.000000,13,13,20,20,24,24,24,24,24,24,24,66,0,12,17.465694022548355,8.082871907390654,119.41614805255085,7992.560606060606
1778007177,80,GET,/product/LS4PSXUNUM,1.000000,0.000000,12,13,13,13,19,19,19,19,19,19,19,74,0,11,13.888758267401844,7.58157204836607,100.93898500781506,7991.418918918919
1778007177,80,GET,/product/OLJCESPC7Z,0.500000,0.000000,13,14,14,24,24,24,24,24,24,24,24,63,0,12,13.446866166925737,8.081489009782672,70.59262995608151,8023.269841269841
1778007177,80,,Aggregated,45.700000,0.000000,14,17,19,21,26,32,43,46,62,62,62,4699,0,15,23.371972104778884,7.142873015254736,1164.8084060288966,10626.516280059586
1778007178,80,GET,/,34.700000,0.000000,14,15,17,19,23,29,38,46,58,58,58,3566,0,15,23.550326511713315,8.888204931281507,1164.8084060288966,10546.342400448682
1778007178,80,POST,/cart,3.700000,0.000000,29,31,32,37,42,45,46,46,46,46,46,368,0,28,34.53837971249848,16.601591953076422,269.8390349978581,17810.551630434784
1778007178,80,POST,/cart/checkout,1.000000,0.000000,16,17,17,19,22,24,24,24,24,24,24,189,0,16,20.72721862212001,10.810808977112174,187.54518509376794,6802.513227513227
1778007178,80,GET,/product/0PUK6V6EV0,0.700000,0.000000,11,11,12,12,35,35,35,35,35,35,35,54,0,12,13.518085612708497,7.142873015254736,59.50918490998447,8001.314814814815
1778007178,80,GET,/product/1YMWWN1N4O,1.200000,0.000000,12,14,21,21,62,62,62,62,62,62,62,71,0,12,13.46416876513616,8.449221029877663,61.58479303121567,8029.098591549296
1778007178,80,GET,/product/2ZYFJ3GM2N,0.700000,0.000000,11,13,13,22,22,22,22,22,22,22,22,80,0,11,16.612083250947762,7.6143600745126605,95.62590694986284,8019.975
1778007178,80,GET,/product/66VCHSJNUP,0.800000,0.000000,15,17,19,19,29,29,29,29,29,29,29,69,0,12,20.010232451317858,8.338495041243732,203.3987189643085,7977.014492753623
1778007178,80,GET,/product/6E92ZMYYFZ,0.400000,0.000000,12,12,12,19,19,19,19,19,19,19,19,76,0,12,16.06894505675882,7.752532954327762,109.90144696552306,7978.368421052632
1778007178,80,GET,/product/9SIQT8TOJO,0.200000,0.000000,8,8,8,8,8,8,8,8,8,8,8,66,0,12,18.77577910834754,8.001554990187287,115.66757597029209,8023.015151515152
1778007178,80,GET,/product/L9ECAV7KIM,0.500000,0.000000,12,20,20,24,24,24,24,24,24,24,24,66,0,12,17.465694022548355,8.082871907390654,119.41614805255085,7992.560606060606
1778007178,80,GET,/product/LS4PSXUNUM,1.100000,0.000000,12,13,13,13,19,19,19,19,19,19,19,74,0,11,13.888758267401844,7.58157204836607,100.93898500781506,7991.418918918919
1778007178,80,GET,/product/OLJCESPC7Z,0.400000,0.000000,14,14,16,16,24,24,24,24,24,24,24,64,0,12,13.485588289768202,8.081489009782672,70.59262995608151,8024.390625
1778007178,80,,Aggregated,45.400000,0.000000,14,17,19,21,26,32,43,46,62,62,62,4743,0,15,23.299106159068774,7.142873015254736,1164.8084060288966,10628.43643263757
1778007179,80,GET,/,34.700000,0.000000,14,15,18,20,24,32,44,55,60,60,60,3596,0,15,23.529800197369344,8.888204931281507,1164.8084060288966,10546.369299221356
1778007179,80,POST,/cart,3.300000,0.000000,29,31,32,38,43,45,46,46,46,46,46,368,0,28,34.53837971249848,16.601591953076422,269.8390349978581,17810.551630434784
1778007179,80,POST,/cart/checkout,1.200000,0.000000,15,16,17,19,22,24,24,24,24,24,24,190,0,16,20.689524113396672,10.810808977112174,187.54518509376794,6802.547368421053
1778007179,80,GET,/product/0PUK6V6EV0,0.800000,0.000000,11,12,15,15,35,35,35,35,35,35,35,55,0,12,13.543435294096442,7.142873015254736,59.50918490998447,8001.636363636364
1778007179,80,GET,/product/1YMWWN1N4O,1.100000,0.000000,14,17,21,21,62,62,62,62,62,62,62,72,0,12,13.512961045813022,8.449221029877663,61.58479303121567,8029.347222222223
1778007179,80,GET,/product/2ZYFJ3GM2N,0.500000,0.000000,11,13,13,22,22,22,22,22,22,22,22,80,0,11,16.612083250947762,7.6143600745126605,95.62590694986284,8019.975
1778007179,80,GET,/product/66VCHSJNUP,0.800000,0.000000,15,17,19,19,29,29,29,29,29,29,29,69,0,12,20.010232451317858,8.338495041243732,203.3987189643085,7977.014492753623
1778007179,80,GET,/product/6E92ZMYYFZ,0.400000,0.000000,12,16,16,19,19,19,19,19,19,19,19,77,0,12,16.06930074487607,7.752532954327762,109.90144696552306,7977.519480519481
1778007179,80,GET,/product/9SIQT8TOJO,0.100000,0.000000,32,32,32,32,32,32,32,32,32,32,32,67,0,12,18.97544131454414,8.001554990187287,115.66757597029209,8024.104477611941
1778007179,80,GET,/product/L9ECAV7KIM,0.600000,0.000000,12,12,20,20,24,24,24,24,24,24,24,67,0,12,17.351404961837982,8.082871907390654,119.41614805255085,7993.671641791045
1778007179,80,GET,/product/LS4PSXUNUM,0.800000,0.000000,12,12,13,13,19,19,19,19,19,19,19,75,0,11,13.841940731120607,7.58157204836607,100.93898500781506,7990.8533333333335
1778007179,80,GET,/product/OLJCESPC7Z,0.500000,0.000000,14,14,16,16,24,24,24,24,24,24,24,64,0,12,13.485588289768202,8.081489009782672,70.59262995608151,8024.390625
1778007179,80,,Aggregated,44.800000,0.000000,14,17,20,22,29,37,46,57,62,62,62,4780,0,15,23.27494722268365,7.142873015254736,1164.8084060288966,10623.862133891213
1778007180,80,GET,/,35.000000,0.000000,14,17,19,21,29,49,80,110,150,150,150,3627,0,15,23.74246788187672,8.888204931281507,1164.8084060288966,10546.4317617866
1778007180,80,POST,/cart,3.400000,0.000000,29,32,38,40,59,110,180,180,180,180,180,373,0,28,35.362788604013126,16.601591953076422,269.8390349978581,17822.914209115283
1778007180,80,POST,/cart/checkout,1.400000,0.000000,16,17,19,22,24,44,44,44,44,44,44,191,0,16,20.81287720762388,10.810808977112174,187.54518509376794,6802.497382198952
1778007180,80,GET,/product/0PUK6V6EV0,0.800000,0.000000,10,10,15,15,35,35,35,35,35,35,35,56,0,12,13.439762699168309,7.142873015254736,59.50918490998447,8001.142857142857
1778007180,80,GET,/product/1YMWWN1N4O,0.900000,0.000000,14,14,17,17,62,62,62,62,62,62,62,72,0,12,13.512961045813022,8.449221029877663,61.58479303121567,8029.347222222223
1778007180,80,GET,/product/2ZYFJ3GM2N,0.500000,0.000000,22,22,22,22,22,22,22,22,22,22,22,80,0,11,16.612083250947762,7.6143600745126605,95.62590694986284,8019.975
1778007180,80,GET,/product/66VCHSJNUP,0.800000,0.000000,17,17,19,19,29,29,29,29,29,29,29,69,0,12,20.010232451317858,8.338495041243732,203.3987189643085,7977.014492753623
1778007180,80,GET,/product/6E92ZMYYFZ,0.500000,0.000000,14,16,19,19,130,130,130,130,130,130,130,79,0,12,17.486221724354863,7.752532954327762,129.5796389458701,7978.708860759493
1778007180,80,GET,/product/9SIQT8TOJO,0.100000,0.000000,32,32,32,32,32,32,32,32,32,32,32,67,0,12,18.97544131454414,8.001554990187287,115.66757597029209,8024.104477611941
1778007180,80,GET,/product/L9ECAV7KIM,0.500000,0.000000,11,12,12,24,24,24,24,24,24,24,24,67,0,12,17.351404961837982,8.082871907390654,119.41614805255085,7993.671641791045
1778007180,80,GET,/product/LS4PSXUNUM,0.500000,0.000000,12,12,13,13,19,19,19,19,19,19,19,75,0,11,13.841940731120607,7.58157204836607,100.93898500781506,7990.8533333333335
1778007180,80,GET,/product/OLJCESPC7Z,0.500000,0.000000,16,24,24,140,140,140,140,140,140,140,140,65,0,12,15.420855716085779,8.081489009782672,139.27797100041062,8025.0
1778007180,80,,Aggregated,44.900000,0.000000,14,18,21,24,33,58,110,140,180,180,180,4821,0,15,23.557468305809977,7.142873015254736,1164.8084060288966,10628.867247459033
1778007181,80,GET,/,34.000000,0.000000,14,18,21,24,54,79,110,140,150,150,150,3664,0,15,24.000577640368434,8.888204931281507,1164.8084060288966,10546.463973799127
1778007181,80,POST,/cart,3.100000,0.000000,31,40,43,59,91,110,180,180,180,180,180,380,0,28,35.66912242738334,16.601591953076422,269.8390349978581,17835.184210526317
1778007181,80,POST,/cart/checkout,1.400000,0.000000,16,17,22,31,44,130,130,130,130,130,130,194,0,16,21.414042379078214,10.810808977112174,187.54518509376794,6802.556701030928
1778007181,80,GET,/product/0PUK6V6EV0,0.700000,0.000000,10,11,15,15,35,35,35,35,35,35,35,57,0,12,13.389956843304006,7.142873015254736,59.50918490998447,7999.964912280701
1778007181,80,GET,/product/1YMWWN1N4O,0.800000,0.000000,14,14,17,17,62,62,62,62,62,62,62,73,0,12,13.50070461981662,8.449221029877663,61.58479303121567,8030.109589041096
1778007181,80,GET,/product/2ZYFJ3GM2N,0.500000,0.000000,22,22,22,22,22,22,22,22,22,22,22,80,0,11,16.612083250947762,7.6143600745126605,95.62590694986284,8019.975
1778007181,80,GET,/product/66VCHSJNUP,0.700000,0.000000,15,17,17,19,19,19,19,19,19,19,19,69,0,12,20.010232451317858,8.338495041243732,203.3987189643085,7977.014492753623
1778007181,80,GET,/product/6E92ZMYYFZ,0.500000,0.000000,16,16,19,19,130,130,130,130,130,130,130,79,0,12,17.486221724354863,7.752532954327762,129.5796389458701,7978.708860759493
1778007181,80,GET,/product/9SIQT8TOJO,0.200000,0.000000,32,32,32,32,32,32,32,32,32,32,32,67,0,12,18.97544131454414,8.001554990187287,115.66757597029209,8024.104477611941
1778007181,80,GET,/product/L9ECAV7KIM,0.600000,0.000000,12,13,19,19,24,24,24,24,24,24,24,69,0,12,17.314717991857965,8.082871907390654,119.41614805255085,7993.869565217391
1778007181,80,GET,/product/LS4PSXUNUM,0.600000,0.000000,12,12,13,13,19,19,19,19,19,19,19,75,0,11,13.841940731120607,7.58157204836607,100.93898500781506,7990.8533333333335
1778007181,80,GET,/product/OLJCESPC7Z,0.400000,0.000000,16,24,24,140,140,140,140,140,140,140,140,65,0,12,15.420855716085779,8.081489009782672,139.27797100041062,8025.0
1778007181,80,,Aggregated,43.500000,0.000000,15,20,24,28,58,83,130,140,180,180,180,4872,0,15,23.808116111844168,7.142873015254736,1164.8084060288966,10635.050697865354
1778007182,80,GET,/,33.900000,0.000000,15,18,21,24,54,79,110,140,150,150,150,3695,0,15,23.95346110396173,8.888204931281507,1164.8084060288966,10546.548308525034
1778007182,80,POST,/cart,3.400000,0.000000,31,38,43,59,91,110,180,180,180,180,180,383,0,28,35.61211883682544,16.601591953076422,269.8390349978581,17843.065274151435
1778007182,80,POST,/cart/checkout,1.400000,0.000000,16,17,22,22,44,130,130,130,130,130,130,195,0,16,21.37431148976947,10.810808977112174,187.54518509376794,6802.5179487179485
1778007182,80,GET,/product/0PUK6V6EV0,0.600000,0.000000,11,11,15,15,35,35,35,35,35,35,35,57,0,12,13.389956843304006,7.142873015254736,59.50918490998447,7999.964912280701
1778007182,80,GET,/product/1YMWWN1N4O,0.600000,0.000000,14,14,14,17,62,62,62,62,62,62,62,77,0,12,13.442825341548819,8.449221029877663,61.58479303121567,8030.051948051948
1778007182,80,GET,/product/2ZYFJ3GM2N,0.500000,0.000000,22,22,22,22,22,22,22,22,22,22,22,80,0,11,16.612083250947762,7.6143600745126605,95.62590694986284,8019.975
1778007182,80,GET,/product/66VCHSJNUP,0.600000,0.000000,17,17,19,19,19,19,19,19,19,19,19,69,0,12,20.010232451317858,8.338495041243732,203.3987189643085,7977.014492753623
1778007182,80,GET,/product/6E92ZMYYFZ,0.600000,0.000000,16,16,19,19,130,130,130,130,130,130,130,79,0,12,17.486221724354863,7.752532954327762,129.5796389458701,7978.708860759493
1778007182,80,GET,/product/9SIQT8TOJO,0.100000,0.000000,32,32,32,32,32,32,32,32,32,32,32,67,0,12,18.97544131454414,8.001554990187287,115.66757597029209,8024.104477611941
1778007182,80,GET,/product/L9ECAV7KIM,0.600000,0.000000,12,13,13,19,19,19,19,19,19,19,19,69,0,12,17.314717991857965,8.082871907390654,119.41614805255085,7993.869565217391
1778007182,80,GET,/product/LS4PSXUNUM,0.600000,0.000000,10,10,19,19,19,19,19,19,19,19,19,75,0,11,13.841940731120607,7.58157204836607,100.93898500781506,7990.8533333333335
1778007182,80,GET,/product/OLJCESPC7Z,0.500000,0.000000,16,24,24,140,140,140,140,140,140,140,140,65,0,12,15.420855716085779,8.081489009782672,139.27797100041062,8025.0
1778007182,80,,Aggregated,43.400000,0.000000,15,20,24,29,58,83,130,140,180,180,180,4911,0,15,23.765312894898887,7.142873015254736,1164.8084060288966,10636.663408674405
1778007183,80,GET,/,33.600000,0.000000,14,17,21,23,54,79,110,140,150,150,150,3737,0,15,23.86112784131203,8.888204931281507,1164.8084060288966,10546.61118544287
1778007183,80,POST,/cart,3.700000,0.000000,32,43,58,59,91,110,180,180,180,180,180,384,0,28,35.638995024479904,16.601591953076422,269.8390349978581,17839.408854166668
1778007183,80,POST,/cart/checkout,1.500000,0.000000,16,17,22,31,44,130,130,130,130,130,130,196,0,16,21.33583370655566,10.810808977112174,187.54518509376794,6802.581632653061
1778007183,80,GET,/product/0PUK6V6EV0,0.700000,0.000000,11,11,15,15,35,35,35,35,35,35,35,57,0,12,13.389956843304006,7.142873015254736,59.50918490998447,7999.964912280701
1778007183,80,GET,/product/1YMWWN1N4O,0.700000,0.000000,14,14,16,17,62,62,62,62,62,62,62,78,0,12,13.475008132771995,8.449221029877663,61.58479303121567,8029.666666666667
1778007183,80,GET,/product/2ZYFJ3GM2N,0.200000,0.000000,13,13,13,13,13,13,13,13,13,13,13,81,0,12,16.55997096468913,7.6143600745126605,95.62590694986284,8020.716049382716
1778007183,80,GET,/product/66VCHSJNUP,0.600000,0.000000,15,15,19,19,19,19,19,19,19,19,19,70,0,12,19.891640116527146,8.338495041243732,203.3987189643085,7978.142857142857
1778007183,80,GET,/product/6E92ZMYYFZ,0.700000,0.000000,15,16,19,19,130,130,130,130,130,130,130,81,0,12,17.345399016594904,7.752532954327762,129.5796389458701,7979.506172839506
1778007183,80,GET,/product/9SIQT8TOJO,0.100000,0.000000,32,32,32,32,32,32,32,32,32,32,32,67,0,12,18.97544131454414,8.001554990187287,115.66757597029209,8024.104477611941
1778007183,80,GET,/product/L9ECAV7KIM,0.600000,0.000000,12,13,13,19,19,19,19,19,19,19,19,69,0,12,17.314717991857965,8.082871907390654,119.41614805255085,7993.869565217391
1778007183,80,GET,/product/LS4PSXUNUM,0.600000,0.000000,12,12,12,19,19,19,19,19,19,19,19,77,0,11,13.787653244269842,7.58157204836607,100.93898500781506,7990.636363636364
1778007183,80,GET,/product/OLJCESPC7Z,0.500000,0.000000,16,24,24,140,140,140,140,140,140,140,140,65,0,12,15.420855716085779,8.081489009782672,139.27797100041062,8025.0
1778007183,80,,Aggregated,43.500000,0.000000,15,19,23,29,58,83,130,140,180,180,180,4962,0,15,23.683864413704296,7.142873015254736,1164.8084060288966,10632.652357920193
1778007184,80,GET,/,33.400000,0.000000,14,17,21,23,49,79,110,140,150,150,150,3767,0,15,23.785048298210643,8.888204931281507,1164.8084060288966,10546.728431112291
1778007184,80,POST,/cart,3.600000,0.000000,32,43,58,59,91,110,180,180,180,180,180,387,0,28,35.54096268562152,16.601591953076422,269.8390349978581,17839.576227390182
1778007184,80,POST,/cart/checkout,1.600000,0.000000,16,17,20,31,44,130,130,130,130,130,130,198,0,16,21.29717460819379,10.810808977112174,187.54518509376794,6802.616161616162
1778007184,80,GET,/product/0PUK6V6EV0,0.600000,0.000000,15,15,35,35,35,35,35,35,35,35,35,57,0,12,13.389956843304006,7.142873015254736,59.50918490998447,7999.964912280701
1778007184,80,GET,/product/1YMWWN1N4O,0.900000,0.000000,14,15,17,17,19,62,62,62,62,62,62,80,0,12,13.570449204416946,8.449221029877663,61.58479303121567,8030.3
1778007184,80,GET,/product/2ZYFJ3GM2N,0.100000,0.000000,12,12,13,13,13,13,13,13,13,13,13,82,0,11,16.48305274585898,7.6143600745126605,95.62590694986284,8021.280487804878
1778007184,80,GET,/product/66VCHSJNUP,0.500000,0.000000,15,15,19,19,19,19,19,19,19,19,19,70,0,12,19.891640116527146,8.338495041243732,203.3987189643085,7978.142857142857
1778007184,80,GET,/product/6E92ZMYYFZ,0.600000,0.000000,15,16,19,19,130,130,130,130,130,130,130,81,0,12,17.345399016594904,7.752532954327762,129.5796389458701,7979.506172839506
1778007184,80,GET,/product/9SIQT8TOJO,0.100000,0.000000,13,13,32,32,32,32,32,32,32,32,32,69,0,12,18.767457566750437,8.001554990187287,115.66757597029209,8025.376811594203
1778007184,80,GET,/product/L9ECAV7KIM,0.500000,0.000000,12,13,13,19,19,19,19,19,19,19,19,69,0,12,17.314717991857965,8.082871907390654,119.41614805255085,7993.869565217391
1778007184,80,GET,/product/LS4PSXUNUM,0.600000,0.000000,12,12,12,13,13,13,13,13,13,13,13,78,0,11,13.772085329923684,7.58157204836607,100.93898500781506,7990.102564102564
1778007184,80,GET,/product/OLJCESPC7Z,0.500000,0.000000,16,16,140,140,140,140,140,140,140,140,140,65,0,12,15.420855716085779,8.081489009782672,139.27797100041062,8025.0
1778007184,80,,Aggregated,43.000000,0.000000,15,18,23,27,54,83,130,140,180,180,180,5003,0,15,23.612549348795564,7.142873015254736,1164.8084060288966,10631.924445332801
1778007185,80,GET,/,34.200000,0.000000,14,17,20,22,49,79,110,140,150,150,150,3812,0,15,23.675201607704143,8.888204931281507,1164.8084060288966,10546.797481636935
1778007185,80,POST,/cart,3.500000,0.000000,32,43,58,62,110,110,180,180,180,180,180,391,0,28,35.521745993196014,16.601591953076422,269.8390349978581,17840.084398976982
1778007185,80,POST,/cart/checkout,1.700000,0.000000,16,18,25,31,44,130,130,130,130,130,130,200,0,16,21.299101857002825,10.810808977112174,187.54518509376794,6802.415
1778007185,80,GET,/product/0PUK6V6EV0,0.600000,0.000000,16,16,17,17,35,35,35,35,35,35,35,59,0,12,13.493812341100963,7.142873015254736,59.50918490998447,7999.864406779661
1778007185,80,GET,/product/1YMWWN1N4O,1.000000,0.000000,14,15,17,19,19,62,62,62,62,62,62,83,0,12,13.592589042059718,8.449221029877663,61.58479303121567,8030.6024096385545
1778007185,80,GET,/product/2ZYFJ3GM2N,0.200000,0.000000,12,12,13,13,13,13,13,13,13,13,13,82,0,11,16.48305274585898,7.6143600745126605,95.62590694986284,8021.280487804878
1778007185,80,GET,/product/66VCHSJNUP,0.500000,0.000000,19,19,19,19,19,19,19,19,19,19,19,70,0,12,19.891640116527146,8.338495041243732,203.3987189643085,7978.142857142857
1778007185,80,GET,/product/6E92ZMYYFZ,0.700000,0.000000,15,16,19,19,130,130,130,130,130,130,130,82,0,12,17.2556141865576,7.752532954327762,129.5796389458701,7980.317073170731
1778007185,80,GET,/product/9SIQT8TOJO,0.100000,0.000000,16,16,32,32,32,32,32,32,32,32,32,70,0,12,18.72479355827506,8.001554990187287,115.66757597029209,8024.3
1778007185,80,GET,/product/L9ECAV7KIM,0.500000,0.000000,13,13,19,19,19,19,19,19,19,19,19,69,0,12,17.314717991857965,8.082871907390654,119.41614805255085,7993.869565217391
1778007185,80,GET,/product/LS4PSXUNUM,0.500000,0.000000,13,16,16,16,16,16,16,16,16,16,16,81,0,11,13.851390021887642,7.58157204836607,100.93898500781506,7991.16049382716
1778007185,80,GET,/product/OLJCESPC7Z,0.500000,0.000000,16,16,140,140,140,140,140,140,140,140,140,65,0,12,15.420855716085779,8.081489009782672,139.27797100041062,8025.0
1778007185,80,,Aggregated,44.000000,0.000000,15,18,22,25,49,81,130,140,180,180,180,5064,0,15,23.52128084565073,7.142873015254736,1164.8084060288966,10630.266192733017
1778007186,80,GET,/,33.500000,0.000000,15,17,20,23,49,79,110,140,150,150,150,3838,0,15,23.626331250524704,8.888204931281507,1164.8084060288966,10546.821782178218
1778007186,80,POST,/cart,3.400000,0.000000,32,41,58,59,91,110,180,180,180,180,180,396,0,28,35.42810605399104,16.601591953076422,269.8390349978581,17844.22474747475
1778007186,80,POST,/cart/checkout,1.500000,0.000000,15,18,25,25,44,130,130,130,130,130,130,203,0,16,21.201235691218503,10.810808977112174,187.54518509376794,6802.1921182266005
1778007186,80,GET,/product/0PUK6V6EV0,0.400000,0.000000,15,16,17,17,35,35,35,35,35,35,35,60,0,12,13.458369119325653,7.142873015254736,59.50918490998447,7999.0
1778007186,80,GET,/product/1YMWWN1N4O,1.200000,0.000000,15,15,17,17,19,19,19,19,19,19,19,83,0,12,13.592589042059718,8.449221029877663,61.58479303121567,8030.6024096385545
1778007186,80,GET,/product/2ZYFJ3GM2N,0.300000,0.000000,12,12,13,13,13,13,13,13,13,13,13,82,0,11,16.48305274585898,7.6143600745126605,95.62590694986284,8021.280487804878
1778007186,80,GET,/product/66VCHSJNUP,0.400000,0.000000,19,19,19,19,19,19,19,19,19,19,19,70,0,12,19.891640116527146,8.338495041243732,203.3987189643085,7978.142857142857
1778007186,80,GET,/product/6E92ZMYYFZ,0.700000,0.000000,14,15,16,16,130,130,130,130,130,130,130,82,0,12,17.2556141865576,7.752532954327762,129.5796389458701,7980.317073170731
1778007186,80,GET,/product/9SIQT8TOJO,0.300000,0.000000,16,16,32,32,32,32,32,32,32,32,32,70,0,12,18.72479355827506,8.001554990187287,115.66757597029209,8024.3
1778007186,80,GET,/product/L9ECAV7KIM,0.500000,0.000000,13,13,19,19,19,19,19,19,19,19,19,69,0,12,17.314717991857965,8.082871907390654,119.41614805255085,7993.869565217391
1778007186,80,GET,/product/LS4PSXUNUM,0.600000,0.000000,13,16,16,16,16,16,16,16,16,16,16,81,0,11,13.851390021887642,7.58157204836607,100.93898500781506,7991.16049382716
1778007186,80,GET,/product/OLJCESPC7Z,0.300000,0.000000,16,16,140,140,140,140,140,140,140,140,140,66,0,12,15.302022825573768,7.577884942293167,139.27797100041062,8025.19696969697
1778007186,80,,Aggregated,43.100000,0.000000,15,18,22,26,54,81,130,140,180,180,180,5100,0,15,23.47907056965792,7.142873015254736,1164.8084060288966,10633.95411764706
1778007187,80,GET,/,34.900000,0.000000,15,17,21,23,49,79,110,140,150,150,150,3877,0,15,23.547214970928525,8.888204931281507,1164.8084060288966,10546.93964405468
1778007187,80,POST,/cart,3.600000,0.000000,32,41,58,62,91,110,180,180,180,180,180,399,0,28,35.452313028523385,16.601591953076422,269.8390349978581,17844.448621553885
1778007187,80,POST,/cart/checkout,1.500000,0.000000,15,18,25,31,44,130,130,130,130,130,130,204,0,16,21.16404557497898,10.810808977112174,187.54518509376794,6802.166666666667
1778007187,80,GET,/product/0PUK6V6EV0,0.600000,0.000000,11,15,16,16,17,17,17,17,17,17,17,61,0,12,13.412969822415196,7.142873015254736,59.50918490998447,8000.098360655737
1778007187,80,GET,/product/1YMWWN1N4O,1.100000,0.000000,14,15,16,17,19,19,19,19,19,19,19,85,0,12,13.558775748071426,8.449221029877663,61.58479303121567,8029.505882352942
1778007187,80,GET,/product/2ZYFJ3GM2N,0.300000,0.000000,12,12,13,13,13,13,13,13,13,13,13,83,0,12,16.433333243097525,7.6143600745126605,95.62590694986284,8021.493975903614
1778007187,80,GET,/product/66VCHSJNUP,0.300000,0.000000,19,19,19,19,19,19,19,19,19,19,19,70,0,12,19.891640116527146,8.338495041243732,203.3987189643085,7978.142857142857
1778007187,80,GET,/product/6E92ZMYYFZ,0.700000,0.000000,14,15,16,16,130,130,130,130,130,130,130,83,0,12,17.17909185933959,7.752532954327762,129.5796389458701,7981.060240963855
1778007187,80,GET,/product/9SIQT8TOJO,0.300000,0.000000,16,16,32,32,32,32,32,32,32,32,32,70,0,12,18.72479355827506,8.001554990187287,115.66757597029209,8024.3
1778007187,80,GET,/product/L9ECAV7KIM,0.400000,0.000000,13,13,13,19,19,19,19,19,19,19,19,71,0,12,17.13529017484996,8.082871907390654,119.41614805255085,7995.014084507042
