Timestamp,User Count,Type,Name,Requests/s,Failures/s,50%,66%,75%,80%,90%,95%,98%,99%,99.9%,99.99%,100%,Total Request Count,Total Failure Count,Total Median Response Time,Total Average Response Time,Total Min Response Time,Total Max Response Time,Total Average Content Size
1778008719,0,,Aggregated,0.000000,0.000000,N/A,N/A,N/A,N/A,N/A,N/A,N/A,N/A,N/A,N/A,N/A,0,0,0,0.0,0,0,0
1778008720,5,,Aggregated,0.000000,0.000000,N/A,N/A,N/A,N/A,N/A,N/A,N/A,N/A,N/A,N/A,N/A,0,0,0,0.0,0,0,0
1778008721,10,GET,/,0.000000,0.000000,0,0,0,0,0,0,0,0,0,0,0,9,0,1000,613.7802314737605,65.422810963355,1057.2620360180736,10499.0
1778008721,10,POST,/cart/checkout,0.000000,0.000000,0,0,0,0,0,0,0,0,0,0,0,1,0,151.16687898989767,151.16687898989767,151.16687898989767,151.16687898989767,6793.0
1778008721,10,GET,/product/0PUK6V6EV0,0.000000,0.000000,0,0,0,0,0,0,0,0,0,0,0,1,0,100.94346897676587,100.94346897676587,100.94346897676587,100.94346897676587,7934.0
1778008721,10,,Aggregated,0.000000,0.000000,150,1000,1000,1000,1000,1100,1100,1100,1100,1100,1100,11,0,150,525.1029482936825,65.422810963355,1057.2620360180736,9928.90909090909
1778008722,15,GET,/,0.000000,0.000000,30,66,80,80,80,83,83,83,83,83,83,21,0,70,288.49725748988845,18.268636078573763,1057.2620360180736,10499.0
1778008722,15,POST,/cart/checkout,0.000000,0.000000,150,150,150,150,150,150,150,150,150,150,150,1,0,151.16687898989767,151.16687898989767,151.16687898989767,151.16687898989767,6793.0
1778008722,15,GET,/product/0PUK6V6EV0,0.000000,0.000000,17,17,23,23,23,23,23,23,23,23,23,4,0,17,38.57277173665352,13.370459084399045,100.94346897676587,7956.5
1778008722,15,,Aggregated,0.000000,0.000000,70,80,100,150,1000,1000,1100,1100,1100,1100,1100,26,0,69,244.76539897016033,13.370459084399045,1057.2620360180736,9965.307692307691
1778008723,20,GET,/,4.500000,0.000000,49,56,66,69,80,83,83,83,83,83,83,26,0,65,242.06652635565172,18.268636078573763,1057.2620360180736,10499.0
1778008723,20,POST,/cart,0.000000,0.000000,0,0,0,0,0,0,0,0,0,0,0,4,0,29,37.77933749370277,27.389647904783487,63.53462801780552,16459.25
1778008723,20,POST,/cart/checkout,0.500000,0.000000,150,150,150,150,150,150,150,150,150,150,150,2,0,19,85.05901100579649,18.951143021695316,151.16687898989767,6790.0
1778008723,20,GET,/product/0PUK6V6EV0,0.500000,0.000000,17,17,23,23,23,23,23,23,23,23,23,4,0,17,38.57277173665352,13.370459084399045,100.94346897676587,7956.5
1778008723,20,,Aggregated,5.500000,0.000000,56,70,80,83,1000,1000,1100,1100,1100,1100,1100,36,0,55,188.03489289388784,13.370459084399045,1057.2620360180736,10672.694444444445
1778008724,25,GET,/,4.666667,0.000000,28,45,51,55,69,80,83,83,83,83,83,41,0,43,163.17378295721804,15.953312977217138,1057.2620360180736,10499.0
1778008724,25,POST,/cart,0.000000,0.000000,29,29,31,31,31,31,31,31,31,31,31,4,0,29,37.77933749370277,27.389647904783487,63.53462801780552,16459.25
1778008724,25,POST,/cart/checkout,0.333333,0.000000,150,150,150,150,150,150,150,150,150,150,150,2,0,19,85.05901100579649,18.951143021695316,151.16687898989767,6790.0
1778008724,25,GET,/product/0PUK6V6EV0,0.666667,0.000000,17,17,23,23,23,23,23,23,23,23,23,4,0,17,38.57277173665352,13.370459084399045,100.94346897676587,7956.5
1778008724,25,GET,/product/1YMWWN1N4O,0.000000,0.000000,0,0,0,0,0,0,0,0,0,0,0,1,0,16.721245949156582,16.721245949156582,16.721245949156582,16.721245949156582,7968.0
1778008724,25,GET,/product/2ZYFJ3GM2N,0.000000,0.000000,0,0,0,0,0,0,0,0,0,0,0,1,0,13.047892949543893,13.047892949543893,13.047892949543893,13.047892949543893,7938.0
1778008724,25,GET,/product/66VCHSJNUP,0.000000,0.000000,0,0,0,0,0,0,0,0,0,0,0,1,0,14.660455053672194,14.660455053672194,14.660455053672194,14.660455053672194,7916.0
1778008724,25,GET,/product/LS4PSXUNUM,0.000000,0.000000,0,0,0,0,0,0,0,0,0,0,0,1,0,19.296113052405417,19.296113052405417,19.296113052405417,19.296113052405417,7955.0
1778008724,25,,Aggregated,5.666667,0.000000,30,55,69,71,150,1000,1000,1100,1100,1100,1100,55,0,30,131.4432230397043,13.047892949543893,1057.2620360180736,10426.89090909091
1778008725,30,GET,/,6.250000,0.000000,28,49,56,80,150,150,230,230,230,230,230,58,0,39,138.3704950346547,14.982308959588408,1057.2620360180736,10503.603448275862
1778008725,30,POST,/cart,0.250000,0.000000,29,29,31,31,31,31,31,31,31,31,31,4,0,29,37.77933749370277,27.389647904783487,63.53462801780552,16459.25
1778008725,30,POST,/cart/checkout,0.250000,0.000000,39,39,150,150,150,150,150,150,150,150,150,3,0,39,69.64653664423774,18.951143021695316,151.16687898989767,6786.333333333333
1778008725,30,GET,/product/0PUK6V6EV0,1.000000,0.000000,17,17,23,23,23,23,23,23,23,23,23,4,0,17,38.57277173665352,13.370459084399045,100.94346897676587,7956.5
1778008725,30,GET,/product/1YMWWN1N4O,0.000000,0.000000,17,17,17,17,17,17,17,17,17,17,17,1,0,16.721245949156582,16.721245949156582,16.721245949156582,16.721245949156582,7968.0
1778008725,30,GET,/product/2ZYFJ3GM2N,0.000000,0.000000,0,0,0,0,0,0,0,0,0,0,0,1,0,13.047892949543893,13.047892949543893,13.047892949543893,13.047892949543893,7938.0
1778008725,30,GET,/product/66VCHSJNUP,0.000000,0.000000,0,0,0,0,0,0,0,0,0,0,0,3,0,110,80.04019168826441,14.660455053672194,114.31234003975987,7934.666666666667
1778008725,30,GET,/product/LS4PSXUNUM,0.000000,0.000000,19,19,19,19,19,19,19,19,19,19,19,2,0,12,15.64530550967902,11.994497966952622,19.296113052405417,7944.0
1778008725,30,,Aggregated,7.750000,0.000000,31,64,80,100,150,1000,1000,1100,1100,1100,1100,76,0,30,116.32917215588111,11.994497966952622,1057.2620360180736,10300.381578947368
1778008726,35,GET,/,6.400000,0.000000,22,37,49,56,110,150,170,230,230,230,230,74,0,28,113.013634901821,13.302814913913608,1057.2620360180736,10502.608108108108
1778008726,35,POST,/cart,0.800000,0.000000,31,31,31,31,33,33,33,33,33,33,33,7,0,31,35.06922828299658,27.389647904783487,63.53462801780552,16654.285714285714
1778008726,35,POST,/cart/checkout,0.400000,0.000000,39,39,150,150,150,150,150,150,150,150,150,4,0,21,57.596013735746965,18.951143021695316,151.16687898989767,6795.75
1778008726,35,GET,/product/0PUK6V6EV0,0.800000,0.000000,17,17,23,23,23,23,23,23,23,23,23,4,0,17,38.57277173665352,13.370459084399045,100.94346897676587,7956.5
1778008726,35,GET,/product/1YMWWN1N4O,0.200000,0.000000,17,17,17,17,17,17,17,17,17,17,17,1,0,16.721245949156582,16.721245949156582,16.721245949156582,16.721245949156582,7968.0
1778008726,35,GET,/product/2ZYFJ3GM2N,0.000000,0.000000,13,13,13,13,13,13,13,13,13,13,13,1,0,13.047892949543893,13.047892949543893,13.047892949543893,13.047892949543893,7938.0
1778008726,35,GET,/product/66VCHSJNUP,0.000000,0.000000,110,110,110,110,110,110,110,110,110,110,110,3,0,110,80.04019168826441,14.660455053672194,114.31234003975987,7934.666666666667
1778008726,35,GET,/product/LS4PSXUNUM,0.200000,0.000000,19,19,19,19,19,19,19,19,19,19,19,2,0,12,15.64530550967902,11.994497966952622,19.296113052405417,7944.0
1778008726,35,,Aggregated,8.800000,0.000000,28,45,66,71,150,1000,1000,1100,1100,1100,1100,96,0,28,96.81613591237692,11.994497966952622,1057.2620360180736,10503.958333333334
1778008727,40,GET,/,8.333333,0.000000,21,30,39,49,80,150,170,230,230,230,230,93,0,23,94.13538813360677,13.302814913913608,1057.2620360180736,10503.78494623656
1778008727,40,POST,/cart,0.666667,0.000000,30,31,31,31,33,33,33,33,33,33,33,8,0,30,33.37719188129995,21.532937069423497,63.53462801780552,16630.875
1778008727,40,POST,/cart/checkout,0.500000,0.000000,39,39,150,150,150,150,150,150,150,150,150,4,0,21,57.596013735746965,18.951143021695316,151.16687898989767,6795.75
1778008727,40,GET,/product/0PUK6V6EV0,0.666667,0.000000,17,17,23,23,23,23,23,23,23,23,23,5,0,17,33.36902637965977,12.554044951684773,100.94346897676587,7975.4
1778008727,40,GET,/product/1YMWWN1N4O,0.166667,0.000000,17,17,17,17,17,17,17,17,17,17,17,1,0,16.721245949156582,16.721245949156582,16.721245949156582,16.721245949156582,7968.0
1778008727,40,GET,/product/2ZYFJ3GM2N,0.166667,0.000000,13,13,13,13,13,13,13,13,13,13,13,1,0,13.047892949543893,13.047892949543893,13.047892949543893,13.047892949543893,7938.0
1778008727,40,GET,/product/66VCHSJNUP,0.500000,0.000000,110,110,110,110,110,110,110,110,110,110,110,3,0,110,80.04019168826441,14.660455053672194,114.31234003975987,7934.666666666667
1778008727,40,GET,/product/6E92ZMYYFZ,0.000000,0.000000,0,0,0,0,0,0,0,0,0,0,0,2,0,13.103751000016928,28.601093974430114,13.103751000016928,44.0984369488433,7930.0
1778008727,40,GET,/product/L9ECAV7KIM,0.000000,0.000000,0,0,0,0,0,0,0,0,0,0,0,1,0,14.547856990247965,14.547856990247965,14.547856990247965,14.547856990247965,7930.0
1778008727,40,GET,/product/LS4PSXUNUM,0.166667,0.000000,19,19,19,19,19,19,19,19,19,19,19,2,0,12,15.64530550967902,11.994497966952622,19.296113052405417,7944.0
1778008727,40,,Aggregated,11.166667,0.000000,23,33,50,66,150,230,1000,1000,1100,1100,1100,120,0,23,81.59806823532563,11.994497966952622,1057.2620360180736,10469.558333333332
1778008728,45,GET,/,9.285714,0.000000,21,30,44,51,80,150,150,170,230,230,230,118,0,21,81.73953467226288,12.421521940268576,1057.2620360180736,10505.033898305084
1778008728,45,POST,/cart,0.714286,0.000000,29,30,31,31,33,33,33,33,33,33,33,11,0,29,30.931722012941133,21.36034402064979,63.53462801780552,16581.272727272728
1778008728,45,POST,/cart/checkout,0.571429,0.000000,39,39,150,150,150,150,150,150,150,150,150,4,0,21,57.596013735746965,18.951143021695316,151.16687898989767,6795.75
1778008728,45,GET,/product/0PUK6V6EV0,0.571429,0.000000,17,17,23,23,23,23,23,23,23,23,23,5,0,17,33.36902637965977,12.554044951684773,100.94346897676587,7975.4
1778008728,45,GET,/product/1YMWWN1N4O,0.142857,0.000000,17,17,17,17,17,17,17,17,17,17,17,2,0,12.303643045015633,14.512444497086108,12.303643045015633,16.721245949156582,7972.0
1778008728,45,GET,/product/2ZYFJ3GM2N,0.142857,0.000000,13,13,13,13,13,13,13,13,13,13,13,1,0,13.047892949543893,13.047892949543893,13.047892949543893,13.047892949543893,7938.0
1778008728,45,GET,/product/66VCHSJNUP,0.428571,0.000000,110,110,110,110,110,110,110,110,110,110,110,3,0,110,80.04019168826441,14.660455053672194,114.31234003975987,7934.666666666667
1778008728,45,GET,/product/6E92ZMYYFZ,0.000000,0.000000,44,44,44,44,44,44,44,44,44,44,44,2,0,13.103751000016928,28.601093974430114,13.103751000016928,44.0984369488433,7930.0
1778008728,45,GET,/product/9SIQT8TOJO,0.000000,0.000000,0,0,0,0,0,0,0,0,0,0,0,1,0,54.25252392888069,54.25252392888069,54.25252392888069,54.25252392888069,8000.0
1778008728,45,GET,/product/L9ECAV7KIM,0.000000,0.000000,0,0,0,0,0,0,0,0,0,0,0,2,0,15,36.11622750759125,14.547856990247965,57.68459802493453,7931.0
1778008728,45,GET,/product/LS4PSXUNUM,0.285714,0.000000,19,19,19,19,19,19,19,19,19,19,19,2,0,12,15.64530550967902,11.994497966952622,19.296113052405417,7944.0
1778008728,45,,Aggregated,12.142857,0.000000,22,33,51,66,100,150,1000,1000,1100,1100,1100,151,0,22,72.05241294855264,11.994497966952622,1057.2620360180736,10545.324503311258
1778008729,50,GET,/,10.125000,0.000000,21,30,38,46,76,110,150,170,230,230,230,141,0,22,73.15139175501672,12.421521940268576,1057.2620360180736,10505.943262411347
1778008729,50,POST,/cart,1.000000,0.000000,30,31,33,41,98,100,100,100,100,100,100,14,0,30,41.38523751004998,21.36034402064979,99.65857898350805,16555.571428571428
1778008729,50,POST,/cart/checkout,0.500000,0.000000,42,42,88,88,150,150,150,150,150,150,150,6,0,39,60.18554432860886,18.951143021695316,151.16687898989767,6806.0
1778008729,50,GET,/product/0PUK6V6EV0,0.500000,0.000000,14,14,17,17,23,23,23,23,23,23,23,7,0,14,27.575277706741222,12.524273013696074,100.94346897676587,7973.285714285715
1778008729,50,GET,/product/1YMWWN1N4O,0.125000,0.000000,17,17,17,17,17,17,17,17,17,17,17,2,0,12.303643045015633,14.512444497086108,12.303643045015633,16.721245949156582,7972.0
1778008729,50,GET,/product/2ZYFJ3GM2N,0.125000,0.000000,13,13,13,13,13,13,13,13,13,13,13,1,0,13.047892949543893,13.047892949543893,13.047892949543893,13.047892949543893,7938.0
1778008729,50,GET,/product/66VCHSJNUP,0.375000,0.000000,110,110,110,110,110,110,110,110,110,110,110,3,0,110,80.04019168826441,14.660455053672194,114.31234003975987,7934.666666666667
1778008729,50,GET,/product/6E92ZMYYFZ,0.125000,0.000000,44,44,44,44,44,44,44,44,44,44,44,3,0,13.103751000016928,23.44260896400859,13.103751000016928,44.0984369488433,7938.333333333333
1778008729,50,GET,/product/9SIQT8TOJO,0.000000,0.000000,0,0,0,0,0,0,0,0,0,0,0,1,0,54.25252392888069,54.25252392888069,54.25252392888069,54.25252392888069,8000.0
1778008729,50,GET,/product/L9ECAV7KIM,0.000000,0.000000,58,58,58,58,58,58,58,58,58,58,58,2,0,15,36.11622750759125,14.547856990247965,57.68459802493453,7931.0
1778008729,50,GET,/product/LS4PSXUNUM,0.250000,0.000000,14,14,19,19,19,19,19,19,19,19,19,4,0,12,14.022951014339924,11.2594059901312,19.296113052405417,7968.75
1778008729,50,,Aggregated,13.125000,0.000000,22,35,46,65,91,150,1000,1000,1100,1100,1100,184,0,22,65.12487901858074,11.2594059901312,1057.2620360180736,10527.190217391304
1778008730,55,GET,/,11.888889,0.000000,21,30,44,49,76,91,150,170,230,230,230,163,0,22,67.96593629780791,11.645953985862434,1057.2620360180736,10507.19018404908
1778008730,55,POST,/cart,1.000000,0.000000,31,33,87,87,100,130,130,130,130,130,130,17,0,31,48.53057890089558,21.36034402064979,134.63430909905583,16621.0
1778008730,55,POST,/cart/checkout,0.444444,0.000000,42,88,130,130,150,150,150,150,150,150,150,7,0,42,69.88119157696408,18.951143021695316,151.16687898989767,6800.714285714285
1778008730,55,GET,/product/0PUK6V6EV0,0.555556,0.000000,14,17,23,84,94,94,94,94,94,94,94,10,0,14,38.42713179765269,12.524273013696074,100.94346897676587,7976.8
1778008730,55,GET,/product/1YMWWN1N4O,0.222222,0.000000,17,17,17,17,17,17,17,17,17,17,17,2,0,12.303643045015633,14.512444497086108,12.303643045015633,16.721245949156582,7972.0
1778008730,55,GET,/product/2ZYFJ3GM2N,0.111111,0.000000,13,13,13,13,13,13,13,13,13,13,13,1,0,13.047892949543893,13.047892949543893,13.047892949543893,13.047892949543893,7938.0
1778008730,55,GET,/product/66VCHSJNUP,0.333333,0.000000,110,110,110,110,110,110,110,110,110,110,110,3,0,110,80.04019168826441,14.660455053672194,114.31234003975987,7934.666666666667
1778008730,55,GET,/product/6E92ZMYYFZ,0.222222,0.000000,44,44,44,44,44,44,44,44,44,44,44,3,0,13.103751000016928,23.44260896400859,13.103751000016928,44.0984369488433,7938.333333333333
1778008730,55,GET,/product/9SIQT8TOJO,0.000000,0.000000,54,54,54,54,54,54,54,54,54,54,54,2,0,12,33.00706442678347,11.761604924686253,54.25252392888069,7980.0
1778008730,55,GET,/product/L9ECAV7KIM,0.222222,0.000000,58,58,58,58,58,58,58,58,58,58,58,2,0,15,36.11622750759125,14.547856990247965,57.68459802493453,7931.0
1778008730,55,GET,/product/LS4PSXUNUM,0.222222,0.000000,14,14,15,15,19,19,19,19,19,19,19,6,0,12,13.6417830362916,10.344161069951952,19.296113052405417,7961.166666666667
1778008730,55,,Aggregated,15.222222,0.000000,21,31,44,53,84,110,150,150,230,230,230,216,0,22,61.80335917990845,10.344161069951952,1057.2620360180736,10526.351851851852
1778008731,60,GET,/,12.700000,0.000000,20,28,37,45,75,130,150,170,230,230,230,193,0,21,62.716678023782265,11.645953985862434,1057.2620360180736,10507.761658031088
1778008731,60,POST,/cart,1.100000,0.000000,30,33,87,96,100,130,130,130,130,130,130,20,0,30,48.34889781777747,19.114530994556844,134.63430909905583,16666.1
1778008731,60,POST,/cart/checkout,0.400000,0.000000,42,88,120,130,150,150,150,150,150,150,150,10,0,39,64.89732171176001,15.568917035125196,151.16687898989767,6802.0
1778008731,60,GET,/product/0PUK6V6EV0,0.500000,0.000000,14,17,84,84,94,94,94,94,94,94,94,10,0,14,38.42713179765269,12.524273013696074,100.94346897676587,7976.8
1778008731,60,GET,/product/1YMWWN1N4O,0.200000,0.000000,12,12,17,17,17,17,17,17,17,17,17,3,0,12,13.534050007971624,11.577261029742658,16.721245949156582,7980.666666666667
1778008731,60,GET,/product/2ZYFJ3GM2N,0.100000,0.000000,13,13,13,13,13,13,13,13,13,13,13,1,0,13.047892949543893,13.047892949543893,13.047892949543893,13.047892949543893,7938.0
1778008731,60,GET,/product/66VCHSJNUP,0.300000,0.000000,110,110,110,110,110,110,110,110,110,110,110,3,0,110,80.04019168826441,14.660455053672194,114.31234003975987,7934.666666666667
1778008731,60,GET,/product/6E92ZMYYFZ,0.200000,0.000000,13,17,17,44,44,44,44,44,44,44,44,6,0,13,18.253915147700656,10.466621024534106,44.0984369488433,7964.0
1778008731,60,GET,/product/9SIQT8TOJO,0.100000,0.000000,12,12,54,54,54,54,54,54,54,54,54,3,0,12,25.543112268981833,10.615207953378558,54.25252392888069,7990.666666666667
1778008731,60,GET,/product/L9ECAV7KIM,0.200000,0.000000,58,58,58,58,58,58,58,58,58,58,58,2,0,15,36.11622750759125,14.547856990247965,57.68459802493453,7931.0
1778008731,60,GET,/product/LS4PSXUNUM,0.400000,0.000000,14,14,15,15,19,19,19,19,19,19,19,6,0,12,13.6417830362916,10.344161069951952,19.296113052405417,7961.166666666667
1778008731,60,GET,/product/OLJCESPC7Z,0.000000,0.000000,0,0,0,0,0,0,0,0,0,0,0,3,0,14,14.126905317728719,10.530455969274044,17.977969022467732,7997.666666666667
1778008731,60,,Aggregated,16.200000,0.000000,21,29,38,46,87,120,150,150,230,230,230,260,0,21,56.849725634450664,10.344161069951952,1057.2620360180736,10477.576923076924
1778008732,65,GET,/,14.900000,0.000000,19,26,31,38,75,120,150,170,230,230,230,217,0,21,57.904299968759176,10.957543971017003,1057.2620360180736,10508.84331797235
1778008732,65,POST,/cart,1.600000,0.000000,30,33,87,96,100,130,130,130,130,130,130,21,0,30,47.14791006630375,19.114530994556844,134.63430909905583,16723.238095238095
1778008732,65,POST,/cart/checkout,0.700000,0.000000,39,42,88,120,130,130,130,130,130,130,130,11,0,39,60.94519064804031,15.568917035125196,151.16687898989767,6805.727272727273
1778008732,65,GET,/product/0PUK6V6EV0,0.900000,0.000000,14,17,84,84,94,94,94,94,94,94,94,10,0,14,38.42713179765269,12.524273013696074,100.94346897676587,7976.8
1778008732,65,GET,/product/1YMWWN1N4O,0.200000,0.000000,12,12,17,17,17,17,17,17,17,17,17,3,0,12,13.534050007971624,11.577261029742658,16.721245949156582,7980.666666666667
1778008732,65,GET,/product/2ZYFJ3GM2N,0.100000,0.000000,13,13,13,13,13,13,13,13,13,13,13,2,0,12.175629963167012,12.611761456355453,12.175629963167012,13.047892949543893,7952.0
1778008732,65,GET,/product/66VCHSJNUP,0.300000,0.000000,110,110,110,110,110,110,110,110,110,110,110,3,0,110,80.04019168826441,14.660455053672194,114.31234003975987,7934.666666666667
1778008732,65,GET,/product/6E92ZMYYFZ,0.300000,0.000000,13,17,17,44,44,44,44,44,44,44,44,6,0,13,18.253915147700656,10.466621024534106,44.0984369488433,7964.0
1778008732,65,GET,/product/9SIQT8TOJO,0.100000,0.000000,12,12,54,54,54,54,54,54,54,54,54,4,0,11,21.6320066829212,9.898689924739301,54.25252392888069,8001.25
1778008732,65,GET,/product/L9ECAV7KIM,0.200000,0.000000,58,58,58,58,58,58,58,58,58,58,58,2,0,15,36.11622750759125,14.547856990247965,57.68459802493453,7931.0
1778008732,65,GET,/product/LS4PSXUNUM,0.400000,0.000000,12,14,15,15,19,19,19,19,19,19,19,8,0,11,12.76890751614701,9.993240935727954,19.296113052405417,7958.875
1778008732,65,GET,/product/OLJCESPC7Z,0.000000,0.000000,0,0,0,0,0,0,0,0,0,0,0,4,0,11,13.135040004272014,10.159444063901901,17.977969022467732,8002.0
1778008732,65,,Aggregated,19.700000,0.000000,19,26,33,42,86,120,150,150,230,230,230,291,0,21,52.7110971151163,9.898689924739301,1057.2620360180736,10450.920962199312
1778008733,70,GET,/,16.400000,0.000000,19,26,30,37,73,110,150,150,230,230,230,247,0,21,54.33457835317261,10.957543971017003,1057.2620360180736,10510.17004048583
1778008733,70,POST,/cart,1.900000,0.000000,31,37,76,92,98,100,130,130,130,130,130,26,0,31,48.30490024939466,19.114530994556844,134.63430909905583,16724.346153846152
1778008733,70,POST,/cart/checkout,0.800000,0.000000,21,39,60,60,120,130,130,130,130,130,130,18,0,21,45.981889170232336,12.72866502404213,151.16687898989767,6805.888888888889
1778008733,70,GET,/product/0PUK6V6EV0,0.900000,0.000000,14,15,17,84,94,94,94,94,94,94,94,11,0,15,36.264879449101336,12.524273013696074,100.94346897676587,7984.636363636364
1778008733,70,GET,/product/1YMWWN1N4O,0.200000,0.000000,12,12,12,17,17,17,17,17,17,17,17,5,0,12,12.903947825543582,11.577261029742658,16.721245949156582,7974.4
1778008733,70,GET,/product/2ZYFJ3GM2N,0.100000,0.000000,13,13,21,21,21,21,21,21,21,21,21,3,0,13,15.319515989782909,12.175629963167012,20.735025056637824,7958.666666666667
1778008733,70,GET,/product/66VCHSJNUP,0.300000,0.000000,22,22,110,110,110,110,110,110,110,110,110,6,0,15,47.87107035129642,11.088232975453138,114.31234003975987,7953.833333333333
1778008733,70,GET,/product/6E92ZMYYFZ,0.400000,0.000000,13,17,17,44,44,44,44,44,44,44,44,6,0,13,18.253915147700656,10.466621024534106,44.0984369488433,7964.0
1778008733,70,GET,/product/9SIQT8TOJO,0.200000,0.000000,12,12,34,34,54,54,54,54,54,54,54,6,0,12,22.13177309992413,9.898689924739301,54.25252392888069,8010.333333333333
1778008733,70,GET,/product/L9ECAV7KIM,0.200000,0.000000,58,58,58,58,58,58,58,58,58,58,58,2,0,15,36.11622750759125,14.547856990247965,57.68459802493453,7931.0
1778008733,70,GET,/product/LS4PSXUNUM,0.600000,0.000000,12,14,15,15,19,19,19,19,19,19,19,8,0,11,12.76890751614701,9.993240935727954,19.296113052405417,7958.875
1778008733,70,GET,/product/OLJCESPC7Z,0.000000,0.000000,12,14,14,18,18,18,18,18,18,18,18,5,0,12,12.843220797367394,10.159444063901901,17.977969022467732,8001.4
1778008733,70,,Aggregated,22.000000,0.000000,19,26,32,38,76,110,150,150,230,230,230,343,0,21,48.92645654969091,9.898689924739301,1057.2620360180736,10402.446064139942
1778008734,75,GET,/,18.700000,0.000000,19,25,28,31,53,75,110,130,130,130,130,280,0,20,50.286226937480805,10.847286088392138,1057.2620360180736,10511.078571428572
1778008734,75,POST,/cart,2.000000,0.000000,33,37,87,92,98,100,130,130,130,130,130,28,0,31,46.76033558540179,17.805747920647264,134.63430909905583,16804.85714285714
1778008734,75,POST,/cart/checkout,1.000000,0.000000,20,26,42,60,120,130,130,130,130,130,130,22,0,20,40.99638696061447,12.72866502404213,151.16687898989767,6806.727272727273
1778008734,75,GET,/product/0PUK6V6EV0,0.800000,0.000000,14,15,84,84,94,94,94,94,94,94,94,12,0,14,34.1707163315732,11.134922038763762,100.94346897676587,7984.583333333333
1778008734,75,GET,/product/1YMWWN1N4O,0.300000,0.000000,12,12,14,14,17,17,17,17,17,17,17,6,0,12,13.037113007158041,11.577261029742658,16.721245949156582,7974.333333333333
1778008734,75,GET,/product/2ZYFJ3GM2N,0.100000,0.000000,13,13,21,21,21,21,21,21,21,21,21,3,0,13,15.319515989782909,12.175629963167012,20.735025056637824,7958.666666666667
1778008734,75,GET,/product/66VCHSJNUP,0.300000,0.000000,22,22,110,110,110,110,110,110,110,110,110,6,0,15,47.87107035129642,11.088232975453138,114.31234003975987,7953.833333333333
1778008734,75,GET,/product/6E92ZMYYFZ,0.600000,0.000000,13,17,17,44,44,44,44,44,44,44,44,6,0,13,18.253915147700656,10.466621024534106,44.0984369488433,7964.0
1778008734,75,GET,/product/9SIQT8TOJO,0.300000,0.000000,12,16,34,34,54,54,54,54,54,54,54,7,0,12,21.296397666446865,9.898689924739301,54.25252392888069,8022.142857142857
1778008734,75,GET,/product/L9ECAV7KIM,0.200000,0.000000,16,16,58,58,58,58,58,58,58,58,58,3,0,16,29.507809318602085,14.547856990247965,57.68459802493453,7930.0
1778008734,75,GET,/product/LS4PSXUNUM,0.700000,0.000000,11,12,14,14,15,15,15,15,15,15,15,8,0,11,12.76890751614701,9.993240935727954,19.296113052405417,7958.875
1778008734,75,GET,/product/OLJCESPC7Z,0.400000,0.000000,12,12,14,14,18,18,18,18,18,18,18,6,0,11,12.265615999543419,9.377592010423541,17.977969022467732,7995.333333333333
1778008734,75,,Aggregated,25.400000,0.000000,18,25,29,33,60,90,120,130,130,130,130,387,0,20,45.57022313889386,9.377592010423541,1057.2620360180736,10382.475452196382
1778008735,80,GET,/,20.600000,0.000000,18,23,28,32,53,75,91,130,130,130,130,321,0,20,46.613657059702106,10.847286088392138,1057.2620360180736,10511.753894080997
1778008735,80,POST,/cart,2.400000,0.000000,33,41,76,87,98,100,130,130,130,130,130,31,0,31,45.05163701551576,17.805747920647264,134.63430909905583,16769.483870967742
1778008735,80,POST,/cart/checkout,1.100000,0.000000,21,28,42,60,120,130,130,130,130,130,130,23,0,21,40.518820791950695,12.72866502404213,151.16687898989767,6805.521739130435
1778008735,80,GET,/product/0PUK6V6EV0,0.700000,0.000000,14,15,84,84,94,94,94,94,94,94,94,12,0,14,34.1707163315732,11.134922038763762,100.94346897676587,7984.583333333333
1778008735,80,GET,/product/1YMWWN1N4O,0.400000,0.000000,12,12,12,14,14,14,14,14,14,14,14,6,0,12,13.037113007158041,11.577261029742658,16.721245949156582,7974.333333333333
1778008735,80,GET,/product/2ZYFJ3GM2N,0.200000,0.000000,13,13,21,21,21,21,21,21,21,21,21,3,0,13,15.319515989782909,12.175629963167012,20.735025056637824,7958.666666666667
1778008735,80,GET,/product/66VCHSJNUP,0.400000,0.000000,15,22,110,110,110,110,110,110,110,110,110,7,0,15,42.82895987853408,11.088232975453138,114.31234003975987,7966.0
1778008735,80,GET,/product/6E92ZMYYFZ,0.600000,0.000000,13,17,17,44,44,44,44,44,44,44,44,6,0,13,18.253915147700656,10.466621024534106,44.0984369488433,7964.0
1778008735,80,GET,/product/9SIQT8TOJO,0.500000,0.000000,12,16,34,34,54,54,54,54,54,54,54,8,0,12,20.048814083565958,9.898689924739301,54.25252392888069,8017.375
1778008735,80,GET,/product/L9ECAV7KIM,0.200000,0.000000,16,16,58,58,58,58,58,58,58,58,58,4,0,15,24.518991995137185,9.552540024742484,57.68459802493453,7936.5
1778008735,80,GET,/product/LS4PSXUNUM,0.800000,0.000000,12,12,14,14,15,15,15,15,15,15,15,9,0,12,12.656200353780555,9.993240935727954,19.296113052405417,7955.333333333333
1778008735,80,GET,/product/OLJCESPC7Z,0.400000,0.000000,11,12,14,14,18,18,18,18,18,18,18,7,0,11,11.970987277371544,9.377592010423541,17.977969022467732,8006.285714285715
1778008735,80,,Aggregated,28.300000,0.000000,18,24,29,33,58,87,110,130,130,130,130,437,0,19,42.77172258275069,9.377592010423541,1057.2620360180736,10401.061784897025
1778008736,85,GET,/,23.200000,0.000000,18,24,30,35,59,80,110,130,1100,1100,1100,361,0,20,47.58022960766871,10.804328019730747,1063.8131609885022,10511.819944598337
1778008736,85,POST,/cart,2.200000,0.000000,33,44,55,76,96,100,130,130,130,130,130,39,0,31,43.62012916363967,17.805747920647264,134.63430909905583,16812.666666666668
1778008736,85,POST,/cart/checkout,1.700000,0.000000,21,28,42,60,88,120,130,130,130,130,130,25,0,21,41.25097785145044,12.72866502404213,151.16687898989767,6806.2
1778008736,85,GET,/product/0PUK6V6EV0,0.800000,0.000000,14,15,84,84,94,94,94,94,94,94,94,12,0,14,34.1707163315732,11.134922038763762,100.94346897676587,7984.583333333333
1778008736,85,GET,/product/1YMWWN1N4O,0.500000,0.000000,12,12,13,13,14,14,14,14,14,14,14,7,0,12,13.051020147811089,11.577261029742658,16.721245949156582,7972.857142857143
1778008736,85,GET,/product/2ZYFJ3GM2N,0.300000,0.000000,13,14,14,21,21,21,21,21,21,21,21,5,0,13,14.413577574305236,11.864336906000972,20.735025056637824,7967.2
1778008736,85,GET,/product/66VCHSJNUP,0.600000,0.000000,15,22,110,110,110,110,110,110,110,110,110,7,0,15,42.82895987853408,11.088232975453138,114.31234003975987,7966.0
1778008736,85,GET,/product/6E92ZMYYFZ,0.600000,0.000000,13,17,35,35,44,44,44,44,44,44,44,9,0,13,18.445485206838285,10.222613927908242,44.0984369488433,7950.777777777777
1778008736,85,GET,/product/9SIQT8TOJO,0.600000,0.000000,12,16,34,34,54,54,54,54,54,54,54,8,0,12,20.048814083565958,9.898689924739301,54.25252392888069,8017.375
1778008736,85,GET,/product/L9ECAV7KIM,0.200000,0.000000,15,16,16,58,58,58,58,58,58,58,58,5,0,15,21.9554103910923,9.552540024742484,57.68459802493453,7949.0
1778008736,85,GET,/product/LS4PSXUNUM,0.700000,0.000000,11,11,12,14,15,15,15,15,15,15,15,12,0,11,12.125625517607356,9.698956040665507,19.296113052405417,7958.666666666667
1778008736,85,GET,/product/OLJCESPC7Z,0.500000,0.000000,11,12,14,14,18,18,18,18,18,18,18,7,0,11,11.970987277371544,9.377592010423541,17.977969022467732,8006.285714285715
1778008736,85,,Aggregated,31.900000,0.000000,18,25,32,36,60,87,120,130,1100,1100,1100,497,0,19,43.15428584448664,9.377592010423541,1063.8131609885022,10452.370221327968
1778008737,90,GET,/,23.900000,0.000000,17,22,27,32,50,75,110,130,1100,1100,1100,396,0,19,44.82899031647707,10.804328019730747,1063.8131609885022,10512.934343434343
1778008737,90,POST,/cart,2.500000,0.000000,33,42,51,76,96,100,130,130,130,130,130,43,0,31,42.069125544214835,17.805747920647264,134.63430909905583,16845.023255813954
1778008737,90,POST,/cart/checkout,2.000000,0.000000,18,26,30,42,88,120,130,130,130,130,130,30,0,19,37.11392527523761,12.72866502404213,151.16687898989767,6808.633333333333
1778008737,90,GET,/product/0PUK6V6EV0,0.800000,0.000000,13,14,15,84,94,94,94,94,94,94,94,13,0,14,32.320975612562435,10.124086984433234,100.94346897676587,7983.0
1778008737,90,GET,/product/1YMWWN1N4O,0.500000,0.000000,12,12,13,13,14,14,14,14,14,14,14,8,0,12,12.833353132009506,11.309684021398425,16.721245949156582,7969.0
1778008737,90,GET,/product/2ZYFJ3GM2N,0.200000,0.000000,13,14,14,21,21,21,21,21,21,21,21,5,0,13,14.413577574305236,11.864336906000972,20.735025056637824,7967.2
1778008737,90,GET,/product/66VCHSJNUP,0.300000,0.000000,15,22,110,110,110,110,110,110,110,110,110,8,0,15,39.35146101866849,11.088232975453138,114.31234003975987,7965.5
1778008737,90,GET,/product/6E92ZMYYFZ,0.600000,0.000000,13,17,35,35,44,44,44,44,44,44,44,9,0,13,18.445485206838285,10.222613927908242,44.0984369488433,7950.777777777777
1778008737,90,GET,/product/9SIQT8TOJO,0.800000,0.000000,12,12,16,34,54,54,54,54,54,54,54,9,0,12,19.146349294007653,9.898689924739301,54.25252392888069,8015.666666666667
1778008737,90,GET,/product/L9ECAV7KIM,0.300000,0.000000,15,16,16,58,58,58,58,58,58,58,58,5,0,15,21.9554103910923,9.552540024742484,57.68459802493453,7949.0
1778008737,90,GET,/product/LS4PSXUNUM,0.700000,0.000000,11,11,12,14,15,15,15,15,15,15,15,12,0,11,12.125625517607356,9.698956040665507,19.296113052405417,7958.666666666667
1778008737,90,GET,/product/OLJCESPC7Z,0.600000,0.000000,11,12,14,14,18,18,18,18,18,18,18,8,0,11,11.87322274199687,9.377592010423541,17.977969022467732,8015.5
1778008737,90,,Aggregated,33.200000,0.000000,17,23,28,33,53,86,110,130,1100,1100,1100,546,0,19,40.79301512204008,9.377592010423541,1063.8131609885022,10450.32783882784
1778008738,95,GET,/,26.400000,0.000000,17,21,26,28,48,66,92,130,1100,1100,1100,435,0,18,42.2879282674142,10.467453044839203,1063.8131609885022,10513.935632183908
1778008738,95,POST,/cart,2.900000,0.000000,29,41,49,55,96,100,130,130,130,130,130,48,0,29,40.24499606991109,17.805747920647264,134.63430909905583,16833.583333333332
1778008738,95,POST,/cart/checkout,2.000000,0.000000,18,26,30,42,88,120,130,130,130,130,130,30,0,19,37.11392527523761,12.72866502404213,151.16687898989767,6808.633333333333
1778008738,95,GET,/product/0PUK6V6EV0,0.800000,0.000000,14,15,84,84,94,94,94,94,94,94,94,13,0,14,32.320975612562435,10.124086984433234,100.94346897676587,7983.0
1778008738,95,GET,/product/1YMWWN1N4O,0.500000,0.000000,12,13,13,13,14,14,14,14,14,14,14,9,0,12,12.883319894576239,11.309684021398425,16.721245949156582,7972.444444444444
1778008738,95,GET,/product/2ZYFJ3GM2N,0.200000,0.000000,14,14,21,21,21,21,21,21,21,21,21,5,0,13,14.413577574305236,11.864336906000972,20.735025056637824,7967.2
1778008738,95,GET,/product/66VCHSJNUP,0.400000,0.000000,14,15,15,22,22,22,22,22,22,22,22,8,0,15,39.35146101866849,11.088232975453138,114.31234003975987,7965.5
1778008738,95,GET,/product/6E92ZMYYFZ,0.700000,0.000000,12,13,17,17,35,35,35,35,35,35,35,9,0,13,18.445485206838285,10.222613927908242,44.0984369488433,7950.777777777777
1778008738,95,GET,/product/9SIQT8TOJO,0.800000,0.000000,12,12,16,34,54,54,54,54,54,54,54,9,0,12,19.146349294007653,9.898689924739301,54.25252392888069,8015.666666666667
1778008738,95,GET,/product/L9ECAV7KIM,0.400000,0.000000,15,16,16,58,58,58,58,58,58,58,58,5,0,15,21.9554103910923,9.552540024742484,57.68459802493453,7949.0
1778008738,95,GET,/product/LS4PSXUNUM,0.800000,0.000000,11,12,12,12,14,15,15,15,15,15,15,13,0,11,12.119596170333143,9.698956040665507,19.296113052405417,7965.846153846154
1778008738,95,GET,/product/OLJCESPC7Z,0.700000,0.000000,11,11,12,14,18,18,18,18,18,18,18,9,0,11,11.459448336002728,8.14925308804959,17.977969022467732,8008.555555555556
1778008738,95,,Aggregated,36.600000,0.000000,17,21,26,29,50,84,110,130,1100,1100,1100,593,0,18,38.90762538225099,8.14925308804959,1063.8131609885022,10495.784148397976
1778008739,100,GET,/,29.100000,0.000000,17,21,26,29,53,85,130,130,1100,1100,1100,481,0,19,42.65193449233595,10.467453044839203,1063.8131609885022,10514.357588357589
1778008739,100,POST,/cart,3.200000,0.000000,27,33,38,44,76,96,140,140,140,140,140,53,0,29,41.26979415700332,17.805747920647264,142.8615750046447,16879.188679245282
1778008739,100,POST,/cart/checkout,2.100000,0.000000,17,20,26,30,60,85,120,120,120,120,120,32,0,19,36.42496135580586,12.72866502404213,151.16687898989767,6809.15625
1778008739,100,GET,/product/0PUK6V6EV0,0.900000,0.000000,13,15,15,19,19,19,19,19,19,19,19,14,0,14,31.3712674209715,10.124086984433234,100.94346897676587,7988.857142857143
1778008739,100,GET,/product/1YMWWN1N4O,0.600000,0.000000,12,13,13,13,14,14,14,14,14,14,14,9,0,12,12.883319894576239,11.309684021398425,16.721245949156582,7972.444444444444
1778008739,100,GET,/product/2ZYFJ3GM2N,0.400000,0.000000,14,14,21,21,21,21,21,21,21,21,21,5,0,13,14.413577574305236,11.864336906000972,20.735025056637824,7967.2
1778008739,100,GET,/product/66VCHSJNUP,0.400000,0.000000,14,14,15,15,22,22,22,22,22,22,22,9,0,15,36.28018801100552,11.088232975453138,114.31234003975987,7965.777777777777
1778008739,100,GET,/product/6E92ZMYYFZ,0.800000,0.000000,12,12,17,17,35,35,35,35,35,35,35,10,0,12,17.77387709589675,10.222613927908242,44.0984369488433,7947.6
1778008739,100,GET,/product/9SIQT8TOJO,0.900000,0.000000,12,12,12,16,34,34,34,34,34,34,34,10,0,12,18.470613670069724,9.898689924739301,54.25252392888069,8020.4
1778008739,100,GET,/product/L9ECAV7KIM,0.500000,0.000000,16,16,17,17,58,58,58,58,58,58,58,6,0,15,21.10654899540047,9.552540024742484,57.68459802493453,7951.166666666667
1778008739,100,GET,/product/LS4PSXUNUM,1.000000,0.000000,10,11,12,12,15,15,15,15,15,15,15,13,0,11,12.119596170333143,9.698956040665507,19.296113052405417,7965.846153846154
1778008739,100,GET,/product/OLJCESPC7Z,0.700000,0.000000,11,12,13,13,14,18,18,18,18,18,18,12,0,11,11.66752768525233,8.14925308804959,17.977969022467732,8004.666666666667
1778008739,100,,Aggregated,40.600000,0.000000,17,21,26,29,50,82,130,130,1100,1100,1100,654,0,19,39.15728567508462,8.14925308804959,1063.8131609885022,10507.674311926605
1778008740,105,GET,/,30.100000,0.000000,17,22,28,33,66,110,140,170,1100,1100,1100,538,0,19,43.68076841502717,10.008814977481961,1063.8131609885022,10515.542750929368
1778008740,105,POST,/cart,3.600000,0.000000,28,36,38,44,63,92,140,140,140,140,140,58,0,29,40.8686421940039,17.805747920647264,142.8615750046447,16890.51724137931
1778008740,105,POST,/cart/checkout,2.600000,0.000000,16,20,21,28,38,60,85,85,85,85,85,32,0,19,36.42496135580586,12.72866502404213,151.16687898989767,6809.15625
1778008740,105,GET,/product/0PUK6V6EV0,0.800000,0.000000,13,15,19,19,93,93,93,93,93,93,93,16,0,14,33.80548224959057,8.952505071647465,100.94346897676587,7989.5625
1778008740,105,GET,/product/1YMWWN1N4O,0.600000,0.000000,12,13,13,13,14,14,14,14,14,14,14,9,0,12,12.883319894576239,11.309684021398425,16.721245949156582,7972.444444444444
1778008740,105,GET,/product/2ZYFJ3GM2N,0.400000,0.000000,14,14,21,21,21,21,21,21,21,21,21,5,0,13,14.413577574305236,11.864336906000972,20.735025056637824,7967.2
1778008740,105,GET,/product/66VCHSJNUP,0.500000,0.000000,14,14,15,15,22,22,22,22,22,22,22,9,0,15,36.28018801100552,11.088232975453138,114.31234003975987,7965.777777777777
1778008740,105,GET,/product/6E92ZMYYFZ,0.700000,0.000000,12,12,35,35,99,99,99,99,99,99,99,12,0,12,23.95056891449106,10.222613927908242,99.28397601470351,7951.583333333333
1778008740,105,GET,/product/9SIQT8TOJO,0.900000,0.000000,12,12,16,34,94,94,94,94,94,94,94,12,0,12,23.957826478484396,9.0180030092597,93.76977803185582,8017.0
1778008740,105,GET,/product/L9ECAV7KIM,0.300000,0.000000,16,16,17,17,58,58,58,58,58,58,58,6,0,15,21.10654899540047,9.552540024742484,57.68459802493453,7951.166666666667
1778008740,105,GET,/product/LS4PSXUNUM,1.000000,0.000000,10,11,12,12,12,12,12,12,12,12,12,14,0,11,11.968580091239087,9.698956040665507,19.296113052405417,7965.642857142857
1778008740,105,GET,/product/OLJCESPC7Z,0.800000,0.000000,11,12,13,13,14,18,18,18,18,18,18,12,0,11,11.66752768525233,8.14925308804959,17.977969022467732,8004.666666666667
1778008740,105,,Aggregated,42.300000,0.000000,17,22,28,33,59,92,140,160,1100,1100,1100,723,0,19,40.25002916338357,8.14925308804959,1063.8131609885022,10529.630705394191
1778008741,110,GET,/,32.900000,0.000000,18,24,33,39,76,130,140,170,1100,1100,1100,581,0,19,43.71119723250535,10.008814977481961,1063.8131609885022,10515.697074010328
1778008741,110,POST,/cart,3.800000,0.000000,29,37,44,49,63,79,140,140,140,140,140,63,0,30,41.347450940751486,17.805747920647264,142.8615750046447,16877.714285714286
1778008741,110,POST,/cart/checkout,2.600000,0.000000,16,20,28,30,56,60,85,85,85,85,85,34,0,19,36.38718842172666,12.72866502404213,151.16687898989767,6809.117647058823
1778008741,110,GET,/product/0PUK6V6EV0,0.900000,0.000000,15,19,39,39,93,93,93,93,93,93,93,17,0,15,34.13677682607051,8.952505071647465,100.94346897676587,7988.176470588235
1778008741,110,GET,/product/1YMWWN1N4O,0.700000,0.000000,13,13,13,13,14,14,14,14,14,14,14,9,0,12,12.883319894576239,11.309684021398425,16.721245949156582,7972.444444444444
1778008741,110,GET,/product/2ZYFJ3GM2N,0.400000,0.000000,14,14,21,21,21,21,21,21,21,21,21,5,0,13,14.413577574305236,11.864336906000972,20.735025056637824,7967.2
1778008741,110,GET,/product/66VCHSJNUP,0.500000,0.000000,13,14,15,15,22,22,22,22,22,22,22,10,0,14,33.88267910340801,11.088232975453138,114.31234003975987,7970.3
1778008741,110,GET,/product/6E92ZMYYFZ,0.800000,0.000000,12,12,35,37,99,99,99,99,99,99,99,13,0,13,24.969238922214853,10.222613927908242,99.28397601470351,7951.2307692307695
1778008741,110,GET,/product/9SIQT8TOJO,0.800000,0.000000,12,12,16,34,94,94,94,94,94,94,94,12,0,12,23.957826478484396,9.0180030092597,93.76977803185582,8017.0
1778008741,110,GET,/product/L9ECAV7KIM,0.300000,0.000000,16,16,17,17,17,17,17,17,17,17,17,6,0,15,21.10654899540047,9.552540024742484,57.68459802493453,7951.166666666667
1778008741,110,GET,/product/LS4PSXUNUM,0.900000,0.000000,10,11,12,12,12,12,12,12,12,12,12,14,0,11,11.968580091239087,9.698956040665507,19.296113052405417,7965.642857142857
1778008741,110,GET,/product/OLJCESPC7Z,0.900000,0.000000,11,12,13,13,14,18,18,18,18,18,18,13,0,11,11.612971940149482,8.14925308804959,17.977969022467732,8007.538461538462
1778008741,110,,Aggregated,45.500000,0.000000,18,25,33,37,69,99,140,160,1100,1100,1100,777,0,19,40.415304048769556,8.14925308804959,1063.8131609885022,10546.216216216217
1778008742,115,GET,/,34.200000,0.000000,17,22,31,35,70,120,140,160,1100,1100,1100,638,0,19,41.244721990611495,9.506068076007068,1063.8131609885022,10516.437304075234
1778008742,115,POST,/cart,3.900000,0.000000,27,36,38,44,51,63,140,140,140,140,140,68,0,29,40.12611970949151,17.805747920647264,142.8615750046447,16951.573529411766
1778008742,115,POST,/cart/checkout,2.500000,0.000000,16,17,20,28,38,56,85,85,85,85,85,37,0,18,34.460085280541634,10.32803999260068,151.16687898989767,6809.081081081081
1778008742,115,GET,/product/0PUK6V6EV0,0.600000,0.000000,19,19,39,39,93,93,93,93,93,93,93,17,0,15,34.13677682607051,8.952505071647465,100.94346897676587,7988.176470588235
1778008742,115,GET,/product/1YMWWN1N4O,0.700000,0.000000,13,13,13,14,14,14,14,14,14,14,14,9,0,12,12.883319894576239,11.309684021398425,16.721245949156582,7972.444444444444
1778008742,115,GET,/product/2ZYFJ3GM2N,0.400000,0.000000,14,14,21,21,21,21,21,21,21,21,21,6,0,12,14.035306638106704,11.864336906000972,20.735025056637824,7962.666666666667
1778008742,115,GET,/product/66VCHSJNUP,0.600000,0.000000,12,13,15,15,22,22,22,22,22,22,22,11,0,14,31.61752882244235,8.966026012785733,114.31234003975987,7965.545454545455
1778008742,115,GET,/product/6E92ZMYYFZ,0.700000,0.000000,12,12,35,37,99,99,99,99,99,99,99,14,0,12,23.822532218348766,8.915345068089664,99.28397601470351,7957.714285714285
1778008742,115,GET,/product/9SIQT8TOJO,1.000000,0.000000,12,16,34,34,94,94,94,94,94,94,94,13,0,12,22.929703055594402,9.0180030092597,93.76977803185582,8022.846153846154
1778008742,115,GET,/product/L9ECAV7KIM,0.400000,0.000000,16,16,17,17,17,17,17,17,17,17,17,6,0,15,21.10654899540047,9.552540024742484,57.68459802493453,7951.166666666667
1778008742,115,GET,/product/LS4PSXUNUM,0.900000,0.000000,11,12,12,12,12,12,12,12,12,12,12,15,0,11,11.98216141977658,9.698956040665507,19.296113052405417,7963.866666666667
1778008742,115,GET,/product/OLJCESPC7Z,1.200000,0.000000,11,11,12,13,13,13,13,13,13,13,13,13,0,11,11.612971940149482,8.14925308804959,17.977969022467732,8007.538461538462
1778008742,115,,Aggregated,47.100000,0.000000,17,22,29,35,63,94,140,160,1100,1100,1100,847,0,19,38.41198773184899,8.14925308804959,1063.8131609885022,10559.67650531287
1778008743,120,GET,/,37.500000,0.000000,16,21,28,34,68,120,140,160,1100,1100,1100,694,0,18,39.366894610788435,9.506068076007068,1063.8131609885022,10517.466858789625
1778008743,120,POST,/cart,4.000000,0.000000,27,34,38,44,51,63,140,140,140,140,140,71,0,29,39.41388405911939,17.805747920647264,142.8615750046447,16930.450704225354
1778008743,120,POST,/cart/checkout,2.500000,0.000000,16,18,28,30,56,56,85,85,85,85,85,42,0,17,33.29693638841577,10.32803999260068,151.16687898989767,6806.452380952381
1778008743,120,GET,/product/0PUK6V6EV0,0.700000,0.000000,11,14,19,19,39,93,93,93,93,93,93,22,0,13,28.985845274291933,8.952505071647465,100.94346897676587,7991.772727272727
1778008743,120,GET,/product/1YMWWN1N4O,0.700000,0.000000,13,13,13,13,14,14,14,14,14,14,14,10,0,12,12.592654500622302,9.976665955036879,16.721245949156582,7971.8
1778008743,120,GET,/product/2ZYFJ3GM2N,0.400000,0.000000,14,14,21,21,21,21,21,21,21,21,21,6,0,12,14.035306638106704,11.864336906000972,20.735025056637824,7962.666666666667
1778008743,120,GET,/product/66VCHSJNUP,0.600000,0.000000,12,13,15,15,22,22,22,22,22,22,22,11,0,14,31.61752882244235,8.966026012785733,114.31234003975987,7965.545454545455
1778008743,120,GET,/product/6E92ZMYYFZ,0.800000,0.000000,12,35,37,37,99,99,99,99,99,99,99,14,0,12,23.822532218348766,8.915345068089664,99.28397601470351,7957.714285714285
1778008743,120,GET,/product/9SIQT8TOJO,1.000000,0.000000,12,12,16,16,94,94,94,94,94,94,94,13,0,12,22.929703055594402,9.0180030092597,93.76977803185582,8022.846153846154
1778008743,120,GET,/product/L9ECAV7KIM,0.400000,0.000000,12,16,16,17,17,17,17,17,17,17,17,7,0,15,19.574317848309875,9.552540024742484,57.68459802493453,7963.142857142857
1778008743,120,GET,/product/LS4PSXUNUM,0.800000,0.000000,11,12,12,12,12,12,12,12,12,12,12,15,0,11,11.98216141977658,9.698956040665507,19.296113052405417,7963.866666666667
1778008743,120,GET,/product/OLJCESPC7Z,1.200000,0.000000,11,11,13,13,13,13,13,13,13,13,13,13,0,11,11.612971940149482,8.14925308804959,17.977969022467732,8007.538461538462
1778008743,120,,Aggregated,50.600000,0.000000,16,21,28,34,59,92,140,160,1100,1100,1100,918,0,18,36.83270656486997,8.14925308804959,1063.8131609885022,10537.028322440086
1778008744,125,GET,/,39.800000,0.000000,16,20,25,33,63,92,140,160,1100,1100,1100,754,0,18,37.50268159284743,9.506068076007068,1063.8131609885022,10517.649867374006
1778008744,125,POST,/cart,4.500000,0.000000,26,33,36,38,51,63,140,140,140,140,140,76,0,27,38.24238051617469,17.805747920647264,142.8615750046447,16917.065789473683
1778008744,125,POST,/cart/checkout,2.300000,0.000000,16,17,18,21,56,56,85,85,85,85,85,44,0,17,32.44949811910787,10.32803999260068,151.16687898989767,6807.113636363636
1778008744,125,GET,/product/0PUK6V6EV0,0.700000,0.000000,13,14,19,39,93,93,93,93,93,93,93,22,0,13,28.985845274291933,8.952505071647465,100.94346897676587,7991.772727272727
1778008744,125,GET,/product/1YMWWN1N4O,0.600000,0.000000,13,13,13,13,13,13,13,13,13,13,13,10,0,12,12.592654500622302,9.976665955036879,16.721245949156582,7971.8
1778008744,125,GET,/product/2ZYFJ3GM2N,0.400000,0.000000,12,12,14,14,14,14,14,14,14,14,14,6,0,12,14.035306638106704,11.864336906000972,20.735025056637824,7962.666666666667
1778008744,125,GET,/product/66VCHSJNUP,0.700000,0.000000,12,12,13,13,15,15,15,15,15,15,15,13,0,13,28.43776724050538,8.966026012785733,114.31234003975987,7961.0
1778008744,125,GET,/product/6E92ZMYYFZ,0.700000,0.000000,12,35,37,37,99,99,99,99,99,99,99,14,0,12,23.822532218348766,8.915345068089664,99.28397601470351,7957.714285714285
1778008744,125,GET,/product/9SIQT8TOJO,0.900000,0.000000,12,12,16,16,94,94,94,94,94,94,94,13,0,12,22.929703055594402,9.0180030092597,93.76977803185582,8022.846153846154
1778008744,125,GET,/product/L9ECAV7KIM,0.400000,0.000000,11,12,14,14,17,17,17,17,17,17,17,10,0,12,17.228072299622,9.552540024742484,57.68459802493453,7966.1
1778008744,125,GET,/product/LS4PSXUNUM,0.800000,0.000000,11,12,12,12,12,12,12,12,12,12,12,16,0,11,11.840059392852709,9.698956040665507,19.296113052405417,7963.8125
1778008744,125,GET,/product/OLJCESPC7Z,0.900000,0.000000,11,11,13,13,13,13,13,13,13,13,13,15,0,11,11.478104946824411,8.14925308804959,17.977969022467732,8001.066666666667
1778008744,125,,Aggregated,52.700000,0.000000,16,21,26,33,57,92,140,160,1100,1100,1100,993,0,17,35.24091999067138,8.14925308804959,1063.8131609885022,10538.899295065457
1778008745,130,GET,/,41.900000,0.000000,16,20,26,31,59,92,140,160,180,180,180,811,0,18,36.403690377949665,9.506068076007068,1063.8131609885022,10518.643649815043
1778008745,130,POST,/cart,4.300000,0.000000,26,33,36,38,50,69,140,140,140,140,140,80,0,27,38.478117527847644,17.805747920647264,142.8615750046447,16946.85
1778008745,130,POST,/cart/checkout,2.600000,0.000000,16,17,21,21,56,56,85,85,85,85,85,48,0,17,31.12366483886338,10.32803999260068,151.16687898989767,6805.708333333333
1778008745,130,GET,/product/0PUK6V6EV0,0.800000,0.000000,13,14,19,39,93,93,93,93,93,93,93,22,0,13,28.985845274291933,8.952505071647465,100.94346897676587,7991.772727272727
1778008745,130,GET,/product/1YMWWN1N4O,0.500000,0.000000,13,13,13,15,15,15,15,15,15,15,15,11,0,12,12.801356909965927,9.976665955036879,16.721245949156582,7970.363636363636
1778008745,130,GET,/product/2ZYFJ3GM2N,0.400000,0.000000,12,12,14,14,14,14,14,14,14,14,14,6,0,12,14.035306638106704,11.864336906000972,20.735025056637824,7962.666666666667
1778008745,130,GET,/product/66VCHSJNUP,0.700000,0.000000,12,12,13,13,15,15,15,15,15,15,15,13,0,13,28.43776724050538,8.966026012785733,114.31234003975987,7961.0
1778008745,130,GET,/product/6E92ZMYYFZ,0.800000,0.000000,12,13,37,37,99,99,99,99,99,99,99,15,0,13,23.068836665091414,8.915345068089664,99.28397601470351,7961.2
1778008745,130,GET,/product/9SIQT8TOJO,0.800000,0.000000,14,18,21,21,94,94,94,94,94,94,94,16,0,12,21.987540669215377,9.0180030092597,93.76977803185582,8022.0
1778008745,130,GET,/product/L9ECAV7KIM,0.400000,0.000000,12,12,14,14,17,17,17,17,17,17,17,10,0,12,17.228072299622,9.552540024742484,57.68459802493453,7966.1
1778008745,130,GET,/product/LS4PSXUNUM,0.700000,0.000000,11,12,12,12,12,12,12,12,12,12,12,18,0,11,11.801165729088503,9.698956040665507,19.296113052405417,7966.333333333333
1778008745,130,GET,/product/OLJCESPC7Z,0.900000,0.000000,13,13,14,15,16,22,22,22,22,22,22,20,0,11,12.389477505348623,8.14925308804959,21.571613964624703,8002.5
1778008745,130,,Aggregated,54.800000,0.000000,16,21,25,31,56,89,140,140,180,180,180,1070,0,18,34.2601018728227,8.14925308804959,1063.8131609885022,10522.129906542055
1778008746,135,GET,/,44.600000,0.000000,16,20,25,30,57,90,140,150,180,180,180,873,0,17,35.429177790312664,9.506068076007068,1063.8131609885022,10518.879725085912
1778008746,135,POST,/cart,4.900000,0.000000,25,29,36,38,50,69,140,140,140,140,140,85,0,27,37.48748470919536,17.805747920647264,142.8615750046447,16951.682352941178
1778008746,135,POST,/cart/checkout,2.300000,0.000000,16,17,21,21,52,56,56,56,56,56,56,49,0,17,31.54562580237659,10.32803999260068,151.16687898989767,6805.775510204082
1778008746,135,GET,/product/0PUK6V6EV0,1.000000,0.000000,13,14,19,39,93,93,93,93,93,93,93,22,0,13,28.985845274291933,8.952505071647465,100.94346897676587,7991.772727272727
1778008746,135,GET,/product/1YMWWN1N4O,0.400000,0.000000,11,13,13,13,15,15,15,15,15,15,15,15,0,12,12.153943868664404,8.965783985331655,16.721245949156582,7985.466666666666
1778008746,135,GET,/product/2ZYFJ3GM2N,0.300000,0.000000,12,12,14,14,14,14,14,14,14,14,14,6,0,12,14.035306638106704,11.864336906000972,20.735025056637824,7962.666666666667
1778008746,135,GET,/product/66VCHSJNUP,0.500000,0.000000,12,12,12,12,15,15,15,15,15,15,15,14,0,12,27.133717226596282,8.966026012785733,114.31234003975987,7959.642857142857
1778008746,135,GET,/product/6E92ZMYYFZ,0.800000,0.000000,12,13,37,37,99,99,99,99,99,99,99,15,0,13,23.068836665091414,8.915345068089664,99.28397601470351,7961.2
1778008746,135,GET,/product/9SIQT8TOJO,0.700000,0.000000,12,14,18,18,21,94,94,94,94,94,94,19,0,12,19.920796823785885,8.249409031122923,93.76977803185582,8021.315789473684
1778008746,135,GET,/product/L9ECAV7KIM,0.600000,0.000000,12,14,15,15,17,17,17,17,17,17,17,11,0,14,17.024030549113046,9.552540024742484,57.68459802493453,7975.818181818182
1778008746,135,GET,/product/LS4PSXUNUM,0.700000,0.000000,11,11,12,12,12,12,12,12,12,12,12,20,0,11,11.712208751123399,9.698956040665507,19.296113052405417,7963.4
1778008746,135,GET,/product/OLJCESPC7Z,0.800000,0.000000,13,13,14,15,16,22,22,22,22,22,22,21,0,11,12.283358290525419,8.14925308804959,21.571613964624703,8006.857142857143
1778008746,135,,Aggregated,57.600000,0.000000,16,20,25,29,54,86,140,140,180,180,180,1150,0,17,33.34774994382473,8.14925308804959,1063.8131609885022,10520.990434782609
1778008747,140,GET,/,47.800000,0.000000,16,21,28,33,60,90,140,150,180,180,180,927,0,18,35.08899908323452,9.506068076007068,1063.8131609885022,10519.065803667745
1778008747,140,POST,/cart,4.900000,0.000000,25,32,38,40,50,76,79,140,140,140,140,96,0,27,36.9038302936436,17.805747920647264,142.8615750046447,16968.96875
1778008747,140,POST,/cart/checkout,2.100000,0.000000,16,18,21,23,52,56,56,56,56,56,56,54,0,17,30.354557116947102,10.32803999260068,151.16687898989767,6806.388888888889
1778008747,140,GET,/product/0PUK6V6EV0,1.000000,0.000000,14,19,31,39,93,93,93,93,93,93,93,23,0,14,29.076718047018286,8.952505071647465,100.94346897676587,7990.391304347826
1778008747,140,GET,/product/1YMWWN1N4O,0.500000,0.000000,13,13,15,15,80,80,80,80,80,80,80,16,0,12,16.41752337309299,8.965783985331655,80.37121593952179,7984.875
1778008747,140,GET,/product/2ZYFJ3GM2N,0.300000,0.000000,12,12,14,14,14,14,14,14,14,14,14,6,0,12,14.035306638106704,11.864336906000972,20.735025056637824,7962.666666666667
1778008747,140,GET,/product/66VCHSJNUP,0.700000,0.000000,12,12,12,12,15,15,15,15,15,15,15,14,0,12,27.133717226596282,8.966026012785733,114.31234003975987,7959.642857142857
1778008747,140,GET,/product/6E92ZMYYFZ,0.800000,0.000000,13,13,37,37,99,99,99,99,99,99,99,15,0,13,23.068836665091414,8.915345068089664,99.28397601470351,7961.2
1778008747,140,GET,/product/9SIQT8TOJO,0.500000,0.000000,12,12,18,18,21,94,94,94,94,94,94,21,0,12,19.136647749248716,8.249409031122923,93.76977803185582,8023.714285714285
1778008747,140,GET,/product/L9ECAV7KIM,0.700000,0.000000,11,14,15,15,17,17,17,17,17,17,17,12,0,12,16.396611579693854,9.49500291608274,57.68459802493453,7983.75
1778008747,140,GET,/product/LS4PSXUNUM,0.800000,0.000000,11,12,12,12,12,12,12,12,12,12,12,20,0,11,11.712208751123399,9.698956040665507,19.296113052405417,7963.4
1778008747,140,GET,/product/OLJCESPC7Z,0.900000,0.000000,13,13,14,15,16,22,22,22,22,22,22,21,0,11,12.283358290525419,8.14925308804959,21.571613964624703,8006.857142857143
1778008747,140,,Aggregated,61.000000,0.000000,16,21,27,32,56,85,140,140,180,180,180,1225,0,18,33.09534767633114,8.14925308804959,1063.8131609885022,10554.792653061224
1778008748,145,GET,/,49.700000,0.000000,16,22,30,36,57,81,140,150,180,180,180,971,0,18,35.23681787584537,9.506068076007068,1063.8131609885022,10519.439752832131
1778008748,145,POST,/cart,4.700000,0.000000,27,35,38,41,63,76,79,150,150,150,150,103,0,27,37.883212128699334,17.805747920647264,147.64590200502425,16961.203883495145
1778008748,145,POST,/cart/checkout,2.500000,0.000000,16,20,21,24,52,56,56,56,56,56,56,55,0,17,30.152323295954954,10.32803999260068,151.16687898989767,6806.8
1778008748,145,GET,/product/0PUK6V6EV0,1.000000,0.000000,13,14,31,39,93,93,93,93,93,93,93,24,0,13,28.407337585425314,8.952505071647465,100.94346897676587,7990.125
1778008748,145,GET,/product/1YMWWN1N4O,0.500000,0.000000,13,13,15,17,80,80,80,80,80,80,80,18,0,12,16.191242560226883,8.965783985331655,80.37121593952179,7983.333333333333
1778008748,145,GET,/product/2ZYFJ3GM2N,0.300000,0.000000,12,12,14,14,14,14,14,14,14,14,14,7,0,12,13.726188701444439,11.864336906000972,20.735025056637824,7977.571428571428
1778008748,145,GET,/product/66VCHSJNUP,0.700000,0.000000,12,12,12,12,50,50,50,50,50,50,50,15,0,13,28.671032679267228,8.966026012785733,114.31234003975987,7966.0
1778008748,145,GET,/product/6E92ZMYYFZ,0.800000,0.000000,13,37,47,47,99,99,99,99,99,99,99,16,0,13,24.55695374374045,8.915345068089664,99.28397601470351,7959.6875
1778008748,145,GET,/product/9SIQT8TOJO,0.800000,0.000000,12,14,18,21,87,94,94,94,94,94,94,23,0,12,21.695303811651208,8.249409031122923,93.76977803185582,8019.913043478261
1778008748,145,GET,/product/L9ECAV7KIM,0.700000,0.000000,11,14,15,15,17,17,17,17,17,17,17,13,0,12,15.786799924591413,8.469060063362122,57.68459802493453,7981.153846153846
1778008748,145,GET,/product/LS4PSXUNUM,0.800000,0.000000,11,12,12,12,12,12,12,12,12,12,12,20,0,11,11.712208751123399,9.698956040665507,19.296113052405417,7963.4
1778008748,145,GET,/product/OLJCESPC7Z,1.400000,0.000000,13,14,14,15,16,22,22,22,22,22,22,23,0,12,12.386906785768984,8.14925308804959,21.571613964624703,8006.0
1778008748,145,,Aggregated,63.900000,0.000000,16,22,29,35,56,78,130,150,180,180,180,1288,0,18,33.30041983299339,8.14925308804959,1063.8131609885022,10563.2950310559
1778008749,150,GET,/,51.600000,0.000000,19,29,46,57,640,840,920,940,1000,1000,1000,1040,0,19,83.09005099648718,9.506068076007068,1063.8131609885022,10519.624038461538
1778008749,150,POST,/cart,4.700000,0.000000,27,38,44,67,180,440,520,600,600,600,600,111,0,29,57.39030145268115,17.805747920647264,597.6759709883481,16988.38738738739
1778008749,150,POST,/cart/checkout,2.600000,0.000000,17,21,24,52,200,200,590,590,590,590,590,58,0,18,45.56029279724341,10.32803999260068,586.8759809527546,6807.431034482759
1778008749,150,GET,/product/0PUK6V6EV0,0.900000,0.000000,13,14,31,39,110,110,110,110,110,110,110,25,0,14,31.49726436007768,8.952505071647465,105.65550695173442,7989.88
1778008749,150,GET,/product/1YMWWN1N4O,0.800000,0.000000,13,15,17,17,80,200,200,200,200,200,200,19,0,12,26.087472901532525,8.965783985331655,204.21961904503405,7984.9473684210525
1778008749,150,GET,/product/2ZYFJ3GM2N,0.100000,0.000000,93,93,98,98,98,98,98,98,98,98,98,9,0,13,31.907685993549723,11.864336906000972,97.60403202380985,7987.333333333333
1778008749,150,GET,/product/66VCHSJNUP,0.700000,0.000000,12,12,50,50,87,87,87,87,87,87,87,16,0,13,32.29635814204812,8.966026012785733,114.31234003975987,7965.25
1778008749,150,GET,/product/6E92ZMYYFZ,0.600000,0.000000,37,37,47,47,99,99,99,99,99,99,99,16,0,13,24.55695374374045,8.915345068089664,99.28397601470351,7959.6875
1778008749,150,GET,/product/9SIQT8TOJO,1.100000,0.000000,11,12,18,18,21,87,87,87,87,87,87,23,0,12,21.695303811651208,8.249409031122923,93.76977803185582,8019.913043478261
1778008749,150,GET,/product/L9ECAV7KIM,0.600000,0.000000,11,14,15,15,17,17,17,17,17,17,17,13,0,12,15.786799924591413,8.469060063362122,57.68459802493453,7981.153846153846
1778008749,150,GET,/product/LS4PSXUNUM,0.800000,0.000000,11,12,12,12,110,110,110,110,110,110,110,21,0,11,16.170333050900982,9.698956040665507,105.33281904645264,7961.857142857143
1778008749,150,GET,/product/OLJCESPC7Z,1.400000,0.000000,13,14,16,16,110,180,180,180,180,180,180,25,0,13,23.117424682714045,8.14925308804959,181.00626103114337,8002.88
1778008749,150,,Aggregated,65.900000,0.000000,19,29,42,56,420,770,910,930,1000,1000,1000,1376,0,19,72.33148418307009,8.14925308804959,1063.8131609885022,10577.457122093023
1778008750,150,GET,/,53.500000,0.000000,20,34,60,130,640,840,920,940,1000,1000,1000,1103,0,19,89.07378357799229,9.506068076007068,1063.8131609885022,10520.70534904805
1778008750,150,POST,/cart,5.300000,0.000000,27,39,50,76,180,440,520,600,600,600,600,113,0,29,57.877776896028855,17.805747920647264,597.6759709883481,16979.070796460175
1778008750,150,POST,/cart/checkout,2.400000,0.000000,17,21,52,56,200,200,590,590,590,590,590,59,0,19,46.28631539477067,10.32803999260068,586.8759809527546,6806.949152542373
1778008750,150,GET,/product/0PUK6V6EV0,1.000000,0.000000,14,31,100,100,110,180,180,180,180,180,180,27,0,14,39.56405296318095,8.952505071647465,179.68584003392607,7987.740740740741
1778008750,150,GET,/product/1YMWWN1N4O,0.900000,0.000000,13,15,17,80,200,200,200,200,200,200,200,19,0,12,26.087472901532525,8.965783985331655,204.21961904503405,7984.9473684210525
1778008750,150,GET,/product/2ZYFJ3GM2N,0.100000,0.000000,93,93,98,98,98,98,98,98,98,98,98,9,0,13,31.907685993549723,11.864336906000972,97.60403202380985,7987.333333333333
1778008750,150,GET,/product/66VCHSJNUP,0.700000,0.000000,12,50,87,190,210,210,210,210,210,210,210,18,0,14,51.06139985016651,8.966026012785733,211.90587105229497,7968.166666666667
1778008750,150,GET,/product/6E92ZMYYFZ,0.700000,0.000000,47,85,86,86,89,89,89,89,89,89,89,19,0,13,34.377226311909524,8.915345068089664,99.28397601470351,7971.9473684210525
1778008750,150,GET,/product/9SIQT8TOJO,1.200000,0.000000,11,14,18,21,87,210,210,210,210,210,210,24,0,12,29.50123302677336,8.249409031122923,209.0376049745828,8019.833333333333
1778008750,150,GET,/product/L9ECAV7KIM,0.700000,0.000000,12,15,17,17,79,180,180,180,180,180,180,16,0,12,29.900624183937907,8.469060063362122,182.69286991562694,7977.0625
1778008750,150,GET,/product/LS4PSXUNUM,0.800000,0.000000,11,12,12,12,110,110,110,110,110,110,110,22,0,11,15.833031820048662,8.749705972149968,105.33281904645264,7965.136363636364
1778008750,150,GET,/product/OLJCESPC7Z,1.300000,0.000000,14,15,16,22,110,180,180,180,180,180,180,25,0,13,23.117424682714045,8.14925308804959,181.00626103114337,8002.88
1778008750,150,,Aggregated,68.600000,0.000000,20,34,56,89,460,770,910,930,1000,1000,1000,1454,0,19,77.75481407638854,8.14925308804959,1063.8131609885022,10559.944979367263
1778008751,150,GET,/,51.500000,0.000000,20,45,78,190,640,830,920,940,1000,1000,1000,1166,0,20,89.33770715841692,9.506068076007068,1063.8131609885022,10521.364493996569
1778008751,150,POST,/cart,5.500000,0.000000,31,41,76,110,180,440,520,600,600,600,600,125,0,30,58.71619409695268,17.805747920647264,597.6759709883481,17007.104
1778008751,150,POST,/cart/checkout,2.500000,0.000000,19,22,52,56,200,200,590,590,590,590,590,61,0,19,46.23072451270628,10.32803999260068,586.8759809527546,6806.803278688524
1778008751,150,GET,/product/0PUK6V6EV0,1.000000,0.000000,14,31,100,110,180,180,180,180,180,180,180,27,0,14,39.56405296318095,8.952505071647465,179.68584003392607,7987.740740740741
1778008751,150,GET,/product/1YMWWN1N4O,0.900000,0.000000,13,15,17,80,200,200,200,200,200,200,200,19,0,12,26.087472901532525,8.965783985331655,204.21961904503405,7984.9473684210525
1778008751,150,GET,/product/2ZYFJ3GM2N,0.200000,0.000000,12,93,93,98,98,98,98,98,98,98,98,10,0,12,29.923759901430458,11.864336906000972,97.60403202380985,7987.0
1778008751,150,GET,/product/66VCHSJNUP,0.700000,0.000000,15,50,87,190,210,210,210,210,210,210,210,19,0,15,49.18056075755311,8.966026012785733,211.90587105229497,7971.368421052632
1778008751,150,GET,/product/6E92ZMYYFZ,0.600000,0.000000,85,85,86,86,89,89,89,89,89,89,89,19,0,13,34.377226311909524,8.915345068089664,99.28397601470351,7971.9473684210525
1778008751,150,GET,/product/9SIQT8TOJO,1.400000,0.000000,12,14,18,21,87,210,210,210,210,210,210,27,0,12,27.642637650758303,8.249409031122923,209.0376049745828,8021.7037037037035
1778008751,150,GET,/product/L9ECAV7KIM,0.800000,0.000000,12,14,15,79,180,180,180,180,180,180,180,16,0,12,29.900624183937907,8.469060063362122,182.69286991562694,7977.0625
1778008751,150,GET,/product/LS4PSXUNUM,0.700000,0.000000,11,12,20,20,110,120,120,120,120,120,120,25,0,11,19.95613932609558,8.749705972149968,119.60279499180615,7967.4
1778008751,150,GET,/product/OLJCESPC7Z,1.400000,0.000000,15,19,22,22,110,180,180,180,180,180,180,28,0,13,24.58826164365746,8.14925308804959,181.00626103114337,8007.178571428572
1778008751,150,,Aggregated,67.200000,0.000000,20,40,72,130,430,750,910,930,1000,1000,1000,1542,0,20,77.94437612533441,8.14925308804959,1063.8131609885022,10588.06420233463
1778008752,150,GET,/,55.500000,0.000000,20,39,68,180,630,800,920,940,1000,1000,1000,1234,0,19,85.23503331230906,9.506068076007068,1063.8131609885022,10521.863047001621
1778008752,150,POST,/cart,5.600000,0.000000,29,41,69,81,150,350,520,600,600,600,600,134,0,29,56.74109818003794,16.520453966222703,597.6759709883481,16990.925373134327
1778008752,150,POST,/cart/checkout,2.600000,0.000000,20,23,33,52,200,200,590,590,590,590,590,66,0,19,44.29300221663928,10.32803999260068,586.8759809527546,6806.363636363636
1778008752,150,GET,/product/0PUK6V6EV0,1.100000,0.000000,13,31,100,100,110,180,180,180,180,180,180,30,0,13,36.57136939776441,8.952505071647465,179.68584003392607,7989.366666666667
1778008752,150,GET,/product/1YMWWN1N4O,1.000000,0.000000,13,15,17,80,200,200,200,200,200,200,200,19,0,12,26.087472901532525,8.965783985331655,204.21961904503405,7984.9473684210525
1778008752,150,GET,/product/2ZYFJ3GM2N,0.400000,0.000000,12,93,93,98,98,98,98,98,98,98,98,10,0,12,29.923759901430458,11.864336906000972,97.60403202380985,7987.0
1778008752,150,GET,/product/66VCHSJNUP,0.800000,0.000000,27,50,87,190,210,210,210,210,210,210,210,20,0,15,48.08406151714735,8.966026012785733,211.90587105229497,7971.2
1778008752,150,GET,/product/6E92ZMYYFZ,0.600000,0.000000,47,85,86,86,89,89,89,89,89,89,89,20,0,13,33.133800444193184,8.915345068089664,99.28397601470351,7971.5
1778008752,150,GET,/product/9SIQT8TOJO,1.200000,0.000000,11,14,17,18,87,210,210,210,210,210,210,29,0,12,26.426451015767867,8.249409031122923,209.0376049745828,8020.758620689655
1778008752,150,GET,/product/L9ECAV7KIM,0.800000,0.000000,12,14,15,79,180,180,180,180,180,180,180,16,0,12,29.900624183937907,8.469060063362122,182.69286991562694,7977.0625
1778008752,150,GET,/product/LS4PSXUNUM,0.800000,0.000000,11,12,20,20,110,120,120,120,120,120,120,26,0,11,19.589761388488114,8.749705972149968,119.60279499180615,7969.423076923077
1778008752,150,GET,/product/OLJCESPC7Z,1.300000,0.000000,15,19,22,72,110,180,180,180,180,180,180,28,0,13,24.58826164365746,8.14925308804959,181.00626103114337,8007.178571428572
1778008752,150,,Aggregated,71.700000,0.000000,20,35,67,110,420,740,900,930,1000,1000,1000,1632,0,19,74.55003462232793,8.14925308804959,1063.8131609885022,10595.430759803921
1778008753,150,GET,/,56.400000,0.000000,20,40,68,180,630,800,920,940,1000,1000,1000,1294,0,18,82.0267320972424,9.133957093581557,1063.8131609885022,10522.797527047913
1778008753,150,POST,/cart,5.800000,0.000000,30,41,69,81,150,350,520,600,600,600,600,142,0,28,55.14836441118821,16.520453966222703,597.6759709883481,16970.591549295776
1778008753,150,POST,/cart/checkout,2.600000,0.000000,20,24,33,67,200,200,590,590,590,590,590,67,0,19,43.79509864618251,10.32803999260068,586.8759809527546,6806.2835820895525
1778008753,150,GET,/product/0PUK6V6EV0,1.000000,0.000000,13,14,100,100,110,180,180,180,180,180,180,31,0,13,35.640842900911885,7.725047995336354,179.68584003392607,7987.580645161291
1778008753,150,GET,/product/1YMWWN1N4O,1.000000,0.000000,13,15,17,80,200,200,200,200,200,200,200,20,0,12,25.210091104963794,8.539836970157921,204.21961904503405,7984.1
1778008753,150,GET,/product/2ZYFJ3GM2N,0.400000,0.000000,14,14,93,93,98,98,98,98,98,98,98,11,0,13,28.43742763665928,11.864336906000972,97.60403202380985,7995.0
1778008753,150,GET,/product/66VCHSJNUP,0.900000,0.000000,27,50,87,190,210,210,210,210,210,210,210,21,0,15,47.084844538143706,8.966026012785733,211.90587105229497,7968.571428571428
1778008753,150,GET,/product/6E92ZMYYFZ,0.700000,0.000000,85,85,86,86,89,89,89,89,89,89,89,20,0,13,33.133800444193184,8.915345068089664,99.28397601470351,7971.5
1778008753,150,GET,/product/9SIQT8TOJO,1.300000,0.000000,12,14,17,18,46,87,210,210,210,210,210,34,0,12,25.330534098697278,8.249409031122923,209.0376049745828,8020.058823529412
1778008753,150,GET,/product/L9ECAV7KIM,1.000000,0.000000,12,14,15,79,180,180,180,180,180,180,180,17,0,12,28.661512468448457,8.469060063362122,182.69286991562694,7981.529411764706
1778008753,150,GET,/product/LS4PSXUNUM,0.800000,0.000000,11,11,20,20,110,120,120,120,120,120,120,27,0,11,19.20839444803143,8.749705972149968,119.60279499180615,7968.740740740741
1778008753,150,GET,/product/OLJCESPC7Z,1.400000,0.000000,15,19,22,72,110,180,180,180,180,180,180,28,0,13,24.58826164365746,8.14925308804959,181.00626103114337,8007.178571428572
1778008753,150,,Aggregated,73.300000,0.000000,20,38,67,110,420,740,900,930,1000,1000,1000,1712,0,19,71.86731888853322,7.725047995336354,1063.8131609885022,10602.851635514018
1778008754,150,GET,/,57.600000,0.000000,19,41,67,170,610,800,920,940,1000,1000,1000,1365,0,18,78.67549627553672,9.133957093581557,1063.8131609885022,10523.45054945055
1778008754,150,POST,/cart,6.300000,0.000000,27,39,67,81,150,350,520,600,600,600,600,147,0,27,54.03386770357967,16.520453966222703,597.6759709883481,16991.57823129252
1778008754,150,POST,/cart/checkout,2.800000,0.000000,20,24,33,67,200,200,590,590,590,590,590,69,0,18,42.919917366183974,10.32803999260068,586.8759809527546,6805.927536231884
1778008754,150,GET,/product/0PUK6V6EV0,1.000000,0.000000,13,14,100,100,110,180,180,180,180,180,180,31,0,13,35.640842900911885,7.725047995336354,179.68584003392607,7987.580645161291
1778008754,150,GET,/product/1YMWWN1N4O,1.000000,0.000000,12,15,17,17,80,200,200,200,200,200,200,21,0,12,24.54647148538026,8.539836970157921,204.21961904503405,7986.333333333333
1778008754,150,GET,/product/2ZYFJ3GM2N,0.500000,0.000000,14,14,93,93,98,98,98,98,98,98,98,11,0,13,28.43742763665928,11.864336906000972,97.60403202380985,7995.0
1778008754,150,GET,/product/66VCHSJNUP,0.900000,0.000000,27,50,87,190,210,210,210,210,210,210,210,22,0,15,45.430778329980306,8.966026012785733,211.90587105229497,7971.954545454545
1778008754,150,GET,/product/6E92ZMYYFZ,0.600000,0.000000,13,47,85,86,89,89,89,89,89,89,89,23,0,13,30.129250513551675,8.915345068089664,99.28397601470351,7969.391304347826
1778008754,150,GET,/product/9SIQT8TOJO,1.500000,0.000000,11,14,17,18,46,87,210,210,210,210,210,36,0,12,24.486832676403637,8.249409031122923,209.0376049745828,8019.111111111111
1778008754,150,GET,/product/L9ECAV7KIM,1.000000,0.000000,11,12,15,79,180,180,180,180,180,180,180,19,0,12,26.66565926598483,8.33142502233386,182.69286991562694,7979.578947368421
1778008754,150,GET,/product/LS4PSXUNUM,1.000000,0.000000,11,12,20,20,110,120,120,120,120,120,120,27,0,11,19.20839444803143,8.749705972149968,119.60279499180615,7968.740740740741
1778008754,150,GET,/product/OLJCESPC7Z,1.500000,0.000000,14,18,20,22,110,180,180,180,180,180,180,34,0,12,22.223707737045032,8.14925308804959,181.00626103114337,8006.970588235294
1778008754,150,,Aggregated,75.700000,0.000000,20,35,63,100,400,740,900,930,1000,1000,1000,1805,0,18,69.02189202357724,7.725047995336354,1063.8131609885022,10593.643213296398
1778008755,150,GET,/,59.400000,0.000000,17,35,61,160,600,790,920,940,1000,1000,1000,1432,0,18,75.8655684192531,9.133957093581557,1063.8131609885022,10524.481843575419
1778008755,150,POST,/cart,6.700000,0.000000,29,38,59,76,150,350,520,600,600,600,600,155,0,27,52.691521983022895,16.520453966222703,597.6759709883481,17046.064516129034
1778008755,150,POST,/cart/checkout,2.800000,0.000000,20,26,40,67,200,200,590,590,590,590,590,72,0,18,42.03454953191491,10.32803999260068,586.8759809527546,6805.375
1778008755,150,GET,/product/0PUK6V6EV0,1.100000,0.000000,13,31,100,100,110,180,180,180,180,180,180,33,0,13,34.20194966549223,7.725047995336354,179.68584003392607,7988.909090909091
1778008755,150,GET,/product/1YMWWN1N4O,1.000000,0.000000,12,17,31,31,80,200,200,200,200,200,200,22,0,12,24.845142690041527,8.539836970157921,204.21961904503405,7989.727272727273
1778008755,150,GET,/product/2ZYFJ3GM2N,0.400000,0.000000,14,93,93,98,98,98,98,98,98,98,98,11,0,13,28.43742763665928,11.864336906000972,97.60403202380985,7995.0
1778008755,150,GET,/product/66VCHSJNUP,0.900000,0.000000,32,50,87,190,210,210,210,210,210,210,210,23,0,15,44.84879131854066,8.966026012785733,211.90587105229497,7969.782608695652
1778008755,150,GET,/product/6E92ZMYYFZ,0.600000,0.000000,14,47,85,86,89,89,89,89,89,89,89,24,0,13,29.458171280566603,8.915345068089664,99.28397601470351,7967.958333333333
1778008755,150,GET,/product/9SIQT8TOJO,1.600000,0.000000,11,12,14,16,46,87,210,210,210,210,210,37,0,12,24.08091162922918,8.249409031122923,209.0376049745828,8021.324324324324
1778008755,150,GET,/product/L9ECAV7KIM,1.000000,0.000000,11,12,15,79,180,180,180,180,180,180,180,20,0,11,25.874930451391265,8.33142502233386,182.69286991562694,7979.9
1778008755,150,GET,/product/LS4PSXUNUM,1.100000,0.000000,11,17,20,110,120,120,120,120,120,120,120,28,0,11,19.123681467525394,8.749705972149968,119.60279499180615,7970.357142857143
1778008755,150,GET,/product/OLJCESPC7Z,1.500000,0.000000,14,18,20,22,110,180,180,180,180,180,180,34,0,12,22.223707737045032,8.14925308804959,181.00626103114337,8006.970588235294
1778008755,150,,Aggregated,78.100000,0.000000,19,33,57,98,380,720,900,930,1000,1000,1000,1891,0,18,66.76854385335899,7.725047995336354,1063.8131609885022,10606.487572712851
1778008756,150,GET,/,60.100000,0.000000,17,34,61,160,600,790,920,940,1000,1000,1000,1489,0,17,73.60287012163015,9.133957093581557,1063.8131609885022,10525.359973136334
1778008756,150,POST,/cart,6.700000,0.000000,29,37,59,76,150,350,520,600,600,600,600,161,0,27,51.71302303394175,16.520453966222703,597.6759709883481,17086.006211180124
1778008756,150,POST,/cart/checkout,2.500000,0.000000,18,24,33,40,200,200,590,590,590,590,590,77,0,17,40.19982139459001,10.32803999260068,586.8759809527546,6805.493506493506
1778008756,150,GET,/product/0PUK6V6EV0,0.900000,0.000000,13,31,100,100,110,180,180,180,180,180,180,33,0,13,34.20194966549223,7.725047995336354,179.68584003392607,7988.909090909091
1778008756,150,GET,/product/1YMWWN1N4O,1.100000,0.000000,17,31,80,80,200,200,200,200,200,200,200,22,0,12,24.845142690041527,8.539836970157921,204.21961904503405,7989.727272727273
1778008756,150,GET,/product/2ZYFJ3GM2N,0.500000,0.000000,14,14,93,93,98,98,98,98,98,98,98,12,0,12,27.082217507995665,11.864336906000972,97.60403202380985,8001.333333333333
1778008756,150,GET,/product/66VCHSJNUP,1.000000,0.000000,32,50,87,190,210,210,210,210,210,210,210,23,0,15,44.84879131854066,8.966026012785733,211.90587105229497,7969.782608695652
1778008756,150,GET,/product/6E92ZMYYFZ,0.700000,0.000000,13,14,85,85,86,89,89,89,89,89,89,27,0,13,27.28695328416372,8.516576024703681,99.28397601470351,7974.518518518518
1778008756,150,GET,/product/9SIQT8TOJO,2.100000,0.000000,11,14,16,17,87,210,210,210,210,210,210,37,0,12,24.08091162922918,8.249409031122923,209.0376049745828,8021.324324324324
1778008756,150,GET,/product/L9ECAV7KIM,0.900000,0.000000,11,11,12,79,180,180,180,180,180,180,180,20,0,11,25.874930451391265,8.33142502233386,182.69286991562694,7979.9
1778008756,150,GET,/product/LS4PSXUNUM,1.200000,0.000000,11,17,20,20,110,120,120,120,120,120,120,29,0,11,18.782400036359142,8.749705972149968,119.60279499180615,7973.0344827586205
1778008756,150,GET,/product/OLJCESPC7Z,1.700000,0.000000,13,18,20,20,110,180,180,180,180,180,180,37,0,12,21.35202516109456,8.14925308804959,181.00626103114337,8006.135135135135
1778008756,150,,Aggregated,79.400000,0.000000,19,33,56,100,400,740,900,930,1000,1000,1000,1967,0,18,64.83354217870692,7.725047995336354,1063.8131609885022,10607.52618200305
1778008757,150,GET,/,60.900000,0.000000,18,39,83,150,540,790,920,940,1000,1000,1000,1570,0,18,72.41289956468472,9.133957093581557,1063.8131609885022,10526.04076433121
1778008757,150,POST,/cart,7.100000,0.000000,29,39,63,81,150,350,520,600,600,600,600,168,0,27,51.07898910881929,16.520453966222703,597.6759709883481,17110.053571428572
1778008757,150,POST,/cart/checkout,2.500000,0.000000,18,26,40,67,200,200,590,590,590,590,590,77,0,17,40.19982139459001,10.32803999260068,586.8759809527546,6805.493506493506
1778008757,150,GET,/product/0PUK6V6EV0,0.900000,0.000000,14,75,91,100,110,180,180,180,180,180,180,36,0,14,36.583336581113855,7.725047995336354,179.68584003392607,7988.25
1778008757,150,GET,/product/1YMWWN1N4O,1.000000,0.000000,12,12,31,31,200,200,200,200,200,200,200,23,0,12,24.301962876368474,8.539836970157921,204.21961904503405,7992.826086956522
1778008757,150,GET,/product/2ZYFJ3GM2N,0.500000,0.000000,14,93,98,98,99,99,99,99,99,99,99,13,0,13,32.604691232196416,11.864336906000972,98.8743759226054,8000.7692307692305
1778008757,150,GET,/product/66VCHSJNUP,0.900000,0.000000,32,50,87,190,210,210,210,210,210,210,210,23,0,15,44.84879131854066,8.966026012785733,211.90587105229497,7969.782608695652
1778008757,150,GET,/product/6E92ZMYYFZ,0.900000,0.000000,17,47,86,86,89,94,94,94,94,94,94,31,0,13,30.780969120021307,8.516576024703681,99.28397601470351,7971.258064516129
1778008757,150,GET,/product/9SIQT8TOJO,2.300000,0.000000,11,14,17,17,87,210,210,210,210,210,210,37,0,12,24.08091162922918,8.249409031122923,209.0376049745828,8021.324324324324
1778008757,150,GET,/product/L9ECAV7KIM,0.900000,0.000000,11,79,82,82,97,180,180,180,180,180,180,23,0,12,30.74534860965998,8.33142502233386,182.69286991562694,7976.913043478261
1778008757,150,GET,/product/LS4PSXUNUM,1.100000,0.000000,20,20,91,91,110,120,120,120,120,120,120,32,0,11,22.75247084617149,8.749705972149968,119.60279499180615,7973.9375
1778008757,150,GET,/product/OLJCESPC7Z,1.900000,0.000000,13,18,19,20,110,180,180,180,180,180,180,38,0,12,21.013193684139924,8.14925308804959,181.00626103114337,8006.1578947368425
1778008757,150,,Aggregated,80.900000,0.000000,19,37,78,110,350,720,900,930,1000,1000,1000,2071,0,18,64.11161970146826,7.725047995336354,1063.8131609885022,10608.348623853211
1778008758,150,GET,/,62.100000,0.000000,16,28,66,130,480,780,910,940,1000,1000,1000,1627,0,17,70.38902199198048,9.133957093581557,1063.8131609885022,10526.460971112478
1778008758,150,POST,/cart,7.400000,0.000000,28,35,47,65,130,230,520,600,600,600,600,174,0,27,50.28806702533587,16.520453966222703,597.6759709883481,17120.44827586207
1778008758,150,POST,/cart/checkout,2.400000,0.000000,18,22,33,40,200,200,590,590,590,590,590,81,0,17,39.00720325103145,10.32803999260068,586.8759809527546,6804.740740740741
1778008758,150,GET,/product/0PUK6V6EV0,1.100000,0.000000,22,75,100,100,110,180,180,180,180,180,180,36,0,14,36.583336581113855,7.725047995336354,179.68584003392607,7988.25
1778008758,150,GET,/product/1YMWWN1N4O,1.100000,0.000000,12,31,31,200,200,200,200,200,200,200,200,23,0,12,24.301962876368474,8.539836970157921,204.21961904503405,7992.826086956522
1778008758,150,GET,/product/2ZYFJ3GM2N,0.500000,0.000000,14,93,98,98,99,99,99,99,99,99,99,14,0,12,30.8875780735564,8.56510701123625,98.8743759226054,8004.642857142857
1778008758,150,GET,/product/66VCHSJNUP,0.900000,0.000000,27,32,87,190,210,210,210,210,210,210,210,24,0,15,43.51409764300721,8.966026012785733,211.90587105229497,7971.166666666667
1778008758,150,GET,/product/6E92ZMYYFZ,1.000000,0.000000,14,18,86,89,89,94,94,94,94,94,94,31,0,13,30.780969120021307,8.516576024703681,99.28397601470351,7971.258064516129
1778008758,150,GET,/product/9SIQT8TOJO,2.100000,0.000000,11,14,16,17,87,210,210,210,210,210,210,38,0,11,23.710480189612625,8.249409031122923,209.0376049745828,8020.184210526316
1778008758,150,GET,/product/L9ECAV7KIM,0.900000,0.000000,12,79,82,97,180,180,180,180,180,180,180,23,0,12,30.74534860965998,8.33142502233386,182.69286991562694,7976.913043478261
1778008758,150,GET,/product/LS4PSXUNUM,1.100000,0.000000,16,20,73,91,110,120,120,120,120,120,120,35,0,11,21.791899490303226,8.172007044777274,119.60279499180615,7975.971428571429
1778008758,150,GET,/product/OLJCESPC7Z,1.300000,0.000000,13,19,20,20,110,180,180,180,180,180,180,39,0,12,20.986411126497654,8.14925308804959,181.00626103114337,8005.25641025641
1778008758,150,,Aggregated,81.900000,0.000000,18,29,65,97,340,710,890,930,1000,1000,1000,2145,0,18,62.43771255490672,7.725047995336354,1063.8131609885022,10609.877855477855
1778008759,150,GET,/,61.600000,0.000000,15,19,26,39,110,200,310,420,500,500,500,1691,0,17,68.31734342470827,9.133957093581557,1063.8131609885022,10527.10585452395
1778008759,150,POST,/cart,7.400000,0.000000,25,32,37,46,72,130,130,150,150,150,150,180,0,27,49.60146206431091,16.520453966222703,597.6759709883481,17145.577777777777
1778008759,150,POST,/cart/checkout,2.600000,0.000000,15,18,19,26,40,67,88,88,88,88,88,83,0,17,38.448019568943025,10.32803999260068,586.8759809527546,6804.638554216867
1778008759,150,GET,/product/0PUK6V6EV0,1.100000,0.000000,12,14,75,75,91,100,100,100,100,100,100,38,0,13,35.28112691741339,7.725047995336354,179.68584003392607,7989.315789473684
1778008759,150,GET,/product/1YMWWN1N4O,0.700000,0.000000,12,12,31,31,200,200,200,200,200,200,200,24,0,12,23.68261246495725,8.539836970157921,204.21961904503405,7992.708333333333
1778008759,150,GET,/product/2ZYFJ3GM2N,0.600000,0.000000,14,93,98,98,99,99,99,99,99,99,99,15,0,12,29.58104620532443,8.56510701123625,98.8743759226054,8009.333333333333
1778008759,150,GET,/product/66VCHSJNUP,0.900000,0.000000,27,32,52,52,210,210,210,210,210,210,210,25,0,15,43.85468801483512,8.966026012785733,211.90587105229497,7971.2
1778008759,150,GET,/product/6E92ZMYYFZ,1.200000,0.000000,14,18,86,89,89,94,94,94,94,94,94,31,0,13,30.780969120021307,8.516576024703681,99.28397601470351,7971.258064516129
1778008759,150,GET,/product/9SIQT8TOJO,1.700000,0.000000,10,12,16,17,46,210,210,210,210,210,210,38,0,11,23.710480189612625,8.249409031122923,209.0376049745828,8020.184210526316
1778008759,150,GET,/product/L9ECAV7KIM,1.000000,0.000000,12,14,79,82,97,97,97,97,97,97,97,24,0,12,30.06238075128446,8.33142502233386,182.69286991562694,7979.0
1778008759,150,GET,/product/LS4PSXUNUM,0.900000,0.000000,16,20,28,28,91,120,120,120,120,120,120,37,0,11,21.685063407907414,8.172007044777274,119.60279499180615,7974.72972972973
1778008759,150,GET,/product/OLJCESPC7Z,1.700000,0.000000,12,13,19,20,20,72,72,72,72,72,72,40,0,12,20.776641674456187,8.14925308804959,181.00626103114337,8004.05
1778008759,150,,Aggregated,81.400000,0.000000,16,20,28,39,92,180,280,350,500,500,500,2226,0,17,60.7831731282475,7.725047995336354,1063.8131609885022,10613.550314465409
1778008760,150,GET,/,63.100000,0.000000,15,17,21,24,56,110,190,210,310,310,310,1752,0,17,66.59745583634985,9.133957093581557,1063.8131609885022,10527.651255707762
1778008760,150,POST,/cart,7.000000,0.000000,25,29,35,37,56,72,130,130,130,130,130,189,0,27,48.81061088212485,16.520453966222703,597.6759709883481,17180.291005291005
1778008760,150,POST,/cart/checkout,2.400000,0.000000,15,17,18,18,26,33,40,40,40,40,40,86,0,17,37.591512607367235,10.32803999260068,586.8759809527546,6804.302325581395
1778008760,150,GET,/product/0PUK6V6EV0,1.300000,0.000000,11,14,22,75,91,100,100,100,100,100,100,39,0,13,34.64208176741615,7.725047995336354,179.68584003392607,7987.846153846154
1778008760,150,GET,/product/1YMWWN1N4O,0.600000,0.000000,12,12,31,31,200,200,200,200,200,200,200,24,0,12,23.68261246495725,8.539836970157921,204.21961904503405,7992.708333333333
1778008760,150,GET,/product/2ZYFJ3GM2N,0.700000,0.000000,12,12,14,14,99,99,99,99,99,99,99,16,0,12,28.238384635187685,8.098461083136499,98.8743759226054,8011.9375
1778008760,150,GET,/product/66VCHSJNUP,0.800000,0.000000,27,27,32,32,52,52,52,52,52,52,52,26,0,15,42.67252262574262,8.966026012785733,211.90587105229497,7970.461538461538
1778008760,150,GET,/product/6E92ZMYYFZ,1.500000,0.000000,11,17,85,86,89,94,94,94,94,94,94,35,0,13,28.42906710824796,8.516576024703681,99.28397601470351,7969.085714285714
1778008760,150,GET,/product/9SIQT8TOJO,1.600000,0.000000,10,11,13,14,16,46,46,46,46,46,46,40,0,11,23.064179156790487,8.211840991862118,209.0376049745828,8024.175
1778008760,150,GET,/product/L9ECAV7KIM,1.100000,0.000000,11,14,79,79,82,97,97,97,97,97,97,25,0,12,29.204165642149746,8.33142502233386,182.69286991562694,7980.76
1778008760,150,GET,/product/LS4PSXUNUM,1.200000,0.000000,16,20,28,73,91,120,120,120,120,120,120,37,0,11,21.685063407907414,8.172007044777274,119.60279499180615,7974.72972972973
1778008760,150,GET,/product/OLJCESPC7Z,1.700000,0.000000,12,13,18,19,20,72,72,72,72,72,72,40,0,12,20.776641674456187,8.14925308804959,181.00626103114337,8004.05
1778008760,150,,Aggregated,83.000000,0.000000,15,19,23,27,56,97,170,200,310,310,310,2309,0,17,59.289148317862924,7.725047995336354,1063.8131609885022,10623.687743611954
1778008761,150,GET,/,66.400000,0.000000,14,16,19,21,37,60,94,110,170,170,170,1814,0,17,64.81375477673093,9.133957093581557,1063.8131609885022,10527.94762954796
1778008761,150,POST,/cart,7.200000,0.000000,25,28,33,35,46,56,63,68,68,68,68,194,0,27,48.188714488150225,15.484794043004513,597.6759709883481,17183.268041237112
1778008761,150,POST,/cart/checkout,2.600000,0.000000,15,17,18,18,26,33,40,40,40,40,40,88,0,17,37.08369954785501,10.32803999260068,586.8759809527546,6804.045454545455
1778008761,150,GET,/product/0PUK6V6EV0,1.200000,0.000000,11,12,22,22,75,91,91,91,91,91,91,39,0,13,34.64208176741615,7.725047995336354,179.68584003392607,7987.846153846154
1778008761,150,GET,/product/1YMWWN1N4O,0.600000,0.000000,12,12,22,22,31,31,31,31,31,31,31,25,0,12,23.608304606750607,8.539836970157921,204.21961904503405,7996.64
1778008761,150,GET,/product/2ZYFJ3GM2N,0.700000,0.000000,12,12,14,14,99,99,99,99,99,99,99,16,0,12,28.238384635187685,8.098461083136499,98.8743759226054,8011.9375
1778008761,150,GET,/product/66VCHSJNUP,0.900000,0.000000,13,27,27,32,52,52,52,52,52,52,52,28,0,14,40.19161693785073,7.593885995447636,211.90587105229497,7970.821428571428
1778008761,150,GET,/product/6E92ZMYYFZ,1.500000,0.000000,11,13,14,17,89,94,94,94,94,94,94,38,0,12,27.054285860350845,8.516576024703681,99.28397601470351,7970.026315789473
1778008761,150,GET,/product/9SIQT8TOJO,1.500000,0.000000,10,13,14,14,16,46,46,46,46,46,46,43,0,12,22.370820705302407,8.211840991862118,209.0376049745828,8020.3488372093025
1778008761,150,GET,/product/L9ECAV7KIM,1.000000,0.000000,11,11,14,82,97,97,97,97,97,97,97,26,0,11,28.458218811115678,8.33142502233386,182.69286991562694,7983.461538461538
1778008761,150,GET,/product/LS4PSXUNUM,1.600000,0.000000,16,20,20,28,73,91,91,91,91,91,91,38,0,11,21.64602421505965,8.172007044777274,119.60279499180615,7973.894736842105
1778008761,150,GET,/product/OLJCESPC7Z,1.600000,0.000000,12,13,18,18,20,72,72,72,72,72,72,42,0,12,20.42085845356009,8.14925308804959,181.00626103114337,8004.738095238095
1778008761,150,,Aggregated,86.800000,0.000000,14,17,20,23,38,62,91,100,170,170,170,2391,0,17,57.763572725117214,7.593885995447636,1063.8131609885022,10617.873693015476
1778008762,150,GET,/,65.900000,0.000000,14,17,20,22,38,60,94,110,170,170,170,1882,0,17,63.15898705275351,9.133957093581557,1063.8131609885022,10528.651965993624
1778008762,150,POST,/cart,7.000000,0.000000,25,28,33,35,47,56,63,68,68,68,68,201,0,27,47.42633143036779,15.484794043004513,597.6759709883481,17207.696517412936
1778008762,150,POST,/cart/checkout,2.500000,0.000000,14,15,16,17,18,19,40,40,40,40,40,91,0,17,36.308046945902916,10.32803999260068,586.8759809527546,6804.054945054945
1778008762,150,GET,/product/0PUK6V6EV0,1.200000,0.000000,12,14,22,22,75,91,91,91,91,91,91,41,0,13,33.50989558313769,7.725047995336354,179.68584003392607,7988.219512195122
1778008762,150,GET,/product/1YMWWN1N4O,0.500000,0.000000,11,12,22,22,31,31,31,31,31,31,31,26,0,12,23.116715892683715,8.539836970157921,204.21961904503405,7996.153846153846
1778008762,150,GET,/product/2ZYFJ3GM2N,0.600000,0.000000,12,12,14,14,99,99,99,99,99,99,99,16,0,12,28.238384635187685,8.098461083136499,98.8743759226054,8011.9375
1778008762,150,GET,/product/66VCHSJNUP,0.800000,0.000000,13,27,32,32,52,52,52,52,52,52,52,28,0,14,40.19161693785073,7.593885995447636,211.90587105229497,7970.821428571428
1778008762,150,GET,/product/6E92ZMYYFZ,1.700000,0.000000,11,13,14,17,89,94,94,94,94,94,94,38,0,12,27.054285860350845,8.516576024703681,99.28397601470351,7970.026315789473
1778008762,150,GET,/product/9SIQT8TOJO,1.600000,0.000000,10,14,14,16,16,46,46,46,46,46,46,43,0,12,22.370820705302407,8.211840991862118,209.0376049745828,8020.3488372093025
1778008762,150,GET,/product/L9ECAV7KIM,1.100000,0.000000,12,14,23,26,82,97,97,97,97,97,97,30,0,12,27.088747701297205,8.33142502233386,182.69286991562694,7987.266666666666
1778008762,150,GET,/product/LS4PSXUNUM,1.600000,0.000000,14,17,20,28,73,91,91,91,91,91,91,41,0,12,21.032923636617276,8.172007044777274,119.60279499180615,7977.8536585365855
1778008762,150,GET,/product/OLJCESPC7Z,1.500000,0.000000,12,13,16,16,18,20,20,20,20,20,20,44,0,13,20.226360886061396,8.14925308804959,181.00626103114337,8005.5
1778008762,150,,Aggregated,86.000000,0.000000,15,18,21,23,39,62,91,100,170,170,170,2481,0,17,56.351889808767716,7.593885995447636,1063.8131609885022,10619.233373639661
1778008763,150,GET,/,64.900000,0.000000,14,17,20,23,40,65,94,110,170,170,170,1949,0,16,61.72657105092126,9.133957093581557,1063.8131609885022,10529.048229861468
1778008763,150,POST,/cart,7.300000,0.000000,25,28,33,35,47,62,68,82,82,82,82,208,0,27,47.02361271315917,15.484794043004513,597.6759709883481,17202.24519230769
1778008763,150,POST,/cart/checkout,2.600000,0.000000,14,15,17,17,18,19,40,40,40,40,40,93,0,17,35.85494418318073,10.32803999260068,586.8759809527546,6803.8387096774195
1778008763,150,GET,/product/0PUK6V6EV0,1.200000,0.000000,13,14,74,74,75,91,91,91,91,91,91,42,0,13,34.47370140236758,7.725047995336354,179.68584003392607,7987.452380952381
1778008763,150,GET,/product/1YMWWN1N4O,0.500000,0.000000,11,12,22,22,31,31,31,31,31,31,31,27,0,12,22.54251982257874,7.613421999849379,204.21961904503405,7995.111111111111
1778008763,150,GET,/product/2ZYFJ3GM2N,0.700000,0.000000,11,12,14,14,99,99,99,99,99,99,99,17,0,12,27.072823188705918,8.098461083136499,98.8743759226054,8007.705882352941
1778008763,150,GET,/product/66VCHSJNUP,0.900000,0.000000,11,13,13,13,32,52,52,52,52,52,52,32,0,13,36.3820075399417,6.8482799688354135,211.90587105229497,7973.46875
1778008763,150,GET,/product/6E92ZMYYFZ,1.600000,0.000000,11,14,14,17,89,94,94,94,94,94,94,38,0,12,27.054285860350845,8.516576024703681,99.28397601470351,7970.026315789473
1778008763,150,GET,/product/9SIQT8TOJO,1.500000,0.000000,10,13,14,14,16,27,27,27,27,27,27,45,0,12,22.237742852626575,8.211840991862118,209.0376049745828,8020.488888888889
1778008763,150,GET,/product/L9ECAV7KIM,0.900000,0.000000,12,18,23,26,82,97,97,97,97,97,97,31,0,12,26.796438967839123,8.33142502233386,182.69286991562694,7986.5161290322585
1778008763,150,GET,/product/LS4PSXUNUM,1.500000,0.000000,14,17,20,28,73,91,91,91,91,91,91,41,0,12,21.032923636617276,8.172007044777274,119.60279499180615,7977.8536585365855
1778008763,150,GET,/product/OLJCESPC7Z,1.400000,0.000000,12,13,15,16,17,20,20,20,20,20,20,44,0,13,20.226360886061396,8.14925308804959,181.00626103114337,8005.5
1778008763,150,,Aggregated,85.000000,0.000000,15,18,21,24,40,66,91,100,170,170,170,2567,0,17,55.20579454942197,6.8482799688354135,1063.8131609885022,10621.449552006234
1778008764,150,GET,/,65.000000,0.000000,15,17,20,22,39,65,94,110,170,170,170,2012,0,16,60.27451050614755,9.133957093581557,1063.8131609885022,10529.434890656064
1778008764,150,POST,/cart,6.700000,0.000000,25,29,33,35,47,62,68,82,82,82,82,220,0,27,46.0087104790463,15.484794043004513,597.6759709883481,17212.68181818182
1778008764,150,POST,/cart/checkout,2.800000,0.000000,14,15,17,17,18,19,40,40,40,40,40,98,0,16,34.739939347432205,10.32803999260068,586.8759809527546,6803.622448979592
1778008764,150,GET,/product/0PUK6V6EV0,1.200000,0.000000,14,15,74,74,75,91,91,91,91,91,91,43,0,13,34.01608776496074,7.725047995336354,179.68584003392607,7987.139534883721
1778008764,150,GET,/product/1YMWWN1N4O,0.600000,0.000000,15,16,22,22,31,31,31,31,31,31,31,29,0,12,22.058050939010393,7.613421999849379,204.21961904503405,8001.448275862069
1778008764,150,GET,/product/2ZYFJ3GM2N,0.600000,0.000000,11,11,12,12,99,99,99,99,99,99,99,17,0,12,27.072823188705918,8.098461083136499,98.8743759226054,8007.705882352941
1778008764,150,GET,/product/66VCHSJNUP,0.900000,0.000000,11,13,13,32,52,52,52,52,52,52,52,32,0,13,36.3820075399417,6.8482799688354135,211.90587105229497,7973.46875
1778008764,150,GET,/product/6E92ZMYYFZ,1.900000,0.000000,11,14,17,18,89,94,94,94,94,94,94,38,0,12,27.054285860350845,8.516576024703681,99.28397601470351,7970.026315789473
1778008764,150,GET,/product/9SIQT8TOJO,1.600000,0.000000,10,13,14,14,16,27,27,27,27,27,27,47,0,12,21.727002433877676,8.211840991862118,209.0376049745828,8020.659574468085
1778008764,150,GET,/product/L9ECAV7KIM,1.000000,0.000000,16,23,24,26,82,97,97,97,97,97,97,33,0,12,26.391832972876728,8.33142502233386,182.69286991562694,7988.181818181818
1778008764,150,GET,/product/LS4PSXUNUM,1.400000,0.000000,16,20,20,28,73,91,91,91,91,91,91,41,0,12,21.032923636617276,8.172007044777274,119.60279499180615,7977.8536585365855
1778008764,150,GET,/product/OLJCESPC7Z,1.400000,0.000000,11,13,15,15,17,20,20,20,20,20,20,46,0,12,19.77356121642515,8.14925308804959,181.00626103114337,8004.739130434783
1778008764,150,,Aggregated,85.100000,0.000000,15,18,21,24,39,66,91,100,170,170,170,2656,0,17,53.92231895205781,6.8482799688354135,1063.8131609885022,10634.145707831325
1778008765,150,GET,/,64.700000,0.000000,15,17,20,22,44,71,99,110,170,170,170,2073,0,16,59.25435275197689,9.133957093581557,1063.8131609885022,10530.084901109503
1778008765,150,POST,/cart,6.800000,0.000000,25,29,33,35,54,63,68,82,82,82,82,224,0,27,45.86318985820981,15.484794043004513,597.6759709883481,17230.691964285714
1778008765,150,POST,/cart/checkout,2.500000,0.000000,15,17,17,18,18,36,77,77,77,77,77,105,0,16,34.21730057092472,10.32803999260068,586.8759809527546,6803.523809523809
1778008765,150,GET,/product/0PUK6V6EV0,1.100000,0.000000,14,16,22,74,75,91,91,91,91,91,91,44,0,13,33.60165433894674,7.725047995336354,179.68584003392607,7987.204545454545
1778008765,150,GET,/product/1YMWWN1N4O,0.800000,0.000000,14,15,16,22,31,31,31,31,31,31,31,31,0,12,21.50598636287595,7.613421999849379,204.21961904503405,8002.290322580645
1778008765,150,GET,/product/2ZYFJ3GM2N,0.600000,0.000000,10,11,12,12,99,99,99,99,99,99,99,18,0,12,26.12441650772881,8.098461083136499,98.8743759226054,8008.055555555556
1778008765,150,GET,/product/66VCHSJNUP,0.900000,0.000000,11,13,13,32,52,52,52,52,52,52,52,32,0,13,36.3820075399417,6.8482799688354135,211.90587105229497,7973.46875
1778008765,150,GET,/product/6E92ZMYYFZ,1.800000,0.000000,11,13,17,18,89,94,94,94,94,94,94,40,0,12,26.17840011662338,8.516576024703681,99.28397601470351,7970.05
1778008765,150,GET,/product/9SIQT8TOJO,1.400000,0.000000,10,13,14,14,16,27,27,27,27,27,27,47,0,12,21.727002433877676,8.211840991862118,209.0376049745828,8020.659574468085
1778008765,150,GET,/product/L9ECAV7KIM,1.400000,0.000000,16,23,24,26,82,97,97,97,97,97,97,33,0,12,26.391832972876728,8.33142502233386,182.69286991562694,7988.181818181818
1778008765,150,GET,/product/LS4PSXUNUM,1.500000,0.000000,14,17,20,28,73,91,91,91,91,91,91,42,0,12,20.76881712335827,8.172007044777274,119.60279499180615,7979.0
1778008765,150,GET,/product/OLJCESPC7Z,1.600000,0.000000,13,15,16,17,20,95,95,95,95,95,95,48,0,13,21.19787410144151,8.14925308804959,181.00626103114337,8007.791666666667
1778008765,150,,Aggregated,85.100000,0.000000,15,18,21,24,46,73,95,110,170,170,170,2737,0,17,53.09064316142733,6.8482799688354135,1063.8131609885022,10624.987212276215
1778008766,150,GET,/,64.500000,0.000000,15,17,20,23,44,71,99,110,170,170,170,2141,0,16,57.87849816617011,9.133957093581557,1063.8131609885022,10530.511443250818
1778008766,150,POST,/cart,6.800000,0.000000,25,29,32,35,54,63,68,82,82,82,82,230,0,27,45.292274192805685,15.484794043004513,597.6759709883481,17247.678260869565
1778008766,150,POST,/cart/checkout,2.800000,0.000000,15,17,17,18,21,36,77,77,77,77,77,107,0,17,33.928101055463344,10.32803999260068,586.8759809527546,6803.841121495327
1778008766,150,GET,/product/0PUK6V6EV0,1.100000,0.000000,15,16,74,74,75,91,91,91,91,91,91,45,0,13,33.123956977700196,7.725047995336354,179.68584003392607,7989.111111111111
1778008766,150,GET,/product/1YMWWN1N4O,0.600000,0.000000,14,16,16,16,22,37,37,37,37,37,37,33,0,13,21.824778823153764,7.613421999849379,204.21961904503405,8004.363636363636
1778008766,150,GET,/product/2ZYFJ3GM2N,0.600000,0.000000,10,10,11,11,99,99,99,99,99,99,99,18,0,12,26.12441650772881,8.098461083136499,98.8743759226054,8008.055555555556
1778008766,150,GET,/product/66VCHSJNUP,1.100000,0.000000,11,13,14,14,29,52,52,52,52,52,52,34,0,13,35.520923536216074,6.8482799688354135,211.90587105229497,7972.205882352941
1778008766,150,GET,/product/6E92ZMYYFZ,1.700000,0.000000,11,14,18,37,89,94,94,94,94,94,94,42,0,12,26.024077278894506,8.516576024703681,99.28397601470351,7968.9047619047615
1778008766,150,GET,/product/9SIQT8TOJO,1.100000,0.000000,12,13,14,16,27,27,27,27,27,27,27,47,0,12,21.727002433877676,8.211840991862118,209.0376049745828,8020.659574468085
1778008766,150,GET,/product/L9ECAV7KIM,1.400000,0.000000,18,23,24,26,82,97,97,97,97,97,97,35,0,12,25.68470788786986,8.33142502233386,182.69286991562694,7992.0
1778008766,150,GET,/product/LS4PSXUNUM,1.400000,0.000000,14,16,20,28,73,91,91,91,91,91,91,44,0,12,20.357258165445685,8.172007044777274,119.60279499180615,7979.477272727273
1778008766,150,GET,/product/OLJCESPC7Z,1.500000,0.000000,13,16,17,17,20,95,95,95,95,95,95,50,0,13,21.05070795631036,8.14925308804959,181.00626103114337,8010.0
1778008766,150,,Aggregated,84.600000,0.000000,15,18,22,24,45,72,95,110,170,170,170,2826,0,16,51.95171302436572,6.8482799688354135,1063.8131609885022,10623.72186836518
1778008767,150,GET,/,64.400000,0.000000,14,16,18,19,28,42,59,71,110,110,110,2202,0,16,56.73773250684056,8.914100006222725,1063.8131609885022,10531.133969118982
1778008767,150,POST,/cart,7.200000,0.000000,25,29,32,35,47,62,68,82,82,82,82,237,0,27,44.871479671699966,15.484794043004513,597.6759709883481,17266.143459915613
1778008767,150,POST,/cart/checkout,2.900000,0.000000,15,16,17,17,18,36,77,77,77,77,77,115,0,16,32.52385614703045,8.998438948765397,586.8759809527546,6804.2
1778008767,150,GET,/product/0PUK6V6EV0,1.200000,0.000000,13,16,22,74,75,91,91,91,91,91,91,46,0,13,32.582995175566204,7.725047995336354,179.68584003392607,7989.54347826087
1778008767,150,GET,/product/1YMWWN1N4O,0.800000,0.000000,14,16,16,16,22,37,37,37,37,37,37,34,0,13,21.56195615294992,7.613421999849379,204.21961904503405,8006.029411764706
1778008767,150,GET,/product/2ZYFJ3GM2N,0.600000,0.000000,9,9,10,10,11,11,11,11,11,11,11,19,0,12,25.17620953853781,8.098461083136499,98.8743759226054,8006.684210526316
1778008767,150,GET,/product/66VCHSJNUP,1.000000,0.000000,12,13,14,14,29,52,52,52,52,52,52,35,0,13,34.84099306432264,6.8482799688354135,211.90587105229497,7974.5142857142855
1778008767,150,GET,/product/6E92ZMYYFZ,1.500000,0.000000,11,14,18,37,89,94,94,94,94,94,94,42,0,12,26.024077278894506,8.516576024703681,99.28397601470351,7968.9047619047615
1778008767,150,GET,/product/9SIQT8TOJO,1.100000,0.000000,12,13,15,15,16,27,27,27,27,27,27,49,0,12,21.370227538923523,8.211840991862118,209.0376049745828,8023.081632653061
1778008767,150,GET,/product/L9ECAV7KIM,1.400000,0.000000,16,18,24,26,82,97,97,97,97,97,97,36,0,12,25.322613555342993,8.33142502233386,182.69286991562694,7993.416666666667
1778008767,150,GET,/product/LS4PSXUNUM,1.400000,0.000000,13,14,14,16,20,28,28,28,28,28,28,46,0,12,19.993459200992696,8.172007044777274,119.60279499180615,7981.847826086957
1778008767,150,GET,/product/OLJCESPC7Z,1.200000,0.000000,15,17,17,19,20,95,95,95,95,95,95,51,0,13,20.834154250812443,8.14925308804959,181.00626103114337,8011.3725490196075
1778008767,150,,Aggregated,84.700000,0.000000,15,17,19,21,30,45,62,73,110,110,110,2912,0,16,50.91860769851457,6.8482799688354135,1063.8131609885022,10620.332417582418
1778008768,150,GET,/,63.200000,0.000000,15,17,19,21,31,48,71,78,110,110,110,2260,0,16,55.94963191254312,8.914100006222725,1063.8131609885022,10531.491150442478
1778008768,150,POST,/cart,7.000000,0.000000,27,30,34,36,56,68,82,83,83,83,83,247,0,27,44.81428560917737,15.484794043004513,597.6759709883481,17285.129554655872
1778008768,150,POST,/cart/checkout,3.200000,0.000000,15,17,17,18,21,36,77,77,77,77,77,118,0,16,32.23125611716029,8.998438948765397,586.8759809527546,6804.483050847458
1778008768,150,GET,/product/0PUK6V6EV0,1.100000,0.000000,12,13,15,16,74,74,74,74,74,74,74,46,0,13,32.582995175566204,7.725047995336354,179.68584003392607,7989.54347826087
1778008768,150,GET,/product/1YMWWN1N4O,1.000000,0.000000,14,16,16,16,22,37,37,37,37,37,37,34,0,13,21.56195615294992,7.613421999849379,204.21961904503405,8006.029411764706
1778008768,150,GET,/product/2ZYFJ3GM2N,0.700000,0.000000,8,10,10,11,11,11,11,11,11,11,11,19,0,12,25.17620953853781,8.098461083136499,98.8743759226054,8006.684210526316
1778008768,150,GET,/product/66VCHSJNUP,0.900000,0.000000,12,13,18,18,29,52,52,52,52,52,52,36,0,13,34.375969980222486,6.8482799688354135,211.90587105229497,7976.305555555556
1778008768,150,GET,/product/6E92ZMYYFZ,1.600000,0.000000,11,13,14,25,37,41,41,41,41,41,41,48,0,13,25.525859848130494,8.516576024703681,99.28397601470351,7970.041666666667
1778008768,150,GET,/product/9SIQT8TOJO,1.000000,0.000000,13,15,27,28,43,79,79,79,79,79,79,53,0,12,22.791700536508184,8.211840991862118,209.0376049745828,8025.452830188679
1778008768,150,GET,/product/L9ECAV7KIM,1.300000,0.000000,14,16,18,18,24,26,26,26,26,26,26,39,0,13,24.389871846860608,8.33142502233386,182.69286991562694,7995.153846153846
1778008768,150,GET,/product/LS4PSXUNUM,1.300000,0.000000,13,14,14,20,25,41,41,41,41,41,41,50,0,12,20.17206254415214,8.172007044777274,119.60279499180615,7980.68
1778008768,150,GET,/product/OLJCESPC7Z,1.400000,0.000000,13,16,17,17,19,95,95,95,95,95,95,52,0,13,20.625267860640843,8.14925308804959,181.00626103114337,8010.403846153846
1778008768,150,,Aggregated,83.700000,0.000000,15,18,20,23,34,49,73,80,110,110,110,3002,0,16,50.21049818006976,6.8482799688354135,1063.8131609885022,10622.192205196536
1778008769,150,GET,/,63.900000,0.000000,15,17,20,23,38,51,72,80,110,110,110,2323,0,16,55.15464486101634,8.914100006222725,1063.8131609885022,10531.950925527335
1778008769,150,POST,/cart,7.100000,0.000000,28,31,36,39,62,68,82,83,83,83,83,257,0,28,44.59437613460645,15.484794043004513,597.6759709883481,17308.39299610895
1778008769,150,POST,/cart/checkout,3.100000,0.000000,15,17,18,18,28,43,77,77,77,77,77,123,0,16,31.804847055894694,8.998438948765397,586.8759809527546,6804.626016260163
1778008769,150,GET,/product/0PUK6V6EV0,1.200000,0.000000,13,15,16,40,74,74,74,74,74,74,74,48,0,13,32.226394541794434,7.725047995336354,179.68584003392607,7987.9375
1778008769,150,GET,/product/1YMWWN1N4O,1.100000,0.000000,14,16,16,16,22,37,37,37,37,37,37,35,0,13,21.25437872018665,7.613421999849379,204.21961904503405,8007.142857142857
1778008769,150,GET,/product/2ZYFJ3GM2N,0.600000,0.000000,8,10,10,13,13,13,13,13,13,13,13,20,0,12,24.554731807438657,8.098461083136499,98.8743759226054,8010.2
1778008769,150,GET,/product/66VCHSJNUP,1.100000,0.000000,11,13,14,14,18,29,29,29,29,29,29,36,0,13,34.375969980222486,6.8482799688354135,211.90587105229497,7976.305555555556
1778008769,150,GET,/product/6E92ZMYYFZ,1.500000,0.000000,11,13,25,29,37,41,41,41,41,41,41,48,0,13,25.525859848130494,8.516576024703681,99.28397601470351,7970.041666666667
1778008769,150,GET,/product/9SIQT8TOJO,1.000000,0.000000,12,15,27,28,43,79,79,79,79,79,79,54,0,12,22.534088768427157,8.211840991862118,209.0376049745828,8026.7037037037035
1778008769,150,GET,/product/L9ECAV7KIM,1.400000,0.000000,13,15,18,18,24,26,26,26,26,26,26,42,0,12,23.479679929247748,8.33142502233386,182.69286991562694,7996.4047619047615
1778008769,150,GET,/product/LS4PSXUNUM,1.500000,0.000000,13,14,14,20,25,41,41,41,41,41,41,50,0,12,20.17206254415214,8.172007044777274,119.60279499180615,7980.68
1778008769,150,GET,/product/OLJCESPC7Z,1.200000,0.000000,13,16,17,17,19,95,95,95,95,95,95,53,0,13,20.410525788254333,8.14925308804959,181.00626103114337,8012.207547169812
1778008769,150,,Aggregated,84.700000,0.000000,15,18,22,26,39,52,73,80,110,110,110,3089,0,16,49.54191655308453,6.8482799688354135,1063.8131609885022,10630.464227905471
1778008770,150,GET,/,63.600000,0.000000,15,17,19,23,36,50,72,80,110,110,110,2388,0,16,54.09104609549969,8.914100006222725,1063.8131609885022,10532.396566164154
1778008770,150,POST,/cart,7.100000,0.000000,28,31,36,40,62,68,82,83,83,83,83,268,0,28,44.076832863606455,15.484794043004513,597.6759709883481,17315.75
1778008770,150,POST,/cart/checkout,3.700000,0.000000,15,17,18,18,21,36,77,77,77,77,77,128,0,16,31.160581905169238,8.998438948765397,586.8759809527546,6805.1875
1778008770,150,GET,/product/0PUK6V6EV0,1.000000,0.000000,14,15,24,24,40,74,74,74,74,74,74,50,0,13,31.69262935873121,7.725047995336354,179.68584003392607,7987.48
1778008770,150,GET,/product/1YMWWN1N4O,1.100000,0.000000,14,16,16,16,22,37,37,37,37,37,37,35,0,13,21.25437872018665,7.613421999849379,204.21961904503405,8007.142857142857
1778008770,150,GET,/product/2ZYFJ3GM2N,0.600000,0.000000,8,10,10,13,13,13,13,13,13,13,13,20,0,12,24.554731807438657,8.098461083136499,98.8743759226054,8010.2
1778008770,150,GET,/product/66VCHSJNUP,1.200000,0.000000,11,12,14,18,29,61,61,61,61,61,61,41,0,13,32.64776769196388,6.8482799688354135,211.90587105229497,7979.365853658536
1778008770,150,GET,/product/6E92ZMYYFZ,1.200000,0.000000,11,13,14,25,37,41,41,41,41,41,41,52,0,12,24.338450667878185,8.40667204465717,99.28397601470351,7970.923076923077
1778008770,150,GET,/product/9SIQT8TOJO,1.300000,0.000000,14,16,27,28,56,79,79,79,79,79,79,58,0,12,22.78443349019528,8.211840991862118,209.0376049745828,8024.775862068966
1778008770,150,GET,/product/L9ECAV7KIM,1.300000,0.000000,13,15,18,18,24,26,26,26,26,26,26,43,0,12,23.206194234622078,8.33142502233386,182.69286991562694,7997.53488372093
1778008770,150,GET,/product/LS4PSXUNUM,1.400000,0.000000,13,14,14,20,25,41,41,41,41,41,41,50,0,12,20.17206254415214,8.172007044777274,119.60279499180615,7980.68
1778008770,150,GET,/product/OLJCESPC7Z,1.300000,0.000000,13,16,17,17,19,95,95,95,95,95,95,55,0,13,20.12732072140683,8.14925308804959,181.00626103114337,8012.218181818182
1778008770,150,,Aggregated,84.800000,0.000000,15,18,22,26,39,52,73,80,110,110,110,3188,0,16,48.56628616629817,6.8482799688354135,1063.8131609885022,10631.604454203261
1778008771,150,GET,/,62.900000,0.000000,15,17,20,23,39,52,73,80,110,110,110,2447,0,16,53.29457696197645,8.66250996477902,1063.8131609885022,10532.75521046179
1778008771,150,POST,/cart,7.100000,0.000000,28,32,36,44,56,65,82,83,83,83,83,277,0,27,43.535768380556725,15.484794043004513,597.6759709883481,17323.563176895306
1778008771,150,POST,/cart/checkout,3.800000,0.000000,15,17,18,19,28,39,77,77,77,77,77,131,0,16,30.94292257091329,8.998438948765397,586.8759809527546,6804.854961832061
1778008771,150,GET,/product/0PUK6V6EV0,1.000000,0.000000,14,16,24,24,40,74,74,74,74,74,74,50,0,13,31.69262935873121,7.725047995336354,179.68584003392607,7987.48
1778008771,150,GET,/product/1YMWWN1N4O,1.000000,0.000000,13,14,16,16,16,37,37,37,37,37,37,37,0,12,20.549172463172393,7.613421999849379,204.21961904503405,8009.513513513513
1778008771,150,GET,/product/2ZYFJ3GM2N,0.500000,0.000000,9,10,13,13,69,69,69,69,69,69,69,23,0,12,25.13199326400038,8.098461083136499,98.8743759226054,8011.434782608696
1778008771,150,GET,/product/66VCHSJNUP,1.200000,0.000000,11,12,18,28,61,69,69,69,69,69,69,46,0,13,31.83838354838688,6.8482799688354135,211.90587105229497,7978.217391304348
1778008771,150,GET,/product/6E92ZMYYFZ,1.700000,0.000000,11,13,14,25,37,41,41,41,41,41,41,54,0,12,23.74543234516211,8.225728990510106,99.28397601470351,7972.037037037037
1778008771,150,GET,/product/9SIQT8TOJO,1.500000,0.000000,14,16,27,28,56,79,79,79,79,79,79,58,0,12,22.78443349019528,8.211840991862118,209.0376049745828,8024.775862068966
1778008771,150,GET,/product/L9ECAV7KIM,1.600000,0.000000,13,16,18,18,24,26,26,26,26,26,26,43,0,12,23.206194234622078,8.33142502233386,182.69286991562694,7997.53488372093
1778008771,150,GET,/product/LS4PSXUNUM,1.400000,0.000000,12,14,14,14,25,41,41,41,41,41,41,50,0,12,20.17206254415214,8.172007044777274,119.60279499180615,7980.68
1778008771,150,GET,/product/OLJCESPC7Z,1.300000,0.000000,13,16,17,19,28,95,95,95,95,95,95,57,0,13,20.0398139769963,7.675371947698295,181.00626103114337,8013.350877192983
1778008771,150,,Aggregated,85.000000,0.000000,15,19,23,27,41,54,74,80,110,110,110,3273,0,16,47.86581186269086,6.8482799688354135,1063.8131609885022,10634.377635197066
1778008772,150,GET,/,62.400000,0.000000,15,16,19,21,39,52,73,80,110,110,110,2519,0,16,52.19782559899336,8.66250996477902,1063.8131609885022,10533.380706629616
1778008772,150,POST,/cart,7.600000,0.000000,28,31,34,39,51,65,77,83,83,83,83,282,0,27,43.1888947950293,15.484794043004513,597.6759709883481,17338.27659574468
1778008772,150,POST,/cart/checkout,4.100000,0.000000,15,17,18,19,28,39,77,77,77,77,77,136,0,16,30.319554359747972,8.998438948765397,586.8759809527546,6805.110294117647
1778008772,150,GET,/product/0PUK6V6EV0,1.000000,0.000000,15,16,24,40,74,74,74,74,74,74,74,50,0,13,31.69262935873121,7.725047995336354,179.68584003392607,7987.48
1778008772,150,GET,/product/1YMWWN1N4O,1.100000,0.000000,13,14,16,16,16,37,37,37,37,37,37,37,0,12,20.549172463172393,7.613421999849379,204.21961904503405,8009.513513513513
1778008772,150,GET,/product/2ZYFJ3GM2N,0.500000,0.000000,10,10,13,13,69,69,69,69,69,69,69,24,0,12,24.512325006071478,8.098461083136499,98.8743759226054,8009.958333333333
1778008772,150,GET,/product/66VCHSJNUP,1.100000,0.000000,11,12,18,28,61,69,69,69,69,69,69,47,0,13,31.355790471895894,6.8482799688354135,211.90587105229497,7978.872340425532
1778008772,150,GET,/product/6E92ZMYYFZ,1.500000,0.000000,11,13,14,25,37,41,41,41,41,41,41,55,0,12,23.537373610518195,8.225728990510106,99.28397601470351,7970.818181818182
1778008772,150,GET,/product/9SIQT8TOJO,1.500000,0.000000,12,26,28,28,56,79,79,79,79,79,79,59,0,12,22.59886627858978,8.211840991862118,209.0376049745828,8025.830508474576
1778008772,150,GET,/product/L9ECAV7KIM,1.700000,0.000000,13,15,16,18,18,24,24,24,24,24,24,44,0,12,22.920104000315238,8.33142502233386,182.69286991562694,7996.863636363636
1778008772,150,GET,/product/LS4PSXUNUM,1.300000,0.000000,12,13,14,14,25,41,41,41,41,41,41,51,0,12,19.950185455016644,8.172007044777274,119.60279499180615,7981.843137254902
1778008772,150,GET,/product/OLJCESPC7Z,1.300000,0.000000,10,16,17,19,28,95,95,95,95,95,95,57,0,13,20.0398139769963,7.675371947698295,181.00626103114337,8013.350877192983
1778008772,150,,Aggregated,85.100000,0.000000,15,18,21,26,40,53,74,80,110,110,110,3361,0,16,47.00747435296365,6.8482799688354135,1063.8131609885022,10633.461172270157
1778008773,150,GET,/,63.500000,0.000000,15,16,19,21,38,52,72,80,110,110,110,2582,0,16,51.38943234102737,8.66250996477902,1063.8131609885022,10533.748644461657
1778008773,150,POST,/cart,7.900000,0.000000,28,31,36,40,51,65,77,83,83,83,83,285,0,27,43.05826700455918,15.484794043004513,597.6759709883481,17333.887719298247
1778008773,150,POST,/cart/checkout,4.300000,0.000000,15,17,17,18,28,39,77,77,77,77,77,142,0,16,29.584422133679332,8.998438948765397,586.8759809527546,6804.859154929577
1778008773,150,GET,/product/0PUK6V6EV0,1.100000,0.000000,14,15,16,24,40,40,40,40,40,40,40,52,0,13,30.872861075644884,7.725047995336354,179.68584003392607,7987.096153846154
1778008773,150,GET,/product/1YMWWN1N4O,1.100000,0.000000,13,15,16,16,16,37,37,37,37,37,37,38,0,12,20.26954695190254,7.613421999849379,204.21961904503405,8011.921052631579
1778008773,150,GET,/product/2ZYFJ3GM2N,0.500000,0.000000,10,10,13,13,69,69,69,69,69,69,69,24,0,12,24.512325006071478,8.098461083136499,98.8743759226054,8009.958333333333
1778008773,150,GET,/product/66VCHSJNUP,1.400000,0.000000,11,12,18,28,61,69,69,69,69,69,69,49,0,12,30.477300043959094,6.8482799688354135,211.90587105229497,7980.7959183673465
1778008773,150,GET,/product/6E92ZMYYFZ,1.700000,0.000000,11,12,13,25,37,41,41,41,41,41,41,56,0,12,23.306020599972857,8.225728990510106,99.28397601470351,7971.839285714285
1778008773,150,GET,/product/9SIQT8TOJO,1.800000,0.000000,12,15,28,43,56,79,79,79,79,79,79,60,0,12,22.433905456758414,8.211840991862118,209.0376049745828,8026.283333333334
1778008773,150,GET,/product/L9ECAV7KIM,1.800000,0.000000,13,14,16,16,24,25,25,25,25,25,25,47,0,12,22.418275661271146,8.33142502233386,182.69286991562694,7998.468085106383
1778008773,150,GET,/product/LS4PSXUNUM,1.300000,0.000000,12,13,23,23,25,41,41,41,41,41,41,53,0,12,19.847627513918955,8.172007044777274,119.60279499180615,7983.509433962264
1778008773,150,GET,/product/OLJCESPC7Z,1.500000,0.000000,12,16,17,17,28,95,95,95,95,95,95,62,0,12,19.398623219345726,7.675371947698295,181.00626103114337,8016.354838709677
1778008773,150,,Aggregated,87.900000,0.000000,15,17,21,25,39,52,72,80,110,110,110,3450,0,16,46.25417180902635,6.8482799688354135,1063.8131609885022,10617.894202898551
1778008774,150,GET,/,62.700000,0.000000,15,17,19,23,39,52,72,80,110,110,110,2643,0,16,50.64344872423489,8.66250996477902,1063.8131609885022,10533.990919409762
1778008774,150,POST,/cart,8.200000,0.000000,28,32,37,44,56,68,83,98,98,98,98,294,0,27,42.809015788933024,15.484794043004513,597.6759709883481,17355.166666666668
1778008774,150,POST,/cart/checkout,4.100000,0.000000,15,17,18,19,36,43,77,77,77,77,77,146,0,16,29.380465218995074,8.998438948765397,586.8759809527546,6805.267123287671
1778008774,150,GET,/product/0PUK6V6EV0,1.100000,0.000000,13,14,16,24,40,40,40,40,40,40,40,52,0,13,30.872861075644884,7.725047995336354,179.68584003392607,7987.096153846154
1778008774,150,GET,/product/1YMWWN1N4O,1.200000,0.000000,13,13,14,16,37,37,37,37,37,37,37,38,0,12,20.26954695190254,7.613421999849379,204.21961904503405,8011.921052631579
1778008774,150,GET,/product/2ZYFJ3GM2N,0.700000,0.000000,10,12,13,13,69,69,69,69,69,69,69,25,0,12,23.992739408276975,8.098461083136499,98.8743759226054,8012.0
1778008774,150,GET,/product/66VCHSJNUP,1.800000,0.000000,11,14,18,28,61,69,69,69,69,69,69,49,0,12,30.477300043959094,6.8482799688354135,211.90587105229497,7980.7959183673465
1778008774,150,GET,/product/6E92ZMYYFZ,1.600000,0.000000,11,12,13,25,37,41,41,41,41,41,41,57,0,12,23.085302922449877,8.225728990510106,99.28397601470351,7972.684210526316
1778008774,150,GET,/product/9SIQT8TOJO,1.500000,0.000000,13,15,28,28,56,79,79,79,79,79,79,61,0,12,22.285225955754154,8.211840991862118,209.0376049745828,8027.540983606557
1778008774,150,GET,/product/L9ECAV7KIM,1.700000,0.000000,13,14,16,17,24,25,25,25,25,25,25,49,0,12,22.095806347871466,8.33142502233386,182.69286991562694,7998.469387755102
1778008774,150,GET,/product/LS4PSXUNUM,1.100000,0.000000,12,13,14,23,25,41,41,41,41,41,41,56,0,12,19.448346235939034,8.172007044777274,119.60279499180615,7984.946428571428
1778008774,150,GET,/product/OLJCESPC7Z,1.500000,0.000000,12,16,17,17,28,95,95,95,95,95,95,63,0,12,19.259918865466876,7.675371947698295,181.00626103114337,8017.206349206349
1778008774,150,,Aggregated,87.200000,0.000000,15,18,22,26,40,53,73,80,110,110,110,3533,0,16,45.64260094203298,6.8482799688354135,1063.8131609885022,10624.612510614208
1778008775,150,GET,/,63.600000,0.000000,14,16,19,21,35,50,69,78,92,92,92,2708,0,16,49.83837396968975,8.66250996477902,1063.8131609885022,10534.433161004432
1778008775,150,POST,/cart,7.900000,0.000000,27,30,34,39,51,65,83,98,98,98,98,303,0,27,42.22866132349796,15.484794043004513,597.6759709883481,17356.257425742573
1778008775,150,POST,/cart/checkout,4.500000,0.000000,15,16,17,18,21,39,52,52,52,52,52,146,0,16,29.380465218995074,8.998438948765397,586.8759809527546,6805.267123287671
1778008775,150,GET,/product/0PUK6V6EV0,0.900000,0.000000,10,13,14,14,24,40,40,40,40,40,40,55,0,13,29.693900378928944,7.725047995336354,179.68584003392607,7986.418181818181
1778008775,150,GET,/product/1YMWWN1N4O,1.000000,0.000000,11,12,13,13,16,16,16,16,16,16,16,40,0,12,19.805110452580266,7.613421999849379,204.21961904503405,8009.675
1778008775,150,GET,/product/2ZYFJ3GM2N,0.800000,0.000000,10,12,13,14,69,69,69,69,69,69,69,27,0,12,23.106882158942796,8.098461083136499,98.8743759226054,8016.0
1778008775,150,GET,/product/66VCHSJNUP,1.800000,0.000000,11,13,18,28,61,69,69,69,69,69,69,50,0,12,30.134127442725003,6.8482799688354135,211.90587105229497,7980.26
1778008775,150,GET,/product/6E92ZMYYFZ,1.700000,0.000000,11,12,13,13,29,41,41,41,41,41,41,59,0,12,22.69793229998421,8.225728990510106,99.28397601470351,7974.0847457627115
1778008775,150,GET,/product/9SIQT8TOJO,1.600000,0.000000,13,26,28,43,56,79,79,79,79,79,79,61,0,12,22.285225955754154,8.211840991862118,209.0376049745828,8027.540983606557
1778008775,150,GET,/product/L9ECAV7KIM,1.400000,0.000000,12,13,15,15,18,25,25,25,25,25,25,49,0,12,22.095806347871466,8.33142502233386,182.69286991562694,7998.469387755102
1778008775,150,GET,/product/LS4PSXUNUM,1.100000,0.000000,13,13,14,23,25,41,41,41,41,41,41,56,0,12,19.448346235939034,8.172007044777274,119.60279499180615,7984.946428571428
1778008775,150,GET,/product/OLJCESPC7Z,1.300000,0.000000,11,13,17,17,19,28,28,28,28,28,28,64,0,12,19.073538522206945,7.331576896831393,181.00626103114337,8017.078125
1778008775,150,,Aggregated,87.600000,0.000000,15,17,21,25,36,51,69,79,98,98,98,3618,0,16,44.9679920666016,6.8482799688354135,1063.8131609885022,10632.164455500277
1778008776,150,GET,/,62.900000,0.000000,14,16,19,22,36,50,69,78,92,92,92,2769,0,16,49.12784692438493,8.66250996477902,1063.8131609885022,10534.84182015168
1778008776,150,POST,/cart,7.700000,0.000000,27,31,37,41,51,65,83,98,98,98,98,310,0,27,41.988758029671565,15.484794043004513,597.6759709883481,17372.41935483871
1778008776,150,POST,/cart/checkout,4.700000,0.000000,14,15,17,18,28,43,52,52,52,52,52,148,0,16,29.169699763942106,8.998438948765397,586.8759809527546,6805.5675675675675
1778008776,150,GET,/product/0PUK6V6EV0,1.000000,0.000000,9,13,14,14,24,40,40,40,40,40,40,56,0,13,29.316336675297602,7.725047995336354,179.68584003392607,7987.464285714285
1778008776,150,GET,/product/1YMWWN1N4O,1.100000,0.000000,10,11,12,12,13,13,13,13,13,13,13,40,0,12,19.805110452580266,7.613421999849379,204.21961904503405,8009.675
1778008776,150,GET,/product/2ZYFJ3GM2N,0.700000,0.000000,11,12,13,14,69,69,69,69,69,69,69,28,0,12,22.682776366959192,8.098461083136499,98.8743759226054,8016.678571428572
1778008776,150,GET,/product/66VCHSJNUP,1.700000,0.000000,11,12,13,18,61,69,69,69,69,69,69,52,0,12,29.377048656057852,6.8482799688354135,211.90587105229497,7980.807692307692
1778008776,150,GET,/product/6E92ZMYYFZ,1.800000,0.000000,12,13,13,17,29,41,41,41,41,41,41,61,0,12,22.426985879810374,8.225728990510106,99.28397601470351,7972.475409836065
1778008776,150,GET,/product/9SIQT8TOJO,1.500000,0.000000,13,26,28,43,56,79,79,79,79,79,79,61,0,12,22.285225955754154,8.211840991862118,209.0376049745828,8027.540983606557
1778008776,150,GET,/product/L9ECAV7KIM,1.600000,0.000000,12,13,14,15,17,25,25,25,25,25,25,50,0,12,21.842103800736368,8.33142502233386,182.69286991562694,7997.78
1778008776,150,GET,/product/LS4PSXUNUM,1.200000,0.000000,13,13,23,23,25,41,41,41,41,41,41,56,0,12,19.448346235939034,8.172007044777274,119.60279499180615,7984.946428571428
1778008776,150,GET,/product/OLJCESPC7Z,1.700000,0.000000,10,11,13,16,17,28,28,28,28,28,28,65,0,12,18.936864929631927,7.331576896831393,181.00626103114337,8016.430769230769
1778008776,150,,Aggregated,87.600000,0.000000,15,17,21,25,39,51,69,79,98,98,98,3696,0,16,44.40065907733717,6.8482799688354135,1063.8131609885022,10637.15367965368
1778008777,150,GET,/,62.800000,0.000000,14,17,20,25,43,60,80,93,130,130,130,2837,0,16,48.83827559130774,8.66250996477902,1063.8131609885022,10535.301022206557
1778008777,150,POST,/cart,7.300000,0.000000,27,31,40,44,62,98,99,100,100,100,100,318,0,27,42.50764217719717,15.484794043004513,597.6759709883481,17389.556603773584
1778008777,150,POST,/cart/checkout,4.800000,0.000000,14,17,19,21,43,56,58,58,58,58,58,154,0,16,29.2319428695777,8.998438948765397,586.8759809527546,6805.357142857143
1778008777,150,GET,/product/0PUK6V6EV0,0.900000,0.000000,10,14,24,40,79,91,91,91,91,91,91,58,0,13,31.24150756850903,7.725047995336354,179.68584003392607,7988.189655172414
1778008777,150,GET,/product/1YMWWN1N4O,0.900000,0.000000,11,12,13,13,65,65,65,65,65,65,65,41,0,12,20.91566854008905,7.613421999849379,204.21961904503405,8009.195121951219
1778008777,150,GET,/product/2ZYFJ3GM2N,0.900000,0.000000,11,12,13,14,69,69,69,69,69,69,69,28,0,12,22.682776366959192,8.098461083136499,98.8743759226054,8016.678571428572
1778008777,150,GET,/product/66VCHSJNUP,1.700000,0.000000,11,13,15,18,61,69,69,69,69,69,69,55,0,12,28.471196512691677,6.8482799688354135,211.90587105229497,7981.309090909091
1778008777,150,GET,/product/6E92ZMYYFZ,1.900000,0.000000,12,13,14,17,25,29,41,41,41,41,41,64,0,12,22.067505855375202,8.225728990510106,99.28397601470351,7974.703125
1778008777,150,GET,/product/9SIQT8TOJO,1.400000,0.000000,13,26,28,43,56,79,79,79,79,79,79,63,0,12,21.94883414758517,8.211840991862118,209.0376049745828,8028.888888888889
1778008777,150,GET,/product/L9ECAV7KIM,1.600000,0.000000,12,14,15,17,25,68,68,68,68,68,68,53,0,12,22.545529757889938,8.33142502233386,182.69286991562694,7998.698113207547
1778008777,150,GET,/product/LS4PSXUNUM,1.500000,0.000000,13,13,23,23,25,41,41,41,41,41,41,58,0,12,19.182266587198807,7.871176931075752,119.60279499180615,7985.3448275862065
1778008777,150,GET,/product/OLJCESPC7Z,1.700000,0.000000,11,12,13,16,17,28,28,28,28,28,28,65,0,12,18.936864929631927,7.331576896831393,181.00626103114337,8016.430769230769
1778008777,150,,Aggregated,87.400000,0.000000,15,18,24,27,44,62,80,98,130,130,130,3794,0,16,44.22177078231087,6.8482799688354135,1063.8131609885022,10634.168160253032
1778008778,150,GET,/,63.800000,0.000000,14,16,19,22,41,59,80,93,130,130,130,2896,0,16,48.162614408816474,8.66250996477902,1063.8131609885022,10535.637430939227
1778008778,150,POST,/cart,7.800000,0.000000,27,31,37,44,61,98,99,100,100,100,100,322,0,27,42.35597288594668,15.484794043004513,597.6759709883481,17377.791925465837
1778008778,150,POST,/cart/checkout,4.100000,0.000000,14,16,17,19,43,56,58,58,58,58,58,159,0,16,28.76804808942519,8.998438948765397,586.8759809527546,6805.132075471698
1778008778,150,GET,/product/0PUK6V6EV0,1.100000,0.000000,13,14,40,40,79,91,91,91,91,91,91,58,0,13,31.24150756850903,7.725047995336354,179.68584003392607,7988.189655172414
1778008778,150,GET,/product/1YMWWN1N4O,0.800000,0.000000,11,12,12,16,65,65,65,65,65,65,65,43,0,12,20.58640081532906,7.613421999849379,204.21961904503405,8009.53488372093
1778008778,150,GET,/product/2ZYFJ3GM2N,0.900000,0.000000,11,12,13,14,69,69,69,69,69,69,69,28,0,12,22.682776366959192,8.098461083136499,98.8743759226054,8016.678571428572
1778008778,150,GET,/product/66VCHSJNUP,1.900000,0.000000,11,12,13,15,28,61,69,69,69,69,69,56,0,12,28.14322589672104,6.8482799688354135,211.90587105229497,7982.375
1778008778,150,GET,/product/6E92ZMYYFZ,1.800000,0.000000,12,13,14,17,25,29,41,41,41,41,41,65,0,12,21.942622549473665,8.225728990510106,99.28397601470351,7975.492307692308
1778008778,150,GET,/product/9SIQT8TOJO,1.400000,0.000000,13,13,15,26,56,56,56,56,56,56,56,63,0,12,21.94883414758517,8.211840991862118,209.0376049745828,8028.888888888889
1778008778,150,GET,/product/L9ECAV7KIM,1.600000,0.000000,12,13,17,17,25,68,68,68,68,68,68,55,0,12,22.168348731727086,8.33142502233386,182.69286991562694,7997.672727272728
1778008778,150,GET,/product/LS4PSXUNUM,1.400000,0.000000,12,13,16,23,25,41,41,41,41,41,41,59,0,12,19.00107057773019,7.871176931075752,119.60279499180615,7984.6949152542375
1778008778,150,GET,/product/OLJCESPC7Z,1.600000,0.000000,11,12,16,17,17,28,28,28,28,28,28,67,0,12,18.770803230008415,7.331576896831393,181.00626103114337,8018.865671641791
1778008778,150,,Aggregated,88.200000,0.000000,14,17,21,25,43,61,80,98,130,130,130,3871,0,16,43.6597903600375,6.8482799688354135,1063.8131609885022,10627.88323430638
1778008779,150,GET,/,63.000000,0.000000,14,16,18,20,33,56,80,93,130,130,130,2956,0,16,47.50202614484804,8.66250996477902,1063.8131609885022,10536.128213802436
1778008779,150,POST,/cart,7.900000,0.000000,26,30,33,40,51,98,99,100,100,100,100,330,0,27,42.01932576181593,15.484794043004513,597.6759709883481,17381.21818181818
1778008779,150,POST,/cart/checkout,4.000000,0.000000,14,15,17,19,29,52,58,58,58,58,58,166,0,16,28.324682175052768,8.998438948765397,586.8759809527546,6805.204819277108
1778008779,150,GET,/product/0PUK6V6EV0,1.100000,0.000000,13,14,24,24,79,91,91,91,91,91,91,60,0,13,30.622556114879746,7.725047995336354,179.68584003392607,7988.833333333333
1778008779,150,GET,/product/1YMWWN1N4O,0.700000,0.000000,11,12,12,16,65,65,65,65,65,65,65,43,0,12,20.58640081532906,7.613421999849379,204.21961904503405,8009.53488372093
1778008779,150,GET,/product/2ZYFJ3GM2N,1.000000,0.000000,11,12,14,14,69,69,69,69,69,69,69,28,0,12,22.682776366959192,8.098461083136499,98.8743759226054,8016.678571428572
1778008779,150,GET,/product/66VCHSJNUP,1.800000,0.000000,11,11,13,13,28,61,69,69,69,69,69,57,0,12,27.829938441547647,6.8482799688354135,211.90587105229497,7981.877192982456
1778008779,150,GET,/product/6E92ZMYYFZ,1.900000,0.000000,11,12,13,14,17,21,21,21,21,21,21,65,0,12,21.942622549473665,8.225728990510106,99.28397601470351,7975.492307692308
1778008779,150,GET,/product/9SIQT8TOJO,1.400000,0.000000,13,13,15,26,56,56,56,56,56,56,56,63,0,12,21.94883414758517,8.211840991862118,209.0376049745828,8028.888888888889
1778008779,150,GET,/product/L9ECAV7KIM,1.500000,0.000000,12,14,17,22,25,68,68,68,68,68,68,56,0,12,21.992612628050015,8.33142502233386,182.69286991562694,7998.660714285715
1778008779,150,GET,/product/LS4PSXUNUM,1.200000,0.000000,12,13,16,23,25,41,41,41,41,41,41,60,0,12,18.843136068123084,7.871176931075752,119.60279499180615,7985.283333333334
1778008779,150,GET,/product/OLJCESPC7Z,1.500000,0.000000,11,13,16,17,17,28,28,28,28,28,28,67,0,12,18.770803230008415,7.331576896831393,181.00626103114337,8018.865671641791
1778008779,150,,Aggregated,87.000000,0.000000,14,17,20,23,36,58,80,98,130,130,130,3951,0,16,43.117469542573076,6.8482799688354135,1063.8131609885022,10630.718299164768
1778008780,150,GET,/,63.400000,0.000000,14,16,18,20,33,56,80,93,130,130,130,3019,0,16,46.917217439165476,8.66250996477902,1063.8131609885022,10536.385558131831
1778008780,150,POST,/cart,7.900000,0.000000,27,30,34,37,48,98,99,100,100,100,100,338,0,27,41.818156143713786,15.484794043004513,597.6759709883481,17397.079881656806
1778008780,150,POST,/cart/checkout,3.900000,0.000000,14,15,17,19,29,56,58,58,58,58,58,168,0,16,28.22598237530439,8.998438948765397,586.8759809527546,6805.3452380952385
1778008780,150,GET,/product/0PUK6V6EV0,1.200000,0.000000,13,14,24,38,79,91,91,91,91,91,91,62,0,13,30.4213933207305,7.725047995336354,179.68584003392607,7990.645161290323
1778008780,150,GET,/product/1YMWWN1N4O,0.700000,0.000000,12,12,16,17,65,65,65,65,65,65,65,44,0,12,20.499156843553383,7.613421999849379,204.21961904503405,8008.409090909091
1778008780,150,GET,/product/2ZYFJ3GM2N,0.900000,0.000000,10,11,12,12,14,14,14,14,14,14,14,28,0,12,22.682776366959192,8.098461083136499,98.8743759226054,8016.678571428572
1778008780,150,GET,/product/66VCHSJNUP,2.000000,0.000000,11,12,13,14,28,69,69,69,69,69,69,59,0,12,27.32701354533813,6.8482799688354135,211.90587105229497,7980.389830508475
1778008780,150,GET,/product/6E92ZMYYFZ,2.100000,0.000000,12,13,14,14,17,21,21,21,21,21,21,65,0,12,21.942622549473665,8.225728990510106,99.28397601470351,7975.492307692308
1778008780,150,GET,/product/9SIQT8TOJO,1.300000,0.000000,13,13,15,26,56,56,56,56,56,56,56,63,0,12,21.94883414758517,8.211840991862118,209.0376049745828,8028.888888888889
1778008780,150,GET,/product/L9ECAV7KIM,1.700000,0.000000,12,13,17,22,25,68,68,68,68,68,68,57,0,12,21.842839633392398,8.33142502233386,182.69286991562694,7998.8421052631575
1778008780,150,GET,/product/LS4PSXUNUM,1.200000,0.000000,11,13,13,16,23,23,23,23,23,23,23,60,0,12,18.843136068123084,7.871176931075752,119.60279499180615,7985.283333333334
1778008780,150,GET,/product/OLJCESPC7Z,1.400000,0.000000,11,13,17,17,28,33,33,33,33,33,33,68,0,12,18.983610315070322,7.331576896831393,181.00626103114337,8019.617647058823
1778008780,150,,Aggregated,87.700000,0.000000,14,17,20,23,34,58,81,98,130,130,130,4031,0,16,42.676915065876365,6.8482799688354135,1063.8131609885022,10637.700570578021
1778008781,150,GET,/,63.500000,0.000000,14,16,19,21,37,66,110,670,1100,1100,1100,3027,0,16,49.019286367946236,8.66250996477902,1107.9283059807494,10536.40436075322
1778008781,150,POST,/cart,7.500000,0.000000,27,31,36,41,61,99,100,410,410,410,410,339,0,27,42.91865776861663,15.484794043004513,597.6759709883481,17398.368731563423
1778008781,150,POST,/cart/checkout,4.200000,0.000000,14,17,23,27,58,210,810,810,810,810,810,172,0,16,37.04264814570156,8.998438948765397,813.6644270271063,6805.837209302325
1778008781,150,GET,/product/0PUK6V6EV0,1.200000,0.000000,12,13,38,38,79,91,91,91,91,91,91,62,0,13,30.4213933207305,7.725047995336354,179.68584003392607,7990.645161290323
1778008781,150,GET,/product/1YMWWN1N4O,0.900000,0.000000,12,12,16,17,65,65,65,65,65,65,65,44,0,12,20.499156843553383,7.613421999849379,204.21961904503405,8008.409090909091
1778008781,150,GET,/product/2ZYFJ3GM2N,0.900000,0.000000,12,12,14,14,920,920,920,920,920,920,920,29,0,12,53.62578187186014,8.098461083136499,920.0299360090867,8016.931034482759
1778008781,150,GET,/product/66VCHSJNUP,2.000000,0.000000,11,12,13,13,14,15,15,15,15,15,15,59,0,12,27.32701354533813,6.8482799688354135,211.90587105229497,7980.389830508475
1778008781,150,GET,/product/6E92ZMYYFZ,1.700000,0.000000,12,14,14,14,17,21,21,21,21,21,21,65,0,12,21.942622549473665,8.225728990510106,99.28397601470351,7975.492307692308
1778008781,150,GET,/product/9SIQT8TOJO,1.000000,0.000000,13,13,13,15,15,15,15,15,15,15,15,63,0,12,21.94883414758517,8.211840991862118,209.0376049745828,8028.888888888889
1778008781,150,GET,/product/L9ECAV7KIM,1.600000,0.000000,13,14,17,22,25,68,68,68,68,68,68,57,0,12,21.842839633392398,8.33142502233386,182.69286991562694,7998.8421052631575
1778008781,150,GET,/product/LS4PSXUNUM,0.900000,0.000000,11,13,13,16,23,23,23,23,23,23,23,60,0,12,18.843136068123084,7.871176931075752,119.60279499180615,7985.283333333334
1778008781,150,GET,/product/OLJCESPC7Z,1.500000,0.000000,11,13,17,17,28,33,33,33,33,33,33,68,0,12,18.983610315070322,7.331576896831393,181.00626103114337,8019.617647058823
1778008781,150,,Aggregated,86.900000,0.000000,14,17,21,24,42,69,110,670,1100,1100,1100,4045,0,16,44.92786986464393,6.8482799688354135,1107.9283059807494,10634.878368355996
1778008782,150,GET,/,63.300000,0.000000,16,19,31,56,250,720,1000,1100,1200,1200,1200,3130,0,16,60.10806231046119,8.66250996477902,1150.8859789464623,10536.965495207667
1778008782,150,POST,/cart,7.300000,0.000000,28,35,41,46,100,670,950,1100,1100,1100,1100,355,0,27,53.81386130851444,15.484794043004513,1130.8660520007834,17427.881690140846
1778008782,150,POST,/cart/checkout,4.200000,0.000000,15,18,26,29,100,510,810,810,810,810,810,173,0,16,36.91528259569273,8.998438948765397,813.6644270271063,6805.9653179190755
1778008782,150,GET,/product/0PUK6V6EV0,1.200000,0.000000,13,16,61,61,91,140,140,140,140,140,140,66,0,13,32.01290204500159,7.725047995336354,179.68584003392607,7991.848484848485
1778008782,150,GET,/product/1YMWWN1N4O,0.800000,0.000000,16,17,65,65,190,190,190,190,190,190,190,45,0,12,24.217866914760734,7.613421999849379,204.21961904503405,8007.2444444444445
1778008782,150,GET,/product/2ZYFJ3GM2N,0.800000,0.000000,14,110,150,160,920,920,920,920,920,920,920,33,0,12,60.17171310006895,8.098461083136499,920.0299360090867,8019.060606060606
1778008782,150,GET,/product/66VCHSJNUP,2.200000,0.000000,12,13,13,14,15,59,59,59,59,59,59,60,0,12,27.85281882000466,6.8482799688354135,211.90587105229497,7979.383333333333
1778008782,150,GET,/product/6E92ZMYYFZ,1.700000,0.000000,13,14,17,21,91,120,120,120,120,120,120,68,0,12,24.266531790250582,8.225728990510106,123.64494102075696,7976.970588235294
1778008782,150,GET,/product/9SIQT8TOJO,0.900000,0.000000,15,15,170,170,190,190,190,190,190,190,190,65,0,12,26.806810251078925,8.211840991862118,209.0376049745828,8027.107692307693
1778008782,150,GET,/product/L9ECAV7KIM,1.400000,0.000000,13,17,22,25,68,77,77,77,77,77,77,58,0,12,22.78938646837748,8.33142502233386,182.69286991562694,7999.810344827586
1778008782,150,GET,/product/LS4PSXUNUM,1.000000,0.000000,11,13,13,16,150,150,150,150,150,150,150,61,0,12,21.00166162575183,7.871176931075752,150.5131950834766,7986.049180327869
1778008782,150,GET,/product/OLJCESPC7Z,1.400000,0.000000,12,17,17,33,69,87,87,87,87,87,87,70,0,12,20.666072792040982,7.331576896831393,181.00626103114337,8021.114285714286
1778008782,150,,Aggregated,86.200000,0.000000,16,22,33,52,190,670,970,1100,1200,1200,1200,4184,0,16,54.476593831451886,6.8482799688354135,1150.8859789464623,10648.42829827916
1778008783,150,GET,/,62.300000,0.000000,15,19,27,49,250,720,1000,1100,1200,1200,1200,3195,0,16,59.164434594229,8.66250996477902,1150.8859789464623,10537.251643192489
1778008783,150,POST,/cart,6.900000,0.000000,28,34,37,46,100,670,950,1100,1100,1100,1100,362,0,27,53.26518889173135,15.484794043004513,1130.8660520007834,17432.616022099446
1778008783,150,POST,/cart/checkout,3.900000,0.000000,17,22,27,52,100,510,810,810,810,810,810,176,0,16,36.632451806905344,8.998438948765397,813.6644270271063,6805.926136363636
1778008783,150,GET,/product/0PUK6V6EV0,1.200000,0.000000,13,16,61,61,91,140,140,140,140,140,140,66,0,13,32.01290204500159,7.725047995336354,179.68584003392607,7991.848484848485
1778008783,150,GET,/product/1YMWWN1N4O,0.900000,0.000000,12,16,17,65,190,190,190,190,190,190,190,46,0,12,23.86385085233285,7.613421999849379,204.21961904503405,8007.304347826087
1778008783,150,GET,/product/2ZYFJ3GM2N,0.700000,0.000000,12,110,150,150,160,920,920,920,920,920,920,35,0,12,57.358102237672675,8.098461083136499,920.0299360090867,8019.314285714286
1778008783,150,GET,/product/66VCHSJNUP,1.800000,0.000000,12,13,13,14,15,59,59,59,59,59,59,62,0,12,27.306999278915747,6.8482799688354135,211.90587105229497,7978.3387096774195
1778008783,150,GET,/product/6E92ZMYYFZ,1.300000,0.000000,13,14,17,21,91,120,120,120,120,120,120,69,0,12,24.08198367777294,8.225728990510106,123.64494102075696,7976.188405797101
1778008783,150,GET,/product/9SIQT8TOJO,0.500000,0.000000,15,15,170,170,190,190,190,190,190,190,190,68,0,12,26.07830155209419,7.858785102143884,209.0376049745828,8026.75
1778008783,150,GET,/product/L9ECAV7KIM,1.400000,0.000000,13,14,22,22,68,77,77,77,77,77,77,59,0,12,22.60122659529354,8.33142502233386,182.69286991562694,8000.576271186441
1778008783,150,GET,/product/LS4PSXUNUM,1.000000,0.000000,13,13,16,16,150,150,150,150,150,150,150,61,0,12,21.00166162575183,7.871176931075752,150.5131950834766,7986.049180327869
1778008783,150,GET,/product/OLJCESPC7Z,1.300000,0.000000,11,17,33,69,87,87,87,87,87,87,87,72,0,12,20.338370616728852,7.331576896831393,181.00626103114337,8022.694444444444
1778008783,150,,Aggregated,83.200000,0.000000,16,22,30,48,190,670,970,1100,1200,1200,1200,4271,0,16,53.66067722434533,6.8482799688354135,1150.8859789464623,10648.347693748537
1778008784,150,GET,/,58.700000,0.000000,15,18,25,48,250,720,1000,1100,1200,1200,1200,3257,0,16,58.3393625196042,8.66250996477902,1150.8859789464623,10537.562787841573
1778008784,150,POST,/cart,6.200000,0.000000,28,34,41,45,100,670,950,1100,1100,1100,1100,365,0,27,53.08693327896348,15.484794043004513,1130.8660520007834,17432.309589041095
1778008784,150,POST,/cart/checkout,4.100000,0.000000,16,21,26,29,100,510,810,810,810,810,810,179,0,16,36.24653430816889,8.998438948765397,813.6644270271063,6805.849162011174
1778008784,150,GET,/product/0PUK6V6EV0,1.200000,0.000000,13,16,61,61,91,140,140,140,140,140,140,68,0,13,31.436653705039884,7.725047995336354,179.68584003392607,7991.779411764706
1778008784,150,GET,/product/1YMWWN1N4O,0.700000,0.000000,12,16,17,65,190,190,190,190,190,190,190,47,0,12,23.577971557313774,7.613421999849379,204.21961904503405,8008.829787234043
1778008784,150,GET,/product/2ZYFJ3GM2N,0.600000,0.000000,11,110,150,160,920,920,920,920,920,920,920,36,0,12,56.0069791196535,8.098461083136499,920.0299360090867,8020.972222222223
1778008784,150,GET,/product/66VCHSJNUP,1.300000,0.000000,12,13,13,14,15,59,59,59,59,59,59,62,0,12,27.306999278915747,6.8482799688354135,211.90587105229497,7978.3387096774195
1778008784,150,GET,/product/6E92ZMYYFZ,1.100000,0.000000,14,17,21,33,91,120,120,120,120,120,120,70,0,12,24.2086089681834,8.225728990510106,123.64494102075696,7976.957142857143
1778008784,150,GET,/product/9SIQT8TOJO,0.500000,0.000000,15,15,170,170,190,190,190,190,190,190,190,68,0,12,26.07830155209419,7.858785102143884,209.0376049745828,8026.75
1778008784,150,GET,/product/L9ECAV7KIM,1.400000,0.000000,13,14,17,22,68,77,77,77,77,77,77,60,0,12,22.36949566868134,8.33142502233386,182.69286991562694,8000.0
1778008784,150,GET,/product/LS4PSXUNUM,1.000000,0.000000,11,13,13,16,150,150,150,150,150,150,150,63,0,12,20.642788082893407,7.871176931075752,150.5131950834766,7986.809523809524
1778008784,150,GET,/product/OLJCESPC7Z,1.100000,0.000000,13,17,33,69,87,87,87,87,87,87,87,73,0,12,20.240682389344766,7.331576896831393,181.00626103114337,8022.1506849315065
1778008784,150,,Aggregated,77.900000,0.000000,16,21,29,48,200,670,970,1100,1200,1200,1200,4348,0,16,52.9943580198142,6.8482799688354135,1150.8859789464623,10643.546918123275
1778008785,150,GET,/,60.300000,0.000000,15,19,25,45,250,720,1000,1100,1200,1200,1200,3321,0,16,57.51507944819758,8.66250996477902,1150.8859789464623,10537.945498343872
1778008785,150,POST,/cart,7.300000,0.000000,29,34,41,45,100,670,950,1100,1100,1100,1100,375,0,27,52.36465574925145,15.484794043004513,1130.8660520007834,17444.029333333332
1778008785,150,POST,/cart/checkout,3.700000,0.000000,17,21,26,29,100,510,810,810,810,810,810,180,0,16,36.13916557903091,8.998438948765397,813.6644270271063,6805.9944444444445
1778008785,150,GET,/product/0PUK6V6EV0,1.600000,0.000000,14,24,61,79,91,140,140,140,140,140,140,70,0,13,31.04789208321433,7.725047995336354,179.68584003392607,7993.757142857143
1778008785,150,GET,/product/1YMWWN1N4O,0.800000,0.000000,12,16,17,65,190,190,190,190,190,190,190,47,0,12,23.577971557313774,7.613421999849379,204.21961904503405,8008.829787234043
1778008785,150,GET,/product/2ZYFJ3GM2N,0.900000,0.000000,11,110,150,160,920,920,920,920,920,920,920,37,0,12,54.71106043802826,8.057987899519503,920.0299360090867,8022.648648648648
1778008785,150,GET,/product/66VCHSJNUP,1.300000,0.000000,13,13,14,14,15,59,59,59,59,59,59,63,0,12,27.089800116502577,6.8482799688354135,211.90587105229497,7979.3650793650795
1778008785,150,GET,/product/6E92ZMYYFZ,1.300000,0.000000,14,17,21,33,91,120,120,120,120,120,120,73,0,12,23.629622382418034,8.225728990510106,123.64494102075696,7976.342465753424
1778008785,150,GET,/product/9SIQT8TOJO,0.600000,0.000000,12,15,15,170,190,190,190,190,190,190,190,70,0,12,25.650234766570584,7.858785102143884,209.0376049745828,8027.228571428572
1778008785,150,GET,/product/L9ECAV7KIM,1.400000,0.000000,13,14,22,22,68,77,77,77,77,77,77,60,0,12,22.36949566868134,8.33142502233386,182.69286991562694,8000.0
1778008785,150,GET,/product/LS4PSXUNUM,0.900000,0.000000,10,10,16,16,150,150,150,150,150,150,150,63,0,12,20.642788082893407,7.871176931075752,150.5131950834766,7986.809523809524
1778008785,150,GET,/product/OLJCESPC7Z,1.300000,0.000000,11,17,33,33,69,87,87,87,87,87,87,75,0,12,19.995741217086714,7.331576896831393,181.00626103114337,8022.08
1778008785,150,,Aggregated,81.400000,0.000000,16,21,29,45,200,670,970,1100,1200,1200,1200,4434,0,16,52.28341974705133,6.8482799688354135,1150.8859789464623,10651.246504285069
1778008786,150,GET,/,61.200000,0.000000,15,18,21,31,270,760,1000,1100,1200,1200,1200,3385,0,16,56.77089167564854,8.66250996477902,1150.8859789464623,10538.287444608568
1778008786,150,POST,/cart,7.500000,0.000000,28,32,35,36,230,670,950,1100,1100,1100,1100,386,0,27,51.65271492556722,15.484794043004513,1130.8660520007834,17482.331606217616
1778008786,150,POST,/cart/checkout,3.400000,0.000000,17,21,27,29,100,510,810,810,810,810,810,186,0,16,35.803027732062446,8.998438948765397,813.6644270271063,6805.913978494624
1778008786,150,GET,/product/0PUK6V6EV0,1.400000,0.000000,14,24,61,79,91,140,140,140,140,140,140,71,0,13,30.780951886004964,7.725047995336354,179.68584003392607,7994.450704225352
1778008786,150,GET,/product/1YMWWN1N4O,0.800000,0.000000,16,16,17,19,190,190,190,190,190,190,190,50,0,12,23.168680544476956,7.613421999849379,204.21961904503405,8010.34
1778008786,150,GET,/product/2ZYFJ3GM2N,1.100000,0.000000,11,110,150,150,160,920,920,920,920,920,920,38,0,12,54.83130034745524,8.057987899519503,920.0299360090867,8023.289473684211
1778008786,150,GET,/product/66VCHSJNUP,1.300000,0.000000,12,13,14,14,59,59,59,59,59,59,59,64,0,12,26.826421286386903,6.8482799688354135,211.90587105229497,7980.0
1778008786,150,GET,/product/6E92ZMYYFZ,1.300000,0.000000,12,14,33,91,120,120,120,120,120,120,120,73,0,12,23.629622382418034,8.225728990510106,123.64494102075696,7976.342465753424
1778008786,150,GET,/product/9SIQT8TOJO,0.800000,0.000000,12,15,15,170,190,190,190,190,190,190,190,70,0,12,25.650234766570584,7.858785102143884,209.0376049745828,8027.228571428572
1778008786,150,GET,/product/L9ECAV7KIM,1.200000,0.000000,12,13,14,14,77,77,77,77,77,77,77,60,0,12,22.36949566868134,8.33142502233386,182.69286991562694,8000.0
1778008786,150,GET,/product/LS4PSXUNUM,0.800000,0.000000,10,10,22,22,150,150,150,150,150,150,150,64,0,12,20.664753565142746,7.871176931075752,150.5131950834766,7987.953125
1778008786,150,GET,/product/OLJCESPC7Z,1.000000,0.000000,13,23,33,41,69,87,87,87,87,87,87,79,0,12,20.054240408942952,7.331576896831393,181.00626103114337,8024.316455696203
1778008786,150,,Aggregated,81.800000,0.000000,16,20,27,35,230,700,980,1100,1200,1200,1200,4526,0,16,51.63071569958862,6.8482799688354135,1150.8859789464623,10658.250110472824
1778008788,150,GET,/,61.000000,0.000000,15,18,21,31,270,760,1000,1100,1200,1200,1200,3442,0,16,56.03920815465593,8.66250996477902,1150.8859789464623,10538.464555490993
1778008788,150,POST,/cart,7.100000,0.000000,27,30,34,35,46,670,950,1100,1100,1100,1100,393,0,27,51.108684043907125,15.484794043004513,1130.8660520007834,17503.79134860051
1778008788,150,POST,/cart/checkout,3.300000,0.000000,16,18,27,36,210,510,810,810,810,810,810,189,0,16,35.428142953644354,8.998438948765397,813.6644270271063,6806.042328042328
1778008788,150,GET,/product/0PUK6V6EV0,1.600000,0.000000,13,16,24,38,61,140,140,140,140,140,140,72,0,13,30.474716178206208,7.725047995336354,179.68584003392607,7995.013888888889
1778008788,150,GET,/product/1YMWWN1N4O,0.900000,0.000000,15,16,17,17,19,190,190,190,190,190,190,52,0,12,22.616221043370807,7.613421999849379,204.21961904503405,8010.961538461538
1778008788,150,GET,/product/2ZYFJ3GM2N,1.000000,0.000000,59,110,150,160,920,920,920,920,920,920,920,38,0,12,54.83130034745524,8.057987899519503,920.0299360090867,8023.289473684211
1778008788,150,GET,/product/66VCHSJNUP,1.300000,0.000000,13,14,14,14,59,59,59,59,59,59,59,64,0,12,26.826421286386903,6.8482799688354135,211.90587105229497,7980.0
1778008788,150,GET,/product/6E92ZMYYFZ,1.300000,0.000000,12,14,33,91,120,120,120,120,120,120,120,74,0,12,23.434209675100202,8.225728990510106,123.64494102075696,7977.2027027027025
1778008788,150,GET,/product/9SIQT8TOJO,0.700000,0.000000,12,15,15,170,190,190,190,190,190,190,190,71,0,12,25.415040798563982,7.858785102143884,209.0376049745828,8026.366197183099
1778008788,150,GET,/product/L9ECAV7KIM,1.100000,0.000000,13,13,16,16,77,77,77,77,77,77,77,61,0,12,22.265957281008728,8.33142502233386,182.69286991562694,7999.573770491803
1778008788,150,GET,/product/LS4PSXUNUM,0.700000,0.000000,10,14,22,22,150,150,150,150,150,150,150,66,0,12,20.40210830499277,7.871176931075752,150.5131950834766,7988.924242424242
1778008788,150,GET,/product/OLJCESPC7Z,1.000000,0.000000,13,17,23,33,69,87,87,87,87,87,87,83,0,12,19.66679843804653,7.331576896831393,181.00626103114337,8024.469879518072
1778008788,150,,Aggregated,81.000000,0.000000,15,20,26,34,230,700,980,1100,1200,1200,1200,4605,0,16,50.969597388864834,6.8482799688354135,1150.8859789464623,10659.718132464712
1778008789,150,GET,/,60.400000,0.000000,15,18,24,41,270,760,1000,1100,1200,1200,1200,3503,0,16,55.474596170181066,8.66250996477902,1150.8859789464623,10538.768484156437
1778008789,150,POST,/cart,7.200000,0.000000,26,31,34,38,230,670,950,1100,1100,1100,1100,400,0,27,50.808270122797694,15.484794043004513,1130.8660520007834,17503.265
1778008789,150,POST,/cart/checkout,3.400000,0.000000,17,21,29,36,210,510,810,810,810,810,810,193,0,16,35.12027372613337,8.998438948765397,813.6644270271063,6805.694300518135
1778008789,150,GET,/product/0PUK6V6EV0,1.500000,0.000000,13,24,29,38,61,140,140,140,140,140,140,73,0,13,30.45634275034376,7.725047995336354,179.68584003392607,7995.506849315068
1778008789,150,GET,/product/1YMWWN1N4O,0.700000,0.000000,15,16,17,19,190,190,190,190,190,190,190,53,0,12,22.444395155136316,7.613421999849379,204.21961904503405,8011.7169811320755
1778008789,150,GET,/product/2ZYFJ3GM2N,1.000000,0.000000,59,110,150,160,920,920,920,920,920,920,920,38,0,12,54.83130034745524,8.057987899519503,920.0299360090867,8023.289473684211
1778008789,150,GET,/product/66VCHSJNUP,1.200000,0.000000,14,14,14,14,59,59,59,59,59,59,59,64,0,12,26.826421286386903,6.8482799688354135,211.90587105229497,7980.0
1778008789,150,GET,/product/6E92ZMYYFZ,1.400000,0.000000,11,14,33,33,91,120,120,120,120,120,120,75,0,12,23.25370152015239,8.225728990510106,123.64494102075696,7977.693333333334
1778008789,150,GET,/product/9SIQT8TOJO,0.900000,0.000000,11,12,15,170,190,190,190,190,190,190,190,72,0,12,25.20834016387299,7.858785102143884,209.0376049745828,8027.069444444444
1778008789,150,GET,/product/L9ECAV7KIM,1.100000,0.000000,13,14,16,16,77,77,77,77,77,77,77,64,0,12,21.71204200385546,8.33142502233386,182.69286991562694,7999.96875
1778008789,150,GET,/product/LS4PSXUNUM,0.700000,0.000000,10,14,22,22,150,150,150,150,150,150,150,66,0,12,20.40210830499277,7.871176931075752,150.5131950834766,7988.924242424242
1778008789,150,GET,/product/OLJCESPC7Z,1.100000,0.000000,13,17,33,33,69,87,87,87,87,87,87,83,0,12,19.66679843804653,7.331576896831393,181.00626103114337,8024.469879518072
1778008789,150,,Aggregated,80.600000,0.000000,16,21,28,40,230,700,980,1100,1200,1200,1200,4684,0,16,50.50594786816415,6.8482799688354135,1150.8859789464623,10661.311485909479
1778008790,150,GET,/,59.800000,0.000000,15,18,22,35,270,760,1000,1100,1200,1200,1200,3567,0,15,54.72140282129188,8.66250996477902,1150.8859789464623,10539.128399215027
1778008790,150,POST,/cart,7.500000,0.000000,25,28,30,33,59,670,950,1100,1100,1100,1100,417,0,27,49.69820946123344,15.484794043004513,1130.8660520007834,17528.630695443644
1778008790,150,POST,/cart/checkout,3.500000,0.000000,17,21,29,58,210,510,810,810,810,810,810,193,0,16,35.12027372613337,8.998438948765397,813.6644270271063,6805.694300518135
1778008790,150,GET,/product/0PUK6V6EV0,1.400000,0.000000,13,24,29,38,61,140,140,140,140,140,140,73,0,13,30.45634275034376,7.725047995336354,179.68584003392607,7995.506849315068
1778008790,150,GET,/product/1YMWWN1N4O,1.100000,0.000000,15,16,17,19,190,190,190,190,190,190,190,53,0,12,22.444395155136316,7.613421999849379,204.21961904503405,8011.7169811320755
1778008790,150,GET,/product/2ZYFJ3GM2N,1.000000,0.000000,59,110,150,160,920,920,920,920,920,920,920,38,0,12,54.83130034745524,8.057987899519503,920.0299360090867,8023.289473684211
1778008790,150,GET,/product/66VCHSJNUP,0.900000,0.000000,14,14,14,14,59,59,59,59,59,59,59,64,0,12,26.826421286386903,6.8482799688354135,211.90587105229497,7980.0
1778008790,150,GET,/product/6E92ZMYYFZ,1.000000,0.000000,10,12,33,33,91,120,120,120,120,120,120,76,0,12,23.068410592570313,8.225728990510106,123.64494102075696,7978.460526315789
1778008790,150,GET,/product/9SIQT8TOJO,0.800000,0.000000,11,12,15,170,190,190,190,190,190,190,190,72,0,12,25.20834016387299,7.858785102143884,209.0376049745828,8027.069444444444
1778008790,150,GET,/product/L9ECAV7KIM,0.800000,0.000000,13,14,16,16,26,77,77,77,77,77,77,67,0,12,21.48059927232897,8.33142502233386,182.69286991562694,8000.238805970149
1778008790,150,GET,/product/LS4PSXUNUM,0.800000,0.000000,14,14,22,22,150,150,150,150,150,150,150,66,0,12,20.40210830499277,7.871176931075752,150.5131950834766,7988.924242424242
1778008790,150,GET,/product/OLJCESPC7Z,1.800000,0.000000,11,17,23,33,69,87,87,87,87,87,87,84,0,12,19.548584123618813,7.331576896831393,181.00626103114337,8025.130952380952
1778008790,150,,Aggregated,80.400000,0.000000,15,20,26,35,230,700,980,1100,1200,1200,1200,4770,0,16,49.87483782812355,6.8482799688354135,1150.8859789464623,10683.776729559748
1778008791,150,GET,/,60.400000,0.000000,14,17,20,24,120,290,930,1100,1200,1200,1200,3634,0,15,54.097564618202384,8.66250996477902,1150.8859789464623,10539.49119427628
1778008791,150,POST,/cart,7.800000,0.000000,25,28,31,33,46,440,950,1100,1100,1100,1100,422,0,27,49.50630132983973,15.484794043004513,1130.8660520007834,17542.857819905214
1778008791,150,POST,/cart/checkout,3.200000,0.000000,17,18,21,22,30,36,58,58,58,58,58,196,0,16,34.8671193630197,8.998438948765397,813.6644270271063,6805.734693877551
1778008791,150,GET,/product/0PUK6V6EV0,1.500000,0.000000,13,24,29,29,61,140,140,140,140,140,140,73,0,13,30.45634275034376,7.725047995336354,179.68584003392607,7995.506849315068
1778008791,150,GET,/product/1YMWWN1N4O,1.000000,0.000000,15,16,19,19,190,190,190,190,190,190,190,54,0,12,22.384470078611262,7.613421999849379,204.21961904503405,8013.2962962962965
1778008791,150,GET,/product/2ZYFJ3GM2N,1.000000,0.000000,14,57,59,110,150,160,160,160,160,160,160,43,0,12,51.367467542742055,8.057987899519503,920.0299360090867,8020.674418604651
1778008791,150,GET,/product/66VCHSJNUP,0.800000,0.000000,13,13,14,14,59,59,59,59,59,59,59,65,0,12,26.55222809766061,6.8482799688354135,211.90587105229497,7979.261538461538
1778008791,150,GET,/product/6E92ZMYYFZ,1.000000,0.000000,10,12,21,33,91,120,120,120,120,120,120,78,0,12,22.85770907586154,8.225728990510106,123.64494102075696,7977.217948717948
1778008791,150,GET,/product/9SIQT8TOJO,0.900000,0.000000,11,12,24,24,170,190,190,190,190,190,190,75,0,12,24.781640409491956,7.858785102143884,209.0376049745828,8028.413333333333
1778008791,150,GET,/product/L9ECAV7KIM,0.900000,0.000000,12,14,16,26,29,77,77,77,77,77,77,70,0,12,21.280657574867032,8.33142502233386,182.69286991562694,8002.242857142857
1778008791,150,GET,/product/LS4PSXUNUM,0.700000,0.000000,10,14,22,22,150,150,150,150,150,150,150,67,0,12,20.2238152269274,7.871176931075752,150.5131950834766,7989.865671641791
1778008791,150,GET,/product/OLJCESPC7Z,1.600000,0.000000,11,13,23,23,69,87,87,87,87,87,87,84,0,12,19.548584123618813,7.331576896831393,181.00626103114337,8025.130952380952
1778008791,150,,Aggregated,80.800000,0.000000,15,19,24,29,87,270,830,1000,1200,1200,1200,4861,0,16,49.33371359186496,6.8482799688354135,1150.8859789464623,10679.159637934581
1778008792,150,GET,/,60.400000,0.000000,14,15,17,18,23,35,56,70,85,85,85,3692,0,15,53.47598188825129,8.66250996477902,1150.8859789464623,10539.819609967497
1778008792,150,POST,/cart,8.600000,0.000000,25,28,29,30,34,43,52,59,59,59,59,431,0,27,49.07374631634021,15.484794043004513,1130.8660520007834,17562.074245939675
1778008792,150,POST,/cart/checkout,2.700000,0.000000,15,17,20,21,30,36,58,58,58,58,58,201,0,16,34.3306627772072,8.998438948765397,813.6644270271063,6805.577114427861
1778008792,150,GET,/product/0PUK6V6EV0,1.300000,0.000000,13,24,29,29,61,140,140,140,140,140,140,73,0,13,30.45634275034376,7.725047995336354,179.68584003392607,7995.506849315068
1778008792,150,GET,/product/1YMWWN1N4O,1.000000,0.000000,14,15,16,19,19,19,19,19,19,19,19,54,0,12,22.384470078611262,7.613421999849379,204.21961904503405,8013.2962962962965
1778008792,150,GET,/product/2ZYFJ3GM2N,1.000000,0.000000,11,14,33,57,59,59,59,59,59,59,59,43,0,12,51.367467542742055,8.057987899519503,920.0299360090867,8020.674418604651
1778008792,150,GET,/product/66VCHSJNUP,0.600000,0.000000,10,10,13,13,14,14,14,14,14,14,14,66,0,12,26.289557429580864,6.8482799688354135,211.90587105229497,7980.409090909091
1778008792,150,GET,/product/6E92ZMYYFZ,1.100000,0.000000,10,11,12,21,33,33,33,33,33,33,33,78,0,12,22.85770907586154,8.225728990510106,123.64494102075696,7977.217948717948
1778008792,150,GET,/product/9SIQT8TOJO,0.900000,0.000000,10,11,12,12,15,24,24,24,24,24,24,76,0,12,24.579891023581457,7.858785102143884,209.0376049745828,8029.131578947368
1778008792,150,GET,/product/L9ECAV7KIM,1.100000,0.000000,11,13,14,16,26,29,29,29,29,29,29,71,0,12,21.12857725727044,8.33142502233386,182.69286991562694,8002.845070422535
1778008792,150,GET,/product/LS4PSXUNUM,0.600000,0.000000,14,14,22,25,150,150,150,150,150,150,150,69,0,12,20.19787164054055,7.871176931075752,150.5131950834766,7991.463768115942
1778008792,150,GET,/product/OLJCESPC7Z,1.700000,0.000000,11,13,13,17,23,41,41,41,41,41,41,85,0,12,19.46864004027756,7.331576896831393,181.00626103114337,8025.988235294118
1778008792,150,,Aggregated,81.000000,0.000000,14,16,19,21,28,38,56,66,85,85,85,4939,0,16,48.80748104257783,6.8482799688354135,1150.8859789464623,10684.841870824053
1778008793,150,GET,/,60.400000,0.000000,14,15,17,18,24,40,57,70,85,85,85,3699,0,15,53.40747697766423,8.66250996477902,1150.8859789464623,10539.863206271966
1778008793,150,POST,/cart,8.600000,0.000000,25,28,30,32,38,46,52,59,59,59,59,433,0,27,49.024173977524555,15.484794043004513,1130.8660520007834,17575.91454965358
1778008793,150,POST,/cart/checkout,2.700000,0.000000,15,17,20,29,58,67,530,530,530,530,530,204,0,16,36.825619123227824,8.998438948765397,813.6644270271063,6805.3774509803925
1778008793,150,GET,/product/0PUK6V6EV0,1.300000,0.000000,12,13,24,24,29,29,29,29,29,29,29,73,0,13,30.45634275034376,7.725047995336354,179.68584003392607,7995.506849315068
1778008793,150,GET,/product/1YMWWN1N4O,1.000000,0.000000,15,16,19,19,19,19,19,19,19,19,19,54,0,12,22.384470078611262,7.613421999849379,204.21961904503405,8013.2962962962965
1778008793,150,GET,/product/2ZYFJ3GM2N,1.000000,0.000000,14,33,57,57,59,59,59,59,59,59,59,43,0,12,51.367467542742055,8.057987899519503,920.0299360090867,8020.674418604651
1778008793,150,GET,/product/66VCHSJNUP,0.600000,0.000000,10,10,13,13,14,14,14,14,14,14,14,66,0,12,26.289557429580864,6.8482799688354135,211.90587105229497,7980.409090909091
1778008793,150,GET,/product/6E92ZMYYFZ,1.100000,0.000000,10,10,11,21,33,33,33,33,33,33,33,78,0,12,22.85770907586154,8.225728990510106,123.64494102075696,7977.217948717948
1778008793,150,GET,/product/9SIQT8TOJO,0.900000,0.000000,10,11,12,12,15,24,24,24,24,24,24,76,0,12,24.579891023581457,7.858785102143884,209.0376049745828,8029.131578947368
1778008793,150,GET,/product/L9ECAV7KIM,1.100000,0.000000,11,13,16,16,26,29,29,29,29,29,29,71,0,12,21.12857725727044,8.33142502233386,182.69286991562694,8002.845070422535
1778008793,150,GET,/product/LS4PSXUNUM,0.600000,0.000000,14,14,22,25,27,27,27,27,27,27,27,70,0,12,20.295311959593423,7.871176931075752,150.5131950834766,7991.857142857143
1778008793,150,GET,/product/OLJCESPC7Z,1.700000,0.000000,11,13,13,17,23,41,41,41,41,41,41,85,0,12,19.46864004027756,7.331576896831393,181.00626103114337,8025.988235294118
1778008793,150,,Aggregated,81.000000,0.000000,14,17,19,22,29,41,58,70,530,530,530,4952,0,16,48.84829271507829,6.8482799688354135,1150.8859789464623,10685.760500807755
1778008794,150,GET,/,65.200000,0.000000,15,18,24,49,420,690,930,960,1000,1000,1000,3813,0,16,64.68026825175428,8.412204100750387,1150.8859789464623,10540.416469971151
1778008794,150,POST,/cart,9.200000,0.000000,26,29,33,39,160,670,800,1100,1100,1100,1100,445,0,27,58.636611713399965,15.484794043004513,1130.8660520007834,17606.330337078653
1778008794,150,POST,/cart/checkout,2.900000,0.000000,15,18,30,36,130,280,530,530,530,530,530,207,0,16,38.36288556101134,8.998438948765397,813.6644270271063,6805.497584541063
1778008794,150,GET,/product/0PUK6V6EV0,1.100000,0.000000,13,13,24,24,29,29,29,29,29,29,29,74,0,13,30.218008941832327,7.725047995336354,179.68584003392607,7996.121621621622
1778008794,150,GET,/product/1YMWWN1N4O,1.000000,0.000000,16,19,19,120,180,180,180,180,180,180,180,56,0,13,26.993221682330063,7.613421999849379,204.21961904503405,8013.232142857143
1778008794,150,GET,/product/2ZYFJ3GM2N,1.400000,0.000000,33,57,59,110,210,210,210,210,210,210,210,45,0,12,56.19742033951398,8.057987899519503,920.0299360090867,8022.555555555556
1778008794,150,GET,/product/66VCHSJNUP,0.700000,0.000000,18,75,170,170,190,190,190,190,190,190,190,70,0,12,31.30647843271228,6.8482799688354135,211.90587105229497,7983.757142857143
1778008794,150,GET,/product/6E92ZMYYFZ,1.300000,0.000000,10,11,100,100,110,110,110,110,110,110,110,82,0,12,25.8356098514391,8.225728990510106,123.64494102075696,7979.256097560976
1778008794,150,GET,/product/9SIQT8TOJO,1.300000,0.000000,11,12,24,110,170,170,170,170,170,170,170,78,0,12,27.602654216118538,7.858785102143884,209.0376049745828,8030.153846153846
1778008794,150,GET,/product/L9ECAV7KIM,1.400000,0.000000,13,16,26,29,100,200,200,200,200,200,200,73,0,12,24.633652839988265,8.33142502233386,196.1569000268355,8003.068493150685
1778008794,150,GET,/product/LS4PSXUNUM,0.900000,0.000000,14,19,22,25,27,190,190,190,190,190,190,74,0,12,22.337111180358743,7.871176931075752,193.36493499577045,7993.391891891892
1778008794,150,GET,/product/OLJCESPC7Z,1.700000,0.000000,11,13,17,23,41,210,210,210,210,210,210,88,0,12,21.541739208094608,7.331576896831393,213.75054901000112,8025.125
1778008794,150,,Aggregated,88.100000,0.000000,15,21,29,43,310,640,900,960,1100,1100,1100,5105,0,16,58.52042425478135,6.8482799688354135,1150.8859789464623,10686.991576885406
1778008795,150,GET,/,56.900000,0.000000,15,18,26,54,430,700,930,960,1000,1000,1000,3860,0,15,64.07561090230759,8.412204100750387,1150.8859789464623,10540.604404145077
1778008795,150,POST,/cart,7.800000,0.000000,26,30,34,43,160,670,800,1100,1100,1100,1100,450,0,27,58.3219841766792,15.484794043004513,1130.8660520007834,17627.49111111111
1778008795,150,POST,/cart/checkout,3.100000,0.000000,15,18,30,36,130,280,530,530,530,530,530,207,0,16,38.36288556101134,8.998438948765397,813.6644270271063,6805.497584541063
1778008795,150,GET,/product/0PUK6V6EV0,0.700000,0.000000,13,16,16,29,29,29,29,29,29,29,29,75,0,13,30.025293688910704,7.725047995336354,179.68584003392607,7996.453333333333
1778008795,150,GET,/product/1YMWWN1N4O,0.900000,0.000000,16,19,19,120,180,180,180,180,180,180,180,57,0,13,26.73152419779319,7.613421999849379,204.21961904503405,8012.7192982456145
1778008795,150,GET,/product/2ZYFJ3GM2N,1.000000,0.000000,33,57,59,110,210,210,210,210,210,210,210,47,0,12,54.2976964299785,8.057987899519503,920.0299360090867,8022.510638297872
1778008795,150,GET,/product/66VCHSJNUP,0.600000,0.000000,18,75,170,170,190,190,190,190,190,190,190,71,0,13,31.053389919410183,6.8482799688354135,211.90587105229497,7984.225352112676
1778008795,150,GET,/product/6E92ZMYYFZ,1.000000,0.000000,10,11,100,100,110,110,110,110,110,110,110,82,0,12,25.8356098514391,8.225728990510106,123.64494102075696,7979.256097560976
1778008795,150,GET,/product/9SIQT8TOJO,1.100000,0.000000,11,12,24,24,110,170,170,170,170,170,170,79,0,12,27.385468846717497,7.858785102143884,209.0376049745828,8029.215189873417
1778008795,150,GET,/product/L9ECAV7KIM,1.300000,0.000000,11,14,26,29,100,200,200,200,200,200,200,75,0,12,24.219904323108494,8.33142502233386,196.1569000268355,8002.573333333334
1778008795,150,GET,/product/LS4PSXUNUM,0.900000,0.000000,14,22,25,25,27,190,190,190,190,190,190,74,0,12,22.337111180358743,7.871176931075752,193.36493499577045,7993.391891891892
1778008795,150,GET,/product/OLJCESPC7Z,1.500000,0.000000,13,14,17,23,41,210,210,210,210,210,210,90,0,12,21.341394547683496,7.331576896831393,213.75054901000112,8025.311111111111
1778008795,150,,Aggregated,76.800000,0.000000,15,21,30,49,330,640,920,960,1100,1100,1100,5167,0,16,58.00704106900557,6.8482799688354135,1150.8859789464623,10689.148054964196
1778008796,150,GET,/,61.300000,0.000000,15,18,30,51,430,690,930,960,1000,1000,1000,3932,0,15,63.27097640390103,8.412204100750387,1150.8859789464623,10540.88479145473
1778008796,150,POST,/cart,8.300000,0.000000,26,30,38,46,230,670,800,1100,1100,1100,1100,455,0,27,57.98841276395411,15.484794043004513,1130.8660520007834,17633.4
1778008796,150,POST,/cart/checkout,3.100000,0.000000,15,17,25,29,130,280,530,530,530,530,530,213,0,16,37.7415414602264,8.998438948765397,813.6644270271063,6805.460093896713
1778008796,150,GET,/product/0PUK6V6EV0,0.800000,0.000000,13,16,16,29,29,29,29,29,29,29,29,76,0,13,29.73620287651245,7.725047995336354,179.68584003392607,7997.276315789473
1778008796,150,GET,/product/1YMWWN1N4O,1.000000,0.000000,12,14,19,120,180,180,180,180,180,180,180,59,0,12,26.15040415598048,7.613421999849379,204.21961904503405,8014.593220338983
1778008796,150,GET,/product/2ZYFJ3GM2N,1.000000,0.000000,14,33,59,59,110,210,210,210,210,210,210,49,0,12,52.55489824909945,8.057987899519503,920.0299360090867,8023.755102040816
1778008796,150,GET,/product/66VCHSJNUP,0.800000,0.000000,18,75,170,170,190,190,190,190,190,190,190,71,0,13,31.053389919410183,6.8482799688354135,211.90587105229497,7984.225352112676
1778008796,150,GET,/product/6E92ZMYYFZ,1.300000,0.000000,10,21,100,100,110,110,110,110,110,110,110,85,0,12,25.757453326300226,7.602902944199741,123.64494102075696,7979.694117647059
1778008796,150,GET,/product/9SIQT8TOJO,1.000000,0.000000,11,11,24,110,170,170,170,170,170,170,170,79,0,12,27.385468846717497,7.858785102143884,209.0376049745828,8029.215189873417
1778008796,150,GET,/product/L9ECAV7KIM,1.400000,0.000000,10,13,16,26,100,200,200,200,200,200,200,79,0,12,23.47724825656631,8.091686991974711,196.1569000268355,8003.569620253164
1778008796,150,GET,/product/LS4PSXUNUM,1.200000,0.000000,14,19,25,27,190,190,190,190,190,190,190,74,0,12,22.337111180358743,7.871176931075752,193.36493499577045,7993.391891891892
1778008796,150,GET,/product/OLJCESPC7Z,1.600000,0.000000,13,13,16,16,17,210,210,210,210,210,210,91,0,12,21.239818211972388,7.331576896831393,213.75054901000112,8025.648351648351
1778008796,150,,Aggregated,82.800000,0.000000,15,21,30,46,330,640,920,960,1100,1100,1100,5263,0,16,57.30216021083013,6.8482799688354135,1150.8859789464623,10683.436443093293
1778008797,150,GET,/,60.100000,0.000000,15,19,30,55,430,690,930,960,1000,1000,1000,3987,0,15,62.59627017756779,8.412204100750387,1150.8859789464623,10541.11136192626
1778008797,150,POST,/cart,8.500000,0.000000,27,31,43,46,230,670,800,1100,1100,1100,1100,460,0,27,57.64062035342921,15.484794043004513,1130.8660520007834,17666.208695652174
1778008797,150,POST,/cart/checkout,2.800000,0.000000,15,17,20,29,130,280,530,530,530,530,530,218,0,16,37.21639673906985,8.998438948765397,813.6644270271063,6805.0504587155965
1778008797,150,GET,/product/0PUK6V6EV0,0.700000,0.000000,13,16,16,29,29,29,29,29,29,29,29,77,0,13,29.471676021076544,7.725047995336354,179.68584003392607,7997.714285714285
1778008797,150,GET,/product/1YMWWN1N4O,1.000000,0.000000,15,19,120,120,180,180,180,180,180,180,180,60,0,12,25.964958453550935,7.613421999849379,204.21961904503405,8013.916666666667
1778008797,150,GET,/product/2ZYFJ3GM2N,1.100000,0.000000,14,33,59,59,110,210,210,210,210,210,210,49,0,12,52.55489824909945,8.057987899519503,920.0299360090867,8023.755102040816
1778008797,150,GET,/product/66VCHSJNUP,0.900000,0.000000,18,75,170,170,190,190,190,190,190,190,190,71,0,13,31.053389919410183,6.8482799688354135,211.90587105229497,7984.225352112676
1778008797,150,GET,/product/6E92ZMYYFZ,1.200000,0.000000,10,54,100,100,110,110,110,110,110,110,110,85,0,12,25.757453326300226,7.602902944199741,123.64494102075696,7979.694117647059
1778008797,150,GET,/product/9SIQT8TOJO,1.100000,0.000000,11,24,110,110,170,170,170,170,170,170,170,79,0,12,27.385468846717497,7.858785102143884,209.0376049745828,8029.215189873417
1778008797,150,GET,/product/L9ECAV7KIM,1.500000,0.000000,10,12,14,26,100,200,200,200,200,200,200,81,0,12,23.114451905712485,8.091686991974711,196.1569000268355,8003.518518518518
1778008797,150,GET,/product/LS4PSXUNUM,1.100000,0.000000,14,19,25,25,27,190,190,190,190,190,190,75,0,12,22.15069100415955,7.871176931075752,193.36493499577045,7994.093333333333
1778008797,150,GET,/product/OLJCESPC7Z,1.700000,0.000000,12,13,14,16,17,210,210,210,210,210,210,92,0,12,21.12116117622582,7.331576896831393,213.75054901000112,8026.326086956522
1778008797,150,,Aggregated,81.700000,0.000000,15,22,30,51,340,640,920,960,1100,1100,1100,5334,0,16,56.73714682011455,6.8482799688354135,1150.8859789464623,10684.83633295838
1778008798,150,GET,/,60.600000,0.000000,15,18,24,42,420,690,930,960,1000,1000,1000,4054,0,15,61.81807233957729,8.412204100750387,1150.8859789464623,10541.272076961026
1778008798,150,POST,/cart,8.000000,0.000000,27,30,34,43,230,670,800,1100,1100,1100,1100,468,0,27,57.11137959743555,15.484794043004513,1130.8660520007834,17685.141025641027
1778008798,150,POST,/cart/checkout,3.300000,0.000000,15,19,20,29,67,280,530,530,530,530,530,223,0,16,36.880676641918285,8.998438948765397,813.6644270271063,6805.37668161435
1778008798,150,GET,/product/0PUK6V6EV0,0.600000,0.000000,13,13,16,16,29,29,29,29,29,29,29,78,0,13,29.23224505950482,7.725047995336354,179.68584003392607,7998.397435897436
1778008798,150,GET,/product/1YMWWN1N4O,1.200000,0.000000,14,15,19,120,180,180,180,180,180,180,180,61,0,12,25.694184217098183,7.613421999849379,204.21961904503405,8013.852459016393
1778008798,150,GET,/product/2ZYFJ3GM2N,1.000000,0.000000,13,33,57,57,110,210,210,210,210,210,210,49,0,12,52.55489824909945,8.057987899519503,920.0299360090867,8023.755102040816
1778008798,150,GET,/product/66VCHSJNUP,0.800000,0.000000,18,75,170,170,190,190,190,190,190,190,190,72,0,13,30.799323225639657,6.8482799688354135,211.90587105229497,7984.430555555556
1778008798,150,GET,/product/6E92ZMYYFZ,1.200000,0.000000,12,54,100,100,110,110,110,110,110,110,110,86,0,12,25.598409217457437,7.602902944199741,123.64494102075696,7978.8488372093025
1778008798,150,GET,/product/9SIQT8TOJO,0.900000,0.000000,11,24,110,110,170,170,170,170,170,170,170,79,0,12,27.385468846717497,7.858785102143884,209.0376049745828,8029.215189873417
1778008798,150,GET,/product/L9ECAV7KIM,1.900000,0.000000,10,12,13,26,100,200,200,200,200,200,200,81,0,12,23.114451905712485,8.091686991974711,196.1569000268355,8003.518518518518
1778008798,150,GET,/product/LS4PSXUNUM,1.100000,0.000000,14,19,25,27,190,190,190,190,190,190,190,75,0,12,22.15069100415955,7.871176931075752,193.36493499577045,7994.093333333333
1778008798,150,GET,/product/OLJCESPC7Z,1.600000,0.000000,12,13,14,16,210,210,210,210,210,210,210,92,0,12,21.12116117622582,7.331576896831393,213.75054901000112,8026.326086956522
1778008798,150,,Aggregated,82.200000,0.000000,15,21,28,43,330,640,920,960,1100,1100,1100,5418,0,16,56.11753745574192,6.8482799688354135,1150.8859789464623,10689.567737172389
1778008799,150,GET,/,60.000000,0.000000,15,19,29,50,420,690,930,960,1000,1000,1000,4119,0,15,61.15130175692017,8.412204100750387,1150.8859789464623,10541.492352512745
1778008799,150,POST,/cart,7.400000,0.000000,29,34,50,66,280,700,800,1100,1100,1100,1100,476,0,27,56.84789756881347,15.484794043004513,1130.8660520007834,17702.632352941175
1778008799,150,POST,/cart/checkout,3.100000,0.000000,14,17,20,24,67,280,530,530,530,530,530,229,0,16,36.31908769056396,8.998438948765397,813.6644270271063,6805.379912663755
1778008799,150,GET,/product/0PUK6V6EV0,0.600000,0.000000,13,13,16,16,29,29,29,29,29,29,29,78,0,13,29.23224505950482,7.725047995336354,179.68584003392607,7998.397435897436
1778008799,150,GET,/product/1YMWWN1N4O,1.000000,0.000000,12,17,19,19,120,180,180,180,180,180,180,64,0,12,25.058838160475716,7.613421999849379,204.21961904503405,8012.59375
1778008799,150,GET,/product/2ZYFJ3GM2N,1.100000,0.000000,13,33,57,57,110,210,210,210,210,210,210,49,0,12,52.55489824909945,8.057987899519503,920.0299360090867,8023.755102040816
1778008799,150,GET,/product/66VCHSJNUP,0.700000,0.000000,18,75,170,170,190,190,190,190,190,190,190,72,0,13,30.799323225639657,6.8482799688354135,211.90587105229497,7984.430555555556
1778008799,150,GET,/product/6E92ZMYYFZ,1.200000,0.000000,12,54,100,100,110,110,110,110,110,110,110,87,0,12,25.40474917991194,7.602902944199741,123.64494102075696,7978.022988505747
1778008799,150,GET,/product/9SIQT8TOJO,0.900000,0.000000,11,24,110,110,170,170,170,170,170,170,170,79,0,12,27.385468846717497,7.858785102143884,209.0376049745828,8029.215189873417
1778008799,150,GET,/product/L9ECAV7KIM,2.100000,0.000000,10,11,12,29,100,200,200,200,200,200,200,81,0,12,23.114451905712485,8.091686991974711,196.1569000268355,8003.518518518518
1778008799,150,GET,/product/LS4PSXUNUM,1.100000,0.000000,14,19,25,27,190,190,190,190,190,190,190,76,0,12,21.9974632935574,7.871176931075752,193.36493499577045,7994.723684210527
1778008799,150,GET,/product/OLJCESPC7Z,1.300000,0.000000,13,14,16,16,35,210,210,210,210,210,210,94,0,12,21.197196203927966,7.331576896831393,213.75054901000112,8027.478723404255
1778008799,150,,Aggregated,80.500000,0.000000,15,22,32,50,330,640,920,960,1100,1100,1100,5504,0,16,55.56791129712892,6.8482799688354135,1150.8859789464623,10692.020167151162
1778008800,150,GET,/,61.000000,0.000000,15,18,25,42,430,690,930,960,1000,1000,1000,4182,0,15,60.47387821809177,8.412204100750387,1150.8859789464623,10541.640363462458
1778008800,150,POST,/cart,7.500000,0.000000,29,33,45,66,280,700,800,1100,1100,1100,1100,482,0,27,56.50474662222045,15.484794043004513,1130.8660520007834,17721.709543568464
1778008800,150,POST,/cart/checkout,3.400000,0.000000,15,19,22,25,67,280,530,530,530,530,530,235,0,16,35.945141715730756,8.998438948765397,813.6644270271063,6805.327659574468
1778008800,150,GET,/product/0PUK6V6EV0,0.600000,0.000000,11,13,13,16,16,16,16,16,16,16,16,78,0,13,29.23224505950482,7.725047995336354,179.68584003392607,7998.397435897436
1778008800,150,GET,/product/1YMWWN1N4O,0.900000,0.000000,12,15,19,19,120,180,180,180,180,180,180,65,0,12,24.826234727739713,7.613421999849379,204.21961904503405,8012.307692307692
1778008800,150,GET,/product/2ZYFJ3GM2N,1.100000,0.000000,13,33,110,110,210,210,210,210,210,210,210,49,0,12,52.55489824909945,8.057987899519503,920.0299360090867,8023.755102040816
1778008800,150,GET,/product/66VCHSJNUP,0.800000,0.000000,18,75,170,170,190,190,190,190,190,190,190,73,0,13,30.522430098730407,6.8482799688354135,211.90587105229497,7984.890410958904
1778008800,150,GET,/product/6E92ZMYYFZ,1.200000,0.000000,12,54,100,100,110,110,110,110,110,110,110,87,0,12,25.40474917991194,7.602902944199741,123.64494102075696,7978.022988505747
1778008800,150,GET,/product/9SIQT8TOJO,0.800000,0.000000,14,14,110,110,170,170,170,170,170,170,170,81,0,12,27.05923703579623,7.858785102143884,209.0376049745828,8028.679012345679
1778008800,150,GET,/product/L9ECAV7KIM,2.000000,0.000000,10,10,12,12,100,200,200,200,200,200,200,82,0,12,22.973180918886168,8.091686991974711,196.1569000268355,8003.975609756098
1778008800,150,GET,/product/LS4PSXUNUM,0.900000,0.000000,14,19,25,27,190,190,190,190,190,190,190,76,0,12,21.9974632935574,7.871176931075752,193.36493499577045,7994.723684210527
1778008800,150,GET,/product/OLJCESPC7Z,0.900000,0.000000,13,14,16,16,35,210,210,210,210,210,210,95,0,12,21.11107557031669,7.331576896831393,213.75054901000112,8026.58947368421
1778008800,150,,Aggregated,81.100000,0.000000,15,21,30,43,340,640,920,960,1100,1100,1100,5585,0,16,55.01243943955512,6.8482799688354135,1150.8859789464623,10692.543240823636
1778008801,150,GET,/,61.400000,0.000000,15,18,25,42,420,690,930,960,1000,1000,1000,4249,0,15,59.77535906646604,8.412204100750387,1150.8859789464623,10541.84819957637
1778008801,150,POST,/cart,7.600000,0.000000,29,33,45,66,280,700,800,1100,1100,1100,1100,489,0,27,56.07511674588192,15.484794043004513,1130.8660520007834,17731.828220858897
1778008801,150,POST,/cart/checkout,3.600000,0.000000,17,19,20,24,67,280,530,530,530,530,530,239,0,16,35.608375402631154,8.998438948765397,813.6644270271063,6805.60669456067
1778008801,150,GET,/product/0PUK6V6EV0,0.500000,0.000000,11,13,13,16,16,16,16,16,16,16,16,78,0,13,29.23224505950482,7.725047995336354,179.68584003392607,7998.397435897436
1778008801,150,GET,/product/1YMWWN1N4O,1.100000,0.000000,10,12,15,17,120,180,180,180,180,180,180,67,0,12,24.382042616897667,7.613421999849379,204.21961904503405,8013.940298507463
1778008801,150,GET,/product/2ZYFJ3GM2N,1.100000,0.000000,13,33,110,110,210,210,210,210,210,210,210,50,0,12,51.68267900357023,8.057987899519503,920.0299360090867,8024.74
1778008801,150,GET,/product/66VCHSJNUP,0.800000,0.000000,18,75,170,170,190,190,190,190,190,190,190,73,0,13,30.522430098730407,6.8482799688354135,211.90587105229497,7984.890410958904
1778008801,150,GET,/product/6E92ZMYYFZ,1.200000,0.000000,12,54,100,110,110,110,110,110,110,110,110,87,0,12,25.40474917991194,7.602902944199741,123.64494102075696,7978.022988505747
1778008801,150,GET,/product/9SIQT8TOJO,0.700000,0.000000,14,14,110,110,170,170,170,170,170,170,170,81,0,12,27.05923703579623,7.858785102143884,209.0376049745828,8028.679012345679
1778008801,150,GET,/product/L9ECAV7KIM,1.700000,0.000000,10,10,12,12,100,200,200,200,200,200,200,82,0,12,22.973180918886168,8.091686991974711,196.1569000268355,8003.975609756098
1778008801,150,GET,/product/LS4PSXUNUM,0.900000,0.000000,11,19,27,27,190,190,190,190,190,190,190,76,0,12,21.9974632935574,7.871176931075752,193.36493499577045,7994.723684210527
1778008801,150,GET,/product/OLJCESPC7Z,1.100000,0.000000,14,14,16,16,35,210,210,210,210,210,210,96,0,12,21.032691147411242,7.331576896831393,213.75054901000112,8026.46875
1778008801,150,,Aggregated,81.700000,0.000000,15,21,30,44,340,640,920,960,1100,1100,1100,5667,0,16,54.45903927564867,6.8482799688354135,1150.8859789464623,10695.877360155286
1778008802,150,GET,/,61.300000,0.000000,15,18,24,39,390,660,930,960,1000,1000,1000,4309,0,15,59.25545743127875,8.412204100750387,1150.8859789464623,10541.934091436528
1778008802,150,POST,/cart,6.600000,0.000000,29,34,50,66,230,670,800,1100,1100,1100,1100,498,0,27,55.824412174623866,15.484794043004513,1130.8660520007834,17739.544176706826
1778008802,150,POST,/cart/checkout,4.200000,0.000000,17,19,20,21,38,130,280,280,280,280,280,242,0,16,35.38113877356191,8.998438948765397,813.6644270271063,6805.528925619835
1778008802,150,GET,/product/0PUK6V6EV0,0.500000,0.000000,11,11,13,13,16,16,16,16,16,16,16,79,0,13,28.98561815978794,7.725047995336354,179.68584003392607,7999.265822784811
1778008802,150,GET,/product/1YMWWN1N4O,1.100000,0.000000,10,12,15,17,120,180,180,180,180,180,180,69,0,12,24.009054860748027,7.613421999849379,204.21961904503405,8015.478260869565
1778008802,150,GET,/product/2ZYFJ3GM2N,1.100000,0.000000,13,75,110,110,210,210,210,210,210,210,210,51,0,12,52.14546931743183,8.057987899519503,920.0299360090867,8026.019607843137
1778008802,150,GET,/product/66VCHSJNUP,0.900000,0.000000,16,18,75,170,190,190,190,190,190,190,190,76,0,12,29.815293845450995,6.8482799688354135,211.90587105229497,7986.894736842105
1778008802,150,GET,/product/6E92ZMYYFZ,1.100000,0.000000,12,54,100,110,110,110,110,110,110,110,110,87,0,12,25.40474917991194,7.602902944199741,123.64494102075696,7978.022988505747
1778008802,150,GET,/product/9SIQT8TOJO,0.900000,0.000000,14,110,110,170,170,170,170,170,170,170,170,81,0,12,27.05923703579623,7.858785102143884,209.0376049745828,8028.679012345679
1778008802,150,GET,/product/L9ECAV7KIM,1.500000,0.000000,10,12,36,36,100,200,200,200,200,200,200,83,0,12,23.135145365945007,8.091686991974711,196.1569000268355,8003.204819277108
1778008802,150,GET,/product/LS4PSXUNUM,1.000000,0.000000,11,11,19,19,190,190,190,190,190,190,190,76,0,12,21.9974632935574,7.871176931075752,193.36493499577045,7994.723684210527
1778008802,150,GET,/product/OLJCESPC7Z,1.100000,0.000000,14,14,16,16,35,210,210,210,210,210,210,97,0,13,20.946474000571545,7.331576896831393,213.75054901000112,8027.226804123711
1778008802,150,,Aggregated,81.300000,0.000000,15,20,29,40,280,570,900,960,1100,1100,1100,5748,0,16,54.03484210808873,6.8482799688354135,1150.8859789464623,10699.84046624913
1778008803,150,GET,/,60.800000,0.000000,14,16,17,18,26,38,52,65,110,110,110,4376,0,15,58.57562173665092,8.412204100750387,1150.8859789464623,10542.1718464351
1778008803,150,POST,/cart,6.700000,0.000000,27,31,33,35,50,66,75,79,79,79,79,504,0,27,55.458840711960676,15.484794043004513,1130.8660520007834,17746.742063492064
1778008803,150,POST,/cart/checkout,4.300000,0.000000,16,19,20,21,32,48,280,280,280,280,280,247,0,16,35.04015387107547,8.998438948765397,813.6644270271063,6805.2672064777325
1778008803,150,GET,/product/0PUK6V6EV0,0.500000,0.000000,10,10,11,11,16,16,16,16,16,16,16,80,0,13,28.72857292095432,7.725047995336354,179.68584003392607,7999.7875
1778008803,150,GET,/product/1YMWWN1N4O,1.300000,0.000000,10,12,13,13,15,17,17,17,17,17,17,70,0,12,23.856252490077168,7.613421999849379,204.21961904503405,8014.542857142857
1778008803,150,GET,/product/2ZYFJ3GM2N,0.800000,0.000000,12,12,13,13,75,75,75,75,75,75,75,53,0,12,50.5963917008935,8.057987899519503,920.0299360090867,8026.075471698113
1778008803,150,GET,/product/66VCHSJNUP,0.800000,0.000000,13,13,16,16,24,24,24,24,24,24,24,78,0,13,29.530529285040803,6.8482799688354135,211.90587105229497,7988.48717948718
1778008803,150,GET,/product/6E92ZMYYFZ,0.900000,0.000000,12,54,100,100,110,110,110,110,110,110,110,89,0,12,25.280617592134252,7.602902944199741,123.64494102075696,7978.123595505618
1778008803,150,GET,/product/9SIQT8TOJO,0.600000,0.000000,14,14,14,14,14,14,14,14,14,14,14,81,0,12,27.05923703579623,7.858785102143884,209.0376049745828,8028.679012345679
1778008803,150,GET,/product/L9ECAV7KIM,1.200000,0.000000,10,12,12,12,28,36,36,36,36,36,36,84,0,12,23.19760042120747,8.091686991974711,196.1569000268355,8003.702380952381
1778008803,150,GET,/product/LS4PSXUNUM,0.900000,0.000000,10,11,11,13,13,13,13,13,13,13,13,78,0,12,21.719211724419626,7.871176931075752,193.36493499577045,7995.782051282052
1778008803,150,GET,/product/OLJCESPC7Z,1.200000,0.000000,13,14,14,14,35,35,35,35,35,35,35,98,0,12,20.837133285846104,7.331576896831393,213.75054901000112,8026.9795918367345
1778008803,150,,Aggregated,80.000000,0.000000,14,16,19,21,31,40,57,72,110,110,110,5838,0,16,53.44515539130337,6.8482799688354135,1150.8859789464623,10697.20623501199
1778008804,150,GET,/,61.600000,0.000000,14,16,17,19,28,39,54,65,110,110,110,4443,0,15,57.964710455047,8.412204100750387,1150.8859789464623,10542.223047490434
1778008804,150,POST,/cart,6.700000,0.000000,28,31,33,35,50,66,75,79,79,79,79,509,0,27,55.25067272689377,15.484794043004513,1130.8660520007834,17748.029469548135
1778008804,150,POST,/cart/checkout,4.100000,0.000000,16,18,19,20,24,32,48,48,48,48,48,252,0,16,34.68469512789318,8.998438948765397,813.6644270271063,6805.246031746032
1778008804,150,GET,/product/0PUK6V6EV0,0.600000,0.000000,10,11,53,53,54,54,54,54,54,54,54,82,0,13,29.33351252023585,7.725047995336354,179.68584003392607,8000.0
1778008804,150,GET,/product/1YMWWN1N4O,1.500000,0.000000,10,11,13,13,15,17,17,17,17,17,17,70,0,12,23.856252490077168,7.613421999849379,204.21961904503405,8014.542857142857
1778008804,150,GET,/product/2ZYFJ3GM2N,0.800000,0.000000,12,12,12,13,75,75,75,75,75,75,75,54,0,12,49.88467278114209,8.057987899519503,920.0299360090867,8026.12962962963
1778008804,150,GET,/product/66VCHSJNUP,1.000000,0.000000,13,13,16,16,24,24,24,24,24,24,24,78,0,13,29.530529285040803,6.8482799688354135,211.90587105229497,7988.48717948718
1778008804,150,GET,/product/6E92ZMYYFZ,0.900000,0.000000,12,12,28,28,54,54,54,54,54,54,54,90,0,12,25.133306718069232,7.602902944199741,123.64494102075696,7978.455555555555
1778008804,150,GET,/product/9SIQT8TOJO,0.500000,0.000000,14,14,14,14,14,14,14,14,14,14,14,81,0,12,27.05923703579623,7.858785102143884,209.0376049745828,8028.679012345679
1778008804,150,GET,/product/L9ECAV7KIM,1.200000,0.000000,11,12,12,28,36,36,36,36,36,36,36,85,0,12,23.052732004126643,8.091686991974711,196.1569000268355,8003.329411764706
1778008804,150,GET,/product/LS4PSXUNUM,0.700000,0.000000,11,11,13,13,15,15,15,15,15,15,15,79,0,12,21.633132854535514,7.871176931075752,193.36493499577045,7995.392405063291
1778008804,150,GET,/product/OLJCESPC7Z,1.200000,0.000000,14,14,14,16,35,35,35,35,35,35,35,100,0,13,20.71540255099535,7.331576896831393,213.75054901000112,8027.01
1778008804,150,,Aggregated,80.800000,0.000000,15,17,19,21,32,42,56,72,110,110,110,5923,0,16,52.95738970671209,6.8482799688354135,1150.8859789464623,10694.631267938545
1778008805,150,GET,/,66.800000,0.000000,14,16,17,18,23,38,54,73,110,110,110,4499,0,15,57.483775633925276,8.412204100750387,1150.8859789464623,10542.43743054012
1778008805,150,POST,/cart,7.100000,0.000000,28,31,33,35,50,59,75,79,79,79,79,516,0,27,54.85597640829154,15.484794043004513,1130.8660520007834,17754.62984496124
1778008805,150,POST,/cart/checkout,4.200000,0.000000,17,19,20,21,24,32,48,48,48,48,48,257,0,16,34.369789689945975,8.998438948765397,813.6644270271063,6805.428015564203
1778008805,150,GET,/product/0PUK6V6EV0,0.700000,0.000000,11,14,53,53,54,54,54,54,54,54,54,84,0,13,28.92825709118153,7.725047995336354,179.68584003392607,8001.119047619048
1778008805,150,GET,/product/1YMWWN1N4O,1.600000,0.000000,10,11,13,13,15,17,17,17,17,17,17,73,0,12,23.25537755179589,7.613421999849379,204.21961904503405,8016.328767123287
1778008805,150,GET,/product/2ZYFJ3GM2N,1.000000,0.000000,12,12,12,12,75,75,75,75,75,75,75,54,0,12,49.88467278114209,8.057987899519503,920.0299360090867,8026.12962962963
1778008805,150,GET,/product/66VCHSJNUP,1.100000,0.000000,13,16,16,24,100,100,100,100,100,100,100,80,0,13,30.264055053703487,6.8482799688354135,211.90587105229497,7988.6625
1778008805,150,GET,/product/6E92ZMYYFZ,1.000000,0.000000,12,12,28,28,54,54,54,54,54,54,54,90,0,12,25.133306718069232,7.602902944199741,123.64494102075696,7978.455555555555
1778008805,150,GET,/product/9SIQT8TOJO,0.500000,0.000000,14,14,23,23,25,25,25,25,25,25,25,84,0,12,26.821266678217356,7.858785102143884,209.0376049745828,8029.202380952381
1778008805,150,GET,/product/L9ECAV7KIM,1.300000,0.000000,12,12,28,28,36,36,36,36,36,36,36,85,0,12,23.052732004126643,8.091686991974711,196.1569000268355,8003.329411764706
1778008805,150,GET,/product/LS4PSXUNUM,0.800000,0.000000,10,11,13,13,15,15,15,15,15,15,15,81,0,12,21.31247782021945,7.871176931075752,193.36493499577045,7993.901234567901
1778008805,150,GET,/product/OLJCESPC7Z,1.300000,0.000000,14,14,14,16,35,35,35,35,35,35,35,101,0,13,20.629280456572328,7.331576896831393,213.75054901000112,8026.415841584158
1778008805,150,,Aggregated,87.400000,0.000000,15,17,19,21,31,40,65,75,110,110,110,6004,0,16,52.51250391421411,6.8482799688354135,1150.8859789464623,10693.133077948034
1778008806,150,GET,/,62.700000,0.000000,14,16,17,18,29,40,65,98,110,110,110,4571,0,15,56.90216321257837,8.412204100750387,1150.8859789464623,10542.551957996062
1778008806,150,POST,/cart,6.400000,0.000000,29,31,35,38,59,75,92,160,160,160,160,524,0,27,54.87492997092657,15.484794043004513,1130.8660520007834,17770.051526717558
1778008806,150,POST,/cart/checkout,4.500000,0.000000,17,19,20,21,24,32,48,48,48,48,48,259,0,16,34.21544603972865,8.998438948765397,813.6644270271063,6805.285714285715
1778008806,150,GET,/product/0PUK6V6EV0,0.800000,0.000000,11,14,53,53,54,54,54,54,54,54,54,84,0,13,28.92825709118153,7.725047995336354,179.68584003392607,8001.119047619048
1778008806,150,GET,/product/1YMWWN1N4O,1.400000,0.000000,10,10,11,13,13,17,17,17,17,17,17,74,0,12,23.07578482715463,7.613421999849379,204.21961904503405,8016.675675675676
1778008806,150,GET,/product/2ZYFJ3GM2N,0.900000,0.000000,12,12,14,14,75,75,75,75,75,75,75,55,0,12,49.236339186741546,8.057987899519503,920.0299360090867,8025.4
1778008806,150,GET,/product/66VCHSJNUP,0.800000,0.000000,13,13,16,16,24,100,100,100,100,100,100,83,0,13,29.53801747602242,6.8482799688354135,211.90587105229497,7988.891566265061
1778008806,150,GET,/product/6E92ZMYYFZ,0.800000,0.000000,12,12,28,28,64,64,64,64,64,64,64,92,0,12,25.393052267052393,7.602902944199741,123.64494102075696,7977.891304347826
1778008806,150,GET,/product/9SIQT8TOJO,0.300000,0.000000,14,14,23,23,25,25,25,25,25,25,25,85,0,12,26.611533163882353,7.858785102143884,209.0376049745828,8030.047058823529
1778008806,150,GET,/product/L9ECAV7KIM,1.200000,0.000000,11,12,16,28,36,36,36,36,36,36,36,88,0,12,22.703144015395083,8.091686991974711,196.1569000268355,8002.613636363636
1778008806,150,GET,/product/LS4PSXUNUM,0.600000,0.000000,10,11,13,13,15,15,15,15,15,15,15,81,0,12,21.31247782021945,7.871176931075752,193.36493499577045,7993.901234567901
1778008806,150,GET,/product/OLJCESPC7Z,1.200000,0.000000,13,14,14,14,16,35,35,35,35,35,35,102,0,12,20.526006854340142,7.331576896831393,213.75054901000112,8025.950980392156
1778008806,150,,Aggregated,81.600000,0.000000,15,17,19,21,33,47,72,98,160,160,160,6098,0,16,52.054652157401506,6.8482799688354135,1150.8859789464623,10695.43899639226
1778008807,150,GET,/,63.300000,0.000000,15,16,17,19,33,43,72,98,110,110,110,4626,0,15,56.46575504764041,8.412204100750387,1150.8859789464623,10542.63121487246
1778008807,150,POST,/cart,6.600000,0.000000,30,32,35,38,59,75,92,160,160,160,160,529,0,27,54.654486048464896,15.484794043004513,1130.8660520007834,17771.08695652174
1778008807,150,POST,/cart/checkout,5.000000,0.000000,17,19,21,22,24,26,38,38,38,38,38,264,0,16,33.94002972433527,8.998438948765397,813.6644270271063,6805.212121212121
1778008807,150,GET,/product/0PUK6V6EV0,0.900000,0.000000,11,12,14,14,53,54,54,54,54,54,54,88,0,13,28.125018724081613,7.725047995336354,179.68584003392607,8001.829545454545
1778008807,150,GET,/product/1YMWWN1N4O,1.600000,0.000000,10,10,11,13,13,17,17,17,17,17,17,74,0,12,23.07578482715463,7.613421999849379,204.21961904503405,8016.675675675676
1778008807,150,GET,/product/2ZYFJ3GM2N,0.700000,0.000000,12,12,14,14,75,75,75,75,75,75,75,57,0,12,47.95341742666144,8.057987899519503,920.0299360090867,8027.105263157895
1778008807,150,GET,/product/66VCHSJNUP,0.800000,0.000000,13,13,16,16,24,100,100,100,100,100,100,83,0,13,29.53801747602242,6.8482799688354135,211.90587105229497,7988.891566265061
1778008807,150,GET,/product/6E92ZMYYFZ,0.800000,0.000000,12,14,28,28,64,64,64,64,64,64,64,93,0,12,25.27300239245217,7.602902944199741,123.64494102075696,7978.215053763441
1778008807,150,GET,/product/9SIQT8TOJO,0.500000,0.000000,14,14,23,23,25,25,25,25,25,25,25,85,0,12,26.611533163882353,7.858785102143884,209.0376049745828,8030.047058823529
1778008807,150,GET,/product/L9ECAV7KIM,1.000000,0.000000,12,16,28,28,36,36,36,36,36,36,36,89,0,12,22.567388644766357,8.091686991974711,196.1569000268355,8002.202247191011
1778008807,150,GET,/product/LS4PSXUNUM,0.700000,0.000000,11,11,13,13,15,15,15,15,15,15,15,81,0,12,21.31247782021945,7.871176931075752,193.36493499577045,7993.901234567901
1778008807,150,GET,/product/OLJCESPC7Z,1.100000,0.000000,14,14,14,16,35,35,35,35,35,35,35,102,0,12,20.526006854340142,7.331576896831393,213.75054901000112,8025.950980392156
1778008807,150,,Aggregated,83.000000,0.000000,15,17,19,22,35,50,73,98,160,160,160,6171,0,16,51.67580851067864,6.8482799688354135,1150.8859789464623,10693.337870685464
1778008808,150,GET,/,63.800000,0.000000,15,16,18,19,33,41,69,98,110,110,110,4687,0,15,56.0058974677326,8.412204100750387,1150.8859789464623,10542.8427565607
1778008808,150,POST,/cart,6.800000,0.000000,30,31,33,35,50,64,92,160,160,160,160,540,0,27,54.13847017722825,15.484794043004513,1130.8660520007834,17801.505555555555
1778008808,150,POST,/cart/checkout,4.400000,0.000000,17,19,21,22,24,32,38,38,38,38,38,267,0,16,33.726886121036436,8.998438948765397,813.6644270271063,6805.074906367041
1778008808,150,GET,/product/0PUK6V6EV0,0.800000,0.000000,11,12,14,14,53,54,54,54,54,54,54,89,0,13,27.93067999791061,7.725047995336354,179.68584003392607,8001.179775280899
1778008808,150,GET,/product/1YMWWN1N4O,1.500000,0.000000,10,10,11,13,13,17,17,17,17,17,17,75,0,12,22.898409203626215,7.613421999849379,204.21961904503405,8017.653333333334
1778008808,150,GET,/product/2ZYFJ3GM2N,0.800000,0.000000,12,12,14,14,75,75,75,75,75,75,75,58,0,12,47.33229850635639,8.057987899519503,920.0299360090867,8026.603448275862
1778008808,150,GET,/product/66VCHSJNUP,1.200000,0.000000,13,16,16,21,24,100,100,100,100,100,100,85,0,13,29.234544312417068,6.8482799688354135,211.90587105229497,7989.482352941176
1778008808,150,GET,/product/6E92ZMYYFZ,0.700000,0.000000,12,14,28,28,64,64,64,64,64,64,64,93,0,12,25.27300239245217,7.602902944199741,123.64494102075696,7978.215053763441
1778008808,150,GET,/product/9SIQT8TOJO,0.600000,0.000000,14,14,23,23,25,25,25,25,25,25,25,86,0,12,26.408168626678457,7.858785102143884,209.0376049745828,8029.279069767442
1778008808,150,GET,/product/L9ECAV7KIM,0.900000,0.000000,15,15,16,28,36,36,36,36,36,36,36,91,0,12,22.40745969766567,8.091686991974711,196.1569000268355,8001.813186813187
1778008808,150,GET,/product/LS4PSXUNUM,0.700000,0.000000,11,11,13,13,15,15,15,15,15,15,15,81,0,12,21.31247782021945,7.871176931075752,193.36493499577045,7993.901234567901
1778008808,150,GET,/product/OLJCESPC7Z,1.100000,0.000000,13,14,14,14,16,16,16,16,16,16,16,102,0,12,20.526006854340142,7.331576896831393,213.75054901000112,8025.950980392156
1778008808,150,,Aggregated,83.300000,0.000000,15,17,20,23,33,45,72,98,160,160,160,6254,0,16,51.271737875080476,6.8482799688354135,1150.8859789464623,10701.784457946915
1778008809,150,GET,/,63.700000,0.000000,15,16,18,20,33,47,69,98,110,110,110,4756,0,15,55.461078417902385,8.412204100750387,1150.8859789464623,10542.89991589571
1778008809,150,POST,/cart,6.900000,0.000000,29,31,33,34,50,64,92,160,160,160,160,545,0,27,53.848122313208535,15.484794043004513,1130.8660520007834,17799.55229357798
1778008809,150,POST,/cart/checkout,4.700000,0.000000,16,18,20,21,23,26,32,32,32,32,32,268,0,16,33.66136216904287,8.998438948765397,813.6644270271063,6805.0298507462685
1778008809,150,GET,/product/0PUK6V6EV0,1.100000,0.000000,12,12,14,14,53,54,54,54,54,54,54,90,0,13,27.76540407471152,7.725047995336354,179.68584003392607,8001.077777777778
1778008809,150,GET,/product/1YMWWN1N4O,1.400000,0.000000,10,10,11,11,13,13,13,13,13,13,13,75,0,12,22.898409203626215,7.613421999849379,204.21961904503405,8017.653333333334
1778008809,150,GET,/product/2ZYFJ3GM2N,0.800000,0.000000,12,12,14,14,75,75,75,75,75,75,75,58,0,12,47.33229850635639,8.057987899519503,920.0299360090867,8026.603448275862
1778008809,150,GET,/product/66VCHSJNUP,1.200000,0.000000,13,16,16,21,24,100,100,100,100,100,100,85,0,13,29.234544312417068,6.8482799688354135,211.90587105229497,7989.482352941176
1778008809,150,GET,/product/6E92ZMYYFZ,0.800000,0.000000,12,14,28,28,64,64,64,64,64,64,64,94,0,12,25.133762015723327,7.602902944199741,123.64494102075696,7977.86170212766
1778008809,150,GET,/product/9SIQT8TOJO,0.600000,0.000000,14,23,24,24,25,25,25,25,25,25,25,87,0,12,26.38200241349766,7.858785102143884,209.0376049745828,8029.574712643678
1778008809,150,GET,/product/L9ECAV7KIM,0.800000,0.000000,15,15,16,28,36,36,36,36,36,36,36,91,0,12,22.40745969766567,8.091686991974711,196.1569000268355,8001.813186813187
1778008809,150,GET,/product/LS4PSXUNUM,0.600000,0.000000,11,11,13,13,15,15,15,15,15,15,15,81,0,12,21.31247782021945,7.871176931075752,193.36493499577045,7993.901234567901
1778008809,150,GET,/product/OLJCESPC7Z,1.000000,0.000000,13,14,14,14,16,16,16,16,16,16,16,103,0,12,20.44617746802933,7.331576896831393,213.75054901000112,8025.456310679611
1778008809,150,,Aggregated,83.600000,0.000000,15,17,20,23,33,50,72,98,160,160,160,6333,0,16,50.86325453482562,6.8482799688354135,1150.8859789464623,10703.204010737407
1778008810,150,GET,/,62.700000,0.000000,15,17,19,21,34,50,70,98,110,110,110,4815,0,15,55.02250937027866,8.412204100750387,1150.8859789464623,10543.009553478712
1778008810,150,POST,/cart,7.100000,0.000000,29,31,33,37,55,79,92,160,160,160,160,553,0,27,53.57408475898759,15.484794043004513,1130.8660520007834,17812.931283905968
1778008810,150,POST,/cart/checkout,4.400000,0.000000,16,18,21,21,23,26,32,32,32,32,32,270,0,16,33.53797778599309,8.998438948765397,813.6644270271063,6804.9111111111115
1778008810,150,GET,/product/0PUK6V6EV0,1.100000,0.000000,12,12,14,14,53,54,54,54,54,54,54,90,0,13,27.76540407471152,7.725047995336354,179.68584003392607,8001.077777777778
1778008810,150,GET,/product/1YMWWN1N4O,1.400000,0.000000,10,11,11,13,13,13,13,13,13,13,13,76,0,12,22.74098051681281,7.613421999849379,204.21961904503405,8018.144736842105
1778008810,150,GET,/product/2ZYFJ3GM2N,0.900000,0.000000,12,13,14,14,75,75,75,75,75,75,75,59,0,12,46.75034675115751,8.057987899519503,920.0299360090867,8025.813559322034
1778008810,150,GET,/product/66VCHSJNUP,1.200000,0.000000,13,16,21,24,72,100,100,100,100,100,100,87,0,13,29.50838514357463,6.8482799688354135,211.90587105229497,7989.597701149425
1778008810,150,GET,/product/6E92ZMYYFZ,0.700000,0.000000,12,14,28,28,64,64,64,64,64,64,64,94,0,12,25.133762015723327,7.602902944199741,123.64494102075696,7977.86170212766
1778008810,150,GET,/product/9SIQT8TOJO,0.700000,0.000000,14,23,24,24,25,25,25,25,25,25,25,87,0,12,26.38200241349766,7.858785102143884,209.0376049745828,8029.574712643678
1778008810,150,GET,/product/L9ECAV7KIM,1.000000,0.000000,15,15,16,28,36,36,36,36,36,36,36,92,0,12,22.330673636726875,8.091686991974711,196.1569000268355,8002.173913043478
1778008810,150,GET,/product/LS4PSXUNUM,0.600000,0.000000,10,13,13,15,15,15,15,15,15,15,15,81,0,12,21.31247782021945,7.871176931075752,193.36493499577045,7993.901234567901
1778008810,150,GET,/product/OLJCESPC7Z,1.000000,0.000000,13,14,16,19,20,20,20,20,20,20,20,106,0,12,20.332689766051633,7.331576896831393,213.75054901000112,8025.632075471698
1778008810,150,,Aggregated,82.800000,0.000000,15,18,21,24,35,53,73,98,160,160,160,6410,0,16,50.508831821577466,6.8482799688354135,1150.8859789464623,10707.250702028081
1778008811,150,GET,/,63.300000,0.000000,15,17,20,21,34,44,68,86,100,100,100,4884,0,15,54.54095302458664,8.412204100750387,1150.8859789464623,10543.17280917281
1778008811,150,POST,/cart,6.900000,0.000000,29,30,33,34,47,64,92,160,160,160,160,563,0,27,53.18903923365511,15.484794043004513,1130.8660520007834,17849.458259325045
1778008811,150,POST,/cart/checkout,3.900000,0.000000,16,18,20,21,23,26,32,32,32,32,32,273,0,16,33.3346182313294,8.998438948765397,813.6644270271063,6804.934065934066
1778008811,150,GET,/product/0PUK6V6EV0,1.200000,0.000000,12,12,14,14,53,54,54,54,54,54,54,91,0,13,27.59194444829168,7.725047995336354,179.68584003392607,8000.384615384615
1778008811,150,GET,/product/1YMWWN1N4O,1.100000,0.000000,10,11,11,11,13,13,13,13,13,13,13,76,0,12,22.74098051681281,7.613421999849379,204.21961904503405,8018.144736842105
1778008811,150,GET,/product/2ZYFJ3GM2N,0.900000,0.000000,12,13,14,14,42,42,42,42,42,42,42,60,0,12,46.667704839880265,8.057987899519503,920.0299360090867,8025.35
1778008811,150,GET,/product/66VCHSJNUP,1.300000,0.000000,13,16,24,24,72,100,100,100,100,100,100,88,0,13,29.309164198242467,6.8482799688354135,211.90587105229497,7989.784090909091
1778008811,150,GET,/product/6E92ZMYYFZ,0.600000,0.000000,14,19,28,28,64,64,64,64,64,64,64,95,0,12,25.06582932056565,7.602902944199741,123.64494102075696,7977.263157894737
1778008811,150,GET,/product/9SIQT8TOJO,0.800000,0.000000,23,24,25,33,35,35,35,35,35,35,35,90,0,12,26.385992266134256,7.858785102143884,209.0376049745828,8029.222222222223
1778008811,150,GET,/product/L9ECAV7KIM,1.000000,0.000000,15,15,15,16,28,28,28,28,28,28,28,92,0,12,22.330673636726875,8.091686991974711,196.1569000268355,8002.173913043478
1778008811,150,GET,/product/LS4PSXUNUM,0.600000,0.000000,10,10,13,13,15,15,15,15,15,15,15,82,0,11,21.172540016733564,7.871176931075752,193.36493499577045,7993.548780487805
1778008811,150,GET,/product/OLJCESPC7Z,0.900000,0.000000,14,16,19,20,23,23,23,23,23,23,23,107,0,13,20.35738604804762,7.331576896831393,213.75054901000112,8025.915887850468
1778008811,150,,Aggregated,82.500000,0.000000,15,18,22,25,34,47,69,88,160,160,160,6501,0,16,50.11029815323647,6.8482799688354135,1150.8859789464623,10714.16674357791
1778008812,150,GET,/,63.300000,0.000000,15,17,20,21,34,44,68,86,100,100,100,4945,0,15,54.043289062546336,8.412204100750387,1150.8859789464623,10543.222446916077
1778008812,150,POST,/cart,7.100000,0.000000,29,30,33,36,47,64,92,160,160,160,160,569,0,27,52.87511398879114,15.484794043004513,1130.8660520007834,17854.2144112478
1778008812,150,POST,/cart/checkout,3.500000,0.000000,16,17,20,21,23,26,32,32,32,32,32,278,0,16,33.000013476117054,8.998438948765397,813.6644270271063,6805.118705035971
1778008812,150,GET,/product/0PUK6V6EV0,1.200000,0.000000,12,12,14,14,53,54,54,54,54,54,54,92,0,13,27.41648549841636,7.725047995336354,179.68584003392607,7999.923913043478
1778008812,150,GET,/product/1YMWWN1N4O,1.100000,0.000000,10,11,11,11,13,13,13,13,13,13,13,78,0,12,22.40638183698488,7.613421999849379,204.21961904503405,8017.576923076923
1778008812,150,GET,/product/2ZYFJ3GM2N,1.000000,0.000000,13,14,14,14,42,42,42,42,42,42,42,60,0,12,46.667704839880265,8.057987899519503,920.0299360090867,8025.35
1778008812,150,GET,/product/66VCHSJNUP,1.400000,0.000000,13,13,21,21,72,100,100,100,100,100,100,89,0,13,29.10434780249979,6.8482799688354135,211.90587105229497,7989.179775280899
1778008812,150,GET,/product/6E92ZMYYFZ,0.700000,0.000000,14,19,28,28,64,64,64,64,64,64,64,95,0,12,25.06582932056565,7.602902944199741,123.64494102075696,7977.263157894737
1778008812,150,GET,/product/9SIQT8TOJO,0.600000,0.000000,23,24,25,33,35,35,35,35,35,35,35,91,0,12,26.213326383955202,7.858785102143884,209.0376049745828,8028.549450549451
1778008812,150,GET,/product/L9ECAV7KIM,1.000000,0.000000,12,15,15,15,16,16,16,16,16,16,16,93,0,12,22.22310214538768,8.091686991974711,196.1569000268355,8002.591397849463
1778008812,150,GET,/product/LS4PSXUNUM,0.500000,0.000000,10,10,15,15,15,15,15,15,15,15,15,82,0,11,21.172540016733564,7.871176931075752,193.36493499577045,7993.548780487805
1778008812,150,GET,/product/OLJCESPC7Z,1.100000,0.000000,14,16,19,20,23,23,23,23,23,23,23,108,0,12,20.260745797444272,7.331576896831393,213.75054901000112,8026.101851851852
1778008812,150,,Aggregated,82.500000,0.000000,15,18,21,25,34,47,69,88,160,160,160,6580,0,16,49.68420904675374,6.8482799688354135,1150.8859789464623,10713.6773556231
1778008813,150,GET,/,63.500000,0.000000,15,17,19,21,34,45,68,86,100,100,100,5008,0,15,53.58753082512698,8.412204100750387,1150.8859789464623,10543.377995207667
1778008813,150,POST,/cart,7.200000,0.000000,28,30,33,34,47,64,92,160,160,160,160,575,0,27,52.612183434564784,15.484794043004513,1130.8660520007834,17874.252173913042
1778008813,150,POST,/cart/checkout,3.500000,0.000000,16,17,18,23,24,26,58,58,58,58,58,281,0,16,32.95226590136179,8.998438948765397,813.6644270271063,6805.316725978648
1778008813,150,GET,/product/0PUK6V6EV0,1.300000,0.000000,12,12,13,13,13,14,14,14,14,14,14,93,0,13,27.262340719130652,7.725047995336354,179.68584003392607,8000.129032258064
1778008813,150,GET,/product/1YMWWN1N4O,0.900000,0.000000,10,11,11,11,11,11,11,11,11,11,11,78,0,12,22.40638183698488,7.613421999849379,204.21961904503405,8017.576923076923
1778008813,150,GET,/product/2ZYFJ3GM2N,1.000000,0.000000,13,14,14,14,42,42,42,42,42,42,42,60,0,12,46.667704839880265,8.057987899519503,920.0299360090867,8025.35
1778008813,150,GET,/product/66VCHSJNUP,1.500000,0.000000,12,16,21,21,72,100,100,100,100,100,100,89,0,13,29.10434780249979,6.8482799688354135,211.90587105229497,7989.179775280899
1778008813,150,GET,/product/6E92ZMYYFZ,0.800000,0.000000,14,19,28,28,64,64,64,64,64,64,64,95,0,12,25.06582932056565,7.602902944199741,123.64494102075696,7977.263157894737
1778008813,150,GET,/product/9SIQT8TOJO,0.900000,0.000000,11,13,24,25,33,35,35,35,35,35,35,96,0,12,25.389986261870945,7.351017091423273,209.0376049745828,8025.895833333333
1778008813,150,GET,/product/L9ECAV7KIM,1.000000,0.000000,12,15,15,15,16,16,16,16,16,16,16,94,0,12,22.0859684941775,8.091686991974711,196.1569000268355,8002.882978723404
1778008813,150,GET,/product/LS4PSXUNUM,0.600000,0.000000,8,9,9,10,10,10,10,10,10,10,10,84,0,11,20.86644447990693,7.871176931075752,193.36493499577045,7993.833333333333
1778008813,150,GET,/product/OLJCESPC7Z,1.100000,0.000000,12,18,19,20,23,23,23,23,23,23,23,110,0,12,20.136428528084334,7.331576896831393,213.75054901000112,8026.918181818181
1778008813,150,,Aggregated,83.300000,0.000000,15,18,21,24,35,47,69,88,160,160,160,6663,0,16,49.28920205010057,6.8482799688354135,1150.8859789464623,10714.123818099955
1778008814,150,GET,/,63.000000,0.000000,15,17,20,22,36,50,69,86,100,100,100,5061,0,15,53.23578862706521,8.412204100750387,1150.8859789464623,10543.42402687216
1778008814,150,POST,/cart,6.900000,0.000000,28,30,33,36,50,64,92,160,160,160,160,583,0,27,52.359184354669885,15.484794043004513,1130.8660520007834,17885.826758147512
1778008814,150,POST,/cart/checkout,3.500000,0.000000,16,17,18,23,24,58,86,86,86,86,86,290,0,16,32.6795906940443,8.998438948765397,813.6644270271063,6805.410344827586
1778008814,150,GET,/product/0PUK6V6EV0,1.300000,0.000000,12,12,13,13,13,14,14,14,14,14,14,94,0,13,27.071463891572538,7.725047995336354,179.68584003392607,7999.936170212766
1778008814,150,GET,/product/1YMWWN1N4O,0.900000,0.000000,10,11,11,11,11,11,11,11,11,11,11,78,0,12,22.40638183698488,7.613421999849379,204.21961904503405,8017.576923076923
1778008814,150,GET,/product/2ZYFJ3GM2N,0.900000,0.000000,14,14,14,14,42,42,42,42,42,42,42,60,0,12,46.667704839880265,8.057987899519503,920.0299360090867,8025.35
1778008814,150,GET,/product/66VCHSJNUP,1.200000,0.000000,12,13,21,72,100,100,100,100,100,100,100,89,0,13,29.10434780249979,6.8482799688354135,211.90587105229497,7989.179775280899
1778008814,150,GET,/product/6E92ZMYYFZ,0.800000,0.000000,14,19,19,64,64,64,64,64,64,64,64,95,0,12,25.06582932056565,7.602902944199741,123.64494102075696,7977.263157894737
1778008814,150,GET,/product/9SIQT8TOJO,1.000000,0.000000,11,11,24,24,33,35,35,35,35,35,35,96,0,12,25.389986261870945,7.351017091423273,209.0376049745828,8025.895833333333
1778008814,150,GET,/product/L9ECAV7KIM,1.000000,0.000000,12,15,15,15,16,16,16,16,16,16,16,94,0,12,22.0859684941775,8.091686991974711,196.1569000268355,8002.882978723404
1778008814,150,GET,/product/LS4PSXUNUM,0.600000,0.000000,9,9,10,10,15,15,15,15,15,15,15,85,0,11,20.798732956652255,7.871176931075752,193.36493499577045,7994.517647058824
1778008814,150,GET,/product/OLJCESPC7Z,1.100000,0.000000,12,18,19,20,23,23,23,23,23,23,23,110,0,12,20.136428528084334,7.331576896831393,213.75054901000112,8026.918181818181
1778008814,150,,Aggregated,82.200000,0.000000,15,18,22,26,36,53,70,88,160,160,160,6735,0,16,48.99617662954434,6.8482799688354135,1150.8859789464623,10716.301410541944
1778008815,150,GET,/,63.300000,0.000000,14,16,19,21,32,44,64,69,86,86,86,5131,0,15,52.70630168836347,8.412204100750387,1150.8859789464623,10543.530500877023
1778008815,150,POST,/cart,6.900000,0.000000,28,30,32,33,42,50,57,81,81,81,81,592,0,27,51.94787928524641,15.484794043004513,1130.8660520007834,17890.317567567567
1778008815,150,POST,/cart/checkout,3.500000,0.000000,15,17,18,18,26,34,86,86,86,86,86,298,0,16,32.2835616085322,8.998438948765397,813.6644270271063,6805.107382550335
1778008815,150,GET,/product/0PUK6V6EV0,1.300000,0.000000,12,12,12,13,13,25,25,25,25,25,25,97,0,13,26.705740152896603,7.725047995336354,179.68584003392607,7998.907216494846
1778008815,150,GET,/product/1YMWWN1N4O,0.800000,0.000000,10,11,11,11,11,11,11,11,11,11,11,80,0,12,22.0971278657089,7.613421999849379,204.21961904503405,8017.35
1778008815,150,GET,/product/2ZYFJ3GM2N,0.700000,0.000000,13,13,14,14,42,42,42,42,42,42,42,61,0,12,46.08809003858354,8.057987899519503,920.0299360090867,8026.098360655737
1778008815,150,GET,/product/66VCHSJNUP,1.200000,0.000000,12,13,21,21,72,100,100,100,100,100,100,90,0,12,28.89750729340853,6.8482799688354135,211.90587105229497,7989.433333333333
1778008815,150,GET,/product/6E92ZMYYFZ,0.700000,0.000000,14,14,19,19,19,19,19,19,19,19,19,95,0,12,25.06582932056565,7.602902944199741,123.64494102075696,7977.263157894737
1778008815,150,GET,/product/9SIQT8TOJO,1.400000,0.000000,11,11,24,33,35,36,36,36,36,36,36,99,0,12,25.178953153880858,7.351017091423273,209.0376049745828,8025.707070707071
1778008815,150,GET,/product/L9ECAV7KIM,1.000000,0.000000,15,15,15,15,15,15,15,15,15,15,15,96,0,12,21.918134180547593,8.091686991974711,196.1569000268355,8002.53125
1778008815,150,GET,/product/LS4PSXUNUM,0.600000,0.000000,9,10,10,10,15,15,15,15,15,15,15,86,0,11,20.675881840234492,7.871176931075752,193.36493499577045,7994.953488372093
1778008815,150,GET,/product/OLJCESPC7Z,1.200000,0.000000,12,19,20,20,23,23,23,23,23,23,23,112,0,12,20.05320169597066,7.331576896831393,213.75054901000112,8026.008928571428
1778008815,150,,Aggregated,82.600000,0.000000,15,18,21,24,33,44,64,70,86,86,86,6837,0,15,48.49820849631108,6.8482799688354135,1150.8859789464623,10713.891326605237
1778008816,150,GET,/,61.400000,0.000000,14,17,19,21,30,42,62,69,86,86,86,5190,0,15,52.326205880888104,8.412204100750387,1150.8859789464623,10543.65992292871
1778008816,150,POST,/cart,7.100000,0.000000,28,32,34,36,50,57,81,90,90,90,90,599,0,27,51.94571951694961,15.484794043004513,1130.8660520007834,17890.158597662772
1778008816,150,POST,/cart/checkout,3.800000,0.000000,15,16,18,18,29,58,86,86,86,86,86,300,0,16,32.167602134480454,8.998438948765397,813.6644270271063,6804.92
1778008816,150,GET,/product/0PUK6V6EV0,1.200000,0.000000,11,12,13,13,13,25,25,25,25,25,25,99,0,13,26.369269949035964,7.725047995336354,179.68584003392607,7999.919191919192
1778008816,150,GET,/product/1YMWWN1N4O,0.800000,0.000000,11,11,11,11,20,20,20,20,20,20,20,81,0,12,22.072148645860086,7.613421999849379,204.21961904503405,8016.83950617284
1778008816,150,GET,/product/2ZYFJ3GM2N,0.600000,0.000000,13,22,22,42,42,42,42,42,42,42,42,62,0,12,45.704002360693146,8.057987899519503,920.0299360090867,8027.048387096775
1778008816,150,GET,/product/66VCHSJNUP,1.100000,0.000000,12,13,21,21,72,72,72,72,72,72,72,91,0,12,28.70090487208422,6.8482799688354135,211.90587105229497,7989.945054945055
1778008816,150,GET,/product/6E92ZMYYFZ,0.500000,0.000000,19,19,21,21,21,21,21,21,21,21,21,96,0,12,25.022729098661028,7.602902944199741,123.64494102075696,7976.71875
1778008816,150,GET,/product/9SIQT8TOJO,1.500000,0.000000,11,13,24,33,35,36,36,36,36,36,36,99,0,12,25.178953153880858,7.351017091423273,209.0376049745828,8025.707070707071
1778008816,150,GET,/product/L9ECAV7KIM,0.900000,0.000000,15,15,15,18,20,20,20,20,20,20,20,98,0,12,21.866863738384325,8.091686991974711,196.1569000268355,8003.34693877551
1778008816,150,GET,/product/LS4PSXUNUM,0.600000,0.000000,10,10,11,11,15,15,15,15,15,15,15,87,0,11,20.561475118076235,7.871176931075752,193.36493499577045,7994.494252873563
1778008816,150,GET,/product/OLJCESPC7Z,1.000000,0.000000,19,20,21,21,23,23,23,23,23,23,23,114,0,13,20.06111688617813,7.331576896831393,213.75054901000112,8024.921052631579
1778008816,150,,Aggregated,80.500000,0.000000,15,18,21,24,34,44,64,70,90,90,90,6916,0,15,48.19205813622937,6.8482799688354135,1150.8859789464623,10714.342683632158
1778008817,150,GET,/,61.900000,0.000000,14,16,19,20,28,40,57,68,86,86,86,5258,0,15,51.8510094138405,8.412204100750387,1150.8859789464623,10543.692848992012
1778008817,150,POST,/cart,7.500000,0.000000,26,32,36,38,51,69,81,90,90,90,90,606,0,27,51.73731709157329,15.484794043004513,1130.8660520007834,17892.554455445545
1778008817,150,POST,/cart/checkout,4.000000,0.000000,16,17,18,18,29,58,86,86,86,86,86,301,0,16,32.12379331992896,8.998438948765397,813.6644270271063,6804.940199335548
1778008817,150,GET,/product/0PUK6V6EV0,1.200000,0.000000,11,12,13,13,13,25,25,25,25,25,25,100,0,13,26.20360569912009,7.725047995336354,179.68584003392607,8000.66
1778008817,150,GET,/product/1YMWWN1N4O,0.600000,0.000000,11,11,11,11,20,20,20,20,20,20,20,81,0,12,22.072148645860086,7.613421999849379,204.21961904503405,8016.83950617284
1778008817,150,GET,/product/2ZYFJ3GM2N,0.700000,0.000000,13,22,34,34,42,42,42,42,42,42,42,65,0,12,44.44639117528613,8.057987899519503,920.0299360090867,8025.784615384616
1778008817,150,GET,/product/66VCHSJNUP,1.100000,0.000000,12,21,43,43,72,72,72,72,72,72,72,92,0,12,28.854259983231515,6.8482799688354135,211.90587105229497,7989.597826086957
1778008817,150,GET,/product/6E92ZMYYFZ,0.500000,0.000000,19,19,21,21,21,21,21,21,21,21,21,97,0,12,24.859466066718408,7.602902944199741,123.64494102075696,7976.020618556701
1778008817,150,GET,/product/9SIQT8TOJO,1.400000,0.000000,11,13,24,33,35,36,36,36,36,36,36,99,0,12,25.178953153880858,7.351017091423273,209.0376049745828,8025.707070707071
1778008817,150,GET,/product/L9ECAV7KIM,1.000000,0.000000,15,15,15,15,18,20,20,20,20,20,20,100,0,12,21.64126153336838,8.091686991974711,196.1569000268355,8002.64
1778008817,150,GET,/product/LS4PSXUNUM,0.500000,0.000000,11,11,15,15,19,19,19,19,19,19,19,89,0,11,20.44465800281614,7.871176931075752,193.36493499577045,7993.112359550561
1778008817,150,GET,/product/OLJCESPC7Z,1.100000,0.000000,18,20,20,21,23,23,23,23,23,23,23,115,0,13,19.96640633062824,7.331576896831393,213.75054901000112,8025.48695652174
1778008817,150,,Aggregated,81.500000,0.000000,15,18,21,24,32,44,62,70,90,90,90,7003,0,15,47.806713896067194,6.8482799688354135,1150.8859789464623,10715.24518063687
1778008818,150,GET,/,61.100000,0.000000,14,16,18,20,27,38,53,64,86,86,86,5314,0,15,51.4787931448181,8.412204100750387,1150.8859789464623,10543.842867896123
1778008818,150,POST,/cart,7.300000,0.000000,26,32,36,40,51,69,81,90,90,90,90,613,0,27,51.4539624851115,15.484794043004513,1130.8660520007834,17906.433931484502
1778008818,150,POST,/cart/checkout,4.300000,0.000000,15,17,18,18,29,58,86,86,86,86,86,305,0,16,31.921005633766534,8.998438948765397,813.6644270271063,6804.924590163934
1778008818,150,GET,/product/0PUK6V6EV0,1.500000,0.000000,11,12,13,13,13,25,25,25,25,25,25,100,0,13,26.20360569912009,7.725047995336354,179.68584003392607,8000.66
1778008818,150,GET,/product/1YMWWN1N4O,0.700000,0.000000,11,11,11,11,20,20,20,20,20,20,20,82,0,12,21.92919283378415,7.613421999849379,204.21961904503405,8017.451219512195
1778008818,150,GET,/product/2ZYFJ3GM2N,0.700000,0.000000,13,22,34,34,42,42,42,42,42,42,42,65,0,12,44.44639117528613,8.057987899519503,920.0299360090867,8025.784615384616
1778008818,150,GET,/product/66VCHSJNUP,0.800000,0.000000,11,12,43,43,72,72,72,72,72,72,72,92,0,12,28.854259983231515,6.8482799688354135,211.90587105229497,7989.597826086957
1778008818,150,GET,/product/6E92ZMYYFZ,0.400000,0.000000,12,12,19,19,21,21,21,21,21,21,21,99,0,12,24.57611448945233,7.602902944199741,123.64494102075696,7974.727272727273
1778008818,150,GET,/product/9SIQT8TOJO,1.400000,0.000000,11,13,24,33,35,36,36,36,36,36,36,100,0,12,25.02023952198215,7.351017091423273,209.0376049745828,8026.16
1778008818,150,GET,/product/L9ECAV7KIM,0.900000,0.000000,13,15,15,18,20,20,20,20,20,20,20,101,0,12,21.55279269612551,8.091686991974711,196.1569000268355,8002.782178217822
1778008818,150,GET,/product/LS4PSXUNUM,0.600000,0.000000,11,11,15,15,19,19,19,19,19,19,19,90,0,11,20.388479868415743,7.871176931075752,193.36493499577045,7992.6
1778008818,150,GET,/product/OLJCESPC7Z,1.200000,0.000000,14,19,20,21,23,23,23,23,23,23,23,118,0,12,19.76525203336693,7.331576896831393,213.75054901000112,8025.762711864407
1778008818,150,,Aggregated,80.900000,0.000000,15,18,21,23,32,42,58,70,90,90,90,7079,0,15,47.475181310556025,6.8482799688354135,1150.8859789464623,10716.642463624807
1778008819,150,GET,/,62.100000,0.000000,15,18,22,27,220,400,640,770,880,880,880,5379,0,15,55.78105397828735,8.412204100750387,1150.8859789464623,10543.898494143892
1778008819,150,POST,/cart,7.500000,0.000000,27,36,47,50,90,500,560,670,670,670,670,620,0,27,55.59051967781758,15.484794043004513,1130.8660520007834,17924.483870967742
1778008819,150,POST,/cart/checkout,3.700000,0.000000,16,18,24,34,72,140,310,310,310,310,310,310,0,16,33.4107969587128,8.998438948765397,813.6644270271063,6805.158064516129
1778008819,150,GET,/product/0PUK6V6EV0,1.200000,0.000000,11,12,13,13,25,100,100,100,100,100,100,101,0,13,26.969374870964426,7.725047995336354,179.68584003392607,8000.297029702971
1778008819,150,GET,/product/1YMWWN1N4O,0.700000,0.000000,11,11,20,20,110,110,110,110,110,110,110,83,0,12,23.048695944058878,7.613421999849379,204.21961904503405,8017.987951807229
1778008819,150,GET,/product/2ZYFJ3GM2N,0.800000,0.000000,22,34,42,42,83,83,83,83,83,83,83,66,0,12,45.03525276386151,8.057987899519503,920.0299360090867,8026.560606060606
1778008819,150,GET,/product/66VCHSJNUP,0.900000,0.000000,12,12,17,17,43,43,43,43,43,43,43,93,0,13,28.73163568156381,6.8482799688354135,211.90587105229497,7988.8279569892475
1778008819,150,GET,/product/6E92ZMYYFZ,0.300000,0.000000,19,19,21,21,110,110,110,110,110,110,110,100,0,12,25.39074477390386,7.602902944199741,123.64494102075696,7974.43
1778008819,150,GET,/product/9SIQT8TOJO,1.400000,0.000000,11,11,13,33,35,36,36,36,36,36,36,100,0,12,25.02023952198215,7.351017091423273,209.0376049745828,8026.16
1778008819,150,GET,/product/L9ECAV7KIM,1.100000,0.000000,15,15,20,20,110,120,120,120,120,120,120,103,0,12,23.34186492501351,8.091686991974711,196.1569000268355,8003.718446601942
1778008819,150,GET,/product/LS4PSXUNUM,0.700000,0.000000,11,11,15,15,19,19,19,19,19,19,19,90,0,11,20.388479868415743,7.871176931075752,193.36493499577045,7992.6
1778008819,150,GET,/product/OLJCESPC7Z,1.300000,0.000000,16,20,21,23,23,80,80,80,80,80,80,120,0,13,20.237038149692427,7.331576896831393,213.75054901000112,8025.975
1778008819,150,,Aggregated,81.700000,0.000000,15,20,25,31,100,370,560,740,880,880,880,7165,0,16,51.20164610129318,6.8482799688354135,1150.8859789464623,10717.59092812282
1778008820,150,GET,/,62.700000,0.000000,15,17,22,27,220,400,640,770,880,880,880,5435,0,15,55.43135703222615,8.412204100750387,1150.8859789464623,10543.99319227231
1778008820,150,POST,/cart,7.200000,0.000000,28,38,50,69,140,500,560,670,670,670,670,628,0,28,55.88778094288442,15.484794043004513,1130.8660520007834,17928.429936305733
1778008820,150,POST,/cart/checkout,3.700000,0.000000,16,18,24,34,72,140,310,310,310,310,310,312,0,16,33.28905156806099,8.998438948765397,813.6644270271063,6805.182692307692
1778008820,150,GET,/product/0PUK6V6EV0,1.100000,0.000000,11,12,13,13,25,100,100,100,100,100,100,103,0,13,26.650088553280725,7.725047995336354,179.68584003392607,7999.941747572816
1778008820,150,GET,/product/1YMWWN1N4O,0.700000,0.000000,11,11,20,20,110,110,110,110,110,110,110,84,0,12,22.893956158354523,7.613421999849379,204.21961904503405,8017.797619047619
1778008820,150,GET,/product/2ZYFJ3GM2N,0.700000,0.000000,22,34,42,42,83,83,83,83,83,83,83,67,0,12,44.47982682839537,7.821715087629855,920.0299360090867,8025.477611940299
1778008820,150,GET,/product/66VCHSJNUP,0.800000,0.000000,12,17,17,17,43,43,43,43,43,43,43,95,0,13,28.42634681391677,6.8482799688354135,211.90587105229497,7987.715789473684
1778008820,150,GET,/product/6E92ZMYYFZ,0.600000,0.000000,19,19,21,21,110,110,110,110,110,110,110,100,0,12,25.39074477390386,7.602902944199741,123.64494102075696,7974.43
1778008820,150,GET,/product/9SIQT8TOJO,1.400000,0.000000,11,11,11,11,13,36,36,36,36,36,36,104,0,11,24.386250760961467,7.016511983238161,209.0376049745828,8024.817307692308
1778008820,150,GET,/product/L9ECAV7KIM,1.000000,0.000000,13,15,20,20,110,120,120,120,120,120,120,104,0,12,23.244791444785033,8.091686991974711,196.1569000268355,8003.961538461538
1778008820,150,GET,/product/LS4PSXUNUM,0.900000,0.000000,11,15,15,19,91,91,91,91,91,91,91,91,0,11,21.16456359578808,7.871176931075752,193.36493499577045,7993.054945054945
1778008820,150,GET,/product/OLJCESPC7Z,1.500000,0.000000,16,18,20,21,23,80,80,80,80,80,80,121,0,13,20.211327793115117,7.331576896831393,213.75054901000112,8026.272727272727
1778008820,150,,Aggregated,82.300000,0.000000,15,19,25,31,110,370,560,740,880,880,880,7244,0,16,50.93402644831606,6.8482799688354135,1150.8859789464623,10718.64798453893
1778008821,150,GET,/,59.800000,0.000000,15,18,24,32,220,400,640,770,880,880,880,5495,0,15,55.072840863247286,8.412204100750387,1150.8859789464623,10544.118289353959
1778008821,150,POST,/cart,7.100000,0.000000,28,36,50,69,140,500,560,670,670,670,670,635,0,27,55.54513034033113,15.484794043004513,1130.8660520007834,17918.798425196852
1778008821,150,POST,/cart/checkout,3.800000,0.000000,16,18,29,37,72,140,310,310,310,310,310,316,0,16,33.13688716528454,8.998438948765397,813.6644270271063,6805.224683544304
1778008821,150,GET,/product/0PUK6V6EV0,1.000000,0.000000,10,12,12,13,25,100,100,100,100,100,100,105,0,12,26.315794342995755,7.725047995336354,179.68584003392607,7999.942857142857
1778008821,150,GET,/product/1YMWWN1N4O,0.700000,0.000000,11,11,20,20,110,110,110,110,110,110,110,84,0,12,22.893956158354523,7.613421999849379,204.21961904503405,8017.797619047619
1778008821,150,GET,/product/2ZYFJ3GM2N,0.700000,0.000000,22,34,42,42,83,83,83,83,83,83,83,67,0,12,44.47982682839537,7.821715087629855,920.0299360090867,8025.477611940299
1778008821,150,GET,/product/66VCHSJNUP,0.700000,0.000000,11,17,17,17,43,43,43,43,43,43,43,95,0,13,28.42634681391677,6.8482799688354135,211.90587105229497,7987.715789473684
1778008821,150,GET,/product/6E92ZMYYFZ,0.600000,0.000000,19,19,21,21,110,110,110,110,110,110,110,100,0,12,25.39074477390386,7.602902944199741,123.64494102075696,7974.43
1778008821,150,GET,/product/9SIQT8TOJO,1.300000,0.000000,10,11,11,11,13,36,36,36,36,36,36,105,0,11,24.24468059270155,7.016511983238161,209.0376049745828,8025.085714285714
1778008821,150,GET,/product/L9ECAV7KIM,1.000000,0.000000,13,15,20,20,110,120,120,120,120,120,120,105,0,12,23.127408964293345,8.091686991974711,196.1569000268355,8003.1809523809525
1778008821,150,GET,/product/LS4PSXUNUM,0.900000,0.000000,11,15,15,19,91,91,91,91,91,91,91,92,0,11,21.0362872306217,7.871176931075752,193.36493499577045,7993.478260869565
1778008821,150,GET,/product/OLJCESPC7Z,1.500000,0.000000,16,18,20,21,23,80,80,80,80,80,80,121,0,13,20.211327793115117,7.331576896831393,213.75054901000112,8026.272727272727
1778008821,150,,Aggregated,79.100000,0.000000,15,20,26,34,110,370,560,740,880,880,880,7320,0,16,50.63232646053059,6.8482799688354135,1150.8859789464623,10719.376639344262
1778008822,150,GET,/,61.200000,0.000000,15,19,26,35,220,400,640,770,880,880,880,5562,0,15,54.69100023760902,8.412204100750387,1150.8859789464623,10544.248291981301
1778008822,150,POST,/cart,7.400000,0.000000,29,47,57,71,130,500,560,670,670,670,670,644,0,28,55.44648729973351,15.484794043004513,1130.8660520007834,17928.07453416149
1778008822,150,POST,/cart/checkout,4.200000,0.000000,17,19,28,34,72,140,310,310,310,310,310,319,0,16,33.00239049886473,8.998438948765397,813.6644270271063,6805.1630094043885
1778008822,150,GET,/product/0PUK6V6EV0,1.300000,0.000000,10,10,12,12,25,100,100,100,100,100,100,105,0,12,26.315794342995755,7.725047995336354,179.68584003392607,7999.942857142857
1778008822,150,GET,/product/1YMWWN1N4O,0.800000,0.000000,11,11,20,20,110,110,110,110,110,110,110,85,0,12,22.751155368271558,7.613421999849379,204.21961904503405,8017.588235294118
1778008822,150,GET,/product/2ZYFJ3GM2N,0.800000,0.000000,11,22,34,34,83,83,83,83,83,83,83,67,0,12,44.47982682839537,7.821715087629855,920.0299360090867,8025.477611940299
1778008822,150,GET,/product/66VCHSJNUP,0.800000,0.000000,14,15,17,17,43,43,43,43,43,43,43,97,0,13,28.13279118806546,6.8482799688354135,211.90587105229497,7987.979381443299
1778008822,150,GET,/product/6E92ZMYYFZ,0.600000,0.000000,12,12,21,21,110,110,110,110,110,110,110,101,0,12,25.25635632008572,7.602902944199741,123.64494102075696,7974.6435643564355
1778008822,150,GET,/product/9SIQT8TOJO,1.700000,0.000000,10,11,13,13,19,36,36,36,36,36,36,107,0,12,24.093791899036304,7.016511983238161,209.0376049745828,8024.22429906542
1778008822,150,GET,/product/L9ECAV7KIM,1.200000,0.000000,13,15,20,20,110,120,120,120,120,120,120,105,0,12,23.127408964293345,8.091686991974711,196.1569000268355,8003.1809523809525
1778008822,150,GET,/product/LS4PSXUNUM,1.000000,0.000000,15,15,19,19,91,91,91,91,91,91,91,92,0,11,21.0362872306217,7.871176931075752,193.36493499577045,7993.478260869565
1778008822,150,GET,/product/OLJCESPC7Z,1.500000,0.000000,14,17,20,21,23,80,80,80,80,80,80,123,0,13,20.083000845601404,7.331576896831393,213.75054901000112,8026.243902439024
1778008822,150,,Aggregated,82.500000,0.000000,16,22,28,37,110,370,560,740,880,880,880,7407,0,16,50.33016506801844,6.8482799688354135,1150.8859789464623,10722.918725529904
1778008823,150,GET,/,61.200000,0.000000,15,20,28,37,230,410,660,770,880,880,880,5571,0,15,54.6465056148732,8.412204100750387,1150.8859789464623,10544.239095315024
1778008823,150,POST,/cart,7.400000,0.000000,29,47,58,72,140,500,560,670,670,670,670,645,0,28,55.39790940319383,15.484794043004513,1130.8660520007834,17925.75968992248
1778008823,150,POST,/cart/checkout,4.200000,0.000000,17,24,29,37,72,140,310,310,310,310,310,319,0,16,33.00239049886473,8.998438948765397,813.6644270271063,6805.1630094043885
1778008823,150,GET,/product/0PUK6V6EV0,1.300000,0.000000,10,12,12,12,25,100,100,100,100,100,100,105,0,12,26.315794342995755,7.725047995336354,179.68584003392607,7999.942857142857
1778008823,150,GET,/product/1YMWWN1N4O,0.800000,0.000000,11,11,20,20,110,110,110,110,110,110,110,85,0,12,22.751155368271558,7.613421999849379,204.21961904503405,8017.588235294118
1778008823,150,GET,/product/2ZYFJ3GM2N,0.800000,0.000000,11,22,34,34,83,83,83,83,83,83,83,67,0,12,44.47982682839537,7.821715087629855,920.0299360090867,8025.477611940299
1778008823,150,GET,/product/66VCHSJNUP,0.800000,0.000000,14,15,17,17,43,43,43,43,43,43,43,98,0,13,27.991138073159572,6.8482799688354135,211.90587105229497,7987.326530612245
1778008823,150,GET,/product/6E92ZMYYFZ,0.600000,0.000000,12,12,21,21,110,110,110,110,110,110,110,101,0,12,25.25635632008572,7.602902944199741,123.64494102075696,7974.6435643564355
1778008823,150,GET,/product/9SIQT8TOJO,1.700000,0.000000,10,11,13,13,19,36,36,36,36,36,36,108,0,11,23.96672099173345,7.016511983238161,209.0376049745828,8024.675925925926
1778008823,150,GET,/product/L9ECAV7KIM,1.200000,0.000000,13,18,20,20,110,120,120,120,120,120,120,105,0,12,23.127408964293345,8.091686991974711,196.1569000268355,8003.1809523809525
1778008823,150,GET,/product/LS4PSXUNUM,1.000000,0.000000,11,15,19,19,91,91,91,91,91,91,91,92,0,11,21.0362872306217,7.871176931075752,193.36493499577045,7993.478260869565
1778008823,150,GET,/product/OLJCESPC7Z,1.500000,0.000000,14,17,20,21,23,80,80,80,80,80,80,123,0,13,20.083000845601404,7.331576896831393,213.75054901000112,8026.243902439024
1778008823,150,,Aggregated,82.500000,0.000000,16,22,30,39,140,400,630,760,880,880,880,7419,0,16,50.28826078737823,6.8482799688354135,1150.8859789464623,10722.730556678798
1778008824,150,GET,/,61.200000,0.000000,18,40,210,320,650,900,1100,1100,1300,1300,1300,5678,0,15,64.44751399059676,8.412204100750387,1319.0447599627078,10544.40700951039
1778008824,150,POST,/cart,7.600000,0.000000,47,72,130,140,350,520,670,960,960,960,960,659,0,28,58.48438427493836,15.484794043004513,1130.8660520007834,17944.154779969653
1778008824,150,POST,/cart/checkout,4.200000,0.000000,18,28,64,72,140,310,690,690,690,690,690,321,0,16,35.27072879791875,8.998438948765397,813.6644270271063,6805.065420560748
1778008824,150,GET,/product/0PUK6V6EV0,1.300000,0.000000,10,12,90,90,100,190,190,190,190,190,190,107,0,13,28.4247530012818,7.725047995336354,188.33144602831453,7999.560747663551
1778008824,150,GET,/product/1YMWWN1N4O,0.600000,0.000000,20,62,110,120,200,200,200,200,200,200,200,88,0,12,26.293379173942164,7.613421999849379,204.21961904503405,8017.340909090909
1778008824,150,GET,/product/2ZYFJ3GM2N,0.700000,0.000000,83,190,200,210,210,210,210,210,210,210,210,71,0,12,53.302908668779885,7.821715087629855,920.0299360090867,8023.43661971831
1778008824,150,GET,/product/66VCHSJNUP,0.900000,0.000000,15,17,17,43,190,190,190,190,190,190,190,99,0,13,29.64983796206952,6.8482799688354135,211.90587105229497,7986.747474747474
1778008824,150,GET,/product/6E92ZMYYFZ,0.600000,0.000000,21,110,190,200,210,210,210,210,210,210,210,104,0,12,30.358015705132857,7.602902944199741,214.98094801791012,7973.346153846154
1778008824,150,GET,/product/9SIQT8TOJO,1.600000,0.000000,10,11,13,19,36,36,36,36,36,36,36,108,0,11,23.96672099173345,7.016511983238161,209.0376049745828,8024.675925925926
1778008824,150,GET,/product/L9ECAV7KIM,1.200000,0.000000,20,96,110,110,120,190,190,190,190,190,190,109,0,12,26.77618282731759,8.091686991974711,196.1569000268355,8004.605504587156
1778008824,150,GET,/product/LS4PSXUNUM,1.000000,0.000000,19,91,110,110,120,120,120,120,120,120,120,94,0,11,23.033847076263516,7.871176931075752,193.36493499577045,7992.382978723404
1778008824,150,GET,/product/OLJCESPC7Z,1.500000,0.000000,16,17,21,21,80,210,210,210,210,210,210,124,0,13,21.629166185683122,7.331576896831393,213.75054901000112,8026.024193548387
1778008824,150,,Aggregated,82.400000,0.000000,20,44,120,220,550,810,1000,1100,1300,1300,1300,7562,0,16,58.368506439157514,6.8482799688354135,1319.0447599627078,10726.990743189632
1778008825,150,GET,/,57.100000,0.000000,18,44,230,350,670,900,1100,1100,1300,1300,1300,5725,0,15,64.03181169023452,8.412204100750387,1319.0447599627078,10544.454847161573
1778008825,150,POST,/cart,7.200000,0.000000,40,72,97,140,350,520,670,960,960,960,960,665,0,28,58.218817804814,15.484794043004513,1130.8660520007834,17963.834586466164
1778008825,150,POST,/cart/checkout,3.800000,0.000000,19,37,64,72,140,310,690,690,690,690,690,322,0,16,35.20569107524172,8.998438948765397,813.6644270271063,6805.105590062112
1778008825,150,GET,/product/0PUK6V6EV0,1.200000,0.000000,12,14,90,100,190,190,190,190,190,190,190,108,0,13,28.29189026077209,7.725047995336354,188.33144602831453,8000.157407407408
1778008825,150,GET,/product/1YMWWN1N4O,0.700000,0.000000,20,62,110,120,200,200,200,200,200,200,200,89,0,12,26.098434295337857,7.613421999849379,204.21961904503405,8016.876404494382
1778008825,150,GET,/product/2ZYFJ3GM2N,0.700000,0.000000,83,190,200,210,210,210,210,210,210,210,210,71,0,12,53.302908668779885,7.821715087629855,920.0299360090867,8023.43661971831
1778008825,150,GET,/product/66VCHSJNUP,0.900000,0.000000,17,17,43,43,190,190,190,190,190,190,190,99,0,13,29.64983796206952,6.8482799688354135,211.90587105229497,7986.747474747474
1778008825,150,GET,/product/6E92ZMYYFZ,0.600000,0.000000,21,110,190,200,210,210,210,210,210,210,210,105,0,12,30.149657926743938,7.602902944199741,214.98094801791012,7973.809523809524
1778008825,150,GET,/product/9SIQT8TOJO,1.300000,0.000000,10,11,13,19,36,36,36,36,36,36,36,108,0,11,23.96672099173345,7.016511983238161,209.0376049745828,8024.675925925926
1778008825,150,GET,/product/L9ECAV7KIM,1.100000,0.000000,20,96,110,110,120,190,190,190,190,190,190,111,0,12,26.54891747977115,8.091686991974711,196.1569000268355,8004.243243243243
1778008825,150,GET,/product/LS4PSXUNUM,0.800000,0.000000,19,91,110,110,120,120,120,120,120,120,120,95,0,12,22.928546159528196,7.871176931075752,193.36493499577045,7992.736842105263
1778008825,150,GET,/product/OLJCESPC7Z,1.300000,0.000000,14,16,17,80,210,210,210,210,210,210,210,124,0,13,21.629166185683122,7.331576896831393,213.75054901000112,8026.024193548387
1778008825,150,,Aggregated,76.700000,0.000000,20,46,140,240,580,820,1000,1100,1300,1300,1300,7622,0,16,58.02850588415748,6.8482799688354135,1319.0447599627078,10730.647074258724
1778008826,150,GET,/,61.600000,0.000000,18,45,230,350,670,900,1100,1100,1300,1300,1300,5785,0,15,63.516490328264105,8.412204100750387,1319.0447599627078,10544.615557476232
1778008826,150,POST,/cart,7.600000,0.000000,31,58,97,140,280,520,670,960,960,960,960,676,0,28,57.686482735436975,15.484794043004513,1130.8660520007834,17974.041420118345
1778008826,150,POST,/cart/checkout,3.100000,0.000000,18,28,64,72,140,310,690,690,690,690,690,325,0,16,35.03454455174506,8.998438948765397,813.6644270271063,6805.246153846154
1778008826,150,GET,/product/0PUK6V6EV0,1.300000,0.000000,12,14,90,100,190,190,190,190,190,190,190,109,0,13,28.12095641461842,7.725047995336354,188.33144602831453,8000.321100917431
1778008826,150,GET,/product/1YMWWN1N4O,0.900000,0.000000,62,110,120,120,200,200,200,200,200,200,200,89,0,12,26.098434295337857,7.613421999849379,204.21961904503405,8016.876404494382
1778008826,150,GET,/product/2ZYFJ3GM2N,1.100000,0.000000,34,83,200,200,210,210,210,210,210,210,210,74,0,12,51.5499756171217,7.821715087629855,920.0299360090867,8022.824324324324
1778008826,150,GET,/product/66VCHSJNUP,1.000000,0.000000,17,17,43,43,190,190,190,190,190,190,190,99,0,13,29.64983796206952,6.8482799688354135,211.90587105229497,7986.747474747474
1778008826,150,GET,/product/6E92ZMYYFZ,0.900000,0.000000,11,110,190,190,200,210,210,210,210,210,210,107,0,12,29.793250919580807,7.602902944199741,214.98094801791012,7974.7663551401865
1778008826,150,GET,/product/9SIQT8TOJO,1.200000,0.000000,10,11,12,12,13,19,19,19,19,19,19,110,0,11,23.710973127956755,7.016511983238161,209.0376049745828,8025.218181818182
1778008826,150,GET,/product/L9ECAV7KIM,1.500000,0.000000,94,110,110,110,120,190,190,190,190,190,190,111,0,12,26.54891747977115,8.091686991974711,196.1569000268355,8004.243243243243
1778008826,150,GET,/product/LS4PSXUNUM,0.900000,0.000000,25,91,110,110,120,120,120,120,120,120,120,96,0,12,22.947366574953776,7.871176931075752,193.36493499577045,7992.427083333333
1778008826,150,GET,/product/OLJCESPC7Z,1.400000,0.000000,13,14,17,17,80,210,210,210,210,210,210,127,0,13,21.33233763009867,7.331576896831393,213.75054901000112,8026.716535433071
1778008826,150,,Aggregated,82.500000,0.000000,20,45,140,240,580,820,1000,1100,1300,1300,1300,7708,0,16,57.55297505394575,6.8482799688354135,1319.0447599627078,10734.80578619616
1778008827,150,GET,/,60.100000,0.000000,18,49,230,350,670,900,1100,1100,1300,1300,1300,5849,0,15,63.09404632566326,8.412204100750387,1319.0447599627078,10544.695332535475
1778008827,150,POST,/cart,7.200000,0.000000,31,56,82,140,280,520,670,960,960,960,960,689,0,28,57.20322220522034,15.484794043004513,1130.8660520007834,17976.365747460088
1778008827,150,POST,/cart/checkout,2.500000,0.000000,17,28,38,64,140,310,690,690,690,690,690,330,0,16,34.723177931454934,8.998438948765397,813.6644270271063,6805.372727272727
1778008827,150,GET,/product/0PUK6V6EV0,1.200000,0.000000,12,14,90,90,100,190,190,190,190,190,190,111,0,13,27.82444543360422,7.725047995336354,188.33144602831453,8000.072072072072
1778008827,150,GET,/product/1YMWWN1N4O,0.900000,0.000000,11,62,110,120,200,200,200,200,200,200,200,90,0,12,25.913827580451553,7.613421999849379,204.21961904503405,8017.388888888889
1778008827,150,GET,/product/2ZYFJ3GM2N,1.000000,0.000000,19,190,200,200,210,210,210,210,210,210,210,76,0,12,50.65755400880191,7.821715087629855,920.0299360090867,8022.25
1778008827,150,GET,/product/66VCHSJNUP,0.900000,0.000000,15,17,17,17,190,190,190,190,190,190,190,100,0,13,29.4443177129142,6.8482799688354135,211.90587105229497,7986.42
1778008827,150,GET,/product/6E92ZMYYFZ,1.000000,0.000000,11,12,190,190,200,210,210,210,210,210,210,108,0,12,29.606931327617968,7.602902944199741,214.98094801791012,7975.12962962963
1778008827,150,GET,/product/9SIQT8TOJO,1.000000,0.000000,10,11,12,12,13,19,19,19,19,19,19,110,0,11,23.710973127956755,7.016511983238161,209.0376049745828,8025.218181818182
1778008827,150,GET,/product/L9ECAV7KIM,1.600000,0.000000,94,110,110,110,120,190,190,190,190,190,190,111,0,12,26.54891747977115,8.091686991974711,196.1569000268355,8004.243243243243
1778008827,150,GET,/product/LS4PSXUNUM,0.900000,0.000000,25,91,110,110,120,120,120,120,120,120,120,96,0,12,22.947366574953776,7.871176931075752,193.36493499577045,7992.427083333333
1778008827,150,GET,/product/OLJCESPC7Z,1.200000,0.000000,13,16,17,80,210,210,210,210,210,210,210,127,0,13,21.33233763009867,7.331576896831393,213.75054901000112,8026.716535433071
1778008827,150,,Aggregated,79.500000,0.000000,20,49,130,230,580,820,1000,1100,1300,1300,1300,7797,0,16,57.1743938841661,6.8482799688354135,1319.0447599627078,10740.61087597794
1778008828,150,GET,/,59.300000,0.000000,17,36,66,180,580,900,1100,1100,1300,1300,1300,5909,0,15,62.727586122077284,8.412204100750387,1319.0447599627078,10544.774242680656
1778008828,150,POST,/cart,7.800000,0.000000,30,50,72,91,190,470,560,960,960,960,960,695,0,28,56.999549492791616,15.484794043004513,1130.8660520007834,17983.65179856115
1778008828,150,POST,/cart/checkout,2.500000,0.000000,16,18,28,38,110,140,690,690,690,690,690,335,0,16,34.42316092029492,8.998438948765397,813.6644270271063,6805.394029850746
1778008828,150,GET,/product/0PUK6V6EV0,0.900000,0.000000,12,14,14,90,100,190,190,190,190,190,190,113,0,13,27.54810180585106,7.725047995336354,188.33144602831453,8000.58407079646
1778008828,150,GET,/product/1YMWWN1N4O,0.800000,0.000000,16,62,110,120,200,200,200,200,200,200,200,92,0,12,25.622876002908807,7.613421999849379,204.21961904503405,8017.282608695652
1778008828,150,GET,/product/2ZYFJ3GM2N,1.000000,0.000000,19,83,190,200,210,210,210,210,210,210,210,78,0,12,49.79508562395588,7.821715087629855,920.0299360090867,8021.820512820513
1778008828,150,GET,/product/66VCHSJNUP,0.800000,0.000000,14,15,17,17,190,190,190,190,190,190,190,101,0,13,29.27307889446395,6.8482799688354135,211.90587105229497,7985.762376237623
1778008828,150,GET,/product/6E92ZMYYFZ,1.100000,0.000000,12,110,190,200,210,210,210,210,210,210,210,108,0,12,29.606931327617968,7.602902944199741,214.98094801791012,7975.12962962963
1778008828,150,GET,/product/9SIQT8TOJO,1.100000,0.000000,10,11,12,13,19,19,19,19,19,19,19,110,0,11,23.710973127956755,7.016511983238161,209.0376049745828,8025.218181818182
1778008828,150,GET,/product/L9ECAV7KIM,1.400000,0.000000,94,110,110,110,120,190,190,190,190,190,190,112,0,12,26.40281463599032,8.091686991974711,196.1569000268355,8004.5
1778008828,150,GET,/product/LS4PSXUNUM,0.900000,0.000000,91,91,110,110,120,120,120,120,120,120,120,96,0,12,22.947366574953776,7.871176931075752,193.36493499577045,7992.427083333333
1778008828,150,GET,/product/OLJCESPC7Z,1.000000,0.000000,13,16,17,80,210,210,210,210,210,210,210,127,0,13,21.33233763009867,7.331576896831393,213.75054901000112,8026.716535433071
1778008828,150,,Aggregated,78.600000,0.000000,18,36,68,110,390,760,1000,1100,1300,1300,1300,7876,0,16,56.85495364161869,6.8482799688354135,1319.0447599627078,10740.057643473845
1778008829,150,GET,/,59.300000,0.000000,16,24,46,70,600,910,1100,1100,1300,1300,1300,5947,0,15,62.44986931531393,8.412204100750387,1319.0447599627078,10544.841768959139
1778008829,150,POST,/cart,7.800000,0.000000,29,36,56,63,140,190,350,960,960,960,960,702,0,28,56.83973703620971,15.484794043004513,1130.8660520007834,17990.706552706553
1778008829,150,POST,/cart/checkout,2.500000,0.000000,16,17,18,18,37,110,690,690,690,690,690,338,0,16,34.250389086427,8.998438948765397,813.6644270271063,6805.57100591716
1778008829,150,GET,/product/0PUK6V6EV0,0.900000,0.000000,12,14,14,90,100,190,190,190,190,190,190,113,0,13,27.54810180585106,7.725047995336354,188.33144602831453,8000.58407079646
1778008829,150,GET,/product/1YMWWN1N4O,0.800000,0.000000,11,16,62,120,200,200,200,200,200,200,200,93,0,12,25.451991734625672,7.613421999849379,204.21961904503405,8017.720430107527
1778008829,150,GET,/product/2ZYFJ3GM2N,1.000000,0.000000,19,83,190,200,210,210,210,210,210,210,210,79,0,12,49.29395661618608,7.821715087629855,920.0299360090867,8022.189873417721
1778008829,150,GET,/product/66VCHSJNUP,0.800000,0.000000,14,14,17,17,17,190,190,190,190,190,190,104,0,12,28.742042955575297,6.8482799688354135,211.90587105229497,7985.221153846154
1778008829,150,GET,/product/6E92ZMYYFZ,1.100000,0.000000,12,110,190,200,210,210,210,210,210,210,210,108,0,12,29.606931327617968,7.602902944199741,214.98094801791012,7975.12962962963
1778008829,150,GET,/product/9SIQT8TOJO,1.100000,0.000000,12,13,16,16,19,19,19,19,19,19,19,111,0,12,23.64201022538583,7.016511983238161,209.0376049745828,8025.324324324324
1778008829,150,GET,/product/L9ECAV7KIM,1.400000,0.000000,17,94,96,110,190,190,190,190,190,190,190,114,0,12,26.186419361916354,8.091686991974711,196.1569000268355,8004.912280701755
1778008829,150,GET,/product/LS4PSXUNUM,0.900000,0.000000,13,25,110,110,120,120,120,120,120,120,120,98,0,11,22.692805991213465,7.871176931075752,193.36493499577045,7992.397959183673
1778008829,150,GET,/product/OLJCESPC7Z,1.000000,0.000000,13,16,17,80,210,210,210,210,210,210,210,127,0,13,21.33233763009867,7.331576896831393,213.75054901000112,8026.716535433071
1778008829,150,,Aggregated,78.600000,0.000000,17,27,45,68,370,790,1000,1100,1300,1300,1300,7934,0,16,56.58823177414468,6.8482799688354135,1319.0447599627078,10741.264935719688
1778008830,150,GET,/,59.400000,0.000000,19,51,350,540,900,1100,1200,1200,1300,1300,1300,6006,0,15,70.04781421676341,8.412204100750387,1319.0447599627078,10544.92574092574
1778008830,150,POST,/cart,8.400000,0.000000,34,62,140,190,560,730,960,1000,1000,1000,1000,714,0,28,65.33917547800351,15.484794043004513,1130.8660520007834,17992.733893557423
1778008830,150,POST,/cart/checkout,2.900000,0.000000,17,28,110,130,620,690,850,850,850,850,850,345,0,16,42.71727495091171,8.998438948765397,853.4857949707657,6806.0
1778008830,150,GET,/product/0PUK6V6EV0,1.100000,0.000000,13,14,14,90,190,190,190,190,190,190,190,113,0,13,27.54810180585106,7.725047995336354,188.33144602831453,8000.58407079646
1778008830,150,GET,/product/1YMWWN1N4O,1.000000,0.000000,11,62,120,120,200,900,900,900,900,900,900,94,0,12,34.77667816270618,7.613421999849379,901.9725159741938,8018.031914893617
1778008830,150,GET,/product/2ZYFJ3GM2N,1.300000,0.000000,19,83,190,200,210,210,210,210,210,210,210,79,0,12,49.29395661618608,7.821715087629855,920.0299360090867,8022.189873417721
1778008830,150,GET,/product/66VCHSJNUP,0.900000,0.000000,12,14,14,15,190,190,190,190,190,190,190,104,0,12,28.742042955575297,6.8482799688354135,211.90587105229497,7985.221153846154
1778008830,150,GET,/product/6E92ZMYYFZ,0.900000,0.000000,12,190,200,200,210,210,210,210,210,210,210,108,0,12,29.606931327617968,7.602902944199741,214.98094801791012,7975.12962962963
1778008830,150,GET,/product/9SIQT8TOJO,1.000000,0.000000,13,13,16,16,19,19,19,19,19,19,19,111,0,12,23.64201022538583,7.016511983238161,209.0376049745828,8025.324324324324
1778008830,150,GET,/product/L9ECAV7KIM,1.100000,0.000000,17,94,96,110,190,190,190,190,190,190,190,114,0,12,26.186419361916354,8.091686991974711,196.1569000268355,8004.912280701755
1778008830,150,GET,/product/LS4PSXUNUM,0.600000,0.000000,25,110,120,120,180,180,180,180,180,180,180,99,0,12,24.29591598120904,7.871176931075752,193.36493499577045,7991.939393939394
1778008830,150,GET,/product/OLJCESPC7Z,1.000000,0.000000,11,11,13,13,210,210,210,210,210,210,210,127,0,13,21.33233763009867,7.331576896831393,213.75054901000112,8026.716535433071
1778008830,150,,Aggregated,79.600000,0.000000,20,50,190,370,800,1000,1100,1200,1300,1300,1300,8014,0,16,63.54925227270719,6.8482799688354135,1319.0447599627078,10746.813451459944
1778008831,150,GET,/,59.900000,0.000000,20,130,400,560,900,1100,1200,1200,1300,1300,1300,6066,0,15,70.96728764256301,8.412204100750387,1319.0447599627078,10545.073524563139
1778008831,150,POST,/cart,8.600000,0.000000,34,70,170,260,560,730,960,1000,1000,1000,1000,720,0,28,66.14957235174694,15.484794043004513,1130.8660520007834,18009.583333333332
1778008831,150,POST,/cart/checkout,3.200000,0.000000,17,28,110,130,620,690,850,850,850,850,850,345,0,16,42.71727495091171,8.998438948765397,853.4857949707657,6806.0
1778008831,150,GET,/product/0PUK6V6EV0,1.300000,0.000000,14,16,96,160,190,190,190,190,190,190,190,118,0,13,30.407631450127493,7.725047995336354,190.71527908090502,8001.372881355932
1778008831,150,GET,/product/1YMWWN1N4O,1.100000,0.000000,12,62,99,120,200,900,900,900,900,900,900,97,0,12,34.959707013091325,7.613421999849379,901.9725159741938,8019.422680412371
1778008831,150,GET,/product/2ZYFJ3GM2N,1.400000,0.000000,19,19,200,200,210,210,210,210,210,210,210,79,0,12,49.29395661618608,7.821715087629855,920.0299360090867,8022.189873417721
1778008831,150,GET,/product/66VCHSJNUP,1.200000,0.000000,12,12,14,14,190,190,190,190,190,190,190,104,0,12,28.742042955575297,6.8482799688354135,211.90587105229497,7985.221153846154
1778008831,150,GET,/product/6E92ZMYYFZ,0.900000,0.000000,16,110,190,200,210,210,210,210,210,210,210,110,0,12,30.254941776564177,7.602902944199741,214.98094801791012,7974.2
1778008831,150,GET,/product/9SIQT8TOJO,1.100000,0.000000,12,16,170,170,170,170,170,170,170,170,170,114,0,12,26.16344516680233,7.016511983238161,209.0376049745828,8026.096491228071
1778008831,150,GET,/product/L9ECAV7KIM,1.300000,0.000000,92,96,110,110,180,190,190,190,190,190,190,116,0,12,28.066504640295975,8.091686991974711,196.1569000268355,8005.603448275862
1778008831,150,GET,/product/LS4PSXUNUM,0.800000,0.000000,57,110,120,170,180,180,180,180,180,180,180,101,0,12,26.02971980398945,7.871176931075752,193.36493499577045,7991.891089108911
1778008831,150,GET,/product/OLJCESPC7Z,0.900000,0.000000,11,13,120,120,210,210,210,210,210,210,210,129,0,13,22.003615131536716,7.331576896831393,213.75054901000112,8026.899224806201
1778008831,150,,Aggregated,81.700000,0.000000,23,100,280,430,810,1000,1100,1200,1300,1300,1300,8099,0,16,64.4214304059064,6.8482799688354135,1319.0447599627078,10745.905173478208
1778008832,150,GET,/,52.600000,0.000000,18,81,370,480,890,1100,1200,1200,1300,1300,1300,6126,0,15,70.40115836358602,8.412204100750387,1319.0447599627078,10545.174991838066
1778008832,150,POST,/cart,7.700000,0.000000,31,62,170,240,540,730,960,1000,1000,1000,1000,728,0,28,65.67178487826962,15.484794043004513,1130.8660520007834,18006.08653846154
1778008832,150,POST,/cart/checkout,3.100000,0.000000,17,20,130,300,630,690,850,850,850,850,850,346,0,16,42.63726615641708,8.998438948765397,853.4857949707657,6806.037572254335
1778008832,150,GET,/product/0PUK6V6EV0,1.000000,0.000000,14,90,96,160,190,190,190,190,190,190,190,118,0,13,30.407631450127493,7.725047995336354,190.71527908090502,8001.372881355932
1778008832,150,GET,/product/1YMWWN1N4O,1.100000,0.000000,16,62,99,120,200,900,900,900,900,900,900,99,0,12,34.54164656895128,7.613421999849379,901.9725159741938,8018.929292929293
1778008832,150,GET,/product/2ZYFJ3GM2N,1.200000,0.000000,16,19,190,200,210,210,210,210,210,210,210,80,0,12,48.845104420615826,7.821715087629855,920.0299360090867,8022.675
1778008832,150,GET,/product/66VCHSJNUP,0.900000,0.000000,12,12,12,12,190,190,190,190,190,190,190,104,0,12,28.742042955575297,6.8482799688354135,211.90587105229497,7985.221153846154
1778008832,150,GET,/product/6E92ZMYYFZ,0.800000,0.000000,16,110,190,200,210,210,210,210,210,210,210,110,0,12,30.254941776564177,7.602902944199741,214.98094801791012,7974.2
1778008832,150,GET,/product/9SIQT8TOJO,0.700000,0.000000,12,16,170,170,170,170,170,170,170,170,170,114,0,12,26.16344516680233,7.016511983238161,209.0376049745828,8026.096491228071
1778008832,150,GET,/product/L9ECAV7KIM,1.000000,0.000000,92,94,110,110,180,190,190,190,190,190,190,117,0,12,27.918374249472834,8.091686991974711,196.1569000268355,8005.803418803419
1778008832,150,GET,/product/LS4PSXUNUM,0.700000,0.000000,57,110,120,170,180,180,180,180,180,180,180,101,0,12,26.02971980398945,7.871176931075752,193.36493499577045,7991.891089108911
1778008832,150,GET,/product/OLJCESPC7Z,0.600000,0.000000,10,11,120,120,210,210,210,210,210,210,210,130,0,12,21.910563668307777,7.331576896831393,213.75054901000112,8027.076923076923
1778008832,150,,Aggregated,71.400000,0.000000,20,70,230,390,760,1000,1100,1200,1300,1300,1300,8173,0,16,63.96648171638415,6.8482799688354135,1319.0447599627078,10749.16089563196
1778008833,150,GET,/,57.700000,0.000000,16,19,35,57,470,860,1100,1200,1300,1300,1300,6200,0,15,69.78828674587872,8.412204100750387,1319.0447599627078,10545.328387096773
1778008833,150,POST,/cart,8.600000,0.000000,30,36,61,82,540,730,870,1000,1000,1000,1000,735,0,28,65.35966772012742,15.484794043004513,1130.8660520007834,18017.29387755102
1778008833,150,POST,/cart/checkout,3.100000,0.000000,17,19,55,130,620,630,850,850,850,850,850,349,0,16,42.427577888579734,8.998438948765397,853.4857949707657,6805.985673352436
1778008833,150,GET,/product/0PUK6V6EV0,1.500000,0.000000,13,14,16,96,160,190,190,190,190,190,190,120,0,13,30.121065058240976,7.725047995336354,190.71527908090502,8002.133333333333
1778008833,150,GET,/product/1YMWWN1N4O,1.200000,0.000000,12,16,19,62,99,900,900,900,900,900,900,101,0,12,34.09293734025911,7.613421999849379,901.9725159741938,8019.891089108911
1778008833,150,GET,/product/2ZYFJ3GM2N,1.200000,0.000000,16,19,190,200,210,210,210,210,210,210,210,81,0,12,48.35931221770559,7.821715087629855,920.0299360090867,8022.962962962963
1778008833,150,GET,/product/66VCHSJNUP,0.900000,0.000000,11,12,12,12,190,190,190,190,190,190,190,105,0,12,28.560394680659687,6.8482799688354135,211.90587105229497,7985.171428571429
1778008833,150,GET,/product/6E92ZMYYFZ,1.000000,0.000000,11,11,16,16,110,110,110,110,110,110,110,111,0,12,30.073338012034828,7.602902944199741,214.98094801791012,7974.0990990990995
1778008833,150,GET,/product/9SIQT8TOJO,0.900000,0.000000,16,16,170,170,170,170,170,170,170,170,170,114,0,12,26.16344516680233,7.016511983238161,209.0376049745828,8026.096491228071
1778008833,150,GET,/product/L9ECAV7KIM,1.100000,0.000000,12,17,17,17,92,180,180,180,180,180,180,120,0,12,27.52841936113934,8.091686991974711,196.1569000268355,8005.125
1778008833,150,GET,/product/LS4PSXUNUM,0.900000,0.000000,25,57,170,170,180,180,180,180,180,180,180,101,0,12,26.02971980398945,7.871176931075752,193.36493499577045,7991.891089108911
1778008833,150,GET,/product/OLJCESPC7Z,0.700000,0.000000,11,12,12,120,210,210,210,210,210,210,210,132,0,12,21.760193725419935,7.331576896831393,213.75054901000112,8027.742424242424
1778008833,150,,Aggregated,78.800000,0.000000,16,23,37,62,440,800,1100,1200,1300,1300,1300,8269,0,16,63.445803525814604,6.8482799688354135,1319.0447599627078,10749.203289394123
1778008834,150,GET,/,55.500000,0.000000,16,20,37,57,460,850,1100,1200,1300,1300,1300,6255,0,15,69.3604126719082,8.412204100750387,1319.0447599627078,10545.419664268586
1778008834,150,POST,/cart,8.400000,0.000000,29,36,60,66,540,730,870,1000,1000,1000,1000,742,0,28,65.02501177915305,15.484794043004513,1130.8660520007834,18029.34501347709
1778008834,150,POST,/cart/checkout,2.600000,0.000000,17,20,55,63,570,630,850,850,850,850,850,353,0,16,42.28149776257279,8.998438948765397,853.4857949707657,6806.218130311615
1778008834,150,GET,/product/0PUK6V6EV0,1.300000,0.000000,13,14,16,96,160,190,190,190,190,190,190,121,0,13,29.98229790929212,7.725047995336354,190.71527908090502,8001.752066115702
1778008834,150,GET,/product/1YMWWN1N4O,1.500000,0.000000,12,15,16,19,99,900,900,900,900,900,900,102,0,12,33.88700610159111,7.613421999849379,901.9725159741938,8020.617647058823
1778008834,150,GET,/product/2ZYFJ3GM2N,1.300000,0.000000,13,15,16,19,19,19,19,19,19,19,19,81,0,12,48.35931221770559,7.821715087629855,920.0299360090867,8022.962962962963
1778008834,150,GET,/product/66VCHSJNUP,0.700000,0.000000,11,11,12,12,12,12,12,12,12,12,12,105,0,12,28.560394680659687,6.8482799688354135,211.90587105229497,7985.171428571429
1778008834,150,GET,/product/6E92ZMYYFZ,0.900000,0.000000,11,11,16,16,110,110,110,110,110,110,110,111,0,12,30.073338012034828,7.602902944199741,214.98094801791012,7974.0990990990995
1778008834,150,GET,/product/9SIQT8TOJO,0.700000,0.000000,16,16,170,170,170,170,170,170,170,170,170,115,0,12,26.074568183242302,7.016511983238161,209.0376049745828,8026.504347826087
1778008834,150,GET,/product/L9ECAV7KIM,1.200000,0.000000,12,14,17,17,92,180,180,180,180,180,180,122,0,12,27.260410085083826,8.091686991974711,196.1569000268355,8005.0
1778008834,150,GET,/product/LS4PSXUNUM,0.900000,0.000000,25,57,170,170,180,180,180,180,180,180,180,102,0,12,25.998713658647794,7.871176931075752,193.36493499577045,7992.382352941177
1778008834,150,GET,/product/OLJCESPC7Z,0.600000,0.000000,11,12,12,12,120,120,120,120,120,120,120,133,0,12,21.687307118445187,7.331576896831393,213.75054901000112,8027.932330827068
1778008834,150,,Aggregated,75.600000,0.000000,16,24,37,60,440,800,1100,1200,1300,1300,1300,8342,0,16,63.081078116077656,6.8482799688354135,1319.0447599627078,10750.935986573963
1778008835,150,GET,/,60.100000,0.000000,16,20,37,57,460,850,1100,1200,1300,1300,1300,6314,0,15,68.84194933530931,8.412204100750387,1319.0447599627078,10545.564618308521
1778008835,150,POST,/cart,8.700000,0.000000,29,35,50,63,360,610,870,1000,1000,1000,1000,756,0,28,64.29790616683445,15.484794043004513,1130.8660520007834,18035.2208994709
1778008835,150,POST,/cart/checkout,2.800000,0.000000,16,20,55,63,570,630,850,850,850,850,850,356,0,16,42.03814724224797,8.998438948765397,853.4857949707657,6806.2275280898875
1778008835,150,GET,/product/0PUK6V6EV0,1.400000,0.000000,13,14,16,96,160,190,190,190,190,190,190,121,0,13,29.98229790929212,7.725047995336354,190.71527908090502,8001.752066115702
1778008835,150,GET,/product/1YMWWN1N4O,1.500000,0.000000,12,13,15,16,99,900,900,900,900,900,900,105,0,12,33.23519521481579,7.613421999849379,901.9725159741938,8021.571428571428
1778008835,150,GET,/product/2ZYFJ3GM2N,1.400000,0.000000,13,15,16,19,19,19,19,19,19,19,19,82,0,12,47.904071995772696,7.821715087629855,920.0299360090867,8023.158536585366
1778008835,150,GET,/product/66VCHSJNUP,0.700000,0.000000,10,11,12,12,12,12,12,12,12,12,12,106,0,12,28.365367701725226,6.8482799688354135,211.90587105229497,7985.396226415094
1778008835,150,GET,/product/6E92ZMYYFZ,1.000000,0.000000,13,16,16,110,110,110,110,110,110,110,110,112,0,12,29.924765261447256,7.602902944199741,214.98094801791012,7974.5625
1778008835,150,GET,/product/9SIQT8TOJO,0.600000,0.000000,16,16,16,170,170,170,170,170,170,170,170,118,0,12,25.750968823312007,7.016511983238161,209.0376049745828,8026.779661016949
1778008835,150,GET,/product/L9ECAV7KIM,1.400000,0.000000,12,14,17,17,92,180,180,180,180,180,180,122,0,12,27.260410085083826,8.091686991974711,196.1569000268355,8005.0
1778008835,150,GET,/product/LS4PSXUNUM,0.900000,0.000000,25,57,170,170,180,180,180,180,180,180,180,103,0,12,25.83954812850333,7.871176931075752,193.36493499577045,7992.961165048544
1778008835,150,GET,/product/OLJCESPC7Z,0.900000,0.000000,12,12,12,23,120,120,120,120,120,120,120,134,0,12,21.694789662324727,7.331576896831393,213.75054901000112,8028.380597014925
1778008835,150,,Aggregated,81.400000,0.000000,16,23,36,57,440,780,1100,1200,1300,1300,1300,8429,0,16,62.59103278454465,6.8482799688354135,1319.0447599627078,10757.28627357931
1778008836,150,GET,/,57.000000,0.000000,16,19,31,51,460,850,1100,1200,1300,1300,1300,6377,0,15,68.32198261000963,8.412204100750387,1319.0447599627078,10545.677277716795
1778008836,150,POST,/cart,8.300000,0.000000,29,35,60,230,540,730,870,1000,1000,1000,1000,760,0,28,64.1102697645118,15.484794043004513,1130.8660520007834,18032.647368421054
1778008836,150,POST,/cart/checkout,3.200000,0.000000,16,20,55,63,570,630,850,850,850,850,850,361,0,16,41.637026908977724,8.998438948765397,853.4857949707657,6805.914127423823
1778008836,150,GET,/product/0PUK6V6EV0,1.300000,0.000000,13,13,16,96,160,190,190,190,190,190,190,123,0,13,29.666133633837468,7.725047995336354,190.71527908090502,8001.747967479675
1778008836,150,GET,/product/1YMWWN1N4O,1.500000,0.000000,12,13,16,16,99,900,900,900,900,900,900,105,0,12,33.23519521481579,7.613421999849379,901.9725159741938,8021.571428571428
1778008836,150,GET,/product/2ZYFJ3GM2N,1.000000,0.000000,15,16,19,19,19,19,19,19,19,19,19,82,0,12,47.904071995772696,7.821715087629855,920.0299360090867,8023.158536585366
1778008836,150,GET,/product/66VCHSJNUP,0.600000,0.000000,10,11,11,12,12,12,12,12,12,12,12,109,0,12,27.855488655388083,6.8482799688354135,211.90587105229497,7986.54128440367
1778008836,150,GET,/product/6E92ZMYYFZ,0.700000,0.000000,10,13,16,16,110,110,110,110,110,110,110,114,0,12,29.5580592662047,7.602902944199741,214.98094801791012,7973.710526315789
1778008836,150,GET,/product/9SIQT8TOJO,0.700000,0.000000,16,16,44,170,170,170,170,170,170,170,170,120,0,12,25.777065243649606,7.016511983238161,209.0376049745828,8026.708333333333
1778008836,150,GET,/product/L9ECAV7KIM,1.300000,0.000000,12,13,17,17,92,180,180,180,180,180,180,123,0,12,27.145882580065873,8.091686991974711,196.1569000268355,8005.130081300813
1778008836,150,GET,/product/LS4PSXUNUM,0.800000,0.000000,23,57,170,170,180,180,180,180,180,180,180,103,0,12,25.83954812850333,7.871176931075752,193.36493499577045,7992.961165048544
1778008836,150,GET,/product/OLJCESPC7Z,0.900000,0.000000,12,12,12,23,120,120,120,120,120,120,120,134,0,12,21.694789662324727,7.331576896831393,213.75054901000112,8028.380597014925
1778008836,150,,Aggregated,77.300000,0.000000,16,22,33,54,440,800,1100,1200,1300,1300,1300,8511,0,16,62.145159482520306,6.8482799688354135,1319.0447599627078,10753.420279638116
1778008837,150,GET,/,58.600000,0.000000,16,19,28,44,470,860,1100,1200,1300,1300,1300,6435,0,15,67.86015317328463,8.412204100750387,1319.0447599627078,10545.824397824397
1778008837,150,POST,/cart,8.700000,0.000000,29,36,47,230,540,730,870,1000,1000,1000,1000,770,0,28,63.628097407840336,15.484794043004513,1130.8660520007834,18040.127272727274
1778008837,150,POST,/cart/checkout,3.300000,0.000000,16,20,25,63,570,630,850,850,850,850,850,366,0,16,41.28003665347853,8.998438948765397,853.4857949707657,6805.969945355191
1778008837,150,GET,/product/0PUK6V6EV0,1.300000,0.000000,13,13,96,96,160,190,190,190,190,190,190,123,0,13,29.666133633837468,7.725047995336354,190.71527908090502,8001.747967479675
1778008837,150,GET,/product/1YMWWN1N4O,1.600000,0.000000,12,13,15,19,99,900,900,900,900,900,900,106,0,12,33.03005940166636,7.613421999849379,901.9725159741938,8020.952830188679
1778008837,150,GET,/product/2ZYFJ3GM2N,1.100000,0.000000,10,11,11,13,13,13,13,13,13,13,13,83,0,12,47.43018923663949,7.821715087629855,920.0299360090867,8023.542168674699
1778008837,150,GET,/product/66VCHSJNUP,0.600000,0.000000,9,10,11,11,11,12,12,12,12,12,12,112,0,12,27.35547816493116,6.8482799688354135,211.90587105229497,7986.866071428572
1778008837,150,GET,/product/6E92ZMYYFZ,0.600000,0.000000,10,13,16,16,110,110,110,110,110,110,110,114,0,12,29.5580592662047,7.602902944199741,214.98094801791012,7973.710526315789
1778008837,150,GET,/product/9SIQT8TOJO,1.000000,0.000000,16,16,44,44,170,170,170,170,170,170,170,122,0,12,25.597135599351443,7.016511983238161,209.0376049745828,8025.663934426229
1778008837,150,GET,/product/L9ECAV7KIM,1.100000,0.000000,13,14,36,36,92,180,180,180,180,180,180,124,0,12,27.217559236657596,8.091686991974711,196.1569000268355,8004.943548387097
1778008837,150,GET,/product/LS4PSXUNUM,0.800000,0.000000,23,57,170,170,180,180,180,180,180,180,180,103,0,12,25.83954812850333,7.871176931075752,193.36493499577045,7992.961165048544
1778008837,150,GET,/product/OLJCESPC7Z,0.900000,0.000000,12,12,12,23,36,120,120,120,120,120,120,137,0,12,21.64209108582161,7.331576896831393,213.75054901000112,8029.43795620438
1778008837,150,,Aggregated,79.600000,0.000000,16,21,31,45,440,800,1100,1200,1300,1300,1300,8595,0,16,61.71340787257195,6.8482799688354135,1319.0447599627078,10755.46678301338
1778008838,150,GET,/,59.500000,0.000000,15,18,26,39,460,850,1100,1200,1300,1300,1300,6497,0,15,67.37019433370094,8.412204100750387,1319.0447599627078,10545.953824842234
1778008838,150,POST,/cart,8.400000,0.000000,29,36,45,76,540,730,870,1000,1000,1000,1000,780,0,28,63.27093402446152,15.484794043004513,1130.8660520007834,18023.479487179487
1778008838,150,POST,/cart/checkout,3.400000,0.000000,16,21,35,63,570,630,850,850,850,850,850,371,0,16,40.980389377483824,8.998438948765397,853.4857949707657,6805.811320754717
1778008838,150,GET,/product/0PUK6V6EV0,1.400000,0.000000,13,13,16,96,160,190,190,190,190,190,190,124,0,13,29.515201410826958,7.725047995336354,190.71527908090502,8002.080645161291
1778008838,150,GET,/product/1YMWWN1N4O,1.600000,0.000000,12,15,19,19,99,900,900,900,900,900,900,110,0,12,32.489876288243316,7.613421999849379,901.9725159741938,8021.672727272728
1778008838,150,GET,/product/2ZYFJ3GM2N,1.000000,0.000000,10,10,11,11,13,13,13,13,13,13,13,84,0,12,46.989896435878194,7.821715087629855,920.0299360090867,8023.8452380952385
1778008838,150,GET,/product/66VCHSJNUP,0.800000,0.000000,10,11,12,14,15,15,15,15,15,15,15,115,0,12,27.01946121296319,6.8482799688354135,211.90587105229497,7988.121739130434
1778008838,150,GET,/product/6E92ZMYYFZ,0.700000,0.000000,10,13,16,16,110,110,110,110,110,110,110,116,0,12,29.202256321601954,7.602902944199741,214.98094801791012,7973.6551724137935
1778008838,150,GET,/product/9SIQT8TOJO,1.000000,0.000000,16,16,19,44,170,170,170,170,170,170,170,123,0,12,25.510334335002533,7.016511983238161,209.0376049745828,8026.195121951219
1778008838,150,GET,/product/L9ECAV7KIM,1.200000,0.000000,13,15,17,36,92,180,180,180,180,180,180,126,0,12,27.004252939987634,8.091686991974711,196.1569000268355,8004.587301587301
1778008838,150,GET,/product/LS4PSXUNUM,0.700000,0.000000,23,57,170,170,180,180,180,180,180,180,180,104,0,12,25.702559184327793,7.871176931075752,193.36493499577045,7993.432692307692
1778008838,150,GET,/product/OLJCESPC7Z,1.000000,0.000000,12,12,23,36,120,120,120,120,120,120,120,137,0,12,21.64209108582161,7.331576896831393,213.75054901000112,8029.43795620438
1778008838,150,,Aggregated,80.700000,0.000000,16,21,30,42,440,780,1100,1200,1300,1300,1300,8687,0,16,61.253961972120706,6.8482799688354135,1319.0447599627078,10753.966271440082
1778008839,150,GET,/,58.300000,0.000000,15,19,31,44,440,810,1100,1200,1300,1300,1300,6550,0,15,67.11263887593095,8.412204100750387,1319.0447599627078,10546.009160305344
1778008839,150,POST,/cart,7.900000,0.000000,28,36,45,60,320,590,870,1000,1000,1000,1000,786,0,28,63.15647589330711,15.484794043004513,1130.8660520007834,18033.221374045803
1778008839,150,POST,/cart/checkout,3.500000,0.000000,16,18,23,32,63,130,300,300,300,300,300,373,0,16,40.97583542900015,8.998438948765397,853.4857949707657,6805.70509383378
1778008839,150,GET,/product/0PUK6V6EV0,1.200000,0.000000,13,16,96,96,160,190,190,190,190,190,190,125,0,13,29.74229613505304,7.725047995336354,190.71527908090502,8001.68
1778008839,150,GET,/product/1YMWWN1N4O,1.700000,0.000000,12,12,15,19,34,99,99,99,99,99,99,112,0,12,32.08997557729682,7.613421999849379,901.9725159741938,8022.276785714285
1778008839,150,GET,/product/2ZYFJ3GM2N,0.900000,0.000000,12,13,68,68,80,80,80,80,80,80,80,87,0,12,47.21790752453922,7.821715087629855,920.0299360090867,8023.942528735633
1778008839,150,GET,/product/66VCHSJNUP,1.000000,0.000000,11,11,12,14,15,81,81,81,81,81,81,119,0,12,27.064322491035554,6.8482799688354135,211.90587105229497,7988.428571428572
1778008839,150,GET,/product/6E92ZMYYFZ,0.600000,0.000000,10,12,13,16,110,110,110,110,110,110,110,118,0,12,28.890804036409925,7.602902944199741,214.98094801791012,7973.78813559322
