Timestamp,User Count,Type,Name,Requests/s,Failures/s,50%,66%,75%,80%,90%,95%,98%,99%,99.9%,99.99%,100%,Total Request Count,Total Failure Count,Total Median Response Time,Total Average Response Time,Total Min Response Time,Total Max Response Time,Total Average Content Size
1780995933,0,,Aggregated,0.000000,0.000000,N/A,N/A,N/A,N/A,N/A,N/A,N/A,N/A,N/A,N/A,N/A,0,0,0,0.0,0,0,0
1780995934,5,GET,/,0.000000,0.000000,0,0,0,0,0,0,0,0,0,0,0,4,0,734.5569236204028,736.0920964274555,734.5569236204028,740.2629377320409,10205.0
1780995934,5,POST,/cart/checkout,0.000000,0.000000,0,0,0,0,0,0,0,0,0,0,0,1,0,813.4200097993016,813.4200097993016,813.4200097993016,813.4200097993016,6533.0
1780995934,5,,Aggregated,0.000000,0.000000,0,0,0,0,0,0,0,0,0,0,0,5,0,734.5569236204028,751.5576791018248,734.5569236204028,813.4200097993016,9470.6
1780995935,10,GET,/,0.000000,0.000000,0,0,0,0,0,0,0,0,0,0,0,7,0,730,428.36889970515455,17.135348170995712,740.2629377320409,10205.0
1780995935,10,POST,/cart,0.000000,0.000000,0,0,0,0,0,0,0,0,0,0,0,2,0,26.232415810227394,27.6727513410151,26.232415810227394,29.113086871802807,16226.0
1780995935,10,POST,/cart/checkout,0.000000,0.000000,0,0,0,0,0,0,0,0,0,0,0,1,0,813.4200097993016,813.4200097993016,813.4200097993016,813.4200097993016,6533.0
1780995935,10,,Aggregated,0.000000,0.000000,730,730,730,740,810,810,810,810,810,810,810,10,0,29,386.73478104174137,17.135348170995712,813.4200097993016,11042.0
1780995936,15,GET,/,0.000000,0.000000,110,110,110,110,110,110,110,110,110,110,110,14,0,110,255.31803756686193,12.241826392710209,740.2629377320409,10205.0
1780995936,15,POST,/cart,0.000000,0.000000,17,17,17,17,17,17,17,17,17,17,17,3,0,26,24.08705682804187,16.915667802095413,29.113086871802807,16695.666666666668
1780995936,15,POST,/cart/checkout,0.000000,0.000000,810,810,810,810,810,810,810,810,810,810,810,1,0,813.4200097993016,813.4200097993016,813.4200097993016,813.4200097993016,6533.0
1780995936,15,GET,/product/LS4PSXUNUM,0.000000,0.000000,0,0,0,0,0,0,0,0,0,0,0,1,0,13.591055758297443,13.591055758297443,13.591055758297443,13.591055758297443,7638.0
1780995936,15,GET,/product/OLJCESPC7Z,0.000000,0.000000,0,0,0,0,0,0,0,0,0,0,0,1,0,11.736002750694752,11.736002750694752,11.736002750694752,11.736002750694752,7694.0
1780995936,15,,Aggregated,0.000000,0.000000,100,110,730,730,740,810,810,810,810,810,810,20,0,29,224.27303823642433,11.736002750694752,813.4200097993016,10741.1
1780995937,20,GET,/,3.500000,0.000000,110,110,120,120,120,120,120,120,120,120,120,23,0,110,183.27010439141938,10.286888107657433,740.2629377320409,10205.0
1780995937,20,POST,/cart,1.000000,0.000000,12,12,17,17,17,17,17,17,17,17,17,5,0,17,19.07968744635582,11.479980312287807,29.113086871802807,16790.0
1780995937,20,POST,/cart/checkout,0.500000,0.000000,13,13,810,810,810,810,810,810,810,810,810,3,0,13,278.67385403563577,9.246201254427433,813.4200097993016,6543.0
1780995937,20,GET,/product/66VCHSJNUP,0.000000,0.000000,0,0,0,0,0,0,0,0,0,0,0,1,0,10.546364821493626,10.546364821493626,10.546364821493626,10.546364821493626,7621.0
1780995937,20,GET,/product/LS4PSXUNUM,0.000000,0.000000,14,14,14,14,14,14,14,14,14,14,14,1,0,13.591055758297443,13.591055758297443,13.591055758297443,13.591055758297443,7638.0
1780995937,20,GET,/product/OLJCESPC7Z,0.000000,0.000000,12,12,12,12,12,12,12,12,12,12,12,1,0,11.736002750694752,11.736002750694752,11.736002750694752,11.736002750694752,7694.0
1780995937,20,,Aggregated,5.000000,0.000000,26,110,120,120,730,740,810,810,810,810,810,34,0,25,152.42664187270051,9.246201254427433,813.4200097993016,10624.911764705883
1780995938,25,GET,/,4.000000,0.000000,25,100,110,110,120,120,120,120,120,120,120,36,0,25,124.99367034373184,8.457830175757408,740.2629377320409,10207.472222222223
1780995938,25,POST,/cart,1.000000,0.000000,13,17,17,26,26,26,26,26,26,26,26,7,0,17,19.20246532452958,11.479980312287807,29.113086871802807,16626.285714285714
1780995938,25,POST,/cart/checkout,0.333333,0.000000,13,13,810,810,810,810,810,810,810,810,810,3,0,13,278.67385403563577,9.246201254427433,813.4200097993016,6543.0
1780995938,25,GET,/product/1YMWWN1N4O,0.000000,0.000000,0,0,0,0,0,0,0,0,0,0,0,1,0,7.04618263989687,7.04618263989687,7.04618263989687,7.04618263989687,7687.0
1780995938,25,GET,/product/2ZYFJ3GM2N,0.000000,0.000000,0,0,0,0,0,0,0,0,0,0,0,1,0,10.113989003002644,10.113989003002644,10.113989003002644,10.113989003002644,7701.0
1780995938,25,GET,/product/66VCHSJNUP,0.000000,0.000000,11,11,11,11,11,11,11,11,11,11,11,1,0,10.546364821493626,10.546364821493626,10.546364821493626,10.546364821493626,7621.0
1780995938,25,GET,/product/6E92ZMYYFZ,0.000000,0.000000,0,0,0,0,0,0,0,0,0,0,0,1,0,85.78414469957352,85.78414469957352,85.78414469957352,85.78414469957352,7656.0
1780995938,25,GET,/product/LS4PSXUNUM,0.333333,0.000000,14,14,14,14,14,14,14,14,14,14,14,1,0,13.591055758297443,13.591055758297443,13.591055758297443,13.591055758297443,7638.0
1780995938,25,GET,/product/OLJCESPC7Z,0.333333,0.000000,12,12,12,12,12,12,12,12,12,12,12,1,0,11.736002750694752,11.736002750694752,11.736002750694752,11.736002750694752,7694.0
1780995938,25,,Aggregated,6.000000,0.000000,23,34,110,110,120,730,740,810,810,810,810,52,0,21,107.86593637357538,7.04618263989687,813.4200097993016,10566.903846153846
1780995939,30,GET,/,4.750000,0.000000,21,55,110,110,120,120,170,170,170,170,170,50,0,21,102.13428543880582,8.457830175757408,740.2629377320409,10210.34
1780995939,30,POST,/cart,1.000000,0.000000,17,26,110,110,110,110,110,110,110,110,110,10,0,17,35.974763706326485,10.409408248960972,108.25009271502495,16507.4
1780995939,30,POST,/cart/checkout,0.250000,0.000000,13,13,810,810,810,810,810,810,810,810,810,3,0,13,278.67385403563577,9.246201254427433,813.4200097993016,6543.0
1780995939,30,GET,/product/1YMWWN1N4O,0.000000,0.000000,7,7,7,7,7,7,7,7,7,7,7,2,0,7.04618263989687,7.113549392670393,7.04618263989687,7.180916145443916,7720.5
1780995939,30,GET,/product/2ZYFJ3GM2N,0.000000,0.000000,92,92,92,92,92,92,92,92,92,92,92,2,0,10.113989003002644,51.07529694214463,10.113989003002644,92.03660488128662,7695.0
1780995939,30,GET,/product/66VCHSJNUP,0.250000,0.000000,11,11,11,11,11,11,11,11,11,11,11,1,0,10.546364821493626,10.546364821493626,10.546364821493626,10.546364821493626,7621.0
1780995939,30,GET,/product/6E92ZMYYFZ,0.000000,0.000000,0,0,0,0,0,0,0,0,0,0,0,2,0,7,46.26510199159384,6.746059283614159,85.78414469957352,7698.5
1780995939,30,GET,/product/LS4PSXUNUM,0.250000,0.000000,14,14,14,14,14,14,14,14,14,14,14,1,0,13.591055758297443,13.591055758297443,13.591055758297443,13.591055758297443,7638.0
1780995939,30,GET,/product/OLJCESPC7Z,0.250000,0.000000,12,12,12,12,12,12,12,12,12,12,12,1,0,11.736002750694752,11.736002750694752,11.736002750694752,11.736002750694752,7694.0
1780995939,30,,Aggregated,6.750000,0.000000,19,34,110,110,120,730,740,810,810,810,810,72,0,18,90.93423320963565,6.746059283614159,813.4200097993016,10616.680555555555
1780995940,35,GET,/,5.800000,0.000000,14,23,100,110,120,120,120,170,170,170,170,63,0,18,83.64372115050044,8.237743750214577,740.2629377320409,10212.063492063493
1780995940,35,POST,/cart,1.000000,0.000000,17,26,97,97,110,110,110,110,110,110,110,14,0,17,40.810216816940475,9.495588950812817,108.25009271502495,16429.428571428572
1780995940,35,POST,/cart/checkout,0.600000,0.000000,13,13,810,810,810,810,810,810,810,810,810,3,0,13,278.67385403563577,9.246201254427433,813.4200097993016,6543.0
1780995940,35,GET,/product/1YMWWN1N4O,0.200000,0.000000,7,7,7,7,7,7,7,7,7,7,7,2,0,7.04618263989687,7.113549392670393,7.04618263989687,7.180916145443916,7720.5
1780995940,35,GET,/product/2ZYFJ3GM2N,0.200000,0.000000,92,92,92,92,92,92,92,92,92,92,92,2,0,10.113989003002644,51.07529694214463,10.113989003002644,92.03660488128662,7695.0
1780995940,35,GET,/product/66VCHSJNUP,0.200000,0.000000,11,11,11,11,11,11,11,11,11,11,11,1,0,10.546364821493626,10.546364821493626,10.546364821493626,10.546364821493626,7621.0
1780995940,35,GET,/product/6E92ZMYYFZ,0.000000,0.000000,10,10,10,10,10,10,10,10,10,10,10,3,0,10,34.246200074752174,6.746059283614159,85.78414469957352,7687.666666666667
1780995940,35,GET,/product/LS4PSXUNUM,0.200000,0.000000,14,14,14,14,14,14,14,14,14,14,14,1,0,13.591055758297443,13.591055758297443,13.591055758297443,13.591055758297443,7638.0
1780995940,35,GET,/product/OLJCESPC7Z,0.200000,0.000000,12,12,12,12,12,12,12,12,12,12,12,1,0,11.736002750694752,11.736002750694752,11.736002750694752,11.736002750694752,7694.0
1780995940,35,,Aggregated,8.400000,0.000000,15,26,95,110,120,730,740,810,810,810,810,90,0,14,77.02120829166637,6.746059283614159,813.4200097993016,10776.08888888889
1780995941,40,GET,/,6.500000,0.000000,12,21,27,86,110,120,120,170,170,170,170,80,0,14,69.4905003416352,8.237743750214577,740.2629377320409,10216.125
1780995941,40,POST,/cart,1.500000,0.000000,13,26,95,97,110,110,110,110,110,110,110,15,0,17,38.81798988829056,9.495588950812817,108.25009271502495,16511.0
1780995941,40,POST,/cart/checkout,0.500000,0.000000,15,43,43,810,810,810,810,810,810,810,810,5,0,15,178.73405870050192,9.246201254427433,813.4200097993016,6555.0
1780995941,40,GET,/product/0PUK6V6EV0,0.000000,0.000000,0,0,0,0,0,0,0,0,0,0,0,1,0,6.793087348341942,6.793087348341942,6.793087348341942,6.793087348341942,7768.0
1780995941,40,GET,/product/1YMWWN1N4O,0.166667,0.000000,7,7,7,7,7,7,7,7,7,7,7,2,0,7.04618263989687,7.113549392670393,7.04618263989687,7.180916145443916,7720.5
1780995941,40,GET,/product/2ZYFJ3GM2N,0.166667,0.000000,92,92,92,92,92,92,92,92,92,92,92,2,0,10.113989003002644,51.07529694214463,10.113989003002644,92.03660488128662,7695.0
1780995941,40,GET,/product/66VCHSJNUP,0.166667,0.000000,11,11,11,11,11,11,11,11,11,11,11,1,0,10.546364821493626,10.546364821493626,10.546364821493626,10.546364821493626,7621.0
1780995941,40,GET,/product/6E92ZMYYFZ,0.166667,0.000000,10,10,10,10,10,10,10,10,10,10,10,3,0,10,34.246200074752174,6.746059283614159,85.78414469957352,7687.666666666667
1780995941,40,GET,/product/L9ECAV7KIM,0.000000,0.000000,0,0,0,0,0,0,0,0,0,0,0,1,0,7.160558365285397,7.160558365285397,7.160558365285397,7.160558365285397,7742.0
1780995941,40,GET,/product/LS4PSXUNUM,0.166667,0.000000,14,14,14,14,14,14,14,14,14,14,14,1,0,13.591055758297443,13.591055758297443,13.591055758297443,13.591055758297443,7638.0
1780995941,40,GET,/product/OLJCESPC7Z,0.166667,0.000000,12,12,12,12,12,12,12,12,12,12,12,1,0,11.736002750694752,11.736002750694752,11.736002750694752,11.736002750694752,7694.0
1780995941,40,,Aggregated,9.500000,0.000000,13,21,43,95,110,170,730,740,810,810,810,112,0,13,65.21538867049718,6.746059283614159,813.4200097993016,10625.776785714286
1780995942,40,GET,/,7.714286,0.000000,11,19,22,27,110,120,120,170,170,170,170,98,0,12,58.805052409594765,8.18586815148592,740.2629377320409,10220.438775510203
1780995942,40,POST,/cart,1.714286,0.000000,13,20,95,95,110,110,110,110,110,110,110,18,0,13,34.52635737549927,8.82183387875557,108.25009271502495,16464.38888888889
1780995942,40,POST,/cart/checkout,0.428571,0.000000,13,15,43,43,810,810,810,810,810,810,810,7,0,13,130.49097252743584,9.063699282705784,813.4200097993016,6552.428571428572
1780995942,40,GET,/product/0PUK6V6EV0,0.000000,0.000000,0,0,0,0,0,0,0,0,0,0,0,2,0,7,7.117483764886856,6.793087348341942,7.44188018143177,7720.5
1780995942,40,GET,/product/1YMWWN1N4O,0.285714,0.000000,7,7,7,7,7,7,7,7,7,7,7,2,0,7.04618263989687,7.113549392670393,7.04618263989687,7.180916145443916,7720.5
1780995942,40,GET,/product/2ZYFJ3GM2N,0.285714,0.000000,10,10,92,92,92,92,92,92,92,92,92,3,0,10,36.124829202890396,6.223893724381924,92.03660488128662,7696.333333333333
1780995942,40,GET,/product/66VCHSJNUP,0.142857,0.000000,11,11,28,28,28,28,28,28,28,28,28,3,0,11,15.33147320151329,7.308979518711567,28.13907526433468,7634.333333333333
1780995942,40,GET,/product/6E92ZMYYFZ,0.285714,0.000000,10,10,10,10,10,10,10,10,10,10,10,3,0,10,34.246200074752174,6.746059283614159,85.78414469957352,7687.666666666667
1780995942,40,GET,/product/L9ECAV7KIM,0.000000,0.000000,0,0,0,0,0,0,0,0,0,0,0,1,0,7.160558365285397,7.160558365285397,7.160558365285397,7.160558365285397,7742.0
1780995942,40,GET,/product/LS4PSXUNUM,0.142857,0.000000,14,14,14,14,14,14,14,14,14,14,14,1,0,13.591055758297443,13.591055758297443,13.591055758297443,13.591055758297443,7638.0
1780995942,40,GET,/product/OLJCESPC7Z,0.142857,0.000000,12,12,12,12,12,12,12,12,12,12,12,1,0,11.736002750694752,11.736002750694752,11.736002750694752,11.736002750694752,7694.0
1780995942,40,,Aggregated,11.142857,0.000000,12,19,26,43,110,120,730,740,810,810,810,139,0,12,54.79038537567039,6.223893724381924,813.4200097993016,10552.805755395684
1780995943,40,GET,/,8.625000,0.000000,11,19,22,27,110,120,120,120,170,170,170,113,0,11,54.44840568455711,8.18586815148592,740.2629377320409,10223.902654867257
1780995943,40,POST,/cart,1.750000,0.000000,13,17,26,95,110,110,110,110,110,110,110,20,0,13,32.19075882807374,8.82183387875557,108.25009271502495,16509.65
1780995943,40,POST,/cart/checkout,0.625000,0.000000,15,43,91,91,810,810,810,810,810,810,810,8,0,13,125.60254684649408,9.063699282705784,813.4200097993016,6550.75
1780995943,40,GET,/product/0PUK6V6EV0,0.000000,0.000000,7,7,7,7,7,7,7,7,7,7,7,2,0,7,7.117483764886856,6.793087348341942,7.44188018143177,7720.5
1780995943,40,GET,/product/1YMWWN1N4O,0.250000,0.000000,7,7,7,7,7,7,7,7,7,7,7,2,0,7.04618263989687,7.113549392670393,7.04618263989687,7.180916145443916,7720.5
1780995943,40,GET,/product/2ZYFJ3GM2N,0.250000,0.000000,10,10,92,92,92,92,92,92,92,92,92,3,0,10,36.124829202890396,6.223893724381924,92.03660488128662,7696.333333333333
1780995943,40,GET,/product/66VCHSJNUP,0.125000,0.000000,11,11,28,28,28,28,28,28,28,28,28,3,0,11,15.33147320151329,7.308979518711567,28.13907526433468,7634.333333333333
1780995943,40,GET,/product/6E92ZMYYFZ,0.375000,0.000000,10,10,10,10,10,10,10,10,10,10,10,3,0,10,34.246200074752174,6.746059283614159,85.78414469957352,7687.666666666667
1780995943,40,GET,/product/L9ECAV7KIM,0.000000,0.000000,7,7,7,7,7,7,7,7,7,7,7,1,0,7.160558365285397,7.160558365285397,7.160558365285397,7.160558365285397,7742.0
1780995943,40,GET,/product/LS4PSXUNUM,0.125000,0.000000,14,14,14,14,14,14,14,14,14,14,14,1,0,13.591055758297443,13.591055758297443,13.591055758297443,13.591055758297443,7638.0
1780995943,40,GET,/product/OLJCESPC7Z,0.125000,0.000000,12,12,12,12,12,12,12,12,12,12,12,1,0,11.736002750694752,11.736002750694752,11.736002750694752,11.736002750694752,7694.0
1780995943,40,,Aggregated,12.250000,0.000000,11,19,25,43,110,120,730,740,810,810,810,157,0,11,51.71568525041555,6.223893724381924,813.4200097993016,10579.050955414014
1780995944,40,GET,/,9.222222,0.000000,10,13,21,24,110,110,120,120,170,170,170,131,0,11,48.65270918448463,7.472118362784386,740.2629377320409,10224.022900763359
1780995944,40,POST,/cart,1.888889,0.000000,12,13,20,26,97,110,110,110,110,110,110,23,0,13,29.429022951618485,8.82183387875557,108.25009271502495,16475.782608695652
1780995944,40,POST,/cart/checkout,0.666667,0.000000,15,16,43,91,810,810,810,810,810,810,810,10,0,13,103.40480208396912,9.063699282705784,813.4200097993016,6554.4
1780995944,40,GET,/product/0PUK6V6EV0,0.111111,0.000000,7,7,7,7,7,7,7,7,7,7,7,2,0,7,7.117483764886856,6.793087348341942,7.44188018143177,7720.5
1780995944,40,GET,/product/1YMWWN1N4O,0.222222,0.000000,7,7,7,7,7,7,7,7,7,7,7,2,0,7.04618263989687,7.113549392670393,7.04618263989687,7.180916145443916,7720.5
1780995944,40,GET,/product/2ZYFJ3GM2N,0.222222,0.000000,10,10,92,92,92,92,92,92,92,92,92,3,0,10,36.124829202890396,6.223893724381924,92.03660488128662,7696.333333333333
1780995944,40,GET,/product/66VCHSJNUP,0.111111,0.000000,28,28,74,74,74,74,74,74,74,74,74,4,0,11,29.905941803008318,7.308979518711567,73.6293476074934,7661.75
1780995944,40,GET,/product/6E92ZMYYFZ,0.333333,0.000000,10,10,10,10,10,10,10,10,10,10,10,3,0,10,34.246200074752174,6.746059283614159,85.78414469957352,7687.666666666667
1780995944,40,GET,/product/L9ECAV7KIM,0.111111,0.000000,7,7,7,7,7,7,7,7,7,7,7,1,0,7.160558365285397,7.160558365285397,7.160558365285397,7.160558365285397,7742.0
1780995944,40,GET,/product/LS4PSXUNUM,0.111111,0.000000,14,14,14,14,14,14,14,14,14,14,14,2,0,6.038225255906582,9.814640507102013,6.038225255906582,13.591055758297443,7650.0
1780995944,40,GET,/product/OLJCESPC7Z,0.111111,0.000000,12,12,12,12,12,12,12,12,12,12,12,1,0,11.736002750694752,11.736002750694752,11.736002750694752,11.736002750694752,7694.0
1780995944,40,,Aggregated,13.111111,0.000000,11,13,21,25,97,110,120,120,170,170,170,182,0,11,46.60519349112452,6.038225255906582,813.4200097993016,10561.818681318682
1780995945,40,GET,/,9.900000,0.000000,10,12,19,21,71,110,120,120,170,170,170,149,0,11,45.012150966131045,7.472118362784386,740.2629377320409,10228.295302013423
1780995945,40,POST,/cart,1.900000,0.000000,12,13,20,26,97,110,110,110,110,110,110,24,0,12,28.710963398528595,8.82183387875557,108.25009271502495,16525.5
1780995945,40,POST,/cart/checkout,0.700000,0.000000,15,23,43,43,91,810,810,810,810,810,810,11,0,15,96.10991840335456,9.063699282705784,813.4200097993016,6555.636363636364
1780995945,40,GET,/product/0PUK6V6EV0,0.200000,0.000000,7,7,7,7,7,7,7,7,7,7,7,2,0,7,7.117483764886856,6.793087348341942,7.44188018143177,7720.5
1780995945,40,GET,/product/1YMWWN1N4O,0.200000,0.000000,7,7,7,7,7,7,7,7,7,7,7,2,0,7.04618263989687,7.113549392670393,7.04618263989687,7.180916145443916,7720.5
1780995945,40,GET,/product/2ZYFJ3GM2N,0.300000,0.000000,10,10,92,92,92,92,92,92,92,92,92,3,0,10,36.124829202890396,6.223893724381924,92.03660488128662,7696.333333333333
1780995945,40,GET,/product/66VCHSJNUP,0.300000,0.000000,28,28,74,74,74,74,74,74,74,74,74,4,0,11,29.905941803008318,7.308979518711567,73.6293476074934,7661.75
1780995945,40,GET,/product/6E92ZMYYFZ,0.300000,0.000000,10,10,10,10,10,10,10,10,10,10,10,3,0,10,34.246200074752174,6.746059283614159,85.78414469957352,7687.666666666667
1780995945,40,GET,/product/L9ECAV7KIM,0.100000,0.000000,7,7,8,8,8,8,8,8,8,8,8,3,0,7.053151726722717,7.269333427151044,7.053151726722717,7.594290189445019,7710.333333333333
1780995945,40,GET,/product/LS4PSXUNUM,0.100000,0.000000,14,14,14,14,14,14,14,14,14,14,14,2,0,6.038225255906582,9.814640507102013,6.038225255906582,13.591055758297443,7650.0
1780995945,40,GET,/product/OLJCESPC7Z,0.100000,0.000000,12,12,12,12,12,12,12,12,12,12,12,2,0,9,10.18746942281723,8.638936094939709,11.736002750694752,7709.0
1780995945,40,,Aggregated,14.100000,0.000000,10,12,19,22,86,110,120,120,170,170,170,205,0,11,43.288262729056,6.038225255906582,813.4200097993016,10508.634146341463
1780995946,40,GET,/,11.400000,0.000000,10,11,13,19,34,88,110,110,170,170,170,167,0,10,41.770759116702095,7.3458245024085045,740.2629377320409,10227.91616766467
1780995946,40,POST,/cart,2.000000,0.000000,12,13,20,26,97,110,110,110,110,110,110,26,0,12,27.470039275403206,8.82183387875557,108.25009271502495,16555.576923076922
1780995946,40,POST,/cart/checkout,0.800000,0.000000,13,15,23,23,43,91,91,91,91,91,91,13,0,13,82.97879821979083,9.063699282705784,813.4200097993016,6556.846153846154
1780995946,40,GET,/product/0PUK6V6EV0,0.200000,0.000000,7,7,7,7,7,7,7,7,7,7,7,2,0,7,7.117483764886856,6.793087348341942,7.44188018143177,7720.5
1780995946,40,GET,/product/1YMWWN1N4O,0.200000,0.000000,7,7,7,7,7,7,7,7,7,7,7,2,0,7.04618263989687,7.113549392670393,7.04618263989687,7.180916145443916,7720.5
1780995946,40,GET,/product/2ZYFJ3GM2N,0.300000,0.000000,10,10,92,92,92,92,92,92,92,92,92,3,0,10,36.124829202890396,6.223893724381924,92.03660488128662,7696.333333333333
1780995946,40,GET,/product/66VCHSJNUP,0.300000,0.000000,11,11,28,28,74,74,74,74,74,74,74,6,0,8,22.253123422463734,6.116255186498165,73.6293476074934,7661.166666666667
1780995946,40,GET,/product/6E92ZMYYFZ,0.300000,0.000000,10,10,10,10,10,10,10,10,10,10,10,3,0,10,34.246200074752174,6.746059283614159,85.78414469957352,7687.666666666667
1780995946,40,GET,/product/L9ECAV7KIM,0.100000,0.000000,7,7,8,8,8,8,8,8,8,8,8,3,0,7.053151726722717,7.269333427151044,7.053151726722717,7.594290189445019,7710.333333333333
1780995946,40,GET,/product/LS4PSXUNUM,0.100000,0.000000,14,14,14,14,14,14,14,14,14,14,14,2,0,6.038225255906582,9.814640507102013,6.038225255906582,13.591055758297443,7650.0
1780995946,40,GET,/product/OLJCESPC7Z,0.100000,0.000000,12,12,12,12,12,12,12,12,12,12,12,2,0,9,10.18746942281723,8.638936094939709,11.736002750694752,7709.0
1780995946,40,,Aggregated,15.800000,0.000000,10,12,14,20,55,95,110,110,170,170,170,229,0,11,40.19025452109664,6.038225255906582,813.4200097993016,10482.951965065502
1780995947,40,GET,/,12.500000,0.000000,10,11,12,13,32,88,110,110,170,170,170,186,0,10,38.64403048490164,7.314695976674557,740.2629377320409,10229.40322580645
1780995947,40,POST,/cart,2.100000,0.000000,11,13,20,26,97,110,110,110,110,110,110,28,0,12,26.205492305702396,8.82183387875557,108.25009271502495,16635.0
1780995947,40,POST,/cart/checkout,0.900000,0.000000,13,15,16,23,43,91,91,91,91,91,91,14,0,13,77.77822356937187,9.063699282705784,813.4200097993016,6554.642857142857
1780995947,40,GET,/product/0PUK6V6EV0,0.200000,0.000000,7,7,7,7,7,7,7,7,7,7,7,2,0,7,7.117483764886856,6.793087348341942,7.44188018143177,7720.5
1780995947,40,GET,/product/1YMWWN1N4O,0.200000,0.000000,7,7,7,7,7,7,7,7,7,7,7,2,0,7.04618263989687,7.113549392670393,7.04618263989687,7.180916145443916,7720.5
1780995947,40,GET,/product/2ZYFJ3GM2N,0.300000,0.000000,10,10,92,92,92,92,92,92,92,92,92,3,0,10,36.124829202890396,6.223893724381924,92.03660488128662,7696.333333333333
1780995947,40,GET,/product/66VCHSJNUP,0.400000,0.000000,11,11,28,28,74,74,74,74,74,74,74,6,0,8,22.253123422463734,6.116255186498165,73.6293476074934,7661.166666666667
1780995947,40,GET,/product/6E92ZMYYFZ,0.300000,0.000000,7,7,10,10,10,10,10,10,10,10,10,4,0,7,27.23117475397885,6.186098791658878,85.78414469957352,7703.0
1780995947,40,GET,/product/L9ECAV7KIM,0.100000,0.000000,7,7,8,8,8,8,8,8,8,8,8,4,0,7.053151726722717,7.310389308258891,7.053151726722717,7.594290189445019,7693.0
1780995947,40,GET,/product/LS4PSXUNUM,0.200000,0.000000,6,6,14,14,14,14,14,14,14,14,14,4,0,6,7.920146221294999,5.860360339283943,13.591055758297443,7681.75
1780995947,40,GET,/product/OLJCESPC7Z,0.100000,0.000000,12,12,12,12,12,12,12,12,12,12,12,2,0,9,10.18746942281723,8.638936094939709,11.736002750694752,7709.0
1780995947,40,,Aggregated,17.300000,0.000000,10,11,13,16,43,95,110,110,170,170,170,255,0,10,37.1412378790624,5.860360339283943,813.4200097993016,10462.27843137255
1780995948,40,GET,/,14.000000,0.000000,9,10,11,12,20,58,97,110,170,170,170,202,0,10,36.253958599328406,7.111911661922932,740.2629377320409,10229.673267326732
1780995948,40,POST,/cart,2.100000,0.000000,11,12,13,14,95,97,97,97,97,97,97,28,0,12,26.205492305702396,8.82183387875557,108.25009271502495,16635.0
1780995948,40,POST,/cart/checkout,1.000000,0.000000,13,16,23,23,43,91,91,91,91,91,91,14,0,13,77.77822356937187,9.063699282705784,813.4200097993016,6554.642857142857
1780995948,40,GET,/product/0PUK6V6EV0,0.200000,0.000000,6,6,7,7,7,7,7,7,7,7,7,4,0,6,6.559098372235894,5.838417448103428,7.44188018143177,7702.75
1780995948,40,GET,/product/1YMWWN1N4O,0.200000,0.000000,7,7,7,7,7,7,7,7,7,7,7,3,0,7,6.919349854191144,6.530950777232647,7.180916145443916,7736.333333333333
1780995948,40,GET,/product/2ZYFJ3GM2N,0.300000,0.000000,92,92,92,92,92,92,92,92,92,92,92,3,0,10,36.124829202890396,6.223893724381924,92.03660488128662,7696.333333333333
1780995948,40,GET,/product/66VCHSJNUP,0.400000,0.000000,11,11,28,28,74,74,74,74,74,74,74,6,0,8,22.253123422463734,6.116255186498165,73.6293476074934,7661.166666666667
1780995948,40,GET,/product/6E92ZMYYFZ,0.300000,0.000000,7,7,10,10,10,10,10,10,10,10,10,4,0,7,27.23117475397885,6.186098791658878,85.78414469957352,7703.0
1780995948,40,GET,/product/L9ECAV7KIM,0.300000,0.000000,7,7,8,8,8,8,8,8,8,8,8,4,0,7.053151726722717,7.310389308258891,7.053151726722717,7.594290189445019,7693.0
1780995948,40,GET,/product/LS4PSXUNUM,0.100000,0.000000,6,7,7,14,14,14,14,14,14,14,14,5,0,6,7.663022913038731,5.860360339283943,13.591055758297443,7673.4
1780995948,40,GET,/product/OLJCESPC7Z,0.100000,0.000000,12,12,12,12,12,12,12,12,12,12,12,2,0,9,10.18746942281723,8.638936094939709,11.736002750694752,7709.0
1780995948,40,,Aggregated,19.000000,0.000000,9,11,12,13,21,74,97,100,170,170,170,275,0,10,35.02433648163622,5.838417448103428,813.4200097993016,10408.66909090909
1780995949,40,GET,/,14.900000,0.000000,9,10,11,12,19,43,88,100,110,110,110,216,0,10,34.47378356078708,7.048364728689194,740.2629377320409,10230.13425925926
1780995949,40,POST,/cart,2.200000,0.000000,11,11,12,13,14,20,20,20,20,20,20,29,0,12,25.690276111508236,8.82183387875557,108.25009271502495,16671.172413793105
1780995949,40,POST,/cart/checkout,1.200000,0.000000,13,16,23,23,43,91,91,91,91,91,91,14,0,13,77.77822356937187,9.063699282705784,813.4200097993016,6554.642857142857
1780995949,40,GET,/product/0PUK6V6EV0,0.200000,0.000000,6,6,7,7,7,7,7,7,7,7,7,5,0,6,6.453147530555725,5.838417448103428,7.44188018143177,7690.4
1780995949,40,GET,/product/1YMWWN1N4O,0.200000,0.000000,7,7,7,7,7,7,7,7,7,7,7,3,0,7,6.919349854191144,6.530950777232647,7.180916145443916,7736.333333333333
1780995949,40,GET,/product/2ZYFJ3GM2N,0.300000,0.000000,92,92,92,92,92,92,92,92,92,92,92,3,0,10,36.124829202890396,6.223893724381924,92.03660488128662,7696.333333333333
1780995949,40,GET,/product/66VCHSJNUP,0.500000,0.000000,8,28,28,74,74,74,74,74,74,74,74,6,0,8,22.253123422463734,6.116255186498165,73.6293476074934,7661.166666666667
1780995949,40,GET,/product/6E92ZMYYFZ,0.300000,0.000000,10,10,10,10,10,10,10,10,10,10,10,4,0,7,27.23117475397885,6.186098791658878,85.78414469957352,7703.0
1780995949,40,GET,/product/L9ECAV7KIM,0.300000,0.000000,7,7,8,8,8,8,8,8,8,8,8,4,0,7.053151726722717,7.310389308258891,7.053151726722717,7.594290189445019,7693.0
1780995949,40,GET,/product/LS4PSXUNUM,0.100000,0.000000,6,7,7,14,14,14,14,14,14,14,14,5,0,6,7.663022913038731,5.860360339283943,13.591055758297443,7673.4
1780995949,40,GET,/product/OLJCESPC7Z,0.100000,0.000000,12,12,12,12,12,12,12,12,12,12,12,2,0,9,10.18746942281723,8.638936094939709,11.736002750694752,7709.0
1780995949,40,,Aggregated,20.300000,0.000000,9,10,11,12,20,43,88,97,110,110,110,291,0,10,33.580837496060276,5.838417448103428,813.4200097993016,10415.890034364262
1780995950,40,GET,/,15.800000,0.000000,9,10,11,11,17,58,97,100,110,110,110,235,0,10,33.16429952912508,7.048364728689194,740.2629377320409,10231.131914893616
1780995950,40,POST,/cart,2.300000,0.000000,11,11,12,13,14,20,20,20,20,20,20,31,0,11,24.679681136002465,8.82183387875557,108.25009271502495,16735.612903225807
1780995950,40,POST,/cart/checkout,1.100000,0.000000,11,13,16,23,66,91,91,91,91,91,91,18,0,13,65.76865523432691,8.142749778926373,813.4200097993016,6550.111111111111
1780995950,40,GET,/product/0PUK6V6EV0,0.200000,0.000000,6,6,6,7,7,7,7,7,7,7,7,6,0,6,6.375505278507869,5.838417448103428,7.44188018143177,7706.333333333333
1780995950,40,GET,/product/1YMWWN1N4O,0.100000,0.000000,7,7,9,9,9,9,9,9,9,9,9,4,0,7,7.537825731560588,6.530950777232647,9.393253363668919,7719.0
1780995950,40,GET,/product/2ZYFJ3GM2N,0.200000,0.000000,6,6,6,6,6,6,6,6,6,6,6,3,0,10,36.124829202890396,6.223893724381924,92.03660488128662,7696.333333333333
1780995950,40,GET,/product/66VCHSJNUP,0.500000,0.000000,8,28,28,74,74,74,74,74,74,74,74,6,0,8,22.253123422463734,6.116255186498165,73.6293476074934,7661.166666666667
1780995950,40,GET,/product/6E92ZMYYFZ,0.400000,0.000000,7,7,10,10,10,10,10,10,10,10,10,5,0,7,23.125497065484524,6.186098791658878,85.78414469957352,7689.6
1780995950,40,GET,/product/L9ECAV7KIM,0.400000,0.000000,7,7,8,8,8,8,8,8,8,8,8,4,0,7.053151726722717,7.310389308258891,7.053151726722717,7.594290189445019,7693.0
1780995950,40,GET,/product/LS4PSXUNUM,0.300000,0.000000,6,6,7,7,7,7,7,7,7,7,7,5,0,6,7.663022913038731,5.860360339283943,13.591055758297443,7673.4
1780995950,40,GET,/product/OLJCESPC7Z,0.100000,0.000000,9,9,9,9,9,9,9,9,9,9,9,3,0,9,9.144640217224756,7.05898180603981,11.736002750694752,7710.666666666667
1780995950,40,,Aggregated,21.400000,0.000000,9,10,11,11,17,58,91,98,110,110,110,320,0,10,32.073224810301326,5.838417448103428,813.4200097993016,10368.471875
1780995951,40,GET,/,16.500000,0.000000,9,10,11,11,16,60,97,100,110,110,110,256,0,10,31.6189430122904,7.048364728689194,740.2629377320409,10232.46484375
1780995951,40,POST,/cart,1.900000,0.000000,11,11,12,13,13,14,14,14,14,14,14,31,0,11,24.679681136002465,8.82183387875557,108.25009271502495,16735.612903225807
1780995951,40,POST,/cart/checkout,1.100000,0.000000,11,13,16,23,66,91,91,91,91,91,91,20,0,11,60.06231568753719,8.142749778926373,813.4200097993016,6547.4
1780995951,40,GET,/product/0PUK6V6EV0,0.400000,0.000000,6,6,6,6,7,7,7,7,7,7,7,7,0,6,6.33032846131495,5.838417448103428,7.44188018143177,7702.714285714285
1780995951,40,GET,/product/1YMWWN1N4O,0.200000,0.000000,7,7,9,9,9,9,9,9,9,9,9,4,0,7,7.537825731560588,6.530950777232647,9.393253363668919,7719.0
1780995951,40,GET,/product/2ZYFJ3GM2N,0.200000,0.000000,6,6,6,6,6,6,6,6,6,6,6,3,0,10,36.124829202890396,6.223893724381924,92.03660488128662,7696.333333333333
1780995951,40,GET,/product/66VCHSJNUP,0.500000,0.000000,8,28,28,74,74,74,74,74,74,74,74,6,0,8,22.253123422463734,6.116255186498165,73.6293476074934,7661.166666666667
1780995951,40,GET,/product/6E92ZMYYFZ,0.300000,0.000000,7,7,10,10,10,10,10,10,10,10,10,5,0,7,23.125497065484524,6.186098791658878,85.78414469957352,7689.6
1780995951,40,GET,/product/L9ECAV7KIM,0.400000,0.000000,7,7,7,8,8,8,8,8,8,8,8,5,0,7,7.211791351437569,6.817399524152279,7.594290189445019,7692.2
1780995951,40,GET,/product/LS4PSXUNUM,0.400000,0.000000,6,6,7,7,7,7,7,7,7,7,7,5,0,6,7.663022913038731,5.860360339283943,13.591055758297443,7673.4
1780995951,40,GET,/product/OLJCESPC7Z,0.100000,0.000000,7,7,9,9,9,9,9,9,9,9,9,5,0,7,8.216964639723301,6.727789528667927,11.736002750694752,7715.4
1780995951,40,,Aggregated,22.000000,0.000000,9,10,11,11,16,60,91,98,110,110,110,347,0,10,30.571207637638285,5.838417448103428,813.4200097993016,10308.262247838617
1780995952,40,GET,/,16.500000,0.000000,9,10,11,11,19,60,97,100,110,110,110,274,0,10,30.189359533416965,6.620057858526707,740.2629377320409,10232.609489051094
1780995952,40,POST,/cart,1.900000,0.000000,11,11,13,13,14,26,26,26,26,26,26,35,0,11,23.444490427417414,8.82183387875557,108.25009271502495,16718.685714285715
1780995952,40,POST,/cart/checkout,1.100000,0.000000,11,13,16,23,66,91,91,91,91,91,91,21,0,11,57.67466762058792,8.142749778926373,813.4200097993016,6547.714285714285
1780995952,40,GET,/product/0PUK6V6EV0,0.500000,0.000000,6,6,6,6,7,7,7,7,7,7,7,8,0,6,6.2395656714215875,5.604226142168045,7.44188018143177,7696.0
1780995952,40,GET,/product/1YMWWN1N4O,0.100000,0.000000,7,7,9,9,9,9,9,9,9,9,9,4,0,7,7.537825731560588,6.530950777232647,9.393253363668919,7719.0
1780995952,40,GET,/product/2ZYFJ3GM2N,0.100000,0.000000,6,6,6,6,6,6,6,6,6,6,6,4,0,6.037031300365925,28.60287972725928,6.037031300365925,92.03660488128662,7718.25
1780995952,40,GET,/product/66VCHSJNUP,0.500000,0.000000,8,28,28,74,74,74,74,74,74,74,74,6,0,8,22.253123422463734,6.116255186498165,73.6293476074934,7661.166666666667
1780995952,40,GET,/product/6E92ZMYYFZ,0.200000,0.000000,7,7,10,10,10,10,10,10,10,10,10,6,0,7,20.480576436966658,6.186098791658878,85.78414469957352,7681.333333333333
1780995952,40,GET,/product/L9ECAV7KIM,0.400000,0.000000,7,7,7,8,8,8,8,8,8,8,8,5,0,7,7.211791351437569,6.817399524152279,7.594290189445019,7692.2
1780995952,40,GET,/product/LS4PSXUNUM,0.400000,0.000000,6,6,7,7,7,7,7,7,7,7,7,5,0,6,7.663022913038731,5.860360339283943,13.591055758297443,7673.4
1780995952,40,GET,/product/OLJCESPC7Z,0.100000,0.000000,7,7,9,9,9,9,9,9,9,9,9,5,0,7,8.216964639723301,6.727789528667927,11.736002750694752,7715.4
1780995952,40,,Aggregated,21.800000,0.000000,9,10,11,11,16,60,91,98,110,110,110,373,0,10,29.141957474617794,5.604226142168045,813.4200097993016,10340.932975871314
1780995953,40,GET,/,16.800000,0.000000,9,9,10,11,14,36,79,98,100,100,100,288,0,9,29.12191188079305,6.620057858526707,740.2629377320409,10234.048611111111
1780995953,40,POST,/cart,1.700000,0.000000,11,11,12,13,14,26,26,26,26,26,26,35,0,11,23.444490427417414,8.82183387875557,108.25009271502495,16718.685714285715
1780995953,40,POST,/cart/checkout,1.300000,0.000000,10,13,13,16,23,66,66,66,66,66,66,21,0,11,57.67466762058792,8.142749778926373,813.4200097993016,6547.714285714285
1780995953,40,GET,/product/0PUK6V6EV0,0.600000,0.000000,6,6,6,6,7,7,7,7,7,7,7,8,0,6,6.2395656714215875,5.604226142168045,7.44188018143177,7696.0
1780995953,40,GET,/product/1YMWWN1N4O,0.200000,0.000000,9,9,9,9,9,9,9,9,9,9,9,4,0,7,7.537825731560588,6.530950777232647,9.393253363668919,7719.0
1780995953,40,GET,/product/2ZYFJ3GM2N,0.100000,0.000000,6,6,6,6,6,6,6,6,6,6,6,4,0,6.037031300365925,28.60287972725928,6.037031300365925,92.03660488128662,7718.25
1780995953,40,GET,/product/66VCHSJNUP,0.500000,0.000000,8,8,74,74,74,74,74,74,74,74,74,7,0,8,19.939157047442027,6.055358797311783,73.6293476074934,7672.428571428572
1780995953,40,GET,/product/6E92ZMYYFZ,0.200000,0.000000,7,7,7,7,7,7,7,7,7,7,7,6,0,7,20.480576436966658,6.186098791658878,85.78414469957352,7681.333333333333
1780995953,40,GET,/product/L9ECAV7KIM,0.400000,0.000000,7,7,8,8,8,8,8,8,8,8,8,5,0,7,7.211791351437569,6.817399524152279,7.594290189445019,7692.2
1780995953,40,GET,/product/LS4PSXUNUM,0.400000,0.000000,6,6,7,7,7,7,7,7,7,7,7,5,0,6,7.663022913038731,5.860360339283943,13.591055758297443,7673.4
1780995953,40,GET,/product/OLJCESPC7Z,0.300000,0.000000,7,7,9,9,9,9,9,9,9,9,9,5,0,7,8.216964639723301,6.727789528667927,11.736002750694752,7715.4
1780995953,40,,Aggregated,22.500000,0.000000,9,9,10,11,14,35,78,97,100,100,100,388,0,9,28.32791651119046,5.604226142168045,813.4200097993016,10331.389175257733
1780995954,40,GET,/,17.400000,0.000000,8,9,10,11,13,35,79,98,100,100,100,309,0,9,27.6412475962662,6.391152739524841,740.2629377320409,10234.666666666666
1780995954,40,POST,/cart,1.500000,0.000000,11,11,11,12,14,26,26,26,26,26,26,36,0,11,23.04439507942233,8.82183387875557,108.25009271502495,16705.444444444445
1780995954,40,POST,/cart/checkout,1.400000,0.000000,10,11,13,13,23,66,66,66,66,66,66,21,0,11,57.67466762058792,8.142749778926373,813.4200097993016,6547.714285714285
1780995954,40,GET,/product/0PUK6V6EV0,0.600000,0.000000,6,6,6,6,7,7,7,7,7,7,7,8,0,6,6.2395656714215875,5.604226142168045,7.44188018143177,7696.0
1780995954,40,GET,/product/1YMWWN1N4O,0.200000,0.000000,7,7,9,9,9,9,9,9,9,9,9,5,0,7,7.180711627006531,5.752255208790302,9.393253363668919,7709.4
1780995954,40,GET,/product/2ZYFJ3GM2N,0.100000,0.000000,6,6,6,6,6,6,6,6,6,6,6,4,0,6.037031300365925,28.60287972725928,6.037031300365925,92.03660488128662,7718.25
1780995954,40,GET,/product/66VCHSJNUP,0.500000,0.000000,8,8,74,74,74,74,74,74,74,74,74,7,0,8,19.939157047442027,6.055358797311783,73.6293476074934,7672.428571428572
1780995954,40,GET,/product/6E92ZMYYFZ,0.200000,0.000000,7,7,7,7,7,7,7,7,7,7,7,6,0,7,20.480576436966658,6.186098791658878,85.78414469957352,7681.333333333333
1780995954,40,GET,/product/L9ECAV7KIM,0.400000,0.000000,7,7,7,8,8,8,8,8,8,8,8,6,0,7,6.9486430535713835,5.632901564240456,7.594290189445019,7701.5
1780995954,40,GET,/product/LS4PSXUNUM,0.400000,0.000000,6,6,7,7,7,7,7,7,7,7,7,5,0,6,7.663022913038731,5.860360339283943,13.591055758297443,7673.4
1780995954,40,GET,/product/OLJCESPC7Z,0.400000,0.000000,7,7,9,9,9,9,9,9,9,9,9,5,0,7,8.216964639723301,6.727789528667927,11.736002750694752,7715.4
1780995954,40,,Aggregated,23.100000,0.000000,8,9,10,11,13,27,78,97,100,100,100,412,0,9,27.101195889787334,5.604226142168045,813.4200097993016,10328.509708737864
1780995955,40,GET,/,17.600000,0.000000,8,9,10,10,12,25,78,98,100,100,100,322,0,9,26.849684273673695,6.086109206080437,740.2629377320409,10234.850931677018
1780995955,40,POST,/cart,1.600000,0.000000,10,11,11,14,14,26,26,26,26,26,26,39,0,11,22.133808081539776,8.82183387875557,108.25009271502495,16705.02564102564
1780995955,40,POST,/cart/checkout,1.400000,0.000000,10,10,11,11,13,66,66,66,66,66,66,23,0,11,53.4995804824259,8.142749778926373,813.4200097993016,6547.608695652174
1780995955,40,GET,/product/0PUK6V6EV0,0.600000,0.000000,6,6,6,6,6,6,6,6,6,6,6,8,0,6,6.2395656714215875,5.604226142168045,7.44188018143177,7696.0
1780995955,40,GET,/product/1YMWWN1N4O,0.200000,0.000000,7,7,9,9,9,9,9,9,9,9,9,5,0,7,7.180711627006531,5.752255208790302,9.393253363668919,7709.4
1780995955,40,GET,/product/2ZYFJ3GM2N,0.100000,0.000000,6,6,6,6,6,6,6,6,6,6,6,5,0,6.014884449541569,24.085280671715736,6.014884449541569,92.03660488128662,7716.8
1780995955,40,GET,/product/66VCHSJNUP,0.300000,0.000000,6,6,8,8,8,8,8,8,8,8,8,7,0,8,19.939157047442027,6.055358797311783,73.6293476074934,7672.428571428572
1780995955,40,GET,/product/6E92ZMYYFZ,0.300000,0.000000,7,7,7,7,7,7,7,7,7,7,7,6,0,7,20.480576436966658,6.186098791658878,85.78414469957352,7681.333333333333
1780995955,40,GET,/product/9SIQT8TOJO,0.000000,0.000000,0,0,0,0,0,0,0,0,0,0,0,1,0,6.346574984490871,6.346574984490871,6.346574984490871,6.346574984490871,7689.0
1780995955,40,GET,/product/L9ECAV7KIM,0.400000,0.000000,7,7,7,8,8,8,8,8,8,8,8,6,0,7,6.9486430535713835,5.632901564240456,7.594290189445019,7701.5
1780995955,40,GET,/product/LS4PSXUNUM,0.400000,0.000000,6,6,7,7,7,7,7,7,7,7,7,6,0,6,7.3733410487572355,5.860360339283943,13.591055758297443,7685.666666666667
1780995955,40,GET,/product/OLJCESPC7Z,0.400000,0.000000,7,9,9,10,10,10,10,10,10,10,10,6,0,7,8.572105318307877,6.727789528667927,11.736002750694752,7728.333333333333
1780995955,40,,Aggregated,23.300000,0.000000,8,9,10,10,12,19,66,79,100,100,100,434,0,9,26.1560423012119,5.604226142168045,813.4200097993016,10328.54608294931
1780995956,40,GET,/,17.800000,0.000000,8,9,9,10,11,23,43,79,98,98,98,340,0,9,25.87037686368122,6.086109206080437,740.2629377320409,10235.888235294118
1780995956,40,POST,/cart,1.500000,0.000000,10,11,11,11,14,26,26,26,26,26,26,40,0,11,21.867108182050288,8.82183387875557,108.25009271502495,16728.925
1780995956,40,POST,/cart/checkout,1.300000,0.000000,9,10,11,11,13,66,66,66,66,66,66,24,0,11,51.635976298712194,8.142749778926373,813.4200097993016,6547.791666666667
1780995956,40,GET,/product/0PUK6V6EV0,0.600000,0.000000,6,6,6,6,6,6,6,6,6,6,6,9,0,6,6.146068995197614,5.398095585405827,7.44188018143177,7699.111111111111
1780995956,40,GET,/product/1YMWWN1N4O,0.200000,0.000000,7,7,9,9,9,9,9,9,9,9,9,5,0,7,7.180711627006531,5.752255208790302,9.393253363668919,7709.4
1780995956,40,GET,/product/2ZYFJ3GM2N,0.100000,0.000000,6,6,6,6,6,6,6,6,6,6,6,7,0,6,18.865581468812056,5.720898509025574,92.03660488128662,7736.857142857143
1780995956,40,GET,/product/66VCHSJNUP,0.400000,0.000000,6,6,8,8,8,8,8,8,8,8,8,7,0,8,19.939157047442027,6.055358797311783,73.6293476074934,7672.428571428572
1780995956,40,GET,/product/6E92ZMYYFZ,0.300000,0.000000,7,7,7,7,7,7,7,7,7,7,7,7,0,7,18.47352832555771,6.186098791658878,85.78414469957352,7676.857142857143
1780995956,40,GET,/product/9SIQT8TOJO,0.000000,0.000000,0,0,0,0,0,0,0,0,0,0,0,1,0,6.346574984490871,6.346574984490871,6.346574984490871,6.346574984490871,7689.0
1780995956,40,GET,/product/L9ECAV7KIM,0.400000,0.000000,7,7,7,7,7,7,7,7,7,7,7,6,0,7,6.9486430535713835,5.632901564240456,7.594290189445019,7701.5
1780995956,40,GET,/product/LS4PSXUNUM,0.400000,0.000000,6,6,7,7,7,7,7,7,7,7,7,6,0,6,7.3733410487572355,5.860360339283943,13.591055758297443,7685.666666666667
1780995956,40,GET,/product/OLJCESPC7Z,0.400000,0.000000,7,9,9,10,10,10,10,10,10,10,10,6,0,7,8.572105318307877,6.727789528667927,11.736002750694752,7728.333333333333
1780995956,40,,Aggregated,23.400000,0.000000,8,9,9,10,11,16,43,78,98,98,98,458,0,9,25.20906779606009,5.398095585405827,813.4200097993016,10310.764192139737
1780995957,40,GET,/,17.700000,0.000000,8,8,9,9,11,16,36,79,98,98,98,354,0,9,25.14932123354852,6.086109206080437,740.2629377320409,10235.92372881356
1780995957,40,POST,/cart,1.300000,0.000000,10,11,11,11,14,26,26,26,26,26,26,41,0,11,21.603387280753473,8.82183387875557,108.25009271502495,16751.658536585364
1780995957,40,POST,/cart/checkout,1.100000,0.000000,9,10,11,11,13,66,66,66,66,66,66,25,0,11,49.938244223594666,8.142749778926373,813.4200097993016,6547.68
1780995957,40,GET,/product/0PUK6V6EV0,0.600000,0.000000,6,6,6,6,6,6,6,6,6,6,6,10,0,6,6.1135354451835155,5.398095585405827,7.44188018143177,7705.6
1780995957,40,GET,/product/1YMWWN1N4O,0.300000,0.000000,7,7,9,9,9,9,9,9,9,9,9,5,0,7,7.180711627006531,5.752255208790302,9.393253363668919,7709.4
1780995957,40,GET,/product/2ZYFJ3GM2N,0.100000,0.000000,6,6,6,6,6,6,6,6,6,6,6,7,0,6,18.865581468812056,5.720898509025574,92.03660488128662,7736.857142857143
1780995957,40,GET,/product/66VCHSJNUP,0.300000,0.000000,6,6,8,8,8,8,8,8,8,8,8,8,0,7,18.12359329778701,5.414647050201893,73.6293476074934,7676.375
1780995957,40,GET,/product/6E92ZMYYFZ,0.300000,0.000000,7,7,7,7,7,7,7,7,7,7,7,7,0,7,18.47352832555771,6.186098791658878,85.78414469957352,7676.857142857143
1780995957,40,GET,/product/9SIQT8TOJO,0.000000,0.000000,6,6,6,6,6,6,6,6,6,6,6,1,0,6.346574984490871,6.346574984490871,6.346574984490871,6.346574984490871,7689.0
1780995957,40,GET,/product/L9ECAV7KIM,0.500000,0.000000,7,7,7,7,7,7,7,7,7,7,7,6,0,7,6.9486430535713835,5.632901564240456,7.594290189445019,7701.5
1780995957,40,GET,/product/LS4PSXUNUM,0.300000,0.000000,7,7,7,7,7,7,7,7,7,7,7,6,0,6,7.3733410487572355,5.860360339283943,13.591055758297443,7685.666666666667
1780995957,40,GET,/product/OLJCESPC7Z,0.400000,0.000000,7,7,10,10,10,10,10,10,10,10,10,6,0,7,8.572105318307877,6.727789528667927,11.736002750694752,7728.333333333333
1780995957,40,,Aggregated,22.900000,0.000000,8,9,9,10,11,16,36,78,98,98,98,476,0,9,24.54656983154411,5.398095585405827,813.4200097993016,10305.292016806723
1780995958,40,GET,/,17.000000,0.000000,8,8,9,9,11,16,36,79,98,98,98,371,0,9,24.361353947447157,6.086109206080437,740.2629377320409,10235.946091644204
1780995958,40,POST,/cart,1.500000,0.000000,11,11,11,14,16,26,26,26,26,26,26,45,0,11,20.789506907264393,8.82183387875557,108.25009271502495,16863.155555555557
1780995958,40,POST,/cart/checkout,1.200000,0.000000,9,10,11,11,13,66,66,66,66,66,66,25,0,11,49.938244223594666,8.142749778926373,813.4200097993016,6547.68
1780995958,40,GET,/product/0PUK6V6EV0,0.600000,0.000000,6,6,6,6,6,6,6,6,6,6,6,10,0,6,6.1135354451835155,5.398095585405827,7.44188018143177,7705.6
1780995958,40,GET,/product/1YMWWN1N4O,0.300000,0.000000,7,7,9,9,9,9,9,9,9,9,9,5,0,7,7.180711627006531,5.752255208790302,9.393253363668919,7709.4
1780995958,40,GET,/product/2ZYFJ3GM2N,0.200000,0.000000,6,6,6,6,6,6,6,6,6,6,6,7,0,6,18.865581468812056,5.720898509025574,92.03660488128662,7736.857142857143
1780995958,40,GET,/product/66VCHSJNUP,0.300000,0.000000,6,6,6,8,8,8,8,8,8,8,8,9,0,7,16.825524158775806,5.414647050201893,73.6293476074934,7675.333333333333
1780995958,40,GET,/product/6E92ZMYYFZ,0.300000,0.000000,7,7,7,7,7,7,7,7,7,7,7,7,0,7,18.47352832555771,6.186098791658878,85.78414469957352,7676.857142857143
1780995958,40,GET,/product/9SIQT8TOJO,0.100000,0.000000,6,6,6,6,6,6,6,6,6,6,6,1,0,6.346574984490871,6.346574984490871,6.346574984490871,6.346574984490871,7689.0
1780995958,40,GET,/product/L9ECAV7KIM,0.300000,0.000000,7,7,7,7,7,7,7,7,7,7,7,6,0,7,6.9486430535713835,5.632901564240456,7.594290189445019,7701.5
1780995958,40,GET,/product/LS4PSXUNUM,0.400000,0.000000,7,7,7,7,7,7,7,7,7,7,7,6,0,6,7.3733410487572355,5.860360339283943,13.591055758297443,7685.666666666667
1780995958,40,GET,/product/OLJCESPC7Z,0.400000,0.000000,7,7,10,10,10,10,10,10,10,10,10,6,0,7,8.572105318307877,6.727789528667927,11.736002750694752,7728.333333333333
1780995958,40,,Aggregated,22.600000,0.000000,8,9,9,10,11,16,36,78,98,98,98,498,0,9,23.846585825310054,5.398095585405827,813.4200097993016,10359.495983935743
1780995959,40,GET,/,17.300000,0.000000,8,8,9,9,11,16,36,79,98,98,98,390,0,9,23.57293895374124,6.086109206080437,740.2629377320409,10236.492307692308
1780995959,40,POST,/cart,1.400000,0.000000,11,11,12,14,16,26,26,26,26,26,26,48,0,11,20.15522444465508,8.82183387875557,108.25009271502495,16942.895833333332
1780995959,40,POST,/cart/checkout,1.100000,0.000000,9,10,11,11,13,66,66,66,66,66,66,25,0,11,49.938244223594666,8.142749778926373,813.4200097993016,6547.68
1780995959,40,GET,/product/0PUK6V6EV0,0.700000,0.000000,6,6,6,6,7,7,7,7,7,7,7,11,0,6,6.154041567986662,5.398095585405827,7.44188018143177,7700.636363636364
1780995959,40,GET,/product/1YMWWN1N4O,0.300000,0.000000,9,9,9,9,9,9,9,9,9,9,9,5,0,7,7.180711627006531,5.752255208790302,9.393253363668919,7709.4
1780995959,40,GET,/product/2ZYFJ3GM2N,0.400000,0.000000,6,6,6,6,6,6,6,6,6,6,6,7,0,6,18.865581468812056,5.720898509025574,92.03660488128662,7736.857142857143
1780995959,40,GET,/product/66VCHSJNUP,0.200000,0.000000,6,6,6,6,6,6,6,6,6,6,6,9,0,7,16.825524158775806,5.414647050201893,73.6293476074934,7675.333333333333
1780995959,40,GET,/product/6E92ZMYYFZ,0.400000,0.000000,7,7,7,7,7,7,7,7,7,7,7,7,0,7,18.47352832555771,6.186098791658878,85.78414469957352,7676.857142857143
1780995959,40,GET,/product/9SIQT8TOJO,0.100000,0.000000,6,6,6,6,6,6,6,6,6,6,6,1,0,6.346574984490871,6.346574984490871,6.346574984490871,6.346574984490871,7689.0
1780995959,40,GET,/product/L9ECAV7KIM,0.300000,0.000000,6,6,7,7,7,7,7,7,7,7,7,7,0,7,6.772580157433238,5.632901564240456,7.594290189445019,7696.857142857143
1780995959,40,GET,/product/LS4PSXUNUM,0.400000,0.000000,7,7,7,7,7,7,7,7,7,7,7,8,0,6,7.045597187243402,5.349656566977501,13.591055758297443,7691.875
1780995959,40,GET,/product/OLJCESPC7Z,0.400000,0.000000,7,7,10,10,10,10,10,10,10,10,10,6,0,7,8.572105318307877,6.727789528667927,11.736002750694752,7728.333333333333
1780995959,40,,Aggregated,23.000000,0.000000,8,9,9,10,11,16,36,78,98,98,98,524,0,9,23.06737904152513,5.349656566977501,813.4200097993016,10379.547709923665
1780995960,40,GET,/,16.800000,0.000000,8,8,9,9,11,14,25,35,79,79,79,409,0,9,22.902175185241006,6.086109206080437,740.2629377320409,10236.9902200489
1780995960,40,POST,/cart,1.300000,0.000000,10,11,12,14,16,26,26,26,26,26,26,49,0,11,19.93182871718796,8.82183387875557,108.25009271502495,16927.755102040817
1780995960,40,POST,/cart/checkout,1.100000,0.000000,9,9,10,10,11,11,11,11,11,11,11,25,0,11,49.938244223594666,8.142749778926373,813.4200097993016,6547.68
1780995960,40,GET,/product/0PUK6V6EV0,0.800000,0.000000,6,6,6,7,7,7,7,7,7,7,7,11,0,6,6.154041567986662,5.398095585405827,7.44188018143177,7700.636363636364
1780995960,40,GET,/product/1YMWWN1N4O,0.300000,0.000000,9,9,9,9,9,9,9,9,9,9,9,6,0,7,7.501669538517793,5.752255208790302,9.393253363668919,7703.666666666667
1780995960,40,GET,/product/2ZYFJ3GM2N,0.400000,0.000000,6,6,6,6,6,6,6,6,6,6,6,7,0,6,18.865581468812056,5.720898509025574,92.03660488128662,7736.857142857143
1780995960,40,GET,/product/66VCHSJNUP,0.200000,0.000000,6,6,6,6,6,6,6,6,6,6,6,9,0,7,16.825524158775806,5.414647050201893,73.6293476074934,7675.333333333333
1780995960,40,GET,/product/6E92ZMYYFZ,0.300000,0.000000,7,7,16,16,16,16,16,16,16,16,16,8,0,7,18.15476967021823,6.186098791658878,85.78414469957352,7676.0
1780995960,40,GET,/product/9SIQT8TOJO,0.100000,0.000000,6,6,6,6,6,6,6,6,6,6,6,1,0,6.346574984490871,6.346574984490871,6.346574984490871,6.346574984490871,7689.0
1780995960,40,GET,/product/L9ECAV7KIM,0.200000,0.000000,6,6,7,7,7,7,7,7,7,7,7,7,0,7,6.772580157433238,5.632901564240456,7.594290189445019,7696.857142857143
1780995960,40,GET,/product/LS4PSXUNUM,0.200000,0.000000,7,7,7,7,7,7,7,7,7,7,7,8,0,6,7.045597187243402,5.349656566977501,13.591055758297443,7691.875
1780995960,40,GET,/product/OLJCESPC7Z,0.400000,0.000000,8,8,10,10,10,10,10,10,10,10,10,7,0,8,8.442467078566551,6.727789528667927,11.736002750694752,7736.714285714285
1780995960,40,,Aggregated,22.200000,0.000000,8,9,9,10,11,15,25,27,79,79,79,547,0,9,22.491322607278715,5.349656566977501,813.4200097993016,10370.956124314442
1780995961,40,GET,/,17.100000,0.000000,8,8,9,9,11,15,19,35,71,71,71,426,0,9,22.57406616041288,6.086109206080437,740.2629377320409,10237.176056338029
1780995961,40,POST,/cart,1.700000,0.000000,11,11,14,16,26,47,47,47,47,47,47,51,0,11,20.30046870384146,8.82183387875557,108.25009271502495,16900.313725490196
1780995961,40,POST,/cart/checkout,1.100000,0.000000,9,10,10,11,11,11,11,11,11,11,11,25,0,11,49.938244223594666,8.142749778926373,813.4200097993016,6547.68
1780995961,40,GET,/product/0PUK6V6EV0,0.600000,0.000000,6,6,7,7,7,7,7,7,7,7,7,11,0,6,6.154041567986662,5.398095585405827,7.44188018143177,7700.636363636364
1780995961,40,GET,/product/1YMWWN1N4O,0.200000,0.000000,9,9,9,9,9,9,9,9,9,9,9,6,0,7,7.501669538517793,5.752255208790302,9.393253363668919,7703.666666666667
1780995961,40,GET,/product/2ZYFJ3GM2N,0.400000,0.000000,6,6,6,6,6,6,6,6,6,6,6,7,0,6,18.865581468812056,5.720898509025574,92.03660488128662,7736.857142857143
1780995961,40,GET,/product/66VCHSJNUP,0.300000,0.000000,6,6,6,6,6,6,6,6,6,6,6,9,0,7,16.825524158775806,5.414647050201893,73.6293476074934,7675.333333333333
1780995961,40,GET,/product/6E92ZMYYFZ,0.300000,0.000000,7,7,16,16,16,16,16,16,16,16,16,8,0,7,18.15476967021823,6.186098791658878,85.78414469957352,7676.0
1780995961,40,GET,/product/9SIQT8TOJO,0.100000,0.000000,6,6,6,6,6,6,6,6,6,6,6,1,0,6.346574984490871,6.346574984490871,6.346574984490871,6.346574984490871,7689.0
1780995961,40,GET,/product/L9ECAV7KIM,0.300000,0.000000,6,6,7,7,7,7,7,7,7,7,7,7,0,7,6.772580157433238,5.632901564240456,7.594290189445019,7696.857142857143
1780995961,40,GET,/product/LS4PSXUNUM,0.200000,0.000000,6,6,7,7,7,7,7,7,7,7,7,8,0,6,7.045597187243402,5.349656566977501,13.591055758297443,7691.875
1780995961,40,GET,/product/OLJCESPC7Z,0.400000,0.000000,8,8,10,10,10,10,10,10,10,10,10,7,0,8,8.442467078566551,6.727789528667927,11.736002750694752,7736.714285714285
1780995961,40,,Aggregated,22.700000,0.000000,8,9,9,10,12,16,23,35,71,71,71,566,0,9,22.28088391609095,5.349656566977501,813.4200097993016,10387.76855123675
1780995962,40,GET,/,17.300000,0.000000,8,9,9,10,12,15,19,23,71,71,71,447,0,9,22.037262799139125,6.086109206080437,740.2629377320409,10238.255033557047
1780995962,40,POST,/cart,1.700000,0.000000,11,11,14,14,16,26,47,47,47,47,47,53,0,11,19.99343123357251,8.82183387875557,108.25009271502495,16929.43396226415
1780995962,40,POST,/cart/checkout,1.100000,0.000000,10,11,16,16,20,20,20,20,20,20,20,27,0,11,47.58082388865727,8.142749778926373,813.4200097993016,6545.851851851852
1780995962,40,GET,/product/0PUK6V6EV0,0.600000,0.000000,6,6,7,7,7,7,7,7,7,7,7,11,0,6,6.154041567986662,5.398095585405827,7.44188018143177,7700.636363636364
1780995962,40,GET,/product/1YMWWN1N4O,0.200000,0.000000,9,9,34,34,34,34,34,34,34,34,34,7,0,7,11.280936455088002,5.752255208790302,33.95653795450926,7701.857142857143
1780995962,40,GET,/product/2ZYFJ3GM2N,0.400000,0.000000,6,6,6,6,8,8,8,8,8,8,8,9,0,6,16.25326917403274,5.720898509025574,92.03660488128662,7737.0
1780995962,40,GET,/product/66VCHSJNUP,0.300000,0.000000,6,6,40,40,40,40,40,40,40,40,40,10,0,7,19.156820978969336,5.414647050201893,73.6293476074934,7681.6
1780995962,40,GET,/product/6E92ZMYYFZ,0.300000,0.000000,7,7,16,16,16,16,16,16,16,16,16,8,0,7,18.15476967021823,6.186098791658878,85.78414469957352,7676.0
1780995962,40,GET,/product/9SIQT8TOJO,0.100000,0.000000,6,6,6,6,6,6,6,6,6,6,6,1,0,6.346574984490871,6.346574984490871,6.346574984490871,6.346574984490871,7689.0
1780995962,40,GET,/product/L9ECAV7KIM,0.300000,0.000000,6,6,24,24,24,24,24,24,24,24,24,8,0,7,8.95853852853179,5.632901564240456,24.260247126221657,7688.125
1780995962,40,GET,/product/LS4PSXUNUM,0.300000,0.000000,6,6,7,7,7,7,7,7,7,7,7,8,0,6,7.045597187243402,5.349656566977501,13.591055758297443,7691.875
1780995962,40,GET,/product/OLJCESPC7Z,0.400000,0.000000,8,8,10,10,10,10,10,10,10,10,10,7,0,8,8.442467078566551,6.727789528667927,11.736002750694752,7736.714285714285
1780995962,40,,Aggregated,23.000000,0.000000,8,9,10,10,14,18,24,40,71,71,71,596,0,9,21.84264144966466,5.349656566977501,813.4200097993016,10372.25
1780995963,40,GET,/,17.300000,0.000000,8,9,10,11,15,23,47,59,71,71,71,462,0,9,22.177383438704204,6.086109206080437,740.2629377320409,10238.333333333334
1780995963,40,POST,/cart,1.800000,0.000000,11,14,16,16,56,86,86,86,86,86,86,55,0,11,21.84497140009295,8.82183387875557,108.25009271502495,16904.127272727274
1780995963,40,POST,/cart/checkout,0.700000,0.000000,11,16,18,18,20,20,20,20,20,20,20,28,0,11,46.50679130905441,8.142749778926373,813.4200097993016,6545.714285714285
1780995963,40,GET,/product/0PUK6V6EV0,0.500000,0.000000,6,6,7,7,7,7,7,7,7,7,7,11,0,6,6.154041567986662,5.398095585405827,7.44188018143177,7700.636363636364
1780995963,40,GET,/product/1YMWWN1N4O,0.200000,0.000000,9,9,34,34,34,34,34,34,34,34,34,7,0,7,11.280936455088002,5.752255208790302,33.95653795450926,7701.857142857143
1780995963,40,GET,/product/2ZYFJ3GM2N,0.400000,0.000000,6,6,6,8,8,8,8,8,8,8,8,9,0,6,16.25326917403274,5.720898509025574,92.03660488128662,7737.0
1780995963,40,GET,/product/66VCHSJNUP,0.300000,0.000000,6,6,40,40,40,40,40,40,40,40,40,10,0,7,19.156820978969336,5.414647050201893,73.6293476074934,7681.6
1780995963,40,GET,/product/6E92ZMYYFZ,0.300000,0.000000,7,7,16,16,16,16,16,16,16,16,16,8,0,7,18.15476967021823,6.186098791658878,85.78414469957352,7676.0
1780995963,40,GET,/product/9SIQT8TOJO,0.100000,0.000000,6,6,6,6,6,6,6,6,6,6,6,1,0,6.346574984490871,6.346574984490871,6.346574984490871,6.346574984490871,7689.0
1780995963,40,GET,/product/L9ECAV7KIM,0.300000,0.000000,6,6,24,24,24,24,24,24,24,24,24,8,0,7,8.95853852853179,5.632901564240456,24.260247126221657,7688.125
1780995963,40,GET,/product/LS4PSXUNUM,0.300000,0.000000,6,6,7,7,7,7,7,7,7,7,7,8,0,6,7.045597187243402,5.349656566977501,13.591055758297443,7691.875
1780995963,40,GET,/product/OLJCESPC7Z,0.300000,0.000000,8,8,10,10,10,10,10,10,10,10,10,8,0,7,8.187757572159171,6.40479102730751,11.736002750694752,7733.625
1780995963,40,,Aggregated,22.500000,0.000000,8,9,10,11,18,34,51,59,86,86,86,615,0,9,22.08007033460024,5.349656566977501,813.4200097993016,10377.547967479675
1780995964,40,GET,/,17.000000,0.000000,8,9,10,12,19,38,51,62,71,71,71,478,0,9,22.08169940157665,6.086109206080437,740.2629377320409,10238.707112970711
1780995964,40,POST,/cart,1.900000,0.000000,11,14,16,47,53,56,86,86,86,86,86,57,0,11,22.881134233453817,8.82183387875557,108.25009271502495,16906.21052631579
1780995964,40,POST,/cart/checkout,0.500000,0.000000,11,16,18,20,31,31,31,31,31,31,31,31,0,11,43.6329013637958,8.142749778926373,813.4200097993016,6547.870967741936
1780995964,40,GET,/product/0PUK6V6EV0,0.400000,0.000000,6,6,7,7,7,7,7,7,7,7,7,11,0,6,6.154041567986662,5.398095585405827,7.44188018143177,7700.636363636364
1780995964,40,GET,/product/1YMWWN1N4O,0.200000,0.000000,9,9,34,34,34,34,34,34,34,34,34,7,0,7,11.280936455088002,5.752255208790302,33.95653795450926,7701.857142857143
1780995964,40,GET,/product/2ZYFJ3GM2N,0.400000,0.000000,6,6,8,8,69,69,69,69,69,69,69,10,0,6,21.502800099551678,5.720898509025574,92.03660488128662,7741.5
1780995964,40,GET,/product/66VCHSJNUP,0.300000,0.000000,28,28,40,40,40,40,40,40,40,40,40,11,0,8,19.939718175340783,5.414647050201893,73.6293476074934,7688.909090909091
1780995964,40,GET,/product/6E92ZMYYFZ,0.300000,0.000000,16,16,16,16,16,16,16,16,16,16,16,8,0,7,18.15476967021823,6.186098791658878,85.78414469957352,7676.0
1780995964,40,GET,/product/9SIQT8TOJO,0.100000,0.000000,6,6,6,6,6,6,6,6,6,6,6,1,0,6.346574984490871,6.346574984490871,6.346574984490871,6.346574984490871,7689.0
1780995964,40,GET,/product/L9ECAV7KIM,0.200000,0.000000,24,24,28,28,28,28,28,28,28,28,28,9,0,7,11.051707176698578,5.632901564240456,27.79705636203289,7684.888888888889
1780995964,40,GET,/product/LS4PSXUNUM,0.300000,0.000000,6,6,7,7,7,7,7,7,7,7,7,8,0,6,7.045597187243402,5.349656566977501,13.591055758297443,7691.875
1780995964,40,GET,/product/OLJCESPC7Z,0.200000,0.000000,8,8,10,10,10,10,10,10,10,10,10,8,0,7,8.187757572159171,6.40479102730751,11.736002750694752,7733.625
1780995964,40,,Aggregated,21.800000,0.000000,8,10,11,14,28,47,59,69,86,86,86,639,0,9,22.168763311279584,5.349656566977501,813.4200097993016,10364.66040688576
1780995965,40,GET,/,17.300000,0.000000,8,10,11,12,19,38,51,62,71,71,71,494,0,9,21.73002570422615,6.086109206080437,740.2629377320409,10239.236842105263
1780995965,40,POST,/cart,1.800000,0.000000,12,16,47,50,56,86,86,86,86,86,86,58,0,11,23.028878446925305,8.82183387875557,108.25009271502495,16894.827586206895
1780995965,40,POST,/cart/checkout,0.600000,0.000000,15,16,18,20,31,31,31,31,31,31,31,32,0,11,42.72737086284906,8.142749778926373,813.4200097993016,6548.71875
1780995965,40,GET,/product/0PUK6V6EV0,0.300000,0.000000,6,6,7,7,7,7,7,7,7,7,7,11,0,6,6.154041567986662,5.398095585405827,7.44188018143177,7700.636363636364
1780995965,40,GET,/product/1YMWWN1N4O,0.300000,0.000000,12,12,34,34,34,34,34,34,34,34,34,8,0,7,11.336074559949338,5.752255208790302,33.95653795450926,7711.375
1780995965,40,GET,/product/2ZYFJ3GM2N,0.500000,0.000000,6,8,8,69,69,69,69,69,69,69,69,10,0,6,21.502800099551678,5.720898509025574,92.03660488128662,7741.5
1780995965,40,GET,/product/66VCHSJNUP,0.400000,0.000000,28,28,40,40,40,40,40,40,40,40,40,11,0,8,19.939718175340783,5.414647050201893,73.6293476074934,7688.909090909091
1780995965,40,GET,/product/6E92ZMYYFZ,0.200000,0.000000,11,11,16,16,16,16,16,16,16,16,16,9,0,7,17.348024890654617,6.186098791658878,85.78414469957352,7683.222222222223
1780995965,40,GET,/product/9SIQT8TOJO,0.100000,0.000000,6,6,6,6,6,6,6,6,6,6,6,1,0,6.346574984490871,6.346574984490871,6.346574984490871,6.346574984490871,7689.0
1780995965,40,GET,/product/L9ECAV7KIM,0.300000,0.000000,23,23,24,24,28,28,28,28,28,28,28,11,0,7,12.349118901924653,5.632901564240456,27.79705636203289,7692.090909090909
1780995965,40,GET,/product/LS4PSXUNUM,0.300000,0.000000,6,6,7,7,7,7,7,7,7,7,7,8,0,6,7.045597187243402,5.349656566977501,13.591055758297443,7691.875
1780995965,40,GET,/product/OLJCESPC7Z,0.200000,0.000000,8,8,10,10,10,10,10,10,10,10,10,8,0,7,8.187757572159171,6.40479102730751,11.736002750694752,7733.625
1780995965,40,,Aggregated,22.300000,0.000000,9,11,12,15,28,47,59,69,86,86,86,661,0,9,21.86159972022548,5.349656566977501,813.4200097993016,10349.301059001513
1780995966,40,GET,/,17.000000,0.000000,9,10,12,13,19,38,51,62,71,71,71,509,0,9,21.438848918893015,6.086109206080437,740.2629377320409,10239.628683693516
1780995966,40,POST,/cart,2.000000,0.000000,14,19,31,47,53,56,86,86,86,86,86,61,0,11,22.787794318111217,8.82183387875557,108.25009271502495,16932.0
1780995966,40,POST,/cart/checkout,0.700000,0.000000,16,16,18,20,31,31,31,31,31,31,31,34,0,11,41.04437166824937,8.142749778926373,813.4200097993016,6548.088235294118
1780995966,40,GET,/product/0PUK6V6EV0,0.300000,0.000000,7,7,12,12,12,12,12,12,12,12,12,12,0,6,6.619960302487016,5.398095585405827,11.74506638199091,7696.0
1780995966,40,GET,/product/1YMWWN1N4O,0.300000,0.000000,9,12,12,34,34,34,34,34,34,34,34,9,0,8,10.993113844758934,5.752255208790302,33.95653795450926,7709.333333333333
1780995966,40,GET,/product/2ZYFJ3GM2N,0.500000,0.000000,6,8,8,69,69,69,69,69,69,69,69,10,0,6,21.502800099551678,5.720898509025574,92.03660488128662,7741.5
1780995966,40,GET,/product/66VCHSJNUP,0.300000,0.000000,14,28,28,40,40,40,40,40,40,40,40,12,0,8,19.42885162619253,5.414647050201893,73.6293476074934,7682.916666666667
1780995966,40,GET,/product/6E92ZMYYFZ,0.200000,0.000000,11,11,16,16,16,16,16,16,16,16,16,9,0,7,17.348024890654617,6.186098791658878,85.78414469957352,7683.222222222223
1780995966,40,GET,/product/9SIQT8TOJO,0.100000,0.000000,6,6,6,6,6,6,6,6,6,6,6,1,0,6.346574984490871,6.346574984490871,6.346574984490871,6.346574984490871,7689.0
1780995966,40,GET,/product/L9ECAV7KIM,0.300000,0.000000,23,24,24,28,28,28,28,28,28,28,28,11,0,7,12.349118901924653,5.632901564240456,27.79705636203289,7692.090909090909
1780995966,40,GET,/product/LS4PSXUNUM,0.300000,0.000000,7,7,7,7,7,7,7,7,7,7,7,8,0,6,7.045597187243402,5.349656566977501,13.591055758297443,7691.875
1780995966,40,GET,/product/OLJCESPC7Z,0.300000,0.000000,8,8,10,10,10,10,10,10,10,10,10,8,0,7,8.187757572159171,6.40479102730751,11.736002750694752,7733.625
1780995966,40,,Aggregated,22.300000,0.000000,10,12,14,16,28,47,59,69,86,86,86,684,0,9,21.556543718685795,5.349656566977501,813.4200097993016,10356.226608187135
1780995967,40,GET,/,16.900000,0.000000,10,11,13,14,19,38,51,62,71,71,71,526,0,9,21.155857829865734,6.086109206080437,740.2629377320409,10239.69391634981
1780995967,40,POST,/cart,2.100000,0.000000,16,19,31,47,53,56,86,86,86,86,86,62,0,11,22.7249777845798,8.82183387875557,108.25009271502495,16920.354838709678
1780995967,40,POST,/cart/checkout,1.000000,0.000000,16,16,18,20,31,31,31,31,31,31,31,34,0,11,41.04437166824937,8.142749778926373,813.4200097993016,6548.088235294118
1780995967,40,GET,/product/0PUK6V6EV0,0.300000,0.000000,7,7,12,12,12,12,12,12,12,12,12,12,0,6,6.619960302487016,5.398095585405827,11.74506638199091,7696.0
1780995967,40,GET,/product/1YMWWN1N4O,0.200000,0.000000,12,12,34,34,34,34,34,34,34,34,34,9,0,8,10.993113844758934,5.752255208790302,33.95653795450926,7709.333333333333
1780995967,40,GET,/product/2ZYFJ3GM2N,0.600000,0.000000,6,8,8,69,69,69,69,69,69,69,69,10,0,6,21.502800099551678,5.720898509025574,92.03660488128662,7741.5
1780995967,40,GET,/product/66VCHSJNUP,0.400000,0.000000,28,28,40,40,40,40,40,40,40,40,40,12,0,8,19.42885162619253,5.414647050201893,73.6293476074934,7682.916666666667
1780995967,40,GET,/product/6E92ZMYYFZ,0.200000,0.000000,11,11,16,16,16,16,16,16,16,16,16,9,0,7,17.348024890654617,6.186098791658878,85.78414469957352,7683.222222222223
1780995967,40,GET,/product/9SIQT8TOJO,0.100000,0.000000,22,22,22,22,22,22,22,22,22,22,22,2,0,6.346574984490871,14.251258224248886,6.346574984490871,22.1559414640069,7686.0
1780995967,40,GET,/product/L9ECAV7KIM,0.300000,0.000000,23,24,24,28,28,28,28,28,28,28,28,11,0,7,12.349118901924653,5.632901564240456,27.79705636203289,7692.090909090909
1780995967,40,GET,/product/LS4PSXUNUM,0.300000,0.000000,7,7,7,7,7,7,7,7,7,7,7,8,0,6,7.045597187243402,5.349656566977501,13.591055758297443,7691.875
1780995967,40,GET,/product/OLJCESPC7Z,0.300000,0.000000,8,8,8,8,8,8,8,8,8,8,8,8,0,7,8.187757572159171,6.40479102730751,11.736002750694752,7733.625
1780995967,40,,Aggregated,22.700000,0.000000,10,12,15,17,28,47,59,69,86,86,86,703,0,9,21.33902152642544,5.349656566977501,813.4200097993016,10357.980085348507
1780995968,40,GET,/,17.300000,0.000000,10,12,14,15,21,38,51,62,71,71,71,545,0,9,20.858578484744655,6.086109206080437,740.2629377320409,10239.955963302753
1780995968,40,POST,/cart,1.900000,0.000000,19,22,47,50,56,86,86,86,86,86,86,63,0,12,22.556828674934213,8.82183387875557,108.25009271502495,16931.5873015873
1780995968,40,POST,/cart/checkout,0.900000,0.000000,15,16,18,18,20,31,31,31,31,31,31,35,0,12,40.254201899681775,8.142749778926373,813.4200097993016,6548.314285714286
1780995968,40,GET,/product/0PUK6V6EV0,0.300000,0.000000,12,12,12,12,12,12,12,12,12,12,12,12,0,6,6.619960302487016,5.398095585405827,11.74506638199091,7696.0
1780995968,40,GET,/product/1YMWWN1N4O,0.300000,0.000000,12,12,34,34,34,34,34,34,34,34,34,9,0,8,10.993113844758934,5.752255208790302,33.95653795450926,7709.333333333333
1780995968,40,GET,/product/2ZYFJ3GM2N,0.500000,0.000000,6,8,8,69,69,69,69,69,69,69,69,10,0,6,21.502800099551678,5.720898509025574,92.03660488128662,7741.5
1780995968,40,GET,/product/66VCHSJNUP,0.400000,0.000000,24,28,28,40,40,40,40,40,40,40,40,13,0,11,19.79616893312106,5.414647050201893,73.6293476074934,7689.461538461538
1780995968,40,GET,/product/6E92ZMYYFZ,0.300000,0.000000,11,11,16,16,16,16,16,16,16,16,16,10,0,7,16.318776737898588,6.186098791658878,85.78414469957352,7681.5
1780995968,40,GET,/product/9SIQT8TOJO,0.000000,0.000000,22,22,22,22,22,22,22,22,22,22,22,2,0,6.346574984490871,14.251258224248886,6.346574984490871,22.1559414640069,7686.0
1780995968,40,GET,/product/L9ECAV7KIM,0.500000,0.000000,23,24,24,28,28,28,28,28,28,28,28,11,0,7,12.349118901924653,5.632901564240456,27.79705636203289,7692.090909090909
1780995968,40,GET,/product/LS4PSXUNUM,0.200000,0.000000,10,10,10,10,10,10,10,10,10,10,10,9,0,6,7.407320145931509,5.349656566977501,13.591055758297443,7687.444444444444
1780995968,40,GET,/product/OLJCESPC7Z,0.200000,0.000000,8,8,8,8,8,8,8,8,8,8,8,8,0,7,8.187757572159171,6.40479102730751,11.736002750694752,7733.625
1780995968,40,,Aggregated,22.800000,0.000000,11,13,15,18,28,47,59,69,86,86,86,727,0,9,21.056886968629478,5.349656566977501,813.4200097993016,10348.86795048143
1780995969,40,GET,/,16.800000,0.000000,10,12,14,15,21,38,51,62,71,71,71,558,0,9,20.5914621344871,6.086109206080437,740.2629377320409,10239.939068100359
1780995969,40,POST,/cart,2.100000,0.000000,19,31,47,50,56,86,86,86,86,86,86,65,0,12,22.351777682510708,8.82183387875557,108.25009271502495,16932.169230769232
1780995969,40,POST,/cart/checkout,1.000000,0.000000,13,16,16,18,20,31,31,31,31,31,31,38,0,11,37.82015019341519,7.6406653970479965,813.4200097993016,6549.236842105263
1780995969,40,GET,/product/0PUK6V6EV0,0.300000,0.000000,12,12,12,12,12,12,12,12,12,12,12,12,0,6,6.619960302487016,5.398095585405827,11.74506638199091,7696.0
1780995969,40,GET,/product/1YMWWN1N4O,0.400000,0.000000,12,12,34,34,34,34,34,34,34,34,34,9,0,8,10.993113844758934,5.752255208790302,33.95653795450926,7709.333333333333
1780995969,40,GET,/product/2ZYFJ3GM2N,0.300000,0.000000,8,8,69,69,69,69,69,69,69,69,69,10,0,6,21.502800099551678,5.720898509025574,92.03660488128662,7741.5
1780995969,40,GET,/product/66VCHSJNUP,0.400000,0.000000,24,28,28,40,40,40,40,40,40,40,40,13,0,11,19.79616893312106,5.414647050201893,73.6293476074934,7689.461538461538
1780995969,40,GET,/product/6E92ZMYYFZ,0.200000,0.000000,11,11,16,16,16,16,16,16,16,16,16,10,0,7,16.318776737898588,6.186098791658878,85.78414469957352,7681.5
1780995969,40,GET,/product/9SIQT8TOJO,0.000000,0.000000,22,22,22,22,22,22,22,22,22,22,22,2,0,6.346574984490871,14.251258224248886,6.346574984490871,22.1559414640069,7686.0
1780995969,40,GET,/product/L9ECAV7KIM,0.500000,0.000000,23,24,24,28,28,28,28,28,28,28,28,11,0,7,12.349118901924653,5.632901564240456,27.79705636203289,7692.090909090909
1780995969,40,GET,/product/LS4PSXUNUM,0.200000,0.000000,10,10,10,10,10,10,10,10,10,10,10,9,0,6,7.407320145931509,5.349656566977501,13.591055758297443,7687.444444444444
1780995969,40,GET,/product/OLJCESPC7Z,0.200000,0.000000,8,8,8,8,8,8,8,8,8,8,8,8,0,7,8.187757572159171,6.40479102730751,11.736002750694752,7733.625
1780995969,40,,Aggregated,22.400000,0.000000,11,13,16,18,31,47,59,69,86,86,86,745,0,9,20.79264618356356,5.349656566977501,813.4200097993016,10349.420134228189
1780995970,40,GET,/,17.100000,0.000000,10,13,15,16,26,40,59,71,76,76,76,580,0,9,20.41005667555949,6.086109206080437,740.2629377320409,10240.456896551725
1780995970,40,POST,/cart,2.100000,0.000000,19,31,47,50,56,86,86,86,86,86,86,66,0,12,22.160473900536697,8.82183387875557,108.25009271502495,16921.28787878788
1780995970,40,POST,/cart/checkout,0.900000,0.000000,13,16,16,18,20,31,31,31,31,31,31,39,0,11,37.125488695425865,7.6406653970479965,813.4200097993016,6549.282051282052
1780995970,40,GET,/product/0PUK6V6EV0,0.200000,0.000000,12,12,12,12,12,12,12,12,12,12,12,12,0,6,6.619960302487016,5.398095585405827,11.74506638199091,7696.0
1780995970,40,GET,/product/1YMWWN1N4O,0.400000,0.000000,12,12,34,34,34,34,34,34,34,34,34,9,0,8,10.993113844758934,5.752255208790302,33.95653795450926,7709.333333333333
1780995970,40,GET,/product/2ZYFJ3GM2N,0.300000,0.000000,8,8,69,69,69,69,69,69,69,69,69,10,0,6,21.502800099551678,5.720898509025574,92.03660488128662,7741.5
1780995970,40,GET,/product/66VCHSJNUP,0.400000,0.000000,28,28,40,40,40,40,40,40,40,40,40,13,0,11,19.79616893312106,5.414647050201893,73.6293476074934,7689.461538461538
1780995970,40,GET,/product/6E92ZMYYFZ,0.200000,0.000000,11,11,16,16,16,16,16,16,16,16,16,10,0,7,16.318776737898588,6.186098791658878,85.78414469957352,7681.5
1780995970,40,GET,/product/9SIQT8TOJO,0.100000,0.000000,22,22,22,22,22,22,22,22,22,22,22,2,0,6.346574984490871,14.251258224248886,6.346574984490871,22.1559414640069,7686.0
1780995970,40,GET,/product/L9ECAV7KIM,0.500000,0.000000,24,24,28,28,28,28,28,28,28,28,28,11,0,7,12.349118901924653,5.632901564240456,27.79705636203289,7692.090909090909
1780995970,40,GET,/product/LS4PSXUNUM,0.200000,0.000000,10,10,10,10,10,10,10,10,10,10,10,9,0,6,7.407320145931509,5.349656566977501,13.591055758297443,7687.444444444444
1780995970,40,GET,/product/OLJCESPC7Z,0.200000,0.000000,6,6,6,6,6,6,6,6,6,6,6,8,0,7,8.187757572159171,6.40479102730751,11.736002750694752,7733.625
1780995970,40,,Aggregated,22.500000,0.000000,11,14,16,19,34,47,59,69,86,86,86,769,0,9,20.622591010896762,5.349656566977501,813.4200097993016,10349.365409622887
1780995972,40,GET,/,17.000000,0.000000,10,12,15,16,30,40,59,62,76,76,76,594,0,9,20.11558419933875,6.086109206080437,740.2629377320409,10240.819865319865
1780995972,40,POST,/cart,1.800000,0.000000,19,22,50,53,56,86,86,86,86,86,86,68,0,11,21.795753211549975,8.82183387875557,108.25009271502495,16922.191176470587
1780995972,40,POST,/cart/checkout,1.000000,0.000000,11,13,15,16,18,31,31,31,31,31,31,40,0,11,36.43213186878711,7.6406653970479965,813.4200097993016,6549.025
1780995972,40,GET,/product/0PUK6V6EV0,0.200000,0.000000,12,12,12,12,12,12,12,12,12,12,12,12,0,6,6.619960302487016,5.398095585405827,11.74506638199091,7696.0
1780995972,40,GET,/product/1YMWWN1N4O,0.400000,0.000000,12,12,34,34,34,34,34,34,34,34,34,9,0,8,10.993113844758934,5.752255208790302,33.95653795450926,7709.333333333333
1780995972,40,GET,/product/2ZYFJ3GM2N,0.300000,0.000000,8,8,69,69,69,69,69,69,69,69,69,10,0,6,21.502800099551678,5.720898509025574,92.03660488128662,7741.5
1780995972,40,GET,/product/66VCHSJNUP,0.400000,0.000000,28,28,40,40,40,40,40,40,40,40,40,13,0,11,19.79616893312106,5.414647050201893,73.6293476074934,7689.461538461538
1780995972,40,GET,/product/6E92ZMYYFZ,0.300000,0.000000,11,11,11,11,11,11,11,11,11,11,11,10,0,7,16.318776737898588,6.186098791658878,85.78414469957352,7681.5
1780995972,40,GET,/product/9SIQT8TOJO,0.100000,0.000000,22,22,22,22,22,22,22,22,22,22,22,2,0,6.346574984490871,14.251258224248886,6.346574984490871,22.1559414640069,7686.0
1780995972,40,GET,/product/L9ECAV7KIM,0.400000,0.000000,24,24,28,28,28,28,28,28,28,28,28,11,0,7,12.349118901924653,5.632901564240456,27.79705636203289,7692.090909090909
1780995972,40,GET,/product/LS4PSXUNUM,0.200000,0.000000,10,10,10,10,10,10,10,10,10,10,10,9,0,6,7.407320145931509,5.349656566977501,13.591055758297443,7687.444444444444
1780995972,40,GET,/product/OLJCESPC7Z,0.200000,0.000000,6,6,6,6,6,6,6,6,6,6,6,9,0,7,7.932163981927766,5.887415260076523,11.736002750694752,7737.333333333333
1780995972,40,,Aggregated,22.300000,0.000000,11,13,16,18,34,49,62,76,86,86,86,787,0,9,20.335953242442507,5.349656566977501,813.4200097993016,10356.3583227446
1780995973,40,GET,/,16.600000,0.000000,10,11,13,15,17,30,49,62,76,76,76,607,0,9,19.883795649034187,6.086109206080437,740.2629377320409,10240.785831960462
1780995973,40,POST,/cart,1.700000,0.000000,12,19,20,22,50,53,53,53,53,53,53,72,0,11,21.18840483793368,8.82183387875557,108.25009271502495,16962.847222222223
1780995973,40,POST,/cart/checkout,1.300000,0.000000,11,12,13,15,16,31,31,31,31,31,31,41,0,11,35.75021525981223,7.6406653970479965,813.4200097993016,6548.975609756098
1780995973,40,GET,/product/0PUK6V6EV0,0.100000,0.000000,12,12,12,12,12,12,12,12,12,12,12,12,0,6,6.619960302487016,5.398095585405827,11.74506638199091,7696.0
1780995973,40,GET,/product/1YMWWN1N4O,0.400000,0.000000,12,12,12,12,12,12,12,12,12,12,12,9,0,8,10.993113844758934,5.752255208790302,33.95653795450926,7709.333333333333
1780995973,40,GET,/product/2ZYFJ3GM2N,0.300000,0.000000,69,69,69,69,69,69,69,69,69,69,69,10,0,6,21.502800099551678,5.720898509025574,92.03660488128662,7741.5
1780995973,40,GET,/product/66VCHSJNUP,0.400000,0.000000,24,24,28,28,28,28,28,28,28,28,28,13,0,11,19.79616893312106,5.414647050201893,73.6293476074934,7689.461538461538
1780995973,40,GET,/product/6E92ZMYYFZ,0.300000,0.000000,11,11,11,11,11,11,11,11,11,11,11,10,0,7,16.318776737898588,6.186098791658878,85.78414469957352,7681.5
1780995973,40,GET,/product/9SIQT8TOJO,0.100000,0.000000,22,22,22,22,22,22,22,22,22,22,22,2,0,6.346574984490871,14.251258224248886,6.346574984490871,22.1559414640069,7686.0
1780995973,40,GET,/product/L9ECAV7KIM,0.400000,0.000000,23,23,28,28,28,28,28,28,28,28,28,11,0,7,12.349118901924653,5.632901564240456,27.79705636203289,7692.090909090909
1780995973,40,GET,/product/LS4PSXUNUM,0.100000,0.000000,10,10,10,10,10,10,10,10,10,10,10,9,0,6,7.407320145931509,5.349656566977501,13.591055758297443,7687.444444444444
1780995973,40,GET,/product/OLJCESPC7Z,0.200000,0.000000,6,6,6,6,6,6,6,6,6,6,6,9,0,7,7.932163981927766,5.887415260076523,11.736002750694752,7737.333333333333
1780995973,40,,Aggregated,21.900000,0.000000,10,12,14,16,24,35,53,69,76,76,76,805,0,9,20.095813201497432,5.349656566977501,813.4200097993016,10385.996273291925
1780995974,40,GET,/,17.000000,0.000000,9,11,12,13,16,18,30,40,76,76,76,629,0,9,19.465576690016093,6.086109206080437,740.2629377320409,10241.37519872814
1780995974,40,POST,/cart,1.700000,0.000000,12,13,19,20,22,31,31,31,31,31,31,72,0,11,21.18840483793368,8.82183387875557,108.25009271502495,16962.847222222223
1780995974,40,POST,/cart/checkout,1.400000,0.000000,11,12,13,15,16,16,16,16,16,16,16,41,0,11,35.75021525981223,7.6406653970479965,813.4200097993016,6548.975609756098
1780995974,40,GET,/product/0PUK6V6EV0,0.100000,0.000000,12,12,12,12,12,12,12,12,12,12,12,12,0,6,6.619960302487016,5.398095585405827,11.74506638199091,7696.0
1780995974,40,GET,/product/1YMWWN1N4O,0.300000,0.000000,12,12,12,12,12,12,12,12,12,12,12,9,0,8,10.993113844758934,5.752255208790302,33.95653795450926,7709.333333333333
1780995974,40,GET,/product/2ZYFJ3GM2N,0.300000,0.000000,69,69,69,69,69,69,69,69,69,69,69,10,0,6,21.502800099551678,5.720898509025574,92.03660488128662,7741.5
1780995974,40,GET,/product/66VCHSJNUP,0.400000,0.000000,24,24,28,28,28,28,28,28,28,28,28,13,0,11,19.79616893312106,5.414647050201893,73.6293476074934,7689.461538461538
1780995974,40,GET,/product/6E92ZMYYFZ,0.200000,0.000000,11,11,11,11,11,11,11,11,11,11,11,10,0,7,16.318776737898588,6.186098791658878,85.78414469957352,7681.5
1780995974,40,GET,/product/9SIQT8TOJO,0.100000,0.000000,22,22,22,22,22,22,22,22,22,22,22,2,0,6.346574984490871,14.251258224248886,6.346574984490871,22.1559414640069,7686.0
1780995974,40,GET,/product/L9ECAV7KIM,0.400000,0.000000,13,13,23,23,23,23,23,23,23,23,23,12,0,7,11.800754737729827,5.632901564240456,27.79705636203289,7695.083333333333
1780995974,40,GET,/product/LS4PSXUNUM,0.100000,0.000000,10,10,10,10,10,10,10,10,10,10,10,9,0,6,7.407320145931509,5.349656566977501,13.591055758297443,7687.444444444444
1780995974,40,GET,/product/OLJCESPC7Z,0.100000,0.000000,6,6,6,6,6,6,6,6,6,6,6,10,0,7,7.696110662072897,5.571630783379078,11.736002750694752,7741.7
1780995974,40,,Aggregated,22.100000,0.000000,10,11,13,14,17,22,31,40,76,76,76,829,0,9,19.73806246800575,5.349656566977501,813.4200097993016,10376.241254523522
1780995975,40,GET,/,15.900000,0.000000,9,11,12,13,16,18,30,40,76,76,76,646,0,9,19.234605365643283,6.086109206080437,740.2629377320409,10241.657894736842
1780995975,40,POST,/cart,1.900000,0.000000,12,13,19,19,20,22,22,22,22,22,22,74,0,11,20.98217052785126,8.82183387875557,108.25009271502495,17000.797297297297
1780995975,40,POST,/cart/checkout,1.400000,0.000000,11,12,13,14,16,16,16,16,16,16,16,42,0,11,35.22789839743858,7.6406653970479965,813.4200097993016,6548.5
1780995975,40,GET,/product/0PUK6V6EV0,0.100000,0.000000,12,12,12,12,12,12,12,12,12,12,12,12,0,6,6.619960302487016,5.398095585405827,11.74506638199091,7696.0
1780995975,40,GET,/product/1YMWWN1N4O,0.200000,0.000000,8,8,8,8,8,8,8,8,8,8,8,9,0,8,10.993113844758934,5.752255208790302,33.95653795450926,7709.333333333333
1780995975,40,GET,/product/2ZYFJ3GM2N,0.100000,0.000000,69,69,69,69,69,69,69,69,69,69,69,11,0,6,20.34333830868656,5.720898509025574,92.03660488128662,7747.727272727273
1780995975,40,GET,/product/66VCHSJNUP,0.300000,0.000000,24,24,24,24,24,24,24,24,24,24,24,13,0,11,19.79616893312106,5.414647050201893,73.6293476074934,7689.461538461538
1780995975,40,GET,/product/6E92ZMYYFZ,0.200000,0.000000,11,11,11,11,11,11,11,11,11,11,11,10,0,7,16.318776737898588,6.186098791658878,85.78414469957352,7681.5
1780995975,40,GET,/product/9SIQT8TOJO,0.100000,0.000000,22,22,22,22,22,22,22,22,22,22,22,3,0,8,12.084917786220709,6.346574984490871,22.1559414640069,7690.333333333333
1780995975,40,GET,/product/L9ECAV7KIM,0.300000,0.000000,13,13,23,23,23,23,23,23,23,23,23,12,0,7,11.800754737729827,5.632901564240456,27.79705636203289,7695.083333333333
1780995975,40,GET,/product/LS4PSXUNUM,0.100000,0.000000,10,10,10,10,10,10,10,10,10,10,10,9,0,6,7.407320145931509,5.349656566977501,13.591055758297443,7687.444444444444
1780995975,40,GET,/product/OLJCESPC7Z,0.200000,0.000000,6,6,6,6,6,6,6,6,6,6,6,10,0,7,7.696110662072897,5.571630783379078,11.736002750694752,7741.7
1780995975,40,,Aggregated,20.800000,0.000000,10,11,13,14,16,20,30,40,76,76,76,851,0,9,19.508801938005046,5.349656566977501,813.4200097993016,10381.858989424207
1780995976,40,GET,/,15.900000,0.000000,9,10,11,13,15,18,30,40,76,76,76,662,0,9,18.977091020237644,6.086109206080437,740.2629377320409,10242.116314199397
1780995976,40,POST,/cart,1.900000,0.000000,11,12,13,14,19,20,20,20,20,20,20,76,0,11,20.679590880478685,8.82183387875557,108.25009271502495,16999.315789473683
1780995976,40,POST,/cart/checkout,1.400000,0.000000,11,12,13,14,16,16,16,16,16,16,16,42,0,11,35.22789839743858,7.6406653970479965,813.4200097993016,6548.5
1780995976,40,GET,/product/0PUK6V6EV0,0.100000,0.000000,12,12,12,12,12,12,12,12,12,12,12,12,0,6,6.619960302487016,5.398095585405827,11.74506638199091,7696.0
1780995976,40,GET,/product/1YMWWN1N4O,0.200000,0.000000,8,8,8,8,8,8,8,8,8,8,8,9,0,8,10.993113844758934,5.752255208790302,33.95653795450926,7709.333333333333
1780995976,40,GET,/product/2ZYFJ3GM2N,0.100000,0.000000,69,69,69,69,69,69,69,69,69,69,69,11,0,6,20.34333830868656,5.720898509025574,92.03660488128662,7747.727272727273
1780995976,40,GET,/product/66VCHSJNUP,0.300000,0.000000,24,24,24,24,24,24,24,24,24,24,24,13,0,11,19.79616893312106,5.414647050201893,73.6293476074934,7689.461538461538
1780995976,40,GET,/product/6E92ZMYYFZ,0.200000,0.000000,7,7,7,7,7,7,7,7,7,7,7,10,0,7,16.318776737898588,6.186098791658878,85.78414469957352,7681.5
1780995976,40,GET,/product/9SIQT8TOJO,0.100000,0.000000,22,22,22,22,22,22,22,22,22,22,22,3,0,8,12.084917786220709,6.346574984490871,22.1559414640069,7690.333333333333
1780995976,40,GET,/product/L9ECAV7KIM,0.300000,0.000000,13,13,23,23,23,23,23,23,23,23,23,12,0,7,11.800754737729827,5.632901564240456,27.79705636203289,7695.083333333333
1780995976,40,GET,/product/LS4PSXUNUM,0.100000,0.000000,10,10,10,10,10,10,10,10,10,10,10,10,0,6,7.22015080973506,5.349656566977501,13.591055758297443,7693.0
1780995976,40,GET,/product/OLJCESPC7Z,0.200000,0.000000,6,6,7,7,7,7,7,7,7,7,7,11,0,7,7.599059577015313,5.571630783379078,11.736002750694752,7746.727272727273
1780995976,40,,Aggregated,20.800000,0.000000,9,10,12,13,16,20,30,40,76,76,76,871,0,9,19.254192998622095,5.349656566977501,813.4200097993016,10388.703788748564
1780995977,40,GET,/,16.700000,0.000000,9,10,11,13,16,21,37,40,76,76,76,679,0,9,18.84647234396485,6.086109206080437,740.2629377320409,10242.368188512519
1780995977,40,POST,/cart,1.700000,0.000000,12,12,14,14,20,35,35,35,35,35,35,78,0,11,20.815846963952747,8.82183387875557,108.25009271502495,16998.24358974359
1780995977,40,POST,/cart/checkout,1.000000,0.000000,11,11,11,13,14,14,14,14,14,14,14,43,0,11,34.66142031775657,7.6406653970479965,813.4200097993016,6548.139534883721
1780995977,40,GET,/product/0PUK6V6EV0,0.100000,0.000000,12,12,12,12,12,12,12,12,12,12,12,13,0,6,6.69467427696173,5.398095585405827,11.74506638199091,7703.076923076923
1780995977,40,GET,/product/1YMWWN1N4O,0.200000,0.000000,8,8,8,8,8,8,8,8,8,8,8,9,0,8,10.993113844758934,5.752255208790302,33.95653795450926,7709.333333333333
1780995977,40,GET,/product/2ZYFJ3GM2N,0.100000,0.000000,14,14,69,69,69,69,69,69,69,69,69,12,0,6,19.848354160785675,5.720898509025574,92.03660488128662,7741.0
1780995977,40,GET,/product/66VCHSJNUP,0.200000,0.000000,24,24,24,24,24,24,24,24,24,24,24,13,0,11,19.79616893312106,5.414647050201893,73.6293476074934,7689.461538461538
1780995977,40,GET,/product/6E92ZMYYFZ,0.200000,0.000000,7,7,7,7,7,7,7,7,7,7,7,10,0,7,16.318776737898588,6.186098791658878,85.78414469957352,7681.5
1780995977,40,GET,/product/9SIQT8TOJO,0.200000,0.000000,22,22,29,29,29,29,29,29,29,29,29,5,0,8,14.362461864948273,6.346574984490871,29.170441441237926,7728.8
1780995977,40,GET,/product/L9ECAV7KIM,0.300000,0.000000,13,13,23,23,23,23,23,23,23,23,23,13,0,7,11.312150468046848,5.448899231851101,27.79705636203289,7692.461538461538
1780995977,40,GET,/product/LS4PSXUNUM,0.100000,0.000000,10,10,10,10,10,10,10,10,10,10,10,10,0,6,7.22015080973506,5.349656566977501,13.591055758297443,7693.0
1780995977,40,GET,/product/OLJCESPC7Z,0.200000,0.000000,6,6,7,7,7,7,7,7,7,7,7,12,0,7,7.470283114040892,5.571630783379078,11.736002750694752,7748.083333333333
1780995977,40,,Aggregated,21.000000,0.000000,9,10,12,13,16,21,37,40,76,76,76,897,0,9,19.10393983603288,5.349656566977501,813.4200097993016,10378.760312151617
1780995978,40,GET,/,16.700000,0.000000,8,10,11,12,19,30,51,62,76,76,76,698,0,9,18.842757431347255,6.086109206080437,740.2629377320409,10242.626074498567
1780995978,40,POST,/cart,1.800000,0.000000,11,12,13,14,20,35,35,35,35,35,35,81,0,11,20.4429438015745,8.82183387875557,108.25009271502495,17022.753086419754
1780995978,40,POST,/cart/checkout,1.000000,0.000000,11,11,11,11,14,14,14,14,14,14,14,43,0,11,34.66142031775657,7.6406653970479965,813.4200097993016,6548.139534883721
1780995978,40,GET,/product/0PUK6V6EV0,0.100000,0.000000,12,12,12,12,12,12,12,12,12,12,12,13,0,6,6.69467427696173,5.398095585405827,11.74506638199091,7703.076923076923
1780995978,40,GET,/product/1YMWWN1N4O,0.100000,0.000000,8,8,8,8,8,8,8,8,8,8,8,9,0,8,10.993113844758934,5.752255208790302,33.95653795450926,7709.333333333333
1780995978,40,GET,/product/2ZYFJ3GM2N,0.100000,0.000000,17,17,50,50,69,69,69,69,69,69,69,15,0,8,20.88678249468406,5.720898509025574,92.03660488128662,7736.8
1780995978,40,GET,/product/66VCHSJNUP,0.200000,0.000000,6,6,24,24,24,24,24,24,24,24,24,16,0,7,17.1586109790951,5.2748918533325195,73.6293476074934,7686.4375
1780995978,40,GET,/product/6E92ZMYYFZ,0.100000,0.000000,7,7,7,7,7,7,7,7,7,7,7,10,0,7,16.318776737898588,6.186098791658878,85.78414469957352,7681.5
1780995978,40,GET,/product/9SIQT8TOJO,0.200000,0.000000,22,22,29,29,29,29,29,29,29,29,29,5,0,8,14.362461864948273,6.346574984490871,29.170441441237926,7728.8
1780995978,40,GET,/product/L9ECAV7KIM,0.100000,0.000000,13,13,23,23,23,23,23,23,23,23,23,13,0,7,11.312150468046848,5.448899231851101,27.79705636203289,7692.461538461538
1780995978,40,GET,/product/LS4PSXUNUM,0.200000,0.000000,6,6,10,10,10,10,10,10,10,10,10,11,0,6,7.094166918911717,5.349656566977501,13.591055758297443,7688.545454545455
1780995978,40,GET,/product/OLJCESPC7Z,0.300000,0.000000,6,6,6,7,7,7,7,7,7,7,7,13,0,7,7.313232797269638,5.428628996014595,11.736002750694752,7751.076923076923
1780995978,40,,Aggregated,20.900000,0.000000,9,10,11,12,19,30,51,62,76,76,76,927,0,9,19.015683287186015,5.2748918533325195,813.4200097993016,10376.617044228695
1780995979,40,GET,/,16.700000,0.000000,8,9,11,12,19,30,51,62,76,76,76,718,0,9,18.559832537084983,6.086109206080437,740.2629377320409,10243.314763231198
1780995979,40,POST,/cart,1.800000,0.000000,11,11,13,14,17,35,35,35,35,35,35,85,0,11,20.00674389521865,8.82183387875557,108.25009271502495,17035.835294117645
1780995979,40,POST,/cart/checkout,1.000000,0.000000,11,11,11,14,14,14,14,14,14,14,14,43,0,11,34.66142031775657,7.6406653970479965,813.4200097993016,6548.139534883721
1780995979,40,GET,/product/0PUK6V6EV0,0.100000,0.000000,12,12,12,12,12,12,12,12,12,12,12,13,0,6,6.69467427696173,5.398095585405827,11.74506638199091,7703.076923076923
1780995979,40,GET,/product/1YMWWN1N4O,0.100000,0.000000,8,8,8,8,8,8,8,8,8,8,8,9,0,8,10.993113844758934,5.752255208790302,33.95653795450926,7709.333333333333
1780995979,40,GET,/product/2ZYFJ3GM2N,0.100000,0.000000,14,14,17,17,50,50,50,50,50,50,50,16,0,8,20.06969478679821,5.720898509025574,92.03660488128662,7740.5
1780995979,40,GET,/product/66VCHSJNUP,0.200000,0.000000,6,6,24,24,24,24,24,24,24,24,24,16,0,7,17.1586109790951,5.2748918533325195,73.6293476074934,7686.4375
1780995979,40,GET,/product/6E92ZMYYFZ,0.100000,0.000000,7,7,7,7,7,7,7,7,7,7,7,10,0,7,16.318776737898588,6.186098791658878,85.78414469957352,7681.5
1780995979,40,GET,/product/9SIQT8TOJO,0.200000,0.000000,8,22,22,29,29,29,29,29,29,29,29,6,0,6,12.820967007428408,5.1134927198290825,29.170441441237926,7735.666666666667
1780995979,40,GET,/product/L9ECAV7KIM,0.100000,0.000000,6,6,10,10,10,10,10,10,10,10,10,14,0,7,11.228546832821198,5.448899231851101,27.79705636203289,7688.5
1780995979,40,GET,/product/LS4PSXUNUM,0.200000,0.000000,6,6,10,10,10,10,10,10,10,10,10,11,0,6,7.094166918911717,5.349656566977501,13.591055758297443,7688.545454545455
1780995979,40,GET,/product/OLJCESPC7Z,0.300000,0.000000,6,6,6,7,7,7,7,7,7,7,7,13,0,7,7.313232797269638,5.428628996014595,11.736002750694752,7751.076923076923
1780995979,40,,Aggregated,20.900000,0.000000,8,10,11,12,17,29,50,55,76,76,76,954,0,9,18.730625614672274,5.1134927198290825,813.4200097993016,10395.049266247379
1780995980,40,GET,/,17.000000,0.000000,8,9,10,11,16,21,51,55,62,62,62,728,0,9,18.413919175125578,6.086109206080437,740.2629377320409,10243.521978021978
1780995980,40,POST,/cart,1.600000,0.000000,11,11,13,14,17,35,35,35,35,35,35,86,0,11,19.892017985152645,8.82183387875557,108.25009271502495,17042.89534883721
1780995980,40,POST,/cart/checkout,0.900000,0.000000,9,10,11,11,14,14,14,14,14,14,14,46,0,11,33.01020150842226,7.6406653970479965,813.4200097993016,6548.978260869565
1780995980,40,GET,/product/0PUK6V6EV0,0.100000,0.000000,12,12,12,12,12,12,12,12,12,12,12,13,0,6,6.69467427696173,5.398095585405827,11.74506638199091,7703.076923076923
1780995980,40,GET,/product/1YMWWN1N4O,0.000000,0.000000,8,8,8,8,8,8,8,8,8,8,8,9,0,8,10.993113844758934,5.752255208790302,33.95653795450926,7709.333333333333
1780995980,40,GET,/product/2ZYFJ3GM2N,0.200000,0.000000,14,14,17,17,50,50,50,50,50,50,50,16,0,8,20.06969478679821,5.720898509025574,92.03660488128662,7740.5
1780995980,40,GET,/product/66VCHSJNUP,0.100000,0.000000,6,6,24,24,24,24,24,24,24,24,24,16,0,7,17.1586109790951,5.2748918533325195,73.6293476074934,7686.4375
1780995980,40,GET,/product/6E92ZMYYFZ,0.100000,0.000000,7,7,7,7,7,7,7,7,7,7,7,10,0,7,16.318776737898588,6.186098791658878,85.78414469957352,7681.5
1780995980,40,GET,/product/9SIQT8TOJO,0.400000,0.000000,8,8,29,29,29,29,29,29,29,29,29,6,0,6,12.820967007428408,5.1134927198290825,29.170441441237926,7735.666666666667
1780995980,40,GET,/product/L9ECAV7KIM,0.200000,0.000000,6,6,10,10,10,10,10,10,10,10,10,14,0,7,11.228546832821198,5.448899231851101,27.79705636203289,7688.5
1780995980,40,GET,/product/LS4PSXUNUM,0.200000,0.000000,6,6,10,10,10,10,10,10,10,10,10,11,0,6,7.094166918911717,5.349656566977501,13.591055758297443,7688.545454545455
1780995980,40,GET,/product/OLJCESPC7Z,0.400000,0.000000,6,6,6,7,7,7,7,7,7,7,7,13,0,7,7.313232797269638,5.428628996014595,11.736002750694752,7751.076923076923
1780995980,40,,Aggregated,21.200000,0.000000,8,10,11,11,16,26,50,55,62,62,62,968,0,9,18.581155728941305,5.1134927198290825,813.4200097993016,10389.24276859504
1780995981,40,GET,/,17.100000,0.000000,8,9,10,11,16,21,37,55,62,62,62,748,0,9,18.156322094059007,6.086109206080437,740.2629377320409,10244.39705882353
1780995981,40,POST,/cart,1.800000,0.000000,11,11,13,14,17,35,35,35,35,35,35,86,0,11,19.892017985152645,8.82183387875557,108.25009271502495,17042.89534883721
1780995981,40,POST,/cart/checkout,0.900000,0.000000,11,11,14,14,17,17,17,17,17,17,17,49,0,11,31.83104151061603,7.6406653970479965,813.4200097993016,6548.224489795918
1780995981,40,GET,/product/0PUK6V6EV0,0.100000,0.000000,8,8,8,8,8,8,8,8,8,8,8,14,0,6,6.717967335134745,5.398095585405827,11.74506638199091,7707.285714285715
1780995981,40,GET,/product/1YMWWN1N4O,0.000000,0.000000,8,8,8,8,8,8,8,8,8,8,8,9,0,8,10.993113844758934,5.752255208790302,33.95653795450926,7709.333333333333
1780995981,40,GET,/product/2ZYFJ3GM2N,0.500000,0.000000,9,14,17,17,50,50,50,50,50,50,50,17,0,8,19.37713736996931,5.720898509025574,92.03660488128662,7742.0
1780995981,40,GET,/product/66VCHSJNUP,0.400000,0.000000,6,6,24,24,24,24,24,24,24,24,24,16,0,7,17.1586109790951,5.2748918533325195,73.6293476074934,7686.4375
1780995981,40,GET,/product/6E92ZMYYFZ,0.100000,0.000000,7,7,7,7,7,7,7,7,7,7,7,10,0,7,16.318776737898588,6.186098791658878,85.78414469957352,7681.5
1780995981,40,GET,/product/9SIQT8TOJO,0.300000,0.000000,8,8,29,29,29,29,29,29,29,29,29,6,0,6,12.820967007428408,5.1134927198290825,29.170441441237926,7735.666666666667
1780995981,40,GET,/product/L9ECAV7KIM,0.200000,0.000000,6,6,10,10,10,10,10,10,10,10,10,14,0,7,11.228546832821198,5.448899231851101,27.79705636203289,7688.5
1780995981,40,GET,/product/LS4PSXUNUM,0.300000,0.000000,6,6,6,6,6,6,6,6,6,6,6,11,0,6,7.094166918911717,5.349656566977501,13.591055758297443,7688.545454545455
1780995981,40,GET,/product/OLJCESPC7Z,0.500000,0.000000,6,6,6,7,7,7,7,7,7,7,7,13,0,7,7.313232797269638,5.428628996014595,11.736002750694752,7751.076923076923
1780995981,40,,Aggregated,22.200000,0.000000,8,10,11,11,16,21,37,51,62,62,62,993,0,9,18.34715334632906,5.1134927198290825,813.4200097993016,10370.040281973817
1780995982,40,GET,/,17.000000,0.000000,8,9,10,11,19,28,37,55,62,62,62,766,0,9,18.02172121535938,6.086109206080437,740.2629377320409,10244.749347258487
1780995982,40,POST,/cart,2.100000,0.000000,11,12,13,14,14,17,35,35,35,35,35,89,0,11,19.62074851931146,8.82183387875557,108.25009271502495,17063.157303370786
1780995982,40,POST,/cart/checkout,0.800000,0.000000,11,11,14,14,17,17,17,17,17,17,17,49,0,11,31.83104151061603,7.6406653970479965,813.4200097993016,6548.224489795918
1780995982,40,GET,/product/0PUK6V6EV0,0.100000,0.000000,8,8,8,8,8,8,8,8,8,8,8,14,0,6,6.717967335134745,5.398095585405827,11.74506638199091,7707.285714285715
1780995982,40,GET,/product/1YMWWN1N4O,0.000000,0.000000,8,8,8,8,8,8,8,8,8,8,8,9,0,8,10.993113844758934,5.752255208790302,33.95653795450926,7709.333333333333
1780995982,40,GET,/product/2ZYFJ3GM2N,0.600000,0.000000,9,14,17,17,50,50,50,50,50,50,50,18,0,8,18.749772622767424,5.720898509025574,92.03660488128662,7745.555555555556
1780995982,40,GET,/product/66VCHSJNUP,0.300000,0.000000,6,6,7,7,7,7,7,7,7,7,7,17,0,7,16.565848087124966,5.2748918533325195,73.6293476074934,7688.058823529412
1780995982,40,GET,/product/6E92ZMYYFZ,0.000000,0.000000,7,7,7,7,7,7,7,7,7,7,7,10,0,7,16.318776737898588,6.186098791658878,85.78414469957352,7681.5
1780995982,40,GET,/product/9SIQT8TOJO,0.400000,0.000000,8,8,29,29,29,29,29,29,29,29,29,6,0,6,12.820967007428408,5.1134927198290825,29.170441441237926,7735.666666666667
1780995982,40,GET,/product/L9ECAV7KIM,0.300000,0.000000,6,6,10,10,10,10,10,10,10,10,10,15,0,7,10.846596459547678,5.448899231851101,27.79705636203289,7694.2
1780995982,40,GET,/product/LS4PSXUNUM,0.200000,0.000000,6,6,6,6,6,6,6,6,6,6,6,11,0,6,7.094166918911717,5.349656566977501,13.591055758297443,7688.545454545455
1780995982,40,GET,/product/OLJCESPC7Z,0.500000,0.000000,6,6,7,7,7,7,7,7,7,7,7,13,0,7,7.313232797269638,5.428628996014595,11.736002750694752,7751.076923076923
1780995982,40,,Aggregated,22.300000,0.000000,8,10,11,12,17,28,37,51,62,62,62,1017,0,9,18.189411380510474,5.1134927198290825,813.4200097993016,10381.853490658801
1780995983,40,GET,/,16.800000,0.000000,8,9,11,11,19,28,37,55,62,62,62,782,0,9,17.82725765215009,6.086109206080437,740.2629377320409,10245.303069053709
1780995983,40,POST,/cart,2.000000,0.000000,11,13,14,14,17,35,35,35,35,35,35,89,0,11,19.62074851931146,8.82183387875557,108.25009271502495,17063.157303370786
1780995983,40,POST,/cart/checkout,1.000000,0.000000,11,14,14,14,17,17,17,17,17,17,17,49,0,11,31.83104151061603,7.6406653970479965,813.4200097993016,6548.224489795918
1780995983,40,GET,/product/0PUK6V6EV0,0.200000,0.000000,7,7,8,8,8,8,8,8,8,8,8,15,0,6,6.624059751629829,5.309353582561016,11.74506638199091,7708.8
1780995983,40,GET,/product/1YMWWN1N4O,0.000000,0.000000,8,8,8,8,8,8,8,8,8,8,8,9,0,8,10.993113844758934,5.752255208790302,33.95653795450926,7709.333333333333
1780995983,40,GET,/product/2ZYFJ3GM2N,0.700000,0.000000,9,14,17,17,50,50,50,50,50,50,50,18,0,8,18.749772622767424,5.720898509025574,92.03660488128662,7745.555555555556
1780995983,40,GET,/product/66VCHSJNUP,0.300000,0.000000,6,7,7,8,8,8,8,8,8,8,8,18,0,7,16.068413336243893,5.2748918533325195,73.6293476074934,7691.166666666667
1780995983,40,GET,/product/6E92ZMYYFZ,0.000000,0.000000,7,7,7,7,7,7,7,7,7,7,7,10,0,7,16.318776737898588,6.186098791658878,85.78414469957352,7681.5
1780995983,40,GET,/product/9SIQT8TOJO,0.400000,0.000000,8,8,29,29,29,29,29,29,29,29,29,6,0,6,12.820967007428408,5.1134927198290825,29.170441441237926,7735.666666666667
1780995983,40,GET,/product/L9ECAV7KIM,0.300000,0.000000,6,6,6,10,10,10,10,10,10,10,10,16,0,7,10.537535767070949,5.448899231851101,27.79705636203289,7693.625
1780995983,40,GET,/product/LS4PSXUNUM,0.200000,0.000000,6,6,6,6,6,6,6,6,6,6,6,11,0,6,7.094166918911717,5.349656566977501,13.591055758297443,7688.545454545455
1780995983,40,GET,/product/OLJCESPC7Z,0.500000,0.000000,6,6,7,7,7,7,7,7,7,7,7,13,0,7,7.313232797269638,5.428628996014595,11.736002750694752,7751.076923076923
1780995983,40,,Aggregated,22.400000,0.000000,9,10,11,12,17,28,37,51,62,62,62,1036,0,9,18.00553224761485,5.1134927198290825,813.4200097993016,10372.444980694981
1780995984,40,GET,/,17.100000,0.000000,8,9,10,11,19,28,37,55,62,62,62,799,0,9,17.60726861389953,6.086109206080437,740.2629377320409,10245.448060075094
1780995984,40,POST,/cart,2.000000,0.000000,11,14,14,15,24,35,35,35,35,35,35,91,0,11,19.60979117551348,8.82183387875557,108.25009271502495,17092.13186813187
1780995984,40,POST,/cart/checkout,0.900000,0.000000,11,14,14,14,17,17,17,17,17,17,17,49,0,11,31.83104151061603,7.6406653970479965,813.4200097993016,6548.224489795918
1780995984,40,GET,/product/0PUK6V6EV0,0.200000,0.000000,7,7,8,8,8,8,8,8,8,8,8,16,0,6,6.620120722800493,5.309353582561016,11.74506638199091,7711.625
1780995984,40,GET,/product/1YMWWN1N4O,0.000000,0.000000,0,0,0,0,0,0,0,0,0,0,0,9,0,8,10.993113844758934,5.752255208790302,33.95653795450926,7709.333333333333
1780995984,40,GET,/product/2ZYFJ3GM2N,0.800000,0.000000,9,14,17,17,50,50,50,50,50,50,50,18,0,8,18.749772622767424,5.720898509025574,92.03660488128662,7745.555555555556
1780995984,40,GET,/product/66VCHSJNUP,0.400000,0.000000,6,7,7,8,8,8,8,8,8,8,8,18,0,7,16.068413336243893,5.2748918533325195,73.6293476074934,7691.166666666667
1780995984,40,GET,/product/6E92ZMYYFZ,0.000000,0.000000,7,7,7,7,7,7,7,7,7,7,7,10,0,7,16.318776737898588,6.186098791658878,85.78414469957352,7681.5
1780995984,40,GET,/product/9SIQT8TOJO,0.400000,0.000000,8,8,29,29,29,29,29,29,29,29,29,6,0,6,12.820967007428408,5.1134927198290825,29.170441441237926,7735.666666666667
1780995984,40,GET,/product/L9ECAV7KIM,0.400000,0.000000,6,6,10,10,10,10,10,10,10,10,10,16,0,7,10.537535767070949,5.448899231851101,27.79705636203289,7693.625
1780995984,40,GET,/product/LS4PSXUNUM,0.200000,0.000000,6,6,6,6,6,6,6,6,6,6,6,11,0,6,7.094166918911717,5.349656566977501,13.591055758297443,7688.545454545455
1780995984,40,GET,/product/OLJCESPC7Z,0.400000,0.000000,6,6,7,7,7,7,7,7,7,7,7,13,0,7,7.313232797269638,5.428628996014595,11.736002750694752,7751.076923076923
1780995984,40,,Aggregated,22.800000,0.000000,8,9,10,11,17,28,37,51,62,62,62,1056,0,9,17.82748954649309,5.1134927198290825,813.4200097993016,10383.19696969697
1780995985,40,GET,/,17.400000,0.000000,8,9,10,10,16,28,37,55,62,62,62,818,0,9,17.370059562523675,6.026393733918667,740.2629377320409,10246.140586797066
1780995985,40,POST,/cart,1.700000,0.000000,11,14,17,17,24,35,35,35,35,35,35,95,0,11,19.34999487313785,8.82183387875557,108.25009271502495,17115.968421052632
1780995985,40,POST,/cart/checkout,0.800000,0.000000,11,11,14,14,17,17,17,17,17,17,17,49,0,11,31.83104151061603,7.6406653970479965,813.4200097993016,6548.224489795918
1780995985,40,GET,/product/0PUK6V6EV0,0.300000,0.000000,7,7,8,8,8,8,8,8,8,8,8,16,0,6,6.620120722800493,5.309353582561016,11.74506638199091,7711.625
1780995985,40,GET,/product/1YMWWN1N4O,0.000000,0.000000,0,0,0,0,0,0,0,0,0,0,0,9,0,8,10.993113844758934,5.752255208790302,33.95653795450926,7709.333333333333
1780995985,40,GET,/product/2ZYFJ3GM2N,0.800000,0.000000,8,14,17,17,50,50,50,50,50,50,50,18,0,8,18.749772622767424,5.720898509025574,92.03660488128662,7745.555555555556
1780995985,40,GET,/product/66VCHSJNUP,0.500000,0.000000,6,7,7,8,8,8,8,8,8,8,8,18,0,7,16.068413336243893,5.2748918533325195,73.6293476074934,7691.166666666667
1780995985,40,GET,/product/6E92ZMYYFZ,0.000000,0.000000,7,7,7,7,7,7,7,7,7,7,7,10,0,7,16.318776737898588,6.186098791658878,85.78414469957352,7681.5
1780995985,40,GET,/product/9SIQT8TOJO,0.400000,0.000000,6,6,29,29,29,29,29,29,29,29,29,6,0,6,12.820967007428408,5.1134927198290825,29.170441441237926,7735.666666666667
1780995985,40,GET,/product/L9ECAV7KIM,0.500000,0.000000,6,6,10,10,10,10,10,10,10,10,10,16,0,7,10.537535767070949,5.448899231851101,27.79705636203289,7693.625
1780995985,40,GET,/product/LS4PSXUNUM,0.200000,0.000000,6,6,6,6,6,6,6,6,6,6,6,13,0,6,6.896831453419649,5.349656566977501,13.591055758297443,7691.923076923077
1780995985,40,GET,/product/OLJCESPC7Z,0.400000,0.000000,6,6,6,6,6,6,6,6,6,6,6,13,0,7,7.313232797269638,5.428628996014595,11.736002750694752,7751.076923076923
1780995985,40,,Aggregated,23.000000,0.000000,8,9,10,11,17,28,37,51,62,62,62,1081,0,9,17.60565360730633,5.1134927198290825,813.4200097993016,10403.27474560592
1780995986,40,GET,/,17.400000,0.000000,8,9,9,10,12,27,35,55,62,62,62,833,0,9,17.208300574513828,6.026393733918667,740.2629377320409,10246.789915966387
1780995986,40,POST,/cart,1.700000,0.000000,11,13,14,15,17,18,24,24,24,24,24,98,0,11,19.104523783815758,8.82183387875557,108.25009271502495,17118.285714285714
1780995986,40,POST,/cart/checkout,0.800000,0.000000,11,11,14,14,17,17,17,17,17,17,17,49,0,11,31.83104151061603,7.6406653970479965,813.4200097993016,6548.224489795918
1780995986,40,GET,/product/0PUK6V6EV0,0.300000,0.000000,7,7,8,8,8,8,8,8,8,8,8,16,0,6,6.620120722800493,5.309353582561016,11.74506638199091,7711.625
1780995986,40,GET,/product/1YMWWN1N4O,0.000000,0.000000,0,0,0,0,0,0,0,0,0,0,0,9,0,8,10.993113844758934,5.752255208790302,33.95653795450926,7709.333333333333
1780995986,40,GET,/product/2ZYFJ3GM2N,0.800000,0.000000,8,8,17,17,50,50,50,50,50,50,50,19,0,8,18.185581276683433,5.720898509025574,92.03660488128662,7742.894736842105
1780995986,40,GET,/product/66VCHSJNUP,0.500000,0.000000,6,7,7,8,8,8,8,8,8,8,8,18,0,7,16.068413336243893,5.2748918533325195,73.6293476074934,7691.166666666667
1780995986,40,GET,/product/6E92ZMYYFZ,0.000000,0.000000,8,8,8,8,8,8,8,8,8,8,8,11,0,7,15.540453266691078,6.186098791658878,85.78414469957352,7686.181818181818
1780995986,40,GET,/product/9SIQT8TOJO,0.400000,0.000000,6,6,29,29,29,29,29,29,29,29,29,6,0,6,12.820967007428408,5.1134927198290825,29.170441441237926,7735.666666666667
1780995986,40,GET,/product/L9ECAV7KIM,0.500000,0.000000,6,6,10,10,10,10,10,10,10,10,10,16,0,7,10.537535767070949,5.448899231851101,27.79705636203289,7693.625
1780995986,40,GET,/product/LS4PSXUNUM,0.200000,0.000000,6,6,6,6,6,6,6,6,6,6,6,13,0,6,6.896831453419649,5.349656566977501,13.591055758297443,7691.923076923077
1780995986,40,GET,/product/OLJCESPC7Z,0.400000,0.000000,6,6,6,6,6,6,6,6,6,6,6,15,0,7,7.142629536489646,5.428628996014595,11.736002750694752,7754.933333333333
1780995986,40,,Aggregated,23.000000,0.000000,8,9,10,10,14,24,35,51,62,62,62,1103,0,9,17.4246290082269,5.1134927198290825,813.4200097993016,10410.458748866728
1780995987,40,GET,/,17.100000,0.000000,8,9,9,10,12,17,28,34,35,35,35,852,0,9,17.108798521120505,6.026393733918667,740.2629377320409,10247.215962441314
1780995987,40,POST,/cart,1.900000,0.000000,11,14,15,16,18,24,24,24,24,24,24,99,0,11,19.075154646704295,8.82183387875557,108.25009271502495,17109.030303030304
1780995987,40,POST,/cart/checkout,0.800000,0.000000,11,11,14,14,17,17,17,17,17,17,17,49,0,11,31.83104151061603,7.6406653970479965,813.4200097993016,6548.224489795918
1780995987,40,GET,/product/0PUK6V6EV0,0.400000,0.000000,7,7,8,8,8,8,8,8,8,8,8,16,0,6,6.620120722800493,5.309353582561016,11.74506638199091,7711.625
1780995987,40,GET,/product/1YMWWN1N4O,0.000000,0.000000,0,0,0,0,0,0,0,0,0,0,0,9,0,8,10.993113844758934,5.752255208790302,33.95653795450926,7709.333333333333
1780995987,40,GET,/product/2ZYFJ3GM2N,0.700000,0.000000,8,8,8,8,8,8,8,8,8,8,8,19,0,8,18.185581276683433,5.720898509025574,92.03660488128662,7742.894736842105
1780995987,40,GET,/product/66VCHSJNUP,0.500000,0.000000,6,7,7,8,8,8,8,8,8,8,8,18,0,7,16.068413336243893,5.2748918533325195,73.6293476074934,7691.166666666667
1780995987,40,GET,/product/6E92ZMYYFZ,0.000000,0.000000,10,10,10,10,10,10,10,10,10,10,10,12,0,7,15.074351336807013,6.186098791658878,85.78414469957352,7687.083333333333
1780995987,40,GET,/product/9SIQT8TOJO,0.300000,0.000000,5,5,5,5,5,5,5,5,5,5,5,6,0,6,12.820967007428408,5.1134927198290825,29.170441441237926,7735.666666666667
1780995987,40,GET,/product/L9ECAV7KIM,0.400000,0.000000,10,14,14,41,41,41,41,41,41,41,41,18,0,7,12.408042016128698,5.448899231851101,40.90236872434616,7699.444444444444
1780995987,40,GET,/product/LS4PSXUNUM,0.400000,0.000000,6,8,8,11,11,11,11,11,11,11,11,15,0,6,7.217066548764706,5.349656566977501,13.591055758297443,7692.933333333333
1780995987,40,GET,/product/OLJCESPC7Z,0.300000,0.000000,6,6,6,6,6,6,6,6,6,6,6,15,0,7,7.142629536489646,5.428628996014595,11.736002750694752,7754.933333333333
1780995987,40,,Aggregated,22.800000,0.000000,8,9,10,11,13,17,28,34,41,41,41,1128,0,9,17.341341613626756,5.1134927198290825,813.4200097993016,10401.221631205673
1780995988,40,GET,/,17.100000,0.000000,8,9,9,10,12,16,28,34,35,35,35,869,0,9,16.931367975898663,5.988584831357002,740.2629377320409,10247.825086306098
1780995988,40,POST,/cart,2.200000,0.000000,13,15,16,17,18,24,24,24,24,24,24,99,0,11,19.075154646704295,8.82183387875557,108.25009271502495,17109.030303030304
1780995988,40,POST,/cart/checkout,0.700000,0.000000,11,11,14,14,17,17,17,17,17,17,17,49,0,11,31.83104151061603,7.6406653970479965,813.4200097993016,6548.224489795918
1780995988,40,GET,/product/0PUK6V6EV0,0.400000,0.000000,7,7,7,7,7,7,7,7,7,7,7,16,0,6,6.620120722800493,5.309353582561016,11.74506638199091,7711.625
1780995988,40,GET,/product/1YMWWN1N4O,0.000000,0.000000,0,0,0,0,0,0,0,0,0,0,0,9,0,8,10.993113844758934,5.752255208790302,33.95653795450926,7709.333333333333
1780995988,40,GET,/product/2ZYFJ3GM2N,0.800000,0.000000,8,8,8,8,8,8,8,8,8,8,8,19,0,8,18.185581276683433,5.720898509025574,92.03660488128662,7742.894736842105
1780995988,40,GET,/product/66VCHSJNUP,0.500000,0.000000,6,7,7,8,8,8,8,8,8,8,8,18,0,7,16.068413336243893,5.2748918533325195,73.6293476074934,7691.166666666667
1780995988,40,GET,/product/6E92ZMYYFZ,0.100000,0.000000,10,10,10,10,10,10,10,10,10,10,10,12,0,7,15.074351336807013,6.186098791658878,85.78414469957352,7687.083333333333
1780995988,40,GET,/product/9SIQT8TOJO,0.300000,0.000000,10,10,10,10,10,10,10,10,10,10,10,7,0,8,12.369340418704919,5.1134927198290825,29.170441441237926,7741.428571428572
1780995988,40,GET,/product/L9ECAV7KIM,0.400000,0.000000,10,14,14,41,41,41,41,41,41,41,41,18,0,7,12.408042016128698,5.448899231851101,40.90236872434616,7699.444444444444
1780995988,40,GET,/product/LS4PSXUNUM,0.300000,0.000000,8,8,8,8,11,11,11,11,11,11,11,16,0,6,7.235784083604813,5.349656566977501,13.591055758297443,7696.4375
1780995988,40,GET,/product/OLJCESPC7Z,0.400000,0.000000,6,6,6,6,6,6,6,6,6,6,6,15,0,7,7.142629536489646,5.428628996014595,11.736002750694752,7754.933333333333
1780995988,40,,Aggregated,23.200000,0.000000,8,9,10,10,13,17,32,35,41,41,41,1147,0,9,17.188205666281444,5.1134927198290825,813.4200097993016,10394.79947689625
1780995989,40,GET,/,17.100000,0.000000,8,9,9,10,12,16,28,34,35,35,35,885,0,9,16.78001822346011,5.988584831357002,740.2629377320409,10248.359322033899
1780995989,40,POST,/cart,2.200000,0.000000,13,14,16,17,18,24,24,24,24,24,24,100,0,11,19.02134426869452,8.82183387875557,108.25009271502495,17143.18
1780995989,40,POST,/cart/checkout,0.700000,0.000000,14,14,17,17,17,17,17,17,17,17,17,50,0,11,31.40372309833765,7.6406653970479965,813.4200097993016,6548.36
1780995989,40,GET,/product/0PUK6V6EV0,0.400000,0.000000,7,7,7,7,7,7,7,7,7,7,7,16,0,6,6.620120722800493,5.309353582561016,11.74506638199091,7711.625
1780995989,40,GET,/product/1YMWWN1N4O,0.000000,0.000000,6,6,6,6,6,6,6,6,6,6,6,10,0,7,10.469899233430624,5.752255208790302,33.95653795450926,7709.9
1780995989,40,GET,/product/2ZYFJ3GM2N,0.800000,0.000000,8,8,8,8,8,8,8,8,8,8,8,20,0,8,17.602284159511328,5.720898509025574,92.03660488128662,7744.85
1780995989,40,GET,/product/66VCHSJNUP,0.500000,0.000000,8,8,8,8,8,8,8,8,8,8,8,18,0,7,16.068413336243893,5.2748918533325195,73.6293476074934,7691.166666666667
1780995989,40,GET,/product/6E92ZMYYFZ,0.100000,0.000000,10,10,10,10,10,10,10,10,10,10,10,12,0,7,15.074351336807013,6.186098791658878,85.78414469957352,7687.083333333333
1780995989,40,GET,/product/9SIQT8TOJO,0.300000,0.000000,10,10,10,10,10,10,10,10,10,10,10,7,0,8,12.369340418704919,5.1134927198290825,29.170441441237926,7741.428571428572
1780995989,40,GET,/product/L9ECAV7KIM,0.400000,0.000000,7,7,14,14,41,41,41,41,41,41,41,20,0,7,11.87104545533657,5.448899231851101,40.90236872434616,7703.3
1780995989,40,GET,/product/LS4PSXUNUM,0.300000,0.000000,6,6,8,8,11,11,11,11,11,11,11,19,0,6,7.010162611933131,5.292021669447422,13.591055758297443,7705.1578947368425
1780995989,40,GET,/product/OLJCESPC7Z,0.400000,0.000000,6,6,6,6,6,6,6,6,6,6,6,15,0,7,7.142629536489646,5.428628996014595,11.736002750694752,7754.933333333333
1780995989,40,,Aggregated,23.200000,0.000000,8,9,10,11,13,17,28,34,41,41,41,1172,0,9,16.996387199184035,5.1134927198290825,813.4200097993016,10382.747440273037
1780995990,40,GET,/,17.100000,0.000000,8,9,10,10,12,16,28,34,35,35,35,904,0,9,16.60373097850191,5.988584831357002,740.2629377320409,10248.826327433628
1780995990,40,POST,/cart,1.900000,0.000000,13,14,16,16,18,24,24,24,24,24,24,102,0,11,18.82880563646847,8.647412993013859,108.25009271502495,17139.56862745098
1780995990,40,POST,/cart/checkout,0.600000,0.000000,14,14,17,17,17,17,17,17,17,17,17,50,0,11,31.40372309833765,7.6406653970479965,813.4200097993016,6548.36
1780995990,40,GET,/product/0PUK6V6EV0,0.300000,0.000000,7,7,7,7,7,7,7,7,7,7,7,16,0,6,6.620120722800493,5.309353582561016,11.74506638199091,7711.625
1780995990,40,GET,/product/1YMWWN1N4O,0.000000,0.000000,6,6,6,6,6,6,6,6,6,6,6,11,0,7,10.021831078285521,5.541149526834488,33.95653795450926,7714.272727272727
1780995990,40,GET,/product/2ZYFJ3GM2N,0.400000,0.000000,8,8,8,8,8,8,8,8,8,8,8,21,0,8,17.029189815123875,5.56730292737484,92.03660488128662,7742.761904761905
1780995990,40,GET,/product/66VCHSJNUP,0.200000,0.000000,8,8,8,8,8,8,8,8,8,8,8,18,0,7,16.068413336243893,5.2748918533325195,73.6293476074934,7691.166666666667
1780995990,40,GET,/product/6E92ZMYYFZ,0.200000,0.000000,10,10,10,10,10,10,10,10,10,10,10,12,0,7,15.074351336807013,6.186098791658878,85.78414469957352,7687.083333333333
1780995990,40,GET,/product/9SIQT8TOJO,0.200000,0.000000,10,10,10,10,10,10,10,10,10,10,10,7,0,8,12.369340418704919,5.1134927198290825,29.170441441237926,7741.428571428572
1780995990,40,GET,/product/L9ECAV7KIM,0.500000,0.000000,7,7,14,14,41,41,41,41,41,41,41,20,0,7,11.87104545533657,5.448899231851101,40.90236872434616,7703.3
1780995990,40,GET,/product/LS4PSXUNUM,0.400000,0.000000,6,8,8,8,11,11,11,11,11,11,11,19,0,6,7.010162611933131,5.292021669447422,13.591055758297443,7705.1578947368425
1780995990,40,GET,/product/OLJCESPC7Z,0.200000,0.000000,6,6,6,6,6,6,6,6,6,6,6,15,0,7,7.142629536489646,5.428628996014595,11.736002750694752,7754.933333333333
1780995990,40,,Aggregated,22.000000,0.000000,8,9,10,10,13,17,28,34,41,41,41,1195,0,9,16.82739303326507,5.1134927198290825,813.4200097993016,10387.52970711297
1780995991,40,GET,/,16.700000,0.000000,8,9,9,10,12,14,20,37,77,77,77,918,0,9,16.570639253790798,5.988584831357002,740.2629377320409,10249.321350762528
1780995991,40,POST,/cart,1.500000,0.000000,12,14,16,17,18,24,24,24,24,24,24,103,0,11,18.751976776470258,8.647412993013859,108.25009271502495,17144.699029126212
1780995991,40,POST,/cart/checkout,0.700000,0.000000,11,11,14,14,17,17,17,17,17,17,17,52,0,11,30.57311697361561,7.6406653970479965,813.4200097993016,6548.076923076923
1780995991,40,GET,/product/0PUK6V6EV0,0.300000,0.000000,7,7,7,7,7,7,7,7,7,7,7,16,0,6,6.620120722800493,5.309353582561016,11.74506638199091,7711.625
1780995991,40,GET,/product/1YMWWN1N4O,0.100000,0.000000,6,6,6,6,6,6,6,6,6,6,6,11,0,7,10.021831078285521,5.541149526834488,33.95653795450926,7714.272727272727
1780995991,40,GET,/product/2ZYFJ3GM2N,0.400000,0.000000,8,8,8,8,8,8,8,8,8,8,8,21,0,8,17.029189815123875,5.56730292737484,92.03660488128662,7742.761904761905
1780995991,40,GET,/product/66VCHSJNUP,0.200000,0.000000,8,8,8,8,8,8,8,8,8,8,8,18,0,7,16.068413336243893,5.2748918533325195,73.6293476074934,7691.166666666667
1780995991,40,GET,/product/6E92ZMYYFZ,0.200000,0.000000,10,10,10,10,10,10,10,10,10,10,10,12,0,7,15.074351336807013,6.186098791658878,85.78414469957352,7687.083333333333
1780995991,40,GET,/product/9SIQT8TOJO,0.100000,0.000000,7,7,10,10,10,10,10,10,10,10,10,8,0,7,11.718956870026886,5.1134927198290825,29.170441441237926,7745.25
1780995991,40,GET,/product/L9ECAV7KIM,0.600000,0.000000,7,7,14,14,41,41,41,41,41,41,41,21,0,7,11.588318539517266,5.448899231851101,40.90236872434616,7705.523809523809
1780995991,40,GET,/product/LS4PSXUNUM,0.800000,0.000000,6,8,8,8,11,11,11,11,11,11,11,19,0,6,7.010162611933131,5.292021669447422,13.591055758297443,7705.1578947368425
1780995991,40,GET,/product/OLJCESPC7Z,0.200000,0.000000,6,6,6,6,6,6,6,6,6,6,6,15,0,7,7.142629536489646,5.428628996014595,11.736002750694752,7754.933333333333
1780995991,40,,Aggregated,21.800000,0.000000,8,9,10,10,13,17,32,41,77,77,77,1214,0,9,16.76642513853886,5.1134927198290825,813.4200097993016,10381.637561779242
1780995992,40,GET,/,17.300000,0.000000,8,9,9,10,12,14,32,37,77,77,77,931,0,9,16.453438494494534,5.988584831357002,740.2629377320409,10249.755102040815
1780995992,40,POST,/cart,1.600000,0.000000,13,15,16,17,18,24,24,24,24,24,24,103,0,11,18.751976776470258,8.647412993013859,108.25009271502495,17144.699029126212
1780995992,40,POST,/cart/checkout,0.400000,0.000000,10,11,11,14,17,17,17,17,17,17,17,55,0,11,29.46918047964573,7.6406653970479965,813.4200097993016,6547.309090909091
1780995992,40,GET,/product/0PUK6V6EV0,0.300000,0.000000,7,7,7,7,7,7,7,7,7,7,7,16,0,6,6.620120722800493,5.309353582561016,11.74506638199091,7711.625
1780995992,40,GET,/product/1YMWWN1N4O,0.200000,0.000000,6,6,6,6,6,6,6,6,6,6,6,11,0,7,10.021831078285521,5.541149526834488,33.95653795450926,7714.272727272727
1780995992,40,GET,/product/2ZYFJ3GM2N,0.500000,0.000000,8,8,8,8,8,8,8,8,8,8,8,21,0,8,17.029189815123875,5.56730292737484,92.03660488128662,7742.761904761905
1780995992,40,GET,/product/66VCHSJNUP,0.200000,0.000000,8,8,8,8,8,8,8,8,8,8,8,18,0,7,16.068413336243893,5.2748918533325195,73.6293476074934,7691.166666666667
1780995992,40,GET,/product/6E92ZMYYFZ,0.200000,0.000000,10,10,10,10,10,10,10,10,10,10,10,12,0,7,15.074351336807013,6.186098791658878,85.78414469957352,7687.083333333333
1780995992,40,GET,/product/9SIQT8TOJO,0.100000,0.000000,10,10,10,10,10,10,10,10,10,10,10,8,0,7,11.718956870026886,5.1134927198290825,29.170441441237926,7745.25
1780995992,40,GET,/product/L9ECAV7KIM,0.600000,0.000000,7,7,14,14,41,41,41,41,41,41,41,22,0,7,11.313172861595046,5.448899231851101,40.90236872434616,7708.272727272727
1780995992,40,GET,/product/LS4PSXUNUM,0.800000,0.000000,6,8,8,8,11,11,11,11,11,11,11,19,0,6,7.010162611933131,5.292021669447422,13.591055758297443,7705.1578947368425
1780995992,40,GET,/product/OLJCESPC7Z,0.200000,0.000000,6,6,6,6,6,6,6,6,6,6,6,15,0,7,7.142629536489646,5.428628996014595,11.736002750694752,7754.933333333333
1780995992,40,,Aggregated,22.400000,0.000000,8,9,10,10,13,17,32,41,77,77,77,1231,0,9,16.650919966659927,5.1134927198290825,813.4200097993016,10369.066612510154
1780995993,40,GET,/,16.800000,0.000000,8,9,9,10,12,16,32,57,77,77,77,950,0,9,16.336487866938114,5.988584831357002,740.2629377320409,10249.985263157894
1780995993,40,POST,/cart,1.700000,0.000000,11,13,14,16,17,18,18,18,18,18,18,105,0,11,18.57132329827263,8.647412993013859,108.25009271502495,17127.466666666667
1780995993,40,POST,/cart/checkout,0.300000,0.000000,10,11,11,14,17,17,17,17,17,17,17,55,0,11,29.46918047964573,7.6406653970479965,813.4200097993016,6547.309090909091
1780995993,40,GET,/product/0PUK6V6EV0,0.200000,0.000000,7,7,7,7,7,7,7,7,7,7,7,17,0,6,6.599096252637751,5.309353582561016,11.74506638199091,7715.411764705882
1780995993,40,GET,/product/1YMWWN1N4O,0.200000,0.000000,6,6,6,6,6,6,6,6,6,6,6,11,0,7,10.021831078285521,5.541149526834488,33.95653795450926,7714.272727272727
1780995993,40,GET,/product/2ZYFJ3GM2N,0.400000,0.000000,8,8,9,9,9,9,9,9,9,9,9,22,0,8,16.669873063537207,5.56730292737484,92.03660488128662,7742.636363636364
1780995993,40,GET,/product/66VCHSJNUP,0.200000,0.000000,38,38,38,38,38,38,38,38,38,38,38,19,0,8,17.211775883640115,5.2748918533325195,73.6293476074934,7695.0
1780995993,40,GET,/product/6E92ZMYYFZ,0.200000,0.000000,10,10,10,10,10,10,10,10,10,10,10,12,0,7,15.074351336807013,6.186098791658878,85.78414469957352,7687.083333333333
1780995993,40,GET,/product/9SIQT8TOJO,0.100000,0.000000,10,10,10,10,10,10,10,10,10,10,10,8,0,7,11.718956870026886,5.1134927198290825,29.170441441237926,7745.25
1780995993,40,GET,/product/L9ECAV7KIM,0.700000,0.000000,7,7,14,14,41,41,41,41,41,41,41,22,0,7,11.313172861595046,5.448899231851101,40.90236872434616,7708.272727272727
1780995993,40,GET,/product/LS4PSXUNUM,0.800000,0.000000,6,8,8,8,11,11,11,11,11,11,11,19,0,6,7.010162611933131,5.292021669447422,13.591055758297443,7705.1578947368425
1780995993,40,GET,/product/OLJCESPC7Z,0.200000,0.000000,6,6,100,100,100,100,100,100,100,100,100,16,0,7,13.155304244719446,5.428628996014595,103.34542486816645,7748.875
1780995993,40,,Aggregated,21.800000,0.000000,8,9,10,10,13,17,38,57,100,100,100,1256,0,9,16.619311070965402,5.1134927198290825,813.4200097993016,10368.394108280254
1780995994,40,GET,/,16.400000,0.000000,8,9,10,10,12,16,32,57,77,77,77,972,0,9,16.15743508750243,5.988584831357002,740.2629377320409,10250.615226337448
1780995994,40,POST,/cart,1.500000,0.000000,11,13,16,16,17,18,18,18,18,18,18,105,0,11,18.57132329827263,8.647412993013859,108.25009271502495,17127.466666666667
1780995994,40,POST,/cart/checkout,0.600000,0.000000,10,10,10,11,11,11,11,11,11,11,11,58,0,11,28.471384550733813,7.6406653970479965,813.4200097993016,6547.913793103448
1780995994,40,GET,/product/0PUK6V6EV0,0.200000,0.000000,7,7,7,7,7,7,7,7,7,7,7,17,0,6,6.599096252637751,5.309353582561016,11.74506638199091,7715.411764705882
1780995994,40,GET,/product/1YMWWN1N4O,0.200000,0.000000,6,6,6,6,6,6,6,6,6,6,6,11,0,7,10.021831078285521,5.541149526834488,33.95653795450926,7714.272727272727
1780995994,40,GET,/product/2ZYFJ3GM2N,0.300000,0.000000,8,8,8,9,9,9,9,9,9,9,9,23,0,8,16.281139793927256,5.56730292737484,92.03660488128662,7743.565217391304
1780995994,40,GET,/product/66VCHSJNUP,0.100000,0.000000,8,8,38,38,38,38,38,38,38,38,38,21,0,7,16.159260867252236,5.2748918533325195,73.6293476074934,7699.571428571428
1780995994,40,GET,/product/6E92ZMYYFZ,0.200000,0.000000,10,10,10,10,10,10,10,10,10,10,10,12,0,7,15.074351336807013,6.186098791658878,85.78414469957352,7687.083333333333
1780995994,40,GET,/product/9SIQT8TOJO,0.200000,0.000000,10,10,10,10,10,10,10,10,10,10,10,8,0,7,11.718956870026886,5.1134927198290825,29.170441441237926,7745.25
1780995994,40,GET,/product/L9ECAV7KIM,0.700000,0.000000,7,7,14,14,41,41,41,41,41,41,41,22,0,7,11.313172861595046,5.448899231851101,40.90236872434616,7708.272727272727
1780995994,40,GET,/product/LS4PSXUNUM,0.800000,0.000000,6,8,8,8,11,11,11,11,11,11,11,19,0,6,7.010162611933131,5.292021669447422,13.591055758297443,7705.1578947368425
1780995994,40,GET,/product/OLJCESPC7Z,0.200000,0.000000,6,6,100,100,100,100,100,100,100,100,100,16,0,7,13.155304244719446,5.428628996014595,103.34542486816645,7748.875
1780995994,40,,Aggregated,21.400000,0.000000,8,9,10,10,13,17,38,57,100,100,100,1284,0,9,16.440656743334415,5.1134927198290825,813.4200097993016,10351.82398753894
1780995995,40,GET,/,16.800000,0.000000,8,9,10,10,13,17,32,57,77,77,77,991,0,9,16.030469680943654,5.988584831357002,740.2629377320409,10250.638748738647
1780995995,40,POST,/cart,1.600000,0.000000,10,11,14,15,16,16,16,16,16,16,16,108,0,11,18.37267561091317,8.647412993013859,108.25009271502495,17141.962962962964
1780995995,40,POST,/cart/checkout,0.600000,0.000000,10,10,10,11,11,11,11,11,11,11,11,58,0,11,28.471384550733813,7.6406653970479965,813.4200097993016,6547.913793103448
1780995995,40,GET,/product/0PUK6V6EV0,0.200000,0.000000,7,7,9,9,9,9,9,9,9,9,9,18,0,6,6.709824833605024,5.309353582561016,11.74506638199091,7717.444444444444
1780995995,40,GET,/product/1YMWWN1N4O,0.200000,0.000000,6,6,6,6,6,6,6,6,6,6,6,12,0,7,9.718620295946797,5.541149526834488,33.95653795450926,7712.166666666667
1780995995,40,GET,/product/2ZYFJ3GM2N,0.300000,0.000000,8,8,8,9,9,9,9,9,9,9,9,23,0,8,16.281139793927256,5.56730292737484,92.03660488128662,7743.565217391304
1780995995,40,GET,/product/66VCHSJNUP,0.100000,0.000000,8,8,38,38,38,38,38,38,38,38,38,21,0,7,16.159260867252236,5.2748918533325195,73.6293476074934,7699.571428571428
1780995995,40,GET,/product/6E92ZMYYFZ,0.200000,0.000000,10,10,10,10,10,10,10,10,10,10,10,12,0,7,15.074351336807013,6.186098791658878,85.78414469957352,7687.083333333333
1780995995,40,GET,/product/9SIQT8TOJO,0.200000,0.000000,7,7,10,10,10,10,10,10,10,10,10,9,0,7,11.22266643991073,5.1134927198290825,29.170441441237926,7743.222222222223
1780995995,40,GET,/product/L9ECAV7KIM,0.600000,0.000000,7,7,14,14,41,41,41,41,41,41,41,22,0,7,11.313172861595046,5.448899231851101,40.90236872434616,7708.272727272727
1780995995,40,GET,/product/LS4PSXUNUM,0.800000,0.000000,8,8,8,8,11,11,11,11,11,11,11,19,0,6,7.010162611933131,5.292021669447422,13.591055758297443,7705.1578947368425
1780995995,40,GET,/product/OLJCESPC7Z,0.200000,0.000000,7,7,100,100,100,100,100,100,100,100,100,17,0,7,12.794263386989341,5.428628996014595,103.34542486816645,7750.176470588235
1780995995,40,,Aggregated,21.800000,0.000000,8,9,10,10,13,17,38,57,100,100,100,1310,0,9,16.301127703760873,5.1134927198290825,813.4200097993016,10359.094656488549
1780995996,40,GET,/,17.200000,0.000000,8,9,9,10,11,14,19,57,77,77,77,1005,0,9,15.915358473375365,5.988584831357002,740.2629377320409,10250.889552238807
1780995996,40,POST,/cart,1.400000,0.000000,10,12,14,14,15,16,16,16,16,16,16,109,0,11,18.31602516216696,8.647412993013859,108.25009271502495,17146.697247706423
1780995996,40,POST,/cart/checkout,0.900000,0.000000,10,10,10,11,11,11,11,11,11,11,11,59,0,11,28.149339954479267,7.6406653970479965,813.4200097993016,6547.5084745762715
1780995996,40,GET,/product/0PUK6V6EV0,0.100000,0.000000,7,7,9,9,9,9,9,9,9,9,9,18,0,6,6.709824833605024,5.309353582561016,11.74506638199091,7717.444444444444
1780995996,40,GET,/product/1YMWWN1N4O,0.200000,0.000000,6,6,6,6,6,6,6,6,6,6,6,12,0,7,9.718620295946797,5.541149526834488,33.95653795450926,7712.166666666667
1780995996,40,GET,/product/2ZYFJ3GM2N,0.500000,0.000000,8,8,9,9,9,9,9,9,9,9,9,23,0,8,16.281139793927256,5.56730292737484,92.03660488128662,7743.565217391304
1780995996,40,GET,/product/66VCHSJNUP,0.300000,0.000000,6,8,8,38,38,38,38,38,38,38,38,22,0,7,15.68393362686038,5.2748918533325195,73.6293476074934,7700.045454545455
1780995996,40,GET,/product/6E92ZMYYFZ,0.200000,0.000000,10,10,10,10,10,10,10,10,10,10,10,12,0,7,15.074351336807013,6.186098791658878,85.78414469957352,7687.083333333333
1780995996,40,GET,/product/9SIQT8TOJO,0.200000,0.000000,7,7,10,10,10,10,10,10,10,10,10,9,0,7,11.22266643991073,5.1134927198290825,29.170441441237926,7743.222222222223
1780995996,40,GET,/product/L9ECAV7KIM,0.600000,0.000000,7,7,14,14,41,41,41,41,41,41,41,22,0,7,11.313172861595046,5.448899231851101,40.90236872434616,7708.272727272727
1780995996,40,GET,/product/LS4PSXUNUM,0.800000,0.000000,8,8,8,8,11,11,11,11,11,11,11,19,0,6,7.010162611933131,5.292021669447422,13.591055758297443,7705.1578947368425
1780995996,40,GET,/product/OLJCESPC7Z,0.300000,0.000000,7,7,100,100,100,100,100,100,100,100,100,17,0,7,12.794263386989341,5.428628996014595,103.34542486816645,7750.176470588235
1780995996,40,,Aggregated,22.700000,0.000000,8,9,10,10,11,14,37,57,100,100,100,1327,0,9,16.19486638696439,5.1134927198290825,813.4200097993016,10358.75433308214
1780995997,40,GET,/,17.400000,0.000000,8,8,9,10,11,15,25,57,77,77,77,1023,0,9,15.787654863133342,5.988584831357002,740.2629377320409,10250.952101661778
1780995997,40,POST,/cart,1.300000,0.000000,10,11,12,14,15,15,15,15,15,15,15,109,0,11,18.31602516216696,8.647412993013859,108.25009271502495,17146.697247706423
1780995997,40,POST,/cart/checkout,0.900000,0.000000,10,10,10,11,11,11,11,11,11,11,11,59,0,11,28.149339954479267,7.6406653970479965,813.4200097993016,6547.5084745762715
1780995997,40,GET,/product/0PUK6V6EV0,0.200000,0.000000,8,8,9,9,9,9,9,9,9,9,9,19,0,6,6.770404349816473,5.309353582561016,11.74506638199091,7718.105263157895
1780995997,40,GET,/product/1YMWWN1N4O,0.300000,0.000000,6,6,6,6,6,6,6,6,6,6,6,12,0,7,9.718620295946797,5.541149526834488,33.95653795450926,7712.166666666667
1780995997,40,GET,/product/2ZYFJ3GM2N,0.500000,0.000000,8,8,9,9,9,9,9,9,9,9,9,23,0,8,16.281139793927256,5.56730292737484,92.03660488128662,7743.565217391304
1780995997,40,GET,/product/66VCHSJNUP,0.300000,0.000000,6,6,38,38,38,38,38,38,38,38,38,22,0,7,15.68393362686038,5.2748918533325195,73.6293476074934,7700.045454545455
1780995997,40,GET,/product/6E92ZMYYFZ,0.200000,0.000000,10,10,10,10,10,10,10,10,10,10,10,12,0,7,15.074351336807013,6.186098791658878,85.78414469957352,7687.083333333333
1780995997,40,GET,/product/9SIQT8TOJO,0.300000,0.000000,7,7,10,10,10,10,10,10,10,10,10,9,0,7,11.22266643991073,5.1134927198290825,29.170441441237926,7743.222222222223
1780995997,40,GET,/product/L9ECAV7KIM,0.600000,0.000000,7,7,7,7,7,7,7,7,7,7,7,22,0,7,11.313172861595046,5.448899231851101,40.90236872434616,7708.272727272727
1780995997,40,GET,/product/LS4PSXUNUM,0.600000,0.000000,6,6,8,8,8,8,8,8,8,8,8,19,0,6,7.010162611933131,5.292021669447422,13.591055758297443,7705.1578947368425
1780995997,40,GET,/product/OLJCESPC7Z,0.400000,0.000000,7,7,100,100,100,100,100,100,100,100,100,17,0,7,12.794263386989341,5.428628996014595,103.34542486816645,7750.176470588235
1780995997,40,,Aggregated,23.000000,0.000000,8,9,9,10,11,15,37,57,100,100,100,1346,0,9,16.087878298949878,5.1134927198290825,813.4200097993016,10355.406389301634
1780995998,40,GET,/,17.000000,0.000000,8,8,9,9,11,16,25,57,77,77,77,1038,0,9,15.683413128797431,5.988584831357002,740.2629377320409,10251.231213872832
1780995998,40,POST,/cart,1.000000,0.000000,10,11,12,12,15,15,15,15,15,15,15,112,0,11,18.144575421631867,8.647412993013859,108.25009271502495,17122.178571428572
1780995998,40,POST,/cart/checkout,1.000000,0.000000,10,10,11,11,11,11,11,11,11,11,11,60,0,11,27.859231519202392,7.6406653970479965,813.4200097993016,6547.783333333334
1780995998,40,GET,/product/0PUK6V6EV0,0.200000,0.000000,6,8,8,9,9,9,9,9,9,9,9,21,0,6,6.6851771747072535,5.309353582561016,11.74506638199091,7720.142857142857
1780995998,40,GET,/product/1YMWWN1N4O,0.300000,0.000000,6,6,11,11,11,11,11,11,11,11,11,13,0,7,9.83665339075602,5.541149526834488,33.95653795450926,7718.153846153846
1780995998,40,GET,/product/2ZYFJ3GM2N,0.400000,0.000000,8,8,9,9,9,9,9,9,9,9,9,23,0,8,16.281139793927256,5.56730292737484,92.03660488128662,7743.565217391304
1780995998,40,GET,/product/66VCHSJNUP,0.400000,0.000000,6,6,38,38,38,38,38,38,38,38,38,22,0,7,15.68393362686038,5.2748918533325195,73.6293476074934,7700.045454545455
1780995998,40,GET,/product/6E92ZMYYFZ,0.100000,0.000000,10,10,10,10,10,10,10,10,10,10,10,13,0,7,14.445871401291628,6.186098791658878,85.78414469957352,7683.307692307692
1780995998,40,GET,/product/9SIQT8TOJO,0.300000,0.000000,7,7,10,10,10,10,10,10,10,10,10,9,0,7,11.22266643991073,5.1134927198290825,29.170441441237926,7743.222222222223
1780995998,40,GET,/product/L9ECAV7KIM,0.600000,0.000000,7,7,7,7,7,7,7,7,7,7,7,22,0,7,11.313172861595046,5.448899231851101,40.90236872434616,7708.272727272727
1780995998,40,GET,/product/LS4PSXUNUM,0.600000,0.000000,6,6,8,8,8,8,8,8,8,8,8,19,0,6,7.010162611933131,5.292021669447422,13.591055758297443,7705.1578947368425
1780995998,40,GET,/product/OLJCESPC7Z,0.200000,0.000000,7,7,100,100,100,100,100,100,100,100,100,17,0,7,12.794263386989341,5.428628996014595,103.34542486816645,7750.176470588235
1780995998,40,,Aggregated,22.100000,0.000000,8,9,9,10,11,16,38,77,100,100,100,1369,0,9,15.967343193720387,5.1134927198290825,813.4200097993016,10356.899926953982
1780995999,40,GET,/,17.000000,0.000000,8,8,9,9,11,16,25,57,77,77,77,1052,0,8,15.567406057645726,5.988584831357002,740.2629377320409,10251.716730038022
1780995999,40,POST,/cart,1.000000,0.000000,10,11,12,12,15,15,15,15,15,15,15,113,0,11,18.067005040964723,8.647412993013859,108.25009271502495,17114.300884955752
1780995999,40,POST,/cart/checkout,1.000000,0.000000,10,10,11,11,11,11,11,11,11,11,11,60,0,11,27.859231519202392,7.6406653970479965,813.4200097993016,6547.783333333334
1780995999,40,GET,/product/0PUK6V6EV0,0.200000,0.000000,6,8,8,9,9,9,9,9,9,9,9,21,0,6,6.6851771747072535,5.309353582561016,11.74506638199091,7720.142857142857
1780995999,40,GET,/product/1YMWWN1N4O,0.300000,0.000000,6,6,11,11,11,11,11,11,11,11,11,13,0,7,9.83665339075602,5.541149526834488,33.95653795450926,7718.153846153846
1780995999,40,GET,/product/2ZYFJ3GM2N,0.400000,0.000000,8,8,9,9,9,9,9,9,9,9,9,24,0,8,15.866830168912808,5.56730292737484,92.03660488128662,7740.041666666667
1780995999,40,GET,/product/66VCHSJNUP,0.400000,0.000000,6,6,38,38,38,38,38,38,38,38,38,22,0,7,15.68393362686038,5.2748918533325195,73.6293476074934,7700.045454545455
1780995999,40,GET,/product/6E92ZMYYFZ,0.100000,0.000000,10,10,10,10,10,10,10,10,10,10,10,13,0,7,14.445871401291628,6.186098791658878,85.78414469957352,7683.307692307692
1780995999,40,GET,/product/9SIQT8TOJO,0.300000,0.000000,7,7,7,7,7,7,7,7,7,7,7,9,0,7,11.22266643991073,5.1134927198290825,29.170441441237926,7743.222222222223
1780995999,40,GET,/product/L9ECAV7KIM,0.600000,0.000000,6,6,6,6,6,6,6,6,6,6,6,22,0,7,11.313172861595046,5.448899231851101,40.90236872434616,7708.272727272727
1780995999,40,GET,/product/LS4PSXUNUM,0.600000,0.000000,6,6,8,8,8,8,8,8,8,8,8,19,0,6,7.010162611933131,5.292021669447422,13.591055758297443,7705.1578947368425
1780995999,40,GET,/product/OLJCESPC7Z,0.200000,0.000000,100,100,100,100,100,100,100,100,100,100,100,17,0,7,12.794263386989341,5.428628996014595,103.34542486816645,7750.176470588235
1780995999,40,,Aggregated,22.100000,0.000000,8,9,9,10,11,16,38,77,100,100,100,1385,0,9,15.86464838148347,5.1134927198290825,813.4200097993016,10358.494584837545
1780996000,40,GET,/,16.900000,0.000000,7,8,9,9,10,13,17,25,57,57,57,1073,0,8,15.409293639207153,5.988584831357002,740.2629377320409,10251.963653308481
1780996000,40,POST,/cart,1.300000,0.000000,10,11,12,14,15,15,15,15,15,15,15,115,0,11,17.951107049441855,8.647412993013859,108.25009271502495,17111.260869565216
1780996000,40,POST,/cart/checkout,1.100000,0.000000,10,11,11,11,11,14,14,14,14,14,14,63,0,11,27.037963448535827,7.6406653970479965,813.4200097993016,6548.0
1780996000,40,GET,/product/0PUK6V6EV0,0.500000,0.000000,6,8,8,9,9,9,9,9,9,9,9,21,0,6,6.6851771747072535,5.309353582561016,11.74506638199091,7720.142857142857
1780996000,40,GET,/product/1YMWWN1N4O,0.400000,0.000000,6,6,11,11,11,11,11,11,11,11,11,13,0,7,9.83665339075602,5.541149526834488,33.95653795450926,7718.153846153846
1780996000,40,GET,/product/2ZYFJ3GM2N,0.400000,0.000000,8,8,9,9,9,9,9,9,9,9,9,24,0,8,15.866830168912808,5.56730292737484,92.03660488128662,7740.041666666667
1780996000,40,GET,/product/66VCHSJNUP,0.400000,0.000000,6,6,38,38,38,38,38,38,38,38,38,22,0,7,15.68393362686038,5.2748918533325195,73.6293476074934,7700.045454545455
1780996000,40,GET,/product/6E92ZMYYFZ,0.100000,0.000000,10,10,10,10,10,10,10,10,10,10,10,13,0,7,14.445871401291628,6.186098791658878,85.78414469957352,7683.307692307692
1780996000,40,GET,/product/9SIQT8TOJO,0.200000,0.000000,7,7,7,7,7,7,7,7,7,7,7,9,0,7,11.22266643991073,5.1134927198290825,29.170441441237926,7743.222222222223
1780996000,40,GET,/product/L9ECAV7KIM,0.400000,0.000000,6,6,6,6,6,6,6,6,6,6,6,22,0,7,11.313172861595046,5.448899231851101,40.90236872434616,7708.272727272727
1780996000,40,GET,/product/LS4PSXUNUM,0.400000,0.000000,6,6,8,8,8,8,8,8,8,8,8,19,0,6,7.010162611933131,5.292021669447422,13.591055758297443,7705.1578947368425
1780996000,40,GET,/product/OLJCESPC7Z,0.200000,0.000000,100,100,100,100,100,100,100,100,100,100,100,17,0,7,12.794263386989341,5.428628996014595,103.34542486816645,7750.176470588235
1780996000,40,,Aggregated,22.300000,0.000000,8,9,9,10,11,15,25,57,100,100,100,1411,0,9,15.72249642646562,5.1134927198290825,813.4200097993016,10358.328844790929
1780996001,40,GET,/,16.700000,0.000000,8,8,9,10,11,15,17,25,57,57,57,1089,0,8,15.330558035546645,5.988584831357002,740.2629377320409,10252.173553719009
1780996001,40,POST,/cart,1.300000,0.000000,10,12,15,15,16,21,21,21,21,21,21,118,0,11,17.88923142762002,8.647412993013859,108.25009271502495,17113.372881355932
1780996001,40,POST,/cart/checkout,1.000000,0.000000,10,11,11,11,12,14,14,14,14,14,14,64,0,11,26.798628794495016,7.6406653970479965,813.4200097993016,6548.46875
1780996001,40,GET,/product/0PUK6V6EV0,0.500000,0.000000,6,8,8,9,9,9,9,9,9,9,9,21,0,6,6.6851771747072535,5.309353582561016,11.74506638199091,7720.142857142857
1780996001,40,GET,/product/1YMWWN1N4O,0.300000,0.000000,11,11,11,11,11,11,11,11,11,11,11,13,0,7,9.83665339075602,5.541149526834488,33.95653795450926,7718.153846153846
1780996001,40,GET,/product/2ZYFJ3GM2N,0.400000,0.000000,8,8,9,9,9,9,9,9,9,9,9,24,0,8,15.866830168912808,5.56730292737484,92.03660488128662,7740.041666666667
1780996001,40,GET,/product/66VCHSJNUP,0.400000,0.000000,6,6,38,38,38,38,38,38,38,38,38,22,0,7,15.68393362686038,5.2748918533325195,73.6293476074934,7700.045454545455
1780996001,40,GET,/product/6E92ZMYYFZ,0.100000,0.000000,7,7,10,10,10,10,10,10,10,10,10,15,0,7,13.418191795547804,6.186098791658878,85.78414469957352,7682.8
1780996001,40,GET,/product/9SIQT8TOJO,0.200000,0.000000,7,7,7,7,7,7,7,7,7,7,7,9,0,7,11.22266643991073,5.1134927198290825,29.170441441237926,7743.222222222223
1780996001,40,GET,/product/L9ECAV7KIM,0.200000,0.000000,6,6,6,6,6,6,6,6,6,6,6,22,0,7,11.313172861595046,5.448899231851101,40.90236872434616,7708.272727272727
1780996001,40,GET,/product/LS4PSXUNUM,0.000000,0.000000,6,6,8,8,8,8,8,8,8,8,8,19,0,6,7.010162611933131,5.292021669447422,13.591055758297443,7705.1578947368425
1780996001,40,GET,/product/OLJCESPC7Z,0.200000,0.000000,12,12,100,100,100,100,100,100,100,100,100,18,0,7,12.747001006371445,5.428628996014595,103.34542486816645,7752.777777777777
1780996001,40,,Aggregated,21.300000,0.000000,8,9,10,10,12,16,21,38,100,100,100,1434,0,9,15.640823372524112,5.1134927198290825,813.4200097993016,10363.444211994421
1780996002,40,GET,/,17.100000,0.000000,8,9,10,10,12,15,17,25,57,57,57,1104,0,9,15.270393108949065,5.988584831357002,740.2629377320409,10252.258152173914
1780996002,40,POST,/cart,1.300000,0.000000,12,15,15,16,18,21,21,21,21,21,21,121,0,11,17.84694547310841,8.647412993013859,108.25009271502495,17150.504132231406
1780996002,40,POST,/cart/checkout,1.200000,0.000000,10,11,11,12,14,14,14,14,14,14,14,65,0,11,26.530896356472603,7.6406653970479965,813.4200097993016,6548.415384615385
1780996002,40,GET,/product/0PUK6V6EV0,0.500000,0.000000,6,8,8,9,9,9,9,9,9,9,9,21,0,6,6.6851771747072535,5.309353582561016,11.74506638199091,7720.142857142857
1780996002,40,GET,/product/1YMWWN1N4O,0.200000,0.000000,11,11,11,11,11,11,11,11,11,11,11,13,0,7,9.83665339075602,5.541149526834488,33.95653795450926,7718.153846153846
1780996002,40,GET,/product/2ZYFJ3GM2N,0.300000,0.000000,8,8,9,9,9,9,9,9,9,9,9,24,0,8,15.866830168912808,5.56730292737484,92.03660488128662,7740.041666666667
1780996002,40,GET,/product/66VCHSJNUP,0.400000,0.000000,6,6,6,6,6,6,6,6,6,6,6,22,0,7,15.68393362686038,5.2748918533325195,73.6293476074934,7700.045454545455
1780996002,40,GET,/product/6E92ZMYYFZ,0.100000,0.000000,7,7,7,7,7,7,7,7,7,7,7,15,0,7,13.418191795547804,6.186098791658878,85.78414469957352,7682.8
1780996002,40,GET,/product/9SIQT8TOJO,0.200000,0.000000,7,7,7,7,7,7,7,7,7,7,7,9,0,7,11.22266643991073,5.1134927198290825,29.170441441237926,7743.222222222223
1780996002,40,GET,/product/L9ECAV7KIM,0.200000,0.000000,6,6,6,6,6,6,6,6,6,6,6,22,0,7,11.313172861595046,5.448899231851101,40.90236872434616,7708.272727272727
1780996002,40,GET,/product/LS4PSXUNUM,0.000000,0.000000,6,6,8,8,8,8,8,8,8,8,8,19,0,6,7.010162611933131,5.292021669447422,13.591055758297443,7705.1578947368425
1780996002,40,GET,/product/OLJCESPC7Z,0.200000,0.000000,12,12,100,100,100,100,100,100,100,100,100,18,0,7,12.747001006371445,5.428628996014595,103.34542486816645,7752.777777777777
1780996002,40,,Aggregated,21.700000,0.000000,8,9,10,11,13,16,21,57,100,100,100,1453,0,9,15.588729609001405,5.1134927198290825,813.4200097993016,10376.760495526496
1780996003,40,GET,/,17.300000,0.000000,8,9,10,10,12,13,17,19,25,25,25,1122,0,8,15.147665632579894,5.988584831357002,740.2629377320409,10252.532085561497
1780996003,40,POST,/cart,1.400000,0.000000,12,15,15,16,18,21,21,21,21,21,21,123,0,11,17.72105943684171,8.647412993013859,108.25009271502495,17170.30081300813
1780996003,40,POST,/cart/checkout,1.100000,0.000000,10,11,11,11,12,14,14,14,14,14,14,66,0,10,26.273053957883157,7.6406653970479965,813.4200097993016,6548.651515151515
1780996003,40,GET,/product/0PUK6V6EV0,0.500000,0.000000,8,8,9,9,9,9,9,9,9,9,9,21,0,6,6.6851771747072535,5.309353582561016,11.74506638199091,7720.142857142857
1780996003,40,GET,/product/1YMWWN1N4O,0.200000,0.000000,11,11,11,11,11,11,11,11,11,11,11,13,0,7,9.83665339075602,5.541149526834488,33.95653795450926,7718.153846153846
1780996003,40,GET,/product/2ZYFJ3GM2N,0.300000,0.000000,8,8,9,9,9,9,9,9,9,9,9,24,0,8,15.866830168912808,5.56730292737484,92.03660488128662,7740.041666666667
1780996003,40,GET,/product/66VCHSJNUP,0.400000,0.000000,6,6,6,6,6,6,6,6,6,6,6,23,0,7,15.257355068688808,5.2748918533325195,73.6293476074934,7700.739130434783
1780996003,40,GET,/product/6E92ZMYYFZ,0.300000,0.000000,7,7,7,7,7,7,7,7,7,7,7,15,0,7,13.418191795547804,6.186098791658878,85.78414469957352,7682.8
1780996003,40,GET,/product/9SIQT8TOJO,0.200000,0.000000,7,7,7,7,7,7,7,7,7,7,7,9,0,7,11.22266643991073,5.1134927198290825,29.170441441237926,7743.222222222223
1780996003,40,GET,/product/L9ECAV7KIM,0.100000,0.000000,6,6,6,6,6,6,6,6,6,6,6,22,0,7,11.313172861595046,5.448899231851101,40.90236872434616,7708.272727272727
1780996003,40,GET,/product/LS4PSXUNUM,0.000000,0.000000,6,6,8,8,8,8,8,8,8,8,8,19,0,6,7.010162611933131,5.292021669447422,13.591055758297443,7705.1578947368425
1780996003,40,GET,/product/OLJCESPC7Z,0.200000,0.000000,12,12,12,12,12,12,12,12,12,12,12,18,0,7,12.747001006371445,5.428628996014595,103.34542486816645,7752.777777777777
1780996003,40,,Aggregated,22.000000,0.000000,8,9,10,11,13,16,18,21,25,25,25,1475,0,9,15.473346984866312,5.1134927198290825,813.4200097993016,10381.89627118644
1780996004,40,GET,/,17.100000,0.000000,7,8,9,10,11,13,16,17,25,25,25,1139,0,8,15.031540306011923,5.981189198791981,740.2629377320409,10252.604916593504
1780996004,40,POST,/cart,1.700000,0.000000,11,15,15,16,18,21,21,21,21,21,21,126,0,11,17.509990238717624,7.928584702312946,108.25009271502495,17170.571428571428
1780996004,40,POST,/cart/checkout,1.000000,0.000000,9,10,11,11,12,14,14,14,14,14,14,69,0,10,25.516901759133823,7.6406653970479965,813.4200097993016,6548.753623188406
1780996004,40,GET,/product/0PUK6V6EV0,0.500000,0.000000,8,8,9,9,9,9,9,9,9,9,9,21,0,6,6.6851771747072535,5.309353582561016,11.74506638199091,7720.142857142857
1780996004,40,GET,/product/1YMWWN1N4O,0.200000,0.000000,11,11,11,11,11,11,11,11,11,11,11,13,0,7,9.83665339075602,5.541149526834488,33.95653795450926,7718.153846153846
1780996004,40,GET,/product/2ZYFJ3GM2N,0.300000,0.000000,8,8,9,9,9,9,9,9,9,9,9,25,0,8,15.46944510191679,5.56730292737484,92.03660488128662,7740.92
1780996004,40,GET,/product/66VCHSJNUP,0.400000,0.000000,6,6,6,6,6,6,6,6,6,6,6,23,0,7,15.257355068688808,5.2748918533325195,73.6293476074934,7700.739130434783
1780996004,40,GET,/product/6E92ZMYYFZ,0.300000,0.000000,7,7,7,7,7,7,7,7,7,7,7,15,0,7,13.418191795547804,6.186098791658878,85.78414469957352,7682.8
1780996004,40,GET,/product/9SIQT8TOJO,0.100000,0.000000,7,7,7,7,7,7,7,7,7,7,7,9,0,7,11.22266643991073,5.1134927198290825,29.170441441237926,7743.222222222223
1780996004,40,GET,/product/L9ECAV7KIM,0.000000,0.000000,6,6,6,6,6,6,6,6,6,6,6,22,0,7,11.313172861595046,5.448899231851101,40.90236872434616,7708.272727272727
1780996004,40,GET,/product/LS4PSXUNUM,0.000000,0.000000,6,7,7,8,8,8,8,8,8,8,8,20,0,6,6.992264976724982,5.292021669447422,13.591055758297443,7706.95
1780996004,40,GET,/product/OLJCESPC7Z,0.300000,0.000000,7,7,12,12,12,12,12,12,12,12,12,19,0,7,12.44024050078894,5.428628996014595,103.34542486816645,7755.736842105263
1780996004,40,,Aggregated,21.900000,0.000000,8,9,10,10,12,15,17,21,25,25,25,1501,0,9,15.337206166408842,5.1134927198290825,813.4200097993016,10381.201199200534
1780996005,40,GET,/,16.900000,0.000000,7,8,9,10,11,13,13,17,25,25,25,1157,0,8,14.911151318042156,5.902072414755821,740.2629377320409,10252.86430423509
1780996005,40,POST,/cart,1.800000,0.000000,11,14,15,16,18,21,21,21,21,21,21,126,0,11,17.509990238717624,7.928584702312946,108.25009271502495,17170.571428571428
1780996005,40,POST,/cart/checkout,1.100000,0.000000,9,10,11,11,12,14,14,14,14,14,14,69,0,10,25.516901759133823,7.6406653970479965,813.4200097993016,6548.753623188406
1780996005,40,GET,/product/0PUK6V6EV0,0.400000,0.000000,7,7,8,8,8,8,8,8,8,8,8,22,0,6,6.710508795963093,5.309353582561016,11.74506638199091,7717.181818181818
1780996005,40,GET,/product/1YMWWN1N4O,0.200000,0.000000,11,11,11,11,11,11,11,11,11,11,11,14,0,7,9.634911947484527,5.541149526834488,33.95653795450926,7723.0
1780996005,40,GET,/product/2ZYFJ3GM2N,0.300000,0.000000,6,6,6,6,6,6,6,6,6,6,6,25,0,8,15.46944510191679,5.56730292737484,92.03660488128662,7740.92
1780996005,40,GET,/product/66VCHSJNUP,0.400000,0.000000,6,6,6,6,6,6,6,6,6,6,6,24,0,6,14.869060056904951,5.2748918533325195,73.6293476074934,7698.416666666667
1780996005,40,GET,/product/6E92ZMYYFZ,0.300000,0.000000,7,7,7,7,7,7,7,7,7,7,7,15,0,7,13.418191795547804,6.186098791658878,85.78414469957352,7682.8
1780996005,40,GET,/product/9SIQT8TOJO,0.100000,0.000000,7,7,7,7,7,7,7,7,7,7,7,9,0,7,11.22266643991073,5.1134927198290825,29.170441441237926,7743.222222222223
1780996005,40,GET,/product/L9ECAV7KIM,0.000000,0.000000,8,8,45,45,45,45,45,45,45,45,45,24,0,7,12.540034872169295,5.448899231851101,44.51974108815193,7706.625
1780996005,40,GET,/product/LS4PSXUNUM,0.000000,0.000000,7,7,7,7,7,7,7,7,7,7,7,20,0,6,6.992264976724982,5.292021669447422,13.591055758297443,7706.95
1780996005,40,GET,/product/OLJCESPC7Z,0.300000,0.000000,7,7,12,12,12,12,12,12,12,12,12,19,0,7,12.44024050078894,5.428628996014595,103.34542486816645,7755.736842105263
1780996005,40,,Aggregated,21.800000,0.000000,8,9,10,10,12,15,18,25,45,45,45,1524,0,9,15.239296704066277,5.1134927198290825,813.4200097993016,10371.058398950132
1780996006,40,GET,/,16.400000,0.000000,7,8,9,10,11,12,13,16,17,17,17,1171,0,8,14.824481655538948,5.902072414755821,740.2629377320409,10252.824081981213
1780996006,40,POST,/cart,2.100000,0.000000,10,11,15,15,16,18,21,21,21,21,21,131,0,11,17.210408320067494,7.928584702312946,108.25009271502495,17199.68702290076
1780996006,40,POST,/cart/checkout,1.100000,0.000000,9,10,11,11,12,14,14,14,14,14,14,70,0,10,25.290396051215275,7.6406653970479965,813.4200097993016,6548.842857142857
1780996006,40,GET,/product/0PUK6V6EV0,0.400000,0.000000,6,6,7,7,7,7,7,7,7,7,7,23,0,6,6.645897079421126,5.224439315497875,11.74506638199091,7714.478260869565
1780996006,40,GET,/product/1YMWWN1N4O,0.200000,0.000000,11,11,11,11,11,11,11,11,11,11,11,14,0,7,9.634911947484527,5.541149526834488,33.95653795450926,7723.0
1780996006,40,GET,/product/2ZYFJ3GM2N,0.200000,0.000000,6,6,6,6,6,6,6,6,6,6,6,25,0,8,15.46944510191679,5.56730292737484,92.03660488128662,7740.92
1780996006,40,GET,/product/66VCHSJNUP,0.200000,0.000000,6,6,6,6,6,6,6,6,6,6,6,25,0,6,14.523437730967999,5.2748918533325195,73.6293476074934,7695.8
1780996006,40,GET,/product/6E92ZMYYFZ,0.300000,0.000000,7,7,7,7,7,7,7,7,7,7,7,15,0,7,13.418191795547804,6.186098791658878,85.78414469957352,7682.8
1780996006,40,GET,/product/9SIQT8TOJO,0.100000,0.000000,7,7,7,7,7,7,7,7,7,7,7,9,0,7,11.22266643991073,5.1134927198290825,29.170441441237926,7743.222222222223
1780996006,40,GET,/product/L9ECAV7KIM,0.000000,0.000000,8,8,45,45,45,45,45,45,45,45,45,24,0,7,12.540034872169295,5.448899231851101,44.51974108815193,7706.625
1780996006,40,GET,/product/LS4PSXUNUM,0.100000,0.000000,7,7,7,7,7,7,7,7,7,7,7,21,0,6,6.9135305516067005,5.292021669447422,13.591055758297443,7704.428571428572
1780996006,40,GET,/product/OLJCESPC7Z,0.200000,0.000000,7,7,12,12,12,12,12,12,12,12,12,19,0,7,12.44024050078894,5.428628996014595,103.34542486816645,7755.736842105263
1780996006,40,,Aggregated,21.300000,0.000000,8,9,10,10,12,14,16,18,45,45,45,1547,0,9,15.130389221710933,5.1134927198290825,813.4200097993016,10386.651583710407
1780996007,40,GET,/,16.600000,0.000000,7,9,10,10,12,13,15,16,38,38,38,1191,0,8,14.780119884099207,5.902072414755821,740.2629377320409,10252.917716204869
1780996007,40,POST,/cart,2.000000,0.000000,10,12,15,16,18,20,21,21,21,21,21,133,0,11,17.188324817085178,7.928584702312946,108.25009271502495,17217.323308270676
1780996007,40,POST,/cart/checkout,1.100000,0.000000,9,10,11,11,12,14,14,14,14,14,14,70,0,10,25.290396051215275,7.6406653970479965,813.4200097993016,6548.842857142857
1780996007,40,GET,/product/0PUK6V6EV0,0.400000,0.000000,6,6,6,7,7,7,7,7,7,7,7,24,0,6,6.612631802757581,5.224439315497875,11.74506638199091,7715.125
1780996007,40,GET,/product/1YMWWN1N4O,0.200000,0.000000,11,11,11,11,11,11,11,11,11,11,11,14,0,7,9.634911947484527,5.541149526834488,33.95653795450926,7723.0
1780996007,40,GET,/product/2ZYFJ3GM2N,0.200000,0.000000,6,6,6,6,6,6,6,6,6,6,6,26,0,8,15.084670713314644,5.465310998260975,92.03660488128662,7739.307692307692
1780996007,40,GET,/product/66VCHSJNUP,0.300000,0.000000,6,6,6,6,32,32,32,32,32,32,32,27,0,6,14.861082968612513,5.2748918533325195,73.6293476074934,7697.888888888889
1780996007,40,GET,/product/6E92ZMYYFZ,0.300000,0.000000,7,7,7,7,7,7,7,7,7,7,7,15,0,7,13.418191795547804,6.186098791658878,85.78414469957352,7682.8
1780996007,40,GET,/product/9SIQT8TOJO,0.000000,0.000000,7,7,7,7,7,7,7,7,7,7,7,9,0,7,11.22266643991073,5.1134927198290825,29.170441441237926,7743.222222222223
1780996007,40,GET,/product/L9ECAV7KIM,0.200000,0.000000,45,45,45,45,45,45,45,45,45,45,45,24,0,7,12.540034872169295,5.448899231851101,44.51974108815193,7706.625
1780996007,40,GET,/product/LS4PSXUNUM,0.100000,0.000000,6,6,7,7,7,7,7,7,7,7,7,22,0,6,6.872465580024502,5.292021669447422,13.591055758297443,7706.909090909091
1780996007,40,GET,/product/OLJCESPC7Z,0.200000,0.000000,7,7,12,12,12,12,12,12,12,12,12,20,0,7,12.095231469720602,5.428628996014595,103.34542486816645,7752.55
1780996007,40,,Aggregated,21.600000,0.000000,8,9,10,11,13,15,20,32,45,45,45,1575,0,9,15.074842475827724,5.1134927198290825,813.4200097993016,10385.010158730158
1780996008,40,GET,/,16.600000,0.000000,8,9,10,10,12,13,16,18,38,38,38,1205,0,8,14.705686210905862,5.902072414755821,740.2629377320409,10253.173443983402
1780996008,40,POST,/cart,2.300000,0.000000,11,14,16,18,20,21,25,25,25,25,25,137,0,11,17.17456774174297,7.928584702312946,108.25009271502495,17282.189781021898
1780996008,40,POST,/cart/checkout,1.100000,0.000000,9,10,10,12,14,14,14,14,14,14,14,70,0,10,25.290396051215275,7.6406653970479965,813.4200097993016,6548.842857142857
1780996008,40,GET,/product/0PUK6V6EV0,0.500000,0.000000,6,6,6,7,7,7,7,7,7,7,7,24,0,6,6.612631802757581,5.224439315497875,11.74506638199091,7715.125
1780996008,40,GET,/product/1YMWWN1N4O,0.200000,0.000000,11,11,11,11,11,11,11,11,11,11,11,14,0,7,9.634911947484527,5.541149526834488,33.95653795450926,7723.0
1780996008,40,GET,/product/2ZYFJ3GM2N,0.200000,0.000000,6,6,6,6,6,6,6,6,6,6,6,26,0,8,15.084670713314644,5.465310998260975,92.03660488128662,7739.307692307692
1780996008,40,GET,/product/66VCHSJNUP,0.300000,0.000000,6,6,6,32,32,32,32,32,32,32,32,27,0,6,14.861082968612513,5.2748918533325195,73.6293476074934,7697.888888888889
1780996008,40,GET,/product/6E92ZMYYFZ,0.300000,0.000000,7,7,7,7,7,7,7,7,7,7,7,15,0,7,13.418191795547804,6.186098791658878,85.78414469957352,7682.8
1780996008,40,GET,/product/9SIQT8TOJO,0.000000,0.000000,7,7,7,7,7,7,7,7,7,7,7,9,0,7,11.22266643991073,5.1134927198290825,29.170441441237926,7743.222222222223
1780996008,40,GET,/product/L9ECAV7KIM,0.200000,0.000000,45,45,45,45,45,45,45,45,45,45,45,24,0,7,12.540034872169295,5.448899231851101,44.51974108815193,7706.625
1780996008,40,GET,/product/LS4PSXUNUM,0.200000,0.000000,6,6,7,7,7,7,7,7,7,7,7,22,0,6,6.872465580024502,5.292021669447422,13.591055758297443,7706.909090909091
1780996008,40,GET,/product/OLJCESPC7Z,0.200000,0.000000,7,7,12,12,12,12,12,12,12,12,12,21,0,7,11.811741627752781,5.428628996014595,103.34542486816645,7754.476190476191
1780996008,40,,Aggregated,22.100000,0.000000,8,9,10,11,13,16,21,32,45,45,45,1594,0,9,15.014502212260306,5.1134927198290825,813.4200097993016,10405.1373902133
1780996009,40,GET,/,16.100000,0.000000,8,9,10,11,13,13,16,18,38,38,38,1220,0,8,14.618207339472214,5.902072414755821,740.2629377320409,10253.091803278689
1780996009,40,POST,/cart,2.400000,0.000000,11,15,16,18,20,21,25,25,25,25,25,138,0,11,17.109734654102635,7.928584702312946,108.25009271502495,17274.565217391304
1780996009,40,POST,/cart/checkout,1.100000,0.000000,10,10,10,12,14,14,14,14,14,14,14,72,0,10,24.835149188422495,7.6406653970479965,813.4200097993016,6548.333333333333
1780996009,40,GET,/product/0PUK6V6EV0,0.500000,0.000000,6,6,6,7,7,7,7,7,7,7,7,24,0,6,6.612631802757581,5.224439315497875,11.74506638199091,7715.125
1780996009,40,GET,/product/1YMWWN1N4O,0.200000,0.000000,11,11,11,11,11,11,11,11,11,11,11,14,0,7,9.634911947484527,5.541149526834488,33.95653795450926,7723.0
1780996009,40,GET,/product/2ZYFJ3GM2N,0.200000,0.000000,6,6,6,6,6,6,6,6,6,6,6,27,0,8,14.733457282461503,5.465310998260975,92.03660488128662,7739.7037037037035
1780996009,40,GET,/product/66VCHSJNUP,0.400000,0.000000,6,6,6,6,32,32,32,32,32,32,32,30,0,6,13.901089938978354,5.047120153903961,73.6293476074934,7699.8
1780996009,40,GET,/product/6E92ZMYYFZ,0.300000,0.000000,7,7,7,7,7,7,7,7,7,7,7,15,0,7,13.418191795547804,6.186098791658878,85.78414469957352,7682.8
1780996009,40,GET,/product/9SIQT8TOJO,0.000000,0.000000,7,7,7,7,7,7,7,7,7,7,7,9,0,7,11.22266643991073,5.1134927198290825,29.170441441237926,7743.222222222223
1780996009,40,GET,/product/L9ECAV7KIM,0.200000,0.000000,45,45,45,45,45,45,45,45,45,45,45,24,0,7,12.540034872169295,5.448899231851101,44.51974108815193,7706.625
1780996009,40,GET,/product/LS4PSXUNUM,0.300000,0.000000,6,6,7,7,7,7,7,7,7,7,7,22,0,6,6.872465580024502,5.292021669447422,13.591055758297443,7706.909090909091
1780996009,40,GET,/product/OLJCESPC7Z,0.300000,0.000000,7,7,12,12,12,12,12,12,12,12,12,21,0,7,11.811741627752781,5.428628996014595,103.34542486816645,7754.476190476191
1780996009,40,,Aggregated,22.000000,0.000000,8,9,10,11,13,16,21,32,45,45,45,1616,0,9,14.909897018615894,5.047120153903961,813.4200097993016,10395.840965346535
1780996010,40,GET,/,16.500000,0.000000,8,9,10,10,12,13,15,18,38,38,38,1243,0,8,14.505581992467803,5.902072414755821,740.2629377320409,10253.491552695092
1780996010,40,POST,/cart,2.400000,0.000000,10,13,16,18,20,25,29,29,29,29,29,142,0,11,17.0253754895128,7.849709130823612,108.25009271502495,17295.61267605634
1780996010,40,POST,/cart/checkout,1.000000,0.000000,9,10,10,10,12,12,12,12,12,12,12,72,0,10,24.835149188422495,7.6406653970479965,813.4200097993016,6548.333333333333
1780996010,40,GET,/product/0PUK6V6EV0,0.300000,0.000000,6,6,7,7,7,7,7,7,7,7,7,24,0,6,6.612631802757581,5.224439315497875,11.74506638199091,7715.125
1780996010,40,GET,/product/1YMWWN1N4O,0.100000,0.000000,7,7,7,7,7,7,7,7,7,7,7,15,0,7,9.36563971141974,5.541149526834488,33.95653795450926,7725.6
1780996010,40,GET,/product/2ZYFJ3GM2N,0.300000,0.000000,6,6,6,6,6,6,6,6,6,6,6,27,0,8,14.733457282461503,5.465310998260975,92.03660488128662,7739.7037037037035
1780996010,40,GET,/product/66VCHSJNUP,0.500000,0.000000,6,6,6,6,32,32,32,32,32,32,32,31,0,6,13.656077606062736,5.047120153903961,73.6293476074934,7700.645161290323
1780996010,40,GET,/product/6E92ZMYYFZ,0.200000,0.000000,6,6,7,7,7,7,7,7,7,7,7,17,0,7,12.521902044468066,5.203363485634327,85.78414469957352,7687.529411764706
1780996010,40,GET,/product/9SIQT8TOJO,0.000000,0.000000,7,7,7,7,7,7,7,7,7,7,7,9,0,7,11.22266643991073,5.1134927198290825,29.170441441237926,7743.222222222223
1780996010,40,GET,/product/L9ECAV7KIM,0.200000,0.000000,45,45,45,45,45,45,45,45,45,45,45,24,0,7,12.540034872169295,5.448899231851101,44.51974108815193,7706.625
1780996010,40,GET,/product/LS4PSXUNUM,0.300000,0.000000,6,6,7,7,7,7,7,7,7,7,7,22,0,6,6.872465580024502,5.292021669447422,13.591055758297443,7706.909090909091
1780996010,40,GET,/product/OLJCESPC7Z,0.400000,0.000000,7,7,12,12,12,12,12,12,12,12,12,21,0,7,11.811741627752781,5.428628996014595,103.34542486816645,7754.476190476191
1780996010,40,,Aggregated,22.200000,0.000000,8,9,10,10,13,16,25,32,45,45,45,1647,0,9,14.796952019221107,5.047120153903961,813.4200097993016,10406.204007285975
1780996011,40,GET,/,16.400000,0.000000,8,8,9,9,11,13,15,18,38,38,38,1254,0,8,14.44259016853319,5.902072414755821,740.2629377320409,10253.49202551834
1780996011,40,POST,/cart,2.500000,0.000000,10,11,13,18,20,25,29,29,29,29,29,144,0,11,16.924472816754133,7.849709130823612,108.25009271502495,17290.5
1780996011,40,POST,/cart/checkout,1.200000,0.000000,9,10,10,10,10,10,10,10,10,10,10,72,0,10,24.835149188422495,7.6406653970479965,813.4200097993016,6548.333333333333
1780996011,40,GET,/product/0PUK6V6EV0,0.300000,0.000000,6,6,7,7,7,7,7,7,7,7,7,24,0,6,6.612631802757581,5.224439315497875,11.74506638199091,7715.125
1780996011,40,GET,/product/1YMWWN1N4O,0.100000,0.000000,6,6,7,7,7,7,7,7,7,7,7,16,0,7,9.158338187262416,5.541149526834488,33.95653795450926,7728.25
1780996011,40,GET,/product/2ZYFJ3GM2N,0.300000,0.000000,6,6,6,6,6,6,6,6,6,6,6,28,0,8,14.426922924550516,5.465310998260975,92.03660488128662,7740.142857142857
1780996011,40,GET,/product/66VCHSJNUP,0.800000,0.000000,6,6,6,8,32,32,32,32,32,32,32,32,0,6,13.476037594955415,5.047120153903961,73.6293476074934,7703.1875
1780996011,40,GET,/product/6E92ZMYYFZ,0.200000,0.000000,6,6,7,7,7,7,7,7,7,7,7,17,0,7,12.521902044468066,5.203363485634327,85.78414469957352,7687.529411764706
1780996011,40,GET,/product/9SIQT8TOJO,0.000000,0.000000,21,21,21,21,21,21,21,21,21,21,21,10,0,7,12.218477297574282,5.1134927198290825,29.170441441237926,7741.2
1780996011,40,GET,/product/L9ECAV7KIM,0.200000,0.000000,45,45,45,45,45,45,45,45,45,45,45,24,0,7,12.540034872169295,5.448899231851101,44.51974108815193,7706.625
1780996011,40,GET,/product/LS4PSXUNUM,0.300000,0.000000,6,6,7,7,7,7,7,7,7,7,7,22,0,6,6.872465580024502,5.292021669447422,13.591055758297443,7706.909090909091
1780996011,40,GET,/product/OLJCESPC7Z,0.400000,0.000000,7,7,12,12,12,12,12,12,12,12,12,21,0,7,11.811741627752781,5.428628996014595,103.34542486816645,7754.476190476191
1780996011,40,,Aggregated,22.700000,0.000000,8,9,9,10,12,16,25,32,45,45,45,1664,0,9,14.730736345742256,5.047120153903961,813.4200097993016,10406.662860576924
1780996012,40,GET,/,16.300000,0.000000,8,8,9,9,11,13,15,18,38,38,38,1273,0,8,14.343981744497663,5.902072414755821,740.2629377320409,10253.816967792616
1780996012,40,POST,/cart,2.700000,0.000000,10,11,13,20,21,25,29,29,29,29,29,145,0,11,16.954673113751,7.849709130823612,108.25009271502495,17293.15172413793
1780996012,40,POST,/cart/checkout,1.000000,0.000000,9,9,10,10,10,10,10,10,10,10,10,72,0,10,24.835149188422495,7.6406653970479965,813.4200097993016,6548.333333333333
1780996012,40,GET,/product/0PUK6V6EV0,0.300000,0.000000,6,6,7,7,7,7,7,7,7,7,7,24,0,6,6.612631802757581,5.224439315497875,11.74506638199091,7715.125
1780996012,40,GET,/product/1YMWWN1N4O,0.200000,0.000000,6,6,7,7,7,7,7,7,7,7,7,16,0,7,9.158338187262416,5.541149526834488,33.95653795450926,7728.25
1780996012,40,GET,/product/2ZYFJ3GM2N,0.300000,0.000000,6,6,6,6,10,10,10,10,10,10,10,31,0,8,13.7186786159873,5.393775179982185,92.03660488128662,7743.806451612903
1780996012,40,GET,/product/66VCHSJNUP,0.900000,0.000000,6,6,6,8,32,32,32,32,32,32,32,32,0,6,13.476037594955415,5.047120153903961,73.6293476074934,7703.1875
1780996012,40,GET,/product/6E92ZMYYFZ,0.400000,0.000000,6,6,7,7,7,7,7,7,7,7,7,17,0,7,12.521902044468066,5.203363485634327,85.78414469957352,7687.529411764706
1780996012,40,GET,/product/9SIQT8TOJO,0.000000,0.000000,21,21,21,21,21,21,21,21,21,21,21,11,0,7,11.642917821353132,5.1134927198290825,29.170441441237926,7734.818181818182
1780996012,40,GET,/product/L9ECAV7KIM,0.200000,0.000000,8,8,45,45,45,45,45,45,45,45,45,25,0,7,12.261560298502445,5.448899231851101,44.51974108815193,7708.28
1780996012,40,GET,/product/LS4PSXUNUM,0.300000,0.000000,6,7,7,32,32,32,32,32,32,32,32,24,0,6,7.859824302916725,5.292021669447422,31.65336884558201,7707.125
1780996012,40,GET,/product/OLJCESPC7Z,0.400000,0.000000,6,6,7,7,7,7,7,7,7,7,7,21,0,7,11.811741627752781,5.428628996014595,103.34542486816645,7754.476190476191
1780996012,40,,Aggregated,23.000000,0.000000,8,9,9,10,12,18,29,32,45,45,45,1691,0,9,14.637706513251693,5.047120153903961,813.4200097993016,10398.441159077469
1780996013,40,GET,/,16.000000,0.000000,8,8,9,9,10,13,16,18,38,38,38,1289,0,8,14.26456101915002,5.902072414755821,740.2629377320409,10254.040341349884
1780996013,40,POST,/cart,2.600000,0.000000,10,11,13,20,21,25,29,29,29,29,29,145,0,11,16.954673113751,7.849709130823612,108.25009271502495,17293.15172413793
1780996013,40,POST,/cart/checkout,0.900000,0.000000,9,10,10,12,15,15,15,15,15,15,15,76,0,10,24.104597414598654,7.6406653970479965,813.4200097993016,6548.8026315789475
1780996013,40,GET,/product/0PUK6V6EV0,0.300000,0.000000,7,7,9,9,9,9,9,9,9,9,9,25,0,6,6.699184700846672,5.224439315497875,11.74506638199091,7713.84
1780996013,40,GET,/product/1YMWWN1N4O,0.200000,0.000000,6,6,7,7,7,7,7,7,7,7,7,17,0,7,8.982487077660421,5.541149526834488,33.95653795450926,7731.882352941177
1780996013,40,GET,/product/2ZYFJ3GM2N,0.400000,0.000000,6,6,6,6,10,10,10,10,10,10,10,31,0,8,13.7186786159873,5.393775179982185,92.03660488128662,7743.806451612903
1780996013,40,GET,/product/66VCHSJNUP,1.000000,0.000000,6,6,6,8,32,32,32,32,32,32,32,32,0,6,13.476037594955415,5.047120153903961,73.6293476074934,7703.1875
1780996013,40,GET,/product/6E92ZMYYFZ,0.200000,0.000000,6,6,7,7,7,7,7,7,7,7,7,17,0,7,12.521902044468066,5.203363485634327,85.78414469957352,7687.529411764706
1780996013,40,GET,/product/9SIQT8TOJO,0.000000,0.000000,21,21,21,21,21,21,21,21,21,21,21,11,0,7,11.642917821353132,5.1134927198290825,29.170441441237926,7734.818181818182
1780996013,40,GET,/product/L9ECAV7KIM,0.200000,0.000000,8,8,45,45,45,45,45,45,45,45,45,25,0,7,12.261560298502445,5.448899231851101,44.51974108815193,7708.28
1780996013,40,GET,/product/LS4PSXUNUM,0.300000,0.000000,6,7,7,32,32,32,32,32,32,32,32,24,0,6,7.859824302916725,5.292021669447422,31.65336884558201,7707.125
1780996013,40,GET,/product/OLJCESPC7Z,0.400000,0.000000,6,6,7,7,7,7,7,7,7,7,7,21,0,7,11.811741627752781,5.428628996014595,103.34542486816645,7754.476190476191
1780996013,40,,Aggregated,22.500000,0.000000,8,9,9,10,12,18,29,32,45,45,45,1713,0,9,14.558234729929689,5.047120153903961,813.4200097993016,10385.180969060128
1780996014,40,GET,/,17.100000,0.000000,8,8,9,9,11,13,16,18,38,38,38,1305,0,8,14.170681144970816,5.695028230547905,740.2629377320409,10254.257471264367
1780996014,40,POST,/cart,2.400000,0.000000,10,11,13,20,21,25,29,29,29,29,29,147,0,11,16.84261242649993,7.849709130823612,108.25009271502495,17278.537414965987
1780996014,40,POST,/cart/checkout,0.700000,0.000000,9,10,10,12,15,15,15,15,15,15,15,78,0,10,23.714676117285705,7.6406653970479965,813.4200097993016,6548.397435897436
1780996014,40,GET,/product/0PUK6V6EV0,0.300000,0.000000,6,6,9,9,9,9,9,9,9,9,9,26,0,6,6.651998605006016,5.224439315497875,11.74506638199091,7715.615384615385
1780996014,40,GET,/product/1YMWWN1N4O,0.300000,0.000000,6,6,6,7,7,7,7,7,7,7,7,18,0,7,8.78878641459677,5.495875142514706,33.95653795450926,7734.777777777777
1780996014,40,GET,/product/2ZYFJ3GM2N,0.600000,0.000000,6,6,6,6,10,10,10,10,10,10,10,32,0,7,13.445647957269102,4.981697537004948,92.03660488128662,7745.125
1780996014,40,GET,/product/66VCHSJNUP,1.000000,0.000000,6,6,8,8,32,32,32,32,32,32,32,32,0,6,13.476037594955415,5.047120153903961,73.6293476074934,7703.1875
1780996014,40,GET,/product/6E92ZMYYFZ,0.200000,0.000000,6,6,6,6,6,6,6,6,6,6,6,17,0,7,12.521902044468066,5.203363485634327,85.78414469957352,7687.529411764706
1780996014,40,GET,/product/9SIQT8TOJO,0.200000,0.000000,6,6,21,21,21,21,21,21,21,21,21,12,0,7,11.091368272900581,5.0243232399225235,29.170441441237926,7733.833333333333
1780996014,40,GET,/product/L9ECAV7KIM,0.300000,0.000000,8,8,45,45,45,45,45,45,45,45,45,25,0,7,12.261560298502445,5.448899231851101,44.51974108815193,7708.28
1780996014,40,GET,/product/LS4PSXUNUM,0.500000,0.000000,6,6,6,32,32,32,32,32,32,32,32,25,0,6,7.770715281367302,5.292021669447422,31.65336884558201,7708.64
1780996014,40,GET,/product/OLJCESPC7Z,0.300000,0.000000,6,6,7,7,7,7,7,7,7,7,7,21,0,7,11.811741627752781,5.428628996014595,103.34542486816645,7754.476190476191
1780996014,40,,Aggregated,23.900000,0.000000,8,9,9,10,12,16,25,32,38,38,38,1738,0,9,14.445232412315931,4.981697537004948,813.4200097993016,10378.863636363636
1780996015,40,GET,/,16.900000,0.000000,8,8,9,9,10,13,16,18,38,38,38,1324,0,8,14.073105673854355,5.695028230547905,740.2629377320409,10254.425226586103
1780996015,40,POST,/cart,2.200000,0.000000,10,13,20,20,25,29,29,29,29,29,29,150,0,11,16.715123634785414,7.849709130823612,108.25009271502495,17295.673333333332
1780996015,40,POST,/cart/checkout,1.000000,0.000000,9,9,10,10,12,15,15,15,15,15,15,81,0,10,23.13986044653036,7.6406653970479965,813.4200097993016,6547.83950617284
1780996015,40,GET,/product/0PUK6V6EV0,0.400000,0.000000,6,6,6,9,9,9,9,9,9,9,9,28,0,6,6.587665328489883,5.224439315497875,11.74506638199091,7717.857142857143
1780996015,40,GET,/product/1YMWWN1N4O,0.400000,0.000000,6,6,6,7,7,7,7,7,7,7,7,18,0,7,8.78878641459677,5.495875142514706,33.95653795450926,7734.777777777777
1780996015,40,GET,/product/2ZYFJ3GM2N,0.700000,0.000000,6,6,6,6,10,10,10,10,10,10,10,32,0,7,13.445647957269102,4.981697537004948,92.03660488128662,7745.125
1780996015,40,GET,/product/66VCHSJNUP,0.900000,0.000000,6,6,8,8,32,32,32,32,32,32,32,32,0,6,13.476037594955415,5.047120153903961,73.6293476074934,7703.1875
1780996015,40,GET,/product/6E92ZMYYFZ,0.200000,0.000000,6,6,8,8,8,8,8,8,8,8,8,18,0,7,12.257642785294188,5.203363485634327,85.78414469957352,7689.166666666667
1780996015,40,GET,/product/9SIQT8TOJO,0.200000,0.000000,6,6,21,21,21,21,21,21,21,21,21,12,0,7,11.091368272900581,5.0243232399225235,29.170441441237926,7733.833333333333
1780996015,40,GET,/product/L9ECAV7KIM,0.300000,0.000000,8,8,45,45,45,45,45,45,45,45,45,26,0,7,12.08488575111215,5.448899231851101,44.51974108815193,7706.153846153846
1780996015,40,GET,/product/LS4PSXUNUM,0.500000,0.000000,6,6,6,32,32,32,32,32,32,32,32,26,0,6,7.680686226544472,5.292021669447422,31.65336884558201,7707.076923076923
1780996015,40,GET,/product/OLJCESPC7Z,0.300000,0.000000,6,6,6,6,6,6,6,6,6,6,6,21,0,7,11.811741627752781,5.428628996014595,103.34542486816645,7754.476190476191
1780996015,40,,Aggregated,24.000000,0.000000,8,8,9,9,12,16,25,32,38,38,38,1768,0,8,14.329310696218078,4.981697537004948,813.4200097993016,10376.72850678733
1780996016,40,GET,/,16.900000,0.000000,7,8,8,9,10,12,15,18,38,38,38,1336,0,8,14.010611687324005,5.695028230547905,740.2629377320409,10254.380988023951
1780996016,40,POST,/cart,2.000000,0.000000,10,10,13,20,25,29,29,29,29,29,29,152,0,11,16.623471134440287,7.849709130823612,108.25009271502495,17319.138157894737
1780996016,40,POST,/cart/checkout,0.900000,0.000000,9,9,10,10,12,15,15,15,15,15,15,85,0,10,22.464207537910518,7.6406653970479965,813.4200097993016,6548.1882352941175
1780996016,40,GET,/product/0PUK6V6EV0,0.500000,0.000000,6,6,6,6,9,9,9,9,9,9,9,29,0,6,6.538713350892067,5.168057978153229,11.74506638199091,7719.379310344828
1780996016,40,GET,/product/1YMWWN1N4O,0.500000,0.000000,6,6,6,6,6,6,6,6,6,6,6,18,0,7,8.78878641459677,5.495875142514706,33.95653795450926,7734.777777777777
1780996016,40,GET,/product/2ZYFJ3GM2N,0.700000,0.000000,6,6,6,6,10,10,10,10,10,10,10,32,0,7,13.445647957269102,4.981697537004948,92.03660488128662,7745.125
1780996016,40,GET,/product/66VCHSJNUP,0.900000,0.000000,6,6,8,8,32,32,32,32,32,32,32,32,0,6,13.476037594955415,5.047120153903961,73.6293476074934,7703.1875
1780996016,40,GET,/product/6E92ZMYYFZ,0.200000,0.000000,6,6,8,8,8,8,8,8,8,8,8,19,0,7,11.925644829477134,5.203363485634327,85.78414469957352,7687.8421052631575
1780996016,40,GET,/product/9SIQT8TOJO,0.300000,0.000000,6,6,21,21,21,21,21,21,21,21,21,12,0,7,11.091368272900581,5.0243232399225235,29.170441441237926,7733.833333333333
1780996016,40,GET,/product/L9ECAV7KIM,0.300000,0.000000,8,8,45,45,45,45,45,45,45,45,45,26,0,7,12.08488575111215,5.448899231851101,44.51974108815193,7706.153846153846
1780996016,40,GET,/product/LS4PSXUNUM,0.500000,0.000000,6,6,6,32,32,32,32,32,32,32,32,26,0,6,7.680686226544472,5.292021669447422,31.65336884558201,7707.076923076923
1780996016,40,GET,/product/OLJCESPC7Z,0.300000,0.000000,6,6,6,6,6,6,6,6,6,6,6,21,0,7,11.811741627752781,5.428628996014595,103.34542486816645,7754.476190476191
1780996016,40,,Aggregated,24.000000,0.000000,8,8,9,9,10,15,25,32,38,38,38,1788,0,8,14.253552776492581,4.981697537004948,813.4200097993016,10374.079977628635
1780996017,40,GET,/,16.100000,0.000000,7,8,8,8,9,10,10,13,16,16,16,1354,0,8,13.918962121901256,5.695028230547905,740.2629377320409,10254.382570162481
1780996017,40,POST,/cart,2.300000,0.000000,10,10,11,12,21,29,29,29,29,29,29,155,0,11,16.506401858022137,7.849709130823612,108.25009271502495,17353.393548387096
1780996017,40,POST,/cart/checkout,1.200000,0.000000,9,9,10,10,12,15,15,15,15,15,15,86,0,10,22.29537950222229,7.6406653970479965,813.4200097993016,6548.081395348837
1780996017,40,GET,/product/0PUK6V6EV0,0.600000,0.000000,6,6,6,6,9,9,9,9,9,9,9,29,0,6,6.538713350892067,5.168057978153229,11.74506638199091,7719.379310344828
1780996017,40,GET,/product/1YMWWN1N4O,0.400000,0.000000,6,6,6,6,6,6,6,6,6,6,6,19,0,7,8.64306381462436,5.495875142514706,33.95653795450926,7733.736842105263
1780996017,40,GET,/product/2ZYFJ3GM2N,0.700000,0.000000,6,6,6,6,10,10,10,10,10,10,10,32,0,7,13.445647957269102,4.981697537004948,92.03660488128662,7745.125
1780996017,40,GET,/product/66VCHSJNUP,0.800000,0.000000,6,6,6,8,8,8,8,8,8,8,8,32,0,6,13.476037594955415,5.047120153903961,73.6293476074934,7703.1875
1780996017,40,GET,/product/6E92ZMYYFZ,0.200000,0.000000,6,6,8,8,8,8,8,8,8,8,8,19,0,7,11.925644829477134,5.203363485634327,85.78414469957352,7687.8421052631575
1780996017,40,GET,/product/9SIQT8TOJO,0.300000,0.000000,6,6,21,21,21,21,21,21,21,21,21,12,0,7,11.091368272900581,5.0243232399225235,29.170441441237926,7733.833333333333
1780996017,40,GET,/product/L9ECAV7KIM,0.100000,0.000000,8,8,8,8,8,8,8,8,8,8,8,26,0,7,12.08488575111215,5.448899231851101,44.51974108815193,7706.153846153846
1780996017,40,GET,/product/LS4PSXUNUM,0.600000,0.000000,6,6,6,32,32,32,32,32,32,32,32,26,0,6,7.680686226544472,5.292021669447422,31.65336884558201,7707.076923076923
1780996017,40,GET,/product/OLJCESPC7Z,0.200000,0.000000,6,6,6,6,6,6,6,6,6,6,6,21,0,7,11.811741627752781,5.428628996014595,103.34542486816645,7754.476190476191
1780996017,40,,Aggregated,23.500000,0.000000,7,8,8,9,10,11,16,21,32,32,32,1811,0,8,14.168492320375769,4.981697537004948,813.4200097993016,10383.742131419105
1780996018,40,GET,/,16.400000,0.000000,7,8,8,8,9,10,11,13,16,16,16,1369,0,8,13.846482644830418,5.695028230547905,740.2629377320409,10254.492330168006
1780996018,40,POST,/cart,2.100000,0.000000,10,10,11,12,13,21,29,29,29,29,29,159,0,11,16.358760800564063,7.849709130823612,108.25009271502495,17396.811320754718
1780996018,40,POST,/cart/checkout,1.400000,0.000000,9,9,10,10,12,15,15,15,15,15,15,86,0,10,22.29537950222229,7.6406653970479965,813.4200097993016,6548.081395348837
1780996018,40,GET,/product/0PUK6V6EV0,0.600000,0.000000,6,6,6,6,9,9,9,9,9,9,9,30,0,6,6.50667663042744,5.168057978153229,11.74506638199091,7716.633333333333
1780996018,40,GET,/product/1YMWWN1N4O,0.400000,0.000000,6,6,6,6,6,6,6,6,6,6,6,19,0,7,8.64306381462436,5.495875142514706,33.95653795450926,7733.736842105263
1780996018,40,GET,/product/2ZYFJ3GM2N,0.700000,0.000000,6,6,6,6,10,10,10,10,10,10,10,32,0,7,13.445647957269102,4.981697537004948,92.03660488128662,7745.125
1780996018,40,GET,/product/66VCHSJNUP,0.700000,0.000000,8,8,8,8,8,8,8,8,8,8,8,32,0,6,13.476037594955415,5.047120153903961,73.6293476074934,7703.1875
1780996018,40,GET,/product/6E92ZMYYFZ,0.400000,0.000000,6,6,8,8,8,8,8,8,8,8,8,19,0,7,11.925644829477134,5.203363485634327,85.78414469957352,7687.8421052631575
1780996018,40,GET,/product/9SIQT8TOJO,0.300000,0.000000,6,6,21,21,21,21,21,21,21,21,21,12,0,7,11.091368272900581,5.0243232399225235,29.170441441237926,7733.833333333333
1780996018,40,GET,/product/L9ECAV7KIM,0.200000,0.000000,8,8,8,8,8,8,8,8,8,8,8,26,0,7,12.08488575111215,5.448899231851101,44.51974108815193,7706.153846153846
1780996018,40,GET,/product/LS4PSXUNUM,0.500000,0.000000,6,6,32,32,32,32,32,32,32,32,32,26,0,6,7.680686226544472,5.292021669447422,31.65336884558201,7707.076923076923
1780996018,40,GET,/product/OLJCESPC7Z,0.200000,0.000000,6,6,6,6,6,6,6,6,6,6,6,21,0,7,11.811741627752781,5.428628996014595,103.34542486816645,7754.476190476191
1780996018,40,,Aggregated,23.900000,0.000000,7,8,9,9,10,12,16,21,32,32,32,1831,0,8,14.099851398663173,4.981697537004948,813.4200097993016,10400.260513380666
1780996019,40,GET,/,16.800000,0.000000,7,7,8,8,9,10,11,11,16,16,16,1383,0,8,13.774245235306667,5.695028230547905,740.2629377320409,10254.441793203181
1780996019,40,POST,/cart,2.200000,0.000000,10,10,11,12,13,21,21,21,21,21,21,161,0,11,16.263606790337505,7.849709130823612,108.25009271502495,17382.44099378882
1780996019,40,POST,/cart/checkout,1.600000,0.000000,9,9,10,10,12,15,15,15,15,15,15,86,0,10,22.29537950222229,7.6406653970479965,813.4200097993016,6548.081395348837
1780996019,40,GET,/product/0PUK6V6EV0,0.500000,0.000000,6,6,6,6,9,9,9,9,9,9,9,30,0,6,6.50667663042744,5.168057978153229,11.74506638199091,7716.633333333333
1780996019,40,GET,/product/1YMWWN1N4O,0.500000,0.000000,6,6,6,6,6,6,6,6,6,6,6,19,0,7,8.64306381462436,5.495875142514706,33.95653795450926,7733.736842105263
1780996019,40,GET,/product/2ZYFJ3GM2N,0.700000,0.000000,6,6,6,6,10,10,10,10,10,10,10,33,0,7,13.217998583885757,4.981697537004948,92.03660488128662,7743.0
1780996019,40,GET,/product/66VCHSJNUP,0.600000,0.000000,8,8,8,8,8,8,8,8,8,8,8,32,0,6,13.476037594955415,5.047120153903961,73.6293476074934,7703.1875
1780996019,40,GET,/product/6E92ZMYYFZ,0.400000,0.000000,6,6,8,8,8,8,8,8,8,8,8,19,0,7,11.925644829477134,5.203363485634327,85.78414469957352,7687.8421052631575
1780996019,40,GET,/product/9SIQT8TOJO,0.300000,0.000000,6,6,21,21,21,21,21,21,21,21,21,13,0,7,10.664520498651724,5.0243232399225235,29.170441441237926,7737.076923076923
1780996019,40,GET,/product/L9ECAV7KIM,0.200000,0.000000,6,6,8,8,8,8,8,8,8,8,8,27,0,7,11.834259972804123,5.317989736795425,44.51974108815193,7708.2962962962965
1780996019,40,GET,/product/LS4PSXUNUM,0.400000,0.000000,6,6,32,32,32,32,32,32,32,32,32,26,0,6,7.680686226544472,5.292021669447422,31.65336884558201,7707.076923076923
1780996019,40,GET,/product/OLJCESPC7Z,0.100000,0.000000,6,6,6,6,6,6,6,6,6,6,6,21,0,7,11.811741627752781,5.428628996014595,103.34542486816645,7754.476190476191
1780996019,40,,Aggregated,24.300000,0.000000,7,8,8,9,10,11,15,21,32,32,32,1850,0,8,14.024305736293664,4.981697537004948,813.4200097993016,10401.116216216216
1780996020,40,GET,/,16.300000,0.000000,7,7,8,8,9,10,11,22,38,38,38,1402,0,8,13.712944801014645,5.695028230547905,740.2629377320409,10254.597717546363
1780996020,40,POST,/cart,2.200000,0.000000,10,11,12,12,21,39,39,39,39,39,39,163,0,11,16.37193366336676,7.849709130823612,108.25009271502495,17412.134969325154
1780996020,40,POST,/cart/checkout,1.600000,0.000000,9,9,9,10,12,15,15,15,15,15,15,86,0,10,22.29537950222229,7.6406653970479965,813.4200097993016,6548.081395348837
1780996020,40,GET,/product/0PUK6V6EV0,0.600000,0.000000,6,6,6,6,9,9,9,9,9,9,9,30,0,6,6.50667663042744,5.168057978153229,11.74506638199091,7716.633333333333
1780996020,40,GET,/product/1YMWWN1N4O,0.500000,0.000000,6,6,6,6,6,6,6,6,6,6,6,20,0,6,8.487306907773018,5.495875142514706,33.95653795450926,7736.85
1780996020,40,GET,/product/2ZYFJ3GM2N,0.600000,0.000000,6,6,6,6,10,10,10,10,10,10,10,34,0,6,12.981790282270488,4.981697537004948,92.03660488128662,7743.794117647059
1780996020,40,GET,/product/66VCHSJNUP,0.500000,0.000000,8,8,8,8,8,8,8,8,8,8,8,33,0,6,13.241484761238098,5.047120153903961,73.6293476074934,7704.151515151515
1780996020,40,GET,/product/6E92ZMYYFZ,0.400000,0.000000,6,6,8,8,8,8,8,8,8,8,8,19,0,7,11.925644829477134,5.203363485634327,85.78414469957352,7687.8421052631575
1780996020,40,GET,/product/9SIQT8TOJO,0.300000,0.000000,6,6,21,21,21,21,21,21,21,21,21,13,0,7,10.664520498651724,5.0243232399225235,29.170441441237926,7737.076923076923
1780996020,40,GET,/product/L9ECAV7KIM,0.200000,0.000000,6,6,8,8,8,8,8,8,8,8,8,27,0,7,11.834259972804123,5.317989736795425,44.51974108815193,7708.2962962962965
1780996020,40,GET,/product/LS4PSXUNUM,0.400000,0.000000,6,6,32,32,32,32,32,32,32,32,32,26,0,6,7.680686226544472,5.292021669447422,31.65336884558201,7707.076923076923
1780996020,40,GET,/product/OLJCESPC7Z,0.000000,0.000000,6,6,6,6,6,6,6,6,6,6,6,21,0,7,11.811741627752781,5.428628996014595,103.34542486816645,7754.476190476191
1780996020,40,,Aggregated,23.600000,0.000000,7,8,8,9,10,12,21,32,39,39,39,1874,0,8,13.97404919568302,4.981697537004948,813.4200097993016,10405.562433297759
1780996021,40,GET,/,16.700000,0.000000,7,7,8,8,9,10,16,38,44,44,44,1422,0,8,13.660380717644628,5.695028230547905,740.2629377320409,10254.777074542897
1780996021,40,POST,/cart,2.200000,0.000000,10,11,12,12,21,39,39,39,39,39,39,163,0,11,16.37193366336676,7.849709130823612,108.25009271502495,17412.134969325154
1780996021,40,POST,/cart/checkout,1.400000,0.000000,9,9,10,10,15,16,16,16,16,16,16,88,0,10,22.069325056773696,7.6406653970479965,813.4200097993016,6548.409090909091
1780996021,40,GET,/product/0PUK6V6EV0,0.600000,0.000000,6,6,6,6,9,9,9,9,9,9,9,30,0,6,6.50667663042744,5.168057978153229,11.74506638199091,7716.633333333333
1780996021,40,GET,/product/1YMWWN1N4O,0.500000,0.000000,6,6,6,6,6,6,6,6,6,6,6,20,0,6,8.487306907773018,5.495875142514706,33.95653795450926,7736.85
1780996021,40,GET,/product/2ZYFJ3GM2N,0.600000,0.000000,6,6,10,10,10,10,10,10,10,10,10,34,0,6,12.981790282270488,4.981697537004948,92.03660488128662,7743.794117647059
1780996021,40,GET,/product/66VCHSJNUP,0.200000,0.000000,8,8,8,8,8,8,8,8,8,8,8,33,0,6,13.241484761238098,5.047120153903961,73.6293476074934,7704.151515151515
1780996021,40,GET,/product/6E92ZMYYFZ,0.400000,0.000000,6,6,8,8,8,8,8,8,8,8,8,19,0,7,11.925644829477134,5.203363485634327,85.78414469957352,7687.8421052631575
1780996021,40,GET,/product/9SIQT8TOJO,0.400000,0.000000,6,6,6,21,21,21,21,21,21,21,21,14,0,6,10.323275678924151,5.0243232399225235,29.170441441237926,7732.642857142857
1780996021,40,GET,/product/L9ECAV7KIM,0.300000,0.000000,6,6,8,8,8,8,8,8,8,8,8,27,0,7,11.834259972804123,5.317989736795425,44.51974108815193,7708.2962962962965
1780996021,40,GET,/product/LS4PSXUNUM,0.400000,0.000000,6,6,32,32,32,32,32,32,32,32,32,26,0,6,7.680686226544472,5.292021669447422,31.65336884558201,7707.076923076923
1780996021,40,GET,/product/OLJCESPC7Z,0.000000,0.000000,6,6,6,6,6,6,6,6,6,6,6,21,0,7,11.811741627752781,5.428628996014595,103.34542486816645,7754.476190476191
1780996021,40,,Aggregated,23.700000,0.000000,7,8,8,9,10,12,21,38,44,44,44,1897,0,8,13.925917777019265,4.981697537004948,813.4200097993016,10398.614127569846
1780996022,40,GET,/,16.500000,0.000000,7,7,8,8,11,17,23,38,44,44,44,1439,0,8,13.670033123538344,5.695028230547905,740.2629377320409,10254.808200138985
1780996022,40,POST,/cart,2.100000,0.000000,10,11,12,12,23,39,39,39,39,39,39,164,0,11,16.410319503714764,7.849709130823612,108.25009271502495,17431.079268292684
1780996022,40,POST,/cart/checkout,1.400000,0.000000,9,9,10,16,23,36,36,36,36,36,36,90,0,10,22.22751620122128,7.6406653970479965,813.4200097993016,6548.977777777778
1780996022,40,GET,/product/0PUK6V6EV0,0.600000,0.000000,5,6,6,6,6,6,6,6,6,6,6,30,0,6,6.50667663042744,5.168057978153229,11.74506638199091,7716.633333333333
1780996022,40,GET,/product/1YMWWN1N4O,0.500000,0.000000,6,6,14,14,14,14,14,14,14,14,14,21,0,7,8.771248516582308,5.495875142514706,33.95653795450926,7738.619047619048
1780996022,40,GET,/product/2ZYFJ3GM2N,0.700000,0.000000,5,5,6,6,6,6,6,6,6,6,6,34,0,6,12.981790282270488,4.981697537004948,92.03660488128662,7743.794117647059
1780996022,40,GET,/product/66VCHSJNUP,0.200000,0.000000,8,8,8,8,8,8,8,8,8,8,8,33,0,6,13.241484761238098,5.047120153903961,73.6293476074934,7704.151515151515
1780996022,40,GET,/product/6E92ZMYYFZ,0.200000,0.000000,8,8,8,8,8,8,8,8,8,8,8,19,0,7,11.925644829477134,5.203363485634327,85.78414469957352,7687.8421052631575
1780996022,40,GET,/product/9SIQT8TOJO,0.400000,0.000000,6,6,6,6,6,6,6,6,6,6,6,14,0,6,10.323275678924151,5.0243232399225235,29.170441441237926,7732.642857142857
1780996022,40,GET,/product/L9ECAV7KIM,0.300000,0.000000,6,6,8,8,8,8,8,8,8,8,8,27,0,7,11.834259972804123,5.317989736795425,44.51974108815193,7708.2962962962965
1780996022,40,GET,/product/LS4PSXUNUM,0.400000,0.000000,6,6,6,6,6,6,6,6,6,6,6,26,0,6,7.680686226544472,5.292021669447422,31.65336884558201,7707.076923076923
1780996022,40,GET,/product/OLJCESPC7Z,0.000000,0.000000,6,6,6,6,6,6,6,6,6,6,6,22,0,7,11.548419229008935,5.428628996014595,103.34542486816645,7755.227272727273
1780996022,40,,Aggregated,23.300000,0.000000,7,8,9,9,13,17,30,38,44,44,44,1919,0,8,13.94741745775351,4.981697537004948,813.4200097993016,10395.914017717561
1780996023,40,GET,/,17.000000,0.000000,7,8,9,11,15,23,38,44,46,46,46,1456,0,8,13.719750400683791,5.695028230547905,740.2629377320409,10255.021291208792
1780996023,40,POST,/cart,2.000000,0.000000,10,11,12,13,23,39,39,39,39,39,39,165,0,11,16.38861598277634,7.849709130823612,108.25009271502495,17423.545454545456
1780996023,40,POST,/cart/checkout,1.600000,0.000000,9,13,16,19,23,36,36,36,36,36,36,92,0,10,22.084047369982887,7.6406653970479965,813.4200097993016,6549.25
1780996023,40,GET,/product/0PUK6V6EV0,0.600000,0.000000,6,6,6,6,6,6,6,6,6,6,6,30,0,6,6.50667663042744,5.168057978153229,11.74506638199091,7716.633333333333
1780996023,40,GET,/product/1YMWWN1N4O,0.500000,0.000000,6,6,14,14,14,14,14,14,14,14,14,21,0,7,8.771248516582308,5.495875142514706,33.95653795450926,7738.619047619048
1780996023,40,GET,/product/2ZYFJ3GM2N,0.600000,0.000000,6,11,11,36,36,36,36,36,36,36,36,36,0,7,13.58486536062426,4.981697537004948,92.03660488128662,7744.916666666667
1780996023,40,GET,/product/66VCHSJNUP,0.100000,0.000000,8,8,8,8,8,8,8,8,8,8,8,33,0,6,13.241484761238098,5.047120153903961,73.6293476074934,7704.151515151515
1780996023,40,GET,/product/6E92ZMYYFZ,0.200000,0.000000,8,8,32,32,32,32,32,32,32,32,32,20,0,7,12.919883150607347,5.203363485634327,85.78414469957352,7685.95
1780996023,40,GET,/product/9SIQT8TOJO,0.500000,0.000000,6,6,6,6,6,6,6,6,6,6,6,14,0,6,10.323275678924151,5.0243232399225235,29.170441441237926,7732.642857142857
1780996023,40,GET,/product/L9ECAV7KIM,0.300000,0.000000,8,8,8,8,8,8,8,8,8,8,8,27,0,7,11.834259972804123,5.317989736795425,44.51974108815193,7708.2962962962965
1780996023,40,GET,/product/LS4PSXUNUM,0.400000,0.000000,10,10,10,10,10,10,10,10,10,10,10,27,0,6,7.749115289361389,5.292021669447422,31.65336884558201,7707.888888888889
1780996023,40,GET,/product/OLJCESPC7Z,0.000000,0.000000,6,6,6,6,6,6,6,6,6,6,6,22,0,7,11.548419229008935,5.428628996014595,103.34542486816645,7755.227272727273
1780996023,40,,Aggregated,23.800000,0.000000,8,9,10,11,16,30,38,42,46,46,46,1943,0,8,14.000499806531268,4.981697537004948,813.4200097993016,10388.378281008749
1780996024,40,GET,/,16.100000,0.000000,8,9,10,11,15,23,38,44,46,46,46,1474,0,8,13.67073274486707,5.695028230547905,740.2629377320409,10255.196743554952
1780996024,40,POST,/cart,2.000000,0.000000,11,12,12,13,23,39,39,39,39,39,39,166,0,11,16.37345806594534,7.849709130823612,108.25009271502495,17450.72891566265
1780996024,40,POST,/cart/checkout,1.700000,0.000000,11,14,16,19,23,36,36,36,36,36,36,94,0,10,21.8749928407054,7.6406653970479965,813.4200097993016,6549.18085106383
1780996024,40,GET,/product/0PUK6V6EV0,0.600000,0.000000,6,6,6,6,6,6,6,6,6,6,6,30,0,6,6.50667663042744,5.168057978153229,11.74506638199091,7716.633333333333
1780996024,40,GET,/product/1YMWWN1N4O,0.500000,0.000000,6,6,14,14,14,14,14,14,14,14,14,21,0,7,8.771248516582308,5.495875142514706,33.95653795450926,7738.619047619048
1780996024,40,GET,/product/2ZYFJ3GM2N,0.400000,0.000000,6,11,11,36,36,36,36,36,36,36,36,36,0,7,13.58486536062426,4.981697537004948,92.03660488128662,7744.916666666667
1780996024,40,GET,/product/66VCHSJNUP,0.100000,0.000000,12,12,12,12,12,12,12,12,12,12,12,34,0,6,13.200394699678702,5.047120153903961,73.6293476074934,7701.941176470588
1780996024,40,GET,/product/6E92ZMYYFZ,0.200000,0.000000,8,8,32,32,32,32,32,32,32,32,32,20,0,7,12.919883150607347,5.203363485634327,85.78414469957352,7685.95
1780996024,40,GET,/product/9SIQT8TOJO,0.300000,0.000000,6,6,6,6,6,6,6,6,6,6,6,14,0,6,10.323275678924151,5.0243232399225235,29.170441441237926,7732.642857142857
1780996024,40,GET,/product/L9ECAV7KIM,0.200000,0.000000,8,8,8,8,8,8,8,8,8,8,8,27,0,7,11.834259972804123,5.317989736795425,44.51974108815193,7708.2962962962965
1780996024,40,GET,/product/LS4PSXUNUM,0.200000,0.000000,10,10,11,11,11,11,11,11,11,11,11,29,0,6,7.81207040337653,5.292021669447422,31.65336884558201,7710.241379310345
1780996024,40,GET,/product/OLJCESPC7Z,0.100000,0.000000,6,6,6,6,6,6,6,6,6,6,6,22,0,7,11.548419229008935,5.428628996014595,103.34542486816645,7755.227272727273
1780996024,40,,Aggregated,22.400000,0.000000,8,10,11,11,16,30,38,42,46,46,46,1967,0,8,13.952837991336457,4.981697537004948,813.4200097993016,10385.159633960346
1780996025,40,GET,/,16.500000,0.000000,8,10,11,11,15,22,38,44,46,46,46,1497,0,8,13.611132251042761,5.695028230547905,740.2629377320409,10255.258517034068
1780996025,40,POST,/cart,2.000000,0.000000,12,13,16,16,23,39,39,39,39,39,39,168,0,11,16.383745552351076,7.849709130823612,108.25009271502495,17461.863095238095
1780996025,40,POST,/cart/checkout,1.600000,0.000000,14,16,19,23,36,36,36,36,36,36,36,94,0,10,21.8749928407054,7.6406653970479965,813.4200097993016,6549.18085106383
1780996025,40,GET,/product/0PUK6V6EV0,0.500000,0.000000,6,6,7,7,7,7,7,7,7,7,7,31,0,6,6.527825739354856,5.168057978153229,11.74506638199091,7714.451612903225
1780996025,40,GET,/product/1YMWWN1N4O,0.400000,0.000000,6,6,14,14,14,14,14,14,14,14,14,21,0,7,8.771248516582308,5.495875142514706,33.95653795450926,7738.619047619048
1780996025,40,GET,/product/2ZYFJ3GM2N,0.500000,0.000000,8,11,11,36,36,36,36,36,36,36,36,37,0,8,13.443912379443645,4.981697537004948,92.03660488128662,7746.135135135135
1780996025,40,GET,/product/66VCHSJNUP,0.100000,0.000000,12,12,12,12,12,12,12,12,12,12,12,34,0,6,13.200394699678702,5.047120153903961,73.6293476074934,7701.941176470588
1780996025,40,GET,/product/6E92ZMYYFZ,0.300000,0.000000,7,8,8,32,32,32,32,32,32,32,32,22,0,7,12.327058156105606,5.203363485634327,85.78414469957352,7691.681818181818
1780996025,40,GET,/product/9SIQT8TOJO,0.300000,0.000000,6,6,6,6,6,6,6,6,6,6,6,14,0,6,10.323275678924151,5.0243232399225235,29.170441441237926,7732.642857142857
1780996025,40,GET,/product/L9ECAV7KIM,0.200000,0.000000,8,8,8,8,8,8,8,8,8,8,8,27,0,7,11.834259972804123,5.317989736795425,44.51974108815193,7708.2962962962965
1780996025,40,GET,/product/LS4PSXUNUM,0.300000,0.000000,10,10,11,11,11,11,11,11,11,11,11,29,0,6,7.81207040337653,5.292021669447422,31.65336884558201,7710.241379310345
1780996025,40,GET,/product/OLJCESPC7Z,0.100000,0.000000,6,6,6,6,6,6,6,6,6,6,6,22,0,7,11.548419229008935,5.428628996014595,103.34542486816645,7755.227272727273
1780996025,40,,Aggregated,22.800000,0.000000,8,10,11,12,17,30,38,42,46,46,46,1996,0,8,13.894409808201457,4.981697537004948,813.4200097993016,10386.412825651303
1780996026,40,GET,/,16.800000,0.000000,8,10,11,11,16,23,38,44,46,46,46,1509,0,8,13.56349592921037,5.695028230547905,740.2629377320409,10255.332007952285
1780996026,40,POST,/cart,2.000000,0.000000,12,14,16,19,23,39,39,39,39,39,39,168,0,11,16.383745552351076,7.849709130823612,108.25009271502495,17461.863095238095
1780996026,40,POST,/cart/checkout,1.500000,0.000000,13,14,19,19,23,36,36,36,36,36,36,96,0,10,21.637238843444113,7.6406653970479965,813.4200097993016,6548.9375
1780996026,40,GET,/product/0PUK6V6EV0,0.400000,0.000000,7,7,7,7,7,7,7,7,7,7,7,31,0,6,6.527825739354856,5.168057978153229,11.74506638199091,7714.451612903225
1780996026,40,GET,/product/1YMWWN1N4O,0.300000,0.000000,6,6,14,14,14,14,14,14,14,14,14,21,0,7,8.771248516582308,5.495875142514706,33.95653795450926,7738.619047619048
1780996026,40,GET,/product/2ZYFJ3GM2N,0.400000,0.000000,8,11,11,36,36,36,36,36,36,36,36,37,0,8,13.443912379443645,4.981697537004948,92.03660488128662,7746.135135135135
1780996026,40,GET,/product/66VCHSJNUP,0.200000,0.000000,12,12,12,12,12,12,12,12,12,12,12,34,0,6,13.200394699678702,5.047120153903961,73.6293476074934,7701.941176470588
1780996026,40,GET,/product/6E92ZMYYFZ,0.300000,0.000000,7,7,8,8,32,32,32,32,32,32,32,24,0,7,11.823373846709728,5.203363485634327,85.78414469957352,7689.666666666667
1780996026,40,GET,/product/9SIQT8TOJO,0.200000,0.000000,6,6,6,6,6,6,6,6,6,6,6,14,0,6,10.323275678924151,5.0243232399225235,29.170441441237926,7732.642857142857
1780996026,40,GET,/product/L9ECAV7KIM,0.200000,0.000000,5,5,5,5,5,5,5,5,5,5,5,27,0,7,11.834259972804123,5.317989736795425,44.51974108815193,7708.2962962962965
1780996026,40,GET,/product/LS4PSXUNUM,0.400000,0.000000,10,10,11,11,11,11,11,11,11,11,11,29,0,6,7.81207040337653,5.292021669447422,31.65336884558201,7710.241379310345
1780996026,40,GET,/product/OLJCESPC7Z,0.100000,0.000000,6,6,6,6,6,6,6,6,6,6,6,22,0,7,11.548419229008935,5.428628996014595,103.34542486816645,7755.227272727273
1780996026,40,,Aggregated,22.800000,0.000000,8,10,11,12,17,30,38,42,46,46,46,2012,0,8,13.846015730302478,4.981697537004948,813.4200097993016,10379.157057654076
1780996027,40,GET,/,17.400000,0.000000,8,10,11,11,15,22,38,44,46,46,46,1526,0,8,13.49780820725122,5.695028230547905,740.2629377320409,10255.355176933159
1780996027,40,POST,/cart,1.800000,0.000000,13,16,19,19,23,39,39,39,39,39,39,169,0,11,16.342620365321636,7.849709130823612,108.25009271502495,17463.159763313608
1780996027,40,POST,/cart/checkout,1.300000,0.000000,11,14,16,19,23,36,36,36,36,36,36,98,0,10,21.36460970136888,7.6406653970479965,813.4200097993016,6548.867346938776
1780996027,40,GET,/product/0PUK6V6EV0,0.200000,0.000000,7,7,7,7,7,7,7,7,7,7,7,31,0,6,6.527825739354856,5.168057978153229,11.74506638199091,7714.451612903225
1780996027,40,GET,/product/1YMWWN1N4O,0.300000,0.000000,14,14,14,14,14,14,14,14,14,14,14,21,0,7,8.771248516582308,5.495875142514706,33.95653795450926,7738.619047619048
1780996027,40,GET,/product/2ZYFJ3GM2N,0.500000,0.000000,8,11,11,36,36,36,36,36,36,36,36,37,0,8,13.443912379443645,4.981697537004948,92.03660488128662,7746.135135135135
1780996027,40,GET,/product/66VCHSJNUP,0.200000,0.000000,6,6,12,12,12,12,12,12,12,12,12,35,0,6,12.959470227360725,4.768038168549538,73.6293476074934,7699.857142857143
1780996027,40,GET,/product/6E92ZMYYFZ,0.500000,0.000000,7,7,8,8,32,32,32,32,32,32,32,26,0,7,11.416499359676472,5.203363485634327,85.78414469957352,7690.115384615385
1780996027,40,GET,/product/9SIQT8TOJO,0.200000,0.000000,6,6,6,6,6,6,6,6,6,6,6,14,0,6,10.323275678924151,5.0243232399225235,29.170441441237926,7732.642857142857
1780996027,40,GET,/product/L9ECAV7KIM,0.200000,0.000000,5,5,5,5,5,5,5,5,5,5,5,27,0,7,11.834259972804123,5.317989736795425,44.51974108815193,7708.2962962962965
1780996027,40,GET,/product/LS4PSXUNUM,0.300000,0.000000,6,10,10,11,11,11,11,11,11,11,11,30,0,6,7.733529775092999,5.292021669447422,31.65336884558201,7711.066666666667
1780996027,40,GET,/product/OLJCESPC7Z,0.100000,0.000000,6,6,6,6,6,6,6,6,6,6,6,22,0,7,11.548419229008935,5.428628996014595,103.34542486816645,7755.227272727273
1780996027,40,,Aggregated,23.000000,0.000000,8,10,11,12,17,30,38,42,46,46,46,2036,0,8,13.771024522552732,4.768038168549538,813.4200097993016,10372.675343811396
1780996028,40,GET,/,17.100000,0.000000,8,10,11,11,15,22,38,44,46,46,46,1545,0,8,13.415247414707173,5.695028230547905,740.2629377320409,10255.486731391586
1780996028,40,POST,/cart,1.600000,0.000000,14,16,19,23,39,39,39,39,39,39,39,170,0,11,16.303846974144964,7.849709130823612,108.25009271502495,17455.964705882354
1780996028,40,POST,/cart/checkout,1.000000,0.000000,11,14,16,19,23,36,36,36,36,36,36,99,0,10,21.239495525757473,7.6406653970479965,813.4200097993016,6548.79797979798
1780996028,40,GET,/product/0PUK6V6EV0,0.200000,0.000000,7,7,7,7,7,7,7,7,7,7,7,31,0,6,6.527825739354856,5.168057978153229,11.74506638199091,7714.451612903225
1780996028,40,GET,/product/1YMWWN1N4O,0.300000,0.000000,12,12,14,14,14,14,14,14,14,14,14,22,0,7,8.902294053272767,5.495875142514706,33.95653795450926,7740.318181818182
1780996028,40,GET,/product/2ZYFJ3GM2N,0.500000,0.000000,11,11,36,36,36,36,36,36,36,36,36,37,0,8,13.443912379443645,4.981697537004948,92.03660488128662,7746.135135135135
1780996028,40,GET,/product/66VCHSJNUP,0.200000,0.000000,6,6,12,12,12,12,12,12,12,12,12,35,0,6,12.959470227360725,4.768038168549538,73.6293476074934,7699.857142857143
1780996028,40,GET,/product/6E92ZMYYFZ,0.400000,0.000000,7,7,8,8,32,32,32,32,32,32,32,26,0,7,11.416499359676472,5.203363485634327,85.78414469957352,7690.115384615385
1780996028,40,GET,/product/9SIQT8TOJO,0.200000,0.000000,6,6,6,6,6,6,6,6,6,6,6,14,0,6,10.323275678924151,5.0243232399225235,29.170441441237926,7732.642857142857
1780996028,40,GET,/product/L9ECAV7KIM,0.100000,0.000000,5,5,5,5,5,5,5,5,5,5,5,27,0,7,11.834259972804123,5.317989736795425,44.51974108815193,7708.2962962962965
1780996028,40,GET,/product/LS4PSXUNUM,0.300000,0.000000,10,10,11,11,11,11,11,11,11,11,11,30,0,6,7.733529775092999,5.292021669447422,31.65336884558201,7711.066666666667
1780996028,40,GET,/product/OLJCESPC7Z,0.100000,0.000000,6,6,6,6,6,6,6,6,6,6,6,22,0,7,11.548419229008935,5.428628996014595,103.34542486816645,7755.227272727273
1780996028,40,,Aggregated,22.000000,0.000000,8,10,11,12,17,30,38,42,46,46,46,2058,0,8,13.701210670495374,4.768038168549538,813.4200097993016,10371.418853255587
1780996029,40,GET,/,16.900000,0.000000,8,10,11,11,16,23,38,44,46,46,46,1565,0,8,13.342186874641587,5.695028230547905,740.2629377320409,10255.353993610224
1780996029,40,POST,/cart,1.400000,0.000000,13,16,19,19,23,39,39,39,39,39,39,171,0,11,16.263430682147106,7.849709130823612,108.25009271502495,17456.92397660819
1780996029,40,POST,/cart/checkout,1.200000,0.000000,11,14,16,19,23,36,36,36,36,36,36,99,0,10,21.239495525757473,7.6406653970479965,813.4200097993016,6548.79797979798
1780996029,40,GET,/product/0PUK6V6EV0,0.200000,0.000000,6,6,7,7,7,7,7,7,7,7,7,33,0,6,6.4484810061527025,4.888620227575302,11.74506638199091,7716.212121212121
1780996029,40,GET,/product/1YMWWN1N4O,0.200000,0.000000,12,12,14,14,14,14,14,14,14,14,14,22,0,7,8.902294053272767,5.495875142514706,33.95653795450926,7740.318181818182
1780996029,40,GET,/product/2ZYFJ3GM2N,0.500000,0.000000,11,11,36,36,36,36,36,36,36,36,36,37,0,8,13.443912379443645,4.981697537004948,92.03660488128662,7746.135135135135
1780996029,40,GET,/product/66VCHSJNUP,0.300000,0.000000,6,6,12,12,12,12,12,12,12,12,12,35,0,6,12.959470227360725,4.768038168549538,73.6293476074934,7699.857142857143
1780996029,40,GET,/product/6E92ZMYYFZ,0.600000,0.000000,7,7,8,8,32,32,32,32,32,32,32,26,0,7,11.416499359676472,5.203363485634327,85.78414469957352,7690.115384615385
1780996029,40,GET,/product/9SIQT8TOJO,0.200000,0.000000,6,6,6,6,6,6,6,6,6,6,6,14,0,6,10.323275678924151,5.0243232399225235,29.170441441237926,7732.642857142857
1780996029,40,GET,/product/L9ECAV7KIM,0.100000,0.000000,5,5,5,5,5,5,5,5,5,5,5,28,0,7,11.582918232306838,4.7966912388801575,44.51974108815193,7709.857142857143
1780996029,40,GET,/product/LS4PSXUNUM,0.400000,0.000000,10,10,11,11,11,11,11,11,11,11,11,30,0,6,7.733529775092999,5.292021669447422,31.65336884558201,7711.066666666667
1780996029,40,GET,/product/OLJCESPC7Z,0.100000,0.000000,6,6,6,6,6,6,6,6,6,6,6,23,0,7,11.30674969728874,5.428628996014595,103.34542486816645,7754.04347826087
1780996029,40,,Aggregated,22.100000,0.000000,8,10,11,12,17,24,36,42,46,46,46,2083,0,8,13.625383298384474,4.768038168549538,813.4200097993016,10368.636101776285
1780996030,40,GET,/,17.800000,0.000000,8,10,11,11,15,20,32,42,46,46,46,1575,0,8,13.305363481834767,5.695028230547905,740.2629377320409,10255.486984126985
1780996030,40,POST,/cart,1.200000,0.000000,14,16,19,19,23,23,23,23,23,23,23,171,0,11,16.263430682147106,7.849709130823612,108.25009271502495,17456.92397660819
1780996030,40,POST,/cart/checkout,1.300000,0.000000,10,11,14,19,23,36,36,36,36,36,36,103,0,10,20.764549317073474,7.6406653970479965,813.4200097993016,6548.73786407767
1780996030,40,GET,/product/0PUK6V6EV0,0.100000,0.000000,6,6,7,7,7,7,7,7,7,7,7,33,0,6,6.4484810061527025,4.888620227575302,11.74506638199091,7716.212121212121
1780996030,40,GET,/product/1YMWWN1N4O,0.300000,0.000000,14,14,14,14,14,14,14,14,14,14,14,22,0,7,8.902294053272767,5.495875142514706,33.95653795450926,7740.318181818182
1780996030,40,GET,/product/2ZYFJ3GM2N,0.500000,0.000000,11,11,36,36,36,36,36,36,36,36,36,38,0,7,13.2482120228049,4.981697537004948,92.03660488128662,7747.184210526316
1780996030,40,GET,/product/66VCHSJNUP,0.300000,0.000000,6,6,12,12,12,12,12,12,12,12,12,35,0,6,12.959470227360725,4.768038168549538,73.6293476074934,7699.857142857143
1780996030,40,GET,/product/6E92ZMYYFZ,0.700000,0.000000,7,7,8,8,32,32,32,32,32,32,32,26,0,7,11.416499359676472,5.203363485634327,85.78414469957352,7690.115384615385
1780996030,40,GET,/product/9SIQT8TOJO,0.200000,0.000000,6,6,6,6,6,6,6,6,6,6,6,14,0,6,10.323275678924151,5.0243232399225235,29.170441441237926,7732.642857142857
1780996030,40,GET,/product/L9ECAV7KIM,0.100000,0.000000,5,5,5,5,5,5,5,5,5,5,5,28,0,7,11.582918232306838,4.7966912388801575,44.51974108815193,7709.857142857143
1780996030,40,GET,/product/LS4PSXUNUM,0.400000,0.000000,10,10,11,11,11,11,11,11,11,11,11,30,0,6,7.733529775092999,5.292021669447422,31.65336884558201,7711.066666666667
1780996030,40,GET,/product/OLJCESPC7Z,0.100000,0.000000,6,6,6,6,6,6,6,6,6,6,6,25,0,6,10.880144126713276,5.428628996014595,103.34542486816645,7754.92
1780996030,40,,Aggregated,23.000000,0.000000,8,10,11,12,16,23,33,36,46,46,46,2100,0,8,13.576710770084034,4.768038168549538,813.4200097993016,10357.208095238095
1780996031,40,GET,/,17.800000,0.000000,8,9,10,11,13,17,32,42,46,46,46,1593,0,8,13.23961302268565,5.695028230547905,740.2629377320409,10255.533584431889
1780996031,40,POST,/cart,1.000000,0.000000,10,13,14,16,19,19,19,19,19,19,19,173,0,11,16.18126251686343,7.849709130823612,108.25009271502495,17442.79768786127
1780996031,40,POST,/cart/checkout,1.300000,0.000000,10,11,13,14,19,36,36,36,36,36,36,103,0,10,20.764549317073474,7.6406653970479965,813.4200097993016,6548.73786407767
1780996031,40,GET,/product/0PUK6V6EV0,0.200000,0.000000,6,6,7,7,7,7,7,7,7,7,7,33,0,6,6.4484810061527025,4.888620227575302,11.74506638199091,7716.212121212121
1780996031,40,GET,/product/1YMWWN1N4O,0.300000,0.000000,12,12,14,14,14,14,14,14,14,14,14,23,0,7,8.758852055863194,5.495875142514706,33.95653795450926,7741.652173913043
1780996031,40,GET,/product/2ZYFJ3GM2N,0.400000,0.000000,11,11,36,36,36,36,36,36,36,36,36,38,0,7,13.2482120228049,4.981697537004948,92.03660488128662,7747.184210526316
1780996031,40,GET,/product/66VCHSJNUP,0.300000,0.000000,6,6,12,12,12,12,12,12,12,12,12,36,0,6,12.753215049289995,4.768038168549538,73.6293476074934,7701.361111111111
1780996031,40,GET,/product/6E92ZMYYFZ,0.700000,0.000000,7,7,8,8,32,32,32,32,32,32,32,27,0,7,11.231047101318836,5.203363485634327,85.78414469957352,7687.518518518518
1780996031,40,GET,/product/9SIQT8TOJO,0.100000,0.000000,6,6,6,6,6,6,6,6,6,6,6,15,0,6,9.982921369373798,5.0243232399225235,29.170441441237926,7735.6
1780996031,40,GET,/product/L9ECAV7KIM,0.000000,0.000000,5,5,5,5,5,5,5,5,5,5,5,28,0,7,11.582918232306838,4.7966912388801575,44.51974108815193,7709.857142857143
1780996031,40,GET,/product/LS4PSXUNUM,0.400000,0.000000,10,10,11,11,11,11,11,11,11,11,11,30,0,6,7.733529775092999,5.292021669447422,31.65336884558201,7711.066666666667
1780996031,40,GET,/product/OLJCESPC7Z,0.200000,0.000000,6,6,6,6,6,6,6,6,6,6,6,26,0,6,10.663391520770697,5.244576372206211,103.34542486816645,7751.961538461538
1780996031,40,,Aggregated,22.700000,0.000000,8,9,11,11,14,19,33,36,46,46,46,2125,0,8,13.502197498784346,4.768038168549538,813.4200097993016,10355.708235294118
1780996032,40,GET,/,17.200000,0.000000,7,8,9,10,11,12,24,48,53,53,53,1614,0,8,13.214156100851895,5.695028230547905,740.2629377320409,10255.59355638166
1780996032,40,POST,/cart,0.800000,0.000000,10,11,14,16,19,19,19,19,19,19,19,175,0,11,16.111862627523287,7.849709130823612,108.25009271502495,17445.32
1780996032,40,POST,/cart/checkout,1.700000,0.000000,9,10,11,11,11,14,14,14,14,14,14,103,0,10,20.764549317073474,7.6406653970479965,813.4200097993016,6548.73786407767
1780996032,40,GET,/product/0PUK6V6EV0,0.300000,0.000000,6,6,7,7,7,7,7,7,7,7,7,34,0,6,6.434810703949017,4.888620227575302,11.74506638199091,7715.235294117647
1780996032,40,GET,/product/1YMWWN1N4O,0.200000,0.000000,12,12,14,14,14,14,14,14,14,14,14,23,0,7,8.758852055863194,5.495875142514706,33.95653795450926,7741.652173913043
1780996032,40,GET,/product/2ZYFJ3GM2N,0.400000,0.000000,11,11,36,36,36,36,36,36,36,36,36,38,0,7,13.2482120228049,4.981697537004948,92.03660488128662,7747.184210526316
1780996032,40,GET,/product/66VCHSJNUP,0.200000,0.000000,6,6,12,12,12,12,12,12,12,12,12,37,0,6,12.582469177809921,4.768038168549538,73.6293476074934,7700.0
1780996032,40,GET,/product/6E92ZMYYFZ,0.700000,0.000000,7,7,8,8,32,32,32,32,32,32,32,27,0,7,11.231047101318836,5.203363485634327,85.78414469957352,7687.518518518518
1780996032,40,GET,/product/9SIQT8TOJO,0.100000,0.000000,6,6,6,6,6,6,6,6,6,6,6,15,0,6,9.982921369373798,5.0243232399225235,29.170441441237926,7735.6
1780996032,40,GET,/product/L9ECAV7KIM,0.100000,0.000000,5,5,5,5,5,5,5,5,5,5,5,28,0,7,11.582918232306838,4.7966912388801575,44.51974108815193,7709.857142857143
1780996032,40,GET,/product/LS4PSXUNUM,0.400000,0.000000,6,6,11,11,11,11,11,11,11,11,11,30,0,6,7.733529775092999,5.292021669447422,31.65336884558201,7711.066666666667
1780996032,40,GET,/product/OLJCESPC7Z,0.400000,0.000000,6,6,6,6,6,6,6,6,6,6,6,28,0,6,10.289642294602734,5.244576372206211,103.34542486816645,7753.464285714285
1780996032,40,,Aggregated,22.500000,0.000000,7,8,9,10,11,13,20,32,53,53,53,2152,0,8,13.463110011244074,4.768038168549538,813.4200097993016,10356.668215613383
1780996033,40,GET,/,16.400000,0.000000,7,8,8,8,11,12,20,48,53,53,53,1629,0,8,13.157725971628912,5.695028230547905,740.2629377320409,10255.675260896256
1780996033,40,POST,/cart,1.000000,0.000000,9,10,11,16,19,19,19,19,19,19,19,175,0,11,16.111862627523287,7.849709130823612,108.25009271502495,17445.32
1780996033,40,POST,/cart/checkout,1.500000,0.000000,9,10,10,10,11,11,11,11,11,11,11,104,0,10,20.659428188362373,7.6406653970479965,813.4200097993016,6549.067307692308
1780996033,40,GET,/product/0PUK6V6EV0,0.300000,0.000000,6,6,7,7,7,7,7,7,7,7,7,34,0,6,6.434810703949017,4.888620227575302,11.74506638199091,7715.235294117647
1780996033,40,GET,/product/1YMWWN1N4O,0.300000,0.000000,12,12,14,14,14,14,14,14,14,14,14,24,0,6,8.618529459151128,5.391109734773636,33.95653795450926,7739.041666666667
1780996033,40,GET,/product/2ZYFJ3GM2N,0.400000,0.000000,8,8,8,8,8,8,8,8,8,8,8,38,0,7,13.2482120228049,4.981697537004948,92.03660488128662,7747.184210526316
1780996033,40,GET,/product/66VCHSJNUP,0.300000,0.000000,6,6,8,8,12,12,12,12,12,12,12,39,0,6,12.288974789090645,4.768038168549538,73.6293476074934,7699.179487179487
1780996033,40,GET,/product/6E92ZMYYFZ,0.700000,0.000000,6,7,7,7,8,8,8,8,8,8,8,27,0,7,11.231047101318836,5.203363485634327,85.78414469957352,7687.518518518518
1780996033,40,GET,/product/9SIQT8TOJO,0.000000,0.000000,6,6,6,6,6,6,6,6,6,6,6,15,0,6,9.982921369373798,5.0243232399225235,29.170441441237926,7735.6
1780996033,40,GET,/product/L9ECAV7KIM,0.100000,0.000000,5,5,5,5,5,5,5,5,5,5,5,29,0,7,11.368424406853215,4.7966912388801575,44.51974108815193,7711.310344827586
1780996033,40,GET,/product/LS4PSXUNUM,0.400000,0.000000,6,6,11,11,11,11,11,11,11,11,11,30,0,6,7.733529775092999,5.292021669447422,31.65336884558201,7711.066666666667
1780996033,40,GET,/product/OLJCESPC7Z,0.400000,0.000000,6,6,6,6,6,6,6,6,6,6,6,28,0,6,10.289642294602734,5.244576372206211,103.34542486816645,7753.464285714285
1780996033,40,,Aggregated,21.800000,0.000000,7,8,8,9,11,12,19,24,53,53,53,2172,0,8,13.403869577054051,4.768038168549538,813.4200097993016,10349.401012891345
1780996034,40,GET,/,17.700000,0.000000,7,7,8,8,10,11,20,48,53,53,53,1650,0,8,13.089511151227986,5.695028230547905,740.2629377320409,10255.678181818183
1780996034,40,POST,/cart,1.100000,0.000000,9,10,10,11,19,19,19,19,19,19,19,177,0,11,16.035232029981533,7.849709130823612,108.25009271502495,17439.638418079096
1780996034,40,POST,/cart/checkout,1.400000,0.000000,9,10,10,10,11,11,11,11,11,11,11,104,0,10,20.659428188362373,7.6406653970479965,813.4200097993016,6549.067307692308
1780996034,40,GET,/product/0PUK6V6EV0,0.400000,0.000000,6,6,7,7,7,7,7,7,7,7,7,34,0,6,6.434810703949017,4.888620227575302,11.74506638199091,7715.235294117647
1780996034,40,GET,/product/1YMWWN1N4O,0.200000,0.000000,6,6,12,12,12,12,12,12,12,12,12,24,0,6,8.618529459151128,5.391109734773636,33.95653795450926,7739.041666666667
1780996034,40,GET,/product/2ZYFJ3GM2N,0.400000,0.000000,8,8,8,8,8,8,8,8,8,8,8,38,0,7,13.2482120228049,4.981697537004948,92.03660488128662,7747.184210526316
1780996034,40,GET,/product/66VCHSJNUP,0.400000,0.000000,6,6,6,8,8,8,8,8,8,8,8,39,0,6,12.288974789090645,4.768038168549538,73.6293476074934,7699.179487179487
1780996034,40,GET,/product/6E92ZMYYFZ,0.800000,0.000000,6,7,7,8,8,8,8,8,8,8,8,27,0,7,11.231047101318836,5.203363485634327,85.78414469957352,7687.518518518518
1780996034,40,GET,/product/9SIQT8TOJO,0.100000,0.000000,5,5,6,6,6,6,6,6,6,6,6,16,0,6,9.698252601083368,5.0243232399225235,29.170441441237926,7730.8125
1780996034,40,GET,/product/L9ECAV7KIM,0.100000,0.000000,5,5,5,5,5,5,5,5,5,5,5,29,0,7,11.368424406853215,4.7966912388801575,44.51974108815193,7711.310344827586
1780996034,40,GET,/product/LS4PSXUNUM,0.400000,0.000000,5,5,5,5,5,5,5,5,5,5,5,30,0,6,7.733529775092999,5.292021669447422,31.65336884558201,7711.066666666667
1780996034,40,GET,/product/OLJCESPC7Z,0.600000,0.000000,6,6,6,6,6,6,6,6,6,6,6,28,0,6,10.289642294602734,5.244576372206211,103.34542486816645,7753.464285714285
1780996034,40,,Aggregated,23.600000,0.000000,7,8,8,9,10,11,19,24,53,53,53,2196,0,8,13.342919327719018,4.768038168549538,813.4200097993016,10353.286429872496
1780996035,40,GET,/,17.500000,0.000000,7,7,8,8,10,11,15,48,53,53,53,1663,0,8,13.04536862315647,5.624765530228615,740.2629377320409,10255.65724594107
1780996035,40,POST,/cart,1.000000,0.000000,10,10,11,11,12,12,12,12,12,12,12,180,0,11,15.955979175244769,7.849709130823612,108.25009271502495,17490.86111111111
1780996035,40,POST,/cart/checkout,1.100000,0.000000,9,10,10,10,10,11,11,11,11,11,11,105,0,10,20.557546243071556,7.6406653970479965,813.4200097993016,6549.295238095238
1780996035,40,GET,/product/0PUK6V6EV0,0.400000,0.000000,6,6,7,7,7,7,7,7,7,7,7,34,0,6,6.434810703949017,4.888620227575302,11.74506638199091,7715.235294117647
1780996035,40,GET,/product/1YMWWN1N4O,0.300000,0.000000,6,6,12,12,12,12,12,12,12,12,12,24,0,6,8.618529459151128,5.391109734773636,33.95653795450926,7739.041666666667
1780996035,40,GET,/product/2ZYFJ3GM2N,0.200000,0.000000,8,8,8,8,8,8,8,8,8,8,8,38,0,7,13.2482120228049,4.981697537004948,92.03660488128662,7747.184210526316
1780996035,40,GET,/product/66VCHSJNUP,0.600000,0.000000,6,6,6,8,8,8,8,8,8,8,8,39,0,6,12.288974789090645,4.768038168549538,73.6293476074934,7699.179487179487
1780996035,40,GET,/product/6E92ZMYYFZ,0.700000,0.000000,7,7,8,8,8,8,8,8,8,8,8,27,0,7,11.231047101318836,5.203363485634327,85.78414469957352,7687.518518518518
1780996035,40,GET,/product/9SIQT8TOJO,0.100000,0.000000,5,5,5,5,5,5,5,5,5,5,5,16,0,6,9.698252601083368,5.0243232399225235,29.170441441237926,7730.8125
1780996035,40,GET,/product/L9ECAV7KIM,0.200000,0.000000,5,5,5,5,5,5,5,5,5,5,5,29,0,7,11.368424406853215,4.7966912388801575,44.51974108815193,7711.310344827586
1780996035,40,GET,/product/LS4PSXUNUM,0.300000,0.000000,5,5,5,5,5,5,5,5,5,5,5,30,0,6,7.733529775092999,5.292021669447422,31.65336884558201,7711.066666666667
1780996035,40,GET,/product/OLJCESPC7Z,0.600000,0.000000,6,6,6,6,6,6,6,6,6,6,6,28,0,6,10.289642294602734,5.244576372206211,103.34542486816645,7753.464285714285
1780996035,40,,Aggregated,23.000000,0.000000,7,8,8,9,10,11,12,24,53,53,53,2213,0,8,13.30393469074747,4.768038168549538,813.4200097993016,10364.761861726163
1780996036,40,GET,/,17.400000,0.000000,7,7,8,8,9,10,12,48,53,53,53,1682,0,8,12.97201643566137,5.624765530228615,740.2629377320409,10255.563020214031
1780996036,40,POST,/cart,1.100000,0.000000,10,10,11,11,12,12,12,12,12,12,12,182,0,11,15.885509847366547,7.849709130823612,108.25009271502495,17492.906593406595
1780996036,40,POST,/cart/checkout,1.100000,0.000000,10,10,10,10,10,10,10,10,10,10,10,106,0,10,20.45451644105169,7.6406653970479965,813.4200097993016,6549.179245283019
1780996036,40,GET,/product/0PUK6V6EV0,0.400000,0.000000,6,6,6,6,6,6,6,6,6,6,6,34,0,6,6.434810703949017,4.888620227575302,11.74506638199091,7715.235294117647
1780996036,40,GET,/product/1YMWWN1N4O,0.300000,0.000000,6,6,12,12,12,12,12,12,12,12,12,25,0,6,8.492172174155712,5.391109734773636,33.95653795450926,7741.24
1780996036,40,GET,/product/2ZYFJ3GM2N,0.200000,0.000000,6,6,6,6,6,6,6,6,6,6,6,38,0,7,13.2482120228049,4.981697537004948,92.03660488128662,7747.184210526316
1780996036,40,GET,/product/66VCHSJNUP,0.500000,0.000000,6,6,6,8,8,8,8,8,8,8,8,39,0,6,12.288974789090645,4.768038168549538,73.6293476074934,7699.179487179487
1780996036,40,GET,/product/6E92ZMYYFZ,0.700000,0.000000,6,6,6,6,6,6,6,6,6,6,6,27,0,7,11.231047101318836,5.203363485634327,85.78414469957352,7687.518518518518
1780996036,40,GET,/product/9SIQT8TOJO,0.200000,0.000000,5,5,5,5,5,5,5,5,5,5,5,16,0,6,9.698252601083368,5.0243232399225235,29.170441441237926,7730.8125
1780996036,40,GET,/product/L9ECAV7KIM,0.200000,0.000000,5,5,6,6,6,6,6,6,6,6,6,31,0,7,11.015804033846624,4.7966912388801575,44.51974108815193,7710.806451612903
1780996036,40,GET,/product/LS4PSXUNUM,0.100000,0.000000,5,5,5,5,5,5,5,5,5,5,5,30,0,6,7.733529775092999,5.292021669447422,31.65336884558201,7711.066666666667
1780996036,40,GET,/product/OLJCESPC7Z,0.600000,0.000000,6,6,6,6,6,6,6,6,6,6,6,28,0,6,10.289642294602734,5.244576372206211,103.34542486816645,7753.464285714285
1780996036,40,,Aggregated,22.800000,0.000000,7,7,8,8,10,11,12,24,53,53,53,2238,0,8,13.231492063265303,4.768038168549538,813.4200097993016,10365.062109025916
1780996037,40,GET,/,17.100000,0.000000,7,7,7,8,9,11,19,48,53,53,53,1700,0,8,12.914127245107117,5.624765530228615,740.2629377320409,10255.552941176471
1780996037,40,POST,/cart,1.100000,0.000000,9,10,11,11,12,12,12,12,12,12,12,184,0,11,15.81118774154912,7.849709130823612,108.25009271502495,17494.782608695652
1780996037,40,POST,/cart/checkout,1.100000,0.000000,10,10,10,10,10,10,10,10,10,10,10,106,0,10,20.45451644105169,7.6406653970479965,813.4200097993016,6549.179245283019
1780996037,40,GET,/product/0PUK6V6EV0,0.400000,0.000000,6,6,6,6,6,6,6,6,6,6,6,34,0,6,6.434810703949017,4.888620227575302,11.74506638199091,7715.235294117647
1780996037,40,GET,/product/1YMWWN1N4O,0.300000,0.000000,6,6,6,6,12,12,12,12,12,12,12,27,0,6,8.278277806109852,5.391109734773636,33.95653795450926,7742.074074074074
1780996037,40,GET,/product/2ZYFJ3GM2N,0.100000,0.000000,6,6,6,6,6,6,6,6,6,6,6,39,0,7,13.051662594079971,4.981697537004948,92.03660488128662,7745.897435897436
1780996037,40,GET,/product/66VCHSJNUP,0.500000,0.000000,6,6,6,8,8,8,8,8,8,8,8,39,0,6,12.288974789090645,4.768038168549538,73.6293476074934,7699.179487179487
1780996037,40,GET,/product/6E92ZMYYFZ,0.500000,0.000000,6,6,6,6,6,6,6,6,6,6,6,27,0,7,11.231047101318836,5.203363485634327,85.78414469957352,7687.518518518518
1780996037,40,GET,/product/9SIQT8TOJO,0.200000,0.000000,5,5,5,5,5,5,5,5,5,5,5,17,0,6,9.429299272596836,5.0243232399225235,29.170441441237926,7735.0
1780996037,40,GET,/product/L9ECAV7KIM,0.200000,0.000000,5,5,6,6,6,6,6,6,6,6,6,31,0,7,11.015804033846624,4.7966912388801575,44.51974108815193,7710.806451612903
1780996037,40,GET,/product/LS4PSXUNUM,0.100000,0.000000,5,5,5,5,5,5,5,5,5,5,5,30,0,6,7.733529775092999,5.292021669447422,31.65336884558201,7711.066666666667
1780996037,40,GET,/product/OLJCESPC7Z,0.600000,0.000000,6,6,6,6,6,6,6,6,6,6,6,28,0,6,10.289642294602734,5.244576372206211,103.34542486816645,7753.464285714285
1780996037,40,,Aggregated,22.200000,0.000000,7,7,8,8,10,11,12,24,53,53,53,2262,0,8,13.168513566950562,4.768038168549538,813.4200097993016,10366.015473032714
1780996038,40,GET,/,17.600000,0.000000,7,7,7,8,9,11,19,48,53,53,53,1722,0,8,12.861914351327252,5.624765530228615,740.2629377320409,10255.630662020905
1780996038,40,POST,/cart,1.300000,0.000000,9,10,11,11,12,12,12,12,12,12,12,184,0,11,15.81118774154912,7.849709130823612,108.25009271502495,17494.782608695652
1780996038,40,POST,/cart/checkout,1.200000,0.000000,10,10,10,10,10,10,10,10,10,10,10,107,0,10,20.360639475494903,7.6406653970479965,813.4200097993016,6549.261682242991
1780996038,40,GET,/product/0PUK6V6EV0,0.300000,0.000000,6,6,6,6,6,6,6,6,6,6,6,34,0,6,6.434810703949017,4.888620227575302,11.74506638199091,7715.235294117647
1780996038,40,GET,/product/1YMWWN1N4O,0.300000,0.000000,6,6,6,6,6,6,6,6,6,6,6,28,0,6,8.194286675591554,5.391109734773636,33.95653795450926,7743.214285714285
1780996038,40,GET,/product/2ZYFJ3GM2N,0.100000,0.000000,6,6,6,6,6,6,6,6,6,6,6,39,0,7,13.051662594079971,4.981697537004948,92.03660488128662,7745.897435897436
1780996038,40,GET,/product/66VCHSJNUP,0.500000,0.000000,6,6,8,8,8,8,8,8,8,8,8,39,0,6,12.288974789090645,4.768038168549538,73.6293476074934,7699.179487179487
1780996038,40,GET,/product/6E92ZMYYFZ,0.400000,0.000000,6,6,6,6,6,6,6,6,6,6,6,27,0,7,11.231047101318836,5.203363485634327,85.78414469957352,7687.518518518518
1780996038,40,GET,/product/9SIQT8TOJO,0.200000,0.000000,5,5,13,13,13,13,13,13,13,13,13,18,0,6,9.643819545292192,5.0243232399225235,29.170441441237926,7738.611111111111
1780996038,40,GET,/product/L9ECAV7KIM,0.400000,0.000000,5,5,6,6,6,6,6,6,6,6,6,31,0,7,11.015804033846624,4.7966912388801575,44.51974108815193,7710.806451612903
1780996038,40,GET,/product/LS4PSXUNUM,0.100000,0.000000,44,44,44,44,44,44,44,44,44,44,44,31,0,6,8.910818926749691,5.292021669447422,44.22949347645044,7712.677419354839
1780996038,40,GET,/product/OLJCESPC7Z,0.600000,0.000000,5,6,6,6,6,6,6,6,6,6,6,28,0,6,10.289642294602734,5.244576372206211,103.34542486816645,7753.464285714285
1780996038,40,,Aggregated,23.000000,0.000000,7,7,8,9,10,11,19,45,53,53,53,2288,0,8,13.13602895528026,4.768038168549538,813.4200097993016,10359.954545454546
1780996039,40,GET,/,17.300000,0.000000,7,7,8,8,9,11,44,48,53,53,53,1738,0,8,12.848806140946506,5.624765530228615,740.2629377320409,10255.575949367088
1780996039,40,POST,/cart,1.500000,0.000000,9,10,11,11,12,12,12,12,12,12,12,185,0,11,15.774291577572757,7.849709130823612,108.25009271502495,17488.043243243243
1780996039,40,POST,/cart/checkout,0.800000,0.000000,10,10,10,10,10,10,10,10,10,10,10,108,0,10,20.262649739851003,7.6406653970479965,813.4200097993016,6549.666666666667
1780996039,40,GET,/product/0PUK6V6EV0,0.300000,0.000000,5,5,6,6,6,6,6,6,6,6,6,35,0,6,6.4028987394911905,4.888620227575302,11.74506638199091,7713.8
1780996039,40,GET,/product/1YMWWN1N4O,0.400000,0.000000,6,6,6,6,6,6,6,6,6,6,6,28,0,6,8.194286675591554,5.391109734773636,33.95653795450926,7743.214285714285
1780996039,40,GET,/product/2ZYFJ3GM2N,0.200000,0.000000,6,6,6,6,6,6,6,6,6,6,6,39,0,7,13.051662594079971,4.981697537004948,92.03660488128662,7745.897435897436
1780996039,40,GET,/product/66VCHSJNUP,0.400000,0.000000,6,6,8,8,8,8,8,8,8,8,8,39,0,6,12.288974789090645,4.768038168549538,73.6293476074934,7699.179487179487
1780996039,40,GET,/product/6E92ZMYYFZ,0.200000,0.000000,6,6,6,6,6,6,6,6,6,6,6,28,0,7,11.027509546173471,5.203363485634327,85.78414469957352,7686.678571428572
1780996039,40,GET,/product/9SIQT8TOJO,0.300000,0.000000,5,7,7,13,13,13,13,13,13,13,13,19,0,6,9.487789467369256,5.0243232399225235,29.170441441237926,7741.421052631579
1780996039,40,GET,/product/L9ECAV7KIM,0.400000,0.000000,5,6,6,6,6,6,6,6,6,6,6,32,0,7,10.866892174817622,4.7966912388801575,44.51974108815193,7708.8125
1780996039,40,GET,/product/LS4PSXUNUM,0.000000,0.000000,44,44,44,44,44,44,44,44,44,44,44,31,0,6,8.910818926749691,5.292021669447422,44.22949347645044,7712.677419354839
1780996039,40,GET,/product/OLJCESPC7Z,0.600000,0.000000,5,5,6,6,6,6,6,6,6,6,6,30,0,6,9.94737179328998,4.8206038773059845,103.34542486816645,7757.2
1780996039,40,,Aggregated,22.400000,0.000000,7,7,8,9,10,12,44,45,53,53,53,2312,0,8,13.10168550378775,4.768038168549538,813.4200097993016,10353.286764705883
1780996040,40,GET,/,17.100000,0.000000,7,7,8,8,9,12,45,53,79,79,79,1753,0,8,12.84404008405435,5.624765530228615,740.2629377320409,10255.549914432402
1780996040,40,POST,/cart,1.400000,0.000000,9,10,11,11,12,12,12,12,12,12,12,186,0,11,15.739582589156525,7.849709130823612,108.25009271502495,17488.989247311827
1780996040,40,POST,/cart/checkout,0.800000,0.000000,10,10,10,10,10,10,10,10,10,10,10,108,0,10,20.262649739851003,7.6406653970479965,813.4200097993016,6549.666666666667
1780996040,40,GET,/product/0PUK6V6EV0,0.300000,0.000000,6,6,6,6,6,6,6,6,6,6,6,36,0,6,6.404032853121559,4.888620227575302,11.74506638199091,7712.277777777777
1780996040,40,GET,/product/1YMWWN1N4O,0.600000,0.000000,6,6,6,6,6,6,6,6,6,6,6,29,0,6,8.108737493126556,5.391109734773636,33.95653795450926,7744.448275862069
1780996040,40,GET,/product/2ZYFJ3GM2N,0.200000,0.000000,6,6,6,6,6,6,6,6,6,6,6,39,0,7,13.051662594079971,4.981697537004948,92.03660488128662,7745.897435897436
1780996040,40,GET,/product/66VCHSJNUP,0.400000,0.000000,6,6,8,8,8,8,8,8,8,8,8,39,0,6,12.288974789090645,4.768038168549538,73.6293476074934,7699.179487179487
1780996040,40,GET,/product/6E92ZMYYFZ,0.100000,0.000000,6,6,6,6,6,6,6,6,6,6,6,28,0,7,11.027509546173471,5.203363485634327,85.78414469957352,7686.678571428572
1780996040,40,GET,/product/9SIQT8TOJO,0.400000,0.000000,5,7,7,13,13,13,13,13,13,13,13,19,0,6,9.487789467369256,5.0243232399225235,29.170441441237926,7741.421052631579
1780996040,40,GET,/product/L9ECAV7KIM,0.400000,0.000000,5,6,6,6,6,6,6,6,6,6,6,33,0,7,10.695794512602417,4.7966912388801575,44.51974108815193,7710.787878787879
1780996040,40,GET,/product/LS4PSXUNUM,0.100000,0.000000,44,44,44,44,44,44,44,44,44,44,44,31,0,6,8.910818926749691,5.292021669447422,44.22949347645044,7712.677419354839
1780996040,40,GET,/product/OLJCESPC7Z,0.600000,0.000000,5,5,5,5,5,5,5,5,5,5,5,30,0,6,9.94737179328998,4.8206038773059845,103.34542486816645,7757.2
1780996040,40,,Aggregated,22.400000,0.000000,7,7,8,8,10,12,44,48,79,79,79,2331,0,8,13.085444125014025,4.768038168549538,813.4200097993016,10352.407979407979
1780996041,40,GET,/,17.000000,0.000000,7,7,7,8,9,12,42,45,79,79,79,1764,0,8,12.807829805508323,5.624765530228615,740.2629377320409,10255.638888888889
1780996041,40,POST,/cart,1.400000,0.000000,9,10,11,11,12,12,12,12,12,12,12,188,0,11,15.678940162538215,7.849709130823612,108.25009271502495,17483.271276595744
1780996041,40,POST,/cart/checkout,0.800000,0.000000,10,10,10,10,10,10,10,10,10,10,10,111,0,10,19.94777108366425,7.575006224215031,813.4200097993016,6549.27027027027
1780996041,40,GET,/product/0PUK6V6EV0,0.300000,0.000000,6,6,6,6,6,6,6,6,6,6,6,36,0,6,6.404032853121559,4.888620227575302,11.74506638199091,7712.277777777777
1780996041,40,GET,/product/1YMWWN1N4O,0.600000,0.000000,6,6,6,6,6,6,6,6,6,6,6,29,0,6,8.108737493126556,5.391109734773636,33.95653795450926,7744.448275862069
1780996041,40,GET,/product/2ZYFJ3GM2N,0.200000,0.000000,6,6,6,6,6,6,6,6,6,6,6,39,0,7,13.051662594079971,4.981697537004948,92.03660488128662,7745.897435897436
1780996041,40,GET,/product/66VCHSJNUP,0.400000,0.000000,8,8,8,8,8,8,8,8,8,8,8,39,0,6,12.288974789090645,4.768038168549538,73.6293476074934,7699.179487179487
1780996041,40,GET,/product/6E92ZMYYFZ,0.200000,0.000000,6,6,7,7,7,7,7,7,7,7,7,30,0,7,10.706560531010231,5.203363485634327,85.78414469957352,7689.866666666667
1780996041,40,GET,/product/9SIQT8TOJO,0.400000,0.000000,5,7,7,13,13,13,13,13,13,13,13,19,0,6,9.487789467369256,5.0243232399225235,29.170441441237926,7741.421052631579
1780996041,40,GET,/product/L9ECAV7KIM,0.500000,0.000000,5,6,6,6,6,6,6,6,6,6,6,33,0,7,10.695794512602417,4.7966912388801575,44.51974108815193,7710.787878787879
1780996041,40,GET,/product/LS4PSXUNUM,0.100000,0.000000,44,44,44,44,44,44,44,44,44,44,44,31,0,6,8.910818926749691,5.292021669447422,44.22949347645044,7712.677419354839
1780996041,40,GET,/product/OLJCESPC7Z,0.600000,0.000000,5,5,5,5,5,5,5,5,5,5,5,30,0,6,9.94737179328998,4.8206038773059845,103.34542486816645,7757.2
1780996041,40,,Aggregated,22.500000,0.000000,7,7,8,9,10,12,42,44,79,79,79,2349,0,8,13.042963440175155,4.768038168549538,813.4200097993016,10350.535547041294
1780996042,40,GET,/,17.500000,0.000000,7,7,8,8,9,12,42,45,79,79,79,1785,0,8,12.756632320081987,5.624765530228615,740.2629377320409,10255.592717086834
1780996042,40,POST,/cart,1.500000,0.000000,9,10,11,11,12,12,12,12,12,12,12,192,0,11,15.54380087084913,7.72511400282383,108.25009271502495,17479.4375
1780996042,40,POST,/cart/checkout,0.500000,0.000000,10,10,10,10,10,10,10,10,10,10,10,112,0,10,19.850848733247922,7.575006224215031,813.4200097993016,6549.133928571428
1780996042,40,GET,/product/0PUK6V6EV0,0.200000,0.000000,6,6,6,6,6,6,6,6,6,6,6,36,0,6,6.404032853121559,4.888620227575302,11.74506638199091,7712.277777777777
1780996042,40,GET,/product/1YMWWN1N4O,0.600000,0.000000,6,6,6,6,6,6,6,6,6,6,6,31,0,6,7.933807949866018,5.171343684196472,33.95653795450926,7743.806451612903
1780996042,40,GET,/product/2ZYFJ3GM2N,0.100000,0.000000,6,6,6,6,6,6,6,6,6,6,6,39,0,7,13.051662594079971,4.981697537004948,92.03660488128662,7745.897435897436
1780996042,40,GET,/product/66VCHSJNUP,0.400000,0.000000,8,8,8,8,8,8,8,8,8,8,8,39,0,6,12.288974789090645,4.768038168549538,73.6293476074934,7699.179487179487
1780996042,40,GET,/product/6E92ZMYYFZ,0.200000,0.000000,6,6,7,7,7,7,7,7,7,7,7,30,0,7,10.706560531010231,5.203363485634327,85.78414469957352,7689.866666666667
1780996042,40,GET,/product/9SIQT8TOJO,0.500000,0.000000,7,7,13,13,13,13,13,13,13,13,13,19,0,6,9.487789467369256,5.0243232399225235,29.170441441237926,7741.421052631579
1780996042,40,GET,/product/L9ECAV7KIM,0.500000,0.000000,5,6,6,6,6,6,6,6,6,6,6,33,0,7,10.695794512602417,4.7966912388801575,44.51974108815193,7710.787878787879
1780996042,40,GET,/product/LS4PSXUNUM,0.100000,0.000000,44,44,44,44,44,44,44,44,44,44,44,32,0,6,8.813825494144112,5.292021669447422,44.22949347645044,7714.125
1780996042,40,GET,/product/OLJCESPC7Z,0.500000,0.000000,5,5,5,5,8,8,8,8,8,8,8,31,0,6,9.873057475253459,4.8206038773059845,103.34542486816645,7758.354838709677
1780996042,40,,Aggregated,22.600000,0.000000,7,7,8,9,10,12,42,44,79,79,79,2379,0,8,12.982599762945227,4.768038168549538,813.4200097993016,10355.378730559058
1780996043,40,GET,/,17.800000,0.000000,7,7,7,8,9,12,42,45,79,79,79,1798,0,8,12.7161264546978,5.624765530228615,740.2629377320409,10255.624026696329
1780996043,40,POST,/cart,1.400000,0.000000,9,10,11,11,12,12,12,12,12,12,12,194,0,11,15.477618586617647,7.72511400282383,108.25009271502495,17488.546391752578
1780996043,40,POST,/cart/checkout,0.800000,0.000000,10,10,10,10,10,10,10,10,10,10,10,112,0,10,19.850848733247922,7.575006224215031,813.4200097993016,6549.133928571428
1780996043,40,GET,/product/0PUK6V6EV0,0.300000,0.000000,6,6,6,6,6,6,6,6,6,6,6,36,0,6,6.404032853121559,4.888620227575302,11.74506638199091,7712.277777777777
1780996043,40,GET,/product/1YMWWN1N4O,0.600000,0.000000,6,6,6,6,6,6,6,6,6,6,6,31,0,6,7.933807949866018,5.171343684196472,33.95653795450926,7743.806451612903
1780996043,40,GET,/product/2ZYFJ3GM2N,0.100000,0.000000,6,6,6,6,6,6,6,6,6,6,6,39,0,7,13.051662594079971,4.981697537004948,92.03660488128662,7745.897435897436
1780996043,40,GET,/product/66VCHSJNUP,0.300000,0.000000,8,8,8,8,8,8,8,8,8,8,8,39,0,6,12.288974789090645,4.768038168549538,73.6293476074934,7699.179487179487
1780996043,40,GET,/product/6E92ZMYYFZ,0.300000,0.000000,6,6,7,7,7,7,7,7,7,7,7,30,0,7,10.706560531010231,5.203363485634327,85.78414469957352,7689.866666666667
1780996043,40,GET,/product/9SIQT8TOJO,0.500000,0.000000,7,7,13,13,13,13,13,13,13,13,13,19,0,6,9.487789467369256,5.0243232399225235,29.170441441237926,7741.421052631579
1780996043,40,GET,/product/L9ECAV7KIM,0.500000,0.000000,6,6,6,6,6,6,6,6,6,6,6,33,0,7,10.695794512602417,4.7966912388801575,44.51974108815193,7710.787878787879
1780996043,40,GET,/product/LS4PSXUNUM,0.100000,0.000000,44,44,44,44,44,44,44,44,44,44,44,32,0,6,8.813825494144112,5.292021669447422,44.22949347645044,7714.125
1780996043,40,GET,/product/OLJCESPC7Z,0.500000,0.000000,5,5,5,5,8,8,8,8,8,8,8,32,0,6,9.728529141284525,4.8206038773059845,103.34542486816645,7758.28125
1780996043,40,,Aggregated,23.200000,0.000000,7,7,8,8,10,12,42,44,79,79,79,2395,0,8,12.944512692958677,4.768038168549538,813.4200097993016,10360.462212943632
1780996044,40,GET,/,16.900000,0.000000,7,7,7,8,8,12,44,67,79,79,79,1823,0,8,12.674502826086846,5.387591198086739,740.2629377320409,10255.516730663741
1780996044,40,POST,/cart,1.500000,0.000000,9,10,11,11,12,12,12,12,12,12,12,194,0,11,15.477618586617647,7.72511400282383,108.25009271502495,17488.546391752578
1780996044,40,POST,/cart/checkout,0.900000,0.000000,10,10,10,10,10,10,10,10,10,10,10,113,0,10,19.76187105199932,7.575006224215031,813.4200097993016,6549.150442477876
1780996044,40,GET,/product/0PUK6V6EV0,0.200000,0.000000,6,6,6,6,6,6,6,6,6,6,6,38,0,6,6.3641986466552085,4.888620227575302,11.74506638199091,7709.473684210527
1780996044,40,GET,/product/1YMWWN1N4O,0.800000,0.000000,6,6,6,6,6,6,6,6,6,6,6,32,0,6,7.849868154153228,5.171343684196472,33.95653795450926,7741.46875
1780996044,40,GET,/product/2ZYFJ3GM2N,0.100000,0.000000,6,6,6,6,6,6,6,6,6,6,6,39,0,7,13.051662594079971,4.981697537004948,92.03660488128662,7745.897435897436
1780996044,40,GET,/product/66VCHSJNUP,0.200000,0.000000,8,8,8,8,8,8,8,8,8,8,8,39,0,6,12.288974789090645,4.768038168549538,73.6293476074934,7699.179487179487
1780996044,40,GET,/product/6E92ZMYYFZ,0.300000,0.000000,6,6,7,7,7,7,7,7,7,7,7,30,0,7,10.706560531010231,5.203363485634327,85.78414469957352,7689.866666666667
1780996044,40,GET,/product/9SIQT8TOJO,0.400000,0.000000,7,7,13,13,13,13,13,13,13,13,13,20,0,6,9.357689321041107,5.0243232399225235,29.170441441237926,7738.3
1780996044,40,GET,/product/L9ECAV7KIM,0.500000,0.000000,5,6,6,6,6,6,6,6,6,6,6,34,0,6,10.529901284505339,4.7966912388801575,44.51974108815193,7709.794117647059
1780996044,40,GET,/product/LS4PSXUNUM,0.100000,0.000000,6,6,44,44,44,44,44,44,44,44,44,33,0,6,8.691670909298189,4.782724194228649,44.22949347645044,7715.30303030303
1780996044,40,GET,/product/OLJCESPC7Z,0.200000,0.000000,5,5,8,8,8,8,8,8,8,8,8,32,0,6,9.728529141284525,4.8206038773059845,103.34542486816645,7758.28125
1780996044,40,,Aggregated,22.100000,0.000000,7,7,8,8,10,12,44,45,79,79,79,2427,0,8,12.891303499232706,4.768038168549538,813.4200097993016,10351.112072517511
1780996045,40,GET,/,16.700000,0.000000,7,7,7,8,9,19,44,67,79,79,79,1835,0,8,12.634812456324736,5.387591198086739,740.2629377320409,10255.623433242507
1780996045,40,POST,/cart,1.800000,0.000000,9,9,10,10,11,12,12,12,12,12,12,195,0,11,15.446632947677221,7.72511400282383,108.25009271502495,17489.333333333332
1780996045,40,POST,/cart/checkout,0.900000,0.000000,10,10,10,10,10,10,10,10,10,10,10,113,0,10,19.76187105199932,7.575006224215031,813.4200097993016,6549.150442477876
1780996045,40,GET,/product/0PUK6V6EV0,0.200000,0.000000,6,6,6,6,6,6,6,6,6,6,6,38,0,6,6.3641986466552085,4.888620227575302,11.74506638199091,7709.473684210527
1780996045,40,GET,/product/1YMWWN1N4O,0.700000,0.000000,6,6,6,6,6,6,6,6,6,6,6,34,0,6,7.72000356193851,5.171343684196472,33.95653795450926,7740.941176470588
1780996045,40,GET,/product/2ZYFJ3GM2N,0.100000,0.000000,6,6,6,6,6,6,6,6,6,6,6,39,0,7,13.051662594079971,4.981697537004948,92.03660488128662,7745.897435897436
1780996045,40,GET,/product/66VCHSJNUP,0.000000,0.000000,8,8,8,8,8,8,8,8,8,8,8,39,0,6,12.288974789090645,4.768038168549538,73.6293476074934,7699.179487179487
1780996045,40,GET,/product/6E92ZMYYFZ,0.300000,0.000000,6,6,7,7,7,7,7,7,7,7,7,30,0,7,10.706560531010231,5.203363485634327,85.78414469957352,7689.866666666667
1780996045,40,GET,/product/9SIQT8TOJO,0.400000,0.000000,7,7,13,13,13,13,13,13,13,13,13,20,0,6,9.357689321041107,5.0243232399225235,29.170441441237926,7738.3
1780996045,40,GET,/product/L9ECAV7KIM,0.400000,0.000000,5,6,6,6,6,6,6,6,6,6,6,34,0,6,10.529901284505339,4.7966912388801575,44.51974108815193,7709.794117647059
1780996045,40,GET,/product/LS4PSXUNUM,0.200000,0.000000,6,6,44,44,44,44,44,44,44,44,44,33,0,6,8.691670909298189,4.782724194228649,44.22949347645044,7715.30303030303
1780996045,40,GET,/product/OLJCESPC7Z,0.300000,0.000000,5,5,8,8,8,8,8,8,8,8,8,32,0,6,9.728529141284525,4.8206038773059845,103.34542486816645,7758.28125
1780996045,40,,Aggregated,22.000000,0.000000,7,7,8,8,10,12,44,45,79,79,79,2442,0,8,12.853061243736114,4.768038168549538,813.4200097993016,10351.563472563472
1780996046,40,GET,/,17.000000,0.000000,7,7,7,8,9,12,44,67,79,79,79,1852,0,8,12.583717754609545,5.387591198086739,740.2629377320409,10255.448164146868
1780996046,40,POST,/cart,1.700000,0.000000,9,9,10,10,11,12,12,12,12,12,12,196,0,11,15.414596658808236,7.72511400282383,108.25009271502495,17482.775510204083
1780996046,40,POST,/cart/checkout,0.800000,0.000000,10,10,10,10,10,10,10,10,10,10,10,114,0,10,19.668724918901397,7.575006224215031,813.4200097993016,6549.19298245614
1780996046,40,GET,/product/0PUK6V6EV0,0.400000,0.000000,6,6,6,6,6,6,6,6,6,6,6,38,0,6,6.3641986466552085,4.888620227575302,11.74506638199091,7709.473684210527
1780996046,40,GET,/product/1YMWWN1N4O,0.800000,0.000000,6,6,6,6,6,6,6,6,6,6,6,34,0,6,7.72000356193851,5.171343684196472,33.95653795450926,7740.941176470588
1780996046,40,GET,/product/2ZYFJ3GM2N,0.100000,0.000000,6,6,6,6,6,6,6,6,6,6,6,40,0,6,12.860129005275667,4.981697537004948,92.03660488128662,7743.825
1780996046,40,GET,/product/66VCHSJNUP,0.000000,0.000000,8,8,8,8,8,8,8,8,8,8,8,39,0,6,12.288974789090645,4.768038168549538,73.6293476074934,7699.179487179487
1780996046,40,GET,/product/6E92ZMYYFZ,0.300000,0.000000,6,6,7,7,7,7,7,7,7,7,7,30,0,7,10.706560531010231,5.203363485634327,85.78414469957352,7689.866666666667
1780996046,40,GET,/product/9SIQT8TOJO,0.400000,0.000000,7,7,13,13,13,13,13,13,13,13,13,20,0,6,9.357689321041107,5.0243232399225235,29.170441441237926,7738.3
1780996046,40,GET,/product/L9ECAV7KIM,0.400000,0.000000,5,5,6,6,6,6,6,6,6,6,6,35,0,6,10.378624977810043,4.7966912388801575,44.51974108815193,7708.0
1780996046,40,GET,/product/LS4PSXUNUM,0.200000,0.000000,6,6,44,44,44,44,44,44,44,44,44,33,0,6,8.691670909298189,4.782724194228649,44.22949347645044,7715.30303030303
1780996046,40,GET,/product/OLJCESPC7Z,0.400000,0.000000,5,5,8,8,8,8,8,8,8,8,8,32,0,6,9.728529141284525,4.8206038773059845,103.34542486816645,7758.28125
1780996046,40,,Aggregated,22.500000,0.000000,7,7,8,8,9,12,44,45,79,79,79,2463,0,8,12.80400985106977,4.768038168549538,813.4200097993016,10349.41412911084
1780996047,40,GET,/,17.000000,0.000000,7,7,7,8,9,12,42,67,79,79,79,1870,0,8,12.537859514714244,5.387591198086739,740.2629377320409,10255.487700534759
1780996047,40,POST,/cart,1.700000,0.000000,9,9,10,10,11,12,12,12,12,12,12,198,0,11,15.357269656214148,7.72511400282383,108.25009271502495,17484.454545454544
1780996047,40,POST,/cart/checkout,0.800000,0.000000,10,10,10,10,10,10,10,10,10,10,10,114,0,10,19.668724918901397,7.575006224215031,813.4200097993016,6549.19298245614
1780996047,40,GET,/product/0PUK6V6EV0,0.400000,0.000000,6,6,6,6,6,6,6,6,6,6,6,38,0,6,6.3641986466552085,4.888620227575302,11.74506638199091,7709.473684210527
1780996047,40,GET,/product/1YMWWN1N4O,1.000000,0.000000,6,6,6,6,6,6,6,6,6,6,6,34,0,6,7.72000356193851,5.171343684196472,33.95653795450926,7740.941176470588
1780996047,40,GET,/product/2ZYFJ3GM2N,0.100000,0.000000,6,6,6,6,6,6,6,6,6,6,6,40,0,6,12.860129005275667,4.981697537004948,92.03660488128662,7743.825
1780996047,40,GET,/product/66VCHSJNUP,0.000000,0.000000,8,8,8,8,8,8,8,8,8,8,8,39,0,6,12.288974789090645,4.768038168549538,73.6293476074934,7699.179487179487
1780996047,40,GET,/product/6E92ZMYYFZ,0.300000,0.000000,6,6,7,7,7,7,7,7,7,7,7,31,0,7,10.533926107229725,5.203363485634327,85.78414469957352,7687.870967741936
1780996047,40,GET,/product/9SIQT8TOJO,0.400000,0.000000,7,7,13,13,13,13,13,13,13,13,13,20,0,6,9.357689321041107,5.0243232399225235,29.170441441237926,7738.3
1780996047,40,GET,/product/L9ECAV7KIM,0.500000,0.000000,5,5,6,6,6,6,6,6,6,6,6,35,0,6,10.378624977810043,4.7966912388801575,44.51974108815193,7708.0
1780996047,40,GET,/product/LS4PSXUNUM,0.300000,0.000000,6,6,44,44,44,44,44,44,44,44,44,34,0,6,8.580075713860637,4.782724194228649,44.22949347645044,7714.029411764706
1780996047,40,GET,/product/OLJCESPC7Z,0.400000,0.000000,5,5,8,8,8,8,8,8,8,8,8,32,0,6,9.728529141284525,4.8206038773059845,103.34542486816645,7758.28125
1780996047,40,,Aggregated,22.900000,0.000000,7,7,8,8,9,11,30,44,79,79,79,2485,0,8,12.759259174497315,4.768038168549538,813.4200097993016,10352.465593561368
1780996048,40,GET,/,16.700000,0.000000,7,7,7,8,8,12,42,67,79,79,79,1885,0,8,12.491406595695082,5.387591198086739,740.2629377320409,10255.511405835543
1780996048,40,POST,/cart,1.500000,0.000000,9,9,10,10,12,13,13,13,13,13,13,204,0,11,15.198625126561405,7.72511400282383,108.25009271502495,17482.41176470588
1780996048,40,POST,/cart/checkout,0.700000,0.000000,9,10,10,10,10,10,10,10,10,10,10,115,0,10,19.57632987557546,7.575006224215031,813.4200097993016,6549.356521739131
1780996048,40,GET,/product/0PUK6V6EV0,0.400000,0.000000,6,6,6,6,6,6,6,6,6,6,6,38,0,6,6.3641986466552085,4.888620227575302,11.74506638199091,7709.473684210527
1780996048,40,GET,/product/1YMWWN1N4O,1.000000,0.000000,6,6,6,6,6,6,6,6,6,6,6,34,0,6,7.72000356193851,5.171343684196472,33.95653795450926,7740.941176470588
1780996048,40,GET,/product/2ZYFJ3GM2N,0.200000,0.000000,6,6,6,6,6,6,6,6,6,6,6,40,0,6,12.860129005275667,4.981697537004948,92.03660488128662,7743.825
1780996048,40,GET,/product/66VCHSJNUP,0.000000,0.000000,8,8,8,8,8,8,8,8,8,8,8,39,0,6,12.288974789090645,4.768038168549538,73.6293476074934,7699.179487179487
1780996048,40,GET,/product/6E92ZMYYFZ,0.300000,0.000000,6,6,7,7,7,7,7,7,7,7,7,31,0,7,10.533926107229725,5.203363485634327,85.78414469957352,7687.870967741936
1780996048,40,GET,/product/9SIQT8TOJO,0.400000,0.000000,7,7,7,7,7,7,7,7,7,7,7,20,0,6,9.357689321041107,5.0243232399225235,29.170441441237926,7738.3
1780996048,40,GET,/product/L9ECAV7KIM,0.400000,0.000000,5,5,5,5,5,5,5,5,5,5,5,35,0,6,10.378624977810043,4.7966912388801575,44.51974108815193,7708.0
1780996048,40,GET,/product/LS4PSXUNUM,0.300000,0.000000,6,6,44,44,44,44,44,44,44,44,44,34,0,6,8.580075713860637,4.782724194228649,44.22949347645044,7714.029411764706
1780996048,40,GET,/product/OLJCESPC7Z,0.400000,0.000000,5,5,8,8,8,8,8,8,8,8,8,32,0,6,9.728529141284525,4.8206038773059845,103.34542486816645,7758.28125
1780996048,40,,Aggregated,22.300000,0.000000,7,7,8,8,9,11,30,44,79,79,79,2507,0,8,12.714833114407645,4.768038168549538,813.4200097993016,10367.296370163542
1780996049,40,GET,/,17.400000,0.000000,7,7,8,8,9,23,41,69,79,79,79,1902,0,8,12.507248859358981,5.387591198086739,740.2629377320409,10255.67087276551
1780996049,40,POST,/cart,1.200000,0.000000,9,9,10,10,11,12,13,13,13,13,13,207,0,11,15.117056564324432,7.72511400282383,108.25009271502495,17510.685990338163
1780996049,40,POST,/cart/checkout,0.800000,0.000000,9,9,10,10,10,10,10,10,10,10,10,115,0,10,19.57632987557546,7.575006224215031,813.4200097993016,6549.356521739131
1780996049,40,GET,/product/0PUK6V6EV0,0.400000,0.000000,6,6,6,6,6,6,6,6,6,6,6,39,0,6,6.354422595065373,4.888620227575302,11.74506638199091,7707.615384615385
1780996049,40,GET,/product/1YMWWN1N4O,0.900000,0.000000,6,6,6,6,6,6,6,6,6,6,6,34,0,6,7.72000356193851,5.171343684196472,33.95653795450926,7740.941176470588
1780996049,40,GET,/product/2ZYFJ3GM2N,0.100000,0.000000,6,6,6,6,6,6,6,6,6,6,6,40,0,6,12.860129005275667,4.981697537004948,92.03660488128662,7743.825
1780996049,40,GET,/product/66VCHSJNUP,0.000000,0.000000,8,8,8,8,8,8,8,8,8,8,8,39,0,6,12.288974789090645,4.768038168549538,73.6293476074934,7699.179487179487
1780996049,40,GET,/product/6E92ZMYYFZ,0.400000,0.000000,6,6,7,7,7,7,7,7,7,7,7,32,0,7,10.380378051195294,5.203363485634327,85.78414469957352,7689.90625
1780996049,40,GET,/product/9SIQT8TOJO,0.300000,0.000000,7,7,7,7,7,7,7,7,7,7,7,20,0,6,9.357689321041107,5.0243232399225235,29.170441441237926,7738.3
1780996049,40,GET,/product/L9ECAV7KIM,0.400000,0.000000,5,5,5,5,5,5,5,5,5,5,5,35,0,6,10.378624977810043,4.7966912388801575,44.51974108815193,7708.0
1780996049,40,GET,/product/LS4PSXUNUM,0.400000,0.000000,5,5,6,6,6,6,6,6,6,6,6,34,0,6,8.580075713860637,4.782724194228649,44.22949347645044,7714.029411764706
1780996049,40,GET,/product/OLJCESPC7Z,0.400000,0.000000,5,5,8,8,8,8,8,8,8,8,8,33,0,6,9.585830862774994,4.8206038773059845,103.34542486816645,7758.242424242424
1780996049,40,,Aggregated,22.700000,0.000000,7,7,8,9,9,11,30,67,79,79,79,2530,0,8,12.713006523846403,4.768038168549538,813.4200097993016,10374.271146245059
