Timestamp,User Count,Type,Name,Requests/s,Failures/s,50%,66%,75%,80%,90%,95%,98%,99%,99.9%,99.99%,100%,Total Request Count,Total Failure Count,Total Median Response Time,Total Average Response Time,Total Min Response Time,Total Max Response Time,Total Average Content Size
1780999224,0,,Aggregated,0.000000,0.000000,N/A,N/A,N/A,N/A,N/A,N/A,N/A,N/A,N/A,N/A,N/A,0,0,0,0.0,0,0,0
1780999225,5,GET,/,0.000000,0.000000,0,0,0,0,0,0,0,0,0,0,0,5,0,730,727.1011807024479,722.7288912981749,734.6352664753795,10205.0
1780999225,5,,Aggregated,0.000000,0.000000,0,0,0,0,0,0,0,0,0,0,0,5,0,730,727.1011807024479,722.7288912981749,734.6352664753795,10205.0
1780999226,10,GET,/,0.000000,0.000000,0,0,0,0,0,0,0,0,0,0,0,10,0,27,376.344333961606,23.280194029211998,734.6352664753795,10205.0
1780999226,10,GET,/product/66VCHSJNUP,0.000000,0.000000,0,0,0,0,0,0,0,0,0,0,0,1,0,15.540076419711113,15.540076419711113,15.540076419711113,15.540076419711113,7645.0
1780999226,10,GET,/product/9SIQT8TOJO,0.000000,0.000000,0,0,0,0,0,0,0,0,0,0,0,1,0,18.23392976075411,18.23392976075411,18.23392976075411,18.23392976075411,7667.0
1780999226,10,,Aggregated,0.000000,0.000000,27,720,730,730,730,730,730,730,730,730,730,12,0,27,316.4347788163771,15.540076419711113,734.6352664753795,9780.166666666666
1780999227,15,GET,/,0.000000,0.000000,51,52,52,53,54,54,54,54,54,54,54,19,0,51,215.06474343569656,10.862179100513458,734.6352664753795,10205.0
1780999227,15,POST,/cart,0.000000,0.000000,0,0,0,0,0,0,0,0,0,0,0,2,0,10.074781253933907,22.080582100898027,10.074781253933907,34.08638294786215,16238.0
1780999227,15,POST,/cart/checkout,0.000000,0.000000,0,0,0,0,0,0,0,0,0,0,0,1,0,26.403670199215412,26.403670199215412,26.403670199215412,26.403670199215412,6539.0
1780999227,15,GET,/product/66VCHSJNUP,0.000000,0.000000,16,16,16,16,16,16,16,16,16,16,16,1,0,15.540076419711113,15.540076419711113,15.540076419711113,15.540076419711113,7645.0
1780999227,15,GET,/product/9SIQT8TOJO,0.000000,0.000000,40,40,40,40,40,40,40,40,40,40,40,3,0,18,22.139995048443478,7.833700627088547,40.352354757487774,7705.0
1780999227,15,,Aggregated,0.000000,0.000000,27,52,53,54,730,730,730,730,730,730,730,26,0,27,163.02903927862644,7.833700627088547,734.6352664753795,10141.153846153846
1780999228,20,GET,/,5.000000,0.000000,19,25,51,52,53,54,54,54,54,54,54,27,0,25,155.73859790822974,9.98033583164215,734.6352664753795,10205.0
1780999228,20,POST,/cart,0.000000,0.000000,17,17,17,17,17,17,17,17,17,17,17,4,0,10.074781253933907,17.77772791683674,10.074781253933907,34.08638294786215,16236.0
1780999228,20,POST,/cart/checkout,0.000000,0.000000,26,26,26,26,26,26,26,26,26,26,26,1,0,26.403670199215412,26.403670199215412,26.403670199215412,26.403670199215412,6539.0
1780999228,20,GET,/product/66VCHSJNUP,0.500000,0.000000,16,16,16,16,16,16,16,16,16,16,16,1,0,15.540076419711113,15.540076419711113,15.540076419711113,15.540076419711113,7645.0
1780999228,20,GET,/product/9SIQT8TOJO,0.500000,0.000000,40,40,40,40,40,40,40,40,40,40,40,3,0,18,22.139995048443478,7.833700627088547,40.352354757487774,7705.0
1780999228,20,,Aggregated,6.000000,0.000000,24,27,52,52,730,730,730,730,730,730,730,36,0,23,121.7893551931613,7.833700627088547,734.6352664753795,10493.833333333334
1780999229,25,GET,/,6.000000,0.000000,18,22,22,50,52,53,54,54,54,54,54,40,0,22,110.58513519819826,8.505516685545444,734.6352664753795,10209.45
1780999229,25,POST,/cart,0.666667,0.000000,15,17,17,37,37,37,37,37,37,37,37,7,0,15,19.370796824140207,10.074781253933907,37.43114788085222,16427.285714285714
1780999229,25,POST,/cart/checkout,0.333333,0.000000,26,26,26,26,26,26,26,26,26,26,26,1,0,26.403670199215412,26.403670199215412,26.403670199215412,26.403670199215412,6539.0
1780999229,25,GET,/product/66VCHSJNUP,0.333333,0.000000,16,16,16,16,16,16,16,16,16,16,16,1,0,15.540076419711113,15.540076419711113,15.540076419711113,15.540076419711113,7645.0
1780999229,25,GET,/product/6E92ZMYYFZ,0.000000,0.000000,0,0,0,0,0,0,0,0,0,0,0,1,0,77.17505749315023,77.17505749315023,77.17505749315023,77.17505749315023,7624.0
1780999229,25,GET,/product/9SIQT8TOJO,0.666667,0.000000,8,8,40,40,40,40,40,40,40,40,40,4,0,8,18.287209095433354,6.728851236402988,40.352354757487774,7709.0
1780999229,25,GET,/product/L9ECAV7KIM,0.000000,0.000000,0,0,0,0,0,0,0,0,0,0,0,1,0,34.35105551034212,34.35105551034212,34.35105551034212,34.35105551034212,7655.0
1780999229,25,,Aggregated,8.000000,0.000000,20,26,37,51,77,730,730,730,730,730,730,55,0,20,87.01126694001935,6.728851236402988,734.6352664753795,10612.145454545454
1780999230,30,GET,/,6.250000,0.000000,13,19,22,22,51,52,54,54,54,54,54,55,0,19,84.26065858114849,7.81235471367836,734.6352664753795,10213.09090909091
1780999230,30,POST,/cart,1.000000,0.000000,15,17,17,37,37,37,37,37,37,37,37,7,0,15,19.370796824140207,10.074781253933907,37.43114788085222,16427.285714285714
1780999230,30,POST,/cart/checkout,0.250000,0.000000,10,10,26,26,26,26,26,26,26,26,26,3,0,10,15.072997038563093,8.795914240181446,26.403670199215412,6534.333333333333
1780999230,30,GET,/product/66VCHSJNUP,0.250000,0.000000,16,16,16,16,16,16,16,16,16,16,16,2,0,6.474285386502743,11.007180903106928,6.474285386502743,15.540076419711113,7645.0
1780999230,30,GET,/product/6E92ZMYYFZ,0.000000,0.000000,7,7,7,7,7,7,7,7,7,7,7,2,0,7,41.952963918447495,6.730870343744755,77.17505749315023,7633.0
1780999230,30,GET,/product/9SIQT8TOJO,0.750000,0.000000,8,8,40,40,40,40,40,40,40,40,40,5,0,8,15.858162939548492,6.141978316009045,40.352354757487774,7704.6
1780999230,30,GET,/product/L9ECAV7KIM,0.000000,0.000000,34,34,34,34,34,34,34,34,34,34,34,1,0,34.35105551034212,34.35105551034212,34.35105551034212,34.35105551034212,7655.0
1780999230,30,,Aggregated,8.500000,0.000000,17,22,27,36,53,730,730,730,730,730,730,75,0,17,67.12950600932042,6.141978316009045,734.6352664753795,10307.306666666667
1780999231,35,GET,/,7.400000,0.000000,15,20,23,25,51,53,54,62,62,62,62,69,0,19,72.02769716040811,7.81235471367836,734.6352664753795,10215.31884057971
1780999231,35,POST,/cart,1.200000,0.000000,15,17,37,37,85,85,85,85,85,85,85,9,0,15,25.692536702586544,10.074781253933907,84.62194260209799,16385.666666666668
1780999231,35,POST,/cart/checkout,0.200000,0.000000,14,14,26,26,26,26,26,26,26,26,26,4,0,10,14.893489424139261,8.795914240181446,26.403670199215412,6533.5
1780999231,35,GET,/product/1YMWWN1N4O,0.000000,0.000000,0,0,0,0,0,0,0,0,0,0,0,1,0,61.19436863809824,61.19436863809824,61.19436863809824,61.19436863809824,7711.0
1780999231,35,GET,/product/66VCHSJNUP,0.200000,0.000000,16,16,16,16,16,16,16,16,16,16,16,2,0,6.474285386502743,11.007180903106928,6.474285386502743,15.540076419711113,7645.0
1780999231,35,GET,/product/6E92ZMYYFZ,0.200000,0.000000,7,7,7,7,7,7,7,7,7,7,7,2,0,7,41.952963918447495,6.730870343744755,77.17505749315023,7633.0
1780999231,35,GET,/product/9SIQT8TOJO,0.800000,0.000000,8,8,40,40,40,40,40,40,40,40,40,5,0,8,15.858162939548492,6.141978316009045,40.352354757487774,7704.6
1780999231,35,GET,/product/L9ECAV7KIM,0.200000,0.000000,34,34,34,34,34,34,34,34,34,34,34,1,0,34.35105551034212,34.35105551034212,34.35105551034212,34.35105551034212,7655.0
1780999231,35,,Aggregated,10.200000,0.000000,18,23,27,37,54,720,730,730,730,730,730,93,0,18,59.5857464578203,6.141978316009045,734.6352664753795,10353.838709677419
1780999232,40,GET,/,8.500000,0.000000,15,20,23,25,52,55,65,65,65,65,65,94,0,19,59.19804898625676,7.722268812358379,734.6352664753795,10216.36170212766
1780999232,40,POST,/cart,1.166667,0.000000,15,17,37,37,85,85,85,85,85,85,85,9,0,15,25.692536702586544,10.074781253933907,84.62194260209799,16385.666666666668
1780999232,40,POST,/cart/checkout,0.333333,0.000000,14,26,26,48,48,48,48,48,48,48,48,5,0,14,21.60235606133938,8.795914240181446,48.43782261013985,6537.2
1780999232,40,GET,/product/0PUK6V6EV0,0.000000,0.000000,0,0,0,0,0,0,0,0,0,0,0,1,0,8.86649452149868,8.86649452149868,8.86649452149868,8.86649452149868,7689.0
1780999232,40,GET,/product/1YMWWN1N4O,0.000000,0.000000,61,61,61,61,61,61,61,61,61,61,61,1,0,61.19436863809824,61.19436863809824,61.19436863809824,61.19436863809824,7711.0
1780999232,40,GET,/product/2ZYFJ3GM2N,0.000000,0.000000,0,0,0,0,0,0,0,0,0,0,0,1,0,6.631651893258095,6.631651893258095,6.631651893258095,6.631651893258095,7766.0
1780999232,40,GET,/product/66VCHSJNUP,0.333333,0.000000,16,16,26,26,26,26,26,26,26,26,26,3,0,16,16.033232832948368,6.474285386502743,26.085336692631245,7649.666666666667
1780999232,40,GET,/product/6E92ZMYYFZ,0.333333,0.000000,7,7,7,7,7,7,7,7,7,7,7,3,0,7,30.07312895109256,6.313459016382694,77.17505749315023,7636.666666666667
1780999232,40,GET,/product/9SIQT8TOJO,0.666667,0.000000,8,9,9,40,40,40,40,40,40,40,40,6,0,8,14.665998052805662,6.141978316009045,40.352354757487774,7702.0
1780999232,40,GET,/product/L9ECAV7KIM,0.166667,0.000000,34,34,34,34,34,34,34,34,34,34,34,1,0,34.35105551034212,34.35105551034212,34.35105551034212,34.35105551034212,7655.0
1780999232,40,GET,/product/LS4PSXUNUM,0.000000,0.000000,0,0,0,0,0,0,0,0,0,0,0,1,0,53.286001086235046,53.286001086235046,53.286001086235046,53.286001086235046,7749.0
1780999232,40,,Aggregated,11.500000,0.000000,17,22,27,44,55,77,730,730,730,730,730,125,0,17,50.356046885252,6.141978316009045,734.6352664753795,10169.088
1780999233,45,GET,/,9.142857,0.000000,15,22,25,37,52,55,62,65,65,65,65,114,0,19,53.232236994070966,7.722268812358379,734.6352664753795,10215.929824561403
1780999233,45,POST,/cart,1.142857,0.000000,12,15,17,37,85,85,85,85,85,85,85,12,0,12,22.130570296819013,10.074781253933907,84.62194260209799,16465.666666666668
1780999233,45,POST,/cart/checkout,0.571429,0.000000,14,26,26,48,48,48,48,48,48,48,48,5,0,14,21.60235606133938,8.795914240181446,48.43782261013985,6537.2
1780999233,45,GET,/product/0PUK6V6EV0,0.000000,0.000000,9,9,9,9,9,9,9,9,9,9,9,1,0,8.86649452149868,8.86649452149868,8.86649452149868,8.86649452149868,7689.0
1780999233,45,GET,/product/1YMWWN1N4O,0.142857,0.000000,61,61,61,61,61,61,61,61,61,61,61,2,0,7,33.9220161549747,6.649663671851158,61.19436863809824,7695.0
1780999233,45,GET,/product/2ZYFJ3GM2N,0.000000,0.000000,7,7,7,7,7,7,7,7,7,7,7,1,0,6.631651893258095,6.631651893258095,6.631651893258095,6.631651893258095,7766.0
1780999233,45,GET,/product/66VCHSJNUP,0.285714,0.000000,16,16,26,26,26,26,26,26,26,26,26,4,0,8,13.901763828471303,6.474285386502743,26.085336692631245,7644.5
1780999233,45,GET,/product/6E92ZMYYFZ,0.285714,0.000000,7,7,7,7,7,7,7,7,7,7,7,3,0,7,30.07312895109256,6.313459016382694,77.17505749315023,7636.666666666667
1780999233,45,GET,/product/9SIQT8TOJO,0.714286,0.000000,8,8,9,9,40,40,40,40,40,40,40,7,0,8,13.615482885922704,6.141978316009045,40.352354757487774,7700.714285714285
1780999233,45,GET,/product/L9ECAV7KIM,0.142857,0.000000,34,34,34,34,34,34,34,34,34,34,34,1,0,34.35105551034212,34.35105551034212,34.35105551034212,34.35105551034212,7655.0
1780999233,45,GET,/product/LS4PSXUNUM,0.000000,0.000000,0,0,0,0,0,0,0,0,0,0,0,3,0,7,21.871190518140793,5.564706400036812,53.286001086235046,7689.0
1780999233,45,,Aggregated,12.428571,0.000000,15,22,27,40,53,65,730,730,730,730,730,153,0,15,44.87905404804384,5.564706400036812,734.6352664753795,10221.241830065359
1780999234,50,GET,/,10.875000,0.000000,14,22,33,49,55,65,73,74,74,74,74,142,0,17,48.458050503592254,7.722268812358379,734.6352664753795,10216.281690140846
1780999234,50,POST,/cart,1.125000,0.000000,12,15,17,22,37,85,85,85,85,85,85,15,0,12,20.38403047869603,8.833494037389755,84.62194260209799,16511.933333333334
1780999234,50,POST,/cart/checkout,0.500000,0.000000,25,25,26,26,48,48,48,48,48,48,48,6,0,14,22.167757463951904,8.795914240181446,48.43782261013985,6539.666666666667
1780999234,50,GET,/product/0PUK6V6EV0,0.125000,0.000000,9,9,9,9,9,9,9,9,9,9,9,1,0,8.86649452149868,8.86649452149868,8.86649452149868,8.86649452149868,7689.0
1780999234,50,GET,/product/1YMWWN1N4O,0.125000,0.000000,61,61,61,61,61,61,61,61,61,61,61,2,0,7,33.9220161549747,6.649663671851158,61.19436863809824,7695.0
1780999234,50,GET,/product/2ZYFJ3GM2N,0.125000,0.000000,7,7,7,7,7,7,7,7,7,7,7,1,0,6.631651893258095,6.631651893258095,6.631651893258095,6.631651893258095,7766.0
1780999234,50,GET,/product/66VCHSJNUP,0.250000,0.000000,16,16,26,26,26,26,26,26,26,26,26,4,0,8,13.901763828471303,6.474285386502743,26.085336692631245,7644.5
1780999234,50,GET,/product/6E92ZMYYFZ,0.375000,0.000000,7,7,7,7,7,7,7,7,7,7,7,3,0,7,30.07312895109256,6.313459016382694,77.17505749315023,7636.666666666667
1780999234,50,GET,/product/9SIQT8TOJO,0.750000,0.000000,7,8,9,9,40,40,40,40,40,40,40,8,0,7,12.706222827546299,6.141978316009045,40.352354757487774,7696.5
1780999234,50,GET,/product/L9ECAV7KIM,0.125000,0.000000,34,34,34,34,34,34,34,34,34,34,34,1,0,34.35105551034212,34.35105551034212,34.35105551034212,34.35105551034212,7655.0
1780999234,50,GET,/product/LS4PSXUNUM,0.000000,0.000000,6,6,6,6,6,6,6,6,6,6,6,3,0,7,21.871190518140793,5.564706400036812,53.286001086235046,7689.0
1780999234,50,,Aggregated,14.375000,0.000000,14,22,33,48,61,73,730,730,730,730,730,186,0,14,41.66985593575944,5.564706400036812,734.6352664753795,10291.698924731183
1780999235,55,GET,/,11.888889,0.000000,12,20,25,44,55,63,71,74,74,74,74,167,0,14,43.65251353289374,6.92182220518589,734.6352664753795,10217.25748502994
1780999235,55,POST,/cart,1.111111,0.000000,12,15,17,22,37,85,85,85,85,85,85,15,0,12,20.38403047869603,8.833494037389755,84.62194260209799,16511.933333333334
1780999235,55,POST,/cart/checkout,0.555556,0.000000,25,25,26,26,48,48,48,48,48,48,48,6,0,14,22.167757463951904,8.795914240181446,48.43782261013985,6539.666666666667
1780999235,55,GET,/product/0PUK6V6EV0,0.111111,0.000000,9,9,9,9,9,9,9,9,9,9,9,1,0,8.86649452149868,8.86649452149868,8.86649452149868,8.86649452149868,7689.0
1780999235,55,GET,/product/1YMWWN1N4O,0.111111,0.000000,7,7,61,61,61,61,61,61,61,61,61,3,0,7,24.627349028984707,6.038014777004719,61.19436863809824,7689.666666666667
1780999235,55,GET,/product/2ZYFJ3GM2N,0.111111,0.000000,7,7,7,7,7,7,7,7,7,7,7,1,0,6.631651893258095,6.631651893258095,6.631651893258095,6.631651893258095,7766.0
1780999235,55,GET,/product/66VCHSJNUP,0.444444,0.000000,16,16,26,26,55,55,55,55,55,55,55,6,0,8,19.447306636720896,6.250234320759773,54.82655018568039,7649.0
1780999235,55,GET,/product/6E92ZMYYFZ,0.333333,0.000000,7,7,7,7,7,7,7,7,7,7,7,3,0,7,30.07312895109256,6.313459016382694,77.17505749315023,7636.666666666667
1780999235,55,GET,/product/9SIQT8TOJO,0.777778,0.000000,7,8,9,9,40,40,40,40,40,40,40,8,0,7,12.706222827546299,6.141978316009045,40.352354757487774,7696.5
1780999235,55,GET,/product/L9ECAV7KIM,0.111111,0.000000,55,55,55,55,55,55,55,55,55,55,55,2,0,34.35105551034212,44.68243150040507,34.35105551034212,55.013807490468025,7662.0
1780999235,55,GET,/product/LS4PSXUNUM,0.222222,0.000000,6,6,6,6,6,6,6,6,6,6,6,3,0,7,21.871190518140793,5.564706400036812,53.286001086235046,7689.0
1780999235,55,GET,/product/OLJCESPC7Z,0.000000,0.000000,0,0,0,0,0,0,0,0,0,0,0,1,0,6.612692028284073,6.612692028284073,6.612692028284073,6.612692028284073,7706.0
1780999235,55,,Aggregated,15.777778,0.000000,12,20,26,37,55,63,73,74,85,85,85,216,0,12,38.37157912655837,5.564706400036812,734.6352664753795,10223.12962962963
1780999236,60,GET,/,13.300000,0.000000,11,19,23,27,52,63,71,74,74,74,74,198,0,12,39.056230049505075,6.92182220518589,734.6352664753795,10217.136363636364
1780999236,60,POST,/cart,1.200000,0.000000,12,12,17,22,37,85,85,85,85,85,85,17,0,12,19.293650272576247,8.833494037389755,84.62194260209799,16647.117647058825
1780999236,60,POST,/cart/checkout,0.600000,0.000000,25,26,27,27,48,48,48,48,48,48,48,8,0,14,21.29825169686228,8.795914240181446,48.43782261013985,6542.25
1780999236,60,GET,/product/0PUK6V6EV0,0.100000,0.000000,9,9,9,9,9,9,9,9,9,9,9,2,0,6.438662298023701,7.65257840976119,6.438662298023701,8.86649452149868,7684.0
1780999236,60,GET,/product/1YMWWN1N4O,0.200000,0.000000,8,8,61,61,61,61,61,61,61,61,61,4,0,7,20.558372139930725,6.038014777004719,61.19436863809824,7685.5
1780999236,60,GET,/product/2ZYFJ3GM2N,0.100000,0.000000,7,7,7,7,7,7,7,7,7,7,7,3,0,7,7.06207783271869,6.631651893258095,7.4548255652189255,7710.666666666667
1780999236,60,GET,/product/66VCHSJNUP,0.400000,0.000000,16,16,26,26,55,55,55,55,55,55,55,6,0,8,19.447306636720896,6.250234320759773,54.82655018568039,7649.0
1780999236,60,GET,/product/6E92ZMYYFZ,0.300000,0.000000,7,7,7,7,7,7,7,7,7,7,7,3,0,7,30.07312895109256,6.313459016382694,77.17505749315023,7636.666666666667
1780999236,60,GET,/product/9SIQT8TOJO,0.700000,0.000000,7,8,8,8,9,9,9,9,9,9,9,10,0,7,11.568185593932867,6.002360954880714,40.352354757487774,7693.6
1780999236,60,GET,/product/L9ECAV7KIM,0.100000,0.000000,55,55,55,55,55,55,55,55,55,55,55,2,0,34.35105551034212,44.68243150040507,34.35105551034212,55.013807490468025,7662.0
1780999236,60,GET,/product/LS4PSXUNUM,0.300000,0.000000,6,6,6,6,6,6,6,6,6,6,6,3,0,7,21.871190518140793,5.564706400036812,53.286001086235046,7689.0
1780999236,60,GET,/product/OLJCESPC7Z,0.000000,0.000000,0,0,0,0,0,0,0,0,0,0,0,1,0,6.612692028284073,6.612692028284073,6.612692028284073,6.612692028284073,7706.0
1780999236,60,,Aggregated,17.300000,0.000000,10,18,23,27,52,62,73,74,85,85,85,257,0,11,34.375146716282295,5.564706400036812,734.6352664753795,10192.260700389104
1780999237,65,GET,/,15.700000,0.000000,10,19,24,34,55,65,74,93,110,110,110,230,0,12,37.21342959805675,6.722710095345974,734.6352664753795,10216.608695652174
1780999237,65,POST,/cart,1.500000,0.000000,12,13,15,22,37,85,85,85,85,85,85,18,0,12,18.959496842904223,8.833494037389755,84.62194260209799,16623.277777777777
1780999237,65,POST,/cart/checkout,0.600000,0.000000,13,14,26,26,27,48,48,48,48,48,48,12,0,11,17.412144380311172,7.498210296034813,48.43782261013985,6550.0
1780999237,65,GET,/product/0PUK6V6EV0,0.100000,0.000000,9,9,9,9,9,9,9,9,9,9,9,2,0,6.438662298023701,7.65257840976119,6.438662298023701,8.86649452149868,7684.0
1780999237,65,GET,/product/1YMWWN1N4O,0.200000,0.000000,8,8,61,61,61,61,61,61,61,61,61,4,0,7,20.558372139930725,6.038014777004719,61.19436863809824,7685.5
1780999237,65,GET,/product/2ZYFJ3GM2N,0.100000,0.000000,7,7,96,96,96,96,96,96,96,96,96,4,0,7,29.319400200620294,6.631651893258095,96.0913673043251,7710.75
1780999237,65,GET,/product/66VCHSJNUP,0.600000,0.000000,8,26,26,55,55,55,55,55,55,55,55,6,0,8,19.447306636720896,6.250234320759773,54.82655018568039,7649.0
1780999237,65,GET,/product/6E92ZMYYFZ,0.300000,0.000000,7,7,7,7,7,7,7,7,7,7,7,3,0,7,30.07312895109256,6.313459016382694,77.17505749315023,7636.666666666667
1780999237,65,GET,/product/9SIQT8TOJO,0.800000,0.000000,7,7,8,8,9,9,9,9,9,9,9,10,0,7,11.568185593932867,6.002360954880714,40.352354757487774,7693.6
1780999237,65,GET,/product/L9ECAV7KIM,0.200000,0.000000,55,55,55,55,55,55,55,55,55,55,55,2,0,34.35105551034212,44.68243150040507,34.35105551034212,55.013807490468025,7662.0
1780999237,65,GET,/product/LS4PSXUNUM,0.300000,0.000000,6,6,7,7,7,7,7,7,7,7,7,5,0,7,15.695764310657978,5.564706400036812,53.286001086235046,7677.8
1780999237,65,GET,/product/OLJCESPC7Z,0.000000,0.000000,81,81,81,81,81,81,81,81,81,81,81,3,0,7,31.378543314834435,6.049887277185917,81.47305063903332,7754.0
1780999237,65,,Aggregated,20.400000,0.000000,10,16,24,33,55,65,85,96,110,110,110,299,0,11,33.13941848355292,5.564706400036812,734.6352664753795,10124.772575250836
1780999238,70,GET,/,17.700000,0.000000,11,20,34,44,63,88,110,120,130,130,130,261,0,13,38.55875049542878,6.722710095345974,734.6352664753795,10217.275862068966
1780999238,70,POST,/cart,1.700000,0.000000,12,13,22,22,85,100,100,100,100,100,100,22,0,12,25.044126563112844,8.833494037389755,100.14811996370554,16618.227272727272
1780999238,70,POST,/cart/checkout,0.700000,0.000000,13,13,25,25,27,48,48,48,48,48,48,13,0,13,17.078521589820202,7.498210296034813,48.43782261013985,6549.461538461538
1780999238,70,GET,/product/0PUK6V6EV0,0.100000,0.000000,9,9,9,9,9,9,9,9,9,9,9,2,0,6.438662298023701,7.65257840976119,6.438662298023701,8.86649452149868,7684.0
1780999238,70,GET,/product/1YMWWN1N4O,0.300000,0.000000,8,8,61,61,61,61,61,61,61,61,61,4,0,7,20.558372139930725,6.038014777004719,61.19436863809824,7685.5
1780999238,70,GET,/product/2ZYFJ3GM2N,0.300000,0.000000,7,7,7,96,96,96,96,96,96,96,96,5,0,7,24.70981664955616,6.271482445299625,96.0913673043251,7707.6
1780999238,70,GET,/product/66VCHSJNUP,0.500000,0.000000,8,8,26,26,55,55,55,55,55,55,55,7,0,8,17.489054772470677,5.739543586969376,54.82655018568039,7652.142857142857
1780999238,70,GET,/product/6E92ZMYYFZ,0.300000,0.000000,7,7,74,74,74,74,74,74,74,74,74,4,0,7,41.101334150880575,6.313459016382694,77.17505749315023,7644.0
1780999238,70,GET,/product/9SIQT8TOJO,0.900000,0.000000,7,7,8,8,9,9,9,9,9,9,9,11,0,7,11.076825247569518,6.002360954880714,40.352354757487774,7690.636363636364
1780999238,70,GET,/product/L9ECAV7KIM,0.200000,0.000000,34,34,55,55,55,55,55,55,55,55,55,3,0,34,33.344567442933716,10.668839327991009,55.013807490468025,7684.0
1780999238,70,GET,/product/LS4PSXUNUM,0.300000,0.000000,6,6,7,7,7,7,7,7,7,7,7,5,0,7,15.695764310657978,5.564706400036812,53.286001086235046,7677.8
1780999238,70,GET,/product/OLJCESPC7Z,0.100000,0.000000,81,81,81,81,81,81,81,81,81,81,81,3,0,7,31.378543314834435,6.049887277185917,81.47305063903332,7754.0
1780999238,70,,Aggregated,23.100000,0.000000,11,19,27,43,63,87,110,120,130,130,130,340,0,12,34.527162131031645,5.564706400036812,734.6352664753795,10163.358823529412
1780999239,75,GET,/,20.200000,0.000000,11,20,30,44,65,89,110,120,130,130,130,291,0,12,36.46244392554272,6.461764685809612,734.6352664753795,10217.539518900343
1780999239,75,POST,/cart,1.600000,0.000000,13,13,22,74,85,100,100,100,100,100,100,25,0,13,25.878027230501175,8.528371341526508,100.14811996370554,16571.64
1780999239,75,POST,/cart/checkout,1.100000,0.000000,13,14,15,25,27,48,48,48,48,48,48,15,0,13,16.406466563542683,7.498210296034813,48.43782261013985,6552.066666666667
1780999239,75,GET,/product/0PUK6V6EV0,0.200000,0.000000,9,9,9,9,9,9,9,9,9,9,9,2,0,6.438662298023701,7.65257840976119,6.438662298023701,8.86649452149868,7684.0
1780999239,75,GET,/product/1YMWWN1N4O,0.400000,0.000000,8,40,40,61,61,61,61,61,61,61,61,5,0,8,24.379834346473217,6.038014777004719,61.19436863809824,7684.2
1780999239,75,GET,/product/2ZYFJ3GM2N,0.400000,0.000000,7,7,41,41,96,96,96,96,96,96,96,6,0,7,27.491621828327578,6.271482445299625,96.0913673043251,7700.166666666667
1780999239,75,GET,/product/66VCHSJNUP,0.500000,0.000000,6,8,26,26,55,55,55,55,55,55,55,8,0,6,16.04714128188789,5.739543586969376,54.82655018568039,7648.25
1780999239,75,GET,/product/6E92ZMYYFZ,0.300000,0.000000,7,7,74,74,74,74,74,74,74,74,74,4,0,7,41.101334150880575,6.313459016382694,77.17505749315023,7644.0
1780999239,75,GET,/product/9SIQT8TOJO,0.800000,0.000000,6,7,8,8,9,9,9,9,9,9,9,12,0,7,10.654314265896877,6.002360954880714,40.352354757487774,7698.083333333333
1780999239,75,GET,/product/L9ECAV7KIM,0.200000,0.000000,24,34,34,55,55,55,55,55,55,55,55,5,0,24,25.877640396356583,5.768481642007828,55.013807490468025,7687.4
1780999239,75,GET,/product/LS4PSXUNUM,0.500000,0.000000,6,6,7,7,7,7,7,7,7,7,7,5,0,7,15.695764310657978,5.564706400036812,53.286001086235046,7677.8
1780999239,75,GET,/product/OLJCESPC7Z,0.200000,0.000000,26,26,81,81,81,81,81,81,81,81,81,5,0,7,25.136386044323444,5.476834252476692,81.47305063903332,7741.4
1780999239,75,,Aggregated,26.400000,0.000000,11,17,27,41,63,88,100,110,130,130,130,383,0,12,32.79361909367241,5.476834252476692,734.6352664753795,10145.007832898173
1780999240,80,GET,/,21.500000,0.000000,12,24,41,52,70,90,110,120,130,130,130,333,0,13,36.25934481810969,6.461764685809612,734.6352664753795,10217.82882882883
1780999240,80,POST,/cart,1.500000,0.000000,13,14,22,35,81,85,100,100,100,100,100,30,0,12,24.195887707173824,8.528371341526508,100.14811996370554,16561.6
1780999240,80,POST,/cart/checkout,1.200000,0.000000,13,14,15,25,27,48,48,48,48,48,48,15,0,13,16.406466563542683,7.498210296034813,48.43782261013985,6552.066666666667
1780999240,80,GET,/product/0PUK6V6EV0,0.200000,0.000000,6,6,9,9,9,9,9,9,9,9,9,3,0,6,7.063077452282111,5.884075537323952,8.86649452149868,7691.0
1780999240,80,GET,/product/1YMWWN1N4O,0.400000,0.000000,40,40,61,61,76,76,76,76,76,76,76,6,0,8,32.997635969271265,6.038014777004719,76.08664408326149,7687.0
1780999240,80,GET,/product/2ZYFJ3GM2N,0.500000,0.000000,7,7,41,41,96,96,96,96,96,96,96,6,0,7,27.491621828327578,6.271482445299625,96.0913673043251,7700.166666666667
1780999240,80,GET,/product/66VCHSJNUP,0.600000,0.000000,8,8,26,26,55,55,55,55,55,55,55,8,0,6,16.04714128188789,5.739543586969376,54.82655018568039,7648.25
1780999240,80,GET,/product/6E92ZMYYFZ,0.300000,0.000000,74,74,74,74,74,74,74,74,74,74,74,4,0,7,41.101334150880575,6.313459016382694,77.17505749315023,7644.0
1780999240,80,GET,/product/9SIQT8TOJO,0.800000,0.000000,7,8,9,9,76,76,76,76,76,76,76,13,0,7,15.677766014750187,6.002360954880714,75.95918700098991,7696.615384615385
1780999240,80,GET,/product/L9ECAV7KIM,0.200000,0.000000,34,34,55,55,93,93,93,93,93,93,93,6,0,24,37.04958983386556,5.768481642007828,92.90933702141047,7683.0
1780999240,80,GET,/product/LS4PSXUNUM,0.500000,0.000000,6,6,7,7,7,7,7,7,7,7,7,6,0,6,13.99850162367026,5.51218818873167,53.286001086235046,7674.5
1780999240,80,GET,/product/OLJCESPC7Z,0.300000,0.000000,6,26,26,81,81,81,81,81,81,81,81,6,0,6,21.900555584579706,5.476834252476692,81.47305063903332,7746.666666666667
1780999240,80,,Aggregated,28.000000,0.000000,11,21,38,51,71,89,100,110,130,130,130,436,0,12,32.94666408381741,5.476834252476692,734.6352664753795,10191.525229357798
1780999241,85,GET,/,24.500000,0.000000,12,19,34,46,70,89,110,120,130,130,130,371,0,13,34.340172250456405,6.461764685809612,734.6352664753795,10218.433962264151
1780999241,85,POST,/cart,1.900000,0.000000,12,13,15,35,74,81,100,100,100,100,100,39,0,12,23.036803644246017,8.528371341526508,100.14811996370554,16593.589743589742
1780999241,85,POST,/cart/checkout,1.300000,0.000000,13,13,25,25,27,48,48,48,48,48,48,16,0,11,15.997979789972305,7.498210296034813,48.43782261013985,6551.875
1780999241,85,GET,/product/0PUK6V6EV0,0.200000,0.000000,9,9,35,35,35,35,35,35,35,35,35,4,0,6,14.055001083761454,5.884075537323952,35.03077197819948,7687.0
1780999241,85,GET,/product/1YMWWN1N4O,0.500000,0.000000,8,40,61,61,76,76,76,76,76,76,76,7,0,8,29.199546602155483,6.038014777004719,76.08664408326149,7698.285714285715
1780999241,85,GET,/product/2ZYFJ3GM2N,0.600000,0.000000,7,7,41,41,96,96,96,96,96,96,96,6,0,7,27.491621828327578,6.271482445299625,96.0913673043251,7700.166666666667
1780999241,85,GET,/product/66VCHSJNUP,0.700000,0.000000,8,8,26,26,55,55,55,55,55,55,55,8,0,6,16.04714128188789,5.739543586969376,54.82655018568039,7648.25
1780999241,85,GET,/product/6E92ZMYYFZ,0.300000,0.000000,8,8,74,74,74,74,74,74,74,74,74,6,0,7,29.928927930692833,6.313459016382694,77.17505749315023,7642.666666666667
1780999241,85,GET,/product/9SIQT8TOJO,0.800000,0.000000,6,7,7,8,76,76,76,76,76,76,76,15,0,7,14.4611910606424,5.914391949772835,75.95918700098991,7703.533333333334
1780999241,85,GET,/product/L9ECAV7KIM,0.300000,0.000000,24,55,55,93,93,93,93,93,93,93,93,6,0,24,37.04958983386556,5.768481642007828,92.90933702141047,7683.0
1780999241,85,GET,/product/LS4PSXUNUM,0.500000,0.000000,7,7,7,7,29,29,29,29,29,29,29,8,0,7,14.960625907406211,5.51218818873167,53.286001086235046,7667.375
1780999241,85,GET,/product/OLJCESPC7Z,0.400000,0.000000,8,8,26,26,81,81,81,81,81,81,81,7,0,7,19.906600937247276,5.476834252476692,81.47305063903332,7734.0
1780999241,85,,Aggregated,32.000000,0.000000,11,17,29,41,70,88,100,110,130,130,130,493,0,12,31.087973228755878,5.476834252476692,734.6352664753795,10259.687626774848
1780999242,90,GET,/,27.100000,0.000000,11,19,33,46,71,90,100,110,130,130,130,409,0,13,33.8271089435571,6.23746495693922,734.6352664753795,10219.579462102689
1780999242,90,POST,/cart,2.000000,0.000000,12,13,22,35,74,92,100,100,100,100,100,43,0,12,24.24952270852965,8.528371341526508,100.14811996370554,16625.46511627907
1780999242,90,POST,/cart/checkout,1.300000,0.000000,11,13,15,15,25,27,27,27,27,27,27,16,0,11,15.997979789972305,7.498210296034813,48.43782261013985,6551.875
1780999242,90,GET,/product/0PUK6V6EV0,0.200000,0.000000,9,9,35,35,35,35,35,35,35,35,35,4,0,6,14.055001083761454,5.884075537323952,35.03077197819948,7687.0
1780999242,90,GET,/product/1YMWWN1N4O,0.600000,0.000000,8,8,40,40,76,76,76,76,76,76,76,7,0,8,29.199546602155483,6.038014777004719,76.08664408326149,7698.285714285715
1780999242,90,GET,/product/2ZYFJ3GM2N,0.600000,0.000000,7,7,41,41,96,96,96,96,96,96,96,7,0,7,24.55246648085969,6.271482445299625,96.0913673043251,7693.428571428572
1780999242,90,GET,/product/66VCHSJNUP,0.600000,0.000000,8,13,26,26,55,55,55,55,55,55,55,9,0,8,15.697391703724861,5.739543586969376,54.82655018568039,7657.333333333333
1780999242,90,GET,/product/6E92ZMYYFZ,0.200000,0.000000,8,8,74,74,74,74,74,74,74,74,74,6,0,7,29.928927930692833,6.313459016382694,77.17505749315023,7642.666666666667
1780999242,90,GET,/product/9SIQT8TOJO,0.900000,0.000000,6,7,7,8,76,76,76,76,76,76,76,15,0,7,14.4611910606424,5.914391949772835,75.95918700098991,7703.533333333334
1780999242,90,GET,/product/L9ECAV7KIM,0.500000,0.000000,24,24,55,55,93,93,93,93,93,93,93,7,0,24,32.61385419006859,5.768481642007828,92.90933702141047,7679.0
1780999242,90,GET,/product/LS4PSXUNUM,0.600000,0.000000,6,7,7,7,29,29,29,29,29,29,29,9,0,7,13.945998830927742,5.51218818873167,53.286001086235046,7666.555555555556
1780999242,90,GET,/product/OLJCESPC7Z,0.600000,0.000000,8,8,26,26,81,81,81,81,81,81,81,7,0,7,19.906600937247276,5.476834252476692,81.47305063903332,7734.0
1780999242,90,,Aggregated,35.200000,0.000000,11,16,29,41,72,90,100,110,130,130,130,539,0,12,30.792938666297243,5.476834252476692,734.6352664753795,10288.011131725418
1780999243,95,GET,/,28.800000,0.000000,13,28,49,57,90,110,140,180,200,200,200,455,0,14,38.278975319321994,6.23746495693922,734.6352664753795,10220.452747252748
1780999243,95,POST,/cart,2.700000,0.000000,13,35,74,92,120,130,150,150,150,150,150,49,0,13,36.2948921832199,8.528371341526508,147.55999483168125,16633.918367346938
1780999243,95,POST,/cart/checkout,1.200000,0.000000,13,13,25,25,27,43,43,43,43,43,43,17,0,13,17.5572943271083,7.498210296034813,48.43782261013985,6552.64705882353
1780999243,95,GET,/product/0PUK6V6EV0,0.400000,0.000000,27,27,35,35,95,95,95,95,95,95,95,6,0,9,29.66861240565777,5.884075537323952,94.70013063400984,7672.666666666667
1780999243,95,GET,/product/1YMWWN1N4O,0.600000,0.000000,8,40,69,69,76,76,76,76,76,76,76,8,0,8,34.198192530311644,6.038014777004719,76.08664408326149,7706.0
1780999243,95,GET,/product/2ZYFJ3GM2N,0.600000,0.000000,7,41,95,95,96,96,96,96,96,96,96,8,0,7,33.37214724160731,6.271482445299625,96.0913673043251,7706.75
1780999243,95,GET,/product/66VCHSJNUP,0.600000,0.000000,6,13,13,55,55,55,55,55,55,55,55,9,0,8,15.697391703724861,5.739543586969376,54.82655018568039,7657.333333333333
1780999243,95,GET,/product/6E92ZMYYFZ,0.200000,0.000000,8,8,74,74,74,74,74,74,74,74,74,6,0,7,29.928927930692833,6.313459016382694,77.17505749315023,7642.666666666667
1780999243,95,GET,/product/9SIQT8TOJO,0.800000,0.000000,7,71,76,76,93,110,110,110,110,110,110,18,0,7,27.194574423548247,5.914391949772835,108.65716729313135,7714.444444444444
1780999243,95,GET,/product/L9ECAV7KIM,0.500000,0.000000,24,55,91,91,93,93,93,93,93,93,93,8,0,24,39.87544111441821,5.768481642007828,92.90933702141047,7689.125
1780999243,95,GET,/product/LS4PSXUNUM,0.800000,0.000000,7,7,7,7,29,29,29,29,29,29,29,10,0,7,13.276076130568981,5.51218818873167,53.286001086235046,7664.3
1780999243,95,GET,/product/OLJCESPC7Z,0.600000,0.000000,26,81,91,94,95,95,95,95,95,95,95,10,0,8,42.03372336924076,5.476834252476692,95.34606151282787,7742.4
1780999243,95,,Aggregated,37.800000,0.000000,13,28,50,59,93,110,130,170,200,200,200,604,0,13,36.24981099320267,5.476834252476692,734.6352664753795,10290.253311258279
1780999244,100,GET,/,30.500000,0.000000,14,29,48,57,89,110,140,180,200,200,200,497,0,14,36.88127549189017,6.23746495693922,734.6352664753795,10222.012072434607
1780999244,100,POST,/cart,3.200000,0.000000,13,35,74,92,120,130,150,150,150,150,150,54,0,13,35.5165104933635,8.528371341526508,147.55999483168125,16729.40740740741
1780999244,100,POST,/cart/checkout,1.200000,0.000000,11,13,15,15,27,43,43,43,43,43,43,17,0,13,17.5572943271083,7.498210296034813,48.43782261013985,6552.64705882353
1780999244,100,GET,/product/0PUK6V6EV0,0.300000,0.000000,27,35,35,95,95,95,95,95,95,95,95,6,0,9,29.66861240565777,5.884075537323952,94.70013063400984,7672.666666666667
1780999244,100,GET,/product/1YMWWN1N4O,0.600000,0.000000,40,40,69,69,76,76,76,76,76,76,76,8,0,8,34.198192530311644,6.038014777004719,76.08664408326149,7706.0
1780999244,100,GET,/product/2ZYFJ3GM2N,0.600000,0.000000,7,7,41,95,96,96,96,96,96,96,96,11,0,7,26.012549176812172,6.236707791686058,96.0913673043251,7715.363636363636
1780999244,100,GET,/product/66VCHSJNUP,0.700000,0.000000,7,13,55,55,86,86,86,86,86,86,86,11,0,8,21.28722332417965,5.739543586969376,86.37583162635565,7664.090909090909
1780999244,100,GET,/product/6E92ZMYYFZ,0.300000,0.000000,8,28,28,74,74,74,74,74,74,74,74,8,0,7,26.68777573853731,5.993509665131569,77.17505749315023,7649.0
1780999244,100,GET,/product/9SIQT8TOJO,0.900000,0.000000,8,71,76,93,110,110,110,110,110,110,110,18,0,7,27.194574423548247,5.914391949772835,108.65716729313135,7714.444444444444
1780999244,100,GET,/product/L9ECAV7KIM,0.600000,0.000000,24,55,91,91,93,93,93,93,93,93,93,8,0,24,39.87544111441821,5.768481642007828,92.90933702141047,7689.125
1780999244,100,GET,/product/LS4PSXUNUM,0.900000,0.000000,7,7,9,9,29,29,29,29,29,29,29,11,0,7,12.86611638285897,5.51218818873167,53.286001086235046,7672.0
1780999244,100,GET,/product/OLJCESPC7Z,0.700000,0.000000,26,81,91,94,95,95,95,95,95,95,95,10,0,8,42.03372336924076,5.476834252476692,95.34606151282787,7742.4
1780999244,100,,Aggregated,40.500000,0.000000,13,28,48,60,92,110,130,170,200,200,200,659,0,13,35.056338073157214,5.476834252476692,734.6352664753795,10311.626707132018
1780999245,105,GET,/,32.600000,0.000000,15,33,51,62,90,110,130,180,200,200,200,539,0,14,36.63775508321393,6.23746495693922,734.6352664753795,10222.502782931355
1780999245,105,POST,/cart,3.600000,0.000000,15,46,81,92,120,120,150,150,150,150,150,60,0,13,36.32225260759393,8.528371341526508,147.55999483168125,16774.5
1780999245,105,POST,/cart/checkout,1.200000,0.000000,11,13,13,15,43,43,43,43,43,43,43,17,0,13,17.5572943271083,7.498210296034813,48.43782261013985,6552.64705882353
1780999245,105,GET,/product/0PUK6V6EV0,0.400000,0.000000,27,27,35,35,95,95,95,95,95,95,95,7,0,9,26.59661735274962,5.884075537323952,94.70013063400984,7674.428571428572
1780999245,105,GET,/product/1YMWWN1N4O,0.700000,0.000000,40,40,69,69,76,76,76,76,76,76,76,9,0,8,31.023765603701275,5.62835019081831,76.08664408326149,7716.222222222223
1780999245,105,GET,/product/2ZYFJ3GM2N,0.600000,0.000000,8,12,41,95,96,96,96,96,96,96,96,13,0,7,23.600542129805454,6.236707791686058,96.0913673043251,7710.846153846154
1780999245,105,GET,/product/66VCHSJNUP,0.500000,0.000000,13,13,86,86,93,93,93,93,93,93,93,12,0,8,27.28900561730067,5.739543586969376,93.30861084163189,7665.0
1780999245,105,GET,/product/6E92ZMYYFZ,0.300000,0.000000,8,15,28,28,74,74,74,74,74,74,74,10,0,7,23.462896794080734,5.730173550546169,77.17505749315023,7656.9
1780999245,105,GET,/product/9SIQT8TOJO,1.000000,0.000000,8,71,76,93,110,110,110,110,110,110,110,18,0,7,27.194574423548247,5.914391949772835,108.65716729313135,7714.444444444444
1780999245,105,GET,/product/L9ECAV7KIM,0.600000,0.000000,24,55,91,91,93,93,93,93,93,93,93,8,0,24,39.87544111441821,5.768481642007828,92.90933702141047,7689.125
1780999245,105,GET,/product/LS4PSXUNUM,0.800000,0.000000,7,9,11,19,29,29,29,29,29,29,29,13,0,7,13.207043664386639,5.51218818873167,53.286001086235046,7679.153846153846
1780999245,105,GET,/product/OLJCESPC7Z,0.800000,0.000000,81,91,94,95,96,96,96,96,96,96,96,11,0,26,46.90993230112574,5.476834252476692,95.67202161997557,7740.363636363636
1780999245,105,,Aggregated,43.100000,0.000000,14,32,52,66,93,110,130,170,200,200,200,717,0,13,34.945690566660886,5.476834252476692,734.6352664753795,10327.889818688982
1780999246,110,GET,/,34.100000,0.000000,19,44,58,67,91,110,140,180,200,200,200,590,0,16,37.905873718150595,6.23746495693922,734.6352664753795,10223.85593220339
1780999246,110,POST,/cart,4.100000,0.000000,21,46,74,81,120,120,150,150,150,150,150,64,0,14,36.56593030609656,8.528371341526508,147.55999483168125,16762.421875
1780999246,110,POST,/cart/checkout,1.100000,0.000000,36,43,75,75,100,110,110,110,110,110,110,24,0,14,30.776784328433376,7.498210296034813,107.50826168805361,6550.75
1780999246,110,GET,/product/0PUK6V6EV0,0.500000,0.000000,27,27,35,35,95,95,95,95,95,95,95,7,0,9,26.59661735274962,5.884075537323952,94.70013063400984,7674.428571428572
1780999246,110,GET,/product/1YMWWN1N4O,0.600000,0.000000,40,69,76,76,98,98,98,98,98,98,98,10,0,8,37.69488092511892,5.62835019081831,97.73491881787777,7721.2
1780999246,110,GET,/product/2ZYFJ3GM2N,0.900000,0.000000,12,17,19,19,41,95,95,95,95,95,95,16,0,7,22.49617874622345,6.236707791686058,96.0913673043251,7713.4375
1780999246,110,GET,/product/66VCHSJNUP,0.600000,0.000000,86,93,96,96,98,98,98,98,98,98,98,14,0,13,37.25220216438174,5.739543586969376,98.0454608798027,7668.214285714285
1780999246,110,GET,/product/6E92ZMYYFZ,0.400000,0.000000,8,15,28,28,74,74,74,74,74,74,74,10,0,7,23.462896794080734,5.730173550546169,77.17505749315023,7656.9
1780999246,110,GET,/product/9SIQT8TOJO,1.100000,0.000000,46,76,93,93,98,110,110,110,110,110,110,21,0,8,30.872578643971966,5.914391949772835,108.65716729313135,7716.285714285715
1780999246,110,GET,/product/L9ECAV7KIM,0.700000,0.000000,91,93,94,94,96,96,96,96,96,96,96,10,0,34,50.901770405471325,5.768481642007828,96.30665089935064,7691.2
1780999246,110,GET,/product/LS4PSXUNUM,0.700000,0.000000,9,11,19,19,29,98,98,98,98,98,98,15,0,7,19.033897978564102,5.51218818873167,97.56187908351421,7682.933333333333
1780999246,110,GET,/product/OLJCESPC7Z,1.000000,0.000000,26,91,94,94,95,96,96,96,96,96,96,13,0,26,45.602387175537075,5.476834252476692,95.67202161997557,7733.384615384615
1780999246,110,,Aggregated,45.800000,0.000000,19,44,60,74,94,110,130,150,200,200,200,794,0,15,36.723215371060654,5.476834252476692,734.6352664753795,10270.896725440805
1780999247,115,GET,/,36.800000,0.000000,25,49,63,72,94,120,160,180,200,200,200,639,0,16,38.75458844921352,5.8043645694851875,734.6352664753795,10224.220657276996
1780999247,115,POST,/cart,4.300000,0.000000,25,53,81,92,120,120,150,150,150,150,150,65,0,15,37.60737246618821,8.528371341526508,147.55999483168125,16754.30769230769
1780999247,115,POST,/cart/checkout,1.100000,0.000000,35,43,72,75,100,110,110,110,110,110,110,28,0,14,29.959369018407806,7.498210296034813,107.50826168805361,6549.714285714285
1780999247,115,GET,/product/0PUK6V6EV0,0.600000,0.000000,27,27,35,35,95,95,95,95,95,95,95,7,0,9,26.59661735274962,5.884075537323952,94.70013063400984,7674.428571428572
1780999247,115,GET,/product/1YMWWN1N4O,0.700000,0.000000,69,69,76,76,98,98,98,98,98,98,98,10,0,8,37.69488092511892,5.62835019081831,97.73491881787777,7721.2
1780999247,115,GET,/product/2ZYFJ3GM2N,1.100000,0.000000,12,17,19,19,41,95,95,95,95,95,95,16,0,7,22.49617874622345,6.236707791686058,96.0913673043251,7713.4375
1780999247,115,GET,/product/66VCHSJNUP,0.600000,0.000000,93,96,98,98,99,99,99,99,99,99,99,15,0,16,41.34468864649534,5.739543586969376,98.63949939608574,7665.066666666667
1780999247,115,GET,/product/6E92ZMYYFZ,0.500000,0.000000,15,28,74,78,98,98,98,98,98,98,98,12,0,8,34.1623400648435,5.730173550546169,97.50231448560953,7655.916666666667
1780999247,115,GET,/product/9SIQT8TOJO,1.000000,0.000000,71,76,98,98,100,110,110,110,110,110,110,23,0,8,32.81619885693426,5.914391949772835,108.65716729313135,7715.130434782609
1780999247,115,GET,/product/L9ECAV7KIM,0.600000,0.000000,68,91,93,94,96,96,96,96,96,96,96,11,0,55,52.47580276971514,5.768481642007828,96.30665089935064,7690.454545454545
1780999247,115,GET,/product/LS4PSXUNUM,0.900000,0.000000,11,16,29,29,95,98,98,98,98,98,98,17,0,7,22.725939641104024,5.51218818873167,97.56187908351421,7683.588235294118
1780999247,115,GET,/product/OLJCESPC7Z,1.100000,0.000000,58,91,95,95,96,100,100,100,100,100,100,15,0,26,46.700175354878105,5.476834252476692,101.03928856551647,7730.266666666666
1780999247,115,,Aggregated,49.300000,0.000000,24,49,68,77,98,110,150,160,200,200,200,858,0,16,37.785030269695746,5.476834252476692,734.6352664753795,10227.869463869463
1780999248,120,GET,/,37.700000,0.000000,31,56,75,88,120,140,160,170,200,200,200,691,0,19,43.42865869106372,5.8043645694851875,734.6352664753795,10225.736613603473
1780999248,120,POST,/cart,4.500000,0.000000,33,54,86,96,120,120,150,150,150,150,150,75,0,21,40.35126610348622,8.528371341526508,147.55999483168125,16721.373333333333
1780999248,120,POST,/cart/checkout,1.700000,0.000000,36,64,66,72,100,110,110,110,110,110,110,31,0,20,32.38143480472988,7.498210296034813,107.50826168805361,6549.806451612903
1780999248,120,GET,/product/0PUK6V6EV0,0.600000,0.000000,28,28,35,35,95,95,95,95,95,95,95,9,0,27,26.840075229605038,5.884075537323952,94.70013063400984,7684.666666666667
1780999248,120,GET,/product/1YMWWN1N4O,0.700000,0.000000,76,76,97,97,98,98,98,98,98,98,98,13,0,40,44.495142351549404,5.62835019081831,97.73491881787777,7719.2307692307695
1780999248,120,GET,/product/2ZYFJ3GM2N,1.000000,0.000000,12,17,19,41,93,95,95,95,95,95,95,18,0,7,25.568089861836697,6.236707791686058,96.0913673043251,7707.833333333333
1780999248,120,GET,/product/66VCHSJNUP,0.800000,0.000000,93,96,98,98,99,99,99,99,99,99,99,15,0,16,41.34468864649534,5.739543586969376,98.63949939608574,7665.066666666667
1780999248,120,GET,/product/6E92ZMYYFZ,0.700000,0.000000,15,28,74,78,98,98,98,98,98,98,98,12,0,8,34.1623400648435,5.730173550546169,97.50231448560953,7655.916666666667
1780999248,120,GET,/product/9SIQT8TOJO,0.900000,0.000000,71,93,94,98,100,110,110,110,110,110,110,25,0,9,35.035422295331955,5.914391949772835,108.65716729313135,7714.48
1780999248,120,GET,/product/L9ECAV7KIM,0.800000,0.000000,91,93,94,96,97,97,97,97,97,97,97,13,0,68,57.63840417449291,5.768481642007828,97.28371072560549,7690.076923076923
1780999248,120,GET,/product/LS4PSXUNUM,1.100000,0.000000,11,19,27,29,95,98,98,98,98,98,98,18,0,7,22.966812468237347,5.51218818873167,97.56187908351421,7683.166666666667
1780999248,120,GET,/product/OLJCESPC7Z,1.000000,0.000000,58,94,95,95,96,100,100,100,100,100,100,15,0,26,46.700175354878105,5.476834252476692,101.03928856551647,7730.266666666666
1780999248,120,,Aggregated,51.500000,0.000000,31,59,78,91,110,130,160,170,200,200,200,935,0,19,41.80620771578767,5.476834252476692,734.6352664753795,10251.673796791443
1780999249,125,GET,/,39.600000,0.000000,34,63,85,99,140,170,200,240,260,260,260,747,0,22,47.540699190384096,5.8043645694851875,734.6352664753795,10226.20749665328
1780999249,125,POST,/cart,4.700000,0.000000,34,54,86,96,120,130,130,150,150,150,150,81,0,21,41.090286486310724,8.528371341526508,147.55999483168125,16755.012345679013
1780999249,125,POST,/cart/checkout,1.400000,0.000000,43,64,72,75,110,150,150,150,150,150,150,33,0,20,35.25050478338292,7.498210296034813,145.36824636161327,6549.121212121212
1780999249,125,GET,/product/0PUK6V6EV0,0.500000,0.000000,28,28,35,93,95,95,95,95,95,95,95,11,0,27,30.975616452368822,5.884075537323952,94.70013063400984,7682.0
1780999249,125,GET,/product/1YMWWN1N4O,0.600000,0.000000,69,76,97,97,98,98,98,98,98,98,98,13,0,40,44.495142351549404,5.62835019081831,97.73491881787777,7719.2307692307695
1780999249,125,GET,/product/2ZYFJ3GM2N,1.200000,0.000000,8,17,17,19,93,95,95,95,95,95,95,19,0,7,24.562269939403784,6.236707791686058,96.0913673043251,7711.736842105263
1780999249,125,GET,/product/66VCHSJNUP,0.900000,0.000000,93,96,98,98,99,99,99,99,99,99,99,15,0,16,41.34468864649534,5.739543586969376,98.63949939608574,7665.066666666667
1780999249,125,GET,/product/6E92ZMYYFZ,0.900000,0.000000,15,28,78,78,98,98,98,98,98,98,98,12,0,8,34.1623400648435,5.730173550546169,97.50231448560953,7655.916666666667
1780999249,125,GET,/product/9SIQT8TOJO,1.200000,0.000000,76,94,95,98,100,110,110,110,110,110,110,26,0,9,37.35499187874106,5.914391949772835,108.65716729313135,7717.846153846154
1780999249,125,GET,/product/L9ECAV7KIM,0.900000,0.000000,91,93,94,96,97,97,97,97,97,97,97,13,0,68,57.63840417449291,5.768481642007828,97.28371072560549,7690.076923076923
1780999249,125,GET,/product/LS4PSXUNUM,1.100000,0.000000,16,19,29,29,95,98,98,98,98,98,98,18,0,7,22.966812468237347,5.51218818873167,97.56187908351421,7683.166666666667
1780999249,125,GET,/product/OLJCESPC7Z,1.200000,0.000000,58,91,95,95,96,100,100,100,100,100,100,16,0,19,44.12513191346079,5.476834252476692,101.03928856551647,7733.0625
1780999249,125,,Aggregated,54.200000,0.000000,33,65,89,95,130,160,200,200,260,260,260,1004,0,20,45.080065844113015,5.476834252476692,734.6352664753795,10272.048804780876
1780999250,130,GET,/,41.800000,0.000000,40,71,90,100,140,170,200,240,260,260,260,806,0,24,48.23544426999117,5.8043645694851875,734.6352664753795,10226.532258064517
1780999250,130,POST,/cart,5.400000,0.000000,46,78,96,100,120,130,130,150,150,150,150,87,0,25,42.887928692260004,8.528371341526508,147.55999483168125,16734.908045977012
1780999250,130,POST,/cart/checkout,1.600000,0.000000,36,64,72,75,110,150,150,150,150,150,150,35,0,15,33.713990742606775,7.498210296034813,145.36824636161327,6548.657142857143
1780999250,130,GET,/product/0PUK6V6EV0,0.700000,0.000000,28,35,93,93,95,96,96,96,96,96,96,13,0,27,34.12917242027246,5.884075537323952,95.52955813705921,7682.692307692308
1780999250,130,GET,/product/1YMWWN1N4O,0.700000,0.000000,76,87,89,97,98,98,98,98,98,98,98,15,0,61,50.28514371563991,5.62835019081831,97.73491881787777,7714.666666666667
1780999250,130,GET,/product/2ZYFJ3GM2N,1.100000,0.000000,8,17,17,19,93,95,95,95,95,95,95,20,0,7,23.662875965237617,6.236707791686058,96.0913673043251,7711.2
1780999250,130,GET,/product/66VCHSJNUP,0.800000,0.000000,87,93,96,98,99,99,99,99,99,99,99,17,0,16,42.21922728945227,5.739543586969376,98.63949939608574,7668.764705882353
1780999250,130,GET,/product/6E92ZMYYFZ,0.900000,0.000000,15,28,78,78,98,98,98,98,98,98,98,12,0,8,34.1623400648435,5.730173550546169,97.50231448560953,7655.916666666667
1780999250,130,GET,/product/9SIQT8TOJO,1.300000,0.000000,71,94,95,98,100,110,110,110,110,110,110,27,0,9,36.23195096022553,5.914391949772835,108.65716729313135,7716.555555555556
1780999250,130,GET,/product/L9ECAV7KIM,1.000000,0.000000,91,94,96,96,97,97,97,97,97,97,97,13,0,68,57.63840417449291,5.768481642007828,97.28371072560549,7690.076923076923
1780999250,130,GET,/product/LS4PSXUNUM,1.300000,0.000000,16,19,87,87,95,98,98,98,98,98,98,20,0,7,25.326030561700463,5.51218818873167,97.56187908351421,7685.4
1780999250,130,GET,/product/OLJCESPC7Z,1.200000,0.000000,91,94,95,95,96,100,100,100,100,100,100,17,0,26,46.86857929781956,5.476834252476692,101.03928856551647,7729.470588235294
1780999250,130,,Aggregated,57.800000,0.000000,39,72,91,96,130,160,200,200,260,260,260,1082,0,22,45.85835933874666,5.476834252476692,734.6352664753795,10270.989833641404
1780999251,135,GET,/,44.400000,0.000000,47,83,100,120,150,180,200,250,260,260,260,856,0,25,51.38820592013719,5.8043645694851875,734.6352664753795,10227.146028037383
1780999251,135,POST,/cart,5.200000,0.000000,54,94,100,120,130,160,160,170,170,170,170,96,0,29,49.10777445184067,8.528371341526508,174.20046590268612,16732.0
1780999251,135,POST,/cart/checkout,1.800000,0.000000,60,72,95,100,100,110,150,150,150,150,150,39,0,25,39.44508595248828,7.498210296034813,145.36824636161327,6550.2307692307695
1780999251,135,GET,/product/0PUK6V6EV0,0.900000,0.000000,28,93,95,95,96,200,200,200,200,200,200,15,0,28,49.21543399492899,5.884075537323952,201.16268284618855,7679.266666666666
1780999251,135,GET,/product/1YMWWN1N4O,0.800000,0.000000,87,97,98,98,170,270,270,270,270,270,270,18,0,61,67.61920762558778,5.62835019081831,269.9376596137881,7713.666666666667
1780999251,135,GET,/product/2ZYFJ3GM2N,1.200000,0.000000,8,17,17,19,93,95,95,95,95,95,95,20,0,7,23.662875965237617,6.236707791686058,96.0913673043251,7711.2
1780999251,135,GET,/product/66VCHSJNUP,0.700000,0.000000,89,93,96,98,99,99,99,99,99,99,99,18,0,16,44.79621418027414,5.739543586969376,98.63949939608574,7666.555555555556
1780999251,135,GET,/product/6E92ZMYYFZ,0.800000,0.000000,15,28,78,98,170,170,170,170,170,170,170,13,0,15,44.44142595793192,5.730173550546169,167.79045667499304,7653.461538461538
1780999251,135,GET,/product/9SIQT8TOJO,1.400000,0.000000,71,94,95,98,100,110,110,110,110,110,110,28,0,9,35.87189512992544,5.914391949772835,108.65716729313135,7715.928571428572
1780999251,135,GET,/product/L9ECAV7KIM,0.900000,0.000000,91,94,96,96,97,97,97,97,97,97,97,13,0,68,57.63840417449291,5.768481642007828,97.28371072560549,7690.076923076923
1780999251,135,GET,/product/LS4PSXUNUM,1.300000,0.000000,19,27,95,95,98,99,99,99,99,99,99,21,0,9,28.844197058961505,5.51218818873167,99.20752700418234,7688.619047619048
1780999251,135,GET,/product/OLJCESPC7Z,1.100000,0.000000,91,94,95,96,100,100,100,100,100,100,100,17,0,26,46.86857929781956,5.476834252476692,101.03928856551647,7729.470588235294
1780999251,135,,Aggregated,60.500000,0.000000,49,86,98,110,150,170,200,250,270,270,270,1154,0,25,49.575320997015545,5.476834252476692,734.6352664753795,10286.65424610052
1780999252,140,GET,/,45.600000,0.000000,62,100,140,150,220,290,310,360,390,390,390,916,0,30,64.072627478633,5.8043645694851875,734.6352664753795,10228.027292576418
1780999252,140,POST,/cart,5.700000,0.000000,81,100,140,150,190,200,320,320,320,320,320,106,0,35,63.865365794385376,8.528371341526508,321.7533379793167,16764.754716981133
1780999252,140,POST,/cart/checkout,2.000000,0.000000,62,75,100,100,110,130,150,150,150,150,150,43,0,27,44.82842033165832,7.498210296034813,145.36824636161327,6549.511627906977
1780999252,140,GET,/product/0PUK6V6EV0,1.000000,0.000000,77,93,95,95,96,200,200,200,200,200,200,16,0,28,50.93040323117748,5.884075537323952,201.16268284618855,7679.875
1780999252,140,GET,/product/1YMWWN1N4O,0.700000,0.000000,87,97,98,98,170,270,270,270,270,270,270,18,0,61,67.61920762558778,5.62835019081831,269.9376596137881,7713.666666666667
1780999252,140,GET,/product/2ZYFJ3GM2N,1.400000,0.000000,8,17,17,19,93,95,95,95,95,95,95,20,0,7,23.662875965237617,6.236707791686058,96.0913673043251,7711.2
1780999252,140,GET,/product/66VCHSJNUP,0.800000,0.000000,93,98,99,99,99,120,120,120,120,120,120,20,0,26,51.150258257985115,5.739543586969376,117.4779525026679,7668.65
1780999252,140,GET,/product/6E92ZMYYFZ,0.800000,0.000000,78,98,130,170,200,200,200,200,200,200,200,15,0,28,60.15688224385182,5.730173550546169,199.22564644366503,7653.666666666667
1780999252,140,GET,/product/9SIQT8TOJO,1.300000,0.000000,93,94,98,98,100,190,190,190,190,190,190,29,0,15,41.26333278314821,5.914391949772835,192.22358707338572,7714.517241379311
1780999252,140,GET,/product/L9ECAV7KIM,0.700000,0.000000,94,96,97,97,200,200,200,200,200,200,200,14,0,68,67.64079490676522,5.768481642007828,197.6718744263053,7686.714285714285
1780999252,140,GET,/product/LS4PSXUNUM,1.300000,0.000000,27,87,98,99,130,270,270,270,270,270,270,24,0,11,45.14831552902857,5.51218818873167,274.15763959288597,7692.541666666667
1780999252,140,GET,/product/OLJCESPC7Z,1.000000,0.000000,91,91,95,96,100,100,100,100,100,100,100,17,0,26,46.86857929781956,5.476834252476692,101.03928856551647,7729.470588235294
1780999252,140,,Aggregated,62.300000,0.000000,67,98,120,140,200,260,300,340,390,390,390,1238,0,29,61.26208313904787,5.476834252476692,734.6352664753795,10306.178513731826
1780999253,145,GET,/,48.000000,0.000000,76,110,140,150,210,290,310,360,390,390,390,971,0,33,66.07982580934629,5.8043645694851875,734.6352664753795,10228.46446961895
1780999253,145,POST,/cart,5.800000,0.000000,82,100,140,150,190,200,320,320,320,320,320,112,0,36,64.96970357173788,8.528371341526508,321.7533379793167,16775.428571428572
1780999253,145,POST,/cart/checkout,2.100000,0.000000,62,75,95,100,110,130,150,150,150,150,150,46,0,27,44.52056761669076,7.498210296034813,145.36824636161327,6550.478260869565
1780999253,145,GET,/product/0PUK6V6EV0,1.000000,0.000000,77,93,96,96,120,200,200,200,200,200,200,18,0,28,56.368300794727276,5.884075537323952,201.16268284618855,7675.888888888889
1780999253,145,GET,/product/1YMWWN1N4O,0.900000,0.000000,97,97,100,100,170,270,270,270,270,270,270,20,0,69,70.75226535089314,5.62835019081831,269.9376596137881,7721.5
1780999253,145,GET,/product/2ZYFJ3GM2N,1.400000,0.000000,12,17,17,19,93,93,93,93,93,93,93,20,0,7,23.662875965237617,6.236707791686058,96.0913673043251,7711.2
1780999253,145,GET,/product/66VCHSJNUP,1.000000,0.000000,96,98,99,99,120,120,120,120,120,120,120,20,0,26,51.150258257985115,5.739543586969376,117.4779525026679,7668.65
1780999253,145,GET,/product/6E92ZMYYFZ,0.800000,0.000000,78,98,130,170,200,200,200,200,200,200,200,16,0,26,58.023251011036336,5.730173550546169,199.22564644366503,7660.625
1780999253,145,GET,/product/9SIQT8TOJO,1.500000,0.000000,93,94,98,98,100,190,190,190,190,190,190,29,0,15,41.26333278314821,5.914391949772835,192.22358707338572,7714.517241379311
1780999253,145,GET,/product/L9ECAV7KIM,0.700000,0.000000,96,97,120,120,200,200,200,200,200,200,200,15,0,75,71.34259498367707,5.768481642007828,197.6718744263053,7685.4
1780999253,145,GET,/product/LS4PSXUNUM,1.200000,0.000000,77,95,98,99,130,270,270,270,270,270,270,24,0,11,45.14831552902857,5.51218818873167,274.15763959288597,7692.541666666667
1780999253,145,GET,/product/OLJCESPC7Z,1.100000,0.000000,91,96,100,100,120,120,120,120,120,120,120,18,0,26,51.070285961031914,5.476834252476692,122.49929923564196,7730.333333333333
1780999253,145,,Aggregated,65.500000,0.000000,76,100,130,140,200,260,300,340,390,390,390,1309,0,33,63.11075132826843,5.476834252476692,734.6352664753795,10311.337662337663
1780999254,150,GET,/,49.500000,0.000000,89,120,150,160,230,280,310,340,390,390,390,1036,0,38,69.14607123885318,5.8043645694851875,734.6352664753795,10229.225868725869
1780999254,150,POST,/cart,6.000000,0.000000,86,100,140,160,190,200,320,320,320,320,320,117,0,38,66.66086568759802,8.528371341526508,321.7533379793167,16776.931623931625
1780999254,150,POST,/cart/checkout,2.600000,0.000000,64,72,95,100,110,130,150,150,150,150,150,47,0,35,44.93730370589393,7.498210296034813,145.36824636161327,6549.936170212766
1780999254,150,GET,/product/0PUK6V6EV0,1.100000,0.000000,77,93,96,110,120,200,200,200,200,200,200,20,0,28,57.236004900187254,5.884075537323952,201.16268284618855,7674.3
1780999254,150,GET,/product/1YMWWN1N4O,1.100000,0.000000,97,98,100,100,170,270,270,270,270,270,270,20,0,69,70.75226535089314,5.62835019081831,269.9376596137881,7721.5
1780999254,150,GET,/product/2ZYFJ3GM2N,1.300000,0.000000,17,17,19,93,100,100,100,100,100,100,100,21,0,7,27.31171813571737,6.236707791686058,100.2885615453124,7709.761904761905
1780999254,150,GET,/product/66VCHSJNUP,1.100000,0.000000,98,99,99,99,120,120,120,120,120,120,120,20,0,26,51.150258257985115,5.739543586969376,117.4779525026679,7668.65
1780999254,150,GET,/product/6E92ZMYYFZ,0.800000,0.000000,97,98,130,170,200,200,200,200,200,200,200,18,0,28,60.37156775386797,5.730173550546169,199.22564644366503,7667.888888888889
1780999254,150,GET,/product/9SIQT8TOJO,1.400000,0.000000,92,94,98,98,100,190,190,190,190,190,190,30,0,15,42.94664689029256,5.914391949772835,192.22358707338572,7713.333333333333
1780999254,150,GET,/product/L9ECAV7KIM,0.600000,0.000000,97,120,130,130,200,200,200,200,200,200,200,16,0,75,74.69901692820713,5.768481642007828,197.6718744263053,7688.3125
1780999254,150,GET,/product/LS4PSXUNUM,1.300000,0.000000,87,95,99,99,130,270,270,270,270,270,270,24,0,11,45.14831552902857,5.51218818873167,274.15763959288597,7692.541666666667
1780999254,150,GET,/product/OLJCESPC7Z,1.000000,0.000000,91,96,100,100,120,120,120,120,120,120,120,18,0,26,51.070285961031914,5.476834252476692,122.49929923564196,7730.333333333333
1780999254,150,,Aggregated,67.800000,0.000000,87,110,140,150,200,270,300,340,390,390,390,1387,0,37,65.80830398791221,5.476834252476692,734.6352664753795,10315.516943042538
1780999255,155,GET,/,50.700000,0.000000,100,140,160,170,230,280,310,340,390,390,390,1090,0,44,73.3864850663674,5.8043645694851875,734.6352664753795,10229.822018348625
1780999255,155,POST,/cart,6.400000,0.000000,100,140,160,170,200,200,320,320,320,320,320,128,0,46,73.89902646536939,8.528371341526508,321.7533379793167,16740.4375
1780999255,155,POST,/cart/checkout,2.900000,0.000000,64,70,99,100,130,140,150,150,150,150,150,56,0,39,50.280459358223844,7.498210296034813,145.36824636161327,6549.535714285715
1780999255,155,GET,/product/0PUK6V6EV0,1.200000,0.000000,75,93,96,110,120,200,200,200,200,200,200,22,0,28,54.839263839477844,5.884075537323952,201.16268284618855,7678.5
1780999255,155,GET,/product/1YMWWN1N4O,1.100000,0.000000,97,97,100,100,170,270,270,270,270,270,270,21,0,69,68.63697950861284,5.62835019081831,269.9376596137881,7724.666666666667
1780999255,155,GET,/product/2ZYFJ3GM2N,1.300000,0.000000,17,19,93,98,100,100,100,100,100,100,100,22,0,7,30.516037802127276,6.236707791686058,100.2885615453124,7713.409090909091
1780999255,155,GET,/product/66VCHSJNUP,1.100000,0.000000,93,99,99,99,120,120,120,120,120,120,120,22,0,55,53.908063522116706,5.739543586969376,117.4779525026679,7665.409090909091
1780999255,155,GET,/product/6E92ZMYYFZ,0.900000,0.000000,98,98,130,170,200,200,200,200,200,200,200,19,0,62,62.328370876218145,5.730173550546169,199.22564644366503,7667.263157894737
1780999255,155,GET,/product/9SIQT8TOJO,1.200000,0.000000,46,94,95,95,100,190,190,190,190,190,190,30,0,15,42.94664689029256,5.914391949772835,192.22358707338572,7713.333333333333
1780999255,155,GET,/product/L9ECAV7KIM,0.800000,0.000000,120,120,130,130,200,200,200,200,200,200,200,16,0,75,74.69901692820713,5.768481642007828,197.6718744263053,7688.3125
1780999255,155,GET,/product/LS4PSXUNUM,1.400000,0.000000,87,95,99,130,270,270,270,270,270,270,270,24,0,11,45.14831552902857,5.51218818873167,274.15763959288597,7692.541666666667
1780999255,155,GET,/product/OLJCESPC7Z,0.900000,0.000000,58,91,100,100,120,120,120,120,120,120,120,20,0,26,52.178339986130595,5.476834252476692,122.49929923564196,7732.05
1780999255,155,,Aggregated,69.900000,0.000000,95,130,150,160,210,260,300,330,390,390,390,1470,0,43,69.77290444481535,5.476834252476692,734.6352664753795,10318.971428571429
1780999256,160,GET,/,53.100000,0.000000,120,160,190,220,270,300,350,370,390,390,390,1165,0,51,84.5799547720045,5.8043645694851875,734.6352664753795,10230.515879828326
1780999256,160,POST,/cart,6.100000,0.000000,130,160,170,190,200,300,320,370,370,370,370,135,0,54,82.20797025219157,8.528371341526508,374.51651971787214,16745.785185185185
1780999256,160,POST,/cart/checkout,2.900000,0.000000,64,84,99,100,130,140,150,150,150,150,150,59,0,43,52.18849195388414,7.498210296034813,145.36824636161327,6550.610169491525
1780999256,160,GET,/product/0PUK6V6EV0,1.300000,0.000000,77,93,100,100,120,200,200,200,200,200,200,23,0,33,56.95590372804714,5.884075537323952,201.16268284618855,7678.0
1780999256,160,GET,/product/1YMWWN1N4O,1.200000,0.000000,96,97,100,170,270,270,270,270,270,270,270,23,0,76,78.7432527007616,5.62835019081831,273.27686455100775,7721.913043478261
1780999256,160,GET,/product/2ZYFJ3GM2N,1.100000,0.000000,19,93,98,98,100,100,100,100,100,100,100,23,0,8,33.43454173401646,6.236707791686058,100.2885615453124,7711.652173913043
1780999256,160,GET,/product/66VCHSJNUP,1.000000,0.000000,93,99,99,99,120,120,120,120,120,120,120,22,0,55,53.908063522116706,5.739543586969376,117.4779525026679,7665.409090909091
1780999256,160,GET,/product/6E92ZMYYFZ,0.900000,0.000000,98,98,130,170,200,200,200,200,200,200,200,19,0,62,62.328370876218145,5.730173550546169,199.22564644366503,7667.263157894737
1780999256,160,GET,/product/9SIQT8TOJO,1.100000,0.000000,92,94,95,95,190,190,190,190,190,190,190,30,0,15,42.94664689029256,5.914391949772835,192.22358707338572,7713.333333333333
1780999256,160,GET,/product/L9ECAV7KIM,0.800000,0.000000,120,130,130,200,200,200,200,200,200,200,200,16,0,75,74.69901692820713,5.768481642007828,197.6718744263053,7688.3125
1780999256,160,GET,/product/LS4PSXUNUM,1.400000,0.000000,87,99,130,130,270,270,270,270,270,270,270,24,0,11,45.14831552902857,5.51218818873167,274.15763959288597,7692.541666666667
1780999256,160,GET,/product/OLJCESPC7Z,0.800000,0.000000,25,91,100,100,120,120,120,120,120,120,120,21,0,26,50.851883499750066,5.476834252476692,122.49929923564196,7730.714285714285
1780999256,160,,Aggregated,71.700000,0.000000,110,150,180,200,260,290,340,370,390,390,390,1560,0,50,79.23600552842403,5.476834252476692,734.6352664753795,10328.833333333334
1780999257,165,GET,/,54.100000,0.000000,130,170,200,220,270,300,340,370,390,390,390,1232,0,55,87.43883948395174,5.8043645694851875,734.6352664753795,10231.223214285714
1780999257,165,POST,/cart,6.200000,0.000000,140,170,180,190,210,300,320,370,370,370,370,142,0,69,87.12901417690684,8.528371341526508,374.51651971787214,16780.077464788734
1780999257,165,POST,/cart/checkout,3.600000,0.000000,70,93,99,100,130,140,150,150,150,150,150,63,0,54,54.24668412241671,7.498210296034813,145.36824636161327,6550.079365079365
1780999257,165,GET,/product/0PUK6V6EV0,1.300000,0.000000,93,96,110,110,180,200,200,200,200,200,200,25,0,33,60.73330391198397,5.884075537323952,201.16268284618855,7677.92
1780999257,165,GET,/product/1YMWWN1N4O,1.100000,0.000000,97,170,180,180,270,270,270,270,270,270,270,25,0,76,86.81899696588516,5.62835019081831,273.27686455100775,7717.28
1780999257,165,GET,/product/2ZYFJ3GM2N,1.000000,0.000000,98,98,100,100,160,160,160,160,160,160,160,24,0,8,38.858522893860936,6.236707791686058,163.6100895702839,7711.375
1780999257,165,GET,/product/66VCHSJNUP,0.900000,0.000000,89,93,99,99,120,120,120,120,120,120,120,23,0,55,51.89035209300725,5.739543586969376,117.4779525026679,7665.217391304348
1780999257,165,GET,/product/6E92ZMYYFZ,1.100000,0.000000,98,98,130,170,200,200,200,200,200,200,200,19,0,62,62.328370876218145,5.730173550546169,199.22564644366503,7667.263157894737
1780999257,165,GET,/product/9SIQT8TOJO,1.200000,0.000000,92,95,180,180,190,190,190,190,190,190,190,31,0,18,47.30937945386094,5.914391949772835,192.22358707338572,7712.548387096775
1780999257,165,GET,/product/L9ECAV7KIM,0.800000,0.000000,130,130,200,200,200,200,200,200,200,200,200,16,0,75,74.69901692820713,5.768481642007828,197.6718744263053,7688.3125
1780999257,165,GET,/product/LS4PSXUNUM,1.200000,0.000000,87,99,130,130,270,270,270,270,270,270,270,24,0,11,45.14831552902857,5.51218818873167,274.15763959288597,7692.541666666667
1780999257,165,GET,/product/OLJCESPC7Z,0.900000,0.000000,91,100,120,120,170,170,170,170,170,170,170,22,0,26,56.34351205927405,5.476834252476692,171.66771180927753,7728.5
1780999257,165,,Aggregated,73.400000,0.000000,120,160,180,200,260,290,330,370,390,390,390,1646,0,54,82.31988605417375,5.476834252476692,734.6352664753795,10333.520048602673
1780999258,170,GET,/,56.000000,0.000000,150,190,230,250,290,360,390,440,470,470,470,1288,0,59,96.82570810079783,5.8043645694851875,734.6352664753795,10231.603260869566
1780999258,170,POST,/cart,7.100000,0.000000,160,180,190,200,320,370,390,480,480,480,480,149,0,81,99.49388203754921,8.528371341526508,477.2848151624203,16772.765100671142
1780999258,170,POST,/cart/checkout,3.400000,0.000000,78,99,110,130,150,270,300,300,300,300,300,67,0,60,64.18912632585462,7.498210296034813,300.6315352395177,6549.4029850746265
1780999258,170,GET,/product/0PUK6V6EV0,1.600000,0.000000,96,120,180,200,220,480,480,480,480,480,480,28,0,35,87.18614799103567,5.884075537323952,478.6106823012233,7684.25
1780999258,170,GET,/product/1YMWWN1N4O,1.300000,0.000000,97,170,180,180,270,270,270,270,270,270,270,25,0,76,86.81899696588516,5.62835019081831,273.27686455100775,7717.28
1780999258,170,GET,/product/2ZYFJ3GM2N,0.900000,0.000000,98,100,160,160,220,220,220,220,220,220,220,25,0,12,46.107073202729225,6.236707791686058,220.07228061556816,7714.12
1780999258,170,GET,/product/66VCHSJNUP,0.800000,0.000000,89,93,99,120,200,200,200,200,200,200,200,24,0,55,57.87733926748236,5.739543586969376,195.5780442804098,7667.083333333333
1780999258,170,GET,/product/6E92ZMYYFZ,0.900000,0.000000,98,130,170,170,200,200,200,200,200,200,200,19,0,62,62.328370876218145,5.730173550546169,199.22564644366503,7667.263157894737
1780999258,170,GET,/product/9SIQT8TOJO,1.100000,0.000000,100,190,200,200,300,400,400,400,400,400,400,35,0,27,70.52649038710764,5.914391949772835,399.93884041905403,7713.028571428571
1780999258,170,GET,/product/L9ECAV7KIM,0.600000,0.000000,120,130,130,200,200,200,200,200,200,200,200,17,0,91,76.20383223847432,5.768481642007828,197.6718744263053,7684.470588235294
1780999258,170,GET,/product/LS4PSXUNUM,1.000000,0.000000,130,190,220,270,280,280,280,280,280,280,280,27,0,19,65.97557453507626,5.51218818873167,282.2893876582384,7695.074074074074
1780999258,170,GET,/product/OLJCESPC7Z,0.900000,0.000000,91,100,120,120,170,170,170,170,170,170,170,22,0,26,56.34351205927405,5.476834252476692,171.66771180927753,7728.5
1780999258,170,,Aggregated,75.600000,0.000000,140,180,210,240,290,360,390,440,480,480,480,1726,0,60,92.09688360234108,5.476834252476692,734.6352664753795,10327.505793742757
1780999259,175,GET,/,58.100000,0.000000,170,250,280,300,400,460,500,560,660,660,660,1363,0,69,114.6954244736552,5.8043645694851875,734.6352664753795,10232.424798239179
1780999259,175,POST,/cart,7.200000,0.000000,170,200,280,320,370,400,480,550,550,550,550,157,0,85,113.9166776304412,8.528371341526508,548.1103882193565,16754.108280254775
1780999259,175,POST,/cart/checkout,3.600000,0.000000,95,110,120,140,200,300,370,370,370,370,370,72,0,61,72.14619972122212,7.498210296034813,370.7699552178383,6549.847222222223
1780999259,175,GET,/product/0PUK6V6EV0,1.700000,0.000000,110,200,220,220,370,480,480,480,480,480,480,31,0,77,106.77154497393677,5.884075537323952,478.6106823012233,7686.612903225807
1780999259,175,GET,/product/1YMWWN1N4O,1.500000,0.000000,170,180,220,270,270,270,270,270,270,270,270,28,0,87,102.37440909259021,5.62835019081831,273.27686455100775,7717.357142857143
1780999259,175,GET,/product/2ZYFJ3GM2N,0.800000,0.000000,100,220,270,270,270,280,280,280,280,280,280,29,0,17,71.47989980876446,6.236707791686058,276.05345472693443,7712.862068965517
1780999259,175,GET,/product/66VCHSJNUP,0.700000,0.000000,93,99,120,200,220,220,220,220,220,220,220,25,0,70,64.33336179703474,5.739543586969376,219.27790250629187,7669.76
1780999259,175,GET,/product/6E92ZMYYFZ,0.700000,0.000000,130,170,200,200,280,280,280,280,280,280,280,20,0,62,73.05880794301629,5.730173550546169,276.9371122121811,7666.4
1780999259,175,GET,/product/9SIQT8TOJO,0.800000,0.000000,190,200,300,370,400,400,400,400,400,400,400,36,0,27,78.97477775501709,5.914391949772835,399.93884041905403,7714.777777777777
1780999259,175,GET,/product/L9ECAV7KIM,0.500000,0.000000,130,130,200,200,280,280,280,280,280,280,280,18,0,91,87.39859083046515,5.768481642007828,277.7094868943095,7688.0
1780999259,175,GET,/product/LS4PSXUNUM,0.800000,0.000000,220,230,270,270,280,280,280,280,280,280,280,29,0,27,78.68183959789317,5.51218818873167,282.2893876582384,7691.3448275862065
1780999259,175,GET,/product/OLJCESPC7Z,0.800000,0.000000,120,170,270,280,380,380,380,380,380,380,380,25,0,81,86.68888282030821,5.476834252476692,378.303037956357,7726.56
1780999259,175,,Aggregated,77.200000,0.000000,160,220,270,290,380,450,490,540,660,660,660,1833,0,70,108.8889247274958,5.476834252476692,734.6352664753795,10313.270049099836
1780999260,180,GET,/,59.600000,0.000000,180,250,280,300,400,460,500,560,660,660,660,1432,0,76,116.30025056162172,5.8043645694851875,734.6352664753795,10233.03002793296
1780999260,180,POST,/cart,6.900000,0.000000,180,200,290,320,390,400,480,550,550,550,550,161,0,86,114.88540572987765,8.528371341526508,548.1103882193565,16749.987577639753
1780999260,180,POST,/cart/checkout,3.500000,0.000000,95,120,140,150,200,300,370,370,370,370,370,74,0,62,75.21147581723494,7.498210296034813,370.7699552178383,6549.986486486487
1780999260,180,GET,/product/0PUK6V6EV0,1.700000,0.000000,110,200,220,220,370,480,480,480,480,480,480,33,0,93,106.46600736248674,5.884075537323952,478.6106823012233,7688.242424242424
1780999260,180,GET,/product/1YMWWN1N4O,1.400000,0.000000,180,210,270,270,270,270,270,270,270,270,270,28,0,87,102.37440909259021,5.62835019081831,273.27686455100775,7717.357142857143
1780999260,180,GET,/product/2ZYFJ3GM2N,0.800000,0.000000,100,160,270,270,270,280,280,280,280,280,280,30,0,17,71.55761336907744,6.236707791686058,276.05345472693443,7714.833333333333
1780999260,180,GET,/product/66VCHSJNUP,0.800000,0.000000,99,120,120,200,220,220,220,220,220,220,220,27,0,80,66.99781106026084,5.739543586969376,219.27790250629187,7672.407407407408
1780999260,180,GET,/product/6E92ZMYYFZ,0.700000,0.000000,130,170,200,200,280,280,280,280,280,280,280,20,0,62,73.05880794301629,5.730173550546169,276.9371122121811,7666.4
1780999260,180,GET,/product/9SIQT8TOJO,0.700000,0.000000,190,200,300,370,400,400,400,400,400,400,400,38,0,40,79.41985664595114,5.914391949772835,399.93884041905403,7714.684210526316
1780999260,180,GET,/product/L9ECAV7KIM,0.500000,0.000000,120,130,170,200,280,280,280,280,280,280,280,22,0,91,85.9131523069333,5.768481642007828,277.7094868943095,7686.954545454545
1780999260,180,GET,/product/LS4PSXUNUM,0.700000,0.000000,220,230,270,270,280,280,280,280,280,280,280,30,0,27,80.18231485038996,5.51218818873167,282.2893876582384,7689.966666666666
1780999260,180,GET,/product/OLJCESPC7Z,0.700000,0.000000,120,170,270,280,380,380,380,380,380,380,380,25,0,81,86.68888282030821,5.476834252476692,378.303037956357,7726.56
1780999260,180,,Aggregated,78.000000,0.000000,170,230,270,290,380,450,490,540,660,660,660,1920,0,75,110.35500047534394,5.476834252476692,734.6352664753795,10303.648958333333
1780999261,185,GET,/,59.300000,0.000000,190,250,290,330,400,460,500,540,660,660,660,1490,0,85,123.38040957802394,5.8043645694851875,734.6352664753795,10233.551677852349
1780999261,185,POST,/cart,7.600000,0.000000,180,270,300,330,390,400,480,550,550,550,550,166,0,86,117.4645173666348,8.528371341526508,548.1103882193565,16786.33734939759
1780999261,185,POST,/cart/checkout,3.800000,0.000000,100,140,160,170,260,300,370,370,370,370,370,81,0,67,82.53195055151059,7.498210296034813,370.7699552178383,6549.419753086419
1780999261,185,GET,/product/0PUK6V6EV0,1.800000,0.000000,120,220,270,300,370,480,480,480,480,480,480,35,0,93,118.48325034869569,5.884075537323952,478.6106823012233,7686.285714285715
1780999261,185,GET,/product/1YMWWN1N4O,1.200000,0.000000,180,220,270,270,270,300,300,300,300,300,300,29,0,89,109.18212598510857,5.62835019081831,299.79819897562265,7715.620689655172
1780999261,185,GET,/product/2ZYFJ3GM2N,1.000000,0.000000,160,220,270,270,280,330,330,330,330,330,330,34,0,41,85.63457612934359,6.236707791686058,325.79227071255445,7707.323529411765
1780999261,185,GET,/product/66VCHSJNUP,0.900000,0.000000,120,180,200,200,220,250,250,250,250,250,250,29,0,86,76.95699258354203,5.739543586969376,245.6556223332882,7675.172413793103
1780999261,185,GET,/product/6E92ZMYYFZ,0.800000,0.000000,130,180,230,280,280,280,280,280,280,280,280,23,0,77,93.33354724652094,5.730173550546169,277.7527440339327,7663.826086956522
1780999261,185,GET,/product/9SIQT8TOJO,0.900000,0.000000,190,200,300,300,370,400,400,400,400,400,400,39,0,46,82.3254328316603,5.914391949772835,399.93884041905403,7716.871794871795
1780999261,185,GET,/product/L9ECAV7KIM,0.500000,0.000000,130,190,200,200,230,280,280,280,280,280,280,24,0,93,96.40375602369507,5.768481642007828,277.7094868943095,7692.041666666667
1780999261,185,GET,/product/LS4PSXUNUM,1.000000,0.000000,230,270,270,280,280,280,280,280,280,280,280,31,0,29,86.51059322179326,5.51218818873167,282.2893876582384,7688.870967741936
1780999261,185,GET,/product/OLJCESPC7Z,0.900000,0.000000,170,270,280,280,380,380,380,380,380,380,380,25,0,81,86.68888282030821,5.476834252476692,378.303037956357,7726.56
1780999261,185,,Aggregated,79.700000,0.000000,180,240,280,310,390,450,490,530,660,660,660,2006,0,83,117.1473758773375,5.476834252476692,734.6352664753795,10287.030408773679
1780999262,190,GET,/,61.700000,0.000000,200,280,330,360,430,480,540,580,660,660,660,1528,0,88,130.22284867627187,5.8043645694851875,734.6352664753795,10233.715314136125
1780999262,190,POST,/cart,7.600000,0.000000,190,280,340,370,410,480,550,710,710,710,710,169,0,92,124.50438168605227,8.528371341526508,708.2931408658624,16784.633136094675
1780999262,190,POST,/cart/checkout,3.800000,0.000000,120,160,200,270,440,600,750,750,750,750,750,87,0,72,116.22031780238125,7.498210296034813,749.6547512710094,6548.908045977011
1780999262,190,GET,/product/0PUK6V6EV0,2.100000,0.000000,180,220,300,340,480,550,550,550,550,550,550,36,0,93,130.41480439197687,5.884075537323952,548.0191959068179,7685.305555555556
1780999262,190,GET,/product/1YMWWN1N4O,1.500000,0.000000,210,270,270,270,300,400,400,400,400,400,400,30,0,89,118.83366769179702,5.62835019081831,398.72837718576193,7717.033333333334
1780999262,190,GET,/product/2ZYFJ3GM2N,1.000000,0.000000,160,220,270,270,280,330,330,330,330,330,330,34,0,41,85.63457612934359,6.236707791686058,325.79227071255445,7707.323529411765
1780999262,190,GET,/product/66VCHSJNUP,1.100000,0.000000,120,180,200,220,250,250,250,250,250,250,250,29,0,86,76.95699258354203,5.739543586969376,245.6556223332882,7675.172413793103
1780999262,190,GET,/product/6E92ZMYYFZ,0.800000,0.000000,180,230,280,280,280,280,280,280,280,280,280,23,0,77,93.33354724652094,5.730173550546169,277.7527440339327,7663.826086956522
1780999262,190,GET,/product/9SIQT8TOJO,1.200000,0.000000,200,320,370,400,510,620,620,620,620,620,620,42,0,71,111.05267623705524,5.914391949772835,618.1018399074674,7718.142857142857
1780999262,190,GET,/product/L9ECAV7KIM,0.800000,0.000000,170,230,280,280,330,340,340,340,340,340,340,26,0,94,114.62992200484642,5.768481642007828,338.7405266985297,7688.576923076923
1780999262,190,GET,/product/LS4PSXUNUM,1.000000,0.000000,230,270,270,280,280,280,280,280,280,280,280,31,0,29,86.51059322179326,5.51218818873167,282.2893876582384,7688.870967741936
1780999262,190,GET,/product/OLJCESPC7Z,0.900000,0.000000,170,270,280,380,520,520,520,520,520,520,520,26,0,81,103.21678421818294,5.476834252476692,516.414319165051,7726.384615384615
1780999262,190,,Aggregated,83.500000,0.000000,200,270,310,350,420,480,550,610,750,750,750,2061,0,87,125.51815576592894,5.476834252476692,749.6547512710094,10274.556040756914
1780999263,195,GET,/,62.700000,0.000000,260,350,400,450,770,850,1000,1200,1300,1300,1300,1602,0,93,164.73033331211346,5.8043645694851875,1315.810315310955,10233.941323345818
1780999263,195,POST,/cart,7.000000,0.000000,280,370,390,420,700,820,920,960,960,960,960,180,0,100,158.2961687197288,8.528371341526508,961.3451920449734,16798.244444444445
1780999263,195,POST,/cart/checkout,4.000000,0.000000,140,200,270,300,440,600,750,750,750,750,750,90,0,73,120.8022722767459,7.498210296034813,749.6547512710094,6548.633333333333
1780999263,195,GET,/product/0PUK6V6EV0,2.000000,0.000000,220,270,300,340,480,550,550,550,550,550,550,36,0,93,130.41480439197687,5.884075537323952,548.0191959068179,7685.305555555556
1780999263,195,GET,/product/1YMWWN1N4O,1.300000,0.000000,210,270,270,270,300,400,400,400,400,400,400,30,0,89,118.83366769179702,5.62835019081831,398.72837718576193,7717.033333333334
1780999263,195,GET,/product/2ZYFJ3GM2N,1.100000,0.000000,160,220,270,270,280,330,330,330,330,330,330,34,0,41,85.63457612934359,6.236707791686058,325.79227071255445,7707.323529411765
1780999263,195,GET,/product/66VCHSJNUP,0.900000,0.000000,120,180,200,220,250,250,250,250,250,250,250,29,0,86,76.95699258354203,5.739543586969376,245.6556223332882,7675.172413793103
1780999263,195,GET,/product/6E92ZMYYFZ,0.900000,0.000000,230,280,280,330,390,390,390,390,390,390,390,25,0,78,114.66510880738497,5.730173550546169,389.72210977226496,7656.76
1780999263,195,GET,/product/9SIQT8TOJO,1.100000,0.000000,300,320,370,400,510,620,620,620,620,620,620,43,0,75,115.35906938965931,5.914391949772835,618.1018399074674,7720.46511627907
1780999263,195,GET,/product/L9ECAV7KIM,0.900000,0.000000,190,280,300,330,340,390,390,390,390,390,390,28,0,96,130.9712580737791,5.768481642007828,386.39311771839857,7687.571428571428
1780999263,195,GET,/product/LS4PSXUNUM,1.100000,0.000000,270,280,280,280,360,400,400,400,400,400,400,34,0,53,109.51674455667244,5.51218818873167,401.3182036578655,7690.617647058823
1780999263,195,GET,/product/OLJCESPC7Z,0.800000,0.000000,270,280,380,380,520,520,520,520,520,520,520,26,0,81,103.21678421818294,5.476834252476692,516.414319165051,7726.384615384615
1780999263,195,,Aggregated,83.800000,0.000000,250,320,380,420,690,830,960,1100,1300,1300,1300,2157,0,92,155.10813576136067,5.476834252476692,1315.810315310955,10292.843764487714
1780999264,200,GET,/,62.300000,0.000000,310,420,540,680,810,880,1000,1200,1300,1300,1300,1675,0,100,189.47386212758164,5.8043645694851875,1315.810315310955,10234.645970149253
1780999264,200,POST,/cart,6.700000,0.000000,330,400,470,550,710,820,920,960,960,960,960,189,0,100,177.14083030149735,8.528371341526508,961.3451920449734,16770.4126984127
1780999264,200,POST,/cart/checkout,3.900000,0.000000,160,260,300,340,590,600,750,750,750,750,750,94,0,75,131.31257300166055,7.498210296034813,749.6547512710094,6548.670212765957
1780999264,200,GET,/product/0PUK6V6EV0,2.000000,0.000000,220,270,340,340,480,550,550,550,550,550,550,36,0,93,130.41480439197687,5.884075537323952,548.0191959068179,7685.305555555556
1780999264,200,GET,/product/1YMWWN1N4O,1.200000,0.000000,270,320,400,490,500,580,580,580,580,580,580,34,0,97,160.43815049616728,5.62835019081831,583.6082240566611,7716.264705882353
1780999264,200,GET,/product/2ZYFJ3GM2N,1.400000,0.000000,160,220,270,270,280,330,330,330,330,330,330,34,0,41,85.63457612934359,6.236707791686058,325.79227071255445,7707.323529411765
1780999264,200,GET,/product/66VCHSJNUP,0.900000,0.000000,200,200,210,220,250,250,250,250,250,250,250,31,0,87,85.22052341891873,5.739543586969376,245.6556223332882,7680.193548387097
1780999264,200,GET,/product/6E92ZMYYFZ,0.900000,0.000000,280,280,330,390,490,490,490,490,490,490,490,26,0,78,129.0785514821227,5.730173550546169,489.41461835056543,7660.307692307692
1780999264,200,GET,/product/9SIQT8TOJO,1.000000,0.000000,300,320,400,500,510,620,620,620,620,620,620,44,0,75,124.17338625527918,5.914391949772835,618.1018399074674,7722.590909090909
1780999264,200,GET,/product/L9ECAV7KIM,1.100000,0.000000,190,280,300,330,340,390,390,390,390,390,390,29,0,96,129.4188553082018,5.768481642007828,386.39311771839857,7687.275862068966
1780999264,200,GET,/product/LS4PSXUNUM,0.900000,0.000000,280,280,360,360,370,400,400,400,400,400,400,36,0,77,121.73775363610022,5.51218818873167,401.3182036578655,7691.277777777777
1780999264,200,GET,/product/OLJCESPC7Z,0.800000,0.000000,270,280,290,380,520,520,520,520,520,520,520,28,0,85,109.353168135775,5.476834252476692,516.414319165051,7726.535714285715
1780999264,200,,Aggregated,83.100000,0.000000,290,390,480,580,780,860,960,1100,1300,1300,1300,2256,0,96,176.82279508803634,5.476834252476692,1315.810315310955,10293.659574468085
1780999265,205,GET,/,59.900000,0.000000,370,480,650,710,830,890,1100,1200,1300,1300,1300,1736,0,110,203.0262452269119,5.8043645694851875,1315.810315310955,10234.62960829493
1780999265,205,POST,/cart,6.500000,0.000000,390,450,530,600,710,820,920,960,960,960,960,194,0,110,183.96546171747687,8.528371341526508,961.3451920449734,16785.515463917527
1780999265,205,POST,/cart/checkout,4.200000,0.000000,220,290,340,370,590,600,750,750,750,750,750,100,0,84,139.64109104126692,7.498210296034813,749.6547512710094,6548.32
1780999265,205,GET,/product/0PUK6V6EV0,1.900000,0.000000,270,300,340,370,480,550,550,550,550,550,550,37,0,95,135.01223310123424,5.884075537323952,548.0191959068179,7685.027027027027
1780999265,205,GET,/product/1YMWWN1N4O,1.100000,0.000000,290,320,400,490,500,580,580,580,580,580,580,36,0,97,165.21891832558646,5.62835019081831,583.6082240566611,7719.916666666667
1780999265,205,GET,/product/2ZYFJ3GM2N,1.400000,0.000000,170,220,270,270,280,330,330,330,330,330,330,36,0,74,90.50521846964128,6.236707791686058,325.79227071255445,7708.444444444444
1780999265,205,GET,/product/66VCHSJNUP,0.900000,0.000000,200,200,220,220,250,340,340,340,340,340,340,33,0,89,96.2763297456232,5.739543586969376,339.6415999159217,7678.545454545455
1780999265,205,GET,/product/6E92ZMYYFZ,0.800000,0.000000,280,330,330,330,390,490,490,490,490,490,490,27,0,97,136.6949572607323,5.730173550546169,489.41461835056543,7660.222222222223
1780999265,205,GET,/product/9SIQT8TOJO,1.400000,0.000000,300,330,400,500,510,620,620,620,620,620,620,45,0,76,128.854453129073,5.914391949772835,618.1018399074674,7721.4
1780999265,205,GET,/product/L9ECAV7KIM,1.100000,0.000000,230,300,300,330,340,390,390,390,390,390,390,30,0,96,135.26365741466483,5.768481642007828,386.39311771839857,7687.266666666666
1780999265,205,GET,/product/LS4PSXUNUM,0.700000,0.000000,280,280,360,360,370,400,400,400,400,400,400,36,0,77,121.73775363610022,5.51218818873167,401.3182036578655,7691.277777777777
1780999265,205,GET,/product/OLJCESPC7Z,0.900000,0.000000,280,290,380,380,520,520,520,520,520,520,520,28,0,85,109.353168135775,5.476834252476692,516.414319165051,7726.535714285715
1780999265,205,,Aggregated,80.800000,0.000000,340,440,540,650,800,870,1000,1100,1300,1300,1300,2338,0,100,188.3991371343905,5.476834252476692,1315.810315310955,10286.498716852011
1780999266,210,GET,/,61.700000,0.000000,450,590,680,740,830,890,1100,1200,1300,1300,1300,1816,0,120,221.25189247467281,5.8043645694851875,1315.810315310955,10235.137665198237
1780999266,210,POST,/cart,7.100000,0.000000,420,480,560,630,800,840,920,960,960,960,960,203,0,130,200.10712345502353,8.528371341526508,961.3451920449734,16796.147783251232
1780999266,210,POST,/cart/checkout,4.400000,0.000000,260,300,370,390,590,600,750,750,750,750,750,104,0,93,145.54309375727405,7.498210296034813,749.6547512710094,6548.557692307692
1780999266,210,GET,/product/0PUK6V6EV0,1.700000,0.000000,300,340,370,400,480,550,550,550,550,550,550,38,0,95,141.97172579894723,5.884075537323952,548.0191959068179,7687.0
1780999266,210,GET,/product/1YMWWN1N4O,1.100000,0.000000,300,400,410,490,500,580,580,580,580,580,580,38,0,98,178.11427108551325,5.62835019081831,583.6082240566611,7720.9473684210525
1780999266,210,GET,/product/2ZYFJ3GM2N,1.300000,0.000000,170,220,270,280,310,330,330,330,330,330,330,37,0,93,96.46095607329059,6.236707791686058,325.79227071255445,7710.1621621621625
1780999266,210,GET,/product/66VCHSJNUP,0.900000,0.000000,210,220,310,340,400,420,420,420,420,420,420,37,0,93,122.22213031271019,5.739543586969376,424.48340356349945,7678.1621621621625
1780999266,210,GET,/product/6E92ZMYYFZ,0.900000,0.000000,320,330,330,390,490,490,490,490,490,490,490,28,0,97,143.13707021730286,5.730173550546169,489.41461835056543,7660.142857142857
1780999266,210,GET,/product/9SIQT8TOJO,1.400000,0.000000,300,330,400,500,510,620,620,620,620,620,620,45,0,76,128.854453129073,5.914391949772835,618.1018399074674,7721.4
1780999266,210,GET,/product/L9ECAV7KIM,1.200000,0.000000,280,300,330,330,390,430,430,430,430,430,430,32,0,96,150.1570104737766,5.768481642007828,427.07581352442503,7691.9375
1780999266,210,GET,/product/LS4PSXUNUM,1.100000,0.000000,280,280,360,360,370,400,400,400,400,400,400,36,0,77,121.73775363610022,5.51218818873167,401.3182036578655,7691.277777777777
1780999266,210,GET,/product/OLJCESPC7Z,0.800000,0.000000,280,290,310,380,520,520,520,520,520,520,520,29,0,91,116.43720459963741,5.476834252476692,516.414319165051,7725.137931034483
1780999266,210,,Aggregated,83.600000,0.000000,400,520,630,690,800,870,1000,1100,1300,1300,1300,2443,0,110,204.73874636936813,5.476834252476692,1315.810315310955,10291.26156365125
1780999267,215,GET,/,63.600000,0.000000,490,610,690,740,830,890,1100,1200,1300,1300,1300,1883,0,130,231.7253360658314,5.8043645694851875,1315.810315310955,10235.436006372809
1780999267,215,POST,/cart,6.900000,0.000000,440,520,630,690,800,900,920,960,960,960,960,216,0,140,220.93297208279924,8.528371341526508,961.3451920449734,16834.59259259259
1780999267,215,POST,/cart/checkout,4.200000,0.000000,270,360,400,420,590,600,750,750,750,750,750,111,0,100,157.50995535101438,7.498210296034813,749.6547512710094,6548.828828828829
1780999267,215,GET,/product/0PUK6V6EV0,1.600000,0.000000,300,340,370,400,480,550,550,550,550,550,550,39,0,96,145.11610944874775,5.884075537323952,548.0191959068179,7686.74358974359
1780999267,215,GET,/product/1YMWWN1N4O,1.400000,0.000000,380,410,490,490,520,580,580,580,580,580,580,41,0,170,193.98118205731961,5.62835019081831,583.6082240566611,7722.804878048781
1780999267,215,GET,/product/2ZYFJ3GM2N,1.200000,0.000000,220,270,290,310,330,400,400,400,400,400,400,39,0,95,109.23308083930841,6.236707791686058,397.60913234204054,7711.153846153846
1780999267,215,GET,/product/66VCHSJNUP,1.000000,0.000000,220,300,340,340,400,420,420,420,420,420,420,39,0,96,133.98794860889515,5.739543586969376,424.48340356349945,7681.74358974359
1780999267,215,GET,/product/6E92ZMYYFZ,0.700000,0.000000,330,330,330,390,490,490,490,490,490,490,490,29,0,98,149.68193155424348,5.730173550546169,489.41461835056543,7659.724137931034
1780999267,215,GET,/product/9SIQT8TOJO,1.400000,0.000000,300,370,400,500,510,620,620,620,620,620,620,48,0,92,143.3285425688761,5.914391949772835,618.1018399074674,7721.520833333333
1780999267,215,GET,/product/L9ECAV7KIM,1.300000,0.000000,280,300,330,340,390,430,430,430,430,430,430,32,0,96,150.1570104737766,5.768481642007828,427.07581352442503,7691.9375
1780999267,215,GET,/product/LS4PSXUNUM,1.200000,0.000000,280,290,320,360,370,400,400,400,400,400,400,38,0,87,129.70519239867204,5.51218818873167,401.3182036578655,7691.4473684210525
1780999267,215,GET,/product/OLJCESPC7Z,0.800000,0.000000,310,380,410,510,520,520,520,520,520,520,520,31,0,91,138.67380683340372,5.476834252476692,516.414319165051,7726.451612903225
1780999267,215,,Aggregated,85.300000,0.000000,440,550,640,690,800,870,1000,1100,1300,1300,1300,2546,0,120,215.98411917661588,5.476834252476692,1315.810315310955,10300.063236449332
1780999268,220,GET,/,62.600000,0.000000,550,660,720,760,840,900,1100,1200,1300,1300,1300,1943,0,140,245.85834982442108,5.8043645694851875,1315.810315310955,10235.641276376737
1780999268,220,POST,/cart,6.300000,0.000000,450,550,650,690,800,900,920,960,960,960,960,226,0,150,230.86761415779458,8.528371341526508,961.3451920449734,16820.190265486726
1780999268,220,POST,/cart/checkout,4.400000,0.000000,270,360,400,420,590,600,750,750,750,750,750,117,0,100,163.88017687405278,7.498210296034813,749.6547512710094,6548.820512820513
1780999268,220,GET,/product/0PUK6V6EV0,1.400000,0.000000,300,340,370,370,400,550,550,550,550,550,550,42,0,100,153.47836312970944,5.884075537323952,548.0191959068179,7682.333333333333
1780999268,220,GET,/product/1YMWWN1N4O,1.300000,0.000000,380,410,410,490,520,580,580,580,580,580,580,42,0,170,198.43316084838338,5.62835019081831,583.6082240566611,7721.523809523809
1780999268,220,GET,/product/2ZYFJ3GM2N,1.400000,0.000000,170,220,310,310,330,400,400,400,400,400,400,40,0,95,111.97384104598314,6.236707791686058,397.60913234204054,7709.95
1780999268,220,GET,/product/66VCHSJNUP,1.200000,0.000000,220,300,340,400,400,420,420,420,420,420,420,39,0,96,133.98794860889515,5.739543586969376,424.48340356349945,7681.74358974359
1780999268,220,GET,/product/6E92ZMYYFZ,0.900000,0.000000,330,330,330,390,490,490,490,490,490,490,490,29,0,98,149.68193155424348,5.730173550546169,489.41461835056543,7659.724137931034
1780999268,220,GET,/product/9SIQT8TOJO,1.500000,0.000000,320,370,500,500,510,620,620,620,620,620,620,51,0,94,152.68745101696135,5.914391949772835,618.1018399074674,7722.411764705882
1780999268,220,GET,/product/L9ECAV7KIM,1.400000,0.000000,290,300,330,340,390,430,430,430,430,430,430,33,0,97,154.48347992743507,5.768481642007828,427.07581352442503,7692.848484848485
1780999268,220,GET,/product/LS4PSXUNUM,1.200000,0.000000,290,320,360,370,400,400,400,400,400,400,400,38,0,87,129.70519239867204,5.51218818873167,401.3182036578655,7691.4473684210525
1780999268,220,GET,/product/OLJCESPC7Z,0.900000,0.000000,380,410,410,510,520,520,520,520,520,520,520,33,0,94,151.98925541092953,5.476834252476692,516.414319165051,7729.878787878788
1780999268,220,,Aggregated,84.500000,0.000000,480,600,670,710,820,880,1000,1100,1300,1300,1300,2633,0,130,228.14577912711573,5.476834252476692,1315.810315310955,10302.91454614508
1780999269,225,GET,/,64.300000,0.000000,620,720,770,790,860,910,1100,1200,1300,1300,1300,2019,0,150,265.1291390587569,5.8043645694851875,1315.810315310955,10236.074789499753
1780999269,225,POST,/cart,6.600000,0.000000,480,580,650,700,820,900,920,960,960,960,960,226,0,150,230.86761415779458,8.528371341526508,961.3451920449734,16820.190265486726
1780999269,225,POST,/cart/checkout,4.500000,0.000000,300,390,410,420,590,600,750,750,750,750,750,120,0,100,169.82332935246328,7.498210296034813,749.6547512710094,6549.133333333333
1780999269,225,GET,/product/0PUK6V6EV0,1.400000,0.000000,300,340,370,400,550,550,550,550,550,550,550,42,0,100,153.47836312970944,5.884075537323952,548.0191959068179,7682.333333333333
1780999269,225,GET,/product/1YMWWN1N4O,1.400000,0.000000,400,410,490,500,520,580,580,580,580,580,580,42,0,170,198.43316084838338,5.62835019081831,583.6082240566611,7721.523809523809
1780999269,225,GET,/product/2ZYFJ3GM2N,1.400000,0.000000,220,290,310,330,400,400,400,400,400,400,400,40,0,95,111.97384104598314,6.236707791686058,397.60913234204054,7709.95
1780999269,225,GET,/product/66VCHSJNUP,1.600000,0.000000,250,310,400,400,420,500,500,500,500,500,500,40,0,96,143.183189118281,5.739543586969376,501.7975689843297,7680.425
1780999269,225,GET,/product/6E92ZMYYFZ,0.900000,0.000000,320,330,330,390,420,490,490,490,490,490,490,34,0,130,174.46753338855856,5.730173550546169,489.41461835056543,7662.088235294118
1780999269,225,GET,/product/9SIQT8TOJO,1.600000,0.000000,320,480,500,510,510,620,620,620,620,620,620,51,0,94,152.68745101696135,5.914391949772835,618.1018399074674,7722.411764705882
1780999269,225,GET,/product/L9ECAV7KIM,1.600000,0.000000,300,320,330,340,390,430,430,430,430,430,430,34,0,97,156.0969651567147,5.768481642007828,427.07581352442503,7691.14705882353
1780999269,225,GET,/product/LS4PSXUNUM,1.200000,0.000000,290,320,360,370,400,400,400,400,400,400,400,38,0,87,129.70519239867204,5.51218818873167,401.3182036578655,7691.4473684210525
1780999269,225,GET,/product/OLJCESPC7Z,0.900000,0.000000,410,500,510,510,520,600,600,600,600,600,600,35,0,95,174.7497041842767,5.476834252476692,598.4466448426247,7729.885714285714
1780999269,225,,Aggregated,87.400000,0.000000,550,670,730,770,830,900,1000,1100,1300,1300,1300,2721,0,140,243.62677956826215,5.476834252476692,1315.810315310955,10288.550165380375
1780999270,230,GET,/,64.100000,0.000000,680,770,810,840,940,1000,1100,1200,1300,1300,1300,2072,0,160,283.56040219513835,5.8043645694851875,1315.810315310955,10236.225386100386
1780999270,230,POST,/cart,7.400000,0.000000,540,650,700,720,840,920,970,1000,1000,1000,1000,241,0,160,260.3904610399265,8.528371341526508,1026.4372257515788,16818.651452282156
1780999270,230,POST,/cart/checkout,5.000000,0.000000,340,400,420,440,590,600,750,750,750,750,750,127,0,110,179.62567720151557,7.498210296034813,749.6547512710094,6549.251968503937
1780999270,230,GET,/product/0PUK6V6EV0,1.300000,0.000000,340,370,400,550,790,790,790,790,790,790,790,43,0,100,168.3690320960311,5.884075537323952,793.7771286815405,7682.069767441861
1780999270,230,GET,/product/1YMWWN1N4O,1.600000,0.000000,410,500,500,500,580,680,680,680,680,680,680,46,0,180,226.18102472599435,5.62835019081831,679.3120754882693,7723.826086956522
1780999270,230,GET,/product/2ZYFJ3GM2N,1.500000,0.000000,220,290,310,400,400,400,400,400,400,400,400,41,0,96,118.93417652151207,6.236707791686058,397.60913234204054,7711.365853658536
1780999270,230,GET,/product/66VCHSJNUP,1.600000,0.000000,310,400,420,500,500,590,590,590,590,590,590,42,0,98,162.3419037177449,5.739543586969376,591.4240935817361,7678.928571428572
1780999270,230,GET,/product/6E92ZMYYFZ,1.000000,0.000000,330,330,420,490,600,780,780,780,780,780,780,36,0,170,203.0520652576039,5.730173550546169,781.6692302003503,7665.805555555556
1780999270,230,GET,/product/9SIQT8TOJO,1.800000,0.000000,320,480,500,510,510,620,620,620,620,620,620,51,0,94,152.68745101696135,5.914391949772835,618.1018399074674,7722.411764705882
1780999270,230,GET,/product/L9ECAV7KIM,1.600000,0.000000,300,320,340,340,390,430,430,430,430,430,430,34,0,97,156.0969651567147,5.768481642007828,427.07581352442503,7691.14705882353
1780999270,230,GET,/product/LS4PSXUNUM,1.300000,0.000000,320,360,370,400,790,790,790,790,790,790,790,39,0,95,146.6186074540019,5.51218818873167,789.3283795565367,7690.4358974358975
1780999270,230,GET,/product/OLJCESPC7Z,0.900000,0.000000,410,500,510,510,520,600,600,600,600,600,600,36,0,95,183.08625634138784,5.476834252476692,598.4466448426247,7729.166666666667
1780999270,230,,Aggregated,89.100000,0.000000,600,710,780,800,900,1000,1100,1200,1300,1300,1300,2808,0,150,261.80770450856727,5.476834252476692,1315.810315310955,10302.102207977208
1780999271,235,GET,/,64.200000,0.000000,720,800,840,870,960,1100,1100,1200,1300,1300,1300,2162,0,170,305.0158868787619,5.8043645694851875,1315.810315310955,10236.613320999075
1780999271,235,POST,/cart,7.300000,0.000000,570,650,710,760,870,920,970,1000,1000,1000,1000,247,0,160,269.6818581288341,8.528371341526508,1026.4372257515788,16827.473684210527
1780999271,235,POST,/cart/checkout,4.700000,0.000000,340,400,420,440,590,600,750,750,750,750,750,130,0,120,183.20702492760924,7.498210296034813,749.6547512710094,6549.292307692308
1780999271,235,GET,/product/0PUK6V6EV0,1.300000,0.000000,370,400,490,550,790,790,790,790,790,790,790,45,0,100,177.98978195836148,5.884075537323952,793.7771286815405,7683.422222222222
1780999271,235,GET,/product/1YMWWN1N4O,1.700000,0.000000,410,500,500,520,580,680,680,680,680,680,680,47,0,200,232.5168782448832,5.62835019081831,679.3120754882693,7723.851063829788
1780999271,235,GET,/product/2ZYFJ3GM2N,1.200000,0.000000,220,310,400,400,400,490,490,490,490,490,490,42,0,96,127.86557124040667,6.236707791686058,494.05275471508503,7712.523809523809
1780999271,235,GET,/product/66VCHSJNUP,1.500000,0.000000,310,400,420,500,500,590,590,590,590,590,590,42,0,98,162.3419037177449,5.739543586969376,591.4240935817361,7678.928571428572
1780999271,235,GET,/product/6E92ZMYYFZ,1.000000,0.000000,330,330,420,420,600,780,780,780,780,780,780,37,0,180,205.69381409802952,5.730173550546169,781.6692302003503,7667.405405405405
1780999271,235,GET,/product/9SIQT8TOJO,1.600000,0.000000,330,480,510,510,510,620,620,620,620,620,620,51,0,94,152.68745101696135,5.914391949772835,618.1018399074674,7722.411764705882
1780999271,235,GET,/product/L9ECAV7KIM,1.600000,0.000000,320,340,390,390,430,480,480,480,480,480,480,35,0,100,165.23343473672867,5.768481642007828,475.8734004572034,7693.171428571429
1780999271,235,GET,/product/LS4PSXUNUM,1.000000,0.000000,320,360,370,400,790,790,790,790,790,790,790,40,0,95,149.88803316373378,5.51218818873167,789.3283795565367,7689.475
1780999271,235,GET,/product/OLJCESPC7Z,0.900000,0.000000,420,470,500,510,520,600,600,600,600,600,600,38,0,96,196.15110007457827,5.476834252476692,598.4466448426247,7723.421052631579
1780999271,235,,Aggregated,88.000000,0.000000,650,750,800,840,920,1000,1100,1200,1300,1300,1300,2916,0,160,279.7082961292296,5.476834252476692,1315.810315310955,10302.618312757202
1780999272,240,GET,/,63.200000,0.000000,720,790,840,870,960,1000,1100,1200,1300,1300,1300,2223,0,180,315.4907575069021,5.8043645694851875,1315.810315310955,10236.946918578498
1780999272,240,POST,/cart,7.100000,0.000000,570,650,710,750,880,960,970,1000,1000,1000,1000,254,0,170,282.29289237175163,8.528371341526508,1026.4372257515788,16827.96062992126
1780999272,240,POST,/cart/checkout,5.000000,0.000000,330,390,410,420,450,470,600,600,600,600,600,136,0,120,189.19019650339203,7.498210296034813,749.6547512710094,6549.801470588235
1780999272,240,GET,/product/0PUK6V6EV0,0.900000,0.000000,400,400,500,500,550,790,790,790,790,790,790,47,0,110,189.71665570155739,5.884075537323952,793.7771286815405,7683.808510638298
1780999272,240,GET,/product/1YMWWN1N4O,1.400000,0.000000,410,500,500,520,580,680,680,680,680,680,680,48,0,200,234.01914740679786,5.62835019081831,679.3120754882693,7723.416666666667
1780999272,240,GET,/product/2ZYFJ3GM2N,1.000000,0.000000,290,390,400,400,490,490,490,490,490,490,490,44,0,98,141.95842073637652,6.236707791686058,494.05275471508503,7715.727272727273
1780999272,240,GET,/product/66VCHSJNUP,1.300000,0.000000,340,400,420,500,500,590,590,590,590,590,590,42,0,98,162.3419037177449,5.739543586969376,591.4240935817361,7678.928571428572
1780999272,240,GET,/product/6E92ZMYYFZ,1.400000,0.000000,330,390,420,490,600,780,780,780,780,780,780,38,0,180,210.861868323072,5.730173550546169,781.6692302003503,7669.078947368421
1780999272,240,GET,/product/9SIQT8TOJO,1.300000,0.000000,320,480,500,510,510,620,620,620,620,620,620,52,0,94,153.58871182140248,5.914391949772835,618.1018399074674,7722.346153846154
1780999272,240,GET,/product/L9ECAV7KIM,1.300000,0.000000,320,390,430,480,580,580,580,580,580,580,580,36,0,100,176.62982841850155,5.768481642007828,575.5036072805524,7687.666666666667
1780999272,240,GET,/product/LS4PSXUNUM,0.900000,0.000000,360,370,400,570,790,790,790,790,790,790,790,41,0,98,160.23158077604887,5.51218818873167,789.3283795565367,7688.756097560976
1780999272,240,GET,/product/OLJCESPC7Z,1.100000,0.000000,420,470,500,510,520,600,600,600,600,600,600,39,0,100,198.98989433661487,5.476834252476692,598.4466448426247,7722.358974358975
1780999272,240,,Aggregated,85.900000,0.000000,660,750,800,830,920,1000,1100,1200,1300,1300,1300,3000,0,170,289.5568287372589,5.476834252476692,1315.810315310955,10300.610666666667
1780999273,245,GET,/,64.800000,0.000000,700,780,840,870,970,1000,1100,1200,1200,1200,1200,2278,0,190,329.5752377362956,5.8043645694851875,1315.810315310955,10237.269973661107
1780999273,245,POST,/cart,8.100000,0.000000,570,650,710,760,880,920,970,1000,1000,1000,1000,262,0,180,292.8239797874716,8.528371341526508,1026.4372257515788,16820.458015267177
1780999273,245,POST,/cart/checkout,5.000000,0.000000,320,390,410,420,450,580,600,710,710,710,710,143,0,140,195.02891745366207,7.498210296034813,749.6547512710094,6549.629370629371
1780999273,245,GET,/product/0PUK6V6EV0,1.000000,0.000000,370,400,490,490,500,790,790,790,790,790,790,48,0,110,191.90246561386934,5.884075537323952,793.7771286815405,7684.645833333333
1780999273,245,GET,/product/1YMWWN1N4O,1.800000,0.000000,410,500,500,500,520,680,680,680,680,680,680,48,0,200,234.01914740679786,5.62835019081831,679.3120754882693,7723.416666666667
1780999273,245,GET,/product/2ZYFJ3GM2N,1.000000,0.000000,320,390,400,400,490,490,490,490,490,490,490,46,0,98,147.62166917890957,6.236707791686058,494.05275471508503,7717.652173913043
1780999273,245,GET,/product/66VCHSJNUP,1.500000,0.000000,400,420,480,500,500,590,590,590,590,590,590,43,0,99,169.65498012858768,5.739543586969376,591.4240935817361,7680.116279069767
1780999273,245,GET,/product/6E92ZMYYFZ,1.500000,0.000000,330,400,480,490,600,780,780,780,780,780,780,40,0,200,219.8653016705066,5.730173550546169,781.6692302003503,7670.0
1780999273,245,GET,/product/9SIQT8TOJO,1.200000,0.000000,330,470,480,500,510,510,510,510,510,510,510,53,0,95,159.48415319171716,5.914391949772835,618.1018399074674,7722.132075471698
1780999273,245,GET,/product/L9ECAV7KIM,1.200000,0.000000,300,320,430,480,580,580,580,580,580,580,580,37,0,120,179.83515902950958,5.768481642007828,575.5036072805524,7687.1621621621625
1780999273,245,GET,/product/LS4PSXUNUM,0.900000,0.000000,370,370,570,570,790,790,790,790,790,790,790,41,0,98,160.23158077604887,5.51218818873167,789.3283795565367,7688.756097560976
1780999273,245,GET,/product/OLJCESPC7Z,1.100000,0.000000,430,470,490,500,510,600,600,600,600,600,600,43,0,120,224.42242182617963,5.476834252476692,598.4466448426247,7719.3488372093025
1780999273,245,,Aggregated,89.100000,0.000000,640,730,790,830,940,1000,1100,1100,1200,1200,1200,3082,0,180,301.76256970689184,5.476834252476692,1315.810315310955,10297.394873458794
1780999274,250,GET,/,66.300000,0.000000,740,860,950,990,1100,1200,1300,1400,1400,1400,1400,2371,0,210,361.162709136651,5.8043645694851875,1388.2655836641788,10237.580767608604
1780999274,250,POST,/cart,8.100000,0.000000,570,650,750,770,900,970,1100,1200,1200,1200,1200,266,0,190,301.6796215066224,8.528371341526508,1197.8139756247401,16833.015037593985
1780999274,250,POST,/cart/checkout,5.300000,0.000000,340,390,410,420,460,630,690,710,710,710,710,149,0,150,206.2607848291729,7.498210296034813,749.6547512710094,6550.395973154363
1780999274,250,GET,/product/0PUK6V6EV0,1.000000,0.000000,370,400,490,490,500,790,790,790,790,790,790,48,0,110,191.90246561386934,5.884075537323952,793.7771286815405,7684.645833333333
1780999274,250,GET,/product/1YMWWN1N4O,1.800000,0.000000,410,410,500,520,520,680,680,680,680,680,680,49,0,210,237.66099043874715,5.62835019081831,679.3120754882693,7722.591836734694
1780999274,250,GET,/product/2ZYFJ3GM2N,0.900000,0.000000,320,390,400,400,490,490,490,490,490,490,490,46,0,98,147.62166917890957,6.236707791686058,494.05275471508503,7717.652173913043
1780999274,250,GET,/product/66VCHSJNUP,1.300000,0.000000,420,500,500,540,590,700,700,700,700,700,700,45,0,99,189.62287360595332,5.739543586969376,700.8778527379036,7679.222222222223
1780999274,250,GET,/product/6E92ZMYYFZ,1.400000,0.000000,330,400,420,480,600,780,780,780,780,780,780,40,0,200,219.8653016705066,5.730173550546169,781.6692302003503,7670.0
1780999274,250,GET,/product/9SIQT8TOJO,1.300000,0.000000,400,470,510,510,520,690,690,690,690,690,690,56,0,98,179.68989077157207,5.914391949772835,691.1329235881567,7722.517857142857
1780999274,250,GET,/product/L9ECAV7KIM,1.100000,0.000000,320,430,480,480,580,580,580,580,580,580,580,37,0,120,179.83515902950958,5.768481642007828,575.5036072805524,7687.1621621621625
1780999274,250,GET,/product/LS4PSXUNUM,0.900000,0.000000,370,370,570,570,790,790,790,790,790,790,790,41,0,98,160.23158077604887,5.51218818873167,789.3283795565367,7688.756097560976
1780999274,250,GET,/product/OLJCESPC7Z,1.400000,0.000000,440,470,500,500,510,600,600,600,600,600,600,43,0,120,224.42242182617963,5.476834252476692,598.4466448426247,7719.3488372093025
1780999274,250,,Aggregated,90.800000,0.000000,670,790,870,940,1100,1200,1300,1300,1400,1400,1400,3191,0,190,327.5485924109163,5.476834252476692,1388.2655836641788,10293.199310560953
1780999275,255,GET,/,68.400000,0.000000,790,920,1000,1000,1200,1200,1300,1400,1400,1400,1400,2418,0,230,376.14730403529796,5.8043645694851875,1410.3347295895219,10237.75723738627
1780999275,255,POST,/cart,7.900000,0.000000,590,690,770,830,920,990,1100,1200,1200,1200,1200,270,0,190,309.4556531834382,8.528371341526508,1197.8139756247401,16839.937037037038
1780999275,255,POST,/cart/checkout,5.100000,0.000000,360,410,420,440,470,680,690,710,710,710,710,154,0,150,212.53457292309636,7.498210296034813,749.6547512710094,6549.831168831169
1780999275,255,GET,/product/0PUK6V6EV0,1.100000,0.000000,490,510,700,700,730,790,790,790,790,790,790,53,0,200,234.96235632952653,5.884075537323952,793.7771286815405,7687.754716981132
1780999275,255,GET,/product/1YMWWN1N4O,1.800000,0.000000,500,510,520,520,710,710,710,710,710,710,710,52,0,220,261.041443884516,5.62835019081831,712.7725072205067,7724.5
1780999275,255,GET,/product/2ZYFJ3GM2N,1.000000,0.000000,390,400,400,490,490,490,490,490,490,490,490,46,0,98,147.62166917890957,6.236707791686058,494.05275471508503,7717.652173913043
1780999275,255,GET,/product/66VCHSJNUP,1.300000,0.000000,500,500,590,590,680,700,700,700,700,700,700,46,0,99,200.3354348404252,5.739543586969376,700.8778527379036,7679.173913043478
1780999275,255,GET,/product/6E92ZMYYFZ,1.500000,0.000000,330,400,420,480,600,780,780,780,780,780,780,40,0,200,219.8653016705066,5.730173550546169,781.6692302003503,7670.0
1780999275,255,GET,/product/9SIQT8TOJO,0.900000,0.000000,400,480,510,510,520,690,690,690,690,690,690,56,0,98,179.68989077157207,5.914391949772835,691.1329235881567,7722.517857142857
1780999275,255,GET,/product/L9ECAV7KIM,1.000000,0.000000,430,480,580,580,600,600,600,600,600,600,600,38,0,120,191.00186584125223,5.768481642007828,604.170017875731,7685.526315789473
1780999275,255,GET,/product/LS4PSXUNUM,1.000000,0.000000,570,690,700,790,920,920,920,920,920,920,920,45,0,120,208.65663101689682,5.51218818873167,921.4839423075318,7690.2
1780999275,255,GET,/product/OLJCESPC7Z,1.300000,0.000000,470,490,500,510,510,600,600,600,600,600,600,44,0,120,230.96923157572746,5.476834252476692,598.4466448426247,7718.681818181818
1780999275,255,,Aggregated,92.300000,0.000000,710,830,940,980,1100,1200,1300,1300,1400,1400,1400,3262,0,200,341.35751990695064,5.476834252476692,1410.3347295895219,10283.484058859596
1780999276,260,GET,/,66.800000,0.000000,880,1000,1100,1200,1300,1300,1400,1500,1700,1700,1700,2495,0,250,404.25315215466975,5.8043645694851875,1697.8940647095442,10238.066132264528
1780999276,260,POST,/cart,7.900000,0.000000,620,750,780,850,970,1000,1200,1200,1200,1200,1200,273,0,190,316.2131347000981,8.528371341526508,1206.101975403726,16848.915750915752
1780999276,260,POST,/cart/checkout,5.500000,0.000000,360,410,450,460,630,680,690,710,710,710,710,160,0,170,224.17259894427843,7.498210296034813,749.6547512710094,6549.75
1780999276,260,GET,/product/0PUK6V6EV0,1.200000,0.000000,500,600,690,700,730,790,790,790,790,790,790,55,0,200,248.04270204833963,5.884075537323952,793.7771286815405,7689.018181818182
1780999276,260,GET,/product/1YMWWN1N4O,1.700000,0.000000,500,510,520,680,710,710,710,710,710,710,710,53,0,270,265.16813465025064,5.62835019081831,712.7725072205067,7724.2830188679245
1780999276,260,GET,/product/2ZYFJ3GM2N,1.200000,0.000000,490,490,600,600,600,780,780,780,780,780,780,50,0,100,185.29014552012086,6.236707791686058,775.8904062211514,7714.42
1780999276,260,GET,/product/66VCHSJNUP,1.400000,0.000000,500,540,590,680,700,700,700,700,700,700,700,48,0,120,212.57668397932625,5.739543586969376,700.8778527379036,7675.5625
1780999276,260,GET,/product/6E92ZMYYFZ,1.500000,0.000000,400,480,600,600,700,780,780,780,780,780,780,42,0,220,240.2433598458412,5.730173550546169,781.6692302003503,7667.9047619047615
1780999276,260,GET,/product/9SIQT8TOJO,1.100000,0.000000,400,470,480,520,690,690,690,690,690,690,690,56,0,98,179.68989077157207,5.914391949772835,691.1329235881567,7722.517857142857
1780999276,260,GET,/product/L9ECAV7KIM,0.900000,0.000000,490,600,680,680,780,790,790,790,790,790,790,43,0,190,241.83904650339554,5.768481642007828,786.4175848662853,7688.790697674419
1780999276,260,GET,/product/LS4PSXUNUM,0.600000,0.000000,570,690,700,790,920,920,920,920,920,920,920,45,0,120,208.65663101689682,5.51218818873167,921.4839423075318,7690.2
1780999276,260,GET,/product/OLJCESPC7Z,1.700000,0.000000,470,500,510,510,700,770,770,770,770,770,770,46,0,170,252.96817315013513,5.476834252476692,772.0906436443329,7721.04347826087
1780999276,260,,Aggregated,91.500000,0.000000,780,940,1000,1100,1200,1300,1400,1500,1700,1700,1700,3366,0,220,365.2845758892733,5.476834252476692,1697.8940647095442,10268.710041592394
1780999277,265,GET,/,68.300000,0.000000,970,1100,1200,1200,1300,1400,1500,1500,1700,1700,1700,2592,0,280,431.4637621379613,5.8043645694851875,1697.8940647095442,10237.79050925926
1780999277,265,POST,/cart,7.700000,0.000000,650,770,830,880,970,1000,1200,1200,1200,1200,1200,277,0,200,323.2545256110359,8.528371341526508,1206.101975403726,16860.62093862816
1780999277,265,POST,/cart/checkout,5.400000,0.000000,350,420,460,470,630,680,690,710,710,710,710,165,0,190,226.8310051524278,7.498210296034813,749.6547512710094,6549.727272727273
1780999277,265,GET,/product/0PUK6V6EV0,1.200000,0.000000,500,600,700,700,730,790,790,790,790,790,790,55,0,200,248.04270204833963,5.884075537323952,793.7771286815405,7689.018181818182
1780999277,265,GET,/product/1YMWWN1N4O,1.500000,0.000000,500,510,680,680,710,710,710,710,710,710,710,53,0,270,265.16813465025064,5.62835019081831,712.7725072205067,7724.2830188679245
1780999277,265,GET,/product/2ZYFJ3GM2N,1.200000,0.000000,490,490,600,600,600,780,780,780,780,780,780,51,0,120,191.24883939238157,6.236707791686058,775.8904062211514,7715.901960784314
1780999277,265,GET,/product/66VCHSJNUP,1.400000,0.000000,500,540,590,590,680,700,700,700,700,700,700,49,0,120,217.93878255221918,5.739543586969376,700.8778527379036,7674.775510204082
1780999277,265,GET,/product/6E92ZMYYFZ,1.400000,0.000000,400,420,600,600,700,780,780,780,780,780,780,44,0,230,245.063756656071,5.730173550546169,781.6692302003503,7670.090909090909
1780999277,265,GET,/product/9SIQT8TOJO,1.200000,0.000000,400,470,470,520,690,690,690,690,690,690,690,58,0,100,188.4344588997292,5.914391949772835,691.1329235881567,7724.5
1780999277,265,GET,/product/L9ECAV7KIM,0.800000,0.000000,500,600,680,680,780,790,790,790,790,790,790,44,0,190,247.80624120665544,5.768481642007828,786.4175848662853,7687.704545454545
1780999277,265,GET,/product/LS4PSXUNUM,0.500000,0.000000,510,570,700,700,790,920,920,920,920,920,920,48,0,120,215.02873759406307,5.51218818873167,921.4839423075318,7689.916666666667
1780999277,265,GET,/product/OLJCESPC7Z,1.500000,0.000000,470,500,510,600,700,770,770,770,770,770,770,46,0,170,252.96817315013513,5.476834252476692,772.0906436443329,7721.04347826087
1780999277,265,,Aggregated,92.100000,0.000000,850,1000,1100,1100,1300,1300,1400,1500,1700,1700,1700,3482,0,250,387.14102116621507,5.476834252476692,1697.8940647095442,10263.456634118324
1780999278,270,GET,/,68.300000,0.000000,990,1100,1200,1200,1300,1400,1500,1500,1700,1700,1700,2655,0,290,443.51995433075615,5.8043645694851875,1697.8940647095442,10238.219209039547
1780999278,270,POST,/cart,7.500000,0.000000,750,790,880,900,990,1100,1200,1200,1200,1200,1200,286,0,200,336.66365459834884,8.528371341526508,1206.101975403726,16856.24125874126
1780999278,270,POST,/cart/checkout,5.200000,0.000000,360,420,460,470,630,680,690,710,710,710,710,169,0,190,230.33357560414183,7.498210296034813,749.6547512710094,6550.118343195266
1780999278,270,GET,/product/0PUK6V6EV0,1.600000,0.000000,500,600,690,700,730,790,790,790,790,790,790,56,0,200,252.38581520638294,5.884075537323952,793.7771286815405,7689.964285714285
1780999278,270,GET,/product/1YMWWN1N4O,1.600000,0.000000,500,510,680,680,710,710,710,710,710,710,710,53,0,270,265.16813465025064,5.62835019081831,712.7725072205067,7724.2830188679245
1780999278,270,GET,/product/2ZYFJ3GM2N,1.000000,0.000000,490,500,510,600,600,780,780,780,780,780,780,52,0,120,197.34016431567187,6.236707791686058,775.8904062211514,7715.615384615385
1780999278,270,GET,/product/66VCHSJNUP,1.200000,0.000000,510,540,680,680,690,700,700,700,700,700,700,51,0,180,232.91703419504213,5.739543586969376,700.8778527379036,7668.509803921569
1780999278,270,GET,/product/6E92ZMYYFZ,1.200000,0.000000,480,570,600,600,700,700,780,780,780,780,780,53,0,300,291.92160677937966,5.730173550546169,781.6692302003503,7664.207547169812
1780999278,270,GET,/product/9SIQT8TOJO,1.100000,0.000000,470,520,600,600,600,690,690,690,690,690,690,60,0,100,202.0919031308343,5.914391949772835,691.1329235881567,7724.6
1780999278,270,GET,/product/L9ECAV7KIM,0.800000,0.000000,500,600,680,680,780,790,790,790,790,790,790,46,0,200,262.7782367331826,5.768481642007828,786.4175848662853,7688.086956521739
1780999278,270,GET,/product/LS4PSXUNUM,0.900000,0.000000,570,590,700,700,790,920,920,920,920,920,920,50,0,130,228.48639694973826,5.51218818873167,921.4839423075318,7691.84
1780999278,270,GET,/product/OLJCESPC7Z,1.500000,0.000000,500,500,580,600,700,770,770,770,770,770,770,51,0,290,278.68847558092256,5.476834252476692,772.0906436443329,7718.921568627451
1780999278,270,,Aggregated,92.000000,0.000000,900,1000,1100,1100,1300,1300,1400,1500,1700,1700,1700,3582,0,270,398.7739315063556,5.476834252476692,1697.8940647095442,10258.02512562814
1780999279,275,GET,/,66.600000,0.000000,1000,1100,1200,1200,1300,1400,1500,1500,1700,1700,1700,2729,0,320,459.92047544575604,5.8043645694851875,1697.8940647095442,10238.427262733601
1780999279,275,POST,/cart,7.400000,0.000000,730,790,850,880,970,1100,1200,1200,1200,1200,1200,295,0,280,345.49171489868627,8.528371341526508,1206.101975403726,16846.681355932204
1780999279,275,POST,/cart/checkout,5.500000,0.000000,350,450,470,490,630,680,690,710,710,710,710,175,0,200,234.7824869996735,7.498210296034813,749.6547512710094,6550.331428571429
1780999279,275,GET,/product/0PUK6V6EV0,1.700000,0.000000,510,600,700,700,730,790,790,790,790,790,790,58,0,220,262.1907140610033,5.884075537323952,793.7771286815405,7691.189655172414
1780999279,275,GET,/product/1YMWWN1N4O,1.400000,0.000000,500,520,680,680,710,710,710,710,710,710,710,53,0,270,265.16813465025064,5.62835019081831,712.7725072205067,7724.2830188679245
1780999279,275,GET,/product/2ZYFJ3GM2N,1.200000,0.000000,490,510,600,600,780,790,790,790,790,790,790,54,0,140,212.40517704023256,6.236707791686058,788.571322336793,7715.87037037037
1780999279,275,GET,/product/66VCHSJNUP,1.000000,0.000000,510,540,680,680,690,700,700,700,700,700,700,52,0,180,234.48223088724683,5.739543586969376,700.8778527379036,7669.538461538462
1780999279,275,GET,/product/6E92ZMYYFZ,1.400000,0.000000,500,570,600,600,700,700,780,780,780,780,780,55,0,300,291.9356712563471,5.730173550546169,781.6692302003503,7665.527272727273
1780999279,275,GET,/product/9SIQT8TOJO,1.000000,0.000000,470,520,600,600,600,690,690,690,690,690,690,62,0,100,208.51811439159417,5.914391949772835,691.1329235881567,7723.129032258064
1780999279,275,GET,/product/L9ECAV7KIM,1.100000,0.000000,580,600,680,680,780,790,790,790,790,790,790,47,0,210,270.03608398298,5.768481642007828,786.4175848662853,7689.276595744681
1780999279,275,GET,/product/LS4PSXUNUM,1.000000,0.000000,570,590,700,700,790,920,920,920,920,920,920,50,0,130,228.48639694973826,5.51218818873167,921.4839423075318,7691.84
1780999279,275,GET,/product/OLJCESPC7Z,1.500000,0.000000,500,510,600,700,770,800,800,800,800,800,800,53,0,310,291.04969769997416,5.476834252476692,799.5275240391493,7720.188679245283
1780999279,275,,Aggregated,90.800000,0.000000,950,1000,1100,1100,1300,1300,1400,1500,1700,1700,1700,3683,0,280,412.59303054955143,5.476834252476692,1697.8940647095442,10258.83573174043
1780999280,280,GET,/,71.200000,0.000000,1000,1100,1200,1200,1300,1400,1500,1600,1800,1800,1800,2805,0,350,479.23992913973365,5.8043645694851875,1789.4535465165973,10238.283065953654
1780999280,280,POST,/cart,6.200000,0.000000,750,810,850,880,970,1100,1200,1200,1200,1200,1200,301,0,300,352.7702289104363,8.528371341526508,1206.101975403726,16853.25581395349
1780999280,280,POST,/cart/checkout,5.100000,0.000000,350,460,490,500,680,680,710,710,710,710,710,176,0,200,236.92830856783655,7.498210296034813,749.6547512710094,6550.386363636364
1780999280,280,GET,/product/0PUK6V6EV0,1.600000,0.000000,510,600,690,700,710,730,730,730,730,730,730,58,0,220,262.1907140610033,5.884075537323952,793.7771286815405,7691.189655172414
1780999280,280,GET,/product/1YMWWN1N4O,1.200000,0.000000,510,510,710,710,710,710,710,710,710,710,710,53,0,270,265.16813465025064,5.62835019081831,712.7725072205067,7724.2830188679245
1780999280,280,GET,/product/2ZYFJ3GM2N,1.200000,0.000000,490,510,600,600,780,790,790,790,790,790,790,54,0,140,212.40517704023256,6.236707791686058,788.571322336793,7715.87037037037
1780999280,280,GET,/product/66VCHSJNUP,1.100000,0.000000,500,540,590,680,690,700,700,700,700,700,700,53,0,200,237.4101476568096,5.739543586969376,700.8778527379036,7670.528301886792
1780999280,280,GET,/product/6E92ZMYYFZ,1.700000,0.000000,500,570,600,600,700,700,700,700,700,700,700,56,0,300,297.44892597331534,5.730173550546169,781.6692302003503,7666.232142857143
1780999280,280,GET,/product/9SIQT8TOJO,1.000000,0.000000,470,490,600,600,600,690,690,690,690,690,690,63,0,110,210.28766665785085,5.914391949772835,691.1329235881567,7722.460317460317
1780999280,280,GET,/product/L9ECAV7KIM,1.200000,0.000000,580,600,680,680,780,790,790,790,790,790,790,47,0,210,270.03608398298,5.768481642007828,786.4175848662853,7689.276595744681
1780999280,280,GET,/product/LS4PSXUNUM,1.000000,0.000000,570,590,700,700,790,920,920,920,920,920,920,50,0,130,228.48639694973826,5.51218818873167,921.4839423075318,7691.84
1780999280,280,GET,/product/OLJCESPC7Z,1.600000,0.000000,490,510,580,700,770,800,800,800,800,800,800,53,0,310,291.04969769997416,5.476834252476692,799.5275240391493,7720.188679245283
1780999280,280,,Aggregated,94.100000,0.000000,970,1100,1100,1200,1300,1400,1500,1600,1800,1800,1800,3769,0,290,428.4722008521237,5.476834252476692,1789.4535465165973,10266.313345715043
1780999281,285,GET,/,71.400000,0.000000,1100,1200,1200,1300,1400,1400,1600,1600,1800,1800,1800,2874,0,380,496.71150688386587,5.8043645694851875,1789.4535465165973,10238.474947807934
1780999281,285,POST,/cart,6.100000,0.000000,780,880,930,1000,1200,1300,1400,1500,1500,1500,1500,316,0,320,388.06219274602546,8.528371341526508,1487.4816285446286,16860.022151898735
1780999281,285,POST,/cart/checkout,5.200000,0.000000,410,460,500,530,680,680,710,710,710,710,710,180,0,200,241.68073840232358,7.498210296034813,749.6547512710094,6550.205555555555
1780999281,285,GET,/product/0PUK6V6EV0,1.400000,0.000000,510,600,690,700,710,730,730,730,730,730,730,59,0,220,264.51039634708127,5.884075537323952,793.7771286815405,7692.423728813559
1780999281,285,GET,/product/1YMWWN1N4O,1.100000,0.000000,510,710,710,710,890,890,890,890,890,890,890,54,0,270,276.6532559223749,5.62835019081831,885.3646833449602,7723.111111111111
1780999281,285,GET,/product/2ZYFJ3GM2N,1.200000,0.000000,500,600,600,600,780,790,790,790,790,790,790,56,0,160,224.53951433167927,6.236707791686058,788.571322336793,7716.75
1780999281,285,GET,/product/66VCHSJNUP,1.200000,0.000000,500,540,680,690,700,850,850,850,850,850,850,55,0,200,253.36556908759204,5.739543586969376,854.9788016825914,7671.4
1780999281,285,GET,/product/6E92ZMYYFZ,2.300000,0.000000,500,600,600,700,700,880,880,880,880,880,880,57,0,300,307.72094457949464,5.730173550546169,882.9539865255356,7665.491228070176
1780999281,285,GET,/product/9SIQT8TOJO,0.900000,0.000000,470,490,600,600,600,690,690,690,690,690,690,63,0,110,210.28766665785085,5.914391949772835,691.1329235881567,7722.460317460317
1780999281,285,GET,/product/L9ECAV7KIM,1.200000,0.000000,520,600,680,680,790,880,880,880,880,880,880,52,0,280,300.01046261391963,5.768481642007828,883.1642111763358,7689.461538461538
1780999281,285,GET,/product/LS4PSXUNUM,1.200000,0.000000,510,590,690,690,700,920,920,920,920,920,920,51,0,190,233.80742278680498,5.51218818873167,921.4839423075318,7690.862745098039
1780999281,285,GET,/product/OLJCESPC7Z,1.800000,0.000000,500,510,700,700,800,900,900,900,900,900,900,55,0,310,305.919294601137,5.476834252476692,902.7319569140673,7719.927272727273
1780999281,285,,Aggregated,95.000000,0.000000,1000,1100,1200,1200,1300,1400,1500,1600,1800,1800,1800,3872,0,310,445.731473546658,5.476834252476692,1789.4535465165973,10278.222365702479
1780999282,290,GET,/,70.700000,0.000000,1100,1200,1200,1300,1400,1500,1600,1600,1800,1800,1800,2966,0,420,518.684791804832,5.8043645694851875,1789.4535465165973,10238.667228590695
1780999282,290,POST,/cart,6.800000,0.000000,790,890,960,1000,1200,1300,1400,1500,1500,1500,1500,321,0,340,395.5366355294472,8.528371341526508,1487.4816285446286,16876.682242990653
1780999282,290,POST,/cart/checkout,5.200000,0.000000,410,490,500,570,680,680,710,710,710,710,710,180,0,200,241.68073840232358,7.498210296034813,749.6547512710094,6550.205555555555
1780999282,290,GET,/product/0PUK6V6EV0,1.600000,0.000000,580,600,690,700,710,730,730,730,730,730,730,62,0,220,276.9284367771639,5.884075537323952,793.7771286815405,7692.5
1780999282,290,GET,/product/1YMWWN1N4O,1.100000,0.000000,700,710,710,710,890,890,890,890,890,890,890,56,0,270,289.95675849728286,5.62835019081831,885.3646833449602,7725.607142857143
1780999282,290,GET,/product/2ZYFJ3GM2N,1.400000,0.000000,510,600,600,600,780,790,790,790,790,790,790,56,0,160,224.53951433167927,6.236707791686058,788.571322336793,7716.75
1780999282,290,GET,/product/66VCHSJNUP,1.300000,0.000000,510,680,690,700,700,850,850,850,850,850,850,56,0,200,261.3183274765366,5.739543586969376,854.9788016825914,7672.839285714285
1780999282,290,GET,/product/6E92ZMYYFZ,2.100000,0.000000,500,600,600,700,700,880,880,880,880,880,880,57,0,300,307.72094457949464,5.730173550546169,882.9539865255356,7665.491228070176
1780999282,290,GET,/product/9SIQT8TOJO,1.100000,0.000000,490,520,600,600,600,690,690,690,690,690,690,64,0,110,216.34435700252652,5.914391949772835,691.1329235881567,7723.859375
1780999282,290,GET,/product/L9ECAV7KIM,1.300000,0.000000,520,600,680,680,790,880,880,880,880,880,880,54,0,290,305.4459175025975,5.768481642007828,883.1642111763358,7689.351851851852
1780999282,290,GET,/product/LS4PSXUNUM,1.200000,0.000000,510,590,690,690,700,920,920,920,920,920,920,51,0,190,233.80742278680498,5.51218818873167,921.4839423075318,7690.862745098039
1780999282,290,GET,/product/OLJCESPC7Z,1.700000,0.000000,500,700,700,770,800,900,900,900,900,900,900,58,0,310,322.71453299848685,5.476834252476692,902.7319569140673,7719.793103448276
1780999282,290,,Aggregated,95.500000,0.000000,1100,1100,1200,1200,1400,1400,1500,1600,1800,1800,1800,3981,0,330,464.21147948208164,5.476834252476692,1789.4535465165973,10279.375031399146
1780999283,295,GET,/,70.400000,0.000000,1100,1200,1300,1300,1400,1500,1600,1600,1800,1800,1800,3029,0,450,533.4738026354332,5.8043645694851875,1789.4535465165973,10238.84846483988
1780999283,295,POST,/cart,5.800000,0.000000,850,920,1000,1000,1200,1300,1400,1500,1500,1500,1500,332,0,370,414.33816825611945,8.528371341526508,1487.4816285446286,16859.75903614458
1780999283,295,POST,/cart/checkout,5.100000,0.000000,430,490,530,570,680,680,690,690,690,690,690,181,0,210,242.27709195561172,7.498210296034813,749.6547512710094,6550.110497237569
1780999283,295,GET,/product/0PUK6V6EV0,1.400000,0.000000,580,600,690,700,710,730,730,730,730,730,730,62,0,220,276.9284367771639,5.884075537323952,793.7771286815405,7692.5
1780999283,295,GET,/product/1YMWWN1N4O,0.600000,0.000000,700,710,710,710,890,890,890,890,890,890,890,56,0,270,289.95675849728286,5.62835019081831,885.3646833449602,7725.607142857143
1780999283,295,GET,/product/2ZYFJ3GM2N,1.300000,0.000000,510,600,600,600,780,790,790,790,790,790,790,56,0,160,224.53951433167927,6.236707791686058,788.571322336793,7716.75
1780999283,295,GET,/product/66VCHSJNUP,1.100000,0.000000,520,540,690,690,700,850,850,850,850,850,850,59,0,210,271.355326240093,5.739543586969376,854.9788016825914,7673.271186440678
1780999283,295,GET,/product/6E92ZMYYFZ,2.000000,0.000000,500,600,600,700,700,880,880,880,880,880,880,57,0,300,307.72094457949464,5.730173550546169,882.9539865255356,7665.491228070176
1780999283,295,GET,/product/9SIQT8TOJO,1.200000,0.000000,510,600,600,600,600,690,690,690,690,690,690,65,0,130,220.79229052536763,5.914391949772835,691.1329235881567,7723.6
1780999283,295,GET,/product/L9ECAV7KIM,1.500000,0.000000,520,600,680,780,880,900,900,900,900,900,900,55,0,290,316.18461791764605,5.768481642007828,896.074440330267,7689.490909090909
1780999283,295,GET,/product/LS4PSXUNUM,1.100000,0.000000,540,590,700,700,800,920,920,920,920,920,920,53,0,220,250.2198384828725,5.51218818873167,921.4839423075318,7691.7169811320755
1780999283,295,GET,/product/OLJCESPC7Z,1.800000,0.000000,500,700,700,770,800,900,900,900,900,900,900,58,0,310,322.71453299848685,5.476834252476692,902.7319569140673,7719.793103448276
1780999283,295,,Aggregated,93.300000,0.000000,1100,1200,1200,1300,1400,1400,1600,1600,1800,1800,1800,4063,0,350,477.6167199996681,5.476834252476692,1789.4535465165973,10289.985232586758
1780999284,300,GET,/,71.800000,0.000000,1200,1200,1300,1400,1400,1500,1600,1700,1800,1800,1800,3084,0,470,549.2287171565494,5.8043645694851875,1789.4535465165973,10238.908560311284
1780999284,300,POST,/cart,6.900000,0.000000,870,990,1000,1100,1300,1300,1400,1500,1500,1500,1500,336,0,370,423.3204197898019,8.528371341526508,1487.4816285446286,16864.83035714286
1780999284,300,POST,/cart/checkout,4.600000,0.000000,430,470,500,530,680,680,780,780,780,780,780,185,0,220,247.82458912782573,7.498210296034813,781.9722034037113,6550.113513513514
1780999284,300,GET,/product/0PUK6V6EV0,1.500000,0.000000,600,680,690,700,730,810,810,810,810,810,810,65,0,260,292.00296535228307,5.884075537323952,805.7201588526368,7693.261538461538
1780999284,300,GET,/product/1YMWWN1N4O,0.600000,0.000000,700,710,710,710,890,890,890,890,890,890,890,56,0,270,289.95675849728286,5.62835019081831,885.3646833449602,7725.607142857143
1780999284,300,GET,/product/2ZYFJ3GM2N,1.300000,0.000000,600,600,790,790,790,880,880,880,880,880,880,58,0,170,245.6549339253327,6.236707791686058,883.2636959850788,7716.413793103448
1780999284,300,GET,/product/66VCHSJNUP,1.300000,0.000000,510,530,690,700,850,880,880,880,880,880,880,60,0,210,281.4842260753115,5.739543586969376,879.0893163532019,7672.866666666667
1780999284,300,GET,/product/6E92ZMYYFZ,2.000000,0.000000,570,600,700,700,880,890,890,890,890,890,890,58,0,300,317.80393893734134,5.730173550546169,892.5346173346043,7664.913793103448
1780999284,300,GET,/product/9SIQT8TOJO,1.100000,0.000000,520,600,600,690,880,910,910,910,910,910,910,68,0,180,243.2730810388046,5.914391949772835,914.309554733336,7723.014705882353
1780999284,300,GET,/product/L9ECAV7KIM,1.800000,0.000000,600,600,680,780,880,900,900,900,900,900,900,56,0,290,321.1785143773471,5.768481642007828,896.074440330267,7688.696428571428
1780999284,300,GET,/product/LS4PSXUNUM,1.100000,0.000000,540,590,700,700,800,920,920,920,920,920,920,53,0,220,250.2198384828725,5.51218818873167,921.4839423075318,7691.7169811320755
1780999284,300,GET,/product/OLJCESPC7Z,1.700000,0.000000,580,700,770,780,810,900,900,900,900,900,900,60,0,380,333.62001079755527,5.476834252476692,902.7319569140673,7719.766666666666
1780999284,300,,Aggregated,95.700000,0.000000,1100,1200,1300,1300,1400,1500,1600,1700,1800,1800,1800,4139,0,370,491.54371383579013,5.476834252476692,1789.4535465165973,10284.346943706209
1780999285,300,GET,/,75.500000,0.000000,1200,1300,1400,1400,1700,1800,2000,2100,2400,2400,2400,3183,0,510,587.0512542597179,5.8043645694851875,2446.9428434967995,10239.000314169023
1780999285,300,POST,/cart,6.800000,0.000000,890,1000,1100,1200,1400,1500,1700,1700,1700,1700,1700,349,0,390,452.2160662172688,8.528371341526508,1713.0615841597319,16906.595988538684
1780999285,300,POST,/cart/checkout,4.100000,0.000000,430,490,500,570,680,780,790,790,790,790,790,187,0,220,251.90443763220534,7.498210296034813,786.3423312082887,6550.144385026738
1780999285,300,GET,/product/0PUK6V6EV0,1.500000,0.000000,580,600,680,680,690,810,810,810,810,810,810,65,0,260,292.00296535228307,5.884075537323952,805.7201588526368,7693.261538461538
1780999285,300,GET,/product/1YMWWN1N4O,0.800000,0.000000,700,800,800,890,890,890,890,890,890,890,890,57,0,270,298.9581227629331,5.62835019081831,885.3646833449602,7724.6140350877195
1780999285,300,GET,/product/2ZYFJ3GM2N,1.200000,0.000000,600,600,790,790,790,880,880,880,880,880,880,58,0,170,245.6549339253327,6.236707791686058,883.2636959850788,7716.413793103448
1780999285,300,GET,/product/66VCHSJNUP,1.400000,0.000000,510,530,690,700,850,880,880,880,880,880,880,61,0,210,286.91123822917706,5.739543586969376,879.0893163532019,7674.459016393443
1780999285,300,GET,/product/6E92ZMYYFZ,1.900000,0.000000,570,600,700,700,880,890,890,890,890,890,890,58,0,300,317.80393893734134,5.730173550546169,892.5346173346043,7664.913793103448
1780999285,300,GET,/product/9SIQT8TOJO,1.200000,0.000000,600,600,700,880,890,910,910,910,910,910,910,70,0,190,259.0054922338043,5.914391949772835,914.309554733336,7722.614285714286
1780999285,300,GET,/product/L9ECAV7KIM,1.900000,0.000000,600,600,680,780,880,900,900,900,900,900,900,56,0,290,321.1785143773471,5.768481642007828,896.074440330267,7688.696428571428
1780999285,300,GET,/product/LS4PSXUNUM,1.000000,0.000000,510,540,590,590,800,800,800,800,800,800,800,53,0,220,250.2198384828725,5.51218818873167,921.4839423075318,7691.7169811320755
1780999285,300,GET,/product/OLJCESPC7Z,1.900000,0.000000,700,700,780,780,810,900,900,900,900,900,900,60,0,380,333.62001079755527,5.476834252476692,902.7319569140673,7719.766666666666
1780999285,300,,Aggregated,99.200000,0.000000,1100,1200,1300,1400,1600,1800,1900,2000,2400,2400,2400,4257,0,400,523.6344652356296,5.476834252476692,2446.9428434967995,10302.710359408034
1780999286,300,GET,/,74.400000,0.000000,1200,1400,1500,1500,1700,1800,2000,2100,2400,2400,2400,3248,0,540,605.9845532557304,5.8043645694851875,2446.9428434967995,10239.169642857143
1780999286,300,POST,/cart,6.900000,0.000000,900,1000,1100,1200,1300,1500,1700,1700,1700,1700,1700,358,0,410,463.4106358638106,8.528371341526508,1713.0615841597319,16909.41899441341
1780999286,300,POST,/cart/checkout,3.600000,0.000000,400,470,530,580,700,790,870,870,870,870,870,196,0,240,260.9513273073018,7.498210296034813,874.689226038754,6549.90306122449
1780999286,300,GET,/product/0PUK6V6EV0,1.400000,0.000000,600,680,760,760,820,830,830,830,830,830,830,69,0,280,315.1866068685616,5.884075537323952,833.8259989395738,7680.536231884058
1780999286,300,GET,/product/1YMWWN1N4O,0.800000,0.000000,760,760,800,800,890,890,890,890,890,890,890,58,0,270,306.8669474972733,5.62835019081831,885.3646833449602,7726.120689655172
1780999286,300,GET,/product/2ZYFJ3GM2N,1.000000,0.000000,600,790,790,790,790,880,880,880,880,880,880,61,0,170,263.09540411304744,6.236707791686058,883.2636959850788,7714.0
1780999286,300,GET,/product/66VCHSJNUP,1.600000,0.000000,530,690,700,720,850,880,880,880,880,880,880,62,0,210,293.8523624512938,5.739543586969376,879.0893163532019,7675.774193548387
1780999286,300,GET,/product/6E92ZMYYFZ,1.700000,0.000000,500,600,700,700,880,890,890,890,890,890,890,59,0,310,326.4540415099364,5.730173550546169,892.5346173346043,7661.6949152542375
1780999286,300,GET,/product/9SIQT8TOJO,1.100000,0.000000,600,600,870,880,890,910,910,910,910,910,910,71,0,190,267.5821857107147,5.914391949772835,914.309554733336,7720.070422535211
1780999286,300,GET,/product/L9ECAV7KIM,1.800000,0.000000,520,600,680,680,880,900,900,900,900,900,900,59,0,300,332.36071420044215,5.768481642007828,896.074440330267,7690.186440677966
1780999286,300,GET,/product/LS4PSXUNUM,1.200000,0.000000,540,590,660,800,950,950,950,950,950,950,950,56,0,230,274.29515740368515,5.51218818873167,952.0295886322856,7687.357142857143
1780999286,300,GET,/product/OLJCESPC7Z,1.500000,0.000000,580,700,780,780,810,900,900,900,900,900,900,62,0,400,342.38453658538,5.476834252476692,902.7319569140673,7718.870967741936
1780999286,300,,Aggregated,97.000000,0.000000,1100,1300,1400,1500,1600,1800,1900,2000,2400,2400,2400,4359,0,410,539.9302357359508,5.476834252476692,2446.9428434967995,10296.317504014682
1780999287,300,GET,/,71.000000,0.000000,1200,1400,1500,1600,1700,1900,2000,2100,2400,2400,2400,3329,0,580,623.9180062976116,5.8043645694851875,2446.9428434967995,10239.380895163713
1780999287,300,POST,/cart,7.400000,0.000000,900,1000,1100,1200,1300,1500,1700,1700,1700,1700,1700,360,0,420,466.515825347354,8.528371341526508,1713.0615841597319,16909.575
1780999287,300,POST,/cart/checkout,3.600000,0.000000,430,530,650,690,790,850,870,870,870,870,870,201,0,250,271.8294327198273,7.498210296034813,874.689226038754,6549.900497512438
1780999287,300,GET,/product/0PUK6V6EV0,1.700000,0.000000,610,680,810,810,820,830,830,830,830,830,830,71,0,290,326.3754343194231,5.884075537323952,833.8259989395738,7682.084507042254
1780999287,300,GET,/product/1YMWWN1N4O,0.700000,0.000000,760,800,890,890,980,980,980,980,980,980,980,59,0,290,318.30757594335887,5.62835019081831,981.8640258163214,7725.830508474576
1780999287,300,GET,/product/2ZYFJ3GM2N,1.200000,0.000000,740,790,790,790,880,880,880,880,880,880,880,62,0,170,272.98304689447247,6.236707791686058,883.2636959850788,7715.225806451613
1780999287,300,GET,/product/66VCHSJNUP,1.600000,0.000000,530,700,720,770,850,880,880,880,880,880,880,63,0,220,301.48639175153914,5.739543586969376,879.0893163532019,7676.984126984127
1780999287,300,GET,/product/6E92ZMYYFZ,1.800000,0.000000,590,600,770,770,880,890,890,890,890,890,890,62,0,310,343.7763226609076,5.730173550546169,892.5346173346043,7665.080645161291
1780999287,300,GET,/product/9SIQT8TOJO,1.200000,0.000000,600,700,870,880,890,910,910,910,910,910,910,73,0,200,275.2289171649577,5.914391949772835,914.309554733336,7720.219178082192
1780999287,300,GET,/product/L9ECAV7KIM,1.900000,0.000000,520,600,700,710,880,900,900,900,900,900,900,60,0,300,338.5469301758955,5.768481642007828,896.074440330267,7689.833333333333
1780999287,300,GET,/product/LS4PSXUNUM,1.200000,0.000000,590,640,660,800,950,950,950,950,950,950,950,57,0,230,280.7900099770019,5.51218818873167,952.0295886322856,7688.508771929824
1780999287,300,GET,/product/OLJCESPC7Z,1.700000,0.000000,580,700,780,780,810,900,900,900,900,900,900,63,0,400,346.209802576119,5.476834252476692,902.7319569140673,7720.460317460317
1780999287,300,,Aggregated,95.000000,0.000000,1200,1300,1400,1500,1700,1800,2000,2000,2400,2400,2400,4460,0,430,555.384026316408,5.476834252476692,2446.9428434967995,10286.761659192825
1780999288,300,GET,/,75.300000,0.000000,1300,1400,1500,1600,1700,1900,2000,2100,2400,2400,2400,3411,0,610,637.8424318299261,5.8043645694851875,2446.9428434967995,10239.44151275286
1780999288,300,POST,/cart,7.900000,0.000000,970,1000,1200,1200,1300,1500,1700,1700,1700,1700,1700,371,0,440,481.59551736208385,8.528371341526508,1713.0615841597319,16912.520215633424
1780999288,300,POST,/cart/checkout,3.700000,0.000000,450,530,630,660,780,800,870,870,870,870,870,211,0,250,278.8776758378504,7.498210296034813,874.689226038754,6549.947867298578
1780999288,300,GET,/product/0PUK6V6EV0,1.200000,0.000000,620,680,810,810,820,830,830,830,830,830,830,74,0,290,340.63425195730616,5.884075537323952,833.8259989395738,7677.445945945946
1780999288,300,GET,/product/1YMWWN1N4O,0.500000,0.000000,760,800,890,890,980,980,980,980,980,980,980,60,0,290,324.71514871964854,5.62835019081831,981.8640258163214,7722.583333333333
1780999288,300,GET,/product/2ZYFJ3GM2N,1.200000,0.000000,790,790,790,880,880,880,880,880,880,880,880,62,0,170,272.98304689447247,6.236707791686058,883.2636959850788,7715.225806451613
1780999288,300,GET,/product/66VCHSJNUP,1.500000,0.000000,600,700,720,770,850,880,880,880,880,880,880,64,0,220,306.14312129910104,5.739543586969376,879.0893163532019,7676.453125
1780999288,300,GET,/product/6E92ZMYYFZ,1.800000,0.000000,690,770,830,880,890,890,890,890,890,890,890,63,0,320,344.96278842053715,5.730173550546169,892.5346173346043,7666.571428571428
1780999288,300,GET,/product/9SIQT8TOJO,1.400000,0.000000,590,700,870,880,890,910,910,910,910,910,910,73,0,200,275.2289171649577,5.914391949772835,914.309554733336,7720.219178082192
1780999288,300,GET,/product/L9ECAV7KIM,1.800000,0.000000,600,700,730,880,1000,1000,1000,1000,1000,1000,1000,64,0,320,370.19743034034036,5.768481642007828,1019.3946454674006,7683.28125
1780999288,300,GET,/product/LS4PSXUNUM,0.800000,0.000000,590,660,800,800,950,1000,1000,1000,1000,1000,1000,59,0,270,295.78534827835983,5.51218818873167,1023.0583418160677,7683.203389830508
1780999288,300,GET,/product/OLJCESPC7Z,1.600000,0.000000,720,800,900,1000,1000,1000,1000,1000,1000,1000,1000,66,0,410,376.6683787530796,5.476834252476692,1024.9921204522252,7712.393939393939
1780999288,300,,Aggregated,98.600000,0.000000,1200,1400,1400,1500,1700,1800,2000,2000,2400,2400,2400,4578,0,460,568.4211586861207,5.476834252476692,2446.9428434967995,10285.074049803408
1780999289,300,GET,/,75.300000,0.000000,1300,1400,1500,1600,1700,1900,2000,2100,2400,2400,2400,3475,0,630,649.6994316076739,5.8043645694851875,2446.9428434967995,10239.626762589927
1780999289,300,POST,/cart,8.200000,0.000000,1000,1100,1200,1300,1400,1500,1700,1700,1700,1700,1700,380,0,450,492.52282372479766,8.528371341526508,1713.0615841597319,16930.084210526315
1780999289,300,POST,/cart/checkout,3.400000,0.000000,450,570,650,690,790,850,870,870,870,870,870,213,0,260,279.4729045115656,7.498210296034813,874.689226038754,6550.018779342723
1780999289,300,GET,/product/0PUK6V6EV0,1.400000,0.000000,610,680,810,810,820,830,830,830,830,830,830,77,0,300,350.6076285712324,5.884075537323952,833.8259989395738,7677.8441558441555
1780999289,300,GET,/product/1YMWWN1N4O,0.500000,0.000000,760,800,890,890,980,980,980,980,980,980,980,61,0,290,327.0176840854473,5.62835019081831,981.8640258163214,7722.196721311476
1780999289,300,GET,/product/2ZYFJ3GM2N,1.100000,0.000000,740,790,790,790,880,880,880,880,880,880,880,63,0,220,276.51038737819783,6.236707791686058,883.2636959850788,7716.539682539683
1780999289,300,GET,/product/66VCHSJNUP,1.400000,0.000000,600,700,720,770,850,880,880,880,880,880,880,64,0,220,306.14312129910104,5.739543586969376,879.0893163532019,7676.453125
1780999289,300,GET,/product/6E92ZMYYFZ,1.800000,0.000000,770,830,880,880,890,890,890,890,890,890,890,63,0,320,344.96278842053715,5.730173550546169,892.5346173346043,7666.571428571428
1780999289,300,GET,/product/9SIQT8TOJO,1.600000,0.000000,590,600,870,880,890,910,910,910,910,910,910,77,0,280,287.37859036047735,5.914391949772835,914.309554733336,7721.194805194805
1780999289,300,GET,/product/L9ECAV7KIM,1.700000,0.000000,600,700,730,880,1000,1000,1000,1000,1000,1000,1000,65,0,330,370.26031280939395,5.768481642007828,1019.3946454674006,7683.215384615384
1780999289,300,GET,/product/LS4PSXUNUM,1.000000,0.000000,600,660,800,800,950,1000,1000,1000,1000,1000,1000,61,0,270,304.11909087026703,5.51218818873167,1023.0583418160677,7682.377049180328
1780999289,300,GET,/product/OLJCESPC7Z,1.700000,0.000000,720,810,900,1000,1000,1000,1000,1000,1000,1000,1000,67,0,410,378.32607132897004,5.476834252476692,1024.9921204522252,7712.388059701492
1780999289,300,,Aggregated,99.100000,0.000000,1200,1400,1400,1500,1700,1800,2000,2000,2400,2400,2400,4666,0,480,578.6920157722263,5.476834252476692,2446.9428434967995,10290.02614659237
1780999290,300,GET,/,73.000000,0.000000,1400,1500,1500,1600,1700,1900,2000,2100,2400,2400,2400,3572,0,660,670.74289521143,5.8043645694851875,2446.9428434967995,10239.824468085106
1780999290,300,POST,/cart,8.700000,0.000000,990,1100,1200,1300,1400,1500,1700,1700,1700,1700,1700,385,0,460,496.5222951677906,8.528371341526508,1713.0615841597319,16924.8025974026
1780999290,300,POST,/cart/checkout,3.900000,0.000000,430,500,650,690,790,850,870,870,870,870,870,217,0,260,281.39627854069397,7.498210296034813,874.689226038754,6549.829493087557
1780999290,300,GET,/product/0PUK6V6EV0,1.600000,0.000000,620,760,810,810,830,830,830,830,830,830,830,77,0,300,350.6076285712324,5.884075537323952,833.8259989395738,7677.8441558441555
1780999290,300,GET,/product/1YMWWN1N4O,0.600000,0.000000,760,800,890,890,980,980,980,980,980,980,980,61,0,290,327.0176840854473,5.62835019081831,981.8640258163214,7722.196721311476
1780999290,300,GET,/product/2ZYFJ3GM2N,1.100000,0.000000,740,790,790,880,880,880,880,880,880,880,880,63,0,220,276.51038737819783,6.236707791686058,883.2636959850788,7716.539682539683
1780999290,300,GET,/product/66VCHSJNUP,1.300000,0.000000,620,700,720,770,850,880,880,880,880,880,880,67,0,300,321.42229736852113,5.739543586969376,879.0893163532019,7676.761194029851
1780999290,300,GET,/product/6E92ZMYYFZ,1.600000,0.000000,690,770,830,880,890,890,890,890,890,890,890,66,0,320,355.77535114222854,5.730173550546169,892.5346173346043,7665.893939393939
1780999290,300,GET,/product/9SIQT8TOJO,1.400000,0.000000,590,600,870,880,890,910,910,910,910,910,910,77,0,280,287.37859036047735,5.914391949772835,914.309554733336,7721.194805194805
1780999290,300,GET,/product/L9ECAV7KIM,1.500000,0.000000,620,700,730,880,1000,1000,1000,1000,1000,1000,1000,68,0,340,382.29570420020644,5.768481642007828,1019.3946454674006,7683.926470588235
1780999290,300,GET,/product/LS4PSXUNUM,0.900000,0.000000,640,720,720,800,950,1000,1000,1000,1000,1000,1000,64,0,280,320.1680222991854,5.51218818873167,1023.0583418160677,7680.109375
1780999290,300,GET,/product/OLJCESPC7Z,1.600000,0.000000,720,810,900,1000,1000,1000,1000,1000,1000,1000,1000,68,0,410,380.057759295382,5.476834252476692,1024.9921204522252,7709.323529411765
1780999290,300,,Aggregated,97.200000,0.000000,1300,1400,1500,1500,1700,1800,1900,2000,2300,2400,2400,4785,0,500,596.0205069621451,5.476834252476692,2446.9428434967995,10285.370323928944
1780999291,300,GET,/,73.600000,0.000000,1400,1500,1500,1600,1700,1900,2000,2100,2400,2400,2400,3620,0,670,679.0592608996539,5.8043645694851875,2446.9428434967995,10239.780662983425
1780999291,300,POST,/cart,8.500000,0.000000,990,1100,1200,1200,1400,1500,1700,1700,1700,1700,1700,392,0,470,506.10814211006294,8.528371341526508,1713.0615841597319,16927.01530612245
1780999291,300,POST,/cart/checkout,4.300000,0.000000,440,520,630,690,790,800,870,870,870,870,870,223,0,270,287.7613446328605,7.498210296034813,874.689226038754,6549.955156950673
1780999291,300,GET,/product/0PUK6V6EV0,2.000000,0.000000,630,810,810,810,830,830,830,830,830,830,830,77,0,300,350.6076285712324,5.884075537323952,833.8259989395738,7677.8441558441555
1780999291,300,GET,/product/1YMWWN1N4O,0.800000,0.000000,700,760,800,800,980,980,980,980,980,980,980,61,0,290,327.0176840854473,5.62835019081831,981.8640258163214,7722.196721311476
1780999291,300,GET,/product/2ZYFJ3GM2N,1.100000,0.000000,740,790,790,880,880,880,880,880,880,880,880,64,0,220,280.0156184966909,6.236707791686058,883.2636959850788,7716.046875
1780999291,300,GET,/product/66VCHSJNUP,1.300000,0.000000,620,690,700,720,770,880,880,880,880,880,880,70,0,310,332.2826643208308,5.739543586969376,879.0893163532019,7676.471428571429
1780999291,300,GET,/product/6E92ZMYYFZ,1.000000,0.000000,620,690,770,830,880,890,890,890,890,890,890,70,0,330,364.40558827349116,5.730173550546169,892.5346173346043,7665.885714285714
1780999291,300,GET,/product/9SIQT8TOJO,1.500000,0.000000,600,700,800,870,890,910,910,910,910,910,910,80,0,290,300.91600575251505,5.914391949772835,914.309554733336,7721.825
1780999291,300,GET,/product/L9ECAV7KIM,1.900000,0.000000,630,700,710,730,1000,1000,1000,1000,1000,1000,1000,70,0,370,389.3303884326347,5.768481642007828,1019.3946454674006,7686.157142857143
1780999291,300,GET,/product/LS4PSXUNUM,0.900000,0.000000,600,660,720,800,950,1000,1000,1000,1000,1000,1000,66,0,280,322.60425520044834,5.51218818873167,1023.0583418160677,7679.80303030303
1780999291,300,GET,/product/OLJCESPC7Z,1.600000,0.000000,580,720,810,1000,1000,1000,1000,1000,1000,1000,1000,69,0,410,382.1338813724941,5.476834252476692,1024.9921204522252,7708.782608695652
1780999291,300,,Aggregated,98.500000,0.000000,1300,1400,1500,1500,1700,1800,2000,2000,2400,2400,2400,4862,0,500,603.3276975977016,5.476834252476692,2446.9428434967995,10281.494446729741
1780999292,300,GET,/,74.300000,0.000000,1400,1500,1600,1600,1700,1900,2000,2100,2400,2400,2400,3695,0,690,694.3729349998039,5.8043645694851875,2446.9428434967995,10239.989986468201
1780999292,300,POST,/cart,8.100000,0.000000,980,1100,1200,1300,1400,1600,1700,1700,1700,1700,1700,401,0,480,519.140363069358,8.528371341526508,1713.0615841597319,16932.70573566085
1780999292,300,POST,/cart/checkout,3.900000,0.000000,450,530,630,660,790,800,870,870,870,870,870,226,0,270,291.00748325442584,7.498210296034813,874.689226038754,6549.880530973452
1780999292,300,GET,/product/0PUK6V6EV0,1.900000,0.000000,630,810,810,810,830,830,830,830,830,830,830,77,0,300,350.6076285712324,5.884075537323952,833.8259989395738,7677.8441558441555
1780999292,300,GET,/product/1YMWWN1N4O,0.800000,0.000000,700,760,800,800,980,980,980,980,980,980,980,61,0,290,327.0176840854473,5.62835019081831,981.8640258163214,7722.196721311476
1780999292,300,GET,/product/2ZYFJ3GM2N,0.900000,0.000000,790,790,880,880,880,880,880,880,880,880,880,64,0,220,280.0156184966909,6.236707791686058,883.2636959850788,7716.046875
1780999292,300,GET,/product/66VCHSJNUP,1.200000,0.000000,620,690,690,700,770,880,880,880,880,880,880,73,0,330,345.47456820839886,5.739543586969376,879.0893163532019,7677.424657534247
1780999292,300,GET,/product/6E92ZMYYFZ,0.800000,0.000000,590,630,700,770,830,890,890,890,890,890,890,72,0,330,372.09206321535424,5.730173550546169,892.5346173346043,7666.347222222223
1780999292,300,GET,/product/9SIQT8TOJO,1.500000,0.000000,600,700,870,870,890,910,910,910,910,910,910,83,0,300,314.65820675289416,5.914391949772835,914.309554733336,7722.3975903614455
1780999292,300,GET,/product/L9ECAV7KIM,1.900000,0.000000,630,690,710,730,1000,1000,1000,1000,1000,1000,1000,71,0,390,393.60397954432057,5.768481642007828,1019.3946454674006,7682.380281690141
1780999292,300,GET,/product/LS4PSXUNUM,1.100000,0.000000,640,700,720,720,950,1000,1000,1000,1000,1000,1000,67,0,280,328.28526793798403,5.51218818873167,1023.0583418160677,7680.805970149254
1780999292,300,GET,/product/OLJCESPC7Z,1.400000,0.000000,580,700,810,1000,1000,1000,1000,1000,1000,1000,1000,71,0,410,389.2161627890359,5.476834252476692,1024.9921204522252,7709.788732394366
1780999292,300,,Aggregated,97.800000,0.000000,1300,1400,1500,1600,1700,1800,2000,2000,2400,2400,2400,4961,0,520,616.8552879645829,5.476834252476692,2446.9428434967995,10285.017536786938
1780999293,300,GET,/,76.400000,0.000000,1400,1500,1600,1600,1700,1900,2000,2100,2400,2400,2400,3751,0,710,707.2605489477837,5.8043645694851875,2446.9428434967995,10240.155691815517
1780999293,300,POST,/cart,8.300000,0.000000,1000,1200,1200,1300,1500,1600,1700,1700,1700,1700,1700,416,0,520,540.7608370677245,8.528371341526508,1713.2541369646788,16948.53125
1780999293,300,POST,/cart/checkout,3.900000,0.000000,440,520,630,660,790,800,870,870,870,870,870,230,0,270,291.9739605049076,7.498210296034813,874.689226038754,6549.782608695652
1780999293,300,GET,/product/0PUK6V6EV0,1.900000,0.000000,630,810,810,820,830,830,830,830,830,830,830,77,0,300,350.6076285712324,5.884075537323952,833.8259989395738,7677.8441558441555
1780999293,300,GET,/product/1YMWWN1N4O,0.800000,0.000000,760,800,800,980,980,980,980,980,980,980,980,61,0,290,327.0176840854473,5.62835019081831,981.8640258163214,7722.196721311476
1780999293,300,GET,/product/2ZYFJ3GM2N,0.900000,0.000000,790,790,880,880,880,880,880,880,880,880,880,64,0,220,280.0156184966909,6.236707791686058,883.2636959850788,7716.046875
1780999293,300,GET,/product/66VCHSJNUP,1.400000,0.000000,620,690,700,720,770,880,880,880,880,880,880,76,0,340,357.37199485792144,5.739543586969376,879.0893163532019,7678.486842105263
1780999293,300,GET,/product/6E92ZMYYFZ,1.000000,0.000000,590,630,700,700,830,890,890,890,890,890,890,73,0,330,371.0032002234908,5.730173550546169,892.5346173346043,7666.986301369863
1780999293,300,GET,/product/9SIQT8TOJO,1.400000,0.000000,620,700,870,870,890,910,910,910,910,910,910,83,0,300,314.65820675289416,5.914391949772835,914.309554733336,7722.3975903614455
1780999293,300,GET,/product/L9ECAV7KIM,1.900000,0.000000,630,690,710,710,1000,1000,1000,1000,1000,1000,1000,71,0,390,393.60397954432057,5.768481642007828,1019.3946454674006,7682.380281690141
1780999293,300,GET,/product/LS4PSXUNUM,1.300000,0.000000,640,700,720,720,950,1000,1000,1000,1000,1000,1000,67,0,280,328.28526793798403,5.51218818873167,1023.0583418160677,7680.805970149254
1780999293,300,GET,/product/OLJCESPC7Z,1.400000,0.000000,580,690,810,1000,1000,1000,1000,1000,1000,1000,1000,73,0,410,392.91976163903735,5.476834252476692,1024.9921204522252,7709.191780821918
1780999293,300,,Aggregated,100.600000,0.000000,1300,1500,1500,1600,1700,1800,2000,2000,2400,2400,2400,5042,0,540,628.4995990554488,5.476834252476692,2446.9428434967995,10299.679888932964
1780999294,300,GET,/,74.100000,0.000000,1400,1500,1600,1700,1800,1900,2000,2100,2400,2400,2400,3860,0,740,729.276275777118,5.8043645694851875,2446.9428434967995,10240.385233160621
1780999294,300,POST,/cart,7.800000,0.000000,1100,1200,1300,1300,1400,1600,1700,1700,1700,1700,1700,430,0,540,565.9671340895774,8.528371341526508,1713.2541369646788,16955.218604651163
1780999294,300,POST,/cart/checkout,4.400000,0.000000,440,530,630,690,800,810,870,870,870,870,870,235,0,270,296.4159357817249,7.498210296034813,874.689226038754,6549.791489361702
1780999294,300,GET,/product/0PUK6V6EV0,1.700000,0.000000,620,760,810,810,830,830,830,830,830,830,830,81,0,350,360.5008379636723,5.884075537323952,833.8259989395738,7678.432098765432
1780999294,300,GET,/product/1YMWWN1N4O,0.700000,0.000000,760,760,800,800,980,980,980,980,980,980,980,62,0,290,328.59144564117156,5.62835019081831,981.8640258163214,7722.870967741936
1780999294,300,GET,/product/2ZYFJ3GM2N,0.800000,0.000000,780,790,790,880,880,880,880,880,880,880,880,66,0,220,294.0384234640409,6.236707791686058,883.2636959850788,7716.30303030303
1780999294,300,GET,/product/66VCHSJNUP,1.500000,0.000000,690,690,720,720,770,880,880,880,880,880,880,79,0,400,370.12194414163315,5.739543586969376,879.0893163532019,7680.569620253164
1780999294,300,GET,/product/6E92ZMYYFZ,1.300000,0.000000,620,690,710,770,890,1100,1100,1100,1100,1100,1100,77,0,390,391.6822299965984,5.730173550546169,1076.0419573634863,7669.1558441558445
1780999294,300,GET,/product/9SIQT8TOJO,1.700000,0.000000,600,700,800,870,890,1000,1000,1000,1000,1000,1000,85,0,300,323.8393182263655,5.914391949772835,1004.0487358346581,7721.635294117647
1780999294,300,GET,/product/L9ECAV7KIM,1.700000,0.000000,630,690,710,730,1000,1000,1000,1000,1000,1000,1000,73,0,400,404.91524657668316,5.768481642007828,1019.3946454674006,7681.821917808219
1780999294,300,GET,/product/LS4PSXUNUM,1.500000,0.000000,640,700,720,720,950,1000,1000,1000,1000,1000,1000,71,0,290,344.8167141317062,5.51218818873167,1023.0583418160677,7682.338028169014
1780999294,300,GET,/product/OLJCESPC7Z,1.300000,0.000000,610,700,720,810,1000,1000,1000,1000,1000,1000,1000,75,0,420,399.89461589604616,5.476834252476692,1024.9921204522252,7710.266666666666
1780999294,300,,Aggregated,98.500000,0.000000,1300,1500,1500,1600,1700,1900,2000,2000,2300,2400,2400,5194,0,580,648.4343884794295,5.476834252476692,2446.9428434967995,10301.501155179052
1780999295,300,GET,/,72.200000,0.000000,1400,1500,1500,1600,1700,1800,1900,2000,2300,2300,2300,3924,0,770,739.6220989543356,5.8043645694851875,2446.9428434967995,10240.443170234455
1780999295,300,POST,/cart,8.600000,0.000000,1100,1200,1300,1300,1500,1600,1700,1700,1700,1700,1700,440,0,570,580.2953013642268,8.528371341526508,1713.2541369646788,16961.30909090909
1780999295,300,POST,/cart/checkout,4.600000,0.000000,430,520,630,640,760,800,850,850,850,850,850,237,0,290,299.5432699256368,7.498210296034813,874.689226038754,6549.814345991561
1780999295,300,GET,/product/0PUK6V6EV0,1.500000,0.000000,630,760,810,810,830,830,830,830,830,830,830,81,0,350,360.5008379636723,5.884075537323952,833.8259989395738,7678.432098765432
1780999295,300,GET,/product/1YMWWN1N4O,0.500000,0.000000,700,760,760,980,980,980,980,980,980,980,980,62,0,290,328.59144564117156,5.62835019081831,981.8640258163214,7722.870967741936
1780999295,300,GET,/product/2ZYFJ3GM2N,0.800000,0.000000,740,780,790,870,880,880,880,880,880,880,880,67,0,220,302.70784253727146,6.236707791686058,883.2636959850788,7715.835820895522
1780999295,300,GET,/product/66VCHSJNUP,1.700000,0.000000,680,690,700,720,770,770,770,770,770,770,770,80,0,400,373.95179119193926,5.739543586969376,879.0893163532019,7680.175
1780999295,300,GET,/product/6E92ZMYYFZ,1.500000,0.000000,620,680,700,710,780,830,1100,1100,1100,1100,1100,81,0,400,402.37596447085156,5.730173550546169,1076.0419573634863,7669.543209876543
1780999295,300,GET,/product/9SIQT8TOJO,1.900000,0.000000,590,620,800,800,870,1000,1000,1000,1000,1000,1000,86,0,300,325.7390692786768,5.914391949772835,1004.0487358346581,7721.6511627906975
1780999295,300,GET,/product/L9ECAV7KIM,1.600000,0.000000,630,700,730,870,1000,1000,1000,1000,1000,1000,1000,75,0,400,412.4320762728651,5.768481642007828,1019.3946454674006,7681.56
1780999295,300,GET,/product/LS4PSXUNUM,1.600000,0.000000,640,700,720,720,950,1000,1000,1000,1000,1000,1000,71,0,290,344.8167141317062,5.51218818873167,1023.0583418160677,7682.338028169014
1780999295,300,GET,/product/OLJCESPC7Z,1.300000,0.000000,610,700,720,880,1000,1000,1000,1000,1000,1000,1000,77,0,420,406.1396334610589,5.476834252476692,1024.9921204522252,7711.376623376624
1780999295,300,,Aggregated,97.800000,0.000000,1300,1400,1500,1500,1600,1700,1900,1900,2100,2300,2300,5281,0,590,658.1448148835511,5.476834252476692,2446.9428434967995,10307.05567127438
1780999296,300,GET,/,71.700000,0.000000,1300,1400,1500,1500,1700,1800,1900,2000,2300,2300,2300,3993,0,780,747.8426022780698,5.8043645694851875,2446.9428434967995,10240.655396944652
1780999296,300,POST,/cart,8.300000,0.000000,1100,1200,1300,1300,1500,1600,1700,1700,1700,1700,1700,450,0,580,591.9519393580655,8.528371341526508,1713.2541369646788,16976.902222222223
1780999296,300,POST,/cart/checkout,4.900000,0.000000,450,570,630,650,760,800,850,850,850,850,850,239,0,300,301.5833209155743,7.498210296034813,874.689226038754,6549.81589958159
1780999296,300,GET,/product/0PUK6V6EV0,1.500000,0.000000,620,700,700,710,810,830,830,830,830,830,830,86,0,370,373.2119292713875,5.884075537323952,833.8259989395738,7678.116279069767
1780999296,300,GET,/product/1YMWWN1N4O,0.500000,0.000000,580,700,700,980,980,980,980,980,980,980,980,63,0,300,332.6611311603633,5.62835019081831,981.8640258163214,7722.047619047619
1780999296,300,GET,/product/2ZYFJ3GM2N,0.800000,0.000000,700,780,870,870,880,880,880,880,880,880,880,68,0,220,306.86983403147144,6.236707791686058,883.2636959850788,7716.75
1780999296,300,GET,/product/66VCHSJNUP,1.700000,0.000000,680,690,690,700,770,770,770,770,770,770,770,80,0,400,373.95179119193926,5.739543586969376,879.0893163532019,7680.175
1780999296,300,GET,/product/6E92ZMYYFZ,1.600000,0.000000,620,680,700,700,770,780,1100,1100,1100,1100,1100,82,0,400,406.0263634409483,5.730173550546169,1076.0419573634863,7669.426829268293
1780999296,300,GET,/product/9SIQT8TOJO,1.800000,0.000000,600,620,670,690,870,1000,1000,1000,1000,1000,1000,89,0,320,335.77109249622634,5.914391949772835,1004.0487358346581,7719.5842696629215
1780999296,300,GET,/product/L9ECAV7KIM,1.600000,0.000000,690,700,730,870,1000,1000,1000,1000,1000,1000,1000,76,0,400,416.27678516516954,5.768481642007828,1019.3946454674006,7681.210526315789
1780999296,300,GET,/product/LS4PSXUNUM,1.400000,0.000000,600,700,720,720,780,1000,1000,1000,1000,1000,1000,71,0,290,344.8167141317062,5.51218818873167,1023.0583418160677,7682.338028169014
1780999296,300,GET,/product/OLJCESPC7Z,1.500000,0.000000,670,690,720,880,1000,1000,1000,1000,1000,1000,1000,78,0,420,409.50405320678004,5.476834252476692,1024.9921204522252,7709.4358974358975
1780999296,300,,Aggregated,97.300000,0.000000,1300,1400,1500,1500,1600,1700,1800,1900,2300,2300,2300,5375,0,600,665.9846686616886,5.476834252476692,2446.9428434967995,10312.260279069767
1780999297,300,GET,/,77.400000,0.000000,1300,1400,1500,1500,1700,1700,1900,2000,2300,2300,2300,4066,0,800,758.1191501141317,5.8043645694851875,2446.9428434967995,10240.912936546974
1780999297,300,POST,/cart,9.000000,0.000000,1100,1200,1300,1300,1500,1600,1700,1700,1700,1700,1700,461,0,600,599.9691303831539,8.528371341526508,1713.2541369646788,16986.817787418655
1780999297,300,POST,/cart/checkout,5.000000,0.000000,440,480,570,610,690,800,810,810,810,810,810,240,0,290,300.75535766081885,7.498210296034813,874.689226038754,6549.904166666666
1780999297,300,GET,/product/0PUK6V6EV0,1.600000,0.000000,600,630,700,700,810,830,830,830,830,830,830,87,0,370,372.478309483535,5.884075537323952,833.8259989395738,7679.0114942528735
1780999297,300,GET,/product/1YMWWN1N4O,0.600000,0.000000,580,580,700,700,700,700,700,700,700,700,700,63,0,300,332.6611311603633,5.62835019081831,981.8640258163214,7722.047619047619
1780999297,300,GET,/product/2ZYFJ3GM2N,0.800000,0.000000,590,700,780,780,870,870,870,870,870,870,870,70,0,270,309.52641423791647,6.236707791686058,883.2636959850788,7717.4
1780999297,300,GET,/product/66VCHSJNUP,1.800000,0.000000,620,690,690,690,720,770,770,770,770,770,770,81,0,400,372.94399294496316,5.739543586969376,879.0893163532019,7680.9876543209875
1780999297,300,GET,/product/6E92ZMYYFZ,1.900000,0.000000,620,670,700,700,780,1100,1100,1100,1100,1100,1100,82,0,400,406.0263634409483,5.730173550546169,1076.0419573634863,7669.426829268293
1780999297,300,GET,/product/9SIQT8TOJO,1.700000,0.000000,600,600,670,690,870,1000,1000,1000,1000,1000,1000,91,0,320,338.0033776757645,5.914391949772835,1004.0487358346581,7721.241758241758
1780999297,300,GET,/product/L9ECAV7KIM,1.700000,0.000000,630,700,730,870,1000,1000,1000,1000,1000,1000,1000,77,0,400,414.9731571798201,5.768481642007828,1019.3946454674006,7681.025974025974
1780999297,300,GET,/product/LS4PSXUNUM,1.800000,0.000000,600,700,720,720,780,1000,1000,1000,1000,1000,1000,71,0,290,344.8167141317062,5.51218818873167,1023.0583418160677,7682.338028169014
1780999297,300,GET,/product/OLJCESPC7Z,1.500000,0.000000,670,690,880,880,1000,1000,1000,1000,1000,1000,1000,79,0,420,409.22817203534555,5.476834252476692,1024.9921204522252,7709.860759493671
1780999297,300,,Aggregated,104.800000,0.000000,1300,1400,1500,1500,1600,1700,1800,1900,2300,2300,2300,5468,0,620,674.7136997970553,5.476834252476692,2446.9428434967995,10321.302670080468
1780999298,300,GET,/,74.300000,0.000000,1300,1400,1500,1500,1600,1700,1900,2000,2300,2300,2300,4152,0,830,769.2457462034255,5.8043645694851875,2446.9428434967995,10241.090799614643
1780999298,300,POST,/cart,9.000000,0.000000,1100,1200,1300,1300,1500,1600,1700,1700,1700,1700,1700,469,0,610,605.2472407200825,8.528371341526508,1713.2541369646788,16992.05330490405
1780999298,300,POST,/cart/checkout,4.600000,0.000000,440,520,590,630,690,800,810,810,810,810,810,246,0,300,303.322722442539,7.498210296034813,874.689226038754,6549.991869918699
1780999298,300,GET,/product/0PUK6V6EV0,1.700000,0.000000,600,700,700,710,830,880,880,880,880,880,880,89,0,390,380.7027276312367,5.884075537323952,878.3403160050511,7680.6741573033705
1780999298,300,GET,/product/1YMWWN1N4O,0.500000,0.000000,470,470,580,580,700,700,700,700,700,700,700,65,0,300,333.07622050723205,5.62835019081831,981.8640258163214,7722.984615384616
1780999298,300,GET,/product/2ZYFJ3GM2N,0.900000,0.000000,580,590,700,780,870,870,870,870,870,870,870,71,0,270,313.30533072509814,6.236707791686058,883.2636959850788,7717.2535211267605
1780999298,300,GET,/product/66VCHSJNUP,1.900000,0.000000,620,690,690,690,720,770,770,770,770,770,770,85,0,400,377.4317296440987,5.739543586969376,879.0893163532019,7681.082352941176
1780999298,300,GET,/product/6E92ZMYYFZ,2.300000,0.000000,620,670,700,700,780,1100,1100,1100,1100,1100,1100,82,0,400,406.0263634409483,5.730173550546169,1076.0419573634863,7669.426829268293
1780999298,300,GET,/product/9SIQT8TOJO,1.600000,0.000000,600,620,690,690,870,1000,1000,1000,1000,1000,1000,91,0,320,338.0033776757645,5.914391949772835,1004.0487358346581,7721.241758241758
1780999298,300,GET,/product/L9ECAV7KIM,1.900000,0.000000,630,690,700,700,870,990,990,990,990,990,990,77,0,400,414.9731571798201,5.768481642007828,1019.3946454674006,7681.025974025974
1780999298,300,GET,/product/LS4PSXUNUM,1.800000,0.000000,600,700,720,720,720,780,780,780,780,780,780,71,0,290,344.8167141317062,5.51218818873167,1023.0583418160677,7682.338028169014
1780999298,300,GET,/product/OLJCESPC7Z,1.700000,0.000000,610,680,700,880,1000,1000,1000,1000,1000,1000,1000,81,0,430,411.0910086375144,5.476834252476692,1024.9921204522252,7710.641975308642
1780999298,300,,Aggregated,102.200000,0.000000,1300,1400,1500,1500,1600,1700,1800,1900,2300,2300,2300,5579,0,630,683.9991606246773,5.476834252476692,2446.9428434967995,10321.015235705323
1780999299,300,GET,/,74.000000,0.000000,1400,1500,1500,1500,1700,1700,1900,2000,2300,2300,2300,4225,0,840,778.9760415035593,5.8043645694851875,2446.9428434967995,10241.246627218934
1780999299,300,POST,/cart,9.700000,0.000000,1100,1200,1300,1300,1400,1600,1600,1700,1700,1700,1700,482,0,620,616.2553777361745,8.528371341526508,1713.2541369646788,17009.927385892115
1780999299,300,POST,/cart/checkout,4.300000,0.000000,460,520,590,630,710,800,810,810,810,810,810,252,0,300,308.7020035249196,7.498210296034813,874.689226038754,6550.071428571428
1780999299,300,GET,/product/0PUK6V6EV0,1.800000,0.000000,610,700,700,710,830,880,880,880,880,880,880,90,0,390,383.1966398387319,5.884075537323952,878.3403160050511,7681.533333333334
1780999299,300,GET,/product/1YMWWN1N4O,0.500000,0.000000,470,580,600,600,700,700,700,700,700,700,700,66,0,300,337.13139118062276,5.62835019081831,981.8640258163214,7722.530303030303
1780999299,300,GET,/product/2ZYFJ3GM2N,0.900000,0.000000,580,590,700,780,870,870,870,870,870,870,870,73,0,270,318.49480154987884,6.236707791686058,883.2636959850788,7719.54794520548
1780999299,300,GET,/product/66VCHSJNUP,1.800000,0.000000,620,690,690,700,720,770,770,770,770,770,770,88,0,400,385.95689515667885,5.739543586969376,879.0893163532019,7681.886363636364
1780999299,300,GET,/product/6E92ZMYYFZ,2.200000,0.000000,620,670,700,700,780,1100,1100,1100,1100,1100,1100,82,0,400,406.0263634409483,5.730173550546169,1076.0419573634863,7669.426829268293
1780999299,300,GET,/product/9SIQT8TOJO,1.700000,0.000000,600,670,690,700,870,1000,1000,1000,1000,1000,1000,92,0,320,341.9102566195247,5.914391949772835,1004.0487358346581,7721.086956521739
1780999299,300,GET,/product/L9ECAV7KIM,1.600000,0.000000,630,630,700,700,870,990,990,990,990,990,990,78,0,400,416.30010183852835,5.768481642007828,1019.3946454674006,7681.807692307692
1780999299,300,GET,/product/LS4PSXUNUM,1.500000,0.000000,700,700,720,720,720,780,780,780,780,780,780,73,0,300,354.7582670995226,5.51218818873167,1023.0583418160677,7682.808219178082
1780999299,300,GET,/product/OLJCESPC7Z,1.500000,0.000000,580,670,680,690,700,880,880,880,880,880,880,81,0,430,411.0910086375144,5.476834252476692,1024.9921204522252,7710.641975308642
1780999299,300,,Aggregated,101.500000,0.000000,1300,1400,1500,1500,1600,1700,1800,1900,2100,2300,2300,5682,0,650,692.779216394307,5.476834252476692,2446.9428434967995,10327.886131643787
1780999300,300,GET,/,74.100000,0.000000,1300,1400,1500,1500,1700,1700,1900,2000,2300,2300,2300,4272,0,850,786.1418684897421,5.8043645694851875,2446.9428434967995,10241.431179775282
1780999300,300,POST,/cart,9.700000,0.000000,1100,1200,1300,1300,1400,1600,1600,1700,1700,1700,1700,492,0,630,625.1001598283164,8.528371341526508,1713.2541369646788,17017.51219512195
1780999300,300,POST,/cart/checkout,3.600000,0.000000,480,520,610,630,710,800,810,810,810,810,810,256,0,310,311.9239474290225,7.498210296034813,874.689226038754,6550.12890625
1780999300,300,GET,/product/0PUK6V6EV0,1.700000,0.000000,600,630,700,700,830,880,880,880,880,880,880,92,0,400,387.02099822947514,5.884075537323952,878.3403160050511,7682.445652173913
1780999300,300,GET,/product/1YMWWN1N4O,0.400000,0.000000,500,580,600,600,700,700,700,700,700,700,700,68,0,300,343.37417460868465,5.62835019081831,981.8640258163214,7722.411764705882
1780999300,300,GET,/product/2ZYFJ3GM2N,0.800000,0.000000,580,610,700,700,780,870,870,870,870,870,870,74,0,270,322.44399218895546,6.236707791686058,883.2636959850788,7719.594594594595
1780999300,300,GET,/product/66VCHSJNUP,2.000000,0.000000,680,690,700,720,770,770,920,920,920,920,920,90,0,420,395.6434233735005,5.739543586969376,918.0268254131079,7682.455555555555
1780999300,300,GET,/product/6E92ZMYYFZ,2.000000,0.000000,670,700,710,780,1000,1100,1100,1100,1100,1100,1100,84,0,400,419.404952154894,5.730173550546169,1076.0419573634863,7669.619047619048
1780999300,300,GET,/product/9SIQT8TOJO,1.800000,0.000000,610,690,700,800,920,1000,1000,1000,1000,1000,1000,94,0,330,350.90400228039067,5.914391949772835,1004.0487358346581,7720.106382978724
1780999300,300,GET,/product/L9ECAV7KIM,1.700000,0.000000,630,690,700,870,990,990,990,990,990,990,990,78,0,400,416.30010183852835,5.768481642007828,1019.3946454674006,7681.807692307692
1780999300,300,GET,/product/LS4PSXUNUM,1.400000,0.000000,700,700,700,720,780,780,780,780,780,780,780,74,0,300,357.9969948812111,5.51218818873167,1023.0583418160677,7682.635135135135
1780999300,300,GET,/product/OLJCESPC7Z,1.800000,0.000000,600,670,690,700,880,920,920,920,920,920,920,83,0,440,419.4415486361607,5.476834252476692,1024.9921204522252,7711.385542168675
1780999300,300,,Aggregated,101.000000,0.000000,1300,1400,1400,1500,1600,1700,1800,1900,2300,2300,2300,5757,0,660,699.3600550457571,5.476834252476692,2446.9428434967995,10330.571825603613
1780999301,300,GET,/,74.400000,0.000000,1300,1500,1500,1600,1700,1800,1900,2000,2300,2300,2300,4381,0,890,802.0752982179686,5.8043645694851875,2446.9428434967995,10241.764209084684
1780999301,300,POST,/cart,10.100000,0.000000,1100,1200,1300,1300,1400,1600,1600,1700,1700,1700,1700,500,0,640,632.8077219221741,8.528371341526508,1713.2541369646788,17036.486
1780999301,300,POST,/cart/checkout,3.600000,0.000000,480,500,590,640,710,780,810,810,810,810,810,256,0,310,311.9239474290225,7.498210296034813,874.689226038754,6550.12890625
1780999301,300,GET,/product/0PUK6V6EV0,1.300000,0.000000,600,610,700,700,710,880,880,880,880,880,880,92,0,400,387.02099822947514,5.884075537323952,878.3403160050511,7682.445652173913
1780999301,300,GET,/product/1YMWWN1N4O,0.400000,0.000000,580,600,600,600,970,970,970,970,970,970,970,69,0,320,352.4373520462625,5.62835019081831,981.8640258163214,7721.869565217391
1780999301,300,GET,/product/2ZYFJ3GM2N,0.800000,0.000000,590,610,700,780,870,870,870,870,870,870,870,74,0,270,322.44399218895546,6.236707791686058,883.2636959850788,7719.594594594595
1780999301,300,GET,/product/66VCHSJNUP,2.200000,0.000000,680,700,730,770,900,920,920,920,920,920,920,91,0,480,401.2185665522958,5.739543586969376,918.0268254131079,7681.978021978022
1780999301,300,GET,/product/6E92ZMYYFZ,1.900000,0.000000,700,780,920,950,1000,1100,1100,1100,1100,1100,1100,85,0,420,425.6931686664329,5.730173550546169,1076.0419573634863,7670.435294117647
1780999301,300,GET,/product/9SIQT8TOJO,1.700000,0.000000,610,690,700,870,920,1000,1000,1000,1000,1000,1000,94,0,330,350.90400228039067,5.914391949772835,1004.0487358346581,7720.106382978724
1780999301,300,GET,/product/L9ECAV7KIM,1.200000,0.000000,690,700,870,870,990,990,990,990,990,990,990,78,0,400,416.30010183852835,5.768481642007828,1019.3946454674006,7681.807692307692
1780999301,300,GET,/product/LS4PSXUNUM,1.200000,0.000000,700,700,720,780,1200,1200,1200,1200,1200,1200,1200,76,0,320,372.7576888264402,5.51218818873167,1233.4272218868136,7683.0
1780999301,300,GET,/product/OLJCESPC7Z,1.400000,0.000000,610,670,700,700,880,920,920,920,920,920,920,83,0,440,419.4415486361607,5.476834252476692,1024.9921204522252,7711.385542168675
1780999301,300,,Aggregated,100.200000,0.000000,1300,1400,1500,1500,1600,1700,1900,2000,2300,2300,2300,5879,0,680,713.5954522001024,5.476834252476692,2446.9428434967995,10337.635652321824
1780999303,300,GET,/,76.100000,0.000000,1300,1400,1500,1600,1700,1800,1900,2000,2300,2300,2300,4463,0,920,813.9885180806539,5.8043645694851875,2446.9428434967995,10241.946672641721
1780999303,300,POST,/cart,10.400000,0.000000,1100,1300,1300,1300,1500,1600,1800,1900,1900,1900,1900,507,0,650,644.3701348335462,8.528371341526508,1913.4773053228855,17042.321499013808
1780999303,300,POST,/cart/checkout,3.800000,0.000000,480,540,630,640,710,780,810,810,810,810,810,256,0,310,311.9239474290225,7.498210296034813,874.689226038754,6550.12890625
1780999303,300,GET,/product/0PUK6V6EV0,1.300000,0.000000,610,690,700,710,920,1200,1200,1200,1200,1200,1200,95,0,400,404.36323676258326,5.884075537323952,1196.6727888211608,7680.357894736842
1780999303,300,GET,/product/1YMWWN1N4O,0.500000,0.000000,600,970,1100,1100,1100,1300,1300,1300,1300,1300,1300,74,0,380,403.1678052568758,5.62835019081831,1299.847947433591,7721.310810810811
1780999303,300,GET,/product/2ZYFJ3GM2N,1.000000,0.000000,610,700,870,870,1000,1100,1100,1100,1100,1100,1100,76,0,280,341.5610504361164,6.236707791686058,1094.6573754772544,7719.355263157895
1780999303,300,GET,/product/66VCHSJNUP,2.300000,0.000000,690,770,770,900,920,1200,1200,1200,1200,1200,1200,93,0,480,414.70530684236235,5.739543586969376,1156.7570650950074,7683.774193548387
1780999303,300,GET,/product/6E92ZMYYFZ,1.900000,0.000000,710,780,950,950,1000,1100,1100,1100,1100,1100,1100,85,0,420,425.6931686664329,5.730173550546169,1076.0419573634863,7670.435294117647
1780999303,300,GET,/product/9SIQT8TOJO,1.500000,0.000000,670,900,920,990,1000,1000,1000,1000,1000,1000,1000,97,0,400,369.9466016277978,5.914391949772835,1013.4825147688389,7719.958762886598
1780999303,300,GET,/product/L9ECAV7KIM,1.200000,0.000000,700,870,990,990,1000,1000,1000,1000,1000,1000,1000,79,0,430,424.00280976833045,5.768481642007828,1024.8140282928944,7682.797468354431
1780999303,300,GET,/product/LS4PSXUNUM,1.200000,0.000000,700,780,900,900,1100,1200,1200,1200,1200,1200,1200,78,0,360,388.61524529802875,5.51218818873167,1233.4272218868136,7685.051282051282
1780999303,300,GET,/product/OLJCESPC7Z,1.400000,0.000000,670,880,920,1100,1100,1100,1100,1100,1100,1100,1100,87,0,470,445.65128887222073,5.476834252476692,1104.684043675661,7714.701149425287
1780999303,300,,Aggregated,102.600000,0.000000,1300,1400,1500,1500,1600,1800,1900,2000,2300,2300,2300,5990,0,700,725.6765803804183,5.476834252476692,2446.9428434967995,10335.183305509181
1780999304,300,GET,/,69.800000,0.000000,1300,1400,1500,1500,1600,1700,1800,1800,2100,2100,2100,4538,0,940,822.5351855480602,5.8043645694851875,2446.9428434967995,10242.198986337593
1780999304,300,POST,/cart,10.900000,0.000000,1100,1200,1300,1300,1600,1600,1800,1900,1900,1900,1900,519,0,670,653.2254228117177,8.528371341526508,1913.4773053228855,17058.98458574181
1780999304,300,POST,/cart/checkout,3.900000,0.000000,480,510,590,630,690,700,780,780,780,780,780,257,0,310,312.5284902374568,7.498210296034813,874.689226038754,6550.241245136187
1780999304,300,GET,/product/0PUK6V6EV0,1.500000,0.000000,610,700,710,880,920,1200,1200,1200,1200,1200,1200,96,0,400,406.2059994612355,5.884075537323952,1196.6727888211608,7681.208333333333
1780999304,300,GET,/product/1YMWWN1N4O,0.700000,0.000000,600,970,1100,1100,1100,1300,1300,1300,1300,1300,1300,74,0,380,403.1678052568758,5.62835019081831,1299.847947433591,7721.310810810811
1780999304,300,GET,/product/2ZYFJ3GM2N,1.100000,0.000000,590,610,870,1000,1100,1100,1100,1100,1100,1100,1100,76,0,280,341.5610504361164,6.236707791686058,1094.6573754772544,7719.355263157895
1780999304,300,GET,/product/66VCHSJNUP,2.300000,0.000000,680,730,770,900,920,1200,1200,1200,1200,1200,1200,96,0,480,414.3318486167118,5.739543586969376,1156.7570650950074,7683.885416666667
1780999304,300,GET,/product/6E92ZMYYFZ,1.800000,0.000000,700,780,920,950,1000,1000,1000,1000,1000,1000,1000,87,0,420,426.82672394760726,5.730173550546169,1076.0419573634863,7671.0344827586205
1780999304,300,GET,/product/9SIQT8TOJO,1.700000,0.000000,610,700,900,920,990,1000,1000,1000,1000,1000,1000,99,0,370,365.88762718431576,5.914391949772835,1013.4825147688389,7719.555555555556
1780999304,300,GET,/product/L9ECAV7KIM,1.000000,0.000000,520,700,870,870,1000,1000,1000,1000,1000,1000,1000,80,0,400,422.13896132307127,5.768481642007828,1024.8140282928944,7683.9625
1780999304,300,GET,/product/LS4PSXUNUM,1.100000,0.000000,700,720,900,900,1100,1200,1200,1200,1200,1200,1200,79,0,370,389.77834865262236,5.51218818873167,1233.4272218868136,7684.911392405063
1780999304,300,GET,/product/OLJCESPC7Z,1.500000,0.000000,680,880,920,1100,1100,1100,1100,1100,1100,1100,1100,89,0,480,452.3081567368648,5.476834252476692,1104.684043675661,7715.438202247191
1780999304,300,,Aggregated,97.300000,0.000000,1300,1400,1500,1500,1600,1700,1800,1800,2100,2100,2100,6090,0,700,733.1279165449449,5.476834252476692,2446.9428434967995,10343.076518883416
1780999305,300,GET,/,74.900000,0.000000,1300,1400,1500,1600,1600,1700,1800,1800,2100,2100,2100,4594,0,940,829.4075830684692,5.8043645694851875,2446.9428434967995,10242.46234218546
1780999305,300,POST,/cart,10.400000,0.000000,1100,1200,1300,1300,1500,1600,1800,1900,1900,1900,1900,521,0,670,655.946933133474,8.528371341526508,1913.4773053228855,17064.024952015356
1780999305,300,POST,/cart/checkout,3.200000,0.000000,480,500,590,630,770,780,930,930,930,930,930,261,0,320,317.92501923967137,7.498210296034813,930.6807536631823,6550.226053639847
1780999305,300,GET,/product/0PUK6V6EV0,1.500000,0.000000,680,700,800,880,930,1200,1200,1200,1200,1200,1200,101,0,400,424.04744217153825,5.884075537323952,1196.6727888211608,7683.623762376237
1780999305,300,GET,/product/1YMWWN1N4O,0.800000,0.000000,610,970,1100,1100,1100,1300,1300,1300,1300,1300,1300,75,0,390,405.935561110576,5.62835019081831,1299.847947433591,7721.72
1780999305,300,GET,/product/2ZYFJ3GM2N,1.000000,0.000000,610,610,720,920,1000,1100,1100,1100,1100,1100,1100,80,0,300,360.3247601655312,6.236707791686058,1094.6573754772544,7720.3375
1780999305,300,GET,/product/66VCHSJNUP,2.100000,0.000000,680,730,900,900,1000,1200,1200,1200,1200,1200,1200,98,0,480,421.0267197340727,5.739543586969376,1156.7570650950074,7683.030612244898
1780999305,300,GET,/product/6E92ZMYYFZ,1.500000,0.000000,900,950,980,980,990,1000,1000,1000,1000,1000,1000,92,0,470,451.22584155963165,5.730173550546169,1076.0419573634863,7673.0
1780999305,300,GET,/product/9SIQT8TOJO,1.400000,0.000000,670,900,920,990,1000,1100,1100,1100,1100,1100,1100,101,0,400,378.3397589081732,5.914391949772835,1084.9690325558186,7720.1287128712875
1780999305,300,GET,/product/L9ECAV7KIM,0.800000,0.000000,700,790,800,800,1000,1000,1000,1000,1000,1000,1000,82,0,430,431.2625341117382,5.768481642007828,1024.8140282928944,7683.951219512195
1780999305,300,GET,/product/LS4PSXUNUM,1.000000,0.000000,720,800,1100,1100,1100,1200,1200,1200,1200,1200,1200,82,0,400,411.8550630604349,5.51218818873167,1233.4272218868136,7686.365853658536
1780999305,300,GET,/product/OLJCESPC7Z,1.400000,0.000000,780,880,920,1100,1100,1100,1100,1100,1100,1100,1100,91,0,490,460.5148859055979,5.476834252476692,1104.684043675661,7716.648351648351
1780999305,300,,Aggregated,100.000000,0.000000,1300,1400,1500,1500,1600,1700,1800,1800,2100,2100,2100,6178,0,710,739.584552856779,5.476834252476692,2446.9428434967995,10331.467627063776
1780999306,300,GET,/,76.300000,0.000000,1400,1500,1600,1600,1700,1800,1900,2000,2500,2500,2500,4651,0,960,840.3830151222814,5.8043645694851875,2504.1745249181986,10242.520103203613
1780999306,300,POST,/cart,9.900000,0.000000,1100,1200,1300,1300,1600,1700,1800,1900,1900,1900,1900,527,0,680,663.1077648647681,8.528371341526508,1913.4773053228855,17070.631878557873
1780999306,300,POST,/cart/checkout,3.000000,0.000000,490,540,590,700,780,850,930,930,930,930,930,264,0,320,322.3438921885452,7.498210296034813,930.6807536631823,6550.174242424242
1780999306,300,GET,/product/0PUK6V6EV0,1.800000,0.000000,690,800,880,920,930,1200,1200,1200,1200,1200,1200,101,0,400,424.04744217153825,5.884075537323952,1196.6727888211608,7683.623762376237
1780999306,300,GET,/product/1YMWWN1N4O,1.300000,0.000000,610,970,1100,1100,1100,1300,1300,1300,1300,1300,1300,75,0,390,405.935561110576,5.62835019081831,1299.847947433591,7721.72
1780999306,300,GET,/product/2ZYFJ3GM2N,1.200000,0.000000,610,720,800,920,1000,1100,1100,1100,1100,1100,1100,81,0,310,365.7341420788456,6.236707791686058,1094.6573754772544,7721.246913580247
1780999306,300,GET,/product/66VCHSJNUP,2.000000,0.000000,680,770,900,920,1200,1400,1400,1400,1400,1400,1400,100,0,490,433.55927009135485,5.739543586969376,1410.4459080845118,7680.49
1780999306,300,GET,/product/6E92ZMYYFZ,1.300000,0.000000,900,950,980,990,1000,1100,1100,1100,1100,1100,1100,94,0,470,462.845276971843,5.730173550546169,1096.282177604735,7669.191489361702
1780999306,300,GET,/product/9SIQT8TOJO,1.400000,0.000000,900,900,990,990,1000,1100,1100,1100,1100,1100,1100,101,0,400,378.3397589081732,5.914391949772835,1084.9690325558186,7720.1287128712875
1780999306,300,GET,/product/L9ECAV7KIM,0.800000,0.000000,700,790,800,1000,1400,1400,1400,1400,1400,1400,1400,85,0,490,448.91442519557825,5.768481642007828,1408.7602095678449,7680.835294117647
1780999306,300,GET,/product/LS4PSXUNUM,1.100000,0.000000,800,1100,1100,1100,1100,1200,1200,1200,1200,1200,1200,82,0,400,411.8550630604349,5.51218818873167,1233.4272218868136,7686.365853658536
1780999306,300,GET,/product/OLJCESPC7Z,1.600000,0.000000,780,880,920,1100,1100,1100,1100,1100,1100,1100,1100,91,0,490,460.5148859055979,5.476834252476692,1104.684043675661,7716.648351648351
1780999306,300,,Aggregated,101.700000,0.000000,1300,1400,1500,1600,1700,1800,1900,1900,2500,2500,2500,6252,0,730,749.3584136005195,5.476834252476692,2504.1745249181986,10332.386436340372
1780999307,300,GET,/,72.500000,0.000000,1500,1600,1600,1700,1800,1900,2000,2100,2500,2500,2500,4744,0,980,857.875192472138,5.8043645694851875,2504.1745249181986,10242.85455311973
1780999307,300,POST,/cart,9.100000,0.000000,1100,1200,1300,1300,1600,1700,1800,1900,1900,1900,1900,529,0,680,665.4400289065727,8.528371341526508,1913.4773053228855,17075.546313799623
1780999307,300,POST,/cart/checkout,2.600000,0.000000,530,700,780,790,840,930,950,950,950,950,950,272,0,320,334.43777716499477,7.498210296034813,951.184356585145,6550.047794117647
1780999307,300,GET,/product/0PUK6V6EV0,2.000000,0.000000,690,800,910,910,930,1200,1200,1200,1200,1200,1200,104,0,460,433.0694611238029,5.884075537323952,1196.6727888211608,7685.826923076923
1780999307,300,GET,/product/1YMWWN1N4O,1.300000,0.000000,780,970,1100,1100,1100,1300,1300,1300,1300,1300,1300,76,0,390,410.8358917659835,5.62835019081831,1299.847947433591,7721.3421052631575
1780999307,300,GET,/product/2ZYFJ3GM2N,1.400000,0.000000,780,820,920,1000,1100,1200,1200,1200,1200,1200,1200,85,0,330,392.3982449204606,6.236707791686058,1219.5485569536686,7721.176470588235
1780999307,300,GET,/product/66VCHSJNUP,1.900000,0.000000,680,900,900,920,1200,1400,1400,1400,1400,1400,1400,100,0,490,433.55927009135485,5.739543586969376,1410.4459080845118,7680.49
1780999307,300,GET,/product/6E92ZMYYFZ,1.500000,0.000000,920,980,1000,1000,1100,1100,1100,1100,1100,1100,1100,97,0,480,479.0092633134618,5.730173550546169,1096.282177604735,7670.226804123711
1780999307,300,GET,/product/9SIQT8TOJO,1.600000,0.000000,900,990,1000,1000,1100,1200,1200,1200,1200,1200,1200,104,0,400,394.51924176850855,5.914391949772835,1222.8783993050456,7719.798076923077
1780999307,300,GET,/product/L9ECAV7KIM,0.900000,0.000000,700,790,800,1000,1400,1400,1400,1400,1400,1400,1400,86,0,490,451.81705914221186,5.768481642007828,1408.7602095678449,7681.639534883721
1780999307,300,GET,/product/LS4PSXUNUM,1.100000,0.000000,900,900,1100,1100,1100,1200,1200,1200,1200,1200,1200,83,0,400,417.7431716886629,5.51218818873167,1233.4272218868136,7687.192771084337
1780999307,300,GET,/product/OLJCESPC7Z,1.600000,0.000000,800,880,920,1100,1100,1100,1100,1100,1100,1100,1100,92,0,490,464.31878046132624,5.476834252476692,1104.684043675661,7716.163043478261
1780999307,300,,Aggregated,97.500000,0.000000,1300,1500,1600,1600,1700,1800,1900,2100,2500,2500,2500,6372,0,750,764.1960877512406,5.476834252476692,2504.1745249181986,10322.126804770873
1780999308,300,GET,/,72.200000,0.000000,1500,1600,1700,1700,1900,2000,2100,2300,2700,2700,2700,4826,0,1000,872.8205373271809,5.8043645694851875,2651.5014031901956,10243.166597596353
1780999308,300,POST,/cart,8.700000,0.000000,1200,1300,1400,1400,1600,1800,1900,2300,2300,2300,2300,535,0,680,675.5690261303821,8.528371341526508,2314.563508145511,17098.108411214955
1780999308,300,POST,/cart/checkout,2.700000,0.000000,690,780,810,830,860,930,950,950,950,950,950,274,0,330,337.2326556518402,7.498210296034813,951.184356585145,6549.985401459854
1780999308,300,GET,/product/0PUK6V6EV0,1.900000,0.000000,690,800,910,920,930,1200,1200,1200,1200,1200,1200,104,0,460,433.0694611238029,5.884075537323952,1196.6727888211608,7685.826923076923
1780999308,300,GET,/product/1YMWWN1N4O,1.300000,0.000000,930,1100,1100,1100,1100,1300,1300,1300,1300,1300,1300,76,0,390,410.8358917659835,5.62835019081831,1299.847947433591,7721.3421052631575
1780999308,300,GET,/product/2ZYFJ3GM2N,1.400000,0.000000,780,820,920,1000,1100,1200,1200,1200,1200,1200,1200,86,0,330,394.8500964703948,6.236707791686058,1219.5485569536686,7721.662790697675
1780999308,300,GET,/product/66VCHSJNUP,2.000000,0.000000,700,900,920,1000,1200,1400,1400,1400,1400,1400,1400,101,0,490,436.2238314703549,5.739543586969376,1410.4459080845118,7681.435643564357
1780999308,300,GET,/product/6E92ZMYYFZ,1.300000,0.000000,900,950,990,1000,1100,1100,1100,1100,1100,1100,1100,100,0,490,489.0538254752755,5.730173550546169,1096.282177604735,7670.78
1780999308,300,GET,/product/9SIQT8TOJO,1.500000,0.000000,900,990,1000,1000,1100,1200,1200,1200,1200,1200,1200,104,0,400,394.51924176850855,5.914391949772835,1222.8783993050456,7719.798076923077
1780999308,300,GET,/product/L9ECAV7KIM,1.000000,0.000000,700,790,800,1000,1400,1400,1400,1400,1400,1400,1400,87,0,490,450.90560935137944,5.768481642007828,1408.7602095678449,7682.241379310345
1780999308,300,GET,/product/LS4PSXUNUM,1.100000,0.000000,800,900,1100,1100,1100,1200,1200,1200,1200,1200,1200,84,0,400,419.79508754974677,5.51218818873167,1233.4272218868136,7687.202380952381
1780999308,300,GET,/product/OLJCESPC7Z,1.400000,0.000000,810,900,920,1100,1100,1100,1100,1100,1100,1100,1100,94,0,490,469.02522263414363,5.476834252476692,1104.684043675661,7716.446808510638
1780999308,300,,Aggregated,96.500000,0.000000,1400,1600,1600,1700,1800,1900,2100,2200,2700,2700,2700,6471,0,770,777.1375192029353,5.476834252476692,2651.5014031901956,10324.695564827693
1780999309,300,GET,/,72.200000,0.000000,1500,1600,1700,1800,1900,2000,2100,2300,2700,2700,2700,4897,0,1000,880.2090079634119,5.8043645694851875,2651.5014031901956,10243.37655707576
1780999309,300,POST,/cart,8.700000,0.000000,1200,1400,1400,1600,1700,1800,1900,2300,2300,2300,2300,541,0,690,682.9553374025605,8.528371341526508,2314.563508145511,17101.64325323475
1780999309,300,POST,/cart/checkout,2.700000,0.000000,690,770,830,840,860,930,950,950,950,950,950,276,0,330,337.8037707137781,7.498210296034813,951.184356585145,6550.003623188406
1780999309,300,GET,/product/0PUK6V6EV0,1.900000,0.000000,690,800,820,910,930,1200,1200,1200,1200,1200,1200,107,0,480,438.51969268381873,5.884075537323952,1196.6727888211608,7686.77570093458
1780999309,300,GET,/product/1YMWWN1N4O,1.300000,0.000000,930,970,1100,1100,1100,1300,1300,1300,1300,1300,1300,78,0,400,414.22264988366993,5.62835019081831,1299.847947433591,7721.423076923077
1780999309,300,GET,/product/2ZYFJ3GM2N,1.400000,0.000000,800,900,920,920,1100,1200,1200,1200,1200,1200,1200,89,0,400,409.5560333618287,6.236707791686058,1219.5485569536686,7712.033707865168
1780999309,300,GET,/product/66VCHSJNUP,2.000000,0.000000,890,900,920,1000,1200,1400,1400,1400,1400,1400,1400,102,0,490,440.6945213456364,5.739543586969376,1410.4459080845118,7681.313725490196
1780999309,300,GET,/product/6E92ZMYYFZ,1.300000,0.000000,900,950,990,1000,1100,1100,1100,1100,1100,1100,1100,101,0,490,493.10738757473996,5.730173550546169,1096.282177604735,7671.534653465346
1780999309,300,GET,/product/9SIQT8TOJO,1.500000,0.000000,900,920,1000,1000,1100,1200,1200,1200,1200,1200,1200,108,0,400,405.51732973782003,5.914391949772835,1222.8783993050456,7718.324074074074
1780999309,300,GET,/product/L9ECAV7KIM,1.000000,0.000000,700,800,870,900,1000,1400,1400,1400,1400,1400,1400,91,0,500,463.570010868812,5.768481642007828,1408.7602095678449,7682.791208791209
1780999309,300,GET,/product/LS4PSXUNUM,1.100000,0.000000,900,900,1100,1100,1100,1200,1200,1200,1200,1200,1200,87,0,400,428.4380921216189,5.51218818873167,1233.4272218868136,7689.172413793103
1780999309,300,GET,/product/OLJCESPC7Z,1.400000,0.000000,880,920,1000,1100,1100,1100,1100,1100,1100,1100,1100,95,0,490,474.68647429425465,5.476834252476692,1104.684043675661,7716.768421052631
1780999309,300,,Aggregated,96.500000,0.000000,1400,1600,1700,1700,1800,1900,2100,2200,2700,2700,2700,6572,0,780,783.9139394433199,5.476834252476692,2651.5014031901956,10320.422245891661
1780999310,300,GET,/,74.000000,0.000000,1500,1600,1700,1700,1900,2000,2100,2200,2700,2700,2700,4974,0,1000,888.2354922618105,5.8043645694851875,2651.5014031901956,10243.445315641335
1780999310,300,POST,/cart,7.300000,0.000000,1200,1400,1500,1600,1700,1900,1900,2300,2300,2300,2300,552,0,700,690.9430460056182,8.528371341526508,2314.563508145511,17128.204710144928
1780999310,300,POST,/cart/checkout,3.300000,0.000000,580,700,790,810,850,930,950,950,950,950,950,283,0,340,340.15396995594983,7.498210296034813,951.184356585145,6549.7102473498235
1780999310,300,GET,/product/0PUK6V6EV0,1.700000,0.000000,690,800,820,910,930,1200,1200,1200,1200,1200,1200,108,0,480,439.1183182855861,5.884075537323952,1196.6727888211608,7687.212962962963
1780999310,300,GET,/product/1YMWWN1N4O,1.300000,0.000000,930,1100,1100,1100,1100,1300,1300,1300,1300,1300,1300,79,0,400,415.3787968798151,5.62835019081831,1299.847947433591,7722.189873417721
1780999310,300,GET,/product/2ZYFJ3GM2N,1.500000,0.000000,800,900,910,920,1100,1200,1200,1200,1200,1200,1200,90,0,390,408.3471015095711,6.236707791686058,1219.5485569536686,7711.555555555556
1780999310,300,GET,/product/66VCHSJNUP,2.000000,0.000000,890,900,1000,1000,1200,1400,1400,1400,1400,1400,1400,102,0,490,440.6945213456364,5.739543586969376,1410.4459080845118,7681.313725490196
1780999310,300,GET,/product/6E92ZMYYFZ,1.500000,0.000000,900,900,980,990,1100,1100,1100,1100,1100,1100,1100,104,0,500,500.04038537064423,5.730173550546169,1096.282177604735,7672.221153846154
1780999310,300,GET,/product/9SIQT8TOJO,1.500000,0.000000,700,900,990,1000,1100,1200,1200,1200,1200,1200,1200,111,0,410,409.2333699819875,5.914391949772835,1222.8783993050456,7719.423423423424
1780999310,300,GET,/product/L9ECAV7KIM,1.000000,0.000000,700,800,870,900,1000,1400,1400,1400,1400,1400,1400,92,0,500,464.909025154117,5.768481642007828,1408.7602095678449,7682.597826086957
1780999310,300,GET,/product/LS4PSXUNUM,1.200000,0.000000,900,900,1100,1100,1100,1200,1200,1200,1200,1200,1200,87,0,400,428.4380921216189,5.51218818873167,1233.4272218868136,7689.172413793103
1780999310,300,GET,/product/OLJCESPC7Z,1.300000,0.000000,880,920,1000,1100,1100,1100,1100,1100,1100,1100,1100,95,0,490,474.68647429425465,5.476834252476692,1104.684043675661,7716.768421052631
1780999310,300,,Aggregated,97.600000,0.000000,1400,1600,1700,1700,1800,1900,2100,2200,2700,2700,2700,6677,0,790,790.81313772317,5.476834252476692,2651.5014031901956,10325.094653287404
1780999311,300,GET,/,74.400000,0.000000,1500,1600,1700,1700,1900,2000,2100,2300,2700,2700,2700,5022,0,1000,892.7986989291447,5.8043645694851875,2651.5014031901956,10243.662883313422
1780999311,300,POST,/cart,7.300000,0.000000,1200,1300,1500,1600,1700,1900,1900,2300,2300,2300,2300,556,0,710,692.2919877684213,8.528371341526508,2314.563508145511,17124.35251798561
1780999311,300,POST,/cart/checkout,3.400000,0.000000,570,690,790,810,850,930,950,950,950,950,950,287,0,340,340.69167471812057,7.498210296034813,951.184356585145,6549.456445993032
1780999311,300,GET,/product/0PUK6V6EV0,1.600000,0.000000,690,800,910,910,930,1200,1200,1200,1200,1200,1200,108,0,480,439.1183182855861,5.884075537323952,1196.6727888211608,7687.212962962963
1780999311,300,GET,/product/1YMWWN1N4O,1.300000,0.000000,930,1100,1100,1100,1300,1300,1300,1300,1300,1300,1300,79,0,400,415.3787968798151,5.62835019081831,1299.847947433591,7722.189873417721
1780999311,300,GET,/product/2ZYFJ3GM2N,1.600000,0.000000,800,820,910,920,1100,1200,1200,1200,1200,1200,1200,92,0,400,412.54773139751154,6.236707791686058,1219.5485569536686,7711.217391304348
1780999311,300,GET,/product/66VCHSJNUP,1.800000,0.000000,810,890,1000,1000,1200,1400,1400,1400,1400,1400,1400,103,0,490,444.2457186275171,5.739543586969376,1410.4459080845118,7681.73786407767
1780999311,300,GET,/product/6E92ZMYYFZ,1.800000,0.000000,870,900,950,980,1100,1100,1100,1100,1100,1100,1100,108,0,500,503.5387896242793,5.730173550546169,1096.282177604735,7673.277777777777
1780999311,300,GET,/product/9SIQT8TOJO,1.300000,0.000000,700,900,990,1000,1100,1200,1200,1200,1200,1200,1200,111,0,410,409.2333699819875,5.914391949772835,1222.8783993050456,7719.423423423424
1780999311,300,GET,/product/L9ECAV7KIM,1.000000,0.000000,700,800,870,900,1000,1400,1400,1400,1400,1400,1400,93,0,500,468.51493649545216,5.768481642007828,1408.7602095678449,7680.4946236559135
1780999311,300,GET,/product/LS4PSXUNUM,1.300000,0.000000,900,900,1100,1100,1100,1100,1100,1100,1100,1100,1100,87,0,400,428.4380921216189,5.51218818873167,1233.4272218868136,7689.172413793103
1780999311,300,GET,/product/OLJCESPC7Z,1.300000,0.000000,810,900,1000,1100,1100,1100,1100,1100,1100,1100,1100,96,0,490,475.9799637346684,5.476834252476692,1104.684043675661,7717.479166666667
1780999311,300,,Aggregated,98.100000,0.000000,1400,1600,1600,1700,1800,1900,2100,2200,2700,2700,2700,6742,0,790,794.5159445974,5.476834252476692,2651.5014031901956,10322.622960545832
1780999312,300,GET,/,74.200000,0.000000,1500,1600,1700,1800,1900,2000,2100,2300,2700,2700,2700,5091,0,1000,902.2384721566627,5.8043645694851875,2651.5014031901956,10243.750933019053
1780999312,300,POST,/cart,6.800000,0.000000,1200,1300,1400,1500,1700,1800,1900,2300,2300,2300,2300,566,0,720,701.4679348280541,8.528371341526508,2314.563508145511,17131.201413427563
1780999312,300,POST,/cart/checkout,2.800000,0.000000,570,650,770,790,850,930,950,950,950,950,950,292,0,340,343.8059378204842,7.498210296034813,951.184356585145,6549.561643835616
1780999312,300,GET,/product/0PUK6V6EV0,1.800000,0.000000,690,800,800,820,910,930,930,930,930,930,930,109,0,490,442.4340420855431,5.884075537323952,1196.6727888211608,7687.642201834862
1780999312,300,GET,/product/1YMWWN1N4O,1.300000,0.000000,900,1100,1100,1100,1100,1300,1300,1300,1300,1300,1300,80,0,400,421.43726472277194,5.62835019081831,1299.847947433591,7721.85
1780999312,300,GET,/product/2ZYFJ3GM2N,1.800000,0.000000,790,820,910,920,1100,1200,1200,1200,1200,1200,1200,93,0,400,413.3799701869007,6.236707791686058,1219.5485569536686,7712.279569892473
1780999312,300,GET,/product/66VCHSJNUP,1.600000,0.000000,680,700,890,890,1000,1400,1400,1400,1400,1400,1400,105,0,490,446.27276509113256,5.739543586969376,1410.4459080845118,7681.866666666667
1780999312,300,GET,/product/6E92ZMYYFZ,1.900000,0.000000,810,900,900,980,1100,1100,1100,1100,1100,1100,1100,108,0,500,503.5387896242793,5.730173550546169,1096.282177604735,7673.277777777777
1780999312,300,GET,/product/9SIQT8TOJO,1.600000,0.000000,690,890,890,900,1100,1200,1200,1200,1200,1200,1200,114,0,470,420.1955996584474,5.914391949772835,1222.8783993050456,7720.324561403509
1780999312,300,GET,/product/L9ECAV7KIM,1.400000,0.000000,700,800,810,870,900,1400,1400,1400,1400,1400,1400,94,0,500,472.19162724634754,5.768481642007828,1408.7602095678449,7681.106382978724
1780999312,300,GET,/product/LS4PSXUNUM,1.600000,0.000000,800,900,900,1100,1100,1100,1100,1100,1100,1100,1100,87,0,400,428.4380921216189,5.51218818873167,1233.4272218868136,7689.172413793103
1780999312,300,GET,/product/OLJCESPC7Z,1.400000,0.000000,800,810,880,900,1000,1000,1000,1000,1000,1000,1000,97,0,490,477.36039220057813,5.476834252476692,1104.684043675661,7718.154639175258
1780999312,300,,Aggregated,98.200000,0.000000,1400,1600,1700,1700,1800,1900,2100,2200,2700,2700,2700,6836,0,800,802.8393927285848,5.476834252476692,2651.5014031901956,10325.874926857812
1780999313,300,GET,/,73.600000,0.000000,1600,1700,1800,1800,1900,2100,2300,2500,2700,2700,2700,5162,0,1100,914.159320281506,5.8043645694851875,2674.5592169463634,10243.87311119721
1780999313,300,POST,/cart,6.800000,0.000000,1200,1300,1400,1500,1600,1700,1900,2300,2300,2300,2300,573,0,740,708.3508135640367,8.528371341526508,2314.563508145511,17137.703315881325
1780999313,300,POST,/cart/checkout,3.100000,0.000000,580,680,780,810,860,930,950,950,950,950,950,296,0,350,348.4958076308406,7.498210296034813,951.184356585145,6549.314189189189
1780999313,300,GET,/product/0PUK6V6EV0,1.800000,0.000000,690,800,800,820,910,930,930,930,930,930,930,109,0,490,442.4340420855431,5.884075537323952,1196.6727888211608,7687.642201834862
1780999313,300,GET,/product/1YMWWN1N4O,1.300000,0.000000,690,780,900,900,1100,1100,1100,1100,1100,1100,1100,81,0,400,429.72227066387364,5.62835019081831,1299.847947433591,7722.7037037037035
1780999313,300,GET,/product/2ZYFJ3GM2N,1.700000,0.000000,780,800,820,900,920,1200,1200,1200,1200,1200,1200,93,0,400,413.3799701869007,6.236707791686058,1219.5485569536686,7712.279569892473
1780999313,300,GET,/product/66VCHSJNUP,1.400000,0.000000,700,810,890,1000,1400,1400,1400,1400,1400,1400,1400,105,0,490,446.27276509113256,5.739543586969376,1410.4459080845118,7681.866666666667
1780999313,300,GET,/product/6E92ZMYYFZ,2.200000,0.000000,870,900,980,990,1100,1100,1200,1200,1200,1200,1200,110,0,500,512.6178644343534,5.730173550546169,1197.8009343147278,7672.554545454545
1780999313,300,GET,/product/9SIQT8TOJO,1.900000,0.000000,800,890,1000,1000,1200,1200,1200,1200,1200,1200,1200,115,0,470,426.9939151390091,5.914391949772835,1222.8783993050456,7719.808695652174
1780999313,300,GET,/product/L9ECAV7KIM,1.400000,0.000000,790,800,870,900,1200,1400,1400,1400,1400,1400,1400,95,0,500,479.864333481773,5.768481642007828,1408.7602095678449,7680.663157894737
1780999313,300,GET,/product/LS4PSXUNUM,1.400000,0.000000,900,900,1100,1100,1100,1100,1100,1100,1100,1100,1100,87,0,400,428.4380921216189,5.51218818873167,1233.4272218868136,7689.172413793103
1780999313,300,GET,/product/OLJCESPC7Z,1.400000,0.000000,810,880,900,900,1000,1000,1000,1000,1000,1000,1000,97,0,490,477.36039220057813,5.476834252476692,1104.684043675661,7718.154639175258
1780999313,300,,Aggregated,98.000000,0.000000,1500,1600,1700,1700,1900,2100,2200,2300,2700,2700,2700,6923,0,820,813.3646436031597,5.476834252476692,2674.5592169463634,10328.433482594251
1780999314,300,GET,/,74.900000,0.000000,1600,1700,1800,1800,2000,2200,2400,2600,2900,2900,2900,5257,0,1100,927.3742458205376,5.8043645694851875,2941.9554276391864,10244.237968423055
1780999314,300,POST,/cart,6.200000,0.000000,1200,1400,1500,1500,1700,1700,2000,2300,2300,2300,2300,582,0,750,719.3313812616176,8.528371341526508,2314.563508145511,17149.963917525773
1780999314,300,POST,/cart/checkout,3.100000,0.000000,580,780,830,850,890,950,1300,1300,1300,1300,1300,304,0,350,361.03926059532614,7.498210296034813,1264.3625987693667,6549.611842105263
1780999314,300,GET,/product/0PUK6V6EV0,1.600000,0.000000,800,800,910,920,930,1100,1100,1100,1100,1100,1100,111,0,490,452.87181984901696,5.884075537323952,1196.6727888211608,7683.711711711711
1780999314,300,GET,/product/1YMWWN1N4O,1.100000,0.000000,690,780,900,900,1100,1100,1100,1100,1100,1100,1100,82,0,400,430.73830185685216,5.62835019081831,1299.847947433591,7722.4390243902435
1780999314,300,GET,/product/2ZYFJ3GM2N,1.800000,0.000000,800,820,900,910,930,1200,1200,1200,1200,1200,1200,99,0,490,436.1404256443634,6.236707791686058,1219.5485569536686,7709.787878787879
1780999314,300,GET,/product/66VCHSJNUP,1.300000,0.000000,800,810,890,890,920,1400,1400,1400,1400,1400,1400,109,0,500,459.5626427390433,5.739543586969376,1410.4459080845118,7683.073394495413
1780999314,300,GET,/product/6E92ZMYYFZ,2.400000,0.000000,870,900,1100,1100,1100,1200,1200,1200,1200,1200,1200,113,0,520,525.8731712150362,5.730173550546169,1220.4251931980252,7672.530973451328
1780999314,300,GET,/product/9SIQT8TOJO,1.700000,0.000000,890,900,1000,1100,1200,1200,1200,1200,1200,1200,1200,118,0,470,441.7339856341734,5.914391949772835,1222.8783993050456,7719.313559322034
1780999314,300,GET,/product/L9ECAV7KIM,1.500000,0.000000,700,800,810,870,1200,1400,1400,1400,1400,1400,1400,99,0,500,485.92397734297043,5.768481642007828,1408.7602095678449,7681.484848484848
1780999314,300,GET,/product/LS4PSXUNUM,1.200000,0.000000,900,900,900,1100,1100,1100,1100,1100,1100,1100,1100,89,0,420,434.6785658468189,5.51218818873167,1233.4272218868136,7689.426966292135
1780999314,300,GET,/product/OLJCESPC7Z,1.300000,0.000000,780,810,880,900,1000,1000,1000,1000,1000,1000,1000,98,0,490,479.53718705863065,5.476834252476692,1104.684043675661,7718.010204081633
1780999314,300,,Aggregated,98.100000,0.000000,1500,1600,1700,1800,1900,2100,2300,2500,2900,2900,2900,7061,0,830,825.3517265894145,5.476834252476692,2941.9554276391864,10323.217957796345
1780999315,300,GET,/,71.000000,0.000000,1500,1700,1800,1800,2000,2200,2300,2600,2900,2900,2900,5328,0,1100,933.5330777718369,5.8043645694851875,2941.9554276391864,10244.46753003003
1780999315,300,POST,/cart,6.600000,0.000000,1300,1500,1500,1600,1700,1800,2000,2300,2300,2300,2300,591,0,750,729.5399616329022,8.528371341526508,2314.563508145511,17157.749576988157
1780999315,300,POST,/cart/checkout,3.600000,0.000000,570,720,810,840,890,950,1300,1300,1300,1300,1300,308,0,350,360.7992647161296,7.498210296034813,1264.3625987693667,6549.545454545455
1780999315,300,GET,/product/0PUK6V6EV0,1.700000,0.000000,700,800,910,910,920,1100,1100,1100,1100,1100,1100,113,0,490,454.3752844354748,5.884075537323952,1196.6727888211608,7683.486725663717
1780999315,300,GET,/product/1YMWWN1N4O,1.100000,0.000000,570,690,780,900,1100,1100,1100,1100,1100,1100,1100,84,0,400,432.08482676363064,5.62835019081831,1299.847947433591,7721.738095238095
1780999315,300,GET,/product/2ZYFJ3GM2N,1.900000,0.000000,800,820,900,910,930,1200,1200,1200,1200,1200,1200,99,0,490,436.1404256443634,6.236707791686058,1219.5485569536686,7709.787878787879
1780999315,300,GET,/product/66VCHSJNUP,1.400000,0.000000,800,800,890,890,920,1400,1400,1400,1400,1400,1400,110,0,500,459.93253057822585,5.739543586969376,1410.4459080845118,7683.718181818182
1780999315,300,GET,/product/6E92ZMYYFZ,2.300000,0.000000,810,900,1100,1100,1200,1200,1200,1200,1200,1200,1200,114,0,520,525.8445987526916,5.730173550546169,1220.4251931980252,7672.850877192983
1780999315,300,GET,/product/9SIQT8TOJO,2.000000,0.000000,890,890,1000,1000,1200,1200,1200,1200,1200,1200,1200,119,0,470,446.42792969253384,5.914391949772835,1222.8783993050456,7719.966386554622
1780999315,300,GET,/product/L9ECAV7KIM,1.600000,0.000000,790,800,870,870,900,1200,1200,1200,1200,1200,1200,101,0,500,491.83432865740343,5.768481642007828,1408.7602095678449,7681.821782178218
1780999315,300,GET,/product/LS4PSXUNUM,1.100000,0.000000,590,700,900,900,900,900,900,900,900,900,900,94,0,430,440.52799179793357,5.51218818873167,1233.4272218868136,7691.840425531915
1780999315,300,GET,/product/OLJCESPC7Z,1.400000,0.000000,610,690,810,900,1000,1000,1000,1000,1000,1000,1000,100,0,490,479.50777869671583,5.476834252476692,1104.684043675661,7718.3
1780999315,300,,Aggregated,95.700000,0.000000,1400,1600,1700,1700,1900,2100,2300,2500,2900,2900,2900,7161,0,840,830.8428189501473,5.476834252476692,2941.9554276391864,10323.901550062841
1780999316,300,GET,/,71.900000,0.000000,1500,1600,1700,1800,2000,2200,2300,2600,2900,2900,2900,5396,0,1100,938.9649305870278,5.8043645694851875,2941.9554276391864,10244.63028169014
1780999316,300,POST,/cart,6.300000,0.000000,1200,1400,1500,1500,1700,1800,2000,2300,2300,2300,2300,595,0,750,729.1887540479793,8.528371341526508,2314.563508145511,17158.741176470587
1780999316,300,POST,/cart/checkout,4.700000,0.000000,440,580,650,780,890,900,1300,1300,1300,1300,1300,313,0,350,361.02251880192244,7.498210296034813,1264.3625987693667,6549.44089456869
1780999316,300,GET,/product/0PUK6V6EV0,1.500000,0.000000,690,800,820,910,920,1100,1100,1100,1100,1100,1100,114,0,490,454.78492012051373,5.884075537323952,1196.6727888211608,7683.412280701755
1780999316,300,GET,/product/1YMWWN1N4O,0.800000,0.000000,570,690,780,900,1100,1100,1100,1100,1100,1100,1100,84,0,400,432.08482676363064,5.62835019081831,1299.847947433591,7721.738095238095
1780999316,300,GET,/product/2ZYFJ3GM2N,2.300000,0.000000,790,800,900,900,910,930,930,930,930,930,930,101,0,490,437.4343411499026,6.236707791686058,1219.5485569536686,7710.475247524752
1780999316,300,GET,/product/66VCHSJNUP,1.300000,0.000000,720,800,810,810,890,920,920,920,920,920,920,111,0,500,460.3174018111449,5.739543586969376,1410.4459080845118,7683.2972972972975
1780999316,300,GET,/product/6E92ZMYYFZ,2.600000,0.000000,700,810,900,900,1100,1200,1200,1200,1200,1200,1200,119,0,510,524.736860054819,5.730173550546169,1220.4251931980252,7674.680672268908
1780999316,300,GET,/product/9SIQT8TOJO,1.900000,0.000000,890,890,1000,1000,1200,1200,1200,1200,1200,1200,1200,119,0,470,446.42792969253384,5.914391949772835,1222.8783993050456,7719.966386554622
1780999316,300,GET,/product/L9ECAV7KIM,1.900000,0.000000,690,800,810,870,900,1200,1200,1200,1200,1200,1200,103,0,500,490.13457168797845,5.768481642007828,1408.7602095678449,7683.165048543689
1780999316,300,GET,/product/LS4PSXUNUM,1.000000,0.000000,580,700,710,810,900,900,900,900,900,900,900,96,0,480,445.0960378356588,5.51218818873167,1233.4272218868136,7689.333333333333
1780999316,300,GET,/product/OLJCESPC7Z,0.900000,0.000000,610,690,810,900,1000,1000,1000,1000,1000,1000,1000,100,0,490,479.50777869671583,5.476834252476692,1104.684043675661,7718.3
1780999316,300,,Aggregated,97.100000,0.000000,1400,1500,1600,1700,1900,2100,2300,2500,2900,2900,2900,7251,0,850,834.8739894160673,5.476834252476692,2941.9554276391864,10319.80761274307
1780999317,300,GET,/,71.900000,0.000000,1400,1500,1600,1700,1800,2000,2300,2500,2900,2900,2900,5491,0,1100,944.1055996719008,5.8043645694851875,2941.9554276391864,10244.820433436533
1780999317,300,POST,/cart,6.300000,0.000000,1100,1300,1500,1500,1700,1800,1900,2000,2000,2000,2000,601,0,760,730.8410196743298,8.528371341526508,2314.563508145511,17170.83527454243
1780999317,300,POST,/cart/checkout,4.700000,0.000000,420,500,640,680,890,900,1300,1300,1300,1300,1300,318,0,350,359.2237700421199,7.498210296034813,1264.3625987693667,6549.389937106918
1780999317,300,GET,/product/0PUK6V6EV0,1.500000,0.000000,690,700,800,800,920,1100,1100,1100,1100,1100,1100,115,0,490,453.34854168898386,5.884075537323952,1196.6727888211608,7683.782608695652
1780999317,300,GET,/product/1YMWWN1N4O,0.800000,0.000000,570,670,690,900,1100,1100,1100,1100,1100,1100,1100,86,0,400,434.4683633250899,5.62835019081831,1299.847947433591,7723.093023255814
1780999317,300,GET,/product/2ZYFJ3GM2N,2.300000,0.000000,790,800,900,900,910,930,930,930,930,930,930,102,0,490,439.0557897003258,6.236707791686058,1219.5485569536686,7711.137254901961
1780999317,300,GET,/product/66VCHSJNUP,1.300000,0.000000,720,800,810,810,890,920,920,920,920,920,920,113,0,500,461.7286687222334,5.739543586969376,1410.4459080845118,7682.867256637168
1780999317,300,GET,/product/6E92ZMYYFZ,2.600000,0.000000,600,710,810,900,1100,1200,1200,1200,1200,1200,1200,121,0,510,522.4168752974346,5.730173550546169,1220.4251931980252,7675.090909090909
1780999317,300,GET,/product/9SIQT8TOJO,1.900000,0.000000,800,890,910,910,1200,1200,1200,1200,1200,1200,1200,120,0,470,446.2377378639455,5.914391949772835,1222.8783993050456,7719.808333333333
1780999317,300,GET,/product/L9ECAV7KIM,1.900000,0.000000,690,800,810,870,900,1200,1200,1200,1200,1200,1200,104,0,500,490.25111940975944,5.768481642007828,1408.7602095678449,7684.038461538462
1780999317,300,GET,/product/LS4PSXUNUM,1.000000,0.000000,600,700,710,810,900,900,900,900,900,900,900,98,0,490,449.2545678394333,5.51218818873167,1233.4272218868136,7689.724489795918
1780999317,300,GET,/product/OLJCESPC7Z,0.900000,0.000000,600,610,690,690,1000,1000,1000,1000,1000,1000,1000,101,0,490,479.66855719206063,5.476834252476692,1104.684043675661,7718.742574257426
1780999317,300,,Aggregated,97.100000,0.000000,1300,1500,1500,1600,1800,2000,2200,2500,2900,2900,2900,7370,0,870,839.1087394775102,5.476834252476692,2941.9554276391864,10318.398507462687
1780999318,300,GET,/,73.400000,0.000000,1400,1500,1600,1600,1800,2000,2300,2500,2900,2900,2900,5569,0,1100,948.767844669676,5.8043645694851875,2941.9554276391864,10244.998563476387
1780999318,300,POST,/cart,6.800000,0.000000,1100,1200,1400,1500,1700,1800,1900,2000,2000,2000,2000,610,0,760,734.4893817850923,8.528371341526508,2314.563508145511,17180.359016393442
1780999318,300,POST,/cart/checkout,4.900000,0.000000,420,570,650,720,890,900,1300,1300,1300,1300,1300,320,0,350,360.3585161647061,7.498210296034813,1264.3625987693667,6549.50625
1780999318,300,GET,/product/0PUK6V6EV0,1.300000,0.000000,520,700,800,920,1100,1100,1100,1100,1100,1100,1100,116,0,490,453.93563472216243,5.884075537323952,1196.6727888211608,7684.681034482759
1780999318,300,GET,/product/1YMWWN1N4O,0.900000,0.000000,570,670,900,900,1100,1100,1100,1100,1100,1100,1100,86,0,400,434.4683633250899,5.62835019081831,1299.847947433591,7723.093023255814
1780999318,300,GET,/product/2ZYFJ3GM2N,2.000000,0.000000,600,700,810,900,910,930,930,930,930,930,930,104,0,490,441.25782006169453,6.236707791686058,1219.5485569536686,7712.211538461538
1780999318,300,GET,/product/66VCHSJNUP,1.100000,0.000000,720,800,810,810,890,920,920,920,920,920,920,113,0,500,461.7286687222334,5.739543586969376,1410.4459080845118,7682.867256637168
1780999318,300,GET,/product/6E92ZMYYFZ,2.500000,0.000000,600,700,800,810,1100,1200,1200,1200,1200,1200,1200,124,0,510,524.9921274746979,5.730173550546169,1220.4251931980252,7674.887096774193
1780999318,300,GET,/product/9SIQT8TOJO,1.800000,0.000000,890,890,910,1000,1200,1200,1200,1200,1200,1200,1200,121,0,470,448.3067581260746,5.914391949772835,1222.8783993050456,7720.239669421488
1780999318,300,GET,/product/L9ECAV7KIM,1.800000,0.000000,680,790,800,810,890,1200,1200,1200,1200,1200,1200,106,0,500,492.2159035725273,5.768481642007828,1408.7602095678449,7685.301886792453
1780999318,300,GET,/product/LS4PSXUNUM,1.300000,0.000000,580,700,710,810,900,900,900,900,900,900,900,99,0,490,449.4998866711,5.51218818873167,1233.4272218868136,7689.404040404041
1780999318,300,GET,/product/OLJCESPC7Z,0.900000,0.000000,600,610,690,690,1000,1000,1000,1000,1000,1000,1000,101,0,490,479.66855719206063,5.476834252476692,1104.684043675661,7718.742574257426
1780999318,300,,Aggregated,98.700000,0.000000,1300,1400,1500,1600,1800,2000,2200,2500,2900,2900,2900,7469,0,880,843.4321035116399,5.476834252476692,2941.9554276391864,10322.321863703308
1780999319,300,GET,/,75.200000,0.000000,1400,1500,1600,1600,1800,2000,2300,2500,2900,2900,2900,5648,0,1100,955.8143031792636,5.8043645694851875,2941.9554276391864,10245.022485835694
1780999319,300,POST,/cart,7.200000,0.000000,1100,1300,1400,1500,1700,1700,1800,2000,2000,2000,2000,613,0,760,736.2145402136017,8.528371341526508,2314.563508145511,17185.04567699837
1780999319,300,POST,/cart/checkout,4.600000,0.000000,440,640,710,750,890,900,1300,1300,1300,1300,1300,324,0,350,364.01727223009976,7.498210296034813,1264.3625987693667,6549.570987654321
1780999319,300,GET,/product/0PUK6V6EV0,1.100000,0.000000,580,700,700,800,920,1100,1100,1100,1100,1100,1100,120,0,500,458.6468034113447,5.884075537323952,1196.6727888211608,7685.775
1780999319,300,GET,/product/1YMWWN1N4O,1.000000,0.000000,570,670,700,900,1100,1100,1100,1100,1100,1100,1100,87,0,410,437.54567653368946,5.62835019081831,1299.847947433591,7723.540229885058
1780999319,300,GET,/product/2ZYFJ3GM2N,1.700000,0.000000,700,800,810,900,910,930,930,930,930,930,930,104,0,490,441.25782006169453,6.236707791686058,1219.5485569536686,7712.211538461538
1780999319,300,GET,/product/66VCHSJNUP,1.300000,0.000000,670,800,800,800,810,920,920,920,920,920,920,113,0,500,461.7286687222334,5.739543586969376,1410.4459080845118,7682.867256637168
1780999319,300,GET,/product/6E92ZMYYFZ,2.400000,0.000000,580,690,710,800,1100,1200,1200,1200,1200,1200,1200,127,0,520,524.8500967442285,5.730173550546169,1220.4251931980252,7675.543307086614
1780999319,300,GET,/product/9SIQT8TOJO,1.600000,0.000000,890,890,910,1000,1200,1200,1200,1200,1200,1200,1200,122,0,470,449.33359588297907,5.914391949772835,1222.8783993050456,7720.61475409836
1780999319,300,GET,/product/L9ECAV7KIM,1.800000,0.000000,690,790,800,810,890,1200,1200,1200,1200,1200,1200,107,0,500,494.0824379587424,5.768481642007828,1408.7602095678449,7685.869158878505
1780999319,300,GET,/product/LS4PSXUNUM,1.500000,0.000000,580,700,710,810,900,900,900,900,900,900,900,99,0,490,449.4998866711,5.51218818873167,1233.4272218868136,7689.404040404041
1780999319,300,GET,/product/OLJCESPC7Z,1.000000,0.000000,600,610,690,690,700,700,700,700,700,700,700,102,0,490,481.8343860279842,5.476834252476692,1104.684043675661,7718.598039215686
1780999319,300,,Aggregated,100.400000,0.000000,1300,1500,1500,1600,1800,2000,2200,2500,2900,2900,2900,7566,0,890,849.4369038898905,5.476834252476692,2941.9554276391864,10318.860824742267
1780999320,300,GET,/,74.200000,0.000000,1400,1500,1600,1700,1800,2100,2300,2500,2900,2900,2900,5703,0,1100,962.2708839886433,5.8043645694851875,2941.9554276391864,10245.167455725057
1780999320,300,POST,/cart,7.200000,0.000000,1100,1300,1500,1500,1700,1800,1800,2000,2000,2000,2000,624,0,770,746.3361216897073,8.528371341526508,2314.563508145511,17188.95032051282
1780999320,300,POST,/cart/checkout,4.500000,0.000000,500,640,720,750,890,900,1300,1300,1300,1300,1300,328,0,360,366.6044945215307,7.498210296034813,1264.3625987693667,6549.6890243902435
1780999320,300,GET,/product/0PUK6V6EV0,1.200000,0.000000,600,700,800,800,920,1100,1100,1100,1100,1100,1100,120,0,500,458.6468034113447,5.884075537323952,1196.6727888211608,7685.775
1780999320,300,GET,/product/1YMWWN1N4O,1.000000,0.000000,670,700,880,900,1100,1100,1100,1100,1100,1100,1100,88,0,410,442.5817575221035,5.62835019081831,1299.847947433591,7721.556818181818
1780999320,300,GET,/product/2ZYFJ3GM2N,1.800000,0.000000,700,810,900,910,930,1000,1000,1000,1000,1000,1000,106,0,490,448.9656362665009,6.236707791686058,1219.5485569536686,7711.443396226415
1780999320,300,GET,/product/66VCHSJNUP,1.200000,0.000000,720,800,920,920,1200,1300,1300,1300,1300,1300,1300,115,0,500,475.37021939035344,5.739543586969376,1410.4459080845118,7682.260869565217
1780999320,300,GET,/product/6E92ZMYYFZ,2.400000,0.000000,580,690,800,1100,1200,1200,1200,1200,1200,1200,1200,129,0,520,535.2045730074016,5.730173550546169,1220.4251931980252,7674.868217054263
1780999320,300,GET,/product/9SIQT8TOJO,1.700000,0.000000,890,910,980,1000,1200,1200,1200,1200,1200,1200,1200,124,0,480,455.59155262045323,5.914391949772835,1222.8783993050456,7721.653225806452
1780999320,300,GET,/product/L9ECAV7KIM,1.900000,0.000000,690,700,790,810,890,1200,1200,1200,1200,1200,1200,108,0,500,495.9590390359086,5.768481642007828,1408.7602095678449,7686.611111111111
1780999320,300,GET,/product/LS4PSXUNUM,1.500000,0.000000,600,700,700,810,900,1100,1100,1100,1100,1100,1100,101,0,500,457.4243749796164,5.51218818873167,1233.4272218868136,7688.188118811881
1780999320,300,GET,/product/OLJCESPC7Z,0.700000,0.000000,690,700,700,700,990,990,990,990,990,990,990,104,0,490,488.7764403023399,5.476834252476692,1104.684043675661,7719.509615384615
1780999320,300,,Aggregated,99.300000,0.000000,1300,1500,1600,1600,1800,2000,2200,2500,2900,2900,2900,7650,0,900,855.7077829533689,5.476834252476692,2941.9554276391864,10321.841699346405
1780999321,300,GET,/,73.300000,0.000000,1400,1500,1700,1700,1900,2100,2300,2500,2900,2900,2900,5771,0,1100,971.0578704101142,5.8043645694851875,2941.9554276391864,10245.326979726216
1780999321,300,POST,/cart,7.200000,0.000000,1100,1400,1500,1600,1700,1800,2000,2000,2000,2000,2000,629,0,780,752.4835149326698,8.528371341526508,2314.563508145511,17204.08585055644
1780999321,300,POST,/cart/checkout,4.800000,0.000000,500,640,720,780,890,1100,1300,1300,1300,1300,1300,331,0,360,367.89683689816303,7.498210296034813,1264.3625987693667,6549.643504531722
1780999321,300,GET,/product/0PUK6V6EV0,1.300000,0.000000,600,700,800,800,920,1100,1100,1100,1100,1100,1100,120,0,500,458.6468034113447,5.884075537323952,1196.6727888211608,7685.775
1780999321,300,GET,/product/1YMWWN1N4O,0.900000,0.000000,700,710,720,880,1100,1100,1100,1100,1100,1100,1100,90,0,410,448.5795094942053,5.62835019081831,1299.847947433591,7722.7444444444445
1780999321,300,GET,/product/2ZYFJ3GM2N,1.500000,0.000000,700,810,900,910,930,1000,1000,1000,1000,1000,1000,106,0,490,448.9656362665009,6.236707791686058,1219.5485569536686,7711.443396226415
1780999321,300,GET,/product/66VCHSJNUP,1.100000,0.000000,700,720,800,920,1200,1300,1300,1300,1300,1300,1300,118,0,500,480.60246624084095,5.739543586969376,1410.4459080845118,7679.652542372882
1780999321,300,GET,/product/6E92ZMYYFZ,2.600000,0.000000,580,710,810,1100,1200,1200,1200,1200,1200,1200,1200,131,0,520,535.9813388195315,5.730173550546169,1220.4251931980252,7675.335877862595
1780999321,300,GET,/product/9SIQT8TOJO,1.400000,0.000000,900,980,1000,1000,1200,1200,1200,1200,1200,1200,1200,125,0,480,459.1089325323701,5.914391949772835,1222.8783993050456,7722.072
1780999321,300,GET,/product/L9ECAV7KIM,1.600000,0.000000,690,700,700,790,890,1200,1200,1200,1200,1200,1200,113,0,510,502.89653221854064,5.768481642007828,1408.7602095678449,7683.796460176991
1780999321,300,GET,/product/LS4PSXUNUM,1.200000,0.000000,600,700,710,810,1000,1100,1100,1100,1100,1100,1100,104,0,500,467.24346897994667,5.51218818873167,1233.4272218868136,7684.1442307692305
1780999321,300,GET,/product/OLJCESPC7Z,0.700000,0.000000,690,700,700,700,990,990,990,990,990,990,990,104,0,490,488.7764403023399,5.476834252476692,1104.684043675661,7719.509615384615
1780999321,300,,Aggregated,97.600000,0.000000,1300,1500,1600,1700,1800,2000,2200,2500,2900,2900,2900,7742,0,900,863.1655548211285,5.476834252476692,2941.9554276391864,10319.944846292947
1780999322,300,GET,/,72.800000,0.000000,1500,1600,1700,1700,1900,2000,2200,2300,2900,2900,2900,5867,0,1100,983.8540910247752,5.8043645694851875,2941.9554276391864,10245.39355718425
1780999322,300,POST,/cart,7.000000,0.000000,1200,1300,1500,1500,1700,1800,2000,2000,2000,2000,2000,636,0,780,757.5526977391363,8.528371341526508,2314.563508145511,17202.31603773585
1780999322,300,POST,/cart/checkout,4.500000,0.000000,500,640,720,750,890,1100,1300,1300,1300,1300,1300,336,0,360,372.1578825553436,7.498210296034813,1264.3625987693667,6549.517857142857
1780999322,300,GET,/product/0PUK6V6EV0,1.200000,0.000000,600,690,700,700,920,1100,1100,1100,1100,1100,1100,121,0,500,460.5699943932743,5.884075537323952,1196.6727888211608,7684.231404958678
1780999322,300,GET,/product/1YMWWN1N4O,0.900000,0.000000,670,700,720,720,720,880,880,880,880,880,880,93,0,420,453.9627354111402,5.62835019081831,1299.847947433591,7718.290322580645
1780999322,300,GET,/product/2ZYFJ3GM2N,1.600000,0.000000,700,810,900,910,930,1000,1000,1000,1000,1000,1000,106,0,490,448.9656362665009,6.236707791686058,1219.5485569536686,7711.443396226415
1780999322,300,GET,/product/66VCHSJNUP,1.300000,0.000000,720,900,920,1100,1200,1300,1300,1300,1300,1300,1300,122,0,500,496.57908962184536,5.739543586969376,1410.4459080845118,7674.549180327869
1780999322,300,GET,/product/6E92ZMYYFZ,2.500000,0.000000,580,690,800,1100,1200,1200,1200,1200,1200,1200,1200,133,0,530,540.9014222415207,5.730173550546169,1220.4251931980252,7674.669172932331
1780999322,300,GET,/product/9SIQT8TOJO,1.300000,0.000000,890,900,980,980,1000,1200,1200,1200,1200,1200,1200,127,0,480,463.0385030896997,5.914391949772835,1222.8783993050456,7720.36220472441
1780999322,300,GET,/product/L9ECAV7KIM,1.600000,0.000000,690,700,700,700,790,890,890,890,890,890,890,113,0,510,502.89653221854064,5.768481642007828,1408.7602095678449,7683.796460176991
1780999322,300,GET,/product/LS4PSXUNUM,1.400000,0.000000,670,700,710,730,900,1000,1100,1100,1100,1100,1100,109,0,500,476.5846189111471,5.51218818873167,1233.4272218868136,7681.587155963302
1780999322,300,GET,/product/OLJCESPC7Z,0.900000,0.000000,700,700,700,700,990,990,990,990,990,990,990,105,0,490,490.82193931653387,5.476834252476692,1104.684043675661,7720.0
1780999322,300,,Aggregated,97.000000,0.000000,1400,1500,1600,1700,1800,2000,2200,2300,2900,2900,2900,7868,0,920,873.9575674525596,5.476834252476692,2941.9554276391864,10316.43556176919
1780999323,300,GET,/,74.900000,0.000000,1500,1600,1700,1700,1900,1900,2100,2200,2300,2300,2300,5924,0,1200,990.4228389550221,5.8043645694851875,2941.9554276391864,10245.485820391626
1780999323,300,POST,/cart,7.300000,0.000000,1200,1300,1500,1500,1800,1800,2000,2000,2000,2000,2000,645,0,800,766.9557227745884,8.528371341526508,2314.563508145511,17217.53953488372
1780999323,300,POST,/cart/checkout,4.300000,0.000000,460,520,620,700,720,750,870,870,870,870,870,339,0,360,371.95277523392247,7.498210296034813,1264.3625987693667,6549.607669616519
1780999323,300,GET,/product/0PUK6V6EV0,1.200000,0.000000,580,600,690,700,700,700,700,700,700,700,700,121,0,500,460.5699943932743,5.884075537323952,1196.6727888211608,7684.231404958678
1780999323,300,GET,/product/1YMWWN1N4O,1.100000,0.000000,700,710,720,720,880,930,930,930,930,930,930,94,0,420,459.03749559867254,5.62835019081831,1299.847947433591,7717.893617021276
1780999323,300,GET,/product/2ZYFJ3GM2N,1.400000,0.000000,700,810,900,910,930,1000,1000,1000,1000,1000,1000,106,0,490,448.9656362665009,6.236707791686058,1219.5485569536686,7711.443396226415
1780999323,300,GET,/product/66VCHSJNUP,1.500000,0.000000,700,900,1100,1200,1200,1300,1300,1300,1300,1300,1300,122,0,500,496.57908962184536,5.739543586969376,1410.4459080845118,7674.549180327869
1780999323,300,GET,/product/6E92ZMYYFZ,2.300000,0.000000,580,600,690,800,1100,1200,1200,1200,1200,1200,1200,134,0,530,543.2759713965343,5.730173550546169,1220.4251931980252,7675.014925373134
1780999323,300,GET,/product/9SIQT8TOJO,1.400000,0.000000,740,900,980,1000,1100,1100,1100,1100,1100,1100,1100,128,0,480,468.0330301998765,5.914391949772835,1222.8783993050456,7720.3203125
1780999323,300,GET,/product/L9ECAV7KIM,2.000000,0.000000,690,700,700,700,980,1100,1100,1100,1100,1100,1100,116,0,520,512.4783836032168,5.768481642007828,1408.7602095678449,7685.551724137931
1780999323,300,GET,/product/LS4PSXUNUM,1.700000,0.000000,630,700,710,710,810,1000,1100,1100,1100,1100,1100,110,0,500,477.6981312358244,5.51218818873167,1233.4272218868136,7682.036363636364
1780999323,300,GET,/product/OLJCESPC7Z,0.800000,0.000000,700,700,940,990,1300,1300,1300,1300,1300,1300,1300,107,0,500,502.4660216017722,5.476834252476692,1284.980691038072,7720.177570093458
1780999323,300,,Aggregated,99.900000,0.000000,1400,1500,1600,1700,1800,1900,2000,2100,2300,2300,2300,7946,0,930,880.1359412946715,5.476834252476692,2941.9554276391864,10320.680845708532
1780999324,300,GET,/,75.500000,0.000000,1500,1600,1700,1800,1900,2000,2100,2200,2300,2300,2300,5975,0,1200,996.7978265362492,5.8043645694851875,2941.9554276391864,10245.617071129707
1780999324,300,POST,/cart,6.900000,0.000000,1200,1300,1400,1600,1800,1900,2000,2000,2000,2000,2000,654,0,800,774.4457895485883,8.528371341526508,2314.563508145511,17232.4128440367
1780999324,300,POST,/cart/checkout,4.100000,0.000000,480,580,700,710,750,950,950,950,950,950,950,343,0,360,374.45006791621705,7.498210296034813,1264.3625987693667,6549.673469387755
1780999324,300,GET,/product/0PUK6V6EV0,1.200000,0.000000,580,600,690,690,700,700,700,700,700,700,700,121,0,500,460.5699943932743,5.884075537323952,1196.6727888211608,7684.231404958678
1780999324,300,GET,/product/1YMWWN1N4O,1.200000,0.000000,670,710,720,720,880,930,930,930,930,930,930,96,0,470,459.89343733526766,5.62835019081831,1299.847947433591,7717.0
1780999324,300,GET,/product/2ZYFJ3GM2N,1.300000,0.000000,700,700,1000,1000,1200,1200,1200,1200,1200,1200,1200,107,0,490,455.6836577515318,6.236707791686058,1219.5485569536686,7712.271028037383
1780999324,300,GET,/product/66VCHSJNUP,1.700000,0.000000,680,720,1100,1200,1200,1300,1300,1300,1300,1300,1300,125,0,500,498.83298272639513,5.739543586969376,1410.4459080845118,7674.136
1780999324,300,GET,/product/6E92ZMYYFZ,2.500000,0.000000,580,680,800,860,1100,1200,1200,1200,1200,1200,1200,136,0,530,544.5852544610663,5.730173550546169,1220.4251931980252,7675.867647058823
1780999324,300,GET,/product/9SIQT8TOJO,1.300000,0.000000,740,900,980,980,1000,1100,1100,1100,1100,1100,1100,129,0,490,470.6074336774705,5.914391949772835,1222.8783993050456,7719.968992248062
1780999324,300,GET,/product/L9ECAV7KIM,1.900000,0.000000,690,700,700,980,1100,1500,1500,1500,1500,1500,1500,119,0,520,524.8049708130229,5.768481642007828,1512.6316081732512,7686.899159663865
1780999324,300,GET,/product/LS4PSXUNUM,2.100000,0.000000,690,710,810,870,1000,1100,1100,1100,1100,1100,1100,114,0,510,486.55548314318844,5.51218818873167,1233.4272218868136,7682.061403508772
1780999324,300,GET,/product/OLJCESPC7Z,0.800000,0.000000,700,940,990,990,1300,1400,1400,1400,1400,1400,1400,109,0,500,510.0761836292137,5.476834252476692,1416.3437196984887,7720.532110091744
1780999324,300,,Aggregated,100.500000,0.000000,1400,1500,1600,1700,1800,1900,2100,2200,2300,2300,2300,8028,0,940,885.6591082351606,5.476834252476692,2941.9554276391864,10321.503487792725
1780999325,300,GET,/,74.200000,0.000000,1500,1700,1700,1800,1900,2000,2100,2200,2300,2300,2300,6051,0,1200,1003.6448957524742,5.8043645694851875,2941.9554276391864,10245.695752768137
1780999325,300,POST,/cart,6.900000,0.000000,1100,1300,1400,1500,1600,1900,2000,2000,2000,2000,2000,667,0,820,779.4951734494703,8.528371341526508,2314.563508145511,17232.251874062968
1780999325,300,POST,/cart/checkout,4.300000,0.000000,480,580,700,710,750,950,950,950,950,950,950,348,0,360,373.70471845798454,7.498210296034813,1264.3625987693667,6549.545977011494
1780999325,300,GET,/product/0PUK6V6EV0,1.200000,0.000000,580,600,690,690,700,700,700,700,700,700,700,121,0,500,460.5699943932743,5.884075537323952,1196.6727888211608,7684.231404958678
1780999325,300,GET,/product/1YMWWN1N4O,1.200000,0.000000,670,710,720,720,880,930,930,930,930,930,930,98,0,480,462.21504376592986,5.62835019081831,1299.847947433591,7718.9795918367345
1780999325,300,GET,/product/2ZYFJ3GM2N,1.300000,0.000000,700,700,1000,1000,1200,1200,1200,1200,1200,1200,1200,107,0,490,455.6836577515318,6.236707791686058,1219.5485569536686,7712.271028037383
1780999325,300,GET,/product/66VCHSJNUP,1.700000,0.000000,700,900,1100,1200,1200,1300,1300,1300,1300,1300,1300,125,0,500,498.83298272639513,5.739543586969376,1410.4459080845118,7674.136
1780999325,300,GET,/product/6E92ZMYYFZ,2.400000,0.000000,590,680,860,880,1200,1200,1200,1200,1200,1200,1200,139,0,580,545.479641275869,5.730173550546169,1220.4251931980252,7676.63309352518
1780999325,300,GET,/product/9SIQT8TOJO,1.200000,0.000000,700,800,900,900,980,1100,1100,1100,1100,1100,1100,130,0,490,471.4743992170462,5.914391949772835,1222.8783993050456,7720.523076923077
1780999325,300,GET,/product/L9ECAV7KIM,1.900000,0.000000,700,700,910,980,1100,1500,1500,1500,1500,1500,1500,120,0,520,528.0310047014306,5.768481642007828,1512.6316081732512,7687.208333333333
1780999325,300,GET,/product/LS4PSXUNUM,2.300000,0.000000,670,710,730,870,1000,1100,1100,1100,1100,1100,1100,114,0,510,486.55548314318844,5.51218818873167,1233.4272218868136,7682.061403508772
1780999325,300,GET,/product/OLJCESPC7Z,0.800000,0.000000,840,940,990,1300,1400,1400,1400,1400,1400,1400,1400,110,0,500,513.0746755748987,5.476834252476692,1416.3437196984887,7720.127272727273
1780999325,300,,Aggregated,99.400000,0.000000,1400,1600,1700,1700,1800,2000,2100,2200,2300,2300,2300,8130,0,950,891.4574055024051,5.476834252476692,2941.9554276391864,10327.028905289053
1780999326,300,GET,/,71.800000,0.000000,1600,1700,1800,1800,1900,2000,2100,2200,2300,2300,2300,6152,0,1200,1010.2694192413793,5.8043645694851875,2941.9554276391864,10245.853381014304
1780999326,300,POST,/cart,7.100000,0.000000,1200,1300,1400,1500,1600,1900,2000,2000,2000,2000,2000,674,0,820,782.8290297660855,8.528371341526508,2314.563508145511,17236.707715133532
1780999326,300,POST,/cart/checkout,3.800000,0.000000,570,640,710,720,870,950,950,950,950,950,950,354,0,360,378.48624266620914,7.498210296034813,1264.3625987693667,6549.290960451977
1780999326,300,GET,/product/0PUK6V6EV0,1.000000,0.000000,580,600,690,690,700,700,700,700,700,700,700,122,0,500,460.01221859430683,5.884075537323952,1196.6727888211608,7684.0901639344265
1780999326,300,GET,/product/1YMWWN1N4O,1.400000,0.000000,620,670,710,720,880,930,930,930,930,930,930,102,0,490,467.59299788733614,5.62835019081831,1299.847947433591,7719.0392156862745
1780999326,300,GET,/product/2ZYFJ3GM2N,0.800000,0.000000,700,780,1000,1000,1200,1200,1200,1200,1200,1200,1200,110,0,500,461.17860801856625,6.236707791686058,1219.5485569536686,7713.872727272727
1780999326,300,GET,/product/66VCHSJNUP,1.600000,0.000000,680,720,1100,1100,1200,1300,1300,1300,1300,1300,1300,127,0,500,498.9336244541946,5.739543586969376,1410.4459080845118,7674.708661417323
1780999326,300,GET,/product/6E92ZMYYFZ,2.300000,0.000000,680,800,860,880,1100,1200,1200,1200,1200,1200,1200,143,0,580,554.113068780699,5.730173550546169,1220.4251931980252,7677.020979020979
1780999326,300,GET,/product/9SIQT8TOJO,1.100000,0.000000,690,740,800,900,980,1100,1100,1100,1100,1100,1100,135,0,500,476.0417597161399,5.914391949772835,1222.8783993050456,7722.051851851852
1780999326,300,GET,/product/L9ECAV7KIM,2.000000,0.000000,700,700,980,980,1100,1500,1500,1500,1500,1500,1500,120,0,520,528.0310047014306,5.768481642007828,1512.6316081732512,7687.208333333333
1780999326,300,GET,/product/LS4PSXUNUM,2.500000,0.000000,690,710,870,870,1000,1100,1100,1100,1100,1100,1100,114,0,510,486.55548314318844,5.51218818873167,1233.4272218868136,7682.061403508772
1780999326,300,GET,/product/OLJCESPC7Z,1.100000,0.000000,840,940,1000,1000,1300,1400,1400,1400,1400,1400,1400,112,0,500,517.6950289418788,5.476834252476692,1416.3437196984887,7720.4375
1780999326,300,,Aggregated,96.500000,0.000000,1400,1600,1700,1700,1900,2000,2100,2200,2300,2300,2300,8265,0,960,897.1585301949411,5.476834252476692,2941.9554276391864,10323.01209921355
1780999327,300,GET,/,72.200000,0.000000,1600,1700,1800,1800,1900,2000,2100,2200,2300,2300,2300,6200,0,1200,1013.9894811869149,5.8043645694851875,2941.9554276391864,10246.054032258064
1780999327,300,POST,/cart,7.400000,0.000000,1200,1300,1400,1500,1600,1800,2000,2000,2000,2000,2000,689,0,820,787.8855188405587,8.528371341526508,2314.563508145511,17245.79100145138
1780999327,300,POST,/cart/checkout,4.000000,0.000000,570,640,710,710,870,950,950,950,950,950,950,355,0,370,379.3004144166767,7.498210296034813,1264.3625987693667,6549.256338028169
1780999327,300,GET,/product/0PUK6V6EV0,0.800000,0.000000,690,700,810,830,1000,1000,1000,1000,1000,1000,1000,126,0,500,470.47313058098393,5.884075537323952,1196.6727888211608,7684.833333333333
1780999327,300,GET,/product/1YMWWN1N4O,1.400000,0.000000,620,710,720,720,880,930,930,930,930,930,930,103,0,500,471.0681495772114,5.62835019081831,1299.847947433591,7719.436893203883
1780999327,300,GET,/product/2ZYFJ3GM2N,0.800000,0.000000,700,780,1000,1000,1200,1200,1200,1200,1200,1200,1200,110,0,500,461.17860801856625,6.236707791686058,1219.5485569536686,7713.872727272727
1780999327,300,GET,/product/66VCHSJNUP,1.500000,0.000000,700,900,1100,1200,1200,1300,1300,1300,1300,1300,1300,127,0,500,498.9336244541946,5.739543586969376,1410.4459080845118,7674.708661417323
1780999327,300,GET,/product/6E92ZMYYFZ,2.500000,0.000000,600,800,880,1100,1200,1200,1200,1200,1200,1200,1200,144,0,580,553.6929303456823,5.730173550546169,1220.4251931980252,7677.451388888889
1780999327,300,GET,/product/9SIQT8TOJO,1.100000,0.000000,670,740,800,900,980,1100,1100,1100,1100,1100,1100,136,0,500,476.9550608334077,5.914391949772835,1222.8783993050456,7722.316176470588
1780999327,300,GET,/product/L9ECAV7KIM,1.900000,0.000000,700,720,910,980,1100,1500,1500,1500,1500,1500,1500,124,0,520,531.4865375177994,5.768481642007828,1512.6316081732512,7688.0161290322585
1780999327,300,GET,/product/LS4PSXUNUM,2.000000,0.000000,670,710,730,870,1000,1100,1100,1100,1100,1100,1100,115,0,510,486.49018080500156,5.51218818873167,1233.4272218868136,7681.834782608696
1780999327,300,GET,/product/OLJCESPC7Z,1.000000,0.000000,840,990,1000,1000,1300,1400,1400,1400,1400,1400,1400,112,0,500,517.6950289418788,5.476834252476692,1416.3437196984887,7720.4375
1780999327,300,,Aggregated,96.600000,0.000000,1500,1600,1700,1800,1900,2000,2100,2200,2300,2300,2300,8341,0,970,900.4392301803996,5.476834252476692,2941.9554276391864,10331.696199496464
1780999328,300,GET,/,75.400000,0.000000,1600,1700,1800,1800,1900,2000,2100,2200,2300,2300,2300,6312,0,1200,1019.8775016382828,5.8043645694851875,2941.9554276391864,10246.200728770596
1780999328,300,POST,/cart,7.900000,0.000000,1200,1300,1400,1400,1600,1800,2000,2000,2000,2000,2000,705,0,830,792.7904044535566,8.528371341526508,2314.563508145511,17236.85390070922
1780999328,300,POST,/cart/checkout,4.000000,0.000000,510,630,700,720,870,950,950,950,950,950,950,362,0,360,379.9448352698134,7.498210296034813,1264.3625987693667,6549.1049723756905
1780999328,300,GET,/product/0PUK6V6EV0,0.800000,0.000000,600,700,810,810,830,1000,1000,1000,1000,1000,1000,127,0,500,470.66619150399225,5.884075537323952,1196.6727888211608,7685.472440944882
1780999328,300,GET,/product/1YMWWN1N4O,1.800000,0.000000,620,710,720,830,930,970,970,970,970,970,970,106,0,490,475.40935098176016,5.62835019081831,1299.847947433591,7718.584905660377
1780999328,300,GET,/product/2ZYFJ3GM2N,0.900000,0.000000,700,780,990,990,1000,1200,1200,1200,1200,1200,1200,116,0,500,472.56936920517734,6.236707791686058,1219.5485569536686,7714.293103448276
1780999328,300,GET,/product/66VCHSJNUP,1.600000,0.000000,700,900,1100,1200,1200,1300,1300,1300,1300,1300,1300,127,0,500,498.9336244541946,5.739543586969376,1410.4459080845118,7674.708661417323
1780999328,300,GET,/product/6E92ZMYYFZ,2.400000,0.000000,600,860,900,1100,1100,1200,1200,1200,1200,1200,1200,150,0,580,556.5991172256569,5.730173550546169,1220.4251931980252,7676.54
1780999328,300,GET,/product/9SIQT8TOJO,1.500000,0.000000,670,740,800,890,980,1100,1100,1100,1100,1100,1100,140,0,500,481.0350320568042,5.914391949772835,1222.8783993050456,7724.478571428572
1780999328,300,GET,/product/L9ECAV7KIM,1.700000,0.000000,700,720,910,980,1100,1500,1500,1500,1500,1500,1500,125,0,520,531.9910285770893,5.768481642007828,1512.6316081732512,7687.656
1780999328,300,GET,/product/LS4PSXUNUM,1.900000,0.000000,690,710,870,870,1000,1100,1100,1100,1100,1100,1100,115,0,510,486.49018080500156,5.51218818873167,1233.4272218868136,7681.834782608696
1780999328,300,GET,/product/OLJCESPC7Z,1.200000,0.000000,840,940,1000,1100,1300,1400,1400,1400,1400,1400,1400,117,0,500,523.5394895013071,5.476834252476692,1416.3437196984887,7719.709401709401
1780999328,300,,Aggregated,101.100000,0.000000,1400,1600,1700,1800,1900,2000,2100,2200,2300,2300,2300,8502,0,970,905.2939087526456,5.476834252476692,2941.9554276391864,10331.807809927075
1780999329,300,GET,/,70.700000,0.000000,1500,1700,1700,1800,1900,2000,2100,2200,2300,2300,2300,6404,0,1200,1021.143621610196,5.8043645694851875,2941.9554276391864,10246.359775140538
1780999329,300,POST,/cart,8.700000,0.000000,1100,1200,1300,1400,1600,1800,2000,2000,2000,2000,2000,711,0,820,792.5756522369179,8.528371341526508,2314.563508145511,17238.385372714485
1780999329,300,POST,/cart/checkout,3.700000,0.000000,480,630,700,730,870,950,950,950,950,950,950,363,0,370,380.55575224660726,7.498210296034813,1264.3625987693667,6549.148760330579
1780999329,300,GET,/product/0PUK6V6EV0,1.100000,0.000000,700,810,830,830,1000,1000,1000,1000,1000,1000,1000,128,0,500,472.4843710719142,5.884075537323952,1196.6727888211608,7685.34375
1780999329,300,GET,/product/1YMWWN1N4O,1.700000,0.000000,620,710,720,830,930,970,1000,1000,1000,1000,1000,110,0,500,487.0985929769549,5.62835019081831,1299.847947433591,7720.545454545455
1780999329,300,GET,/product/2ZYFJ3GM2N,0.800000,0.000000,700,780,990,990,1000,1200,1200,1200,1200,1200,1200,116,0,500,472.56936920517734,6.236707791686058,1219.5485569536686,7714.293103448276
1780999329,300,GET,/product/66VCHSJNUP,1.400000,0.000000,680,720,800,900,1100,1200,1200,1200,1200,1200,1200,128,0,500,501.2975242934772,5.739543586969376,1410.4459080845118,7675.34375
1780999329,300,GET,/product/6E92ZMYYFZ,2.300000,0.000000,590,800,870,880,1100,1100,1100,1100,1100,1100,1100,152,0,580,557.7730582230479,5.730173550546169,1220.4251931980252,7676.710526315789
1780999329,300,GET,/product/9SIQT8TOJO,1.600000,0.000000,600,740,780,800,900,1100,1100,1100,1100,1100,1100,141,0,500,480.58489656591036,5.914391949772835,1222.8783993050456,7724.439716312057
1780999329,300,GET,/product/L9ECAV7KIM,2.000000,0.000000,700,720,910,980,1100,1500,1500,1500,1500,1500,1500,127,0,530,533.9463433382783,5.768481642007828,1512.6316081732512,7687.236220472441
1780999329,300,GET,/product/LS4PSXUNUM,1.700000,0.000000,690,710,730,870,950,1000,1000,1000,1000,1000,1000,115,0,510,486.49018080500156,5.51218818873167,1233.4272218868136,7681.834782608696
1780999329,300,GET,/product/OLJCESPC7Z,1.100000,0.000000,840,940,1000,1100,1300,1400,1400,1400,1400,1400,1400,117,0,500,523.5394895013071,5.476834252476692,1416.3437196984887,7719.709401709401
1780999329,300,,Aggregated,96.800000,0.000000,1400,1600,1700,1700,1900,1900,2100,2200,2300,2300,2300,8612,0,980,907.0675111697149,5.476834252476692,2941.9554276391864,10332.177078495122
1780999330,300,GET,/,74.100000,0.000000,1500,1600,1700,1800,1900,2000,2100,2200,2300,2300,2300,6442,0,1200,1022.8792908756153,5.8043645694851875,2941.9554276391864,10246.48928904067
1780999330,300,POST,/cart,9.100000,0.000000,1000,1200,1300,1400,1600,1600,1900,2000,2000,2000,2000,717,0,830,794.1564146592964,8.528371341526508,2314.563508145511,17241.83682008368
1780999330,300,POST,/cart/checkout,4.000000,0.000000,430,600,630,700,810,880,950,950,950,950,950,371,0,370,381.5241589579942,7.498210296034813,1264.3625987693667,6549.118598382749
1780999330,300,GET,/product/0PUK6V6EV0,1.100000,0.000000,700,810,830,830,1000,1000,1000,1000,1000,1000,1000,128,0,500,472.4843710719142,5.884075537323952,1196.6727888211608,7685.34375
1780999330,300,GET,/product/1YMWWN1N4O,2.000000,0.000000,610,620,720,830,930,970,1000,1000,1000,1000,1000,112,0,500,487.3050231918959,5.62835019081831,1299.847947433591,7718.464285714285
1780999330,300,GET,/product/2ZYFJ3GM2N,0.900000,0.000000,700,780,890,990,1000,1200,1200,1200,1200,1200,1200,117,0,500,471.91406068447816,6.236707791686058,1219.5485569536686,7714.709401709401
1780999330,300,GET,/product/66VCHSJNUP,1.400000,0.000000,670,800,900,900,1100,1200,1200,1200,1200,1200,1200,129,0,500,501.29420477752535,5.739543586969376,1410.4459080845118,7675.341085271318
1780999330,300,GET,/product/6E92ZMYYFZ,2.300000,0.000000,600,800,870,880,1100,1100,1100,1100,1100,1100,1100,153,0,580,556.7929041237126,5.730173550546169,1220.4251931980252,7677.248366013072
1780999330,300,GET,/product/9SIQT8TOJO,1.700000,0.000000,600,670,780,780,890,1100,1100,1100,1100,1100,1100,141,0,500,480.58489656591036,5.914391949772835,1222.8783993050456,7724.439716312057
1780999330,300,GET,/product/L9ECAV7KIM,1.900000,0.000000,700,720,910,980,1100,1500,1500,1500,1500,1500,1500,127,0,530,533.9463433382783,5.768481642007828,1512.6316081732512,7687.236220472441
1780999330,300,GET,/product/LS4PSXUNUM,1.600000,0.000000,630,710,730,730,870,950,950,950,950,950,950,115,0,510,486.49018080500156,5.51218818873167,1233.4272218868136,7681.834782608696
1780999330,300,GET,/product/OLJCESPC7Z,1.400000,0.000000,840,940,1000,1100,1300,1400,1400,1400,1400,1400,1400,118,0,500,523.9816288053358,5.476834252476692,1416.3437196984887,7718.1016949152545
1780999330,300,,Aggregated,101.500000,0.000000,1300,1500,1600,1700,1800,1900,2100,2200,2300,2300,2300,8670,0,990,908.1684241128276,5.476834252476692,2941.9554276391864,10331.61787773933
1780999331,300,GET,/,76.100000,0.000000,1400,1600,1600,1700,1800,1900,2000,2100,2300,2300,2300,6536,0,1200,1027.1196977873453,5.8043645694851875,2941.9554276391864,10246.653304773561
1780999331,300,POST,/cart,9.700000,0.000000,1000,1200,1300,1300,1500,1600,1900,2000,2000,2000,2000,729,0,840,798.5236655718893,8.528371341526508,2314.563508145511,17246.761316872427
1780999331,300,POST,/cart/checkout,3.800000,0.000000,450,590,620,670,810,880,950,950,950,950,950,374,0,370,383.2215686144437,7.498210296034813,1264.3625987693667,6549.07486631016
1780999331,300,GET,/product/0PUK6V6EV0,0.700000,0.000000,690,700,810,830,1000,1000,1000,1000,1000,1000,1000,129,0,500,472.6026290089123,5.884075537323952,1196.6727888211608,7685.325581395349
1780999331,300,GET,/product/1YMWWN1N4O,1.900000,0.000000,580,620,710,830,930,970,1000,1000,1000,1000,1000,113,0,500,487.37708337407196,5.62835019081831,1299.847947433591,7718.831858407079
1780999331,300,GET,/product/2ZYFJ3GM2N,1.200000,0.000000,640,710,780,890,990,1200,1200,1200,1200,1200,1200,119,0,500,474.04819234673465,6.236707791686058,1219.5485569536686,7715.126050420168
1780999331,300,GET,/product/66VCHSJNUP,1.400000,0.000000,680,800,900,900,1100,1200,1200,1200,1200,1200,1200,132,0,510,506.5349996950703,5.739543586969376,1410.4459080845118,7675.598484848485
1780999331,300,GET,/product/6E92ZMYYFZ,2.300000,0.000000,590,800,870,880,1100,1100,1100,1100,1100,1100,1100,153,0,580,556.7929041237126,5.730173550546169,1220.4251931980252,7677.248366013072
1780999331,300,GET,/product/9SIQT8TOJO,1.800000,0.000000,600,620,740,780,890,1100,1100,1100,1100,1100,1100,143,0,500,480.56683182012995,5.914391949772835,1222.8783993050456,7724.524475524476
1780999331,300,GET,/product/L9ECAV7KIM,1.800000,0.000000,710,830,980,990,1100,1500,1500,1500,1500,1500,1500,128,0,520,533.4983976790681,5.768481642007828,1512.6316081732512,7687.7578125
1780999331,300,GET,/product/LS4PSXUNUM,1.600000,0.000000,600,710,870,870,950,950,950,950,950,950,950,116,0,510,486.4486198840213,5.51218818873167,1233.4272218868136,7682.448275862069
1780999331,300,GET,/product/OLJCESPC7Z,1.500000,0.000000,840,900,1000,1000,1300,1400,1400,1400,1400,1400,1400,120,0,500,526.7794143020486,5.476834252476692,1416.3437196984887,7718.066666666667
1780999331,300,,Aggregated,103.800000,0.000000,1300,1400,1600,1600,1800,1900,2000,2100,2300,2300,2300,8792,0,1000,912.1765700433517,5.476834252476692,2941.9554276391864,10335.51797088262
1780999332,300,GET,/,73.500000,0.000000,1400,1600,1600,1700,1800,1900,2100,2100,2300,2300,2300,6602,0,1200,1033.484966151492,5.8043645694851875,2941.9554276391864,10246.8305059073
1780999332,300,POST,/cart,9.500000,0.000000,1000,1200,1300,1300,1500,1700,1900,2000,2000,2000,2000,738,0,850,805.4396430797733,8.528371341526508,2314.563508145511,17244.143631436313
1780999332,300,POST,/cart/checkout,4.100000,0.000000,460,610,700,730,810,880,950,950,950,950,950,380,0,380,386.7606699981384,7.498210296034813,1264.3625987693667,6549.218421052631
1780999332,300,GET,/product/0PUK6V6EV0,0.800000,0.000000,790,810,1000,1000,1000,1100,1100,1100,1100,1100,1100,132,0,500,483.80078094531643,5.884075537323952,1196.6727888211608,7686.454545454545
1780999332,300,GET,/product/1YMWWN1N4O,2.400000,0.000000,590,620,710,830,930,970,1000,1000,1000,1000,1000,114,0,500,488.40534358628486,5.62835019081831,1299.847947433591,7719.578947368421
1780999332,300,GET,/product/2ZYFJ3GM2N,1.100000,0.000000,640,710,780,890,990,1200,1200,1200,1200,1200,1200,119,0,500,474.04819234673465,6.236707791686058,1219.5485569536686,7715.126050420168
1780999332,300,GET,/product/66VCHSJNUP,1.400000,0.000000,610,670,700,800,900,900,900,900,900,900,900,132,0,510,506.5349996950703,5.739543586969376,1410.4459080845118,7675.598484848485
1780999332,300,GET,/product/6E92ZMYYFZ,2.300000,0.000000,730,800,880,900,1100,1100,1100,1100,1100,1100,1100,156,0,580,565.1472272852866,5.730173550546169,1220.4251931980252,7678.653846153846
1780999332,300,GET,/product/9SIQT8TOJO,1.700000,0.000000,600,610,620,780,890,1100,1100,1100,1100,1100,1100,145,0,500,482.320688003353,5.914391949772835,1222.8783993050456,7725.689655172414
1780999332,300,GET,/product/L9ECAV7KIM,1.900000,0.000000,720,830,980,990,1100,1500,1500,1500,1500,1500,1500,129,0,530,535.559093983945,5.768481642007828,1512.6316081732512,7687.395348837209
1780999332,300,GET,/product/LS4PSXUNUM,1.400000,0.000000,580,580,870,870,950,950,950,950,950,950,950,116,0,510,486.4486198840213,5.51218818873167,1233.4272218868136,7682.448275862069
1780999332,300,GET,/product/OLJCESPC7Z,1.400000,0.000000,900,940,1000,1000,1300,1400,1400,1400,1400,1400,1400,123,0,500,536.8558175452962,5.476834252476692,1416.3437196984887,7719.219512195122
1780999332,300,,Aggregated,101.500000,0.000000,1300,1400,1600,1600,1800,1900,2000,2100,2300,2300,2300,8886,0,1000,917.9510939266803,5.476834252476692,2941.9554276391864,10335.446320054018
1780999333,300,GET,/,72.500000,0.000000,1400,1600,1600,1700,1800,1900,2100,2200,2300,2300,2300,6660,0,1200,1040.5202011500874,5.8043645694851875,2941.9554276391864,10246.893843843844
1780999333,300,POST,/cart,9.300000,0.000000,1100,1200,1300,1400,1500,1600,1700,1800,1800,1800,1800,749,0,860,813.707537130914,8.528371341526508,2314.563508145511,17252.13751668892
1780999333,300,POST,/cart/checkout,4.400000,0.000000,450,590,670,710,740,810,880,880,880,880,880,382,0,380,386.3503508542845,7.498210296034813,1264.3625987693667,6549.191099476439
1780999333,300,GET,/product/0PUK6V6EV0,0.900000,0.000000,790,830,1000,1000,1000,1100,1100,1100,1100,1100,1100,132,0,500,483.80078094531643,5.884075537323952,1196.6727888211608,7686.454545454545
1780999333,300,GET,/product/1YMWWN1N4O,2.300000,0.000000,600,620,710,830,970,1000,1000,1000,1000,1000,1000,114,0,500,488.40534358628486,5.62835019081831,1299.847947433591,7719.578947368421
1780999333,300,GET,/product/2ZYFJ3GM2N,1.200000,0.000000,640,710,780,890,990,1200,1200,1200,1200,1200,1200,120,0,500,474.2139322605605,6.236707791686058,1219.5485569536686,7715.733333333334
1780999333,300,GET,/product/66VCHSJNUP,1.300000,0.000000,610,670,700,800,900,900,900,900,900,900,900,132,0,510,506.5349996950703,5.739543586969376,1410.4459080845118,7675.598484848485
1780999333,300,GET,/product/6E92ZMYYFZ,2.200000,0.000000,590,800,870,900,1100,1100,1100,1100,1100,1100,1100,157,0,580,564.7383800701825,5.730173550546169,1220.4251931980252,7678.987261146497
1780999333,300,GET,/product/9SIQT8TOJO,1.800000,0.000000,570,600,610,610,780,890,890,890,890,890,890,146,0,500,482.365240999944,5.914391949772835,1222.8783993050456,7726.253424657534
1780999333,300,GET,/product/L9ECAV7KIM,1.500000,0.000000,710,800,810,830,910,910,910,910,910,910,910,132,0,580,541.8238892699733,5.768481642007828,1512.6316081732512,7689.257575757576
1780999333,300,GET,/product/LS4PSXUNUM,1.200000,0.000000,580,870,900,900,950,950,950,950,950,950,950,117,0,510,490.01237022507394,5.51218818873167,1233.4272218868136,7683.076923076923
1780999333,300,GET,/product/OLJCESPC7Z,1.600000,0.000000,840,900,1000,1000,1000,1100,1100,1100,1100,1100,1100,125,0,500,540.4021426439285,5.476834252476692,1416.3437196984887,7719.48
1780999333,300,,Aggregated,100.200000,0.000000,1300,1400,1600,1600,1800,1900,2000,2100,2300,2300,2300,8966,0,1000,924.1263933157572,5.476834252476692,2941.9554276391864,10340.635400401517
1780999334,300,GET,/,72.200000,0.000000,1400,1600,1700,1800,1900,2000,2100,2200,2300,2300,2300,6725,0,1200,1048.2643587884518,5.8043645694851875,2941.9554276391864,10246.952713754647
1780999334,300,POST,/cart,9.800000,0.000000,1100,1200,1300,1400,1500,1600,1700,1800,1800,1800,1800,754,0,860,815.970848061253,8.528371341526508,2314.563508145511,17253.014588859416
1780999334,300,POST,/cart/checkout,4.300000,0.000000,470,600,700,730,790,810,880,880,880,880,880,387,0,380,387.8572458805617,7.498210296034813,1264.3625987693667,6549.374677002584
1780999334,300,GET,/product/0PUK6V6EV0,0.900000,0.000000,790,810,1000,1000,1000,1100,1100,1100,1100,1100,1100,133,0,500,485.4039233107876,5.884075537323952,1196.6727888211608,7686.308270676692
1780999334,300,GET,/product/1YMWWN1N4O,2.100000,0.000000,610,620,830,830,970,1000,1000,1000,1000,1000,1000,114,0,500,488.40534358628486,5.62835019081831,1299.847947433591,7719.578947368421
1780999334,300,GET,/product/2ZYFJ3GM2N,1.300000,0.000000,640,720,780,890,990,1000,1000,1000,1000,1000,1000,124,0,500,484.82140873168265,6.236707791686058,1219.5485569536686,7712.540322580645
1780999334,300,GET,/product/66VCHSJNUP,1.000000,0.000000,600,700,800,800,900,900,900,900,900,900,900,132,0,510,506.5349996950703,5.739543586969376,1410.4459080845118,7675.598484848485
1780999334,300,GET,/product/6E92ZMYYFZ,2.100000,0.000000,780,870,990,1100,1100,1100,1100,1100,1100,1100,1100,158,0,580,567.4483214941206,5.730173550546169,1220.4251931980252,7677.696202531645
1780999334,300,GET,/product/9SIQT8TOJO,1.600000,0.000000,570,610,610,620,890,900,900,900,900,900,900,147,0,500,485.18431615591254,5.914391949772835,1222.8783993050456,7724.8231292517
1780999334,300,GET,/product/L9ECAV7KIM,1.600000,0.000000,720,810,830,910,910,1000,1000,1000,1000,1000,1000,133,0,580,545.30914146033,5.768481642007828,1512.6316081732512,7687.796992481203
1780999334,300,GET,/product/LS4PSXUNUM,0.800000,0.000000,480,480,900,900,900,900,900,900,900,900,900,117,0,510,490.01237022507394,5.51218818873167,1233.4272218868136,7683.076923076923
1780999334,300,GET,/product/OLJCESPC7Z,1.600000,0.000000,810,900,910,1000,1000,1100,1100,1100,1100,1100,1100,128,0,510,545.0423822840094,5.476834252476692,1416.3437196984887,7717.3203125
1780999334,300,,Aggregated,99.300000,0.000000,1300,1500,1600,1700,1800,2000,2100,2100,2300,2300,2300,9052,0,1000,930.4838609580038,5.476834252476692,2941.9554276391864,10338.469067609369
1780999335,300,GET,/,72.300000,0.000000,1500,1600,1700,1800,1900,2000,2100,2200,2300,2300,2300,6807,0,1200,1056.7945591178855,5.8043645694851875,2941.9554276391864,10247.128103422947
1780999335,300,POST,/cart,10.500000,0.000000,1100,1200,1300,1400,1400,1500,1700,1800,1800,1800,1800,765,0,870,819.5701705230997,8.528371341526508,2314.563508145511,17262.62614379085
1780999335,300,POST,/cart/checkout,4.300000,0.000000,450,550,670,710,790,810,810,810,810,810,810,389,0,380,389.03859644831374,7.498210296034813,1264.3625987693667,6549.352185089974
1780999335,300,GET,/product/0PUK6V6EV0,1.100000,0.000000,790,810,1000,1000,1000,1100,1100,1100,1100,1100,1100,134,0,500,487.00149499797334,5.884075537323952,1196.6727888211608,7686.955223880597
1780999335,300,GET,/product/1YMWWN1N4O,2.100000,0.000000,610,710,880,880,970,1000,1000,1000,1000,1000,1000,114,0,500,488.40534358628486,5.62835019081831,1299.847947433591,7719.578947368421
1780999335,300,GET,/product/2ZYFJ3GM2N,1.400000,0.000000,600,710,780,890,990,1000,1000,1000,1000,1000,1000,126,0,500,486.463793619935,6.236707791686058,1219.5485569536686,7713.738095238095
1780999335,300,GET,/product/66VCHSJNUP,1.000000,0.000000,600,700,800,800,900,900,900,900,900,900,900,133,0,510,506.44846144307377,5.739543586969376,1410.4459080845118,7676.308270676692
1780999335,300,GET,/product/6E92ZMYYFZ,2.300000,0.000000,500,870,990,1100,1100,1100,1100,1100,1100,1100,1100,158,0,580,567.4483214941206,5.730173550546169,1220.4251931980252,7677.696202531645
1780999335,300,GET,/product/9SIQT8TOJO,1.900000,0.000000,600,610,610,780,890,900,900,900,900,900,900,147,0,500,485.18431615591254,5.914391949772835,1222.8783993050456,7724.8231292517
1780999335,300,GET,/product/L9ECAV7KIM,1.500000,0.000000,710,800,810,830,910,1000,1000,1000,1000,1000,1000,133,0,580,545.30914146033,5.768481642007828,1512.6316081732512,7687.796992481203
1780999335,300,GET,/product/LS4PSXUNUM,0.600000,0.000000,490,600,600,900,900,900,900,900,900,900,900,119,0,510,490.97823973807715,5.51218818873167,1233.4272218868136,7683.621848739495
1780999335,300,GET,/product/OLJCESPC7Z,1.800000,0.000000,810,900,910,1000,1000,1100,1100,1100,1100,1100,1100,128,0,510,545.0423822840094,5.476834252476692,1416.3437196984887,7717.3203125
1780999335,300,,Aggregated,100.800000,0.000000,1300,1500,1700,1700,1900,2000,2100,2100,2300,2300,2300,9153,0,1000,937.7464363374867,5.476834252476692,2941.9554276391864,10344.372555446302
1780999336,300,GET,/,70.800000,0.000000,1500,1700,1700,1800,1900,2000,2100,2200,2300,2300,2300,6888,0,1200,1062.9637096304086,5.8043645694851875,2941.9554276391864,10247.356416957027
1780999336,300,POST,/cart,9.700000,0.000000,1100,1300,1300,1400,1500,1500,1700,1800,1800,1800,1800,767,0,870,821.2085122186714,8.528371341526508,2314.563508145511,17267.367666232072
1780999336,300,POST,/cart/checkout,4.400000,0.000000,460,550,620,710,790,810,810,810,810,810,810,391,0,390,389.98712482564434,7.498210296034813,1264.3625987693667,6549.199488491048
1780999336,300,GET,/product/0PUK6V6EV0,1.200000,0.000000,700,790,1000,1000,1100,1100,1100,1100,1100,1100,1100,134,0,500,487.00149499797334,5.884075537323952,1196.6727888211608,7686.955223880597
1780999336,300,GET,/product/1YMWWN1N4O,1.800000,0.000000,610,720,880,970,1000,1100,1100,1100,1100,1100,1100,116,0,500,495.6711149003742,5.62835019081831,1299.847947433591,7719.629310344828
1780999336,300,GET,/product/2ZYFJ3GM2N,1.300000,0.000000,600,720,810,890,990,1000,1000,1000,1000,1000,1000,127,0,500,488.9981335351669,6.236707791686058,1219.5485569536686,7713.55905511811
1780999336,300,GET,/product/66VCHSJNUP,0.700000,0.000000,600,700,800,800,900,900,900,900,900,900,900,134,0,510,508.6662252294595,5.739543586969376,1410.4459080845118,7676.723880597015
1780999336,300,GET,/product/6E92ZMYYFZ,2.100000,0.000000,700,900,900,990,1100,1100,1100,1100,1100,1100,1100,161,0,580,570.6971329781487,5.730173550546169,1220.4251931980252,7677.6459627329195
1780999336,300,GET,/product/9SIQT8TOJO,1.700000,0.000000,500,610,610,610,890,900,900,900,900,900,900,147,0,500,485.18431615591254,5.914391949772835,1222.8783993050456,7724.8231292517
1780999336,300,GET,/product/L9ECAV7KIM,1.300000,0.000000,800,810,910,1000,1000,1000,1000,1000,1000,1000,1000,134,0,580,548.7178716210843,5.768481642007828,1512.6316081732512,7688.231343283582
1780999336,300,GET,/product/LS4PSXUNUM,0.300000,0.000000,600,600,800,800,900,900,900,900,900,900,900,120,0,510,493.5234766996776,5.51218818873167,1233.4272218868136,7683.95
1780999336,300,GET,/product/OLJCESPC7Z,1.800000,0.000000,810,900,910,910,1000,1100,1100,1100,1100,1100,1100,129,0,510,547.8400384588529,5.476834252476692,1416.3437196984887,7717.550387596899
1780999336,300,,Aggregated,97.100000,0.000000,1400,1600,1700,1700,1900,2000,2100,2100,2300,2300,2300,9248,0,1000,943.3058740546569,5.476834252476692,2941.9554276391864,10341.905493079585
1780999337,300,GET,/,72.000000,0.000000,1600,1700,1800,1800,1900,2000,2100,2200,2300,2300,2300,6932,0,1200,1066.4309847149277,5.8043645694851875,2941.9554276391864,10247.447489901904
1780999337,300,POST,/cart,9.600000,0.000000,1200,1300,1400,1400,1500,1600,1700,1800,1800,1800,1800,772,0,870,824.4146488877158,8.528371341526508,2314.563508145511,17269.971502590673
1780999337,300,POST,/cart/checkout,4.000000,0.000000,460,550,600,710,730,790,800,800,800,800,800,393,0,390,390.5812475413236,7.498210296034813,1264.3625987693667,6549.15776081425
1780999337,300,GET,/product/0PUK6V6EV0,1.200000,0.000000,700,790,890,1000,1100,1100,1100,1100,1100,1100,1100,135,0,500,489.9690799691059,5.884075537323952,1196.6727888211608,7686.6
1780999337,300,GET,/product/1YMWWN1N4O,1.600000,0.000000,690,720,890,970,1000,1100,1100,1100,1100,1100,1100,118,0,500,500.7220436582121,5.62835019081831,1299.847947433591,7720.322033898305
1780999337,300,GET,/product/2ZYFJ3GM2N,1.900000,0.000000,600,690,720,720,890,1000,1000,1000,1000,1000,1000,129,0,500,492.05609716388375,6.236707791686058,1219.5485569536686,7714.116279069767
1780999337,300,GET,/product/66VCHSJNUP,0.800000,0.000000,790,800,800,880,900,900,900,900,900,900,900,136,0,510,513.4566212552326,5.739543586969376,1410.4459080845118,7676.47794117647
1780999337,300,GET,/product/6E92ZMYYFZ,1.900000,0.000000,700,870,900,990,1100,1100,1100,1100,1100,1100,1100,161,0,580,570.6971329781487,5.730173550546169,1220.4251931980252,7677.6459627329195
1780999337,300,GET,/product/9SIQT8TOJO,1.700000,0.000000,500,600,610,610,900,900,900,900,900,900,900,147,0,500,485.18431615591254,5.914391949772835,1222.8783993050456,7724.8231292517
1780999337,300,GET,/product/L9ECAV7KIM,1.300000,0.000000,800,810,890,910,1000,1000,1000,1000,1000,1000,1000,139,0,590,558.1867628121119,5.768481642007828,1512.6316081732512,7689.410071942446
1780999337,300,GET,/product/LS4PSXUNUM,0.500000,0.000000,600,600,800,800,900,900,900,900,900,900,900,120,0,510,493.5234766996776,5.51218818873167,1233.4272218868136,7683.95
1780999337,300,GET,/product/OLJCESPC7Z,1.800000,0.000000,810,900,910,910,1000,1000,1000,1000,1000,1000,1000,131,0,520,551.8492229837384,5.476834252476692,1416.3437196984887,7718.625954198474
1780999337,300,,Aggregated,98.300000,0.000000,1400,1600,1700,1700,1900,2000,2100,2200,2300,2300,2300,9313,0,1000,946.3427303308712,5.476834252476692,2941.9554276391864,10340.71147857833
1780999338,300,GET,/,71.500000,0.000000,1600,1700,1800,1800,1900,2000,2100,2200,2300,2300,2300,7025,0,1200,1073.1083129433869,5.8043645694851875,2941.9554276391864,10247.481565836299
1780999338,300,POST,/cart,9.200000,0.000000,1200,1400,1400,1500,1600,1700,1900,2000,2000,2000,2000,784,0,880,832.8766236093599,8.528371341526508,2314.563508145511,17279.632653061224
1780999338,300,POST,/cart/checkout,3.700000,0.000000,470,580,710,720,760,800,940,940,940,940,940,401,0,390,393.30527446049257,7.498210296034813,1264.3625987693667,6549.229426433915
1780999338,300,GET,/product/0PUK6V6EV0,1.200000,0.000000,790,890,1000,1000,1100,1100,1100,1100,1100,1100,1100,135,0,500,489.9690799691059,5.884075537323952,1196.6727888211608,7686.6
1780999338,300,GET,/product/1YMWWN1N4O,1.300000,0.000000,720,880,920,1000,1000,1100,1100,1100,1100,1100,1100,121,0,510,511.14313912477866,5.62835019081831,1299.847947433591,7721.694214876033
1780999338,300,GET,/product/2ZYFJ3GM2N,1.600000,0.000000,680,710,720,810,890,1000,1000,1000,1000,1000,1000,130,0,500,492.3203949028483,6.236707791686058,1219.5485569536686,7714.5
1780999338,300,GET,/product/66VCHSJNUP,0.700000,0.000000,790,800,800,880,900,900,900,900,900,900,900,137,0,520,514.5930292519884,5.739543586969376,1410.4459080845118,7676.985401459854
1780999338,300,GET,/product/6E92ZMYYFZ,1.700000,0.000000,710,870,900,990,1100,1100,1100,1100,1100,1100,1100,164,0,580,572.922667454383,5.730173550546169,1220.4251931980252,7678.457317073171
1780999338,300,GET,/product/9SIQT8TOJO,1.300000,0.000000,490,610,610,670,900,900,900,900,900,900,900,149,0,500,484.0388780259746,5.914391949772835,1222.8783993050456,7724.342281879195
1780999338,300,GET,/product/L9ECAV7KIM,1.300000,0.000000,800,810,890,910,1000,1000,1000,1000,1000,1000,1000,139,0,590,558.1867628121119,5.768481642007828,1512.6316081732512,7689.410071942446
1780999338,300,GET,/product/LS4PSXUNUM,0.600000,0.000000,600,800,800,900,900,900,900,900,900,900,900,120,0,510,493.5234766996776,5.51218818873167,1233.4272218868136,7683.95
1780999338,300,GET,/product/OLJCESPC7Z,1.700000,0.000000,810,900,910,910,1000,1000,1000,1000,1000,1000,1000,134,0,520,556.2090716157943,5.476834252476692,1416.3437196984887,7719.074626865671
1780999338,300,,Aggregated,95.800000,0.000000,1500,1600,1700,1800,1900,2000,2100,2200,2300,2300,2300,9439,0,1000,952.3461734813284,5.476834252476692,2941.9554276391864,10342.63491895328
1780999339,300,GET,/,71.200000,0.000000,1600,1700,1800,1800,1900,2000,2100,2200,2300,2300,2300,7084,0,1200,1077.1620452671166,5.8043645694851875,2941.9554276391864,10247.605307735743
1780999339,300,POST,/cart,8.300000,0.000000,1300,1400,1400,1500,1600,1800,2000,2300,2300,2300,2300,791,0,880,836.3263485482253,8.528371341526508,2314.563508145511,17299.182048040457
1780999339,300,POST,/cart/checkout,3.800000,0.000000,510,580,720,720,760,800,940,940,940,940,940,405,0,390,393.4492312601687,7.498210296034813,1264.3625987693667,6549.3481481481485
1780999339,300,GET,/product/0PUK6V6EV0,0.900000,0.000000,700,790,890,1000,1100,1100,1100,1100,1100,1100,1100,137,0,500,489.2027501125623,5.884075537323952,1196.6727888211608,7686.934306569343
1780999339,300,GET,/product/1YMWWN1N4O,1.500000,0.000000,820,890,920,1000,1100,1100,1100,1100,1100,1100,1100,121,0,510,511.14313912477866,5.62835019081831,1299.847947433591,7721.694214876033
1780999339,300,GET,/product/2ZYFJ3GM2N,1.900000,0.000000,600,690,720,810,890,1000,1000,1000,1000,1000,1000,132,0,500,489.5097640498231,6.236707791686058,1219.5485569536686,7715.583333333333
1780999339,300,GET,/product/66VCHSJNUP,0.900000,0.000000,670,700,800,800,880,900,900,900,900,900,900,141,0,510,514.7064662214817,5.739543586969376,1410.4459080845118,7678.141843971631
1780999339,300,GET,/product/6E92ZMYYFZ,1.700000,0.000000,700,780,900,990,1100,1100,1100,1100,1100,1100,1100,166,0,580,572.0248541974249,5.730173550546169,1220.4251931980252,7677.873493975903
1780999339,300,GET,/product/9SIQT8TOJO,1.100000,0.000000,490,610,610,670,900,900,900,900,900,900,900,151,0,500,482.3307581122545,5.914391949772835,1222.8783993050456,7724.390728476821
1780999339,300,GET,/product/L9ECAV7KIM,1.500000,0.000000,800,810,890,910,1000,1000,1000,1000,1000,1000,1000,140,0,590,556.5236401877233,5.768481642007828,1512.6316081732512,7689.942857142857
1780999339,300,GET,/product/LS4PSXUNUM,0.500000,0.000000,600,800,800,900,900,900,900,900,900,900,900,120,0,510,493.5234766996776,5.51218818873167,1233.4272218868136,7683.95
1780999339,300,GET,/product/OLJCESPC7Z,1.800000,0.000000,810,900,910,910,1000,1000,1000,1000,1000,1000,1000,134,0,520,556.2090716157943,5.476834252476692,1416.3437196984887,7719.074626865671
1780999339,300,,Aggregated,95.100000,0.000000,1500,1700,1700,1800,1900,2000,2100,2200,2300,2300,2300,9522,0,1100,955.3676978496194,5.476834252476692,2941.9554276391864,10343.690086116361
1780999340,300,GET,/,68.700000,0.000000,1600,1700,1800,1800,1900,2000,2100,2200,2300,2300,2300,7170,0,1200,1083.0212114329452,5.8043645694851875,2941.9554276391864,10247.79930264993
1780999340,300,POST,/cart,7.900000,0.000000,1200,1400,1400,1500,1600,1700,2000,2300,2300,2300,2300,803,0,890,838.8091060744684,8.528371341526508,2314.563508145511,17307.550435865505
1780999340,300,POST,/cart/checkout,3.800000,0.000000,470,580,720,730,760,800,940,940,940,940,940,412,0,390,394.8251098638527,7.498210296034813,1264.3625987693667,6549.27427184466
1780999340,300,GET,/product/0PUK6V6EV0,0.800000,0.000000,790,890,1000,1000,1100,1100,1100,1100,1100,1100,1100,137,0,500,489.2027501125623,5.884075537323952,1196.6727888211608,7686.934306569343
1780999340,300,GET,/product/1YMWWN1N4O,1.400000,0.000000,820,890,920,1000,1100,1100,1100,1100,1100,1100,1100,121,0,510,511.14313912477866,5.62835019081831,1299.847947433591,7721.694214876033
1780999340,300,GET,/product/2ZYFJ3GM2N,1.600000,0.000000,600,690,710,720,890,1000,1000,1000,1000,1000,1000,135,0,500,488.09256968260917,6.236707791686058,1219.5485569536686,7716.970370370371
1780999340,300,GET,/product/66VCHSJNUP,1.000000,0.000000,600,670,790,800,880,880,880,880,880,880,880,141,0,510,514.7064662214817,5.739543586969376,1410.4459080845118,7678.141843971631
1780999340,300,GET,/product/6E92ZMYYFZ,1.500000,0.000000,700,780,900,990,1100,1100,1100,1100,1100,1100,1100,167,0,580,571.5675113086929,5.730173550546169,1220.4251931980252,7678.299401197605
1780999340,300,GET,/product/9SIQT8TOJO,1.000000,0.000000,490,610,610,610,670,900,900,900,900,900,900,152,0,500,481.7868894468503,5.914391949772835,1222.8783993050456,7724.223684210527
1780999340,300,GET,/product/L9ECAV7KIM,1.400000,0.000000,810,810,910,910,1000,1000,1000,1000,1000,1000,1000,140,0,590,556.5236401877233,5.768481642007828,1512.6316081732512,7689.942857142857
1780999340,300,GET,/product/LS4PSXUNUM,0.500000,0.000000,510,600,800,800,900,900,900,900,900,900,900,122,0,510,493.7978568563207,5.51218818873167,1233.4272218868136,7684.88524590164
1780999340,300,GET,/product/OLJCESPC7Z,1.700000,0.000000,810,900,910,1000,1000,1000,1000,1000,1000,1000,1000,135,0,520,555.0819497762454,5.476834252476692,1416.3437196984887,7718.8592592592595
1780999340,300,,Aggregated,91.300000,0.000000,1600,1700,1700,1800,1900,2000,2100,2200,2300,2300,2300,9635,0,1100,960.1043115336628,5.476834252476692,2941.9554276391864,10347.41888946549
