Timestamp,User Count,Type,Name,Requests/s,Failures/s,50%,66%,75%,80%,90%,95%,98%,99%,99.9%,99.99%,100%,Total Request Count,Total Failure Count,Total Median Response Time,Total Average Response Time,Total Min Response Time,Total Max Response Time,Total Average Content Size
1780926153,0,,Aggregated,0.000000,0.000000,N/A,N/A,N/A,N/A,N/A,N/A,N/A,N/A,N/A,N/A,N/A,0,0,0,0.0,0,0,0
1780926154,5,GET,/,0.000000,0.000000,0,0,0,0,0,0,0,0,0,0,0,3,0,652.2190207615495,654.8145596558849,652.2190207615495,657.8664360567927,10499.0
1780926154,5,POST,/cart,0.000000,0.000000,0,0,0,0,0,0,0,0,0,0,0,1,0,720.1976049691439,720.1976049691439,720.1976049691439,720.1976049691439,16465.0
1780926154,5,POST,/cart/checkout,0.000000,0.000000,0,0,0,0,0,0,0,0,0,0,0,1,0,711.1766366288066,711.1766366288066,711.1766366288066,711.1766366288066,6785.0
1780926154,5,GET,/product/LS4PSXUNUM,0.000000,0.000000,0,0,0,0,0,0,0,0,0,0,0,1,0,74.50617849826813,74.50617849826813,74.50617849826813,74.50617849826813,7957.0
1780926154,5,,Aggregated,0.000000,0.000000,0,0,0,0,0,0,0,0,0,0,0,6,0,650,578.3873498439789,74.50617849826813,720.1976049691439,10450.666666666666
1780926155,10,GET,/,0.000000,0.000000,120,120,120,120,120,120,120,120,120,120,120,7,0,120,334.4856118783355,28.150195255875587,657.8664360567927,10499.0
1780926155,10,POST,/cart,0.000000,0.000000,110,110,110,110,110,110,110,110,110,110,110,2,0,111.52033414691687,415.85896955803037,111.52033414691687,720.1976049691439,16453.0
1780926155,10,POST,/cart/checkout,0.000000,0.000000,24,24,24,24,24,24,24,24,24,24,24,2,0,24.459268897771835,367.8179527632892,24.459268897771835,711.1766366288066,6782.0
1780926155,10,GET,/product/1YMWWN1N4O,0.000000,0.000000,0,0,0,0,0,0,0,0,0,0,0,1,0,21.023225970566273,21.023225970566273,21.023225970566273,21.023225970566273,7974.0
1780926155,10,GET,/product/LS4PSXUNUM,0.000000,0.000000,75,75,75,75,75,75,75,75,75,75,75,1,0,74.50617849826813,74.50617849826813,74.50617849826813,74.50617849826813,7957.0
1780926155,10,,Aggregated,0.000000,0.000000,110,110,120,120,120,120,120,120,120,120,120,13,0,120,308.0217332507555,21.023225970566273,720.1976049691439,10453.384615384615
1780926156,15,GET,/,0.000000,0.000000,120,220,220,220,220,220,220,220,220,220,220,19,0,210,210.97136499654306,21.591045893728733,657.8664360567927,10503.684210526315
1780926156,15,POST,/cart,0.000000,0.000000,110,110,110,110,110,110,110,110,110,110,110,2,0,111.52033414691687,415.85896955803037,111.52033414691687,720.1976049691439,16453.0
1780926156,15,POST,/cart/checkout,0.000000,0.000000,24,24,24,24,24,24,24,24,24,24,24,2,0,24.459268897771835,367.8179527632892,24.459268897771835,711.1766366288066,6782.0
1780926156,15,GET,/product/0PUK6V6EV0,0.000000,0.000000,0,0,0,0,0,0,0,0,0,0,0,1,0,105.28850555419922,105.28850555419922,105.28850555419922,105.28850555419922,7934.0
1780926156,15,GET,/product/1YMWWN1N4O,0.000000,0.000000,21,21,21,21,21,21,21,21,21,21,21,1,0,21.023225970566273,21.023225970566273,21.023225970566273,21.023225970566273,7974.0
1780926156,15,GET,/product/LS4PSXUNUM,0.000000,0.000000,75,75,75,75,75,75,75,75,75,75,75,1,0,74.50617849826813,74.50617849826813,74.50617849826813,74.50617849826813,7957.0
1780926156,15,,Aggregated,0.000000,0.000000,110,210,220,220,220,220,220,220,220,220,220,26,0,120,222.17798806153812,21.023225970566273,720.1976049691439,10380.961538461539
1780926157,20,GET,/,3.000000,0.000000,120,120,210,220,220,220,220,220,220,220,220,28,0,120,169.17107846321804,21.591045893728733,657.8664360567927,10502.17857142857
1780926157,20,POST,/cart,1.000000,0.000000,110,110,110,110,110,110,110,110,110,110,110,2,0,111.52033414691687,415.85896955803037,111.52033414691687,720.1976049691439,16453.0
1780926157,20,POST,/cart/checkout,1.000000,0.000000,30,30,30,30,30,30,30,30,30,30,30,3,0,30,255.09743858128786,24.459268897771835,711.1766366288066,6780.0
1780926157,20,GET,/product/0PUK6V6EV0,0.000000,0.000000,110,110,110,110,110,110,110,110,110,110,110,1,0,105.28850555419922,105.28850555419922,105.28850555419922,105.28850555419922,7934.0
1780926157,20,GET,/product/1YMWWN1N4O,0.500000,0.000000,21,21,21,21,21,21,21,21,21,21,21,1,0,21.023225970566273,21.023225970566273,21.023225970566273,21.023225970566273,7974.0
1780926157,20,GET,/product/LS4PSXUNUM,0.500000,0.000000,75,75,75,75,75,75,75,75,75,75,75,1,0,74.50617849826813,74.50617849826813,74.50617849826813,74.50617849826813,7957.0
1780926157,20,,Aggregated,6.000000,0.000000,110,120,120,220,220,220,220,220,220,220,220,36,0,110,181.51717671814063,21.023225970566273,720.1976049691439,10310.333333333334
1780926158,25,GET,/,3.000000,0.000000,51,120,120,210,220,220,220,220,220,220,220,37,0,68,134.86855713700925,17.356297001242638,657.8664360567927,10501.405405405405
1780926158,25,POST,/cart,1.000000,0.000000,78,78,110,110,110,110,110,110,110,110,110,5,0,78,201.66964624077082,22.942225448787212,720.1976049691439,16455.0
1780926158,25,POST,/cart/checkout,1.000000,0.000000,24,24,30,30,30,30,30,30,30,30,30,4,0,24,196.0702771320939,18.988792784512043,711.1766366288066,6789.75
1780926158,25,GET,/product/0PUK6V6EV0,0.000000,0.000000,110,110,110,110,110,110,110,110,110,110,110,1,0,105.28850555419922,105.28850555419922,105.28850555419922,105.28850555419922,7934.0
1780926158,25,GET,/product/1YMWWN1N4O,0.500000,0.000000,21,21,21,21,21,21,21,21,21,21,21,1,0,21.023225970566273,21.023225970566273,21.023225970566273,21.023225970566273,7974.0
1780926158,25,GET,/product/9SIQT8TOJO,0.000000,0.000000,0,0,0,0,0,0,0,0,0,0,0,1,0,15.142166055738926,15.142166055738926,15.142166055738926,15.142166055738926,7990.0
1780926158,25,GET,/product/LS4PSXUNUM,0.500000,0.000000,75,75,75,75,75,75,75,75,75,75,75,1,0,74.50617849826813,74.50617849826813,74.50617849826813,74.50617849826813,7957.0
1780926158,25,,Aggregated,6.000000,0.000000,45,110,120,120,220,220,220,220,220,220,220,50,0,68,139.9745205976069,15.142166055738926,720.1976049691439,10596.82
1780926159,30,GET,/,6.333333,0.000000,51,120,120,190,220,220,220,220,220,220,220,52,0,57,121.17422873584124,17.356297001242638,657.8664360567927,10504.134615384615
1780926159,30,POST,/cart,0.666667,0.000000,78,110,110,110,110,110,110,110,110,110,110,6,0,78,185.78263092786074,22.942225448787212,720.1976049691439,16458.333333333332
1780926159,30,POST,/cart/checkout,0.666667,0.000000,30,30,100,100,100,100,100,100,100,100,100,5,0,30,177.35658586025238,18.988792784512043,711.1766366288066,6788.4
1780926159,30,GET,/product/0PUK6V6EV0,0.333333,0.000000,110,110,110,110,110,110,110,110,110,110,110,1,0,105.28850555419922,105.28850555419922,105.28850555419922,105.28850555419922,7934.0
1780926159,30,GET,/product/1YMWWN1N4O,0.333333,0.000000,88,88,88,88,88,88,88,88,88,88,88,2,0,21.023225970566273,54.6487532556057,21.023225970566273,88.27428054064512,7969.0
1780926159,30,GET,/product/9SIQT8TOJO,0.000000,0.000000,15,15,15,15,15,15,15,15,15,15,15,1,0,15.142166055738926,15.142166055738926,15.142166055738926,15.142166055738926,7990.0
1780926159,30,GET,/product/L9ECAV7KIM,0.000000,0.000000,0,0,0,0,0,0,0,0,0,0,0,1,0,17.877387814223766,17.877387814223766,17.877387814223766,17.877387814223766,7960.0
1780926159,30,GET,/product/LS4PSXUNUM,0.333333,0.000000,75,75,75,75,75,75,75,75,75,75,75,1,0,74.50617849826813,74.50617849826813,74.50617849826813,74.50617849826813,7957.0
1780926159,30,,Aggregated,8.666667,0.000000,51,110,120,120,210,220,220,220,220,220,220,69,0,75,124.99493266037409,15.142166055738926,720.1976049691439,10531.68115942029
1780926160,35,GET,/,6.750000,0.000000,38,110,120,120,210,220,220,220,220,220,220,73,0,44,100.37819650789646,16.216464340686798,657.8664360567927,10506.315068493152
1780926160,35,POST,/cart,0.500000,0.000000,78,110,110,110,110,110,110,110,110,110,110,6,0,78,185.78263092786074,22.942225448787212,720.1976049691439,16458.333333333332
1780926160,35,POST,/cart/checkout,0.750000,0.000000,30,30,100,100,100,100,100,100,100,100,100,5,0,30,177.35658586025238,18.988792784512043,711.1766366288066,6788.4
1780926160,35,GET,/product/0PUK6V6EV0,0.250000,0.000000,110,110,110,110,110,110,110,110,110,110,110,2,0,13.461894355714321,59.37519995495677,13.461894355714321,105.28850555419922,7991.5
1780926160,35,GET,/product/1YMWWN1N4O,0.250000,0.000000,23,23,88,88,88,88,88,88,88,88,88,4,0,21,37.24571433849633,16.86809491366148,88.27428054064512,7995.25
1780926160,35,GET,/product/2ZYFJ3GM2N,0.000000,0.000000,0,0,0,0,0,0,0,0,0,0,0,1,0,20.63129097223282,20.63129097223282,20.63129097223282,20.63129097223282,7972.0
1780926160,35,GET,/product/66VCHSJNUP,0.000000,0.000000,0,0,0,0,0,0,0,0,0,0,0,1,0,22.05661591142416,22.05661591142416,22.05661591142416,22.05661591142416,7944.0
1780926160,35,GET,/product/9SIQT8TOJO,0.000000,0.000000,15,15,15,15,15,15,15,15,15,15,15,1,0,15.142166055738926,15.142166055738926,15.142166055738926,15.142166055738926,7990.0
1780926160,35,GET,/product/L9ECAV7KIM,0.000000,0.000000,18,18,18,18,18,18,18,18,18,18,18,1,0,17.877387814223766,17.877387814223766,17.877387814223766,17.877387814223766,7960.0
1780926160,35,GET,/product/LS4PSXUNUM,0.250000,0.000000,75,75,75,75,75,75,75,75,75,75,75,1,0,74.50617849826813,74.50617849826813,74.50617849826813,74.50617849826813,7957.0
1780926160,35,GET,/product/OLJCESPC7Z,0.000000,0.000000,0,0,0,0,0,0,0,0,0,0,0,1,0,24.32563528418541,24.32563528418541,24.32563528418541,24.32563528418541,7965.0
1780926160,35,,Aggregated,8.750000,0.000000,30,100,110,120,200,220,220,220,220,220,220,96,0,31,101.78499574734208,13.461894355714321,720.1976049691439,10368.802083333334
1780926161,40,GET,/,7.400000,0.000000,45,68,110,120,200,220,220,220,220,220,220,90,0,48,90.45630618929863,16.216464340686798,657.8664360567927,10505.922222222222
1780926161,40,POST,/cart,1.000000,0.000000,76,78,110,110,110,110,110,110,110,110,110,8,0,76,152.71831047721207,22.942225448787212,720.1976049691439,16453.75
1780926161,40,POST,/cart/checkout,0.800000,0.000000,30,36,36,100,100,100,100,100,100,100,100,6,0,30,153.7346669162313,18.988792784512043,711.1766366288066,6785.166666666667
1780926161,40,GET,/product/0PUK6V6EV0,0.200000,0.000000,110,110,110,110,110,110,110,110,110,110,110,2,0,13.461894355714321,59.37519995495677,13.461894355714321,105.28850555419922,7991.5
1780926161,40,GET,/product/1YMWWN1N4O,0.200000,0.000000,23,23,88,88,88,88,88,88,88,88,88,4,0,21,37.24571433849633,16.86809491366148,88.27428054064512,7995.25
1780926161,40,GET,/product/2ZYFJ3GM2N,0.000000,0.000000,21,21,21,21,21,21,21,21,21,21,21,1,0,20.63129097223282,20.63129097223282,20.63129097223282,20.63129097223282,7972.0
1780926161,40,GET,/product/66VCHSJNUP,0.000000,0.000000,22,22,22,22,22,22,22,22,22,22,22,1,0,22.05661591142416,22.05661591142416,22.05661591142416,22.05661591142416,7944.0
1780926161,40,GET,/product/9SIQT8TOJO,0.200000,0.000000,15,15,15,15,15,15,15,15,15,15,15,1,0,15.142166055738926,15.142166055738926,15.142166055738926,15.142166055738926,7990.0
1780926161,40,GET,/product/L9ECAV7KIM,0.000000,0.000000,49,49,49,49,49,49,49,49,49,49,49,2,0,18,33.33783848211169,17.877387814223766,48.79828914999962,7947.0
1780926161,40,GET,/product/LS4PSXUNUM,0.200000,0.000000,75,75,75,75,75,75,75,75,75,75,75,1,0,74.50617849826813,74.50617849826813,74.50617849826813,74.50617849826813,7957.0
1780926161,40,GET,/product/OLJCESPC7Z,0.000000,0.000000,24,24,24,24,24,24,24,24,24,24,24,1,0,24.32563528418541,24.32563528418541,24.32563528418541,24.32563528418541,7965.0
1780926161,40,,Aggregated,10.000000,0.000000,38,67,110,110,120,220,220,220,220,220,220,117,0,45,92.10506720770883,13.461894355714321,720.1976049691439,10440.68376068376
1780926162,45,GET,/,8.666667,0.000000,60,120,180,210,260,310,370,370,410,410,410,115,0,62,120.74754414675029,16.216464340686798,657.8664360567927,10507.51304347826
1780926162,45,POST,/cart,1.000000,0.000000,76,78,110,110,110,110,110,110,110,110,110,8,0,76,152.71831047721207,22.942225448787212,720.1976049691439,16453.75
1780926162,45,POST,/cart/checkout,0.833333,0.000000,30,36,36,100,100,100,100,100,100,100,100,6,0,30,153.7346669162313,18.988792784512043,711.1766366288066,6785.166666666667
1780926162,45,GET,/product/0PUK6V6EV0,0.166667,0.000000,110,110,110,110,110,110,110,110,110,110,110,2,0,13.461894355714321,59.37519995495677,13.461894355714321,105.28850555419922,7991.5
1780926162,45,GET,/product/1YMWWN1N4O,0.333333,0.000000,23,23,88,88,88,88,88,88,88,88,88,4,0,21,37.24571433849633,16.86809491366148,88.27428054064512,7995.25
1780926162,45,GET,/product/2ZYFJ3GM2N,0.000000,0.000000,21,21,21,21,21,21,21,21,21,21,21,2,0,16.35055337101221,18.490922171622515,16.35055337101221,20.63129097223282,7970.0
1780926162,45,GET,/product/66VCHSJNUP,0.000000,0.000000,22,22,22,22,22,22,22,22,22,22,22,1,0,22.05661591142416,22.05661591142416,22.05661591142416,22.05661591142416,7944.0
1780926162,45,GET,/product/6E92ZMYYFZ,0.000000,0.000000,0,0,0,0,0,0,0,0,0,0,0,1,0,64.83118794858456,64.83118794858456,64.83118794858456,64.83118794858456,7990.0
1780926162,45,GET,/product/9SIQT8TOJO,0.166667,0.000000,69,69,69,69,69,69,69,69,69,69,69,2,0,15.142166055738926,41.86153784394264,15.142166055738926,68.58090963214636,8027.5
1780926162,45,GET,/product/L9ECAV7KIM,0.166667,0.000000,49,49,100,100,100,100,100,100,100,100,100,3,0,49,57.07115214318037,17.877387814223766,104.53777946531773,7948.666666666667
1780926162,45,GET,/product/LS4PSXUNUM,0.166667,0.000000,75,75,75,75,75,75,75,75,75,75,75,2,0,67,70.690733846277,66.87528919428587,74.50617849826813,7945.0
1780926162,45,GET,/product/OLJCESPC7Z,0.000000,0.000000,180,180,180,180,180,180,180,180,180,180,180,2,0,24.32563528418541,104.46361033245921,24.32563528418541,184.601585380733,8027.5
1780926162,45,,Aggregated,11.500000,0.000000,58,110,120,180,230,300,370,370,410,410,410,148,0,60,115.04709586576634,13.461894355714321,720.1976049691439,10353.97972972973
1780926163,50,GET,/,11.250000,0.000000,58,110,120,190,240,310,370,370,410,410,410,135,0,58,110.57185583092549,16.216464340686798,657.8664360567927,10506.91111111111
1780926163,50,POST,/cart,1.000000,0.000000,76,78,91,110,110,110,110,110,110,110,110,10,0,76,133.34186980500817,20.281024277210236,720.1976049691439,16456.6
1780926163,50,POST,/cart/checkout,0.750000,0.000000,36,36,49,49,100,100,100,100,100,100,100,7,0,36,138.84318872754062,18.988792784512043,711.1766366288066,6784.571428571428
1780926163,50,GET,/product/0PUK6V6EV0,0.250000,0.000000,110,110,110,110,110,110,110,110,110,110,110,2,0,13.461894355714321,59.37519995495677,13.461894355714321,105.28850555419922,7991.5
1780926163,50,GET,/product/1YMWWN1N4O,0.500000,0.000000,21,23,23,88,88,88,88,88,88,88,88,5,0,21,33.02301485091448,16.132216900587082,88.27428054064512,7993.0
1780926163,50,GET,/product/2ZYFJ3GM2N,0.125000,0.000000,21,21,21,21,21,21,21,21,21,21,21,2,0,16.35055337101221,18.490922171622515,16.35055337101221,20.63129097223282,7970.0
1780926163,50,GET,/product/66VCHSJNUP,0.125000,0.000000,110,110,110,110,110,110,110,110,110,110,110,2,0,22.05661591142416,64.04217565432191,22.05661591142416,106.02773539721966,7953.0
1780926163,50,GET,/product/6E92ZMYYFZ,0.000000,0.000000,65,65,65,65,65,65,65,65,65,65,65,1,0,64.83118794858456,64.83118794858456,64.83118794858456,64.83118794858456,7990.0
1780926163,50,GET,/product/9SIQT8TOJO,0.125000,0.000000,17,17,69,69,69,69,69,69,69,69,69,3,0,17,33.51154581954082,15.142166055738926,68.58090963214636,8001.0
1780926163,50,GET,/product/L9ECAV7KIM,0.250000,0.000000,19,49,49,100,100,100,100,100,100,100,100,5,0,19,41.345902159810066,16.68402925133705,104.53777946531773,7946.0
1780926163,50,GET,/product/LS4PSXUNUM,0.125000,0.000000,67,67,75,75,75,75,75,75,75,75,75,3,0,67,53.5803564513723,19.35960166156292,74.50617849826813,7940.333333333333
1780926163,50,GET,/product/OLJCESPC7Z,0.125000,0.000000,180,180,180,180,180,180,180,180,180,180,180,2,0,24.32563528418541,104.46361033245921,24.32563528418541,184.601585380733,8027.5
1780926163,50,,Aggregated,14.625000,0.000000,51,91,120,120,220,300,320,370,410,410,410,177,0,57,104.08597091728517,13.461894355714321,720.1976049691439,10338.327683615818
1780926164,55,GET,/,12.777778,0.000000,62,120,190,220,280,310,340,370,410,410,410,157,0,64,120.72345211651106,14.977985993027687,657.8664360567927,10508.070063694267
1780926164,55,POST,/cart,0.888889,0.000000,91,99,110,110,180,190,190,190,190,190,190,13,0,91,138.3160973827426,20.281024277210236,720.1976049691439,16458.384615384617
1780926164,55,POST,/cart/checkout,0.666667,0.000000,36,49,100,100,180,180,180,180,180,180,180,8,0,36,144.0621562069282,18.988792784512043,711.1766366288066,6789.375
1780926164,55,GET,/product/0PUK6V6EV0,0.222222,0.000000,91,91,110,110,110,110,110,110,110,110,110,3,0,91,69.99061660220225,13.461894355714321,105.28850555419922,7971.666666666667
1780926164,55,GET,/product/1YMWWN1N4O,0.444444,0.000000,23,23,88,88,100,100,100,100,100,100,100,6,0,21,44.10589408750335,16.132216900587082,99.52029027044773,7995.833333333333
1780926164,55,GET,/product/2ZYFJ3GM2N,0.222222,0.000000,21,21,21,21,21,21,21,21,21,21,21,2,0,16.35055337101221,18.490922171622515,16.35055337101221,20.63129097223282,7970.0
1780926164,55,GET,/product/66VCHSJNUP,0.111111,0.000000,22,22,110,110,110,110,110,110,110,110,110,3,0,22,48.481346728901066,17.359688878059387,106.02773539721966,7977.0
1780926164,55,GET,/product/6E92ZMYYFZ,0.111111,0.000000,65,65,65,65,65,65,65,65,65,65,65,1,0,64.83118794858456,64.83118794858456,64.83118794858456,64.83118794858456,7990.0
1780926164,55,GET,/product/9SIQT8TOJO,0.222222,0.000000,69,69,110,110,110,110,110,110,110,110,110,4,0,17,51.50305083952844,15.142166055738926,105.47756589949131,7997.75
1780926164,55,GET,/product/L9ECAV7KIM,0.333333,0.000000,19,19,49,49,100,100,100,100,100,100,100,6,0,18,37.1254140821596,16.02297369390726,104.53777946531773,7941.666666666667
1780926164,55,GET,/product/LS4PSXUNUM,0.222222,0.000000,67,67,75,75,75,75,75,75,75,75,75,3,0,67,53.5803564513723,19.35960166156292,74.50617849826813,7940.333333333333
1780926164,55,GET,/product/OLJCESPC7Z,0.222222,0.000000,180,180,180,180,180,180,180,180,180,180,180,2,0,24.32563528418541,104.46361033245921,24.32563528418541,184.601585380733,8027.5
1780926164,55,,Aggregated,16.444444,0.000000,60,110,160,180,270,300,340,370,410,410,410,208,0,63,112.61772001251721,13.461894355714321,720.1976049691439,10371.677884615385
1780926165,60,GET,/,13.400000,0.000000,60,100,120,180,280,310,340,370,410,410,410,192,0,63,110.28898182363871,14.977985993027687,657.8664360567927,10509.197916666666
1780926165,60,POST,/cart,1.000000,0.000000,78,91,110,110,180,190,190,190,190,190,190,14,0,78,132.4564511222499,20.281024277210236,720.1976049691439,16461.14285714286
1780926165,60,POST,/cart/checkout,0.700000,0.000000,36,49,100,100,180,180,180,180,180,180,180,9,0,36,130.83960540178748,18.988792784512043,711.1766366288066,6788.444444444444
1780926165,60,GET,/product/0PUK6V6EV0,0.200000,0.000000,91,91,110,110,110,110,110,110,110,110,110,3,0,91,69.99061660220225,13.461894355714321,105.28850555419922,7971.666666666667
1780926165,60,GET,/product/1YMWWN1N4O,0.500000,0.000000,23,64,88,88,100,100,100,100,100,100,100,8,0,21,43.40827779378742,16.132216900587082,99.52029027044773,7995.875
1780926165,60,GET,/product/2ZYFJ3GM2N,0.200000,0.000000,21,21,60,60,60,60,60,60,60,60,60,3,0,21,32.243687038620315,16.35055337101221,59.74921677261591,7980.666666666667
1780926165,60,GET,/product/66VCHSJNUP,0.200000,0.000000,22,22,110,110,110,110,110,110,110,110,110,4,0,19,40.98916053771973,17.359688878059387,106.02773539721966,7964.75
1780926165,60,GET,/product/6E92ZMYYFZ,0.100000,0.000000,65,65,65,65,65,65,65,65,65,65,65,2,0,16,40.178557857871056,15.525927767157555,64.83118794858456,7960.5
1780926165,60,GET,/product/9SIQT8TOJO,0.200000,0.000000,69,69,110,110,110,110,110,110,110,110,110,4,0,17,51.50305083952844,15.142166055738926,105.47756589949131,7997.75
1780926165,60,GET,/product/L9ECAV7KIM,0.500000,0.000000,19,19,49,49,100,100,100,100,100,100,100,6,0,18,37.1254140821596,16.02297369390726,104.53777946531773,7941.666666666667
1780926165,60,GET,/product/LS4PSXUNUM,0.300000,0.000000,67,67,75,75,75,75,75,75,75,75,75,4,0,19,44.413283467292786,16.912064515054226,74.50617849826813,7942.5
1780926165,60,GET,/product/OLJCESPC7Z,0.200000,0.000000,180,180,180,180,180,180,180,180,180,180,180,2,0,24.32563528418541,104.46361033245921,24.32563528418541,184.601585380733,8027.5
1780926165,60,,Aggregated,17.500000,0.000000,57,90,110,160,240,290,320,370,410,410,410,251,0,60,103.27115222307079,13.461894355714321,720.1976049691439,10344.175298804781
1780926166,65,GET,/,15.200000,0.000000,58,86,110,160,270,300,340,370,410,410,410,221,0,63,102.87917430651673,13.553593307733536,657.8664360567927,10509.87330316742
1780926166,65,POST,/cart,1.200000,0.000000,78,91,99,110,180,190,190,190,190,190,190,16,0,78,123.04138159379363,20.281024277210236,720.1976049691439,16638.4375
1780926166,65,POST,/cart/checkout,0.700000,0.000000,49,51,100,100,180,180,180,180,180,180,180,10,0,36,122.8437814861536,18.988792784512043,711.1766366288066,6788.3
1780926166,65,GET,/product/0PUK6V6EV0,0.300000,0.000000,91,91,110,110,110,110,110,110,110,110,110,4,0,45,63.735648058354855,13.461894355714321,105.28850555419922,7972.75
1780926166,65,GET,/product/1YMWWN1N4O,0.600000,0.000000,23,64,88,88,100,100,100,100,100,100,100,8,0,21,43.40827779378742,16.132216900587082,99.52029027044773,7995.875
1780926166,65,GET,/product/2ZYFJ3GM2N,0.200000,0.000000,21,31,31,60,60,60,60,60,60,60,60,5,0,21,28.526697494089603,14.834134839475155,59.74921677261591,8020.4
1780926166,65,GET,/product/66VCHSJNUP,0.300000,0.000000,56,56,68,68,110,110,110,110,110,110,110,6,0,22,47.99794716139635,17.359688878059387,106.02773539721966,7968.333333333333
1780926166,65,GET,/product/6E92ZMYYFZ,0.100000,0.000000,65,65,65,65,65,65,65,65,65,65,65,2,0,16,40.178557857871056,15.525927767157555,64.83118794858456,7960.5
1780926166,65,GET,/product/9SIQT8TOJO,0.400000,0.000000,69,69,110,110,110,110,110,110,110,110,110,4,0,17,51.50305083952844,15.142166055738926,105.47756589949131,7997.75
1780926166,65,GET,/product/L9ECAV7KIM,0.600000,0.000000,19,19,49,49,100,100,100,100,100,100,100,6,0,18,37.1254140821596,16.02297369390726,104.53777946531773,7941.666666666667
1780926166,65,GET,/product/LS4PSXUNUM,0.200000,0.000000,19,67,67,75,75,75,75,75,75,75,75,5,0,19,39.3777159973979,16.912064515054226,74.50617849826813,7945.4
1780926166,65,GET,/product/OLJCESPC7Z,0.200000,0.000000,180,180,180,180,180,180,180,180,180,180,180,2,0,24.32563528418541,104.46361033245921,24.32563528418541,184.601585380733,8027.5
1780926166,65,,Aggregated,20.000000,0.000000,57,82,100,120,230,290,320,370,410,410,410,289,0,58,96.47461948561833,13.461894355714321,720.1976049691439,10352.574394463667
1780926167,70,GET,/,18.400000,0.000000,61,85,110,130,250,300,320,370,410,410,410,253,0,61,96.7074096379544,12.544678524136543,657.8664360567927,10510.9604743083
1780926167,70,POST,/cart,1.200000,0.000000,68,91,92,99,180,190,190,190,190,190,190,22,0,76,108.66707381369038,20.281024277210236,720.1976049691439,16656.68181818182
1780926167,70,POST,/cart/checkout,0.700000,0.000000,51,62,66,100,180,180,180,180,180,180,180,13,0,49,106.28204004695782,18.988792784512043,711.1766366288066,6793.384615384615
1780926167,70,GET,/product/0PUK6V6EV0,0.300000,0.000000,45,45,91,91,91,91,91,91,91,91,91,4,0,45,63.735648058354855,13.461894355714321,105.28850555419922,7972.75
1780926167,70,GET,/product/1YMWWN1N4O,0.700000,0.000000,23,64,88,88,100,100,100,100,100,100,100,8,0,21,43.40827779378742,16.132216900587082,99.52029027044773,7995.875
1780926167,70,GET,/product/2ZYFJ3GM2N,0.300000,0.000000,21,31,31,60,60,60,60,60,60,60,60,5,0,21,28.526697494089603,14.834134839475155,59.74921677261591,8020.4
1780926167,70,GET,/product/66VCHSJNUP,0.400000,0.000000,56,56,68,68,110,110,110,110,110,110,110,6,0,22,47.99794716139635,17.359688878059387,106.02773539721966,7968.333333333333
1780926167,70,GET,/product/6E92ZMYYFZ,0.200000,0.000000,65,65,65,65,65,65,65,65,65,65,65,2,0,16,40.178557857871056,15.525927767157555,64.83118794858456,7960.5
1780926167,70,GET,/product/9SIQT8TOJO,0.400000,0.000000,69,82,82,110,110,110,110,110,110,110,110,5,0,69,57.50502571463585,15.142166055738926,105.47756589949131,7989.8
1780926167,70,GET,/product/L9ECAV7KIM,0.600000,0.000000,19,19,49,49,100,100,100,100,100,100,100,6,0,18,37.1254140821596,16.02297369390726,104.53777946531773,7941.666666666667
1780926167,70,GET,/product/LS4PSXUNUM,0.300000,0.000000,19,19,67,67,67,67,67,67,67,67,67,5,0,19,39.3777159973979,16.912064515054226,74.50617849826813,7945.4
1780926167,70,GET,/product/OLJCESPC7Z,0.200000,0.000000,180,180,180,180,180,180,180,180,180,180,180,2,0,24.32563528418541,104.46361033245921,24.32563528418541,184.601585380733,8027.5
1780926167,70,,Aggregated,23.700000,0.000000,58,82,96,110,200,290,320,370,410,410,410,331,0,60,91.44591328510705,12.544678524136543,720.1976049691439,10444.429003021149
1780926168,75,GET,/,20.100000,0.000000,58,79,92,110,240,290,320,370,410,410,410,281,0,58,91.74179935039044,12.544678524136543,657.8664360567927,10511.35231316726
1780926168,75,POST,/cart,1.300000,0.000000,66,91,99,110,180,180,190,190,190,190,190,28,0,68,102.4144482133644,20.281024277210236,720.1976049691439,16662.035714285714
1780926168,75,POST,/cart/checkout,0.800000,0.000000,51,66,82,82,100,180,180,180,180,180,180,15,0,49,100.27909930795431,18.988792784512043,711.1766366288066,6791.933333333333
1780926168,75,GET,/product/0PUK6V6EV0,0.300000,0.000000,18,45,45,91,91,91,91,91,91,91,91,6,0,18,47.5482038843135,12.4680669978261,105.28850555419922,7971.833333333333
1780926168,75,GET,/product/1YMWWN1N4O,0.700000,0.000000,23,64,100,100,100,100,100,100,100,100,100,9,0,23,49.859450405670536,16.132216900587082,101.46883130073547,7991.0
1780926168,75,GET,/product/2ZYFJ3GM2N,0.500000,0.000000,21,31,31,60,60,60,60,60,60,60,60,5,0,21,28.526697494089603,14.834134839475155,59.74921677261591,8020.4
1780926168,75,GET,/product/66VCHSJNUP,0.500000,0.000000,22,56,68,68,110,110,110,110,110,110,110,7,0,22,43.20423038942473,14.441929757595062,106.02773539721966,7967.428571428572
1780926168,75,GET,/product/6E92ZMYYFZ,0.200000,0.000000,16,16,65,65,65,65,65,65,65,65,65,3,0,16,31.222233238319557,13.309583999216557,64.83118794858456,7971.0
1780926168,75,GET,/product/9SIQT8TOJO,0.400000,0.000000,82,82,98,98,110,110,110,110,110,110,110,6,0,69,64.1963208715121,15.142166055738926,105.47756589949131,7984.5
1780926168,75,GET,/product/L9ECAV7KIM,0.600000,0.000000,19,19,49,49,100,100,100,100,100,100,100,6,0,18,37.1254140821596,16.02297369390726,104.53777946531773,7941.666666666667
1780926168,75,GET,/product/LS4PSXUNUM,0.400000,0.000000,19,19,19,67,67,67,67,67,67,67,67,6,0,19,35.91249914218982,16.912064515054226,74.50617849826813,7948.333333333333
1780926168,75,GET,/product/OLJCESPC7Z,0.200000,0.000000,180,180,180,180,180,180,180,180,180,180,180,2,0,24.32563528418541,104.46361033245921,24.32563528418541,184.601585380733,8027.5
1780926168,75,,Aggregated,26.000000,0.000000,56,77,90,100,180,280,310,340,410,410,410,374,0,57,86.78161325979042,12.4680669978261,720.1976049691439,10483.810160427807
1780926169,80,GET,/,22.300000,0.000000,58,80,92,120,230,290,320,370,410,410,410,314,0,57,89.10513880727872,12.544678524136543,657.8664360567927,10510.904458598727
1780926169,80,POST,/cart,1.900000,0.000000,66,86,91,92,180,180,190,190,190,190,190,32,0,68,97.79205388622358,20.281024277210236,720.1976049691439,16726.03125
1780926169,80,POST,/cart/checkout,1.000000,0.000000,51,67,79,82,130,180,180,180,180,180,180,22,0,49,90.54803463037719,18.988792784512043,711.1766366288066,6794.954545454545
1780926169,80,GET,/product/0PUK6V6EV0,0.300000,0.000000,18,45,45,91,91,91,91,91,91,91,91,6,0,18,47.5482038843135,12.4680669978261,105.28850555419922,7971.833333333333
1780926169,80,GET,/product/1YMWWN1N4O,0.700000,0.000000,23,64,100,100,100,100,100,100,100,100,100,9,0,23,49.859450405670536,16.132216900587082,101.46883130073547,7991.0
1780926169,80,GET,/product/2ZYFJ3GM2N,0.500000,0.000000,31,31,60,60,110,110,110,110,110,110,110,6,0,21,41.57063877210021,14.834134839475155,106.79034516215324,8030.5
1780926169,80,GET,/product/66VCHSJNUP,0.600000,0.000000,22,56,68,68,110,110,110,110,110,110,110,8,0,19,39.39357667695731,12.719000689685345,106.02773539721966,7965.25
1780926169,80,GET,/product/6E92ZMYYFZ,0.200000,0.000000,16,16,65,65,65,65,65,65,65,65,65,3,0,16,31.222233238319557,13.309583999216557,64.83118794858456,7971.0
1780926169,80,GET,/product/9SIQT8TOJO,0.500000,0.000000,82,82,98,98,110,110,110,110,110,110,110,7,0,69,57.537623148943695,15.142166055738926,105.47756589949131,7980.142857142857
1780926169,80,GET,/product/L9ECAV7KIM,0.600000,0.000000,19,49,49,100,100,100,100,100,100,100,100,6,0,18,37.1254140821596,16.02297369390726,104.53777946531773,7941.666666666667
1780926169,80,GET,/product/LS4PSXUNUM,0.400000,0.000000,19,19,67,67,92,92,92,92,92,92,92,7,0,19,43.987548377897056,16.912064515054226,92.43784379214048,7949.0
1780926169,80,GET,/product/OLJCESPC7Z,0.200000,0.000000,180,180,180,180,180,180,180,180,180,180,180,2,0,24.32563528418541,104.46361033245921,24.32563528418541,184.601585380733,8027.5
1780926169,80,,Aggregated,29.200000,0.000000,58,79,91,100,180,280,310,340,410,410,410,422,0,56,84.44321184900205,12.4680669978261,720.1976049691439,10464.272511848341
1780926170,85,GET,/,24.300000,0.000000,61,84,100,130,230,290,320,370,410,410,410,343,0,57,87.235630552336,12.544678524136543,657.8664360567927,10511.195335276969
1780926170,85,POST,/cart,2.100000,0.000000,62,82,91,92,130,180,190,190,190,190,190,37,0,66,92.05025207956095,20.281024277210236,720.1976049691439,16845.64864864865
1780926170,85,POST,/cart/checkout,1.000000,0.000000,62,67,82,110,130,180,180,180,180,180,180,23,0,51,91.57570330021174,18.988792784512043,711.1766366288066,6796.695652173913
1780926170,85,GET,/product/0PUK6V6EV0,0.500000,0.000000,18,45,90,90,91,91,91,91,91,91,91,9,0,18,44.88332414378723,12.4680669978261,105.28850555419922,7963.0
1780926170,85,GET,/product/1YMWWN1N4O,0.800000,0.000000,64,100,100,100,100,100,100,100,100,100,100,9,0,23,49.859450405670536,16.132216900587082,101.46883130073547,7991.0
1780926170,85,GET,/product/2ZYFJ3GM2N,0.500000,0.000000,31,60,60,110,110,110,110,110,110,110,110,6,0,21,41.57063877210021,14.834134839475155,106.79034516215324,8030.5
1780926170,85,GET,/product/66VCHSJNUP,0.700000,0.000000,22,56,68,68,110,110,110,110,110,110,110,8,0,19,39.39357667695731,12.719000689685345,106.02773539721966,7965.25
1780926170,85,GET,/product/6E92ZMYYFZ,0.200000,0.000000,16,16,65,65,65,65,65,65,65,65,65,4,0,13,26.637849397957325,12.884697876870632,64.83118794858456,7959.0
1780926170,85,GET,/product/9SIQT8TOJO,0.500000,0.000000,82,82,98,98,110,110,110,110,110,110,110,7,0,69,57.537623148943695,15.142166055738926,105.47756589949131,7980.142857142857
1780926170,85,GET,/product/L9ECAV7KIM,0.600000,0.000000,19,100,100,100,100,100,100,100,100,100,100,7,0,19,46.077619838927475,16.02297369390726,104.53777946531773,7939.714285714285
1780926170,85,GET,/product/LS4PSXUNUM,0.500000,0.000000,19,19,67,67,92,92,92,92,92,92,92,7,0,19,43.987548377897056,16.912064515054226,92.43784379214048,7949.0
1780926170,85,GET,/product/OLJCESPC7Z,0.200000,0.000000,180,180,180,180,180,180,180,180,180,180,180,3,0,24,75.17873402684927,16.608981415629387,184.601585380733,7998.666666666667
1780926170,85,,Aggregated,31.900000,0.000000,59,82,94,110,180,280,310,340,410,410,410,463,0,56,82.54100721063934,12.4680669978261,720.1976049691439,10504.012958963283
1780926171,90,GET,/,25.900000,0.000000,54,78,89,100,130,180,280,290,340,340,340,385,0,57,84.63326820547317,12.544678524136543,657.8664360567927,10511.945454545454
1780926171,90,POST,/cart,2.600000,0.000000,63,86,92,99,130,180,190,190,190,190,190,41,0,66,89.74902724801767,20.281024277210236,720.1976049691439,16807.731707317074
1780926171,90,POST,/cart/checkout,1.600000,0.000000,66,82,110,110,130,180,180,180,180,180,180,26,0,51,90.59245329206952,18.988792784512043,711.1766366288066,6798.0
1780926171,90,GET,/product/0PUK6V6EV0,0.500000,0.000000,18,45,90,90,91,91,91,91,91,91,91,9,0,18,44.88332414378723,12.4680669978261,105.28850555419922,7963.0
1780926171,90,GET,/product/1YMWWN1N4O,0.700000,0.000000,64,94,100,100,100,100,100,100,100,100,100,12,0,23,51.853544699649014,16.132216900587082,101.46883130073547,7994.666666666667
1780926171,90,GET,/product/2ZYFJ3GM2N,0.600000,0.000000,31,60,95,95,110,110,110,110,110,110,110,8,0,21,45.43120227754116,14.834134839475155,106.79034516215324,8017.375
1780926171,90,GET,/product/66VCHSJNUP,0.700000,0.000000,19,56,68,68,110,110,110,110,110,110,110,8,0,19,39.39357667695731,12.719000689685345,106.02773539721966,7965.25
1780926171,90,GET,/product/6E92ZMYYFZ,0.300000,0.000000,14,16,16,65,65,65,65,65,65,65,65,5,0,14,24.189448356628418,12.884697876870632,64.83118794858456,7969.2
1780926171,90,GET,/product/9SIQT8TOJO,0.600000,0.000000,69,82,98,98,110,110,110,110,110,110,110,8,0,18,52.31394188012928,15.142166055738926,105.47756589949131,7990.5
1780926171,90,GET,/product/L9ECAV7KIM,0.500000,0.000000,19,94,94,100,100,100,100,100,100,100,100,8,0,19,52.06879321485758,16.02297369390726,104.53777946531773,7939.75
1780926171,90,GET,/product/LS4PSXUNUM,0.600000,0.000000,19,19,19,92,92,92,92,92,92,92,92,7,0,19,43.987548377897056,16.912064515054226,92.43784379214048,7949.0
1780926171,90,GET,/product/OLJCESPC7Z,0.200000,0.000000,96,96,180,180,180,180,180,180,180,180,180,4,0,24,80.38541278801858,16.608981415629387,184.601585380733,7999.75
1780926171,90,,Aggregated,34.800000,0.000000,54,79,91,99,130,170,280,290,340,340,340,521,0,57,80.4398780413358,12.4680669978261,720.1976049691439,10486.291746641074
1780926172,95,GET,/,26.600000,0.000000,66,89,110,130,160,190,280,290,340,340,340,430,0,63,89.03088825213355,12.544678524136543,657.8664360567927,10513.488372093023
1780926172,95,POST,/cart,3.000000,0.000000,68,92,100,130,180,190,210,210,210,210,210,45,0,76,93.95242283741634,20.281024277210236,720.1976049691439,16808.2
1780926172,95,POST,/cart/checkout,1.800000,0.000000,79,110,110,110,130,160,180,180,180,180,180,29,0,66,93.46632906717473,18.988792784512043,711.1766366288066,6799.137931034483
1780926172,95,GET,/product/0PUK6V6EV0,0.700000,0.000000,18,45,90,90,91,91,91,91,91,91,91,9,0,18,44.88332414378723,12.4680669978261,105.28850555419922,7963.0
1780926172,95,GET,/product/1YMWWN1N4O,0.500000,0.000000,94,100,100,100,100,100,100,100,100,100,100,13,0,63,55.8651269485171,16.132216900587082,104.00411393493414,7993.846153846154
1780926172,95,GET,/product/2ZYFJ3GM2N,0.500000,0.000000,60,95,96,96,110,110,110,110,110,110,110,9,0,31,51.02908528513379,14.834134839475155,106.79034516215324,8013.888888888889
1780926172,95,GET,/product/66VCHSJNUP,0.700000,0.000000,19,30,56,56,68,68,68,68,68,68,68,9,0,22,38.2977177699407,12.719000689685345,106.02773539721966,7974.555555555556
1780926172,95,GET,/product/6E92ZMYYFZ,0.400000,0.000000,16,65,81,81,98,98,98,98,98,98,98,7,0,16,42.73163287767342,12.884697876870632,97.6275596767664,7954.571428571428
1780926172,95,GET,/product/9SIQT8TOJO,0.600000,0.000000,92,98,110,110,190,190,190,190,190,190,190,10,0,69,70.01283541321754,15.142166055738926,189.26102295517921,7994.9
1780926172,95,GET,/product/L9ECAV7KIM,0.600000,0.000000,94,94,100,100,100,100,100,100,100,100,100,8,0,19,52.06879321485758,16.02297369390726,104.53777946531773,7939.75
1780926172,95,GET,/product/LS4PSXUNUM,0.600000,0.000000,34,90,92,92,94,94,94,94,94,94,94,10,0,34,52.563310507684946,16.912064515054226,94.04513705521822,7951.7
1780926172,95,GET,/product/OLJCESPC7Z,0.200000,0.000000,180,180,190,190,190,190,190,190,190,190,190,5,0,96,101.54614299535751,16.608981415629387,186.18906382471323,7994.8
1780926172,95,,Aggregated,36.200000,0.000000,66,89,100,110,160,180,270,290,340,340,340,584,0,63,84.94001072640084,12.4680669978261,720.1976049691439,10466.55308219178
1780926173,100,GET,/,29.200000,0.000000,64,87,100,110,140,170,190,210,220,220,220,466,0,64,88.74476309106265,12.544678524136543,657.8664360567927,10513.1330472103
1780926173,100,POST,/cart,3.300000,0.000000,68,87,100,110,160,210,220,220,220,220,220,50,0,76,96.63661926984787,20.281024277210236,720.1976049691439,16802.34
1780926173,100,POST,/cart/checkout,2.000000,0.000000,67,82,110,110,110,130,160,160,160,160,160,32,0,65,90.67889401922002,18.988792784512043,711.1766366288066,6797.5625
1780926173,100,GET,/product/0PUK6V6EV0,0.700000,0.000000,18,45,90,90,91,91,91,91,91,91,91,9,0,18,44.88332414378723,12.4680669978261,105.28850555419922,7963.0
1780926173,100,GET,/product/1YMWWN1N4O,0.800000,0.000000,64,94,100,100,100,100,100,100,100,100,100,13,0,63,55.8651269485171,16.132216900587082,104.00411393493414,7993.846153846154
1780926173,100,GET,/product/2ZYFJ3GM2N,0.700000,0.000000,60,95,96,96,110,110,110,110,110,110,110,9,0,31,51.02908528513379,14.834134839475155,106.79034516215324,8013.888888888889
1780926173,100,GET,/product/66VCHSJNUP,0.700000,0.000000,30,56,68,68,180,180,180,180,180,180,180,11,0,22,48.90776857395064,12.719000689685345,177.70192958414555,7969.181818181818
1780926173,100,GET,/product/6E92ZMYYFZ,0.500000,0.000000,14,16,81,81,98,98,98,98,98,98,98,8,0,14,39.11621053703129,12.884697876870632,97.6275596767664,7947.875
1780926173,100,GET,/product/9SIQT8TOJO,0.600000,0.000000,82,92,98,110,190,190,190,190,190,190,190,11,0,69,64.7585280239582,12.215454131364822,189.26102295517921,7996.272727272727
1780926173,100,GET,/product/L9ECAV7KIM,0.600000,0.000000,94,94,100,100,100,100,100,100,100,100,100,9,0,19,47.431591898202896,10.333981364965439,104.53777946531773,7940.666666666667
1780926173,100,GET,/product/LS4PSXUNUM,0.600000,0.000000,92,92,94,100,190,190,190,190,190,190,190,13,0,75,69.6735753176304,16.912064515054226,188.3203685283661,7949.846153846154
1780926173,100,GET,/product/OLJCESPC7Z,0.300000,0.000000,180,180,190,190,190,190,190,190,190,190,190,5,0,96,101.54614299535751,16.608981415629387,186.18906382471323,7994.8
1780926173,100,,Aggregated,40.000000,0.000000,64,87,100,110,140,170,190,210,220,220,220,636,0,64,85.03412574810802,10.333981364965439,720.1976049691439,10469.279874213837
1780926174,105,GET,/,29.200000,0.000000,73,100,130,140,180,220,260,270,350,350,350,498,0,69,96.37654339146602,12.544678524136543,657.8664360567927,10513.475903614459
1780926174,105,POST,/cart,3.300000,0.000000,86,110,140,140,190,210,220,220,220,220,220,58,0,82,105.48524176380758,20.281024277210236,720.1976049691439,16902.724137931036
1780926174,105,POST,/cart/checkout,2.000000,0.000000,67,100,110,110,110,130,160,160,160,160,160,32,0,65,90.67889401922002,18.988792784512043,711.1766366288066,6797.5625
1780926174,105,GET,/product/0PUK6V6EV0,0.700000,0.000000,18,18,45,45,90,90,90,90,90,90,90,9,0,18,44.88332414378723,12.4680669978261,105.28850555419922,7963.0
1780926174,105,GET,/product/1YMWWN1N4O,0.800000,0.000000,64,94,100,100,100,100,100,100,100,100,100,13,0,63,55.8651269485171,16.132216900587082,104.00411393493414,7993.846153846154
1780926174,105,GET,/product/2ZYFJ3GM2N,0.700000,0.000000,95,96,110,110,170,170,170,170,170,170,170,10,0,31,62.8752950578928,14.834134839475155,169.49118301272392,8009.7
1780926174,105,GET,/product/66VCHSJNUP,0.700000,0.000000,30,56,68,68,180,180,180,180,180,180,180,11,0,22,48.90776857395064,12.719000689685345,177.70192958414555,7969.181818181818
1780926174,105,GET,/product/6E92ZMYYFZ,0.500000,0.000000,16,81,96,98,110,110,110,110,110,110,110,10,0,16,52.11194986477494,12.884697876870632,112.68328223377466,7954.6
1780926174,105,GET,/product/9SIQT8TOJO,0.600000,0.000000,82,92,98,98,190,190,190,190,190,190,190,11,0,69,64.7585280239582,12.215454131364822,189.26102295517921,7996.272727272727
1780926174,105,GET,/product/L9ECAV7KIM,0.600000,0.000000,94,94,100,100,100,100,100,100,100,100,100,9,0,19,47.431591898202896,10.333981364965439,104.53777946531773,7940.666666666667
1780926174,105,GET,/product/LS4PSXUNUM,0.600000,0.000000,92,94,100,190,200,200,200,200,200,200,200,14,0,75,78.74887755938938,16.912064515054226,196.7278067022562,7948.642857142857
1780926174,105,GET,/product/OLJCESPC7Z,0.300000,0.000000,100,180,180,190,190,190,190,190,190,190,190,6,0,96,101.25407514472802,16.608981415629387,186.18906382471323,7989.166666666667
1780926174,105,,Aggregated,40.000000,0.000000,75,100,110,130,180,210,260,270,350,350,350,681,0,68,92.04504931435842,10.333981364965439,720.1976049691439,10536.157121879589
1780926175,110,GET,/,33.100000,0.000000,95,140,190,230,400,600,720,810,960,960,960,552,0,79,137.15423589936742,12.544678524136543,958.9094650000334,10514.478260869566
1780926175,110,POST,/cart,4.000000,0.000000,97,130,160,180,220,330,440,440,440,440,440,63,0,91,120.96015124448708,20.281024277210236,720.1976049691439,16867.4126984127
1780926175,110,POST,/cart/checkout,2.500000,0.000000,82,110,110,110,160,270,290,290,290,290,290,34,0,66,101.64423533441389,18.988792784512043,711.1766366288066,6799.911764705882
1780926175,110,GET,/product/0PUK6V6EV0,0.700000,0.000000,18,45,90,90,300,300,300,300,300,300,300,10,0,18,70.6476935185492,12.4680669978261,302.527017891407,7960.9
1780926175,110,GET,/product/1YMWWN1N4O,0.800000,0.000000,94,100,100,100,100,100,100,100,100,100,100,13,0,63,55.8651269485171,16.132216900587082,104.00411393493414,7993.846153846154
1780926175,110,GET,/product/2ZYFJ3GM2N,0.700000,0.000000,96,110,170,170,210,210,210,210,210,210,210,11,0,60,75.87337409230796,14.834134839475155,205.85416443645954,8006.636363636364
1780926175,110,GET,/product/66VCHSJNUP,0.900000,0.000000,68,180,290,290,390,390,390,390,390,390,390,13,0,30,93.31879915239719,12.719000689685345,388.9640849083662,7972.153846153846
1780926175,110,GET,/product/6E92ZMYYFZ,0.700000,0.000000,81,96,98,110,290,290,290,290,290,290,290,11,0,65,74.05401834032752,12.884697876870632,293.47470309585333,7954.454545454545
1780926175,110,GET,/product/9SIQT8TOJO,0.900000,0.000000,92,98,190,190,290,290,290,290,290,290,290,12,0,69,83.5815336710463,12.215454131364822,290.6345957890153,7997.25
1780926175,110,GET,/product/L9ECAV7KIM,0.400000,0.000000,94,94,100,100,100,100,100,100,100,100,100,9,0,19,47.431591898202896,10.333981364965439,104.53777946531773,7940.666666666667
1780926175,110,GET,/product/LS4PSXUNUM,1.000000,0.000000,92,100,190,190,200,300,300,300,300,300,300,15,0,90,93.3472250898679,16.912064515054226,297.72409051656723,7953.933333333333
1780926175,110,GET,/product/OLJCESPC7Z,0.300000,0.000000,190,210,210,210,290,290,290,290,290,290,290,9,0,180,146.2659179750416,16.608981415629387,290.6203931197524,8010.444444444444
1780926175,110,,Aggregated,46.000000,0.000000,93,130,170,210,350,520,700,760,960,960,960,752,0,79,126.6317359132177,10.333981364965439,958.9094650000334,10531.13164893617
1780926176,115,GET,/,34.300000,0.000000,120,180,270,330,440,600,720,810,960,960,960,595,0,88,148.263416875999,12.544678524136543,958.9094650000334,10515.453781512606
1780926176,115,POST,/cart,4.500000,0.000000,130,160,180,210,280,370,440,440,440,440,440,69,0,99,130.51053461875173,20.281024277210236,720.1976049691439,16895.246376811596
1780926176,115,POST,/cart/checkout,2.400000,0.000000,110,110,120,160,200,270,290,290,290,290,290,38,0,79,106.51304857119133,18.988792784512043,711.1766366288066,6798.131578947368
1780926176,115,GET,/product/0PUK6V6EV0,0.600000,0.000000,18,18,90,90,300,300,300,300,300,300,300,10,0,18,70.6476935185492,12.4680669978261,302.527017891407,7960.9
1780926176,115,GET,/product/1YMWWN1N4O,0.700000,0.000000,100,100,100,100,280,280,280,280,280,280,280,16,0,64,75.7179293432273,16.132216900587082,280.9966905042529,8000.3125
1780926176,115,GET,/product/2ZYFJ3GM2N,0.800000,0.000000,110,110,170,170,210,210,210,210,210,210,210,11,0,60,75.87337409230796,14.834134839475155,205.85416443645954,8006.636363636364
1780926176,115,GET,/product/66VCHSJNUP,0.800000,0.000000,30,180,290,290,390,390,390,390,390,390,390,13,0,30,93.31879915239719,12.719000689685345,388.9640849083662,7972.153846153846
1780926176,115,GET,/product/6E92ZMYYFZ,0.900000,0.000000,81,96,110,110,200,290,290,290,290,290,290,14,0,33,76.28318301535079,12.884697876870632,293.47470309585333,7962.571428571428
1780926176,115,GET,/product/9SIQT8TOJO,0.700000,0.000000,98,99,190,190,290,290,290,290,290,290,290,13,0,82,84.75310269456644,12.215454131364822,290.6345957890153,7996.2307692307695
1780926176,115,GET,/product/L9ECAV7KIM,0.300000,0.000000,100,100,290,290,290,290,290,290,290,290,290,10,0,19,72.12440930306911,10.333981364965439,294.3597659468651,7942.2
1780926176,115,GET,/product/LS4PSXUNUM,1.100000,0.000000,94,100,190,200,300,300,300,300,300,300,300,15,0,90,93.3472250898679,16.912064515054226,297.72409051656723,7953.933333333333
1780926176,115,GET,/product/OLJCESPC7Z,0.400000,0.000000,190,210,210,210,290,290,290,290,290,290,290,9,0,180,146.2659179750416,16.608981415629387,290.6203931197524,8010.444444444444
1780926176,115,,Aggregated,47.500000,0.000000,110,170,220,280,390,490,700,760,960,960,960,813,0,87,136.3379725863353,10.333981364965439,958.9094650000334,10536.744157441575
1780926177,120,GET,/,34.900000,0.000000,120,180,260,320,440,600,720,810,960,960,960,639,0,88,144.30988786949052,11.067726649343967,958.9094650000334,10516.270735524256
1780926177,120,POST,/cart,4.800000,0.000000,130,160,180,210,280,370,440,440,440,440,440,73,0,100,129.68400870896366,20.281024277210236,720.1976049691439,16910.19178082192
1780926177,120,POST,/cart/checkout,2.300000,0.000000,110,110,120,160,200,270,290,290,290,290,290,39,0,82,106.0819183356869,18.988792784512043,711.1766366288066,6798.307692307692
1780926177,120,GET,/product/0PUK6V6EV0,0.600000,0.000000,18,18,90,90,300,300,300,300,300,300,300,10,0,18,70.6476935185492,12.4680669978261,302.527017891407,7960.9
1780926177,120,GET,/product/1YMWWN1N4O,0.500000,0.000000,100,100,100,100,280,280,280,280,280,280,280,16,0,64,75.7179293432273,16.132216900587082,280.9966905042529,8000.3125
1780926177,120,GET,/product/2ZYFJ3GM2N,0.800000,0.000000,96,110,170,170,210,210,210,210,210,210,210,12,0,60,77.26362464018166,14.834134839475155,205.85416443645954,8000.916666666667
1780926177,120,GET,/product/66VCHSJNUP,0.700000,0.000000,30,180,290,290,390,390,390,390,390,390,390,13,0,30,93.31879915239719,12.719000689685345,388.9640849083662,7972.153846153846
1780926177,120,GET,/product/6E92ZMYYFZ,0.800000,0.000000,65,96,98,110,200,290,290,290,290,290,290,15,0,65,75.53343456238508,12.884697876870632,293.47470309585333,7959.133333333333
1780926177,120,GET,/product/9SIQT8TOJO,0.700000,0.000000,92,99,190,190,290,290,290,290,290,290,290,13,0,82,84.75310269456644,12.215454131364822,290.6345957890153,7996.2307692307695
1780926177,120,GET,/product/L9ECAV7KIM,0.300000,0.000000,94,100,100,290,290,290,290,290,290,290,290,11,0,49,73.027585379102,10.333981364965439,294.3597659468651,7951.363636363636
1780926177,120,GET,/product/LS4PSXUNUM,1.000000,0.000000,100,160,190,190,200,300,300,300,300,300,300,17,0,92,98.22353885016021,16.912064515054226,297.72409051656723,7962.529411764706
1780926177,120,GET,/product/OLJCESPC7Z,0.400000,0.000000,190,210,210,210,290,290,290,290,290,290,290,9,0,180,146.2659179750416,16.608981415629387,290.6203931197524,8010.444444444444
1780926177,120,,Aggregated,47.800000,0.000000,110,170,210,270,380,490,700,760,960,960,960,867,0,88,133.680168631666,10.333981364965439,958.9094650000334,10547.863898500576
1780926178,125,GET,/,37.100000,0.000000,160,240,300,330,430,580,720,810,960,960,960,695,0,99,154.76647666487978,11.067726649343967,958.9094650000334,10517.312230215828
1780926178,125,POST,/cart,5.100000,0.000000,140,170,190,210,280,370,440,440,440,440,440,77,0,110,131.95141401238644,20.281024277210236,720.1976049691439,16904.194805194806
1780926178,125,POST,/cart/checkout,2.700000,0.000000,110,120,160,170,270,290,290,290,290,290,290,41,0,82,106.50811421616775,18.988792784512043,711.1766366288066,6798.5609756097565
1780926178,125,GET,/product/0PUK6V6EV0,0.600000,0.000000,90,200,200,300,300,300,300,300,300,300,300,11,0,45,82.73696391419931,12.4680669978261,302.527017891407,7958.272727272727
1780926178,125,GET,/product/1YMWWN1N4O,0.800000,0.000000,100,100,110,110,280,280,280,280,280,280,280,17,0,88,77.87832415060086,16.132216900587082,280.9966905042529,7999.588235294118
1780926178,125,GET,/product/2ZYFJ3GM2N,0.600000,0.000000,100,110,170,170,210,210,210,210,210,210,210,13,0,93,79.2263145916737,14.834134839475155,205.85416443645954,8005.2307692307695
1780926178,125,GET,/product/66VCHSJNUP,0.800000,0.000000,190,210,210,210,290,390,390,390,390,390,390,18,0,68,122.84500467487507,12.719000689685345,388.9640849083662,7980.611111111111
1780926178,125,GET,/product/6E92ZMYYFZ,1.100000,0.000000,98,110,120,120,200,290,290,290,290,290,290,19,0,81,87.42433404059787,12.884697876870632,293.47470309585333,7958.421052631579
1780926178,125,GET,/product/9SIQT8TOJO,0.900000,0.000000,99,190,200,200,290,290,290,290,290,290,290,14,0,82,93.18894946149418,12.215454131364822,290.6345957890153,8000.714285714285
1780926178,125,GET,/product/L9ECAV7KIM,0.400000,0.000000,94,100,100,290,290,290,290,290,290,290,290,11,0,49,73.027585379102,10.333981364965439,294.3597659468651,7951.363636363636
1780926178,125,GET,/product/LS4PSXUNUM,1.000000,0.000000,100,160,190,190,200,300,300,300,300,300,300,17,0,92,98.22353885016021,16.912064515054226,297.72409051656723,7962.529411764706
1780926178,125,GET,/product/OLJCESPC7Z,0.700000,0.000000,110,190,210,210,290,290,290,290,290,290,290,11,0,110,138.57799616049635,16.608981415629387,290.6203931197524,8006.0
1780926178,125,,Aggregated,51.800000,0.000000,140,210,270,300,380,490,660,750,960,960,960,944,0,96,142.50863594066163,10.333981364965439,958.9094650000334,10524.643008474577
1780926179,130,GET,/,38.600000,0.000000,180,270,310,340,440,600,720,810,960,960,960,711,0,100,159.2683823603702,11.067726649343967,958.9094650000334,10517.651195499297
1780926179,130,POST,/cart,5.200000,0.000000,170,210,260,280,440,590,990,990,990,990,990,84,0,110,166.3657063285687,20.281024277210236,991.8499318882823,16935.785714285714
1780926179,130,POST,/cart/checkout,2.600000,0.000000,110,150,170,200,290,470,860,860,860,860,860,44,0,90,133.13789959912273,18.988792784512043,864.3449889495969,6798.636363636364
1780926179,130,GET,/product/0PUK6V6EV0,0.600000,0.000000,200,200,300,300,800,800,800,800,800,800,800,12,0,45,142.8605120163411,12.4680669978261,804.2195411399007,7957.916666666667
1780926179,130,GET,/product/1YMWWN1N4O,0.800000,0.000000,100,100,110,110,280,280,280,280,280,280,280,17,0,88,77.87832415060086,16.132216900587082,280.9966905042529,7999.588235294118
1780926179,130,GET,/product/2ZYFJ3GM2N,0.700000,0.000000,100,170,210,210,840,840,840,840,840,840,840,14,0,93,133.86612684865082,14.834134839475155,844.1836861893535,8007.357142857143
1780926179,130,GET,/product/66VCHSJNUP,0.700000,0.000000,190,210,210,210,290,390,390,390,390,390,390,18,0,68,122.84500467487507,12.719000689685345,388.9640849083662,7980.611111111111
1780926179,130,GET,/product/6E92ZMYYFZ,1.300000,0.000000,98,110,120,190,200,290,290,290,290,290,290,19,0,81,87.42433404059787,12.884697876870632,293.47470309585333,7958.421052631579
1780926179,130,GET,/product/9SIQT8TOJO,0.800000,0.000000,99,190,200,200,290,290,290,290,290,290,290,14,0,82,93.18894946149418,12.215454131364822,290.6345957890153,8000.714285714285
1780926179,130,GET,/product/L9ECAV7KIM,0.500000,0.000000,290,290,650,650,760,760,760,760,760,760,760,13,0,82,170.18315346481708,10.333981364965439,758.9885657653213,7954.384615384615
1780926179,130,GET,/product/LS4PSXUNUM,1.200000,0.000000,110,160,190,200,300,300,300,300,300,300,300,17,0,92,98.22353885016021,16.912064515054226,297.72409051656723,7962.529411764706
1780926179,130,GET,/product/OLJCESPC7Z,0.700000,0.000000,190,210,210,290,650,650,650,650,650,650,650,12,0,110,181.27006610545018,16.608981415629387,650.8828354999423,8005.75
1780926179,130,,Aggregated,53.700000,0.000000,170,240,290,330,430,610,760,840,990,990,990,975,0,100,153.04546653842314,10.333981364965439,991.8499318882823,10548.817435897436
1780926180,135,GET,/,40.800000,0.000000,270,350,440,500,690,880,1300,1400,1500,1500,1500,781,0,120,213.1519042606562,11.067726649343967,1479.2913915589452,10518.258642765684
1780926180,135,POST,/cart,5.000000,0.000000,180,220,280,390,530,590,990,990,990,990,990,86,0,120,174.63529940564618,20.281024277210236,991.8499318882823,16924.86046511628
1780926180,135,POST,/cart/checkout,2.700000,0.000000,150,200,290,290,390,470,860,860,860,860,860,47,0,100,147.55128966049946,18.988792784512043,864.3449889495969,6798.63829787234
1780926180,135,GET,/product/0PUK6V6EV0,0.500000,0.000000,200,300,300,300,800,800,800,800,800,800,800,13,0,90,155.2617885888769,12.4680669978261,804.2195411399007,7956.538461538462
1780926180,135,GET,/product/1YMWWN1N4O,0.700000,0.000000,110,110,200,200,280,280,280,280,280,280,280,18,0,88,84.84418002060718,16.132216900587082,280.9966905042529,7998.944444444444
1780926180,135,GET,/product/2ZYFJ3GM2N,0.800000,0.000000,170,210,290,400,840,840,840,840,840,840,840,16,0,95,160.1742489147,14.834134839475155,844.1836861893535,8004.1875
1780926180,135,GET,/product/66VCHSJNUP,0.900000,0.000000,210,220,290,300,390,500,500,500,500,500,500,21,0,180,154.01623761724858,12.719000689685345,503.5910625010729,7980.0
1780926180,135,GET,/product/6E92ZMYYFZ,1.600000,0.000000,110,120,200,200,290,510,510,510,510,510,510,21,0,96,112.98533019033216,12.884697876870632,506.995907984674,7961.142857142857
1780926180,135,GET,/product/9SIQT8TOJO,0.700000,0.000000,190,200,290,290,510,510,510,510,510,510,510,15,0,92,121.017443574965,12.215454131364822,510.6163611635566,8005.133333333333
1780926180,135,GET,/product/L9ECAV7KIM,0.500000,0.000000,290,510,650,650,760,760,760,760,760,760,760,14,0,82,194.30448287831885,10.333981364965439,758.9885657653213,7954.928571428572
1780926180,135,GET,/product/LS4PSXUNUM,1.100000,0.000000,160,190,290,290,300,400,400,400,400,400,400,19,0,92,124.67769954941775,16.912064515054226,404.8584718257189,7962.0526315789475
1780926180,135,GET,/product/OLJCESPC7Z,0.900000,0.000000,210,210,290,290,650,650,650,650,650,650,650,12,0,110,181.27006610545018,16.608981415629387,650.8828354999423,8005.75
1780926180,135,,Aggregated,56.200000,0.000000,220,320,390,460,670,830,1200,1400,1500,1500,1500,1063,0,110,196.82054984736365,10.333981364965439,1479.2913915589452,10516.345249294449
1780926181,140,GET,/,39.700000,0.000000,280,370,460,540,690,870,1300,1400,1500,1500,1500,840,0,120,216.98043996224268,11.067726649343967,1479.2913915589452,10519.44880952381
1780926181,140,POST,/cart,4.700000,0.000000,210,280,370,390,530,690,760,990,990,990,990,96,0,130,189.27607767788382,20.281024277210236,991.8499318882823,16935.25
1780926181,140,POST,/cart/checkout,2.000000,0.000000,170,270,290,390,470,860,860,860,860,860,860,48,0,100,149.64518571893373,18.988792784512043,864.3449889495969,6798.354166666667
1780926181,140,GET,/product/0PUK6V6EV0,0.500000,0.000000,190,200,300,300,800,800,800,800,800,800,800,16,0,91,150.2702528377995,12.4680669978261,804.2195411399007,7958.0625
1780926181,140,GET,/product/1YMWWN1N4O,0.800000,0.000000,110,110,200,200,280,280,280,280,280,280,280,18,0,88,84.84418002060718,16.132216900587082,280.9966905042529,7998.944444444444
1780926181,140,GET,/product/2ZYFJ3GM2N,0.800000,0.000000,170,210,290,400,840,840,840,840,840,840,840,17,0,96,157.5956626192612,14.834134839475155,844.1836861893535,8009.176470588235
1780926181,140,GET,/product/66VCHSJNUP,1.100000,0.000000,210,220,290,300,390,500,500,500,500,500,500,22,0,180,156.6645149988207,12.719000689685345,503.5910625010729,7978.363636363636
1780926181,140,GET,/product/6E92ZMYYFZ,1.600000,0.000000,110,120,200,200,290,510,510,510,510,510,510,22,0,96,112.33085474338044,12.884697876870632,506.995907984674,7960.681818181818
1780926181,140,GET,/product/9SIQT8TOJO,0.700000,0.000000,200,200,290,290,510,510,510,510,510,510,510,16,0,91,119.13557007210329,12.215454131364822,510.6163611635566,8011.25
1780926181,140,GET,/product/L9ECAV7KIM,0.600000,0.000000,510,510,650,650,760,760,760,760,760,760,760,14,0,82,194.30448287831885,10.333981364965439,758.9885657653213,7954.928571428572
1780926181,140,GET,/product/LS4PSXUNUM,1.000000,0.000000,200,200,290,300,400,400,400,400,400,400,400,20,0,92,128.43962348997593,16.912064515054226,404.8584718257189,7961.1
1780926181,140,GET,/product/OLJCESPC7Z,1.000000,0.000000,210,210,290,310,650,650,650,650,650,650,650,14,0,110,184.13745246029325,16.608981415629387,650.8828354999423,8001.071428571428
1780926181,140,,Aggregated,54.500000,0.000000,250,340,410,490,670,820,1200,1400,1500,1500,1500,1143,0,110,201.15374830288263,10.333981364965439,1479.2913915589452,10548.865266841645
1780926182,145,GET,/,43.100000,0.000000,280,360,460,540,690,870,1300,1400,1500,1500,1500,885,0,130,215.75901803723667,11.067726649343967,1479.2913915589452,10519.816949152542
1780926182,145,POST,/cart,5.000000,0.000000,230,300,350,390,530,690,760,990,990,990,990,103,0,140,193.60419181039902,20.281024277210236,991.8499318882823,16917.699029126212
1780926182,145,POST,/cart/checkout,2.400000,0.000000,200,270,290,390,470,860,860,860,860,860,860,49,0,110,152.19441124675225,18.988792784512043,864.3449889495969,6798.367346938776
1780926182,145,GET,/product/0PUK6V6EV0,0.400000,0.000000,200,300,300,300,800,800,800,800,800,800,800,16,0,91,150.2702528377995,12.4680669978261,804.2195411399007,7958.0625
1780926182,145,GET,/product/1YMWWN1N4O,0.900000,0.000000,110,110,200,200,280,280,280,280,280,280,280,18,0,88,84.84418002060718,16.132216900587082,280.9966905042529,7998.944444444444
1780926182,145,GET,/product/2ZYFJ3GM2N,1.000000,0.000000,210,290,400,400,840,840,840,840,840,840,840,17,0,96,157.5956626192612,14.834134839475155,844.1836861893535,8009.176470588235
1780926182,145,GET,/product/66VCHSJNUP,1.300000,0.000000,210,220,290,300,390,500,500,500,500,500,500,24,0,190,163.31940854433924,12.719000689685345,503.5910625010729,7980.625
1780926182,145,GET,/product/6E92ZMYYFZ,1.700000,0.000000,110,190,200,200,290,510,510,510,510,510,510,22,0,96,112.33085474338044,12.884697876870632,506.995907984674,7960.681818181818
1780926182,145,GET,/product/9SIQT8TOJO,0.800000,0.000000,200,200,290,290,510,510,510,510,510,510,510,16,0,91,119.13557007210329,12.215454131364822,510.6163611635566,8011.25
1780926182,145,GET,/product/L9ECAV7KIM,0.700000,0.000000,510,510,650,650,760,760,760,760,760,760,760,14,0,82,194.30448287831885,10.333981364965439,758.9885657653213,7954.928571428572
1780926182,145,GET,/product/LS4PSXUNUM,1.200000,0.000000,200,200,290,300,400,400,400,400,400,400,400,22,0,94,125.91839166866107,16.912064515054226,404.8584718257189,7964.227272727273
1780926182,145,GET,/product/OLJCESPC7Z,0.900000,0.000000,210,240,290,310,650,650,650,650,650,650,650,15,0,180,187.58089815576872,16.608981415629387,650.8828354999423,8005.0
1780926182,145,,Aggregated,59.400000,0.000000,270,340,410,490,670,820,1200,1400,1500,1500,1500,1201,0,120,201.1302489598129,10.333981364965439,1479.2913915589452,10570.069941715237
1780926183,150,GET,/,45.000000,0.000000,310,380,450,510,680,870,1300,1400,1500,1500,1500,949,0,150,224.26997447235252,11.067726649343967,1479.2913915589452,10520.570073761855
1780926183,150,POST,/cart,5.500000,0.000000,300,350,390,420,530,690,760,990,990,990,990,109,0,150,203.92578036242395,20.281024277210236,991.8499318882823,16931.816513761467
1780926183,150,POST,/cart/checkout,2.200000,0.000000,250,270,290,380,390,470,860,860,860,860,860,53,0,110,159.8748108196371,18.988792784512043,864.3449889495969,6799.094339622641
1780926183,150,GET,/product/0PUK6V6EV0,0.600000,0.000000,290,300,300,300,800,800,800,800,800,800,800,17,0,95,158.71552224544916,12.4680669978261,804.2195411399007,7963.529411764706
1780926183,150,GET,/product/1YMWWN1N4O,0.600000,0.000000,110,110,200,200,280,280,280,280,280,280,280,19,0,88,84.77341545451628,16.132216900587082,280.9966905042529,7998.684210526316
1780926183,150,GET,/product/2ZYFJ3GM2N,0.900000,0.000000,210,290,400,400,840,840,840,840,840,840,840,18,0,96,159.78541737422347,14.834134839475155,844.1836861893535,8014.388888888889
1780926183,150,GET,/product/66VCHSJNUP,1.400000,0.000000,210,280,290,290,390,500,500,500,500,500,500,27,0,190,166.0637622009273,12.719000689685345,503.5910625010729,7977.222222222223
1780926183,150,GET,/product/6E92ZMYYFZ,1.700000,0.000000,110,190,200,200,290,510,510,510,510,510,510,22,0,96,112.33085474338044,12.884697876870632,506.995907984674,7960.681818181818
1780926183,150,GET,/product/9SIQT8TOJO,0.800000,0.000000,200,290,290,510,510,510,510,510,510,510,510,16,0,91,119.13557007210329,12.215454131364822,510.6163611635566,8011.25
1780926183,150,GET,/product/L9ECAV7KIM,0.600000,0.000000,510,510,650,650,760,760,760,760,760,760,760,15,0,94,203.8933732236425,10.333981364965439,758.9885657653213,7961.466666666666
1780926183,150,GET,/product/LS4PSXUNUM,1.300000,0.000000,200,290,300,300,310,400,400,400,400,400,400,24,0,97,140.1911003049463,16.912064515054226,404.8584718257189,7962.791666666667
1780926183,150,GET,/product/OLJCESPC7Z,0.900000,0.000000,210,240,290,310,650,650,650,650,650,650,650,15,0,180,187.58089815576872,16.608981415629387,650.8828354999423,8005.0
1780926183,150,,Aggregated,61.500000,0.000000,290,360,410,490,660,810,1200,1300,1500,1500,1500,1284,0,130,209.3585257591082,10.333981364965439,1479.2913915589452,10569.204828660437
1780926184,155,GET,/,44.800000,0.000000,300,380,420,460,650,820,1300,1400,1500,1500,1500,1000,0,170,231.73523494508117,11.067726649343967,1479.2913915589452,10521.586
1780926184,155,POST,/cart,5.700000,0.000000,310,380,400,420,530,690,760,990,990,990,990,114,0,160,210.950065820821,20.281024277210236,991.8499318882823,16948.535087719298
1780926184,155,POST,/cart/checkout,1.900000,0.000000,250,290,350,380,390,470,860,860,860,860,860,57,0,110,166.1125248167337,18.988792784512043,864.3449889495969,6799.666666666667
1780926184,155,GET,/product/0PUK6V6EV0,0.700000,0.000000,210,290,300,300,800,800,800,800,800,800,800,18,0,95,161.71761012325683,12.4680669978261,804.2195411399007,7963.222222222223
1780926184,155,GET,/product/1YMWWN1N4O,0.500000,0.000000,200,210,210,210,280,280,280,280,280,280,280,21,0,94,96.45205634158282,16.132216900587082,280.9966905042529,7997.0
1780926184,155,GET,/product/2ZYFJ3GM2N,0.900000,0.000000,210,290,310,400,840,840,840,840,840,840,840,19,0,100,167.59017394169382,14.834134839475155,844.1836861893535,8013.210526315789
1780926184,155,GET,/product/66VCHSJNUP,1.400000,0.000000,210,280,280,290,390,500,500,500,500,500,500,28,0,190,168.0219532323203,12.719000689685345,503.5910625010729,7975.464285714285
1780926184,155,GET,/product/6E92ZMYYFZ,1.500000,0.000000,120,190,200,200,290,510,510,510,510,510,510,22,0,96,112.33085474338044,12.884697876870632,506.995907984674,7960.681818181818
1780926184,155,GET,/product/9SIQT8TOJO,0.600000,0.000000,290,290,410,410,510,510,510,510,510,510,510,17,0,92,136.11689889255692,12.215454131364822,510.6163611635566,8014.764705882353
1780926184,155,GET,/product/L9ECAV7KIM,0.600000,0.000000,340,510,650,650,760,760,760,760,760,760,760,16,0,94,204.81935958378017,10.333981364965439,758.9885657653213,7961.5
1780926184,155,GET,/product/LS4PSXUNUM,1.200000,0.000000,290,290,310,310,310,400,400,400,400,400,400,26,0,100,152.5490598466534,16.912064515054226,404.8584718257189,7965.692307692308
1780926184,155,GET,/product/OLJCESPC7Z,1.000000,0.000000,210,240,290,310,650,650,650,650,650,650,650,16,0,180,189.07276989193633,16.608981415629387,650.8828354999423,8002.625
1780926184,155,,Aggregated,60.800000,0.000000,290,350,400,440,600,760,1200,1300,1500,1500,1500,1354,0,150,216.49262203629976,10.333981364965439,1479.2913915589452,10562.820531757754
1780926185,160,GET,/,46.600000,0.000000,320,390,450,500,660,820,1300,1400,1500,1500,1500,1043,0,180,242.1513308118225,11.067726649343967,1479.2913915589452,10521.508149568552
1780926185,160,POST,/cart,5.800000,0.000000,330,390,440,490,550,690,760,990,990,990,990,119,0,160,223.96360644522835,20.281024277210236,991.8499318882823,16964.201680672268
1780926185,160,POST,/cart/checkout,2.100000,0.000000,270,290,370,380,390,470,860,860,860,860,860,59,0,110,168.92056107142213,18.988792784512043,864.3449889495969,6799.6949152542375
1780926185,160,GET,/product/0PUK6V6EV0,0.700000,0.000000,210,290,300,300,800,800,800,800,800,800,800,18,0,95,161.71761012325683,12.4680669978261,804.2195411399007,7963.222222222223
1780926185,160,GET,/product/1YMWWN1N4O,0.500000,0.000000,200,210,210,210,280,280,280,280,280,280,280,22,0,94,101.72595854171298,16.132216900587082,280.9966905042529,7997.045454545455
1780926185,160,GET,/product/2ZYFJ3GM2N,0.800000,0.000000,290,310,310,400,840,840,840,840,840,840,840,21,0,110,179.91497460752726,14.834134839475155,844.1836861893535,8014.0952380952385
1780926185,160,GET,/product/66VCHSJNUP,1.500000,0.000000,210,280,280,290,390,500,500,500,500,500,500,28,0,190,168.0219532323203,12.719000689685345,503.5910625010729,7975.464285714285
1780926185,160,GET,/product/6E92ZMYYFZ,1.400000,0.000000,120,200,300,300,490,510,510,510,510,510,510,24,0,98,135.64769558918974,12.884697876870632,506.995907984674,7958.875
1780926185,160,GET,/product/9SIQT8TOJO,0.500000,0.000000,290,410,490,490,510,510,510,510,510,510,510,18,0,92,155.7204324959053,12.215454131364822,510.6163611635566,8012.166666666667
1780926185,160,GET,/product/L9ECAV7KIM,0.600000,0.000000,300,340,510,650,760,760,760,760,760,760,760,19,0,100,218.07916290861996,10.333981364965439,758.9885657653213,7957.263157894737
1780926185,160,GET,/product/LS4PSXUNUM,1.100000,0.000000,280,290,310,310,310,400,400,400,400,400,400,26,0,100,152.5490598466534,16.912064515054226,404.8584718257189,7965.692307692308
1780926185,160,GET,/product/OLJCESPC7Z,1.000000,0.000000,210,280,290,290,310,650,650,650,650,650,650,17,0,190,194.57513587001492,16.608981415629387,650.8828354999423,8001.35294117647
1780926185,160,,Aggregated,62.600000,0.000000,300,380,440,480,640,770,1200,1300,1500,1500,1500,1414,0,160,226.51315910499306,10.333981364965439,1479.2913915589452,10561.73125884017
1780926186,165,GET,/,48.400000,0.000000,380,480,560,620,750,880,1300,1400,1500,1500,1500,1103,0,200,266.66193851122017,11.067726649343967,1479.2913915589452,10522.220308250227
1780926186,165,POST,/cart,5.500000,0.000000,390,490,540,550,690,880,890,990,990,990,990,129,0,180,256.0468457292679,20.281024277210236,991.8499318882823,17024.077519379844
1780926186,165,POST,/cart/checkout,2.300000,0.000000,270,360,380,390,420,470,860,860,860,860,860,62,0,110,177.465416190605,18.988792784512043,864.3449889495969,6800.048387096775
1780926186,165,GET,/product/0PUK6V6EV0,0.800000,0.000000,210,290,300,300,800,800,800,800,800,800,800,18,0,95,161.71761012325683,12.4680669978261,804.2195411399007,7963.222222222223
1780926186,165,GET,/product/1YMWWN1N4O,0.800000,0.000000,210,210,390,410,500,500,500,500,500,500,500,25,0,100,141.54882658272982,16.132216900587082,503.3106841146946,8003.08
1780926186,165,GET,/product/2ZYFJ3GM2N,0.900000,0.000000,310,310,400,510,840,840,840,840,840,840,840,22,0,110,194.71767129884526,14.834134839475155,844.1836861893535,8010.727272727273
1780926186,165,GET,/product/66VCHSJNUP,1.700000,0.000000,210,220,280,280,300,500,500,500,500,500,500,28,0,190,168.0219532323203,12.719000689685345,503.5910625010729,7975.464285714285
1780926186,165,GET,/product/6E92ZMYYFZ,1.200000,0.000000,190,200,300,490,510,510,510,510,510,510,510,24,0,98,135.64769558918974,12.884697876870632,506.995907984674,7958.875
1780926186,165,GET,/product/9SIQT8TOJO,0.500000,0.000000,410,490,490,510,510,510,510,510,510,510,510,18,0,92,155.7204324959053,12.215454131364822,510.6163611635566,8012.166666666667
1780926186,165,GET,/product/L9ECAV7KIM,0.700000,0.000000,300,340,510,650,760,760,760,760,760,760,760,20,0,100,221.68024866841733,10.333981364965439,758.9885657653213,7960.25
1780926186,165,GET,/product/LS4PSXUNUM,1.100000,0.000000,280,290,310,310,310,400,400,400,400,400,400,27,0,100,153.99115405010957,16.912064515054226,404.8584718257189,7964.481481481482
1780926186,165,GET,/product/OLJCESPC7Z,1.000000,0.000000,240,280,310,310,650,650,650,650,650,650,650,17,0,190,194.57513587001492,16.608981415629387,650.8828354999423,8001.35294117647
1780926186,165,,Aggregated,64.900000,0.000000,350,450,530,570,710,870,1200,1300,1500,1500,1500,1493,0,180,248.86585003899114,10.333981364965439,1479.2913915589452,10590.879437374413
1780926187,170,GET,/,49.700000,0.000000,440,570,650,680,790,880,1300,1400,1500,1500,1500,1157,0,210,286.1493481355321,11.067726649343967,1479.2913915589452,10522.675021607605
1780926187,170,POST,/cart,5.500000,0.000000,420,520,550,580,690,880,890,990,990,990,990,136,0,190,267.4977760830456,20.281024277210236,991.8499318882823,17005.404411764706
1780926187,170,POST,/cart/checkout,2.600000,0.000000,280,350,370,380,420,470,860,860,860,860,860,65,0,120,182.7789620567973,18.988792784512043,864.3449889495969,6800.892307692307
1780926187,170,GET,/product/0PUK6V6EV0,0.900000,0.000000,290,300,380,410,800,800,800,800,800,800,800,20,0,100,184.90091715939343,12.4680669978261,804.2195411399007,7966.05
1780926187,170,GET,/product/1YMWWN1N4O,0.800000,0.000000,210,300,390,410,500,500,500,500,500,500,500,26,0,100,147.56890708723893,16.132216900587082,503.3106841146946,8005.153846153846
1780926187,170,GET,/product/2ZYFJ3GM2N,0.900000,0.000000,310,310,400,510,840,840,840,840,840,840,840,22,0,110,194.71767129884526,14.834134839475155,844.1836861893535,8010.727272727273
1780926187,170,GET,/product/66VCHSJNUP,1.700000,0.000000,220,280,300,400,490,500,500,500,500,500,500,30,0,190,186.66714243590832,12.719000689685345,503.5910625010729,7972.833333333333
1780926187,170,GET,/product/6E92ZMYYFZ,1.300000,0.000000,300,410,490,490,510,510,510,510,510,510,510,25,0,99,146.6299121081829,12.884697876870632,506.995907984674,7957.76
1780926187,170,GET,/product/9SIQT8TOJO,0.700000,0.000000,390,390,410,490,510,510,510,510,510,510,510,22,0,99,189.54515575685284,12.215454131364822,510.6163611635566,8007.363636363636
1780926187,170,GET,/product/L9ECAV7KIM,0.900000,0.000000,340,380,510,510,650,760,760,760,760,760,760,23,0,220,236.12963444674793,10.333981364965439,758.9885657653213,7966.478260869565
1780926187,170,GET,/product/LS4PSXUNUM,1.200000,0.000000,290,310,390,390,400,500,500,500,500,500,500,29,0,110,173.89173025329566,16.912064515054226,497.1870742738247,7966.0
1780926187,170,GET,/product/OLJCESPC7Z,1.100000,0.000000,280,280,310,310,650,650,650,650,650,650,650,17,0,190,194.57513587001492,16.608981415629387,650.8828354999423,8001.35294117647
1780926187,170,,Aggregated,67.300000,0.000000,400,520,600,650,760,860,1200,1300,1500,1500,1500,1572,0,200,266.1393760506813,10.333981364965439,1479.2913915589452,10583.826972010178
1780926188,175,GET,/,48.000000,0.000000,510,610,660,690,780,870,1200,1400,1500,1500,1500,1216,0,230,302.2044407461133,11.067726649343967,1479.2913915589452,10523.209703947368
1780926188,175,POST,/cart,6.100000,0.000000,440,520,550,580,630,760,890,990,990,990,990,141,0,210,274.45592801251735,20.281024277210236,991.8499318882823,16996.007092198583
1780926188,175,POST,/cart/checkout,2.500000,0.000000,280,350,370,380,420,470,860,860,860,860,860,69,0,130,186.40542718703333,18.988792784512043,864.3449889495969,6800.710144927536
1780926188,175,GET,/product/0PUK6V6EV0,0.800000,0.000000,300,380,400,410,800,800,800,800,800,800,800,21,0,110,195.13187424412794,12.4680669978261,804.2195411399007,7968.190476190476
1780926188,175,GET,/product/1YMWWN1N4O,0.900000,0.000000,300,300,390,410,500,500,500,500,500,500,500,27,0,100,153.18164332873292,16.132216900587082,503.3106841146946,8003.259259259259
1780926188,175,GET,/product/2ZYFJ3GM2N,1.100000,0.000000,310,310,400,400,400,510,510,510,510,510,510,26,0,170,218.28288968222645,14.834134839475155,844.1836861893535,8000.461538461538
1780926188,175,GET,/product/66VCHSJNUP,1.500000,0.000000,280,280,400,400,490,500,500,500,500,500,500,30,0,190,186.66714243590832,12.719000689685345,503.5910625010729,7972.833333333333
1780926188,175,GET,/product/6E92ZMYYFZ,1.100000,0.000000,300,410,490,490,510,510,510,510,510,510,510,26,0,99,148.97434506565332,12.884697876870632,506.995907984674,7959.461538461538
1780926188,175,GET,/product/9SIQT8TOJO,0.500000,0.000000,390,390,410,410,490,510,510,510,510,510,510,25,0,190,201.6737948358059,12.215454131364822,510.6163611635566,8008.12
1780926188,175,GET,/product/L9ECAV7KIM,0.900000,0.000000,300,340,400,400,510,760,760,760,760,760,760,24,0,220,238.3011613273993,10.333981364965439,758.9885657653213,7966.625
1780926188,175,GET,/product/LS4PSXUNUM,1.200000,0.000000,290,310,390,400,400,500,500,500,500,500,500,30,0,110,181.35195147867003,16.912064515054226,497.1870742738247,7965.233333333334
1780926188,175,GET,/product/OLJCESPC7Z,0.800000,0.000000,280,300,310,310,650,650,650,650,650,650,650,18,0,190,200.66453635485635,16.608981415629387,650.8828354999423,8001.222222222223
1780926188,175,,Aggregated,65.400000,0.000000,430,550,630,660,750,860,1200,1300,1500,1500,1500,1653,0,210,279.6351054567264,10.333981364965439,1479.2913915589452,10570.993950393224
1780926189,180,GET,/,49.400000,0.000000,470,570,630,650,720,790,870,930,1000,1000,1000,1275,0,250,310.29300639880637,11.067726649343967,1479.2913915589452,10523.555294117647
1780926189,180,POST,/cart,6.300000,0.000000,400,490,540,570,620,720,880,890,890,890,890,146,0,210,277.4861535274309,20.281024277210236,991.8499318882823,16997.678082191782
1780926189,180,POST,/cart/checkout,2.400000,0.000000,260,280,350,350,380,390,420,420,420,420,420,73,0,150,189.4785339420993,18.988792784512043,864.3449889495969,6800.506849315068
1780926189,180,GET,/product/0PUK6V6EV0,0.900000,0.000000,210,290,380,400,410,410,410,410,410,410,410,22,0,110,195.38063619455153,12.4680669978261,804.2195411399007,7970.772727272727
1780926189,180,GET,/product/1YMWWN1N4O,1.000000,0.000000,290,300,390,390,410,500,500,500,500,500,500,28,0,100,158.13948982395232,16.132216900587082,503.3106841146946,8001.5
1780926189,180,GET,/product/2ZYFJ3GM2N,1.000000,0.000000,300,310,400,400,400,510,510,510,510,510,510,27,0,200,221.09739234050116,14.834134839475155,844.1836861893535,8001.444444444444
1780926189,180,GET,/product/66VCHSJNUP,1.700000,0.000000,280,280,300,300,400,490,490,490,490,490,490,33,0,200,193.55338326457775,12.719000689685345,503.5910625010729,7974.30303030303
1780926189,180,GET,/product/6E92ZMYYFZ,0.900000,0.000000,300,300,410,410,490,490,490,490,490,490,490,28,0,110,159.8498463031969,12.884697876870632,506.995907984674,7958.928571428572
1780926189,180,GET,/product/9SIQT8TOJO,0.800000,0.000000,390,390,410,410,490,510,510,510,510,510,510,25,0,190,201.6737948358059,12.215454131364822,510.6163611635566,8008.12
1780926189,180,GET,/product/L9ECAV7KIM,1.100000,0.000000,290,340,380,400,510,760,760,760,760,760,760,25,0,220,236.84558600187302,10.333981364965439,758.9885657653213,7965.96
1780926189,180,GET,/product/LS4PSXUNUM,1.200000,0.000000,290,310,390,390,400,500,500,500,500,500,500,30,0,110,181.35195147867003,16.912064515054226,497.1870742738247,7965.233333333334
1780926189,180,GET,/product/OLJCESPC7Z,0.800000,0.000000,280,300,310,310,380,380,380,380,380,380,380,19,0,210,210.16984217261015,16.608981415629387,650.8828354999423,8001.631578947368
1780926189,180,,Aggregated,67.500000,0.000000,420,530,580,620,700,760,860,890,1000,1000,1000,1731,0,220,286.49580084725756,10.333981364965439,1479.2913915589452,10564.651068746389
1780926190,185,GET,/,50.300000,0.000000,510,580,650,670,750,800,870,940,1000,1000,1000,1325,0,270,323.0634596789221,11.067726649343967,1479.2913915589452,10524.24075471698
1780926190,185,POST,/cart,6.500000,0.000000,440,520,550,580,590,720,880,890,890,890,890,148,0,220,279.8701975607892,20.281024277210236,991.8499318882823,17009.77027027027
1780926190,185,POST,/cart/checkout,2.600000,0.000000,260,280,350,350,380,390,420,420,420,420,420,74,0,150,189.96764324303413,18.988792784512043,864.3449889495969,6800.7027027027025
1780926190,185,GET,/product/0PUK6V6EV0,0.900000,0.000000,300,380,400,400,410,410,410,410,410,410,410,23,0,190,199.93541300620723,12.4680669978261,804.2195411399007,7969.782608695652
1780926190,185,GET,/product/1YMWWN1N4O,1.100000,0.000000,290,300,390,390,410,500,500,500,500,500,500,28,0,100,158.13948982395232,16.132216900587082,503.3106841146946,8001.5
1780926190,185,GET,/product/2ZYFJ3GM2N,1.100000,0.000000,310,310,400,400,400,510,510,510,510,510,510,28,0,200,227.27723599278502,14.834134839475155,844.1836861893535,8001.392857142857
1780926190,185,GET,/product/66VCHSJNUP,1.400000,0.000000,280,280,300,300,400,490,490,490,490,490,490,34,0,200,193.8210703596911,12.719000689685345,503.5910625010729,7975.382352941177
1780926190,185,GET,/product/6E92ZMYYFZ,0.800000,0.000000,300,300,400,410,490,490,490,490,490,490,490,31,0,110,176.39811306951506,12.884697876870632,506.995907984674,7965.870967741936
1780926190,185,GET,/product/9SIQT8TOJO,1.200000,0.000000,390,390,390,410,490,490,490,490,490,490,490,25,0,190,201.6737948358059,12.215454131364822,510.6163611635566,8008.12
1780926190,185,GET,/product/L9ECAV7KIM,1.300000,0.000000,290,300,340,340,380,400,400,400,400,400,400,26,0,220,239.15784257965592,10.333981364965439,758.9885657653213,7965.653846153846
1780926190,185,GET,/product/LS4PSXUNUM,1.200000,0.000000,310,390,390,400,400,500,500,500,500,500,500,34,0,190,200.83024618489776,16.912064515054226,497.1870742738247,7963.970588235294
1780926190,185,GET,/product/OLJCESPC7Z,0.700000,0.000000,300,300,300,300,380,380,380,380,380,380,380,21,0,210,218.76341459296998,16.608981415629387,650.8828354999423,8008.619047619048
1780926190,185,,Aggregated,69.100000,0.000000,440,540,590,640,720,790,870,920,1000,1000,1000,1797,0,240,296.9772556970807,10.333981364965439,1479.2913915589452,10551.515859766278
1780926191,190,GET,/,55.800000,0.000000,570,650,710,740,810,870,940,970,1100,1100,1100,1395,0,290,347.0489061347419,11.067726649343967,1479.2913915589452,10524.56917562724
1780926191,190,POST,/cart,6.700000,0.000000,490,550,580,590,710,780,880,890,890,890,890,155,0,250,296.63460750973996,20.281024277210236,991.8499318882823,16994.051612903226
1780926191,190,POST,/cart/checkout,2.900000,0.000000,260,290,350,360,380,390,420,420,420,420,420,77,0,150,194.45711161409105,18.988792784512043,864.3449889495969,6800.597402597403
1780926191,190,GET,/product/0PUK6V6EV0,1.100000,0.000000,300,310,380,400,410,410,410,410,410,410,410,24,0,190,204.43966953704754,12.4680669978261,804.2195411399007,7972.5
1780926191,190,GET,/product/1YMWWN1N4O,1.100000,0.000000,390,410,410,410,500,500,500,500,500,500,500,32,0,100,192.15356718632393,16.132216900587082,503.3106841146946,7987.4375
1780926191,190,GET,/product/2ZYFJ3GM2N,1.300000,0.000000,310,390,400,400,400,510,510,510,510,510,510,29,0,210,233.32377821849337,14.834134839475155,844.1836861893535,7993.827586206897
1780926191,190,GET,/product/66VCHSJNUP,1.400000,0.000000,280,290,300,300,400,490,490,490,490,490,490,34,0,200,193.8210703596911,12.719000689685345,503.5910625010729,7975.382352941177
1780926191,190,GET,/product/6E92ZMYYFZ,0.700000,0.000000,300,400,410,410,490,600,600,600,600,600,600,32,0,110,189.62121274671517,12.884697876870632,599.5373027399182,7959.375
1780926191,190,GET,/product/9SIQT8TOJO,1.100000,0.000000,300,390,390,390,410,490,490,490,490,490,490,26,0,190,205.3618226916744,12.215454131364822,510.6163611635566,8008.346153846154
1780926191,190,GET,/product/L9ECAV7KIM,1.300000,0.000000,300,300,310,340,380,400,400,400,400,400,400,28,0,270,243.86603055920983,10.333981364965439,758.9885657653213,7964.178571428572
1780926191,190,GET,/product/LS4PSXUNUM,1.300000,0.000000,310,390,400,400,500,500,500,500,500,500,500,37,0,200,217.3243615826642,16.912064515054226,502.6292558759451,7964.72972972973
1780926191,190,GET,/product/OLJCESPC7Z,0.700000,0.000000,300,300,300,300,380,380,380,380,380,380,380,21,0,210,218.76341459296998,16.608981415629387,650.8828354999423,8008.619047619048
1780926191,190,,Aggregated,75.400000,0.000000,500,590,660,700,790,860,910,960,1100,1100,1100,1890,0,260,317.6545640921821,10.333981364965439,1479.2913915589452,10549.317460317461
1780926192,195,GET,/,54.000000,0.000000,620,690,740,760,820,880,940,970,1100,1100,1100,1463,0,310,363.298934344546,11.067726649343967,1479.2913915589452,10525.327409432673
1780926192,195,POST,/cart,6.200000,0.000000,530,570,590,590,710,780,880,890,890,890,890,160,0,250,303.3234874426853,20.281024277210236,991.8499318882823,16986.75
1780926192,195,POST,/cart/checkout,2.700000,0.000000,280,350,360,370,420,460,530,530,530,530,530,82,0,160,204.58194689552596,18.988792784512043,864.3449889495969,6800.536585365854
1780926192,195,GET,/product/0PUK6V6EV0,1.000000,0.000000,310,380,400,410,410,410,410,410,410,410,410,26,0,200,212.15427516458126,12.4680669978261,804.2195411399007,7975.423076923077
1780926192,195,GET,/product/1YMWWN1N4O,1.000000,0.000000,390,410,410,410,500,500,500,500,500,500,500,32,0,100,192.15356718632393,16.132216900587082,503.3106841146946,7987.4375
1780926192,195,GET,/product/2ZYFJ3GM2N,1.200000,0.000000,310,400,400,400,490,510,510,510,510,510,510,31,0,210,240.92121629585182,14.834134839475155,844.1836861893535,7996.129032258064
1780926192,195,GET,/product/66VCHSJNUP,1.300000,0.000000,220,290,300,400,490,490,490,490,490,490,490,35,0,200,194.3557169554489,12.719000689685345,503.5910625010729,7976.057142857143
1780926192,195,GET,/product/6E92ZMYYFZ,0.900000,0.000000,300,400,410,490,600,600,600,600,600,600,600,32,0,110,189.62121274671517,12.884697876870632,599.5373027399182,7959.375
1780926192,195,GET,/product/9SIQT8TOJO,1.000000,0.000000,390,390,390,410,490,490,490,490,490,490,490,26,0,190,205.3618226916744,12.215454131364822,510.6163611635566,8008.346153846154
1780926192,195,GET,/product/L9ECAV7KIM,1.100000,0.000000,290,300,300,310,380,400,400,400,400,400,400,28,0,270,243.86603055920983,10.333981364965439,758.9885657653213,7964.178571428572
1780926192,195,GET,/product/LS4PSXUNUM,1.400000,0.000000,390,400,400,400,500,500,500,500,500,500,500,38,0,200,222.13241945658075,16.912064515054226,502.6292558759451,7966.763157894737
1780926192,195,GET,/product/OLJCESPC7Z,0.900000,0.000000,300,300,300,300,380,380,380,380,380,380,380,21,0,210,218.76341459296998,16.608981415629387,650.8828354999423,8008.619047619048
1780926192,195,,Aggregated,72.700000,0.000000,550,640,700,730,790,870,910,960,1100,1100,1100,1974,0,280,331.3173000934782,10.333981364965439,1479.2913915589452,10547.573961499493
1780926193,200,GET,/,54.200000,0.000000,650,710,760,790,860,910,990,1000,1200,1200,1200,1498,0,320,372.8720487856389,11.067726649343967,1479.2913915589452,10525.24699599466
1780926193,200,POST,/cart,5.500000,0.000000,540,580,600,640,780,800,880,890,890,890,890,168,0,290,318.9163976127193,20.281024277210236,991.8499318882823,16995.51785714286
1780926193,200,POST,/cart/checkout,2.900000,0.000000,280,360,390,420,530,610,630,630,630,630,630,85,0,180,217.39618827534073,18.988792784512043,864.3449889495969,6800.023529411765
1780926193,200,GET,/product/0PUK6V6EV0,0.900000,0.000000,380,390,400,400,410,410,410,410,410,410,410,28,0,200,225.0065648196531,12.4680669978261,804.2195411399007,7976.571428571428
1780926193,200,GET,/product/1YMWWN1N4O,1.300000,0.000000,400,410,410,410,500,590,590,590,590,590,590,35,0,200,215.52259113107408,16.132216900587082,592.5950212404132,7989.4
1780926193,200,GET,/product/2ZYFJ3GM2N,1.200000,0.000000,390,400,400,490,510,590,590,590,590,590,590,32,0,210,251.92627773503773,14.834134839475155,844.1836861893535,7998.15625
1780926193,200,GET,/product/66VCHSJNUP,1.200000,0.000000,290,300,400,400,490,490,490,490,490,490,490,36,0,200,199.98397885097398,12.719000689685345,503.5910625010729,7976.972222222223
1780926193,200,GET,/product/6E92ZMYYFZ,1.000000,0.000000,300,400,410,490,600,600,600,600,600,600,600,32,0,110,189.62121274671517,12.884697876870632,599.5373027399182,7959.375
1780926193,200,GET,/product/9SIQT8TOJO,1.100000,0.000000,390,390,390,410,490,490,490,490,490,490,490,26,0,190,205.3618226916744,12.215454131364822,510.6163611635566,8008.346153846154
1780926193,200,GET,/product/L9ECAV7KIM,1.300000,0.000000,300,300,310,310,380,400,400,400,400,400,400,28,0,270,243.86603055920983,10.333981364965439,758.9885657653213,7964.178571428572
1780926193,200,GET,/product/LS4PSXUNUM,1.700000,0.000000,390,400,400,500,500,790,790,790,790,790,790,40,0,200,240.54076857864857,16.912064515054226,790.0047423318028,7968.15
1780926193,200,GET,/product/OLJCESPC7Z,0.800000,0.000000,300,300,380,380,390,390,390,390,390,390,390,22,0,210,226.35503142902797,16.608981415629387,650.8828354999423,8005.545454545455
1780926193,200,,Aggregated,73.100000,0.000000,580,670,720,760,820,890,970,1000,1200,1200,1200,2030,0,290,341.16279556750885,10.333981364965439,1479.2913915589452,10555.131034482758
1780926194,205,GET,/,56.200000,0.000000,680,760,800,830,960,1100,1300,1300,1500,1500,1500,1538,0,340,392.72011980239995,11.067726649343967,1491.5114678442478,10525.895318595578
1780926194,205,POST,/cart,5.600000,0.000000,560,590,630,710,790,890,930,1000,1000,1000,1000,170,0,300,326.74931103144496,20.281024277210236,1037.4216297641397,16989.5
1780926194,205,POST,/cart/checkout,3.400000,0.000000,290,390,420,460,610,630,760,760,760,760,760,87,0,200,226.119392455138,18.988792784512043,864.3449889495969,6799.747126436781
1780926194,205,GET,/product/0PUK6V6EV0,1.000000,0.000000,390,390,410,410,410,680,680,680,680,680,680,29,0,200,240.5568672151401,12.4680669978261,804.2195411399007,7974.620689655172
1780926194,205,GET,/product/1YMWWN1N4O,1.400000,0.000000,400,410,410,500,500,590,590,590,590,590,590,35,0,200,215.52259113107408,16.132216900587082,592.5950212404132,7989.4
1780926194,205,GET,/product/2ZYFJ3GM2N,1.400000,0.000000,400,400,490,510,590,680,680,680,680,680,680,33,0,290,264.93422898717904,14.834134839475155,844.1836861893535,7999.393939393939
1780926194,205,GET,/product/66VCHSJNUP,1.100000,0.000000,300,400,400,490,600,600,600,600,600,600,600,37,0,200,210.85519157350063,12.719000689685345,602.2188495844603,7976.351351351352
1780926194,205,GET,/product/6E92ZMYYFZ,1.000000,0.000000,400,490,600,600,610,690,690,690,690,690,690,34,0,120,216.57346898470732,12.884697876870632,690.5282130464911,7961.588235294118
1780926194,205,GET,/product/9SIQT8TOJO,1.000000,0.000000,390,490,510,610,680,690,690,690,690,690,690,30,0,200,260.9624370311697,12.215454131364822,691.9322293251753,8004.933333333333
1780926194,205,GET,/product/L9ECAV7KIM,1.400000,0.000000,300,310,380,380,400,670,670,670,670,670,670,29,0,290,258.64527763092315,10.333981364965439,758.9885657653213,7966.827586206897
1780926194,205,GET,/product/LS4PSXUNUM,1.600000,0.000000,400,400,500,500,790,900,900,900,900,900,900,42,0,280,264.9481033551551,16.912064515054226,900.3416197374463,7969.214285714285
1780926194,205,GET,/product/OLJCESPC7Z,0.600000,0.000000,300,300,380,380,390,390,390,390,390,390,390,22,0,210,226.35503142902797,16.608981415629387,650.8828354999423,8005.545454545455
1780926194,205,,Aggregated,75.700000,0.000000,630,710,770,790,910,1000,1200,1300,1500,1500,1500,2086,0,300,359.1025603541342,10.333981364965439,1491.5114678442478,10542.34276126558
1780926195,210,GET,/,54.500000,0.000000,730,820,920,1000,1400,1500,1600,1600,1800,1800,1800,1614,0,360,441.45008179104093,11.067726649343967,1814.5106686279178,10526.007434944238
1780926195,210,POST,/cart,5.800000,0.000000,580,710,780,800,1000,1300,1500,1500,1500,1500,1500,177,0,320,359.10368493447703,20.281024277210236,1509.6157230436802,17016.71186440678
1780926195,210,POST,/cart/checkout,2.900000,0.000000,310,370,430,460,610,630,760,760,760,760,760,90,0,210,229.46091792028813,18.988792784512043,864.3449889495969,6800.033333333334
1780926195,210,GET,/product/0PUK6V6EV0,1.200000,0.000000,390,410,410,410,610,680,680,680,680,680,680,31,0,210,258.0626605138663,12.4680669978261,804.2195411399007,7971.806451612903
1780926195,210,GET,/product/1YMWWN1N4O,1.600000,0.000000,400,410,500,500,520,590,590,590,590,590,590,36,0,200,223.87942400140068,16.132216900587082,592.5950212404132,7988.25
1780926195,210,GET,/product/2ZYFJ3GM2N,1.500000,0.000000,400,490,510,590,600,680,680,680,680,680,680,34,0,290,274.85838757060907,14.834134839475155,844.1836861893535,8001.676470588235
1780926195,210,GET,/product/66VCHSJNUP,1.000000,0.000000,400,400,490,500,600,600,600,600,600,600,600,38,0,200,218.58128084261952,12.719000689685345,602.2188495844603,7978.105263157895
1780926195,210,GET,/product/6E92ZMYYFZ,1.000000,0.000000,400,490,600,600,610,690,690,690,690,690,690,34,0,120,216.57346898470732,12.884697876870632,690.5282130464911,7961.588235294118
1780926195,210,GET,/product/9SIQT8TOJO,1.000000,0.000000,390,390,610,610,680,690,690,690,690,690,690,30,0,200,260.9624370311697,12.215454131364822,691.9322293251753,8004.933333333333
1780926195,210,GET,/product/L9ECAV7KIM,1.300000,0.000000,300,310,380,400,670,670,670,670,670,670,670,29,0,290,258.64527763092315,10.333981364965439,758.9885657653213,7966.827586206897
1780926195,210,GET,/product/LS4PSXUNUM,1.500000,0.000000,400,400,500,610,790,900,900,900,900,900,900,42,0,280,264.9481033551551,16.912064515054226,900.3416197374463,7969.214285714285
1780926195,210,GET,/product/OLJCESPC7Z,0.700000,0.000000,300,380,380,390,390,390,390,390,390,390,390,22,0,210,226.35503142902797,16.608981415629387,650.8828354999423,8005.545454545455
1780926195,210,,Aggregated,74.000000,0.000000,670,780,860,920,1300,1500,1500,1600,1800,1800,1800,2177,0,310,399.27646191384287,10.333981364965439,1814.5106686279178,10553.777675700505
1780926196,215,GET,/,54.800000,0.000000,790,960,1100,1300,1400,1500,1600,1700,1800,1800,1800,1696,0,390,479.6808946033158,11.067726649343967,1814.5106686279178,10526.43337264151
1780926196,215,POST,/cart,5.700000,0.000000,590,780,800,920,1100,1300,1500,1500,1500,1500,1500,180,0,320,368.8828754445745,20.281024277210236,1509.6157230436802,17023.23888888889
1780926196,215,POST,/cart/checkout,3.100000,0.000000,310,400,470,530,630,750,760,760,760,760,760,94,0,210,244.35016621855345,18.988792784512043,864.3449889495969,6799.617021276596
1780926196,215,GET,/product/0PUK6V6EV0,1.100000,0.000000,410,410,600,600,610,680,680,680,680,680,680,33,0,290,278.69920031816673,12.4680669978261,804.2195411399007,7974.636363636364
1780926196,215,GET,/product/1YMWWN1N4O,1.400000,0.000000,410,520,530,580,590,770,770,770,770,770,770,39,0,210,255.11171790556267,16.132216900587082,774.2974981665611,7992.333333333333
1780926196,215,GET,/product/2ZYFJ3GM2N,1.300000,0.000000,400,490,590,600,680,700,700,700,700,700,700,35,0,290,286.93192933819125,14.834134839475155,844.1836861893535,8003.085714285714
1780926196,215,GET,/product/66VCHSJNUP,0.900000,0.000000,400,490,500,500,510,600,600,600,600,600,600,40,0,210,232.5567599851638,12.719000689685345,602.2188495844603,7981.6
1780926196,215,GET,/product/6E92ZMYYFZ,1.100000,0.000000,400,540,600,600,610,690,690,690,690,690,690,35,0,190,225.70294908114843,12.884697876870632,690.5282130464911,7963.542857142857
1780926196,215,GET,/product/9SIQT8TOJO,1.200000,0.000000,500,510,610,680,690,690,690,690,690,690,690,31,0,280,268.6028307784469,12.215454131364822,691.9322293251753,8004.903225806452
1780926196,215,GET,/product/L9ECAV7KIM,1.200000,0.000000,300,310,670,670,900,900,900,900,900,900,900,30,0,290,279.8655449412763,10.333981364965439,895.2532969415188,7965.533333333334
1780926196,215,GET,/product/LS4PSXUNUM,1.600000,0.000000,400,500,610,610,840,900,900,900,900,900,900,43,0,290,278.3704896479152,16.912064515054226,900.3416197374463,7970.627906976744
1780926196,215,GET,/product/OLJCESPC7Z,0.600000,0.000000,380,390,590,590,700,700,700,700,700,700,700,24,0,210,261.12949079833925,16.608981415629387,698.2723670080304,8003.666666666667
1780926196,215,,Aggregated,74.000000,0.000000,710,850,1000,1100,1400,1500,1600,1600,1800,1800,1800,2280,0,330,431.69177418468485,10.333981364965439,1814.5106686279178,10539.947807017545
1780926197,220,GET,/,55.900000,0.000000,860,1000,1100,1300,1400,1500,1600,1700,1800,1800,1800,1754,0,420,495.3279185624944,11.067726649343967,1814.5106686279178,10526.693272519955
1780926197,220,POST,/cart,5.900000,0.000000,640,750,800,920,1100,1300,1400,1500,1500,1500,1500,192,0,350,390.3794261714211,20.281024277210236,1509.6157230436802,17032.333333333332
1780926197,220,POST,/cart/checkout,3.200000,0.000000,360,400,470,530,630,750,760,760,760,760,760,99,0,220,247.08633093784252,18.988792784512043,864.3449889495969,6799.363636363636
1780926197,220,GET,/product/0PUK6V6EV0,1.200000,0.000000,400,410,600,600,670,680,680,680,680,680,680,36,0,300,296.20531995573805,12.4680669978261,804.2195411399007,7975.5
1780926197,220,GET,/product/1YMWWN1N4O,1.400000,0.000000,410,520,530,580,590,770,770,770,770,770,770,40,0,210,256.1828527832404,16.132216900587082,774.2974981665611,7994.15
1780926197,220,GET,/product/2ZYFJ3GM2N,1.300000,0.000000,490,590,670,670,680,700,700,700,700,700,700,36,0,290,297.5727195541064,14.834134839475155,844.1836861893535,8004.805555555556
1780926197,220,GET,/product/66VCHSJNUP,1.000000,0.000000,400,490,500,510,600,600,600,600,600,600,600,40,0,210,232.5567599851638,12.719000689685345,602.2188495844603,7981.6
1780926197,220,GET,/product/6E92ZMYYFZ,1.100000,0.000000,410,500,600,600,610,690,690,690,690,690,690,36,0,190,233.42219988505045,12.884697876870632,690.5282130464911,7962.305555555556
1780926197,220,GET,/product/9SIQT8TOJO,1.200000,0.000000,500,510,610,680,690,690,690,690,690,690,690,31,0,280,268.6028307784469,12.215454131364822,691.9322293251753,8004.903225806452
1780926197,220,GET,/product/L9ECAV7KIM,1.100000,0.000000,310,400,670,670,900,900,900,900,900,900,900,32,0,290,283.9980427525006,10.333981364965439,895.2532969415188,7964.8125
1780926197,220,GET,/product/LS4PSXUNUM,1.600000,0.000000,400,500,610,790,840,900,900,900,900,900,900,43,0,290,278.3704896479152,16.912064515054226,900.3416197374463,7970.627906976744
1780926197,220,GET,/product/OLJCESPC7Z,0.500000,0.000000,390,590,690,690,700,700,700,700,700,700,700,25,0,240,278.38952247053385,16.608981415629387,698.2723670080304,8006.16
1780926197,220,,Aggregated,75.400000,0.000000,770,910,1000,1100,1400,1500,1600,1600,1800,1800,1800,2364,0,350,445.8090749213885,10.333981364965439,1814.5106686279178,10555.857021996615
1780926198,225,GET,/,60.000000,0.000000,910,1000,1200,1300,1500,1500,1600,1700,1800,1800,1800,1801,0,440,506.5028305433852,11.067726649343967,1814.5106686279178,10526.563575791228
1780926198,225,POST,/cart,5.300000,0.000000,690,780,800,930,1200,1300,1500,1500,1500,1500,1500,196,0,350,396.1255552190147,20.281024277210236,1509.6157230436802,17035.423469387755
1780926198,225,POST,/cart/checkout,2.800000,0.000000,370,430,470,610,660,750,760,760,760,760,760,99,0,220,247.08633093784252,18.988792784512043,864.3449889495969,6799.363636363636
1780926198,225,GET,/product/0PUK6V6EV0,1.500000,0.000000,410,410,600,600,670,680,680,680,680,680,680,38,0,300,299.09956004274517,12.4680669978261,804.2195411399007,7977.763157894737
1780926198,225,GET,/product/1YMWWN1N4O,1.200000,0.000000,490,520,530,580,590,770,770,770,770,770,770,41,0,210,261.99306606701236,16.132216900587082,774.2974981665611,7996.170731707317
1780926198,225,GET,/product/2ZYFJ3GM2N,1.300000,0.000000,590,600,670,680,700,700,700,700,700,700,700,36,0,290,297.5727195541064,14.834134839475155,844.1836861893535,8004.805555555556
1780926198,225,GET,/product/66VCHSJNUP,1.200000,0.000000,410,490,500,510,600,600,600,600,600,600,600,42,0,210,240.70130676651993,12.719000689685345,602.2188495844603,7982.309523809524
1780926198,225,GET,/product/6E92ZMYYFZ,1.100000,0.000000,400,500,540,600,610,690,690,690,690,690,690,40,0,200,251.69815190602094,12.884697876870632,690.5282130464911,7959.325
1780926198,225,GET,/product/9SIQT8TOJO,1.200000,0.000000,610,610,680,680,690,690,690,690,690,690,690,31,0,280,268.6028307784469,12.215454131364822,691.9322293251753,8004.903225806452
1780926198,225,GET,/product/L9ECAV7KIM,1.100000,0.000000,310,400,500,670,900,900,900,900,900,900,900,33,0,290,290.62441575594926,10.333981364965439,895.2532969415188,7964.545454545455
1780926198,225,GET,/product/LS4PSXUNUM,1.600000,0.000000,400,400,610,790,840,900,900,900,900,900,900,45,0,290,283.33435971289873,16.912064515054226,900.3416197374463,7971.777777777777
1780926198,225,GET,/product/OLJCESPC7Z,0.700000,0.000000,400,590,690,690,700,700,700,700,700,700,700,26,0,240,283.1747292970809,16.608981415629387,698.2723670080304,8007.923076923077
1780926198,225,,Aggregated,79.000000,0.000000,830,970,1100,1200,1400,1500,1600,1600,1800,1800,1800,2428,0,370,455.24758396707045,10.333981364965439,1814.5106686279178,10552.364085667215
1780926199,230,GET,/,58.800000,0.000000,980,1100,1300,1300,1500,1500,1600,1700,1800,1800,1800,1858,0,450,527.619181403367,11.067726649343967,1814.5106686279178,10526.676533907428
1780926199,230,POST,/cart,5.100000,0.000000,710,780,900,930,1100,1300,1400,1500,1500,1500,1500,204,0,370,412.04092514189875,20.281024277210236,1509.6157230436802,17061.86274509804
1780926199,230,POST,/cart/checkout,3.400000,0.000000,390,460,530,610,660,750,760,760,760,760,760,100,0,220,248.75164509750903,18.988792784512043,864.3449889495969,6799.22
1780926199,230,GET,/product/0PUK6V6EV0,1.600000,0.000000,410,410,600,610,670,680,680,680,680,680,680,38,0,300,299.09956004274517,12.4680669978261,804.2195411399007,7977.763157894737
1780926199,230,GET,/product/1YMWWN1N4O,1.300000,0.000000,500,520,580,590,770,800,800,800,800,800,800,43,0,280,279.8901226284892,16.132216900587082,796.8298094347119,7995.790697674419
1780926199,230,GET,/product/2ZYFJ3GM2N,1.400000,0.000000,590,670,680,680,700,700,700,700,700,700,700,39,0,300,315.6998577551582,14.834134839475155,844.1836861893535,8003.410256410257
1780926199,230,GET,/product/66VCHSJNUP,1.000000,0.000000,400,490,500,500,510,600,600,600,600,600,600,45,0,210,253.47909732825227,12.719000689685345,602.2188495844603,7981.155555555555
1780926199,230,GET,/product/6E92ZMYYFZ,1.200000,0.000000,500,540,600,600,610,690,690,690,690,690,690,41,0,210,257.7428736655814,12.884697876870632,690.5282130464911,7958.341463414634
1780926199,230,GET,/product/9SIQT8TOJO,1.000000,0.000000,610,680,690,690,700,700,700,700,700,700,700,32,0,280,282.05622342647985,12.215454131364822,699.1113955155015,8004.1875
1780926199,230,GET,/product/L9ECAV7KIM,0.800000,0.000000,400,500,670,670,900,900,900,900,900,900,900,33,0,290,290.62441575594926,10.333981364965439,895.2532969415188,7964.545454545455
1780926199,230,GET,/product/LS4PSXUNUM,1.400000,0.000000,400,500,610,790,840,900,900,900,900,900,900,46,0,290,288.0730466593219,16.912064515054226,900.3416197374463,7970.934782608696
1780926199,230,GET,/product/OLJCESPC7Z,0.800000,0.000000,590,610,690,690,700,700,700,700,700,700,700,27,0,280,295.15532728422573,16.608981415629387,698.2723670080304,8006.851851851852
1780926199,230,,Aggregated,77.800000,0.000000,890,1000,1200,1200,1400,1500,1600,1600,1800,1800,1800,2506,0,390,473.5723389249447,10.333981364965439,1814.5106686279178,10560.8419792498
1780926200,235,GET,/,58.700000,0.000000,1100,1200,1300,1400,1500,1500,1600,1700,1800,1800,1800,1922,0,480,553.1762471692937,11.067726649343967,1814.5106686279178,10527.051508844954
1780926200,235,POST,/cart,5.300000,0.000000,710,780,900,1000,1100,1300,1400,1500,1500,1500,1500,204,0,370,412.04092514189875,20.281024277210236,1509.6157230436802,17061.86274509804
1780926200,235,POST,/cart/checkout,3.200000,0.000000,430,580,630,660,900,1100,1100,1100,1100,1100,1100,104,0,230,274.8503321602654,18.988792784512043,1121.179568581283,6799.192307692308
1780926200,235,GET,/product/0PUK6V6EV0,1.700000,0.000000,410,410,600,610,670,680,680,680,680,680,680,39,0,300,301.8361753425919,12.4680669978261,804.2195411399007,7979.48717948718
1780926200,235,GET,/product/1YMWWN1N4O,1.400000,0.000000,520,580,590,770,800,1300,1300,1300,1300,1300,1300,44,0,280,303.06974006816745,16.132216900587082,1299.7932899743319,7996.022727272727
1780926200,235,GET,/product/2ZYFJ3GM2N,1.200000,0.000000,600,680,700,700,710,800,800,800,800,800,800,43,0,310,344.9183686658047,14.834134839475155,844.1836861893535,8003.488372093023
1780926200,235,GET,/product/66VCHSJNUP,1.200000,0.000000,490,500,510,510,600,720,720,720,720,720,720,46,0,210,263.5291196891795,12.719000689685345,715.7801259309053,7982.760869565217
1780926200,235,GET,/product/6E92ZMYYFZ,1.300000,0.000000,510,540,600,610,690,1000,1000,1000,1000,1000,1000,44,0,290,286.1241658260538,12.884697876870632,1009.1969827190042,7958.636363636364
1780926200,235,GET,/product/9SIQT8TOJO,0.600000,0.000000,680,700,800,800,810,1000,1000,1000,1000,1000,1000,36,0,300,337.48158644367425,12.215454131364822,1009.825131855905,8009.305555555556
1780926200,235,GET,/product/L9ECAV7KIM,0.900000,0.000000,510,670,900,1100,1400,1400,1400,1400,1400,1400,1400,37,0,300,354.5102784661828,10.333981364965439,1414.4718069583178,7959.324324324324
1780926200,235,GET,/product/LS4PSXUNUM,1.600000,0.000000,610,810,810,810,840,900,900,900,900,900,900,48,0,300,309.6878102708918,16.912064515054226,900.3416197374463,7971.166666666667
1780926200,235,GET,/product/OLJCESPC7Z,0.800000,0.000000,610,610,690,690,700,700,700,700,700,700,700,27,0,280,295.15532728422573,16.608981415629387,698.2723670080304,8006.851851851852
1780926200,235,,Aggregated,77.900000,0.000000,970,1100,1300,1300,1400,1500,1600,1600,1800,1800,1800,2594,0,400,496.7601883322799,10.333981364965439,1814.5106686279178,10534.665381649962
1780926201,240,GET,/,56.700000,0.000000,1200,1300,1400,1400,1600,1800,2100,2200,2400,2400,2400,1968,0,500,582.525787263166,11.067726649343967,2365.5849173665047,10527.255081300813
1780926201,240,POST,/cart,5.600000,0.000000,750,870,1000,1100,1200,1300,1400,1500,1500,1500,1500,217,0,390,435.7492118636103,20.281024277210236,1509.6157230436802,17058.612903225807
1780926201,240,POST,/cart/checkout,3.000000,0.000000,460,620,640,750,1100,1100,1400,1400,1400,1400,1400,106,0,230,288.96604783235574,18.988792784512043,1406.2077449634671,6799.169811320755
1780926201,240,GET,/product/0PUK6V6EV0,1.600000,0.000000,410,600,600,610,670,680,680,680,680,680,680,39,0,300,301.8361753425919,12.4680669978261,804.2195411399007,7979.48717948718
1780926201,240,GET,/product/1YMWWN1N4O,1.500000,0.000000,530,580,770,770,800,1300,1300,1300,1300,1300,1300,44,0,280,303.06974006816745,16.132216900587082,1299.7932899743319,7996.022727272727
1780926201,240,GET,/product/2ZYFJ3GM2N,1.100000,0.000000,670,680,700,700,710,800,800,800,800,800,800,43,0,310,344.9183686658047,14.834134839475155,844.1836861893535,8003.488372093023
1780926201,240,GET,/product/66VCHSJNUP,1.100000,0.000000,490,500,510,590,600,720,720,720,720,720,720,47,0,220,270.4188648135738,12.719000689685345,715.7801259309053,7983.148936170212
1780926201,240,GET,/product/6E92ZMYYFZ,1.500000,0.000000,510,510,610,610,690,1000,1000,1000,1000,1000,1000,44,0,290,286.1241658260538,12.884697876870632,1009.1969827190042,7958.636363636364
1780926201,240,GET,/product/9SIQT8TOJO,0.700000,0.000000,690,700,800,810,1000,1000,1000,1000,1000,1000,1000,36,0,300,337.48158644367425,12.215454131364822,1009.825131855905,8009.305555555556
1780926201,240,GET,/product/L9ECAV7KIM,0.800000,0.000000,510,670,900,1100,1400,1400,1400,1400,1400,1400,1400,37,0,300,354.5102784661828,10.333981364965439,1414.4718069583178,7959.324324324324
1780926201,240,GET,/product/LS4PSXUNUM,1.600000,0.000000,790,810,810,840,900,900,900,900,900,900,900,48,0,300,309.6878102708918,16.912064515054226,900.3416197374463,7971.166666666667
1780926201,240,GET,/product/OLJCESPC7Z,0.800000,0.000000,590,610,690,690,700,700,700,700,700,700,700,28,0,280,298.4870810593878,16.608981415629387,698.2723670080304,8005.428571428572
1780926201,240,,Aggregated,76.000000,0.000000,1000,1200,1300,1400,1500,1700,2000,2200,2400,2400,2400,2657,0,410,521.3868720937165,10.333981364965439,2365.5849173665047,10561.622130222055
1780926202,245,GET,/,60.600000,0.000000,1200,1400,1400,1500,1600,1900,2200,2300,2400,2400,2400,2032,0,530,610.2821590011301,11.067726649343967,2435.2512480691075,10527.284940944883
1780926202,245,POST,/cart,5.600000,0.000000,780,980,1000,1100,1200,1300,1400,1500,1500,1500,1500,224,0,400,448.9335035822088,20.281024277210236,1509.6157230436802,17039.73214285714
1780926202,245,POST,/cart/checkout,2.600000,0.000000,470,630,660,760,1100,1100,1400,1400,1400,1400,1400,107,0,230,288.256316602439,18.988792784512043,1406.2077449634671,6799.121495327103
1780926202,245,GET,/product/0PUK6V6EV0,1.500000,0.000000,410,600,600,610,670,680,680,680,680,680,680,39,0,300,301.8361753425919,12.4680669978261,804.2195411399007,7979.48717948718
1780926202,245,GET,/product/1YMWWN1N4O,1.500000,0.000000,530,580,770,800,1300,1300,1300,1300,1300,1300,1300,44,0,280,303.06974006816745,16.132216900587082,1299.7932899743319,7996.022727272727
1780926202,245,GET,/product/2ZYFJ3GM2N,1.100000,0.000000,670,700,710,800,800,800,800,800,800,800,800,46,0,310,370.28482916724425,14.834134839475155,844.1836861893535,8003.847826086957
1780926202,245,GET,/product/66VCHSJNUP,1.100000,0.000000,500,590,600,720,800,900,900,900,900,900,900,51,0,280,302.0810344639946,12.719000689685345,897.4523516371846,7985.509803921569
1780926202,245,GET,/product/6E92ZMYYFZ,1.100000,0.000000,510,610,690,800,800,1000,1000,1000,1000,1000,1000,46,0,300,308.4289870508339,12.884697876870632,1009.1969827190042,7957.347826086957
1780926202,245,GET,/product/9SIQT8TOJO,0.700000,0.000000,690,800,810,810,810,1000,1000,1000,1000,1000,1000,37,0,300,350.2142975559911,12.215454131364822,1009.825131855905,8009.054054054054
1780926202,245,GET,/product/L9ECAV7KIM,0.800000,0.000000,670,890,900,900,1100,1400,1400,1400,1400,1400,1400,41,0,300,397.6534075080985,10.333981364965439,1414.4718069583178,7962.317073170731
1780926202,245,GET,/product/LS4PSXUNUM,1.300000,0.000000,790,810,810,840,900,900,900,900,900,900,900,48,0,300,309.6878102708918,16.912064515054226,900.3416197374463,7971.166666666667
1780926202,245,GET,/product/OLJCESPC7Z,0.600000,0.000000,590,610,690,690,700,700,700,700,700,700,700,28,0,280,298.4870810593878,16.608981415629387,698.2723670080304,8005.428571428572
1780926202,245,,Aggregated,78.500000,0.000000,1100,1300,1400,1400,1600,1800,2200,2300,2400,2400,2400,2743,0,430,545.2846873329556,10.333981364965439,2435.2512480691075,10561.395552314983
1780926203,250,GET,/,55.500000,0.000000,1300,1400,1500,1500,1600,1900,2200,2300,2400,2400,2400,2105,0,550,636.60301143246,11.067726649343967,2435.2512480691075,10527.530641330166
1780926203,250,POST,/cart,6.500000,0.000000,780,980,1000,1100,1300,1300,1500,1500,1500,1500,1500,233,0,420,468.3011361665608,20.281024277210236,1509.6157230436802,17060.377682403432
1780926203,250,POST,/cart/checkout,2.900000,0.000000,390,480,640,660,1100,1100,1400,1400,1400,1400,1400,113,0,250,291.48194051257013,18.988792784512043,1406.2077449634671,6798.991150442478
1780926203,250,GET,/product/0PUK6V6EV0,1.500000,0.000000,410,600,610,610,670,680,680,680,680,680,680,40,0,300,304.64667584747076,12.4680669978261,804.2195411399007,7978.1
1780926203,250,GET,/product/1YMWWN1N4O,1.300000,0.000000,530,710,770,770,800,1300,1300,1300,1300,1300,1300,45,0,290,312.028230395582,16.132216900587082,1299.7932899743319,7995.666666666667
1780926203,250,GET,/product/2ZYFJ3GM2N,1.400000,0.000000,600,700,700,710,800,800,800,800,800,800,800,49,0,400,374.98501863102524,14.834134839475155,844.1836861893535,8004.448979591837
1780926203,250,GET,/product/66VCHSJNUP,1.300000,0.000000,500,590,600,720,800,900,900,900,900,900,900,51,0,280,302.0810344639946,12.719000689685345,897.4523516371846,7985.509803921569
1780926203,250,GET,/product/6E92ZMYYFZ,1.200000,0.000000,510,540,690,800,800,1000,1000,1000,1000,1000,1000,46,0,300,308.4289870508339,12.884697876870632,1009.1969827190042,7957.347826086957
1780926203,250,GET,/product/9SIQT8TOJO,1.000000,0.000000,700,800,810,810,990,1000,1000,1000,1000,1000,1000,42,0,390,393.9672550408258,12.215454131364822,1009.825131855905,8007.714285714285
1780926203,250,GET,/product/L9ECAV7KIM,1.000000,0.000000,670,890,900,900,1100,1400,1400,1400,1400,1400,1400,41,0,300,397.6534075080985,10.333981364965439,1414.4718069583178,7962.317073170731
1780926203,250,GET,/product/LS4PSXUNUM,1.100000,0.000000,810,810,840,900,1100,1100,1100,1100,1100,1100,1100,51,0,300,336.37108597173994,16.912064515054226,1085.4778867214918,7969.274509803921
1780926203,250,GET,/product/OLJCESPC7Z,0.700000,0.000000,590,610,690,690,700,700,700,700,700,700,700,29,0,290,305.6991819356536,16.608981415629387,698.2723670080304,8003.758620689655
1780926203,250,,Aggregated,75.400000,0.000000,1200,1300,1400,1500,1600,1800,2200,2300,2400,2400,2400,2845,0,450,567.7212121711491,10.333981364965439,2435.2512480691075,10562.24007029877
1780926204,255,GET,/,58.300000,0.000000,1300,1400,1400,1500,1600,1900,2200,2300,2400,2400,2400,2163,0,570,652.7540805920531,11.067726649343967,2435.2512480691075,10527.670827554322
1780926204,255,POST,/cart,6.100000,0.000000,760,920,1000,1000,1200,1300,1300,1500,1500,1500,1500,238,0,440,475.877692832948,20.281024277210236,1509.6157230436802,17059.382352941175
1780926204,255,POST,/cart/checkout,2.500000,0.000000,410,620,660,760,1100,1100,1400,1400,1400,1400,1400,115,0,260,300.65233530071765,18.988792784512043,1406.2077449634671,6798.721739130435
1780926204,255,GET,/product/0PUK6V6EV0,1.300000,0.000000,410,600,600,610,670,670,670,670,670,670,670,40,0,300,304.64667584747076,12.4680669978261,804.2195411399007,7978.1
1780926204,255,GET,/product/1YMWWN1N4O,1.200000,0.000000,580,770,800,800,1000,1300,1300,1300,1300,1300,1300,46,0,290,327.23558977570224,16.132216900587082,1299.7932899743319,7994.804347826087
1780926204,255,GET,/product/2ZYFJ3GM2N,1.200000,0.000000,600,700,710,710,800,800,800,800,800,800,800,49,0,400,374.98501863102524,14.834134839475155,844.1836861893535,8004.448979591837
1780926204,255,GET,/product/66VCHSJNUP,1.500000,0.000000,500,590,600,720,800,900,900,900,900,900,900,51,0,280,302.0810344639946,12.719000689685345,897.4523516371846,7985.509803921569
1780926204,255,GET,/product/6E92ZMYYFZ,1.400000,0.000000,510,540,800,800,820,1000,1000,1000,1000,1000,1000,47,0,300,319.2595081166067,12.884697876870632,1009.1969827190042,7956.574468085107
1780926204,255,GET,/product/9SIQT8TOJO,1.000000,0.000000,700,800,810,810,990,1000,1000,1000,1000,1000,1000,42,0,390,393.9672550408258,12.215454131364822,1009.825131855905,8007.714285714285
1780926204,255,GET,/product/L9ECAV7KIM,1.100000,0.000000,790,890,900,900,1100,1400,1400,1400,1400,1400,1400,41,0,300,397.6534075080985,10.333981364965439,1414.4718069583178,7962.317073170731
1780926204,255,GET,/product/LS4PSXUNUM,1.000000,0.000000,610,810,810,840,1100,1100,1100,1100,1100,1100,1100,51,0,300,336.37108597173994,16.912064515054226,1085.4778867214918,7969.274509803921
1780926204,255,GET,/product/OLJCESPC7Z,0.700000,0.000000,610,690,700,810,1000,1000,1000,1000,1000,1000,1000,31,0,300,344.59901402794543,16.608981415629387,1004.6349931508303,8000.741935483871
1780926204,255,,Aggregated,77.300000,0.000000,1200,1300,1400,1400,1600,1800,2200,2300,2400,2400,2400,2914,0,470,582.1733681293935,10.333981364965439,2435.2512480691075,10566.539464653397
1780926205,260,GET,/,61.500000,0.000000,1300,1400,1400,1500,1600,1900,2200,2300,2400,2400,2400,2218,0,590,673.4141883254723,11.067726649343967,2435.2512480691075,10527.963029756538
1780926205,260,POST,/cart,6.700000,0.000000,830,990,1100,1100,1200,1300,1400,1500,1500,1500,1500,248,0,460,501.5389796706938,20.281024277210236,1509.6157230436802,17052.995967741936
1780926205,260,POST,/cart/checkout,2.600000,0.000000,580,660,760,760,900,1100,1400,1400,1400,1400,1400,121,0,270,318.09059271111715,18.988792784512043,1406.2077449634671,6799.082644628099
1780926205,260,GET,/product/0PUK6V6EV0,1.100000,0.000000,410,410,670,670,820,820,820,820,820,820,820,41,0,300,317.18154785382313,12.4680669978261,818.5764281079173,7979.731707317073
1780926205,260,GET,/product/1YMWWN1N4O,1.000000,0.000000,770,990,1000,1000,1000,1300,1300,1300,1300,1300,1300,48,0,300,354.97240724119666,16.132216900587082,1299.7932899743319,7995.833333333333
1780926205,260,GET,/product/2ZYFJ3GM2N,1.500000,0.000000,600,700,710,800,800,800,800,800,800,800,800,49,0,400,374.98501863102524,14.834134839475155,844.1836861893535,8004.448979591837
1780926205,260,GET,/product/66VCHSJNUP,1.500000,0.000000,500,590,600,720,800,900,900,900,900,900,900,51,0,280,302.0810344639946,12.719000689685345,897.4523516371846,7985.509803921569
1780926205,260,GET,/product/6E92ZMYYFZ,1.400000,0.000000,510,780,800,800,820,1000,1000,1000,1000,1000,1000,49,0,300,336.8933613659168,12.884697876870632,1009.1969827190042,7947.857142857143
1780926205,260,GET,/product/9SIQT8TOJO,1.300000,0.000000,800,810,810,810,990,1000,1000,1000,1000,1000,1000,44,0,390,412.77388849465007,12.215454131364822,1009.825131855905,7993.409090909091
1780926205,260,GET,/product/L9ECAV7KIM,1.300000,0.000000,790,890,900,900,1100,1400,1400,1400,1400,1400,1400,43,0,300,414.65680652059785,10.333981364965439,1414.4718069583178,7951.023255813953
1780926205,260,GET,/product/LS4PSXUNUM,1.000000,0.000000,610,810,840,840,1000,1100,1100,1100,1100,1100,1100,53,0,310,353.8336109826868,16.912064515054226,1085.4778867214918,7969.88679245283
1780926205,260,GET,/product/OLJCESPC7Z,0.600000,0.000000,610,690,810,810,1000,1000,1000,1000,1000,1000,1000,31,0,300,344.59901402794543,16.608981415629387,1004.6349931508303,8000.741935483871
1780926205,260,,Aggregated,81.500000,0.000000,1200,1300,1400,1400,1600,1800,2200,2300,2400,2400,2400,2996,0,500,601.5562868359385,10.333981364965439,2435.2512480691075,10569.685580774365
1780926206,265,GET,/,60.100000,0.000000,1300,1400,1500,1600,1700,2000,2200,2300,2400,2400,2400,2280,0,620,700.0873583716161,11.067726649343967,2435.2512480691075,10528.034649122807
1780926206,265,POST,/cart,6.500000,0.000000,890,1000,1100,1100,1300,1400,1500,1800,1800,1800,1800,251,0,490,512.8249534706314,20.281024277210236,1792.6200358197093,17074.270916334663
1780926206,265,POST,/cart/checkout,2.700000,0.000000,600,730,760,790,1100,1100,1400,1400,1400,1400,1400,126,0,270,330.0597817666592,18.988792784512043,1406.2077449634671,6799.079365079365
1780926206,265,GET,/product/0PUK6V6EV0,1.200000,0.000000,410,410,410,410,820,820,820,820,820,820,820,41,0,300,317.18154785382313,12.4680669978261,818.5764281079173,7979.731707317073
1780926206,265,GET,/product/1YMWWN1N4O,1.000000,0.000000,800,990,1000,1000,1300,1300,1300,1300,1300,1300,1300,48,0,300,354.97240724119666,16.132216900587082,1299.7932899743319,7995.833333333333
1780926206,265,GET,/product/2ZYFJ3GM2N,1.700000,0.000000,670,710,800,800,900,910,910,910,910,910,910,51,0,400,395.7472533791089,14.834134839475155,908.7617844343185,8007.254901960784
1780926206,265,GET,/product/66VCHSJNUP,1.400000,0.000000,590,600,720,800,900,1000,1000,1000,1000,1000,1000,54,0,280,324.61371854016625,12.719000689685345,1010.5059929192066,7983.907407407408
1780926206,265,GET,/product/6E92ZMYYFZ,1.300000,0.000000,510,780,800,800,820,1000,1000,1000,1000,1000,1000,50,0,300,338.3085398375988,12.884697876870632,1009.1969827190042,7949.5
1780926206,265,GET,/product/9SIQT8TOJO,1.400000,0.000000,800,810,810,810,990,1000,1000,1000,1000,1000,1000,44,0,390,412.77388849465007,12.215454131364822,1009.825131855905,7993.409090909091
1780926206,265,GET,/product/L9ECAV7KIM,1.300000,0.000000,710,820,890,900,1100,1400,1400,1400,1400,1400,1400,43,0,300,414.65680652059785,10.333981364965439,1414.4718069583178,7951.023255813953
1780926206,265,GET,/product/LS4PSXUNUM,1.000000,0.000000,610,810,810,1000,1100,1100,1100,1100,1100,1100,1100,53,0,310,353.8336109826868,16.912064515054226,1085.4778867214918,7969.88679245283
1780926206,265,GET,/product/OLJCESPC7Z,0.700000,0.000000,610,610,810,810,1000,1000,1000,1000,1000,1000,1000,31,0,300,344.59901402794543,16.608981415629387,1004.6349931508303,8000.741935483871
1780926206,265,,Aggregated,80.300000,0.000000,1200,1400,1500,1500,1700,1800,2200,2300,2400,2400,2400,3072,0,510,623.8947311937105,10.333981364965439,2435.2512480691075,10565.8271484375
1780926207,270,GET,/,58.400000,0.000000,1400,1500,1600,1700,1900,2100,2200,2300,2400,2400,2400,2366,0,650,737.2624992199293,11.067726649343967,2435.2512480691075,10528.408706677938
1780926207,270,POST,/cart,6.600000,0.000000,980,1100,1200,1200,1400,1500,1800,1800,1800,1800,1800,255,0,500,528.2797842122176,20.281024277210236,1792.6200358197093,17081.466666666667
1780926207,270,POST,/cart/checkout,2.900000,0.000000,640,760,770,810,1100,1100,1400,1400,1400,1400,1400,129,0,280,340.3007623761199,18.988792784512043,1406.2077449634671,6799.37984496124
1780926207,270,GET,/product/0PUK6V6EV0,1.100000,0.000000,410,410,820,820,820,820,820,820,820,820,820,41,0,300,317.18154785382313,12.4680669978261,818.5764281079173,7979.731707317073
1780926207,270,GET,/product/1YMWWN1N4O,1.300000,0.000000,1000,1000,1300,1300,1300,1300,1300,1300,1300,1300,1300,49,0,300,374.15188115698345,16.132216900587082,1299.7932899743319,7997.0
1780926207,270,GET,/product/2ZYFJ3GM2N,1.600000,0.000000,700,800,800,870,910,1000,1000,1000,1000,1000,1000,53,0,400,416.16235040831117,14.834134839475155,1008.0327289178967,8001.962264150943
1780926207,270,GET,/product/66VCHSJNUP,1.300000,0.000000,600,720,800,900,1000,1100,1100,1100,1100,1100,1100,56,0,290,344.9918327886345,12.719000689685345,1089.1506429761648,7975.535714285715
1780926207,270,GET,/product/6E92ZMYYFZ,1.400000,0.000000,780,800,820,980,1000,1100,1100,1100,1100,1100,1100,52,0,300,365.226514189719,12.884697876870632,1100.7142001762986,7945.615384615385
1780926207,270,GET,/product/9SIQT8TOJO,1.200000,0.000000,800,810,980,990,990,1000,1000,1000,1000,1000,1000,46,0,390,437.5665823564581,12.215454131364822,1009.825131855905,7991.739130434783
1780926207,270,GET,/product/L9ECAV7KIM,1.200000,0.000000,710,820,890,900,1100,1400,1400,1400,1400,1400,1400,43,0,300,414.65680652059785,10.333981364965439,1414.4718069583178,7951.023255813953
1780926207,270,GET,/product/LS4PSXUNUM,1.000000,0.000000,610,810,810,1000,1100,1100,1100,1100,1100,1100,1100,54,0,310,358.23978657868724,16.912064515054226,1085.4778867214918,7971.0
1780926207,270,GET,/product/OLJCESPC7Z,0.900000,0.000000,870,980,1000,1200,1200,1200,1200,1200,1200,1200,1200,35,0,300,426.5778493934444,16.608981415629387,1203.7144927307963,8000.771428571428
1780926207,270,,Aggregated,78.900000,0.000000,1300,1500,1600,1600,1800,2000,2200,2300,2400,2400,2400,3179,0,530,656.468231120528,10.333981364965439,2435.2512480691075,10558.670022019503
1780926208,275,GET,/,57.900000,0.000000,1400,1600,1700,1700,1900,2100,2300,2300,2400,2400,2400,2407,0,660,749.9737694262096,11.067726649343967,2435.2512480691075,10528.388450353137
1780926208,275,POST,/cart,7.000000,0.000000,1000,1200,1300,1300,1500,1800,1900,2100,2100,2100,2100,270,0,530,568.3783767399965,20.281024277210236,2133.4583619609475,17120.62222222222
1780926208,275,POST,/cart/checkout,3.200000,0.000000,630,760,770,810,1000,1100,1400,1400,1400,1400,1400,134,0,280,351.45815283949696,18.988792784512043,1406.2077449634671,6799.126865671642
1780926208,275,GET,/product/0PUK6V6EV0,0.800000,0.000000,410,820,820,910,910,910,910,910,910,910,910,42,0,300,331.1909303024766,12.4680669978261,905.5756106972694,7980.714285714285
1780926208,275,GET,/product/1YMWWN1N4O,1.100000,0.000000,990,1000,1000,1300,1300,1300,1300,1300,1300,1300,1300,50,0,300,385.9658878110349,16.132216900587082,1299.7932899743319,7996.82
1780926208,275,GET,/product/2ZYFJ3GM2N,1.400000,0.000000,710,800,890,900,910,1000,1000,1000,1000,1000,1000,57,0,400,435.65032466135006,14.834134839475155,1008.0327289178967,8001.666666666667
1780926208,275,GET,/product/66VCHSJNUP,1.300000,0.000000,700,720,890,900,1000,1100,1100,1100,1100,1100,1100,58,0,290,360.4217042407856,12.719000689685345,1089.1506429761648,7975.879310344828
1780926208,275,GET,/product/6E92ZMYYFZ,1.500000,0.000000,800,820,890,980,1000,1100,1100,1100,1100,1100,1100,53,0,300,375.2116067862173,12.884697876870632,1100.7142001762986,7944.811320754717
1780926208,275,GET,/product/9SIQT8TOJO,1.400000,0.000000,810,810,980,980,990,1000,1000,1000,1000,1000,1000,47,0,410,447.63777890500234,12.215454131364822,1009.825131855905,7986.170212765957
1780926208,275,GET,/product/L9ECAV7KIM,1.300000,0.000000,820,890,900,900,1100,1400,1400,1400,1400,1400,1400,44,0,300,425.0607590445063,10.333981364965439,1414.4718069583178,7945.068181818182
1780926208,275,GET,/product/LS4PSXUNUM,1.000000,0.000000,610,810,810,1000,1100,1100,1100,1100,1100,1100,1100,54,0,310,358.23978657868724,16.912064515054226,1085.4778867214918,7971.0
1780926208,275,GET,/product/OLJCESPC7Z,0.700000,0.000000,900,980,1200,1200,1200,1200,1200,1200,1200,1200,1200,38,0,310,466.2408377288988,16.608981415629387,1203.7144927307963,7998.526315789473
1780926208,275,,Aggregated,78.600000,0.000000,1300,1500,1600,1700,1800,2000,2200,2300,2400,2400,2400,3254,0,550,670.3685379530444,10.333981364965439,2435.2512480691075,10574.552858020897
1780926209,280,GET,/,59.600000,0.000000,1500,1600,1700,1800,1900,2100,2300,2300,2400,2400,2400,2480,0,680,776.710248183489,11.067726649343967,2435.2512480691075,10528.600403225806
1780926209,280,POST,/cart,6.500000,0.000000,1000,1200,1300,1300,1500,1800,1900,2100,2100,2100,2100,275,0,530,574.6048301187428,20.281024277210236,2133.4583619609475,17134.636363636364
1780926209,280,POST,/cart/checkout,2.900000,0.000000,640,760,770,810,1000,1100,1400,1400,1400,1400,1400,134,0,280,351.45815283949696,18.988792784512043,1406.2077449634671,6799.126865671642
1780926209,280,GET,/product/0PUK6V6EV0,0.600000,0.000000,820,820,910,910,910,910,910,910,910,910,910,42,0,300,331.1909303024766,12.4680669978261,905.5756106972694,7980.714285714285
1780926209,280,GET,/product/1YMWWN1N4O,1.000000,0.000000,1000,1000,1300,1300,1300,1300,1300,1300,1300,1300,1300,50,0,300,385.9658878110349,16.132216900587082,1299.7932899743319,7996.82
1780926209,280,GET,/product/2ZYFJ3GM2N,1.600000,0.000000,800,800,890,900,910,1000,1000,1000,1000,1000,1000,57,0,400,435.65032466135006,14.834134839475155,1008.0327289178967,8001.666666666667
1780926209,280,GET,/product/66VCHSJNUP,1.400000,0.000000,700,800,890,900,1000,1100,1100,1100,1100,1100,1100,58,0,290,360.4217042407856,12.719000689685345,1089.1506429761648,7975.879310344828
1780926209,280,GET,/product/6E92ZMYYFZ,1.500000,0.000000,800,820,980,980,1000,1100,1100,1100,1100,1100,1100,53,0,300,375.2116067862173,12.884697876870632,1100.7142001762986,7944.811320754717
1780926209,280,GET,/product/9SIQT8TOJO,1.500000,0.000000,810,810,980,990,990,1000,1000,1000,1000,1000,1000,47,0,410,447.63777890500234,12.215454131364822,1009.825131855905,7986.170212765957
1780926209,280,GET,/product/L9ECAV7KIM,1.300000,0.000000,820,890,900,900,1100,1400,1400,1400,1400,1400,1400,44,0,300,425.0607590445063,10.333981364965439,1414.4718069583178,7945.068181818182
1780926209,280,GET,/product/LS4PSXUNUM,1.100000,0.000000,810,810,1000,1000,1100,1100,1100,1100,1100,1100,1100,54,0,310,358.23978657868724,16.912064515054226,1085.4778867214918,7971.0
1780926209,280,GET,/product/OLJCESPC7Z,0.900000,0.000000,900,1000,1200,1200,1200,1200,1200,1200,1200,1200,1200,38,0,310,466.2408377288988,16.608981415629387,1203.7144927307963,7998.526315789473
1780926209,280,,Aggregated,79.900000,0.000000,1400,1600,1600,1700,1900,2000,2200,2300,2400,2400,2400,3332,0,580,692.3733317971873,10.333981364965439,2435.2512480691075,10584.67887154862
1780926210,285,GET,/,61.800000,0.000000,1600,1700,1700,1800,1900,2100,2300,2300,2400,2400,2400,2523,0,700,793.2301992650158,11.067726649343967,2435.2512480691075,10528.590170432026
1780926210,285,POST,/cart,6.600000,0.000000,1100,1300,1300,1400,1500,1800,1900,2100,2100,2100,2100,290,0,550,604.6760999565495,20.281024277210236,2133.4583619609475,17129.275862068964
1780926210,285,POST,/cart/checkout,3.300000,0.000000,610,720,760,760,790,880,1000,1000,1000,1000,1000,139,0,290,361.0712441836866,18.988792784512043,1406.2077449634671,6799.309352517986
1780926210,285,GET,/product/0PUK6V6EV0,0.500000,0.000000,820,880,900,900,910,910,910,910,910,910,910,45,0,380,363.86695622156066,12.4680669978261,905.5756106972694,7982.044444444445
1780926210,285,GET,/product/1YMWWN1N4O,0.800000,0.000000,960,1000,1000,1000,1300,1300,1300,1300,1300,1300,1300,54,0,300,401.6813030121503,16.132216900587082,1299.7932899743319,7997.111111111111
1780926210,285,GET,/product/2ZYFJ3GM2N,1.700000,0.000000,800,870,890,900,910,1000,1000,1000,1000,1000,1000,59,0,410,447.3426170268301,14.834134839475155,1008.0327289178967,8001.932203389831
1780926210,285,GET,/product/66VCHSJNUP,1.400000,0.000000,700,800,900,900,1000,1100,1100,1100,1100,1100,1100,59,0,300,366.0712215607449,12.719000689685345,1089.1506429761648,7977.220338983051
1780926210,285,GET,/product/6E92ZMYYFZ,1.400000,0.000000,800,820,890,890,980,1100,1100,1100,1100,1100,1100,56,0,390,393.8549155635493,12.884697876870632,1100.7142001762986,7945.517857142857
1780926210,285,GET,/product/9SIQT8TOJO,1.500000,0.000000,810,810,980,980,990,1000,1000,1000,1000,1000,1000,48,0,410,452.6755215289692,12.215454131364822,1009.825131855905,7985.291666666667
1780926210,285,GET,/product/L9ECAV7KIM,1.000000,0.000000,820,870,890,890,900,900,900,900,900,900,900,44,0,300,425.0607590445063,10.333981364965439,1414.4718069583178,7945.068181818182
1780926210,285,GET,/product/LS4PSXUNUM,0.900000,0.000000,810,810,1000,1000,1100,1100,1100,1100,1100,1100,1100,54,0,310,358.23978657868724,16.912064515054226,1085.4778867214918,7971.0
1780926210,285,GET,/product/OLJCESPC7Z,1.100000,0.000000,870,980,1000,1200,1200,1200,1200,1200,1200,1200,1200,40,0,380,479.4579435372725,16.608981415629387,1203.7144927307963,7997.25
1780926210,285,,Aggregated,82.000000,0.000000,1400,1600,1700,1700,1900,2000,2200,2300,2400,2400,2400,3411,0,590,707.6901860051327,10.333981364965439,2435.2512480691075,10594.60070360598
1780926211,290,GET,/,58.800000,0.000000,1600,1700,1800,1800,1900,2100,2200,2200,2300,2300,2300,2601,0,720,826.6149685284505,11.067726649343967,2435.2512480691075,10528.866974240676
1780926211,290,POST,/cart,7.300000,0.000000,1100,1300,1300,1400,1500,1800,1900,2100,2100,2100,2100,295,0,560,613.8160735021456,20.281024277210236,2133.4583619609475,17132.277966101694
1780926211,290,POST,/cart/checkout,3.400000,0.000000,610,720,760,760,790,880,1000,1000,1000,1000,1000,140,0,290,362.32057620239044,18.988792784512043,1406.2077449634671,6799.314285714286
1780926211,290,GET,/product/0PUK6V6EV0,0.400000,0.000000,880,900,900,910,1100,1100,1100,1100,1100,1100,1100,48,0,390,399.46162496926263,12.4680669978261,1092.7681345492601,7981.895833333333
1780926211,290,GET,/product/1YMWWN1N4O,0.700000,0.000000,900,990,1000,1000,1000,1300,1300,1300,1300,1300,1300,55,0,390,410.7188719070771,16.132216900587082,1299.7932899743319,7997.018181818182
1780926211,290,GET,/product/2ZYFJ3GM2N,1.900000,0.000000,800,880,890,900,910,1000,1000,1000,1000,1000,1000,60,0,410,453.43845994211733,14.834134839475155,1008.0327289178967,8002.616666666667
1780926211,290,GET,/product/66VCHSJNUP,1.500000,0.000000,890,900,900,910,1000,1100,1100,1100,1100,1100,1100,63,0,390,398.68041831586095,12.719000689685345,1089.1506429761648,7979.444444444444
1780926211,290,GET,/product/6E92ZMYYFZ,1.200000,0.000000,800,820,890,890,980,1100,1100,1100,1100,1100,1100,56,0,390,393.8549155635493,12.884697876870632,1100.7142001762986,7945.517857142857
1780926211,290,GET,/product/9SIQT8TOJO,1.500000,0.000000,810,810,980,980,990,990,990,990,990,990,990,48,0,410,452.6755215289692,12.215454131364822,1009.825131855905,7985.291666666667
1780926211,290,GET,/product/L9ECAV7KIM,1.100000,0.000000,870,870,890,890,900,900,900,900,900,900,900,45,0,310,431.46302019142445,10.333981364965439,1414.4718069583178,7945.533333333334
1780926211,290,GET,/product/LS4PSXUNUM,0.800000,0.000000,610,810,1000,1000,1100,1100,1100,1100,1100,1100,1100,55,0,310,366.50809657505965,16.912064515054226,1085.4778867214918,7970.745454545455
1780926211,290,GET,/product/OLJCESPC7Z,1.100000,0.000000,900,980,1200,1200,1200,1200,1200,1200,1200,1200,1200,40,0,380,479.4579435372725,16.608981415629387,1203.7144927307963,7997.25
1780926211,290,,Aggregated,79.700000,0.000000,1500,1600,1700,1800,1900,2000,2100,2200,2300,2300,2300,3506,0,610,735.4390829048745,10.333981364965439,2435.2512480691075,10593.671135196806
1780926212,295,GET,/,58.400000,0.000000,1700,1800,1900,1900,2000,2100,2200,2200,2300,2300,2300,2648,0,750,846.8260262165011,11.067726649343967,2435.2512480691075,10528.93429003021
1780926212,295,POST,/cart,7.700000,0.000000,1200,1400,1400,1500,1800,1900,2100,2100,2100,2100,2100,302,0,570,641.4093992901065,20.281024277210236,2133.4583619609475,17140.50331125828
1780926212,295,POST,/cart/checkout,3.900000,0.000000,610,720,760,760,790,880,1000,1000,1000,1000,1000,141,0,290,363.58270985041315,18.988792784512043,1406.2077449634671,6799.50354609929
1780926212,295,GET,/product/0PUK6V6EV0,0.600000,0.000000,880,900,900,910,1100,1100,1100,1100,1100,1100,1100,49,0,390,407.40314743728663,12.4680669978261,1092.7681345492601,7980.836734693878
1780926212,295,GET,/product/1YMWWN1N4O,1.000000,0.000000,960,990,1000,1000,1200,1300,1300,1300,1300,1300,1300,56,0,390,424.62674839355583,16.132216900587082,1299.7932899743319,7997.25
1780926212,295,GET,/product/2ZYFJ3GM2N,2.000000,0.000000,880,900,910,910,1300,1400,1400,1400,1400,1400,1400,63,0,490,487.2694624114841,14.834134839475155,1402.159103192389,8004.349206349207
1780926212,295,GET,/product/66VCHSJNUP,1.400000,0.000000,890,900,900,910,1000,1100,1100,1100,1100,1100,1100,63,0,390,398.68041831586095,12.719000689685345,1089.1506429761648,7979.444444444444
1780926212,295,GET,/product/6E92ZMYYFZ,1.400000,0.000000,820,890,890,980,1100,1100,1100,1100,1100,1100,1100,56,0,390,393.8549155635493,12.884697876870632,1100.7142001762986,7945.517857142857
1780926212,295,GET,/product/9SIQT8TOJO,1.600000,0.000000,800,810,910,980,990,990,990,990,990,990,990,48,0,410,452.6755215289692,12.215454131364822,1009.825131855905,7985.291666666667
1780926212,295,GET,/product/L9ECAV7KIM,1.100000,0.000000,870,870,890,890,900,900,900,900,900,900,900,45,0,310,431.46302019142445,10.333981364965439,1414.4718069583178,7945.533333333334
1780926212,295,GET,/product/LS4PSXUNUM,0.800000,0.000000,810,1000,1000,1200,1200,1200,1200,1200,1200,1200,1200,59,0,390,412.49563486583656,16.912064515054226,1197.548907250166,7970.1016949152545
1780926212,295,GET,/product/OLJCESPC7Z,1.300000,0.000000,870,980,1000,1200,1200,1200,1200,1200,1200,1200,1200,41,0,390,487.01847362809065,16.608981415629387,1203.7144927307963,7998.292682926829
1780926212,295,,Aggregated,81.200000,0.000000,1500,1700,1800,1900,2000,2100,2200,2200,2300,2300,2300,3571,0,630,754.5303693098582,10.333981364965439,2435.2512480691075,10598.04648557827
1780926213,300,GET,/,63.900000,0.000000,1700,1900,1900,2000,2100,2300,2500,2500,2700,2700,2700,2713,0,780,878.971943798603,11.067726649343967,2701.121585443616,10529.037228160707
1780926213,300,POST,/cart,7.700000,0.000000,1300,1400,1500,1500,1900,2100,2100,2200,2200,2200,2200,308,0,580,660.3592950608823,20.281024277210236,2169.6280846372247,17150.363636363636
1780926213,300,POST,/cart/checkout,3.400000,0.000000,660,760,760,770,810,880,1000,1000,1000,1000,1000,144,0,290,372.20070344887466,18.988792784512043,1406.2077449634671,6799.513888888889
1780926213,300,GET,/product/0PUK6V6EV0,0.600000,0.000000,880,900,900,910,1100,1100,1100,1100,1100,1100,1100,49,0,390,407.40314743728663,12.4680669978261,1092.7681345492601,7980.836734693878
1780926213,300,GET,/product/1YMWWN1N4O,1.000000,0.000000,960,990,1000,1000,1200,1300,1300,1300,1300,1300,1300,57,0,400,433.04389393316546,16.132216900587082,1299.7932899743319,7996.701754385965
1780926213,300,GET,/product/2ZYFJ3GM2N,1.600000,0.000000,880,910,910,910,1300,1400,1400,1400,1400,1400,1400,66,0,490,501.7827486788685,14.834134839475155,1402.159103192389,8007.106060606061
1780926213,300,GET,/product/66VCHSJNUP,1.200000,0.000000,890,900,910,910,1000,1100,1100,1100,1100,1100,1100,63,0,390,398.68041831586095,12.719000689685345,1089.1506429761648,7979.444444444444
1780926213,300,GET,/product/6E92ZMYYFZ,1.200000,0.000000,820,890,890,980,1100,1100,1100,1100,1100,1100,1100,56,0,390,393.8549155635493,12.884697876870632,1100.7142001762986,7945.517857142857
1780926213,300,GET,/product/9SIQT8TOJO,1.200000,0.000000,800,810,910,980,990,990,990,990,990,990,990,48,0,410,452.6755215289692,12.215454131364822,1009.825131855905,7985.291666666667
1780926213,300,GET,/product/L9ECAV7KIM,0.700000,0.000000,820,820,870,870,870,870,870,870,870,870,870,45,0,310,431.46302019142445,10.333981364965439,1414.4718069583178,7945.533333333334
1780926213,300,GET,/product/LS4PSXUNUM,0.600000,0.000000,1000,1000,1200,1200,1200,1200,1200,1200,1200,1200,1200,59,0,390,412.49563486583656,16.912064515054226,1197.548907250166,7970.1016949152545
1780926213,300,GET,/product/OLJCESPC7Z,1.200000,0.000000,910,1000,1200,1200,1200,1200,1200,1200,1200,1200,1200,44,0,390,529.4795832385055,16.608981415629387,1210.1698378100991,7998.363636363636
1780926213,300,,Aggregated,84.300000,0.000000,1600,1800,1900,1900,2100,2200,2400,2500,2700,2700,2700,3652,0,650,781.8602716263591,10.333981364965439,2701.121585443616,10600.417031763418
1780926214,300,GET,/,60.000000,0.000000,1800,1900,2100,2100,2300,2400,2500,2600,3000,3000,3000,2775,0,790,911.5742578357458,11.067726649343967,2992.9107278585434,10529.104504504505
1780926214,300,POST,/cart,7.800000,0.000000,1300,1400,1500,1700,1900,2100,2100,2200,2200,2200,2200,315,0,590,680.877134990361,20.281024277210236,2169.6280846372247,17143.984126984127
1780926214,300,POST,/cart/checkout,3.400000,0.000000,650,740,760,770,860,960,1000,1000,1000,1000,1000,147,0,320,379.67637167343884,18.988792784512043,1406.2077449634671,6799.707482993197
1780926214,300,GET,/product/0PUK6V6EV0,0.900000,0.000000,900,900,990,990,1100,1100,1100,1100,1100,1100,1100,52,0,400,437.40130244539336,12.4680669978261,1092.7681345492601,7977.346153846154
1780926214,300,GET,/product/1YMWWN1N4O,1.100000,0.000000,900,990,1000,1000,1200,1300,1300,1300,1300,1300,1300,59,0,400,447.40550079525025,16.132216900587082,1299.7932899743319,7999.35593220339
1780926214,300,GET,/product/2ZYFJ3GM2N,1.700000,0.000000,890,910,910,910,1300,1400,1400,1400,1400,1400,1400,66,0,490,501.7827486788685,14.834134839475155,1402.159103192389,8007.106060606061
1780926214,300,GET,/product/66VCHSJNUP,1.400000,0.000000,890,900,910,910,1000,1100,1100,1100,1100,1100,1100,63,0,390,398.68041831586095,12.719000689685345,1089.1506429761648,7979.444444444444
1780926214,300,GET,/product/6E92ZMYYFZ,1.000000,0.000000,890,890,980,1100,1200,1200,1200,1200,1200,1200,1200,57,0,400,408.0151852318331,12.884697876870632,1200.990286655724,7945.1578947368425
1780926214,300,GET,/product/9SIQT8TOJO,1.200000,0.000000,980,990,990,990,1100,1300,1300,1300,1300,1300,1300,54,0,500,511.16216277565667,12.215454131364822,1291.8505910784006,7987.055555555556
1780926214,300,GET,/product/L9ECAV7KIM,0.600000,0.000000,820,870,1100,1100,1200,1200,1200,1200,1200,1200,1200,48,0,340,467.1389354819742,10.333981364965439,1414.4718069583178,7947.333333333333
1780926214,300,GET,/product/LS4PSXUNUM,0.700000,0.000000,810,1000,1200,1200,1200,1200,1200,1200,1200,1200,1200,59,0,390,412.49563486583656,16.912064515054226,1197.548907250166,7970.1016949152545
1780926214,300,GET,/product/OLJCESPC7Z,1.200000,0.000000,980,1200,1200,1200,1200,1200,1200,1200,1200,1200,1200,45,0,400,544.259705601467,16.608981415629387,1210.1698378100991,7997.533333333334
1780926214,300,,Aggregated,81.000000,0.000000,1700,1900,2000,2000,2200,2400,2500,2600,3000,3000,3000,3740,0,660,809.9986176880544,10.333981364965439,2992.9107278585434,10596.766577540107
1780926215,300,GET,/,59.500000,0.000000,1900,2000,2200,2200,2300,2400,2500,2600,3000,3000,3000,2826,0,820,934.4121499253359,11.067726649343967,2992.9107278585434,10529.19143665959
1780926215,300,POST,/cart,7.300000,0.000000,1400,1500,1600,1700,1900,2100,2100,2200,2200,2200,2200,320,0,590,696.4555386279244,20.281024277210236,2169.6280846372247,17151.134375
1780926215,300,POST,/cart/checkout,3.600000,0.000000,660,750,760,770,860,960,1000,1000,1000,1000,1000,150,0,320,384.56528247023624,18.988792784512043,1406.2077449634671,6799.88
1780926215,300,GET,/product/0PUK6V6EV0,1.000000,0.000000,900,910,990,990,1100,1100,1100,1100,1100,1100,1100,52,0,400,437.40130244539336,12.4680669978261,1092.7681345492601,7977.346153846154
1780926215,300,GET,/product/1YMWWN1N4O,1.300000,0.000000,870,900,900,960,1200,1300,1300,1300,1300,1300,1300,61,0,400,455.8444862391372,16.132216900587082,1299.7932899743319,7999.983606557377
1780926215,300,GET,/product/2ZYFJ3GM2N,1.900000,0.000000,900,910,910,1000,1300,1400,1400,1400,1400,1400,1400,67,0,490,509.20489937789847,14.834134839475155,1402.159103192389,8007.522388059701
1780926215,300,GET,/product/66VCHSJNUP,1.200000,0.000000,900,910,1000,1000,1100,1100,1100,1100,1100,1100,1100,64,0,390,409.7307783376891,12.719000689685345,1105.903459712863,7978.578125
1780926215,300,GET,/product/6E92ZMYYFZ,1.000000,0.000000,910,980,1100,1100,1200,1200,1200,1200,1200,1200,1200,58,0,400,416.68605780357433,12.884697876870632,1200.990286655724,7945.293103448276
1780926215,300,GET,/product/9SIQT8TOJO,0.900000,0.000000,990,990,990,1100,1300,1300,1300,1300,1300,1300,1300,54,0,500,511.16216277565667,12.215454131364822,1291.8505910784006,7987.055555555556
1780926215,300,GET,/product/L9ECAV7KIM,0.400000,0.000000,790,820,870,1100,1200,1200,1200,1200,1200,1200,1200,50,0,380,478.447549007833,10.333981364965439,1414.4718069583178,7951.24
1780926215,300,GET,/product/LS4PSXUNUM,1.000000,0.000000,990,1000,1200,1200,1200,1200,1200,1200,1200,1200,1200,60,0,390,422.18988242869574,16.912064515054226,1197.548907250166,7969.65
1780926215,300,GET,/product/OLJCESPC7Z,1.600000,0.000000,980,1200,1200,1200,1200,1200,1200,1200,1200,1200,1200,46,0,400,556.5148834139109,16.608981415629387,1210.1698378100991,7997.04347826087
1780926215,300,,Aggregated,80.700000,0.000000,1800,1900,2100,2100,2300,2400,2500,2600,3000,3000,3000,3808,0,680,829.4942707604506,10.333981364965439,2992.9107278585434,10595.989233193277
1780926216,300,GET,/,60.000000,0.000000,2000,2200,2300,2300,2400,2500,2700,2700,3000,3000,3000,2882,0,840,963.8155265934222,11.067726649343967,2992.9107278585434,10529.315058986815
1780926216,300,POST,/cart,7.300000,0.000000,1400,1500,1700,1800,1900,2100,2200,2200,2200,2200,2200,331,0,620,722.1871399858072,20.281024277210236,2217.7587980404496,17158.344410876132
1780926216,300,POST,/cart/checkout,3.200000,0.000000,660,760,760,810,960,990,1000,1000,1000,1000,1000,151,0,350,388.5900025743226,18.988792784512043,1406.2077449634671,6799.794701986755
1780926216,300,GET,/product/0PUK6V6EV0,0.900000,0.000000,900,910,1100,1100,1100,1100,1100,1100,1100,1100,1100,53,0,400,449.9774468219224,12.4680669978261,1103.9369544014335,7971.7169811320755
1780926216,300,GET,/product/1YMWWN1N4O,1.400000,0.000000,900,900,960,1200,1300,1400,1400,1400,1400,1400,1400,63,0,410,477.94129372766565,16.132216900587082,1403.6117615178227,7995.206349206349
1780926216,300,GET,/product/2ZYFJ3GM2N,1.700000,0.000000,890,910,1000,1000,1300,1400,1400,1400,1400,1400,1400,68,0,490,514.8405337240547,14.834134839475155,1402.159103192389,8007.088235294118
1780926216,300,GET,/product/66VCHSJNUP,1.200000,0.000000,900,900,910,1100,1100,1100,1100,1100,1100,1100,1100,64,0,390,409.7307783376891,12.719000689685345,1105.903459712863,7978.578125
1780926216,300,GET,/product/6E92ZMYYFZ,1.000000,0.000000,910,990,1100,1100,1200,1200,1200,1200,1200,1200,1200,59,0,400,426.3671444160706,12.884697876870632,1200.990286655724,7945.457627118644
1780926216,300,GET,/product/9SIQT8TOJO,0.900000,0.000000,990,990,1100,1100,1200,1300,1300,1300,1300,1300,1300,56,0,500,532.2138577134216,12.215454131364822,1291.8505910784006,7981.410714285715
1780926216,300,GET,/product/L9ECAV7KIM,0.600000,0.000000,790,870,1100,1100,1200,1200,1200,1200,1200,1200,1200,50,0,380,478.447549007833,10.333981364965439,1414.4718069583178,7951.24
1780926216,300,GET,/product/LS4PSXUNUM,0.800000,0.000000,1000,1000,1200,1200,1200,1200,1200,1200,1200,1200,1200,62,0,390,443.9429149121767,16.912064515054226,1197.548907250166,7964.951612903225
1780926216,300,GET,/product/OLJCESPC7Z,1.600000,0.000000,1100,1200,1200,1200,1200,1200,1200,1200,1200,1200,1200,46,0,400,556.5148834139109,16.608981415629387,1210.1698378100991,7997.04347826087
1780926216,300,,Aggregated,80.600000,0.000000,1800,2000,2200,2200,2400,2500,2600,2700,3000,3000,3000,3885,0,700,855.246994600774,10.333981364965439,2992.9107278585434,10606.942342342343
1780926217,300,GET,/,62.400000,0.000000,2100,2300,2300,2400,2500,2700,2700,2900,3000,3000,3000,2950,0,880,997.6371241556639,11.067726649343967,2992.9107278585434,10529.491186440679
1780926217,300,POST,/cart,7.500000,0.000000,1400,1500,1700,1800,1900,2100,2200,2200,2200,2200,2200,338,0,620,739.2470800488658,20.281024277210236,2217.7587980404496,17148.313609467456
1780926217,300,POST,/cart/checkout,2.800000,0.000000,660,760,860,890,990,1100,1200,1200,1200,1200,1200,154,0,350,401.46228036686006,18.988792784512043,1406.2077449634671,6799.772727272727
1780926217,300,GET,/product/0PUK6V6EV0,1.100000,0.000000,900,910,1100,1100,1100,1100,1100,1100,1100,1100,1100,53,0,400,449.9774468219224,12.4680669978261,1103.9369544014335,7971.7169811320755
1780926217,300,GET,/product/1YMWWN1N4O,1.100000,0.000000,900,900,1200,1200,1300,1400,1400,1400,1400,1400,1400,65,0,410,501.67745791662196,16.132216900587082,1403.6117615178227,7994.707692307692
1780926217,300,GET,/product/2ZYFJ3GM2N,1.800000,0.000000,890,910,910,1000,1300,1400,1400,1400,1400,1400,1400,68,0,490,514.8405337240547,14.834134839475155,1402.159103192389,8007.088235294118
1780926217,300,GET,/product/66VCHSJNUP,1.300000,0.000000,900,900,910,910,1100,1100,1100,1100,1100,1100,1100,64,0,390,409.7307783376891,12.719000689685345,1105.903459712863,7978.578125
1780926217,300,GET,/product/6E92ZMYYFZ,0.900000,0.000000,910,990,1100,1100,1200,1200,1200,1200,1200,1200,1200,59,0,400,426.3671444160706,12.884697876870632,1200.990286655724,7945.457627118644
1780926217,300,GET,/product/9SIQT8TOJO,1.200000,0.000000,990,1000,1100,1200,1300,1300,1300,1300,1300,1300,1300,56,0,500,532.2138577134216,12.215454131364822,1291.8505910784006,7981.410714285715
1780926217,300,GET,/product/L9ECAV7KIM,0.900000,0.000000,790,870,1100,1100,1200,1200,1200,1200,1200,1200,1200,50,0,380,478.447549007833,10.333981364965439,1414.4718069583178,7951.24
1780926217,300,GET,/product/LS4PSXUNUM,0.800000,0.000000,1000,1200,1200,1200,1400,1400,1400,1400,1400,1400,1400,63,0,390,459.2056598455187,16.912064515054226,1405.4958457127213,7964.6984126984125
1780926217,300,GET,/product/OLJCESPC7Z,1.500000,0.000000,910,1100,1200,1200,1200,1200,1200,1200,1200,1200,1200,46,0,400,556.5148834139109,16.608981415629387,1210.1698378100991,7997.04347826087
1780926217,300,,Aggregated,83.300000,0.000000,1900,2200,2300,2300,2500,2600,2700,2900,3000,3000,3000,3966,0,710,883.9691483246119,10.333981364965439,2992.9107278585434,10611.574634392335
1780926218,300,GET,/,59.900000,0.000000,2100,2300,2300,2400,2500,2700,2800,2900,3000,3000,3000,3013,0,910,1022.4209501291509,11.067726649343967,2992.9107278585434,10529.739794225025
1780926218,300,POST,/cart,8.000000,0.000000,1400,1600,1800,1900,2000,2100,2200,2200,2200,2200,2200,339,0,620,743.16855280998,20.281024277210236,2217.7587980404496,17146.203539823007
1780926218,300,POST,/cart/checkout,2.800000,0.000000,760,860,960,990,1100,1200,1300,1300,1300,1300,1300,156,0,350,411.62390236814434,18.988792784512043,1406.2077449634671,6800.096153846154
1780926218,300,GET,/product/0PUK6V6EV0,1.200000,0.000000,900,990,1100,1100,1100,1500,1500,1500,1500,1500,1500,54,0,400,469.3526620114291,12.4680669978261,1496.239067055285,7971.5
1780926218,300,GET,/product/1YMWWN1N4O,1.300000,0.000000,900,900,1200,1200,1400,1400,1400,1400,1400,1400,1400,66,0,410,515.2457755228335,16.132216900587082,1403.6117615178227,7991.757575757576
1780926218,300,GET,/product/2ZYFJ3GM2N,1.900000,0.000000,910,1000,1300,1400,1400,1700,1700,1700,1700,1700,1700,70,0,500,545.180668375854,14.834134839475155,1723.7942982465029,8007.0142857142855
1780926218,300,GET,/product/66VCHSJNUP,1.100000,0.000000,900,910,1100,1100,1300,1300,1300,1300,1300,1300,1300,65,0,400,423.7308527271335,12.719000689685345,1319.7356136515737,7979.169230769231
1780926218,300,GET,/product/6E92ZMYYFZ,0.900000,0.000000,910,910,990,990,1200,1200,1200,1200,1200,1200,1200,59,0,400,426.3671444160706,12.884697876870632,1200.990286655724,7945.457627118644
1780926218,300,GET,/product/9SIQT8TOJO,1.100000,0.000000,990,1000,1100,1200,1300,1300,1300,1300,1300,1300,1300,56,0,500,532.2138577134216,12.215454131364822,1291.8505910784006,7981.410714285715
1780926218,300,GET,/product/L9ECAV7KIM,0.700000,0.000000,790,870,1100,1100,1200,1200,1200,1200,1200,1200,1200,50,0,380,478.447549007833,10.333981364965439,1414.4718069583178,7951.24
1780926218,300,GET,/product/LS4PSXUNUM,0.900000,0.000000,1000,1200,1200,1200,1400,1400,1400,1400,1400,1400,1400,63,0,390,459.2056598455187,16.912064515054226,1405.4958457127213,7964.6984126984125
1780926218,300,GET,/product/OLJCESPC7Z,1.500000,0.000000,1100,1200,1200,1200,1400,1400,1400,1400,1400,1400,1400,48,0,510,587.0070862971867,16.608981415629387,1439.0826970338821,7996.895833333333
1780926218,300,,Aggregated,81.300000,0.000000,2000,2200,2300,2300,2500,2600,2700,2900,3000,3000,3000,4039,0,730,905.6069620632006,10.333981364965439,2992.9107278585434,10605.463728645704
1780926219,300,GET,/,59.400000,0.000000,2200,2300,2400,2400,2500,2700,2800,2900,3000,3000,3000,3084,0,940,1049.8353962357073,11.067726649343967,2992.9107278585434,10530.100518806745
1780926219,300,POST,/cart,8.100000,0.000000,1600,1900,1900,2000,2300,2600,2700,2800,2800,2800,2800,348,0,650,786.7476298559415,20.281024277210236,2776.597063988447,17144.971264367818
1780926219,300,POST,/cart/checkout,2.800000,0.000000,860,960,1000,1100,1200,1300,1300,1300,1300,1300,1300,157,0,350,415.3622560986098,18.988792784512043,1406.2077449634671,6800.089171974522
1780926219,300,GET,/product/0PUK6V6EV0,1.200000,0.000000,1100,1500,1600,1700,1700,1700,1700,1700,1700,1700,1700,58,0,410,553.5248663308548,12.4680669978261,1716.8215168640018,7952.896551724138
1780926219,300,GET,/product/1YMWWN1N4O,1.500000,0.000000,1200,1300,1400,1400,1600,1600,1600,1600,1600,1600,1600,69,0,490,561.8143197607951,16.132216900587082,1612.7343783155084,7986.536231884058
1780926219,300,GET,/product/2ZYFJ3GM2N,1.600000,0.000000,1000,1400,1600,1600,1700,1700,1700,1700,1700,1700,1700,73,0,510,589.8815098486534,14.834134839475155,1723.7942982465029,8000.424657534247
1780926219,300,GET,/product/66VCHSJNUP,1.000000,0.000000,910,1100,1300,1300,1600,1600,1600,1600,1600,1600,1600,66,0,400,441.01288073667973,12.719000689685345,1564.3447013571858,7980.166666666667
1780926219,300,GET,/product/6E92ZMYYFZ,0.800000,0.000000,1200,1600,1700,1700,1900,1900,1900,1900,1900,1900,1900,62,0,400,489.4710234816997,12.884697876870632,1919.607624411583,7938.758064516129
1780926219,300,GET,/product/9SIQT8TOJO,1.000000,0.000000,1000,1200,1300,1300,1600,1700,1700,1700,1700,1700,1700,58,0,510,570.6353552061422,12.215454131364822,1708.8509751483798,7978.931034482759
1780926219,300,GET,/product/L9ECAV7KIM,0.700000,0.000000,790,1100,1200,1200,1400,1400,1400,1400,1400,1400,1400,51,0,400,496.3311824911073,10.333981364965439,1414.4718069583178,7953.392156862745
1780926219,300,GET,/product/LS4PSXUNUM,0.900000,0.000000,1200,1200,1600,1600,1700,2000,2000,2000,2000,2000,2000,66,0,390,518.3928204333466,16.912064515054226,2011.6098672151566,7959.378787878788
1780926219,300,GET,/product/OLJCESPC7Z,1.200000,0.000000,1200,1200,1400,1400,1600,1600,1600,1600,1600,1600,1600,51,0,600,641.6134571510495,16.608981415629387,1591.4716180413961,7997.431372549019
1780926219,300,,Aggregated,80.200000,0.000000,2100,2200,2300,2400,2500,2600,2700,2900,3000,3000,3000,4143,0,760,935.4147716328023,10.333981364965439,2992.9107278585434,10602.400917209752
1780926220,300,GET,/,59.600000,0.000000,2200,2300,2400,2400,2500,2700,2800,2900,3000,3000,3000,3136,0,980,1067.6104244280118,11.067726649343967,2992.9107278585434,10530.124362244898
1780926220,300,POST,/cart,7.800000,0.000000,1700,1900,2100,2200,2600,2700,2700,2800,2800,2800,2800,360,0,680,816.9325093040243,20.281024277210236,2776.597063988447,17149.87777777778
1780926220,300,POST,/cart/checkout,2.300000,0.000000,860,960,1000,1000,1100,1200,1300,1300,1300,1300,1300,162,0,360,422.89486802240583,18.988792784512043,1406.2077449634671,6800.481481481482
1780926220,300,GET,/product/0PUK6V6EV0,1.200000,0.000000,1100,1500,1600,1700,1700,1900,1900,1900,1900,1900,1900,62,0,410,585.465420217764,12.4680669978261,1888.4636228904128,7955.612903225807
1780926220,300,GET,/product/1YMWWN1N4O,1.700000,0.000000,1200,1400,1600,1600,1600,1700,1700,1700,1700,1700,1700,70,0,490,577.7080333658627,16.132216900587082,1674.3742721155286,7988.0
1780926220,300,GET,/product/2ZYFJ3GM2N,1.700000,0.000000,1000,1400,1600,1600,1700,1700,1700,1700,1700,1700,1700,75,0,510,590.1464393238226,14.834134839475155,1723.7942982465029,8002.013333333333
1780926220,300,GET,/product/66VCHSJNUP,0.900000,0.000000,990,1000,1100,1300,1600,1600,1600,1600,1600,1600,1600,68,0,400,457.331838853219,12.719000689685345,1564.3447013571858,7980.823529411765
1780926220,300,GET,/product/6E92ZMYYFZ,0.600000,0.000000,1200,1500,1600,1700,1900,1900,1900,1900,1900,1900,1900,64,0,410,513.0139358661836,12.884697876870632,1919.607624411583,7935.78125
1780926220,300,GET,/product/9SIQT8TOJO,1.000000,0.000000,1000,1200,1300,1300,1600,1700,1700,1700,1700,1700,1700,58,0,510,570.6353552061422,12.215454131364822,1708.8509751483798,7978.931034482759
1780926220,300,GET,/product/L9ECAV7KIM,0.700000,0.000000,790,1100,1200,1200,1400,1400,1400,1400,1400,1400,1400,52,0,400,501.9848504855942,10.333981364965439,1414.4718069583178,7955.423076923077
1780926220,300,GET,/product/LS4PSXUNUM,0.900000,0.000000,1200,1200,1600,1600,1700,2000,2000,2000,2000,2000,2000,66,0,390,518.3928204333466,16.912064515054226,2011.6098672151566,7959.378787878788
1780926220,300,GET,/product/OLJCESPC7Z,1.100000,0.000000,1200,1400,1400,1400,1600,1600,1600,1600,1600,1600,1600,51,0,600,641.6134571510495,16.608981415629387,1591.4716180413961,7997.431372549019
1780926220,300,,Aggregated,79.500000,0.000000,2100,2300,2300,2400,2500,2600,2700,2900,3000,3000,3000,4224,0,780,952.1065569464223,10.333981364965439,2992.9107278585434,10608.640388257576
1780926221,300,GET,/,61.600000,0.000000,2200,2300,2400,2400,2500,2700,2800,2900,3000,3000,3000,3206,0,1000,1087.6988340520688,11.067726649343967,2992.9107278585434,10530.416406737368
1780926221,300,POST,/cart,6.400000,0.000000,1700,1900,2100,2200,2600,2700,2700,2800,2800,2800,2800,364,0,690,824.6105286154568,20.281024277210236,2776.597063988447,17154.002747252747
1780926221,300,POST,/cart/checkout,2.200000,0.000000,860,960,1000,1000,1100,1200,1300,1300,1300,1300,1300,163,0,360,424.5674414445926,18.988792784512043,1406.2077449634671,6800.619631901841
1780926221,300,GET,/product/0PUK6V6EV0,1.200000,0.000000,1100,1500,1700,1700,1700,1900,1900,1900,1900,1900,1900,63,0,410,587.072170309959,12.4680669978261,1888.4636228904128,7955.841269841269
1780926221,300,GET,/product/1YMWWN1N4O,1.600000,0.000000,1200,1400,1400,1600,1600,1700,1700,1700,1700,1700,1700,72,0,500,591.4513856922794,16.132216900587082,1674.3742721155286,7987.888888888889
1780926221,300,GET,/product/2ZYFJ3GM2N,1.300000,0.000000,1000,1400,1600,1600,1700,1700,1700,1700,1700,1700,1700,76,0,510,595.7782333961835,14.834134839475155,1723.7942982465029,8001.855263157895
1780926221,300,GET,/product/66VCHSJNUP,0.700000,0.000000,990,1000,1100,1300,1600,1600,1600,1600,1600,1600,1600,68,0,400,457.331838853219,12.719000689685345,1564.3447013571858,7980.823529411765
1780926221,300,GET,/product/6E92ZMYYFZ,0.600000,0.000000,1000,1200,1500,1600,1700,1900,1900,1900,1900,1900,1900,68,0,480,543.8242709017633,12.884697876870632,1919.607624411583,7937.764705882353
1780926221,300,GET,/product/9SIQT8TOJO,0.900000,0.000000,1100,1200,1300,1300,1600,1700,1700,1700,1700,1700,1700,59,0,510,580.00421358304,12.215454131364822,1708.8509751483798,7980.016949152542
1780926221,300,GET,/product/L9ECAV7KIM,0.600000,0.000000,790,1100,1200,1200,1400,1400,1400,1400,1400,1400,1400,52,0,400,501.9848504855942,10.333981364965439,1414.4718069583178,7955.423076923077
1780926221,300,GET,/product/LS4PSXUNUM,0.900000,0.000000,1200,1200,1600,1600,1700,2000,2000,2000,2000,2000,2000,67,0,400,520.8377387346839,16.912064515054226,2011.6098672151566,7960.55223880597
1780926221,300,GET,/product/OLJCESPC7Z,1.000000,0.000000,1200,1200,1400,1400,1600,1600,1600,1600,1600,1600,1600,54,0,610,660.5979453220411,16.608981415629387,1591.4716180413961,7998.981481481482
1780926221,300,,Aggregated,79.000000,0.000000,2100,2300,2300,2400,2500,2600,2700,2900,3000,3000,3000,4312,0,800,969.4677350214546,10.333981364965439,2992.9107278585434,10605.247912801484
1780926222,300,GET,/,62.000000,0.000000,2200,2300,2400,2400,2500,2700,2800,2900,3000,3000,3000,3234,0,1000,1095.9553274302411,11.067726649343967,2992.9107278585434,10530.529684601113
1780926222,300,POST,/cart,7.600000,0.000000,1600,1800,1900,2200,2600,2700,2700,2800,2800,2800,2800,371,0,710,834.5154168992993,20.281024277210236,2776.597063988447,17156.32075471698
1780926222,300,POST,/cart/checkout,2.300000,0.000000,750,920,1000,1000,1100,1200,1300,1300,1300,1300,1300,168,0,370,428.63748137218255,18.988792784512043,1406.2077449634671,6800.434523809524
1780926222,300,GET,/product/0PUK6V6EV0,1.800000,0.000000,1100,1500,1700,1700,1700,1900,1900,1900,1900,1900,1900,64,0,410,588.8056859548669,12.4680669978261,1888.4636228904128,7956.09375
1780926222,300,GET,/product/1YMWWN1N4O,1.700000,0.000000,1200,1400,1600,1600,1600,1700,1700,1700,1700,1700,1700,73,0,500,591.3283882458528,16.132216900587082,1674.3742721155286,7987.890410958904
1780926222,300,GET,/product/2ZYFJ3GM2N,1.600000,0.000000,1000,1400,1600,1600,1700,1700,1700,1700,1700,1700,1700,76,0,510,595.7782333961835,14.834134839475155,1723.7942982465029,8001.855263157895
1780926222,300,GET,/product/66VCHSJNUP,0.800000,0.000000,1000,1100,1300,1300,1600,1600,1600,1600,1600,1600,1600,70,0,400,468.1273568022464,12.719000689685345,1564.3447013571858,7980.271428571428
1780926222,300,GET,/product/6E92ZMYYFZ,0.900000,0.000000,1000,1200,1500,1600,1700,1900,1900,1900,1900,1900,1900,70,0,490,548.1794477839555,12.884697876870632,1919.607624411583,7939.714285714285
1780926222,300,GET,/product/9SIQT8TOJO,1.000000,0.000000,1100,1200,1300,1300,1600,1700,1700,1700,1700,1700,1700,61,0,600,595.3887126820742,12.215454131364822,1708.8509751483798,7982.0327868852455
1780926222,300,GET,/product/L9ECAV7KIM,0.800000,0.000000,790,1100,1200,1200,1400,1400,1400,1400,1400,1400,1400,52,0,400,501.9848504855942,10.333981364965439,1414.4718069583178,7955.423076923077
1780926222,300,GET,/product/LS4PSXUNUM,1.200000,0.000000,1200,1200,1600,1600,1700,2000,2000,2000,2000,2000,2000,67,0,400,520.8377387346839,16.912064515054226,2011.6098672151566,7960.55223880597
1780926222,300,GET,/product/OLJCESPC7Z,1.100000,0.000000,1100,1200,1400,1400,1600,1600,1600,1600,1600,1600,1600,56,0,600,658.407087820316,16.608981415629387,1591.4716180413961,8000.178571428572
1780926222,300,,Aggregated,82.800000,0.000000,2100,2300,2300,2400,2500,2600,2800,2900,3000,3000,3000,4362,0,800,976.0192234900936,10.333981364965439,2992.9107278585434,10605.226960110042
1780926223,300,GET,/,61.000000,0.000000,2200,2300,2400,2400,2600,2700,2800,2900,2900,2900,2900,3318,0,1100,1123.4572028551495,11.067726649343967,2992.9107278585434,10530.83152501507
1780926223,300,POST,/cart,6.900000,0.000000,1600,1800,1900,2200,2600,2700,2700,2800,2800,2800,2800,375,0,710,845.7230687066913,20.281024277210236,2776.597063988447,17167.930666666667
1780926223,300,POST,/cart/checkout,2.200000,0.000000,890,1000,1100,1100,1300,1300,1400,1400,1400,1400,1400,173,0,380,450.5459258515883,18.988792784512043,1406.5433153882623,6800.554913294798
1780926223,300,GET,/product/0PUK6V6EV0,1.700000,0.000000,1100,1600,1700,1700,1700,1900,1900,1900,1900,1900,1900,65,0,410,605.9440503183466,12.4680669978261,1888.4636228904128,7958.015384615384
1780926223,300,GET,/product/1YMWWN1N4O,1.800000,0.000000,1200,1400,1500,1600,1600,1700,1700,1700,1700,1700,1700,74,0,500,603.6754578503,16.132216900587082,1674.3742721155286,7987.324324324324
1780926223,300,GET,/product/2ZYFJ3GM2N,1.700000,0.000000,1300,1400,1600,1600,1700,1700,1700,1700,1700,1700,1700,78,0,510,612.5116632319987,14.834134839475155,1723.7942982465029,7998.98717948718
1780926223,300,GET,/product/66VCHSJNUP,0.900000,0.000000,1100,1300,1400,1400,1600,1600,1600,1600,1600,1600,1600,71,0,400,481.09276578302536,12.719000689685345,1564.3447013571858,7976.098591549296
1780926223,300,GET,/product/6E92ZMYYFZ,1.100000,0.000000,1000,1200,1500,1600,1700,1900,1900,1900,1900,1900,1900,70,0,490,548.1794477839555,12.884697876870632,1919.607624411583,7939.714285714285
1780926223,300,GET,/product/9SIQT8TOJO,1.100000,0.000000,1200,1300,1300,1600,1700,1700,1700,1700,1700,1700,1700,61,0,600,595.3887126820742,12.215454131364822,1708.8509751483798,7982.0327868852455
1780926223,300,GET,/product/L9ECAV7KIM,0.800000,0.000000,790,790,790,1400,1400,1400,1400,1400,1400,1400,1400,52,0,400,501.9848504855942,10.333981364965439,1414.4718069583178,7955.423076923077
1780926223,300,GET,/product/LS4PSXUNUM,1.200000,0.000000,1400,1400,1600,1700,2000,2000,2000,2000,2000,2000,2000,68,0,400,533.6989770122968,16.912064515054226,2011.6098672151566,7957.720588235294
1780926223,300,GET,/product/OLJCESPC7Z,1.400000,0.000000,1100,1400,1500,1600,1600,1600,1600,1600,1600,1600,1600,59,0,650,694.1782416207558,16.608981415629387,1591.4716180413961,8000.576271186441
1780926223,300,,Aggregated,81.800000,0.000000,2100,2300,2300,2400,2500,2600,2800,2900,2900,2900,2900,4464,0,830,1000.6173767923882,10.333981364965439,2992.9107278585434,10601.221102150537
1780926224,300,GET,/,60.000000,0.000000,2200,2300,2400,2500,2600,2700,2800,2900,2900,2900,2900,3376,0,1100,1142.5072418286363,11.067726649343967,2992.9107278585434,10530.917357819906
1780926224,300,POST,/cart,7.000000,0.000000,1700,1900,2100,2300,2600,2700,2700,2800,2800,2800,2800,394,0,750,894.0726913521208,20.281024277210236,2776.597063988447,17184.573604060915
1780926224,300,POST,/cart/checkout,2.700000,0.000000,840,1000,1100,1100,1200,1300,1400,1400,1400,1400,1400,178,0,390,459.1556738360963,18.988792784512043,1406.5433153882623,6800.971910112359
1780926224,300,GET,/product/0PUK6V6EV0,1.600000,0.000000,1500,1700,1700,1700,1700,1900,1900,1900,1900,1900,1900,66,0,410,617.7393687098767,12.4680669978261,1888.4636228904128,7957.681818181818
1780926224,300,GET,/product/1YMWWN1N4O,1.800000,0.000000,1300,1400,1600,1600,1600,1700,1700,1700,1700,1700,1700,75,0,500,611.6446176171303,16.132216900587082,1674.3742721155286,7983.1866666666665
1780926224,300,GET,/product/2ZYFJ3GM2N,1.600000,0.000000,1300,1400,1600,1600,1700,1700,1700,1700,1700,1700,1700,80,0,590,625.9340428747237,14.834134839475155,1723.7942982465029,7996.3625
1780926224,300,GET,/product/66VCHSJNUP,0.700000,0.000000,1000,1100,1300,1400,1600,1600,1600,1600,1600,1600,1600,72,0,400,482.78920794837177,12.719000689685345,1564.3447013571858,7972.972222222223
1780926224,300,GET,/product/6E92ZMYYFZ,1.400000,0.000000,1000,1100,1500,1600,1700,1900,1900,1900,1900,1900,1900,70,0,490,548.1794477839555,12.884697876870632,1919.607624411583,7939.714285714285
1780926224,300,GET,/product/9SIQT8TOJO,1.200000,0.000000,1200,1300,1300,1600,1700,1700,1700,1700,1700,1700,1700,64,0,610,625.0288472656393,12.215454131364822,1708.8509751483798,7984.140625
1780926224,300,GET,/product/L9ECAV7KIM,0.700000,0.000000,790,790,1100,1100,1400,1400,1400,1400,1400,1400,1400,53,0,400,512.9040222228417,10.333981364965439,1414.4718069583178,7955.924528301887
1780926224,300,GET,/product/LS4PSXUNUM,1.200000,0.000000,1400,1400,1600,1700,2000,2000,2000,2000,2000,2000,2000,70,0,400,554.2062902556999,16.912064515054226,2011.6098672151566,7958.942857142857
1780926224,300,GET,/product/OLJCESPC7Z,1.600000,0.000000,1400,1400,1500,1600,1600,1800,1800,1800,1800,1800,1800,63,0,690,740.1054518533841,16.608981415629387,1795.8144480362535,7997.6984126984125
1780926224,300,,Aggregated,81.500000,0.000000,2100,2300,2300,2400,2600,2700,2800,2900,2900,2900,2900,4561,0,870,1020.293333553998,10.333981364965439,2992.9107278585434,10616.266388949793
1780926225,300,GET,/,61.200000,0.000000,2200,2300,2400,2500,2600,2700,2900,2900,3100,3100,3100,3443,0,1200,1164.2445138851172,11.067726649343967,3137.551316060126,10531.097879756027
1780926225,300,POST,/cart,6.800000,0.000000,1700,1900,2100,2300,2600,2700,2700,2800,2800,2800,2800,407,0,780,917.8213650012888,20.281024277210236,2776.597063988447,17217.749385749386
1780926225,300,POST,/cart/checkout,2.800000,0.000000,840,1000,1100,1100,1200,1300,1400,1400,1400,1400,1400,181,0,390,460.1113804724088,18.988792784512043,1406.5433153882623,6800.8729281767955
1780926225,300,GET,/product/0PUK6V6EV0,1.600000,0.000000,1400,1600,1700,1700,1700,1900,1900,1900,1900,1900,1900,68,0,410,624.7004313832697,12.4680669978261,1888.4636228904128,7959.0
1780926225,300,GET,/product/1YMWWN1N4O,1.700000,0.000000,1400,1500,1600,1600,1600,1700,1700,1700,1700,1700,1700,75,0,500,611.6446176171303,16.132216900587082,1674.3742721155286,7983.1866666666665
1780926225,300,GET,/product/2ZYFJ3GM2N,1.100000,0.000000,1300,1400,1600,1600,1700,1700,1700,1700,1700,1700,1700,80,0,590,625.9340428747237,14.834134839475155,1723.7942982465029,7996.3625
1780926225,300,GET,/product/66VCHSJNUP,0.800000,0.000000,1000,1100,1300,1400,1600,1600,1600,1600,1600,1600,1600,74,0,400,498.1468400187992,12.719000689685345,1564.3447013571858,7972.027027027027
1780926225,300,GET,/product/6E92ZMYYFZ,1.400000,0.000000,1000,1100,1500,1600,1700,1900,1900,1900,1900,1900,1900,70,0,490,548.1794477839555,12.884697876870632,1919.607624411583,7939.714285714285
1780926225,300,GET,/product/9SIQT8TOJO,1.300000,0.000000,1200,1200,1300,1300,1600,1700,1700,1700,1700,1700,1700,68,0,690,650.2468245898318,12.215454131364822,1708.8509751483798,7983.10294117647
1780926225,300,GET,/product/L9ECAV7KIM,0.700000,0.000000,900,900,1100,1100,1400,1400,1400,1400,1400,1400,1400,55,0,500,526.9908922809092,10.333981364965439,1414.4718069583178,7956.618181818182
1780926225,300,GET,/product/LS4PSXUNUM,0.900000,0.000000,1400,1400,1600,1700,2000,2000,2000,2000,2000,2000,2000,71,0,400,564.7556272164827,16.912064515054226,2011.6098672151566,7958.661971830986
1780926225,300,GET,/product/OLJCESPC7Z,1.400000,0.000000,1400,1400,1500,1600,1600,1800,1800,1800,1800,1800,1800,64,0,690,741.179773103795,16.608981415629387,1795.8144480362535,7998.640625
1780926225,300,,Aggregated,81.700000,0.000000,2100,2300,2400,2400,2600,2700,2800,2900,3100,3100,3100,4656,0,890,1039.459811313929,10.333981364965439,3137.551316060126,10627.140249140894
1780926226,300,GET,/,60.900000,0.000000,2100,2300,2400,2400,2600,2700,2800,2900,3100,3100,3100,3515,0,1200,1182.7462866947394,11.067726649343967,3137.551316060126,10531.453485064012
1780926226,300,POST,/cart,7.500000,0.000000,1600,1900,2100,2300,2600,2700,2700,2800,2800,2800,2800,413,0,790,924.9978229227604,20.281024277210236,2776.597063988447,17220.585956416464
1780926226,300,POST,/cart/checkout,3.200000,0.000000,710,980,1000,1100,1300,1300,1400,1400,1400,1400,1400,182,0,390,462.9761667072691,18.988792784512043,1406.5433153882623,6800.791208791209
1780926226,300,GET,/product/0PUK6V6EV0,1.600000,0.000000,1400,1600,1700,1700,1700,1900,1900,1900,1900,1900,1900,68,0,410,624.7004313832697,12.4680669978261,1888.4636228904128,7959.0
1780926226,300,GET,/product/1YMWWN1N4O,1.600000,0.000000,1400,1600,1600,1600,1600,1700,1700,1700,1700,1700,1700,75,0,500,611.6446176171303,16.132216900587082,1674.3742721155286,7983.1866666666665
1780926226,300,GET,/product/2ZYFJ3GM2N,1.300000,0.000000,1300,1400,1600,1600,1700,1700,1700,1700,1700,1700,1700,81,0,600,634.263571926657,14.834134839475155,1723.7942982465029,7997.061728395061
1780926226,300,GET,/product/66VCHSJNUP,0.900000,0.000000,1000,1100,1300,1300,1400,1600,1600,1600,1600,1600,1600,75,0,410,504.731080768009,12.719000689685345,1564.3447013571858,7971.333333333333
1780926226,300,GET,/product/6E92ZMYYFZ,1.400000,0.000000,1000,1100,1500,1600,1700,1900,1900,1900,1900,1900,1900,70,0,490,548.1794477839555,12.884697876870632,1919.607624411583,7939.714285714285
1780926226,300,GET,/product/9SIQT8TOJO,1.100000,0.000000,1200,1200,1300,1300,1600,1700,1700,1700,1700,1700,1700,68,0,690,650.2468245898318,12.215454131364822,1708.8509751483798,7983.10294117647
1780926226,300,GET,/product/L9ECAV7KIM,0.500000,0.000000,900,1100,1100,1400,1400,1400,1400,1400,1400,1400,1400,55,0,500,526.9908922809092,10.333981364965439,1414.4718069583178,7956.618181818182
1780926226,300,GET,/product/LS4PSXUNUM,0.900000,0.000000,1400,1400,1600,1700,2000,2000,2000,2000,2000,2000,2000,71,0,400,564.7556272164827,16.912064515054226,2011.6098672151566,7958.661971830986
1780926226,300,GET,/product/OLJCESPC7Z,1.400000,0.000000,1100,1400,1500,1600,1600,1800,1800,1800,1800,1800,1800,65,0,700,745.1321157555168,16.608981415629387,1795.8144480362535,7996.0
1780926226,300,,Aggregated,82.300000,0.000000,2000,2200,2300,2400,2600,2700,2800,2900,3100,3100,3100,4738,0,910,1055.5777118040846,10.333981364965439,3137.551316060126,10632.021528070916
1780926227,300,GET,/,60.100000,0.000000,2100,2200,2300,2400,2500,2700,2800,2900,3100,3100,3100,3554,0,1200,1189.6202506324025,11.067726649343967,3137.551316060126,10531.447945976364
1780926227,300,POST,/cart,8.400000,0.000000,1600,1900,2200,2300,2600,2700,2700,2800,2800,2800,2800,419,0,830,935.0705525386625,20.281024277210236,2776.597063988447,17236.92124105012
1780926227,300,POST,/cart/checkout,3.300000,0.000000,670,920,1000,1000,1200,1300,1400,1400,1400,1400,1400,186,0,400,465.4784401458117,18.988792784512043,1406.5433153882623,6801.05376344086
1780926227,300,GET,/product/0PUK6V6EV0,1.400000,0.000000,920,1600,1700,1700,1700,1900,1900,1900,1900,1900,1900,70,0,590,631.2579742898898,12.4680669978261,1888.4636228904128,7957.585714285714
1780926227,300,GET,/product/1YMWWN1N4O,1.600000,0.000000,1400,1500,1600,1600,1600,1700,1700,1700,1700,1700,1700,76,0,500,614.1666733096108,16.132216900587082,1674.3742721155286,7979.210526315789
1780926227,300,GET,/product/2ZYFJ3GM2N,1.300000,0.000000,1200,1300,1400,1600,1700,1700,1700,1700,1700,1700,1700,85,0,600,650.4354149979704,14.834134839475155,1723.7942982465029,7991.164705882353
1780926227,300,GET,/product/66VCHSJNUP,0.800000,0.000000,1000,1000,1100,1300,1400,1600,1600,1600,1600,1600,1600,78,0,410,520.0465073904548,12.719000689685345,1564.3447013571858,7967.115384615385
1780926227,300,GET,/product/6E92ZMYYFZ,1.300000,0.000000,1100,1100,1600,1600,1700,1900,1900,1900,1900,1900,1900,71,0,500,555.9859559280982,12.884697876870632,1919.607624411583,7937.3239436619715
1780926227,300,GET,/product/9SIQT8TOJO,1.000000,0.000000,1100,1200,1300,1300,1600,1700,1700,1700,1700,1700,1700,69,0,690,653.8827690714295,12.215454131364822,1708.8509751483798,7979.086956521739
1780926227,300,GET,/product/L9ECAV7KIM,0.300000,0.000000,910,1000,1100,1100,1400,1400,1400,1400,1400,1400,1400,58,0,500,542.9722295335398,10.333981364965439,1414.4718069583178,7954.362068965517
1780926227,300,GET,/product/LS4PSXUNUM,1.000000,0.000000,1300,1400,1600,1700,2000,2000,2000,2000,2000,2000,2000,73,0,400,584.9645466173756,16.912064515054226,2011.6098672151566,7956.191780821918
1780926227,300,GET,/product/OLJCESPC7Z,1.700000,0.000000,1100,1400,1500,1600,1600,1800,1800,1800,1800,1800,1800,66,0,700,745.9125142742062,16.608981415629387,1795.8144480362535,7992.560606060606
1780926227,300,,Aggregated,82.200000,0.000000,2000,2100,2300,2300,2500,2600,2800,2800,3100,3100,3100,4805,0,910,1061.6060825070592,10.333981364965439,3137.551316060126,10627.250364203954
1780926228,300,GET,/,60.000000,0.000000,2100,2200,2300,2400,2600,2700,2800,2900,3100,3100,3100,3642,0,1200,1210.7894019664095,11.067726649343967,3137.551316060126,10531.812740252608
1780926228,300,POST,/cart,8.200000,0.000000,1600,1800,2000,2300,2600,2700,2700,2800,2800,2800,2800,426,0,850,941.5295289571401,20.281024277210236,2776.597063988447,17241.01877934272
1780926228,300,POST,/cart/checkout,3.100000,0.000000,700,970,1000,1000,1300,1400,1400,1400,1400,1400,1400,190,0,420,480.48535746669296,18.988792784512043,1449.4369644671679,6801.284210526316
1780926228,300,GET,/product/0PUK6V6EV0,1.500000,0.000000,910,1600,1700,1700,1700,1900,1900,1900,1900,1900,1900,71,0,600,634.9623870550537,12.4680669978261,1888.4636228904128,7958.87323943662
1780926228,300,GET,/product/1YMWWN1N4O,1.400000,0.000000,1500,1600,1600,1600,1700,1700,1700,1700,1700,1700,1700,76,0,500,614.1666733096108,16.132216900587082,1674.3742721155286,7979.210526315789
1780926228,300,GET,/product/2ZYFJ3GM2N,1.200000,0.000000,1000,1300,1300,1500,1600,1700,1700,1700,1700,1700,1700,87,0,600,664.4252418893678,14.834134839475155,1723.7942982465029,7992.701149425287
1780926228,300,GET,/product/66VCHSJNUP,1.000000,0.000000,990,1000,1000,1100,1400,1600,1600,1600,1600,1600,1600,78,0,410,520.0465073904548,12.719000689685345,1564.3447013571858,7967.115384615385
1780926228,300,GET,/product/6E92ZMYYFZ,1.100000,0.000000,1100,1100,1600,1600,1700,1900,1900,1900,1900,1900,1900,71,0,500,555.9859559280982,12.884697876870632,1919.607624411583,7937.3239436619715
1780926228,300,GET,/product/9SIQT8TOJO,1.300000,0.000000,1100,1200,1300,1300,1600,1700,1700,1700,1700,1700,1700,69,0,690,653.8827690714295,12.215454131364822,1708.8509751483798,7979.086956521739
1780926228,300,GET,/product/L9ECAV7KIM,0.500000,0.000000,910,1000,1100,1100,1400,1400,1400,1400,1400,1400,1400,59,0,510,552.3870876848192,10.333981364965439,1414.4718069583178,7954.423728813559
1780926228,300,GET,/product/LS4PSXUNUM,0.900000,0.000000,1300,1400,1600,1700,2000,2000,2000,2000,2000,2000,2000,73,0,400,584.9645466173756,16.912064515054226,2011.6098672151566,7956.191780821918
1780926228,300,GET,/product/OLJCESPC7Z,1.900000,0.000000,1100,1400,1500,1600,1600,1800,1800,1800,1800,1800,1800,66,0,700,745.9125142742062,16.608981415629387,1795.8144480362535,7992.560606060606
1780926228,300,,Aggregated,82.100000,0.000000,2000,2100,2200,2300,2500,2600,2800,2800,3100,3100,3100,4908,0,960,1080.1391217287571,10.333981364965439,3137.551316060126,10630.36043194784
1780926229,300,GET,/,62.900000,0.000000,2000,2200,2300,2400,2600,2700,2800,2900,3100,3100,3100,3706,0,1300,1225.3171879063368,11.067726649343967,3137.551316060126,10532.063140852671
1780926229,300,POST,/cart,8.200000,0.000000,1500,1700,1800,1900,2400,2600,2700,2700,2700,2700,2700,426,0,850,941.5295289571401,20.281024277210236,2776.597063988447,17241.01877934272
1780926229,300,POST,/cart/checkout,2.800000,0.000000,700,970,1000,1000,1300,1400,1400,1400,1400,1400,1400,192,0,430,484.7876751688697,18.988792784512043,1449.4369644671679,6801.255208333333
1780926229,300,GET,/product/0PUK6V6EV0,1.600000,0.000000,920,1200,1600,1700,1700,1700,1900,1900,1900,1900,1900,75,0,610,658.2401891052723,12.4680669978261,1888.4636228904128,7960.173333333333
1780926229,300,GET,/product/1YMWWN1N4O,1.100000,0.000000,1000,1100,1200,1200,1500,1500,1500,1500,1500,1500,1500,77,0,520,616.4530677019388,16.132216900587082,1674.3742721155286,7979.116883116883
1780926229,300,GET,/product/2ZYFJ3GM2N,1.400000,0.000000,1100,1200,1300,1300,1300,1500,1500,1500,1500,1500,1500,90,0,600,679.8311098375254,14.834134839475155,1723.7942982465029,7992.8
1780926229,300,GET,/product/66VCHSJNUP,1.200000,0.000000,990,1000,1000,1000,1100,1400,1400,1400,1400,1400,1400,78,0,410,520.0465073904548,12.719000689685345,1564.3447013571858,7967.115384615385
1780926229,300,GET,/product/6E92ZMYYFZ,1.100000,0.000000,1000,1000,1100,1100,1100,1100,1100,1100,1100,1100,1100,72,0,500,559.1453967434871,12.884697876870632,1919.607624411583,7938.527777777777
1780926229,300,GET,/product/9SIQT8TOJO,1.200000,0.000000,1100,1100,1200,1200,1300,1300,1300,1300,1300,1300,1300,70,0,690,660.0724481312292,12.215454131364822,1708.8509751483798,7980.228571428572
1780926229,300,GET,/product/L9ECAV7KIM,0.600000,0.000000,910,1000,1100,1100,1400,1400,1400,1400,1400,1400,1400,60,0,510,554.8406149881581,10.333981364965439,1414.4718069583178,7953.916666666667
1780926229,300,GET,/product/LS4PSXUNUM,0.800000,0.000000,1300,1400,1600,1600,1700,2000,2000,2000,2000,2000,2000,74,0,400,591.7032765149063,16.912064515054226,2011.6098672151566,7957.405405405405
1780926229,300,GET,/product/OLJCESPC7Z,1.900000,0.000000,1000,1100,1400,1400,1600,1800,1800,1800,1800,1800,1800,68,0,790,755.7856098557,16.608981415629387,1795.8144480362535,7992.220588235294
1780926229,300,,Aggregated,84.800000,0.000000,1900,2100,2200,2300,2500,2600,2800,2800,3100,3100,3100,4988,0,990,1092.3642902913239,10.333981364965439,3137.551316060126,10620.344226142743
1780926230,300,GET,/,58.600000,0.000000,2100,2200,2300,2400,2600,2700,2800,2900,3100,3100,3100,3747,0,1300,1234.9634503961615,11.067726649343967,3137.551316060126,10532.128903122499
1780926230,300,POST,/cart,8.200000,0.000000,1500,1700,1800,1900,2300,2600,2700,2700,2700,2700,2700,442,0,900,963.4305829081128,20.281024277210236,2776.597063988447,17257.927601809955
1780926230,300,POST,/cart/checkout,3.100000,0.000000,700,940,1000,1100,1300,1400,1400,1400,1400,1400,1400,196,0,460,490.03706938035936,18.988792784512043,1449.4369644671679,6801.168367346939
1780926230,300,GET,/product/0PUK6V6EV0,1.600000,0.000000,910,1100,1200,1300,1400,1700,1700,1700,1700,1700,1700,77,0,670,667.1560463048033,12.4680669978261,1888.4636228904128,7962.480519480519
1780926230,300,GET,/product/1YMWWN1N4O,1.000000,0.000000,800,1200,1200,1500,1500,1500,1500,1500,1500,1500,1500,77,0,520,616.4530677019388,16.132216900587082,1674.3742721155286,7979.116883116883
1780926230,300,GET,/product/2ZYFJ3GM2N,1.500000,0.000000,1100,1200,1300,1300,1300,1500,1500,1500,1500,1500,1500,90,0,600,679.8311098375254,14.834134839475155,1723.7942982465029,7992.8
1780926230,300,GET,/product/66VCHSJNUP,1.300000,0.000000,980,990,1000,1000,1100,1400,1400,1400,1400,1400,1400,80,0,490,528.1365134869702,12.719000689685345,1564.3447013571858,7967.875
1780926230,300,GET,/product/6E92ZMYYFZ,1.200000,0.000000,800,1100,1100,1100,1100,1100,1100,1100,1100,1100,1100,72,0,500,559.1453967434871,12.884697876870632,1919.607624411583,7938.527777777777
1780926230,300,GET,/product/9SIQT8TOJO,1.300000,0.000000,1100,1200,1200,1200,1300,1300,1300,1300,1300,1300,1300,70,0,690,660.0724481312292,12.215454131364822,1708.8509751483798,7980.228571428572
1780926230,300,GET,/product/L9ECAV7KIM,0.800000,0.000000,1000,1100,1100,1100,1200,1400,1400,1400,1400,1400,1400,62,0,510,573.6886318172178,10.333981364965439,1414.4718069583178,7951.048387096775
1780926230,300,GET,/product/LS4PSXUNUM,1.000000,0.000000,1300,1300,1300,1300,1400,1400,1400,1400,1400,1400,1400,75,0,400,591.7972054580847,16.912064515054226,2011.6098672151566,7957.266666666666
1780926230,300,GET,/product/OLJCESPC7Z,1.800000,0.000000,1100,1100,1400,1500,1600,1800,1800,1800,1800,1800,1800,69,0,800,757.9258513380436,16.608981415629387,1795.8144480362535,7993.260869565217
1780926230,300,,Aggregated,81.400000,0.000000,1900,2100,2200,2300,2500,2600,2800,2800,3100,3100,3100,5057,0,1000,1101.4987470595756,10.333981364965439,3137.551316060126,10634.90013842199
1780926231,300,GET,/,63.600000,0.000000,2100,2200,2300,2400,2600,2700,2800,2900,3100,3100,3100,3814,0,1300,1251.3089997290501,11.067726649343967,3137.551316060126,10532.200839014158
1780926231,300,POST,/cart,8.700000,0.000000,1500,1700,1800,1900,2300,2500,2700,2700,2700,2700,2700,450,0,920,970.8012706310385,20.281024277210236,2776.597063988447,17269.34222222222
1780926231,300,POST,/cart/checkout,3.500000,0.000000,840,970,1000,1100,1300,1400,1400,1400,1400,1400,1400,198,0,460,491.8002907158525,18.988792784512043,1449.4369644671679,6801.166666666667
1780926231,300,GET,/product/0PUK6V6EV0,1.800000,0.000000,1000,1100,1200,1300,1400,1700,1700,1700,1700,1700,1700,78,0,670,671.3992754976528,12.4680669978261,1888.4636228904128,7962.294871794872
1780926231,300,GET,/product/1YMWWN1N4O,1.000000,0.000000,1100,1100,1200,1200,1500,1500,1500,1500,1500,1500,1500,79,0,530,627.4173448946846,16.132216900587082,1674.3742721155286,7976.506329113924
1780926231,300,GET,/product/2ZYFJ3GM2N,1.800000,0.000000,1100,1200,1300,1300,1300,1500,1500,1500,1500,1500,1500,92,0,670,683.4374040911865,14.834134839475155,1723.7942982465029,7993.29347826087
1780926231,300,GET,/product/66VCHSJNUP,1.300000,0.000000,990,1000,1000,1000,1100,1400,1400,1400,1400,1400,1400,81,0,490,534.0324164034776,12.719000689685345,1564.3447013571858,7967.851851851852
1780926231,300,GET,/product/6E92ZMYYFZ,1.200000,0.000000,800,1100,1100,1100,1100,1100,1100,1100,1100,1100,1100,72,0,500,559.1453967434871,12.884697876870632,1919.607624411583,7938.527777777777
1780926231,300,GET,/product/9SIQT8TOJO,1.300000,0.000000,1100,1200,1200,1300,1300,1300,1300,1300,1300,1300,1300,70,0,690,660.0724481312292,12.215454131364822,1708.8509751483798,7980.228571428572
1780926231,300,GET,/product/L9ECAV7KIM,0.900000,0.000000,1000,1100,1100,1100,1200,1200,1200,1200,1200,1200,1200,63,0,600,583.691808350739,10.333981364965439,1414.4718069583178,7950.68253968254
1780926231,300,GET,/product/LS4PSXUNUM,1.000000,0.000000,1300,1300,1300,1300,1400,1400,1400,1400,1400,1400,1400,77,0,400,599.7532889754934,16.912064515054226,2011.6098672151566,7958.077922077922
1780926231,300,GET,/product/OLJCESPC7Z,1.800000,0.000000,1100,1400,1400,1500,1600,1800,1800,1800,1800,1800,1800,69,0,800,757.9258513380436,16.608981415629387,1795.8144480362535,7993.260869565217
1780926231,300,,Aggregated,87.900000,0.000000,2000,2100,2300,2300,2500,2600,2800,2800,3100,3100,3100,5143,0,1000,1115.4018171897965,10.333981364965439,3137.551316060126,10638.736340657204
1780926232,300,GET,/,58.600000,0.000000,2100,2200,2300,2400,2600,2700,2800,2800,3100,3100,3100,3867,0,1300,1264.4075159867828,11.067726649343967,3137.551316060126,10532.459787949314
1780926232,300,POST,/cart,7.900000,0.000000,1500,1700,1800,1900,2300,2600,2700,2700,2700,2700,2700,450,0,920,970.8012706310385,20.281024277210236,2776.597063988447,17269.34222222222
1780926232,300,POST,/cart/checkout,3.100000,0.000000,710,900,970,980,1100,1300,1400,1400,1400,1400,1400,198,0,460,491.8002907158525,18.988792784512043,1449.4369644671679,6801.166666666667
1780926232,300,GET,/product/0PUK6V6EV0,1.300000,0.000000,1000,1100,1200,1300,1400,1700,1700,1700,1700,1700,1700,78,0,670,671.3992754976528,12.4680669978261,1888.4636228904128,7962.294871794872
1780926232,300,GET,/product/1YMWWN1N4O,0.700000,0.000000,990,1100,1100,1200,1200,1200,1200,1200,1200,1200,1200,79,0,530,627.4173448946846,16.132216900587082,1674.3742721155286,7976.506329113924
1780926232,300,GET,/product/2ZYFJ3GM2N,1.500000,0.000000,1000,1100,1200,1300,1300,1500,1500,1500,1500,1500,1500,92,0,670,683.4374040911865,14.834134839475155,1723.7942982465029,7993.29347826087
1780926232,300,GET,/product/66VCHSJNUP,1.200000,0.000000,980,990,1000,1000,1000,1100,1100,1100,1100,1100,1100,83,0,500,543.0836152756609,12.719000689685345,1564.3447013571858,7967.108433734939
1780926232,300,GET,/product/6E92ZMYYFZ,0.800000,0.000000,800,800,1100,1100,1100,1100,1100,1100,1100,1100,1100,73,0,500,560.9577744433733,12.884697876870632,1919.607624411583,7939.58904109589
1780926232,300,GET,/product/9SIQT8TOJO,1.200000,0.000000,1100,1100,1200,1200,1300,1300,1300,1300,1300,1300,1300,70,0,690,660.0724481312292,12.215454131364822,1708.8509751483798,7980.228571428572
1780926232,300,GET,/product/L9ECAV7KIM,0.900000,0.000000,910,1100,1100,1100,1200,1200,1200,1200,1200,1200,1200,65,0,600,588.5200676723168,10.333981364965439,1414.4718069583178,7952.123076923077
1780926232,300,GET,/product/LS4PSXUNUM,0.900000,0.000000,1200,1300,1300,1300,1300,1400,1400,1400,1400,1400,1400,78,0,400,606.1112379344801,16.912064515054226,2011.6098672151566,7958.115384615385
1780926232,300,GET,/product/OLJCESPC7Z,1.800000,0.000000,1100,1100,1400,1400,1400,1800,1800,1800,1800,1800,1800,70,0,790,756.9312424798097,16.608981415629387,1795.8144480362535,7994.5
1780926232,300,,Aggregated,79.900000,0.000000,2000,2100,2200,2300,2500,2600,2700,2800,3100,3100,3100,5203,0,1000,1126.1308563292505,10.333981364965439,3137.551316060126,10634.279261964251
1780926233,300,GET,/,59.000000,0.000000,2100,2200,2300,2400,2600,2700,2800,2800,3100,3100,3100,3905,0,1300,1274.0804035450294,11.067726649343967,3137.551316060126,10532.61280409731
1780926233,300,POST,/cart,8.300000,0.000000,1500,1600,1800,1900,2200,2600,2700,2700,2700,2700,2700,461,0,950,983.1016018295786,20.281024277210236,2776.597063988447,17268.577006507592
1780926233,300,POST,/cart/checkout,3.600000,0.000000,600,850,940,980,1100,1300,1400,1400,1400,1400,1400,200,0,460,492.47738123405725,18.988792784512043,1449.4369644671679,6801.095
1780926233,300,GET,/product/0PUK6V6EV0,1.500000,0.000000,910,1100,1100,1200,1300,1400,1400,1400,1400,1400,1400,79,0,680,672.9848070801058,12.4680669978261,1888.4636228904128,7961.987341772152
1780926233,300,GET,/product/1YMWWN1N4O,0.500000,0.000000,990,990,1100,1100,1200,1200,1200,1200,1200,1200,1200,80,0,530,630.7965183164924,16.132216900587082,1674.3742721155286,7974.075
1780926233,300,GET,/product/2ZYFJ3GM2N,1.500000,0.000000,1000,1100,1200,1300,1300,1500,1500,1500,1500,1500,1500,92,0,670,683.4374040911865,14.834134839475155,1723.7942982465029,7993.29347826087
1780926233,300,GET,/product/66VCHSJNUP,1.200000,0.000000,980,1000,1000,1000,1100,1300,1300,1300,1300,1300,1300,86,0,500,561.2349060234116,12.719000689685345,1564.3447013571858,7963.709302325581
1780926233,300,GET,/product/6E92ZMYYFZ,0.500000,0.000000,800,900,1100,1100,1100,1100,1100,1100,1100,1100,1100,74,0,500,565.5875695441422,12.884697876870632,1919.607624411583,7935.7972972972975
1780926233,300,GET,/product/9SIQT8TOJO,1.100000,0.000000,1100,1100,1100,1200,1300,1300,1300,1300,1300,1300,1300,71,0,690,659.3975336487654,12.215454131364822,1708.8509751483798,7976.591549295775
1780926233,300,GET,/product/L9ECAV7KIM,1.000000,0.000000,910,1100,1100,1100,1200,1200,1200,1200,1200,1200,1200,65,0,600,588.5200676723168,10.333981364965439,1414.4718069583178,7952.123076923077
1780926233,300,GET,/product/LS4PSXUNUM,1.000000,0.000000,1100,1300,1300,1300,1300,1300,1300,1300,1300,1300,1300,79,0,500,609.7525127727208,16.912064515054226,2011.6098672151566,7955.632911392405
1780926233,300,GET,/product/OLJCESPC7Z,1.500000,0.000000,1100,1100,1200,1400,1400,1800,1800,1800,1800,1800,1800,72,0,800,764.8715949099925,16.608981415629387,1795.8144480362535,7995.611111111111
1780926233,300,,Aggregated,80.700000,0.000000,2000,2200,2300,2300,2500,2600,2700,2800,3100,3100,3100,5264,0,1000,1134.484606312544,10.333981364965439,3137.551316060126,10640.71523556231
1780926234,300,GET,/,60.700000,0.000000,2100,2300,2400,2400,2700,2800,2900,3000,3300,3300,3300,3992,0,1400,1302.1046140712717,11.067726649343967,3293.069386854768,10532.945641282566
1780926234,300,POST,/cart,8.400000,0.000000,1500,1600,1700,1700,1900,2000,2200,2300,2300,2300,2300,467,0,980,991.2405952320652,20.281024277210236,2776.597063988447,17273.443254817987
1780926234,300,POST,/cart/checkout,3.000000,0.000000,670,900,980,1000,1200,1300,1400,1400,1400,1400,1400,203,0,470,496.88955563409576,18.988792784512043,1449.4369644671679,6801.019704433497
1780926234,300,GET,/product/0PUK6V6EV0,1.400000,0.000000,910,910,1100,1100,1200,1300,1300,1300,1300,1300,1300,81,0,690,677.4645158906042,12.4680669978261,1888.4636228904128,7959.123456790124
1780926234,300,GET,/product/1YMWWN1N4O,0.600000,0.000000,1100,1200,1200,1200,1400,1400,1400,1400,1400,1400,1400,82,0,560,647.1252218683863,16.132216900587082,1674.3742721155286,7975.719512195122
1780926234,300,GET,/product/2ZYFJ3GM2N,1.600000,0.000000,1000,1100,1200,1300,1300,1500,1500,1500,1500,1500,1500,93,0,680,685.8338180689082,14.834134839475155,1723.7942982465029,7992.978494623656
1780926234,300,GET,/product/66VCHSJNUP,1.300000,0.000000,990,1000,1000,1100,1100,1300,1300,1300,1300,1300,1300,87,0,500,567.3129020644159,12.719000689685345,1564.3447013571858,7964.64367816092
1780926234,300,GET,/product/6E92ZMYYFZ,0.200000,0.000000,900,900,1100,1100,1100,1100,1100,1100,1100,1100,1100,74,0,500,565.5875695441422,12.884697876870632,1919.607624411583,7935.7972972972975
1780926234,300,GET,/product/9SIQT8TOJO,1.000000,0.000000,1100,1100,1100,1100,1100,1100,1100,1100,1100,1100,1100,72,0,690,665.5821656523686,12.215454131364822,1708.8509751483798,7977.430555555556
1780926234,300,GET,/product/L9ECAV7KIM,1.300000,0.000000,910,1000,1100,1100,1200,1200,1200,1200,1200,1200,1200,65,0,600,588.5200676723168,10.333981364965439,1414.4718069583178,7952.123076923077
1780926234,300,GET,/product/LS4PSXUNUM,1.000000,0.000000,1100,1300,1300,1300,1300,1500,1500,1500,1500,1500,1500,81,0,500,620.6040780439421,16.912064515054226,2011.6098672151566,7956.518518518518
1780926234,300,GET,/product/OLJCESPC7Z,1.400000,0.000000,1000,1100,1100,1200,1300,1300,1300,1300,1300,1300,1300,73,0,810,772.2349836784479,16.608981415629387,1795.8144480362535,7995.767123287671
1780926234,300,,Aggregated,81.900000,0.000000,2000,2200,2300,2300,2600,2800,2900,3000,3300,3300,3300,5370,0,1100,1157.8265369240216,10.333981364965439,3293.069386854768,10639.93929236499
1780926235,300,GET,/,59.500000,0.000000,2100,2300,2400,2400,2700,2800,2900,3000,3300,3300,3300,4055,0,1400,1317.690805118168,11.067726649343967,3293.069386854768,10533.16522811344
1780926235,300,POST,/cart,7.900000,0.000000,1500,1600,1700,1800,2000,2200,2300,2400,2400,2400,2400,471,0,990,998.4822750680797,20.281024277210236,2776.597063988447,17272.647558386412
1780926235,300,POST,/cart/checkout,2.600000,0.000000,690,940,1000,1100,1300,1300,1400,1400,1400,1400,1400,206,0,470,504.3110406903315,18.988792784512043,1449.4369644671679,6801.160194174758
1780926235,300,GET,/product/0PUK6V6EV0,1.400000,0.000000,910,1100,1200,1200,1200,1300,1300,1300,1300,1300,1300,83,0,690,690.1214135788291,12.4680669978261,1888.4636228904128,7956.975903614458
1780926235,300,GET,/product/1YMWWN1N4O,0.500000,0.000000,990,1000,1100,1200,1400,1400,1400,1400,1400,1400,1400,84,0,580,651.0205897613473,16.132216900587082,1674.3742721155286,7977.75
1780926235,300,GET,/product/2ZYFJ3GM2N,1.500000,0.000000,1000,1100,1100,1200,1300,1500,1500,1500,1500,1500,1500,94,0,680,690.0543409320427,14.834134839475155,1723.7942982465029,7993.63829787234
1780926235,300,GET,/product/66VCHSJNUP,1.300000,0.000000,990,1000,1000,1100,1300,1600,1600,1600,1600,1600,1600,88,0,500,578.9171559418636,12.719000689685345,1588.4872432798147,7961.340909090909
1780926235,300,GET,/product/6E92ZMYYFZ,0.400000,0.000000,900,900,1100,1100,1100,1100,1100,1100,1100,1100,1100,74,0,500,565.5875695441422,12.884697876870632,1919.607624411583,7935.7972972972975
1780926235,300,GET,/product/9SIQT8TOJO,1.000000,0.000000,1100,1100,1100,1100,1700,1700,1700,1700,1700,1700,1700,73,0,700,679.7126443571832,12.215454131364822,1708.8509751483798,7973.630136986301
1780926235,300,GET,/product/L9ECAV7KIM,1.300000,0.000000,1100,1100,1100,1100,1200,1200,1200,1200,1200,1200,1200,68,0,650,610.922324238345,10.333981364965439,1414.4718069583178,7946.279411764706
1780926235,300,GET,/product/LS4PSXUNUM,1.000000,0.000000,1100,1300,1300,1300,1300,1500,1500,1500,1500,1500,1500,81,0,500,620.6040780439421,16.912064515054226,2011.6098672151566,7956.518518518518
1780926235,300,GET,/product/OLJCESPC7Z,1.300000,0.000000,1000,1100,1100,1200,1300,1300,1300,1300,1300,1300,1300,73,0,810,772.2349836784479,16.608981415629387,1795.8144480362535,7995.767123287671
1780926235,300,,Aggregated,79.700000,0.000000,2000,2200,2300,2400,2600,2800,2900,3000,3300,3300,3300,5450,0,1100,1171.530710219004,10.333981364965439,3293.069386854768,10636.484587155963
1780926236,300,GET,/,59.000000,0.000000,2200,2300,2400,2400,2700,2800,2900,3000,3300,3300,3300,4118,0,1400,1330.1779390733386,11.067726649343967,3293.069386854768,10533.42083535697
1780926236,300,POST,/cart,8.000000,0.000000,1500,1600,1700,1800,2000,2000,2400,2500,2500,2500,2500,488,0,1000,1016.7813996295827,20.281024277210236,2776.597063988447,17288.225409836065
1780926236,300,POST,/cart/checkout,2.300000,0.000000,670,850,1000,1000,1300,1300,1400,1400,1400,1400,1400,210,0,480,506.3527245296254,18.988792784512043,1449.4369644671679,6801.390476190476
1780926236,300,GET,/product/0PUK6V6EV0,1.500000,0.000000,910,1100,1200,1200,1200,1300,1300,1300,1300,1300,1300,85,0,700,693.8917886465788,12.4680669978261,1888.4636228904128,7959.094117647059
1780926236,300,GET,/product/1YMWWN1N4O,0.700000,0.000000,900,990,1100,1100,1200,1400,1400,1400,1400,1400,1400,87,0,590,659.2898091365552,16.132216900587082,1674.3742721155286,7979.367816091954
1780926236,300,GET,/product/2ZYFJ3GM2N,1.400000,0.000000,1000,1100,1100,1100,1200,1500,1500,1500,1500,1500,1500,94,0,680,690.0543409320427,14.834134839475155,1723.7942982465029,7993.63829787234
1780926236,300,GET,/product/66VCHSJNUP,1.500000,0.000000,1000,1000,1000,1100,1300,1600,1600,1600,1600,1600,1600,90,0,510,583.8148742086357,12.719000689685345,1588.4872432798147,7959.188888888889
1780926236,300,GET,/product/6E92ZMYYFZ,0.400000,0.000000,900,900,910,910,1100,1100,1100,1100,1100,1100,1100,76,0,510,574.454781758648,12.884697876870632,1919.607624411583,7932.460526315789
1780926236,300,GET,/product/9SIQT8TOJO,1.000000,0.000000,1100,1100,1100,1100,1700,1700,1700,1700,1700,1700,1700,74,0,700,682.5358798173634,12.215454131364822,1708.8509751483798,7974.72972972973
1780926236,300,GET,/product/L9ECAV7KIM,1.300000,0.000000,1100,1100,1100,1100,1200,1200,1200,1200,1200,1200,1200,72,0,690,628.293282727504,10.333981364965439,1414.4718069583178,7950.125
1780926236,300,GET,/product/LS4PSXUNUM,1.100000,0.000000,1000,1100,1100,1300,1300,1500,1500,1500,1500,1500,1500,85,0,590,634.9225891315762,16.912064515054226,2011.6098672151566,7953.84705882353
1780926236,300,GET,/product/OLJCESPC7Z,1.400000,0.000000,900,1100,1100,1200,1300,1300,1300,1300,1300,1300,1300,75,0,810,775.1888094221553,16.608981415629387,1795.8144480362535,7995.453333333333
1780926236,300,,Aggregated,79.600000,0.000000,2000,2200,2300,2400,2600,2800,2900,3000,3300,3300,3300,5554,0,1100,1182.1128062819703,10.333981364965439,3293.069386854768,10644.791501620453
1780926237,300,GET,/,62.600000,0.000000,2200,2300,2400,2400,2700,2800,2900,3000,3300,3300,3300,4181,0,1500,1340.6144586703376,11.067726649343967,3293.069386854768,10533.668739535997
1780926237,300,POST,/cart,6.600000,0.000000,1500,1600,1700,1800,2000,2000,2400,2500,2500,2500,2500,491,0,1000,1018.58190640185,20.281024277210236,2776.597063988447,17286.150712830957
1780926237,300,POST,/cart/checkout,2.500000,0.000000,690,850,1000,1000,1300,1300,1400,1400,1400,1400,1400,213,0,480,508.74102726456283,18.988792784512043,1449.4369644671679,6801.5352112676055
1780926237,300,GET,/product/0PUK6V6EV0,1.600000,0.000000,910,1100,1200,1200,1200,1300,1300,1300,1300,1300,1300,86,0,700,694.0593367204243,12.4680669978261,1888.4636228904128,7959.290697674419
1780926237,300,GET,/product/1YMWWN1N4O,0.700000,0.000000,890,990,1000,1100,1200,1400,1400,1400,1400,1400,1400,88,0,590,660.8915522123094,16.132216900587082,1674.3742721155286,7980.386363636364
1780926237,300,GET,/product/2ZYFJ3GM2N,1.300000,0.000000,1100,1100,1100,1200,1500,1500,1500,1500,1500,1500,1500,94,0,680,690.0543409320427,14.834134839475155,1723.7942982465029,7993.63829787234
1780926237,300,GET,/product/66VCHSJNUP,1.500000,0.000000,1000,1000,1000,1100,1300,1600,1600,1600,1600,1600,1600,90,0,510,583.8148742086357,12.719000689685345,1588.4872432798147,7959.188888888889
1780926237,300,GET,/product/6E92ZMYYFZ,0.400000,0.000000,900,900,910,910,1100,1100,1100,1100,1100,1100,1100,76,0,510,574.454781758648,12.884697876870632,1919.607624411583,7932.460526315789
1780926237,300,GET,/product/9SIQT8TOJO,0.800000,0.000000,1100,1100,1100,1100,1700,1700,1700,1700,1700,1700,1700,74,0,700,682.5358798173634,12.215454131364822,1708.8509751483798,7974.72972972973
1780926237,300,GET,/product/L9ECAV7KIM,1.200000,0.000000,1100,1100,1100,1200,1200,1200,1200,1200,1200,1200,1200,72,0,690,628.293282727504,10.333981364965439,1414.4718069583178,7950.125
1780926237,300,GET,/product/LS4PSXUNUM,1.100000,0.000000,1000,1100,1100,1300,1300,1500,1500,1500,1500,1500,1500,85,0,590,634.9225891315762,16.912064515054226,2011.6098672151566,7953.84705882353
1780926237,300,GET,/product/OLJCESPC7Z,1.000000,0.000000,900,1100,1100,1200,1300,1300,1300,1300,1300,1300,1300,75,0,810,775.1888094221553,16.608981415629387,1795.8144480362535,7995.453333333333
1780926237,300,,Aggregated,81.300000,0.000000,2100,2200,2300,2400,2600,2800,2900,3000,3300,3300,3300,5625,0,1100,1191.1753828426201,10.333981364965439,3293.069386854768,10644.113777777779
1780926238,300,GET,/,62.700000,0.000000,2100,2300,2300,2400,2700,2800,3000,3000,3300,3300,3300,4214,0,1500,1345.3707720272819,11.067726649343967,3293.069386854768,10533.735168485999
1780926238,300,POST,/cart,7.100000,0.000000,1600,1600,1800,1800,2000,2000,2400,2500,2500,2500,2500,493,0,1000,1021.0953472998243,20.281024277210236,2776.597063988447,17285.744421906693
1780926238,300,POST,/cart/checkout,2.800000,0.000000,660,840,940,980,1100,1200,1300,1300,1300,1300,1300,219,0,500,515.9177797927296,18.988792784512043,1449.4369644671679,6801.502283105023
1780926238,300,GET,/product/0PUK6V6EV0,1.500000,0.000000,1000,1100,1200,1200,1200,1300,1300,1300,1300,1300,1300,86,0,700,694.0593367204243,12.4680669978261,1888.4636228904128,7959.290697674419
1780926238,300,GET,/product/1YMWWN1N4O,1.200000,0.000000,900,1000,1100,1200,1400,1400,1400,1400,1400,1400,1400,89,0,610,669.2153321202384,16.132216900587082,1674.3742721155286,7980.471910112359
1780926238,300,GET,/product/2ZYFJ3GM2N,1.400000,0.000000,1100,1100,1100,1100,1200,1200,1200,1200,1200,1200,1200,95,0,680,694.4261411793137,14.834134839475155,1723.7942982465029,7994.5368421052635
1780926238,300,GET,/product/66VCHSJNUP,1.400000,0.000000,1000,1000,1100,1100,1300,1600,1600,1600,1600,1600,1600,90,0,510,583.8148742086357,12.719000689685345,1588.4872432798147,7959.188888888889
1780926238,300,GET,/product/6E92ZMYYFZ,0.400000,0.000000,890,900,900,910,910,910,910,910,910,910,910,76,0,510,574.454781758648,12.884697876870632,1919.607624411583,7932.460526315789
1780926238,300,GET,/product/9SIQT8TOJO,0.600000,0.000000,1100,1100,1100,1700,1700,1700,1700,1700,1700,1700,1700,74,0,700,682.5358798173634,12.215454131364822,1708.8509751483798,7974.72972972973
1780926238,300,GET,/product/L9ECAV7KIM,1.500000,0.000000,1100,1100,1100,1200,1200,1200,1200,1200,1200,1200,1200,74,0,700,638.4064248712683,10.333981364965439,1414.4718069583178,7951.3378378378375
1780926238,300,GET,/product/LS4PSXUNUM,1.100000,0.000000,900,1100,1100,1100,1400,1500,1500,1500,1500,1500,1500,87,0,600,645.6786508125991,16.912064515054226,2011.6098672151566,7953.3218390804595
1780926238,300,GET,/product/OLJCESPC7Z,1.000000,0.000000,900,1100,1100,1200,1300,1300,1300,1300,1300,1300,1300,75,0,810,775.1888094221553,16.608981415629387,1795.8144480362535,7995.453333333333
1780926238,300,,Aggregated,82.700000,0.000000,2000,2200,2300,2300,2600,2800,2900,3000,3300,3300,3300,5672,0,1100,1195.2156241558234,10.333981364965439,3293.069386854768,10638.949929478138
1780926239,300,GET,/,60.700000,0.000000,2200,2300,2400,2500,2700,2800,3000,3100,3300,3300,3300,4274,0,1500,1359.5240996859857,11.067726649343967,3293.069386854768,10533.997894244269
1780926239,300,POST,/cart,7.400000,0.000000,1600,1800,1800,2000,2100,2400,2500,2900,2900,2900,2900,506,0,1000,1047.578155828765,20.281024277210236,2916.3228422403336,17290.160079051384
1780926239,300,POST,/cart/checkout,2.900000,0.000000,660,840,870,940,1100,1200,1300,1300,1300,1300,1300,219,0,500,515.9177797927296,18.988792784512043,1449.4369644671679,6801.502283105023
1780926239,300,GET,/product/0PUK6V6EV0,1.700000,0.000000,900,1000,1200,1200,1300,1300,1300,1300,1300,1300,1300,88,0,700,698.6515226731585,12.4680669978261,1888.4636228904128,7961.670454545455
1780926239,300,GET,/product/1YMWWN1N4O,1.300000,0.000000,900,1000,1100,1200,1400,1400,1400,1400,1400,1400,1400,89,0,610,669.2153321202384,16.132216900587082,1674.3742721155286,7980.471910112359
1780926239,300,GET,/product/2ZYFJ3GM2N,1.200000,0.000000,1000,1100,1100,1100,1100,1100,1100,1100,1100,1100,1100,95,0,680,694.4261411793137,14.834134839475155,1723.7942982465029,7994.5368421052635
1780926239,300,GET,/product/66VCHSJNUP,1.400000,0.000000,1000,1100,1300,1300,1600,2100,2100,2100,2100,2100,2100,92,0,510,608.2250644837546,12.719000689685345,2119.4529067724943,7960.423913043478
1780926239,300,GET,/product/6E92ZMYYFZ,0.600000,0.000000,900,900,910,910,1700,1700,1700,1700,1700,1700,1700,77,0,510,589.2453242044944,12.884697876870632,1919.607624411583,7932.285714285715
1780926239,300,GET,/product/9SIQT8TOJO,0.600000,0.000000,1100,1100,1400,1400,1700,1700,1700,1700,1700,1700,1700,75,0,700,692.2005453084906,12.215454131364822,1708.8509751483798,7974.48
1780926239,300,GET,/product/L9ECAV7KIM,1.600000,0.000000,1100,1100,1100,1200,1200,1200,1200,1200,1200,1200,1200,76,0,700,649.2624377317138,10.333981364965439,1414.4718069583178,7952.394736842105
1780926239,300,GET,/product/LS4PSXUNUM,1.400000,0.000000,900,1100,1100,1400,1500,1800,1800,1800,1800,1800,1800,88,0,600,658.8983907872303,16.912064515054226,2011.6098672151566,7953.159090909091
1780926239,300,GET,/product/OLJCESPC7Z,1.000000,0.000000,900,1100,1100,1200,1300,1300,1300,1300,1300,1300,1300,75,0,810,775.1888094221553,16.608981415629387,1795.8144480362535,7995.453333333333
1780926239,300,,Aggregated,81.800000,0.000000,2100,2200,2300,2400,2600,2800,2900,3000,3300,3300,3300,5754,0,1200,1209.48702221164,10.333981364965439,3293.069386854768,10649.318213416753
1780926240,300,GET,/,62.500000,0.000000,2200,2300,2400,2500,2700,2800,3000,3100,3300,3300,3300,4351,0,1500,1373.2911011133915,11.067726649343967,3293.069386854768,10534.401516892669
1780926240,300,POST,/cart,7.200000,0.000000,1700,1800,2000,2000,2300,2400,2500,2900,2900,2900,2900,512,0,1000,1060.4478543991718,20.281024277210236,2916.3228422403336,17297.046875
1780926240,300,POST,/cart/checkout,2.800000,0.000000,790,840,940,990,1100,1200,1300,1300,1300,1300,1300,227,0,510,526.4781449187038,18.988792784512043,1449.4369644671679,6801.52422907489
1780926240,300,GET,/product/0PUK6V6EV0,1.600000,0.000000,900,1000,1200,1200,1200,1300,1300,1300,1300,1300,1300,88,0,700,698.6515226731585,12.4680669978261,1888.4636228904128,7961.670454545455
1780926240,300,GET,/product/1YMWWN1N4O,1.300000,0.000000,1000,1100,1200,1200,1400,1400,1400,1400,1400,1400,1400,93,0,700,689.9048753923947,16.132216900587082,1674.3742721155286,7980.591397849463
1780926240,300,GET,/product/2ZYFJ3GM2N,1.000000,0.000000,1100,1100,1100,1100,1700,1700,1700,1700,1700,1700,1700,97,0,690,706.2850610458667,14.834134839475155,1723.7942982465029,7995.865979381443
1780926240,300,GET,/product/66VCHSJNUP,1.200000,0.000000,1000,1100,1300,1300,1600,2100,2100,2100,2100,2100,2100,93,0,590,609.7460209682423,12.719000689685345,2119.4529067724943,7960.1612903225805
1780926240,300,GET,/product/6E92ZMYYFZ,0.500000,0.000000,900,910,980,980,1700,1700,1700,1700,1700,1700,1700,79,0,510,596.2351670583026,12.884697876870632,1919.607624411583,7933.683544303797
1780926240,300,GET,/product/9SIQT8TOJO,0.500000,0.000000,1100,1300,1400,1400,1700,1700,1700,1700,1700,1700,1700,77,0,710,704.1461406420772,12.215454131364822,1708.8509751483798,7976.623376623376
1780926240,300,GET,/product/L9ECAV7KIM,1.600000,0.000000,1100,1100,1100,1200,1200,1200,1200,1200,1200,1200,1200,76,0,700,649.2624377317138,10.333981364965439,1414.4718069583178,7952.394736842105
1780926240,300,GET,/product/LS4PSXUNUM,1.400000,0.000000,1000,1100,1400,1400,1500,1800,1800,1800,1800,1800,1800,88,0,600,658.8983907872303,16.912064515054226,2011.6098672151566,7953.159090909091
1780926240,300,GET,/product/OLJCESPC7Z,0.900000,0.000000,890,890,1200,1200,1300,1300,1300,1300,1300,1300,1300,75,0,810,775.1888094221553,16.608981415629387,1795.8144480362535,7995.453333333333
1780926240,300,,Aggregated,82.500000,0.000000,2100,2200,2300,2400,2600,2800,2900,3000,3300,3300,3300,5856,0,1200,1221.8743058336934,10.333981364965439,3293.069386854768,10645.288763661201
1780926241,300,GET,/,56.400000,0.000000,2200,2300,2500,2500,2700,2900,3000,3100,3300,3300,3300,4379,0,1500,1379.9887875766651,11.067726649343967,3293.069386854768,10534.500570906599
1780926241,300,POST,/cart,7.400000,0.000000,1700,1900,2000,2100,2300,2500,2800,2900,2900,2900,2900,523,0,1100,1076.7592072618652,20.281024277210236,2916.3228422403336,17301.267686424475
1780926241,300,POST,/cart/checkout,2.800000,0.000000,810,870,1000,1000,1200,1300,1400,1400,1400,1400,1400,230,0,520,533.0479994051806,18.988792784512043,1449.4369644671679,6801.504347826087
1780926241,300,GET,/product/0PUK6V6EV0,1.500000,0.000000,900,910,1200,1200,1200,1300,1300,1300,1300,1300,1300,90,0,700,701.9244191443754,12.4680669978261,1888.4636228904128,7962.666666666667
1780926241,300,GET,/product/1YMWWN1N4O,1.300000,0.000000,990,1000,1200,1200,1400,1400,1400,1400,1400,1400,1400,95,0,710,694.2405942043191,16.132216900587082,1674.3742721155286,7981.347368421053
1780926241,300,GET,/product/2ZYFJ3GM2N,0.700000,0.000000,1000,1100,1100,1100,1700,1700,1700,1700,1700,1700,1700,98,0,690,708.2066938319073,14.834134839475155,1723.7942982465029,7996.734693877551
1780926241,300,GET,/product/66VCHSJNUP,1.300000,0.000000,1000,1100,1300,1300,1600,2100,2100,2100,2100,2100,2100,96,0,600,620.0599536435524,12.719000689685345,2119.4529067724943,7960.645833333333
1780926241,300,GET,/product/6E92ZMYYFZ,0.500000,0.000000,900,910,980,980,1700,1700,1700,1700,1700,1700,1700,79,0,510,596.2351670583026,12.884697876870632,1919.607624411583,7933.683544303797
1780926241,300,GET,/product/9SIQT8TOJO,0.500000,0.000000,1100,1300,1400,1400,1700,1700,1700,1700,1700,1700,1700,78,0,700,702.7768492221068,12.215454131364822,1708.8509751483798,7976.74358974359
1780926241,300,GET,/product/L9ECAV7KIM,1.600000,0.000000,1100,1100,1100,1200,1200,1200,1200,1200,1200,1200,1200,81,0,710,672.5842969055161,10.333981364965439,1414.4718069583178,7955.592592592592
1780926241,300,GET,/product/LS4PSXUNUM,1.400000,0.000000,900,1100,1400,1400,1500,1800,1800,1800,1800,1800,1800,88,0,600,658.8983907872303,16.912064515054226,2011.6098672151566,7953.159090909091
1780926241,300,GET,/product/OLJCESPC7Z,0.900000,0.000000,1100,1100,1200,1200,1300,1300,1300,1300,1300,1300,1300,76,0,810,779.9716367582349,16.608981415629387,1795.8144480362535,7996.934210526316
1780926241,300,,Aggregated,76.300000,0.000000,2100,2300,2400,2400,2700,2800,2900,3000,3300,3300,3300,5913,0,1200,1227.876285311391,10.333981364965439,3293.069386854768,10648.951801116185
1780926242,300,GET,/,61.700000,0.000000,2300,2400,2500,2700,2800,2900,3000,3200,3300,3300,3300,4491,0,1600,1406.2851110253043,11.067726649343967,3293.069386854768,10534.76508572701
1780926242,300,POST,/cart,7.300000,0.000000,1700,1900,2000,2100,2300,2500,2800,2900,2900,2900,2900,527,0,1100,1078.8460292074074,20.281024277210236,2916.3228422403336,17300.38330170778
1780926242,300,POST,/cart/checkout,2.800000,0.000000,810,980,1000,1100,1200,1300,1400,1400,1400,1400,1400,233,0,530,539.332086148436,18.988792784512043,1449.4369644671679,6801.502145922746
1780926242,300,GET,/product/0PUK6V6EV0,1.300000,0.000000,900,1100,1200,1200,1200,1300,1300,1300,1300,1300,1300,90,0,700,701.9244191443754,12.4680669978261,1888.4636228904128,7962.666666666667
1780926242,300,GET,/product/1YMWWN1N4O,1.200000,0.000000,990,1000,1200,1200,1400,1400,1400,1400,1400,1400,1400,96,0,710,697.4550899273405,16.132216900587082,1674.3742721155286,7980.979166666667
1780926242,300,GET,/product/2ZYFJ3GM2N,0.500000,0.000000,1100,1100,1100,1100,1700,1700,1700,1700,1700,1700,1700,98,0,690,708.2066938319073,14.834134839475155,1723.7942982465029,7996.734693877551
1780926242,300,GET,/product/66VCHSJNUP,1.300000,0.000000,1000,1100,1300,1300,1600,2100,2100,2100,2100,2100,2100,96,0,600,620.0599536435524,12.719000689685345,2119.4529067724943,7960.645833333333
1780926242,300,GET,/product/6E92ZMYYFZ,0.500000,0.000000,900,910,980,980,1700,1700,1700,1700,1700,1700,1700,79,0,510,596.2351670583026,12.884697876870632,1919.607624411583,7933.683544303797
1780926242,300,GET,/product/9SIQT8TOJO,0.500000,0.000000,1100,1200,1300,1400,1700,1700,1700,1700,1700,1700,1700,80,0,710,714.5190978772007,12.215454131364822,1708.8509751483798,7975.575
1780926242,300,GET,/product/L9ECAV7KIM,1.500000,0.000000,1100,1100,1100,1200,1200,1200,1200,1200,1200,1200,1200,81,0,710,672.5842969055161,10.333981364965439,1414.4718069583178,7955.592592592592
1780926242,300,GET,/product/LS4PSXUNUM,1.300000,0.000000,900,1100,1400,1500,1800,1800,1800,1800,1800,1800,1800,88,0,600,658.8983907872303,16.912064515054226,2011.6098672151566,7953.159090909091
1780926242,300,GET,/product/OLJCESPC7Z,0.600000,0.000000,1100,1100,1100,1100,1300,1300,1300,1300,1300,1300,1300,77,0,870,784.0277858852567,16.608981415629387,1795.8144480362535,7993.285714285715
1780926242,300,,Aggregated,80.500000,0.000000,2100,2300,2400,2500,2800,2900,3000,3100,3300,3300,3300,6036,0,1200,1250.1653739165718,10.333981364965439,3293.069386854768,10647.60917826375
1780926243,300,GET,/,59.800000,0.000000,2200,2400,2500,2600,2800,2900,3000,3200,3300,3300,3300,4530,0,1600,1410.8530444150613,11.067726649343967,3293.069386854768,10535.04701986755
1780926243,300,POST,/cart,7.500000,0.000000,1800,1900,2000,2100,2300,2500,2800,2900,2900,2900,2900,534,0,1100,1087.3914233597225,20.281024277210236,2916.3228422403336,17294.687265917604
1780926243,300,POST,/cart/checkout,3.200000,0.000000,830,970,1000,1000,1200,1300,1400,1400,1400,1400,1400,238,0,530,541.5194609531146,18.988792784512043,1449.4369644671679,6801.495798319328
1780926243,300,GET,/product/0PUK6V6EV0,1.300000,0.000000,900,910,1200,1200,1200,1300,1300,1300,1300,1300,1300,92,0,700,701.0842233633056,12.4680669978261,1888.4636228904128,7963.619565217391
1780926243,300,GET,/product/1YMWWN1N4O,1.700000,0.000000,990,1000,1200,1200,1400,1400,1400,1400,1400,1400,1400,96,0,710,697.4550899273405,16.132216900587082,1674.3742721155286,7980.979166666667
1780926243,300,GET,/product/2ZYFJ3GM2N,0.700000,0.000000,1000,1100,1100,1100,1700,1700,1700,1700,1700,1700,1700,100,0,700,711.829101042822,14.834134839475155,1723.7942982465029,7998.06
1780926243,300,GET,/product/66VCHSJNUP,1.500000,0.000000,1000,1100,1300,1300,1600,2100,2100,2100,2100,2100,2100,97,0,600,626.8005574160476,12.719000689685345,2119.4529067724943,7960.979381443299
1780926243,300,GET,/product/6E92ZMYYFZ,0.700000,0.000000,890,910,960,960,980,1700,1700,1700,1700,1700,1700,83,0,590,608.6966371477907,12.884697876870632,1919.607624411583,7934.6024096385545
1780926243,300,GET,/product/9SIQT8TOJO,0.700000,0.000000,1100,1200,1300,1400,1700,1700,1700,1700,1700,1700,1700,80,0,710,714.5190978772007,12.215454131364822,1708.8509751483798,7975.575
1780926243,300,GET,/product/L9ECAV7KIM,1.900000,0.000000,990,1100,1100,1100,1200,1200,1200,1200,1200,1200,1200,84,0,710,681.0881461216403,10.333981364965439,1414.4718069583178,7958.1547619047615
1780926243,300,GET,/product/LS4PSXUNUM,1.200000,0.000000,900,1200,1400,1400,1500,1800,1800,1800,1800,1800,1800,92,0,600,678.1573048489088,16.912064515054226,2011.6098672151566,7953.641304347826
1780926243,300,GET,/product/OLJCESPC7Z,0.700000,0.000000,1100,1100,1100,1100,1300,1300,1300,1300,1300,1300,1300,77,0,870,784.0277858852567,16.608981415629387,1795.8144480362535,7993.285714285715
1780926243,300,,Aggregated,80.900000,0.000000,2100,2300,2400,2500,2700,2900,3000,3100,3300,3300,3300,6103,0,1200,1253.7778648016015,10.333981364965439,3293.069386854768,10644.117810912667
1780926244,300,GET,/,58.700000,0.000000,2100,2300,2400,2500,2700,2800,2900,3000,3300,3300,3300,4600,0,1600,1419.3300509402204,11.067726649343967,3293.069386854768,10535.388913043478
1780926244,300,POST,/cart,7.500000,0.000000,1700,1900,2000,2100,2300,2500,2800,2900,2900,2900,2900,546,0,1100,1093.9534123792507,20.281024277210236,2916.3228422403336,17305.1336996337
1780926244,300,POST,/cart/checkout,3.300000,0.000000,810,870,980,1000,1100,1300,1400,1400,1400,1400,1400,239,0,530,541.495054449777,18.988792784512043,1449.4369644671679,6801.577405857741
1780926244,300,GET,/product/0PUK6V6EV0,1.200000,0.000000,800,900,1100,1200,1300,1300,1300,1300,1300,1300,1300,92,0,700,701.0842233633056,12.4680669978261,1888.4636228904128,7963.619565217391
1780926244,300,GET,/product/1YMWWN1N4O,1.600000,0.000000,990,1000,1000,1200,1400,1400,1400,1400,1400,1400,1400,96,0,710,697.4550899273405,16.132216900587082,1674.3742721155286,7980.979166666667
1780926244,300,GET,/product/2ZYFJ3GM2N,0.600000,0.000000,1000,1100,1100,1100,1700,1700,1700,1700,1700,1700,1700,101,0,700,709.696479593542,14.834134839475155,1723.7942982465029,7998.722772277228
1780926244,300,GET,/product/66VCHSJNUP,1.300000,0.000000,1100,1300,1300,1600,2100,2100,2100,2100,2100,2100,2100,97,0,600,626.8005574160476,12.719000689685345,2119.4529067724943,7960.979381443299
1780926244,300,GET,/product/6E92ZMYYFZ,0.700000,0.000000,890,960,980,980,1100,1700,1700,1700,1700,1700,1700,85,0,590,611.6281832951834,12.884697876870632,1919.607624411583,7933.7411764705885
1780926244,300,GET,/product/9SIQT8TOJO,0.800000,0.000000,1200,1300,1400,1400,1700,1700,1700,1700,1700,1700,1700,80,0,710,714.5190978772007,12.215454131364822,1708.8509751483798,7975.575
1780926244,300,GET,/product/L9ECAV7KIM,1.600000,0.000000,990,1100,1100,1100,1200,1200,1200,1200,1200,1200,1200,84,0,710,681.0881461216403,10.333981364965439,1414.4718069583178,7958.1547619047615
1780926244,300,GET,/product/LS4PSXUNUM,1.100000,0.000000,900,1200,1400,1400,1400,1800,1800,1800,1800,1800,1800,92,0,600,678.1573048489088,16.912064515054226,2011.6098672151566,7953.641304347826
1780926244,300,GET,/product/OLJCESPC7Z,0.600000,0.000000,1100,1100,1100,1100,1100,1100,1100,1100,1100,1100,1100,77,0,870,784.0277858852567,16.608981415629387,1795.8144480362535,7993.285714285715
1780926244,300,,Aggregated,79.000000,0.000000,2000,2200,2300,2400,2600,2800,2900,3000,3300,3300,3300,6189,0,1300,1261.7047165021947,10.333981364965439,3293.069386854768,10655.032961706253
1780926245,300,GET,/,60.600000,0.000000,2100,2300,2400,2500,2700,2800,2900,3000,3300,3300,3300,4636,0,1600,1424.0571887841459,11.067726649343967,3293.069386854768,10535.52868852459
1780926245,300,POST,/cart,7.400000,0.000000,1700,1800,2000,2000,2300,2500,2800,2900,2900,2900,2900,554,0,1100,1098.008394241333,20.281024277210236,2916.3228422403336,17316.03429602888
1780926245,300,POST,/cart/checkout,3.500000,0.000000,810,870,980,1000,1100,1300,1400,1400,1400,1400,1400,243,0,540,543.0787278017328,18.988792784512043,1449.4369644671679,6801.707818930041
1780926245,300,GET,/product/0PUK6V6EV0,1.100000,0.000000,800,920,960,960,1100,1300,1300,1300,1300,1300,1300,94,0,700,706.1794902832108,12.4680669978261,1888.4636228904128,7964.872340425532
1780926245,300,GET,/product/1YMWWN1N4O,1.700000,0.000000,1000,1000,1200,1200,1400,1400,1400,1400,1400,1400,1400,99,0,770,707.5280124378023,16.132216900587082,1674.3742721155286,7982.989898989899
1780926245,300,GET,/product/2ZYFJ3GM2N,0.600000,0.000000,1000,1100,1100,1100,1700,1700,1700,1700,1700,1700,1700,103,0,700,714.4411121070095,14.834134839475155,1723.7942982465029,7997.854368932039
1780926245,300,GET,/product/66VCHSJNUP,1.300000,0.000000,1000,1100,1300,1300,2100,2100,2100,2100,2100,2100,2100,98,0,600,630.2567749873411,12.719000689685345,2119.4529067724943,7960.8877551020405
1780926245,300,GET,/product/6E92ZMYYFZ,0.600000,0.000000,910,930,980,980,1100,1700,1700,1700,1700,1700,1700,86,0,590,615.3133122228779,12.884697876870632,1919.607624411583,7933.453488372093
1780926245,300,GET,/product/9SIQT8TOJO,0.900000,0.000000,1100,1200,1300,1400,1700,1700,1700,1700,1700,1700,1700,81,0,790,717.7161638406508,12.215454131364822,1708.8509751483798,7976.827160493827
1780926245,300,GET,/product/L9ECAV7KIM,1.600000,0.000000,990,1100,1100,1200,1200,1200,1200,1200,1200,1200,1200,85,0,750,684.4338879537056,10.333981364965439,1414.4718069583178,7957.588235294118
1780926245,300,GET,/product/LS4PSXUNUM,1.000000,0.000000,1100,1200,1400,1400,1800,1800,1800,1800,1800,1800,1800,92,0,600,678.1573048489088,16.912064515054226,2011.6098672151566,7953.641304347826
1780926245,300,GET,/product/OLJCESPC7Z,0.600000,0.000000,980,1100,1100,1100,1100,1100,1100,1100,1100,1100,1100,78,0,870,786.496649018656,16.608981415629387,1795.8144480362535,7994.423076923077
1780926245,300,,Aggregated,80.900000,0.000000,2000,2200,2300,2400,2600,2800,2900,3000,3300,3300,3300,6249,0,1300,1265.3126416307323,10.333981364965439,3293.069386854768,10656.371259401505
1780926246,300,GET,/,62.100000,0.000000,2100,2300,2400,2500,2700,2800,2900,3000,3300,3300,3300,4697,0,1600,1433.6799031775067,11.067726649343967,3293.069386854768,10535.547157760273
1780926246,300,POST,/cart,7.500000,0.000000,1700,1800,2000,2100,2300,2500,2800,2900,2900,2900,2900,561,0,1100,1104.3096214629138,20.281024277210236,2916.3228422403336,17325.811051693403
1780926246,300,POST,/cart/checkout,3.800000,0.000000,790,840,980,990,1100,1300,1400,1400,1400,1400,1400,247,0,540,545.6915223435593,18.988792784512043,1449.4369644671679,6801.562753036437
1780926246,300,GET,/product/0PUK6V6EV0,1.200000,0.000000,800,920,960,960,1100,1300,1300,1300,1300,1300,1300,94,0,700,706.1794902832108,12.4680669978261,1888.4636228904128,7964.872340425532
1780926246,300,GET,/product/1YMWWN1N4O,1.400000,0.000000,1000,1100,1200,1200,1400,1400,1400,1400,1400,1400,1400,99,0,770,707.5280124378023,16.132216900587082,1674.3742721155286,7982.989898989899
1780926246,300,GET,/product/2ZYFJ3GM2N,0.700000,0.000000,890,1000,1100,1100,1700,1700,1700,1700,1700,1700,1700,104,0,700,715.3227196988435,14.834134839475155,1723.7942982465029,7998.7692307692305
1780926246,300,GET,/product/66VCHSJNUP,1.000000,0.000000,1000,1300,1300,1300,1600,2100,2100,2100,2100,2100,2100,99,0,600,640.0068672091672,12.719000689685345,2119.4529067724943,7960.434343434344
1780926246,300,GET,/product/6E92ZMYYFZ,1.100000,0.000000,910,930,980,980,1100,1700,1700,1700,1700,1700,1700,86,0,590,615.3133122228779,12.884697876870632,1919.607624411583,7933.453488372093
1780926246,300,GET,/product/9SIQT8TOJO,0.800000,0.000000,1200,1200,1300,1300,1400,1700,1700,1700,1700,1700,1700,84,0,790,732.1007536901604,12.215454131364822,1708.8509751483798,7979.630952380952
1780926246,300,GET,/product/L9ECAV7KIM,1.900000,0.000000,990,1100,1100,1100,1200,1200,1200,1200,1200,1200,1200,85,0,750,684.4338879537056,10.333981364965439,1414.4718069583178,7957.588235294118
1780926246,300,GET,/product/LS4PSXUNUM,1.300000,0.000000,1200,1400,1400,1400,1800,1800,1800,1800,1800,1800,1800,93,0,610,683.7172574233464,16.912064515054226,2011.6098672151566,7954.612903225807
1780926246,300,GET,/product/OLJCESPC7Z,0.400000,0.000000,980,1100,1100,1100,1100,1100,1100,1100,1100,1100,1100,78,0,870,786.496649018656,16.608981415629387,1795.8144480362535,7994.423076923077
1780926246,300,,Aggregated,83.200000,0.000000,2000,2200,2300,2400,2600,2800,2900,3000,3300,3300,3300,6327,0,1300,1273.905662890104,10.333981364965439,3293.069386854768,10658.52773826458
1780926247,300,GET,/,58.500000,0.000000,2200,2300,2400,2500,2700,2800,2900,3000,3300,3300,3300,4775,0,1700,1446.5391536981492,11.067726649343967,3293.069386854768,10535.901361256545
1780926247,300,POST,/cart,8.000000,0.000000,1700,1900,2000,2100,2300,2500,2800,2900,2900,2900,2900,567,0,1200,1113.1768073456287,20.281024277210236,2916.3228422403336,17326.756613756614
1780926247,300,POST,/cart/checkout,3.400000,0.000000,790,870,990,1000,1100,1300,1400,1400,1400,1400,1400,250,0,540,549.0729005560279,18.988792784512043,1449.4369644671679,6801.592
1780926247,300,GET,/product/0PUK6V6EV0,1.000000,0.000000,920,960,1100,1100,1300,1300,1300,1300,1300,1300,1300,94,0,700,706.1794902832108,12.4680669978261,1888.4636228904128,7964.872340425532
1780926247,300,GET,/product/1YMWWN1N4O,1.500000,0.000000,1000,1200,1300,1300,1400,1400,1400,1400,1400,1400,1400,101,0,790,719.2860255847768,16.132216900587082,1674.3742721155286,7982.772277227723
1780926247,300,GET,/product/2ZYFJ3GM2N,0.800000,0.000000,1000,1100,1200,1200,1500,1700,1700,1700,1700,1700,1700,106,0,710,727.3141751768735,14.834134839475155,1723.7942982465029,7999.537735849057
1780926247,300,GET,/product/66VCHSJNUP,1.000000,0.000000,1300,1300,1400,1600,2100,2100,2100,2100,2100,2100,2100,100,0,600,647.5366460997611,12.719000689685345,2119.4529067724943,7961.26
1780926247,300,GET,/product/6E92ZMYYFZ,1.100000,0.000000,930,960,980,1100,1700,1700,1700,1700,1700,1700,1700,86,0,590,615.3133122228779,12.884697876870632,1919.607624411583,7933.453488372093
1780926247,300,GET,/product/9SIQT8TOJO,0.800000,0.000000,1200,1300,1300,1300,1400,1500,1500,1500,1500,1500,1500,85,0,800,741.1313128164586,12.215454131364822,1708.8509751483798,7977.2235294117645
1780926247,300,GET,/product/L9ECAV7KIM,1.900000,0.000000,990,1100,1200,1200,1300,1300,1300,1300,1300,1300,1300,89,0,790,700.8306833528234,10.333981364965439,1414.4718069583178,7959.483146067416
1780926247,300,GET,/product/LS4PSXUNUM,1.100000,0.000000,1200,1200,1400,1400,1800,1800,1800,1800,1800,1800,1800,94,0,610,685.9148147297983,16.912064515054226,2011.6098672151566,7955.414893617021
1780926247,300,GET,/product/OLJCESPC7Z,0.400000,0.000000,1100,1100,1100,1100,1100,1100,1100,1100,1100,1100,1100,79,0,870,789.1857375072527,16.608981415629387,1795.8144480362535,7994.5822784810125
1780926247,300,,Aggregated,79.500000,0.000000,2000,2200,2300,2400,2700,2800,2900,3000,3300,3300,3300,6426,0,1300,1285.6598762478511,10.333981364965439,3293.069386854768,10656.823685029567
1780926248,300,GET,/,57.600000,0.000000,2200,2300,2400,2500,2700,2800,2900,3000,3300,3300,3300,4823,0,1700,1455.2481767574525,11.067726649343967,3293.069386854768,10536.10615799295
1780926248,300,POST,/cart,7.600000,0.000000,1700,1900,2000,2100,2200,2500,2800,2900,2900,2900,2900,574,0,1200,1121.5343334134473,20.281024277210236,2916.3228422403336,17336.250871080138
1780926248,300,POST,/cart/checkout,3.400000,0.000000,720,840,990,1000,1100,1300,1400,1400,1400,1400,1400,253,0,540,548.345877350908,18.988792784512043,1449.4369644671679,6801.830039525692
1780926248,300,GET,/product/0PUK6V6EV0,1.100000,0.000000,890,920,960,1100,1100,1100,1100,1100,1100,1100,1100,96,0,710,712.2833529332032,12.4680669978261,1888.4636228904128,7966.291666666667
1780926248,300,GET,/product/1YMWWN1N4O,1.200000,0.000000,1000,1100,1300,1300,1400,1400,1400,1400,1400,1400,1400,105,0,800,732.7043660605947,16.132216900587082,1674.3742721155286,7983.704761904762
1780926248,300,GET,/product/2ZYFJ3GM2N,0.900000,0.000000,890,1100,1200,1200,1500,1700,1700,1700,1700,1700,1700,106,0,710,727.3141751768735,14.834134839475155,1723.7942982465029,7999.537735849057
1780926248,300,GET,/product/66VCHSJNUP,1.000000,0.000000,1300,1400,1500,1600,2100,2100,2100,2100,2100,2100,2100,101,0,600,655.7174904161308,12.719000689685345,2119.4529067724943,7961.772277227723
1780926248,300,GET,/product/6E92ZMYYFZ,1.200000,0.000000,930,960,1100,1100,1500,1700,1700,1700,1700,1700,1700,88,0,600,628.520136677914,12.884697876870632,1919.607624411583,7934.477272727273
1780926248,300,GET,/product/9SIQT8TOJO,0.700000,0.000000,1200,1300,1300,1300,1400,1500,1500,1500,1500,1500,1500,85,0,800,741.1313128164586,12.215454131364822,1708.8509751483798,7977.2235294117645
1780926248,300,GET,/product/L9ECAV7KIM,1.500000,0.000000,990,1100,1200,1200,1300,1300,1300,1300,1300,1300,1300,90,0,790,706.3454926945269,10.333981364965439,1414.4718069583178,7960.2555555555555
1780926248,300,GET,/product/LS4PSXUNUM,1.000000,0.000000,990,1200,1200,1200,1400,1800,1800,1800,1800,1800,1800,98,0,610,695.6769015963132,16.912064515054226,2011.6098672151566,7953.214285714285
1780926248,300,GET,/product/OLJCESPC7Z,0.300000,0.000000,1100,1100,1100,1100,1400,1400,1400,1400,1400,1400,1400,81,0,880,798.7181352405453,16.608981415629387,1795.8144480362535,7995.246913580247
1780926248,300,,Aggregated,77.500000,0.000000,2100,2200,2300,2400,2600,2800,2900,3000,3300,3300,3300,6500,0,1300,1293.0060974676162,10.333981364965439,3293.069386854768,10655.754615384616
1780926249,300,GET,/,57.700000,0.000000,2200,2300,2400,2500,2700,2800,2900,3000,3300,3300,3300,4894,0,1700,1469.474641876436,11.067726649343967,3293.069386854768,10536.332039231713
1780926249,300,POST,/cart,7.200000,0.000000,1600,1800,1900,2000,2100,2300,2600,2800,2800,2800,2800,580,0,1200,1125.1194479698636,20.281024277210236,2916.3228422403336,17341.893103448278
1780926249,300,POST,/cart/checkout,3.600000,0.000000,690,810,890,1000,1100,1300,1400,1400,1400,1400,1400,254,0,540,548.2761221974501,18.988792784512043,1449.4369644671679,6801.8031496062995
1780926249,300,GET,/product/0PUK6V6EV0,0.800000,0.000000,890,920,960,960,1100,1100,1100,1100,1100,1100,1100,99,0,740,716.2524526844724,12.4680669978261,1888.4636228904128,7967.79797979798
1780926249,300,GET,/product/1YMWWN1N4O,1.100000,0.000000,1000,1100,1300,1300,1400,1400,1400,1400,1400,1400,1400,105,0,800,732.7043660605947,16.132216900587082,1674.3742721155286,7983.704761904762
1780926249,300,GET,/product/2ZYFJ3GM2N,1.000000,0.000000,890,1100,1200,1200,1500,1700,1700,1700,1700,1700,1700,106,0,710,727.3141751768735,14.834134839475155,1723.7942982465029,7999.537735849057
1780926249,300,GET,/product/66VCHSJNUP,0.900000,0.000000,1100,1200,1400,1400,1500,1600,1600,1600,1600,1600,1600,104,0,600,662.6173288991245,12.719000689685345,2119.4529067724943,7963.163461538462
1780926249,300,GET,/product/6E92ZMYYFZ,1.000000,0.000000,910,930,980,980,1100,1500,1500,1500,1500,1500,1500,89,0,600,630.7180052037152,12.884697876870632,1919.607624411583,7935.640449438202
1780926249,300,GET,/product/9SIQT8TOJO,1.000000,0.000000,1200,1200,1300,1300,1500,1500,1500,1500,1500,1500,1500,85,0,800,741.1313128164586,12.215454131364822,1708.8509751483798,7977.2235294117645
1780926249,300,GET,/product/L9ECAV7KIM,1.300000,0.000000,990,1100,1200,1200,1300,1300,1300,1300,1300,1300,1300,91,0,790,707.552138541999,10.333981364965439,1414.4718069583178,7960.857142857143
1780926249,300,GET,/product/LS4PSXUNUM,0.800000,0.000000,990,1100,1200,1200,1400,1800,1800,1800,1800,1800,1800,99,0,610,694.7319995461389,16.912064515054226,2011.6098672151566,7953.010101010101
1780926249,300,GET,/product/OLJCESPC7Z,0.300000,0.000000,1100,1100,1100,1100,1400,1400,1400,1400,1400,1400,1400,81,0,880,798.7181352405453,16.608981415629387,1795.8144480362535,7995.246913580247
1780926249,300,,Aggregated,76.700000,0.000000,2100,2300,2300,2400,2600,2800,2900,3000,3300,3300,3300,6587,0,1300,1304.7339781083554,10.333981364965439,3293.069386854768,10657.009716107485
1780926250,300,GET,/,57.700000,0.000000,2200,2300,2400,2500,2700,2800,2900,3000,3300,3300,3300,4979,0,1700,1479.3762698237224,11.067726649343967,3293.069386854768,10536.517774653545
1780926250,300,POST,/cart,7.500000,0.000000,1600,1800,1900,1900,2000,2100,2200,2200,2200,2200,2200,582,0,1200,1127.6695543989745,20.281024277210236,2916.3228422403336,17351.1323024055
1780926250,300,POST,/cart/checkout,3.600000,0.000000,690,840,970,1000,1200,1300,1300,1300,1300,1300,1300,258,0,540,556.5052825141727,18.988792784512043,1449.4369644671679,6801.813953488372
1780926250,300,GET,/product/0PUK6V6EV0,0.800000,0.000000,890,920,960,960,1100,1100,1100,1100,1100,1100,1100,99,0,740,716.2524526844724,12.4680669978261,1888.4636228904128,7967.79797979798
1780926250,300,GET,/product/1YMWWN1N4O,1.200000,0.000000,1100,1300,1300,1400,1500,1800,1800,1800,1800,1800,1800,107,0,800,749.7878283105582,16.132216900587082,1806.9456070661545,7982.728971962617
1780926250,300,GET,/product/2ZYFJ3GM2N,1.100000,0.000000,890,1100,1200,1200,1500,1700,1700,1700,1700,1700,1700,106,0,710,727.3141751768735,14.834134839475155,1723.7942982465029,7999.537735849057
1780926250,300,GET,/product/66VCHSJNUP,1.000000,0.000000,1300,1400,1500,1600,1800,1800,1800,1800,1800,1800,1800,105,0,690,673.527395122108,12.719000689685345,2119.4529067724943,7960.847619047619
1780926250,300,GET,/product/6E92ZMYYFZ,1.000000,0.000000,910,960,980,1100,1500,1500,1500,1500,1500,1500,1500,90,0,600,640.1610306360656,12.884697876870632,1919.607624411583,7936.5888888888885
1780926250,300,GET,/product/9SIQT8TOJO,1.100000,0.000000,1200,1200,1300,1400,1500,1500,1500,1500,1500,1500,1500,86,0,800,748.9070740073573,12.215454131364822,1708.8509751483798,7976.906976744186
1780926250,300,GET,/product/L9ECAV7KIM,1.500000,0.000000,990,1200,1200,1300,1400,1800,1800,1800,1800,1800,1800,93,0,790,726.6661346419364,10.333981364965439,1785.8521323651075,7957.537634408603
1780926250,300,GET,/product/LS4PSXUNUM,0.700000,0.000000,990,1100,1200,1200,1400,1800,1800,1800,1800,1800,1800,99,0,610,694.7319995461389,16.912064515054226,2011.6098672151566,7953.010101010101
1780926250,300,GET,/product/OLJCESPC7Z,0.400000,0.000000,1100,1100,1400,1400,1500,1500,1500,1500,1500,1500,1500,82,0,880,807.2067197275961,16.608981415629387,1795.8144480362535,7995.195121951219
1780926250,300,,Aggregated,77.600000,0.000000,2100,2300,2300,2400,2600,2800,2900,3000,3300,3300,3300,6686,0,1300,1314.5704952316848,10.333981364965439,3293.069386854768,10652.806610828597
1780926251,300,GET,/,61.000000,0.000000,2200,2300,2400,2400,2600,2700,2800,2900,3300,3300,3300,5018,0,1700,1483.1155915995157,11.067726649343967,3293.069386854768,10536.652451175767
1780926251,300,POST,/cart,7.500000,0.000000,1600,1800,1900,2000,2100,2200,2300,2600,2600,2600,2600,588,0,1200,1137.4953053020524,20.281024277210236,2916.3228422403336,17359.01360544218
1780926251,300,POST,/cart/checkout,3.500000,0.000000,720,890,940,1000,1100,1300,1300,1300,1300,1300,1300,266,0,540,562.0359117305256,18.988792784512043,1449.4369644671679,6801.763157894737
1780926251,300,GET,/product/0PUK6V6EV0,0.900000,0.000000,890,890,920,960,1100,1100,1100,1100,1100,1100,1100,100,0,710,716.1212758813053,12.4680669978261,1888.4636228904128,7967.68
1780926251,300,GET,/product/1YMWWN1N4O,1.600000,0.000000,1100,1300,1300,1400,1500,1800,1800,1800,1800,1800,1800,110,0,800,758.2980466244572,16.132216900587082,1806.9456070661545,7982.4
1780926251,300,GET,/product/2ZYFJ3GM2N,1.100000,0.000000,1000,1200,1200,1200,1500,1600,1600,1600,1600,1600,1600,109,0,800,742.1638039752431,14.834134839475155,1723.7942982465029,8001.302752293578
1780926251,300,GET,/product/66VCHSJNUP,1.000000,0.000000,1300,1400,1500,1600,1800,2100,2100,2100,2100,2100,2100,110,0,700,704.4947111217135,12.719000689685345,2119.4529067724943,7959.1
1780926251,300,GET,/product/6E92ZMYYFZ,1.200000,0.000000,910,960,1100,1100,1500,1500,1500,1500,1500,1500,1500,90,0,600,640.1610306360656,12.884697876870632,1919.607624411583,7936.5888888888885
1780926251,300,GET,/product/9SIQT8TOJO,1.100000,0.000000,1300,1300,1400,1500,1600,1600,1600,1600,1600,1600,1600,88,0,800,764.8793819614432,12.215454131364822,1708.8509751483798,7978.261363636364
1780926251,300,GET,/product/L9ECAV7KIM,1.500000,0.000000,990,1300,1300,1400,1500,1800,1800,1800,1800,1800,1800,95,0,790,734.5040227433568,10.333981364965439,1785.8521323651075,7958.1894736842105
1780926251,300,GET,/product/LS4PSXUNUM,1.100000,0.000000,1100,1200,1200,1400,1500,1600,1600,1600,1600,1600,1600,102,0,680,716.2846803902557,16.912064515054226,2011.6098672151566,7952.617647058823
1780926251,300,GET,/product/OLJCESPC7Z,0.600000,0.000000,1200,1300,1400,1500,1600,1600,1600,1600,1600,1600,1600,86,0,890,828.770286945063,16.608981415629387,1795.8144480362535,7995.709302325581
1780926251,300,,Aggregated,82.100000,0.000000,2000,2200,2300,2300,2500,2700,2800,2900,3300,3300,3300,6762,0,1300,1318.1122536032772,10.333981364965439,3293.069386854768,10645.219165927241
1780926252,300,GET,/,60.700000,0.000000,2200,2300,2300,2400,2600,2700,2800,2800,3100,3100,3100,5094,0,1700,1493.0962872430741,11.067726649343967,3293.069386854768,10536.859442481351
1780926252,300,POST,/cart,7.300000,0.000000,1700,1800,1900,2000,2200,2500,2600,2600,2600,2600,2600,601,0,1200,1152.5763587440408,20.281024277210236,2916.3228422403336,17375.001663893512
1780926252,300,POST,/cart/checkout,3.300000,0.000000,720,840,910,940,1100,1200,1300,1300,1300,1300,1300,267,0,550,563.321736878419,18.988792784512043,1449.4369644671679,6801.816479400749
1780926252,300,GET,/product/0PUK6V6EV0,1.100000,0.000000,890,890,920,960,1100,1100,1100,1100,1100,1100,1100,100,0,710,716.1212758813053,12.4680669978261,1888.4636228904128,7967.68
1780926252,300,GET,/product/1YMWWN1N4O,1.600000,0.000000,1100,1300,1300,1400,1500,1800,1800,1800,1800,1800,1800,110,0,800,758.2980466244572,16.132216900587082,1806.9456070661545,7982.4
1780926252,300,GET,/product/2ZYFJ3GM2N,1.100000,0.000000,1000,1200,1200,1200,1500,1600,1600,1600,1600,1600,1600,109,0,800,742.1638039752431,14.834134839475155,1723.7942982465029,8001.302752293578
1780926252,300,GET,/product/66VCHSJNUP,1.200000,0.000000,1300,1300,1500,1500,1800,2100,2100,2100,2100,2100,2100,112,0,700,709.7827359767897,12.719000689685345,2119.4529067724943,7955.973214285715
1780926252,300,GET,/product/6E92ZMYYFZ,1.200000,0.000000,850,930,1100,1100,1500,1500,1500,1500,1500,1500,1500,91,0,610,641.850336301294,12.884697876870632,1919.607624411583,7936.9010989010985
1780926252,300,GET,/product/9SIQT8TOJO,1.000000,0.000000,1300,1300,1400,1500,1600,1600,1600,1600,1600,1600,1600,88,0,800,764.8793819614432,12.215454131364822,1708.8509751483798,7978.261363636364
1780926252,300,GET,/product/L9ECAV7KIM,1.500000,0.000000,990,1200,1300,1400,1500,1800,1800,1800,1800,1800,1800,96,0,790,738.2676776323933,10.333981364965439,1785.8521323651075,7957.958333333333
1780926252,300,GET,/product/LS4PSXUNUM,1.100000,0.000000,1100,1200,1200,1400,1500,1600,1600,1600,1600,1600,1600,102,0,680,716.2846803902557,16.912064515054226,2011.6098672151566,7952.617647058823
1780926252,300,GET,/product/OLJCESPC7Z,0.600000,0.000000,1100,1200,1400,1400,1500,1600,1600,1600,1600,1600,1600,88,0,890,830.5811819789761,16.608981415629387,1795.8144480362535,7995.261363636364
1780926252,300,,Aggregated,81.700000,0.000000,2000,2200,2300,2300,2500,2600,2700,2800,3100,3100,3100,6858,0,1400,1327.952444011394,10.333981364965439,3293.069386854768,10655.340478273549
1780926253,300,GET,/,61.700000,0.000000,2200,2300,2300,2400,2600,2700,2800,2800,3100,3100,3100,5139,0,1700,1497.9835915763244,11.067726649343967,3293.069386854768,10536.978400467016
1780926253,300,POST,/cart,6.300000,0.000000,1700,1900,2000,2100,2200,2500,2600,2600,2600,2600,2600,603,0,1200,1155.446145286595,20.281024277210236,2916.3228422403336,17379.11111111111
1780926253,300,POST,/cart/checkout,2.800000,0.000000,760,840,910,940,1100,1200,1300,1300,1300,1300,1300,270,0,550,567.0975714473536,18.988792784512043,1449.4369644671679,6801.951851851852
1780926253,300,GET,/product/0PUK6V6EV0,0.900000,0.000000,890,920,960,1100,1400,1400,1400,1400,1400,1400,1400,103,0,790,731.4119251010922,12.4680669978261,1888.4636228904128,7968.0485436893205
1780926253,300,GET,/product/1YMWWN1N4O,1.300000,0.000000,1100,1300,1400,1500,1700,1800,1800,1800,1800,1800,1800,111,0,810,766.8390744072092,16.132216900587082,1806.9456070661545,7982.891891891892
1780926253,300,GET,/product/2ZYFJ3GM2N,0.800000,0.000000,1100,1200,1200,1200,1500,1600,1600,1600,1600,1600,1600,111,0,800,747.6462076778885,14.834134839475155,1723.7942982465029,8001.756756756757
1780926253,300,GET,/product/66VCHSJNUP,1.000000,0.000000,1200,1300,1400,1500,1800,2100,2100,2100,2100,2100,2100,115,0,720,720.1290666247191,12.719000689685345,2119.4529067724943,7957.069565217392
1780926253,300,GET,/product/6E92ZMYYFZ,1.100000,0.000000,850,930,1100,1100,1500,1500,1500,1500,1500,1500,1500,91,0,610,641.850336301294,12.884697876870632,1919.607624411583,7936.9010989010985
1780926253,300,GET,/product/9SIQT8TOJO,0.900000,0.000000,1300,1400,1500,1500,1600,1600,1600,1600,1600,1600,1600,88,0,800,764.8793819614432,12.215454131364822,1708.8509751483798,7978.261363636364
1780926253,300,GET,/product/L9ECAV7KIM,1.200000,0.000000,1000,1200,1300,1300,1500,1800,1800,1800,1800,1800,1800,98,0,790,743.6825822164514,10.333981364965439,1785.8521323651075,7958.581632653061
1780926253,300,GET,/product/LS4PSXUNUM,1.100000,0.000000,1100,1200,1200,1400,1500,1600,1600,1600,1600,1600,1600,102,0,680,716.2846803902557,16.912064515054226,2011.6098672151566,7952.617647058823
1780926253,300,GET,/product/OLJCESPC7Z,0.600000,0.000000,1200,1200,1400,1400,1500,1600,1600,1600,1600,1600,1600,89,0,900,834.6901410102342,16.608981415629387,1795.8144480362535,7995.943820224719
1780926253,300,,Aggregated,79.700000,0.000000,2000,2200,2300,2300,2500,2600,2700,2800,3100,3100,3100,6920,0,1400,1332.3978762270215,10.333981364965439,3293.069386854768,10650.696965317919
1780926254,300,GET,/,61.400000,0.000000,2200,2300,2300,2400,2600,2700,2800,2800,3100,3100,3100,5210,0,1800,1507.3244356897064,11.067726649343967,3293.069386854768,10537.09366602687
1780926254,300,POST,/cart,6.700000,0.000000,1800,1900,2000,2100,2300,2500,2600,2800,2800,2800,2800,613,0,1200,1165.749840061583,20.281024277210236,2916.3228422403336,17396.68515497553
1780926254,300,POST,/cart/checkout,3.500000,0.000000,760,840,910,940,1100,1200,1300,1300,1300,1300,1300,274,0,550,567.8037016203858,18.988792784512043,1449.4369644671679,6801.8978102189785
1780926254,300,GET,/product/0PUK6V6EV0,1.000000,0.000000,890,920,960,1100,1400,1400,1400,1400,1400,1400,1400,106,0,740,731.2703506739915,12.4680669978261,1888.4636228904128,7969.518867924528
1780926254,300,GET,/product/1YMWWN1N4O,1.500000,0.000000,1100,1300,1400,1500,1700,1800,1800,1800,1800,1800,1800,112,0,800,766.1935432531338,16.132216900587082,1806.9456070661545,7982.848214285715
1780926254,300,GET,/product/2ZYFJ3GM2N,1.100000,0.000000,1100,1200,1200,1200,1500,1600,1600,1600,1600,1600,1600,112,0,800,750.8632728630411,14.834134839475155,1723.7942982465029,8002.339285714285
1780926254,300,GET,/product/66VCHSJNUP,1.400000,0.000000,1100,1300,1400,1500,1800,2100,2100,2100,2100,2100,2100,116,0,720,721.676825256697,12.719000689685345,2119.4529067724943,7956.922413793103
1780926254,300,GET,/product/6E92ZMYYFZ,1.200000,0.000000,930,1000,1500,1500,1500,1500,1500,1500,1500,1500,1500,93,0,680,646.2833958988389,12.884697876870632,1919.607624411583,7937.645161290323
1780926254,300,GET,/product/9SIQT8TOJO,1.000000,0.000000,1200,1300,1400,1400,1500,1600,1600,1600,1600,1600,1600,92,0,810,777.1642262763951,12.215454131364822,1708.8509751483798,7977.771739130435
1780926254,300,GET,/product/L9ECAV7KIM,1.500000,0.000000,1000,1200,1300,1300,1500,1800,1800,1800,1800,1800,1800,101,0,790,742.3914517598724,10.333981364965439,1785.8521323651075,7959.762376237623
1780926254,300,GET,/product/LS4PSXUNUM,1.400000,0.000000,1100,1200,1200,1200,1500,1600,1600,1600,1600,1600,1600,103,0,700,720.9931070853061,16.912064515054226,2011.6098672151566,7953.563106796117
1780926254,300,GET,/product/OLJCESPC7Z,1.200000,0.000000,1100,1200,1300,1400,1500,1600,1600,1600,1600,1600,1600,92,0,890,836.6950030094417,16.608981415629387,1795.8144480362535,7998.510869565217
1780926254,300,,Aggregated,82.900000,0.000000,2100,2200,2300,2300,2500,2600,2700,2800,3100,3100,3100,7024,0,1400,1340.02077733795,10.333981364965439,3293.069386854768,10651.399629840547
1780926255,300,GET,/,60.200000,0.000000,2200,2300,2300,2400,2600,2600,2800,2800,3100,3100,3100,5286,0,1800,1515.0557551014995,11.067726649343967,3293.069386854768,10537.338062807416
1780926255,300,POST,/cart,7.400000,0.000000,1800,1900,2000,2100,2300,2500,2600,2800,2800,2800,2800,620,0,1200,1168.8730650671548,20.281024277210236,2916.3228422403336,17392.982258064516
1780926255,300,POST,/cart/checkout,3.400000,0.000000,780,840,910,940,1100,1200,1300,1300,1300,1300,1300,275,0,550,567.049756175415,18.988792784512043,1449.4369644671679,6801.963636363636
1780926255,300,GET,/product/0PUK6V6EV0,1.000000,0.000000,890,920,960,1100,1400,1400,1400,1400,1400,1400,1400,106,0,740,731.2703506739915,12.4680669978261,1888.4636228904128,7969.518867924528
1780926255,300,GET,/product/1YMWWN1N4O,1.400000,0.000000,1100,1300,1400,1400,1700,1800,1800,1800,1800,1800,1800,113,0,810,768.2630886051771,16.132216900587082,1806.9456070661545,7982.787610619469
1780926255,300,GET,/product/2ZYFJ3GM2N,1.100000,0.000000,1100,1200,1200,1500,1600,1600,1600,1600,1600,1600,1600,112,0,800,750.8632728630411,14.834134839475155,1723.7942982465029,8002.339285714285
1780926255,300,GET,/product/66VCHSJNUP,1.500000,0.000000,1200,1300,1400,1500,1800,2100,2100,2100,2100,2100,2100,116,0,720,721.676825256697,12.719000689685345,2119.4529067724943,7956.922413793103
1780926255,300,GET,/product/6E92ZMYYFZ,1.100000,0.000000,930,1000,1000,1500,1500,1500,1500,1500,1500,1500,1500,94,0,680,650.1133322933729,12.884697876870632,1919.607624411583,7937.595744680851
1780926255,300,GET,/product/9SIQT8TOJO,0.800000,0.000000,1100,1300,1300,1400,1500,1600,1600,1600,1600,1600,1600,94,0,810,782.5512811343403,12.215454131364822,1708.8509751483798,7978.787234042553
1780926255,300,GET,/product/L9ECAV7KIM,1.500000,0.000000,970,1100,1300,1300,1500,1800,1800,1800,1800,1800,1800,103,0,800,744.9088366883038,10.333981364965439,1785.8521323651075,7961.281553398058
1780926255,300,GET,/product/LS4PSXUNUM,1.400000,0.000000,1100,1200,1200,1200,1500,1600,1600,1600,1600,1600,1600,104,0,700,723.711937182368,16.912064515054226,2011.6098672151566,7954.317307692308
1780926255,300,GET,/product/OLJCESPC7Z,1.100000,0.000000,1100,1200,1300,1300,1500,1600,1600,1600,1600,1600,1600,93,0,900,837.3275806486446,16.608981415629387,1795.8144480362535,7998.193548387097
1780926255,300,,Aggregated,81.900000,0.000000,2100,2200,2300,2300,2500,2600,2700,2800,3100,3100,3100,7116,0,1400,1347.0907644096483,10.333981364965439,3293.069386854768,10653.159078133784
1780926256,300,GET,/,60.000000,0.000000,2200,2300,2300,2400,2600,2700,2800,2800,3100,3100,3100,5341,0,1800,1520.8045150910289,11.067726649343967,3293.069386854768,10537.443362666167
1780926256,300,POST,/cart,6.600000,0.000000,1700,1900,2000,2100,2300,2500,2600,2800,2800,2800,2800,629,0,1200,1171.3133274010472,20.281024277210236,2916.3228422403336,17402.303656597775
1780926256,300,POST,/cart/checkout,3.200000,0.000000,780,840,910,940,1100,1200,1300,1300,1300,1300,1300,279,0,560,566.7093473997328,18.988792784512043,1449.4369644671679,6801.992831541219
1780926256,300,GET,/product/0PUK6V6EV0,1.300000,0.000000,890,890,1100,1100,1400,1400,1400,1400,1400,1400,1400,106,0,740,731.2703506739915,12.4680669978261,1888.4636228904128,7969.518867924528
1780926256,300,GET,/product/1YMWWN1N4O,1.500000,0.000000,1000,1300,1300,1400,1700,1800,1800,1800,1800,1800,1800,117,0,800,764.0208488123285,16.132216900587082,1806.9456070661545,7985.9059829059825
1780926256,300,GET,/product/2ZYFJ3GM2N,1.200000,0.000000,1100,1200,1200,1500,1600,1600,1600,1600,1600,1600,1600,113,0,800,748.6316686891745,14.834134839475155,1723.7942982465029,8002.628318584071
1780926256,300,GET,/product/66VCHSJNUP,1.800000,0.000000,1100,1300,1300,1400,1800,2100,2100,2100,2100,2100,2100,116,0,720,721.676825256697,12.719000689685345,2119.4529067724943,7956.922413793103
1780926256,300,GET,/product/6E92ZMYYFZ,0.700000,0.000000,1000,1000,1500,1500,1500,1500,1500,1500,1500,1500,1500,94,0,680,650.1133322933729,12.884697876870632,1919.607624411583,7937.595744680851
1780926256,300,GET,/product/9SIQT8TOJO,1.100000,0.000000,1100,1100,1300,1400,1500,1600,1600,1600,1600,1600,1600,97,0,810,783.9736155301487,12.215454131364822,1708.8509751483798,7979.907216494846
1780926256,300,GET,/product/L9ECAV7KIM,1.400000,0.000000,1000,1100,1300,1300,1500,1800,1800,1800,1800,1800,1800,104,0,800,748.3021856840843,10.333981364965439,1785.8521323651075,7962.278846153846
1780926256,300,GET,/product/LS4PSXUNUM,1.100000,0.000000,1000,1100,1200,1200,1500,1600,1600,1600,1600,1600,1600,105,0,700,722.4341160307328,16.912064515054226,2011.6098672151566,7955.152380952381
1780926256,300,GET,/product/OLJCESPC7Z,1.500000,0.000000,1100,1200,1300,1400,1500,1600,1600,1600,1600,1600,1600,93,0,900,837.3275806486446,16.608981415629387,1795.8144480362535,7998.193548387097
1780926256,300,,Aggregated,81.400000,0.000000,2000,2200,2300,2300,2500,2600,2700,2800,3100,3100,3100,7194,0,1400,1351.321443031944,10.333981364965439,3293.069386854768,10655.837503475119
1780926257,300,GET,/,59.800000,0.000000,2100,2200,2300,2400,2500,2600,2700,2800,3100,3100,3100,5410,0,1800,1525.9767922092499,11.067726649343967,3293.069386854768,10537.627726432533
1780926257,300,POST,/cart,6.700000,0.000000,1600,1800,1900,2000,2300,2500,2600,2800,2800,2800,2800,634,0,1200,1170.5678093367571,20.281024277210236,2916.3228422403336,17403.80757097792
1780926257,300,POST,/cart/checkout,3.500000,0.000000,750,830,900,910,1100,1200,1300,1300,1300,1300,1300,280,0,560,566.8770755108978,18.988792784512043,1449.4369644671679,6802.010714285714
1780926257,300,GET,/product/0PUK6V6EV0,1.400000,0.000000,890,890,910,1100,1400,1400,1400,1400,1400,1400,1400,108,0,740,731.5640340524691,12.4680669978261,1888.4636228904128,7970.037037037037
1780926257,300,GET,/product/1YMWWN1N4O,1.500000,0.000000,990,1100,1400,1400,1700,1800,1800,1800,1800,1800,1800,117,0,800,764.0208488123285,16.132216900587082,1806.9456070661545,7985.9059829059825
1780926257,300,GET,/product/2ZYFJ3GM2N,1.100000,0.000000,1100,1200,1200,1200,1500,1600,1600,1600,1600,1600,1600,115,0,800,748.7606705044923,14.834134839475155,1723.7942982465029,8000.495652173913
1780926257,300,GET,/product/66VCHSJNUP,1.900000,0.000000,1000,1300,1300,1300,1800,2100,2100,2100,2100,2100,2100,117,0,750,723.2823736217414,12.719000689685345,2119.4529067724943,7955.196581196581
1780926257,300,GET,/product/6E92ZMYYFZ,0.800000,0.000000,910,1000,1000,1500,1500,1500,1500,1500,1500,1500,1500,95,0,690,650.6919205776954,12.884697876870632,1919.607624411583,7934.747368421053
1780926257,300,GET,/product/9SIQT8TOJO,1.200000,0.000000,1100,1100,1300,1400,1500,1600,1600,1600,1600,1600,1600,97,0,810,783.9736155301487,12.215454131364822,1708.8509751483798,7979.907216494846
1780926257,300,GET,/product/L9ECAV7KIM,1.700000,0.000000,1000,1100,1200,1400,1500,1800,1800,1800,1800,1800,1800,104,0,800,748.3021856840843,10.333981364965439,1785.8521323651075,7962.278846153846
1780926257,300,GET,/product/LS4PSXUNUM,1.100000,0.000000,1000,1200,1200,1200,1500,1600,1600,1600,1600,1600,1600,105,0,700,722.4341160307328,16.912064515054226,2011.6098672151566,7955.152380952381
1780926257,300,GET,/product/OLJCESPC7Z,1.500000,0.000000,1100,1200,1300,1400,1500,1600,1600,1600,1600,1600,1600,94,0,890,837.0604222600764,16.608981415629387,1795.8144480362535,7996.244680851064
1780926257,300,,Aggregated,82.200000,0.000000,2000,2200,2300,2300,2500,2600,2700,2800,3100,3100,3100,7276,0,1400,1355.9311091634402,10.333981364965439,3293.069386854768,10656.396371632765
1780926258,300,GET,/,63.800000,0.000000,2100,2200,2300,2300,2500,2600,2700,2800,3100,3100,3100,5465,0,1800,1530.0886392947848,11.067726649343967,3293.069386854768,10537.793595608417
1780926258,300,POST,/cart,6.200000,0.000000,1600,1800,1900,2000,2300,2500,2600,2800,2800,2800,2800,638,0,1200,1173.5054264283012,20.281024277210236,2916.3228422403336,17415.73510971787
1780926258,300,POST,/cart/checkout,3.200000,0.000000,750,840,910,940,1100,1200,1300,1300,1300,1300,1300,285,0,560,572.768901585879,18.988792784512043,1449.4369644671679,6801.7649122807015
1780926258,300,GET,/product/0PUK6V6EV0,1.200000,0.000000,820,890,910,1100,1400,1400,1400,1400,1400,1400,1400,111,0,790,735.0371595941954,12.4680669978261,1888.4636228904128,7969.342342342342
1780926258,300,GET,/product/1YMWWN1N4O,1.400000,0.000000,990,1100,1400,1400,1700,1800,1800,1800,1800,1800,1800,117,0,800,764.0208488123285,16.132216900587082,1806.9456070661545,7985.9059829059825
1780926258,300,GET,/product/2ZYFJ3GM2N,0.900000,0.000000,1100,1200,1200,1200,1500,1600,1600,1600,1600,1600,1600,115,0,800,748.7606705044923,14.834134839475155,1723.7942982465029,8000.495652173913
1780926258,300,GET,/product/66VCHSJNUP,1.800000,0.000000,1000,1200,1300,1300,1800,2100,2100,2100,2100,2100,2100,120,0,750,732.0055782639732,12.719000689685345,2119.4529067724943,7952.183333333333
1780926258,300,GET,/product/6E92ZMYYFZ,0.800000,0.000000,910,1000,1000,1000,1500,1500,1500,1500,1500,1500,1500,98,0,690,657.392528307225,12.884697876870632,1919.607624411583,7936.469387755102
1780926258,300,GET,/product/9SIQT8TOJO,1.300000,0.000000,1100,1100,1100,1300,1400,1600,1600,1600,1600,1600,1600,98,0,810,784.0644497595423,12.215454131364822,1708.8509751483798,7979.785714285715
1780926258,300,GET,/product/L9ECAV7KIM,1.800000,0.000000,1000,1100,1100,1400,1500,1800,1800,1800,1800,1800,1800,107,0,810,760.0498020248575,10.333981364965439,1785.8521323651075,7961.803738317757
1780926258,300,GET,/product/LS4PSXUNUM,1.200000,0.000000,1200,1200,1500,1500,1600,1600,1600,1600,1600,1600,1600,107,0,700,729.5104914353551,16.912064515054226,2011.6098672151566,7953.028037383177
1780926258,300,GET,/product/OLJCESPC7Z,1.500000,0.000000,1100,1200,1300,1300,1500,1600,1600,1600,1600,1600,1600,95,0,890,835.6119419693163,16.608981415629387,1795.8144480362535,7996.336842105263
1780926258,300,,Aggregated,85.100000,0.000000,1900,2100,2200,2300,2500,2600,2700,2800,3100,3100,3100,7356,0,1400,1359.2749582684603,10.333981364965439,3293.069386854768,10651.764953779228
1780926259,300,GET,/,62.200000,0.000000,2000,2100,2200,2300,2400,2500,2600,2700,3100,3100,3100,5531,0,1800,1535.7894451049117,11.067726649343967,3293.069386854768,10537.871813415295
1780926259,300,POST,/cart,6.800000,0.000000,1600,1800,2000,2100,2400,2600,2600,2800,2800,2800,2800,642,0,1200,1178.397062457982,20.281024277210236,2916.3228422403336,17427.571651090344
1780926259,300,POST,/cart/checkout,3.200000,0.000000,780,840,910,940,1100,1200,1300,1300,1300,1300,1300,288,0,560,570.6614383185903,18.988792784512043,1449.4369644671679,6801.791666666667
1780926259,300,GET,/product/0PUK6V6EV0,1.200000,0.000000,800,890,890,910,1400,1400,1400,1400,1400,1400,1400,113,0,740,731.696865933461,12.4680669978261,1888.4636228904128,7969.2477876106195
1780926259,300,GET,/product/1YMWWN1N4O,1.800000,0.000000,990,1000,1500,1500,1700,1800,1800,1800,1800,1800,1800,117,0,800,764.0208488123285,16.132216900587082,1806.9456070661545,7985.9059829059825
1780926259,300,GET,/product/2ZYFJ3GM2N,0.900000,0.000000,990,1100,1100,1100,1200,1600,1600,1600,1600,1600,1600,117,0,800,744.4411576446942,14.834134839475155,1723.7942982465029,8001.111111111111
1780926259,300,GET,/product/66VCHSJNUP,1.700000,0.000000,1000,1100,1300,1300,1800,2100,2100,2100,2100,2100,2100,122,0,790,733.1459921876304,12.719000689685345,2119.4529067724943,7953.508196721312
1780926259,300,GET,/product/6E92ZMYYFZ,0.800000,0.000000,800,1000,1000,1000,1000,1500,1500,1500,1500,1500,1500,100,0,690,657.2287771198899,12.884697876870632,1919.607624411583,7938.22
1780926259,300,GET,/product/9SIQT8TOJO,1.300000,0.000000,1000,1100,1100,1100,1400,1600,1600,1600,1600,1600,1600,102,0,810,787.6535112348696,12.215454131364822,1708.8509751483798,7982.862745098039
1780926259,300,GET,/product/L9ECAV7KIM,1.900000,0.000000,1000,1100,1400,1400,1500,1800,1800,1800,1800,1800,1800,107,0,810,760.0498020248575,10.333981364965439,1785.8521323651075,7961.803738317757
1780926259,300,GET,/product/LS4PSXUNUM,1.200000,0.000000,1000,1200,1200,1500,1500,1600,1600,1600,1600,1600,1600,111,0,790,738.3304830674116,16.912064515054226,2011.6098672151566,7954.522522522522
1780926259,300,GET,/product/OLJCESPC7Z,1.500000,0.000000,990,1200,1200,1300,1500,1600,1600,1600,1600,1600,1600,96,0,890,836.2633155290192,16.608981415629387,1795.8144480362535,7997.072916666667
1780926259,300,,Aggregated,84.500000,0.000000,1900,2100,2100,2200,2300,2500,2600,2700,3100,3100,3100,7446,0,1500,1363.627889799592,10.333981364965439,3293.069386854768,10647.91539081386
1780926260,300,GET,/,63.700000,0.000000,2100,2200,2200,2300,2400,2600,2700,2800,2900,2900,2900,5601,0,1800,1544.5533245111872,11.067726649343967,3293.069386854768,10538.02196036422
1780926260,300,POST,/cart,6.800000,0.000000,1500,1800,1900,2000,2300,2500,2600,2800,2800,2800,2800,646,0,1200,1178.2997237927866,20.281024277210236,2916.3228422403336,17437.117647058825
1780926260,300,POST,/cart/checkout,3.000000,0.000000,710,830,900,910,1100,1100,1200,1200,1200,1200,1200,289,0,560,571.3310698369537,18.988792784512043,1449.4369644671679,6801.837370242214
1780926260,300,GET,/product/0PUK6V6EV0,1.600000,0.000000,790,800,910,1100,1400,1400,1400,1400,1400,1400,1400,114,0,740,732.2541228168758,12.4680669978261,1888.4636228904128,7969.964912280701
1780926260,300,GET,/product/1YMWWN1N4O,1.600000,0.000000,900,990,1000,1300,1700,1700,1700,1700,1700,1700,1700,117,0,800,764.0208488123285,16.132216900587082,1806.9456070661545,7985.9059829059825
1780926260,300,GET,/product/2ZYFJ3GM2N,0.900000,0.000000,990,1100,1100,1100,1200,1600,1600,1600,1600,1600,1600,117,0,800,744.4411576446942,14.834134839475155,1723.7942982465029,8001.111111111111
1780926260,300,GET,/product/66VCHSJNUP,1.900000,0.000000,1000,1100,1300,1300,1400,2100,2100,2100,2100,2100,2100,123,0,790,733.675042250595,12.719000689685345,2119.4529067724943,7953.154471544715
1780926260,300,GET,/product/6E92ZMYYFZ,0.900000,0.000000,800,910,1000,1000,1000,1000,1000,1000,1000,1000,1000,100,0,690,657.2287771198899,12.884697876870632,1919.607624411583,7938.22
1780926260,300,GET,/product/9SIQT8TOJO,1.300000,0.000000,1000,1100,1100,1100,1300,1600,1600,1600,1600,1600,1600,102,0,810,787.6535112348696,12.215454131364822,1708.8509751483798,7982.862745098039
1780926260,300,GET,/product/L9ECAV7KIM,1.600000,0.000000,1000,1100,1100,1100,1500,1500,1500,1500,1500,1500,1500,107,0,810,760.0498020248575,10.333981364965439,1785.8521323651075,7961.803738317757
1780926260,300,GET,/product/LS4PSXUNUM,1.200000,0.000000,1200,1200,1500,1500,1500,1600,1600,1600,1600,1600,1600,111,0,790,738.3304830674116,16.912064515054226,2011.6098672151566,7954.522522522522
1780926260,300,GET,/product/OLJCESPC7Z,1.500000,0.000000,900,1100,1200,1200,1300,1600,1600,1600,1600,1600,1600,98,0,890,836.4825201391869,16.608981415629387,1795.8144480362535,7998.683673469388
1780926260,300,,Aggregated,86.000000,0.000000,2000,2100,2200,2200,2400,2500,2700,2800,2900,2900,2900,7525,0,1500,1371.278054692668,10.333981364965439,3293.069386854768,10649.524916943521
1780926261,300,GET,/,62.400000,0.000000,2100,2200,2200,2300,2400,2500,2700,2800,2900,2900,2900,5650,0,1800,1549.4406460965695,11.067726649343967,3293.069386854768,10538.077345132744
1780926261,300,POST,/cart,6.300000,0.000000,1500,1800,1900,2000,2200,2500,2600,2800,2800,2800,2800,650,0,1300,1181.3222763128579,20.281024277210236,2916.3228422403336,17437.635384615383
1780926261,300,POST,/cart/checkout,3.100000,0.000000,710,780,830,840,1100,1100,1200,1200,1200,1200,1200,292,0,560,573.0733903832988,18.988792784512043,1449.4369644671679,6801.719178082192
1780926261,300,GET,/product/0PUK6V6EV0,1.500000,0.000000,800,890,1100,1100,1400,1400,1400,1400,1400,1400,1400,115,0,790,735.4842888920203,12.4680669978261,1888.4636228904128,7970.547826086957
1780926261,300,GET,/product/1YMWWN1N4O,1.200000,0.000000,900,1000,1200,1200,1300,1700,1700,1700,1700,1700,1700,118,0,800,767.7050160670306,16.132216900587082,1806.9456070661545,7983.64406779661
1780926261,300,GET,/product/2ZYFJ3GM2N,0.900000,0.000000,1000,1100,1100,1100,1200,1600,1600,1600,1600,1600,1600,118,0,800,747.4103572115429,14.834134839475155,1723.7942982465029,8000.864406779661
1780926261,300,GET,/product/66VCHSJNUP,1.900000,0.000000,1000,1000,1000,1100,1300,1400,1400,1400,1400,1400,1400,124,0,790,735.7969377790728,12.719000689685345,2119.4529067724943,7953.096774193548
1780926261,300,GET,/product/6E92ZMYYFZ,1.000000,0.000000,800,910,1000,1000,1000,1000,1000,1000,1000,1000,1000,100,0,690,657.2287771198899,12.884697876870632,1919.607624411583,7938.22
1780926261,300,GET,/product/9SIQT8TOJO,1.400000,0.000000,970,1100,1100,1100,1300,1600,1600,1600,1600,1600,1600,103,0,810,788.8362449006114,12.215454131364822,1708.8509751483798,7982.582524271845
1780926261,300,GET,/product/L9ECAV7KIM,1.700000,0.000000,1000,1100,1100,1100,1500,1500,1500,1500,1500,1500,1500,107,0,810,760.0498020248575,10.333981364965439,1785.8521323651075,7961.803738317757
1780926261,300,GET,/product/LS4PSXUNUM,0.900000,0.000000,1000,1200,1300,1500,1500,1600,1600,1600,1600,1600,1600,114,0,790,744.4433671046506,16.912064515054226,2011.6098672151566,7954.026315789473
1780926261,300,GET,/product/OLJCESPC7Z,1.400000,0.000000,900,1100,1200,1200,1300,1600,1600,1600,1600,1600,1600,99,0,900,839.2461094854757,16.608981415629387,1795.8144480362535,7998.464646464647
1780926261,300,,Aggregated,83.700000,0.000000,2000,2100,2200,2200,2300,2500,2600,2800,2900,2900,2900,7590,0,1500,1375.5454461182294,10.333981364965439,3293.069386854768,10647.723188405796
1780926262,300,GET,/,60.500000,0.000000,2100,2200,2200,2300,2400,2500,2700,2800,3100,3100,3100,5722,0,1800,1558.5703712074906,11.067726649343967,3293.069386854768,10538.254980775953
1780926262,300,POST,/cart,6.000000,0.000000,1500,1800,1900,1900,2000,2200,2400,2800,2800,2800,2800,661,0,1300,1188.6027474689006,20.281024277210236,2916.3228422403336,17445.080181543115
1780926262,300,POST,/cart/checkout,3.400000,0.000000,710,760,780,830,1100,1100,1200,1200,1200,1200,1200,297,0,570,574.8120806045102,18.988792784512043,1449.4369644671679,6801.649831649832
1780926262,300,GET,/product/0PUK6V6EV0,1.400000,0.000000,800,910,1100,1100,1400,1400,1400,1400,1400,1400,1400,116,0,790,738.5800834745169,12.4680669978261,1888.4636228904128,7971.206896551724
1780926262,300,GET,/product/1YMWWN1N4O,1.200000,0.000000,700,1000,1100,1200,1700,1700,1700,1700,1700,1700,1700,119,0,800,770.4738698304951,16.132216900587082,1806.9456070661545,7983.546218487395
1780926262,300,GET,/product/2ZYFJ3GM2N,1.100000,0.000000,810,990,1100,1100,1100,1100,1100,1100,1100,1100,1100,118,0,800,747.4103572115429,14.834134839475155,1723.7942982465029,8000.864406779661
1780926262,300,GET,/product/66VCHSJNUP,1.800000,0.000000,1000,1000,1100,1100,1300,1400,1400,1400,1400,1400,1400,124,0,790,735.7969377790728,12.719000689685345,2119.4529067724943,7953.096774193548
1780926262,300,GET,/product/6E92ZMYYFZ,1.100000,0.000000,800,910,1000,1000,1000,1000,1000,1000,1000,1000,1000,100,0,690,657.2287771198899,12.884697876870632,1919.607624411583,7938.22
1780926262,300,GET,/product/9SIQT8TOJO,1.700000,0.000000,910,1000,1100,1100,1100,1100,1100,1100,1100,1100,1100,103,0,810,788.8362449006114,12.215454131364822,1708.8509751483798,7982.582524271845
1780926262,300,GET,/product/L9ECAV7KIM,1.600000,0.000000,910,1000,1100,1100,1100,1500,1500,1500,1500,1500,1500,107,0,810,760.0498020248575,10.333981364965439,1785.8521323651075,7961.803738317757
1780926262,300,GET,/product/LS4PSXUNUM,1.200000,0.000000,1000,1000,1200,1200,1300,1500,1500,1500,1500,1500,1500,114,0,790,744.4433671046506,16.912064515054226,2011.6098672151566,7954.026315789473
1780926262,300,GET,/product/OLJCESPC7Z,1.500000,0.000000,900,900,1100,1100,1200,1200,1200,1200,1200,1200,1200,99,0,900,839.2461094854757,16.608981415629387,1795.8144480362535,7998.464646464647
1780926262,300,,Aggregated,82.500000,0.000000,2000,2100,2200,2200,2400,2500,2600,2800,3100,3100,3100,7680,0,1500,1383.7982342625764,10.333981364965439,3293.069386854768,10653.999869791667
1780926263,300,GET,/,61.900000,0.000000,2100,2200,2300,2300,2400,2500,2700,2800,3100,3100,3100,5774,0,1800,1564.6103532605161,11.067726649343967,3293.069386854768,10538.272428126082
1780926263,300,POST,/cart,6.300000,0.000000,1500,1800,1900,1900,2000,2200,2400,2800,2800,2800,2800,669,0,1300,1195.7473257147276,20.281024277210236,2916.3228422403336,17461.03587443946
1780926263,300,POST,/cart/checkout,3.100000,0.000000,660,740,760,780,910,1100,1200,1200,1200,1200,1200,297,0,570,574.8120806045102,18.988792784512043,1449.4369644671679,6801.649831649832
1780926263,300,GET,/product/0PUK6V6EV0,1.500000,0.000000,800,890,1100,1100,1100,1100,1100,1100,1100,1100,1100,117,0,790,741.6114462539554,12.4680669978261,1888.4636228904128,7971.128205128205
1780926263,300,GET,/product/1YMWWN1N4O,1.000000,0.000000,700,1000,1100,1100,1200,1200,1200,1200,1200,1200,1200,119,0,800,770.4738698304951,16.132216900587082,1806.9456070661545,7983.546218487395
1780926263,300,GET,/product/2ZYFJ3GM2N,1.100000,0.000000,1000,1100,1100,1100,1100,1400,1400,1400,1400,1400,1400,121,0,800,757.7197150334962,14.834134839475155,1723.7942982465029,8000.710743801653
1780926263,300,GET,/product/66VCHSJNUP,1.800000,0.000000,910,1000,1100,1100,1400,1400,1400,1400,1400,1400,1400,125,0,800,738.7176212370396,12.719000689685345,2119.4529067724943,7953.184
1780926263,300,GET,/product/6E92ZMYYFZ,1.000000,0.000000,800,910,1000,1000,1300,1300,1300,1300,1300,1300,1300,102,0,690,664.9339766716402,12.884697876870632,1919.607624411583,7938.970588235294
1780926263,300,GET,/product/9SIQT8TOJO,1.600000,0.000000,900,910,1000,1000,1100,1100,1100,1100,1100,1100,1100,103,0,810,788.8362449006114,12.215454131364822,1708.8509751483798,7982.582524271845
1780926263,300,GET,/product/L9ECAV7KIM,1.400000,0.000000,910,1100,1100,1100,1500,1500,1500,1500,1500,1500,1500,108,0,810,763.1077759433538,10.333981364965439,1785.8521323651075,7961.638888888889
1780926263,300,GET,/product/LS4PSXUNUM,1.200000,0.000000,900,1000,1200,1200,1300,1500,1500,1500,1500,1500,1500,115,0,800,745.7611983237059,16.912064515054226,2011.6098672151566,7954.739130434783
1780926263,300,GET,/product/OLJCESPC7Z,1.600000,0.000000,900,900,1100,1200,1200,1300,1300,1300,1300,1300,1300,101,0,900,844.3236483058126,16.608981415629387,1795.8144480362535,7998.019801980198
1780926263,300,,Aggregated,83.500000,0.000000,2000,2100,2200,2300,2400,2500,2700,2800,3100,3100,3100,7751,0,1500,1389.464754405548,10.333981364965439,3293.069386854768,10657.829828409238
1780926264,300,GET,/,62.300000,0.000000,2100,2200,2300,2300,2400,2500,2700,2800,3100,3100,3100,5873,0,1900,1574.723660697878,11.067726649343967,3293.069386854768,10538.535671718031
1780926264,300,POST,/cart,5.900000,0.000000,1500,1700,1900,1900,2000,2000,2100,2200,2200,2200,2200,672,0,1300,1195.391183247834,20.281024277210236,2916.3228422403336,17456.684523809523
1780926264,300,POST,/cart/checkout,2.700000,0.000000,710,760,760,770,910,1100,1200,1200,1200,1200,1200,300,0,570,576.7948773441216,18.988792784512043,1449.4369644671679,6801.613333333334
1780926264,300,GET,/product/0PUK6V6EV0,1.500000,0.000000,800,990,1100,1100,1100,1100,1100,1100,1100,1100,1100,119,0,790,741.7416611858526,12.4680669978261,1888.4636228904128,7972.252100840336
1780926264,300,GET,/product/1YMWWN1N4O,0.800000,0.000000,810,1000,1100,1100,1200,1200,1200,1200,1200,1200,1200,120,0,800,770.8272895542905,16.132216900587082,1806.9456070661545,7983.4
1780926264,300,GET,/product/2ZYFJ3GM2N,0.900000,0.000000,810,1000,1100,1100,1400,1400,1400,1400,1400,1400,1400,121,0,800,757.7197150334962,14.834134839475155,1723.7942982465029,8000.710743801653
1780926264,300,GET,/product/66VCHSJNUP,1.400000,0.000000,910,1000,1100,1100,1200,1400,1400,1400,1400,1400,1400,127,0,800,742.1031740061411,12.719000689685345,2119.4529067724943,7954.165354330708
1780926264,300,GET,/product/6E92ZMYYFZ,0.900000,0.000000,800,910,1000,1000,1300,1300,1300,1300,1300,1300,1300,102,0,690,664.9339766716402,12.884697876870632,1919.607624411583,7938.970588235294
1780926264,300,GET,/product/9SIQT8TOJO,1.500000,0.000000,890,910,1000,1000,1100,1100,1100,1100,1100,1100,1100,104,0,810,786.079421827498,12.215454131364822,1708.8509751483798,7983.307692307692
1780926264,300,GET,/product/L9ECAV7KIM,1.100000,0.000000,1100,1100,1100,1100,1500,1500,1500,1500,1500,1500,1500,109,0,810,763.5390291998692,10.333981364965439,1785.8521323651075,7961.5504587155965
1780926264,300,GET,/product/LS4PSXUNUM,1.200000,0.000000,900,1000,1000,1200,1300,1500,1500,1500,1500,1500,1500,116,0,790,744.5248637492929,16.912064515054226,2011.6098672151566,7954.637931034483
1780926264,300,GET,/product/OLJCESPC7Z,1.100000,0.000000,900,900,910,1100,1100,1300,1300,1300,1300,1300,1300,105,0,900,847.5823834715854,16.608981415629387,1795.8144480362535,7998.523809523809
1780926264,300,,Aggregated,81.300000,0.000000,2000,2100,2200,2300,2400,2500,2600,2800,3100,3100,3100,7868,0,1500,1398.0113666500597,10.333981364965439,3293.069386854768,10653.228012201322
1780926265,300,GET,/,62.300000,0.000000,2100,2200,2300,2300,2400,2500,2700,2800,3100,3100,3100,5930,0,1900,1577.2581939789675,11.067726649343967,3293.069386854768,10538.62107925801
1780926265,300,POST,/cart,6.000000,0.000000,1500,1700,1900,1900,2000,2000,2100,2200,2200,2200,2200,677,0,1300,1197.4981032460487,20.281024277210236,2916.3228422403336,17470.36189069424
1780926265,300,POST,/cart/checkout,3.000000,0.000000,710,760,770,790,910,1100,1200,1200,1200,1200,1200,302,0,570,577.6311321837816,18.988792784512043,1449.4369644671679,6801.688741721854
1780926265,300,GET,/product/0PUK6V6EV0,1.600000,0.000000,800,990,1100,1100,1100,1100,1100,1100,1100,1100,1100,120,0,790,742.1769884880632,12.4680669978261,1888.4636228904128,7972.15
1780926265,300,GET,/product/1YMWWN1N4O,0.900000,0.000000,800,810,900,1100,1200,1200,1200,1200,1200,1200,1200,122,0,800,772.0889868596416,16.132216900587082,1806.9456070661545,7984.270491803279
1780926265,300,GET,/product/2ZYFJ3GM2N,0.900000,0.000000,790,1000,1100,1100,1100,1400,1400,1400,1400,1400,1400,123,0,800,756.6791529032757,14.834134839475155,1723.7942982465029,8001.195121951219
1780926265,300,GET,/product/66VCHSJNUP,1.200000,0.000000,910,1100,1100,1100,1200,1400,1400,1400,1400,1400,1400,127,0,800,742.1031740061411,12.719000689685345,2119.4529067724943,7954.165354330708
1780926265,300,GET,/product/6E92ZMYYFZ,0.900000,0.000000,800,1000,1000,1000,1200,1300,1300,1300,1300,1300,1300,107,0,690,672.1841884672502,12.884697876870632,1919.607624411583,7939.869158878505
1780926265,300,GET,/product/9SIQT8TOJO,1.500000,0.000000,800,890,910,910,1000,1100,1100,1100,1100,1100,1100,106,0,810,786.3348178952089,12.215454131364822,1708.8509751483798,7982.792452830188
1780926265,300,GET,/product/L9ECAV7KIM,1.100000,0.000000,1100,1100,1100,1500,1600,1600,1600,1600,1600,1600,1600,112,0,810,767.2640267576624,10.333981364965439,1785.8521323651075,7961.910714285715
1780926265,300,GET,/product/LS4PSXUNUM,1.200000,0.000000,900,900,1200,1200,1300,1500,1500,1500,1500,1500,1500,116,0,790,744.5248637492929,16.912064515054226,2011.6098672151566,7954.637931034483
1780926265,300,GET,/product/OLJCESPC7Z,1.100000,0.000000,900,900,910,1100,1100,1300,1300,1300,1300,1300,1300,105,0,900,847.5823834715854,16.608981415629387,1795.8144480362535,7998.523809523809
1780926265,300,,Aggregated,81.700000,0.000000,2000,2100,2200,2200,2400,2500,2600,2800,3100,3100,3100,7947,0,1500,1399.954252718367,10.333981364965439,3293.069386854768,10651.905373096766
1780926266,300,GET,/,64.100000,0.000000,2100,2200,2200,2300,2400,2500,2700,2800,3100,3100,3100,5987,0,1900,1579.7939920077401,11.067726649343967,3293.069386854768,10538.73492567229
1780926266,300,POST,/cart,6.500000,0.000000,1600,1800,1900,1900,2000,2000,2200,2200,2200,2200,2200,679,0,1300,1198.642288880568,20.281024277210236,2916.3228422403336,17473.693667157586
1780926266,300,POST,/cart/checkout,2.700000,0.000000,740,760,790,810,1100,1200,1400,1400,1400,1400,1400,305,0,580,580.5802445797647,18.988792784512043,1449.4369644671679,6801.606557377049
1780926266,300,GET,/product/0PUK6V6EV0,1.200000,0.000000,800,890,1100,1100,1100,1100,1100,1100,1100,1100,1100,121,0,790,743.4073303064162,12.4680669978261,1888.4636228904128,7971.785123966943
1780926266,300,GET,/product/1YMWWN1N4O,0.900000,0.000000,800,810,900,1100,1200,1200,1200,1200,1200,1200,1200,122,0,800,772.0889868596416,16.132216900587082,1806.9456070661545,7984.270491803279
1780926266,300,GET,/product/2ZYFJ3GM2N,0.900000,0.000000,800,1000,1100,1100,1100,1400,1400,1400,1400,1400,1400,124,0,800,757.0409320835626,14.834134839475155,1723.7942982465029,8001.612903225807
1780926266,300,GET,/product/66VCHSJNUP,1.000000,0.000000,910,1100,1100,1100,1200,1400,1400,1400,1400,1400,1400,127,0,800,742.1031740061411,12.719000689685345,2119.4529067724943,7954.165354330708
1780926266,300,GET,/product/6E92ZMYYFZ,1.000000,0.000000,800,910,1000,1000,1200,1300,1300,1300,1300,1300,1300,107,0,690,672.1841884672502,12.884697876870632,1919.607624411583,7939.869158878505
1780926266,300,GET,/product/9SIQT8TOJO,1.200000,0.000000,800,900,910,1000,1100,1100,1100,1100,1100,1100,1100,107,0,810,787.418575182766,12.215454131364822,1708.8509751483798,7983.878504672897
1780926266,300,GET,/product/L9ECAV7KIM,1.100000,0.000000,1100,1100,1500,1500,1600,1600,1600,1600,1600,1600,1600,112,0,810,767.2640267576624,10.333981364965439,1785.8521323651075,7961.910714285715
1780926266,300,GET,/product/LS4PSXUNUM,1.200000,0.000000,900,1000,1200,1200,1300,1500,1500,1500,1500,1500,1500,117,0,800,746.6796450953708,16.912064515054226,2011.6098672151566,7955.48717948718
1780926266,300,GET,/product/OLJCESPC7Z,1.200000,0.000000,900,900,1100,1100,1100,1300,1300,1300,1300,1300,1300,105,0,900,847.5823834715854,16.608981415629387,1795.8144480362535,7998.523809523809
1780926266,300,,Aggregated,83.000000,0.000000,2000,2100,2200,2200,2400,2500,2600,2800,3100,3100,3100,8013,0,1600,1402.710317781886,10.333981364965439,3293.069386854768,10650.417072257582
1780926267,300,GET,/,67.100000,0.000000,2100,2200,2300,2300,2400,2500,2700,2800,3100,3100,3100,6063,0,1900,1584.1547230921553,11.067726649343967,3293.069386854768,10538.868711858815
1780926267,300,POST,/cart,5.900000,0.000000,1700,1900,1900,2000,2000,2400,2500,2600,2600,2600,2600,687,0,1300,1208.3098423047727,20.281024277210236,2916.3228422403336,17478.49636098981
1780926267,300,POST,/cart/checkout,2.800000,0.000000,760,810,860,1100,1200,1300,1400,1400,1400,1400,1400,309,0,580,587.4600787662139,18.988792784512043,1449.4369644671679,6801.5987055016185
1780926267,300,GET,/product/0PUK6V6EV0,1.300000,0.000000,890,990,1100,1100,1100,1300,1300,1300,1300,1300,1300,123,0,790,749.9939732147548,12.4680669978261,1888.4636228904128,7970.487804878048
1780926267,300,GET,/product/1YMWWN1N4O,0.800000,0.000000,810,900,1000,1100,1200,1200,1200,1200,1200,1200,1200,123,0,810,773.9528323622133,16.132216900587082,1806.9456070661545,7984.30081300813
1780926267,300,GET,/product/2ZYFJ3GM2N,0.900000,0.000000,810,1000,1100,1100,1200,1400,1400,1400,1400,1400,1400,125,0,800,760.5969819575548,14.834134839475155,1723.7942982465029,8000.16
1780926267,300,GET,/product/66VCHSJNUP,1.100000,0.000000,800,1000,1100,1200,1300,1300,1300,1300,1300,1300,1300,128,0,800,746.4905337328673,12.719000689685345,2119.4529067724943,7953.8046875
1780926267,300,GET,/product/6E92ZMYYFZ,0.900000,0.000000,800,1000,1000,1200,1200,1300,1300,1300,1300,1300,1300,108,0,690,677.0571996457875,12.884697876870632,1919.607624411583,7940.518518518518
1780926267,300,GET,/product/9SIQT8TOJO,1.200000,0.000000,910,1000,1200,1200,1300,1400,1400,1400,1400,1400,1400,110,0,810,801.6084185801446,12.215454131364822,1708.8509751483798,7986.163636363636
1780926267,300,GET,/product/L9ECAV7KIM,0.800000,0.000000,1100,1100,1200,1400,1600,1600,1600,1600,1600,1600,1600,114,0,810,776.8461616513761,10.333981364965439,1785.8521323651075,7960.798245614035
1780926267,300,GET,/product/LS4PSXUNUM,1.300000,0.000000,900,1000,1000,1000,1200,1300,1300,1300,1300,1300,1300,117,0,800,746.6796450953708,16.912064515054226,2011.6098672151566,7955.48717948718
1780926267,300,GET,/product/OLJCESPC7Z,1.300000,0.000000,900,910,1100,1100,1300,1400,1400,1400,1400,1400,1400,106,0,900,852.7456509160264,16.608981415629387,1795.8144480362535,7995.707547169812
1780926267,300,,Aggregated,85.400000,0.000000,2000,2100,2200,2300,2400,2500,2600,2800,3100,3100,3100,8113,0,1600,1407.8697280618046,10.333981364965439,3293.069386854768,10650.690250215703
1780926268,300,GET,/,64.000000,0.000000,2100,2200,2300,2300,2400,2500,2700,2800,3100,3100,3100,6096,0,1900,1586.6435277841013,11.067726649343967,3293.069386854768,10538.90124671916
1780926268,300,POST,/cart,5.600000,0.000000,1700,1900,1900,2000,2100,2200,2500,2600,2600,2600,2600,699,0,1300,1215.2977077575542,20.281024277210236,2916.3228422403336,17479.236051502146
1780926268,300,POST,/cart/checkout,2.700000,0.000000,760,810,860,860,1200,1300,1400,1400,1400,1400,1400,313,0,590,590.7879380164103,18.988792784512043,1449.4369644671679,6801.674121405751
1780926268,300,GET,/product/0PUK6V6EV0,1.400000,0.000000,990,990,1100,1100,1100,1300,1300,1300,1300,1300,1300,123,0,790,749.9939732147548,12.4680669978261,1888.4636228904128,7970.487804878048
1780926268,300,GET,/product/1YMWWN1N4O,0.900000,0.000000,990,1000,1100,1100,1200,1200,1200,1200,1200,1200,1200,124,0,810,775.7298742015396,16.132216900587082,1806.9456070661545,7984.951612903225
1780926268,300,GET,/product/2ZYFJ3GM2N,1.100000,0.000000,1000,1100,1200,1200,1300,1400,1400,1400,1400,1400,1400,127,0,800,765.8271174731217,14.834134839475155,1723.7942982465029,7999.204724409449
1780926268,300,GET,/product/66VCHSJNUP,1.100000,0.000000,800,1000,1100,1200,1300,1300,1300,1300,1300,1300,1300,129,0,800,746.8857891251181,12.719000689685345,2119.4529067724943,7953.558139534884
1780926268,300,GET,/product/6E92ZMYYFZ,1.300000,0.000000,800,1000,1200,1200,1300,1300,1300,1300,1300,1300,1300,110,0,710,683.7723053568466,12.884697876870632,1919.607624411583,7941.009090909091
1780926268,300,GET,/product/9SIQT8TOJO,1.200000,0.000000,900,1000,1200,1200,1300,1400,1400,1400,1400,1400,1400,110,0,810,801.6084185801446,12.215454131364822,1708.8509751483798,7986.163636363636
1780926268,300,GET,/product/L9ECAV7KIM,0.900000,0.000000,1100,1200,1400,1400,1400,1600,1600,1600,1600,1600,1600,117,0,810,785.9308557568962,10.333981364965439,1785.8521323651075,7959.598290598291
1780926268,300,GET,/product/LS4PSXUNUM,1.200000,0.000000,900,1000,1000,1200,1300,1400,1400,1400,1400,1400,1400,121,0,800,753.2192788910398,16.912064515054226,2011.6098672151566,7957.479338842975
1780926268,300,GET,/product/OLJCESPC7Z,1.200000,0.000000,900,1100,1100,1100,1300,1400,1400,1400,1400,1400,1400,109,0,900,854.0405925585453,16.608981415629387,1795.8144480362535,7995.788990825688
1780926268,300,,Aggregated,82.600000,0.000000,2000,2100,2200,2300,2400,2500,2600,2800,3100,3100,3100,8178,0,1600,1409.661590683236,10.333981364965439,3293.069386854768,10653.230863291757
