Timestamp,User Count,Type,Name,Requests/s,Failures/s,50%,66%,75%,80%,90%,95%,98%,99%,99.9%,99.99%,100%,Total Request Count,Total Failure Count,Total Median Response Time,Total Average Response Time,Total Min Response Time,Total Max Response Time,Total Average Content Size
1780933049,0,,Aggregated,0.000000,0.000000,N/A,N/A,N/A,N/A,N/A,N/A,N/A,N/A,N/A,N/A,N/A,0,0,0,0.0,0,0,0
1780933050,5,GET,/,0.000000,0.000000,0,0,0,0,0,0,0,0,0,0,0,4,0,650,649.7764850500971,645.8877399563789,655.4589718580246,10210.0
1780933050,5,POST,/cart,0.000000,0.000000,0,0,0,0,0,0,0,0,0,0,0,1,0,685.90865470469,685.90865470469,685.90865470469,685.90865470469,16199.0
1780933050,5,,Aggregated,0.000000,0.000000,0,0,0,0,0,0,0,0,0,0,0,5,0,650,657.0029189810157,645.8877399563789,685.90865470469,11407.8
1780933051,10,GET,/,0.000000,0.000000,0,0,0,0,0,0,0,0,0,0,0,9,0,201.64289977401495,401.5352043012778,201.64289977401495,655.4589718580246,10210.0
1780933051,10,POST,/cart,0.000000,0.000000,0,0,0,0,0,0,0,0,0,0,0,1,0,685.90865470469,685.90865470469,685.90865470469,685.90865470469,16199.0
1780933051,10,,Aggregated,0.000000,0.000000,650,650,650,660,690,690,690,690,690,690,690,10,0,201.64289977401495,429.972549341619,201.64289977401495,685.90865470469,10808.9
1780933052,15,GET,/,0.000000,0.000000,400,400,400,400,400,420,420,420,420,420,420,16,0,400,399.97908216901124,201.64289977401495,655.4589718580246,10210.0
1780933052,15,POST,/cart,0.000000,0.000000,200,200,690,690,690,690,690,690,690,690,690,3,0,200,330.9203827132781,102.25334949791431,685.90865470469,16233.666666666666
1780933052,15,GET,/product/0PUK6V6EV0,0.000000,0.000000,0,0,0,0,0,0,0,0,0,0,0,1,0,103.72135136276484,103.72135136276484,103.72135136276484,103.72135136276484,7666.0
1780933052,15,GET,/product/6E92ZMYYFZ,0.000000,0.000000,0,0,0,0,0,0,0,0,0,0,0,2,0,100.72692576795816,101.33851692080498,100.72692576795816,101.95010807365179,7663.0
1780933052,15,GET,/product/L9ECAV7KIM,0.000000,0.000000,0,0,0,0,0,0,0,0,0,0,0,1,0,101.93943977355957,101.93943977355957,101.93943977355957,101.93943977355957,7652.0
1780933052,15,,Aggregated,0.000000,0.000000,360,400,420,650,650,660,690,690,690,690,690,23,0,360,339.1636646879108,100.72692576795816,685.90865470469,10552.391304347826
1780933054,20,GET,/,2.000000,0.000000,360,400,400,400,400,400,420,420,420,420,420,25,0,400,365.47566935420036,47.949003987014294,655.4589718580246,10217.12
1780933054,20,POST,/cart,0.500000,0.000000,290,290,690,690,690,690,690,690,690,690,690,4,0,200,320.0352212879807,102.25334949791431,685.90865470469,16235.5
1780933054,20,POST,/cart/checkout,0.000000,0.000000,0,0,0,0,0,0,0,0,0,0,0,1,0,161.09587159007788,161.09587159007788,161.09587159007788,161.09587159007788,6572.0
1780933054,20,GET,/product/0PUK6V6EV0,0.000000,0.000000,100,100,100,100,100,100,100,100,100,100,100,1,0,103.72135136276484,103.72135136276484,103.72135136276484,103.72135136276484,7666.0
1780933054,20,GET,/product/6E92ZMYYFZ,0.000000,0.000000,100,100,100,100,100,100,100,100,100,100,100,2,0,100.72692576795816,101.33851692080498,100.72692576795816,101.95010807365179,7663.0
1780933054,20,GET,/product/9SIQT8TOJO,0.000000,0.000000,0,0,0,0,0,0,0,0,0,0,0,1,0,100.82382056862116,100.82382056862116,100.82382056862116,100.82382056862116,7712.0
1780933054,20,GET,/product/L9ECAV7KIM,0.000000,0.000000,100,100,100,100,100,100,100,100,100,100,100,1,0,101.93943977355957,101.93943977355957,101.93943977355957,101.93943977355957,7652.0
1780933054,20,,Aggregated,2.500000,0.000000,290,400,400,400,650,660,690,690,690,690,690,35,0,290,316.77971817553043,47.949003987014294,685.90865470469,10437.085714285715
1780933055,25,GET,/,3.000000,0.000000,300,360,400,400,400,400,420,420,420,420,420,36,0,300,315.03612276477116,20.225302316248417,655.4589718580246,10214.944444444445
1780933055,25,POST,/cart,0.333333,0.000000,200,200,290,290,690,690,690,690,690,690,690,6,0,120,246.58368605499467,80.90720605105162,685.90865470469,16474.333333333332
1780933055,25,POST,/cart/checkout,0.000000,0.000000,66,66,66,66,66,66,66,66,66,66,66,3,0,66,87.85413143535455,36.9561780244112,161.09587159007788,6554.0
1780933055,25,GET,/product/0PUK6V6EV0,0.000000,0.000000,100,100,100,100,100,100,100,100,100,100,100,1,0,103.72135136276484,103.72135136276484,103.72135136276484,103.72135136276484,7666.0
1780933055,25,GET,/product/6E92ZMYYFZ,0.000000,0.000000,100,100,100,100,100,100,100,100,100,100,100,2,0,100.72692576795816,101.33851692080498,100.72692576795816,101.95010807365179,7663.0
1780933055,25,GET,/product/9SIQT8TOJO,0.000000,0.000000,100,100,100,100,100,100,100,100,100,100,100,1,0,100.82382056862116,100.82382056862116,100.82382056862116,100.82382056862116,7712.0
1780933055,25,GET,/product/L9ECAV7KIM,0.000000,0.000000,100,100,100,100,100,100,100,100,100,100,100,2,0,101.93943977355957,102.23693260923028,101.93943977355957,102.53442544490099,7661.0
1780933055,25,,Aggregated,3.333333,0.000000,210,300,400,400,420,650,660,690,690,690,690,51,0,210,268.55021570900493,20.225302316248417,685.90865470469,10436.70588235294
1780933056,30,GET,/,5.000000,0.000000,290,300,400,400,400,400,420,420,420,420,420,52,0,300,301.2865347644457,20.225302316248417,655.4589718580246,10218.557692307691
1780933056,30,POST,/cart,0.800000,0.000000,190,200,290,290,690,690,690,690,690,690,690,8,0,130,224.99161411542445,80.90720605105162,685.90865470469,16415.0
1780933056,30,POST,/cart/checkout,0.200000,0.000000,66,66,66,66,66,66,66,66,66,66,66,3,0,66,87.85413143535455,36.9561780244112,161.09587159007788,6554.0
1780933056,30,GET,/product/0PUK6V6EV0,0.200000,0.000000,100,100,100,100,100,100,100,100,100,100,100,1,0,103.72135136276484,103.72135136276484,103.72135136276484,103.72135136276484,7666.0
1780933056,30,GET,/product/1YMWWN1N4O,0.000000,0.000000,0,0,0,0,0,0,0,0,0,0,0,1,0,100.80951731652021,100.80951731652021,100.80951731652021,100.80951731652021,7789.0
1780933056,30,GET,/product/66VCHSJNUP,0.000000,0.000000,0,0,0,0,0,0,0,0,0,0,0,1,0,100.10084975510836,100.10084975510836,100.10084975510836,100.10084975510836,7636.0
1780933056,30,GET,/product/6E92ZMYYFZ,0.400000,0.000000,100,100,100,100,100,100,100,100,100,100,100,2,0,100.72692576795816,101.33851692080498,100.72692576795816,101.95010807365179,7663.0
1780933056,30,GET,/product/9SIQT8TOJO,0.200000,0.000000,100,100,100,100,100,100,100,100,100,100,100,1,0,100.82382056862116,100.82382056862116,100.82382056862116,100.82382056862116,7712.0
1780933056,30,GET,/product/L9ECAV7KIM,0.200000,0.000000,100,100,100,100,100,100,100,100,100,100,100,2,0,101.93943977355957,102.23693260923028,101.93943977355957,102.53442544490099,7661.0
1780933056,30,GET,/product/OLJCESPC7Z,0.000000,0.000000,0,0,0,0,0,0,0,0,0,0,0,1,0,103.42898685485125,103.42898685485125,103.42898685485125,103.42898685485125,7820.0
1780933056,30,,Aggregated,7.000000,0.000000,260,300,380,400,400,650,660,690,690,690,690,72,0,230,258.97820194303574,20.225302316248417,685.90865470469,10439.138888888889
1780933057,35,GET,/,5.000000,0.000000,290,300,360,400,400,400,410,420,420,420,420,64,0,290,284.3221946823178,20.225302316248417,655.4589718580246,10216.953125
1780933057,35,POST,/cart,0.800000,0.000000,190,190,200,290,690,690,690,690,690,690,690,10,0,130,201.5475987456739,23.119845427572727,685.90865470469,16381.7
1780933057,35,POST,/cart/checkout,0.200000,0.000000,66,66,66,66,66,66,66,66,66,66,66,3,0,66,87.85413143535455,36.9561780244112,161.09587159007788,6554.0
1780933057,35,GET,/product/0PUK6V6EV0,0.200000,0.000000,100,100,100,100,100,100,100,100,100,100,100,1,0,103.72135136276484,103.72135136276484,103.72135136276484,103.72135136276484,7666.0
1780933057,35,GET,/product/1YMWWN1N4O,0.000000,0.000000,100,100,110,110,110,110,110,110,110,110,110,4,0,100,81.28555258736014,16.269786283373833,105.8237487450242,7727.75
1780933057,35,GET,/product/66VCHSJNUP,0.000000,0.000000,97,97,97,97,97,97,97,97,97,97,97,2,0,97.34246134757996,98.72165555134416,97.34246134757996,100.10084975510836,7654.0
1780933057,35,GET,/product/6E92ZMYYFZ,0.400000,0.000000,100,100,100,100,100,100,100,100,100,100,100,3,0,100.72692576795816,101.1476640899976,100.72692576795816,101.95010807365179,7661.666666666667
1780933057,35,GET,/product/9SIQT8TOJO,0.200000,0.000000,100,100,100,100,100,100,100,100,100,100,100,1,0,100.82382056862116,100.82382056862116,100.82382056862116,100.82382056862116,7712.0
1780933057,35,GET,/product/L9ECAV7KIM,0.200000,0.000000,100,100,100,100,100,100,100,100,100,100,100,2,0,101.93943977355957,102.23693260923028,101.93943977355957,102.53442544490099,7661.0
1780933057,35,GET,/product/OLJCESPC7Z,0.000000,0.000000,100,100,100,100,100,100,100,100,100,100,100,1,0,103.42898685485125,103.42898685485125,103.42898685485125,103.42898685485125,7820.0
1780933057,35,,Aggregated,7.000000,0.000000,230,290,300,360,400,650,660,690,690,690,690,91,0,230,239.71577339734023,16.269786283373833,685.90865470469,10385.582417582418
1780933058,40,GET,/,6.000000,0.000000,270,290,300,350,400,400,410,420,420,420,420,81,0,280,268.08549932859563,20.225302316248417,655.4589718580246,10218.79012345679
1780933058,40,POST,/cart,1.000000,0.000000,180,190,190,200,290,690,690,690,690,690,690,13,0,180,191.01765350653574,23.119845427572727,685.90865470469,16347.384615384615
1780933058,40,POST,/cart/checkout,0.500000,0.000000,66,66,140,140,140,140,140,140,140,140,140,4,0,66,100.14407499693334,36.9561780244112,161.09587159007788,6548.0
1780933058,40,GET,/product/0PUK6V6EV0,0.166667,0.000000,100,100,100,100,100,100,100,100,100,100,100,1,0,103.72135136276484,103.72135136276484,103.72135136276484,103.72135136276484,7666.0
1780933058,40,GET,/product/1YMWWN1N4O,0.000000,0.000000,100,100,110,110,110,110,110,110,110,110,110,4,0,100,81.28555258736014,16.269786283373833,105.8237487450242,7727.75
1780933058,40,GET,/product/2ZYFJ3GM2N,0.000000,0.000000,0,0,0,0,0,0,0,0,0,0,0,1,0,149.27086886018515,149.27086886018515,149.27086886018515,149.27086886018515,7704.0
1780933058,40,GET,/product/66VCHSJNUP,0.000000,0.000000,99,99,99,99,99,99,99,99,99,99,99,3,0,99,98.77525921911001,97.34246134757996,100.10084975510836,7658.666666666667
1780933058,40,GET,/product/6E92ZMYYFZ,0.333333,0.000000,100,100,100,100,100,100,100,100,100,100,100,3,0,100.72692576795816,101.1476640899976,100.72692576795816,101.95010807365179,7661.666666666667
1780933058,40,GET,/product/9SIQT8TOJO,0.166667,0.000000,100,100,100,100,100,100,100,100,100,100,100,1,0,100.82382056862116,100.82382056862116,100.82382056862116,100.82382056862116,7712.0
1780933058,40,GET,/product/L9ECAV7KIM,0.333333,0.000000,100,100,100,100,100,100,100,100,100,100,100,2,0,101.93943977355957,102.23693260923028,101.93943977355957,102.53442544490099,7661.0
1780933058,40,GET,/product/OLJCESPC7Z,0.000000,0.000000,210,210,210,210,210,210,210,210,210,210,210,2,0,103.42898685485125,154.26959237083793,103.42898685485125,205.1101978868246,7758.5
1780933058,40,,Aggregated,8.500000,0.000000,200,290,300,300,400,420,650,660,690,690,690,115,0,200,229.48235923667318,16.269786283373833,685.90865470469,10410.634782608695
1780933059,45,GET,/,8.000000,0.000000,290,300,380,400,430,480,540,570,570,570,570,98,0,290,291.14209809245506,20.225302316248417,655.4589718580246,10220.897959183674
1780933059,45,POST,/cart,1.250000,0.000000,180,190,190,200,380,690,690,690,690,690,690,17,0,180,196.17274644620278,23.119845427572727,685.90865470469,16404.29411764706
1780933059,45,POST,/cart/checkout,0.375000,0.000000,66,66,140,140,140,140,140,140,140,140,140,4,0,66,100.14407499693334,36.9561780244112,161.09587159007788,6548.0
1780933059,45,GET,/product/0PUK6V6EV0,0.125000,0.000000,100,100,100,100,100,100,100,100,100,100,100,1,0,103.72135136276484,103.72135136276484,103.72135136276484,103.72135136276484,7666.0
1780933059,45,GET,/product/1YMWWN1N4O,0.500000,0.000000,100,100,110,110,110,110,110,110,110,110,110,4,0,100,81.28555258736014,16.269786283373833,105.8237487450242,7727.75
1780933059,45,GET,/product/2ZYFJ3GM2N,0.000000,0.000000,150,150,150,150,150,150,150,150,150,150,150,1,0,149.27086886018515,149.27086886018515,149.27086886018515,149.27086886018515,7704.0
1780933059,45,GET,/product/66VCHSJNUP,0.250000,0.000000,99,99,99,99,99,99,99,99,99,99,99,3,0,99,98.77525921911001,97.34246134757996,100.10084975510836,7658.666666666667
1780933059,45,GET,/product/6E92ZMYYFZ,0.375000,0.000000,100,100,100,100,100,100,100,100,100,100,100,3,0,100.72692576795816,101.1476640899976,100.72692576795816,101.95010807365179,7661.666666666667
1780933059,45,GET,/product/9SIQT8TOJO,0.125000,0.000000,100,100,100,100,100,100,100,100,100,100,100,1,0,100.82382056862116,100.82382056862116,100.82382056862116,100.82382056862116,7712.0
1780933059,45,GET,/product/L9ECAV7KIM,0.250000,0.000000,100,100,110,110,110,110,110,110,110,110,110,3,0,101.93943977355957,103.19880489259958,101.93943977355957,105.12254945933819,7657.333333333333
1780933059,45,GET,/product/OLJCESPC7Z,0.125000,0.000000,210,210,210,210,210,210,210,210,210,210,210,2,0,103.42898685485125,154.26959237083793,103.42898685485125,205.1101978868246,7758.5
1780933059,45,,Aggregated,11.375000,0.000000,230,290,340,400,440,540,650,660,690,690,690,137,0,230,249.3744614826393,16.269786283373833,685.90865470469,10548.583941605839
1780933060,50,GET,/,8.000000,0.000000,290,300,400,400,440,490,570,610,610,610,610,99,0,290,294.35331752580225,20.225302316248417,655.4589718580246,10220.787878787878
1780933060,50,POST,/cart,1.250000,0.000000,180,190,200,290,380,690,690,690,690,690,690,18,0,180,202.8322575820817,23.119845427572727,685.90865470469,16396.88888888889
1780933060,50,POST,/cart/checkout,0.375000,0.000000,280,280,300,300,300,300,300,300,300,300,300,7,0,160,183.2192258111068,36.9561780244112,303.0059216544032,6545.571428571428
1780933060,50,GET,/product/0PUK6V6EV0,0.125000,0.000000,100,100,100,100,100,100,100,100,100,100,100,1,0,103.72135136276484,103.72135136276484,103.72135136276484,103.72135136276484,7666.0
1780933060,50,GET,/product/1YMWWN1N4O,0.500000,0.000000,100,100,110,110,110,110,110,110,110,110,110,4,0,100,81.28555258736014,16.269786283373833,105.8237487450242,7727.75
1780933060,50,GET,/product/2ZYFJ3GM2N,0.000000,0.000000,150,150,150,150,150,150,150,150,150,150,150,1,0,149.27086886018515,149.27086886018515,149.27086886018515,149.27086886018515,7704.0
1780933060,50,GET,/product/66VCHSJNUP,0.250000,0.000000,99,99,99,99,99,99,99,99,99,99,99,3,0,99,98.77525921911001,97.34246134757996,100.10084975510836,7658.666666666667
1780933060,50,GET,/product/6E92ZMYYFZ,0.375000,0.000000,100,100,100,100,100,100,100,100,100,100,100,3,0,100.72692576795816,101.1476640899976,100.72692576795816,101.95010807365179,7661.666666666667
1780933060,50,GET,/product/9SIQT8TOJO,0.125000,0.000000,100,100,100,100,100,100,100,100,100,100,100,1,0,100.82382056862116,100.82382056862116,100.82382056862116,100.82382056862116,7712.0
1780933060,50,GET,/product/L9ECAV7KIM,0.250000,0.000000,100,100,110,110,110,110,110,110,110,110,110,3,0,101.93943977355957,103.19880489259958,101.93943977355957,105.12254945933819,7657.333333333333
1780933060,50,GET,/product/OLJCESPC7Z,0.125000,0.000000,210,210,210,210,210,210,210,210,210,210,210,2,0,103.42898685485125,154.26959237083793,103.42898685485125,205.1101978868246,7758.5
1780933060,50,,Aggregated,11.375000,0.000000,230,290,300,360,400,480,540,570,610,610,610,142,0,230,253.3194103711088,16.269786283373833,685.90865470469,10501.859154929578
1780933061,55,GET,/,9.700000,0.000000,360,480,790,880,1100,1200,1200,1200,1200,1200,1200,136,0,360,475.03236727789044,20.225302316248417,1201.9354114308953,10225.70588235294
1780933061,55,POST,/cart,1.700000,0.000000,180,190,290,320,380,400,400,400,400,400,400,21,0,180,217.60099403382767,23.119845427572727,685.90865470469,16441.904761904763
1780933061,55,POST,/cart/checkout,0.400000,0.000000,280,300,300,300,450,450,450,450,450,450,450,9,0,180,212.1213577273819,36.9561780244112,449.36263281852007,6551.111111111111
1780933061,55,GET,/product/0PUK6V6EV0,0.100000,0.000000,100,100,100,100,100,100,100,100,100,100,100,1,0,103.72135136276484,103.72135136276484,103.72135136276484,103.72135136276484,7666.0
1780933061,55,GET,/product/1YMWWN1N4O,0.400000,0.000000,110,110,390,390,390,390,390,390,390,390,390,5,0,100,143.60379576683044,16.269786283373833,392.87676848471165,7736.8
1780933061,55,GET,/product/2ZYFJ3GM2N,0.100000,0.000000,150,150,150,150,150,150,150,150,150,150,150,1,0,149.27086886018515,149.27086886018515,149.27086886018515,149.27086886018515,7704.0
1780933061,55,GET,/product/66VCHSJNUP,0.300000,0.000000,99,99,99,99,99,99,99,99,99,99,99,3,0,99,98.77525921911001,97.34246134757996,100.10084975510836,7658.666666666667
1780933061,55,GET,/product/6E92ZMYYFZ,0.300000,0.000000,100,100,100,100,100,100,100,100,100,100,100,3,0,100.72692576795816,101.1476640899976,100.72692576795816,101.95010807365179,7661.666666666667
1780933061,55,GET,/product/9SIQT8TOJO,0.100000,0.000000,100,100,100,100,100,100,100,100,100,100,100,1,0,100.82382056862116,100.82382056862116,100.82382056862116,100.82382056862116,7712.0
1780933061,55,GET,/product/L9ECAV7KIM,0.300000,0.000000,110,180,180,190,190,190,190,190,190,190,190,5,0,110,136.68306693434715,101.93943977355957,193.82127281278372,7683.0
1780933061,55,GET,/product/OLJCESPC7Z,0.200000,0.000000,230,230,250,250,250,250,250,250,250,250,250,4,0,210,197.64046254567802,103.42898685485125,254.81672026216984,7742.25
1780933061,55,,Aggregated,13.600000,0.000000,290,400,480,570,1000,1200,1200,1200,1200,1200,1200,189,0,290,392.74442337808154,16.269786283373833,1201.9354114308953,10434.111111111111
1780933062,60,GET,/,9.700000,0.000000,400,560,630,870,1100,1200,1200,1200,1200,1200,1200,151,0,400,479.330079574508,20.225302316248417,1201.9354114308953,10224.735099337748
1780933062,60,POST,/cart,1.700000,0.000000,180,190,320,350,380,400,400,400,400,400,400,22,0,180,223.6452699130909,23.119845427572727,685.90865470469,16432.863636363636
1780933062,60,POST,/cart/checkout,0.400000,0.000000,240,280,300,300,450,450,450,450,450,450,450,11,0,180,208.71567506004465,36.9561780244112,449.36263281852007,6548.909090909091
1780933062,60,GET,/product/0PUK6V6EV0,0.100000,0.000000,100,100,100,100,100,100,100,100,100,100,100,1,0,103.72135136276484,103.72135136276484,103.72135136276484,103.72135136276484,7666.0
1780933062,60,GET,/product/1YMWWN1N4O,0.400000,0.000000,110,110,390,390,390,390,390,390,390,390,390,5,0,100,143.60379576683044,16.269786283373833,392.87676848471165,7736.8
1780933062,60,GET,/product/2ZYFJ3GM2N,0.100000,0.000000,300,300,300,300,300,300,300,300,300,300,300,2,0,150,226.23395081609488,149.27086886018515,303.1970327720046,7700.0
1780933062,60,GET,/product/66VCHSJNUP,0.300000,0.000000,99,99,99,99,99,99,99,99,99,99,99,3,0,99,98.77525921911001,97.34246134757996,100.10084975510836,7658.666666666667
1780933062,60,GET,/product/6E92ZMYYFZ,0.300000,0.000000,100,100,100,100,100,100,100,100,100,100,100,3,0,100.72692576795816,101.1476640899976,100.72692576795816,101.95010807365179,7661.666666666667
1780933062,60,GET,/product/9SIQT8TOJO,0.100000,0.000000,200,200,200,200,200,200,200,200,200,200,200,2,0,100.82382056862116,150.14977799728513,100.82382056862116,199.4757354259491,7706.0
1780933062,60,GET,/product/L9ECAV7KIM,0.300000,0.000000,110,180,180,190,190,190,190,190,190,190,190,5,0,110,136.68306693434715,101.93943977355957,193.82127281278372,7683.0
1780933062,60,GET,/product/LS4PSXUNUM,0.000000,0.000000,0,0,0,0,0,0,0,0,0,0,0,1,0,307.77268670499325,307.77268670499325,307.77268670499325,307.77268670499325,7679.0
1780933062,60,GET,/product/OLJCESPC7Z,0.200000,0.000000,230,230,250,250,300,300,300,300,300,300,300,6,0,210,211.69818782558045,103.42898685485125,299.58591144531965,7747.0
1780933062,60,,Aggregated,13.600000,0.000000,300,400,540,590,950,1200,1200,1200,1200,1200,1200,212,0,300,396.37058530934155,16.269786283373833,1201.9354114308953,10345.259433962265
1780933063,65,GET,/,9.900000,0.000000,440,600,740,870,1100,1200,1200,1200,1200,1200,1200,167,0,400,496.05828803590316,20.225302316248417,1201.9354114308953,10225.45508982036
1780933063,65,POST,/cart,1.800000,0.000000,180,250,260,320,370,380,400,400,400,400,400,27,0,190,225.8314059495374,23.119845427572727,685.90865470469,16395.333333333332
1780933063,65,POST,/cart/checkout,0.700000,0.000000,190,280,300,300,300,450,450,450,450,450,450,12,0,180,207.49856112524867,36.9561780244112,449.36263281852007,6549.333333333333
1780933063,65,GET,/product/0PUK6V6EV0,0.100000,0.000000,100,100,100,100,100,100,100,100,100,100,100,1,0,103.72135136276484,103.72135136276484,103.72135136276484,103.72135136276484,7666.0
1780933063,65,GET,/product/1YMWWN1N4O,0.400000,0.000000,110,110,390,390,390,390,390,390,390,390,390,5,0,100,143.60379576683044,16.269786283373833,392.87676848471165,7736.8
1780933063,65,GET,/product/2ZYFJ3GM2N,0.100000,0.000000,200,200,300,300,300,300,300,300,300,300,300,4,0,150,169.5767603814602,27.561303228139877,303.1970327720046,7721.75
1780933063,65,GET,/product/66VCHSJNUP,0.300000,0.000000,99,99,99,99,99,99,99,99,99,99,99,3,0,99,98.77525921911001,97.34246134757996,100.10084975510836,7658.666666666667
1780933063,65,GET,/product/6E92ZMYYFZ,0.300000,0.000000,100,100,100,100,100,100,100,100,100,100,100,3,0,100.72692576795816,101.1476640899976,100.72692576795816,101.95010807365179,7661.666666666667
1780933063,65,GET,/product/9SIQT8TOJO,0.100000,0.000000,200,200,200,200,200,200,200,200,200,200,200,2,0,100.82382056862116,150.14977799728513,100.82382056862116,199.4757354259491,7706.0
1780933063,65,GET,/product/L9ECAV7KIM,0.300000,0.000000,110,180,180,190,190,190,190,190,190,190,190,6,0,110,131.71941926702857,101.93943977355957,193.82127281278372,7685.166666666667
1780933063,65,GET,/product/LS4PSXUNUM,0.000000,0.000000,310,310,310,310,310,310,310,310,310,310,310,1,0,307.77268670499325,307.77268670499325,307.77268670499325,307.77268670499325,7679.0
1780933063,65,GET,/product/OLJCESPC7Z,0.200000,0.000000,230,230,250,250,300,300,300,300,300,300,300,6,0,210,211.69818782558045,103.42898685485125,299.58591144531965,7747.0
1780933063,65,,Aggregated,14.200000,0.000000,300,480,590,690,930,1100,1200,1200,1200,1200,1200,237,0,300,405.89687267106166,16.269786283373833,1201.9354114308953,10412.654008438818
1780933064,70,GET,/,12.900000,0.000000,560,690,790,850,1000,1200,1200,1200,1200,1200,1200,206,0,440,513.177434127163,15.602869912981987,1201.9354114308953,10227.713592233009
1780933064,70,POST,/cart,2.000000,0.000000,190,250,260,320,370,380,400,400,400,400,400,28,0,190,226.71590811972106,23.119845427572727,685.90865470469,16389.321428571428
1780933064,70,POST,/cart/checkout,0.900000,0.000000,240,280,300,300,450,500,500,500,500,500,500,13,0,190,230.09237009458818,36.9561780244112,501.21807772666216,6549.846153846154
1780933064,70,GET,/product/0PUK6V6EV0,0.100000,0.000000,100,100,100,100,100,100,100,100,100,100,100,2,0,99.28879979997873,101.50507558137178,99.28879979997873,103.72135136276484,7691.0
1780933064,70,GET,/product/1YMWWN1N4O,0.500000,0.000000,110,110,390,390,390,390,390,390,390,390,390,5,0,100,143.60379576683044,16.269786283373833,392.87676848471165,7736.8
1780933064,70,GET,/product/2ZYFJ3GM2N,0.100000,0.000000,200,300,300,300,300,300,300,300,300,300,300,5,0,200,195.09027190506458,27.561303228139877,303.1970327720046,7720.6
1780933064,70,GET,/product/66VCHSJNUP,0.300000,0.000000,99,99,99,99,99,99,99,99,99,99,99,3,0,99,98.77525921911001,97.34246134757996,100.10084975510836,7658.666666666667
1780933064,70,GET,/product/6E92ZMYYFZ,0.300000,0.000000,100,100,100,100,100,100,100,100,100,100,100,3,0,100.72692576795816,101.1476640899976,100.72692576795816,101.95010807365179,7661.666666666667
1780933064,70,GET,/product/9SIQT8TOJO,0.100000,0.000000,200,200,200,200,200,200,200,200,200,200,200,2,0,100.82382056862116,150.14977799728513,100.82382056862116,199.4757354259491,7706.0
1780933064,70,GET,/product/L9ECAV7KIM,0.500000,0.000000,110,180,180,190,190,190,190,190,190,190,190,6,0,110,131.71941926702857,101.93943977355957,193.82127281278372,7685.166666666667
1780933064,70,GET,/product/LS4PSXUNUM,0.000000,0.000000,310,310,310,310,310,310,310,310,310,310,310,1,0,307.77268670499325,307.77268670499325,307.77268670499325,307.77268670499325,7679.0
1780933064,70,GET,/product/OLJCESPC7Z,0.400000,0.000000,230,250,300,300,300,300,300,300,300,300,300,7,0,230,223.97379856556654,103.42898685485125,299.58591144531965,7749.142857142857
1780933064,70,,Aggregated,18.100000,0.000000,400,560,690,760,900,1100,1200,1200,1200,1200,1200,281,0,350,428.8834600586749,15.602869912981987,1201.9354114308953,10366.669039145907
1780933065,75,GET,/,15.100000,0.000000,560,630,760,840,950,1200,1200,1200,1200,1200,1200,232,0,440,496.49589673359077,15.602869912981987,1201.9354114308953,10227.646551724138
1780933065,75,POST,/cart,2.400000,0.000000,230,250,260,320,370,380,400,400,400,400,400,32,0,190,222.60971151990816,23.119845427572727,685.90865470469,16416.03125
1780933065,75,POST,/cart/checkout,1.200000,0.000000,250,300,300,350,450,500,500,500,500,500,500,16,0,190,231.64375725900754,36.9561780244112,501.21807772666216,6548.875
1780933065,75,GET,/product/0PUK6V6EV0,0.000000,0.000000,100,100,100,100,100,100,100,100,100,100,100,2,0,99.28879979997873,101.50507558137178,99.28879979997873,103.72135136276484,7691.0
1780933065,75,GET,/product/1YMWWN1N4O,0.500000,0.000000,110,110,110,390,390,390,390,390,390,390,390,6,0,100,137.43436631436148,16.269786283373833,392.87676848471165,7732.333333333333
1780933065,75,GET,/product/2ZYFJ3GM2N,0.400000,0.000000,200,300,300,300,300,300,300,300,300,300,300,5,0,200,195.09027190506458,27.561303228139877,303.1970327720046,7720.6
1780933065,75,GET,/product/66VCHSJNUP,0.300000,0.000000,99,99,200,200,200,200,200,200,200,200,200,4,0,99,123.2361439615488,97.34246134757996,196.61879818886518,7662.0
1780933065,75,GET,/product/6E92ZMYYFZ,0.100000,0.000000,100,100,100,100,100,100,100,100,100,100,100,3,0,100.72692576795816,101.1476640899976,100.72692576795816,101.95010807365179,7661.666666666667
1780933065,75,GET,/product/9SIQT8TOJO,0.200000,0.000000,100,100,200,200,200,200,200,200,200,200,200,3,0,100.82382056862116,134.37753450125456,100.82382056862116,199.4757354259491,7705.333333333333
1780933065,75,GET,/product/L9ECAV7KIM,0.500000,0.000000,110,180,180,190,190,190,190,190,190,190,190,6,0,110,131.71941926702857,101.93943977355957,193.82127281278372,7685.166666666667
1780933065,75,GET,/product/LS4PSXUNUM,0.100000,0.000000,310,310,310,310,310,310,310,310,310,310,310,1,0,307.77268670499325,307.77268670499325,307.77268670499325,307.77268670499325,7679.0
1780933065,75,GET,/product/OLJCESPC7Z,0.600000,0.000000,230,250,300,300,300,300,300,300,300,300,300,8,0,210,208.7590912124142,102.25613974034786,299.58591144531965,7749.375
1780933065,75,,Aggregated,21.400000,0.000000,400,570,630,740,880,1100,1200,1200,1200,1200,1200,318,0,310,415.0553733936318,15.602869912981987,1201.9354114308953,10364.220125786163
1780933066,80,GET,/,15.100000,0.000000,560,630,750,810,950,1200,1200,1200,1200,1200,1200,251,0,410,481.8165682300747,15.602869912981987,1201.9354114308953,10227.72908366534
1780933066,80,POST,/cart,2.400000,0.000000,230,250,260,320,370,380,400,400,400,400,400,32,0,190,222.60971151990816,23.119845427572727,685.90865470469,16416.03125
1780933066,80,POST,/cart/checkout,1.200000,0.000000,240,280,300,300,450,500,500,500,500,500,500,19,0,190,219.3229144537135,36.9561780244112,501.21807772666216,6549.368421052632
1780933066,80,GET,/product/0PUK6V6EV0,0.000000,0.000000,100,100,100,100,100,100,100,100,100,100,100,2,0,99.28879979997873,101.50507558137178,99.28879979997873,103.72135136276484,7691.0
1780933066,80,GET,/product/1YMWWN1N4O,0.500000,0.000000,110,110,110,390,390,390,390,390,390,390,390,6,0,100,137.43436631436148,16.269786283373833,392.87676848471165,7732.333333333333
1780933066,80,GET,/product/2ZYFJ3GM2N,0.400000,0.000000,200,300,300,300,300,300,300,300,300,300,300,5,0,200,195.09027190506458,27.561303228139877,303.1970327720046,7720.6
1780933066,80,GET,/product/66VCHSJNUP,0.300000,0.000000,200,200,200,200,200,200,200,200,200,200,200,4,0,99,123.2361439615488,97.34246134757996,196.61879818886518,7662.0
1780933066,80,GET,/product/6E92ZMYYFZ,0.100000,0.000000,100,100,100,100,100,100,100,100,100,100,100,4,0,100.72692576795816,102.05167694948614,100.72692576795816,104.76371552795172,7655.5
1780933066,80,GET,/product/9SIQT8TOJO,0.200000,0.000000,100,100,200,200,200,200,200,200,200,200,200,3,0,100.82382056862116,134.37753450125456,100.82382056862116,199.4757354259491,7705.333333333333
1780933066,80,GET,/product/L9ECAV7KIM,0.500000,0.000000,180,180,190,190,190,190,190,190,190,190,190,6,0,110,131.71941926702857,101.93943977355957,193.82127281278372,7685.166666666667
1780933066,80,GET,/product/LS4PSXUNUM,0.100000,0.000000,310,310,310,310,310,310,310,310,310,310,310,1,0,307.77268670499325,307.77268670499325,307.77268670499325,307.77268670499325,7679.0
1780933066,80,GET,/product/OLJCESPC7Z,0.600000,0.000000,230,250,300,300,300,300,300,300,300,300,300,8,0,210,208.7590912124142,102.25613974034786,299.58591144531965,7749.375
1780933066,80,,Aggregated,21.400000,0.000000,400,560,630,740,880,1100,1200,1200,1200,1200,1200,341,0,310,405.57805952121697,15.602869912981987,1201.9354114308953,10315.134897360704
1780933067,85,GET,/,19.600000,0.000000,600,720,840,880,1100,1200,1200,1200,1300,1300,1300,292,0,500,530.0241605608329,15.602869912981987,1322.2290510311723,10229.202054794521
1780933067,85,POST,/cart,2.600000,0.000000,250,350,390,400,810,850,890,890,890,890,890,41,0,230,282.26048188147746,23.119845427572727,889.0607990324497,16444.39024390244
1780933067,85,POST,/cart/checkout,1.300000,0.000000,240,280,300,300,450,500,500,500,500,500,500,21,0,190,217.51659740472124,36.9561780244112,501.21807772666216,6551.047619047619
1780933067,85,GET,/product/0PUK6V6EV0,0.100000,0.000000,100,100,100,100,100,100,100,100,100,100,100,2,0,99.28879979997873,101.50507558137178,99.28879979997873,103.72135136276484,7691.0
1780933067,85,GET,/product/1YMWWN1N4O,0.500000,0.000000,110,270,390,390,590,590,590,590,590,590,590,8,0,110,210.60331410262734,16.269786283373833,588.8534765690565,7732.0
1780933067,85,GET,/product/2ZYFJ3GM2N,0.500000,0.000000,300,300,300,300,300,300,300,300,300,300,300,6,0,200,212.8303615997235,27.561303228139877,303.1970327720046,7719.5
1780933067,85,GET,/product/66VCHSJNUP,0.400000,0.000000,300,310,310,690,690,690,690,690,690,690,690,7,0,200,255.2378846864615,97.34246134757996,686.6527581587434,7667.428571428572
1780933067,85,GET,/product/6E92ZMYYFZ,0.100000,0.000000,100,100,270,270,270,270,270,270,270,270,270,5,0,100.72692576795816,135.18632017076015,100.72692576795816,267.7248930558562,7661.4
1780933067,85,GET,/product/9SIQT8TOJO,0.200000,0.000000,200,200,200,200,200,200,200,200,200,200,200,3,0,100.82382056862116,134.37753450125456,100.82382056862116,199.4757354259491,7705.333333333333
1780933067,85,GET,/product/L9ECAV7KIM,0.400000,0.000000,180,180,190,190,190,190,190,190,190,190,190,6,0,110,131.71941926702857,101.93943977355957,193.82127281278372,7685.166666666667
1780933067,85,GET,/product/LS4PSXUNUM,0.100000,0.000000,310,310,310,310,310,310,310,310,310,310,310,2,0,303.99385560303926,305.88327115401626,303.99385560303926,307.77268670499325,7731.5
1780933067,85,GET,/product/OLJCESPC7Z,0.800000,0.000000,230,250,300,300,300,300,300,300,300,300,300,8,0,210,208.7590912124142,102.25613974034786,299.58591144531965,7749.375
1780933067,85,,Aggregated,26.600000,0.000000,540,620,740,810,1000,1200,1200,1200,1300,1300,1300,401,0,370,448.9034593634846,15.602869912981987,1322.2290510311723,10376.403990024937
1780933068,90,GET,/,19.600000,0.000000,580,690,800,870,1100,1200,1200,1200,1300,1300,1300,324,0,440,495.4634275471355,15.602869912981987,1322.2290510311723,10229.503086419752
1780933068,90,POST,/cart,2.600000,0.000000,250,320,390,400,810,850,890,890,890,890,890,45,0,220,269.57990473343267,18.801805563271046,889.0607990324497,16456.955555555556
1780933068,90,POST,/cart/checkout,1.300000,0.000000,240,280,300,300,450,500,500,500,500,500,500,22,0,180,213.44459611414507,36.9561780244112,501.21807772666216,6552.772727272727
1780933068,90,GET,/product/0PUK6V6EV0,0.100000,0.000000,96,96,99,99,99,99,99,99,99,99,99,5,0,96,96.33892346173525,90.29539488255978,103.72135136276484,7726.0
1780933068,90,GET,/product/1YMWWN1N4O,0.500000,0.000000,390,390,590,590,590,590,590,590,590,590,590,8,0,110,210.60331410262734,16.269786283373833,588.8534765690565,7732.0
1780933068,90,GET,/product/2ZYFJ3GM2N,0.500000,0.000000,300,300,300,300,300,300,300,300,300,300,300,6,0,200,212.8303615997235,27.561303228139877,303.1970327720046,7719.5
1780933068,90,GET,/product/66VCHSJNUP,0.400000,0.000000,300,310,310,690,690,690,690,690,690,690,690,7,0,200,255.2378846864615,97.34246134757996,686.6527581587434,7667.428571428572
1780933068,90,GET,/product/6E92ZMYYFZ,0.100000,0.000000,100,100,270,270,270,270,270,270,270,270,270,6,0,100,127.85319937393069,91.18759538978338,267.7248930558562,7676.166666666667
1780933068,90,GET,/product/9SIQT8TOJO,0.200000,0.000000,120,120,200,200,200,200,200,200,200,200,200,5,0,100,107.09045864641666,11.448945850133896,199.4757354259491,7733.8
1780933068,90,GET,/product/L9ECAV7KIM,0.400000,0.000000,180,180,190,190,190,190,190,190,190,190,190,6,0,110,131.71941926702857,101.93943977355957,193.82127281278372,7685.166666666667
1780933068,90,GET,/product/LS4PSXUNUM,0.100000,0.000000,300,300,310,310,310,310,310,310,310,310,310,3,0,300,266.64292222509783,188.16222436726093,307.77268670499325,7713.333333333333
1780933068,90,GET,/product/OLJCESPC7Z,0.800000,0.000000,250,250,300,300,300,300,300,300,300,300,300,8,0,210,208.7590912124142,102.25613974034786,299.58591144531965,7749.375
1780933068,90,,Aggregated,26.600000,0.000000,450,610,700,800,980,1200,1200,1200,1300,1300,1300,445,0,330,420.5619895433107,11.448945850133896,1322.2290510311723,10371.977528089888
1780933069,95,GET,/,20.000000,0.000000,550,630,740,840,1000,1200,1200,1200,1300,1300,1300,367,0,400,461.4388610944355,15.602869912981987,1322.2290510311723,10230.128065395096
1780933069,95,POST,/cart,2.400000,0.000000,240,260,370,390,460,850,890,890,890,890,890,50,0,190,257.5580086745322,18.801805563271046,889.0607990324497,16521.22
1780933069,95,POST,/cart/checkout,1.600000,0.000000,190,240,280,280,450,500,500,500,500,500,500,23,0,180,211.72112777181295,36.9561780244112,501.21807772666216,6553.434782608696
1780933069,95,GET,/product/0PUK6V6EV0,0.100000,0.000000,96,96,99,99,99,99,99,99,99,99,99,5,0,96,96.33892346173525,90.29539488255978,103.72135136276484,7726.0
1780933069,95,GET,/product/1YMWWN1N4O,0.500000,0.000000,270,390,390,590,590,590,590,590,590,590,590,9,0,110,198.39353911164733,16.269786283373833,588.8534765690565,7740.333333333333
1780933069,95,GET,/product/2ZYFJ3GM2N,0.500000,0.000000,300,300,300,300,300,300,300,300,300,300,300,6,0,200,212.8303615997235,27.561303228139877,303.1970327720046,7719.5
1780933069,95,GET,/product/66VCHSJNUP,0.300000,0.000000,300,310,310,690,690,690,690,690,690,690,690,7,0,200,255.2378846864615,97.34246134757996,686.6527581587434,7667.428571428572
1780933069,95,GET,/product/6E92ZMYYFZ,0.200000,0.000000,100,100,270,270,270,270,270,270,270,270,270,6,0,100,127.85319937393069,91.18759538978338,267.7248930558562,7676.166666666667
1780933069,95,GET,/product/9SIQT8TOJO,0.200000,0.000000,110,120,120,200,200,200,200,200,200,200,200,6,0,100,108.16469959293802,11.448945850133896,199.4757354259491,7727.5
1780933069,95,GET,/product/L9ECAV7KIM,0.400000,0.000000,180,180,190,190,190,190,190,190,190,190,190,6,0,110,131.71941926702857,101.93943977355957,193.82127281278372,7685.166666666667
1780933069,95,GET,/product/LS4PSXUNUM,0.100000,0.000000,300,300,310,310,310,310,310,310,310,310,310,3,0,300,266.64292222509783,188.16222436726093,307.77268670499325,7713.333333333333
1780933069,95,GET,/product/OLJCESPC7Z,0.700000,0.000000,230,250,300,300,300,300,300,300,300,300,300,10,0,180,187.6689345575869,99.09415151923895,299.58591144531965,7750.6
1780933069,95,,Aggregated,27.000000,0.000000,360,580,660,740,920,1100,1200,1200,1300,1300,1300,498,0,290,396.20376354921234,11.448945850133896,1322.2290510311723,10399.012048192772
1780933070,100,GET,/,22.500000,0.000000,350,560,610,640,800,950,1200,1200,1300,1300,1300,404,0,350,440.9713747791282,15.602869912981987,1322.2290510311723,10230.267326732674
1780933070,100,POST,/cart,3.100000,0.000000,240,250,270,350,460,850,890,890,890,890,890,55,0,200,255.07376204160127,18.801805563271046,889.0607990324497,16574.49090909091
1780933070,100,POST,/cart/checkout,1.800000,0.000000,170,200,240,250,350,500,500,500,500,500,500,26,0,170,203.45136283252103,36.9561780244112,501.21807772666216,6552.7307692307695
1780933070,100,GET,/product/0PUK6V6EV0,0.100000,0.000000,96,99,99,180,180,180,180,180,180,180,180,6,0,96,110.5517353862524,90.29539488255978,181.61579500883818,7722.0
1780933070,100,GET,/product/1YMWWN1N4O,0.400000,0.000000,270,270,390,390,590,590,590,590,590,590,590,10,0,110,189.49712216854095,16.269786283373833,588.8534765690565,7737.9
1780933070,100,GET,/product/2ZYFJ3GM2N,0.600000,0.000000,200,300,300,300,300,300,300,300,300,300,300,8,0,190,196.39589241705835,27.561303228139877,303.1970327720046,7714.125
1780933070,100,GET,/product/66VCHSJNUP,0.500000,0.000000,300,310,310,690,690,690,690,690,690,690,690,8,0,110,237.07128840032965,97.34246134757996,686.6527581587434,7667.5
1780933070,100,GET,/product/6E92ZMYYFZ,0.200000,0.000000,100,100,270,270,270,270,270,270,270,270,270,6,0,100,127.85319937393069,91.18759538978338,267.7248930558562,7676.166666666667
1780933070,100,GET,/product/9SIQT8TOJO,0.200000,0.000000,110,120,120,200,200,200,200,200,200,200,200,6,0,100,108.16469959293802,11.448945850133896,199.4757354259491,7727.5
1780933070,100,GET,/product/L9ECAV7KIM,0.400000,0.000000,180,180,190,190,190,190,190,190,190,190,190,7,0,110,127.89933875735316,101.93943977355957,193.82127281278372,7682.428571428572
1780933070,100,GET,/product/LS4PSXUNUM,0.200000,0.000000,200,200,300,300,310,310,310,310,310,310,310,6,0,190,226.71745422606668,178.88553999364376,307.77268670499325,7699.166666666667
1780933070,100,GET,/product/OLJCESPC7Z,0.700000,0.000000,180,180,300,300,300,300,300,300,300,300,300,10,0,180,187.6689345575869,99.09415151923895,299.58591144531965,7750.6
1780933070,100,,Aggregated,30.700000,0.000000,280,430,570,610,750,870,1100,1200,1300,1300,1300,552,0,280,378.70587621970725,11.448945850133896,1322.2290510311723,10383.442028985508
1780933071,105,GET,/,24.300000,0.000000,310,440,590,620,780,920,1200,1200,1300,1300,1300,450,0,330,424.19234016703234,15.602869912981987,1322.2290510311723,10231.162222222221
1780933071,105,POST,/cart,3.200000,0.000000,230,250,260,280,460,850,890,890,890,890,890,62,0,190,248.40156649870258,18.801805563271046,889.0607990324497,16604.774193548386
1780933071,105,POST,/cart/checkout,1.800000,0.000000,130,190,200,250,350,500,500,500,500,500,500,28,0,160,194.08337901612478,34.83552951365709,501.21807772666216,6550.607142857143
1780933071,105,GET,/product/0PUK6V6EV0,0.400000,0.000000,99,180,190,190,190,190,190,190,190,190,190,8,0,99,129.5531454961747,90.29539488255978,187.02436983585358,7724.625
1780933071,105,GET,/product/1YMWWN1N4O,0.400000,0.000000,190,270,390,390,590,590,590,590,590,590,590,11,0,110,189.77525025944817,16.269786283373833,588.8534765690565,7742.545454545455
1780933071,105,GET,/product/2ZYFJ3GM2N,0.500000,0.000000,190,200,300,300,300,300,300,300,300,300,300,11,0,190,188.77645598893815,27.561303228139877,303.1970327720046,7729.0
1780933071,105,GET,/product/66VCHSJNUP,0.400000,0.000000,300,300,310,310,690,690,690,690,690,690,690,9,0,110,222.3883108753297,97.34246134757996,686.6527581587434,7670.888888888889
1780933071,105,GET,/product/6E92ZMYYFZ,0.300000,0.000000,100,100,270,270,270,270,270,270,270,270,270,6,0,100,127.85319937393069,91.18759538978338,267.7248930558562,7676.166666666667
1780933071,105,GET,/product/9SIQT8TOJO,0.400000,0.000000,110,120,120,200,200,200,200,200,200,200,200,6,0,100,108.16469959293802,11.448945850133896,199.4757354259491,7727.5
1780933071,105,GET,/product/L9ECAV7KIM,0.400000,0.000000,110,110,200,200,200,200,200,200,200,200,200,8,0,110,136.41114602796733,101.93943977355957,195.99379692226648,7695.75
1780933071,105,GET,/product/LS4PSXUNUM,0.300000,0.000000,190,200,300,300,310,310,310,310,310,310,310,7,0,190,220.25819322360414,178.88553999364376,307.77268670499325,7694.0
1780933071,105,GET,/product/OLJCESPC7Z,0.600000,0.000000,110,180,300,300,300,300,300,300,300,300,300,11,0,180,179.6206757426262,99.09415151923895,299.58591144531965,7747.363636363636
1780933071,105,,Aggregated,33.000000,0.000000,260,350,480,580,730,850,1100,1200,1300,1300,1300,617,0,280,364.5847729155175,11.448945850133896,1322.2290510311723,10390.640194489466
1780933072,110,GET,/,27.000000,0.000000,320,450,600,630,830,920,1100,1200,1300,1300,1300,479,0,350,438.06410008858666,15.602869912981987,1322.2290510311723,10231.367432150313
1780933072,110,POST,/cart,3.300000,0.000000,220,250,290,390,620,850,890,890,890,890,890,66,0,200,256.22988695448095,18.801805563271046,889.0607990324497,16583.424242424244
1780933072,110,POST,/cart/checkout,1.900000,0.000000,170,200,250,280,500,610,610,610,610,610,610,30,0,170,209.07014586652318,34.83552951365709,612.6214163377881,6551.7
1780933072,110,GET,/product/0PUK6V6EV0,0.400000,0.000000,99,180,190,190,190,190,190,190,190,190,190,8,0,99,129.5531454961747,90.29539488255978,187.02436983585358,7724.625
1780933072,110,GET,/product/1YMWWN1N4O,0.500000,0.000000,190,190,270,270,590,590,590,590,590,590,590,11,0,110,189.77525025944817,16.269786283373833,588.8534765690565,7742.545454545455
1780933072,110,GET,/product/2ZYFJ3GM2N,0.500000,0.000000,190,300,300,300,300,300,300,300,300,300,300,11,0,190,188.77645598893815,27.561303228139877,303.1970327720046,7729.0
1780933072,110,GET,/product/66VCHSJNUP,0.400000,0.000000,300,300,310,310,690,690,690,690,690,690,690,9,0,110,222.3883108753297,97.34246134757996,686.6527581587434,7670.888888888889
1780933072,110,GET,/product/6E92ZMYYFZ,0.300000,0.000000,100,100,270,270,270,270,270,270,270,270,270,6,0,100,127.85319937393069,91.18759538978338,267.7248930558562,7676.166666666667
1780933072,110,GET,/product/9SIQT8TOJO,0.500000,0.000000,110,110,120,120,120,120,120,120,120,120,120,6,0,100,108.16469959293802,11.448945850133896,199.4757354259491,7727.5
1780933072,110,GET,/product/L9ECAV7KIM,0.300000,0.000000,110,110,200,200,200,200,200,200,200,200,200,8,0,110,136.41114602796733,101.93943977355957,195.99379692226648,7695.75
1780933072,110,GET,/product/LS4PSXUNUM,0.300000,0.000000,190,200,300,300,310,310,310,310,310,310,310,7,0,190,220.25819322360414,178.88553999364376,307.77268670499325,7694.0
1780933072,110,GET,/product/OLJCESPC7Z,0.800000,0.000000,100,110,110,300,300,300,300,300,300,300,300,11,0,180,179.6206757426262,99.09415151923895,299.58591144531965,7747.363636363636
1780933072,110,,Aggregated,36.200000,0.000000,280,370,530,600,800,890,1100,1200,1300,1300,1300,652,0,290,377.6733143186551,11.448945850133896,1322.2290510311723,10407.930981595093
1780933073,115,GET,/,31.700000,0.000000,310,380,460,570,790,920,1100,1200,1300,1300,1300,529,0,340,423.2197001502481,14.673405326902866,1322.2290510311723,10232.207939508507
1780933073,115,POST,/cart,4.100000,0.000000,210,260,280,310,460,810,890,890,890,890,890,72,0,190,249.18941549387657,18.801805563271046,889.0607990324497,16574.541666666668
1780933073,115,POST,/cart/checkout,1.900000,0.000000,170,210,230,250,350,610,610,610,610,610,610,32,0,170,209.5763856486883,34.83552951365709,612.6214163377881,6552.21875
1780933073,115,GET,/product/0PUK6V6EV0,0.700000,0.000000,99,180,190,190,190,190,190,190,190,190,190,9,0,99,123.41456446382735,74.30591620504856,187.02436983585358,7721.444444444444
1780933073,115,GET,/product/1YMWWN1N4O,0.600000,0.000000,110,190,270,270,590,590,590,590,590,590,590,13,0,110,169.50348427949044,16.269786283373833,588.8534765690565,7744.384615384615
1780933073,115,GET,/product/2ZYFJ3GM2N,1.000000,0.000000,180,190,300,300,300,300,300,300,300,300,300,13,0,180,181.3273848965764,27.561303228139877,303.1970327720046,7731.538461538462
1780933073,115,GET,/product/66VCHSJNUP,0.600000,0.000000,210,300,310,310,690,690,690,690,690,690,690,11,0,180,217.89926586841995,97.34246134757996,686.6527581587434,7687.818181818182
1780933073,115,GET,/product/6E92ZMYYFZ,0.300000,0.000000,180,180,270,270,270,270,270,270,270,270,270,7,0,100,135.77210251241922,91.18759538978338,267.7248930558562,7671.714285714285
1780933073,115,GET,/product/9SIQT8TOJO,0.500000,0.000000,120,120,210,210,290,290,290,290,290,290,290,8,0,110,143.61122355330735,11.448945850133896,288.67096826434135,7737.75
1780933073,115,GET,/product/L9ECAV7KIM,0.300000,0.000000,110,110,200,200,200,200,200,200,200,200,200,8,0,110,136.41114602796733,101.93943977355957,195.99379692226648,7695.75
1780933073,115,GET,/product/LS4PSXUNUM,0.700000,0.000000,190,200,300,300,310,310,310,310,310,310,310,7,0,190,220.25819322360414,178.88553999364376,307.77268670499325,7694.0
1780933073,115,GET,/product/OLJCESPC7Z,0.700000,0.000000,100,100,110,110,110,110,110,110,110,110,110,11,0,180,179.6206757426262,99.09415151923895,299.58591144531965,7747.363636363636
1780933073,115,,Aggregated,43.100000,0.000000,260,330,390,460,660,850,1100,1200,1300,1300,1300,720,0,290,365.7054811108133,11.448945850133896,1322.2290510311723,10399.12638888889
1780933074,120,GET,/,32.800000,0.000000,310,370,400,470,710,890,1100,1200,1300,1300,1300,581,0,330,413.0596693400005,14.673405326902866,1322.2290510311723,10233.130808950085
1780933074,120,POST,/cart,4.400000,0.000000,210,250,280,290,460,810,890,890,890,890,890,76,0,200,247.7042458485812,18.801805563271046,889.0607990324497,16594.75
1780933074,120,POST,/cart/checkout,1.900000,0.000000,170,200,220,230,280,390,610,610,610,610,610,38,0,170,208.24524632802135,34.83552951365709,612.6214163377881,6551.5
1780933074,120,GET,/product/0PUK6V6EV0,0.700000,0.000000,99,180,190,190,190,190,190,190,190,190,190,9,0,99,123.41456446382735,74.30591620504856,187.02436983585358,7721.444444444444
1780933074,120,GET,/product/1YMWWN1N4O,0.600000,0.000000,180,190,200,270,590,590,590,590,590,590,590,15,0,110,172.25279627988735,16.269786283373833,588.8534765690565,7745.466666666666
1780933074,120,GET,/product/2ZYFJ3GM2N,0.900000,0.000000,110,180,190,300,300,300,300,300,300,300,300,15,0,150,170.75180585185686,27.561303228139877,303.1970327720046,7736.866666666667
1780933074,120,GET,/product/66VCHSJNUP,0.600000,0.000000,210,300,310,310,690,690,690,690,690,690,690,11,0,180,217.89926586841995,97.34246134757996,686.6527581587434,7687.818181818182
1780933074,120,GET,/product/6E92ZMYYFZ,0.300000,0.000000,180,180,270,270,270,270,270,270,270,270,270,7,0,100,135.77210251241922,91.18759538978338,267.7248930558562,7671.714285714285
1780933074,120,GET,/product/9SIQT8TOJO,0.400000,0.000000,120,120,210,210,290,290,290,290,290,290,290,8,0,110,143.61122355330735,11.448945850133896,288.67096826434135,7737.75
1780933074,120,GET,/product/L9ECAV7KIM,0.300000,0.000000,110,110,200,200,200,200,200,200,200,200,200,8,0,110,136.41114602796733,101.93943977355957,195.99379692226648,7695.75
1780933074,120,GET,/product/LS4PSXUNUM,0.600000,0.000000,190,190,200,200,300,300,300,300,300,300,300,7,0,190,220.25819322360414,178.88553999364376,307.77268670499325,7694.0
1780933074,120,GET,/product/OLJCESPC7Z,0.500000,0.000000,110,110,200,200,200,200,200,200,200,200,200,13,0,200,182.70482359310756,99.09415151923895,299.58591144531965,7747.692307692308
1780933074,120,,Aggregated,44.000000,0.000000,260,330,380,410,630,840,1100,1200,1300,1300,1300,788,0,290,358.4857305859305,11.448945850133896,1322.2290510311723,10372.651015228426
1780933075,125,GET,/,36.100000,0.000000,280,340,390,440,680,890,1100,1200,1300,1300,1300,625,0,310,396.72985716462136,14.673405326902866,1322.2290510311723,10233.6384
1780933075,125,POST,/cart,4.500000,0.000000,210,260,280,290,460,810,890,890,890,890,890,78,0,190,244.97134756678955,18.801805563271046,889.0607990324497,16603.53846153846
1780933075,125,POST,/cart/checkout,2.000000,0.000000,170,190,220,230,280,390,610,610,610,610,610,41,0,170,204.44253223334871,34.83552951365709,612.6214163377881,6550.8536585365855
1780933075,125,GET,/product/0PUK6V6EV0,0.800000,0.000000,96,180,190,190,190,190,190,190,190,190,190,9,0,99,123.41456446382735,74.30591620504856,187.02436983585358,7721.444444444444
1780933075,125,GET,/product/1YMWWN1N4O,0.800000,0.000000,180,190,200,270,590,590,590,590,590,590,590,15,0,110,172.25279627988735,16.269786283373833,588.8534765690565,7745.466666666666
1780933075,125,GET,/product/2ZYFJ3GM2N,0.900000,0.000000,110,180,190,190,300,300,300,300,300,300,300,16,0,150,170.64027849119157,27.561303228139877,303.1970327720046,7734.4375
1780933075,125,GET,/product/66VCHSJNUP,0.800000,0.000000,180,210,300,310,690,690,690,690,690,690,690,13,0,110,193.95183965277212,24.42186512053013,686.6527581587434,7692.538461538462
1780933075,125,GET,/product/6E92ZMYYFZ,0.400000,0.000000,180,180,270,270,270,270,270,270,270,270,270,8,0,100,131.98412919882685,91.18759538978338,267.7248930558562,7667.875
1780933075,125,GET,/product/9SIQT8TOJO,0.600000,0.000000,120,210,210,290,290,290,290,290,290,290,290,8,0,110,143.61122355330735,11.448945850133896,288.67096826434135,7737.75
1780933075,125,GET,/product/L9ECAV7KIM,0.200000,0.000000,200,200,200,200,200,200,200,200,200,200,200,8,0,110,136.41114602796733,101.93943977355957,195.99379692226648,7695.75
1780933075,125,GET,/product/LS4PSXUNUM,0.600000,0.000000,180,180,190,190,200,300,300,300,300,300,300,12,0,180,160.6273859894524,17.95974839478731,307.77268670499325,7706.25
1780933075,125,GET,/product/OLJCESPC7Z,0.500000,0.000000,100,110,200,200,200,200,200,200,200,200,200,14,0,180,176.64668316553747,97.89085760712624,299.58591144531965,7745.928571428572
1780933075,125,,Aggregated,48.200000,0.000000,240,310,360,400,620,830,1000,1200,1300,1300,1300,847,0,270,344.8510569560978,11.448945850133896,1322.2290510311723,10336.296340023613
1780933076,130,GET,/,36.100000,0.000000,270,330,380,400,580,690,830,860,1000,1000,1000,662,0,320,401.968798393333,14.673405326902866,1322.2290510311723,10233.796072507554
1780933076,130,POST,/cart,4.500000,0.000000,190,250,260,270,310,340,620,620,620,620,620,82,0,200,245.95243413364742,18.801805563271046,889.0607990324497,16586.170731707316
1780933076,130,POST,/cart/checkout,2.000000,0.000000,170,180,220,230,280,390,610,610,610,610,610,45,0,170,199.89711062775717,34.83552951365709,612.6214163377881,6551.666666666667
1780933076,130,GET,/product/0PUK6V6EV0,0.800000,0.000000,96,180,190,190,190,190,190,190,190,190,190,9,0,99,123.41456446382735,74.30591620504856,187.02436983585358,7721.444444444444
1780933076,130,GET,/product/1YMWWN1N4O,0.800000,0.000000,190,200,200,270,590,590,590,590,590,590,590,16,0,110,173.86036226525903,16.269786283373833,588.8534765690565,7742.25
1780933076,130,GET,/product/2ZYFJ3GM2N,0.900000,0.000000,110,170,190,190,300,300,300,300,300,300,300,17,0,150,166.6475694407435,27.561303228139877,303.1970327720046,7734.529411764706
1780933076,130,GET,/product/66VCHSJNUP,0.800000,0.000000,180,210,300,310,690,690,690,690,690,690,690,13,0,110,193.95183965277212,24.42186512053013,686.6527581587434,7692.538461538462
1780933076,130,GET,/product/6E92ZMYYFZ,0.400000,0.000000,180,190,190,290,290,290,290,290,290,290,290,10,0,100,153.6461022682488,91.18759538978338,288.9764253050089,7668.9
1780933076,130,GET,/product/9SIQT8TOJO,0.600000,0.000000,120,210,210,290,290,290,290,290,290,290,290,8,0,110,143.61122355330735,11.448945850133896,288.67096826434135,7737.75
1780933076,130,GET,/product/L9ECAV7KIM,0.200000,0.000000,200,200,200,200,200,200,200,200,200,200,200,10,0,110,147.99909377470613,101.93943977355957,197.71438464522362,7709.0
1780933076,130,GET,/product/LS4PSXUNUM,0.600000,0.000000,180,180,190,190,200,280,280,280,280,280,280,13,0,180,169.71967340661928,17.95974839478731,307.77268670499325,7710.692307692308
1780933076,130,GET,/product/OLJCESPC7Z,0.500000,0.000000,110,190,200,200,200,200,200,200,200,200,200,15,0,190,177.81667802482843,97.89085760712624,299.58591144531965,7741.2
1780933076,130,,Aggregated,48.200000,0.000000,230,290,330,370,480,630,810,840,1000,1000,1000,900,0,270,348.3918236216737,11.448945850133896,1322.2290510311723,10318.40111111111
1780933077,135,GET,/,38.900000,0.000000,290,360,410,480,630,750,830,840,1000,1000,1000,726,0,330,407.57838534909627,14.673405326902866,1322.2290510311723,10234.517906336088
1780933077,135,POST,/cart,4.600000,0.000000,210,260,290,300,340,350,620,620,620,620,620,89,0,210,247.71869989384092,18.801805563271046,889.0607990324497,16590.157303370786
1780933077,135,POST,/cart/checkout,2.500000,0.000000,170,200,210,220,280,390,610,610,610,610,610,48,0,170,199.06354689737782,34.83552951365709,612.6214163377881,6552.666666666667
1780933077,135,GET,/product/0PUK6V6EV0,0.700000,0.000000,100,180,180,190,190,190,190,190,190,190,190,11,0,100,126.89970095049252,74.30591620504856,187.02436983585358,7724.727272727273
1780933077,135,GET,/product/1YMWWN1N4O,1.000000,0.000000,180,190,200,200,200,200,200,200,200,200,200,17,0,110,175.61992444097996,16.269786283373833,588.8534765690565,7739.176470588235
1780933077,135,GET,/product/2ZYFJ3GM2N,1.100000,0.000000,110,110,180,180,190,300,300,300,300,300,300,18,0,110,163.06189525251588,27.561303228139877,303.1970327720046,7739.111111111111
1780933077,135,GET,/product/66VCHSJNUP,0.900000,0.000000,110,110,180,180,210,210,210,210,210,210,210,13,0,110,193.95183965277212,24.42186512053013,686.6527581587434,7692.538461538462
1780933077,135,GET,/product/6E92ZMYYFZ,0.500000,0.000000,180,190,290,290,300,300,300,300,300,300,300,12,0,100,161.3193447701633,91.18759538978338,297.4528409540653,7665.916666666667
1780933077,135,GET,/product/9SIQT8TOJO,0.500000,0.000000,210,210,290,290,290,290,290,290,290,290,290,9,0,120,147.4404460233119,11.448945850133896,288.67096826434135,7731.555555555556
1780933077,135,GET,/product/L9ECAV7KIM,0.200000,0.000000,200,200,200,210,210,210,210,210,210,210,210,11,0,180,153.2274258577011,101.93943977355957,205.51074668765068,7713.363636363636
1780933077,135,GET,/product/LS4PSXUNUM,1.100000,0.000000,130,180,180,190,200,280,280,280,280,280,280,16,0,130,156.91357443574816,17.95974839478731,307.77268670499325,7704.375
1780933077,135,GET,/product/OLJCESPC7Z,0.600000,0.000000,110,190,200,200,200,300,300,300,300,300,300,19,0,180,175.9527601595772,97.89085760712624,299.58591144531965,7745.894736842105
1780933077,135,,Aggregated,52.600000,0.000000,240,310,370,400,590,680,810,840,1000,1000,1000,989,0,280,352.0160396672838,11.448945850133896,1322.2290510311723,10307.40242669363
1780933078,140,GET,/,41.100000,0.000000,290,350,410,480,630,750,830,840,1000,1000,1000,772,0,310,393.36086819286174,13.890696689486504,1322.2290510311723,10235.016839378239
1780933078,140,POST,/cart,5.000000,0.000000,210,260,290,300,340,350,620,620,620,620,620,91,0,210,246.84201346730794,18.801805563271046,889.0607990324497,16598.153846153848
1780933078,140,POST,/cart/checkout,2.600000,0.000000,170,190,210,220,280,390,610,610,610,610,610,50,0,170,195.53713254630566,34.83552951365709,612.6214163377881,6553.06
1780933078,140,GET,/product/0PUK6V6EV0,0.700000,0.000000,180,180,190,190,190,190,190,190,190,190,190,11,0,100,126.89970095049252,74.30591620504856,187.02436983585358,7724.727272727273
1780933078,140,GET,/product/1YMWWN1N4O,1.000000,0.000000,180,190,200,200,200,200,200,200,200,200,200,18,0,110,171.3758814148605,16.269786283373833,588.8534765690565,7737.888888888889
1780933078,140,GET,/product/2ZYFJ3GM2N,1.200000,0.000000,110,170,170,180,190,300,300,300,300,300,300,20,0,110,160.0247249007225,27.561303228139877,303.1970327720046,7734.8
1780933078,140,GET,/product/66VCHSJNUP,0.900000,0.000000,110,110,180,180,210,210,210,210,210,210,210,13,0,110,193.95183965277212,24.42186512053013,686.6527581587434,7692.538461538462
1780933078,140,GET,/product/6E92ZMYYFZ,0.600000,0.000000,180,190,290,290,300,300,300,300,300,300,300,12,0,100,161.3193447701633,91.18759538978338,297.4528409540653,7665.916666666667
1780933078,140,GET,/product/9SIQT8TOJO,0.500000,0.000000,180,210,210,290,290,290,290,290,290,290,290,10,0,110,142.6200684159994,11.448945850133896,288.67096826434135,7739.3
1780933078,140,GET,/product/L9ECAV7KIM,0.400000,0.000000,200,200,200,200,210,210,210,210,210,210,210,12,0,110,142.40245381370187,23.327761329710484,205.51074668765068,7716.833333333333
1780933078,140,GET,/product/LS4PSXUNUM,1.200000,0.000000,120,180,180,180,200,280,280,280,280,280,280,17,0,130,153.32798791282318,17.95974839478731,307.77268670499325,7702.411764705882
1780933078,140,GET,/product/OLJCESPC7Z,0.700000,0.000000,110,190,200,200,200,300,300,300,300,300,300,19,0,180,175.9527601595772,97.89085760712624,299.58591144531965,7745.894736842105
1780933078,140,,Aggregated,55.900000,0.000000,240,310,370,400,590,680,810,840,1000,1000,1000,1045,0,270,341.75803023145386,11.448945850133896,1322.2290510311723,10295.282296650717
1780933079,145,GET,/,43.400000,0.000000,300,360,400,480,620,710,830,840,1000,1000,1000,828,0,310,386.070256754711,13.890696689486504,1322.2290510311723,10235.582125603865
1780933079,145,POST,/cart,4.800000,0.000000,210,260,300,310,340,420,620,620,620,620,620,92,0,210,246.41566168840814,18.801805563271046,889.0607990324497,16594.42391304348
1780933079,145,POST,/cart/checkout,2.600000,0.000000,180,190,210,220,270,390,610,610,610,610,610,57,0,170,193.30269534532962,34.83552951365709,612.6214163377881,6552.368421052632
1780933079,145,GET,/product/0PUK6V6EV0,0.900000,0.000000,180,180,190,190,190,190,190,190,190,190,190,12,0,100,125.13412511907518,74.30591620504856,187.02436983585358,7723.5
1780933079,145,GET,/product/1YMWWN1N4O,0.900000,0.000000,190,200,200,200,200,200,200,200,200,200,200,18,0,110,171.3758814148605,16.269786283373833,588.8534765690565,7737.888888888889
1780933079,145,GET,/product/2ZYFJ3GM2N,1.200000,0.000000,100,110,170,170,180,300,300,300,300,300,300,20,0,110,160.0247249007225,27.561303228139877,303.1970327720046,7734.8
1780933079,145,GET,/product/66VCHSJNUP,0.600000,0.000000,100,100,180,180,210,210,210,210,210,210,210,14,0,100,187.40577423678977,24.42186512053013,686.6527581587434,7691.357142857143
1780933079,145,GET,/product/6E92ZMYYFZ,0.600000,0.000000,180,190,290,290,300,300,300,300,300,300,300,13,0,100,156.97517396452335,91.18759538978338,297.4528409540653,7673.7692307692305
1780933079,145,GET,/product/9SIQT8TOJO,0.600000,0.000000,200,200,210,210,290,290,290,290,290,290,290,11,0,120,147.88752421736717,11.448945850133896,288.67096826434135,7742.727272727273
1780933079,145,GET,/product/L9ECAV7KIM,0.500000,0.000000,200,200,200,210,210,210,210,210,210,210,210,12,0,110,142.40245381370187,23.327761329710484,205.51074668765068,7716.833333333333
1780933079,145,GET,/product/LS4PSXUNUM,1.400000,0.000000,100,130,170,180,190,280,280,280,280,280,280,20,0,130,153.60625945031643,17.95974839478731,307.77268670499325,7703.85
1780933079,145,GET,/product/OLJCESPC7Z,1.100000,0.000000,180,190,200,200,300,300,300,300,300,300,300,20,0,180,172.15645494870842,97.89085760712624,299.58591144531965,7748.5
1780933079,145,,Aggregated,58.600000,0.000000,250,310,370,400,580,680,800,840,1000,1000,1000,1117,0,270,336.308631664117,11.448945850133896,1322.2290510311723,10256.178155774396
1780933080,150,GET,/,44.200000,0.000000,310,390,450,510,630,750,830,840,1000,1000,1000,867,0,320,388.2682513050314,13.890696689486504,1322.2290510311723,10235.663206459054
1780933080,150,POST,/cart,4.600000,0.000000,230,260,300,310,340,420,620,620,620,620,620,96,0,210,244.41779007126266,18.801805563271046,889.0607990324497,16578.729166666668
1780933080,150,POST,/cart/checkout,2.800000,0.000000,180,200,220,230,270,390,610,610,610,610,610,60,0,170,191.13953082511821,34.83552951365709,612.6214163377881,6552.716666666666
1780933080,150,GET,/product/0PUK6V6EV0,0.600000,0.000000,180,190,190,190,290,290,290,290,290,290,290,13,0,100,137.66380342153403,74.30591620504856,288.0199430510402,7730.076923076923
1780933080,150,GET,/product/1YMWWN1N4O,1.000000,0.000000,190,200,200,200,630,630,630,630,630,630,630,19,0,110,195.39408326933258,16.269786283373833,627.7217166498303,7737.578947368421
1780933080,150,GET,/product/2ZYFJ3GM2N,1.400000,0.000000,100,170,170,180,300,630,630,630,630,630,630,21,0,150,182.52650497569925,27.561303228139877,632.562106475234,7735.333333333333
1780933080,150,GET,/product/66VCHSJNUP,0.600000,0.000000,100,100,180,180,210,210,210,210,210,210,210,14,0,100,187.40577423678977,24.42186512053013,686.6527581587434,7691.357142857143
1780933080,150,GET,/product/6E92ZMYYFZ,0.600000,0.000000,190,290,300,620,630,630,630,630,630,630,630,16,0,110,216.5449379826896,91.18759538978338,627.8138514608145,7689.9375
1780933080,150,GET,/product/9SIQT8TOJO,0.500000,0.000000,200,200,210,210,290,290,290,290,290,290,290,12,0,110,144.61188421895108,11.448945850133896,288.67096826434135,7739.833333333333
1780933080,150,GET,/product/L9ECAV7KIM,0.600000,0.000000,200,200,200,210,210,210,210,210,210,210,210,12,0,110,142.40245381370187,23.327761329710484,205.51074668765068,7716.833333333333
1780933080,150,GET,/product/LS4PSXUNUM,1.400000,0.000000,100,130,180,190,280,280,280,280,280,280,280,21,0,170,159.77145163785843,17.95974839478731,307.77268670499325,7707.952380952381
1780933080,150,GET,/product/OLJCESPC7Z,1.100000,0.000000,180,200,200,200,300,430,430,430,430,430,430,21,0,180,184.29383240817558,97.89085760712624,427.0413815975189,7746.523809523809
1780933080,150,,Aggregated,59.400000,0.000000,270,340,400,450,610,680,800,840,1000,1000,1000,1172,0,280,339.29536696014856,11.448945850133896,1322.2290510311723,10247.209897610921
1780933081,150,GET,/,45.800000,0.000000,330,430,530,570,660,720,840,890,970,970,970,937,0,340,407.1832095782731,13.890696689486504,1322.2290510311723,10236.215581643542
1780933081,150,POST,/cart,4.200000,0.000000,230,260,300,320,370,530,650,650,650,650,650,103,0,220,253.74197910169084,18.801805563271046,889.0607990324497,16583.417475728154
1780933081,150,POST,/cart/checkout,3.300000,0.000000,180,190,210,220,250,280,390,390,390,390,390,62,0,170,191.44923271491163,34.83552951365709,612.6214163377881,6552.4838709677415
1780933081,150,GET,/product/0PUK6V6EV0,0.700000,0.000000,110,180,180,290,290,290,290,290,290,290,290,13,0,100,137.66380342153403,74.30591620504856,288.0199430510402,7730.076923076923
1780933081,150,GET,/product/1YMWWN1N4O,0.900000,0.000000,200,200,220,220,630,630,630,630,630,630,630,21,0,180,197.46898460601057,16.269786283373833,627.7217166498303,7740.428571428572
1780933081,150,GET,/product/2ZYFJ3GM2N,1.400000,0.000000,110,170,170,180,630,630,630,630,630,630,630,21,0,150,182.52650497569925,27.561303228139877,632.562106475234,7735.333333333333
1780933081,150,GET,/product/66VCHSJNUP,0.700000,0.000000,180,210,220,220,230,230,230,230,230,230,230,16,0,110,191.87783176312223,24.42186512053013,686.6527581587434,7689.6875
1780933081,150,GET,/product/6E92ZMYYFZ,0.700000,0.000000,190,290,300,300,620,630,630,630,630,630,630,17,0,170,217.51964404521618,91.18759538978338,627.8138514608145,7687.764705882353
1780933081,150,GET,/product/9SIQT8TOJO,0.400000,0.000000,200,200,210,210,290,290,290,290,290,290,290,12,0,110,144.61188421895108,11.448945850133896,288.67096826434135,7739.833333333333
1780933081,150,GET,/product/L9ECAV7KIM,0.600000,0.000000,200,210,230,230,230,230,230,230,230,230,230,14,0,180,154.75152213392514,23.327761329710484,231.89528938382864,7715.785714285715
1780933081,150,GET,/product/LS4PSXUNUM,1.700000,0.000000,100,130,180,190,280,280,280,280,280,280,280,21,0,170,159.77145163785843,17.95974839478731,307.77268670499325,7707.952380952381
1780933081,150,GET,/product/OLJCESPC7Z,1.000000,0.000000,190,200,200,300,430,430,430,430,430,430,430,21,0,180,184.29383240817558,97.89085760712624,427.0413815975189,7746.523809523809
1780933081,150,,Aggregated,61.400000,0.000000,280,380,460,530,630,690,800,870,970,970,970,1258,0,290,355.48536766199055,11.448945850133896,1322.2290510311723,10262.58505564388
1780933082,150,GET,/,46.300000,0.000000,360,480,570,600,680,800,900,960,1100,1100,1100,981,0,350,414.5344906703974,13.890696689486504,1322.2290510311723,10236.763506625892
1780933082,150,POST,/cart,4.100000,0.000000,240,300,340,350,510,650,670,670,670,670,670,106,0,230,260.41574254280556,18.801805563271046,889.0607990324497,16586.67924528302
1780933082,150,POST,/cart/checkout,3.300000,0.000000,170,190,200,200,250,280,390,390,390,390,390,64,0,170,190.35058259032667,34.83552951365709,612.6214163377881,6552.75
1780933082,150,GET,/product/0PUK6V6EV0,0.700000,0.000000,110,180,180,290,290,290,290,290,290,290,290,13,0,100,137.66380342153403,74.30591620504856,288.0199430510402,7730.076923076923
1780933082,150,GET,/product/1YMWWN1N4O,0.800000,0.000000,200,220,220,220,630,630,630,630,630,630,630,21,0,180,197.46898460601057,16.269786283373833,627.7217166498303,7740.428571428572
1780933082,150,GET,/product/2ZYFJ3GM2N,1.200000,0.000000,110,170,170,170,630,630,630,630,630,630,630,21,0,150,182.52650497569925,27.561303228139877,632.562106475234,7735.333333333333
1780933082,150,GET,/product/66VCHSJNUP,0.600000,0.000000,210,220,230,230,650,650,650,650,650,650,650,17,0,180,218.6640726731104,24.42186512053013,686.6527581587434,7689.941176470588
1780933082,150,GET,/product/6E92ZMYYFZ,0.800000,0.000000,190,290,300,300,620,630,630,630,630,630,630,17,0,170,217.51964404521618,91.18759538978338,627.8138514608145,7687.764705882353
1780933082,150,GET,/product/9SIQT8TOJO,0.600000,0.000000,200,200,210,210,290,290,290,290,290,290,290,12,0,110,144.61188421895108,11.448945850133896,288.67096826434135,7739.833333333333
1780933082,150,GET,/product/L9ECAV7KIM,0.500000,0.000000,210,210,230,230,230,230,230,230,230,230,230,14,0,180,154.75152213392514,23.327761329710484,231.89528938382864,7715.785714285715
1780933082,150,GET,/product/LS4PSXUNUM,1.500000,0.000000,100,130,170,190,280,280,280,280,280,280,280,21,0,170,159.77145163785843,17.95974839478731,307.77268670499325,7707.952380952381
1780933082,150,GET,/product/OLJCESPC7Z,1.000000,0.000000,190,200,200,300,430,430,430,430,430,430,430,21,0,180,184.29383240817558,97.89085760712624,427.0413815975189,7746.523809523809
1780933082,150,,Aggregated,61.400000,0.000000,300,400,520,570,660,750,900,960,1100,1100,1100,1308,0,290,362.96386402014883,11.448945850133896,1322.2290510311723,10269.246941896025
1780933083,150,GET,/,48.300000,0.000000,440,580,650,680,760,870,940,960,1100,1100,1100,1049,0,370,432.69060976142765,13.890696689486504,1322.2290510311723,10237.149666348903
1780933083,150,POST,/cart,4.000000,0.000000,240,320,350,400,510,650,670,670,670,670,670,109,0,230,262.3591686026492,18.801805563271046,889.0607990324497,16590.45871559633
1780933083,150,POST,/cart/checkout,3.400000,0.000000,180,190,200,240,270,270,350,350,350,350,350,67,0,180,194.79964512275225,34.83552951365709,612.6214163377881,6552.701492537313
1780933083,150,GET,/product/0PUK6V6EV0,0.500000,0.000000,110,180,180,290,290,290,290,290,290,290,290,13,0,100,137.66380342153403,74.30591620504856,288.0199430510402,7730.076923076923
1780933083,150,GET,/product/1YMWWN1N4O,1.000000,0.000000,220,220,430,500,630,630,630,630,630,630,630,23,0,190,220.56901645239282,16.269786283373833,627.7217166498303,7736.739130434783
1780933083,150,GET,/product/2ZYFJ3GM2N,1.000000,0.000000,170,170,220,220,630,630,630,630,630,630,630,22,0,150,184.04507742856038,27.561303228139877,632.562106475234,7734.181818181818
1780933083,150,GET,/product/66VCHSJNUP,0.700000,0.000000,230,280,410,410,650,650,650,650,650,650,650,19,0,200,232.2791616285318,24.42186512053013,686.6527581587434,7692.210526315789
1780933083,150,GET,/product/6E92ZMYYFZ,1.100000,0.000000,230,300,390,390,620,630,630,630,630,630,630,18,0,170,227.19845393051705,91.18759538978338,627.8138514608145,7684.5
1780933083,150,GET,/product/9SIQT8TOJO,0.600000,0.000000,210,280,290,490,500,500,500,500,500,500,500,15,0,180,200.6662279367447,11.448945850133896,498.07103630155325,7743.133333333333
1780933083,150,GET,/product/L9ECAV7KIM,0.600000,0.000000,230,230,440,440,480,480,480,480,480,480,480,16,0,190,192.79334438033402,23.327761329710484,477.97642555087805,7717.375
1780933083,150,GET,/product/LS4PSXUNUM,1.400000,0.000000,130,190,280,280,470,500,500,500,500,500,500,25,0,180,193.18344347178936,17.95974839478731,498.8757399842143,7705.76
1780933083,150,GET,/product/OLJCESPC7Z,1.000000,0.000000,180,190,300,360,430,430,430,430,430,430,430,22,0,180,192.13718937879258,97.89085760712624,427.0413815975189,7750.409090909091
1780933083,150,,Aggregated,63.600000,0.000000,360,520,600,650,730,810,910,960,1100,1100,1100,1398,0,300,379.1895931265523,11.448945850133896,1322.2290510311723,10244.635193133046
1780933084,150,GET,/,49.500000,0.000000,510,610,670,690,790,900,980,1100,1300,1300,1300,1087,0,390,442.70294774477924,13.890696689486504,1322.2290510311723,10237.674333026678
1780933084,150,POST,/cart,3.800000,0.000000,280,340,370,430,530,650,670,670,670,670,670,113,0,230,265.06738578158934,18.801805563271046,889.0607990324497,16615.814159292036
1780933084,150,POST,/cart/checkout,3.400000,0.000000,190,200,250,270,340,350,380,380,380,380,380,71,0,180,200.50866218467414,34.83552951365709,612.6214163377881,6553.450704225352
1780933084,150,GET,/product/0PUK6V6EV0,0.500000,0.000000,180,180,290,290,290,290,290,290,290,290,290,13,0,100,137.66380342153403,74.30591620504856,288.0199430510402,7730.076923076923
1780933084,150,GET,/product/1YMWWN1N4O,1.000000,0.000000,220,430,500,500,630,630,630,630,630,630,630,23,0,190,220.56901645239282,16.269786283373833,627.7217166498303,7736.739130434783
1780933084,150,GET,/product/2ZYFJ3GM2N,1.000000,0.000000,170,170,220,220,630,630,630,630,630,630,630,22,0,150,184.04507742856038,27.561303228139877,632.562106475234,7734.181818181818
1780933084,150,GET,/product/66VCHSJNUP,0.800000,0.000000,280,410,650,700,710,710,710,710,710,710,710,21,0,210,277.0283958386807,24.42186512053013,709.1124020516872,7693.0
1780933084,150,GET,/product/6E92ZMYYFZ,1.100000,0.000000,290,300,390,620,630,630,630,630,630,630,630,18,0,170,227.19845393051705,91.18759538978338,627.8138514608145,7684.5
1780933084,150,GET,/product/9SIQT8TOJO,0.600000,0.000000,200,280,490,490,500,500,500,500,500,500,500,15,0,180,200.6662279367447,11.448945850133896,498.07103630155325,7743.133333333333
1780933084,150,GET,/product/L9ECAV7KIM,0.600000,0.000000,230,230,440,480,700,700,700,700,700,700,700,17,0,190,222.80123002608033,23.327761329710484,702.9274003580213,7721.705882352941
1780933084,150,GET,/product/LS4PSXUNUM,1.400000,0.000000,210,280,470,500,540,680,680,680,680,680,680,27,0,180,223.7475558563515,17.95974839478731,675.8517222478986,7703.851851851852
1780933084,150,GET,/product/OLJCESPC7Z,1.000000,0.000000,190,300,360,360,430,430,430,430,430,430,430,22,0,180,192.13718937879258,97.89085760712624,427.0413815975189,7750.409090909091
1780933084,150,,Aggregated,64.700000,0.000000,420,570,640,670,760,870,960,1100,1300,1300,1300,1449,0,310,388.7450154041621,11.448945850133896,1322.2290510311723,10245.427881297446
1780933085,150,GET,/,50.700000,0.000000,560,660,700,730,860,930,1000,1100,1300,1300,1300,1144,0,400,457.1054185475255,13.890696689486504,1322.2290510311723,10237.929195804196
1780933085,150,POST,/cart,3.700000,0.000000,300,370,480,510,580,670,700,700,700,700,700,121,0,230,276.1515140271753,18.801805563271046,889.0607990324497,16638.19008264463
1780933085,150,POST,/cart/checkout,3.300000,0.000000,190,230,250,270,350,380,470,470,470,470,470,73,0,180,203.93800188162146,34.83552951365709,612.6214163377881,6553.657534246576
1780933085,150,GET,/product/0PUK6V6EV0,0.400000,0.000000,290,290,290,290,400,400,400,400,400,400,400,15,0,110,165.20574521273375,74.30591620504856,396.4112363755703,7723.8
1780933085,150,GET,/product/1YMWWN1N4O,1.000000,0.000000,270,430,500,500,630,630,630,630,630,630,630,24,0,190,222.81590173952281,16.269786283373833,627.7217166498303,7735.458333333333
1780933085,150,GET,/product/2ZYFJ3GM2N,0.900000,0.000000,220,220,330,330,630,630,630,630,630,630,630,23,0,170,190.34132276378247,27.561303228139877,632.562106475234,7733.478260869565
1780933085,150,GET,/product/66VCHSJNUP,0.800000,0.000000,280,470,650,650,700,710,710,710,710,710,710,22,0,210,285.7663438401439,24.42186512053013,709.1124020516872,7690.681818181818
1780933085,150,GET,/product/6E92ZMYYFZ,1.100000,0.000000,300,320,390,390,620,630,630,630,630,630,630,21,0,190,234.2407600954175,91.18759538978338,627.8138514608145,7686.428571428572
1780933085,150,GET,/product/9SIQT8TOJO,0.700000,0.000000,200,280,490,490,500,500,500,500,500,500,500,15,0,180,200.6662279367447,11.448945850133896,498.07103630155325,7743.133333333333
1780933085,150,GET,/product/L9ECAV7KIM,0.800000,0.000000,290,300,440,480,700,700,700,700,700,700,700,19,0,200,230.54958066265834,23.327761329710484,702.9274003580213,7715.105263157895
1780933085,150,GET,/product/LS4PSXUNUM,1.800000,0.000000,210,290,470,500,540,680,680,680,680,680,680,27,0,180,223.7475558563515,17.95974839478731,675.8517222478986,7703.851851851852
1780933085,150,GET,/product/OLJCESPC7Z,1.100000,0.000000,180,300,360,360,430,430,430,430,430,430,430,22,0,180,192.13718937879258,97.89085760712624,427.0413815975189,7750.409090909091
1780933085,150,,Aggregated,66.300000,0.000000,470,610,670,700,800,900,980,1100,1300,1300,1300,1526,0,320,401.24408751579676,11.448945850133896,1322.2290510311723,10258.888597640891
1780933086,150,GET,/,49.200000,0.000000,580,670,720,750,870,940,1000,1100,1300,1300,1300,1198,0,410,466.8809750516944,13.890696689486504,1322.2290510311723,10238.230383973289
1780933086,150,POST,/cart,3.700000,0.000000,300,430,500,510,580,670,700,700,700,700,700,125,0,240,278.8729337900877,18.801805563271046,889.0607990324497,16636.792
1780933086,150,POST,/cart/checkout,3.200000,0.000000,190,250,250,290,380,380,470,470,470,470,470,76,0,180,205.77711702667568,34.83552951365709,612.6214163377881,6553.8421052631575
1780933086,150,GET,/product/0PUK6V6EV0,0.400000,0.000000,290,290,300,370,400,400,400,400,400,400,400,18,0,120,181.8682270952397,74.30591620504856,396.4112363755703,7723.111111111111
1780933086,150,GET,/product/1YMWWN1N4O,0.800000,0.000000,270,430,500,500,630,630,630,630,630,630,630,24,0,190,222.81590173952281,16.269786283373833,627.7217166498303,7735.458333333333
1780933086,150,GET,/product/2ZYFJ3GM2N,0.700000,0.000000,330,330,460,460,630,630,630,630,630,630,630,24,0,170,201.70915712757656,27.561303228139877,632.562106475234,7736.208333333333
1780933086,150,GET,/product/66VCHSJNUP,1.000000,0.000000,410,470,650,700,710,710,710,710,710,710,710,23,0,210,277.61042936016685,24.42186512053013,709.1124020516872,7688.478260869565
1780933086,150,GET,/product/6E92ZMYYFZ,1.100000,0.000000,270,300,390,390,620,630,630,630,630,630,630,23,0,210,237.3001623250868,91.18759538978338,627.8138514608145,7687.478260869565
1780933086,150,GET,/product/9SIQT8TOJO,0.700000,0.000000,280,310,490,490,500,500,500,500,500,500,500,16,0,180,207.45841157622635,11.448945850133896,498.07103630155325,7739.6875
1780933086,150,GET,/product/L9ECAV7KIM,0.900000,0.000000,290,300,440,480,700,700,700,700,700,700,700,20,0,190,224.5897325221449,23.327761329710484,702.9274003580213,7713.75
1780933086,150,GET,/product/LS4PSXUNUM,2.000000,0.000000,280,290,500,500,540,680,680,680,680,680,680,28,0,180,224.05746915111584,17.95974839478731,675.8517222478986,7702.678571428572
1780933086,150,GET,/product/OLJCESPC7Z,0.900000,0.000000,180,300,360,360,430,430,430,430,430,430,430,22,0,180,192.13718937879258,97.89085760712624,427.0413815975189,7750.409090909091
1780933086,150,,Aggregated,64.600000,0.000000,490,630,680,720,830,910,980,1100,1300,1300,1300,1597,0,340,409.1662588461058,11.448945850133896,1322.2290510311723,10251.326236693802
1780933087,150,GET,/,49.100000,0.000000,580,670,720,750,870,930,1000,1100,1300,1300,1300,1259,0,400,461.07260055538205,13.890696689486504,1322.2290510311723,10239.054011119937
1780933087,150,POST,/cart,4.100000,0.000000,300,430,500,510,580,670,700,700,700,700,700,127,0,240,277.07354620275066,18.801805563271046,889.0607990324497,16652.984251968504
1780933087,150,POST,/cart/checkout,3.100000,0.000000,190,250,270,290,380,380,470,470,470,470,470,78,0,180,204.96170602452295,34.83552951365709,612.6214163377881,6554.038461538462
1780933087,150,GET,/product/0PUK6V6EV0,0.600000,0.000000,290,300,370,370,400,400,400,400,400,400,400,18,0,120,181.8682270952397,74.30591620504856,396.4112363755703,7723.111111111111
1780933087,150,GET,/product/1YMWWN1N4O,0.900000,0.000000,270,430,500,500,630,630,630,630,630,630,630,24,0,190,222.81590173952281,16.269786283373833,627.7217166498303,7735.458333333333
1780933087,150,GET,/product/2ZYFJ3GM2N,0.600000,0.000000,330,330,460,460,630,630,630,630,630,630,630,24,0,170,201.70915712757656,27.561303228139877,632.562106475234,7736.208333333333
1780933087,150,GET,/product/66VCHSJNUP,0.900000,0.000000,280,470,650,650,700,710,710,710,710,710,710,24,0,200,273.72005383949727,24.42186512053013,709.1124020516872,7686.625
1780933087,150,GET,/product/6E92ZMYYFZ,1.300000,0.000000,270,320,390,390,620,630,630,630,630,630,630,23,0,210,237.3001623250868,91.18759538978338,627.8138514608145,7687.478260869565
1780933087,150,GET,/product/9SIQT8TOJO,0.700000,0.000000,280,280,310,490,500,500,500,500,500,500,500,19,0,180,205.15501474667536,11.448945850133896,498.07103630155325,7741.631578947368
1780933087,150,GET,/product/L9ECAV7KIM,1.100000,0.000000,290,300,440,480,700,700,700,700,700,700,700,20,0,190,224.5897325221449,23.327761329710484,702.9274003580213,7713.75
1780933087,150,GET,/product/LS4PSXUNUM,1.500000,0.000000,280,290,500,500,540,680,680,680,680,680,680,29,0,180,220.10003871701915,17.95974839478731,675.8517222478986,7705.137931034483
1780933087,150,GET,/product/OLJCESPC7Z,0.800000,0.000000,360,360,430,430,430,430,430,430,430,430,430,23,0,180,191.52142872790927,97.89085760712624,427.0413815975189,7749.739130434783
1780933087,150,,Aggregated,64.700000,0.000000,500,630,680,710,830,900,980,1100,1300,1300,1300,1668,0,330,405.47530334364683,11.448945850133896,1322.2290510311723,10246.881894484413
1780933088,150,GET,/,50.500000,0.000000,590,670,720,750,870,940,1000,1100,1300,1300,1300,1303,0,400,456.48343952091057,13.890696689486504,1322.2290510311723,10239.029163468918
1780933088,150,POST,/cart,4.300000,0.000000,290,410,480,510,580,670,700,700,700,700,700,132,0,240,275.9740751053235,18.801805563271046,889.0607990324497,16648.242424242424
1780933088,150,POST,/cart/checkout,3.100000,0.000000,230,250,290,340,380,380,470,470,470,470,470,86,0,180,205.32621801722536,34.83552951365709,612.6214163377881,6555.383720930233
1780933088,150,GET,/product/0PUK6V6EV0,0.600000,0.000000,300,300,370,370,400,400,400,400,400,400,400,18,0,120,181.8682270952397,74.30591620504856,396.4112363755703,7723.111111111111
1780933088,150,GET,/product/1YMWWN1N4O,0.800000,0.000000,270,430,500,500,630,630,630,630,630,630,630,25,0,200,224.81418453156948,16.269786283373833,627.7217166498303,7733.8
1780933088,150,GET,/product/2ZYFJ3GM2N,0.700000,0.000000,330,460,460,630,630,630,630,630,630,630,630,25,0,170,204.9619886279106,27.561303228139877,632.562106475234,7735.88
1780933088,150,GET,/product/66VCHSJNUP,0.900000,0.000000,280,410,650,650,700,710,710,710,710,710,710,25,0,210,274.05465830117464,24.42186512053013,709.1124020516872,7685.88
1780933088,150,GET,/product/6E92ZMYYFZ,1.300000,0.000000,300,320,390,620,630,630,630,630,630,630,630,23,0,210,237.3001623250868,91.18759538978338,627.8138514608145,7687.478260869565
1780933088,150,GET,/product/9SIQT8TOJO,0.700000,0.000000,280,280,310,490,500,500,500,500,500,500,500,20,0,180,203.44394827261567,11.448945850133896,498.07103630155325,7739.95
1780933088,150,GET,/product/L9ECAV7KIM,0.900000,0.000000,300,440,480,480,700,700,700,700,700,700,700,20,0,190,224.5897325221449,23.327761329710484,702.9274003580213,7713.75
1780933088,150,GET,/product/LS4PSXUNUM,1.500000,0.000000,280,470,500,500,540,680,680,680,680,680,680,31,0,180,214.42617704310726,17.95974839478731,675.8517222478986,7706.193548387097
1780933088,150,GET,/product/OLJCESPC7Z,0.700000,0.000000,210,360,360,430,430,430,430,430,430,430,430,24,0,180,192.44852530149123,97.89085760712624,427.0413815975189,7749.291666666667
1780933088,150,,Aggregated,66.000000,0.000000,520,630,680,720,830,910,980,1100,1300,1300,1300,1732,0,330,401.292440345442,11.448945850133896,1322.2290510311723,10237.558891454966
1780933089,150,GET,/,52.400000,0.000000,600,680,720,750,870,940,1000,1100,1300,1300,1300,1340,0,400,456.752046658449,13.890696689486504,1322.2290510311723,10239.356716417911
1780933089,150,POST,/cart,3.700000,0.000000,280,400,450,500,550,650,700,700,700,700,700,141,0,230,271.4176895559257,18.801805563271046,889.0607990324497,16682.709219858156
1780933089,150,POST,/cart/checkout,3.100000,0.000000,210,250,290,340,380,380,470,470,470,470,470,88,0,180,202.7728416300802,27.898975647985935,612.6214163377881,6554.852272727273
1780933089,150,GET,/product/0PUK6V6EV0,0.700000,0.000000,290,300,370,370,400,400,400,400,400,400,400,19,0,180,181.82340808408824,74.30591620504856,396.4112363755703,7726.368421052632
1780933089,150,GET,/product/1YMWWN1N4O,0.700000,0.000000,270,430,500,500,630,630,630,630,630,630,630,25,0,200,224.81418453156948,16.269786283373833,627.7217166498303,7733.8
1780933089,150,GET,/product/2ZYFJ3GM2N,0.600000,0.000000,330,330,460,460,630,630,630,630,630,630,630,26,0,170,201.32752181962132,27.561303228139877,632.562106475234,7738.0
1780933089,150,GET,/product/66VCHSJNUP,1.000000,0.000000,280,410,650,650,700,710,710,710,710,710,710,26,0,200,271.1549564981117,24.42186512053013,709.1124020516872,7685.7307692307695
1780933089,150,GET,/product/6E92ZMYYFZ,1.200000,0.000000,300,320,390,620,630,630,630,630,630,630,630,23,0,210,237.3001623250868,91.18759538978338,627.8138514608145,7687.478260869565
1780933089,150,GET,/product/9SIQT8TOJO,1.000000,0.000000,200,280,310,310,490,500,500,500,500,500,500,21,0,180,202.4127762055113,11.448945850133896,498.07103630155325,7738.428571428572
1780933089,150,GET,/product/L9ECAV7KIM,0.900000,0.000000,300,440,480,480,700,700,700,700,700,700,700,20,0,190,224.5897325221449,23.327761329710484,702.9274003580213,7713.75
1780933089,150,GET,/product/LS4PSXUNUM,1.200000,0.000000,280,470,500,500,540,680,680,680,680,680,680,31,0,180,214.42617704310726,17.95974839478731,675.8517222478986,7706.193548387097
1780933089,150,GET,/product/OLJCESPC7Z,0.400000,0.000000,210,360,360,430,430,430,430,430,430,430,430,25,0,180,192.00307592749596,97.89085760712624,427.0413815975189,7747.6
1780933089,150,,Aggregated,66.900000,0.000000,520,640,680,720,830,910,980,1100,1300,1300,1300,1785,0,330,400.6548155109588,11.448945850133896,1322.2290510311723,10261.717647058824
1780933090,150,GET,/,51.800000,0.000000,590,680,720,750,860,930,1000,1100,1300,1300,1300,1396,0,420,463.6718027819386,13.890696689486504,1322.2290510311723,10239.64541547278
1780933090,150,POST,/cart,4.000000,0.000000,280,370,430,470,550,580,700,700,700,700,700,150,0,240,276.7391544332107,18.801805563271046,889.0607990324497,16713.573333333334
1780933090,150,POST,/cart/checkout,3.200000,0.000000,200,250,300,340,380,380,470,470,470,470,470,90,0,180,202.60586077347398,27.898975647985935,612.6214163377881,6554.922222222222
1780933090,150,GET,/product/0PUK6V6EV0,0.700000,0.000000,290,300,370,370,400,400,400,400,400,400,400,20,0,180,183.66198246367276,74.30591620504856,396.4112363755703,7723.35
1780933090,150,GET,/product/1YMWWN1N4O,0.700000,0.000000,270,290,430,500,630,630,630,630,630,630,630,27,0,200,227.26161353704003,16.269786283373833,627.7217166498303,7734.222222222223
1780933090,150,GET,/product/2ZYFJ3GM2N,0.500000,0.000000,330,330,460,460,630,630,630,630,630,630,630,26,0,170,201.32752181962132,27.561303228139877,632.562106475234,7738.0
1780933090,150,GET,/product/66VCHSJNUP,1.100000,0.000000,410,470,650,700,710,710,710,710,710,710,710,26,0,200,271.1549564981117,24.42186512053013,709.1124020516872,7685.7307692307695
1780933090,150,GET,/product/6E92ZMYYFZ,1.100000,0.000000,300,320,390,620,630,630,630,630,630,630,630,23,0,210,237.3001623250868,91.18759538978338,627.8138514608145,7687.478260869565
1780933090,150,GET,/product/9SIQT8TOJO,0.900000,0.000000,280,280,310,490,500,500,500,500,500,500,500,21,0,180,202.4127762055113,11.448945850133896,498.07103630155325,7738.428571428572
1780933090,150,GET,/product/L9ECAV7KIM,0.800000,0.000000,300,370,440,480,700,700,700,700,700,700,700,22,0,200,230.39828211238438,23.327761329710484,702.9274003580213,7719.318181818182
1780933090,150,GET,/product/LS4PSXUNUM,1.300000,0.000000,290,470,500,540,680,680,680,680,680,680,680,31,0,180,214.42617704310726,17.95974839478731,675.8517222478986,7706.193548387097
1780933090,150,GET,/product/OLJCESPC7Z,0.400000,0.000000,200,210,360,360,430,430,430,430,430,430,430,27,0,190,192.51605933877053,97.89085760712624,427.0413815975189,7750.814814814815
1780933090,150,,Aggregated,66.500000,0.000000,500,630,680,720,800,900,980,1100,1300,1300,1300,1859,0,350,406.53446169981896,11.448945850133896,1322.2290510311723,10281.409359870899
1780933091,150,GET,/,50.500000,0.000000,570,670,710,740,830,920,1000,1100,1300,1300,1300,1447,0,410,461.34535761057055,13.890696689486504,1322.2290510311723,10239.953697304769
1780933091,150,POST,/cart,4.700000,0.000000,280,350,400,430,530,550,580,700,700,700,700,159,0,240,274.69544272002935,18.801805563271046,889.0607990324497,16749.232704402515
1780933091,150,POST,/cart/checkout,3.100000,0.000000,190,250,290,340,380,380,470,470,470,470,470,93,0,180,200.68326452246276,27.898975647985935,612.6214163377881,6555.096774193548
1780933091,150,GET,/product/0PUK6V6EV0,0.700000,0.000000,220,290,300,370,400,400,400,400,400,400,400,22,0,180,184.21303023668852,74.30591620504856,396.4112363755703,7725.545454545455
1780933091,150,GET,/product/1YMWWN1N4O,0.700000,0.000000,270,290,430,430,500,500,500,500,500,500,500,28,0,200,226.040830769177,16.269786283373833,627.7217166498303,7733.5
1780933091,150,GET,/product/2ZYFJ3GM2N,0.600000,0.000000,280,280,330,330,460,460,460,460,460,460,460,27,0,170,200.39025183629107,27.561303228139877,632.562106475234,7741.37037037037
1780933091,150,GET,/product/66VCHSJNUP,1.200000,0.000000,280,410,470,700,710,710,710,710,710,710,710,27,0,200,268.62272602954397,24.42186512053013,709.1124020516872,7684.555555555556
1780933091,150,GET,/product/6E92ZMYYFZ,1.000000,0.000000,270,300,320,320,390,390,390,390,390,390,390,24,0,190,232.33719969478747,91.18759538978338,627.8138514608145,7685.541666666667
1780933091,150,GET,/product/9SIQT8TOJO,1.100000,0.000000,280,280,310,490,500,500,500,500,500,500,500,22,0,180,197.9656478559429,11.448945850133896,498.07103630155325,7738.5
1780933091,150,GET,/product/L9ECAV7KIM,0.800000,0.000000,290,370,440,440,480,700,700,700,700,700,700,25,0,190,219.5466136187315,23.327761329710484,702.9274003580213,7721.64
1780933091,150,GET,/product/LS4PSXUNUM,1.100000,0.000000,230,470,500,500,540,680,680,680,680,680,680,32,0,180,211.1081299080979,17.95974839478731,675.8517222478986,7706.03125
1780933091,150,GET,/product/OLJCESPC7Z,0.500000,0.000000,200,200,210,210,360,360,360,360,360,360,360,27,0,190,192.51605933877053,97.89085760712624,427.0413815975189,7750.814814814815
1780933091,150,,Aggregated,66.000000,0.000000,480,600,670,700,780,890,980,1100,1300,1300,1300,1933,0,340,403.68620172264394,11.448945850133896,1322.2290510311723,10293.104500775997
1780933092,150,GET,/,50.600000,0.000000,510,600,660,690,790,890,980,1100,1300,1300,1300,1494,0,420,460.5232392253237,13.890696689486504,1322.2290510311723,10240.143239625168
1780933092,150,POST,/cart,5.200000,0.000000,280,310,370,410,530,550,580,700,700,700,700,164,0,240,274.2121817782612,18.801805563271046,889.0607990324497,16777.298780487807
1780933092,150,POST,/cart/checkout,3.100000,0.000000,190,250,290,340,380,380,470,470,470,470,470,94,0,180,199.89235367269276,27.898975647985935,612.6214163377881,6555.351063829788
1780933092,150,GET,/product/0PUK6V6EV0,0.700000,0.000000,220,290,300,370,400,400,400,400,400,400,400,22,0,180,184.21303023668852,74.30591620504856,396.4112363755703,7725.545454545455
1780933092,150,GET,/product/1YMWWN1N4O,0.900000,0.000000,270,290,430,430,500,500,500,500,500,500,500,28,0,200,226.040830769177,16.269786283373833,627.7217166498303,7733.5
1780933092,150,GET,/product/2ZYFJ3GM2N,0.600000,0.000000,280,280,330,330,460,460,460,460,460,460,460,27,0,170,200.39025183629107,27.561303228139877,632.562106475234,7741.37037037037
1780933092,150,GET,/product/66VCHSJNUP,1.200000,0.000000,280,470,700,700,710,710,710,710,710,710,710,27,0,200,268.62272602954397,24.42186512053013,709.1124020516872,7684.555555555556
1780933092,150,GET,/product/6E92ZMYYFZ,0.900000,0.000000,270,300,320,320,390,390,390,390,390,390,390,24,0,190,232.33719969478747,91.18759538978338,627.8138514608145,7685.541666666667
1780933092,150,GET,/product/9SIQT8TOJO,0.900000,0.000000,280,280,310,490,500,500,500,500,500,500,500,22,0,180,197.9656478559429,11.448945850133896,498.07103630155325,7738.5
1780933092,150,GET,/product/L9ECAV7KIM,0.900000,0.000000,200,290,300,370,700,700,700,700,700,700,700,26,0,190,218.88058005760496,23.327761329710484,702.9274003580213,7718.961538461538
1780933092,150,GET,/product/LS4PSXUNUM,1.000000,0.000000,160,230,540,540,680,680,680,680,680,680,680,32,0,180,211.1081299080979,17.95974839478731,675.8517222478986,7706.03125
1780933092,150,GET,/product/OLJCESPC7Z,0.700000,0.000000,200,210,300,300,360,360,360,360,360,360,360,28,0,190,196.22998125851154,97.89085760712624,427.0413815975189,7752.571428571428
1780933092,150,,Aggregated,66.700000,0.000000,450,550,610,660,750,860,950,1100,1300,1300,1300,1988,0,350,403.7724902152535,11.448945850133896,1322.2290510311723,10306.092555331992
1780933093,150,GET,/,50.600000,0.000000,520,600,650,680,780,890,980,1100,1300,1300,1300,1531,0,430,463.3113354661062,13.890696689486504,1322.2290510311723,10240.403004572176
1780933093,150,POST,/cart,5.600000,0.000000,270,310,370,400,490,550,550,700,700,700,700,173,0,240,274.33451499811486,18.801805563271046,889.0607990324497,16807.017341040464
1780933093,150,POST,/cart/checkout,2.900000,0.000000,170,200,250,300,370,380,470,470,470,470,470,98,0,180,198.79443167081598,27.898975647985935,612.6214163377881,6555.071428571428
1780933093,150,GET,/product/0PUK6V6EV0,0.800000,0.000000,220,290,300,300,370,400,400,400,400,400,400,24,0,180,188.626197205546,74.30591620504856,396.4112363755703,7724.083333333333
1780933093,150,GET,/product/1YMWWN1N4O,0.700000,0.000000,270,270,270,290,290,290,290,290,290,290,290,28,0,200,226.040830769177,16.269786283373833,627.7217166498303,7733.5
1780933093,150,GET,/product/2ZYFJ3GM2N,0.500000,0.000000,270,280,310,330,460,460,460,460,460,460,460,31,0,180,206.16248445284944,27.561303228139877,632.562106475234,7744.4838709677415
1780933093,150,GET,/product/66VCHSJNUP,1.100000,0.000000,200,200,280,280,470,470,470,470,470,470,470,27,0,200,268.62272602954397,24.42186512053013,709.1124020516872,7684.555555555556
1780933093,150,GET,/product/6E92ZMYYFZ,0.700000,0.000000,270,270,280,300,320,320,320,320,320,320,320,27,0,190,227.52852548189736,91.18759538978338,627.8138514608145,7693.740740740741
1780933093,150,GET,/product/9SIQT8TOJO,1.000000,0.000000,280,280,310,490,500,500,500,500,500,500,500,22,0,180,197.9656478559429,11.448945850133896,498.07103630155325,7738.5
1780933093,150,GET,/product/L9ECAV7KIM,0.900000,0.000000,200,280,290,300,370,370,370,370,370,370,370,27,0,200,221.0469857134201,23.327761329710484,702.9274003580213,7718.925925925926
1780933093,150,GET,/product/LS4PSXUNUM,1.100000,0.000000,160,230,540,540,680,680,680,680,680,680,680,32,0,180,211.1081299080979,17.95974839478731,675.8517222478986,7706.03125
1780933093,150,GET,/product/OLJCESPC7Z,0.600000,0.000000,290,300,300,300,300,360,360,360,360,360,360,33,0,200,209.23705585300922,97.89085760712624,427.0413815975189,7757.727272727273
1780933093,150,,Aggregated,66.500000,0.000000,450,550,600,640,740,830,940,1100,1300,1300,1300,2053,0,350,404.72404708604057,11.448945850133896,1322.2290510311723,10310.050170482222
1780933094,150,GET,/,50.200000,0.000000,490,560,610,650,740,820,890,940,1100,1100,1100,1594,0,440,464.50974810529624,13.890696689486504,1322.2290510311723,10240.876411543288
1780933094,150,POST,/cart,5.900000,0.000000,270,300,350,370,440,490,530,550,550,550,550,178,0,240,274.7727052538834,18.801805563271046,889.0607990324497,16815.162921348314
1780933094,150,POST,/cart/checkout,3.000000,0.000000,170,200,230,280,370,380,470,470,470,470,470,102,0,180,198.55037622847686,27.898975647985935,612.6214163377881,6554.607843137255
1780933094,150,GET,/product/0PUK6V6EV0,0.900000,0.000000,220,280,290,300,370,400,400,400,400,400,400,27,0,190,193.20909678936005,74.30591620504856,396.4112363755703,7726.37037037037
1780933094,150,GET,/product/1YMWWN1N4O,0.700000,0.000000,270,270,270,290,290,290,290,290,290,290,290,28,0,200,226.040830769177,16.269786283373833,627.7217166498303,7733.5
1780933094,150,GET,/product/2ZYFJ3GM2N,0.600000,0.000000,210,280,280,310,330,460,460,460,460,460,460,35,0,190,207.66335353255272,27.561303228139877,632.562106475234,7743.685714285714
1780933094,150,GET,/product/66VCHSJNUP,1.000000,0.000000,200,200,280,280,470,470,470,470,470,470,470,27,0,200,268.62272602954397,24.42186512053013,709.1124020516872,7684.555555555556
1780933094,150,GET,/product/6E92ZMYYFZ,0.700000,0.000000,270,270,270,270,280,280,280,280,280,280,280,27,0,190,227.52852548189736,91.18759538978338,627.8138514608145,7693.740740740741
1780933094,150,GET,/product/9SIQT8TOJO,1.000000,0.000000,180,180,220,280,310,310,310,310,310,310,310,24,0,180,196.0056646494195,11.448945850133896,498.07103630155325,7737.625
1780933094,150,GET,/product/L9ECAV7KIM,1.200000,0.000000,200,280,290,290,300,370,370,370,370,370,370,28,0,200,220.6454007620258,23.327761329710484,702.9274003580213,7717.321428571428
1780933094,150,GET,/product/LS4PSXUNUM,1.100000,0.000000,160,180,220,220,230,230,230,230,230,230,230,34,0,180,210.36606112166362,17.95974839478731,675.8517222478986,7708.794117647059
1780933094,150,GET,/product/OLJCESPC7Z,0.600000,0.000000,210,290,300,300,300,300,300,300,300,300,300,36,0,200,207.89752178825438,97.89085760712624,427.0413815975189,7758.444444444444
1780933094,150,,Aggregated,66.900000,0.000000,440,510,560,600,700,780,890,930,1100,1100,1100,2140,0,350,405.289379656576,11.448945850133896,1322.2290510311723,10299.163551401869
1780933095,150,GET,/,49.200000,0.000000,460,530,570,590,670,740,800,860,940,940,940,1651,0,440,461.36990243085023,13.890696689486504,1322.2290510311723,10241.643246517262
1780933095,150,POST,/cart,6.100000,0.000000,240,290,310,370,440,490,530,550,550,550,550,184,0,240,274.9718908048437,18.801805563271046,889.0607990324497,16834.978260869564
1780933095,150,POST,/cart/checkout,3.200000,0.000000,160,190,200,230,300,360,370,370,370,370,370,105,0,180,197.77684330585458,27.898975647985935,612.6214163377881,6554.828571428571
1780933095,150,GET,/product/0PUK6V6EV0,1.100000,0.000000,220,220,280,280,300,370,370,370,370,370,370,27,0,190,193.20909678936005,74.30591620504856,396.4112363755703,7726.37037037037
1780933095,150,GET,/product/1YMWWN1N4O,0.500000,0.000000,260,260,270,270,290,290,290,290,290,290,290,30,0,200,222.43289584293962,16.269786283373833,627.7217166498303,7736.3
1780933095,150,GET,/product/2ZYFJ3GM2N,0.900000,0.000000,210,270,280,310,330,460,460,460,460,460,460,37,0,180,203.61970057962714,27.561303228139877,632.562106475234,7742.810810810811
1780933095,150,GET,/product/66VCHSJNUP,0.800000,0.000000,200,200,200,280,280,280,280,280,280,280,280,27,0,200,268.62272602954397,24.42186512053013,709.1124020516872,7684.555555555556
1780933095,150,GET,/product/6E92ZMYYFZ,0.700000,0.000000,270,270,280,280,400,400,400,400,400,400,400,29,0,190,229.7959838640587,91.18759538978338,627.8138514608145,7694.9655172413795
1780933095,150,GET,/product/9SIQT8TOJO,0.700000,0.000000,180,180,220,280,310,310,310,310,310,310,310,25,0,180,192.36281223595142,11.448945850133896,498.07103630155325,7740.4
1780933095,150,GET,/product/L9ECAV7KIM,1.000000,0.000000,200,200,210,280,370,370,370,370,370,370,370,29,0,200,219.3780234404679,23.327761329710484,702.9274003580213,7715.758620689655
1780933095,150,GET,/product/LS4PSXUNUM,0.700000,0.000000,160,180,200,220,230,230,230,230,230,230,230,36,0,180,205.589382417707,17.95974839478731,675.8517222478986,7712.361111111111
1780933095,150,GET,/product/OLJCESPC7Z,1.000000,0.000000,210,290,300,300,300,300,300,300,300,300,300,38,0,200,210.13511724672034,97.89085760712624,427.0413815975189,7758.078947368421
1780933095,150,,Aggregated,65.900000,0.000000,400,480,530,560,640,700,780,830,940,940,940,2218,0,350,402.6063792252152,11.448945850133896,1322.2290510311723,10298.641568981064
1780933096,150,GET,/,51.300000,0.000000,450,510,550,570,650,700,780,820,860,860,860,1695,0,430,460.1678613512873,13.890696689486504,1322.2290510311723,10241.819469026548
1780933096,150,POST,/cart,6.300000,0.000000,260,290,310,370,430,470,530,550,550,550,550,187,0,240,275.6176184075959,18.801805563271046,889.0607990324497,16840.652406417114
1780933096,150,POST,/cart/checkout,3.100000,0.000000,160,190,200,230,300,360,370,370,370,370,370,105,0,180,197.77684330585458,27.898975647985935,612.6214163377881,6554.828571428571
1780933096,150,GET,/product/0PUK6V6EV0,1.400000,0.000000,210,220,280,280,300,370,370,370,370,370,370,29,0,190,192.50206488730578,74.30591620504856,396.4112363755703,7729.862068965517
1780933096,150,GET,/product/1YMWWN1N4O,0.500000,0.000000,220,260,270,270,290,290,290,290,290,290,290,31,0,200,219.21819460488135,16.269786283373833,627.7217166498303,7735.387096774193
1780933096,150,GET,/product/2ZYFJ3GM2N,1.200000,0.000000,200,210,270,280,280,310,310,310,310,310,310,39,0,190,203.00465612075268,27.561303228139877,632.562106475234,7741.897435897436
1780933096,150,GET,/product/66VCHSJNUP,0.600000,0.000000,200,200,280,280,280,280,280,280,280,280,280,27,0,200,268.62272602954397,24.42186512053013,709.1124020516872,7684.555555555556
1780933096,150,GET,/product/6E92ZMYYFZ,0.900000,0.000000,200,200,270,270,280,400,400,400,400,400,400,33,0,190,222.55145586236858,91.18759538978338,627.8138514608145,7698.151515151515
1780933096,150,GET,/product/9SIQT8TOJO,0.900000,0.000000,200,220,280,300,300,310,310,310,310,310,310,29,0,180,200.59071754201733,11.448945850133896,498.07103630155325,7744.758620689655
1780933096,150,GET,/product/L9ECAV7KIM,1.100000,0.000000,200,200,210,280,370,370,370,370,370,370,370,29,0,200,219.3780234404679,23.327761329710484,702.9274003580213,7715.758620689655
1780933096,150,GET,/product/LS4PSXUNUM,0.600000,0.000000,160,180,200,200,220,220,220,220,220,220,220,36,0,180,205.589382417707,17.95974839478731,675.8517222478986,7712.361111111111
1780933096,150,GET,/product/OLJCESPC7Z,1.300000,0.000000,210,290,300,300,300,300,300,300,300,300,300,38,0,200,210.13511724672034,97.89085760712624,427.0413815975189,7758.078947368421
1780933096,150,,Aggregated,69.200000,0.000000,390,470,510,540,610,680,760,790,860,860,860,2278,0,350,401.55818746273945,11.448945850133896,1322.2290510311723,10292.172519754171
1780933097,150,GET,/,52.500000,0.000000,490,550,610,650,730,780,810,820,860,860,860,1750,0,440,468.5402540468744,13.890696689486504,1322.2290510311723,10242.243428571428
1780933097,150,POST,/cart,6.500000,0.000000,260,310,370,400,450,510,550,580,580,580,580,194,0,240,278.6815499205181,18.801805563271046,889.0607990324497,16855.5
1780933097,150,POST,/cart/checkout,3.100000,0.000000,170,190,200,280,300,360,370,370,370,370,370,107,0,180,198.49203806370497,27.898975647985935,612.6214163377881,6555.046728971963
1780933097,150,GET,/product/0PUK6V6EV0,1.200000,0.000000,210,220,280,280,280,310,310,310,310,310,310,30,0,190,196.43577123060822,74.30591620504856,396.4112363755703,7730.5
1780933097,150,GET,/product/1YMWWN1N4O,0.600000,0.000000,260,270,280,280,290,290,290,290,290,290,290,32,0,200,221.02433996042237,16.269786283373833,627.7217166498303,7738.0625
1780933097,150,GET,/product/2ZYFJ3GM2N,1.500000,0.000000,200,210,210,270,280,310,310,310,310,310,310,39,0,190,203.00465612075268,27.561303228139877,632.562106475234,7741.897435897436
1780933097,150,GET,/product/66VCHSJNUP,0.500000,0.000000,200,200,280,280,280,280,280,280,280,280,280,27,0,200,268.62272602954397,24.42186512053013,709.1124020516872,7684.555555555556
1780933097,150,GET,/product/6E92ZMYYFZ,0.800000,0.000000,180,200,200,280,400,400,400,400,400,400,400,33,0,190,222.55145586236858,91.18759538978338,627.8138514608145,7698.151515151515
1780933097,150,GET,/product/9SIQT8TOJO,1.000000,0.000000,200,200,220,300,300,300,300,300,300,300,300,29,0,180,200.59071754201733,11.448945850133896,498.07103630155325,7744.758620689655
1780933097,150,GET,/product/L9ECAV7KIM,1.000000,0.000000,200,210,220,220,280,370,370,370,370,370,370,31,0,200,218.98626211670137,23.327761329710484,702.9274003580213,7716.451612903225
1780933097,150,GET,/product/LS4PSXUNUM,0.900000,0.000000,160,180,200,200,220,220,220,220,220,220,220,37,0,180,202.86544837762375,17.95974839478731,675.8517222478986,7714.405405405405
1780933097,150,GET,/product/OLJCESPC7Z,1.600000,0.000000,210,290,300,300,300,300,300,300,300,300,300,39,0,200,210.15880507631942,97.89085760712624,427.0413815975189,7756.974358974359
1780933097,150,,Aggregated,71.200000,0.000000,430,500,550,590,690,740,800,820,860,860,860,2348,0,370,408.44815950269543,11.448945850133896,1322.2290510311723,10302.399914821124
1780933098,150,GET,/,52.000000,0.000000,510,570,640,670,740,790,820,850,1000,1000,1000,1804,0,450,471.6789519183024,13.890696689486504,1322.2290510311723,10242.659645232816
1780933098,150,POST,/cart,6.200000,0.000000,280,350,400,400,510,550,580,580,580,580,580,199,0,250,282.2197579156289,18.801805563271046,889.0607990324497,16889.633165829146
1780933098,150,POST,/cart/checkout,2.900000,0.000000,170,190,240,270,280,300,360,360,360,360,360,111,0,180,198.4153648016152,27.898975647985935,612.6214163377881,6554.594594594595
1780933098,150,GET,/product/0PUK6V6EV0,1.400000,0.000000,210,220,280,280,280,310,310,310,310,310,310,30,0,190,196.43577123060822,74.30591620504856,396.4112363755703,7730.5
1780933098,150,GET,/product/1YMWWN1N4O,0.700000,0.000000,190,220,260,280,290,290,290,290,290,290,290,34,0,190,214.19624496689613,16.269786283373833,627.7217166498303,7739.794117647059
1780933098,150,GET,/product/2ZYFJ3GM2N,1.400000,0.000000,200,210,210,270,280,310,310,310,310,310,310,39,0,190,203.00465612075268,27.561303228139877,632.562106475234,7741.897435897436
1780933098,150,GET,/product/66VCHSJNUP,0.500000,0.000000,210,210,280,280,280,280,280,280,280,280,280,28,0,200,266.3693420389401,24.42186512053013,709.1124020516872,7686.5
1780933098,150,GET,/product/6E92ZMYYFZ,1.000000,0.000000,200,200,290,290,310,400,400,400,400,400,400,35,0,200,226.9369836896658,91.18759538978338,627.8138514608145,7699.028571428571
1780933098,150,GET,/product/9SIQT8TOJO,1.200000,0.000000,200,200,270,270,300,300,300,300,300,300,300,31,0,200,202.83026326327555,11.448945850133896,498.07103630155325,7745.5161290322585
1780933098,150,GET,/product/L9ECAV7KIM,1.000000,0.000000,200,210,220,220,280,370,370,370,370,370,370,31,0,200,218.98626211670137,23.327761329710484,702.9274003580213,7716.451612903225
1780933098,150,GET,/product/LS4PSXUNUM,0.800000,0.000000,160,180,200,220,280,280,280,280,280,280,280,39,0,180,202.78145690472462,17.95974839478731,675.8517222478986,7717.051282051282
1780933098,150,GET,/product/OLJCESPC7Z,1.600000,0.000000,220,300,300,300,300,300,300,300,300,300,300,39,0,200,210.15880507631942,97.89085760712624,427.0413815975189,7756.974358974359
1780933098,150,,Aggregated,70.700000,0.000000,440,520,580,620,720,780,820,830,1000,1000,1000,2420,0,370,411.0618645221395,11.448945850133896,1322.2290510311723,10302.005371900827
1780933099,150,GET,/,48.600000,0.000000,480,550,610,650,730,790,820,850,1000,1000,1000,1859,0,440,469.1976485338068,13.890696689486504,1322.2290510311723,10243.081764389457
1780933099,150,POST,/cart,6.500000,0.000000,290,310,400,400,490,550,580,580,580,580,580,204,0,250,282.08540785400305,18.801805563271046,889.0607990324497,16908.539215686276
1780933099,150,POST,/cart/checkout,2.800000,0.000000,150,200,270,270,280,300,360,360,360,360,360,113,0,180,198.5359820578478,27.898975647985935,612.6214163377881,6554.867256637168
1780933099,150,GET,/product/0PUK6V6EV0,1.100000,0.000000,200,220,280,280,280,310,310,310,310,310,310,31,0,190,193.6339817400421,74.30591620504856,396.4112363755703,7732.774193548387
1780933099,150,GET,/product/1YMWWN1N4O,0.800000,0.000000,170,180,190,260,280,280,280,280,280,280,280,37,0,190,208.71163323219562,16.269786283373833,627.7217166498303,7741.216216216216
1780933099,150,GET,/product/2ZYFJ3GM2N,1.500000,0.000000,200,210,210,270,280,310,310,310,310,310,310,39,0,190,203.00465612075268,27.561303228139877,632.562106475234,7741.897435897436
1780933099,150,GET,/product/66VCHSJNUP,0.400000,0.000000,210,210,210,210,210,210,210,210,210,210,210,28,0,200,266.3693420389401,24.42186512053013,709.1124020516872,7686.5
1780933099,150,GET,/product/6E92ZMYYFZ,1.000000,0.000000,200,200,290,290,310,400,400,400,400,400,400,35,0,200,226.9369836896658,91.18759538978338,627.8138514608145,7699.028571428571
1780933099,150,GET,/product/9SIQT8TOJO,1.000000,0.000000,200,200,270,270,300,300,300,300,300,300,300,33,0,200,199.7812380167571,11.448945850133896,498.07103630155325,7746.484848484848
1780933099,150,GET,/product/L9ECAV7KIM,1.100000,0.000000,200,210,220,280,370,370,370,370,370,370,370,31,0,200,218.98626211670137,23.327761329710484,702.9274003580213,7716.451612903225
1780933099,150,GET,/product/LS4PSXUNUM,0.900000,0.000000,180,200,220,220,280,280,280,280,280,280,280,39,0,180,202.78145690472462,17.95974839478731,675.8517222478986,7717.051282051282
1780933099,150,GET,/product/OLJCESPC7Z,1.500000,0.000000,210,290,300,300,300,300,300,300,300,300,300,40,0,200,209.19522740878165,97.89085760712624,427.0413815975189,7756.175
1780933099,150,,Aggregated,67.200000,0.000000,420,500,560,590,710,770,810,830,1000,1000,1000,2489,0,370,409.36896751843193,11.448945850133896,1322.2290510311723,10305.64483728405
1780933100,150,GET,/,49.800000,0.000000,450,530,590,630,720,780,810,820,1000,1000,1000,1912,0,430,465.98505312586633,13.890696689486504,1322.2290510311723,10243.514644351464
1780933100,150,POST,/cart,6.800000,0.000000,270,300,400,400,470,540,580,580,580,580,580,210,0,250,279.7378586782586,18.801805563271046,889.0607990324497,16903.185714285715
1780933100,150,POST,/cart/checkout,2.900000,0.000000,170,190,240,270,280,300,360,360,360,360,360,118,0,180,197.4935060824757,27.898975647985935,612.6214163377881,6554.64406779661
1780933100,150,GET,/product/0PUK6V6EV0,1.200000,0.000000,200,220,280,280,280,310,310,310,310,310,310,32,0,190,191.45295149064623,74.30591620504856,396.4112363755703,7734.46875
1780933100,150,GET,/product/1YMWWN1N4O,0.700000,0.000000,180,190,210,210,260,280,280,280,280,280,280,39,0,190,208.4398090791626,16.269786283373833,627.7217166498303,7739.205128205128
1780933100,150,GET,/product/2ZYFJ3GM2N,1.400000,0.000000,200,210,210,270,280,310,310,310,310,310,310,39,0,190,203.00465612075268,27.561303228139877,632.562106475234,7741.897435897436
1780933100,150,GET,/product/66VCHSJNUP,0.400000,0.000000,210,210,230,230,230,230,230,230,230,230,230,29,0,210,265.0166125325807,24.42186512053013,709.1124020516872,7689.206896551724
1780933100,150,GET,/product/6E92ZMYYFZ,1.200000,0.000000,180,200,280,290,310,400,400,400,400,400,400,38,0,190,220.14460987166353,91.18759538978338,627.8138514608145,7701.973684210527
1780933100,150,GET,/product/9SIQT8TOJO,1.200000,0.000000,200,200,270,270,300,300,300,300,300,300,300,33,0,200,199.7812380167571,11.448945850133896,498.07103630155325,7746.484848484848
1780933100,150,GET,/product/L9ECAV7KIM,1.100000,0.000000,200,200,210,220,280,280,280,280,280,280,280,32,0,200,218.26023363973945,23.327761329710484,702.9274003580213,7718.09375
1780933100,150,GET,/product/LS4PSXUNUM,0.900000,0.000000,180,190,200,220,280,280,280,280,280,280,280,40,0,180,202.55641611292958,17.95974839478731,675.8517222478986,7715.65
1780933100,150,GET,/product/OLJCESPC7Z,1.600000,0.000000,220,300,300,300,300,300,300,300,300,300,300,40,0,200,209.19522740878165,97.89085760712624,427.0413815975189,7756.175
1780933100,150,,Aggregated,69.200000,0.000000,400,470,530,570,690,740,800,820,1000,1000,1000,2562,0,360,406.43387401162425,11.448945850133896,1322.2290510311723,10303.329820452771
1780933101,150,GET,/,51.000000,0.000000,460,530,580,620,720,770,810,820,1000,1000,1000,1965,0,440,465.7650129025939,13.890696689486504,1322.2290510311723,10243.788295165394
1780933101,150,POST,/cart,6.300000,0.000000,270,300,400,400,490,540,580,580,580,580,580,211,0,250,279.64373023836254,18.801805563271046,889.0607990324497,16906.91943127962
1780933101,150,POST,/cart/checkout,2.500000,0.000000,170,200,270,270,300,310,360,360,360,360,360,121,0,180,196.88522716414585,27.898975647985935,612.6214163377881,6554.305785123967
1780933101,150,GET,/product/0PUK6V6EV0,1.200000,0.000000,210,220,280,280,310,310,310,310,310,310,310,32,0,190,191.45295149064623,74.30591620504856,396.4112363755703,7734.46875
1780933101,150,GET,/product/1YMWWN1N4O,1.200000,0.000000,180,190,210,210,260,280,280,280,280,280,280,39,0,190,208.4398090791626,16.269786283373833,627.7217166498303,7739.205128205128
1780933101,150,GET,/product/2ZYFJ3GM2N,1.300000,0.000000,200,210,270,280,300,310,310,310,310,310,310,41,0,190,204.75568829058875,27.561303228139877,632.562106475234,7741.073170731707
1780933101,150,GET,/product/66VCHSJNUP,0.200000,0.000000,210,210,230,230,230,230,230,230,230,230,230,29,0,210,265.0166125325807,24.42186512053013,709.1124020516872,7689.206896551724
1780933101,150,GET,/product/6E92ZMYYFZ,1.200000,0.000000,190,200,280,280,310,400,400,400,400,400,400,40,0,190,217.27779724169523,91.18759538978338,627.8138514608145,7702.35
1780933101,150,GET,/product/9SIQT8TOJO,1.200000,0.000000,200,220,270,270,300,300,300,300,300,300,300,33,0,200,199.7812380167571,11.448945850133896,498.07103630155325,7746.484848484848
1780933101,150,GET,/product/L9ECAV7KIM,1.100000,0.000000,200,210,220,220,280,280,280,280,280,280,280,33,0,200,218.32904544179186,23.327761329710484,702.9274003580213,7717.0
1780933101,150,GET,/product/LS4PSXUNUM,0.800000,0.000000,190,200,220,220,280,280,280,280,280,280,280,40,0,180,202.55641611292958,17.95974839478731,675.8517222478986,7715.65
1780933101,150,GET,/product/OLJCESPC7Z,1.500000,0.000000,220,300,300,300,300,300,300,300,300,300,300,41,0,200,208.97275863624202,97.89085760712624,427.0413815975189,7757.390243902439
1780933101,150,,Aggregated,69.500000,0.000000,400,480,530,570,680,740,800,820,1000,1000,1000,2625,0,370,406.6861687231632,11.448945850133896,1322.2290510311723,10294.950857142858
1780933102,150,GET,/,52.100000,0.000000,450,500,550,600,710,760,810,820,1000,1000,1000,2021,0,440,465.3107415228522,13.890696689486504,1322.2290510311723,10244.481444829293
1780933102,150,POST,/cart,6.000000,0.000000,280,300,380,400,470,540,580,580,580,580,580,216,0,250,279.05454396494423,18.801805563271046,889.0607990324497,16904.63888888889
1780933102,150,POST,/cart/checkout,2.700000,0.000000,170,200,240,270,280,300,310,310,310,310,310,125,0,180,195.81618057191372,27.898975647985935,612.6214163377881,6554.064
1780933102,150,GET,/product/0PUK6V6EV0,1.100000,0.000000,210,220,230,280,310,310,310,310,310,310,310,33,0,190,192.4879021491065,74.30591620504856,396.4112363755703,7733.30303030303
1780933102,150,GET,/product/1YMWWN1N4O,1.200000,0.000000,180,200,210,260,280,300,300,300,300,300,300,41,0,190,210.01801810159188,16.269786283373833,627.7217166498303,7742.951219512195
1780933102,150,GET,/product/2ZYFJ3GM2N,1.300000,0.000000,200,210,210,280,300,300,300,300,300,300,300,41,0,190,204.75568829058875,27.561303228139877,632.562106475234,7741.073170731707
1780933102,150,GET,/product/66VCHSJNUP,0.300000,0.000000,200,210,230,230,300,300,300,300,300,300,300,33,0,200,257.61136790793955,24.42186512053013,709.1124020516872,7695.212121212121
1780933102,150,GET,/product/6E92ZMYYFZ,1.500000,0.000000,200,200,280,280,310,400,400,400,400,400,400,41,0,190,216.82298792208113,91.18759538978338,627.8138514608145,7703.073170731707
1780933102,150,GET,/product/9SIQT8TOJO,1.200000,0.000000,200,200,270,270,300,300,300,300,300,300,300,34,0,180,198.94684864865508,11.448945850133896,498.07103630155325,7745.823529411765
1780933102,150,GET,/product/L9ECAV7KIM,1.100000,0.000000,220,220,280,280,290,290,290,290,290,290,290,34,0,200,220.5518384135383,23.327761329710484,702.9274003580213,7715.911764705882
1780933102,150,GET,/product/LS4PSXUNUM,0.900000,0.000000,190,200,220,220,280,280,280,280,280,280,280,40,0,180,202.55641611292958,17.95974839478731,675.8517222478986,7715.65
1780933102,150,GET,/product/OLJCESPC7Z,1.300000,0.000000,200,200,210,220,300,300,300,300,300,300,300,42,0,200,208.04513006338053,97.89085760712624,427.0413815975189,7759.119047619048
1780933102,150,,Aggregated,70.700000,0.000000,400,460,500,550,680,740,800,820,1000,1000,1000,2701,0,370,406.1450057503378,11.448945850133896,1322.2290510311723,10290.550536838207
1780933103,150,GET,/,51.000000,0.000000,430,480,530,570,710,760,810,820,1000,1000,1000,2077,0,430,461.81534006913654,13.890696689486504,1322.2290510311723,10244.623013962446
1780933103,150,POST,/cart,5.300000,0.000000,280,300,380,400,470,540,580,580,580,580,580,220,0,250,276.7447978004136,18.801805563271046,889.0607990324497,16918.54090909091
1780933103,150,POST,/cart/checkout,2.700000,0.000000,160,190,240,270,280,300,310,310,310,310,310,128,0,170,193.88482527574524,27.898975647985935,612.6214163377881,6553.890625
1780933103,150,GET,/product/0PUK6V6EV0,1.100000,0.000000,210,220,230,280,310,310,310,310,310,310,310,34,0,190,192.4733144833761,74.30591620504856,396.4112363755703,7731.85294117647
1780933103,150,GET,/product/1YMWWN1N4O,1.100000,0.000000,190,200,210,260,280,300,300,300,300,300,300,42,0,190,209.76032986350003,16.269786283373833,627.7217166498303,7741.785714285715
1780933103,150,GET,/product/2ZYFJ3GM2N,1.400000,0.000000,180,190,200,200,300,300,300,300,300,300,300,42,0,180,204.20371898494307,27.561303228139877,632.562106475234,7742.166666666667
1780933103,150,GET,/product/66VCHSJNUP,0.200000,0.000000,200,210,230,230,300,300,300,300,300,300,300,34,0,200,256.02213698713217,24.42186512053013,709.1124020516872,7694.0
1780933103,150,GET,/product/6E92ZMYYFZ,1.600000,0.000000,170,200,200,230,310,400,400,400,400,400,400,44,0,180,208.76258416947994,91.18759538978338,627.8138514608145,7701.318181818182
1780933103,150,GET,/product/9SIQT8TOJO,1.100000,0.000000,200,200,270,270,300,300,300,300,300,300,300,36,0,180,194.09001134853395,11.448945850133896,498.07103630155325,7749.944444444444
1780933103,150,GET,/product/L9ECAV7KIM,1.000000,0.000000,200,220,220,220,290,290,290,290,290,290,290,35,0,200,219.18896782611097,23.327761329710484,702.9274003580213,7714.085714285714
1780933103,150,GET,/product/LS4PSXUNUM,0.800000,0.000000,180,190,200,200,280,280,280,280,280,280,280,43,0,180,199.66425967597684,17.95974839478731,675.8517222478986,7715.116279069767
1780933103,150,GET,/product/OLJCESPC7Z,1.400000,0.000000,200,200,210,210,300,300,300,300,300,300,300,42,0,200,208.04513006338053,97.89085760712624,427.0413815975189,7759.119047619048
1780933103,150,,Aggregated,68.700000,0.000000,380,450,480,530,660,740,800,820,1000,1000,1000,2777,0,370,402.84291555320925,11.448945850133896,1322.2290510311723,10284.244148361542
1780933104,150,GET,/,52.900000,0.000000,420,470,510,550,710,760,810,820,1000,1000,1000,2111,0,430,459.2012412857559,13.890696689486504,1322.2290510311723,10244.73993368072
1780933104,150,POST,/cart,5.000000,0.000000,270,300,320,380,510,580,580,580,580,580,580,224,0,250,275.53860781232027,18.801805563271046,889.0607990324497,16932.066964285714
1780933104,150,POST,/cart/checkout,3.000000,0.000000,170,210,240,240,270,300,310,310,310,310,310,129,0,170,194.0817412335512,27.898975647985935,612.6214163377881,6553.806201550387
1780933104,150,GET,/product/0PUK6V6EV0,1.100000,0.000000,190,210,230,230,310,310,310,310,310,310,310,34,0,190,192.4733144833761,74.30591620504856,396.4112363755703,7731.85294117647
1780933104,150,GET,/product/1YMWWN1N4O,1.200000,0.000000,180,200,200,210,280,300,300,300,300,300,300,43,0,190,207.2158454549174,16.269786283373833,627.7217166498303,7742.837209302325
1780933104,150,GET,/product/2ZYFJ3GM2N,1.400000,0.000000,180,190,200,200,300,300,300,300,300,300,300,44,0,180,199.5595733804459,27.561303228139877,632.562106475234,7743.636363636364
1780933104,150,GET,/product/66VCHSJNUP,0.400000,0.000000,200,200,210,230,300,300,300,300,300,300,300,36,0,200,250.04584789793523,24.42186512053013,709.1124020516872,7693.777777777777
1780933104,150,GET,/product/6E92ZMYYFZ,1.700000,0.000000,170,200,200,230,290,310,310,310,310,310,310,44,0,180,208.76258416947994,91.18759538978338,627.8138514608145,7701.318181818182
1780933104,150,GET,/product/9SIQT8TOJO,1.200000,0.000000,200,200,200,270,300,300,300,300,300,300,300,38,0,180,190.42137223540954,11.448945850133896,498.07103630155325,7752.526315789473
1780933104,150,GET,/product/L9ECAV7KIM,0.800000,0.000000,200,220,220,220,290,290,290,290,290,290,290,35,0,200,219.18896782611097,23.327761329710484,702.9274003580213,7714.085714285714
1780933104,150,GET,/product/LS4PSXUNUM,0.800000,0.000000,180,190,200,200,280,280,280,280,280,280,280,43,0,180,199.66425967597684,17.95974839478731,675.8517222478986,7715.116279069767
1780933104,150,GET,/product/OLJCESPC7Z,1.500000,0.000000,200,200,210,210,300,300,300,300,300,300,300,43,0,200,206.2693878705072,97.89085760712624,427.0413815975189,7760.069767441861
1780933104,150,,Aggregated,71.000000,0.000000,370,440,480,500,670,740,800,820,1000,1000,1000,2824,0,360,400.46600052768963,11.448945850133896,1322.2290510311723,10285.860835694051
1780933105,150,GET,/,53.900000,0.000000,450,520,600,670,750,800,840,870,1000,1000,1000,2161,0,440,465.0958043905402,13.890696689486504,1322.2290510311723,10244.924571957426
1780933105,150,POST,/cart,4.700000,0.000000,270,300,350,400,540,580,800,800,800,800,800,229,0,250,280.0458270535849,18.801805563271046,889.0607990324497,16954.248908296944
1780933105,150,POST,/cart/checkout,3.000000,0.000000,170,190,240,270,270,300,310,310,310,310,310,129,0,170,194.0817412335512,27.898975647985935,612.6214163377881,6553.806201550387
1780933105,150,GET,/product/0PUK6V6EV0,1.000000,0.000000,210,230,310,310,320,320,320,320,320,320,320,35,0,190,196.16897702217102,74.30591620504856,396.4112363755703,7732.8
1780933105,150,GET,/product/1YMWWN1N4O,1.400000,0.000000,190,200,210,280,280,300,300,300,300,300,300,44,0,190,208.93289788033474,16.269786283373833,627.7217166498303,7744.340909090909
1780933105,150,GET,/product/2ZYFJ3GM2N,1.000000,0.000000,180,180,190,190,300,300,300,300,300,300,300,44,0,180,199.5595733804459,27.561303228139877,632.562106475234,7743.636363636364
1780933105,150,GET,/product/66VCHSJNUP,0.700000,0.000000,200,200,210,230,300,300,300,300,300,300,300,36,0,200,250.04584789793523,24.42186512053013,709.1124020516872,7693.777777777777
1780933105,150,GET,/product/6E92ZMYYFZ,1.800000,0.000000,190,200,230,230,310,330,330,330,330,330,330,46,0,190,211.75353506418026,91.18759538978338,627.8138514608145,7700.521739130435
1780933105,150,GET,/product/9SIQT8TOJO,1.300000,0.000000,200,200,270,270,300,300,300,300,300,300,300,38,0,180,190.42137223540954,11.448945850133896,498.07103630155325,7752.526315789473
1780933105,150,GET,/product/L9ECAV7KIM,0.900000,0.000000,220,220,280,280,290,290,290,290,290,290,290,36,0,200,220.8193730459445,23.327761329710484,702.9274003580213,7713.972222222223
1780933105,150,GET,/product/LS4PSXUNUM,1.000000,0.000000,180,190,200,200,280,280,280,280,280,280,280,43,0,180,199.66425967597684,17.95974839478731,675.8517222478986,7715.116279069767
1780933105,150,GET,/product/OLJCESPC7Z,1.000000,0.000000,170,200,200,210,210,210,210,210,210,210,210,43,0,200,206.2693878705072,97.89085760712624,427.0413815975189,7760.069767441861
1780933105,150,,Aggregated,71.700000,0.000000,390,470,540,590,730,800,830,850,1000,1000,1000,2884,0,370,405.84661053744213,11.448945850133896,1322.2290510311723,10294.13904299584
1780933106,150,GET,/,52.100000,0.000000,460,550,690,750,860,940,1000,1100,1200,1200,1200,2221,0,440,477.48730873008907,13.890696689486504,1322.2290510311723,10245.383610986042
1780933106,150,POST,/cart,4.700000,0.000000,280,320,360,400,550,620,800,800,800,800,800,232,0,250,283.42182783345726,18.801805563271046,889.0607990324497,16963.5
1780933106,150,POST,/cart/checkout,2.800000,0.000000,190,270,290,310,430,470,500,500,500,500,500,135,0,180,203.69469725561362,27.898975647985935,612.6214163377881,6554.740740740741
1780933106,150,GET,/product/0PUK6V6EV0,0.700000,0.000000,310,320,320,320,370,370,370,370,370,370,370,37,0,190,204.35738800143872,74.30591620504856,396.4112363755703,7728.540540540541
1780933106,150,GET,/product/1YMWWN1N4O,1.500000,0.000000,190,200,210,280,280,300,300,300,300,300,300,44,0,190,208.93289788033474,16.269786283373833,627.7217166498303,7744.340909090909
1780933106,150,GET,/product/2ZYFJ3GM2N,1.000000,0.000000,180,180,190,190,300,300,300,300,300,300,300,44,0,180,199.5595733804459,27.561303228139877,632.562106475234,7743.636363636364
1780933106,150,GET,/product/66VCHSJNUP,0.900000,0.000000,200,210,230,300,510,510,510,510,510,510,510,37,0,200,256.9481088100253,24.42186512053013,709.1124020516872,7695.054054054054
1780933106,150,GET,/product/6E92ZMYYFZ,1.700000,0.000000,200,230,290,310,330,390,390,390,390,390,390,47,0,190,215.63982343340808,91.18759538978338,627.8138514608145,7701.531914893617
1780933106,150,GET,/product/9SIQT8TOJO,1.400000,0.000000,200,200,200,270,370,370,370,370,370,370,370,39,0,180,195.1226439470282,11.448945850133896,498.07103630155325,7753.461538461538
1780933106,150,GET,/product/L9ECAV7KIM,0.700000,0.000000,220,280,290,290,670,670,670,670,670,670,670,37,0,200,232.92548687675514,23.327761329710484,702.9274003580213,7712.5675675675675
1780933106,150,GET,/product/LS4PSXUNUM,1.000000,0.000000,190,200,280,280,500,500,500,500,500,500,500,44,0,180,206.45523706281728,17.95974839478731,675.8517222478986,7714.159090909091
1780933106,150,GET,/product/OLJCESPC7Z,0.800000,0.000000,170,200,200,210,210,210,210,210,210,210,210,43,0,200,206.2693878705072,97.89085760712624,427.0413815975189,7760.069767441861
1780933106,150,,Aggregated,69.300000,0.000000,400,480,580,670,820,920,1000,1100,1200,1200,1200,2960,0,380,416.5914340989312,11.448945850133896,1322.2290510311723,10287.294256756757
1780933107,150,GET,/,50.400000,0.000000,440,500,590,710,850,940,1000,1100,1200,1200,1200,2285,0,440,477.6740065345814,13.890696689486504,1322.2290510311723,10245.872647702407
1780933107,150,POST,/cart,4.200000,0.000000,270,300,320,380,550,640,800,800,800,800,800,236,0,250,284.92966962788825,18.801805563271046,889.0607990324497,16981.45338983051
1780933107,150,POST,/cart/checkout,2.600000,0.000000,190,270,310,380,430,470,500,500,500,500,500,136,0,180,204.65463594369152,27.898975647985935,612.6214163377881,6554.544117647059
1780933107,150,GET,/product/0PUK6V6EV0,0.800000,0.000000,270,320,320,320,370,370,370,370,370,370,370,38,0,190,206.0585843742286,74.30591620504856,396.4112363755703,7727.315789473684
1780933107,150,GET,/product/1YMWWN1N4O,1.300000,0.000000,190,200,210,210,280,300,300,300,300,300,300,44,0,190,208.93289788033474,16.269786283373833,627.7217166498303,7744.340909090909
1780933107,150,GET,/product/2ZYFJ3GM2N,0.700000,0.000000,180,180,190,190,300,300,300,300,300,300,300,44,0,180,199.5595733804459,27.561303228139877,632.562106475234,7743.636363636364
1780933107,150,GET,/product/66VCHSJNUP,0.900000,0.000000,200,210,270,270,300,510,510,510,510,510,510,39,0,200,253.3911783248186,24.42186512053013,709.1124020516872,7699.666666666667
1780933107,150,GET,/product/6E92ZMYYFZ,1.700000,0.000000,200,230,290,310,330,390,390,390,390,390,390,48,0,190,215.4119628830813,91.18759538978338,627.8138514608145,7700.520833333333
1780933107,150,GET,/product/9SIQT8TOJO,1.300000,0.000000,200,200,270,270,370,370,370,370,370,370,370,41,0,200,198.9432916544923,11.448945850133896,498.07103630155325,7752.365853658536
1780933107,150,GET,/product/L9ECAV7KIM,0.600000,0.000000,220,280,290,290,670,670,670,670,670,670,670,38,0,200,229.9620040790423,23.327761329710484,702.9274003580213,7714.526315789473
1780933107,150,GET,/product/LS4PSXUNUM,0.700000,0.000000,190,200,280,280,500,500,500,500,500,500,500,44,0,180,206.45523706281728,17.95974839478731,675.8517222478986,7714.159090909091
1780933107,150,GET,/product/OLJCESPC7Z,0.500000,0.000000,170,170,200,200,200,200,200,200,200,200,200,43,0,200,206.2693878705072,97.89085760712624,427.0413815975189,7760.069767441861
1780933107,150,,Aggregated,65.700000,0.000000,390,470,530,590,830,920,1000,1100,1200,1200,1200,3036,0,380,417.4691395878875,11.448945850133896,1322.2290510311723,10289.85046113307
1780933108,150,GET,/,51.800000,0.000000,440,500,590,720,860,940,1100,1100,1200,1200,1200,2326,0,440,473.02490423224475,13.890696689486504,1322.2290510311723,10246.005588993981
1780933108,150,POST,/cart,4.400000,0.000000,270,300,320,380,550,640,800,800,800,800,800,240,0,250,284.18271354554844,18.801805563271046,889.0607990324497,16980.991666666665
1780933108,150,POST,/cart/checkout,2.800000,0.000000,190,240,310,330,430,470,500,500,500,500,500,140,0,180,202.4259738690619,27.898975647985935,612.6214163377881,6554.907142857143
1780933108,150,GET,/product/0PUK6V6EV0,0.700000,0.000000,270,320,320,320,370,370,370,370,370,370,370,38,0,190,206.0585843742286,74.30591620504856,396.4112363755703,7727.315789473684
1780933108,150,GET,/product/1YMWWN1N4O,1.300000,0.000000,200,200,210,280,300,300,300,300,300,300,300,46,0,190,205.77406698999846,16.269786283373833,627.7217166498303,7743.739130434783
1780933108,150,GET,/product/2ZYFJ3GM2N,0.600000,0.000000,180,180,190,190,300,300,300,300,300,300,300,45,0,180,199.30979650881557,27.561303228139877,632.562106475234,7744.2
1780933108,150,GET,/product/66VCHSJNUP,0.900000,0.000000,200,200,230,270,300,510,510,510,510,510,510,41,0,200,250.58065779598022,24.42186512053013,709.1124020516872,7697.536585365854
1780933108,150,GET,/product/6E92ZMYYFZ,1.300000,0.000000,190,200,230,230,330,390,390,390,390,390,390,48,0,190,215.4119628830813,91.18759538978338,627.8138514608145,7700.520833333333
1780933108,150,GET,/product/9SIQT8TOJO,1.100000,0.000000,200,200,270,270,370,370,370,370,370,370,370,41,0,200,198.9432916544923,11.448945850133896,498.07103630155325,7752.365853658536
1780933108,150,GET,/product/L9ECAV7KIM,0.700000,0.000000,220,280,290,290,670,670,670,670,670,670,670,38,0,200,229.9620040790423,23.327761329710484,702.9274003580213,7714.526315789473
1780933108,150,GET,/product/LS4PSXUNUM,0.700000,0.000000,190,190,200,200,500,500,500,500,500,500,500,45,0,180,203.7292378851109,17.95974839478731,675.8517222478986,7713.688888888889
1780933108,150,GET,/product/OLJCESPC7Z,0.500000,0.000000,170,170,200,200,200,200,200,200,200,200,200,43,0,200,206.2693878705072,97.89085760712624,427.0413815975189,7760.069767441861
1780933108,150,,Aggregated,66.800000,0.000000,380,470,530,590,830,920,1000,1100,1200,1200,1200,3091,0,370,413.65590444891023,11.448945850133896,1322.2290510311723,10288.157554189582
1780933109,150,GET,/,53.000000,0.000000,450,520,590,720,860,940,1100,1100,1200,1200,1200,2380,0,440,472.25891314329533,13.890696689486504,1322.2290510311723,10246.123529411765
1780933109,150,POST,/cart,4.400000,0.000000,300,320,380,420,550,640,800,800,800,800,800,248,0,250,285.5006388704022,18.801805563271046,889.0607990324497,16997.34677419355
1780933109,150,POST,/cart/checkout,2.900000,0.000000,160,240,310,380,430,470,500,500,500,500,500,142,0,170,201.32536661457007,27.898975647985935,612.6214163377881,6554.978873239436
1780933109,150,GET,/product/0PUK6V6EV0,0.900000,0.000000,270,320,320,320,370,370,370,370,370,370,370,39,0,190,205.97511324553918,74.30591620504856,396.4112363755703,7729.102564102564
1780933109,150,GET,/product/1YMWWN1N4O,1.200000,0.000000,210,280,290,290,300,300,300,300,300,300,300,49,0,200,211.18471609922696,16.269786283373833,627.7217166498303,7745.510204081633
1780933109,150,GET,/product/2ZYFJ3GM2N,0.500000,0.000000,180,190,290,290,300,300,300,300,300,300,300,47,0,180,199.5391027922643,27.561303228139877,632.562106475234,7746.446808510638
1780933109,150,GET,/product/66VCHSJNUP,1.200000,0.000000,200,200,230,230,300,510,510,510,510,510,510,44,0,200,245.51919398998672,24.42186512053013,709.1124020516872,7698.136363636364
1780933109,150,GET,/product/6E92ZMYYFZ,1.500000,0.000000,200,230,260,260,330,390,390,390,390,390,390,49,0,200,216.40545711377445,91.18759538978338,627.8138514608145,7700.081632653061
1780933109,150,GET,/product/9SIQT8TOJO,1.200000,0.000000,200,270,270,270,370,370,370,370,370,370,370,42,0,200,200.70519659756906,11.448945850133896,498.07103630155325,7754.142857142857
1780933109,150,GET,/product/L9ECAV7KIM,0.600000,0.000000,280,290,300,300,670,670,670,670,670,670,670,39,0,200,231.72063373315794,23.327761329710484,702.9274003580213,7714.051282051282
1780933109,150,GET,/product/LS4PSXUNUM,0.700000,0.000000,190,190,200,200,500,500,500,500,500,500,500,45,0,180,203.7292378851109,17.95974839478731,675.8517222478986,7713.688888888889
1780933109,150,GET,/product/OLJCESPC7Z,0.500000,0.000000,170,200,200,210,210,210,210,210,210,210,210,45,0,200,204.14321857194105,97.89085760712624,427.0413815975189,7759.422222222222
1780933109,150,,Aggregated,68.600000,0.000000,390,480,540,590,830,920,1000,1100,1200,1200,1200,3169,0,370,412.86074079023,11.448945850133896,1322.2290510311723,10292.14420952982
1780933110,150,GET,/,52.800000,0.000000,460,530,600,720,870,950,1100,1100,1200,1200,1200,2425,0,440,472.7731756612505,13.890696689486504,1322.2290510311723,10246.480824742268
1780933110,150,POST,/cart,3.900000,0.000000,320,370,410,430,550,620,800,800,800,800,800,257,0,260,289.86415838105205,18.801805563271046,889.0607990324497,17042.72373540856
1780933110,150,POST,/cart/checkout,2.900000,0.000000,170,230,310,330,430,470,500,500,500,500,500,146,0,170,201.33011103671504,27.898975647985935,612.6214163377881,6555.41095890411
1780933110,150,GET,/product/0PUK6V6EV0,0.800000,0.000000,320,320,370,370,390,390,390,390,390,390,390,40,0,190,210.6734149856493,74.30591620504856,396.4112363755703,7728.875
1780933110,150,GET,/product/1YMWWN1N4O,1.400000,0.000000,280,290,290,300,300,300,300,300,300,300,300,49,0,200,211.18471609922696,16.269786283373833,627.7217166498303,7745.510204081633
1780933110,150,GET,/product/2ZYFJ3GM2N,0.600000,0.000000,190,200,290,290,300,300,300,300,300,300,300,48,0,180,199.498349839511,27.561303228139877,632.562106475234,7746.3125
1780933110,150,GET,/product/66VCHSJNUP,1.200000,0.000000,200,200,230,230,300,510,510,510,510,510,510,45,0,200,245.1159224121107,24.42186512053013,709.1124020516872,7699.7555555555555
1780933110,150,GET,/product/6E92ZMYYFZ,1.300000,0.000000,200,230,260,260,330,390,390,390,390,390,390,51,0,200,216.21291587750116,91.18759538978338,627.8138514608145,7699.725490196079
1780933110,150,GET,/product/9SIQT8TOJO,1.000000,0.000000,210,270,270,270,270,370,370,370,370,370,370,44,0,200,201.45454617555845,11.448945850133896,498.07103630155325,7752.545454545455
1780933110,150,GET,/product/L9ECAV7KIM,0.700000,0.000000,290,290,300,300,670,670,670,670,670,670,670,39,0,200,231.72063373315794,23.327761329710484,702.9274003580213,7714.051282051282
1780933110,150,GET,/product/LS4PSXUNUM,0.600000,0.000000,200,200,300,300,500,500,500,500,500,500,500,46,0,180,205.76771360862514,17.95974839478731,675.8517222478986,7715.217391304348
1780933110,150,GET,/product/OLJCESPC7Z,0.400000,0.000000,170,170,210,210,210,210,210,210,210,210,210,45,0,200,204.14321857194105,97.89085760712624,427.0413815975189,7759.422222222222
1780933110,150,,Aggregated,67.600000,0.000000,420,490,550,600,830,920,1000,1100,1200,1200,1200,3235,0,380,413.39260711028044,11.448945850133896,1322.2290510311723,10303.092117465225
1780933111,150,GET,/,52.700000,0.000000,450,520,590,720,860,940,1100,1100,1200,1200,1200,2499,0,440,471.15456154767503,13.890696689486504,1322.2290510311723,10246.789915966387
1780933111,150,POST,/cart,4.200000,0.000000,320,370,420,460,550,620,800,800,800,800,800,261,0,260,290.92718543078024,18.801805563271046,889.0607990324497,17057.55172413793
1780933111,150,POST,/cart/checkout,2.900000,0.000000,170,260,290,380,430,470,500,500,500,500,500,149,0,180,201.2500177206309,27.898975647985935,612.6214163377881,6555.120805369127
1780933111,150,GET,/product/0PUK6V6EV0,0.800000,0.000000,320,320,370,370,390,390,390,390,390,390,390,41,0,200,210.38001491801768,74.30591620504856,396.4112363755703,7729.804878048781
1780933111,150,GET,/product/1YMWWN1N4O,1.100000,0.000000,200,290,290,290,300,300,300,300,300,300,300,51,0,200,212.21636458500927,16.269786283373833,627.7217166498303,7748.156862745098
1780933111,150,GET,/product/2ZYFJ3GM2N,0.800000,0.000000,180,190,200,290,300,300,300,300,300,300,300,49,0,180,199.003105393934,27.561303228139877,632.562106475234,7746.6122448979595
1780933111,150,GET,/product/66VCHSJNUP,1.500000,0.000000,200,200,200,230,300,510,510,510,510,510,510,48,0,200,240.35462321868786,24.42186512053013,709.1124020516872,7702.145833333333
1780933111,150,GET,/product/6E92ZMYYFZ,1.400000,0.000000,200,230,260,260,330,390,390,390,390,390,390,52,0,200,214.10961411535166,91.18759538978338,627.8138514608145,7699.0192307692305
1780933111,150,GET,/product/9SIQT8TOJO,0.900000,0.000000,210,230,270,270,270,370,370,370,370,370,370,46,0,200,200.07073632239,11.448945850133896,498.07103630155325,7749.652173913043
1780933111,150,GET,/product/L9ECAV7KIM,0.700000,0.000000,180,280,300,300,670,670,670,670,670,670,670,41,0,200,227.82289350359906,23.327761329710484,702.9274003580213,7713.341463414634
1780933111,150,GET,/product/LS4PSXUNUM,0.600000,0.000000,200,200,300,300,500,500,500,500,500,500,500,46,0,180,205.76771360862514,17.95974839478731,675.8517222478986,7715.217391304348
1780933111,150,GET,/product/OLJCESPC7Z,0.500000,0.000000,170,170,210,210,210,210,210,210,210,210,210,45,0,200,204.14321857194105,97.89085760712624,427.0413815975189,7759.422222222222
1780933111,150,,Aggregated,68.100000,0.000000,410,480,540,590,830,920,1000,1100,1200,1200,1200,3328,0,380,412.3797291856765,11.448945850133896,1322.2290510311723,10298.67217548077
1780933112,150,GET,/,52.000000,0.000000,440,520,600,720,870,950,1100,1100,1200,1200,1200,2544,0,440,467.4075963576002,13.890696689486504,1322.2290510311723,10247.083726415094
1780933112,150,POST,/cart,4.500000,0.000000,320,370,410,430,550,620,640,800,800,800,800,269,0,260,289.019032966581,18.801805563271046,889.0607990324497,17054.691449814127
1780933112,150,POST,/cart/checkout,2.800000,0.000000,220,270,330,380,430,470,500,500,500,500,500,149,0,180,201.2500177206309,27.898975647985935,612.6214163377881,6555.120805369127
1780933112,150,GET,/product/0PUK6V6EV0,0.800000,0.000000,270,320,320,370,390,390,390,390,390,390,390,42,0,200,210.04800917580724,74.30591620504856,396.4112363755703,7731.166666666667
1780933112,150,GET,/product/1YMWWN1N4O,1.000000,0.000000,280,290,290,300,300,300,300,300,300,300,300,51,0,200,212.21636458500927,16.269786283373833,627.7217166498303,7748.156862745098
1780933112,150,GET,/product/2ZYFJ3GM2N,0.800000,0.000000,180,180,190,200,290,290,290,290,290,290,290,50,0,180,198.5033942386508,27.561303228139877,632.562106475234,7745.76
1780933112,150,GET,/product/66VCHSJNUP,1.600000,0.000000,200,200,230,230,300,510,510,510,510,510,510,50,0,200,237.69915580749512,24.42186512053013,709.1124020516872,7700.86
1780933112,150,GET,/product/6E92ZMYYFZ,1.100000,0.000000,230,230,260,330,390,390,390,390,390,390,390,53,0,200,212.0231804525796,91.18759538978338,627.8138514608145,7700.735849056604
1780933112,150,GET,/product/9SIQT8TOJO,1.100000,0.000000,210,230,270,270,270,370,370,370,370,370,370,47,0,200,198.1161586108043,11.448945850133896,498.07103630155325,7750.872340425532
1780933112,150,GET,/product/L9ECAV7KIM,0.700000,0.000000,180,280,300,300,670,670,670,670,670,670,670,42,0,200,225.4125916044272,23.327761329710484,702.9274003580213,7714.857142857143
1780933112,150,GET,/product/LS4PSXUNUM,0.600000,0.000000,200,300,300,500,500,500,500,500,500,500,500,47,0,180,205.7264952702408,17.95974839478731,675.8517222478986,7716.297872340426
1780933112,150,GET,/product/OLJCESPC7Z,0.500000,0.000000,130,130,210,210,210,210,210,210,210,210,210,45,0,200,204.14321857194105,97.89085760712624,427.0413815975189,7759.422222222222
1780933112,150,,Aggregated,67.500000,0.000000,390,480,540,590,830,920,1000,1100,1200,1200,1200,3389,0,370,409.30778492273976,11.448945850133896,1322.2290510311723,10307.906757155502
1780933113,150,GET,/,52.500000,0.000000,440,530,610,720,870,950,1100,1100,1200,1200,1200,2582,0,430,465.98241984336346,13.890696689486504,1322.2290510311723,10247.089465530596
1780933113,150,POST,/cart,4.900000,0.000000,330,380,420,500,570,640,800,800,800,800,800,273,0,260,290.4282741951364,18.801805563271046,889.0607990324497,17053.30769230769
1780933113,150,POST,/cart/checkout,3.000000,0.000000,220,270,380,390,460,470,500,500,500,500,500,151,0,180,203.03905851497555,27.898975647985935,612.6214163377881,6555.165562913908
1780933113,150,GET,/product/0PUK6V6EV0,0.900000,0.000000,320,320,370,370,390,390,390,390,390,390,390,42,0,200,210.04800917580724,74.30591620504856,396.4112363755703,7731.166666666667
1780933113,150,GET,/product/1YMWWN1N4O,1.100000,0.000000,280,290,300,300,300,300,300,300,300,300,300,53,0,200,213.65386518245597,16.269786283373833,627.7217166498303,7742.792452830188
1780933113,150,GET,/product/2ZYFJ3GM2N,0.900000,0.000000,180,180,190,200,290,290,290,290,290,290,290,50,0,180,198.5033942386508,27.561303228139877,632.562106475234,7745.76
1780933113,150,GET,/product/66VCHSJNUP,1.800000,0.000000,200,200,230,230,300,510,510,510,510,510,510,50,0,200,237.69915580749512,24.42186512053013,709.1124020516872,7700.86
1780933113,150,GET,/product/6E92ZMYYFZ,1.100000,0.000000,230,260,280,330,390,390,390,390,390,390,390,54,0,200,213.34689065676045,91.18759538978338,627.8138514608145,7701.907407407408
1780933113,150,GET,/product/9SIQT8TOJO,1.100000,0.000000,210,230,270,270,270,370,370,370,370,370,370,47,0,200,198.1161586108043,11.448945850133896,498.07103630155325,7750.872340425532
1780933113,150,GET,/product/L9ECAV7KIM,0.800000,0.000000,200,280,300,300,670,670,670,670,670,670,670,43,0,200,224.84917984192455,23.327761329710484,702.9274003580213,7716.209302325581
1780933113,150,GET,/product/LS4PSXUNUM,0.600000,0.000000,200,300,300,500,500,500,500,500,500,500,500,47,0,180,205.7264952702408,17.95974839478731,675.8517222478986,7716.297872340426
1780933113,150,GET,/product/OLJCESPC7Z,0.400000,0.000000,180,180,210,210,210,210,210,210,210,210,210,46,0,200,203.54767911055166,97.89085760712624,427.0413815975189,7758.413043478261
1780933113,150,,Aggregated,69.100000,0.000000,400,490,550,610,830,920,1000,1100,1200,1200,1200,3438,0,370,408.55185231795275,11.448945850133896,1322.2290510311723,10308.993600930773
1780933114,150,GET,/,53.000000,0.000000,460,570,730,780,870,940,1100,1100,1200,1200,1200,2638,0,440,472.0739269529563,13.890696689486504,1322.2290510311723,10247.280894617134
1780933114,150,POST,/cart,5.400000,0.000000,330,380,420,460,620,670,690,800,800,800,800,278,0,260,293.1933200670232,18.801805563271046,889.0607990324497,17074.823741007192
1780933114,150,POST,/cart/checkout,2.500000,0.000000,260,350,380,430,470,500,520,520,520,520,520,154,0,180,207.24549465631316,27.898975647985935,612.6214163377881,6555.25974025974
1780933114,150,GET,/product/0PUK6V6EV0,0.900000,0.000000,270,320,370,370,390,390,390,390,390,390,390,43,0,200,208.00526710876892,74.30591620504856,396.4112363755703,7732.372093023256
1780933114,150,GET,/product/1YMWWN1N4O,1.100000,0.000000,290,290,300,300,300,300,300,300,300,300,300,53,0,200,213.65386518245597,16.269786283373833,627.7217166498303,7742.792452830188
1780933114,150,GET,/product/2ZYFJ3GM2N,0.900000,0.000000,180,180,190,200,290,290,290,290,290,290,290,50,0,180,198.5033942386508,27.561303228139877,632.562106475234,7745.76
1780933114,150,GET,/product/66VCHSJNUP,1.800000,0.000000,200,200,230,270,300,510,510,510,510,510,510,50,0,200,237.69915580749512,24.42186512053013,709.1124020516872,7700.86
1780933114,150,GET,/product/6E92ZMYYFZ,1.200000,0.000000,260,280,330,330,380,390,390,390,390,390,390,56,0,200,218.32520017466908,91.18759538978338,627.8138514608145,7702.25
1780933114,150,GET,/product/9SIQT8TOJO,1.200000,0.000000,230,270,270,270,370,370,370,370,370,370,370,48,0,200,198.31559310356775,11.448945850133896,498.07103630155325,7752.083333333333
1780933114,150,GET,/product/L9ECAV7KIM,0.700000,0.000000,200,280,300,300,670,670,670,670,670,670,670,43,0,200,224.84917984192455,23.327761329710484,702.9274003580213,7716.209302325581
1780933114,150,GET,/product/LS4PSXUNUM,0.700000,0.000000,300,500,500,570,570,570,570,570,570,570,570,48,0,180,213.3577638111698,17.95974839478731,675.8517222478986,7715.4375
1780933114,150,GET,/product/OLJCESPC7Z,0.300000,0.000000,180,180,210,210,210,210,210,210,210,210,210,46,0,200,203.54767911055166,97.89085760712624,427.0413815975189,7758.413043478261
1780933114,150,,Aggregated,69.700000,0.000000,410,510,620,720,830,920,1000,1100,1200,1200,1200,3507,0,380,413.98654622590107,11.448945850133896,1322.2290510311723,10312.597661819218
1780933115,150,GET,/,50.900000,0.000000,460,530,590,650,790,860,980,1000,1100,1100,1100,2701,0,440,475.20264667230913,13.890696689486504,1322.2290510311723,10247.795261014438
1780933115,150,POST,/cart,5.500000,0.000000,330,380,420,460,570,650,690,690,690,690,690,279,0,260,293.8173724451907,18.801805563271046,889.0607990324497,17076.989247311827
1780933115,150,POST,/cart/checkout,2.300000,0.000000,210,330,370,380,390,460,520,520,520,520,520,156,0,180,207.7474437880879,27.898975647985935,612.6214163377881,6555.416666666667
1780933115,150,GET,/product/0PUK6V6EV0,0.800000,0.000000,200,270,320,320,390,390,390,390,390,390,390,43,0,200,208.00526710876892,74.30591620504856,396.4112363755703,7732.372093023256
1780933115,150,GET,/product/1YMWWN1N4O,1.100000,0.000000,290,300,300,300,300,380,380,380,380,380,380,54,0,200,216.81256811306983,16.269786283373833,627.7217166498303,7742.814814814815
1780933115,150,GET,/product/2ZYFJ3GM2N,0.900000,0.000000,190,190,200,200,290,290,290,290,290,290,290,50,0,180,198.5033942386508,27.561303228139877,632.562106475234,7745.76
1780933115,150,GET,/product/66VCHSJNUP,1.600000,0.000000,200,200,230,270,300,510,510,510,510,510,510,50,0,200,237.69915580749512,24.42186512053013,709.1124020516872,7700.86
1780933115,150,GET,/product/6E92ZMYYFZ,1.000000,0.000000,260,280,300,330,380,390,390,390,390,390,390,59,0,200,220.4261197061357,91.18759538978338,627.8138514608145,7704.71186440678
1780933115,150,GET,/product/9SIQT8TOJO,1.200000,0.000000,210,230,270,270,270,370,370,370,370,370,370,51,0,200,196.54449542947845,11.448945850133896,498.07103630155325,7751.470588235294
1780933115,150,GET,/product/L9ECAV7KIM,0.800000,0.000000,200,300,300,300,670,670,670,670,670,670,670,44,0,200,226.5348510647362,23.327761329710484,702.9274003580213,7718.090909090909
1780933115,150,GET,/product/LS4PSXUNUM,0.500000,0.000000,300,500,500,570,570,570,570,570,570,570,570,48,0,180,213.3577638111698,17.95974839478731,675.8517222478986,7715.4375
1780933115,150,GET,/product/OLJCESPC7Z,0.400000,0.000000,210,210,300,300,300,300,300,300,300,300,300,47,0,200,205.68302358956413,97.89085760712624,427.0413815975189,7759.851063829788
1780933115,150,,Aggregated,67.000000,0.000000,410,490,550,590,760,830,950,1000,1100,1100,1100,3582,0,380,416.8824533833631,11.448945850133896,1322.2290510311723,10305.390284757119
1780933116,150,GET,/,52.100000,0.000000,430,490,530,570,720,790,860,930,1100,1100,1100,2747,0,440,473.8584579560875,13.890696689486504,1322.2290510311723,10247.972697488169
1780933116,150,POST,/cart,5.300000,0.000000,300,360,400,420,530,650,670,690,690,690,690,292,0,260,292.41722308367184,18.801805563271046,889.0607990324497,17073.688356164384
1780933116,150,POST,/cart/checkout,2.500000,0.000000,180,230,270,350,380,460,520,520,520,520,520,160,0,180,206.49278692435473,27.898975647985935,612.6214163377881,6555.26875
1780933116,150,GET,/product/0PUK6V6EV0,0.800000,0.000000,200,200,270,320,390,390,390,390,390,390,390,45,0,200,205.45409551511207,74.30591620504856,396.4112363755703,7735.155555555555
1780933116,150,GET,/product/1YMWWN1N4O,1.000000,0.000000,290,300,300,300,380,380,380,380,380,380,380,54,0,200,216.81256811306983,16.269786283373833,627.7217166498303,7742.814814814815
1780933116,150,GET,/product/2ZYFJ3GM2N,0.600000,0.000000,190,200,200,200,290,290,290,290,290,290,290,52,0,180,198.4567075358847,27.561303228139877,632.562106475234,7746.673076923077
1780933116,150,GET,/product/66VCHSJNUP,1.400000,0.000000,200,200,200,200,230,300,300,300,300,300,300,51,0,200,237.00443028892371,24.42186512053013,709.1124020516872,7700.568627450981
1780933116,150,GET,/product/6E92ZMYYFZ,1.100000,0.000000,260,280,300,330,380,390,390,390,390,390,390,59,0,200,220.4261197061357,91.18759538978338,627.8138514608145,7704.71186440678
1780933116,150,GET,/product/9SIQT8TOJO,0.900000,0.000000,210,230,270,270,270,370,370,370,370,370,370,51,0,200,196.54449542947845,11.448945850133896,498.07103630155325,7751.470588235294
1780933116,150,GET,/product/L9ECAV7KIM,0.800000,0.000000,200,210,300,300,300,300,300,300,300,300,300,45,0,200,226.11545999017028,23.327761329710484,702.9274003580213,7717.377777777778
1780933116,150,GET,/product/LS4PSXUNUM,0.500000,0.000000,210,210,300,300,570,570,570,570,570,570,570,50,0,180,210.97118781879544,17.95974839478731,675.8517222478986,7717.5
1780933116,150,GET,/product/OLJCESPC7Z,0.300000,0.000000,210,210,210,210,300,300,300,300,300,300,300,49,0,200,205.2437657376333,97.89085760712624,427.0413815975189,7757.040816326531
1780933116,150,,Aggregated,67.300000,0.000000,380,460,500,530,660,780,850,870,1100,1100,1100,3655,0,380,415.12551483113407,11.448945850133896,1322.2290510311723,10317.495485636115
1780933117,150,GET,/,54.300000,0.000000,450,500,540,570,720,790,860,930,1100,1100,1100,2802,0,440,473.50735658331695,13.890696689486504,1322.2290510311723,10248.117059243397
1780933117,150,POST,/cart,5.200000,0.000000,320,370,400,410,530,650,670,690,690,690,690,296,0,260,293.3689875943536,18.801805563271046,889.0607990324497,17081.716216216217
1780933117,150,POST,/cart/checkout,2.600000,0.000000,210,270,280,350,380,460,520,520,520,520,520,162,0,180,207.34897462858095,27.898975647985935,612.6214163377881,6555.20987654321
1780933117,150,GET,/product/0PUK6V6EV0,0.800000,0.000000,200,200,280,280,390,390,390,390,390,390,390,46,0,200,206.96693579868779,74.30591620504856,396.4112363755703,7736.195652173913
1780933117,150,GET,/product/1YMWWN1N4O,1.000000,0.000000,300,300,300,300,380,380,380,380,380,380,380,54,0,200,216.81256811306983,16.269786283373833,627.7217166498303,7742.814814814815
1780933117,150,GET,/product/2ZYFJ3GM2N,0.600000,0.000000,190,200,200,200,290,290,290,290,290,290,290,52,0,180,198.4567075358847,27.561303228139877,632.562106475234,7746.673076923077
1780933117,150,GET,/product/66VCHSJNUP,1.400000,0.000000,200,200,230,230,280,300,300,300,300,300,300,52,0,200,237.74401189831013,24.42186512053013,709.1124020516872,7700.5192307692305
1780933117,150,GET,/product/6E92ZMYYFZ,1.200000,0.000000,260,280,280,300,330,380,380,380,380,380,380,61,0,200,220.9471341863763,91.18759538978338,627.8138514608145,7706.5901639344265
1780933117,150,GET,/product/9SIQT8TOJO,1.300000,0.000000,200,210,210,210,230,270,270,270,270,270,270,52,0,200,196.12712699633377,11.448945850133896,498.07103630155325,7753.038461538462
1780933117,150,GET,/product/L9ECAV7KIM,0.900000,0.000000,200,210,300,300,300,300,300,300,300,300,300,45,0,200,226.11545999017028,23.327761329710484,702.9274003580213,7717.377777777778
1780933117,150,GET,/product/LS4PSXUNUM,0.500000,0.000000,270,290,300,300,570,570,570,570,570,570,570,53,0,190,215.2495147695519,17.95974839478731,675.8517222478986,7718.452830188679
1780933117,150,GET,/product/OLJCESPC7Z,0.300000,0.000000,180,210,210,210,300,300,300,300,300,300,300,50,0,200,204.65057535097003,97.89085760712624,427.0413815975189,7758.38
1780933117,150,,Aggregated,70.100000,0.000000,410,470,510,540,660,780,830,870,1100,1100,1100,3725,0,380,415.1942273929415,11.448945850133896,1322.2290510311723,10316.27543624161
1780933118,150,GET,/,52.600000,0.000000,450,500,550,580,720,790,860,930,1100,1100,1100,2860,0,440,471.7996505779455,13.890696689486504,1322.2290510311723,10248.464335664336
1780933118,150,POST,/cart,5.600000,0.000000,330,390,410,450,550,650,670,690,690,690,690,302,0,260,294.8737946980392,18.801805563271046,889.0607990324497,17102.745033112584
1780933118,150,POST,/cart/checkout,2.400000,0.000000,210,260,270,350,380,460,520,520,520,520,520,166,0,180,206.57314310770437,27.898975647985935,612.6214163377881,6555.740963855422
1780933118,150,GET,/product/0PUK6V6EV0,0.800000,0.000000,200,200,280,280,390,390,390,390,390,390,390,46,0,200,206.96693579868779,74.30591620504856,396.4112363755703,7736.195652173913
1780933118,150,GET,/product/1YMWWN1N4O,1.000000,0.000000,300,300,380,380,390,390,390,390,390,390,390,56,0,200,221.3539843048368,16.269786283373833,627.7217166498303,7741.821428571428
1780933118,150,GET,/product/2ZYFJ3GM2N,0.800000,0.000000,200,200,290,370,390,390,390,390,390,390,390,54,0,190,205.24242725568237,27.561303228139877,632.562106475234,7749.351851851852
1780933118,150,GET,/product/66VCHSJNUP,1.400000,0.000000,200,200,200,230,280,300,300,300,300,300,300,56,0,200,231.81188617101205,24.42186512053013,709.1124020516872,7702.375
1780933118,150,GET,/product/6E92ZMYYFZ,1.300000,0.000000,260,280,280,300,330,380,380,380,380,380,380,61,0,200,220.9471341863763,91.18759538978338,627.8138514608145,7706.5901639344265
1780933118,150,GET,/product/9SIQT8TOJO,1.300000,0.000000,200,210,210,210,230,290,290,290,290,290,290,53,0,200,197.9348151153832,11.448945850133896,498.07103630155325,7753.981132075472
1780933118,150,GET,/product/L9ECAV7KIM,0.800000,0.000000,200,210,300,300,300,300,300,300,300,300,300,45,0,200,226.11545999017028,23.327761329710484,702.9274003580213,7717.377777777778
1780933118,150,GET,/product/LS4PSXUNUM,0.600000,0.000000,290,290,300,300,570,570,570,570,570,570,570,54,0,190,216.62958133620796,17.95974839478731,675.8517222478986,7719.444444444444
1780933118,150,GET,/product/OLJCESPC7Z,0.500000,0.000000,180,210,210,210,300,300,300,300,300,300,300,50,0,200,204.65057535097003,97.89085760712624,427.0413815975189,7758.38
1780933118,150,,Aggregated,69.100000,0.000000,410,470,510,550,660,780,830,870,1100,1100,1100,3803,0,380,414.0796554085066,11.448945850133896,1322.2290510311723,10317.173021298975
1780933119,150,GET,/,51.900000,0.000000,430,490,540,580,720,790,860,930,1100,1100,1100,2898,0,440,469.65686004741275,13.890696689486504,1322.2290510311723,10248.60524499655
1780933119,150,POST,/cart,5.800000,0.000000,270,340,400,420,530,650,670,690,690,690,690,308,0,260,292.16619447635657,18.801805563271046,889.0607990324497,17104.35714285714
1780933119,150,POST,/cart/checkout,2.500000,0.000000,210,270,280,350,380,460,520,520,520,520,520,169,0,180,206.90790947372392,27.898975647985935,612.6214163377881,6555.792899408284
1780933119,150,GET,/product/0PUK6V6EV0,0.800000,0.000000,200,200,280,280,390,390,390,390,390,390,390,46,0,200,206.96693579868779,74.30591620504856,396.4112363755703,7736.195652173913
1780933119,150,GET,/product/1YMWWN1N4O,1.000000,0.000000,300,300,380,380,390,390,390,390,390,390,390,56,0,200,221.3539843048368,16.269786283373833,627.7217166498303,7741.821428571428
1780933119,150,GET,/product/2ZYFJ3GM2N,0.800000,0.000000,200,280,370,370,390,390,390,390,390,390,390,55,0,190,206.54140978374264,27.561303228139877,632.562106475234,7749.0
1780933119,150,GET,/product/66VCHSJNUP,1.300000,0.000000,200,200,200,200,280,300,300,300,300,300,300,57,0,200,231.17981037419094,24.42186512053013,709.1124020516872,7703.578947368421
1780933119,150,GET,/product/6E92ZMYYFZ,1.300000,0.000000,270,280,280,300,330,380,380,380,380,380,380,62,0,200,221.8348565210979,91.18759538978338,627.8138514608145,7707.129032258064
1780933119,150,GET,/product/9SIQT8TOJO,1.100000,0.000000,200,210,210,210,230,290,290,290,290,290,290,53,0,200,197.9348151153832,11.448945850133896,498.07103630155325,7753.981132075472
1780933119,150,GET,/product/L9ECAV7KIM,0.800000,0.000000,180,200,210,210,300,300,300,300,300,300,300,46,0,200,223.2805702065968,23.327761329710484,702.9274003580213,7717.217391304348
1780933119,150,GET,/product/LS4PSXUNUM,0.700000,0.000000,290,290,300,300,570,570,570,570,570,570,570,54,0,190,216.62958133620796,17.95974839478731,675.8517222478986,7719.444444444444
1780933119,150,GET,/product/OLJCESPC7Z,0.700000,0.000000,210,210,210,210,300,300,300,300,300,300,300,52,0,200,204.900012888874,97.89085760712624,427.0413815975189,7758.615384615385
1780933119,150,,Aggregated,68.700000,0.000000,390,460,510,540,660,780,850,870,1100,1100,1100,3856,0,380,412.17363706217014,11.448945850133896,1322.2290510311723,10320.365145228216
1780933120,150,GET,/,52.700000,0.000000,430,490,540,580,720,790,860,930,1100,1100,1100,2957,0,440,469.40369928072374,13.890696689486504,1322.2290510311723,10248.918498478188
1780933120,150,POST,/cart,6.300000,0.000000,270,320,390,400,470,650,670,690,690,690,690,316,0,260,293.03573753944113,18.801805563271046,889.0607990324497,17132.11075949367
1780933120,150,POST,/cart/checkout,2.400000,0.000000,210,270,280,350,380,460,520,520,520,520,520,170,0,180,206.71738678699032,27.898975647985935,612.6214163377881,6555.705882352941
1780933120,150,GET,/product/0PUK6V6EV0,0.800000,0.000000,200,200,200,200,280,280,280,280,280,280,280,47,0,200,206.75975575726082,74.30591620504856,396.4112363755703,7736.510638297872
1780933120,150,GET,/product/1YMWWN1N4O,0.900000,0.000000,300,300,380,380,390,390,390,390,390,390,390,56,0,200,221.3539843048368,16.269786283373833,627.7217166498303,7741.821428571428
1780933120,150,GET,/product/2ZYFJ3GM2N,0.900000,0.000000,280,280,370,370,390,390,390,390,390,390,390,57,0,190,207.60703144039502,27.561303228139877,632.562106475234,7750.789473684211
1780933120,150,GET,/product/66VCHSJNUP,1.200000,0.000000,200,200,200,280,300,300,300,300,300,300,300,57,0,200,231.17981037419094,24.42186512053013,709.1124020516872,7703.578947368421
1780933120,150,GET,/product/6E92ZMYYFZ,1.300000,0.000000,280,280,300,300,330,380,380,380,380,380,380,62,0,200,221.8348565210979,91.18759538978338,627.8138514608145,7707.129032258064
1780933120,150,GET,/product/9SIQT8TOJO,1.100000,0.000000,180,200,210,210,290,290,290,290,290,290,290,54,0,200,197.52857387410822,11.448945850133896,498.07103630155325,7755.185185185185
1780933120,150,GET,/product/L9ECAV7KIM,0.700000,0.000000,180,200,210,210,300,300,300,300,300,300,300,46,0,200,223.2805702065968,23.327761329710484,702.9274003580213,7717.217391304348
1780933120,150,GET,/product/LS4PSXUNUM,0.800000,0.000000,290,290,300,300,570,570,570,570,570,570,570,54,0,190,216.62958133620796,17.95974839478731,675.8517222478986,7719.444444444444
1780933120,150,GET,/product/OLJCESPC7Z,0.700000,0.000000,210,210,210,210,300,300,300,300,300,300,300,53,0,200,202.82731233340388,95.0468834489584,427.0413815975189,7758.943396226415
1780933120,150,,Aggregated,69.800000,0.000000,400,460,500,530,660,780,850,870,1100,1100,1100,3929,0,380,412.3266542334651,11.448945850133896,1322.2290510311723,10331.385594298803
1780933121,150,GET,/,51.400000,0.000000,470,530,580,600,720,790,860,930,1100,1100,1100,3006,0,440,470.7982975618414,13.890696689486504,1322.2290510311723,10249.08383233533
1780933121,150,POST,/cart,6.300000,0.000000,300,370,400,420,510,650,670,690,690,690,690,324,0,260,295.5506229773164,18.801805563271046,889.0607990324497,17158.077160493827
1780933121,150,POST,/cart/checkout,2.800000,0.000000,210,270,290,350,380,460,520,520,520,520,520,173,0,180,206.8535072750525,27.898975647985935,612.6214163377881,6555.872832369942
1780933121,150,GET,/product/0PUK6V6EV0,0.700000,0.000000,200,200,230,230,280,280,280,280,280,280,280,48,0,200,207.33940292848274,74.30591620504856,396.4112363755703,7737.9375
1780933121,150,GET,/product/1YMWWN1N4O,0.800000,0.000000,300,300,380,380,390,390,390,390,390,390,390,57,0,200,219.14703735526194,16.269786283373833,627.7217166498303,7742.438596491228
1780933121,150,GET,/product/2ZYFJ3GM2N,0.800000,0.000000,200,280,280,370,390,390,390,390,390,390,390,58,0,190,206.21449192022456,27.561303228139877,632.562106475234,7750.051724137931
1780933121,150,GET,/product/66VCHSJNUP,1.300000,0.000000,200,200,200,200,280,280,280,280,280,280,280,58,0,200,230.3178179527408,24.42186512053013,709.1124020516872,7704.362068965517
1780933121,150,GET,/product/6E92ZMYYFZ,1.300000,0.000000,280,280,300,300,330,380,380,380,380,380,380,62,0,200,221.8348565210979,91.18759538978338,627.8138514608145,7707.129032258064
1780933121,150,GET,/product/9SIQT8TOJO,1.100000,0.000000,180,200,210,210,290,290,290,290,290,290,290,54,0,200,197.52857387410822,11.448945850133896,498.07103630155325,7755.185185185185
1780933121,150,GET,/product/L9ECAV7KIM,0.800000,0.000000,200,200,210,210,300,300,300,300,300,300,300,48,0,200,222.3379904171452,23.327761329710484,702.9274003580213,7717.6875
1780933121,150,GET,/product/LS4PSXUNUM,0.900000,0.000000,270,290,290,300,570,570,570,570,570,570,570,56,0,190,214.3409572807806,17.95974839478731,675.8517222478986,7719.410714285715
1780933121,150,GET,/product/OLJCESPC7Z,0.700000,0.000000,210,210,210,210,300,300,300,300,300,300,300,53,0,200,202.82731233340388,95.0468834489584,427.0413815975189,7758.943396226415
1780933121,150,,Aggregated,68.900000,0.000000,430,490,540,570,670,780,850,870,1100,1100,1100,3997,0,390,413.40299132136755,11.448945850133896,1322.2290510311723,10338.20540405304
1780933122,150,GET,/,52.300000,0.000000,470,530,580,610,720,790,860,930,1100,1100,1100,3068,0,440,469.3219702990757,13.890696689486504,1322.2290510311723,10249.338331160365
1780933122,150,POST,/cart,5.900000,0.000000,310,370,410,450,510,650,670,690,690,690,690,327,0,260,295.19161862813917,18.801805563271046,889.0607990324497,17158.34250764526
1780933122,150,POST,/cart/checkout,2.500000,0.000000,210,260,280,290,380,460,520,520,520,520,520,177,0,180,206.37141588001938,27.898975647985935,612.6214163377881,6555.74011299435
1780933122,150,GET,/product/0PUK6V6EV0,0.700000,0.000000,200,200,230,230,280,280,280,280,280,280,280,49,0,200,207.24131978516067,74.30591620504856,396.4112363755703,7738.571428571428
1780933122,150,GET,/product/1YMWWN1N4O,0.700000,0.000000,290,300,380,380,390,390,390,390,390,390,390,58,0,200,218.42424701578145,16.269786283373833,627.7217166498303,7741.775862068966
1780933122,150,GET,/product/2ZYFJ3GM2N,0.900000,0.000000,200,280,280,370,390,390,390,390,390,390,390,58,0,190,206.21449192022456,27.561303228139877,632.562106475234,7750.051724137931
1780933122,150,GET,/product/66VCHSJNUP,1.200000,0.000000,200,200,200,200,280,280,280,280,280,280,280,59,0,200,229.33011953482185,24.42186512053013,709.1124020516872,7705.016949152542
1780933122,150,GET,/product/6E92ZMYYFZ,1.300000,0.000000,280,280,300,330,380,380,380,380,380,380,380,62,0,200,221.8348565210979,91.18759538978338,627.8138514608145,7707.129032258064
1780933122,150,GET,/product/9SIQT8TOJO,1.000000,0.000000,200,210,280,280,290,300,300,300,300,300,300,57,0,200,200.62637717969585,11.448945850133896,498.07103630155325,7754.438596491228
1780933122,150,GET,/product/L9ECAV7KIM,0.700000,0.000000,200,200,210,210,300,300,300,300,300,300,300,48,0,200,222.3379904171452,23.327761329710484,702.9274003580213,7717.6875
1780933122,150,GET,/product/LS4PSXUNUM,0.800000,0.000000,270,290,290,300,570,570,570,570,570,570,570,57,0,190,213.67158878006433,17.95974839478731,675.8517222478986,7720.368421052632
1780933122,150,GET,/product/OLJCESPC7Z,0.800000,0.000000,200,210,210,210,300,300,300,300,300,300,300,55,0,200,201.01286433637142,95.0468834489584,427.0413815975189,7757.090909090909
1780933122,150,,Aggregated,68.800000,0.000000,430,490,550,580,660,780,850,870,1100,1100,1100,4075,0,380,412.35490296995897,11.448945850133896,1322.2290510311723,10332.61865030675
1780933123,150,GET,/,50.300000,0.000000,430,490,530,560,610,680,830,930,1100,1100,1100,3120,0,440,466.2047986463548,13.890696689486504,1322.2290510311723,10249.567628205128
1780933123,150,POST,/cart,6.000000,0.000000,300,360,390,420,470,550,570,690,690,690,690,330,0,260,293.94033254886216,18.801805563271046,889.0607990324497,17163.039393939394
1780933123,150,POST,/cart/checkout,2.300000,0.000000,180,210,250,260,280,290,370,370,370,370,370,180,0,180,205.19694944119288,27.898975647985935,612.6214163377881,6555.8388888888885
1780933123,150,GET,/product/0PUK6V6EV0,0.600000,0.000000,200,200,230,230,280,280,280,280,280,280,280,50,0,200,207.10127171128988,74.30591620504856,396.4112363755703,7738.04
1780933123,150,GET,/product/1YMWWN1N4O,0.600000,0.000000,290,290,380,380,390,390,390,390,390,390,390,59,0,200,218.05505677110563,16.269786283373833,627.7217166498303,7743.152542372882
1780933123,150,GET,/product/2ZYFJ3GM2N,0.800000,0.000000,200,280,280,370,390,390,390,390,390,390,390,60,0,190,205.6572403603544,27.561303228139877,632.562106475234,7750.2
1780933123,150,GET,/product/66VCHSJNUP,1.100000,0.000000,180,200,200,200,200,280,280,280,280,280,280,60,0,200,227.59861573576927,24.42186512053013,709.1124020516872,7706.283333333334
1780933123,150,GET,/product/6E92ZMYYFZ,1.100000,0.000000,270,280,280,280,300,330,330,330,330,330,330,66,0,200,218.53467776919857,91.18759538978338,627.8138514608145,7708.227272727273
1780933123,150,GET,/product/9SIQT8TOJO,1.000000,0.000000,200,210,280,290,300,300,300,300,300,300,300,57,0,200,200.62637717969585,11.448945850133896,498.07103630155325,7754.438596491228
1780933123,150,GET,/product/L9ECAV7KIM,0.700000,0.000000,200,210,210,300,300,300,300,300,300,300,300,48,0,200,222.3379904171452,23.327761329710484,702.9274003580213,7717.6875
1780933123,150,GET,/product/LS4PSXUNUM,1.000000,0.000000,200,270,290,290,300,570,570,570,570,570,570,61,0,190,209.9777819497175,17.95974839478731,675.8517222478986,7720.573770491803
1780933123,150,GET,/product/OLJCESPC7Z,0.800000,0.000000,200,210,210,210,300,300,300,300,300,300,300,56,0,200,199.55032656434923,95.0468834489584,427.0413815975189,7758.571428571428
1780933123,150,,Aggregated,66.300000,0.000000,390,460,490,520,590,650,800,860,1100,1100,1100,4147,0,380,409.50689039704906,11.448945850133896,1322.2290510311723,10325.602122015915
1780933124,150,GET,/,51.400000,0.000000,400,460,490,510,570,600,640,660,680,680,680,3164,0,430,464.1603230146689,13.890696689486504,1322.2290510311723,10249.861251580278
1780933124,150,POST,/cart,5.800000,0.000000,270,340,380,400,460,510,550,570,570,570,570,337,0,260,292.32152789632187,18.801805563271046,889.0607990324497,17156.66172106825
1780933124,150,POST,/cart/checkout,2.700000,0.000000,170,190,220,250,270,290,370,370,370,370,370,186,0,180,203.32558762021765,27.898975647985935,612.6214163377881,6555.790322580645
1780933124,150,GET,/product/0PUK6V6EV0,0.700000,0.000000,200,200,230,230,280,280,280,280,280,280,280,50,0,200,207.10127171128988,74.30591620504856,396.4112363755703,7738.04
1780933124,150,GET,/product/1YMWWN1N4O,0.700000,0.000000,290,290,380,380,390,390,390,390,390,390,390,59,0,200,218.05505677110563,16.269786283373833,627.7217166498303,7743.152542372882
1780933124,150,GET,/product/2ZYFJ3GM2N,0.800000,0.000000,200,280,280,280,370,390,390,390,390,390,390,61,0,190,206.71255535400306,27.561303228139877,632.562106475234,7749.44262295082
1780933124,150,GET,/product/66VCHSJNUP,1.000000,0.000000,200,200,200,200,280,280,280,280,280,280,280,60,0,200,227.59861573576927,24.42186512053013,709.1124020516872,7706.283333333334
1780933124,150,GET,/product/6E92ZMYYFZ,0.900000,0.000000,190,280,280,280,300,300,300,300,300,300,300,67,0,200,217.86547040761405,91.18759538978338,627.8138514608145,7708.79104477612
1780933124,150,GET,/product/9SIQT8TOJO,1.100000,0.000000,200,210,280,280,290,300,300,300,300,300,300,59,0,200,200.05514744227216,11.448945850133896,498.07103630155325,7754.9152542372885
1780933124,150,GET,/product/L9ECAV7KIM,0.700000,0.000000,200,210,210,300,300,300,300,300,300,300,300,48,0,200,222.3379904171452,23.327761329710484,702.9274003580213,7717.6875
1780933124,150,GET,/product/LS4PSXUNUM,1.000000,0.000000,200,270,270,290,290,300,300,300,300,300,300,62,0,190,211.00851629049546,17.95974839478731,675.8517222478986,7721.693548387097
1780933124,150,GET,/product/OLJCESPC7Z,0.900000,0.000000,200,210,210,270,280,300,300,300,300,300,300,60,0,200,200.01510974640647,95.0468834489584,427.0413815975189,7759.65
1780933124,150,,Aggregated,67.700000,0.000000,360,420,460,490,550,580,630,650,680,680,680,4213,0,370,407.4473698846085,11.448945850133896,1322.2290510311723,10325.035841443152
1780933125,150,GET,/,52.600000,0.000000,410,470,490,520,570,600,640,660,680,680,680,3210,0,440,464.5442526242072,13.890696689486504,1322.2290510311723,10249.9
1780933125,150,POST,/cart,5.700000,0.000000,300,370,390,420,500,570,590,590,590,590,590,346,0,260,296.182609688103,18.801805563271046,889.0607990324497,17186.390173410404
1780933125,150,POST,/cart/checkout,2.900000,0.000000,180,210,250,260,280,310,360,360,360,360,360,189,0,180,204.96376286502237,27.898975647985935,612.6214163377881,6555.6984126984125
1780933125,150,GET,/product/0PUK6V6EV0,0.700000,0.000000,200,230,280,280,300,300,300,300,300,300,300,52,0,200,208.76405988103494,74.30591620504856,396.4112363755703,7739.807692307692
1780933125,150,GET,/product/1YMWWN1N4O,0.500000,0.000000,290,330,380,380,390,390,390,390,390,390,390,60,0,200,219.86202793195844,16.269786283373833,627.7217166498303,7743.683333333333
1780933125,150,GET,/product/2ZYFJ3GM2N,1.000000,0.000000,270,280,300,300,370,390,390,390,390,390,390,62,0,190,208.17409039685322,27.561303228139877,632.562106475234,7748.354838709677
1780933125,150,GET,/product/66VCHSJNUP,0.900000,0.000000,200,200,200,200,280,280,280,280,280,280,280,60,0,200,227.59861573576927,24.42186512053013,709.1124020516872,7706.283333333334
1780933125,150,GET,/product/6E92ZMYYFZ,1.200000,0.000000,200,280,280,280,280,400,400,400,400,400,400,70,0,200,220.03334272386772,91.18759538978338,627.8138514608145,7707.614285714286
1780933125,150,GET,/product/9SIQT8TOJO,1.000000,0.000000,210,270,280,290,300,300,300,300,300,300,300,61,0,200,200.07826939041985,11.448945850133896,498.07103630155325,7754.9672131147545
1780933125,150,GET,/product/L9ECAV7KIM,0.500000,0.000000,200,210,210,210,210,210,210,210,210,210,210,49,0,200,222.0521688993488,23.327761329710484,702.9274003580213,7718.897959183673
1780933125,150,GET,/product/LS4PSXUNUM,1.200000,0.000000,200,270,270,290,290,300,300,300,300,300,300,62,0,190,211.00851629049546,17.95974839478731,675.8517222478986,7721.693548387097
1780933125,150,GET,/product/OLJCESPC7Z,1.000000,0.000000,200,210,210,260,270,280,280,280,280,280,280,63,0,200,200.0402236978213,95.0468834489584,427.0413815975189,7760.0317460317465
1780933125,150,,Aggregated,69.200000,0.000000,370,430,470,490,550,590,630,650,680,680,680,4284,0,380,407.84016694637916,11.448945850133896,1322.2290510311723,10330.532679738562
1780933126,150,GET,/,51.600000,0.000000,420,460,500,520,570,600,640,660,680,680,680,3270,0,440,463.7325690509552,13.890696689486504,1322.2290510311723,10250.22996941896
1780933126,150,POST,/cart,6.000000,0.000000,310,370,400,440,500,570,590,590,590,590,590,352,0,260,295.83253151610154,18.801805563271046,889.0607990324497,17194.40625
1780933126,150,POST,/cart/checkout,2.800000,0.000000,170,210,250,260,280,310,360,360,360,360,360,192,0,180,204.2602085324082,27.898975647985935,612.6214163377881,6555.729166666667
1780933126,150,GET,/product/0PUK6V6EV0,0.800000,0.000000,200,230,280,280,300,300,300,300,300,300,300,52,0,200,208.76405988103494,74.30591620504856,396.4112363755703,7739.807692307692
1780933126,150,GET,/product/1YMWWN1N4O,0.600000,0.000000,290,290,330,330,390,390,390,390,390,390,390,60,0,200,219.86202793195844,16.269786283373833,627.7217166498303,7743.683333333333
1780933126,150,GET,/product/2ZYFJ3GM2N,1.000000,0.000000,270,280,300,300,370,390,390,390,390,390,390,64,0,190,206.93964035308454,27.561303228139877,632.562106475234,7748.484375
1780933126,150,GET,/product/66VCHSJNUP,1.000000,0.000000,200,200,200,200,280,280,280,280,280,280,280,60,0,200,227.59861573576927,24.42186512053013,709.1124020516872,7706.283333333334
1780933126,150,GET,/product/6E92ZMYYFZ,1.200000,0.000000,200,200,280,280,280,400,400,400,400,400,400,71,0,200,218.6913360828455,91.18759538978338,627.8138514608145,7706.788732394366
1780933126,150,GET,/product/9SIQT8TOJO,1.100000,0.000000,210,270,280,290,300,300,300,300,300,300,300,61,0,200,200.07826939041985,11.448945850133896,498.07103630155325,7754.9672131147545
1780933126,150,GET,/product/L9ECAV7KIM,0.500000,0.000000,200,210,210,210,270,270,270,270,270,270,270,51,0,200,222.3343189221387,23.327761329710484,702.9274003580213,7720.6274509803925
1780933126,150,GET,/product/LS4PSXUNUM,1.300000,0.000000,200,200,270,290,290,300,300,300,300,300,300,65,0,190,208.1393110494201,17.95974839478731,675.8517222478986,7721.276923076923
1780933126,150,GET,/product/OLJCESPC7Z,1.200000,0.000000,200,210,210,260,270,280,280,280,280,280,280,63,0,200,200.0402236978213,95.0468834489584,427.0413815975189,7760.0317460317465
1780933126,150,,Aggregated,69.100000,0.000000,370,430,470,490,550,590,630,650,680,680,680,4361,0,380,407.2246084650058,11.448945850133896,1322.2290510311723,10332.379270809448
1780933127,150,GET,/,51.800000,0.000000,410,450,480,490,560,590,640,660,680,680,680,3333,0,440,462.31103827967286,13.890696689486504,1322.2290510311723,10250.458145814582
1780933127,150,POST,/cart,6.500000,0.000000,270,370,380,400,490,550,590,590,590,590,590,356,0,260,295.85015095686646,18.801805563271046,889.0607990324497,17211.887640449437
1780933127,150,POST,/cart/checkout,3.200000,0.000000,170,190,250,250,270,310,360,360,360,360,360,196,0,180,203.85114500318102,27.898975647985935,612.6214163377881,6555.698979591837
1780933127,150,GET,/product/0PUK6V6EV0,0.800000,0.000000,200,230,270,280,300,300,300,300,300,300,300,53,0,200,209.99510533545376,74.30591620504856,396.4112363755703,7740.433962264151
1780933127,150,GET,/product/1YMWWN1N4O,0.700000,0.000000,200,290,290,330,330,330,330,330,330,330,330,60,0,200,219.86202793195844,16.269786283373833,627.7217166498303,7743.683333333333
1780933127,150,GET,/product/2ZYFJ3GM2N,1.100000,0.000000,220,270,280,280,300,300,300,300,300,300,300,64,0,190,206.93964035308454,27.561303228139877,632.562106475234,7748.484375
1780933127,150,GET,/product/66VCHSJNUP,1.000000,0.000000,170,180,200,200,200,200,200,200,200,200,200,61,0,200,225.86276960849273,24.42186512053013,709.1124020516872,7706.819672131148
1780933127,150,GET,/product/6E92ZMYYFZ,1.000000,0.000000,180,200,280,280,280,400,400,400,400,400,400,72,0,200,215.96274017873736,22.23243098706007,627.8138514608145,7707.861111111111
1780933127,150,GET,/product/9SIQT8TOJO,0.900000,0.000000,210,270,280,290,300,300,300,300,300,300,300,61,0,200,200.07826939041985,11.448945850133896,498.07103630155325,7754.9672131147545
1780933127,150,GET,/product/L9ECAV7KIM,0.400000,0.000000,200,200,210,210,270,270,270,270,270,270,270,53,0,200,219.37444080370216,23.327761329710484,702.9274003580213,7722.188679245283
1780933127,150,GET,/product/LS4PSXUNUM,1.400000,0.000000,200,200,200,270,280,290,290,290,290,290,290,67,0,190,206.37411707595214,17.95974839478731,675.8517222478986,7721.2835820895525
1780933127,150,GET,/product/OLJCESPC7Z,1.500000,0.000000,210,210,260,270,280,280,280,280,280,280,280,64,0,200,201.2586031196406,95.0468834489584,427.0413815975189,7760.90625
1780933127,150,,Aggregated,70.300000,0.000000,360,420,450,470,540,580,630,650,680,680,680,4440,0,380,406.214403258301,11.448945850133896,1322.2290510311723,10330.929729729729
1780933128,150,GET,/,51.900000,0.000000,410,450,480,490,560,590,640,660,680,680,680,3370,0,430,459.26597546564983,13.890696689486504,1322.2290510311723,10250.672997032641
1780933128,150,POST,/cart,6.300000,0.000000,280,370,380,400,490,550,590,590,590,590,590,360,0,260,294.57772800491915,18.801805563271046,889.0607990324497,17216.727777777778
1780933128,150,POST,/cart/checkout,3.200000,0.000000,170,190,220,250,290,310,360,360,360,360,360,198,0,180,203.87625918638977,27.898975647985935,612.6214163377881,6555.742424242424
1780933128,150,GET,/product/0PUK6V6EV0,0.800000,0.000000,200,230,270,270,300,300,300,300,300,300,300,54,0,200,207.97247379259377,74.30591620504856,396.4112363755703,7741.148148148148
1780933128,150,GET,/product/1YMWWN1N4O,0.600000,0.000000,200,290,290,330,330,330,330,330,330,330,330,60,0,200,219.86202793195844,16.269786283373833,627.7217166498303,7743.683333333333
1780933128,150,GET,/product/2ZYFJ3GM2N,1.100000,0.000000,200,220,270,280,300,300,300,300,300,300,300,64,0,190,206.93964035308454,27.561303228139877,632.562106475234,7748.484375
1780933128,150,GET,/product/66VCHSJNUP,1.000000,0.000000,170,170,180,180,200,200,200,200,200,200,200,62,0,200,223.86206172767186,24.42186512053013,709.1124020516872,7707.9838709677415
1780933128,150,GET,/product/6E92ZMYYFZ,1.200000,0.000000,180,200,280,280,280,400,400,400,400,400,400,72,0,200,215.96274017873736,22.23243098706007,627.8138514608145,7707.861111111111
1780933128,150,GET,/product/9SIQT8TOJO,1.000000,0.000000,200,210,270,280,300,300,300,300,300,300,300,63,0,200,196.91505589123284,11.448945850133896,498.07103630155325,7755.809523809524
1780933128,150,GET,/product/L9ECAV7KIM,0.700000,0.000000,200,200,210,210,270,270,270,270,270,270,270,53,0,200,219.37444080370216,23.327761329710484,702.9274003580213,7722.188679245283
1780933128,150,GET,/product/LS4PSXUNUM,1.500000,0.000000,200,200,210,270,280,290,290,290,290,290,290,68,0,190,206.3580629936255,17.95974839478731,675.8517222478986,7721.85294117647
1780933128,150,GET,/product/OLJCESPC7Z,1.500000,0.000000,200,210,270,270,280,280,280,280,280,280,280,64,0,200,201.2586031196406,95.0468834489584,427.0413815975189,7760.90625
1780933128,150,,Aggregated,70.800000,0.000000,360,430,450,470,540,580,630,650,680,680,680,4488,0,380,403.7839458222333,11.448945850133896,1322.2290510311723,10332.42201426025
1780933129,150,GET,/,52.700000,0.000000,400,440,470,500,570,610,660,730,780,780,780,3410,0,430,459.12149500435004,13.890696689486504,1322.2290510311723,10250.84926686217
1780933129,150,POST,/cart,6.200000,0.000000,310,370,380,400,500,560,590,590,590,590,590,369,0,260,295.3717702378829,18.801805563271046,889.0607990324497,17208.19512195122
1780933129,150,POST,/cart/checkout,3.500000,0.000000,170,190,220,250,290,310,360,360,360,360,360,200,0,180,203.49427344743162,27.898975647985935,612.6214163377881,6555.99
1780933129,150,GET,/product/0PUK6V6EV0,0.700000,0.000000,200,200,230,270,300,300,300,300,300,300,300,55,0,200,206.5844018858942,74.30591620504856,396.4112363755703,7741.727272727273
1780933129,150,GET,/product/1YMWWN1N4O,0.600000,0.000000,200,270,270,330,330,330,330,330,330,330,330,61,0,200,220.7376903655832,16.269786283373833,627.7217166498303,7744.983606557377
1780933129,150,GET,/product/2ZYFJ3GM2N,1.200000,0.000000,200,220,270,270,300,300,300,300,300,300,300,64,0,190,206.93964035308454,27.561303228139877,632.562106475234,7748.484375
1780933129,150,GET,/product/66VCHSJNUP,0.800000,0.000000,170,170,180,180,270,270,270,270,270,270,270,63,0,200,224.60498517408732,24.42186512053013,709.1124020516872,7707.222222222223
1780933129,150,GET,/product/6E92ZMYYFZ,1.000000,0.000000,200,270,280,280,290,400,400,400,400,400,400,74,0,200,217.76134272835947,22.23243098706007,627.8138514608145,7707.986486486487
1780933129,150,GET,/product/9SIQT8TOJO,0.900000,0.000000,200,210,270,270,280,300,300,300,300,300,300,65,0,200,197.414060567434,11.448945850133896,498.07103630155325,7757.7692307692305
1780933129,150,GET,/product/L9ECAV7KIM,0.700000,0.000000,200,200,210,210,270,270,270,270,270,270,270,53,0,200,219.37444080370216,23.327761329710484,702.9274003580213,7722.188679245283
1780933129,150,GET,/product/LS4PSXUNUM,1.500000,0.000000,200,200,210,270,270,280,280,280,280,280,280,69,0,190,207.3221262409419,17.95974839478731,675.8517222478986,7721.086956521739
1780933129,150,GET,/product/OLJCESPC7Z,1.400000,0.000000,200,210,270,280,280,290,290,290,290,290,290,67,0,200,202.6116505765648,95.0468834489584,427.0413815975189,7762.164179104478
1780933129,150,,Aggregated,71.200000,0.000000,350,420,450,470,550,600,650,680,780,780,780,4550,0,370,403.5098976038069,11.448945850133896,1322.2290510311723,10336.891648351648
1780933130,150,GET,/,52.400000,0.000000,410,470,530,550,630,710,770,780,890,890,890,3481,0,440,462.42577729399426,13.890696689486504,1322.2290510311723,10251.192760700947
1780933130,150,POST,/cart,5.700000,0.000000,280,370,380,420,500,560,590,590,590,590,590,371,0,270,296.0363702793327,18.801805563271046,889.0607990324497,17202.873315363882
1780933130,150,POST,/cart/checkout,3.300000,0.000000,170,190,220,240,260,310,360,360,360,360,360,204,0,180,203.1009933984309,27.898975647985935,612.6214163377881,6555.642156862745
1780933130,150,GET,/product/0PUK6V6EV0,0.800000,0.000000,200,230,270,270,300,300,300,300,300,300,300,55,0,200,206.5844018858942,74.30591620504856,396.4112363755703,7741.727272727273
1780933130,150,GET,/product/1YMWWN1N4O,0.500000,0.000000,200,200,270,270,330,330,330,330,330,330,330,62,0,200,219.2795004755739,16.269786283373833,627.7217166498303,7745.629032258064
1780933130,150,GET,/product/2ZYFJ3GM2N,1.000000,0.000000,220,270,270,300,300,300,300,300,300,300,300,67,0,190,207.59855100968434,27.561303228139877,632.562106475234,7748.9701492537315
1780933130,150,GET,/product/66VCHSJNUP,1.000000,0.000000,130,170,230,230,270,270,270,270,270,270,270,65,0,200,222.7072229035772,24.42186512053013,709.1124020516872,7708.553846153846
1780933130,150,GET,/product/6E92ZMYYFZ,1.100000,0.000000,200,270,280,280,290,400,400,400,400,400,400,76,0,200,218.39096816256642,22.23243098706007,627.8138514608145,7709.434210526316
1780933130,150,GET,/product/9SIQT8TOJO,1.100000,0.000000,200,230,270,280,290,300,300,300,300,300,300,68,0,200,197.23425958963003,11.448945850133896,498.07103630155325,7758.794117647059
1780933130,150,GET,/product/L9ECAV7KIM,0.800000,0.000000,190,200,200,210,270,270,270,270,270,270,270,55,0,200,215.44453269717368,23.327761329710484,702.9274003580213,7724.036363636364
1780933130,150,GET,/product/LS4PSXUNUM,1.400000,0.000000,180,200,210,270,270,280,280,280,280,280,280,71,0,190,205.41767092605292,17.95974839478731,675.8517222478986,7722.380281690141
1780933130,150,GET,/product/OLJCESPC7Z,1.400000,0.000000,200,260,270,280,280,290,290,290,290,290,290,67,0,200,202.6116505765648,95.0468834489584,427.0413815975189,7762.164179104478
1780933130,150,,Aggregated,70.500000,0.000000,360,430,470,520,600,660,760,780,890,890,890,4642,0,380,405.9300943735613,11.448945850133896,1322.2290510311723,10326.792546316243
1780933131,150,GET,/,51.500000,0.000000,400,450,500,540,600,710,770,780,890,890,890,3532,0,440,461.92676303322855,13.890696689486504,1322.2290510311723,10251.37967157418
1780933131,150,POST,/cart,5.700000,0.000000,280,360,370,380,490,560,590,590,590,590,590,374,0,270,296.10104116058363,18.801805563271046,889.0607990324497,17206.54010695187
1780933131,150,POST,/cart/checkout,2.900000,0.000000,160,190,220,240,260,310,360,360,360,360,360,204,0,180,203.1009933984309,27.898975647985935,612.6214163377881,6555.642156862745
1780933131,150,GET,/product/0PUK6V6EV0,0.900000,0.000000,200,200,230,270,300,300,300,300,300,300,300,56,0,200,204.68899935284364,74.30591620504856,396.4112363755703,7742.678571428572
1780933131,150,GET,/product/1YMWWN1N4O,0.400000,0.000000,200,200,270,270,330,330,330,330,330,330,330,62,0,200,219.2795004755739,16.269786283373833,627.7217166498303,7745.629032258064
1780933131,150,GET,/product/2ZYFJ3GM2N,0.900000,0.000000,220,270,270,300,300,300,300,300,300,300,300,68,0,190,205.9662330430001,27.561303228139877,632.562106475234,7749.382352941177
1780933131,150,GET,/product/66VCHSJNUP,0.600000,0.000000,170,220,230,230,270,270,270,270,270,270,270,66,0,200,222.73241721488762,24.42186512053013,709.1124020516872,7707.757575757576
1780933131,150,GET,/product/6E92ZMYYFZ,1.100000,0.000000,200,270,280,280,290,400,400,400,400,400,400,76,0,200,218.39096816256642,22.23243098706007,627.8138514608145,7709.434210526316
1780933131,150,GET,/product/9SIQT8TOJO,1.100000,0.000000,200,230,270,280,290,300,300,300,300,300,300,68,0,200,197.23425958963003,11.448945850133896,498.07103630155325,7758.794117647059
1780933131,150,GET,/product/L9ECAV7KIM,0.700000,0.000000,190,200,200,210,270,270,270,270,270,270,270,55,0,200,215.44453269717368,23.327761329710484,702.9274003580213,7724.036363636364
1780933131,150,GET,/product/LS4PSXUNUM,1.400000,0.000000,200,200,210,270,270,280,280,280,280,280,280,71,0,190,205.41767092605292,17.95974839478731,675.8517222478986,7722.380281690141
1780933131,150,GET,/product/OLJCESPC7Z,1.300000,0.000000,200,260,280,280,290,300,300,300,300,300,300,69,0,200,202.89717900796214,95.0468834489584,427.0413815975189,7762.594202898551
1780933131,150,,Aggregated,68.500000,0.000000,350,420,460,500,570,660,760,780,890,890,890,4701,0,380,405.851377999393,11.448945850133896,1322.2290510311723,10328.058710912572
1780933132,150,GET,/,51.400000,0.000000,430,470,520,540,610,710,770,780,890,890,890,3570,0,440,461.8947808789898,13.890696689486504,1322.2290510311723,10251.587675070028
1780933132,150,POST,/cart,5.900000,0.000000,310,360,380,380,490,560,590,590,590,590,590,381,0,270,296.2900925711227,18.801805563271046,889.0607990324497,17203.51968503937
1780933132,150,POST,/cart/checkout,3.400000,0.000000,170,190,220,250,260,310,360,360,360,360,360,204,0,180,203.1009933984309,27.898975647985935,612.6214163377881,6555.642156862745
1780933132,150,GET,/product/0PUK6V6EV0,0.900000,0.000000,200,270,300,300,320,320,320,320,320,320,320,57,0,200,206.76351268367287,74.30591620504856,396.4112363755703,7743.561403508772
1780933132,150,GET,/product/1YMWWN1N4O,0.600000,0.000000,270,320,320,330,330,330,330,330,330,330,330,63,0,200,220.88523305183838,16.269786283373833,627.7217166498303,7745.444444444444
1780933132,150,GET,/product/2ZYFJ3GM2N,0.900000,0.000000,220,270,300,300,300,320,320,320,320,320,320,69,0,190,207.59368601484576,27.561303228139877,632.562106475234,7748.405797101449
1780933132,150,GET,/product/66VCHSJNUP,0.700000,0.000000,130,220,230,230,270,270,270,270,270,270,270,66,0,200,222.73241721488762,24.42186512053013,709.1124020516872,7707.757575757576
1780933132,150,GET,/product/6E92ZMYYFZ,1.400000,0.000000,230,280,290,290,300,400,400,400,400,400,400,79,0,200,220.48891491339177,22.23243098706007,627.8138514608145,7709.443037974684
1780933132,150,GET,/product/9SIQT8TOJO,1.300000,0.000000,190,210,230,270,290,320,320,320,320,320,320,70,0,200,197.63291659099716,11.448945850133896,498.07103630155325,7757.057142857143
1780933132,150,GET,/product/L9ECAV7KIM,0.900000,0.000000,190,190,210,210,270,270,270,270,270,270,270,55,0,200,215.44453269717368,23.327761329710484,702.9274003580213,7724.036363636364
1780933132,150,GET,/product/LS4PSXUNUM,1.600000,0.000000,200,200,210,270,270,280,280,280,280,280,280,72,0,190,205.2932964741356,17.95974839478731,675.8517222478986,7723.152777777777
1780933132,150,GET,/product/OLJCESPC7Z,1.400000,0.000000,210,270,280,280,290,300,300,300,300,300,300,69,0,200,202.89717900796214,95.0468834489584,427.0413815975189,7762.594202898551
1780933132,150,,Aggregated,70.400000,0.000000,370,440,480,510,570,660,760,780,890,890,890,4755,0,380,405.8659284695842,11.448945850133896,1322.2290510311723,10332.556466876971
1780933133,150,GET,/,52.900000,0.000000,450,520,560,600,740,790,840,880,900,900,900,3616,0,440,465.9019293048753,13.890696689486504,1322.2290510311723,10251.748064159292
1780933133,150,POST,/cart,5.400000,0.000000,350,390,490,520,640,710,770,870,870,870,870,393,0,270,305.3017296133985,18.801805563271046,889.0607990324497,17224.65648854962
1780933133,150,POST,/cart/checkout,3.300000,0.000000,190,220,260,260,310,360,380,380,380,380,380,206,0,180,204.45857134656708,27.898975647985935,612.6214163377881,6555.553398058252
1780933133,150,GET,/product/0PUK6V6EV0,0.900000,0.000000,270,300,320,320,420,420,420,420,420,420,420,58,0,200,210.4477222109663,74.30591620504856,420.44766526669264,7744.241379310345
1780933133,150,GET,/product/1YMWWN1N4O,0.600000,0.000000,300,320,330,330,400,400,400,400,400,400,400,66,0,200,223.35263628117514,16.269786283373833,627.7217166498303,7746.651515151515
1780933133,150,GET,/product/2ZYFJ3GM2N,1.100000,0.000000,270,300,300,320,530,530,530,530,530,530,530,70,0,190,212.14771124401264,27.561303228139877,632.562106475234,7748.642857142857
1780933133,150,GET,/product/66VCHSJNUP,0.800000,0.000000,130,220,230,230,270,270,270,270,270,270,270,66,0,200,222.73241721488762,24.42186512053013,709.1124020516872,7707.757575757576
1780933133,150,GET,/product/6E92ZMYYFZ,1.400000,0.000000,270,290,290,300,400,400,400,400,400,400,400,81,0,200,222.4602769876336,22.23243098706007,627.8138514608145,7708.049382716049
1780933133,150,GET,/product/9SIQT8TOJO,1.400000,0.000000,200,230,270,290,320,420,420,420,420,420,420,71,0,200,200.80293101114287,11.448945850133896,498.07103630155325,7757.760563380281
1780933133,150,GET,/product/L9ECAV7KIM,0.700000,0.000000,190,190,210,210,270,270,270,270,270,270,270,55,0,200,215.44453269717368,23.327761329710484,702.9274003580213,7724.036363636364
1780933133,150,GET,/product/LS4PSXUNUM,1.500000,0.000000,200,210,270,270,270,280,280,280,280,280,280,72,0,190,205.2932964741356,17.95974839478731,675.8517222478986,7723.152777777777
1780933133,150,GET,/product/OLJCESPC7Z,1.600000,0.000000,270,280,290,290,300,490,490,490,490,490,490,70,0,200,207.0404793801052,95.0468834489584,492.92820505797863,7763.471428571429
1780933133,150,,Aggregated,71.600000,0.000000,410,480,530,560,710,770,840,870,900,900,900,4824,0,380,409.7638958844991,11.448945850133896,1322.2290510311723,10344.341210613598
1780933134,150,GET,/,50.700000,0.000000,470,550,610,660,750,790,850,890,910,910,910,3677,0,440,468.3743533357949,13.890696689486504,1322.2290510311723,10251.976067446287
1780933134,150,POST,/cart,5.400000,0.000000,330,370,470,490,640,710,770,870,870,870,870,396,0,270,305.2461853255565,18.801805563271046,889.0607990324497,17224.366161616163
1780933134,150,POST,/cart/checkout,2.800000,0.000000,220,260,260,270,310,380,400,400,400,400,400,210,0,180,205.99961044000727,27.898975647985935,612.6214163377881,6555.661904761905
1780933134,150,GET,/product/0PUK6V6EV0,0.800000,0.000000,270,300,300,320,420,420,420,420,420,420,420,60,0,200,211.69878030195832,74.30591620504856,420.44766526669264,7744.8
1780933134,150,GET,/product/1YMWWN1N4O,0.500000,0.000000,300,320,330,330,400,400,400,400,400,400,400,67,0,200,223.06489359253823,16.269786283373833,627.7217166498303,7747.014925373134
1780933134,150,GET,/product/2ZYFJ3GM2N,1.100000,0.000000,270,300,300,320,400,530,530,530,530,530,530,74,0,200,216.51414030458074,27.561303228139877,632.562106475234,7748.1621621621625
1780933134,150,GET,/product/66VCHSJNUP,0.700000,0.000000,220,230,270,270,290,290,290,290,290,290,290,67,0,200,223.78415172335818,24.42186512053013,709.1124020516872,7707.134328358209
1780933134,150,GET,/product/6E92ZMYYFZ,1.500000,0.000000,230,280,290,290,300,400,400,400,400,400,400,81,0,200,222.4602769876336,22.23243098706007,627.8138514608145,7708.049382716049
1780933134,150,GET,/product/9SIQT8TOJO,1.300000,0.000000,200,230,290,290,320,420,420,420,420,420,420,71,0,200,200.80293101114287,11.448945850133896,498.07103630155325,7757.760563380281
1780933134,150,GET,/product/L9ECAV7KIM,0.700000,0.000000,190,190,210,210,270,270,270,270,270,270,270,55,0,200,215.44453269717368,23.327761329710484,702.9274003580213,7724.036363636364
1780933134,150,GET,/product/LS4PSXUNUM,1.400000,0.000000,200,200,210,270,280,280,280,280,280,280,280,72,0,190,205.2932964741356,17.95974839478731,675.8517222478986,7723.152777777777
1780933134,150,GET,/product/OLJCESPC7Z,1.500000,0.000000,260,280,300,300,310,490,490,490,490,490,490,73,0,200,208.55395367037352,95.0468834489584,492.92820505797863,7762.178082191781
1780933134,150,,Aggregated,68.400000,0.000000,430,510,550,610,730,780,840,870,910,910,910,4903,0,390,411.81808277260257,11.448945850133896,1322.2290510311723,10338.612074240262
1780933135,150,GET,/,50.700000,0.000000,490,550,620,680,760,790,860,890,910,910,910,3699,0,440,467.9105865541734,13.890696689486504,1322.2290510311723,10252.039199783725
1780933135,150,POST,/cart,5.400000,0.000000,320,370,470,520,660,710,870,870,870,870,870,397,0,270,304.95350708673595,18.801805563271046,889.0607990324497,17225.478589420654
1780933135,150,POST,/cart/checkout,2.800000,0.000000,220,240,260,260,310,380,400,400,400,400,400,210,0,180,205.99961044000727,27.898975647985935,612.6214163377881,6555.661904761905
1780933135,150,GET,/product/0PUK6V6EV0,0.800000,0.000000,270,300,320,320,420,420,420,420,420,420,420,60,0,200,211.69878030195832,74.30591620504856,420.44766526669264,7744.8
1780933135,150,GET,/product/1YMWWN1N4O,0.500000,0.000000,300,320,330,330,400,400,400,400,400,400,400,67,0,200,223.06489359253823,16.269786283373833,627.7217166498303,7747.014925373134
1780933135,150,GET,/product/2ZYFJ3GM2N,1.100000,0.000000,270,300,320,320,400,530,530,530,530,530,530,74,0,200,216.51414030458074,27.561303228139877,632.562106475234,7748.1621621621625
1780933135,150,GET,/product/66VCHSJNUP,0.700000,0.000000,220,230,270,270,290,290,290,290,290,290,290,67,0,200,223.78415172335818,24.42186512053013,709.1124020516872,7707.134328358209
1780933135,150,GET,/product/6E92ZMYYFZ,1.500000,0.000000,230,280,290,290,300,400,400,400,400,400,400,81,0,200,222.4602769876336,22.23243098706007,627.8138514608145,7708.049382716049
1780933135,150,GET,/product/9SIQT8TOJO,1.300000,0.000000,210,220,290,290,320,420,420,420,420,420,420,72,0,200,201.08018432640367,11.448945850133896,498.07103630155325,7756.930555555556
1780933135,150,GET,/product/L9ECAV7KIM,0.700000,0.000000,130,130,190,190,190,190,190,190,190,190,190,55,0,200,215.44453269717368,23.327761329710484,702.9274003580213,7724.036363636364
1780933135,150,GET,/product/LS4PSXUNUM,1.400000,0.000000,200,210,210,270,280,280,280,280,280,280,280,73,0,190,205.29772185605682,17.95974839478731,675.8517222478986,7722.3835616438355
1780933135,150,GET,/product/OLJCESPC7Z,1.500000,0.000000,280,290,300,310,490,490,490,490,490,490,490,73,0,200,208.55395367037352,95.0468834489584,492.92820505797863,7762.178082191781
1780933135,150,,Aggregated,68.400000,0.000000,430,520,570,620,740,780,850,880,910,910,910,4928,0,390,411.59664300442734,11.448945850133896,1322.2290510311723,10338.68161525974
1780933136,150,GET,/,52.000000,0.000000,530,610,690,730,810,910,1400,1600,1900,1900,1900,3724,0,440,473.112057795434,13.890696689486504,1901.8422523513436,10252.091836734693
1780933136,150,POST,/cart,5.700000,0.000000,330,470,520,560,710,870,1300,1300,1300,1300,1300,402,0,270,309.58061024027677,18.801805563271046,1298.9836316555738,17238.258706467663
1780933136,150,POST,/cart/checkout,2.600000,0.000000,260,310,400,510,660,1100,1200,1200,1200,1200,1200,217,0,180,219.98328458483456,27.898975647985935,1202.7324745431542,6555.967741935484
1780933136,150,GET,/product/0PUK6V6EV0,0.900000,0.000000,300,320,420,420,990,990,990,990,990,990,990,61,0,200,224.51573246937306,74.30591620504856,993.5328625142574,7743.44262295082
1780933136,150,GET,/product/1YMWWN1N4O,0.800000,0.000000,300,320,400,400,930,930,930,930,930,930,930,68,0,200,233.48693949553896,16.269786283373833,931.7640149965882,7747.779411764706
1780933136,150,GET,/product/2ZYFJ3GM2N,1.200000,0.000000,300,300,400,400,530,570,570,570,570,570,570,75,0,200,221.23587999492884,27.561303228139877,632.562106475234,7747.733333333334
1780933136,150,GET,/product/66VCHSJNUP,0.700000,0.000000,230,270,290,290,930,930,930,930,930,930,930,68,0,200,234.20613674063455,24.42186512053013,932.4791328981519,7707.955882352941
1780933136,150,GET,/product/6E92ZMYYFZ,1.400000,0.000000,280,290,290,300,400,400,400,400,400,400,400,81,0,200,222.4602769876336,22.23243098706007,627.8138514608145,7708.049382716049
1780933136,150,GET,/product/9SIQT8TOJO,1.300000,0.000000,200,230,290,290,320,420,420,420,420,420,420,72,0,200,201.08018432640367,11.448945850133896,498.07103630155325,7756.930555555556
1780933136,150,GET,/product/L9ECAV7KIM,0.700000,0.000000,130,130,190,190,190,190,190,190,190,190,190,55,0,200,215.44453269717368,23.327761329710484,702.9274003580213,7724.036363636364
1780933136,150,GET,/product/LS4PSXUNUM,1.100000,0.000000,200,210,210,210,270,270,270,270,270,270,270,73,0,190,205.29772185605682,17.95974839478731,675.8517222478986,7722.3835616438355
1780933136,150,GET,/product/OLJCESPC7Z,1.400000,0.000000,290,300,490,490,1000,1100,1100,1100,1100,1100,1100,75,0,200,231.41305916011333,95.0468834489584,1124.5285859331489,7762.506666666667
1780933136,150,,Aggregated,69.800000,0.000000,470,560,640,700,790,910,1300,1500,1900,1900,1900,4971,0,390,416.9860348630763,11.448945850133896,1901.8422523513436,10337.805270569303
1780933137,150,GET,/,49.700000,0.000000,620,750,840,940,1100,1400,1700,1800,2100,2100,2100,3811,0,450,488.14932731835785,13.890696689486504,2097.2565906122327,10252.463133035948
1780933137,150,POST,/cart,5.400000,0.000000,370,540,660,700,870,980,1100,1300,1300,1300,1300,410,0,280,317.713322522255,18.801805563271046,1298.9836316555738,17260.39024390244
1780933137,150,POST,/cart/checkout,2.300000,0.000000,270,380,510,530,660,1100,1200,1200,1200,1200,1200,219,0,180,221.84124347843127,27.898975647985935,1202.7324745431542,6555.826484018265
1780933137,150,GET,/product/0PUK6V6EV0,0.900000,0.000000,320,380,420,420,990,990,990,990,990,990,990,62,0,200,226.97222340972192,74.30591620504856,993.5328625142574,7742.709677419355
1780933137,150,GET,/product/1YMWWN1N4O,0.700000,0.000000,320,400,400,470,930,930,930,930,930,930,930,70,0,200,239.27108025444406,16.269786283373833,931.7640149965882,7749.628571428571
1780933137,150,GET,/product/2ZYFJ3GM2N,1.300000,0.000000,300,300,320,400,530,570,570,570,570,570,570,78,0,200,222.05803050205876,27.561303228139877,632.562106475234,7748.0
1780933137,150,GET,/product/66VCHSJNUP,0.700000,0.000000,230,270,290,290,500,930,930,930,930,930,930,71,0,200,237.33847573871765,24.42186512053013,932.4791328981519,7708.718309859155
1780933137,150,GET,/product/6E92ZMYYFZ,1.300000,0.000000,280,290,290,300,400,400,400,400,400,400,400,81,0,200,222.4602769876336,22.23243098706007,627.8138514608145,7708.049382716049
1780933137,150,GET,/product/9SIQT8TOJO,1.200000,0.000000,220,230,290,320,420,420,420,420,420,420,420,72,0,200,201.08018432640367,11.448945850133896,498.07103630155325,7756.930555555556
1780933137,150,GET,/product/L9ECAV7KIM,0.700000,0.000000,190,190,300,300,300,300,300,300,300,300,300,56,0,200,216.8874206586874,23.327761329710484,702.9274003580213,7723.892857142857
1780933137,150,GET,/product/LS4PSXUNUM,1.100000,0.000000,210,210,270,270,500,500,500,500,500,500,500,74,0,190,209.2379883586152,17.95974839478731,675.8517222478986,7721.959459459459
1780933137,150,GET,/product/OLJCESPC7Z,1.200000,0.000000,290,310,390,490,1000,1100,1100,1100,1100,1100,1100,77,0,200,233.43933359175534,95.0468834489584,1124.5285859331489,7762.506493506494
1780933137,150,,Aggregated,66.500000,0.000000,550,690,770,860,1100,1200,1600,1800,2100,2100,2100,5081,0,390,429.49749728035323,11.448945850133896,2097.2565906122327,10341.140523518992
1780933138,150,GET,/,45.600000,0.000000,620,750,840,920,1100,1400,1700,1800,2100,2100,2100,3853,0,450,487.32769327050147,13.890696689486504,2097.2565906122327,10252.531793407734
1780933138,150,POST,/cart,5.200000,0.000000,380,550,660,710,890,980,1300,1300,1300,1300,1300,414,0,270,316.9705488422103,18.801805563271046,1298.9836316555738,17271.217391304348
1780933138,150,POST,/cart/checkout,2.800000,0.000000,270,380,510,530,660,1100,1200,1200,1200,1200,1200,220,0,180,221.63259169002148,27.898975647985935,1202.7324745431542,6555.777272727273
1780933138,150,GET,/product/0PUK6V6EV0,0.900000,0.000000,300,320,380,420,990,990,990,990,990,990,990,64,0,200,226.25223142676987,74.30591620504856,993.5328625142574,7742.359375
1780933138,150,GET,/product/1YMWWN1N4O,0.800000,0.000000,300,400,400,400,470,930,930,930,930,930,930,71,0,200,237.53581863736184,16.269786283373833,931.7640149965882,7749.267605633803
1780933138,150,GET,/product/2ZYFJ3GM2N,1.100000,0.000000,300,300,320,320,530,570,570,570,570,570,570,80,0,200,221.5577186900191,27.561303228139877,632.562106475234,7749.375
1780933138,150,GET,/product/66VCHSJNUP,0.800000,0.000000,230,270,290,500,930,930,930,930,930,930,930,71,0,200,237.33847573871765,24.42186512053013,932.4791328981519,7708.718309859155
1780933138,150,GET,/product/6E92ZMYYFZ,1.000000,0.000000,280,290,300,300,400,400,400,400,400,400,400,81,0,200,222.4602769876336,22.23243098706007,627.8138514608145,7708.049382716049
1780933138,150,GET,/product/9SIQT8TOJO,1.100000,0.000000,220,290,290,320,420,420,420,420,420,420,420,74,0,200,202.03658438765922,11.448945850133896,498.07103630155325,7759.0675675675675
1780933138,150,GET,/product/L9ECAV7KIM,0.400000,0.000000,130,130,300,300,300,300,300,300,300,300,300,57,0,200,215.0576101419957,23.327761329710484,702.9274003580213,7722.701754385965
1780933138,150,GET,/product/LS4PSXUNUM,0.900000,0.000000,210,210,270,270,500,500,500,500,500,500,500,74,0,190,209.2379883586152,17.95974839478731,675.8517222478986,7721.959459459459
1780933138,150,GET,/product/OLJCESPC7Z,1.200000,0.000000,230,310,390,490,1000,1100,1100,1100,1100,1100,1100,78,0,200,231.65919579183443,94.58858519792557,1124.5285859331489,7763.038461538462
1780933138,150,,Aggregated,61.800000,0.000000,550,680,770,850,1100,1200,1600,1800,2100,2100,2100,5137,0,390,428.7250762390535,11.448945850133896,2097.2565906122327,10341.482772045942
1780933139,150,GET,/,46.500000,0.000000,590,760,900,1000,1200,1400,1700,1800,2100,2100,2100,3853,0,450,487.32769327050147,13.890696689486504,2097.2565906122327,10252.531793407734
1780933139,150,POST,/cart,5.000000,0.000000,380,600,690,770,890,980,1300,1300,1300,1300,1300,416,0,270,317.4666151596914,18.801805563271046,1298.9836316555738,17276.591346153848
1780933139,150,POST,/cart/checkout,2.400000,0.000000,270,400,530,540,660,1100,1200,1200,1200,1200,1200,221,0,180,223.07233064018223,27.898975647985935,1202.7324745431542,6555.972850678733
1780933139,150,GET,/product/0PUK6V6EV0,0.900000,0.000000,320,380,420,810,990,990,990,990,990,990,990,65,0,200,235.30181663540694,74.30591620504856,993.5328625142574,7742.830769230769
1780933139,150,GET,/product/1YMWWN1N4O,1.000000,0.000000,300,400,400,400,470,930,930,930,930,930,930,71,0,200,237.53581863736184,16.269786283373833,931.7640149965882,7749.267605633803
1780933139,150,GET,/product/2ZYFJ3GM2N,1.200000,0.000000,300,300,320,400,530,570,570,570,570,570,570,80,0,200,221.5577186900191,27.561303228139877,632.562106475234,7749.375
1780933139,150,GET,/product/66VCHSJNUP,0.900000,0.000000,230,290,500,500,930,930,930,930,930,930,930,71,0,200,237.33847573871765,24.42186512053013,932.4791328981519,7708.718309859155
1780933139,150,GET,/product/6E92ZMYYFZ,1.000000,0.000000,280,290,300,300,400,400,400,400,400,400,400,81,0,200,222.4602769876336,22.23243098706007,627.8138514608145,7708.049382716049
1780933139,150,GET,/product/9SIQT8TOJO,1.100000,0.000000,220,290,320,320,420,420,420,420,420,420,420,74,0,200,202.03658438765922,11.448945850133896,498.07103630155325,7759.0675675675675
1780933139,150,GET,/product/L9ECAV7KIM,0.400000,0.000000,130,130,300,300,300,300,300,300,300,300,300,57,0,200,215.0576101419957,23.327761329710484,702.9274003580213,7722.701754385965
1780933139,150,GET,/product/LS4PSXUNUM,0.800000,0.000000,210,210,500,500,500,500,500,500,500,500,500,74,0,190,209.2379883586152,17.95974839478731,675.8517222478986,7721.959459459459
1780933139,150,GET,/product/OLJCESPC7Z,1.200000,0.000000,300,390,490,490,1000,1100,1100,1100,1100,1100,1100,78,0,200,231.65919579183443,94.58858519792557,1124.5285859331489,7763.038461538462
1780933139,150,,Aggregated,62.400000,0.000000,550,690,820,910,1100,1300,1700,1800,2100,2100,2100,5141,0,390,428.8183838738452,11.448945850133896,2097.2565906122327,10343.385917136744
1780933140,150,GET,/,47.500000,0.000000,760,1000,1100,1100,1400,1600,1700,1800,2100,2100,2100,3933,0,450,501.7229400631045,13.890696689486504,2097.2565906122327,10252.8667683702
1780933140,150,POST,/cart,5.500000,0.000000,520,640,700,770,890,980,1300,1300,1300,1300,1300,419,0,280,320.0383095475256,18.801805563271046,1298.9836316555738,17279.424821002387
1780933140,150,POST,/cart/checkout,2.200000,0.000000,370,440,510,540,660,1100,1200,1200,1200,1200,1200,229,0,190,227.4535012240298,27.898975647985935,1202.7324745431542,6556.14847161572
1780933140,150,GET,/product/0PUK6V6EV0,0.900000,0.000000,350,380,420,810,990,990,990,990,990,990,990,66,0,200,236.9839245961471,74.30591620504856,993.5328625142574,7743.075757575758
1780933140,150,GET,/product/1YMWWN1N4O,1.100000,0.000000,320,400,400,470,930,930,930,930,930,930,930,71,0,200,237.53581863736184,16.269786283373833,931.7640149965882,7749.267605633803
1780933140,150,GET,/product/2ZYFJ3GM2N,1.600000,0.000000,300,320,320,400,530,570,570,570,570,570,570,81,0,200,222.71994769251273,27.561303228139877,632.562106475234,7749.962962962963
1780933140,150,GET,/product/66VCHSJNUP,0.900000,0.000000,290,500,610,610,930,930,930,930,930,930,930,73,0,200,247.44448046620985,24.42186512053013,932.4791328981519,7708.821917808219
1780933140,150,GET,/product/6E92ZMYYFZ,0.900000,0.000000,300,300,400,400,600,600,600,600,600,600,600,82,0,200,227.03986475244164,22.23243098706007,627.8138514608145,7707.158536585366
1780933140,150,GET,/product/9SIQT8TOJO,1.100000,0.000000,290,290,320,320,420,420,420,420,420,420,420,74,0,200,202.03658438765922,11.448945850133896,498.07103630155325,7759.0675675675675
1780933140,150,GET,/product/L9ECAV7KIM,0.300000,0.000000,130,130,300,300,300,300,300,300,300,300,300,57,0,200,215.0576101419957,23.327761329710484,702.9274003580213,7722.701754385965
1780933140,150,GET,/product/LS4PSXUNUM,0.700000,0.000000,210,340,340,500,500,500,500,500,500,500,500,75,0,190,211.0156392554442,17.95974839478731,675.8517222478986,7722.466666666666
1780933140,150,GET,/product/OLJCESPC7Z,1.300000,0.000000,310,390,500,500,1000,1100,1100,1100,1100,1100,1100,79,0,200,235.00492667802905,94.58858519792557,1124.5285859331489,7763.556962025316
1780933140,150,,Aggregated,64.000000,0.000000,660,890,1000,1100,1200,1500,1700,1800,2100,2100,2100,5239,0,400,440.5968302761662,11.448945850133896,2097.2565906122327,10337.19259400649
1780933141,150,GET,/,45.700000,0.000000,830,1000,1100,1100,1400,1600,1700,1800,2100,2100,2100,4001,0,460,505.61696996014325,13.890696689486504,2097.2565906122327,10252.850787303174
1780933141,150,POST,/cart,5.000000,0.000000,540,650,710,770,890,980,1300,1300,1300,1300,1300,421,0,280,319.8818612485381,18.801805563271046,1298.9836316555738,17288.04750593824
1780933141,150,POST,/cart/checkout,2.200000,0.000000,370,440,510,530,660,1100,1200,1200,1200,1200,1200,230,0,190,227.3989616771755,27.898975647985935,1202.7324745431542,6556.191304347826
1780933141,150,GET,/product/0PUK6V6EV0,0.900000,0.000000,350,380,420,810,990,990,990,990,990,990,990,67,0,200,236.29287086816421,74.30591620504856,993.5328625142574,7742.611940298508
1780933141,150,GET,/product/1YMWWN1N4O,1.100000,0.000000,370,400,400,470,930,930,930,930,930,930,930,73,0,200,238.75710456185553,16.269786283373833,931.7640149965882,7749.54794520548
1780933141,150,GET,/product/2ZYFJ3GM2N,1.600000,0.000000,300,350,370,370,530,570,570,570,570,570,570,85,0,200,227.17789206653833,27.561303228139877,632.562106475234,7749.482352941176
1780933141,150,GET,/product/66VCHSJNUP,0.900000,0.000000,500,610,610,610,930,930,930,930,930,930,930,73,0,200,247.44448046620985,24.42186512053013,932.4791328981519,7708.821917808219
1780933141,150,GET,/product/6E92ZMYYFZ,0.800000,0.000000,300,300,400,400,600,600,600,600,600,600,600,83,0,200,227.632449165615,22.23243098706007,627.8138514608145,7707.6626506024095
1780933141,150,GET,/product/9SIQT8TOJO,1.000000,0.000000,220,290,360,360,420,420,420,420,420,420,420,77,0,200,204.05386558842736,11.448945850133896,498.07103630155325,7759.675324675325
1780933141,150,GET,/product/L9ECAV7KIM,0.400000,0.000000,190,190,210,210,300,300,300,300,300,300,300,59,0,200,214.60309012208955,23.327761329710484,702.9274003580213,7720.779661016949
1780933141,150,GET,/product/LS4PSXUNUM,0.600000,0.000000,280,340,340,500,500,500,500,500,500,500,500,76,0,190,211.90621217369642,17.95974839478731,675.8517222478986,7721.789473684211
1780933141,150,GET,/product/OLJCESPC7Z,1.300000,0.000000,310,390,490,500,1000,1100,1100,1100,1100,1100,1100,82,0,200,237.23461372187225,94.58858519792557,1124.5285859331489,7764.1463414634145
1780933141,150,,Aggregated,61.500000,0.000000,690,920,1000,1100,1200,1500,1700,1800,2100,2100,2100,5327,0,400,443.6653490072165,11.448945850133896,2097.2565906122327,10330.400412990426
1780933142,150,GET,/,43.900000,0.000000,830,1000,1100,1100,1400,1600,1700,1800,2100,2100,2100,4038,0,460,503.8343742127711,13.890696689486504,2097.2565906122327,10253.098068350668
1780933142,150,POST,/cart,4.500000,0.000000,410,650,770,790,930,1100,1300,1300,1300,1300,1300,426,0,280,319.99209655029046,18.801805563271046,1298.9836316555738,17305.8779342723
1780933142,150,POST,/cart/checkout,2.000000,0.000000,310,400,510,530,660,1100,1200,1200,1200,1200,1200,232,0,190,226.51057555500805,27.898975647985935,1202.7324745431542,6556.0948275862065
1780933142,150,GET,/product/0PUK6V6EV0,1.000000,0.000000,300,350,380,810,990,990,990,990,990,990,990,67,0,200,236.29287086816421,74.30591620504856,993.5328625142574,7742.611940298508
1780933142,150,GET,/product/1YMWWN1N4O,0.900000,0.000000,370,400,400,470,930,930,930,930,930,930,930,73,0,200,238.75710456185553,16.269786283373833,931.7640149965882,7749.54794520548
1780933142,150,GET,/product/2ZYFJ3GM2N,1.500000,0.000000,300,320,360,360,400,570,570,570,570,570,570,86,0,200,228.31484546538357,27.561303228139877,632.562106475234,7750.197674418605
1780933142,150,GET,/product/66VCHSJNUP,0.700000,0.000000,500,610,610,610,930,930,930,930,930,930,930,74,0,200,246.43096861404342,24.42186512053013,932.4791328981519,7709.364864864865
1780933142,150,GET,/product/6E92ZMYYFZ,0.500000,0.000000,200,280,280,600,600,600,600,600,600,600,600,85,0,200,227.02309718245968,22.23243098706007,627.8138514608145,7707.141176470588
1780933142,150,GET,/product/9SIQT8TOJO,0.700000,0.000000,220,260,290,360,420,420,420,420,420,420,420,79,0,200,204.40435773822702,11.448945850133896,498.07103630155325,7759.721518987341
1780933142,150,GET,/product/L9ECAV7KIM,0.200000,0.000000,210,210,300,300,300,300,300,300,300,300,300,59,0,200,214.60309012208955,23.327761329710484,702.9274003580213,7720.779661016949
1780933142,150,GET,/product/LS4PSXUNUM,0.400000,0.000000,280,280,340,340,500,500,500,500,500,500,500,77,0,190,211.5569505719589,17.95974839478731,675.8517222478986,7722.649350649351
1780933142,150,GET,/product/OLJCESPC7Z,1.100000,0.000000,300,380,390,500,1000,1100,1100,1100,1100,1100,1100,83,0,200,237.22214026219515,94.58858519792557,1124.5285859331489,7764.313253012048
1780933142,150,,Aggregated,57.400000,0.000000,660,930,1000,1100,1200,1500,1700,1800,2100,2100,2100,5379,0,400,442.1951964628807,11.448945850133896,2097.2565906122327,10332.690648819484
1780933143,150,GET,/,46.800000,0.000000,760,1000,1100,1100,1400,1600,1700,1800,2100,2100,2100,4091,0,460,503.8550443541185,13.890696689486504,2097.2565906122327,10253.149107797604
1780933143,150,POST,/cart,4.500000,0.000000,400,550,650,770,930,1100,1300,1300,1300,1300,1300,431,0,280,320.6956932437876,18.801805563271046,1298.9836316555738,17323.343387471
1780933143,150,POST,/cart/checkout,2.500000,0.000000,350,440,510,530,660,1100,1200,1200,1200,1200,1200,234,0,190,226.1755981673606,27.898975647985935,1202.7324745431542,6556.239316239316
1780933143,150,GET,/product/0PUK6V6EV0,1.000000,0.000000,300,350,380,810,990,990,990,990,990,990,990,68,0,200,237.19854803536745,74.30591620504856,993.5328625142574,7743.205882352941
1780933143,150,GET,/product/1YMWWN1N4O,1.000000,0.000000,370,400,400,470,930,930,930,930,930,930,930,73,0,200,238.75710456185553,16.269786283373833,931.7640149965882,7749.54794520548
1780933143,150,GET,/product/2ZYFJ3GM2N,1.600000,0.000000,320,350,370,370,430,570,570,570,570,570,570,88,0,200,231.2608664559031,27.561303228139877,632.562106475234,7750.636363636364
1780933143,150,GET,/product/66VCHSJNUP,0.700000,0.000000,290,500,610,610,930,930,930,930,930,930,930,75,0,200,245.75537391006947,24.42186512053013,932.4791328981519,7710.213333333333
1780933143,150,GET,/product/6E92ZMYYFZ,0.600000,0.000000,280,280,400,400,600,600,600,600,600,600,600,86,0,200,229.0046913224424,22.23243098706007,627.8138514608145,7707.732558139535
1780933143,150,GET,/product/9SIQT8TOJO,0.800000,0.000000,220,220,260,290,360,360,360,360,360,360,360,80,0,200,204.54881681362167,11.448945850133896,498.07103630155325,7759.575
1780933143,150,GET,/product/L9ECAV7KIM,0.300000,0.000000,210,210,280,280,300,300,300,300,300,300,300,61,0,200,215.5246145595781,23.327761329710484,702.9274003580213,7721.065573770492
1780933143,150,GET,/product/LS4PSXUNUM,0.400000,0.000000,280,340,340,500,500,500,500,500,500,500,500,77,0,190,211.5569505719589,17.95974839478731,675.8517222478986,7722.649350649351
1780933143,150,GET,/product/OLJCESPC7Z,1.200000,0.000000,300,380,500,500,1000,1100,1100,1100,1100,1100,1100,84,0,200,236.997463330183,94.58858519792557,1124.5285859331489,7764.976190476191
1780933143,150,,Aggregated,61.400000,0.000000,570,940,1000,1100,1200,1500,1700,1800,2100,2100,2100,5448,0,400,442.3935906394014,11.448945850133896,2097.2565906122327,10334.11325256975
1780933144,150,GET,/,45.600000,0.000000,740,1000,1100,1100,1400,1600,1700,1800,2100,2100,2100,4137,0,460,504.20794702961894,13.890696689486504,2097.2565906122327,10253.293932801547
1780933144,150,POST,/cart,4.300000,0.000000,420,550,650,770,930,1100,1300,1300,1300,1300,1300,435,0,280,320.9985305994064,18.801805563271046,1298.9836316555738,17326.505747126437
1780933144,150,POST,/cart/checkout,2.700000,0.000000,270,370,490,510,620,1100,1200,1200,1200,1200,1200,241,0,190,226.96648157854793,27.898975647985935,1202.7324745431542,6556.136929460581
1780933144,150,GET,/product/0PUK6V6EV0,1.000000,0.000000,300,350,380,810,990,990,990,990,990,990,990,69,0,200,238.15518701314062,74.30591620504856,993.5328625142574,7743.579710144928
1780933144,150,GET,/product/1YMWWN1N4O,1.000000,0.000000,390,400,470,470,930,930,930,930,930,930,930,74,0,200,240.85052000560069,16.269786283373833,931.7640149965882,7749.2027027027025
1780933144,150,GET,/product/2ZYFJ3GM2N,1.600000,0.000000,300,350,360,370,430,570,570,570,570,570,570,89,0,200,232.00579486745463,27.561303228139877,632.562106475234,7751.29213483146
1780933144,150,GET,/product/66VCHSJNUP,0.700000,0.000000,230,500,610,610,930,930,930,930,930,930,930,76,0,200,245.45246469298084,24.42186512053013,932.4791328981519,7711.4078947368425
1780933144,150,GET,/product/6E92ZMYYFZ,0.800000,0.000000,200,280,400,400,600,600,600,600,600,600,600,87,0,200,228.40337856704818,22.23243098706007,627.8138514608145,7707.942528735633
1780933144,150,GET,/product/9SIQT8TOJO,0.800000,0.000000,220,260,290,360,390,390,390,390,390,390,390,81,0,200,206.84459683611806,11.448945850133896,498.07103630155325,7759.481481481482
1780933144,150,GET,/product/L9ECAV7KIM,0.400000,0.000000,210,210,280,280,300,300,300,300,300,300,300,61,0,200,215.5246145595781,23.327761329710484,702.9274003580213,7721.065573770492
1780933144,150,GET,/product/LS4PSXUNUM,0.500000,0.000000,290,290,340,340,500,500,500,500,500,500,500,78,0,190,212.55893286508626,17.95974839478731,675.8517222478986,7721.75641025641
1780933144,150,GET,/product/OLJCESPC7Z,1.400000,0.000000,300,380,500,500,1000,1100,1100,1100,1100,1100,1100,85,0,210,237.62522332151147,94.58858519792557,1124.5285859331489,7765.317647058823
1780933144,150,,Aggregated,60.800000,0.000000,570,930,1000,1100,1200,1500,1700,1800,2100,2100,2100,5513,0,400,442.6537924342272,11.448945850133896,2097.2565906122327,10330.320877924905
1780933145,150,GET,/,47.300000,0.000000,630,980,1100,1100,1300,1600,1700,1800,2100,2100,2100,4199,0,460,502.8291014698495,13.890696689486504,2097.2565906122327,10253.440342938795
1780933145,150,POST,/cart,3.900000,0.000000,380,460,590,650,830,930,980,980,980,980,980,440,0,280,320.36045378878373,18.801805563271046,1298.9836316555738,17336.94318181818
1780933145,150,POST,/cart/checkout,2.800000,0.000000,270,310,370,370,440,530,540,540,540,540,540,248,0,190,228.1982945954247,27.898975647985935,1202.7324745431542,6556.258064516129
1780933145,150,GET,/product/0PUK6V6EV0,0.900000,0.000000,300,300,350,380,810,810,810,810,810,810,810,70,0,200,236.36191480660014,74.30591620504856,993.5328625142574,7744.257142857143
1780933145,150,GET,/product/1YMWWN1N4O,0.900000,0.000000,370,390,400,400,470,470,470,470,470,470,470,75,0,200,239.93567422032356,16.269786283373833,931.7640149965882,7748.493333333333
1780933145,150,GET,/product/2ZYFJ3GM2N,1.600000,0.000000,300,320,350,360,430,570,570,570,570,570,570,91,0,200,231.26834105945878,27.561303228139877,632.562106475234,7750.857142857143
1780933145,150,GET,/product/66VCHSJNUP,0.900000,0.000000,230,290,500,610,610,610,610,610,610,610,610,77,0,200,246.06462272924261,24.42186512053013,932.4791328981519,7711.974025974026
1780933145,150,GET,/product/6E92ZMYYFZ,0.500000,0.000000,200,280,400,400,600,600,600,600,600,600,600,87,0,200,228.40337856704818,22.23243098706007,627.8138514608145,7707.942528735633
1780933145,150,GET,/product/9SIQT8TOJO,0.900000,0.000000,220,260,290,290,360,390,390,390,390,390,390,83,0,200,206.5947862252234,11.448945850133896,498.07103630155325,7758.8674698795185
1780933145,150,GET,/product/L9ECAV7KIM,0.600000,0.000000,210,210,280,280,300,300,300,300,300,300,300,61,0,200,215.5246145595781,23.327761329710484,702.9274003580213,7721.065573770492
1780933145,150,GET,/product/LS4PSXUNUM,0.500000,0.000000,290,340,340,500,500,500,500,500,500,500,500,78,0,190,212.55893286508626,17.95974839478731,675.8517222478986,7721.75641025641
1780933145,150,GET,/product/OLJCESPC7Z,1.400000,0.000000,270,300,380,380,390,500,500,500,500,500,500,86,0,210,238.0298811097651,94.58858519792557,1124.5285859331489,7765.674418604651
1780933145,150,,Aggregated,62.200000,0.000000,530,750,990,1100,1200,1500,1700,1800,2100,2100,2100,5595,0,400,441.58707910764156,11.448945850133896,2097.2565906122327,10328.238605898123
1780933146,150,GET,/,45.400000,0.000000,530,680,940,1000,1100,1300,1600,1600,1800,1800,1800,4250,0,450,500.22937452749295,13.890696689486504,2097.2565906122327,10253.464235294117
1780933146,150,POST,/cart,3.900000,0.000000,320,400,450,470,650,790,980,980,980,980,980,447,0,280,319.15694685607014,18.801805563271046,1298.9836316555738,17332.485458612977
1780933146,150,POST,/cart/checkout,3.100000,0.000000,270,310,370,370,440,530,540,540,540,540,540,248,0,190,228.1982945954247,27.898975647985935,1202.7324745431542,6556.258064516129
1780933146,150,GET,/product/0PUK6V6EV0,1.000000,0.000000,300,300,350,350,810,810,810,810,810,810,810,70,0,200,236.36191480660014,74.30591620504856,993.5328625142574,7744.257142857143
1780933146,150,GET,/product/1YMWWN1N4O,0.600000,0.000000,200,370,370,390,390,390,390,390,390,390,390,75,0,200,239.93567422032356,16.269786283373833,931.7640149965882,7748.493333333333
1780933146,150,GET,/product/2ZYFJ3GM2N,1.700000,0.000000,300,320,350,350,370,430,430,430,430,430,430,92,0,200,229.87202073082975,27.561303228139877,632.562106475234,7750.304347826087
1780933146,150,GET,/product/66VCHSJNUP,0.800000,0.000000,220,230,290,610,610,610,610,610,610,610,610,79,0,200,242.46181682035137,24.42186512053013,932.4791328981519,7713.012658227848
1780933146,150,GET,/product/6E92ZMYYFZ,0.500000,0.000000,280,280,400,400,600,600,600,600,600,600,600,87,0,200,228.40337856704818,22.23243098706007,627.8138514608145,7707.942528735633
1780933146,150,GET,/product/9SIQT8TOJO,0.900000,0.000000,220,260,290,290,360,390,390,390,390,390,390,83,0,200,206.5947862252234,11.448945850133896,498.07103630155325,7758.8674698795185
1780933146,150,GET,/product/L9ECAV7KIM,0.600000,0.000000,210,210,280,280,300,300,300,300,300,300,300,61,0,200,215.5246145595781,23.327761329710484,702.9274003580213,7721.065573770492
1780933146,150,GET,/product/LS4PSXUNUM,0.600000,0.000000,280,290,340,340,500,500,500,500,500,500,500,80,0,190,210.97461013123393,17.95974839478731,675.8517222478986,7721.8125
1780933146,150,GET,/product/OLJCESPC7Z,1.300000,0.000000,240,290,300,300,380,500,500,500,500,500,500,87,0,210,237.5202833235949,94.58858519792557,1124.5285859331489,7764.609195402299
1780933146,150,,Aggregated,60.400000,0.000000,450,580,710,920,1100,1200,1500,1600,1800,1800,1800,5659,0,390,439.61514211433405,11.448945850133896,2097.2565906122327,10333.135713023503
1780933147,150,GET,/,47.200000,0.000000,490,630,780,960,1100,1400,1600,1600,1800,1800,1800,4288,0,450,500.3785095835685,13.890696689486504,2097.2565906122327,10253.515625
1780933147,150,POST,/cart,4.100000,0.000000,310,400,450,460,500,600,790,790,790,790,790,456,0,280,320.1485535031871,18.801805563271046,1298.9836316555738,17367.0
1780933147,150,POST,/cart/checkout,3.600000,0.000000,250,280,360,370,380,490,540,540,540,540,540,251,0,190,227.77000100785992,27.898975647985935,1202.7324745431542,6556.438247011953
1780933147,150,GET,/product/0PUK6V6EV0,0.900000,0.000000,300,300,350,350,810,810,810,810,810,810,810,70,0,200,236.36191480660014,74.30591620504856,993.5328625142574,7744.257142857143
1780933147,150,GET,/product/1YMWWN1N4O,0.700000,0.000000,200,300,370,370,390,390,390,390,390,390,390,77,0,200,238.57429223256065,16.269786283373833,931.7640149965882,7748.415584415585
1780933147,150,GET,/product/2ZYFJ3GM2N,1.600000,0.000000,300,320,350,350,370,430,430,430,430,430,430,92,0,200,229.87202073082975,27.561303228139877,632.562106475234,7750.304347826087
1780933147,150,GET,/product/66VCHSJNUP,0.900000,0.000000,210,230,290,300,610,610,610,610,610,610,610,82,0,200,242.01086340699254,24.42186512053013,932.4791328981519,7713.878048780488
1780933147,150,GET,/product/6E92ZMYYFZ,0.600000,0.000000,200,280,400,400,600,600,600,600,600,600,600,88,0,200,227.8931398600848,22.23243098706007,627.8138514608145,7707.0
1780933147,150,GET,/product/9SIQT8TOJO,1.000000,0.000000,220,260,290,290,360,390,390,390,390,390,390,83,0,200,206.5947862252234,11.448945850133896,498.07103630155325,7758.8674698795185
1780933147,150,GET,/product/L9ECAV7KIM,0.600000,0.000000,210,220,280,300,380,380,380,380,380,380,380,65,0,200,219.2473268136382,23.327761329710484,702.9274003580213,7721.615384615385
1780933147,150,GET,/product/LS4PSXUNUM,0.500000,0.000000,280,290,340,340,500,500,500,500,500,500,500,80,0,190,210.97461013123393,17.95974839478731,675.8517222478986,7721.8125
1780933147,150,GET,/product/OLJCESPC7Z,1.200000,0.000000,240,270,300,300,380,500,500,500,500,500,500,89,0,210,236.7595930196596,94.58858519792557,1124.5285859331489,7763.651685393258
1780933147,150,,Aggregated,62.900000,0.000000,430,530,630,720,1000,1200,1500,1600,1800,1800,1800,5721,0,400,439.4498065698764,11.448945850133896,2097.2565906122327,10338.962069568257
1780933148,150,GET,/,52.100000,0.000000,530,640,720,940,1100,1300,1600,1600,1800,1800,1800,4338,0,460,501.8774111744028,13.890696689486504,2097.2565906122327,10253.589211618257
1780933148,150,POST,/cart,4.200000,0.000000,350,420,460,470,530,650,720,790,790,790,790,465,0,280,322.19124106710314,18.801805563271046,1298.9836316555738,17375.617204301074
1780933148,150,POST,/cart/checkout,3.100000,0.000000,260,290,370,370,450,490,540,540,540,540,540,254,0,190,229.65575249381658,27.898975647985935,1202.7324745431542,6556.36220472441
1780933148,150,GET,/product/0PUK6V6EV0,0.900000,0.000000,300,300,350,350,810,810,810,810,810,810,810,72,0,200,238.1024370616716,74.30591620504856,993.5328625142574,7743.402777777777
1780933148,150,GET,/product/1YMWWN1N4O,0.700000,0.000000,300,370,380,380,390,390,390,390,390,390,390,78,0,200,240.3484285594179,16.269786283373833,931.7640149965882,7747.641025641025
1780933148,150,GET,/product/2ZYFJ3GM2N,1.800000,0.000000,300,320,350,360,370,430,430,430,430,430,430,93,0,200,230.64826442910137,27.561303228139877,632.562106475234,7749.806451612903
1780933148,150,GET,/product/66VCHSJNUP,1.000000,0.000000,210,290,300,300,610,610,610,610,610,610,610,82,0,200,242.01086340699254,24.42186512053013,932.4791328981519,7713.878048780488
1780933148,150,GET,/product/6E92ZMYYFZ,0.600000,0.000000,210,280,400,400,600,600,600,600,600,600,600,89,0,200,227.66979456240875,22.23243098706007,627.8138514608145,7707.314606741573
1780933148,150,GET,/product/9SIQT8TOJO,1.100000,0.000000,220,220,260,360,390,390,390,390,390,390,390,83,0,200,206.5947862252234,11.448945850133896,498.07103630155325,7758.8674698795185
1780933148,150,GET,/product/L9ECAV7KIM,0.600000,0.000000,220,280,300,310,380,380,380,380,380,380,380,66,0,200,220.68709946435058,23.327761329710484,702.9274003580213,7722.606060606061
1780933148,150,GET,/product/LS4PSXUNUM,0.700000,0.000000,280,290,340,340,380,380,380,380,380,380,380,81,0,200,213.03476941668325,17.95974839478731,675.8517222478986,7721.530864197531
1780933148,150,GET,/product/OLJCESPC7Z,1.200000,0.000000,240,290,290,300,380,500,500,500,500,500,500,90,0,210,237.39271016998424,94.58858519792557,1124.5285859331489,7763.877777777778
1780933148,150,,Aggregated,68.000000,0.000000,460,570,650,710,1000,1200,1500,1600,1800,1800,1800,5791,0,400,440.86995647849966,11.448945850133896,2097.2565906122327,10344.324123640132
1780933149,150,GET,/,49.300000,0.000000,500,590,650,680,990,1100,1100,1500,1800,1800,1800,4403,0,460,501.555157574488,13.890696689486504,2097.2565906122327,10253.694526459232
1780933149,150,POST,/cart,4.500000,0.000000,350,420,460,470,500,650,720,790,790,790,790,468,0,280,322.50525387059736,18.801805563271046,1298.9836316555738,17377.463675213676
1780933149,150,POST,/cart/checkout,3.100000,0.000000,250,280,360,370,450,480,490,490,490,490,490,254,0,190,229.65575249381658,27.898975647985935,1202.7324745431542,6556.36220472441
1780933149,150,GET,/product/0PUK6V6EV0,0.800000,0.000000,300,300,300,300,350,350,350,350,350,350,350,73,0,200,236.30735191376243,74.30591620504856,993.5328625142574,7743.684931506849
1780933149,150,GET,/product/1YMWWN1N4O,0.700000,0.000000,280,300,370,370,380,390,390,390,390,390,390,82,0,200,240.4211914144093,16.269786283373833,931.7640149965882,7749.170731707317
1780933149,150,GET,/product/2ZYFJ3GM2N,1.600000,0.000000,300,320,350,360,370,430,430,430,430,430,430,93,0,200,230.64826442910137,27.561303228139877,632.562106475234,7749.806451612903
1780933149,150,GET,/product/66VCHSJNUP,1.200000,0.000000,220,300,300,300,610,610,610,610,610,610,610,86,0,200,243.5759675992263,24.42186512053013,932.4791328981519,7713.7558139534885
1780933149,150,GET,/product/6E92ZMYYFZ,0.600000,0.000000,210,220,280,400,600,600,600,600,600,600,600,90,0,200,227.63997140443988,22.23243098706007,627.8138514608145,7706.777777777777
1780933149,150,GET,/product/9SIQT8TOJO,1.100000,0.000000,220,220,260,360,390,390,390,390,390,390,390,83,0,200,206.5947862252234,11.448945850133896,498.07103630155325,7758.8674698795185
1780933149,150,GET,/product/L9ECAV7KIM,0.700000,0.000000,220,280,300,310,380,380,380,380,380,380,380,66,0,200,220.68709946435058,23.327761329710484,702.9274003580213,7722.606060606061
1780933149,150,GET,/product/LS4PSXUNUM,0.600000,0.000000,280,290,340,340,380,380,380,380,380,380,380,81,0,200,213.03476941668325,17.95974839478731,675.8517222478986,7721.530864197531
1780933149,150,GET,/product/OLJCESPC7Z,1.100000,0.000000,240,290,300,330,380,500,500,500,500,500,500,93,0,210,237.4679303417603,94.58858519792557,1124.5285859331489,7765.451612903225
1780933149,150,,Aggregated,65.300000,0.000000,440,530,600,640,850,1000,1100,1300,1800,1800,1800,5872,0,400,440.82353917383193,11.448945850133896,2097.2565906122327,10341.406846049047
1780933150,150,GET,/,47.900000,0.000000,450,510,550,580,650,680,720,790,880,880,880,4454,0,460,499.09526202451315,13.890696689486504,2097.2565906122327,10253.714414009879
1780933150,150,POST,/cart,4.800000,0.000000,310,400,430,450,480,500,530,720,720,720,720,473,0,280,321.500387097892,18.801805563271046,1298.9836316555738,17392.482029598308
1780933150,150,POST,/cart/checkout,3.400000,0.000000,230,250,280,290,370,450,480,480,480,480,480,257,0,190,229.42644122132762,27.898975647985935,1202.7324745431542,6556.447470817121
1780933150,150,GET,/product/0PUK6V6EV0,0.800000,0.000000,210,300,300,300,300,300,300,300,300,300,300,75,0,200,235.35560462623835,74.30591620504856,993.5328625142574,7743.173333333333
1780933150,150,GET,/product/1YMWWN1N4O,0.600000,0.000000,210,300,300,300,380,390,390,390,390,390,390,83,0,200,240.0421123974115,16.269786283373833,931.7640149965882,7749.795180722892
1780933150,150,GET,/product/2ZYFJ3GM2N,1.200000,0.000000,300,300,320,370,430,430,430,430,430,430,430,93,0,200,230.64826442910137,27.561303228139877,632.562106475234,7749.806451612903
1780933150,150,GET,/product/66VCHSJNUP,1.100000,0.000000,210,300,300,300,610,610,610,610,610,610,610,88,0,200,241.73793180803344,24.42186512053013,932.4791328981519,7713.409090909091
1780933150,150,GET,/product/6E92ZMYYFZ,0.800000,0.000000,210,220,280,280,400,400,400,400,400,400,400,90,0,200,227.63997140443988,22.23243098706007,627.8138514608145,7706.777777777777
1780933150,150,GET,/product/9SIQT8TOJO,0.900000,0.000000,220,220,260,260,390,390,390,390,390,390,390,83,0,200,206.5947862252234,11.448945850133896,498.07103630155325,7758.8674698795185
1780933150,150,GET,/product/L9ECAV7KIM,1.000000,0.000000,220,280,300,310,380,380,380,380,380,380,380,67,0,200,220.29049355369895,23.327761329710484,702.9274003580213,7721.9701492537315
1780933150,150,GET,/product/LS4PSXUNUM,0.600000,0.000000,200,220,280,290,380,380,380,380,380,380,380,84,0,190,211.82593014756483,17.95974839478731,675.8517222478986,7721.047619047619
1780933150,150,GET,/product/OLJCESPC7Z,1.300000,0.000000,240,270,290,290,300,330,330,330,330,330,330,93,0,210,237.4679303417603,94.58858519792557,1124.5285859331489,7765.451612903225
1780933150,150,,Aggregated,64.400000,0.000000,390,470,520,540,630,670,710,770,880,880,880,5940,0,400,438.8170523940576,11.448945850133896,2097.2565906122327,10341.902525252524
1780933151,150,GET,/,52.100000,0.000000,440,500,550,570,650,680,720,780,880,880,880,4501,0,450,497.99926333494403,13.890696689486504,2097.2565906122327,10253.852032881581
1780933151,150,POST,/cart,5.100000,0.000000,310,400,440,450,480,500,530,720,720,720,720,478,0,280,321.5293452790529,18.801805563271046,1298.9836316555738,17404.320083682007
1780933151,150,POST,/cart/checkout,3.400000,0.000000,220,280,290,340,370,450,480,480,480,480,480,266,0,190,229.4990042280546,27.898975647985935,1202.7324745431542,6556.7406015037595
1780933151,150,GET,/product/0PUK6V6EV0,0.800000,0.000000,210,300,300,300,300,300,300,300,300,300,300,76,0,200,234.96961718621222,74.30591620504856,993.5328625142574,7742.5
1780933151,150,GET,/product/1YMWWN1N4O,1.100000,0.000000,210,300,300,300,380,390,390,390,390,390,390,83,0,200,240.0421123974115,16.269786283373833,931.7640149965882,7749.795180722892
1780933151,150,GET,/product/2ZYFJ3GM2N,1.300000,0.000000,280,300,300,320,430,430,430,430,430,430,430,94,0,200,229.2568408091493,27.561303228139877,632.562106475234,7750.031914893617
1780933151,150,GET,/product/66VCHSJNUP,1.200000,0.000000,210,220,300,300,300,300,300,300,300,300,300,88,0,200,241.73793180803344,24.42186512053013,932.4791328981519,7713.409090909091
1780933151,150,GET,/product/6E92ZMYYFZ,0.800000,0.000000,210,220,280,280,400,400,400,400,400,400,400,90,0,200,227.63997140443988,22.23243098706007,627.8138514608145,7706.777777777777
1780933151,150,GET,/product/9SIQT8TOJO,0.900000,0.000000,220,220,220,390,390,390,390,390,390,390,390,83,0,200,206.5947862252234,11.448945850133896,498.07103630155325,7758.8674698795185
1780933151,150,GET,/product/L9ECAV7KIM,0.900000,0.000000,280,290,300,310,380,380,380,380,380,380,380,68,0,200,221.36382498394917,23.327761329710484,702.9274003580213,7722.544117647059
1780933151,150,GET,/product/LS4PSXUNUM,0.700000,0.000000,200,220,290,380,380,380,380,380,380,380,380,86,0,190,212.71637652805725,17.95974839478731,675.8517222478986,7721.313953488372
1780933151,150,GET,/product/OLJCESPC7Z,1.400000,0.000000,220,270,290,290,330,330,330,330,330,330,330,93,0,210,237.4679303417603,94.58858519792557,1124.5285859331489,7765.451612903225
1780933151,150,,Aggregated,69.700000,0.000000,380,460,510,540,630,670,710,760,880,880,880,6006,0,390,437.8792115208351,11.448945850133896,2097.2565906122327,10340.299866799867
1780933152,150,GET,/,54.500000,0.000000,460,530,570,590,650,680,720,780,880,880,880,4552,0,460,498.3616947304451,13.890696689486504,2097.2565906122327,10253.948154657293
1780933152,150,POST,/cart,5.400000,0.000000,300,390,440,460,500,530,550,720,720,720,720,483,0,280,322.1585437362362,18.801805563271046,1298.9836316555738,17409.993788819876
1780933152,150,POST,/cart/checkout,3.100000,0.000000,230,280,340,360,420,480,570,570,570,570,570,272,0,190,231.80629243142903,27.898975647985935,1202.7324745431542,6556.511029411765
1780933152,150,GET,/product/0PUK6V6EV0,0.800000,0.000000,300,300,300,300,300,300,300,300,300,300,300,77,0,200,235.77204921173973,74.30591620504856,993.5328625142574,7743.077922077922
1780933152,150,GET,/product/1YMWWN1N4O,1.100000,0.000000,280,300,300,380,390,390,390,390,390,390,390,83,0,200,240.0421123974115,16.269786283373833,931.7640149965882,7749.795180722892
1780933152,150,GET,/product/2ZYFJ3GM2N,1.300000,0.000000,280,300,300,300,430,430,430,430,430,430,430,94,0,200,229.2568408091493,27.561303228139877,632.562106475234,7750.031914893617
1780933152,150,GET,/product/66VCHSJNUP,1.500000,0.000000,210,220,300,300,300,300,300,300,300,300,300,88,0,200,241.73793180803344,24.42186512053013,932.4791328981519,7713.409090909091
1780933152,150,GET,/product/6E92ZMYYFZ,0.900000,0.000000,210,220,290,290,400,400,400,400,400,400,400,92,0,200,228.0958054445522,22.23243098706007,627.8138514608145,7705.717391304348
1780933152,150,GET,/product/9SIQT8TOJO,0.900000,0.000000,220,220,230,300,390,390,390,390,390,390,390,87,0,200,206.76359578153526,11.448945850133896,498.07103630155325,7757.229885057472
1780933152,150,GET,/product/L9ECAV7KIM,0.900000,0.000000,280,300,310,310,320,380,380,380,380,380,380,70,0,200,221.2881337984332,23.327761329710484,702.9274003580213,7723.9857142857145
1780933152,150,GET,/product/LS4PSXUNUM,1.000000,0.000000,200,220,290,380,380,380,380,380,380,380,380,86,0,190,212.71637652805725,17.95974839478731,675.8517222478986,7721.313953488372
1780933152,150,GET,/product/OLJCESPC7Z,1.500000,0.000000,210,270,290,290,330,330,330,330,330,330,330,93,0,210,237.4679303417603,94.58858519792557,1124.5285859331489,7765.451612903225
1780933152,150,,Aggregated,72.900000,0.000000,390,490,530,560,630,670,710,760,880,880,880,6077,0,400,438.1995867920639,11.448945850133896,2097.2565906122327,10338.293072239592
1780933153,150,GET,/,49.800000,0.000000,440,500,550,570,650,670,710,760,880,880,880,4598,0,460,497.66855468088784,13.890696689486504,2097.2565906122327,10253.954110482819
1780933153,150,POST,/cart,5.800000,0.000000,300,380,440,460,500,550,550,720,720,720,720,488,0,280,322.5634013718666,18.801805563271046,1298.9836316555738,17421.495901639344
1780933153,150,POST,/cart/checkout,3.300000,0.000000,230,280,310,340,420,480,570,570,570,570,570,273,0,190,231.36929613316343,27.898975647985935,1202.7324745431542,6556.575091575091
1780933153,150,GET,/product/0PUK6V6EV0,1.000000,0.000000,300,300,300,300,300,300,300,300,300,300,300,77,0,200,235.77204921173973,74.30591620504856,993.5328625142574,7743.077922077922
1780933153,150,GET,/product/1YMWWN1N4O,1.100000,0.000000,280,300,300,380,390,390,390,390,390,390,390,83,0,200,240.0421123974115,16.269786283373833,931.7640149965882,7749.795180722892
1780933153,150,GET,/product/2ZYFJ3GM2N,1.000000,0.000000,270,270,280,280,300,300,300,300,300,300,300,95,0,200,229.72043690908896,27.561303228139877,632.562106475234,7749.547368421053
1780933153,150,GET,/product/66VCHSJNUP,1.500000,0.000000,210,290,300,300,300,300,300,300,300,300,300,88,0,200,241.73793180803344,24.42186512053013,932.4791328981519,7713.409090909091
1780933153,150,GET,/product/6E92ZMYYFZ,0.800000,0.000000,200,210,220,220,290,290,290,290,290,290,290,93,0,200,227.50172321434303,22.23243098706007,627.8138514608145,7706.408602150537
1780933153,150,GET,/product/9SIQT8TOJO,0.700000,0.000000,230,300,390,390,400,400,400,400,400,400,400,88,0,200,208.9747141686861,11.448945850133896,498.07103630155325,7757.477272727273
1780933153,150,GET,/product/L9ECAV7KIM,1.000000,0.000000,280,290,310,310,320,380,380,380,380,380,380,71,0,200,220.62636002845747,23.327761329710484,702.9274003580213,7723.281690140845
1780933153,150,GET,/product/LS4PSXUNUM,0.900000,0.000000,200,220,290,380,380,380,380,380,380,380,380,87,0,200,212.59044988573282,17.95974839478731,675.8517222478986,7720.781609195402
1780933153,150,GET,/product/OLJCESPC7Z,1.200000,0.000000,210,270,290,290,330,330,330,330,330,330,330,94,0,200,237.0432482517146,94.58858519792557,1124.5285859331489,7764.659574468085
1780933153,150,,Aggregated,68.100000,0.000000,380,470,510,550,610,670,700,720,880,880,880,6135,0,400,437.81881595824365,11.448945850133896,2097.2565906122327,10341.16479217604
1780933154,150,GET,/,51.400000,0.000000,420,500,550,570,650,670,710,760,880,880,880,4598,0,460,497.66855468088784,13.890696689486504,2097.2565906122327,10253.954110482819
1780933154,150,POST,/cart,5.800000,0.000000,300,420,460,480,500,550,720,770,770,770,770,490,0,280,323.8247037161978,18.801805563271046,1298.9836316555738,17419.47551020408
1780933154,150,POST,/cart/checkout,3.800000,0.000000,230,310,410,450,700,980,1200,1200,1200,1200,1200,276,0,190,239.18516899499556,27.898975647985935,1202.7324745431542,6556.492753623188
1780933154,150,GET,/product/0PUK6V6EV0,0.900000,0.000000,210,300,300,300,300,300,300,300,300,300,300,77,0,200,235.77204921173973,74.30591620504856,993.5328625142574,7743.077922077922
1780933154,150,GET,/product/1YMWWN1N4O,1.000000,0.000000,210,280,300,300,380,380,380,380,380,380,380,83,0,200,240.0421123974115,16.269786283373833,931.7640149965882,7749.795180722892
1780933154,150,GET,/product/2ZYFJ3GM2N,0.900000,0.000000,120,270,270,300,300,300,300,300,300,300,300,95,0,200,229.72043690908896,27.561303228139877,632.562106475234,7749.547368421053
1780933154,150,GET,/product/66VCHSJNUP,1.500000,0.000000,210,290,300,300,300,300,300,300,300,300,300,88,0,200,241.73793180803344,24.42186512053013,932.4791328981519,7713.409090909091
1780933154,150,GET,/product/6E92ZMYYFZ,0.500000,0.000000,210,220,290,290,890,890,890,890,890,890,890,94,0,200,234.55360161259452,22.23243098706007,890.3782926499844,7707.170212765957
1780933154,150,GET,/product/9SIQT8TOJO,0.600000,0.000000,230,230,300,300,400,400,400,400,400,400,400,88,0,200,208.9747141686861,11.448945850133896,498.07103630155325,7757.477272727273
1780933154,150,GET,/product/L9ECAV7KIM,1.000000,0.000000,290,300,310,320,380,380,380,380,380,380,380,71,0,200,220.62636002845747,23.327761329710484,702.9274003580213,7723.281690140845
1780933154,150,GET,/product/LS4PSXUNUM,1.000000,0.000000,200,200,220,380,380,380,380,380,380,380,380,87,0,200,212.59044988573282,17.95974839478731,675.8517222478986,7720.781609195402
1780933154,150,GET,/product/OLJCESPC7Z,1.000000,0.000000,200,210,270,290,330,330,330,330,330,330,330,94,0,200,237.0432482517146,94.58858519792557,1124.5285859331489,7764.659574468085
1780933154,150,,Aggregated,69.400000,0.000000,380,460,510,550,620,670,720,790,1200,1200,1200,6141,0,400,438.20603614170426,11.448945850133896,2097.2565906122327,10341.03957010259
1780933155,150,GET,/,51.400000,0.000000,510,610,670,930,1600,1900,2200,2300,2400,2400,2400,4695,0,460,520.6296056943437,13.890696689486504,2384.6765495836735,10254.03322683706
1780933155,150,POST,/cart,5.800000,0.000000,380,460,500,500,720,850,1200,1500,1500,1500,1500,495,0,280,330.19809882448175,18.801805563271046,1454.76895570755,17430.638383838384
1780933155,150,POST,/cart/checkout,4.000000,0.000000,230,340,410,420,570,980,1200,1200,1200,1200,1200,279,0,200,239.75077512136605,27.898975647985935,1202.7324745431542,6556.458781362007
1780933155,150,GET,/product/0PUK6V6EV0,1.000000,0.000000,210,300,300,300,300,300,300,300,300,300,300,77,0,200,235.77204921173973,74.30591620504856,993.5328625142574,7743.077922077922
1780933155,150,GET,/product/1YMWWN1N4O,1.000000,0.000000,280,300,300,300,380,380,380,380,380,380,380,83,0,200,240.0421123974115,16.269786283373833,931.7640149965882,7749.795180722892
1780933155,150,GET,/product/2ZYFJ3GM2N,0.900000,0.000000,120,270,270,300,300,300,300,300,300,300,300,95,0,200,229.72043690908896,27.561303228139877,632.562106475234,7749.547368421053
1780933155,150,GET,/product/66VCHSJNUP,1.300000,0.000000,210,300,300,300,300,300,300,300,300,300,300,88,0,200,241.73793180803344,24.42186512053013,932.4791328981519,7713.409090909091
1780933155,150,GET,/product/6E92ZMYYFZ,0.700000,0.000000,210,220,290,290,890,890,890,890,890,890,890,94,0,200,234.55360161259452,22.23243098706007,890.3782926499844,7707.170212765957
1780933155,150,GET,/product/9SIQT8TOJO,0.800000,0.000000,230,230,300,300,400,400,400,400,400,400,400,88,0,200,208.9747141686861,11.448945850133896,498.07103630155325,7757.477272727273
1780933155,150,GET,/product/L9ECAV7KIM,0.900000,0.000000,290,300,310,320,380,380,380,380,380,380,380,71,0,200,220.62636002845747,23.327761329710484,702.9274003580213,7723.281690140845
1780933155,150,GET,/product/LS4PSXUNUM,1.000000,0.000000,200,200,220,380,380,380,380,380,380,380,380,87,0,200,212.59044988573282,17.95974839478731,675.8517222478986,7720.781609195402
1780933155,150,GET,/product/OLJCESPC7Z,1.000000,0.000000,200,210,270,290,330,330,330,330,330,330,330,94,0,200,237.0432482517146,94.58858519792557,1124.5285859331489,7764.659574468085
1780933155,150,,Aggregated,69.800000,0.000000,460,560,630,690,1400,1800,2200,2300,2400,2400,2400,6246,0,400,456.73207908611136,11.448945850133896,2384.6765495836735,10344.478386167148
1780933156,150,GET,/,48.300000,0.000000,550,650,920,1200,1600,1900,2200,2300,2400,2400,2400,4740,0,460,524.1351069031747,13.890696689486504,2384.6765495836735,10254.010337552743
1780933156,150,POST,/cart,5.600000,0.000000,430,490,550,550,910,1200,1500,1500,1500,1500,1500,498,0,280,334.7838955059887,18.801805563271046,1454.76895570755,17446.31325301205
1780933156,150,POST,/cart/checkout,3.400000,0.000000,230,340,410,450,700,980,1200,1200,1200,1200,1200,279,0,200,239.75077512136605,27.898975647985935,1202.7324745431542,6556.458781362007
1780933156,150,GET,/product/0PUK6V6EV0,0.800000,0.000000,210,300,300,300,300,300,300,300,300,300,300,77,0,200,235.77204921173973,74.30591620504856,993.5328625142574,7743.077922077922
1780933156,150,GET,/product/1YMWWN1N4O,1.000000,0.000000,300,380,620,620,690,690,690,690,690,690,690,87,0,210,257.86378714202465,16.269786283373833,931.7640149965882,7750.850574712644
1780933156,150,GET,/product/2ZYFJ3GM2N,0.600000,0.000000,300,700,700,710,710,710,710,710,710,710,710,97,0,200,239.48668836395152,27.561303228139877,707.3200289160013,7749.711340206186
1780933156,150,GET,/product/66VCHSJNUP,1.300000,0.000000,300,300,300,300,700,700,700,700,700,700,700,89,0,200,246.85713976328628,24.42186512053013,932.4791328981519,7714.033707865168
1780933156,150,GET,/product/6E92ZMYYFZ,0.700000,0.000000,220,290,620,890,1000,1000,1000,1000,1000,1000,1000,96,0,200,246.7372092845229,22.23243098706007,1021.1963532492518,7706.729166666667
1780933156,150,GET,/product/9SIQT8TOJO,0.800000,0.000000,230,300,400,400,690,690,690,690,690,690,690,90,0,200,213.3360125331415,11.448945850133896,694.0029934048653,7758.933333333333
1780933156,150,GET,/product/L9ECAV7KIM,1.000000,0.000000,290,310,320,380,590,590,590,590,590,590,590,72,0,200,225.8155499196922,23.327761329710484,702.9274003580213,7722.791666666667
1780933156,150,GET,/product/LS4PSXUNUM,0.900000,0.000000,200,220,380,380,380,380,380,380,380,380,380,88,0,190,211.75014416009864,17.95974839478731,675.8517222478986,7720.443181818182
1780933156,150,GET,/product/OLJCESPC7Z,0.900000,0.000000,290,330,590,630,630,630,630,630,630,630,630,97,0,210,248.8036315657736,94.58858519792557,1124.5285859331489,7764.979381443299
1780933156,150,,Aggregated,65.300000,0.000000,500,610,700,930,1400,1800,2200,2300,2400,2400,2400,6310,0,400,460.49382601969427,11.448945850133896,2384.6765495836735,10341.858954041205
1780933157,150,GET,/,43.200000,0.000000,510,610,940,1200,1600,1900,2200,2300,2400,2400,2400,4779,0,460,520.9334657111831,13.890696689486504,2384.6765495836735,10254.005440468718
1780933157,150,POST,/cart,5.500000,0.000000,380,500,550,720,910,1200,1500,1500,1500,1500,1500,502,0,280,333.200646825951,18.801805563271046,1454.76895570755,17450.918326693227
1780933157,150,POST,/cart/checkout,3.300000,0.000000,230,310,400,420,700,980,1200,1200,1200,1200,1200,283,0,190,237.56366344201692,26.55632235109806,1202.7324745431542,6556.590106007067
1780933157,150,GET,/product/0PUK6V6EV0,0.800000,0.000000,210,230,300,300,300,300,300,300,300,300,300,79,0,200,234.00219793938382,74.30591620504856,993.5328625142574,7741.911392405063
1780933157,150,GET,/product/1YMWWN1N4O,0.900000,0.000000,300,500,620,620,690,690,690,690,690,690,690,88,0,200,256.12056876575065,16.269786283373833,931.7640149965882,7750.636363636364
1780933157,150,GET,/product/2ZYFJ3GM2N,0.500000,0.000000,300,300,700,700,710,710,710,710,710,710,710,98,0,200,239.29646426849828,27.561303228139877,707.3200289160013,7749.122448979592
1780933157,150,GET,/product/66VCHSJNUP,1.200000,0.000000,300,300,300,300,700,700,700,700,700,700,700,89,0,200,246.85713976328628,24.42186512053013,932.4791328981519,7714.033707865168
1780933157,150,GET,/product/6E92ZMYYFZ,0.700000,0.000000,210,290,620,620,890,1000,1000,1000,1000,1000,1000,98,0,200,245.65690598089475,22.23243098706007,1021.1963532492518,7706.326530612245
1780933157,150,GET,/product/9SIQT8TOJO,0.600000,0.000000,230,300,400,400,690,690,690,690,690,690,690,90,0,200,213.3360125331415,11.448945850133896,694.0029934048653,7758.933333333333
1780933157,150,GET,/product/L9ECAV7KIM,1.000000,0.000000,290,310,320,380,590,590,590,590,590,590,590,72,0,200,225.8155499196922,23.327761329710484,702.9274003580213,7722.791666666667
1780933157,150,GET,/product/LS4PSXUNUM,0.900000,0.000000,200,220,380,380,380,380,380,380,380,380,380,88,0,190,211.75014416009864,17.95974839478731,675.8517222478986,7720.443181818182
1780933157,150,GET,/product/OLJCESPC7Z,0.900000,0.000000,330,590,630,630,630,630,630,630,630,630,630,98,0,210,247.19118949367987,90.78430850058794,1124.5285859331489,7765.193877551021
1780933157,150,,Aggregated,59.500000,0.000000,470,570,690,970,1500,1800,2200,2300,2400,2400,2400,6364,0,400,457.71157817176345,11.448945850133896,2384.6765495836735,10340.878535512256
1780933158,150,GET,/,43.200000,0.000000,490,620,1100,1300,1700,2000,2300,2300,2400,2400,2400,4779,0,460,520.9334657111831,13.890696689486504,2384.6765495836735,10254.005440468718
1780933158,150,POST,/cart,5.500000,0.000000,370,490,550,740,1100,1300,1500,1500,1500,1500,1500,502,0,280,333.200646825951,18.801805563271046,1454.76895570755,17450.918326693227
1780933158,150,POST,/cart/checkout,3.300000,0.000000,220,310,340,410,700,980,1200,1200,1200,1200,1200,283,0,190,237.56366344201692,26.55632235109806,1202.7324745431542,6556.590106007067
1780933158,150,GET,/product/0PUK6V6EV0,0.800000,0.000000,210,210,230,230,300,300,300,300,300,300,300,79,0,200,234.00219793938382,74.30591620504856,993.5328625142574,7741.911392405063
1780933158,150,GET,/product/1YMWWN1N4O,0.900000,0.000000,300,500,620,620,690,690,690,690,690,690,690,88,0,200,256.12056876575065,16.269786283373833,931.7640149965882,7750.636363636364
1780933158,150,GET,/product/2ZYFJ3GM2N,0.500000,0.000000,300,300,700,700,710,710,710,710,710,710,710,98,0,200,239.29646426849828,27.561303228139877,707.3200289160013,7749.122448979592
1780933158,150,GET,/product/66VCHSJNUP,1.200000,0.000000,300,300,300,300,700,700,700,700,700,700,700,89,0,200,246.85713976328628,24.42186512053013,932.4791328981519,7714.033707865168
1780933158,150,GET,/product/6E92ZMYYFZ,0.700000,0.000000,220,290,620,890,1000,1000,1000,1000,1000,1000,1000,98,0,200,245.65690598089475,22.23243098706007,1021.1963532492518,7706.326530612245
1780933158,150,GET,/product/9SIQT8TOJO,0.600000,0.000000,230,300,400,400,690,690,690,690,690,690,690,90,0,200,213.3360125331415,11.448945850133896,694.0029934048653,7758.933333333333
1780933158,150,GET,/product/L9ECAV7KIM,1.000000,0.000000,290,290,320,320,590,590,590,590,590,590,590,72,0,200,225.8155499196922,23.327761329710484,702.9274003580213,7722.791666666667
1780933158,150,GET,/product/LS4PSXUNUM,0.900000,0.000000,190,200,220,220,380,380,380,380,380,380,380,88,0,190,211.75014416009864,17.95974839478731,675.8517222478986,7720.443181818182
1780933158,150,GET,/product/OLJCESPC7Z,0.900000,0.000000,590,590,630,630,630,630,630,630,630,630,630,98,0,210,247.19118949367987,90.78430850058794,1124.5285859331489,7765.193877551021
1780933158,150,,Aggregated,59.500000,0.000000,450,570,880,1100,1500,1800,2200,2300,2400,2400,2400,6364,0,400,457.71157817176345,11.448945850133896,2384.6765495836735,10340.878535512256
1780933159,150,GET,/,48.800000,0.000000,550,930,1300,1400,1700,2000,2300,2300,2400,2400,2400,4779,0,460,520.9334657111831,13.890696689486504,2384.6765495836735,10254.005440468718
1780933159,150,POST,/cart,5.100000,0.000000,430,550,740,850,1200,1300,1500,1500,1500,1500,1500,508,0,280,337.0625214709893,18.801805563271046,1454.76895570755,17442.19291338583
1780933159,150,POST,/cart/checkout,3.100000,0.000000,230,340,400,410,570,980,1200,1200,1200,1200,1200,287,0,200,239.41081745115204,26.55632235109806,1202.7324745431542,6556.519163763066
1780933159,150,GET,/product/0PUK6V6EV0,0.800000,0.000000,210,210,230,230,300,300,300,300,300,300,300,79,0,200,234.00219793938382,74.30591620504856,993.5328625142574,7741.911392405063
1780933159,150,GET,/product/1YMWWN1N4O,1.100000,0.000000,620,620,690,690,690,690,690,690,690,690,690,88,0,200,256.12056876575065,16.269786283373833,931.7640149965882,7750.636363636364
1780933159,150,GET,/product/2ZYFJ3GM2N,0.600000,0.000000,270,700,700,710,710,710,710,710,710,710,710,98,0,200,239.29646426849828,27.561303228139877,707.3200289160013,7749.122448979592
1780933159,150,GET,/product/66VCHSJNUP,0.800000,0.000000,210,210,700,700,700,700,700,700,700,700,700,89,0,200,246.85713976328628,24.42186512053013,932.4791328981519,7714.033707865168
1780933159,150,GET,/product/6E92ZMYYFZ,1.100000,0.000000,220,290,620,890,1000,1000,1000,1000,1000,1000,1000,98,0,200,245.65690598089475,22.23243098706007,1021.1963532492518,7706.326530612245
1780933159,150,GET,/product/9SIQT8TOJO,0.700000,0.000000,230,300,400,400,690,690,690,690,690,690,690,90,0,200,213.3360125331415,11.448945850133896,694.0029934048653,7758.933333333333
1780933159,150,GET,/product/L9ECAV7KIM,0.900000,0.000000,290,320,590,590,1100,1100,1100,1100,1100,1100,1100,73,0,200,238.21084663169842,23.327761329710484,1130.6722098961473,7722.671232876713
1780933159,150,GET,/product/LS4PSXUNUM,0.800000,0.000000,190,200,220,220,380,380,380,380,380,380,380,88,0,190,211.75014416009864,17.95974839478731,675.8517222478986,7720.443181818182
1780933159,150,GET,/product/OLJCESPC7Z,1.000000,0.000000,590,590,630,630,630,630,630,630,630,630,630,98,0,210,247.19118949367987,90.78430850058794,1124.5285859331489,7765.193877551021
1780933159,150,,Aggregated,64.800000,0.000000,490,630,1000,1300,1600,1900,2200,2300,2400,2400,2400,6375,0,400,457.9527183921606,11.448945850133896,2384.6765495836735,10344.085333333333
1780933160,150,GET,/,46.400000,0.000000,1100,1400,1500,1700,2000,2200,2300,2400,2500,2500,2500,4906,0,470,547.6583453410492,13.890696689486504,2483.161917887628,10254.029147982063
1780933160,150,POST,/cart,4.100000,0.000000,500,770,970,1100,1300,1300,1500,1500,1500,1500,1500,512,0,290,342.1940914104198,18.801805563271046,1454.76895570755,17457.8671875
1780933160,150,POST,/cart/checkout,3.000000,0.000000,310,400,420,550,980,1000,1200,1200,1200,1200,1200,288,0,200,242.12656466988847,26.55632235109806,1202.7324745431542,6556.454861111111
1780933160,150,GET,/product/0PUK6V6EV0,0.800000,0.000000,210,210,230,230,300,300,300,300,300,300,300,79,0,200,234.00219793938382,74.30591620504856,993.5328625142574,7741.911392405063
1780933160,150,GET,/product/1YMWWN1N4O,1.100000,0.000000,500,620,690,690,690,690,690,690,690,690,690,91,0,210,262.5934992927116,16.269786283373833,931.7640149965882,7752.648351648351
1780933160,150,GET,/product/2ZYFJ3GM2N,0.600000,0.000000,470,700,700,700,710,710,710,710,710,710,710,101,0,210,247.51235738322876,27.561303228139877,707.3200289160013,7748.227722772277
1780933160,150,GET,/product/66VCHSJNUP,0.700000,0.000000,210,210,700,700,700,700,700,700,700,700,700,89,0,200,246.85713976328628,24.42186512053013,932.4791328981519,7714.033707865168
1780933160,150,GET,/product/6E92ZMYYFZ,0.900000,0.000000,290,620,890,890,1000,1000,1000,1000,1000,1000,1000,98,0,200,245.65690598089475,22.23243098706007,1021.1963532492518,7706.326530612245
1780933160,150,GET,/product/9SIQT8TOJO,0.700000,0.000000,400,670,680,690,700,700,700,700,700,700,700,93,0,200,228.473142860958,11.448945850133896,695.8565386012197,7760.075268817204
1780933160,150,GET,/product/L9ECAV7KIM,0.600000,0.000000,590,670,680,680,1100,1100,1100,1100,1100,1100,1100,77,0,200,257.11081231424174,23.327761329710484,1130.6722098961473,7724.116883116883
1780933160,150,GET,/product/LS4PSXUNUM,0.800000,0.000000,200,200,380,380,380,380,380,380,380,380,380,88,0,190,211.75014416009864,17.95974839478731,675.8517222478986,7720.443181818182
1780933160,150,GET,/product/OLJCESPC7Z,0.800000,0.000000,630,630,630,630,690,690,690,690,690,690,690,99,0,210,251.7029694234482,90.78430850058794,1124.5285859331489,7764.787878787879
1780933160,150,,Aggregated,60.500000,0.000000,700,1300,1400,1500,1900,2200,2300,2400,2500,2500,2500,6521,0,400,479.9526762087318,11.448945850133896,2483.161917887628,10341.811531973624
1780933161,150,GET,/,40.500000,0.000000,1100,1400,1500,1700,2000,2200,2300,2400,2500,2500,2500,4943,0,470,545.7613019087287,13.890696689486504,2483.161917887628,10254.060489581227
1780933161,150,POST,/cart,4.000000,0.000000,490,770,970,1100,1300,1300,1500,1500,1500,1500,1500,514,0,280,341.29163155564135,18.801805563271046,1454.76895570755,17458.568093385213
1780933161,150,POST,/cart/checkout,3.100000,0.000000,230,340,400,550,980,1000,1200,1200,1200,1200,1200,292,0,190,239.94420406293787,22.79748860746622,1202.7324745431542,6556.513698630137
1780933161,150,GET,/product/0PUK6V6EV0,0.700000,0.000000,230,230,300,300,300,300,300,300,300,300,300,79,0,200,234.00219793938382,74.30591620504856,993.5328625142574,7741.911392405063
1780933161,150,GET,/product/1YMWWN1N4O,0.600000,0.000000,500,620,690,690,690,690,690,690,690,690,690,92,0,210,261.7020496349458,16.269786283373833,931.7640149965882,7752.20652173913
1780933161,150,GET,/product/2ZYFJ3GM2N,0.500000,0.000000,470,700,700,700,710,710,710,710,710,710,710,101,0,210,247.51235738322876,27.561303228139877,707.3200289160013,7748.227722772277
1780933161,150,GET,/product/66VCHSJNUP,0.600000,0.000000,210,210,700,700,700,700,700,700,700,700,700,90,0,200,245.24366108493672,24.42186512053013,932.4791328981519,7714.444444444444
1780933161,150,GET,/product/6E92ZMYYFZ,0.900000,0.000000,210,290,620,890,1000,1000,1000,1000,1000,1000,1000,99,0,200,244.15944131900264,22.23243098706007,1021.1963532492518,7706.989898989899
1780933161,150,GET,/product/9SIQT8TOJO,0.700000,0.000000,400,670,680,690,700,700,700,700,700,700,700,94,0,200,227.9273621797403,11.448945850133896,695.8565386012197,7759.414893617021
1780933161,150,GET,/product/L9ECAV7KIM,0.700000,0.000000,590,670,680,680,1100,1100,1100,1100,1100,1100,1100,79,0,200,250.98432180813597,14.836532063782215,1130.6722098961473,7723.645569620253
1780933161,150,GET,/product/LS4PSXUNUM,0.700000,0.000000,180,180,200,200,200,200,200,200,200,200,200,90,0,190,210.1648315373394,17.95974839478731,675.8517222478986,7720.688888888889
1780933161,150,GET,/product/OLJCESPC7Z,0.600000,0.000000,630,630,630,630,690,690,690,690,690,690,690,99,0,210,251.7029694234482,90.78430850058794,1124.5285859331489,7764.787878787879
1780933161,150,,Aggregated,53.600000,0.000000,860,1300,1400,1500,1900,2200,2300,2400,2500,2500,2500,6572,0,400,478.1006251228548,11.448945850133896,2483.161917887628,10338.075623858795
1780933162,150,GET,/,42.400000,0.000000,1200,1400,1600,1700,2000,2200,2300,2400,2500,2500,2500,4987,0,470,545.3335903700743,13.890696689486504,2483.161917887628,10254.064768397835
1780933162,150,POST,/cart,3.800000,0.000000,440,770,970,1100,1300,1300,1500,1500,1500,1500,1500,520,0,280,340.73416952831815,18.801805563271046,1454.76895570755,17466.384615384617
1780933162,150,POST,/cart/checkout,3.200000,0.000000,230,340,400,550,980,1000,1200,1200,1200,1200,1200,292,0,190,239.94420406293787,22.79748860746622,1202.7324745431542,6556.513698630137
1780933162,150,GET,/product/0PUK6V6EV0,0.600000,0.000000,230,230,300,300,300,300,300,300,300,300,300,80,0,200,233.34065973758698,74.30591620504856,993.5328625142574,7742.525
1780933162,150,GET,/product/1YMWWN1N4O,0.600000,0.000000,500,620,690,690,690,690,690,690,690,690,690,92,0,210,261.7020496349458,16.269786283373833,931.7640149965882,7752.20652173913
1780933162,150,GET,/product/2ZYFJ3GM2N,0.500000,0.000000,470,700,700,700,710,710,710,710,710,710,710,102,0,210,246.12813738777356,27.561303228139877,707.3200289160013,7747.8725490196075
1780933162,150,GET,/product/66VCHSJNUP,0.300000,0.000000,210,210,700,700,700,700,700,700,700,700,700,90,0,200,245.24366108493672,24.42186512053013,932.4791328981519,7714.444444444444
1780933162,150,GET,/product/6E92ZMYYFZ,0.800000,0.000000,210,620,890,890,1000,1000,1000,1000,1000,1000,1000,99,0,200,244.15944131900264,22.23243098706007,1021.1963532492518,7706.989898989899
1780933162,150,GET,/product/9SIQT8TOJO,0.700000,0.000000,380,670,680,680,690,700,700,700,700,700,700,95,0,200,229.5463441429954,11.448945850133896,695.8565386012197,7759.231578947369
1780933162,150,GET,/product/L9ECAV7KIM,0.700000,0.000000,380,590,680,680,680,1100,1100,1100,1100,1100,1100,82,0,200,249.8025812390374,14.836532063782215,1130.6722098961473,7724.621951219512
1780933162,150,GET,/product/LS4PSXUNUM,0.400000,0.000000,180,180,200,200,200,200,200,200,200,200,200,90,0,190,210.1648315373394,17.95974839478731,675.8517222478986,7720.688888888889
1780933162,150,GET,/product/OLJCESPC7Z,0.500000,0.000000,630,630,630,630,690,690,690,690,690,690,690,99,0,210,251.7029694234482,90.78430850058794,1124.5285859331489,7764.787878787879
1780933162,150,,Aggregated,54.500000,0.000000,920,1300,1500,1500,1900,2200,2300,2400,2500,2500,2500,6628,0,400,477.82752861049056,11.448945850133896,2483.161917887628,10342.23672299336
1780933163,150,GET,/,45.200000,0.000000,1100,1400,1500,1700,2000,2200,2300,2400,2500,2500,2500,5035,0,470,547.5847920106933,13.890696689486504,2483.161917887628,10254.051638530287
1780933163,150,POST,/cart,3.500000,0.000000,440,740,910,1100,1300,1300,1500,1500,1500,1500,1500,525,0,290,341.0888540798,18.801805563271046,1454.76895570755,17462.990476190476
1780933163,150,POST,/cart/checkout,2.800000,0.000000,290,370,390,400,980,1000,1200,1200,1200,1200,1200,299,0,200,241.23394835341634,22.79748860746622,1202.7324745431542,6556.428093645485
1780933163,150,GET,/product/0PUK6V6EV0,0.300000,0.000000,270,270,300,300,330,330,330,330,330,330,330,82,0,200,234.99707669792016,74.30591620504856,993.5328625142574,7743.195121951219
1780933163,150,GET,/product/1YMWWN1N4O,0.900000,0.000000,500,620,690,690,690,690,690,690,690,690,690,92,0,210,261.7020496349458,16.269786283373833,931.7640149965882,7752.20652173913
1780933163,150,GET,/product/2ZYFJ3GM2N,0.700000,0.000000,470,700,700,700,710,710,710,710,710,710,710,102,0,210,246.12813738777356,27.561303228139877,707.3200289160013,7747.8725490196075
1780933163,150,GET,/product/66VCHSJNUP,0.200000,0.000000,230,230,700,700,700,700,700,700,700,700,700,91,0,200,245.08481676393487,24.42186512053013,932.4791328981519,7714.758241758242
1780933163,150,GET,/product/6E92ZMYYFZ,0.900000,0.000000,620,620,890,890,1000,1000,1000,1000,1000,1000,1000,99,0,200,244.15944131900264,22.23243098706007,1021.1963532492518,7706.989898989899
1780933163,150,GET,/product/9SIQT8TOJO,1.100000,0.000000,400,400,680,680,690,700,700,700,700,700,700,96,0,200,231.31829746610796,11.448945850133896,695.8565386012197,7756.979166666667
1780933163,150,GET,/product/L9ECAV7KIM,0.900000,0.000000,370,590,670,680,680,1100,1100,1100,1100,1100,1100,83,0,200,250.13028885271535,14.836532063782215,1130.6722098961473,7725.3975903614455
1780933163,150,GET,/product/LS4PSXUNUM,0.600000,0.000000,200,200,230,230,300,300,300,300,300,300,300,92,0,190,211.36012855593276,17.95974839478731,675.8517222478986,7719.847826086957
1780933163,150,GET,/product/OLJCESPC7Z,0.600000,0.000000,630,630,630,630,690,690,690,690,690,690,690,99,0,210,251.7029694234482,90.78430850058794,1124.5285859331489,7764.787878787879
1780933163,150,,Aggregated,57.700000,0.000000,840,1300,1400,1500,1900,2200,2300,2400,2500,2500,2500,6695,0,400,479.5439947632999,11.448945850133896,2483.161917887628,10339.936221060492
1780933164,150,GET,/,43.000000,0.000000,880,1300,1500,1600,2000,2200,2300,2400,2500,2500,2500,5105,0,470,547.3576518974243,13.890696689486504,2483.161917887628,10254.058961802155
1780933164,150,POST,/cart,3.600000,0.000000,370,510,740,910,1200,1300,1300,1300,1300,1300,1300,530,0,290,341.4402558081695,18.801805563271046,1454.76895570755,17459.530188679244
1780933164,150,POST,/cart/checkout,2.300000,0.000000,290,370,400,400,980,1000,1200,1200,1200,1200,1200,301,0,200,241.23696007292432,22.79748860746622,1202.7324745431542,6556.2990033222595
1780933164,150,GET,/product/0PUK6V6EV0,0.400000,0.000000,210,230,270,270,330,330,330,330,330,330,330,85,0,200,232.58380361777895,74.30591620504856,993.5328625142574,7742.411764705882
1780933164,150,GET,/product/1YMWWN1N4O,0.900000,0.000000,500,620,690,690,690,690,690,690,690,690,690,93,0,210,259.96197213328657,16.269786283373833,931.7640149965882,7752.010752688172
1780933164,150,GET,/product/2ZYFJ3GM2N,0.800000,0.000000,470,700,700,700,710,710,710,710,710,710,710,103,0,210,245.6510576772169,27.561303228139877,707.3200289160013,7747.563106796117
1780933164,150,GET,/product/66VCHSJNUP,0.200000,0.000000,570,570,700,700,700,700,700,700,700,700,700,92,0,200,248.6690624171625,24.42186512053013,932.4791328981519,7714.663043478261
1780933164,150,GET,/product/6E92ZMYYFZ,0.900000,0.000000,380,620,890,890,1000,1000,1000,1000,1000,1000,1000,100,0,200,245.47801768407226,22.23243098706007,1021.1963532492518,7707.04
1780933164,150,GET,/product/9SIQT8TOJO,1.000000,0.000000,400,670,680,690,700,700,700,700,700,700,700,98,0,200,230.58461885405134,11.448945850133896,695.8565386012197,7756.877551020408
1780933164,150,GET,/product/L9ECAV7KIM,1.100000,0.000000,370,470,670,680,680,1100,1100,1100,1100,1100,1100,86,0,200,252.41057010540783,14.836532063782215,1130.6722098961473,7724.302325581395
1780933164,150,GET,/product/LS4PSXUNUM,0.400000,0.000000,180,230,230,300,300,300,300,300,300,300,300,92,0,190,211.36012855593276,17.95974839478731,675.8517222478986,7719.847826086957
1780933164,150,GET,/product/OLJCESPC7Z,0.600000,0.000000,630,630,630,630,690,690,690,690,690,690,690,100,0,210,252.9090030863881,90.78430850058794,1124.5285859331489,7765.22
1780933164,150,,Aggregated,55.200000,0.000000,740,1100,1400,1500,1800,2100,2300,2300,2500,2500,2500,6785,0,410,479.5210918904383,11.448945850133896,2483.161917887628,10337.903316138541
1780933165,150,GET,/,42.500000,0.000000,700,920,1200,1400,1700,2100,2200,2300,2500,2500,2500,5148,0,470,545.8178630268031,13.890696689486504,2483.161917887628,10254.019813519813
1780933165,150,POST,/cart,3.400000,0.000000,320,430,510,560,1100,1300,1300,1300,1300,1300,1300,537,0,280,339.98568204805616,18.801805563271046,1454.76895570755,17459.050279329607
1780933165,150,POST,/cart/checkout,2.100000,0.000000,230,300,330,380,400,550,1000,1000,1000,1000,1000,304,0,200,240.92885384054267,22.79748860746622,1202.7324745431542,6556.401315789473
1780933165,150,GET,/product/0PUK6V6EV0,0.500000,0.000000,210,210,230,270,330,330,330,330,330,330,330,87,0,200,230.700025581166,74.30591620504856,993.5328625142574,7742.390804597701
1780933165,150,GET,/product/1YMWWN1N4O,0.900000,0.000000,500,620,690,690,690,690,690,690,690,690,690,93,0,210,259.96197213328657,16.269786283373833,931.7640149965882,7752.010752688172
1780933165,150,GET,/product/2ZYFJ3GM2N,0.700000,0.000000,470,700,700,700,710,710,710,710,710,710,710,103,0,210,245.6510576772169,27.561303228139877,707.3200289160013,7747.563106796117
1780933165,150,GET,/product/66VCHSJNUP,0.200000,0.000000,570,570,700,700,700,700,700,700,700,700,700,92,0,200,248.6690624171625,24.42186512053013,932.4791328981519,7714.663043478261
1780933165,150,GET,/product/6E92ZMYYFZ,0.700000,0.000000,380,380,620,620,1000,1000,1000,1000,1000,1000,1000,100,0,200,245.47801768407226,22.23243098706007,1021.1963532492518,7707.04
1780933165,150,GET,/product/9SIQT8TOJO,0.700000,0.000000,380,400,680,680,690,700,700,700,700,700,700,100,0,200,229.14408637210727,11.448945850133896,695.8565386012197,7756.67
1780933165,150,GET,/product/L9ECAV7KIM,1.200000,0.000000,280,470,590,670,680,1100,1100,1100,1100,1100,1100,88,0,200,250.19608047494495,14.836532063782215,1130.6722098961473,7724.988636363636
1780933165,150,GET,/product/LS4PSXUNUM,0.400000,0.000000,210,210,230,230,300,300,300,300,300,300,300,93,0,200,211.2942449648374,17.95974839478731,675.8517222478986,7719.236559139785
1780933165,150,GET,/product/OLJCESPC7Z,0.500000,0.000000,630,630,630,630,690,690,690,690,690,690,690,100,0,210,252.9090030863881,90.78430850058794,1124.5285859331489,7765.22
1780933165,150,,Aggregated,53.800000,0.000000,590,770,1000,1200,1500,1900,2200,2300,2500,2500,2500,6845,0,400,478.0909789019993,11.448945850133896,2483.161917887628,10340.27815924032
1780933166,150,GET,/,46.300000,0.000000,650,830,1200,1300,1700,2100,2200,2300,2500,2500,2500,5195,0,470,543.690149578749,13.890696689486504,2483.161917887628,10254.050048123196
1780933166,150,POST,/cart,4.000000,0.000000,310,370,440,510,970,1200,1300,1300,1300,1300,1300,543,0,280,338.64107976357144,18.801805563271046,1454.76895570755,17469.21915285451
1780933166,150,POST,/cart/checkout,2.700000,0.000000,230,300,330,380,400,550,1000,1000,1000,1000,1000,306,0,200,240.07232818947313,22.79748860746622,1202.7324745431542,6556.535947712418
1780933166,150,GET,/product/0PUK6V6EV0,0.600000,0.000000,180,180,210,210,270,330,330,330,330,330,330,90,0,200,228.20419879216286,74.30591620504856,993.5328625142574,7741.633333333333
1780933166,150,GET,/product/1YMWWN1N4O,0.900000,0.000000,370,620,690,690,690,690,690,690,690,690,690,94,0,200,259.3720540047643,16.269786283373833,931.7640149965882,7751.627659574468
1780933166,150,GET,/product/2ZYFJ3GM2N,0.700000,0.000000,370,470,700,700,710,710,710,710,710,710,710,104,0,200,245.15176153419395,27.561303228139877,707.3200289160013,7748.038461538462
1780933166,150,GET,/product/66VCHSJNUP,0.400000,0.000000,230,570,570,700,700,700,700,700,700,700,700,93,0,200,247.8534887014057,24.42186512053013,932.4791328981519,7715.032258064516
1780933166,150,GET,/product/6E92ZMYYFZ,0.700000,0.000000,210,380,620,620,1000,1000,1000,1000,1000,1000,1000,101,0,200,244.049269217297,22.23243098706007,1021.1963532492518,7707.306930693069
1780933166,150,GET,/product/9SIQT8TOJO,0.900000,0.000000,210,400,670,680,690,700,700,700,700,700,700,102,0,200,227.33294373085977,11.448945850133896,695.8565386012197,7755.323529411765
1780933166,150,GET,/product/L9ECAV7KIM,1.400000,0.000000,280,470,590,670,680,1100,1100,1100,1100,1100,1100,88,0,200,250.19608047494495,14.836532063782215,1130.6722098961473,7724.988636363636
1780933166,150,GET,/product/LS4PSXUNUM,0.500000,0.000000,210,210,230,230,300,300,300,300,300,300,300,93,0,200,211.2942449648374,17.95974839478731,675.8517222478986,7719.236559139785
1780933166,150,GET,/product/OLJCESPC7Z,0.600000,0.000000,180,370,370,690,690,690,690,690,690,690,690,102,0,210,250.78768742398597,90.78430850058794,1124.5285859331489,7765.598039215686
1780933166,150,,Aggregated,59.700000,0.000000,440,710,880,1100,1500,2000,2200,2300,2500,2500,2500,6911,0,400,476.10548037158077,11.448945850133896,2483.161917887628,10341.459991318188
1780933167,150,GET,/,51.100000,0.000000,550,760,1000,1300,1600,2000,2200,2300,2500,2500,2500,5249,0,470,542.7763236948826,13.890696689486504,2483.161917887628,10254.157363307297
1780933167,150,POST,/cart,3.800000,0.000000,310,370,430,440,970,1200,1300,1300,1300,1300,1300,550,0,280,338.30950687385416,18.801805563271046,1454.76895570755,17486.638181818184
1780933167,150,POST,/cart/checkout,2.300000,0.000000,250,300,370,380,400,550,1000,1000,1000,1000,1000,307,0,200,240.1528834253064,22.79748860746622,1202.7324745431542,6556.469055374593
1780933167,150,GET,/product/0PUK6V6EV0,0.900000,0.000000,180,180,210,210,270,330,330,330,330,330,330,90,0,200,228.20419879216286,74.30591620504856,993.5328625142574,7741.633333333333
1780933167,150,GET,/product/1YMWWN1N4O,1.000000,0.000000,370,500,690,690,690,690,690,690,690,690,690,95,0,200,257.67186879131356,16.269786283373833,931.7640149965882,7751.252631578947
1780933167,150,GET,/product/2ZYFJ3GM2N,0.800000,0.000000,370,470,700,700,710,710,710,710,710,710,710,105,0,200,244.71740732412962,27.561303228139877,707.3200289160013,7748.295238095238
1780933167,150,GET,/product/66VCHSJNUP,0.400000,0.000000,230,570,570,700,700,700,700,700,700,700,700,93,0,200,247.8534887014057,24.42186512053013,932.4791328981519,7715.032258064516
1780933167,150,GET,/product/6E92ZMYYFZ,0.600000,0.000000,210,380,620,620,1000,1000,1000,1000,1000,1000,1000,102,0,200,242.80474883705085,22.23243098706007,1021.1963532492518,7706.578431372549
1780933167,150,GET,/product/9SIQT8TOJO,1.000000,0.000000,200,380,400,670,690,700,700,700,700,700,700,105,0,200,225.46407631820156,11.448945850133896,695.8565386012197,7756.638095238095
1780933167,150,GET,/product/L9ECAV7KIM,1.500000,0.000000,280,380,470,670,680,1100,1100,1100,1100,1100,1100,89,0,200,248.548582593879,14.836532063782215,1130.6722098961473,7725.528089887641
1780933167,150,GET,/product/LS4PSXUNUM,0.600000,0.000000,210,210,230,230,300,300,300,300,300,300,300,93,0,200,211.2942449648374,17.95974839478731,675.8517222478986,7719.236559139785
1780933167,150,GET,/product/OLJCESPC7Z,0.600000,0.000000,120,180,370,370,690,690,690,690,690,690,690,105,0,200,246.94101307541132,90.78430850058794,1124.5285859331489,7767.238095238095
1780933167,150,,Aggregated,64.600000,0.000000,450,690,830,1100,1500,1900,2200,2300,2500,2500,2500,6983,0,400,475.2588861680732,11.448945850133896,2483.161917887628,10345.164399255335
1780933168,150,GET,/,46.500000,0.000000,580,740,930,1200,1600,2000,2200,2300,2500,2500,2500,5298,0,470,542.9287164557476,13.890696689486504,2483.161917887628,10254.16893167233
1780933168,150,POST,/cart,4.200000,0.000000,310,380,440,510,610,1100,1300,1300,1300,1300,1300,555,0,280,339.3786703462939,18.801805563271046,1454.76895570755,17493.35135135135
1780933168,150,POST,/cart/checkout,2.600000,0.000000,230,290,330,370,390,400,1000,1000,1000,1000,1000,309,0,200,239.45190505543573,22.79748860746622,1202.7324745431542,6556.417475728155
1780933168,150,GET,/product/0PUK6V6EV0,1.100000,0.000000,180,180,210,210,270,330,330,330,330,330,330,90,0,200,228.20419879216286,74.30591620504856,993.5328625142574,7741.633333333333
1780933168,150,GET,/product/1YMWWN1N4O,1.000000,0.000000,290,300,370,370,690,690,690,690,690,690,690,96,0,200,258.09357372539426,16.269786283373833,931.7640149965882,7751.979166666667
1780933168,150,GET,/product/2ZYFJ3GM2N,0.900000,0.000000,200,370,470,470,700,700,700,700,700,700,700,105,0,200,244.71740732412962,27.561303228139877,707.3200289160013,7748.295238095238
1780933168,150,GET,/product/66VCHSJNUP,0.500000,0.000000,230,230,300,300,570,570,570,570,570,570,570,95,0,200,247.9312311563837,24.42186512053013,932.4791328981519,7715.789473684211
1780933168,150,GET,/product/6E92ZMYYFZ,0.700000,0.000000,120,300,300,380,380,380,380,380,380,380,380,103,0,200,243.350451839274,22.23243098706007,1021.1963532492518,7705.961165048544
1780933168,150,GET,/product/9SIQT8TOJO,1.300000,0.000000,200,300,380,400,680,700,700,700,700,700,700,107,0,200,225.07831391608605,11.448945850133896,695.8565386012197,7755.429906542056
1780933168,150,GET,/product/L9ECAV7KIM,1.700000,0.000000,280,380,470,670,680,1100,1100,1100,1100,1100,1100,89,0,200,248.548582593879,14.836532063782215,1130.6722098961473,7725.528089887641
1780933168,150,GET,/product/LS4PSXUNUM,0.600000,0.000000,210,230,230,300,300,300,300,300,300,300,300,93,0,200,211.2942449648374,17.95974839478731,675.8517222478986,7719.236559139785
1780933168,150,GET,/product/OLJCESPC7Z,0.600000,0.000000,180,200,300,370,690,690,690,690,690,690,690,107,0,200,246.97111380747825,90.78430850058794,1124.5285859331489,7767.2990654205605
1780933168,150,,Aggregated,61.700000,0.000000,470,670,770,920,1500,1900,2200,2300,2500,2500,2500,7047,0,400,475.47777353812234,11.448945850133896,2483.161917887628,10346.096920675465
1780933169,150,GET,/,46.100000,0.000000,490,620,690,740,930,1300,1400,1600,2500,2500,2500,5361,0,470,542.0979647724331,13.890696689486504,2483.161917887628,10254.18186905428
1780933169,150,POST,/cart,4.600000,0.000000,310,380,440,450,530,1100,1200,1300,1300,1300,1300,563,0,290,339.6637908912547,18.801805563271046,1454.76895570755,17503.461811722915
1780933169,150,POST,/cart/checkout,2.500000,0.000000,190,260,300,330,390,400,1000,1000,1000,1000,1000,310,0,190,239.2946669831872,22.79748860746622,1202.7324745431542,6556.429032258065
1780933169,150,GET,/product/0PUK6V6EV0,1.200000,0.000000,180,210,230,230,270,330,330,330,330,330,330,91,0,200,228.19997474633075,74.30591620504856,993.5328625142574,7740.736263736264
1780933169,150,GET,/product/1YMWWN1N4O,0.700000,0.000000,200,290,300,370,690,690,690,690,690,690,690,97,0,200,257.15404924619753,16.269786283373833,931.7640149965882,7751.319587628866
