Timestamp,User Count,Type,Name,Requests/s,Failures/s,50%,66%,75%,80%,90%,95%,98%,99%,99.9%,99.99%,100%,Total Request Count,Total Failure Count,Total Median Response Time,Total Average Response Time,Total Min Response Time,Total Max Response Time,Total Average Content Size
1780922842,0,,Aggregated,0.000000,0.000000,N/A,N/A,N/A,N/A,N/A,N/A,N/A,N/A,N/A,N/A,N/A,0,0,0,0.0,0,0,0
1780922843,5,GET,/,0.000000,0.000000,0,0,0,0,0,0,0,0,0,0,0,4,0,690,689.8643486201763,685.4311227798462,698.0808135122061,10499.0
1780922843,5,POST,/cart,0.000000,0.000000,0,0,0,0,0,0,0,0,0,0,0,1,0,666.5041847154498,666.5041847154498,666.5041847154498,666.5041847154498,16435.0
1780922843,5,,Aggregated,0.000000,0.000000,0,0,0,0,0,0,0,0,0,0,0,5,0,690,685.192315839231,666.5041847154498,698.0808135122061,11686.2
1780922844,10,GET,/,0.000000,0.000000,96,98,98,99,99,99,99,99,99,99,99,9,0,99,360.2105781642927,93.31105183809996,698.0808135122061,10499.0
1780922844,10,POST,/cart,0.000000,0.000000,670,670,670,670,670,670,670,670,670,670,670,1,0,666.5041847154498,666.5041847154498,666.5041847154498,666.5041847154498,16435.0
1780922844,10,,Aggregated,0.000000,0.000000,96,98,98,99,99,99,99,99,99,99,99,10,0,99,390.8399388194084,93.31105183809996,698.0808135122061,11092.6
1780922845,15,GET,/,0.000000,0.000000,91,92,95,96,98,99,99,99,99,99,99,19,0,92,200.0363958313277,20.26457618921995,698.0808135122061,10499.0
1780922845,15,POST,/cart,0.000000,0.000000,670,670,670,670,670,670,670,670,670,670,670,1,0,666.5041847154498,666.5041847154498,666.5041847154498,666.5041847154498,16435.0
1780922845,15,POST,/cart/checkout,0.000000,0.000000,0,0,0,0,0,0,0,0,0,0,0,1,0,78.04777007550001,78.04777007550001,78.04777007550001,78.04777007550001,6805.0
1780922845,15,,Aggregated,0.000000,0.000000,91,92,95,95,98,99,99,99,99,99,99,21,0,92,216.44016550410362,20.26457618921995,698.0808135122061,10605.761904761905
1780922846,20,GET,/,4.000000,0.000000,89,91,93,95,98,99,120,120,120,120,120,28,0,89,156.16261353716254,20.26457618921995,698.0808135122061,10502.17857142857
1780922846,20,POST,/cart,1.000000,0.000000,670,670,670,670,670,670,670,670,670,670,670,2,0,24.271688424050808,345.3879365697503,24.271688424050808,666.5041847154498,16444.0
1780922846,20,POST,/cart/checkout,0.000000,0.000000,71,71,71,71,71,71,71,71,71,71,71,2,0,71.31495326757431,74.68136167153716,71.31495326757431,78.04777007550001,6811.0
1780922846,20,GET,/product/2ZYFJ3GM2N,0.000000,0.000000,0,0,0,0,0,0,0,0,0,0,0,1,0,21.116305142641068,21.116305142641068,21.116305142641068,21.116305142641068,8004.0
1780922846,20,,Aggregated,5.000000,0.000000,87,91,92,93,98,99,120,120,120,120,120,33,0,89,158.60024486865962,20.26457618921995,698.0808135122061,10562.878787878788
1780922847,25,GET,/,6.333333,0.000000,79,88,91,92,98,100,120,120,120,120,120,44,0,81,117.19573162157427,17.49176625162363,698.0808135122061,10501.022727272728
1780922847,25,POST,/cart,0.333333,0.000000,25,25,670,670,670,670,670,670,670,670,670,4,0,24,184.1751995962113,20.90699877589941,666.5041847154498,16454.5
1780922847,25,POST,/cart/checkout,0.333333,0.000000,71,71,71,71,71,71,71,71,71,71,71,2,0,71.31495326757431,74.68136167153716,71.31495326757431,78.04777007550001,6811.0
1780922847,25,GET,/product/2ZYFJ3GM2N,0.000000,0.000000,21,21,21,21,21,21,21,21,21,21,21,1,0,21.116305142641068,21.116305142641068,21.116305142641068,21.116305142641068,8004.0
1780922847,25,GET,/product/66VCHSJNUP,0.000000,0.000000,0,0,0,0,0,0,0,0,0,0,0,1,0,89.01758585125208,89.01758585125208,89.01758585125208,89.01758585125208,7936.0
1780922847,25,GET,/product/6E92ZMYYFZ,0.000000,0.000000,0,0,0,0,0,0,0,0,0,0,0,2,0,18,44.63086649775505,17.89276860654354,71.36896438896656,7930.0
1780922847,25,,Aggregated,7.000000,0.000000,71,87,89,91,96,99,120,120,120,120,120,54,0,78,115.5939136493813,17.49176625162363,698.0808135122061,10616.388888888889
1780922848,30,GET,/,7.000000,0.000000,66,81,89,91,95,99,100,120,120,120,120,56,0,72,100.72698741818645,16.818886622786522,698.0808135122061,10502.17857142857
1780922848,30,POST,/cart,0.500000,0.000000,38,64,64,64,670,670,670,670,670,670,670,7,0,38,128.91393487474747,20.90699877589941,666.5041847154498,16457.14285714286
1780922848,30,POST,/cart/checkout,0.500000,0.000000,71,71,71,71,71,71,71,71,71,71,71,3,0,71,57.61139808843533,23.471470922231674,78.04777007550001,6814.333333333333
1780922848,30,GET,/product/1YMWWN1N4O,0.000000,0.000000,0,0,0,0,0,0,0,0,0,0,0,1,0,14.021533541381359,14.021533541381359,14.021533541381359,14.021533541381359,7988.0
1780922848,30,GET,/product/2ZYFJ3GM2N,0.250000,0.000000,21,21,21,21,21,21,21,21,21,21,21,1,0,21.116305142641068,21.116305142641068,21.116305142641068,21.116305142641068,8004.0
1780922848,30,GET,/product/66VCHSJNUP,0.000000,0.000000,89,89,89,89,89,89,89,89,89,89,89,1,0,89.01758585125208,89.01758585125208,89.01758585125208,89.01758585125208,7936.0
1780922848,30,GET,/product/6E92ZMYYFZ,0.000000,0.000000,16,16,16,16,16,16,16,16,16,16,16,3,0,18,35.04078028102716,15.860607847571373,71.36896438896656,7921.0
1780922848,30,,Aggregated,8.250000,0.000000,38,78,87,89,93,98,100,120,120,120,120,72,0,64,96.46139998868522,14.021533541381359,698.0808135122061,10714.666666666666
1780922849,35,GET,/,8.600000,0.000000,45,78,87,89,95,100,120,120,120,120,120,75,0,49,86.77781858791907,16.818886622786522,698.0808135122061,10502.56
1780922849,35,POST,/cart,0.800000,0.000000,34,38,64,64,670,670,670,670,670,670,670,9,0,34,107.30620866848363,20.90699877589941,666.5041847154498,16613.88888888889
1780922849,35,POST,/cart/checkout,0.400000,0.000000,44,44,71,71,71,71,71,71,71,71,71,4,0,44,54.20530098490417,23.471470922231674,78.04777007550001,6821.5
1780922849,35,GET,/product/0PUK6V6EV0,0.000000,0.000000,0,0,0,0,0,0,0,0,0,0,0,1,0,15.607783570885658,15.607783570885658,15.607783570885658,15.607783570885658,7954.0
1780922849,35,GET,/product/1YMWWN1N4O,0.000000,0.000000,0,0,0,0,0,0,0,0,0,0,0,1,0,14.021533541381359,14.021533541381359,14.021533541381359,14.021533541381359,7988.0
1780922849,35,GET,/product/2ZYFJ3GM2N,0.200000,0.000000,21,21,21,21,21,21,21,21,21,21,21,1,0,21.116305142641068,21.116305142641068,21.116305142641068,21.116305142641068,8004.0
1780922849,35,GET,/product/66VCHSJNUP,0.200000,0.000000,89,89,89,89,89,89,89,89,89,89,89,1,0,89.01758585125208,89.01758585125208,89.01758585125208,89.01758585125208,7936.0
1780922849,35,GET,/product/6E92ZMYYFZ,0.400000,0.000000,16,16,16,16,16,16,16,16,16,16,16,3,0,18,35.04078028102716,15.860607847571373,71.36896438896656,7921.0
1780922849,35,GET,/product/9SIQT8TOJO,0.000000,0.000000,0,0,0,0,0,0,0,0,0,0,0,1,0,16.688108444213867,16.688108444213867,16.688108444213867,16.688108444213867,8006.0
1780922849,35,GET,/product/OLJCESPC7Z,0.000000,0.000000,0,0,0,0,0,0,0,0,0,0,0,1,0,94.16722785681486,94.16722785681486,94.16722785681486,94.16722785681486,8001.0
1780922849,35,,Aggregated,10.600000,0.000000,37,71,81,88,93,99,120,120,120,120,120,97,0,44,82.95519960103269,14.021533541381359,698.0808135122061,10682.01030927835
1780922850,40,GET,/,9.000000,0.000000,38,72,81,88,95,100,120,120,120,120,120,91,0,46,79.86055513086555,15.856527723371983,698.0808135122061,10502.912087912087
1780922850,40,POST,/cart,1.000000,0.000000,38,64,64,78,670,670,670,670,670,670,670,10,0,34,104.39433455467224,20.90699877589941,666.5041847154498,16598.2
1780922850,40,POST,/cart/checkout,0.500000,0.000000,44,44,71,71,71,71,71,71,71,71,71,5,0,44,48.26880041509867,23.471470922231674,78.04777007550001,6814.4
1780922850,40,GET,/product/0PUK6V6EV0,0.000000,0.000000,16,16,16,16,16,16,16,16,16,16,16,1,0,15.607783570885658,15.607783570885658,15.607783570885658,15.607783570885658,7954.0
1780922850,40,GET,/product/1YMWWN1N4O,0.000000,0.000000,14,14,14,14,14,14,14,14,14,14,14,1,0,14.021533541381359,14.021533541381359,14.021533541381359,14.021533541381359,7988.0
1780922850,40,GET,/product/2ZYFJ3GM2N,0.166667,0.000000,21,21,21,21,21,21,21,21,21,21,21,1,0,21.116305142641068,21.116305142641068,21.116305142641068,21.116305142641068,8004.0
1780922850,40,GET,/product/66VCHSJNUP,0.166667,0.000000,89,89,89,89,89,89,89,89,89,89,89,1,0,89.01758585125208,89.01758585125208,89.01758585125208,89.01758585125208,7936.0
1780922850,40,GET,/product/6E92ZMYYFZ,0.500000,0.000000,16,16,16,16,16,16,16,16,16,16,16,3,0,18,35.04078028102716,15.860607847571373,71.36896438896656,7921.0
1780922850,40,GET,/product/9SIQT8TOJO,0.000000,0.000000,99,99,99,99,99,99,99,99,99,99,99,2,0,17,57.99143621698022,16.688108444213867,99.29476398974657,7978.0
1780922850,40,GET,/product/OLJCESPC7Z,0.000000,0.000000,94,94,94,94,94,94,94,94,94,94,94,1,0,94.16722785681486,94.16722785681486,94.16722785681486,94.16722785681486,8001.0
1780922850,40,,Aggregated,11.333333,0.000000,37,71,79,87,94,99,120,120,120,120,120,116,0,38,77.65201304974998,14.021533541381359,698.0808135122061,10650.181034482759
1780922851,40,GET,/,10.285714,0.000000,48,76,88,91,110,150,240,250,270,270,270,107,0,53,84.6248512791696,15.856527723371983,698.0808135122061,10508.14953271028
1780922851,40,POST,/cart,1.285714,0.000000,38,64,78,78,120,670,670,670,670,670,670,12,0,34,98.79726419846217,20.90699877589941,666.5041847154498,16577.0
1780922851,40,POST,/cart/checkout,0.571429,0.000000,71,71,110,110,120,120,120,120,120,120,120,7,0,71,67.02049528913838,23.471470922231674,120.5787044018507,6814.0
1780922851,40,GET,/product/0PUK6V6EV0,0.142857,0.000000,16,16,16,16,16,16,16,16,16,16,16,1,0,15.607783570885658,15.607783570885658,15.607783570885658,15.607783570885658,7954.0
1780922851,40,GET,/product/1YMWWN1N4O,0.142857,0.000000,14,14,14,14,14,14,14,14,14,14,14,1,0,14.021533541381359,14.021533541381359,14.021533541381359,14.021533541381359,7988.0
1780922851,40,GET,/product/2ZYFJ3GM2N,0.142857,0.000000,21,21,21,21,21,21,21,21,21,21,21,1,0,21.116305142641068,21.116305142641068,21.116305142641068,21.116305142641068,8004.0
1780922851,40,GET,/product/66VCHSJNUP,0.142857,0.000000,89,89,89,89,89,89,89,89,89,89,89,2,0,51,69.77387331426144,50.530160777270794,89.01758585125208,7972.5
1780922851,40,GET,/product/6E92ZMYYFZ,0.428571,0.000000,16,16,16,16,16,16,16,16,16,16,16,3,0,18,35.04078028102716,15.860607847571373,71.36896438896656,7921.0
1780922851,40,GET,/product/9SIQT8TOJO,0.142857,0.000000,99,99,99,99,99,99,99,99,99,99,99,2,0,17,57.99143621698022,16.688108444213867,99.29476398974657,7978.0
1780922851,40,GET,/product/L9ECAV7KIM,0.000000,0.000000,0,0,0,0,0,0,0,0,0,0,0,1,0,18.16232781857252,18.16232781857252,18.16232781857252,18.16232781857252,8013.0
1780922851,40,GET,/product/LS4PSXUNUM,0.000000,0.000000,0,0,0,0,0,0,0,0,0,0,0,2,0,17.09020882844925,57.73898819461465,17.09020882844925,98.38776756078005,7990.5
1780922851,40,GET,/product/OLJCESPC7Z,0.142857,0.000000,100,100,100,100,100,100,100,100,100,100,100,2,0,94.16722785681486,97.57534600794315,94.16722785681486,100.98346415907145,7999.0
1780922851,40,,Aggregated,13.428571,0.000000,46,76,88,91,110,120,240,250,270,270,270,141,0,49,81.20396668553775,14.021533541381359,698.0808135122061,10571.602836879432
1780922852,40,GET,/,11.125000,0.000000,33,70,81,89,100,150,240,250,270,270,270,124,0,34,76.30560792712194,15.70152584463358,698.0808135122061,10509.048387096775
1780922852,40,POST,/cart,1.250000,0.000000,30,38,64,64,120,670,670,670,670,670,670,16,0,27,80.51499567227438,20.90699877589941,666.5041847154498,16638.0625
1780922852,40,POST,/cart/checkout,0.625000,0.000000,44,71,110,110,120,120,120,120,120,120,120,9,0,44,57.35252249158091,22.502477280795574,120.5787044018507,6818.0
1780922852,40,GET,/product/0PUK6V6EV0,0.125000,0.000000,16,16,16,16,16,16,16,16,16,16,16,1,0,15.607783570885658,15.607783570885658,15.607783570885658,15.607783570885658,7954.0
1780922852,40,GET,/product/1YMWWN1N4O,0.125000,0.000000,14,14,14,14,14,14,14,14,14,14,14,1,0,14.021533541381359,14.021533541381359,14.021533541381359,14.021533541381359,7988.0
1780922852,40,GET,/product/2ZYFJ3GM2N,0.125000,0.000000,21,21,21,21,21,21,21,21,21,21,21,1,0,21.116305142641068,21.116305142641068,21.116305142641068,21.116305142641068,8004.0
1780922852,40,GET,/product/66VCHSJNUP,0.125000,0.000000,89,89,89,89,89,89,89,89,89,89,89,2,0,51,69.77387331426144,50.530160777270794,89.01758585125208,7972.5
1780922852,40,GET,/product/6E92ZMYYFZ,0.375000,0.000000,16,16,16,16,16,16,16,16,16,16,16,3,0,18,35.04078028102716,15.860607847571373,71.36896438896656,7921.0
1780922852,40,GET,/product/9SIQT8TOJO,0.250000,0.000000,99,99,99,99,99,99,99,99,99,99,99,2,0,17,57.99143621698022,16.688108444213867,99.29476398974657,7978.0
1780922852,40,GET,/product/L9ECAV7KIM,0.000000,0.000000,18,18,18,18,18,18,18,18,18,18,18,1,0,18.16232781857252,18.16232781857252,18.16232781857252,18.16232781857252,8013.0
1780922852,40,GET,/product/LS4PSXUNUM,0.000000,0.000000,98,98,98,98,98,98,98,98,98,98,98,2,0,17.09020882844925,57.73898819461465,17.09020882844925,98.38776756078005,7990.5
1780922852,40,GET,/product/OLJCESPC7Z,0.125000,0.000000,100,100,100,100,100,100,100,100,100,100,100,2,0,94.16722785681486,97.57534600794315,94.16722785681486,100.98346415907145,7999.0
1780922852,40,,Aggregated,14.250000,0.000000,30,69,79,89,100,120,230,250,270,270,270,164,0,33,73.21035118614573,14.021533541381359,698.0808135122061,10672.530487804877
1780922853,40,GET,/,11.666667,0.000000,26,60,77,81,110,150,240,250,270,270,270,139,0,30,72.66693048366754,15.70152584463358,698.0808135122061,10509.244604316547
1780922853,40,POST,/cart,1.333333,0.000000,30,38,64,64,120,670,670,670,670,670,670,16,0,27,80.51499567227438,20.90699877589941,666.5041847154498,16638.0625
1780922853,40,POST,/cart/checkout,0.777778,0.000000,25,44,71,110,120,120,120,120,120,120,120,10,0,25,53.666132874786854,20.488626323640347,120.5787044018507,6819.1
1780922853,40,GET,/product/0PUK6V6EV0,0.111111,0.000000,59,59,59,59,59,59,59,59,59,59,59,2,0,16,37.06786595284939,15.607783570885658,58.52794833481312,7960.0
1780922853,40,GET,/product/1YMWWN1N4O,0.111111,0.000000,14,14,14,14,14,14,14,14,14,14,14,1,0,14.021533541381359,14.021533541381359,14.021533541381359,14.021533541381359,7988.0
1780922853,40,GET,/product/2ZYFJ3GM2N,0.111111,0.000000,21,21,21,21,21,21,21,21,21,21,21,1,0,21.116305142641068,21.116305142641068,21.116305142641068,21.116305142641068,8004.0
1780922853,40,GET,/product/66VCHSJNUP,0.111111,0.000000,89,89,89,89,89,89,89,89,89,89,89,2,0,51,69.77387331426144,50.530160777270794,89.01758585125208,7972.5
1780922853,40,GET,/product/6E92ZMYYFZ,0.333333,0.000000,16,16,16,16,16,16,16,16,16,16,16,3,0,18,35.04078028102716,15.860607847571373,71.36896438896656,7921.0
1780922853,40,GET,/product/9SIQT8TOJO,0.222222,0.000000,99,99,99,99,99,99,99,99,99,99,99,2,0,17,57.99143621698022,16.688108444213867,99.29476398974657,7978.0
1780922853,40,GET,/product/L9ECAV7KIM,0.111111,0.000000,18,18,18,18,18,18,18,18,18,18,18,1,0,18.16232781857252,18.16232781857252,18.16232781857252,18.16232781857252,8013.0
1780922853,40,GET,/product/LS4PSXUNUM,0.222222,0.000000,98,98,98,98,98,98,98,98,98,98,98,2,0,17.09020882844925,57.73898819461465,17.09020882844925,98.38776756078005,7990.5
1780922853,40,GET,/product/OLJCESPC7Z,0.222222,0.000000,100,100,100,100,100,100,100,100,100,100,100,2,0,94.16722785681486,97.57534600794315,94.16722785681486,100.98346415907145,7999.0
1780922853,40,,Aggregated,15.333333,0.000000,26,60,77,81,100,120,230,250,270,270,270,181,0,30,70.30012222902222,14.021533541381359,698.0808135122061,10622.944751381216
1780922854,40,GET,/,12.000000,0.000000,34,70,87,100,220,320,340,360,380,380,380,156,0,45,89.46902684580822,15.70152584463358,698.0808135122061,10512.692307692309
1780922854,40,POST,/cart,1.500000,0.000000,30,64,64,78,140,180,180,180,180,180,180,18,0,30,89.32316044552459,20.90699877589941,666.5041847154498,16619.88888888889
1780922854,40,POST,/cart/checkout,0.800000,0.000000,44,100,110,110,120,130,130,130,130,130,130,12,0,44,64.35827196886142,20.488626323640347,132.75807350873947,6813.25
1780922854,40,GET,/product/0PUK6V6EV0,0.100000,0.000000,59,59,59,59,59,59,59,59,59,59,59,2,0,16,37.06786595284939,15.607783570885658,58.52794833481312,7960.0
1780922854,40,GET,/product/1YMWWN1N4O,0.100000,0.000000,110,110,110,110,110,110,110,110,110,110,110,2,0,14.021533541381359,59.53516671434045,14.021533541381359,105.04879988729954,8045.5
1780922854,40,GET,/product/2ZYFJ3GM2N,0.100000,0.000000,21,21,21,21,21,21,21,21,21,21,21,1,0,21.116305142641068,21.116305142641068,21.116305142641068,21.116305142641068,8004.0
1780922854,40,GET,/product/66VCHSJNUP,0.200000,0.000000,89,89,89,89,89,89,89,89,89,89,89,2,0,51,69.77387331426144,50.530160777270794,89.01758585125208,7972.5
1780922854,40,GET,/product/6E92ZMYYFZ,0.300000,0.000000,16,16,16,16,16,16,16,16,16,16,16,3,0,18,35.04078028102716,15.860607847571373,71.36896438896656,7921.0
1780922854,40,GET,/product/9SIQT8TOJO,0.200000,0.000000,99,99,99,99,99,99,99,99,99,99,99,2,0,17,57.99143621698022,16.688108444213867,99.29476398974657,7978.0
1780922854,40,GET,/product/L9ECAV7KIM,0.100000,0.000000,18,18,18,18,18,18,18,18,18,18,18,1,0,18.16232781857252,18.16232781857252,18.16232781857252,18.16232781857252,8013.0
1780922854,40,GET,/product/LS4PSXUNUM,0.200000,0.000000,98,98,98,98,98,98,98,98,98,98,98,2,0,17.09020882844925,57.73898819461465,17.09020882844925,98.38776756078005,7990.5
1780922854,40,GET,/product/OLJCESPC7Z,0.200000,0.000000,100,100,100,100,100,100,100,100,100,100,100,2,0,94.16722785681486,97.57534600794315,94.16722785681486,100.98346415907145,7999.0
1780922854,40,,Aggregated,15.800000,0.000000,34,71,88,100,160,270,320,360,380,380,380,203,0,44,84.93128406994155,14.021533541381359,698.0808135122061,10623.487684729063
1780922855,40,GET,/,13.300000,0.000000,24,59,77,88,210,280,340,360,380,380,380,173,0,28,82.5178832773959,15.677148476243019,698.0808135122061,10513.404624277457
1780922855,40,POST,/cart,1.500000,0.000000,33,38,64,78,140,180,180,180,180,180,180,20,0,30,82.97423361800611,18.745601177215576,666.5041847154498,16603.3
1780922855,40,POST,/cart/checkout,1.000000,0.000000,44,100,110,110,120,130,130,130,130,130,130,12,0,44,64.35827196886142,20.488626323640347,132.75807350873947,6813.25
1780922855,40,GET,/product/0PUK6V6EV0,0.100000,0.000000,18,18,59,59,59,59,59,59,59,59,59,3,0,18,30.67950128267209,15.607783570885658,58.52794833481312,7962.0
1780922855,40,GET,/product/1YMWWN1N4O,0.100000,0.000000,110,110,110,110,110,110,110,110,110,110,110,2,0,14.021533541381359,59.53516671434045,14.021533541381359,105.04879988729954,8045.5
1780922855,40,GET,/product/2ZYFJ3GM2N,0.100000,0.000000,21,21,21,21,21,21,21,21,21,21,21,1,0,21.116305142641068,21.116305142641068,21.116305142641068,21.116305142641068,8004.0
1780922855,40,GET,/product/66VCHSJNUP,0.200000,0.000000,89,89,89,89,89,89,89,89,89,89,89,2,0,51,69.77387331426144,50.530160777270794,89.01758585125208,7972.5
1780922855,40,GET,/product/6E92ZMYYFZ,0.300000,0.000000,16,16,16,16,16,16,16,16,16,16,16,3,0,18,35.04078028102716,15.860607847571373,71.36896438896656,7921.0
1780922855,40,GET,/product/9SIQT8TOJO,0.200000,0.000000,15,15,99,99,99,99,99,99,99,99,99,5,0,15,31.83262273669243,13.664711266756058,99.29476398974657,7973.6
1780922855,40,GET,/product/L9ECAV7KIM,0.100000,0.000000,18,18,18,18,18,18,18,18,18,18,18,1,0,18.16232781857252,18.16232781857252,18.16232781857252,18.16232781857252,8013.0
1780922855,40,GET,/product/LS4PSXUNUM,0.200000,0.000000,17,17,98,98,98,98,98,98,98,98,98,3,0,17,43.83862173805634,16.037888824939728,98.38776756078005,7972.666666666667
1780922855,40,GET,/product/OLJCESPC7Z,0.200000,0.000000,94,94,100,100,100,100,100,100,100,100,100,3,0,94,70.65090412894885,16.802020370960236,100.98346415907145,7985.0
1780922855,40,,Aggregated,17.300000,0.000000,25,59,78,95,150,270,320,360,380,380,380,228,0,27,77.6538025963594,13.664711266756058,698.0808135122061,10596.872807017544
1780922856,40,GET,/,14.500000,0.000000,21,46,69,78,210,280,340,360,380,380,380,192,0,24,76.14167141340052,12.621862813830376,698.0808135122061,10514.760416666666
1780922856,40,POST,/cart,1.700000,0.000000,33,64,64,78,140,180,180,180,180,180,180,21,0,30,80.19583486020565,18.745601177215576,666.5041847154498,16664.761904761905
1780922856,40,POST,/cart/checkout,1.200000,0.000000,25,100,110,110,120,130,130,130,130,130,130,13,0,44,60.89181925814886,19.294386729598045,132.75807350873947,6814.153846153846
1780922856,40,GET,/product/0PUK6V6EV0,0.200000,0.000000,18,18,59,59,59,59,59,59,59,59,59,3,0,18,30.67950128267209,15.607783570885658,58.52794833481312,7962.0
1780922856,40,GET,/product/1YMWWN1N4O,0.200000,0.000000,110,110,110,110,110,110,110,110,110,110,110,2,0,14.021533541381359,59.53516671434045,14.021533541381359,105.04879988729954,8045.5
1780922856,40,GET,/product/2ZYFJ3GM2N,0.100000,0.000000,21,21,21,21,21,21,21,21,21,21,21,2,0,13.442596420645714,17.27945078164339,13.442596420645714,21.116305142641068,7998.0
1780922856,40,GET,/product/66VCHSJNUP,0.200000,0.000000,89,89,89,89,89,89,89,89,89,89,89,2,0,51,69.77387331426144,50.530160777270794,89.01758585125208,7972.5
1780922856,40,GET,/product/6E92ZMYYFZ,0.300000,0.000000,16,16,16,16,16,16,16,16,16,16,16,3,0,18,35.04078028102716,15.860607847571373,71.36896438896656,7921.0
1780922856,40,GET,/product/9SIQT8TOJO,0.200000,0.000000,15,15,99,99,99,99,99,99,99,99,99,5,0,15,31.83262273669243,13.664711266756058,99.29476398974657,7973.6
1780922856,40,GET,/product/L9ECAV7KIM,0.100000,0.000000,18,18,18,18,18,18,18,18,18,18,18,1,0,18.16232781857252,18.16232781857252,18.16232781857252,18.16232781857252,8013.0
1780922856,40,GET,/product/LS4PSXUNUM,0.200000,0.000000,17,17,98,98,98,98,98,98,98,98,98,3,0,17,43.83862173805634,16.037888824939728,98.38776756078005,7972.666666666667
1780922856,40,GET,/product/OLJCESPC7Z,0.200000,0.000000,94,94,100,100,100,100,100,100,100,100,100,3,0,94,70.65090412894885,16.802020370960236,100.98346415907145,7985.0
1780922856,40,,Aggregated,19.100000,0.000000,23,48,70,88,150,270,320,360,380,380,380,250,0,25,72.42415575683117,12.621862813830376,698.0808135122061,10595.252
1780922857,40,GET,/,15.200000,0.000000,20,39,60,71,200,280,320,360,380,380,380,208,0,22,72.0014862734108,12.621862813830376,698.0808135122061,10515.6875
1780922857,40,POST,/cart,1.900000,0.000000,30,34,78,78,140,180,180,180,180,180,180,22,0,27,77.42375156588174,18.745601177215576,666.5041847154498,16656.31818181818
1780922857,40,POST,/cart/checkout,1.100000,0.000000,25,44,110,110,120,130,130,130,130,130,130,15,0,25,55.905041843652725,19.294386729598045,132.75807350873947,6812.2
1780922857,40,GET,/product/0PUK6V6EV0,0.300000,0.000000,18,18,59,59,59,59,59,59,59,59,59,3,0,18,30.67950128267209,15.607783570885658,58.52794833481312,7962.0
1780922857,40,GET,/product/1YMWWN1N4O,0.200000,0.000000,110,110,110,110,110,110,110,110,110,110,110,2,0,14.021533541381359,59.53516671434045,14.021533541381359,105.04879988729954,8045.5
1780922857,40,GET,/product/2ZYFJ3GM2N,0.100000,0.000000,21,21,60,60,60,60,60,60,60,60,60,3,0,21,31.642101394633453,13.442596420645714,60.367402620613575,8031.666666666667
1780922857,40,GET,/product/66VCHSJNUP,0.200000,0.000000,89,89,89,89,89,89,89,89,89,89,89,2,0,51,69.77387331426144,50.530160777270794,89.01758585125208,7972.5
1780922857,40,GET,/product/6E92ZMYYFZ,0.300000,0.000000,50,50,50,50,50,50,50,50,50,50,50,4,0,18,38.722739554941654,15.860607847571373,71.36896438896656,7942.75
1780922857,40,GET,/product/9SIQT8TOJO,0.500000,0.000000,15,15,99,99,99,99,99,99,99,99,99,5,0,15,31.83262273669243,13.664711266756058,99.29476398974657,7973.6
1780922857,40,GET,/product/L9ECAV7KIM,0.100000,0.000000,18,18,18,18,18,18,18,18,18,18,18,1,0,18.16232781857252,18.16232781857252,18.16232781857252,18.16232781857252,8013.0
1780922857,40,GET,/product/LS4PSXUNUM,0.300000,0.000000,17,17,98,98,98,98,98,98,98,98,98,3,0,17,43.83862173805634,16.037888824939728,98.38776756078005,7972.666666666667
1780922857,40,GET,/product/OLJCESPC7Z,0.300000,0.000000,94,94,100,100,100,100,100,100,100,100,100,3,0,94,70.65090412894885,16.802020370960236,100.98346415907145,7985.0
1780922857,40,,Aggregated,20.500000,0.000000,21,44,64,79,150,250,320,340,380,380,380,271,0,24,68.78035118961466,12.621862813830376,698.0808135122061,10566.151291512915
1780922858,40,GET,/,16.000000,0.000000,19,32,55,70,200,280,320,360,380,380,380,228,0,22,68.34884615729383,12.621862813830376,698.0808135122061,10516.956140350878
1780922858,40,POST,/cart,1.900000,0.000000,27,42,82,82,140,180,180,180,180,180,180,25,0,30,73.92708741128445,18.745601177215576,666.5041847154498,16633.36
1780922858,40,POST,/cart/checkout,1.100000,0.000000,25,100,110,110,120,130,130,130,130,130,130,15,0,25,55.905041843652725,19.294386729598045,132.75807350873947,6812.2
1780922858,40,GET,/product/0PUK6V6EV0,0.300000,0.000000,18,18,59,59,59,59,59,59,59,59,59,3,0,18,30.67950128267209,15.607783570885658,58.52794833481312,7962.0
1780922858,40,GET,/product/1YMWWN1N4O,0.200000,0.000000,110,110,110,110,110,110,110,110,110,110,110,2,0,14.021533541381359,59.53516671434045,14.021533541381359,105.04879988729954,8045.5
1780922858,40,GET,/product/2ZYFJ3GM2N,0.100000,0.000000,21,21,60,60,60,60,60,60,60,60,60,4,0,13,26.773496763780713,12.167682871222496,60.367402620613575,8043.0
1780922858,40,GET,/product/66VCHSJNUP,0.200000,0.000000,89,89,89,89,89,89,89,89,89,89,89,2,0,51,69.77387331426144,50.530160777270794,89.01758585125208,7972.5
1780922858,40,GET,/product/6E92ZMYYFZ,0.300000,0.000000,50,50,69,69,69,69,69,69,69,69,69,5,0,50,44.81402821838856,15.860607847571373,71.36896438896656,7946.4
1780922858,40,GET,/product/9SIQT8TOJO,0.500000,0.000000,15,15,99,99,99,99,99,99,99,99,99,5,0,15,31.83262273669243,13.664711266756058,99.29476398974657,7973.6
1780922858,40,GET,/product/L9ECAV7KIM,0.100000,0.000000,18,18,18,18,18,18,18,18,18,18,18,1,0,18.16232781857252,18.16232781857252,18.16232781857252,18.16232781857252,8013.0
1780922858,40,GET,/product/LS4PSXUNUM,0.300000,0.000000,17,17,98,98,98,98,98,98,98,98,98,3,0,17,43.83862173805634,16.037888824939728,98.38776756078005,7972.666666666667
1780922858,40,GET,/product/OLJCESPC7Z,0.300000,0.000000,94,94,100,100,100,100,100,100,100,100,100,4,0,17,56.16649612784386,12.713272124528885,100.98346415907145,7980.0
1780922858,40,,Aggregated,21.300000,0.000000,20,37,60,75,150,250,320,340,380,380,380,297,0,24,65.60814053898909,12.167682871222496,698.0808135122061,10597.400673400673
1780922859,40,GET,/,16.200000,0.000000,19,22,42,55,200,280,320,360,380,380,380,244,0,21,65.03341727905342,12.621862813830376,698.0808135122061,10518.331967213115
1780922859,40,POST,/cart,1.700000,0.000000,26,27,42,82,140,180,180,180,180,180,180,28,0,26,68.48398127060916,18.745601177215576,666.5041847154498,16614.85714285714
1780922859,40,POST,/cart/checkout,1.300000,0.000000,25,100,110,120,130,130,130,130,130,130,130,15,0,25,55.905041843652725,19.294386729598045,132.75807350873947,6812.2
1780922859,40,GET,/product/0PUK6V6EV0,0.300000,0.000000,18,18,59,59,59,59,59,59,59,59,59,3,0,18,30.67950128267209,15.607783570885658,58.52794833481312,7962.0
1780922859,40,GET,/product/1YMWWN1N4O,0.200000,0.000000,110,110,110,110,110,110,110,110,110,110,110,2,0,14.021533541381359,59.53516671434045,14.021533541381359,105.04879988729954,8045.5
1780922859,40,GET,/product/2ZYFJ3GM2N,0.200000,0.000000,21,21,60,60,60,60,60,60,60,60,60,4,0,13,26.773496763780713,12.167682871222496,60.367402620613575,8043.0
1780922859,40,GET,/product/66VCHSJNUP,0.100000,0.000000,51,51,51,51,51,51,51,51,51,51,51,2,0,51,69.77387331426144,50.530160777270794,89.01758585125208,7972.5
1780922859,40,GET,/product/6E92ZMYYFZ,0.200000,0.000000,50,50,69,69,69,69,69,69,69,69,69,5,0,50,44.81402821838856,15.860607847571373,71.36896438896656,7946.4
1780922859,40,GET,/product/9SIQT8TOJO,0.500000,0.000000,15,15,15,99,99,99,99,99,99,99,99,6,0,15,28.816905803978443,13.664711266756058,99.29476398974657,7986.5
1780922859,40,GET,/product/L9ECAV7KIM,0.100000,0.000000,18,18,18,18,18,18,18,18,18,18,18,1,0,18.16232781857252,18.16232781857252,18.16232781857252,18.16232781857252,8013.0
1780922859,40,GET,/product/LS4PSXUNUM,0.300000,0.000000,17,17,98,98,98,98,98,98,98,98,98,4,0,16,36.85351903550327,15.898210927844048,98.38776756078005,7987.0
1780922859,40,GET,/product/OLJCESPC7Z,0.300000,0.000000,17,17,100,100,100,100,100,100,100,100,100,4,0,17,56.16649612784386,12.713272124528885,100.98346415907145,7980.0
1780922859,40,,Aggregated,21.400000,0.000000,19,26,49,63,150,250,320,340,380,380,380,318,0,23,62.481903945499994,12.167682871222496,698.0808135122061,10633.641509433963
1780922860,40,GET,/,17.100000,0.000000,19,20,28,39,110,280,320,360,380,380,380,260,0,21,62.286085868254304,12.383239343762398,698.0808135122061,10520.565384615385
1780922860,40,POST,/cart,1.800000,0.000000,26,27,33,42,140,180,180,180,180,180,180,31,0,27,64.4138645861418,18.745601177215576,666.5041847154498,16645.774193548386
1780922860,40,POST,/cart/checkout,1.200000,0.000000,24,25,100,100,130,130,130,130,130,130,130,15,0,25,55.905041843652725,19.294386729598045,132.75807350873947,6812.2
1780922860,40,GET,/product/0PUK6V6EV0,0.300000,0.000000,18,18,59,59,59,59,59,59,59,59,59,3,0,18,30.67950128267209,15.607783570885658,58.52794833481312,7962.0
1780922860,40,GET,/product/1YMWWN1N4O,0.200000,0.000000,110,110,110,110,110,110,110,110,110,110,110,2,0,14.021533541381359,59.53516671434045,14.021533541381359,105.04879988729954,8045.5
1780922860,40,GET,/product/2ZYFJ3GM2N,0.300000,0.000000,13,13,60,60,60,60,60,60,60,60,60,4,0,13,26.773496763780713,12.167682871222496,60.367402620613575,8043.0
1780922860,40,GET,/product/66VCHSJNUP,0.100000,0.000000,51,51,51,51,51,51,51,51,51,51,51,2,0,51,69.77387331426144,50.530160777270794,89.01758585125208,7972.5
1780922860,40,GET,/product/6E92ZMYYFZ,0.200000,0.000000,50,50,69,69,69,69,69,69,69,69,69,5,0,50,44.81402821838856,15.860607847571373,71.36896438896656,7946.4
1780922860,40,GET,/product/9SIQT8TOJO,0.500000,0.000000,15,15,15,99,99,99,99,99,99,99,99,6,0,15,28.816905803978443,13.664711266756058,99.29476398974657,7986.5
1780922860,40,GET,/product/L9ECAV7KIM,0.100000,0.000000,18,18,18,18,18,18,18,18,18,18,18,1,0,18.16232781857252,18.16232781857252,18.16232781857252,18.16232781857252,8013.0
1780922860,40,GET,/product/LS4PSXUNUM,0.300000,0.000000,17,17,98,98,98,98,98,98,98,98,98,4,0,16,36.85351903550327,15.898210927844048,98.38776756078005,7987.0
1780922860,40,GET,/product/OLJCESPC7Z,0.400000,0.000000,17,33,33,100,100,100,100,100,100,100,100,6,0,17,45.398888333390154,12.713272124528885,100.98346415907145,7995.833333333333
1780922860,40,,Aggregated,22.500000,0.000000,19,23,29,42,100,200,320,340,380,380,380,339,0,22,59.94831751152917,12.167682871222496,698.0808135122061,10670.294985250737
1780922861,40,GET,/,16.900000,0.000000,19,20,29,42,110,280,320,360,380,380,380,277,0,20,60.497178272461845,12.383239343762398,698.0808135122061,10521.490974729242
1780922861,40,POST,/cart,1.900000,0.000000,25,33,42,43,140,180,180,180,180,180,180,32,0,27,63.7575181608554,18.745601177215576,666.5041847154498,16639.0625
1780922861,40,POST,/cart/checkout,1.100000,0.000000,23,24,100,100,130,130,130,130,130,130,130,16,0,25,53.828854113817215,19.294386729598045,132.75807350873947,6813.0625
1780922861,40,GET,/product/0PUK6V6EV0,0.200000,0.000000,59,59,59,59,59,59,59,59,59,59,59,3,0,18,30.67950128267209,15.607783570885658,58.52794833481312,7962.0
1780922861,40,GET,/product/1YMWWN1N4O,0.100000,0.000000,110,110,110,110,110,110,110,110,110,110,110,2,0,14.021533541381359,59.53516671434045,14.021533541381359,105.04879988729954,8045.5
1780922861,40,GET,/product/2ZYFJ3GM2N,0.300000,0.000000,13,13,60,60,60,60,60,60,60,60,60,4,0,13,26.773496763780713,12.167682871222496,60.367402620613575,8043.0
1780922861,40,GET,/product/66VCHSJNUP,0.100000,0.000000,51,51,51,51,51,51,51,51,51,51,51,2,0,51,69.77387331426144,50.530160777270794,89.01758585125208,7972.5
1780922861,40,GET,/product/6E92ZMYYFZ,0.200000,0.000000,69,69,69,69,69,69,69,69,69,69,69,5,0,50,44.81402821838856,15.860607847571373,71.36896438896656,7946.4
1780922861,40,GET,/product/9SIQT8TOJO,0.500000,0.000000,15,15,15,15,15,15,15,15,15,15,15,6,0,15,28.816905803978443,13.664711266756058,99.29476398974657,7986.5
1780922861,40,GET,/product/L9ECAV7KIM,0.100000,0.000000,18,18,18,18,18,18,18,18,18,18,18,1,0,18.16232781857252,18.16232781857252,18.16232781857252,18.16232781857252,8013.0
1780922861,40,GET,/product/LS4PSXUNUM,0.400000,0.000000,17,17,98,98,98,98,98,98,98,98,98,4,0,16,36.85351903550327,15.898210927844048,98.38776756078005,7987.0
1780922861,40,GET,/product/OLJCESPC7Z,0.300000,0.000000,17,18,33,33,100,100,100,100,100,100,100,8,0,17,38.33233437035233,12.713272124528885,100.98346415907145,7995.125
1780922861,40,,Aggregated,22.100000,0.000000,19,23,32,44,100,200,320,340,380,380,380,360,0,22,58.294938483999836,12.167682871222496,698.0808135122061,10654.386111111111
1780922862,40,GET,/,16.700000,0.000000,19,20,28,34,75,280,320,360,380,380,380,294,0,20,58.27131233222428,12.383239343762398,698.0808135122061,10522.914965986394
1780922862,40,POST,/cart,1.900000,0.000000,25,28,42,43,140,180,180,180,180,180,180,35,0,27,60.357105306216646,18.745601177215576,666.5041847154498,16663.914285714287
1780922862,40,POST,/cart/checkout,1.000000,0.000000,27,37,100,100,130,130,130,130,130,130,130,18,0,25,51.401453610095714,19.294386729598045,132.75807350873947,6812.222222222223
1780922862,40,GET,/product/0PUK6V6EV0,0.200000,0.000000,18,18,59,59,59,59,59,59,59,59,59,4,0,16,26.841250713914633,15.32649900764227,58.52794833481312,7955.0
1780922862,40,GET,/product/1YMWWN1N4O,0.100000,0.000000,110,110,110,110,110,110,110,110,110,110,110,2,0,14.021533541381359,59.53516671434045,14.021533541381359,105.04879988729954,8045.5
1780922862,40,GET,/product/2ZYFJ3GM2N,0.300000,0.000000,13,13,60,60,60,60,60,60,60,60,60,4,0,13,26.773496763780713,12.167682871222496,60.367402620613575,8043.0
1780922862,40,GET,/product/66VCHSJNUP,0.100000,0.000000,51,51,51,51,51,51,51,51,51,51,51,2,0,51,69.77387331426144,50.530160777270794,89.01758585125208,7972.5
1780922862,40,GET,/product/6E92ZMYYFZ,0.200000,0.000000,69,69,69,69,69,69,69,69,69,69,69,5,0,50,44.81402821838856,15.860607847571373,71.36896438896656,7946.4
1780922862,40,GET,/product/9SIQT8TOJO,0.400000,0.000000,15,15,15,15,15,15,15,15,15,15,15,6,0,15,28.816905803978443,13.664711266756058,99.29476398974657,7986.5
1780922862,40,GET,/product/L9ECAV7KIM,0.100000,0.000000,18,18,18,18,18,18,18,18,18,18,18,1,0,18.16232781857252,18.16232781857252,18.16232781857252,18.16232781857252,8013.0
1780922862,40,GET,/product/LS4PSXUNUM,0.400000,0.000000,16,16,16,16,16,16,16,16,16,16,16,4,0,16,36.85351903550327,15.898210927844048,98.38776756078005,7987.0
1780922862,40,GET,/product/OLJCESPC7Z,0.500000,0.000000,17,17,18,18,33,33,33,33,33,33,33,8,0,17,38.33233437035233,12.713272124528885,100.98346415907145,7995.125
1780922862,40,,Aggregated,21.900000,0.000000,19,23,29,41,82,200,320,340,380,380,380,383,0,22,56.16651279681579,12.167682871222496,698.0808135122061,10671.527415143602
1780922863,40,GET,/,16.900000,0.000000,18,19,21,24,42,56,72,75,89,89,89,311,0,20,56.412182373991925,10.831318795681,698.0808135122061,10523.324758842444
1780922863,40,POST,/cart,2.000000,0.000000,27,28,42,43,68,82,82,82,82,82,82,38,0,27,59.60595441099844,18.745601177215576,666.5041847154498,16760.42105263158
1780922863,40,POST,/cart/checkout,0.900000,0.000000,27,37,87,100,130,130,130,130,130,130,130,19,0,27,53.24885905965378,19.294386729598045,132.75807350873947,6812.0
1780922863,40,GET,/product/0PUK6V6EV0,0.200000,0.000000,18,18,18,18,18,18,18,18,18,18,18,4,0,16,26.841250713914633,15.32649900764227,58.52794833481312,7955.0
1780922863,40,GET,/product/1YMWWN1N4O,0.100000,0.000000,110,110,110,110,110,110,110,110,110,110,110,2,0,14.021533541381359,59.53516671434045,14.021533541381359,105.04879988729954,8045.5
1780922863,40,GET,/product/2ZYFJ3GM2N,0.300000,0.000000,60,60,74,74,74,74,74,74,74,74,74,5,0,21,36.179536022245884,12.167682871222496,73.80369305610657,8030.4
1780922863,40,GET,/product/66VCHSJNUP,0.100000,0.000000,51,51,51,51,51,51,51,51,51,51,51,2,0,51,69.77387331426144,50.530160777270794,89.01758585125208,7972.5
1780922863,40,GET,/product/6E92ZMYYFZ,0.200000,0.000000,69,69,69,69,69,69,69,69,69,69,69,5,0,50,44.81402821838856,15.860607847571373,71.36896438896656,7946.4
1780922863,40,GET,/product/9SIQT8TOJO,0.400000,0.000000,15,15,15,15,15,15,15,15,15,15,15,6,0,15,28.816905803978443,13.664711266756058,99.29476398974657,7986.5
1780922863,40,GET,/product/L9ECAV7KIM,0.000000,0.000000,18,18,18,18,18,18,18,18,18,18,18,2,0,14.209214597940445,16.185771208256483,14.209214597940445,18.16232781857252,7961.5
1780922863,40,GET,/product/LS4PSXUNUM,0.200000,0.000000,16,16,16,16,16,16,16,16,16,16,16,4,0,16,36.85351903550327,15.898210927844048,98.38776756078005,7987.0
1780922863,40,GET,/product/OLJCESPC7Z,0.600000,0.000000,17,17,18,18,33,33,33,33,33,33,33,10,0,17,33.5848793387413,12.713272124528885,100.98346415907145,7995.0
1780922863,40,,Aggregated,21.900000,0.000000,18,20,24,28,46,66,74,82,89,89,89,408,0,21,54.608897203305624,10.831318795681,698.0808135122061,10682.740196078432
1780922864,40,GET,/,17.300000,0.000000,18,19,21,24,41,55,72,75,89,89,89,332,0,20,54.00740801558707,10.831318795681,698.0808135122061,10524.734939759037
1780922864,40,POST,/cart,2.000000,0.000000,25,28,42,43,68,82,82,82,82,82,82,40,0,27,57.69992065615952,18.745601177215576,666.5041847154498,16780.775
1780922864,40,POST,/cart/checkout,1.000000,0.000000,24,27,37,37,87,87,87,87,87,87,87,19,0,27,53.24885905965378,19.294386729598045,132.75807350873947,6812.0
1780922864,40,GET,/product/0PUK6V6EV0,0.300000,0.000000,18,18,18,18,18,18,18,18,18,18,18,4,0,16,26.841250713914633,15.32649900764227,58.52794833481312,7955.0
1780922864,40,GET,/product/1YMWWN1N4O,0.100000,0.000000,110,110,110,110,110,110,110,110,110,110,110,2,0,14.021533541381359,59.53516671434045,14.021533541381359,105.04879988729954,8045.5
1780922864,40,GET,/product/2ZYFJ3GM2N,0.300000,0.000000,42,60,60,74,74,74,74,74,74,74,74,6,0,21,37.22880330557624,12.167682871222496,73.80369305610657,8038.833333333333
1780922864,40,GET,/product/66VCHSJNUP,0.000000,0.000000,51,51,51,51,51,51,51,51,51,51,51,2,0,51,69.77387331426144,50.530160777270794,89.01758585125208,7972.5
1780922864,40,GET,/product/6E92ZMYYFZ,0.200000,0.000000,69,69,69,69,69,69,69,69,69,69,69,5,0,50,44.81402821838856,15.860607847571373,71.36896438896656,7946.4
1780922864,40,GET,/product/9SIQT8TOJO,0.400000,0.000000,15,15,15,45,45,45,45,45,45,45,45,7,0,15,31.136499185647285,13.664711266756058,99.29476398974657,7991.0
1780922864,40,GET,/product/L9ECAV7KIM,0.000000,0.000000,18,18,18,18,18,18,18,18,18,18,18,2,0,14.209214597940445,16.185771208256483,14.209214597940445,18.16232781857252,7961.5
1780922864,40,GET,/product/LS4PSXUNUM,0.200000,0.000000,16,16,16,16,16,16,16,16,16,16,16,4,0,16,36.85351903550327,15.898210927844048,98.38776756078005,7987.0
1780922864,40,GET,/product/OLJCESPC7Z,0.600000,0.000000,17,17,18,18,33,33,33,33,33,33,33,10,0,17,33.5848793387413,12.713272124528885,100.98346415907145,7995.0
1780922864,40,,Aggregated,22.400000,0.000000,19,21,25,28,46,66,74,82,89,89,89,433,0,21,52.649423925261985,10.831318795681,698.0808135122061,10693.879907621247
1780922865,40,GET,/,17.000000,0.000000,19,21,25,32,49,67,89,140,180,180,180,349,0,20,54.051268610964534,10.831318795681,698.0808135122061,10525.2664756447
1780922865,40,POST,/cart,2.000000,0.000000,25,28,42,43,68,82,82,82,82,82,82,40,0,27,57.69992065615952,18.745601177215576,666.5041847154498,16780.775
1780922865,40,POST,/cart/checkout,0.900000,0.000000,27,27,37,37,87,87,87,87,87,87,87,21,0,27,50.685859019202844,19.294386729598045,132.75807350873947,6813.619047619048
1780922865,40,GET,/product/0PUK6V6EV0,0.300000,0.000000,18,18,18,18,18,18,18,18,18,18,18,4,0,16,26.841250713914633,15.32649900764227,58.52794833481312,7955.0
1780922865,40,GET,/product/1YMWWN1N4O,0.100000,0.000000,110,110,110,110,110,110,110,110,110,110,110,2,0,14.021533541381359,59.53516671434045,14.021533541381359,105.04879988729954,8045.5
1780922865,40,GET,/product/2ZYFJ3GM2N,0.300000,0.000000,42,60,60,74,74,74,74,74,74,74,74,7,0,21,34.4275301322341,12.167682871222496,73.80369305610657,8040.571428571428
1780922865,40,GET,/product/66VCHSJNUP,0.000000,0.000000,51,51,51,51,51,51,51,51,51,51,51,2,0,51,69.77387331426144,50.530160777270794,89.01758585125208,7972.5
1780922865,40,GET,/product/6E92ZMYYFZ,0.200000,0.000000,50,50,69,69,69,69,69,69,69,69,69,6,0,18,39.908514047662415,15.380943194031715,71.36896438896656,7959.0
1780922865,40,GET,/product/9SIQT8TOJO,0.400000,0.000000,15,15,15,45,45,45,45,45,45,45,45,7,0,15,31.136499185647285,13.664711266756058,99.29476398974657,7991.0
1780922865,40,GET,/product/L9ECAV7KIM,0.100000,0.000000,18,18,18,18,18,18,18,18,18,18,18,2,0,14.209214597940445,16.185771208256483,14.209214597940445,18.16232781857252,7961.5
1780922865,40,GET,/product/LS4PSXUNUM,0.200000,0.000000,16,16,16,16,16,16,16,16,16,16,16,4,0,16,36.85351903550327,15.898210927844048,98.38776756078005,7987.0
1780922865,40,GET,/product/OLJCESPC7Z,0.800000,0.000000,15,17,18,18,33,33,33,33,33,33,33,10,0,17,33.5848793387413,12.713272124528885,100.98346415907145,7995.0
1780922865,40,,Aggregated,22.300000,0.000000,19,23,28,34,55,72,87,140,180,180,180,454,0,21,52.45883126706213,10.831318795681,698.0808135122061,10659.222466960353
1780922866,40,GET,/,17.500000,0.000000,19,22,25,32,49,72,89,140,180,180,180,362,0,20,52.892767407452865,10.831318795681,698.0808135122061,10526.290055248619
1780922866,40,POST,/cart,2.200000,0.000000,25,28,35,42,57,68,82,82,82,82,82,42,0,27,56.38882923605187,18.745601177215576,666.5041847154498,16834.166666666668
1780922866,40,POST,/cart/checkout,0.700000,0.000000,26,27,27,37,87,87,87,87,87,87,87,22,0,26,49.53109020028602,19.294386729598045,132.75807350873947,6813.181818181818
1780922866,40,GET,/product/0PUK6V6EV0,0.200000,0.000000,18,18,18,18,18,18,18,18,18,18,18,4,0,16,26.841250713914633,15.32649900764227,58.52794833481312,7955.0
1780922866,40,GET,/product/1YMWWN1N4O,0.000000,0.000000,110,110,110,110,110,110,110,110,110,110,110,2,0,14.021533541381359,59.53516671434045,14.021533541381359,105.04879988729954,8045.5
1780922866,40,GET,/product/2ZYFJ3GM2N,0.500000,0.000000,19,42,42,74,74,74,74,74,74,74,74,8,0,19,32.520656823180616,12.167682871222496,73.80369305610657,8044.375
1780922866,40,GET,/product/66VCHSJNUP,0.000000,0.000000,51,51,51,51,51,51,51,51,51,51,51,3,0,51,54.25123249491056,23.2059508562088,89.01758585125208,7991.333333333333
1780922866,40,GET,/product/6E92ZMYYFZ,0.200000,0.000000,69,69,69,69,69,69,69,69,69,69,69,6,0,18,39.908514047662415,15.380943194031715,71.36896438896656,7959.0
1780922866,40,GET,/product/9SIQT8TOJO,0.500000,0.000000,45,45,45,45,45,45,45,45,45,45,45,7,0,15,31.136499185647285,13.664711266756058,99.29476398974657,7991.0
1780922866,40,GET,/product/L9ECAV7KIM,0.100000,0.000000,14,14,14,14,14,14,14,14,14,14,14,2,0,14.209214597940445,16.185771208256483,14.209214597940445,18.16232781857252,7961.5
1780922866,40,GET,/product/LS4PSXUNUM,0.200000,0.000000,16,16,16,16,16,16,16,16,16,16,16,4,0,16,36.85351903550327,15.898210927844048,98.38776756078005,7987.0
1780922866,40,GET,/product/OLJCESPC7Z,0.800000,0.000000,15,17,18,18,33,33,33,33,33,33,33,10,0,17,33.5848793387413,12.713272124528885,100.98346415907145,7995.0
1780922866,40,,Aggregated,22.900000,0.000000,20,23,27,33,49,72,87,140,180,180,180,472,0,21,51.329643840475356,10.831318795681,698.0808135122061,10667.783898305084
1780922867,40,GET,/,17.200000,0.000000,19,21,25,32,46,73,89,140,180,180,180,379,0,20,51.9925850396853,10.831318795681,698.0808135122061,10527.179419525066
1780922867,40,POST,/cart,2.000000,0.000000,28,30,40,43,68,140,150,150,150,150,150,48,0,28,58.16114866562808,18.745601177215576,666.5041847154498,16876.291666666668
1780922867,40,POST,/cart/checkout,0.900000,0.000000,26,27,37,37,42,87,87,87,87,87,87,24,0,26,48.11813779330502,19.294386729598045,132.75807350873947,6812.833333333333
1780922867,40,GET,/product/0PUK6V6EV0,0.100000,0.000000,15,15,15,15,15,15,15,15,15,15,15,4,0,16,26.841250713914633,15.32649900764227,58.52794833481312,7955.0
1780922867,40,GET,/product/1YMWWN1N4O,0.000000,0.000000,110,110,110,110,110,110,110,110,110,110,110,2,0,14.021533541381359,59.53516671434045,14.021533541381359,105.04879988729954,8045.5
1780922867,40,GET,/product/2ZYFJ3GM2N,0.600000,0.000000,19,42,42,74,74,74,74,74,74,74,74,8,0,19,32.520656823180616,12.167682871222496,73.80369305610657,8044.375
1780922867,40,GET,/product/66VCHSJNUP,0.000000,0.000000,51,51,51,51,51,51,51,51,51,51,51,3,0,51,54.25123249491056,23.2059508562088,89.01758585125208,7991.333333333333
1780922867,40,GET,/product/6E92ZMYYFZ,0.300000,0.000000,69,69,69,69,69,69,69,69,69,69,69,6,0,18,39.908514047662415,15.380943194031715,71.36896438896656,7959.0
1780922867,40,GET,/product/9SIQT8TOJO,0.200000,0.000000,45,45,52,52,52,52,52,52,52,52,52,8,0,15,33.73799833934754,13.664711266756058,99.29476398974657,7994.125
1780922867,40,GET,/product/L9ECAV7KIM,0.100000,0.000000,14,14,19,19,19,19,19,19,19,19,19,4,0,14,15.433746622875333,10.347440838813782,19.016003236174583,7955.75
1780922867,40,GET,/product/LS4PSXUNUM,0.100000,0.000000,16,16,16,16,16,16,16,16,16,16,16,4,0,16,36.85351903550327,15.898210927844048,98.38776756078005,7987.0
1780922867,40,GET,/product/OLJCESPC7Z,0.700000,0.000000,15,17,18,18,33,33,33,33,33,33,33,10,0,17,33.5848793387413,12.713272124528885,100.98346415907145,7995.0
1780922867,40,,Aggregated,22.200000,0.000000,20,24,28,35,49,74,140,140,180,180,180,500,0,21,50.71093477681279,10.347440838813782,698.0808135122061,10710.078
1780922868,40,GET,/,17.300000,0.000000,19,22,25,32,46,73,89,140,180,180,180,396,0,20,50.62153844181636,10.831318795681,698.0808135122061,10528.891414141413
1780922868,40,POST,/cart,2.100000,0.000000,29,35,40,43,68,140,150,150,150,150,150,49,0,28,57.7493371365934,18.745601177215576,666.5041847154498,16897.081632653062
1780922868,40,POST,/cart/checkout,0.800000,0.000000,26,27,37,37,42,87,87,87,87,87,87,26,0,25,45.92902177514938,19.294386729598045,132.75807350873947,6811.307692307692
1780922868,40,GET,/product/0PUK6V6EV0,0.100000,0.000000,15,15,15,15,15,15,15,15,15,15,15,4,0,16,26.841250713914633,15.32649900764227,58.52794833481312,7955.0
1780922868,40,GET,/product/1YMWWN1N4O,0.000000,0.000000,110,110,110,110,110,110,110,110,110,110,110,2,0,14.021533541381359,59.53516671434045,14.021533541381359,105.04879988729954,8045.5
1780922868,40,GET,/product/2ZYFJ3GM2N,0.600000,0.000000,19,42,42,74,74,74,74,74,74,74,74,8,0,19,32.520656823180616,12.167682871222496,73.80369305610657,8044.375
1780922868,40,GET,/product/66VCHSJNUP,0.100000,0.000000,23,23,23,23,23,23,23,23,23,23,23,3,0,51,54.25123249491056,23.2059508562088,89.01758585125208,7991.333333333333
1780922868,40,GET,/product/6E92ZMYYFZ,0.300000,0.000000,69,69,69,69,69,69,69,69,69,69,69,6,0,18,39.908514047662415,15.380943194031715,71.36896438896656,7959.0
1780922868,40,GET,/product/9SIQT8TOJO,0.200000,0.000000,45,45,52,52,52,52,52,52,52,52,52,8,0,15,33.73799833934754,13.664711266756058,99.29476398974657,7994.125
1780922868,40,GET,/product/L9ECAV7KIM,0.100000,0.000000,14,14,19,19,19,19,19,19,19,19,19,4,0,14,15.433746622875333,10.347440838813782,19.016003236174583,7955.75
1780922868,40,GET,/product/LS4PSXUNUM,0.100000,0.000000,16,16,16,16,16,16,16,16,16,16,16,4,0,16,36.85351903550327,15.898210927844048,98.38776756078005,7987.0
1780922868,40,GET,/product/OLJCESPC7Z,0.700000,0.000000,17,17,18,18,33,33,33,33,33,33,33,10,0,17,33.5848793387413,12.713272124528885,100.98346415907145,7995.0
1780922868,40,,Aggregated,22.400000,0.000000,20,25,29,35,49,74,140,140,180,180,180,520,0,21,49.564824084966226,10.347440838813782,698.0808135122061,10704.153846153846
1780922869,40,GET,/,17.000000,0.000000,19,22,27,34,49,73,89,140,180,180,180,417,0,20,49.24875320710367,10.831318795681,698.0808135122061,10529.73381294964
1780922869,40,POST,/cart,2.500000,0.000000,29,35,40,43,68,140,150,150,150,150,150,50,0,28,57.011434789747,18.745601177215576,666.5041847154498,16916.28
1780922869,40,POST,/cart/checkout,0.800000,0.000000,26,27,37,37,42,87,87,87,87,87,87,27,0,26,45.18760264747672,19.294386729598045,132.75807350873947,6811.148148148148
1780922869,40,GET,/product/0PUK6V6EV0,0.100000,0.000000,15,15,15,15,15,15,15,15,15,15,15,4,0,16,26.841250713914633,15.32649900764227,58.52794833481312,7955.0
1780922869,40,GET,/product/1YMWWN1N4O,0.000000,0.000000,110,110,110,110,110,110,110,110,110,110,110,2,0,14.021533541381359,59.53516671434045,14.021533541381359,105.04879988729954,8045.5
1780922869,40,GET,/product/2ZYFJ3GM2N,0.500000,0.000000,19,42,42,74,74,74,74,74,74,74,74,8,0,19,32.520656823180616,12.167682871222496,73.80369305610657,8044.375
1780922869,40,GET,/product/66VCHSJNUP,0.100000,0.000000,23,23,23,23,23,23,23,23,23,23,23,4,0,23,43.76859846524894,12.320696376264095,89.01758585125208,8002.25
1780922869,40,GET,/product/6E92ZMYYFZ,0.200000,0.000000,69,69,69,69,69,69,69,69,69,69,69,6,0,18,39.908514047662415,15.380943194031715,71.36896438896656,7959.0
1780922869,40,GET,/product/9SIQT8TOJO,0.300000,0.000000,45,45,52,52,52,52,52,52,52,52,52,8,0,15,33.73799833934754,13.664711266756058,99.29476398974657,7994.125
1780922869,40,GET,/product/L9ECAV7KIM,0.200000,0.000000,14,14,19,19,19,19,19,19,19,19,19,4,0,14,15.433746622875333,10.347440838813782,19.016003236174583,7955.75
1780922869,40,GET,/product/LS4PSXUNUM,0.100000,0.000000,62,62,62,62,62,62,62,62,62,62,62,5,0,17,41.94053374230862,15.898210927844048,98.38776756078005,7980.2
1780922869,40,GET,/product/OLJCESPC7Z,0.700000,0.000000,17,17,18,18,18,18,18,18,18,18,18,10,0,17,33.5848793387413,12.713272124528885,100.98346415907145,7995.0
1780922869,40,,Aggregated,22.500000,0.000000,20,25,32,36,52,74,140,140,180,180,180,545,0,21,48.414098353492555,10.347440838813782,698.0808135122061,10694.073394495414
1780922870,40,GET,/,16.700000,0.000000,19,22,25,32,49,67,81,140,180,180,180,434,0,20,48.39761070864198,10.831318795681,698.0808135122061,10530.785714285714
1780922870,40,POST,/cart,2.500000,0.000000,29,35,40,57,140,150,150,150,150,150,150,51,0,28,56.43848799096018,18.745601177215576,666.5041847154498,16935.313725490196
1780922870,40,POST,/cart/checkout,1.100000,0.000000,26,27,37,37,42,87,87,87,87,87,87,27,0,26,45.18760264747672,19.294386729598045,132.75807350873947,6811.148148148148
1780922870,40,GET,/product/0PUK6V6EV0,0.100000,0.000000,16,16,16,16,16,16,16,16,16,16,16,5,0,16,24.667966179549694,15.32649900764227,58.52794833481312,7960.8
1780922870,40,GET,/product/1YMWWN1N4O,0.000000,0.000000,110,110,110,110,110,110,110,110,110,110,110,2,0,14.021533541381359,59.53516671434045,14.021533541381359,105.04879988729954,8045.5
1780922870,40,GET,/product/2ZYFJ3GM2N,0.400000,0.000000,42,42,74,74,74,74,74,74,74,74,74,8,0,19,32.520656823180616,12.167682871222496,73.80369305610657,8044.375
1780922870,40,GET,/product/66VCHSJNUP,0.100000,0.000000,23,23,23,23,23,23,23,23,23,23,23,4,0,23,43.76859846524894,12.320696376264095,89.01758585125208,8002.25
1780922870,40,GET,/product/6E92ZMYYFZ,0.100000,0.000000,15,15,15,15,15,15,15,15,15,15,15,6,0,18,39.908514047662415,15.380943194031715,71.36896438896656,7959.0
1780922870,40,GET,/product/9SIQT8TOJO,0.300000,0.000000,52,52,52,52,52,52,52,52,52,52,52,8,0,15,33.73799833934754,13.664711266756058,99.29476398974657,7994.125
1780922870,40,GET,/product/L9ECAV7KIM,0.300000,0.000000,14,14,19,19,19,19,19,19,19,19,19,4,0,14,15.433746622875333,10.347440838813782,19.016003236174583,7955.75
1780922870,40,GET,/product/LS4PSXUNUM,0.100000,0.000000,16,16,62,62,62,62,62,62,62,62,62,6,0,16,37.48835111036897,15.22743795067072,98.38776756078005,7989.833333333333
1780922870,40,GET,/product/OLJCESPC7Z,0.600000,0.000000,17,17,18,18,18,18,18,18,18,18,18,10,0,17,33.5848793387413,12.713272124528885,100.98346415907145,7995.0
1780922870,40,,Aggregated,22.300000,0.000000,20,24,30,35,56,73,140,140,180,180,180,565,0,21,47.632761021037545,10.347440838813782,698.0808135122061,10693.169911504425
1780922871,40,GET,/,17.000000,0.000000,19,22,25,32,49,67,81,140,180,180,180,447,0,20,47.57412107790543,10.831318795681,698.0808135122061,10531.255033557047
1780922871,40,POST,/cart,2.200000,0.000000,30,35,38,40,68,140,150,150,150,150,150,56,0,28,53.77755941091372,18.745601177215576,666.5041847154498,17047.303571428572
1780922871,40,POST,/cart/checkout,1.200000,0.000000,26,27,36,36,42,87,87,87,87,87,87,30,0,26,43.657642882317305,19.294386729598045,132.75807350873947,6810.633333333333
1780922871,40,GET,/product/0PUK6V6EV0,0.100000,0.000000,16,16,16,16,16,16,16,16,16,16,16,5,0,16,24.667966179549694,15.32649900764227,58.52794833481312,7960.8
1780922871,40,GET,/product/1YMWWN1N4O,0.000000,0.000000,0,0,0,0,0,0,0,0,0,0,0,2,0,14.021533541381359,59.53516671434045,14.021533541381359,105.04879988729954,8045.5
1780922871,40,GET,/product/2ZYFJ3GM2N,0.400000,0.000000,42,42,74,74,74,74,74,74,74,74,74,8,0,19,32.520656823180616,12.167682871222496,73.80369305610657,8044.375
1780922871,40,GET,/product/66VCHSJNUP,0.100000,0.000000,23,23,23,23,23,23,23,23,23,23,23,4,0,23,43.76859846524894,12.320696376264095,89.01758585125208,8002.25
1780922871,40,GET,/product/6E92ZMYYFZ,0.100000,0.000000,15,15,15,15,15,15,15,15,15,15,15,6,0,18,39.908514047662415,15.380943194031715,71.36896438896656,7959.0
1780922871,40,GET,/product/9SIQT8TOJO,0.200000,0.000000,45,45,52,52,52,52,52,52,52,52,52,9,0,17,32.53163107567363,13.664711266756058,99.29476398974657,7993.666666666667
1780922871,40,GET,/product/L9ECAV7KIM,0.300000,0.000000,15,15,19,19,19,19,19,19,19,19,19,5,0,15,15.376603603363037,10.347440838813782,19.016003236174583,7950.6
1780922871,40,GET,/product/LS4PSXUNUM,0.100000,0.000000,16,16,62,62,62,62,62,62,62,62,62,6,0,16,37.48835111036897,15.22743795067072,98.38776756078005,7989.833333333333
1780922871,40,GET,/product/OLJCESPC7Z,0.600000,0.000000,15,15,15,15,15,15,15,15,15,15,15,10,0,17,33.5848793387413,12.713272124528885,100.98346415907145,7995.0
1780922871,40,,Aggregated,22.300000,0.000000,20,24,29,35,56,73,140,140,180,180,180,588,0,21,46.657231683861845,10.347440838813782,698.0808135122061,10724.552721088436
1780922872,40,GET,/,17.500000,0.000000,19,21,24,28,47,67,81,140,180,180,180,464,0,20,46.55999608602824,10.831318795681,698.0808135122061,10531.991379310344
1780922872,40,POST,/cart,2.200000,0.000000,31,35,38,40,68,140,150,150,150,150,150,58,0,28,52.83624025318643,18.745601177215576,666.5041847154498,17100.931034482757
1780922872,40,POST,/cart/checkout,1.200000,0.000000,26,27,28,36,42,87,87,87,87,87,87,31,0,26,43.00899392053966,19.294386729598045,132.75807350873947,6809.741935483871
1780922872,40,GET,/product/0PUK6V6EV0,0.200000,0.000000,16,16,16,16,16,16,16,16,16,16,16,5,0,16,24.667966179549694,15.32649900764227,58.52794833481312,7960.8
1780922872,40,GET,/product/1YMWWN1N4O,0.000000,0.000000,44,44,44,44,44,44,44,44,44,44,44,3,0,44,54.4185567026337,14.021533541381359,105.04879988729954,8058.666666666667
1780922872,40,GET,/product/2ZYFJ3GM2N,0.400000,0.000000,42,42,74,74,74,74,74,74,74,74,74,8,0,19,32.520656823180616,12.167682871222496,73.80369305610657,8044.375
1780922872,40,GET,/product/66VCHSJNUP,0.200000,0.000000,23,23,23,23,23,23,23,23,23,23,23,4,0,23,43.76859846524894,12.320696376264095,89.01758585125208,8002.25
1780922872,40,GET,/product/6E92ZMYYFZ,0.100000,0.000000,16,16,16,16,16,16,16,16,16,16,16,7,0,18,36.52131171630962,15.380943194031715,71.36896438896656,7952.142857142857
1780922872,40,GET,/product/9SIQT8TOJO,0.200000,0.000000,45,45,52,52,52,52,52,52,52,52,52,9,0,17,32.53163107567363,13.664711266756058,99.29476398974657,7993.666666666667
1780922872,40,GET,/product/L9ECAV7KIM,0.300000,0.000000,15,15,15,19,19,19,19,19,19,19,19,6,0,15,15.389523624132076,10.347440838813782,19.016003236174583,7961.666666666667
1780922872,40,GET,/product/LS4PSXUNUM,0.200000,0.000000,16,16,62,62,62,62,62,62,62,62,62,6,0,16,37.48835111036897,15.22743795067072,98.38776756078005,7989.833333333333
1780922872,40,GET,/product/OLJCESPC7Z,0.400000,0.000000,15,15,15,15,15,15,15,15,15,15,15,10,0,17,33.5848793387413,12.713272124528885,100.98346415907145,7995.0
1780922872,40,,Aggregated,22.900000,0.000000,20,24,28,35,49,68,140,140,180,180,180,611,0,21,45.703770839738766,10.347440838813782,698.0808135122061,10725.713584288053
1780922873,40,GET,/,17.000000,0.000000,18,22,25,29,47,68,81,140,180,180,180,480,0,19,45.68553986997964,10.831318795681,698.0808135122061,10532.375
1780922873,40,POST,/cart,2.300000,0.000000,30,35,38,40,68,140,150,150,150,150,150,59,0,28,52.377993398803774,18.745601177215576,666.5041847154498,17114.305084745763
1780922873,40,POST,/cart/checkout,1.300000,0.000000,25,26,27,28,36,42,42,42,42,42,42,32,0,25,42.36618374125101,19.294386729598045,132.75807350873947,6809.8125
1780922873,40,GET,/product/0PUK6V6EV0,0.200000,0.000000,16,16,16,16,16,16,16,16,16,16,16,5,0,16,24.667966179549694,15.32649900764227,58.52794833481312,7960.8
1780922873,40,GET,/product/1YMWWN1N4O,0.000000,0.000000,44,44,44,44,44,44,44,44,44,44,44,3,0,44,54.4185567026337,14.021533541381359,105.04879988729954,8058.666666666667
1780922873,40,GET,/product/2ZYFJ3GM2N,0.400000,0.000000,19,19,19,19,19,19,19,19,19,19,19,8,0,19,32.520656823180616,12.167682871222496,73.80369305610657,8044.375
1780922873,40,GET,/product/66VCHSJNUP,0.200000,0.000000,23,23,23,23,23,23,23,23,23,23,23,4,0,23,43.76859846524894,12.320696376264095,89.01758585125208,8002.25
1780922873,40,GET,/product/6E92ZMYYFZ,0.100000,0.000000,16,16,16,16,16,16,16,16,16,16,16,7,0,18,36.52131171630962,15.380943194031715,71.36896438896656,7952.142857142857
1780922873,40,GET,/product/9SIQT8TOJO,0.200000,0.000000,45,45,52,52,52,52,52,52,52,52,52,9,0,17,32.53163107567363,13.664711266756058,99.29476398974657,7993.666666666667
1780922873,40,GET,/product/L9ECAV7KIM,0.300000,0.000000,15,15,15,19,19,19,19,19,19,19,19,6,0,15,15.389523624132076,10.347440838813782,19.016003236174583,7961.666666666667
1780922873,40,GET,/product/LS4PSXUNUM,0.200000,0.000000,62,62,62,62,62,62,62,62,62,62,62,6,0,16,37.48835111036897,15.22743795067072,98.38776756078005,7989.833333333333
1780922873,40,GET,/product/OLJCESPC7Z,0.200000,0.000000,15,15,15,15,15,15,15,15,15,15,15,10,0,17,33.5848793387413,12.713272124528885,100.98346415907145,7995.0
1780922873,40,,Aggregated,22.400000,0.000000,20,24,28,34,47,68,140,150,180,180,180,629,0,21,44.98960839551896,10.347440838813782,698.0808135122061,10726.246422893482
1780922874,40,GET,/,16.900000,0.000000,18,21,23,27,45,64,77,92,94,94,94,501,0,19,44.92709620069422,10.831318795681,698.0808135122061,10533.285429141717
1780922874,40,POST,/cart,2.200000,0.000000,30,34,35,38,46,140,150,150,150,150,150,61,0,28,51.78260893301397,18.745601177215576,666.5041847154498,17140.081967213115
1780922874,40,POST,/cart/checkout,1.300000,0.000000,25,26,28,30,36,42,42,42,42,42,42,34,0,25,41.388128719785634,19.294386729598045,132.75807350873947,6808.941176470588
1780922874,40,GET,/product/0PUK6V6EV0,0.100000,0.000000,15,15,16,16,16,16,16,16,16,16,16,6,0,16,22.821488479773205,13.58909998089075,58.52794833481312,7969.5
1780922874,40,GET,/product/1YMWWN1N4O,0.100000,0.000000,94,94,94,94,94,94,94,94,94,94,94,4,0,44,64.35756431892514,14.021533541381359,105.04879988729954,8062.25
1780922874,40,GET,/product/2ZYFJ3GM2N,0.400000,0.000000,19,19,19,19,19,19,19,19,19,19,19,8,0,19,32.520656823180616,12.167682871222496,73.80369305610657,8044.375
1780922874,40,GET,/product/66VCHSJNUP,0.200000,0.000000,23,23,23,23,23,23,23,23,23,23,23,4,0,23,43.76859846524894,12.320696376264095,89.01758585125208,8002.25
1780922874,40,GET,/product/6E92ZMYYFZ,0.200000,0.000000,16,16,16,16,16,16,16,16,16,16,16,7,0,18,36.52131171630962,15.380943194031715,71.36896438896656,7952.142857142857
1780922874,40,GET,/product/9SIQT8TOJO,0.300000,0.000000,23,23,52,52,52,52,52,52,52,52,52,11,0,15,29.340811920436945,13.664711266756058,99.29476398974657,8008.818181818182
1780922874,40,GET,/product/L9ECAV7KIM,0.500000,0.000000,15,15,19,19,19,19,19,19,19,19,19,6,0,15,15.389523624132076,10.347440838813782,19.016003236174583,7961.666666666667
1780922874,40,GET,/product/LS4PSXUNUM,0.200000,0.000000,62,62,62,62,62,62,62,62,62,62,62,6,0,16,37.48835111036897,15.22743795067072,98.38776756078005,7989.833333333333
1780922874,40,GET,/product/OLJCESPC7Z,0.200000,0.000000,15,15,15,15,15,15,15,15,15,15,15,10,0,17,33.5848793387413,12.713272124528885,100.98346415907145,7995.0
1780922874,40,,Aggregated,22.600000,0.000000,19,23,27,33,45,64,92,94,150,150,150,658,0,20,44.278911412566174,10.347440838813782,698.0808135122061,10714.401215805472
1780922875,40,GET,/,16.900000,0.000000,18,20,23,28,47,68,81,93,94,94,94,516,0,19,44.569155296974984,10.831318795681,698.0808135122061,10533.323643410853
1780922875,40,POST,/cart,2.300000,0.000000,31,35,40,42,63,140,150,150,150,150,150,63,0,28,51.80804499439777,18.745601177215576,666.5041847154498,17141.079365079364
1780922875,40,POST,/cart/checkout,1.300000,0.000000,25,26,30,36,37,42,42,42,42,42,42,36,0,25,40.669807051825856,19.294386729598045,132.75807350873947,6808.055555555556
1780922875,40,GET,/product/0PUK6V6EV0,0.100000,0.000000,16,16,16,16,16,16,16,16,16,16,16,6,0,16,22.821488479773205,13.58909998089075,58.52794833481312,7969.5
1780922875,40,GET,/product/1YMWWN1N4O,0.100000,0.000000,94,94,94,94,94,94,94,94,94,94,94,4,0,44,64.35756431892514,14.021533541381359,105.04879988729954,8062.25
1780922875,40,GET,/product/2ZYFJ3GM2N,0.400000,0.000000,19,19,19,19,19,19,19,19,19,19,19,9,0,19,30.55267429186238,12.167682871222496,73.80369305610657,8032.111111111111
1780922875,40,GET,/product/66VCHSJNUP,0.200000,0.000000,16,16,23,23,23,23,23,23,23,23,23,5,0,23,38.219147734344006,12.320696376264095,89.01758585125208,8003.2
1780922875,40,GET,/product/6E92ZMYYFZ,0.200000,0.000000,16,16,16,16,16,16,16,16,16,16,16,7,0,18,36.52131171630962,15.380943194031715,71.36896438896656,7952.142857142857
1780922875,40,GET,/product/9SIQT8TOJO,0.300000,0.000000,23,23,52,52,52,52,52,52,52,52,52,11,0,15,29.340811920436945,13.664711266756058,99.29476398974657,8008.818181818182
1780922875,40,GET,/product/L9ECAV7KIM,0.400000,0.000000,15,15,19,19,19,19,19,19,19,19,19,6,0,15,15.389523624132076,10.347440838813782,19.016003236174583,7961.666666666667
1780922875,40,GET,/product/LS4PSXUNUM,0.200000,0.000000,62,62,62,62,62,62,62,62,62,62,62,6,0,16,37.48835111036897,15.22743795067072,98.38776756078005,7989.833333333333
1780922875,40,GET,/product/OLJCESPC7Z,0.000000,0.000000,15,15,15,15,15,15,15,15,15,15,15,10,0,17,33.5848793387413,12.713272124528885,100.98346415907145,7995.0
1780922875,40,,Aggregated,22.400000,0.000000,19,23,28,35,49,68,93,94,150,150,150,679,0,20,43.91406063643313,10.347440838813782,698.0808135122061,10709.81590574374
1780922876,40,GET,/,16.500000,0.000000,18,19,23,26,47,73,85,93,94,94,94,534,0,19,43.909749731226135,10.831318795681,698.0808135122061,10533.166666666666
1780922876,40,POST,/cart,2.100000,0.000000,31,38,46,46,140,150,150,150,150,150,150,65,0,28,51.35771675178638,18.745601177215576,666.5041847154498,17142.292307692307
1780922876,40,POST,/cart/checkout,1.500000,0.000000,25,28,30,36,37,42,42,42,42,42,42,36,0,25,40.669807051825856,19.294386729598045,132.75807350873947,6808.055555555556
1780922876,40,GET,/product/0PUK6V6EV0,0.100000,0.000000,16,16,23,23,23,23,23,23,23,23,23,7,0,16,22.878710446613177,13.58909998089075,58.52794833481312,7963.0
1780922876,40,GET,/product/1YMWWN1N4O,0.200000,0.000000,44,44,94,94,94,94,94,94,94,94,94,5,0,44,54.541738890111446,14.021533541381359,105.04879988729954,8045.0
1780922876,40,GET,/product/2ZYFJ3GM2N,0.200000,0.000000,19,19,19,19,19,19,19,19,19,19,19,9,0,19,30.55267429186238,12.167682871222496,73.80369305610657,8032.111111111111
1780922876,40,GET,/product/66VCHSJNUP,0.200000,0.000000,16,16,23,23,23,23,23,23,23,23,23,5,0,23,38.219147734344006,12.320696376264095,89.01758585125208,8003.2
1780922876,40,GET,/product/6E92ZMYYFZ,0.200000,0.000000,16,16,16,16,16,16,16,16,16,16,16,7,0,18,36.52131171630962,15.380943194031715,71.36896438896656,7952.142857142857
1780922876,40,GET,/product/9SIQT8TOJO,0.300000,0.000000,15,23,23,52,52,52,52,52,52,52,52,12,0,15,28.01613292346398,13.44466395676136,99.29476398974657,8013.333333333333
1780922876,40,GET,/product/L9ECAV7KIM,0.400000,0.000000,15,15,15,16,16,16,16,16,16,16,16,8,0,15,15.197481727227569,10.347440838813782,19.016003236174583,7966.375
1780922876,40,GET,/product/LS4PSXUNUM,0.200000,0.000000,16,16,62,62,62,62,62,62,62,62,62,7,0,16,34.474350778119906,15.22743795067072,98.38776756078005,7996.714285714285
1780922876,40,GET,/product/OLJCESPC7Z,0.000000,0.000000,15,15,15,15,15,15,15,15,15,15,15,10,0,17,33.5848793387413,12.713272124528885,100.98346415907145,7995.0
1780922876,40,,Aggregated,21.900000,0.000000,18,22,26,32,47,73,93,94,150,150,150,705,0,20,43.17686858699254,10.347440838813782,698.0808135122061,10700.431205673758
1780922877,40,GET,/,16.900000,0.000000,17,19,20,24,45,67,85,93,94,94,94,553,0,19,42.97889148139447,10.831318795681,698.0808135122061,10533.602169981918
1780922877,40,POST,/cart,2.300000,0.000000,28,31,34,42,46,63,63,63,63,63,63,67,0,28,50.56867802710231,18.745601177215576,666.5041847154498,17185.776119402984
1780922877,40,POST,/cart/checkout,1.500000,0.000000,26,28,30,36,37,37,37,37,37,37,37,36,0,25,40.669807051825856,19.294386729598045,132.75807350873947,6808.055555555556
1780922877,40,GET,/product/0PUK6V6EV0,0.200000,0.000000,16,16,23,23,23,23,23,23,23,23,23,8,0,16,21.685605868697166,13.333873823285103,58.52794833481312,7973.0
1780922877,40,GET,/product/1YMWWN1N4O,0.200000,0.000000,44,44,94,94,94,94,94,94,94,94,94,5,0,44,54.541738890111446,14.021533541381359,105.04879988729954,8045.0
1780922877,40,GET,/product/2ZYFJ3GM2N,0.200000,0.000000,19,19,19,19,19,19,19,19,19,19,19,9,0,19,30.55267429186238,12.167682871222496,73.80369305610657,8032.111111111111
1780922877,40,GET,/product/66VCHSJNUP,0.300000,0.000000,16,16,16,16,16,16,16,16,16,16,16,5,0,23,38.219147734344006,12.320696376264095,89.01758585125208,8003.2
1780922877,40,GET,/product/6E92ZMYYFZ,0.100000,0.000000,16,16,16,16,16,16,16,16,16,16,16,7,0,18,36.52131171630962,15.380943194031715,71.36896438896656,7952.142857142857
1780922877,40,GET,/product/9SIQT8TOJO,0.400000,0.000000,15,15,23,23,52,52,52,52,52,52,52,13,0,15,26.94486855314328,13.44466395676136,99.29476398974657,8008.7692307692305
1780922877,40,GET,/product/L9ECAV7KIM,0.400000,0.000000,15,15,15,16,16,16,16,16,16,16,16,8,0,15,15.197481727227569,10.347440838813782,19.016003236174583,7966.375
1780922877,40,GET,/product/LS4PSXUNUM,0.200000,0.000000,16,16,62,62,62,62,62,62,62,62,62,7,0,16,34.474350778119906,15.22743795067072,98.38776756078005,7996.714285714285
1780922877,40,GET,/product/OLJCESPC7Z,0.000000,0.000000,14,14,15,15,15,15,15,15,15,15,15,11,0,17,31.819807619533755,12.713272124528885,100.98346415907145,8001.636363636364
1780922877,40,,Aggregated,22.700000,0.000000,18,20,24,27,45,64,85,93,94,94,94,729,0,20,42.31914332767614,10.347440838813782,698.0808135122061,10707.048010973936
1780922878,40,GET,/,16.700000,0.000000,17,19,20,23,45,67,85,93,94,94,94,568,0,19,42.2962252919654,10.831318795681,698.0808135122061,10533.785211267606
1780922878,40,POST,/cart,2.300000,0.000000,28,31,34,42,46,63,63,63,63,63,63,68,0,28,50.158397116533976,18.745601177215576,666.5041847154498,17175.117647058825
1780922878,40,POST,/cart/checkout,1.500000,0.000000,26,28,30,36,37,37,37,37,37,37,37,36,0,25,40.669807051825856,19.294386729598045,132.75807350873947,6808.055555555556
1780922878,40,GET,/product/0PUK6V6EV0,0.200000,0.000000,16,16,23,23,23,23,23,23,23,23,23,8,0,16,21.685605868697166,13.333873823285103,58.52794833481312,7973.0
1780922878,40,GET,/product/1YMWWN1N4O,0.300000,0.000000,44,44,94,94,94,94,94,94,94,94,94,5,0,44,54.541738890111446,14.021533541381359,105.04879988729954,8045.0
1780922878,40,GET,/product/2ZYFJ3GM2N,0.100000,0.000000,19,19,19,19,19,19,19,19,19,19,19,9,0,19,30.55267429186238,12.167682871222496,73.80369305610657,8032.111111111111
1780922878,40,GET,/product/66VCHSJNUP,0.200000,0.000000,16,16,16,16,16,16,16,16,16,16,16,5,0,23,38.219147734344006,12.320696376264095,89.01758585125208,8003.2
1780922878,40,GET,/product/6E92ZMYYFZ,0.100000,0.000000,16,16,16,16,16,16,16,16,16,16,16,7,0,18,36.52131171630962,15.380943194031715,71.36896438896656,7952.142857142857
1780922878,40,GET,/product/9SIQT8TOJO,0.500000,0.000000,15,15,15,15,23,23,23,23,23,23,23,14,0,15,26.10522841236421,13.44466395676136,99.29476398974657,8015.357142857143
1780922878,40,GET,/product/L9ECAV7KIM,0.600000,0.000000,15,15,15,16,16,16,16,16,16,16,16,8,0,15,15.197481727227569,10.347440838813782,19.016003236174583,7966.375
1780922878,40,GET,/product/LS4PSXUNUM,0.300000,0.000000,16,16,16,16,16,16,16,16,16,16,16,7,0,16,34.474350778119906,15.22743795067072,98.38776756078005,7996.714285714285
1780922878,40,GET,/product/OLJCESPC7Z,0.000000,0.000000,14,14,15,15,15,15,15,15,15,15,15,11,0,17,31.819807619533755,12.713272124528885,100.98346415907145,8001.636363636364
1780922878,40,,Aggregated,22.800000,0.000000,18,20,23,26,44,63,85,93,94,94,94,746,0,20,41.749924859506436,10.347440838813782,698.0808135122061,10707.919571045577
1780922879,40,GET,/,17.100000,0.000000,17,18,20,24,45,68,85,93,94,94,94,585,0,19,41.9764202581639,10.831318795681,698.0808135122061,10534.14358974359
1780922879,40,POST,/cart,2.100000,0.000000,28,34,46,46,66,70,70,70,70,70,70,71,0,28,50.305319044896414,18.745601177215576,666.5041847154498,17285.943661971833
1780922879,40,POST,/cart/checkout,1.300000,0.000000,25,28,30,30,36,37,37,37,37,37,37,39,0,25,39.399272642838646,19.294386729598045,132.75807350873947,6807.717948717948
1780922879,40,GET,/product/0PUK6V6EV0,0.400000,0.000000,14,16,16,23,23,23,23,23,23,23,23,9,0,16,20.819397332767647,13.333873823285103,58.52794833481312,7979.0
1780922879,40,GET,/product/1YMWWN1N4O,0.300000,0.000000,44,44,94,94,94,94,94,94,94,94,94,5,0,44,54.541738890111446,14.021533541381359,105.04879988729954,8045.0
1780922879,40,GET,/product/2ZYFJ3GM2N,0.100000,0.000000,15,15,15,15,15,15,15,15,15,15,15,9,0,19,30.55267429186238,12.167682871222496,73.80369305610657,8032.111111111111
1780922879,40,GET,/product/66VCHSJNUP,0.200000,0.000000,16,16,16,16,16,16,16,16,16,16,16,5,0,23,38.219147734344006,12.320696376264095,89.01758585125208,8003.2
1780922879,40,GET,/product/6E92ZMYYFZ,0.100000,0.000000,16,16,16,16,16,16,16,16,16,16,16,8,0,16,33.631095895543694,13.399585150182247,71.36896438896656,7950.5
1780922879,40,GET,/product/9SIQT8TOJO,0.500000,0.000000,15,15,15,15,23,23,23,23,23,23,23,14,0,15,26.10522841236421,13.44466395676136,99.29476398974657,8015.357142857143
1780922879,40,GET,/product/L9ECAV7KIM,0.500000,0.000000,15,15,16,16,16,16,16,16,16,16,16,8,0,15,15.197481727227569,10.347440838813782,19.016003236174583,7966.375
1780922879,40,GET,/product/LS4PSXUNUM,0.300000,0.000000,16,16,16,16,16,16,16,16,16,16,16,7,0,16,34.474350778119906,15.22743795067072,98.38776756078005,7996.714285714285
1780922879,40,GET,/product/OLJCESPC7Z,0.100000,0.000000,15,15,15,15,15,15,15,15,15,15,15,12,0,15,30.393400772785146,12.713272124528885,100.98346415907145,8008.5
1780922879,40,,Aggregated,23.000000,0.000000,18,20,24,27,46,68,85,93,94,94,94,772,0,20,41.38957421956439,10.347440838813782,698.0808135122061,10714.050518134714
1780922880,40,GET,/,17.200000,0.000000,17,18,20,24,45,68,85,93,94,94,94,599,0,19,41.43389287048668,10.831318795681,698.0808135122061,10534.066777963271
1780922880,40,POST,/cart,1.800000,0.000000,27,42,46,46,66,70,70,70,70,70,70,75,0,28,49.11618476112684,18.745601177215576,666.5041847154498,17299.706666666665
1780922880,40,POST,/cart/checkout,1.000000,0.000000,24,25,29,30,37,37,37,37,37,37,37,39,0,25,39.399272642838646,19.294386729598045,132.75807350873947,6807.717948717948
1780922880,40,GET,/product/0PUK6V6EV0,0.400000,0.000000,14,16,16,23,23,23,23,23,23,23,23,9,0,16,20.819397332767647,13.333873823285103,58.52794833481312,7979.0
1780922880,40,GET,/product/1YMWWN1N4O,0.300000,0.000000,44,44,94,94,94,94,94,94,94,94,94,5,0,44,54.541738890111446,14.021533541381359,105.04879988729954,8045.0
1780922880,40,GET,/product/2ZYFJ3GM2N,0.100000,0.000000,15,15,15,15,15,15,15,15,15,15,15,9,0,19,30.55267429186238,12.167682871222496,73.80369305610657,8032.111111111111
1780922880,40,GET,/product/66VCHSJNUP,0.200000,0.000000,16,16,16,16,16,16,16,16,16,16,16,5,0,23,38.219147734344006,12.320696376264095,89.01758585125208,8003.2
1780922880,40,GET,/product/6E92ZMYYFZ,0.100000,0.000000,16,16,62,62,62,62,62,62,62,62,62,9,0,18,36.78625656498803,13.399585150182247,71.36896438896656,7950.777777777777
1780922880,40,GET,/product/9SIQT8TOJO,0.500000,0.000000,15,15,15,15,23,23,23,23,23,23,23,14,0,15,26.10522841236421,13.44466395676136,99.29476398974657,8015.357142857143
1780922880,40,GET,/product/L9ECAV7KIM,0.400000,0.000000,15,15,16,16,16,16,16,16,16,16,16,8,0,15,15.197481727227569,10.347440838813782,19.016003236174583,7966.375
1780922880,40,GET,/product/LS4PSXUNUM,0.300000,0.000000,16,16,16,16,16,16,16,16,16,16,16,7,0,16,34.474350778119906,15.22743795067072,98.38776756078005,7996.714285714285
1780922880,40,GET,/product/OLJCESPC7Z,0.100000,0.000000,15,15,15,15,15,15,15,15,15,15,15,12,0,15,30.393400772785146,12.713272124528885,100.98346415907145,8008.5
1780922880,40,,Aggregated,22.400000,0.000000,17,20,24,26,46,68,85,93,94,94,94,791,0,20,40.94754870128541,10.347440838813782,698.0808135122061,10741.85587863464
1780922881,40,GET,/,17.000000,0.000000,17,19,23,25,47,69,85,93,94,94,94,620,0,19,40.99471714017132,10.831318795681,698.0808135122061,10534.601612903225
1780922881,40,POST,/cart,2.000000,0.000000,28,42,46,46,63,66,70,70,70,70,70,79,0,28,48.43651490356726,18.745601177215576,666.5041847154498,17293.67088607595
1780922881,40,POST,/cart/checkout,1.200000,0.000000,23,25,29,30,37,37,37,37,37,37,37,41,0,25,38.65183919395616,19.294386729598045,132.75807350873947,6808.073170731707
1780922881,40,GET,/product/0PUK6V6EV0,0.500000,0.000000,14,14,23,23,23,23,23,23,23,23,23,9,0,16,20.819397332767647,13.333873823285103,58.52794833481312,7979.0
1780922881,40,GET,/product/1YMWWN1N4O,0.300000,0.000000,44,44,94,94,94,94,94,94,94,94,94,6,0,20,48.717711896946035,14.021533541381359,105.04879988729954,8045.0
1780922881,40,GET,/product/2ZYFJ3GM2N,0.100000,0.000000,15,15,15,15,15,15,15,15,15,15,15,9,0,19,30.55267429186238,12.167682871222496,73.80369305610657,8032.111111111111
1780922881,40,GET,/product/66VCHSJNUP,0.200000,0.000000,16,16,16,16,16,16,16,16,16,16,16,5,0,23,38.219147734344006,12.320696376264095,89.01758585125208,8003.2
1780922881,40,GET,/product/6E92ZMYYFZ,0.200000,0.000000,62,62,73,73,73,73,73,73,73,73,73,10,0,18,40.418870002031326,13.399585150182247,73.11239093542099,7957.9
1780922881,40,GET,/product/9SIQT8TOJO,0.600000,0.000000,15,15,23,23,25,25,25,25,25,25,25,15,0,15,26.011984733243782,13.44466395676136,99.29476398974657,8012.333333333333
1780922881,40,GET,/product/L9ECAV7KIM,0.400000,0.000000,15,16,16,37,37,37,37,37,37,37,37,9,0,15,17.61053895784749,10.347440838813782,36.914996802806854,7968.333333333333
1780922881,40,GET,/product/LS4PSXUNUM,0.200000,0.000000,16,16,16,16,16,16,16,16,16,16,16,7,0,16,34.474350778119906,15.22743795067072,98.38776756078005,7996.714285714285
1780922881,40,GET,/product/OLJCESPC7Z,0.200000,0.000000,15,15,15,15,15,15,15,15,15,15,15,12,0,15,30.393400772785146,12.713272124528885,100.98346415907145,8008.5
1780922881,40,,Aggregated,22.900000,0.000000,18,22,25,34,51,69,85,93,94,94,94,822,0,20,40.55059604899654,10.347440838813782,698.0808135122061,10745.411192214113
1780922882,40,GET,/,16.400000,0.000000,17,20,24,35,51,71,85,93,94,94,94,633,0,19,40.850121413150106,10.831318795681,698.0808135122061,10535.278041074249
1780922882,40,POST,/cart,2.200000,0.000000,28,46,46,57,66,70,70,70,70,70,70,79,0,28,48.43651490356726,18.745601177215576,666.5041847154498,17293.67088607595
1780922882,40,POST,/cart/checkout,1.200000,0.000000,25,29,30,34,37,37,37,37,37,37,37,42,0,25,38.540761895655166,19.294386729598045,132.75807350873947,6807.785714285715
1780922882,40,GET,/product/0PUK6V6EV0,0.400000,0.000000,14,14,23,23,23,23,23,23,23,23,23,9,0,16,20.819397332767647,13.333873823285103,58.52794833481312,7979.0
1780922882,40,GET,/product/1YMWWN1N4O,0.300000,0.000000,20,20,94,94,94,94,94,94,94,94,94,6,0,20,48.717711896946035,14.021533541381359,105.04879988729954,8045.0
1780922882,40,GET,/product/2ZYFJ3GM2N,0.100000,0.000000,15,15,15,15,15,15,15,15,15,15,15,9,0,19,30.55267429186238,12.167682871222496,73.80369305610657,8032.111111111111
1780922882,40,GET,/product/66VCHSJNUP,0.100000,0.000000,16,16,16,16,16,16,16,16,16,16,16,5,0,23,38.219147734344006,12.320696376264095,89.01758585125208,8003.2
1780922882,40,GET,/product/6E92ZMYYFZ,0.200000,0.000000,17,62,62,73,73,73,73,73,73,73,73,11,0,18,38.25327220626853,13.399585150182247,73.11239093542099,7965.181818181818
1780922882,40,GET,/product/9SIQT8TOJO,0.600000,0.000000,15,15,15,15,25,25,25,25,25,25,25,15,0,15,26.011984733243782,13.44466395676136,99.29476398974657,8012.333333333333
1780922882,40,GET,/product/L9ECAV7KIM,0.400000,0.000000,15,16,16,37,37,37,37,37,37,37,37,9,0,15,17.61053895784749,10.347440838813782,36.914996802806854,7968.333333333333
1780922882,40,GET,/product/LS4PSXUNUM,0.100000,0.000000,16,16,16,16,16,16,16,16,16,16,16,7,0,16,34.474350778119906,15.22743795067072,98.38776756078005,7996.714285714285
1780922882,40,GET,/product/OLJCESPC7Z,0.200000,0.000000,15,15,38,38,38,38,38,38,38,38,38,14,0,15,29.852209546204126,12.713272124528885,100.98346415907145,8009.785714285715
1780922882,40,,Aggregated,22.200000,0.000000,18,23,28,37,52,70,85,93,94,94,94,839,0,20,40.37876780831984,10.347440838813782,698.0808135122061,10728.218116805721
1780922883,40,GET,/,17.100000,0.000000,18,22,31,37,54,68,74,85,93,93,93,660,0,19,40.54273749334794,10.831318795681,698.0808135122061,10535.548484848485
1780922883,40,POST,/cart,2.300000,0.000000,28,45,46,57,66,70,70,70,70,70,70,80,0,28,48.39722977485508,18.745601177215576,666.5041847154498,17301.3
1780922883,40,POST,/cart/checkout,1.200000,0.000000,25,29,34,37,39,39,39,39,39,39,39,43,0,25,38.55991084128618,19.294386729598045,132.75807350873947,6807.441860465116
1780922883,40,GET,/product/0PUK6V6EV0,0.400000,0.000000,14,14,23,23,23,23,23,23,23,23,23,9,0,16,20.819397332767647,13.333873823285103,58.52794833481312,7979.0
1780922883,40,GET,/product/1YMWWN1N4O,0.400000,0.000000,40,40,94,94,94,94,94,94,94,94,94,7,0,40,47.40315516080175,14.021533541381359,105.04879988729954,8034.571428571428
1780922883,40,GET,/product/2ZYFJ3GM2N,0.100000,0.000000,15,15,15,15,15,15,15,15,15,15,15,9,0,19,30.55267429186238,12.167682871222496,73.80369305610657,8032.111111111111
1780922883,40,GET,/product/66VCHSJNUP,0.100000,0.000000,16,16,16,16,16,16,16,16,16,16,16,5,0,23,38.219147734344006,12.320696376264095,89.01758585125208,8003.2
1780922883,40,GET,/product/6E92ZMYYFZ,0.400000,0.000000,17,62,62,73,73,73,73,73,73,73,73,11,0,18,38.25327220626853,13.399585150182247,73.11239093542099,7965.181818181818
1780922883,40,GET,/product/9SIQT8TOJO,0.700000,0.000000,15,15,15,15,25,25,25,25,25,25,25,16,0,15,25.284062896389514,13.44466395676136,99.29476398974657,8014.5
1780922883,40,GET,/product/L9ECAV7KIM,0.500000,0.000000,17,17,37,37,37,37,37,37,37,37,37,10,0,15,17.549293395131826,10.347440838813782,36.914996802806854,7976.4
1780922883,40,GET,/product/LS4PSXUNUM,0.100000,0.000000,16,16,16,16,16,16,16,16,16,16,16,8,0,16,32.03943301923573,14.995008707046509,98.38776756078005,7987.5
1780922883,40,GET,/product/OLJCESPC7Z,0.200000,0.000000,15,16,16,38,38,38,38,38,38,38,38,15,0,16,28.90913641701142,12.713272124528885,100.98346415907145,8012.333333333333
1780922883,40,,Aggregated,23.500000,0.000000,19,24,32,38,54,66,73,81,93,93,93,873,0,20,40.05052028426566,10.347440838813782,698.0808135122061,10710.586483390607
1780922884,40,GET,/,16.800000,0.000000,18,22,31,37,54,69,74,85,93,93,93,669,0,19,40.26496245822297,10.831318795681,698.0808135122061,10535.72197309417
1780922884,40,POST,/cart,2.200000,0.000000,26,37,46,46,66,70,74,74,74,74,74,84,0,27,47.804822358081026,18.6118483543396,666.5041847154498,17379.761904761905
1780922884,40,POST,/cart/checkout,1.000000,0.000000,23,29,34,34,37,39,39,39,39,39,39,45,0,25,37.72219562282165,18.310153856873512,132.75807350873947,6807.4
1780922884,40,GET,/product/0PUK6V6EV0,0.400000,0.000000,14,14,23,23,23,23,23,23,23,23,23,9,0,16,20.819397332767647,13.333873823285103,58.52794833481312,7979.0
1780922884,40,GET,/product/1YMWWN1N4O,0.300000,0.000000,20,20,40,40,40,40,40,40,40,40,40,7,0,40,47.40315516080175,14.021533541381359,105.04879988729954,8034.571428571428
1780922884,40,GET,/product/2ZYFJ3GM2N,0.100000,0.000000,15,15,15,15,15,15,15,15,15,15,15,10,0,18,28.65164615213871,11.542392894625664,73.80369305610657,8036.2
1780922884,40,GET,/product/66VCHSJNUP,0.100000,0.000000,16,16,16,16,16,16,16,16,16,16,16,5,0,23,38.219147734344006,12.320696376264095,89.01758585125208,8003.2
1780922884,40,GET,/product/6E92ZMYYFZ,0.400000,0.000000,62,62,73,73,73,73,73,73,73,73,73,11,0,18,38.25327220626853,13.399585150182247,73.11239093542099,7965.181818181818
1780922884,40,GET,/product/9SIQT8TOJO,0.600000,0.000000,14,15,15,25,25,25,25,25,25,25,25,16,0,15,25.284062896389514,13.44466395676136,99.29476398974657,8014.5
1780922884,40,GET,/product/L9ECAV7KIM,0.300000,0.000000,17,17,37,37,37,37,37,37,37,37,37,10,0,15,17.549293395131826,10.347440838813782,36.914996802806854,7976.4
1780922884,40,GET,/product/LS4PSXUNUM,0.100000,0.000000,16,16,16,16,16,16,16,16,16,16,16,8,0,16,32.03943301923573,14.995008707046509,98.38776756078005,7987.5
1780922884,40,GET,/product/OLJCESPC7Z,0.300000,0.000000,15,16,16,38,38,38,38,38,38,38,38,15,0,16,28.90913641701142,12.713272124528885,100.98346415907145,8012.333333333333
1780922884,40,,Aggregated,22.600000,0.000000,19,24,31,37,54,69,74,81,93,93,93,889,0,20,39.750223929068774,10.347440838813782,698.0808135122061,10734.263217097863
1780922885,40,GET,/,17.400000,0.000000,18,22,25,32,47,63,69,73,81,81,81,689,0,19,39.715691310108916,10.831318795681,698.0808135122061,10536.207547169812
1780922885,40,POST,/cart,2.000000,0.000000,26,29,45,46,66,70,74,74,74,74,74,86,0,27,47.289569147450976,18.6118483543396,666.5041847154498,17375.023255813954
1780922885,40,POST,/cart/checkout,1.100000,0.000000,23,29,34,34,37,39,39,39,39,39,39,45,0,25,37.72219562282165,18.310153856873512,132.75807350873947,6807.4
1780922885,40,GET,/product/0PUK6V6EV0,0.400000,0.000000,14,14,23,23,23,23,23,23,23,23,23,10,0,15,19.979480654001236,12.42023054510355,58.52794833481312,7976.9
1780922885,40,GET,/product/1YMWWN1N4O,0.400000,0.000000,20,20,40,40,40,40,40,40,40,40,40,7,0,40,47.40315516080175,14.021533541381359,105.04879988729954,8034.571428571428
1780922885,40,GET,/product/2ZYFJ3GM2N,0.100000,0.000000,15,15,15,15,15,15,15,15,15,15,15,10,0,18,28.65164615213871,11.542392894625664,73.80369305610657,8036.2
1780922885,40,GET,/product/66VCHSJNUP,0.100000,0.000000,50,50,50,50,50,50,50,50,50,50,50,6,0,23,40.211993269622326,12.320696376264095,89.01758585125208,8009.833333333333
1780922885,40,GET,/product/6E92ZMYYFZ,0.400000,0.000000,35,35,62,62,73,73,73,73,73,73,73,13,0,19,36.57515511776392,13.399585150182247,73.11239093542099,7975.7692307692305
1780922885,40,GET,/product/9SIQT8TOJO,0.700000,0.000000,15,25,25,26,26,26,26,26,26,26,26,17,0,15,25.348841650959322,13.44466395676136,99.29476398974657,8019.35294117647
1780922885,40,GET,/product/L9ECAV7KIM,0.300000,0.000000,17,17,37,37,37,37,37,37,37,37,37,10,0,15,17.549293395131826,10.347440838813782,36.914996802806854,7976.4
1780922885,40,GET,/product/LS4PSXUNUM,0.200000,0.000000,16,16,16,16,16,16,16,16,16,16,16,8,0,16,32.03943301923573,14.995008707046509,98.38776756078005,7987.5
1780922885,40,GET,/product/OLJCESPC7Z,0.500000,0.000000,15,16,16,38,38,38,38,38,38,38,38,15,0,16,28.90913641701142,12.713272124528885,100.98346415907145,8012.333333333333
1780922885,40,,Aggregated,23.600000,0.000000,19,24,29,36,50,65,71,73,81,81,81,916,0,20,39.257392079841885,10.347440838813782,698.0808135122061,10729.61462882096
1780922886,40,GET,/,17.400000,0.000000,19,23,25,32,51,65,69,73,81,81,81,703,0,19,39.39541435640194,10.831318795681,698.0808135122061,10536.479374110953
1780922886,40,POST,/cart,2.000000,0.000000,26,32,46,57,66,70,74,74,74,74,74,89,0,28,47.052842313737685,18.6118483543396,666.5041847154498,17456.494382022473
1780922886,40,POST,/cart/checkout,1.000000,0.000000,25,26,29,34,39,39,39,39,39,39,39,46,0,25,37.463330947186634,18.310153856873512,132.75807350873947,6807.347826086957
1780922886,40,GET,/product/0PUK6V6EV0,0.400000,0.000000,14,14,15,15,23,23,23,23,23,23,23,12,0,15,19.085754019518692,12.42023054510355,58.52794833481312,7990.916666666667
1780922886,40,GET,/product/1YMWWN1N4O,0.300000,0.000000,20,20,40,40,40,40,40,40,40,40,40,7,0,40,47.40315516080175,14.021533541381359,105.04879988729954,8034.571428571428
1780922886,40,GET,/product/2ZYFJ3GM2N,0.100000,0.000000,15,15,15,15,15,15,15,15,15,15,15,10,0,18,28.65164615213871,11.542392894625664,73.80369305610657,8036.2
1780922886,40,GET,/product/66VCHSJNUP,0.100000,0.000000,50,50,50,50,50,50,50,50,50,50,50,6,0,23,40.211993269622326,12.320696376264095,89.01758585125208,8009.833333333333
1780922886,40,GET,/product/6E92ZMYYFZ,0.400000,0.000000,35,35,62,62,73,73,73,73,73,73,73,13,0,19,36.57515511776392,13.399585150182247,73.11239093542099,7975.7692307692305
1780922886,40,GET,/product/9SIQT8TOJO,0.600000,0.000000,15,15,25,25,26,26,26,26,26,26,26,18,0,15,24.791626311424707,13.44466395676136,99.29476398974657,8022.555555555556
1780922886,40,GET,/product/L9ECAV7KIM,0.400000,0.000000,17,17,37,37,37,37,37,37,37,37,37,10,0,15,17.549293395131826,10.347440838813782,36.914996802806854,7976.4
1780922886,40,GET,/product/LS4PSXUNUM,0.200000,0.000000,16,16,16,16,16,16,16,16,16,16,16,8,0,16,32.03943301923573,14.995008707046509,98.38776756078005,7987.5
1780922886,40,GET,/product/OLJCESPC7Z,0.500000,0.000000,15,16,16,38,38,38,38,38,38,38,38,15,0,16,28.90913641701142,12.713272124528885,100.98346415907145,8012.333333333333
1780922886,40,,Aggregated,23.400000,0.000000,20,25,31,37,52,65,71,73,81,81,81,937,0,20,38.9346891910776,10.347440838813782,698.0808135122061,10743.228388473854
1780922887,40,GET,/,16.800000,0.000000,20,23,28,32,51,65,69,73,81,81,81,717,0,19,39.01013486591302,10.831318795681,698.0808135122061,10537.114365411437
1780922887,40,POST,/cart,2.300000,0.000000,29,37,46,57,66,70,74,74,74,74,74,90,0,28,46.91906354079644,18.6118483543396,666.5041847154498,17492.666666666668
1780922887,40,POST,/cart/checkout,0.900000,0.000000,25,26,28,29,34,39,39,39,39,39,39,49,0,25,36.688667855092454,18.310153856873512,132.75807350873947,6806.734693877551
1780922887,40,GET,/product/0PUK6V6EV0,0.300000,0.000000,14,14,15,15,15,15,15,15,15,15,15,12,0,15,19.085754019518692,12.42023054510355,58.52794833481312,7990.916666666667
1780922887,40,GET,/product/1YMWWN1N4O,0.300000,0.000000,40,40,40,40,40,40,40,40,40,40,40,7,0,40,47.40315516080175,14.021533541381359,105.04879988729954,8034.571428571428
1780922887,40,GET,/product/2ZYFJ3GM2N,0.100000,0.000000,15,15,15,15,15,15,15,15,15,15,15,10,0,18,28.65164615213871,11.542392894625664,73.80369305610657,8036.2
1780922887,40,GET,/product/66VCHSJNUP,0.100000,0.000000,50,50,50,50,50,50,50,50,50,50,50,6,0,23,40.211993269622326,12.320696376264095,89.01758585125208,8009.833333333333
1780922887,40,GET,/product/6E92ZMYYFZ,0.600000,0.000000,35,38,62,62,73,73,73,73,73,73,73,15,0,19,35.44599643598,13.399585150182247,73.11239093542099,7982.2
1780922887,40,GET,/product/9SIQT8TOJO,0.500000,0.000000,20,20,25,25,26,26,26,26,26,26,26,19,0,15,24.543228804280883,13.44466395676136,99.29476398974657,8024.263157894737
1780922887,40,GET,/product/L9ECAV7KIM,0.400000,0.000000,37,37,37,37,37,37,37,37,37,37,37,10,0,15,17.549293395131826,10.347440838813782,36.914996802806854,7976.4
1780922887,40,GET,/product/LS4PSXUNUM,0.200000,0.000000,16,16,16,16,16,16,16,16,16,16,16,8,0,16,32.03943301923573,14.995008707046509,98.38776756078005,7987.5
1780922887,40,GET,/product/OLJCESPC7Z,0.500000,0.000000,16,16,38,38,38,38,38,38,38,38,38,15,0,16,28.90913641701142,12.713272124528885,100.98346415907145,8012.333333333333
1780922887,40,,Aggregated,23.000000,0.000000,21,25,32,37,52,65,71,73,81,81,81,958,0,20,38.56244617548143,10.347440838813782,698.0808135122061,10730.248434237996
1780922888,40,GET,/,16.900000,0.000000,20,23,28,32,47,65,69,73,81,81,81,733,0,19,38.63294304082981,10.831318795681,698.0808135122061,10537.133697135061
1780922888,40,POST,/cart,2.300000,0.000000,29,35,45,46,57,70,74,74,74,74,74,92,0,28,46.333249638100035,17.79153198003769,666.5041847154498,17501.217391304348
1780922888,40,POST,/cart/checkout,1.000000,0.000000,25,28,29,29,34,39,39,39,39,39,39,50,0,25,36.5364183485508,18.310153856873512,132.75807350873947,6806.54
1780922888,40,GET,/product/0PUK6V6EV0,0.500000,0.000000,14,14,15,15,15,15,15,15,15,15,15,12,0,15,19.085754019518692,12.42023054510355,58.52794833481312,7990.916666666667
1780922888,40,GET,/product/1YMWWN1N4O,0.200000,0.000000,40,40,40,40,40,40,40,40,40,40,40,7,0,40,47.40315516080175,14.021533541381359,105.04879988729954,8034.571428571428
1780922888,40,GET,/product/2ZYFJ3GM2N,0.100000,0.000000,15,15,15,15,15,15,15,15,15,15,15,10,0,18,28.65164615213871,11.542392894625664,73.80369305610657,8036.2
1780922888,40,GET,/product/66VCHSJNUP,0.100000,0.000000,16,16,50,50,50,50,50,50,50,50,50,7,0,23,36.74109240195581,12.320696376264095,89.01758585125208,8000.714285714285
1780922888,40,GET,/product/6E92ZMYYFZ,0.600000,0.000000,35,38,62,62,73,73,73,73,73,73,73,15,0,19,35.44599643598,13.399585150182247,73.11239093542099,7982.2
1780922888,40,GET,/product/9SIQT8TOJO,0.600000,0.000000,20,20,25,25,26,26,26,26,26,26,26,19,0,15,24.543228804280883,13.44466395676136,99.29476398974657,8024.263157894737
1780922888,40,GET,/product/L9ECAV7KIM,0.200000,0.000000,37,37,37,37,37,37,37,37,37,37,37,10,0,15,17.549293395131826,10.347440838813782,36.914996802806854,7976.4
1780922888,40,GET,/product/LS4PSXUNUM,0.100000,0.000000,15,15,15,15,15,15,15,15,15,15,15,8,0,16,32.03943301923573,14.995008707046509,98.38776756078005,7987.5
1780922888,40,GET,/product/OLJCESPC7Z,0.500000,0.000000,16,16,38,38,38,38,38,38,38,38,38,15,0,16,28.90913641701142,12.713272124528885,100.98346415907145,8012.333333333333
1780922888,40,,Aggregated,23.100000,0.000000,21,25,31,35,50,65,71,73,81,81,81,978,0,20,38.21619541302384,10.347440838813782,698.0808135122061,10734.86809815951
1780922889,40,GET,/,16.600000,0.000000,20,23,25,32,47,61,71,73,81,81,81,745,0,19,38.28102303856371,10.831318795681,698.0808135122061,10537.475167785235
1780922889,40,POST,/cart,2.300000,0.000000,26,32,37,45,57,57,74,74,74,74,74,94,0,27,45.84405151136378,17.79153198003769,666.5041847154498,17539.840425531915
1780922889,40,POST,/cart/checkout,1.200000,0.000000,25,26,28,29,34,39,39,39,39,39,39,54,0,25,35.56050044587917,18.310153856873512,132.75807350873947,6805.166666666667
1780922889,40,GET,/product/0PUK6V6EV0,0.400000,0.000000,14,14,15,15,15,15,15,15,15,15,15,12,0,15,19.085754019518692,12.42023054510355,58.52794833481312,7990.916666666667
1780922889,40,GET,/product/1YMWWN1N4O,0.200000,0.000000,40,40,40,40,40,40,40,40,40,40,40,7,0,40,47.40315516080175,14.021533541381359,105.04879988729954,8034.571428571428
1780922889,40,GET,/product/2ZYFJ3GM2N,0.100000,0.000000,12,12,12,12,12,12,12,12,12,12,12,10,0,18,28.65164615213871,11.542392894625664,73.80369305610657,8036.2
1780922889,40,GET,/product/66VCHSJNUP,0.100000,0.000000,18,18,50,50,50,50,50,50,50,50,50,8,0,18,34.34167103841901,12.320696376264095,89.01758585125208,8002.75
1780922889,40,GET,/product/6E92ZMYYFZ,0.800000,0.000000,35,38,62,62,73,73,73,73,73,73,73,15,0,19,35.44599643598,13.399585150182247,73.11239093542099,7982.2
1780922889,40,GET,/product/9SIQT8TOJO,0.500000,0.000000,20,20,25,25,26,26,26,26,26,26,26,20,0,15,24.049570504575968,13.44466395676136,99.29476398974657,8022.95
1780922889,40,GET,/product/L9ECAV7KIM,0.200000,0.000000,37,37,37,37,37,37,37,37,37,37,37,10,0,15,17.549293395131826,10.347440838813782,36.914996802806854,7976.4
1780922889,40,GET,/product/LS4PSXUNUM,0.100000,0.000000,15,15,15,15,15,15,15,15,15,15,15,8,0,16,32.03943301923573,14.995008707046509,98.38776756078005,7987.5
1780922889,40,GET,/product/OLJCESPC7Z,0.400000,0.000000,16,16,38,38,38,38,38,38,38,38,38,15,0,16,28.90913641701142,12.713272124528885,100.98346415907145,8012.333333333333
1780922889,40,,Aggregated,22.900000,0.000000,21,25,29,32,46,61,71,73,81,81,81,998,0,20,37.82484749003588,10.347440838813782,698.0808135122061,10728.658316633266
1780922890,40,GET,/,16.300000,0.000000,19,22,25,29,44,60,65,73,81,81,81,766,0,19,37.81472285844716,10.831318795681,698.0808135122061,10537.583550913838
1780922890,40,POST,/cart,2.500000,0.000000,26,31,32,35,57,74,74,74,74,74,74,95,0,27,45.61097288602277,17.79153198003769,666.5041847154498,17543.505263157895
1780922890,40,POST,/cart/checkout,1.400000,0.000000,25,26,28,29,34,39,39,39,39,39,39,54,0,25,35.56050044587917,18.310153856873512,132.75807350873947,6805.166666666667
1780922890,40,GET,/product/0PUK6V6EV0,0.400000,0.000000,14,14,15,15,15,15,15,15,15,15,15,12,0,15,19.085754019518692,12.42023054510355,58.52794833481312,7990.916666666667
1780922890,40,GET,/product/1YMWWN1N4O,0.200000,0.000000,40,40,40,40,40,40,40,40,40,40,40,7,0,40,47.40315516080175,14.021533541381359,105.04879988729954,8034.571428571428
1780922890,40,GET,/product/2ZYFJ3GM2N,0.100000,0.000000,12,12,12,12,12,12,12,12,12,12,12,10,0,18,28.65164615213871,11.542392894625664,73.80369305610657,8036.2
1780922890,40,GET,/product/66VCHSJNUP,0.200000,0.000000,18,18,50,50,50,50,50,50,50,50,50,8,0,18,34.34167103841901,12.320696376264095,89.01758585125208,8002.75
1780922890,40,GET,/product/6E92ZMYYFZ,0.800000,0.000000,19,35,35,38,38,38,38,38,38,38,38,15,0,19,35.44599643598,13.399585150182247,73.11239093542099,7982.2
1780922890,40,GET,/product/9SIQT8TOJO,0.600000,0.000000,20,20,25,25,26,26,26,26,26,26,26,20,0,15,24.049570504575968,13.44466395676136,99.29476398974657,8022.95
1780922890,40,GET,/product/L9ECAV7KIM,0.200000,0.000000,23,23,37,37,37,37,37,37,37,37,37,12,0,15,17.82305585220456,10.347440838813782,36.914996802806854,7981.583333333333
1780922890,40,GET,/product/LS4PSXUNUM,0.100000,0.000000,15,15,15,15,15,15,15,15,15,15,15,9,0,16,30.00783320102427,13.755034655332565,98.38776756078005,7992.555555555556
1780922890,40,GET,/product/OLJCESPC7Z,0.400000,0.000000,16,16,38,38,38,38,38,38,38,38,38,15,0,16,28.90913641701142,12.713272124528885,100.98346415907145,8012.333333333333
1780922890,40,,Aggregated,23.200000,0.000000,20,23,26,31,41,55,65,73,81,81,81,1023,0,20,37.411293933461195,10.347440838813782,698.0808135122061,10723.85826001955
1780922891,40,GET,/,15.900000,0.000000,19,22,24,28,44,60,65,73,81,81,81,783,0,19,37.492705324705156,10.831318795681,698.0808135122061,10538.224776500638
1780922891,40,POST,/cart,2.300000,0.000000,26,29,32,35,57,74,74,74,74,74,74,97,0,27,45.15712338586136,17.79153198003769,666.5041847154498,17536.319587628866
1780922891,40,POST,/cart/checkout,1.400000,0.000000,25,27,28,29,34,39,39,39,39,39,39,54,0,25,35.56050044587917,18.310153856873512,132.75807350873947,6805.166666666667
1780922891,40,GET,/product/0PUK6V6EV0,0.300000,0.000000,14,14,15,15,15,15,15,15,15,15,15,12,0,15,19.085754019518692,12.42023054510355,58.52794833481312,7990.916666666667
1780922891,40,GET,/product/1YMWWN1N4O,0.200000,0.000000,40,40,40,40,40,40,40,40,40,40,40,8,0,20,43.32445713225752,14.021533541381359,105.04879988729954,8028.75
1780922891,40,GET,/product/2ZYFJ3GM2N,0.100000,0.000000,17,17,17,17,17,17,17,17,17,17,17,11,0,18,27.559812434694983,11.542392894625664,73.80369305610657,8041.181818181818
1780922891,40,GET,/product/66VCHSJNUP,0.300000,0.000000,18,18,50,50,50,50,50,50,50,50,50,8,0,18,34.34167103841901,12.320696376264095,89.01758585125208,8002.75
1780922891,40,GET,/product/6E92ZMYYFZ,0.700000,0.000000,19,35,35,38,38,38,38,38,38,38,38,15,0,19,35.44599643598,13.399585150182247,73.11239093542099,7982.2
1780922891,40,GET,/product/9SIQT8TOJO,0.600000,0.000000,15,15,20,20,26,26,26,26,26,26,26,21,0,15,23.56368556086506,13.44466395676136,99.29476398974657,8023.9047619047615
1780922891,40,GET,/product/L9ECAV7KIM,0.200000,0.000000,17,17,23,23,23,23,23,23,23,23,23,12,0,15,17.82305585220456,10.347440838813782,36.914996802806854,7981.583333333333
1780922891,40,GET,/product/LS4PSXUNUM,0.100000,0.000000,15,15,15,15,15,15,15,15,15,15,15,9,0,16,30.00783320102427,13.755034655332565,98.38776756078005,7992.555555555556
1780922891,40,GET,/product/OLJCESPC7Z,0.300000,0.000000,16,16,16,16,16,16,16,16,16,16,16,15,0,16,28.90913641701142,12.713272124528885,100.98346415907145,8012.333333333333
1780922891,40,,Aggregated,22.400000,0.000000,19,23,25,29,40,55,65,73,81,81,81,1045,0,20,37.086051512670004,10.347440838813782,698.0808135122061,10725.990430622009
1780922892,40,GET,/,16.600000,0.000000,18,20,23,23,32,41,55,60,66,66,66,798,0,19,37.10900821295896,10.831318795681,698.0808135122061,10538.269423558897
1780922892,40,POST,/cart,2.100000,0.000000,25,29,32,35,45,57,74,74,74,74,74,100,0,27,44.64558890089393,17.542878165841103,666.5041847154498,17547.24
1780922892,40,POST,/cart/checkout,1.500000,0.000000,23,26,27,27,28,29,29,29,29,29,29,54,0,25,35.56050044587917,18.310153856873512,132.75807350873947,6805.166666666667
1780922892,40,GET,/product/0PUK6V6EV0,0.300000,0.000000,14,14,15,15,15,15,15,15,15,15,15,12,0,15,19.085754019518692,12.42023054510355,58.52794833481312,7990.916666666667
1780922892,40,GET,/product/1YMWWN1N4O,0.200000,0.000000,40,40,40,40,40,40,40,40,40,40,40,8,0,20,43.32445713225752,14.021533541381359,105.04879988729954,8028.75
1780922892,40,GET,/product/2ZYFJ3GM2N,0.100000,0.000000,17,17,17,17,17,17,17,17,17,17,17,11,0,18,27.559812434694983,11.542392894625664,73.80369305610657,8041.181818181818
1780922892,40,GET,/product/66VCHSJNUP,0.300000,0.000000,18,18,50,50,50,50,50,50,50,50,50,8,0,18,34.34167103841901,12.320696376264095,89.01758585125208,8002.75
1780922892,40,GET,/product/6E92ZMYYFZ,0.700000,0.000000,35,35,38,38,38,38,38,38,38,38,38,15,0,19,35.44599643598,13.399585150182247,73.11239093542099,7982.2
1780922892,40,GET,/product/9SIQT8TOJO,0.600000,0.000000,15,15,20,20,26,26,26,26,26,26,26,21,0,15,23.56368556086506,13.44466395676136,99.29476398974657,8023.9047619047615
1780922892,40,GET,/product/L9ECAV7KIM,0.300000,0.000000,17,17,23,23,23,23,23,23,23,23,23,12,0,15,17.82305585220456,10.347440838813782,36.914996802806854,7981.583333333333
1780922892,40,GET,/product/LS4PSXUNUM,0.200000,0.000000,15,15,15,15,15,15,15,15,15,15,15,9,0,16,30.00783320102427,13.755034655332565,98.38776756078005,7992.555555555556
1780922892,40,GET,/product/OLJCESPC7Z,0.300000,0.000000,16,16,16,16,16,16,16,16,16,16,16,15,0,16,28.90913641701142,12.713272124528885,100.98346415907145,8012.333333333333
1780922892,40,,Aggregated,23.200000,0.000000,19,22,24,25,32,44,55,60,74,74,74,1063,0,20,36.77840266895401,10.347440838813782,698.0808135122061,10743.621825023518
1780922893,40,GET,/,16.000000,0.000000,18,20,23,25,44,53,83,100,140,140,140,818,0,19,37.291911590051974,10.831318795681,698.0808135122061,10538.834963325184
1780922893,40,POST,/cart,1.700000,0.000000,25,29,32,35,43,57,82,82,82,82,82,103,0,27,44.75082355795555,17.542878165841103,666.5041847154498,17598.95145631068
1780922893,40,POST,/cart/checkout,1.300000,0.000000,23,26,27,27,28,29,29,29,29,29,29,55,0,25,35.28066873550415,18.310153856873512,132.75807350873947,6804.945454545455
1780922893,40,GET,/product/0PUK6V6EV0,0.300000,0.000000,14,14,15,15,15,15,15,15,15,15,15,12,0,15,19.085754019518692,12.42023054510355,58.52794833481312,7990.916666666667
1780922893,40,GET,/product/1YMWWN1N4O,0.200000,0.000000,40,40,40,40,40,40,40,40,40,40,40,8,0,20,43.32445713225752,14.021533541381359,105.04879988729954,8028.75
1780922893,40,GET,/product/2ZYFJ3GM2N,0.200000,0.000000,17,17,78,78,78,78,78,78,78,78,78,12,0,18,31.777158301944535,11.542392894625664,78.16796284168959,8043.833333333333
1780922893,40,GET,/product/66VCHSJNUP,0.300000,0.000000,18,18,50,50,50,50,50,50,50,50,50,9,0,18,32.07899257540703,12.320696376264095,89.01758585125208,7996.222222222223
1780922893,40,GET,/product/6E92ZMYYFZ,0.500000,0.000000,19,35,35,38,38,38,38,38,38,38,38,16,0,19,34.09152594394982,13.399585150182247,73.11239093542099,7983.6875
1780922893,40,GET,/product/9SIQT8TOJO,0.500000,0.000000,20,20,26,26,120,120,120,120,120,120,120,22,0,15,28.142826335335318,13.44466395676136,124.30478259921074,8012.863636363636
1780922893,40,GET,/product/L9ECAV7KIM,0.300000,0.000000,23,23,42,42,42,42,42,42,42,42,42,13,0,16,19.68255302367302,10.347440838813782,41.99651908129454,7979.307692307692
1780922893,40,GET,/product/LS4PSXUNUM,0.200000,0.000000,15,15,15,15,15,15,15,15,15,15,15,10,0,16,28.490855637937784,13.755034655332565,98.38776756078005,7996.7
1780922893,40,GET,/product/OLJCESPC7Z,0.300000,0.000000,16,16,16,16,16,16,16,16,16,16,16,15,0,16,28.90913641701142,12.713272124528885,100.98346415907145,8012.333333333333
1780922893,40,,Aggregated,21.800000,0.000000,19,23,25,27,44,55,82,100,140,140,140,1093,0,20,36.99839177685436,10.347440838813782,698.0808135122061,10744.967063129003
1780922894,40,GET,/,15.900000,0.000000,18,20,23,25,45,55,83,110,140,140,140,835,0,19,37.08748824247522,10.831318795681,698.0808135122061,10539.08982035928
1780922894,40,POST,/cart,2.100000,0.000000,25,32,35,39,57,82,82,82,82,82,82,103,0,27,44.75082355795555,17.542878165841103,666.5041847154498,17598.95145631068
1780922894,40,POST,/cart/checkout,1.300000,0.000000,25,26,27,28,29,29,29,29,29,29,29,55,0,25,35.28066873550415,18.310153856873512,132.75807350873947,6804.945454545455
1780922894,40,GET,/product/0PUK6V6EV0,0.300000,0.000000,14,14,15,15,15,15,15,15,15,15,15,13,0,15,18.56772623096521,12.351392768323421,58.52794833481312,7994.7692307692305
1780922894,40,GET,/product/1YMWWN1N4O,0.200000,0.000000,40,40,40,40,40,40,40,40,40,40,40,8,0,20,43.32445713225752,14.021533541381359,105.04879988729954,8028.75
1780922894,40,GET,/product/2ZYFJ3GM2N,0.200000,0.000000,17,17,78,78,78,78,78,78,78,78,78,12,0,18,31.777158301944535,11.542392894625664,78.16796284168959,8043.833333333333
1780922894,40,GET,/product/66VCHSJNUP,0.300000,0.000000,18,18,50,50,50,50,50,50,50,50,50,9,0,18,32.07899257540703,12.320696376264095,89.01758585125208,7996.222222222223
1780922894,40,GET,/product/6E92ZMYYFZ,0.400000,0.000000,19,19,35,35,38,38,38,38,38,38,38,17,0,19,32.871980877483594,13.359259814023972,73.11239093542099,7986.764705882353
1780922894,40,GET,/product/9SIQT8TOJO,0.600000,0.000000,20,20,26,26,120,120,120,120,120,120,120,22,0,15,28.142826335335318,13.44466395676136,124.30478259921074,8012.863636363636
1780922894,40,GET,/product/L9ECAV7KIM,0.300000,0.000000,23,23,42,42,42,42,42,42,42,42,42,13,0,16,19.68255302367302,10.347440838813782,41.99651908129454,7979.307692307692
1780922894,40,GET,/product/LS4PSXUNUM,0.200000,0.000000,15,15,75,75,75,75,75,75,75,75,75,11,0,16,32.70047403533351,13.755034655332565,98.38776756078005,8001.0
1780922894,40,GET,/product/OLJCESPC7Z,0.200000,0.000000,16,16,16,16,16,16,16,16,16,16,16,15,0,16,28.90913641701142,12.713272124528885,100.98346415907145,8012.333333333333
1780922894,40,,Aggregated,22.000000,0.000000,19,22,25,27,45,66,83,110,140,140,140,1113,0,20,36.84008852156132,10.347440838813782,698.0808135122061,10734.719676549865
1780922895,40,GET,/,15.900000,0.000000,17,19,22,25,45,55,100,110,140,140,140,847,0,19,36.78587776605467,10.831318795681,698.0808135122061,10539.36481700118
1780922895,40,POST,/cart,2.200000,0.000000,24,27,32,35,43,82,82,82,82,82,82,105,0,27,44.38176637604123,17.542878165841103,666.5041847154498,17645.266666666666
1780922895,40,POST,/cart/checkout,1.100000,0.000000,22,25,27,27,28,29,29,29,29,29,29,57,0,25,34.81917674734927,18.310153856873512,132.75807350873947,6804.473684210527
1780922895,40,GET,/product/0PUK6V6EV0,0.300000,0.000000,14,14,14,14,14,14,14,14,14,14,14,13,0,15,18.56772623096521,12.351392768323421,58.52794833481312,7994.7692307692305
1780922895,40,GET,/product/1YMWWN1N4O,0.100000,0.000000,40,40,40,40,40,40,40,40,40,40,40,8,0,20,43.32445713225752,14.021533541381359,105.04879988729954,8028.75
1780922895,40,GET,/product/2ZYFJ3GM2N,0.200000,0.000000,17,17,78,78,78,78,78,78,78,78,78,12,0,18,31.777158301944535,11.542392894625664,78.16796284168959,8043.833333333333
1780922895,40,GET,/product/66VCHSJNUP,0.400000,0.000000,16,16,18,18,18,18,18,18,18,18,18,9,0,18,32.07899257540703,12.320696376264095,89.01758585125208,7996.222222222223
1780922895,40,GET,/product/6E92ZMYYFZ,0.500000,0.000000,19,19,38,38,38,38,38,38,38,38,38,17,0,19,32.871980877483594,13.359259814023972,73.11239093542099,7986.764705882353
1780922895,40,GET,/product/9SIQT8TOJO,0.500000,0.000000,20,20,26,26,120,120,120,120,120,120,120,22,0,15,28.142826335335318,13.44466395676136,124.30478259921074,8012.863636363636
1780922895,40,GET,/product/L9ECAV7KIM,0.400000,0.000000,23,23,42,42,42,42,42,42,42,42,42,13,0,16,19.68255302367302,10.347440838813782,41.99651908129454,7979.307692307692
1780922895,40,GET,/product/LS4PSXUNUM,0.200000,0.000000,15,15,75,75,75,75,75,75,75,75,75,11,0,16,32.70047403533351,13.755034655332565,98.38776756078005,8001.0
1780922895,40,GET,/product/OLJCESPC7Z,0.000000,0.000000,16,16,16,16,16,16,16,16,16,16,16,15,0,16,28.90913641701142,12.713272124528885,100.98346415907145,8012.333333333333
1780922895,40,,Aggregated,21.800000,0.000000,18,22,24,27,45,66,100,120,140,140,140,1129,0,20,36.5700719637204,10.347440838813782,698.0808135122061,10742.32860938884
1780922896,40,GET,/,15.700000,0.000000,17,19,21,23,45,55,83,110,140,140,140,864,0,19,36.4458036621929,10.831318795681,698.0808135122061,10539.706018518518
1780922896,40,POST,/cart,2.200000,0.000000,24,26,27,28,43,82,82,82,82,82,82,109,0,27,43.63708625282716,17.542878165841103,666.5041847154498,17614.330275229357
1780922896,40,POST,/cart/checkout,1.100000,0.000000,22,22,23,27,29,29,29,29,29,29,29,57,0,25,34.81917674734927,18.310153856873512,132.75807350873947,6804.473684210527
1780922896,40,GET,/product/0PUK6V6EV0,0.300000,0.000000,14,14,14,14,14,14,14,14,14,14,14,13,0,15,18.56772623096521,12.351392768323421,58.52794833481312,7994.7692307692305
1780922896,40,GET,/product/1YMWWN1N4O,0.100000,0.000000,15,15,15,15,15,15,15,15,15,15,15,8,0,20,43.32445713225752,14.021533541381359,105.04879988729954,8028.75
1780922896,40,GET,/product/2ZYFJ3GM2N,0.300000,0.000000,17,17,78,78,78,78,78,78,78,78,78,13,0,18,30.601009368323364,11.542392894625664,78.16796284168959,8047.923076923077
1780922896,40,GET,/product/66VCHSJNUP,0.400000,0.000000,18,18,42,42,42,42,42,42,42,42,42,10,0,18,33.11840733513236,12.320696376264095,89.01758585125208,7990.4
1780922896,40,GET,/product/6E92ZMYYFZ,0.500000,0.000000,19,19,38,38,38,38,38,38,38,38,38,17,0,19,32.871980877483594,13.359259814023972,73.11239093542099,7986.764705882353
1780922896,40,GET,/product/9SIQT8TOJO,0.600000,0.000000,15,20,20,120,120,120,120,120,120,120,120,23,0,15,27.427004204820033,11.678917333483696,124.30478259921074,8012.217391304348
1780922896,40,GET,/product/L9ECAV7KIM,0.300000,0.000000,23,23,42,42,42,42,42,42,42,42,42,13,0,16,19.68255302367302,10.347440838813782,41.99651908129454,7979.307692307692
1780922896,40,GET,/product/LS4PSXUNUM,0.300000,0.000000,15,15,75,75,75,75,75,75,75,75,75,11,0,16,32.70047403533351,13.755034655332565,98.38776756078005,8001.0
1780922896,40,GET,/product/OLJCESPC7Z,0.000000,0.000000,16,16,16,16,16,16,16,16,16,16,16,15,0,16,28.90913641701142,12.713272124528885,100.98346415907145,8012.333333333333
1780922896,40,,Aggregated,21.800000,0.000000,18,21,23,26,44,55,83,110,140,140,140,1153,0,20,36.241234479680436,10.347440838813782,698.0808135122061,10753.508239375542
1780922897,40,GET,/,16.400000,0.000000,17,19,20,22,44,53,83,110,140,140,140,883,0,19,36.049462794742865,10.831318795681,698.0808135122061,10540.142695356739
1780922897,40,POST,/cart,1.800000,0.000000,24,26,27,28,43,82,82,82,82,82,82,111,0,27,43.23714064551635,17.542878165841103,666.5041847154498,17606.38738738739
1780922897,40,POST,/cart/checkout,1.200000,0.000000,22,23,23,27,43,43,43,43,43,43,43,60,0,25,34.47833090710143,17.870360985398293,132.75807350873947,6804.633333333333
1780922897,40,GET,/product/0PUK6V6EV0,0.400000,0.000000,14,14,14,14,14,14,14,14,14,14,14,13,0,15,18.56772623096521,12.351392768323421,58.52794833481312,7994.7692307692305
1780922897,40,GET,/product/1YMWWN1N4O,0.100000,0.000000,15,15,15,15,15,15,15,15,15,15,15,8,0,20,43.32445713225752,14.021533541381359,105.04879988729954,8028.75
1780922897,40,GET,/product/2ZYFJ3GM2N,0.200000,0.000000,17,17,78,78,78,78,78,78,78,78,78,13,0,18,30.601009368323364,11.542392894625664,78.16796284168959,8047.923076923077
1780922897,40,GET,/product/66VCHSJNUP,0.300000,0.000000,18,18,42,42,42,42,42,42,42,42,42,10,0,18,33.11840733513236,12.320696376264095,89.01758585125208,7990.4
1780922897,40,GET,/product/6E92ZMYYFZ,0.400000,0.000000,19,19,38,38,38,38,38,38,38,38,38,17,0,19,32.871980877483594,13.359259814023972,73.11239093542099,7986.764705882353
1780922897,40,GET,/product/9SIQT8TOJO,0.600000,0.000000,15,15,120,120,120,120,120,120,120,120,120,23,0,15,27.427004204820033,11.678917333483696,124.30478259921074,8012.217391304348
1780922897,40,GET,/product/L9ECAV7KIM,0.300000,0.000000,23,23,42,42,42,42,42,42,42,42,42,13,0,16,19.68255302367302,10.347440838813782,41.99651908129454,7979.307692307692
1780922897,40,GET,/product/LS4PSXUNUM,0.300000,0.000000,15,15,75,75,75,75,75,75,75,75,75,11,0,16,32.70047403533351,13.755034655332565,98.38776756078005,8001.0
1780922897,40,GET,/product/OLJCESPC7Z,0.000000,0.000000,16,16,16,16,16,16,16,16,16,16,16,15,0,16,28.90913641701142,12.713272124528885,100.98346415907145,8012.333333333333
1780922897,40,,Aggregated,22.000000,0.000000,18,20,23,25,44,55,83,110,140,140,140,1177,0,20,35.90104641343768,10.347440838813782,698.0808135122061,10751.23619371283
1780922898,40,GET,/,16.300000,0.000000,17,19,21,23,44,53,83,110,140,140,140,900,0,19,35.725495071253846,10.831318795681,698.0808135122061,10540.655555555555
1780922898,40,POST,/cart,1.800000,0.000000,24,27,28,39,44,82,82,82,82,82,82,112,0,27,43.24056068435311,17.542878165841103,666.5041847154498,17634.29464285714
1780922898,40,POST,/cart/checkout,1.100000,0.000000,22,22,23,23,43,43,43,43,43,43,43,61,0,25,34.252602271124964,17.870360985398293,132.75807350873947,6804.360655737705
1780922898,40,GET,/product/0PUK6V6EV0,0.200000,0.000000,14,14,14,14,14,14,14,14,14,14,14,13,0,15,18.56772623096521,12.351392768323421,58.52794833481312,7994.7692307692305
1780922898,40,GET,/product/1YMWWN1N4O,0.100000,0.000000,17,17,19,19,19,19,19,19,19,19,19,10,0,19,38.249247055500746,14.021533541381359,105.04879988729954,8039.4
1780922898,40,GET,/product/2ZYFJ3GM2N,0.200000,0.000000,17,17,78,78,78,78,78,78,78,78,78,13,0,18,30.601009368323364,11.542392894625664,78.16796284168959,8047.923076923077
1780922898,40,GET,/product/66VCHSJNUP,0.400000,0.000000,18,18,42,42,42,42,42,42,42,42,42,11,0,18,31.284751539880578,12.320696376264095,89.01758585125208,7997.545454545455
1780922898,40,GET,/product/6E92ZMYYFZ,0.400000,0.000000,19,19,38,38,38,38,38,38,38,38,38,17,0,19,32.871980877483594,13.359259814023972,73.11239093542099,7986.764705882353
1780922898,40,GET,/product/9SIQT8TOJO,0.500000,0.000000,15,15,120,120,120,120,120,120,120,120,120,23,0,15,27.427004204820033,11.678917333483696,124.30478259921074,8012.217391304348
1780922898,40,GET,/product/L9ECAV7KIM,0.300000,0.000000,23,23,42,42,42,42,42,42,42,42,42,13,0,16,19.68255302367302,10.347440838813782,41.99651908129454,7979.307692307692
1780922898,40,GET,/product/LS4PSXUNUM,0.300000,0.000000,15,15,75,75,75,75,75,75,75,75,75,11,0,16,32.70047403533351,13.755034655332565,98.38776756078005,8001.0
1780922898,40,GET,/product/OLJCESPC7Z,0.000000,0.000000,16,16,16,16,16,16,16,16,16,16,16,15,0,16,28.90913641701142,12.713272124528885,100.98346415907145,8012.333333333333
1780922898,40,,Aggregated,21.600000,0.000000,18,20,23,26,44,55,83,110,140,140,140,1199,0,19,35.60465022617076,10.347440838813782,698.0808135122061,10746.957464553794
1780922899,40,GET,/,16.200000,0.000000,17,19,21,23,45,61,83,110,140,140,140,917,0,19,35.48096283567478,10.831318795681,698.0808135122061,10540.758996728462
1780922899,40,POST,/cart,1.900000,0.000000,24,27,28,39,44,82,82,82,82,82,82,114,0,27,42.93091516745718,17.542878165841103,666.5041847154498,17676.394736842107
1780922899,40,POST,/cart/checkout,1.100000,0.000000,22,22,23,23,43,43,43,43,43,43,43,61,0,25,34.252602271124964,17.870360985398293,132.75807350873947,6804.360655737705
1780922899,40,GET,/product/0PUK6V6EV0,0.100000,0.000000,13,13,14,14,14,14,14,14,14,14,14,14,0,14,18.135671437318837,12.351392768323421,58.52794833481312,7996.142857142857
1780922899,40,GET,/product/1YMWWN1N4O,0.100000,0.000000,17,17,19,19,19,19,19,19,19,19,19,10,0,19,38.249247055500746,14.021533541381359,105.04879988729954,8039.4
1780922899,40,GET,/product/2ZYFJ3GM2N,0.300000,0.000000,17,17,78,78,78,78,78,78,78,78,78,13,0,18,30.601009368323364,11.542392894625664,78.16796284168959,8047.923076923077
1780922899,40,GET,/product/66VCHSJNUP,0.400000,0.000000,14,18,18,42,42,42,42,42,42,42,42,12,0,16,29.7039436797301,12.315057218074799,89.01758585125208,7993.916666666667
1780922899,40,GET,/product/6E92ZMYYFZ,0.200000,0.000000,14,14,14,14,14,14,14,14,14,14,14,17,0,19,32.871980877483594,13.359259814023972,73.11239093542099,7986.764705882353
1780922899,40,GET,/product/9SIQT8TOJO,0.500000,0.000000,14,14,120,120,120,120,120,120,120,120,120,23,0,15,27.427004204820033,11.678917333483696,124.30478259921074,8012.217391304348
1780922899,40,GET,/product/L9ECAV7KIM,0.300000,0.000000,42,42,42,42,42,42,42,42,42,42,42,13,0,16,19.68255302367302,10.347440838813782,41.99651908129454,7979.307692307692
1780922899,40,GET,/product/LS4PSXUNUM,0.300000,0.000000,15,15,75,75,75,75,75,75,75,75,75,11,0,16,32.70047403533351,13.755034655332565,98.38776756078005,8001.0
1780922899,40,GET,/product/OLJCESPC7Z,0.000000,0.000000,16,16,16,16,16,16,16,16,16,16,16,15,0,16,28.90913641701142,12.713272124528885,100.98346415907145,8012.333333333333
1780922899,40,,Aggregated,21.400000,0.000000,18,20,23,27,44,65,83,110,140,140,140,1220,0,19,35.36810534929887,10.347440838813782,698.0808135122061,10754.855737704918
1780922900,40,GET,/,16.800000,0.000000,17,19,20,23,45,61,83,110,140,140,140,934,0,19,35.181391893485184,10.831318795681,698.0808135122061,10540.95289079229
1780922900,40,POST,/cart,2.000000,0.000000,24,27,28,28,43,44,82,82,82,82,82,116,0,27,42.593637095956964,17.542878165841103,666.5041847154498,17692.560344827587
1780922900,40,POST,/cart/checkout,1.100000,0.000000,22,22,23,23,43,43,43,43,43,43,43,61,0,25,34.252602271124964,17.870360985398293,132.75807350873947,6804.360655737705
1780922900,40,GET,/product/0PUK6V6EV0,0.100000,0.000000,13,13,13,13,13,13,13,13,13,13,13,14,0,14,18.135671437318837,12.351392768323421,58.52794833481312,7996.142857142857
1780922900,40,GET,/product/1YMWWN1N4O,0.300000,0.000000,17,17,19,19,19,19,19,19,19,19,19,10,0,19,38.249247055500746,14.021533541381359,105.04879988729954,8039.4
1780922900,40,GET,/product/2ZYFJ3GM2N,0.300000,0.000000,17,17,78,78,78,78,78,78,78,78,78,13,0,18,30.601009368323364,11.542392894625664,78.16796284168959,8047.923076923077
1780922900,40,GET,/product/66VCHSJNUP,0.300000,0.000000,14,14,14,42,42,42,42,42,42,42,42,13,0,16,28.50268265375724,12.315057218074799,89.01758585125208,7996.923076923077
1780922900,40,GET,/product/6E92ZMYYFZ,0.200000,0.000000,14,14,21,21,21,21,21,21,21,21,21,19,0,19,31.19487398745198,12.670897878706455,73.11239093542099,7987.1578947368425
1780922900,40,GET,/product/9SIQT8TOJO,0.400000,0.000000,14,14,120,120,120,120,120,120,120,120,120,23,0,15,27.427004204820033,11.678917333483696,124.30478259921074,8012.217391304348
1780922900,40,GET,/product/L9ECAV7KIM,0.300000,0.000000,42,42,42,42,42,42,42,42,42,42,42,13,0,16,19.68255302367302,10.347440838813782,41.99651908129454,7979.307692307692
1780922900,40,GET,/product/LS4PSXUNUM,0.300000,0.000000,75,75,75,75,75,75,75,75,75,75,75,11,0,16,32.70047403533351,13.755034655332565,98.38776756078005,8001.0
1780922900,40,GET,/product/OLJCESPC7Z,0.000000,0.000000,0,0,0,0,0,0,0,0,0,0,0,15,0,16,28.90913641701142,12.713272124528885,100.98346415907145,8012.333333333333
1780922900,40,,Aggregated,22.100000,0.000000,17,20,23,27,44,65,83,110,140,140,140,1242,0,19,35.0782364650349,10.347440838813782,698.0808135122061,10758.083735909822
1780922901,40,GET,/,16.900000,0.000000,17,18,20,22,43,61,83,110,140,140,140,948,0,19,34.92972247483295,10.831318795681,698.0808135122061,10541.464135021097
1780922901,40,POST,/cart,2.000000,0.000000,25,27,28,35,44,82,82,82,82,82,82,118,0,27,42.362926212155216,17.542878165841103,666.5041847154498,17720.101694915254
1780922901,40,POST,/cart/checkout,0.800000,0.000000,21,22,22,23,43,43,43,43,43,43,43,63,0,25,33.75840685256417,16.34348649531603,132.75807350873947,6804.523809523809
1780922901,40,GET,/product/0PUK6V6EV0,0.200000,0.000000,13,13,13,13,13,13,13,13,13,13,13,14,0,14,18.135671437318837,12.351392768323421,58.52794833481312,7996.142857142857
1780922901,40,GET,/product/1YMWWN1N4O,0.300000,0.000000,17,17,19,19,19,19,19,19,19,19,19,11,0,19,35.88860829106786,12.282220646739006,105.04879988729954,8036.363636363636
1780922901,40,GET,/product/2ZYFJ3GM2N,0.300000,0.000000,41,41,78,78,78,78,78,78,78,78,78,14,0,18,31.34722595236131,11.542392894625664,78.16796284168959,8046.857142857143
1780922901,40,GET,/product/66VCHSJNUP,0.300000,0.000000,14,14,14,42,42,42,42,42,42,42,42,13,0,16,28.50268265375724,12.315057218074799,89.01758585125208,7996.923076923077
1780922901,40,GET,/product/6E92ZMYYFZ,0.200000,0.000000,14,14,21,21,21,21,21,21,21,21,21,19,0,19,31.19487398745198,12.670897878706455,73.11239093542099,7987.1578947368425
1780922901,40,GET,/product/9SIQT8TOJO,0.300000,0.000000,83,83,120,120,120,120,120,120,120,120,120,24,0,15,29.745875314498942,11.678917333483696,124.30478259921074,8013.083333333333
1780922901,40,GET,/product/L9ECAV7KIM,0.300000,0.000000,42,42,42,42,42,42,42,42,42,42,42,13,0,16,19.68255302367302,10.347440838813782,41.99651908129454,7979.307692307692
1780922901,40,GET,/product/LS4PSXUNUM,0.300000,0.000000,75,75,75,75,75,75,75,75,75,75,75,11,0,16,32.70047403533351,13.755034655332565,98.38776756078005,8001.0
1780922901,40,GET,/product/OLJCESPC7Z,0.000000,0.000000,0,0,0,0,0,0,0,0,0,0,0,15,0,16,28.90913641701142,12.713272124528885,100.98346415907145,8012.333333333333
1780922901,40,,Aggregated,21.900000,0.000000,17,20,23,27,44,66,83,110,140,140,140,1263,0,19,34.87954950380424,10.347440838813782,698.0808135122061,10756.867775138558
1780922902,40,GET,/,16.600000,0.000000,17,18,19,21,43,63,83,110,140,140,140,969,0,19,34.65983508418096,10.831318795681,698.0808135122061,10541.739938080495
1780922902,40,POST,/cart,2.100000,0.000000,24,27,28,35,46,82,82,82,82,82,82,121,0,27,42.03749672809908,17.542878165841103,666.5041847154498,17735.97520661157
1780922902,40,POST,/cart/checkout,0.700000,0.000000,21,22,22,23,43,43,43,43,43,43,43,63,0,25,33.75840685256417,16.34348649531603,132.75807350873947,6804.523809523809
1780922902,40,GET,/product/0PUK6V6EV0,0.200000,0.000000,13,13,13,13,13,13,13,13,13,13,13,14,0,14,18.135671437318837,12.351392768323421,58.52794833481312,7996.142857142857
1780922902,40,GET,/product/1YMWWN1N4O,0.300000,0.000000,17,17,19,19,19,19,19,19,19,19,19,11,0,19,35.88860829106786,12.282220646739006,105.04879988729954,8036.363636363636
1780922902,40,GET,/product/2ZYFJ3GM2N,0.300000,0.000000,41,41,78,78,78,78,78,78,78,78,78,14,0,18,31.34722595236131,11.542392894625664,78.16796284168959,8046.857142857143
1780922902,40,GET,/product/66VCHSJNUP,0.400000,0.000000,14,14,15,15,42,42,42,42,42,42,42,14,0,16,27.5585811718234,12.315057218074799,89.01758585125208,7999.571428571428
1780922902,40,GET,/product/6E92ZMYYFZ,0.400000,0.000000,14,14,21,21,21,21,21,21,21,21,21,19,0,19,31.19487398745198,12.670897878706455,73.11239093542099,7987.1578947368425
1780922902,40,GET,/product/9SIQT8TOJO,0.300000,0.000000,83,83,120,120,120,120,120,120,120,120,120,25,0,15,29.08303115516901,11.678917333483696,124.30478259921074,8015.64
1780922902,40,GET,/product/L9ECAV7KIM,0.200000,0.000000,42,42,42,42,42,42,42,42,42,42,42,13,0,16,19.68255302367302,10.347440838813782,41.99651908129454,7979.307692307692
1780922902,40,GET,/product/LS4PSXUNUM,0.200000,0.000000,16,16,75,75,75,75,75,75,75,75,75,13,0,16,29.797206561152752,11.441065929830074,98.38776756078005,7993.7692307692305
1780922902,40,GET,/product/OLJCESPC7Z,0.000000,0.000000,0,0,0,0,0,0,0,0,0,0,0,15,0,16,28.90913641701142,12.713272124528885,100.98346415907145,8012.333333333333
1780922902,40,,Aggregated,21.700000,0.000000,17,19,22,24,44,66,83,110,140,140,140,1291,0,19,34.600081044883346,10.347440838813782,698.0808135122061,10762.712625871418
1780922903,40,GET,/,16.700000,0.000000,17,18,19,21,41,55,63,65,66,66,66,985,0,19,34.61968668069936,10.831318795681,698.0808135122061,10541.77157360406
1780922903,40,POST,/cart,2.200000,0.000000,23,27,28,28,44,46,46,46,46,46,46,122,0,26,41.88175375771816,17.542878165841103,666.5041847154498,17737.319672131147
1780922903,40,POST,/cart/checkout,0.900000,0.000000,21,22,22,23,43,43,43,43,43,43,43,64,0,24,33.50927261635661,16.34348649531603,132.75807350873947,6804.6875
1780922903,40,GET,/product/0PUK6V6EV0,0.200000,0.000000,13,13,13,13,13,13,13,13,13,13,13,14,0,14,18.135671437318837,12.351392768323421,58.52794833481312,7996.142857142857
1780922903,40,GET,/product/1YMWWN1N4O,0.300000,0.000000,17,17,19,19,19,19,19,19,19,19,19,11,0,19,35.88860829106786,12.282220646739006,105.04879988729954,8036.363636363636
1780922903,40,GET,/product/2ZYFJ3GM2N,0.200000,0.000000,41,41,78,78,78,78,78,78,78,78,78,14,0,18,31.34722595236131,11.542392894625664,78.16796284168959,8046.857142857143
1780922903,40,GET,/product/66VCHSJNUP,0.500000,0.000000,14,15,15,42,42,42,42,42,42,42,42,14,0,16,27.5585811718234,12.315057218074799,89.01758585125208,7999.571428571428
1780922903,40,GET,/product/6E92ZMYYFZ,0.400000,0.000000,13,13,21,21,21,21,21,21,21,21,21,19,0,19,31.19487398745198,12.670897878706455,73.11239093542099,7987.1578947368425
1780922903,40,GET,/product/9SIQT8TOJO,0.300000,0.000000,13,83,83,120,120,120,120,120,120,120,120,26,0,15,28.46704967893087,11.678917333483696,124.30478259921074,8017.7307692307695
1780922903,40,GET,/product/L9ECAV7KIM,0.100000,0.000000,42,42,42,42,42,42,42,42,42,42,42,13,0,16,19.68255302367302,10.347440838813782,41.99651908129454,7979.307692307692
1780922903,40,GET,/product/LS4PSXUNUM,0.200000,0.000000,16,16,75,75,75,75,75,75,75,75,75,13,0,16,29.797206561152752,11.441065929830074,98.38776756078005,7993.7692307692305
1780922903,40,GET,/product/OLJCESPC7Z,0.000000,0.000000,0,0,0,0,0,0,0,0,0,0,0,15,0,16,28.90913641701142,12.713272124528885,100.98346415907145,8012.333333333333
1780922903,40,,Aggregated,22.000000,0.000000,17,19,22,23,41,54,63,65,83,83,83,1310,0,19,34.532545034894504,10.347440838813782,698.0808135122061,10760.41679389313
1780922904,40,GET,/,17.100000,0.000000,17,18,19,21,36,54,61,64,65,65,65,998,0,18,34.38876083172962,10.831318795681,698.0808135122061,10541.928857715431
1780922904,40,POST,/cart,1.900000,0.000000,24,25,27,28,35,44,46,46,46,46,46,125,0,26,41.459337912499905,17.542878165841103,666.5041847154498,17752.104
1780922904,40,POST,/cart/checkout,0.900000,0.000000,22,22,23,23,24,43,43,43,43,43,43,67,0,24,33.04021131358485,16.34348649531603,132.75807350873947,6804.358208955224
1780922904,40,GET,/product/0PUK6V6EV0,0.200000,0.000000,14,14,15,15,15,15,15,15,15,15,15,16,0,14,17.68487354274839,12.351392768323421,58.52794833481312,7994.6875
1780922904,40,GET,/product/1YMWWN1N4O,0.300000,0.000000,17,17,19,19,19,19,19,19,19,19,19,11,0,19,35.88860829106786,12.282220646739006,105.04879988729954,8036.363636363636
1780922904,40,GET,/product/2ZYFJ3GM2N,0.300000,0.000000,41,41,41,41,41,41,41,41,41,41,41,14,0,18,31.34722595236131,11.542392894625664,78.16796284168959,8046.857142857143
1780922904,40,GET,/product/66VCHSJNUP,0.600000,0.000000,14,15,15,42,42,42,42,42,42,42,42,14,0,16,27.5585811718234,12.315057218074799,89.01758585125208,7999.571428571428
1780922904,40,GET,/product/6E92ZMYYFZ,0.400000,0.000000,13,13,21,21,21,21,21,21,21,21,21,19,0,19,31.19487398745198,12.670897878706455,73.11239093542099,7987.1578947368425
1780922904,40,GET,/product/9SIQT8TOJO,0.400000,0.000000,13,13,83,83,83,83,83,83,83,83,83,26,0,15,28.46704967893087,11.678917333483696,124.30478259921074,8017.7307692307695
1780922904,40,GET,/product/L9ECAV7KIM,0.100000,0.000000,42,42,42,42,42,42,42,42,42,42,42,13,0,16,19.68255302367302,10.347440838813782,41.99651908129454,7979.307692307692
1780922904,40,GET,/product/LS4PSXUNUM,0.400000,0.000000,16,16,75,75,75,75,75,75,75,75,75,14,0,16,28.695224518222467,11.441065929830074,98.38776756078005,7996.142857142857
1780922904,40,GET,/product/OLJCESPC7Z,0.000000,0.000000,0,0,0,0,0,0,0,0,0,0,0,15,0,16,28.90913641701142,12.713272124528885,100.98346415907145,8012.333333333333
1780922904,40,,Aggregated,22.600000,0.000000,17,19,22,23,41,48,61,64,83,83,83,1332,0,19,34.266214677924154,10.347440838813782,698.0808135122061,10760.355855855856
1780922905,40,GET,/,17.200000,0.000000,17,19,21,27,48,60,65,76,78,78,78,1020,0,19,34.41108684146813,10.831318795681,698.0808135122061,10542.229411764705
1780922905,40,POST,/cart,2.000000,0.000000,25,27,28,35,44,46,82,82,82,82,82,127,0,26,41.72416505821812,17.542878165841103,666.5041847154498,17742.858267716536
1780922905,40,POST,/cart/checkout,1.000000,0.000000,22,23,23,24,43,43,43,43,43,43,43,67,0,24,33.04021131358485,16.34348649531603,132.75807350873947,6804.358208955224
1780922905,40,GET,/product/0PUK6V6EV0,0.200000,0.000000,13,14,14,15,15,15,15,15,15,15,15,17,0,14,17.425249988103616,12.351392768323421,58.52794833481312,7997.058823529412
1780922905,40,GET,/product/1YMWWN1N4O,0.300000,0.000000,17,17,19,19,19,19,19,19,19,19,19,11,0,19,35.88860829106786,12.282220646739006,105.04879988729954,8036.363636363636
1780922905,40,GET,/product/2ZYFJ3GM2N,0.300000,0.000000,41,41,42,42,42,42,42,42,42,42,42,15,0,19,32.042593881487846,11.542392894625664,78.16796284168959,8046.333333333333
1780922905,40,GET,/product/66VCHSJNUP,0.500000,0.000000,14,15,15,42,42,42,42,42,42,42,42,14,0,16,27.5585811718234,12.315057218074799,89.01758585125208,7999.571428571428
1780922905,40,GET,/product/6E92ZMYYFZ,0.300000,0.000000,21,21,26,26,26,26,26,26,26,26,26,20,0,19,30.959505448117852,12.670897878706455,73.11239093542099,7989.25
1780922905,40,GET,/product/9SIQT8TOJO,0.400000,0.000000,13,13,83,83,83,83,83,83,83,83,83,26,0,15,28.46704967893087,11.678917333483696,124.30478259921074,8017.7307692307695
1780922905,40,GET,/product/L9ECAV7KIM,0.000000,0.000000,42,42,42,42,42,42,42,42,42,42,42,13,0,16,19.68255302367302,10.347440838813782,41.99651908129454,7979.307692307692
1780922905,40,GET,/product/LS4PSXUNUM,0.300000,0.000000,16,16,75,75,75,75,75,75,75,75,75,14,0,16,28.695224518222467,11.441065929830074,98.38776756078005,7996.142857142857
1780922905,40,GET,/product/OLJCESPC7Z,0.000000,0.000000,74,74,74,74,74,74,74,74,74,74,74,17,0,16,30.578694744583437,12.393306009471416,100.98346415907145,8016.705882352941
1780922905,40,,Aggregated,22.500000,0.000000,17,21,24,27,44,60,76,78,83,83,83,1361,0,19,34.31756960188397,10.347440838813782,698.0808135122061,10756.469507714915
1780922906,40,GET,/,16.800000,0.000000,17,19,22,27,48,60,65,76,78,78,78,1038,0,19,34.176401112063544,10.729043744504452,698.0808135122061,10542.51252408478
1780922906,40,POST,/cart,2.100000,0.000000,24,25,35,35,46,82,82,82,82,82,82,128,0,26,41.52888276439626,16.72803144901991,666.5041847154498,17732.53125
1780922906,40,POST,/cart/checkout,1.200000,0.000000,21,22,23,24,30,30,30,30,30,30,30,68,0,24,33.00237211891834,16.34348649531603,132.75807350873947,6804.867647058823
1780922906,40,GET,/product/0PUK6V6EV0,0.300000,0.000000,13,14,14,15,15,15,15,15,15,15,15,18,0,14,17.116950773116614,11.875864118337631,58.52794833481312,7994.0
1780922906,40,GET,/product/1YMWWN1N4O,0.300000,0.000000,17,17,19,19,19,19,19,19,19,19,19,12,0,17,33.90566670956711,12.093309313058853,105.04879988729954,8038.0
1780922906,40,GET,/product/2ZYFJ3GM2N,0.200000,0.000000,41,41,42,42,42,42,42,42,42,42,42,15,0,19,32.042593881487846,11.542392894625664,78.16796284168959,8046.333333333333
1780922906,40,GET,/product/66VCHSJNUP,0.500000,0.000000,14,14,15,15,15,15,15,15,15,15,15,14,0,16,27.5585811718234,12.315057218074799,89.01758585125208,7999.571428571428
1780922906,40,GET,/product/6E92ZMYYFZ,0.300000,0.000000,21,21,26,26,26,26,26,26,26,26,26,20,0,19,30.959505448117852,12.670897878706455,73.11239093542099,7989.25
1780922906,40,GET,/product/9SIQT8TOJO,0.400000,0.000000,13,13,83,83,83,83,83,83,83,83,83,26,0,15,28.46704967893087,11.678917333483696,124.30478259921074,8017.7307692307695
1780922906,40,GET,/product/L9ECAV7KIM,0.000000,0.000000,42,42,42,42,42,42,42,42,42,42,42,13,0,16,19.68255302367302,10.347440838813782,41.99651908129454,7979.307692307692
1780922906,40,GET,/product/LS4PSXUNUM,0.200000,0.000000,16,16,75,75,75,75,75,75,75,75,75,14,0,16,28.695224518222467,11.441065929830074,98.38776756078005,7996.142857142857
1780922906,40,GET,/product/OLJCESPC7Z,0.000000,0.000000,16,16,74,74,74,74,74,74,74,74,74,18,0,16,29.759247942517202,12.393306009471416,100.98346415907145,8015.611111111111
1780922906,40,,Aggregated,22.300000,0.000000,17,20,24,27,46,61,76,78,83,83,83,1384,0,19,34.081648126772116,10.347440838813782,698.0808135122061,10749.179190751445
1780922907,40,GET,/,17.000000,0.000000,17,19,22,27,50,61,65,76,78,78,78,1055,0,18,33.876447470514414,10.0204823538661,698.0808135122061,10542.655924170616
1780922907,40,POST,/cart,2.300000,0.000000,25,28,34,35,46,82,82,82,82,82,82,130,0,26,41.37128762041147,16.72803144901991,666.5041847154498,17756.323076923076
1780922907,40,POST,/cart/checkout,1.000000,0.000000,21,22,23,24,30,30,30,30,30,30,30,69,0,24,32.83089342648568,16.34348649531603,132.75807350873947,6805.260869565217
1780922907,40,GET,/product/0PUK6V6EV0,0.300000,0.000000,13,14,14,15,15,15,15,15,15,15,15,18,0,14,17.116950773116614,11.875864118337631,58.52794833481312,7994.0
1780922907,40,GET,/product/1YMWWN1N4O,0.300000,0.000000,17,17,19,19,19,19,19,19,19,19,19,12,0,17,33.90566670956711,12.093309313058853,105.04879988729954,8038.0
1780922907,40,GET,/product/2ZYFJ3GM2N,0.300000,0.000000,41,41,42,42,42,42,42,42,42,42,42,15,0,19,32.042593881487846,11.542392894625664,78.16796284168959,8046.333333333333
1780922907,40,GET,/product/66VCHSJNUP,0.500000,0.000000,14,14,15,15,15,15,15,15,15,15,15,14,0,16,27.5585811718234,12.315057218074799,89.01758585125208,7999.571428571428
1780922907,40,GET,/product/6E92ZMYYFZ,0.300000,0.000000,21,21,26,26,26,26,26,26,26,26,26,20,0,19,30.959505448117852,12.670897878706455,73.11239093542099,7989.25
1780922907,40,GET,/product/9SIQT8TOJO,0.400000,0.000000,13,13,83,83,83,83,83,83,83,83,83,26,0,15,28.46704967893087,11.678917333483696,124.30478259921074,8017.7307692307695
1780922907,40,GET,/product/L9ECAV7KIM,0.000000,0.000000,42,42,42,42,42,42,42,42,42,42,42,13,0,16,19.68255302367302,10.347440838813782,41.99651908129454,7979.307692307692
1780922907,40,GET,/product/LS4PSXUNUM,0.300000,0.000000,14,14,16,16,16,16,16,16,16,16,16,14,0,16,28.695224518222467,11.441065929830074,98.38776756078005,7996.142857142857
1780922907,40,GET,/product/OLJCESPC7Z,0.200000,0.000000,22,22,74,74,74,74,74,74,74,74,74,19,0,16,29.374784250792704,12.393306009471416,100.98346415907145,8018.894736842105
1780922907,40,,Aggregated,22.900000,0.000000,17,21,24,28,46,61,76,78,83,83,83,1405,0,19,33.83611666297149,10.0204823538661,698.0808135122061,10754.239145907473
1780922908,40,GET,/,17.000000,0.000000,17,19,22,28,50,60,65,76,78,78,78,1072,0,18,33.645020142795325,10.0204823538661,698.0808135122061,10542.712686567163
1780922908,40,POST,/cart,2.200000,0.000000,25,28,31,34,35,46,82,82,82,82,82,135,0,26,40.76497394729544,16.72803144901991,666.5041847154498,17864.296296296296
1780922908,40,POST,/cart/checkout,1.100000,0.000000,21,22,23,24,30,30,30,30,30,30,30,71,0,24,32.47493510724793,16.34348649531603,132.75807350873947,6805.169014084507
1780922908,40,GET,/product/0PUK6V6EV0,0.400000,0.000000,13,14,14,15,15,15,15,15,15,15,15,18,0,14,17.116950773116614,11.875864118337631,58.52794833481312,7994.0
1780922908,40,GET,/product/1YMWWN1N4O,0.300000,0.000000,12,12,12,12,12,12,12,12,12,12,12,12,0,17,33.90566670956711,12.093309313058853,105.04879988729954,8038.0
1780922908,40,GET,/product/2ZYFJ3GM2N,0.300000,0.000000,42,42,42,42,42,42,42,42,42,42,42,15,0,19,32.042593881487846,11.542392894625664,78.16796284168959,8046.333333333333
1780922908,40,GET,/product/66VCHSJNUP,0.400000,0.000000,14,14,15,15,15,15,15,15,15,15,15,14,0,16,27.5585811718234,12.315057218074799,89.01758585125208,7999.571428571428
1780922908,40,GET,/product/6E92ZMYYFZ,0.300000,0.000000,21,21,26,26,26,26,26,26,26,26,26,20,0,19,30.959505448117852,12.670897878706455,73.11239093542099,7989.25
1780922908,40,GET,/product/9SIQT8TOJO,0.300000,0.000000,13,13,83,83,83,83,83,83,83,83,83,26,0,15,28.46704967893087,11.678917333483696,124.30478259921074,8017.7307692307695
1780922908,40,GET,/product/L9ECAV7KIM,0.000000,0.000000,42,42,42,42,42,42,42,42,42,42,42,14,0,15,19.34164888890726,10.347440838813782,41.99651908129454,7984.071428571428
1780922908,40,GET,/product/LS4PSXUNUM,0.300000,0.000000,14,14,16,16,16,16,16,16,16,16,16,14,0,16,28.695224518222467,11.441065929830074,98.38776756078005,7996.142857142857
1780922908,40,GET,/product/OLJCESPC7Z,0.300000,0.000000,22,22,74,74,74,74,74,74,74,74,74,19,0,16,29.374784250792704,12.393306009471416,100.98346415907145,8018.894736842105
1780922908,40,,Aggregated,22.900000,0.000000,17,21,24,28,46,61,76,78,83,83,83,1430,0,19,33.599899410289694,10.0204823538661,698.0808135122061,10779.02097902098
1780922909,40,GET,/,17.700000,0.000000,17,19,22,27,50,59,64,76,78,78,78,1090,0,18,33.4709777035366,10.0204823538661,698.0808135122061,10542.973394495413
1780922909,40,POST,/cart,2.100000,0.000000,25,27,31,34,35,46,82,82,82,82,82,137,0,26,40.49076184113748,16.72803144901991,666.5041847154498,17900.576642335767
1780922909,40,POST,/cart/checkout,0.900000,0.000000,21,22,23,24,30,30,30,30,30,30,30,71,0,24,32.47493510724793,16.34348649531603,132.75807350873947,6805.169014084507
1780922909,40,GET,/product/0PUK6V6EV0,0.500000,0.000000,14,14,15,15,19,19,19,19,19,19,19,19,0,14,17.218595713769133,11.875864118337631,58.52794833481312,7994.789473684211
1780922909,40,GET,/product/1YMWWN1N4O,0.400000,0.000000,12,12,12,12,12,12,12,12,12,12,12,12,0,17,33.90566670956711,12.093309313058853,105.04879988729954,8038.0
1780922909,40,GET,/product/2ZYFJ3GM2N,0.200000,0.000000,42,42,42,42,42,42,42,42,42,42,42,15,0,19,32.042593881487846,11.542392894625664,78.16796284168959,8046.333333333333
1780922909,40,GET,/product/66VCHSJNUP,0.400000,0.000000,15,15,15,15,15,15,15,15,15,15,15,14,0,16,27.5585811718234,12.315057218074799,89.01758585125208,7999.571428571428
1780922909,40,GET,/product/6E92ZMYYFZ,0.300000,0.000000,21,21,26,26,26,26,26,26,26,26,26,20,0,19,30.959505448117852,12.670897878706455,73.11239093542099,7989.25
1780922909,40,GET,/product/9SIQT8TOJO,0.300000,0.000000,15,15,83,83,83,83,83,83,83,83,83,27,0,15,27.97351808597644,11.678917333483696,124.30478259921074,8015.444444444444
1780922909,40,GET,/product/L9ECAV7KIM,0.000000,0.000000,42,42,64,64,64,64,64,64,64,64,64,15,0,16,22.349276517828304,10.347440838813782,64.45606332272291,7986.266666666666
1780922909,40,GET,/product/LS4PSXUNUM,0.300000,0.000000,14,14,16,16,16,16,16,16,16,16,16,14,0,16,28.695224518222467,11.441065929830074,98.38776756078005,7996.142857142857
1780922909,40,GET,/product/OLJCESPC7Z,0.400000,0.000000,22,22,74,74,74,74,74,74,74,74,74,19,0,16,29.374784250792704,12.393306009471416,100.98346415907145,8018.894736842105
1780922909,40,,Aggregated,23.500000,0.000000,17,21,24,28,48,60,76,78,83,83,83,1453,0,19,33.45242196454296,10.0204823538661,698.0808135122061,10783.712319339298
1780922910,40,GET,/,17.300000,0.000000,17,19,22,27,50,59,64,76,78,78,78,1105,0,18,33.24451368740376,10.0204823538661,698.0808135122061,10543.103167420815
1780922910,40,POST,/cart,2.000000,0.000000,23,27,31,34,46,82,82,82,82,82,82,137,0,26,40.49076184113748,16.72803144901991,666.5041847154498,17900.576642335767
1780922910,40,POST,/cart/checkout,0.900000,0.000000,21,21,23,23,24,30,30,30,30,30,30,73,0,23,32.11465109241744,16.34348649531603,132.75807350873947,6805.328767123287
1780922910,40,GET,/product/0PUK6V6EV0,0.500000,0.000000,14,15,19,19,22,22,22,22,22,22,22,21,0,14,17.293575707645644,11.875864118337631,58.52794833481312,7994.0
1780922910,40,GET,/product/1YMWWN1N4O,0.200000,0.000000,12,12,15,15,15,15,15,15,15,15,15,13,0,17,32.46403399568338,12.093309313058853,105.04879988729954,8031.384615384615
1780922910,40,GET,/product/2ZYFJ3GM2N,0.200000,0.000000,42,42,42,42,42,42,42,42,42,42,42,15,0,19,32.042593881487846,11.542392894625664,78.16796284168959,8046.333333333333
1780922910,40,GET,/product/66VCHSJNUP,0.400000,0.000000,15,15,15,15,15,15,15,15,15,15,15,14,0,16,27.5585811718234,12.315057218074799,89.01758585125208,7999.571428571428
1780922910,40,GET,/product/6E92ZMYYFZ,0.300000,0.000000,21,21,26,26,26,26,26,26,26,26,26,20,0,19,30.959505448117852,12.670897878706455,73.11239093542099,7989.25
1780922910,40,GET,/product/9SIQT8TOJO,0.300000,0.000000,15,15,83,83,83,83,83,83,83,83,83,27,0,15,27.97351808597644,11.678917333483696,124.30478259921074,8015.444444444444
1780922910,40,GET,/product/L9ECAV7KIM,0.000000,0.000000,64,64,64,64,64,64,64,64,64,64,64,15,0,16,22.349276517828304,10.347440838813782,64.45606332272291,7986.266666666666
1780922910,40,GET,/product/LS4PSXUNUM,0.300000,0.000000,15,15,16,16,16,16,16,16,16,16,16,15,0,16,27.770325479408104,11.441065929830074,98.38776756078005,7998.133333333333
1780922910,40,GET,/product/OLJCESPC7Z,0.400000,0.000000,22,22,74,74,74,74,74,74,74,74,74,19,0,16,29.374784250792704,12.393306009471416,100.98346415907145,8018.894736842105
1780922910,40,,Aggregated,22.800000,0.000000,17,20,23,28,48,60,76,78,83,83,83,1474,0,19,33.21766494640643,10.0204823538661,698.0808135122061,10768.381953867029
1780922911,40,GET,/,17.100000,0.000000,17,18,20,25,48,59,64,76,78,78,78,1125,0,18,32.939005640645824,10.0204823538661,698.0808135122061,10543.350222222221
1780922911,40,POST,/cart,2.300000,0.000000,23,25,29,31,35,82,82,82,82,82,82,138,0,26,40.363278334447436,16.72803144901991,666.5041847154498,17890.318840579712
1780922911,40,POST,/cart/checkout,1.000000,0.000000,21,22,23,23,24,30,30,30,30,30,30,74,0,23,31.958028233635265,16.34348649531603,132.75807350873947,6805.7027027027025
1780922911,40,GET,/product/0PUK6V6EV0,0.500000,0.000000,14,15,19,19,22,22,22,22,22,22,22,21,0,14,17.293575707645644,11.875864118337631,58.52794833481312,7994.0
1780922911,40,GET,/product/1YMWWN1N4O,0.200000,0.000000,12,12,15,15,15,15,15,15,15,15,15,13,0,17,32.46403399568338,12.093309313058853,105.04879988729954,8031.384615384615
1780922911,40,GET,/product/2ZYFJ3GM2N,0.200000,0.000000,42,42,42,42,42,42,42,42,42,42,42,15,0,19,32.042593881487846,11.542392894625664,78.16796284168959,8046.333333333333
1780922911,40,GET,/product/66VCHSJNUP,0.300000,0.000000,15,15,15,15,15,15,15,15,15,15,15,14,0,16,27.5585811718234,12.315057218074799,89.01758585125208,7999.571428571428
1780922911,40,GET,/product/6E92ZMYYFZ,0.300000,0.000000,26,26,26,26,26,26,26,26,26,26,26,21,0,19,30.080861855475675,12.507990002632141,73.11239093542099,7986.285714285715
1780922911,40,GET,/product/9SIQT8TOJO,0.300000,0.000000,15,15,83,83,83,83,83,83,83,83,83,27,0,15,27.97351808597644,11.678917333483696,124.30478259921074,8015.444444444444
1780922911,40,GET,/product/L9ECAV7KIM,0.100000,0.000000,64,64,64,64,64,64,64,64,64,64,64,15,0,16,22.349276517828304,10.347440838813782,64.45606332272291,7986.266666666666
1780922911,40,GET,/product/LS4PSXUNUM,0.300000,0.000000,15,15,15,16,16,16,16,16,16,16,16,16,0,15,26.97382913902402,11.441065929830074,98.38776756078005,7999.125
1780922911,40,GET,/product/OLJCESPC7Z,0.400000,0.000000,22,22,74,74,74,74,74,74,74,74,74,19,0,16,29.374784250792704,12.393306009471416,100.98346415907145,8018.894736842105
1780922911,40,,Aggregated,23.000000,0.000000,17,20,23,25,43,59,74,76,82,82,82,1498,0,19,32.94725555650522,10.0204823538661,698.0808135122061,10763.013351134847
1780922912,40,GET,/,17.200000,0.000000,16,18,19,20,36,58,64,76,78,78,78,1141,0,18,32.691708139056544,10.0204823538661,698.0808135122061,10543.589833479404
1780922912,40,POST,/cart,2.200000,0.000000,23,25,29,31,35,82,82,82,82,82,82,139,0,26,40.24146294234682,16.72803144901991,666.5041847154498,17936.244604316547
1780922912,40,POST,/cart/checkout,1.200000,0.000000,21,22,24,24,29,30,30,30,30,30,30,76,0,23,31.772566493600607,16.34348649531603,132.75807350873947,6805.868421052632
1780922912,40,GET,/product/0PUK6V6EV0,0.700000,0.000000,14,15,19,19,22,22,22,22,22,22,22,21,0,14,17.293575707645644,11.875864118337631,58.52794833481312,7994.0
1780922912,40,GET,/product/1YMWWN1N4O,0.300000,0.000000,12,12,15,15,15,15,15,15,15,15,15,13,0,17,32.46403399568338,12.093309313058853,105.04879988729954,8031.384615384615
1780922912,40,GET,/product/2ZYFJ3GM2N,0.200000,0.000000,42,42,42,42,42,42,42,42,42,42,42,15,0,19,32.042593881487846,11.542392894625664,78.16796284168959,8046.333333333333
1780922912,40,GET,/product/66VCHSJNUP,0.200000,0.000000,15,15,15,15,15,15,15,15,15,15,15,14,0,16,27.5585811718234,12.315057218074799,89.01758585125208,7999.571428571428
1780922912,40,GET,/product/6E92ZMYYFZ,0.100000,0.000000,26,26,26,26,26,26,26,26,26,26,26,21,0,19,30.080861855475675,12.507990002632141,73.11239093542099,7986.285714285715
1780922912,40,GET,/product/9SIQT8TOJO,0.400000,0.000000,15,15,15,15,15,15,15,15,15,15,15,27,0,15,27.97351808597644,11.678917333483696,124.30478259921074,8015.444444444444
1780922912,40,GET,/product/L9ECAV7KIM,0.200000,0.000000,64,64,64,64,64,64,64,64,64,64,64,15,0,16,22.349276517828304,10.347440838813782,64.45606332272291,7986.266666666666
1780922912,40,GET,/product/LS4PSXUNUM,0.400000,0.000000,15,15,15,15,15,15,15,15,15,15,15,16,0,15,26.97382913902402,11.441065929830074,98.38776756078005,7999.125
1780922912,40,GET,/product/OLJCESPC7Z,0.400000,0.000000,16,22,22,74,74,74,74,74,74,74,74,20,0,16,28.445904003456235,10.79717930406332,100.98346415907145,8022.75
1780922912,40,,Aggregated,23.500000,0.000000,17,19,22,23,35,58,74,76,82,82,82,1518,0,19,32.729838963730536,10.0204823538661,698.0808135122061,10762.816205533596
1780922913,40,GET,/,17.200000,0.000000,16,17,19,20,35,56,64,76,78,78,78,1159,0,18,32.47748228469807,10.0204823538661,698.0808135122061,10543.74374460742
1780922913,40,POST,/cart,2.000000,0.000000,23,27,31,31,35,82,82,82,82,82,82,140,0,26,40.11901640333235,16.72803144901991,666.5041847154498,17935.914285714287
1780922913,40,POST,/cart/checkout,1.100000,0.000000,21,22,23,24,29,30,30,30,30,30,30,77,0,23,31.618625046564386,16.34348649531603,132.75807350873947,6805.597402597403
1780922913,40,GET,/product/0PUK6V6EV0,0.700000,0.000000,14,15,19,19,22,22,22,22,22,22,22,22,0,14,17.16476898979057,11.875864118337631,58.52794833481312,7997.136363636364
1780922913,40,GET,/product/1YMWWN1N4O,0.200000,0.000000,12,12,15,15,15,15,15,15,15,15,15,14,0,15,30.984173861465283,11.745992116630077,105.04879988729954,8033.857142857143
1780922913,40,GET,/product/2ZYFJ3GM2N,0.200000,0.000000,42,42,42,42,42,42,42,42,42,42,42,16,0,18,30.801114917267114,11.542392894625664,78.16796284168959,8048.25
1780922913,40,GET,/product/66VCHSJNUP,0.100000,0.000000,15,15,15,15,15,15,15,15,15,15,15,14,0,16,27.5585811718234,12.315057218074799,89.01758585125208,7999.571428571428
1780922913,40,GET,/product/6E92ZMYYFZ,0.100000,0.000000,26,26,26,26,26,26,26,26,26,26,26,21,0,19,30.080861855475675,12.507990002632141,73.11239093542099,7986.285714285715
1780922913,40,GET,/product/9SIQT8TOJO,0.400000,0.000000,15,15,15,15,15,15,15,15,15,15,15,27,0,15,27.97351808597644,11.678917333483696,124.30478259921074,8015.444444444444
1780922913,40,GET,/product/L9ECAV7KIM,0.200000,0.000000,64,64,64,64,64,64,64,64,64,64,64,15,0,16,22.349276517828304,10.347440838813782,64.45606332272291,7986.266666666666
1780922913,40,GET,/product/LS4PSXUNUM,0.500000,0.000000,15,15,15,15,15,15,15,15,15,15,15,17,0,15,26.2171956436599,11.441065929830074,98.38776756078005,8002.0
1780922913,40,GET,/product/OLJCESPC7Z,0.400000,0.000000,16,22,25,25,74,74,74,74,74,74,74,22,0,16,27.625938919796184,10.79717930406332,100.98346415907145,8018.318181818182
1780922913,40,,Aggregated,23.100000,0.000000,17,19,21,23,35,58,74,76,82,82,82,1544,0,19,32.48602651370873,10.0204823538661,698.0808135122061,10751.810233160622
1780922914,40,GET,/,17.300000,0.000000,16,17,18,19,22,35,59,64,75,75,75,1175,0,18,32.299511677565725,10.0204823538661,698.0808135122061,10543.742127659574
1780922914,40,POST,/cart,2.000000,0.000000,23,27,31,34,48,83,83,83,83,83,83,146,0,26,40.132777790908946,16.72803144901991,666.5041847154498,17992.50684931507
1780922914,40,POST,/cart/checkout,1.200000,0.000000,21,21,25,25,29,30,30,30,30,30,30,78,0,23,31.528204285468046,16.34348649531603,132.75807350873947,6805.358974358975
1780922914,40,GET,/product/0PUK6V6EV0,0.700000,0.000000,14,14,19,19,22,22,22,22,22,22,22,22,0,14,17.16476898979057,11.875864118337631,58.52794833481312,7997.136363636364
1780922914,40,GET,/product/1YMWWN1N4O,0.200000,0.000000,12,12,15,15,15,15,15,15,15,15,15,14,0,15,30.984173861465283,11.745992116630077,105.04879988729954,8033.857142857143
1780922914,40,GET,/product/2ZYFJ3GM2N,0.100000,0.000000,42,42,42,42,42,42,42,42,42,42,42,16,0,18,30.801114917267114,11.542392894625664,78.16796284168959,8048.25
1780922914,40,GET,/product/66VCHSJNUP,0.000000,0.000000,15,15,15,15,15,15,15,15,15,15,15,14,0,16,27.5585811718234,12.315057218074799,89.01758585125208,7999.571428571428
1780922914,40,GET,/product/6E92ZMYYFZ,0.200000,0.000000,26,26,26,26,26,26,26,26,26,26,26,21,0,19,30.080861855475675,12.507990002632141,73.11239093542099,7986.285714285715
1780922914,40,GET,/product/9SIQT8TOJO,0.200000,0.000000,15,15,15,15,15,15,15,15,15,15,15,27,0,15,27.97351808597644,11.678917333483696,124.30478259921074,8015.444444444444
1780922914,40,GET,/product/L9ECAV7KIM,0.200000,0.000000,15,15,64,64,64,64,64,64,64,64,64,16,0,15,21.73161885002628,10.347440838813782,64.45606332272291,7989.6875
1780922914,40,GET,/product/LS4PSXUNUM,0.300000,0.000000,15,15,15,15,15,15,15,15,15,15,15,17,0,15,26.2171956436599,11.441065929830074,98.38776756078005,8002.0
1780922914,40,GET,/product/OLJCESPC7Z,0.500000,0.000000,16,22,22,25,25,25,25,25,25,25,25,22,0,16,27.625938919796184,10.79717930406332,100.98346415907145,8018.318181818182
1780922914,40,,Aggregated,22.900000,0.000000,16,18,20,21,27,40,59,64,83,83,83,1568,0,19,32.36524554264105,10.0204823538661,698.0808135122061,10778.188137755102
1780922915,40,GET,/,17.100000,0.000000,16,17,17,18,22,43,59,64,75,75,75,1188,0,18,32.15600343606112,10.0204823538661,698.0808135122061,10543.854377104377
1780922915,40,POST,/cart,1.800000,0.000000,23,27,31,34,48,83,83,83,83,83,83,148,0,26,39.90048011513175,16.72803144901991,666.5041847154498,17991.25
1780922915,40,POST,/cart/checkout,1.200000,0.000000,21,21,25,25,29,30,30,30,30,30,30,79,0,23,31.425684655108785,16.34348649531603,132.75807350873947,6805.455696202532
1780922915,40,GET,/product/0PUK6V6EV0,0.700000,0.000000,14,19,19,22,22,22,22,22,22,22,22,22,0,14,17.16476898979057,11.875864118337631,58.52794833481312,7997.136363636364
1780922915,40,GET,/product/1YMWWN1N4O,0.200000,0.000000,12,12,15,15,15,15,15,15,15,15,15,14,0,15,30.984173861465283,11.745992116630077,105.04879988729954,8033.857142857143
1780922915,40,GET,/product/2ZYFJ3GM2N,0.100000,0.000000,42,42,42,42,42,42,42,42,42,42,42,16,0,18,30.801114917267114,11.542392894625664,78.16796284168959,8048.25
1780922915,40,GET,/product/66VCHSJNUP,0.000000,0.000000,15,15,15,15,15,15,15,15,15,15,15,15,0,16,26.73862650990486,12.315057218074799,89.01758585125208,7996.8
1780922915,40,GET,/product/6E92ZMYYFZ,0.200000,0.000000,26,26,26,26,26,26,26,26,26,26,26,21,0,19,30.080861855475675,12.507990002632141,73.11239093542099,7986.285714285715
1780922915,40,GET,/product/9SIQT8TOJO,0.200000,0.000000,15,15,15,15,15,15,15,15,15,15,15,27,0,15,27.97351808597644,11.678917333483696,124.30478259921074,8015.444444444444
1780922915,40,GET,/product/L9ECAV7KIM,0.200000,0.000000,15,15,64,64,64,64,64,64,64,64,64,16,0,15,21.73161885002628,10.347440838813782,64.45606332272291,7989.6875
1780922915,40,GET,/product/LS4PSXUNUM,0.400000,0.000000,15,15,15,15,15,15,15,15,15,15,15,17,0,15,26.2171956436599,11.441065929830074,98.38776756078005,8002.0
1780922915,40,GET,/product/OLJCESPC7Z,0.700000,0.000000,22,22,25,25,25,25,25,25,25,25,25,22,0,16,27.625938919796184,10.79717930406332,100.98346415907145,8018.318181818182
1780922915,40,,Aggregated,22.800000,0.000000,16,17,20,21,27,43,59,64,83,83,83,1585,0,19,32.22882320887001,10.0204823538661,698.0808135122061,10781.054258675078
1780922916,40,GET,/,17.500000,0.000000,16,17,17,18,28,43,56,59,75,75,75,1209,0,18,31.967917300847024,10.0204823538661,698.0808135122061,10543.889164598842
1780922916,40,POST,/cart,2.000000,0.000000,23,27,27,31,48,83,83,83,83,83,83,149,0,26,39.81388740291531,16.72803144901991,666.5041847154498,18000.261744966443
1780922916,40,POST,/cart/checkout,1.000000,0.000000,21,23,23,25,29,41,41,41,41,41,41,81,0,23,31.44053222588551,16.34348649531603,132.75807350873947,6805.061728395061
1780922916,40,GET,/product/0PUK6V6EV0,0.700000,0.000000,15,15,19,19,22,22,22,22,22,22,22,23,0,14,17.050440787621167,11.875864118337631,58.52794833481312,7995.0
1780922916,40,GET,/product/1YMWWN1N4O,0.300000,0.000000,12,12,15,15,15,15,15,15,15,15,15,14,0,15,30.984173861465283,11.745992116630077,105.04879988729954,8033.857142857143
1780922916,40,GET,/product/2ZYFJ3GM2N,0.200000,0.000000,42,42,55,55,55,55,55,55,55,55,55,17,0,19,32.2397888145026,11.542392894625664,78.16796284168959,8041.764705882353
1780922916,40,GET,/product/66VCHSJNUP,0.000000,0.000000,15,15,15,15,15,15,15,15,15,15,15,15,0,16,26.73862650990486,12.315057218074799,89.01758585125208,7996.8
1780922916,40,GET,/product/6E92ZMYYFZ,0.200000,0.000000,13,13,26,26,26,26,26,26,26,26,26,22,0,18,29.262130360373042,12.068768963217735,73.11239093542099,7988.090909090909
1780922916,40,GET,/product/9SIQT8TOJO,0.100000,0.000000,15,15,15,15,15,15,15,15,15,15,15,27,0,15,27.97351808597644,11.678917333483696,124.30478259921074,8015.444444444444
1780922916,40,GET,/product/L9ECAV7KIM,0.300000,0.000000,15,15,64,64,64,64,64,64,64,64,64,17,0,15,21.350109292303813,10.347440838813782,64.45606332272291,7994.117647058823
1780922916,40,GET,/product/LS4PSXUNUM,0.400000,0.000000,15,15,15,15,15,15,15,15,15,15,15,18,0,15,25.354596837941145,10.690417140722275,98.38776756078005,7999.944444444444
1780922916,40,GET,/product/OLJCESPC7Z,0.700000,0.000000,22,22,25,25,25,25,25,25,25,25,25,22,0,16,27.625938919796184,10.79717930406332,100.98346415907145,8018.318181818182
1780922916,40,,Aggregated,23.400000,0.000000,16,17,20,22,30,48,59,64,83,83,83,1614,0,19,32.05044352122879,10.0204823538661,698.0808135122061,10769.695786864932
1780922917,40,GET,/,17.000000,0.000000,16,16,17,18,27,43,53,59,75,75,75,1222,0,18,31.79599090179035,10.0204823538661,698.0808135122061,10543.923076923076
1780922917,40,POST,/cart,1.900000,0.000000,23,27,27,31,48,83,83,83,83,83,83,151,0,26,39.61030108274411,16.72803144901991,666.5041847154498,18024.66225165563
1780922917,40,POST,/cart/checkout,1.200000,0.000000,23,23,25,25,29,41,41,41,41,41,41,82,0,23,31.337722772505224,16.34348649531603,132.75807350873947,6805.158536585366
1780922917,40,GET,/product/0PUK6V6EV0,0.600000,0.000000,15,19,19,22,22,22,22,22,22,22,22,23,0,14,17.050440787621167,11.875864118337631,58.52794833481312,7995.0
1780922917,40,GET,/product/1YMWWN1N4O,0.300000,0.000000,15,15,15,15,15,15,15,15,15,15,15,14,0,15,30.984173861465283,11.745992116630077,105.04879988729954,8033.857142857143
1780922917,40,GET,/product/2ZYFJ3GM2N,0.100000,0.000000,42,42,55,55,55,55,55,55,55,55,55,17,0,19,32.2397888145026,11.542392894625664,78.16796284168959,8041.764705882353
1780922917,40,GET,/product/66VCHSJNUP,0.100000,0.000000,15,15,15,15,15,15,15,15,15,15,15,16,0,15,26.03045420255512,12.315057218074799,89.01758585125208,7994.875
1780922917,40,GET,/product/6E92ZMYYFZ,0.100000,0.000000,13,13,13,13,13,13,13,13,13,13,13,22,0,18,29.262130360373042,12.068768963217735,73.11239093542099,7988.090909090909
1780922917,40,GET,/product/9SIQT8TOJO,0.100000,0.000000,15,15,15,15,15,15,15,15,15,15,15,28,0,15,27.52074908598193,11.678917333483696,124.30478259921074,8013.678571428572
1780922917,40,GET,/product/L9ECAV7KIM,0.300000,0.000000,15,15,64,64,64,64,64,64,64,64,64,17,0,15,21.350109292303813,10.347440838813782,64.45606332272291,7994.117647058823
1780922917,40,GET,/product/LS4PSXUNUM,0.300000,0.000000,15,15,15,15,15,15,15,15,15,15,15,18,0,15,25.354596837941145,10.690417140722275,98.38776756078005,7999.944444444444
1780922917,40,GET,/product/OLJCESPC7Z,0.500000,0.000000,22,22,25,25,25,25,25,25,25,25,25,22,0,16,27.625938919796184,10.79717930406332,100.98346415907145,8018.318181818182
1780922917,40,,Aggregated,22.500000,0.000000,16,17,20,22,29,43,56,64,83,83,83,1632,0,19,31.88572607948171,10.0204823538661,698.0808135122061,10773.180759803921
1780922918,40,GET,/,16.600000,0.000000,16,16,17,17,30,43,53,59,75,75,75,1239,0,18,31.609269644526872,10.0204823538661,698.0808135122061,10544.099273607748
1780922918,40,POST,/cart,2.100000,0.000000,23,27,27,37,48,83,83,83,83,83,83,153,0,26,39.497934190519885,16.72803144901991,666.5041847154498,18023.0
1780922918,40,POST,/cart/checkout,1.200000,0.000000,23,23,25,25,29,41,41,41,41,41,41,82,0,23,31.337722772505224,16.34348649531603,132.75807350873947,6805.158536585366
1780922918,40,GET,/product/0PUK6V6EV0,0.600000,0.000000,15,15,22,22,22,22,22,22,22,22,22,23,0,14,17.050440787621167,11.875864118337631,58.52794833481312,7995.0
1780922918,40,GET,/product/1YMWWN1N4O,0.300000,0.000000,15,15,15,15,15,15,15,15,15,15,15,14,0,15,30.984173861465283,11.745992116630077,105.04879988729954,8033.857142857143
1780922918,40,GET,/product/2ZYFJ3GM2N,0.200000,0.000000,42,42,55,55,55,55,55,55,55,55,55,18,0,19,32.77868932733933,11.542392894625664,78.16796284168959,8042.388888888889
1780922918,40,GET,/product/66VCHSJNUP,0.100000,0.000000,15,15,15,15,15,15,15,15,15,15,15,16,0,15,26.03045420255512,12.315057218074799,89.01758585125208,7994.875
1780922918,40,GET,/product/6E92ZMYYFZ,0.100000,0.000000,13,13,13,13,13,13,13,13,13,13,13,22,0,18,29.262130360373042,12.068768963217735,73.11239093542099,7988.090909090909
1780922918,40,GET,/product/9SIQT8TOJO,0.100000,0.000000,15,15,15,15,15,15,15,15,15,15,15,28,0,15,27.52074908598193,11.678917333483696,124.30478259921074,8013.678571428572
1780922918,40,GET,/product/L9ECAV7KIM,0.300000,0.000000,15,15,64,64,64,64,64,64,64,64,64,17,0,15,21.350109292303813,10.347440838813782,64.45606332272291,7994.117647058823
1780922918,40,GET,/product/LS4PSXUNUM,0.400000,0.000000,15,15,15,15,15,15,15,15,15,15,15,18,0,15,25.354596837941145,10.690417140722275,98.38776756078005,7999.944444444444
1780922918,40,GET,/product/OLJCESPC7Z,0.400000,0.000000,14,16,16,25,25,25,25,25,25,25,25,24,0,16,26.512522522049647,10.79717930406332,100.98346415907145,8019.166666666667
1780922918,40,,Aggregated,22.400000,0.000000,16,17,19,23,35,43,56,64,83,83,83,1654,0,19,31.728650253500334,10.0204823538661,698.0808135122061,10774.60761789601
1780922919,40,GET,/,16.600000,0.000000,16,17,17,17,27,39,48,53,75,75,75,1257,0,18,31.42619860197759,10.0204823538661,698.0808135122061,10544.165473349245
1780922919,40,POST,/cart,2.000000,0.000000,24,26,27,37,48,83,83,83,83,83,83,154,0,26,39.39606806916463,16.72803144901991,666.5041847154498,18031.415584415583
1780922919,40,POST,/cart/checkout,1.300000,0.000000,23,23,25,29,41,41,41,41,41,41,41,82,0,23,31.337722772505224,16.34348649531603,132.75807350873947,6805.158536585366
1780922919,40,GET,/product/0PUK6V6EV0,0.500000,0.000000,15,15,15,22,22,22,22,22,22,22,22,24,0,14,16.98236373097946,11.875864118337631,58.52794833481312,7992.208333333333
1780922919,40,GET,/product/1YMWWN1N4O,0.200000,0.000000,15,15,15,15,15,15,15,15,15,15,15,14,0,15,30.984173861465283,11.745992116630077,105.04879988729954,8033.857142857143
1780922919,40,GET,/product/2ZYFJ3GM2N,0.200000,0.000000,17,42,42,55,55,55,55,55,55,55,55,20,0,18,30.86163983680308,10.085678659379482,78.16796284168959,8040.2
1780922919,40,GET,/product/66VCHSJNUP,0.200000,0.000000,15,15,73,73,73,73,73,73,73,73,73,18,0,15,27.878163382411003,12.101725675165653,89.01758585125208,7988.666666666667
1780922919,40,GET,/product/6E92ZMYYFZ,0.200000,0.000000,13,13,13,13,13,13,13,13,13,13,13,22,0,18,29.262130360373042,12.068768963217735,73.11239093542099,7988.090909090909
1780922919,40,GET,/product/9SIQT8TOJO,0.200000,0.000000,15,15,15,15,15,15,15,15,15,15,15,28,0,15,27.52074908598193,11.678917333483696,124.30478259921074,8013.678571428572
1780922919,40,GET,/product/L9ECAV7KIM,0.400000,0.000000,15,15,64,64,64,64,64,64,64,64,64,18,0,15,20.71446920227673,9.908587671816349,64.45606332272291,7997.611111111111
1780922919,40,GET,/product/LS4PSXUNUM,0.400000,0.000000,14,14,15,15,15,15,15,15,15,15,15,18,0,15,25.354596837941145,10.690417140722275,98.38776756078005,7999.944444444444
1780922919,40,GET,/product/OLJCESPC7Z,0.300000,0.000000,14,16,16,25,25,25,25,25,25,25,25,24,0,16,26.512522522049647,10.79717930406332,100.98346415907145,8019.166666666667
1780922919,40,,Aggregated,22.500000,0.000000,16,17,19,23,33,42,53,73,83,83,83,1679,0,19,31.55432153990167,9.908587671816349,698.0808135122061,10767.302561048244
1780922920,40,GET,/,16.600000,0.000000,16,16,17,17,23,38,48,53,75,75,75,1277,0,18,31.179746155632177,10.0204823538661,698.0808135122061,10544.297572435395
1780922920,40,POST,/cart,2.100000,0.000000,24,26,27,37,48,83,83,83,83,83,83,157,0,26,39.09273287222074,16.72803144901991,666.5041847154498,18064.84713375796
1780922920,40,POST,/cart/checkout,1.200000,0.000000,23,24,25,29,41,41,41,41,41,41,41,83,0,23,31.253551435937364,16.34348649531603,132.75807350873947,6805.22891566265
1780922920,40,GET,/product/0PUK6V6EV0,0.500000,0.000000,15,15,15,22,22,22,22,22,22,22,22,24,0,14,16.98236373097946,11.875864118337631,58.52794833481312,7992.208333333333
1780922920,40,GET,/product/1YMWWN1N4O,0.200000,0.000000,15,15,15,15,15,15,15,15,15,15,15,14,0,15,30.984173861465283,11.745992116630077,105.04879988729954,8033.857142857143
1780922920,40,GET,/product/2ZYFJ3GM2N,0.300000,0.000000,17,17,42,42,55,55,55,55,55,55,55,21,0,18,30.168480372854642,10.085678659379482,78.16796284168959,8036.0952380952385
1780922920,40,GET,/product/66VCHSJNUP,0.200000,0.000000,15,70,70,73,73,73,73,73,73,73,73,19,0,16,30.08443024009466,12.101725675165653,89.01758585125208,7990.368421052632
1780922920,40,GET,/product/6E92ZMYYFZ,0.200000,0.000000,13,13,13,13,13,13,13,13,13,13,13,22,0,18,29.262130360373042,12.068768963217735,73.11239093542099,7988.090909090909
1780922920,40,GET,/product/9SIQT8TOJO,0.200000,0.000000,15,15,15,15,15,15,15,15,15,15,15,28,0,15,27.52074908598193,11.678917333483696,124.30478259921074,8013.678571428572
1780922920,40,GET,/product/L9ECAV7KIM,0.400000,0.000000,15,15,64,64,64,64,64,64,64,64,64,18,0,15,20.71446920227673,9.908587671816349,64.45606332272291,7997.611111111111
1780922920,40,GET,/product/LS4PSXUNUM,0.400000,0.000000,14,14,15,15,15,15,15,15,15,15,15,18,0,15,25.354596837941145,10.690417140722275,98.38776756078005,7999.944444444444
1780922920,40,GET,/product/OLJCESPC7Z,0.500000,0.000000,14,16,16,25,25,25,25,25,25,25,25,24,0,16,26.512522522049647,10.79717930406332,100.98346415907145,8019.166666666667
1780922920,40,,Aggregated,22.800000,0.000000,16,17,19,23,33,42,55,73,83,83,83,1705,0,19,31.363359922843596,9.908587671816349,698.0808135122061,10775.062756598241
1780922921,40,GET,/,17.100000,0.000000,16,17,17,18,32,39,50,53,75,75,75,1291,0,18,31.05515992812853,10.0204823538661,698.0808135122061,10544.359411309062
1780922921,40,POST,/cart,1.800000,0.000000,23,25,27,27,40,48,83,83,83,83,83,160,0,26,38.76952907303348,16.72803144901991,666.5041847154498,18034.8
1780922921,40,POST,/cart/checkout,1.100000,0.000000,23,24,25,25,41,41,41,41,41,41,41,83,0,23,31.253551435937364,16.34348649531603,132.75807350873947,6805.22891566265
1780922921,40,GET,/product/0PUK6V6EV0,0.500000,0.000000,15,15,15,15,15,15,15,15,15,15,15,24,0,14,16.98236373097946,11.875864118337631,58.52794833481312,7992.208333333333
1780922921,40,GET,/product/1YMWWN1N4O,0.200000,0.000000,12,12,12,12,12,12,12,12,12,12,12,14,0,15,30.984173861465283,11.745992116630077,105.04879988729954,8033.857142857143
1780922921,40,GET,/product/2ZYFJ3GM2N,0.400000,0.000000,17,17,42,42,55,55,55,55,55,55,55,21,0,18,30.168480372854642,10.085678659379482,78.16796284168959,8036.0952380952385
1780922921,40,GET,/product/66VCHSJNUP,0.400000,0.000000,15,70,70,73,73,73,73,73,73,73,73,19,0,16,30.08443024009466,12.101725675165653,89.01758585125208,7990.368421052632
1780922921,40,GET,/product/6E92ZMYYFZ,0.200000,0.000000,13,13,13,13,13,13,13,13,13,13,13,22,0,18,29.262130360373042,12.068768963217735,73.11239093542099,7988.090909090909
1780922921,40,GET,/product/9SIQT8TOJO,0.200000,0.000000,15,15,15,15,15,15,15,15,15,15,15,28,0,15,27.52074908598193,11.678917333483696,124.30478259921074,8013.678571428572
1780922921,40,GET,/product/L9ECAV7KIM,0.400000,0.000000,12,12,15,15,15,15,15,15,15,15,15,18,0,15,20.71446920227673,9.908587671816349,64.45606332272291,7997.611111111111
1780922921,40,GET,/product/LS4PSXUNUM,0.400000,0.000000,14,14,14,14,14,14,14,14,14,14,14,18,0,15,25.354596837941145,10.690417140722275,98.38776756078005,7999.944444444444
1780922921,40,GET,/product/OLJCESPC7Z,0.500000,0.000000,16,16,25,25,25,25,25,25,25,25,25,24,0,16,26.512522522049647,10.79717930406332,100.98346415907145,8019.166666666667
1780922921,40,,Aggregated,23.200000,0.000000,16,17,20,23,37,43,55,73,83,83,83,1722,0,19,31.25189888830817,9.908587671816349,698.0808135122061,10783.141114982578
1780922922,40,GET,/,16.600000,0.000000,16,17,17,18,37,40,50,53,75,75,75,1308,0,18,30.907738076619783,10.0204823538661,698.0808135122061,10544.383027522936
1780922922,40,POST,/cart,1.900000,0.000000,24,26,27,29,40,48,83,83,83,83,83,161,0,26,38.708290860334536,16.72803144901991,666.5041847154498,18033.900621118013
1780922922,40,POST,/cart/checkout,0.900000,0.000000,23,24,25,25,41,41,41,41,41,41,41,83,0,23,31.253551435937364,16.34348649531603,132.75807350873947,6805.22891566265
1780922922,40,GET,/product/0PUK6V6EV0,0.300000,0.000000,15,15,15,15,15,15,15,15,15,15,15,25,0,14,16.76983080804348,11.669040657579899,58.52794833481312,7993.52
1780922922,40,GET,/product/1YMWWN1N4O,0.100000,0.000000,26,26,26,26,26,26,26,26,26,26,26,15,0,17,30.64908441156149,11.745992116630077,105.04879988729954,8029.066666666667
1780922922,40,GET,/product/2ZYFJ3GM2N,0.600000,0.000000,17,20,42,42,55,55,55,55,55,55,55,22,0,18,29.6847021037882,10.085678659379482,78.16796284168959,8037.272727272727
1780922922,40,GET,/product/66VCHSJNUP,0.400000,0.000000,15,70,70,73,73,73,73,73,73,73,73,19,0,16,30.08443024009466,12.101725675165653,89.01758585125208,7990.368421052632
1780922922,40,GET,/product/6E92ZMYYFZ,0.200000,0.000000,13,13,13,13,13,13,13,13,13,13,13,22,0,18,29.262130360373042,12.068768963217735,73.11239093542099,7988.090909090909
1780922922,40,GET,/product/9SIQT8TOJO,0.100000,0.000000,15,15,15,15,15,15,15,15,15,15,15,28,0,15,27.52074908598193,11.678917333483696,124.30478259921074,8013.678571428572
1780922922,40,GET,/product/L9ECAV7KIM,0.300000,0.000000,15,15,21,21,21,21,21,21,21,21,21,19,0,15,20.724687186118803,9.908587671816349,64.45606332272291,7993.736842105263
1780922922,40,GET,/product/LS4PSXUNUM,0.300000,0.000000,14,14,14,14,14,14,14,14,14,14,14,18,0,15,25.354596837941145,10.690417140722275,98.38776756078005,7999.944444444444
1780922922,40,GET,/product/OLJCESPC7Z,0.500000,0.000000,16,25,25,60,60,60,60,60,60,60,60,25,0,16,27.851205617189407,10.79717930406332,100.98346415907145,8019.68
1780922922,40,,Aggregated,22.200000,0.000000,16,18,22,23,38,48,60,73,83,83,83,1745,0,19,31.127696528091473,9.908587671816349,698.0808135122061,10776.933524355301
1780922923,40,GET,/,16.700000,0.000000,16,17,17,19,37,48,51,63,68,68,68,1327,0,18,30.827571237186067,10.0204823538661,698.0808135122061,10544.608138658628
1780922923,40,POST,/cart,2.200000,0.000000,24,25,27,29,55,83,83,83,83,83,83,162,0,26,38.8091297785717,16.72803144901991,666.5041847154498,18024.327160493827
1780922923,40,POST,/cart/checkout,0.900000,0.000000,24,25,25,25,41,41,41,41,41,41,41,85,0,23,31.05877849328167,16.34348649531603,132.75807350873947,6805.2588235294115
1780922923,40,GET,/product/0PUK6V6EV0,0.300000,0.000000,15,15,15,15,15,15,15,15,15,15,15,25,0,14,16.76983080804348,11.669040657579899,58.52794833481312,7993.52
1780922923,40,GET,/product/1YMWWN1N4O,0.100000,0.000000,12,12,26,26,26,26,26,26,26,26,26,16,0,15,29.319626628421247,9.377759881317616,105.04879988729954,8029.875
1780922923,40,GET,/product/2ZYFJ3GM2N,0.600000,0.000000,17,20,42,42,55,55,55,55,55,55,55,22,0,18,29.6847021037882,10.085678659379482,78.16796284168959,8037.272727272727
1780922923,40,GET,/product/66VCHSJNUP,0.500000,0.000000,49,49,70,70,73,73,73,73,73,73,73,20,0,16,31.045046402141452,12.101725675165653,89.01758585125208,7987.35
1780922923,40,GET,/product/6E92ZMYYFZ,0.200000,0.000000,12,12,12,12,12,12,12,12,12,12,12,22,0,18,29.262130360373042,12.068768963217735,73.11239093542099,7988.090909090909
1780922923,40,GET,/product/9SIQT8TOJO,0.100000,0.000000,15,15,15,15,15,15,15,15,15,15,15,28,0,15,27.52074908598193,11.678917333483696,124.30478259921074,8013.678571428572
1780922923,40,GET,/product/L9ECAV7KIM,0.300000,0.000000,15,21,21,85,85,85,85,85,85,85,85,20,0,15,23.926814878359437,9.908587671816349,84.76724103093147,7995.6
1780922923,40,GET,/product/LS4PSXUNUM,0.200000,0.000000,11,11,11,11,11,11,11,11,11,11,11,18,0,15,25.354596837941145,10.690417140722275,98.38776756078005,7999.944444444444
1780922923,40,GET,/product/OLJCESPC7Z,0.500000,0.000000,16,25,25,60,60,60,60,60,60,60,60,25,0,16,27.851205617189407,10.79717930406332,100.98346415907145,8019.68
1780922923,40,,Aggregated,22.600000,0.000000,16,18,23,24,39,51,68,73,85,85,85,1770,0,18,31.097815492542956,9.377759881317616,698.0808135122061,10768.638418079096
1780922924,40,GET,/,16.800000,0.000000,16,17,17,19,37,42,50,63,68,68,68,1343,0,18,30.651506092690614,10.0204823538661,698.0808135122061,10544.862248696947
1780922924,40,POST,/cart,2.200000,0.000000,24,25,26,27,37,55,55,55,55,55,55,165,0,26,38.53011734106324,16.72803144901991,666.5041847154498,18051.872727272726
1780922924,40,POST,/cart/checkout,0.800000,0.000000,24,24,25,25,41,41,41,41,41,41,41,85,0,23,31.05877849328167,16.34348649531603,132.75807350873947,6805.2588235294115
1780922924,40,GET,/product/0PUK6V6EV0,0.300000,0.000000,15,15,37,37,37,37,37,37,37,37,37,26,0,14,17.56064869606724,11.669040657579899,58.52794833481312,7996.192307692308
1780922924,40,GET,/product/1YMWWN1N4O,0.200000,0.000000,12,12,26,26,26,26,26,26,26,26,26,16,0,15,29.319626628421247,9.377759881317616,105.04879988729954,8029.875
1780922924,40,GET,/product/2ZYFJ3GM2N,0.700000,0.000000,17,20,42,42,55,55,55,55,55,55,55,23,0,18,28.95235375541708,10.085678659379482,78.16796284168959,8034.869565217391
1780922924,40,GET,/product/66VCHSJNUP,0.500000,0.000000,16,49,70,70,73,73,73,73,73,73,73,21,0,16,30.33335054559367,12.101725675165653,89.01758585125208,7989.523809523809
1780922924,40,GET,/product/6E92ZMYYFZ,0.100000,0.000000,15,15,15,15,15,15,15,15,15,15,15,23,0,18,28.651619977925133,12.068768963217735,73.11239093542099,7988.695652173913
1780922924,40,GET,/product/9SIQT8TOJO,0.100000,0.000000,15,15,15,15,15,15,15,15,15,15,15,28,0,15,27.52074908598193,11.678917333483696,124.30478259921074,8013.678571428572
1780922924,40,GET,/product/L9ECAV7KIM,0.400000,0.000000,21,21,85,85,85,85,85,85,85,85,85,20,0,15,23.926814878359437,9.908587671816349,84.76724103093147,7995.6
1780922924,40,GET,/product/LS4PSXUNUM,0.200000,0.000000,11,11,11,11,11,11,11,11,11,11,11,18,0,15,25.354596837941145,10.690417140722275,98.38776756078005,7999.944444444444
1780922924,40,GET,/product/OLJCESPC7Z,0.500000,0.000000,16,16,60,60,60,60,60,60,60,60,60,25,0,16,27.851205617189407,10.79717930406332,100.98346415907145,8019.68
1780922924,40,,Aggregated,22.800000,0.000000,16,18,22,24,39,50,63,70,85,85,85,1793,0,18,30.926827116928084,9.377759881317616,698.0808135122061,10775.372559955382
1780922925,40,GET,/,16.500000,0.000000,16,17,17,19,33,40,50,63,68,68,68,1358,0,18,30.498056545639646,10.0204823538661,698.0808135122061,10545.011045655376
1780922925,40,POST,/cart,2.200000,0.000000,24,25,26,26,37,55,55,55,55,55,55,167,0,26,38.33118277395557,16.72803144901991,666.5041847154498,18058.263473053892
1780922925,40,POST,/cart/checkout,0.900000,0.000000,24,25,25,41,41,41,41,41,41,41,41,85,0,23,31.05877849328167,16.34348649531603,132.75807350873947,6805.2588235294115
1780922925,40,GET,/product/0PUK6V6EV0,0.400000,0.000000,15,15,37,37,37,37,37,37,37,37,37,26,0,14,17.56064869606724,11.669040657579899,58.52794833481312,7996.192307692308
1780922925,40,GET,/product/1YMWWN1N4O,0.300000,0.000000,12,12,26,26,26,26,26,26,26,26,26,16,0,15,29.319626628421247,9.377759881317616,105.04879988729954,8029.875
1780922925,40,GET,/product/2ZYFJ3GM2N,0.700000,0.000000,17,20,42,42,55,55,55,55,55,55,55,23,0,18,28.95235375541708,10.085678659379482,78.16796284168959,8034.869565217391
1780922925,40,GET,/product/66VCHSJNUP,0.500000,0.000000,49,49,70,70,73,73,73,73,73,73,73,21,0,16,30.33335054559367,12.101725675165653,89.01758585125208,7989.523809523809
1780922925,40,GET,/product/6E92ZMYYFZ,0.100000,0.000000,15,15,15,15,15,15,15,15,15,15,15,23,0,18,28.651619977925133,12.068768963217735,73.11239093542099,7988.695652173913
1780922925,40,GET,/product/9SIQT8TOJO,0.100000,0.000000,15,15,15,15,15,15,15,15,15,15,15,28,0,15,27.52074908598193,11.678917333483696,124.30478259921074,8013.678571428572
1780922925,40,GET,/product/L9ECAV7KIM,0.500000,0.000000,21,21,85,85,85,85,85,85,85,85,85,20,0,15,23.926814878359437,9.908587671816349,84.76724103093147,7995.6
1780922925,40,GET,/product/LS4PSXUNUM,0.100000,0.000000,11,11,11,11,11,11,11,11,11,11,11,18,0,15,25.354596837941145,10.690417140722275,98.38776756078005,7999.944444444444
1780922925,40,GET,/product/OLJCESPC7Z,0.300000,0.000000,15,16,16,60,60,60,60,60,60,60,60,27,0,16,26.887166175853324,10.79717930406332,100.98346415907145,8025.185185185185
1780922925,40,,Aggregated,22.600000,0.000000,16,18,22,23,37,48,63,70,85,85,85,1812,0,18,30.781843617792852,9.377759881317616,698.0808135122061,10779.236754966887
1780922926,40,GET,/,16.800000,0.000000,16,17,18,19,39,48,53,66,68,68,68,1380,0,18,30.433188902511112,10.0204823538661,698.0808135122061,10545.312318840579
1780922926,40,POST,/cart,2.000000,0.000000,24,25,28,29,55,55,55,55,55,55,55,170,0,26,38.270154146148876,16.72803144901991,666.5041847154498,18063.358823529412
1780922926,40,POST,/cart/checkout,0.800000,0.000000,24,24,25,25,25,25,25,25,25,25,25,85,0,23,31.05877849328167,16.34348649531603,132.75807350873947,6805.2588235294115
1780922926,40,GET,/product/0PUK6V6EV0,0.400000,0.000000,15,15,37,37,37,37,37,37,37,37,37,26,0,14,17.56064869606724,11.669040657579899,58.52794833481312,7996.192307692308
1780922926,40,GET,/product/1YMWWN1N4O,0.200000,0.000000,12,12,26,26,26,26,26,26,26,26,26,16,0,15,29.319626628421247,9.377759881317616,105.04879988729954,8029.875
1780922926,40,GET,/product/2ZYFJ3GM2N,0.700000,0.000000,17,17,20,20,42,42,42,42,42,42,42,23,0,18,28.95235375541708,10.085678659379482,78.16796284168959,8034.869565217391
1780922926,40,GET,/product/66VCHSJNUP,0.600000,0.000000,49,49,70,70,73,73,73,73,73,73,73,21,0,16,30.33335054559367,12.101725675165653,89.01758585125208,7989.523809523809
1780922926,40,GET,/product/6E92ZMYYFZ,0.100000,0.000000,15,15,15,15,15,15,15,15,15,15,15,23,0,18,28.651619977925133,12.068768963217735,73.11239093542099,7988.695652173913
1780922926,40,GET,/product/9SIQT8TOJO,0.100000,0.000000,21,21,21,21,21,21,21,21,21,21,21,29,0,15,27.29759432760806,11.678917333483696,124.30478259921074,8016.827586206897
1780922926,40,GET,/product/L9ECAV7KIM,0.400000,0.000000,21,21,66,66,85,85,85,85,85,85,85,22,0,15,25.397174145010386,9.908587671816349,84.76724103093147,7992.818181818182
1780922926,40,GET,/product/LS4PSXUNUM,0.100000,0.000000,11,11,11,11,11,11,11,11,11,11,11,18,0,15,25.354596837941145,10.690417140722275,98.38776756078005,7999.944444444444
1780922926,40,GET,/product/OLJCESPC7Z,0.300000,0.000000,16,16,16,16,60,60,60,60,60,60,60,28,0,16,26.49441361427307,10.79717930406332,100.98346415907145,8027.428571428572
1780922926,40,,Aggregated,22.500000,0.000000,16,18,22,24,42,53,66,70,85,85,85,1841,0,18,30.733242858603944,9.377759881317616,698.0808135122061,10783.023900054319
1780922927,40,GET,/,16.900000,0.000000,16,17,18,19,39,50,53,66,68,68,68,1394,0,18,30.295447153112768,10.0204823538661,698.0808135122061,10545.551649928264
1780922927,40,POST,/cart,2.000000,0.000000,23,24,26,28,55,55,55,55,55,55,55,172,0,25,38.051280512496135,16.72803144901991,666.5041847154498,18044.633720930233
1780922927,40,POST,/cart/checkout,0.600000,0.000000,23,24,24,25,25,25,25,25,25,25,25,86,0,23,30.94130624518838,16.34348649531603,132.75807350873947,6805.558139534884
1780922927,40,GET,/product/0PUK6V6EV0,0.400000,0.000000,15,15,37,37,37,37,37,37,37,37,37,26,0,14,17.56064869606724,11.669040657579899,58.52794833481312,7996.192307692308
1780922927,40,GET,/product/1YMWWN1N4O,0.200000,0.000000,26,26,44,44,44,44,44,44,44,44,44,17,0,17,30.210156377185793,9.377759881317616,105.04879988729954,8026.470588235294
1780922927,40,GET,/product/2ZYFJ3GM2N,0.700000,0.000000,16,17,17,20,20,20,20,20,20,20,20,23,0,18,28.95235375541708,10.085678659379482,78.16796284168959,8034.869565217391
1780922927,40,GET,/product/66VCHSJNUP,0.600000,0.000000,49,70,70,73,73,73,73,73,73,73,73,21,0,16,30.33335054559367,12.101725675165653,89.01758585125208,7989.523809523809
1780922927,40,GET,/product/6E92ZMYYFZ,0.200000,0.000000,15,15,15,15,15,15,15,15,15,15,15,23,0,18,28.651619977925133,12.068768963217735,73.11239093542099,7988.695652173913
1780922927,40,GET,/product/9SIQT8TOJO,0.100000,0.000000,21,21,21,21,21,21,21,21,21,21,21,29,0,15,27.29759432760806,11.678917333483696,124.30478259921074,8016.827586206897
1780922927,40,GET,/product/L9ECAV7KIM,0.400000,0.000000,21,66,66,85,85,85,85,85,85,85,85,22,0,15,25.397174145010386,9.908587671816349,84.76724103093147,7992.818181818182
1780922927,40,GET,/product/LS4PSXUNUM,0.100000,0.000000,11,11,11,11,11,11,11,11,11,11,11,18,0,15,25.354596837941145,10.690417140722275,98.38776756078005,7999.944444444444
1780922927,40,GET,/product/OLJCESPC7Z,0.400000,0.000000,16,16,17,17,60,60,60,60,60,60,60,29,0,16,26.1678968652569,10.79717930406332,100.98346415907145,8028.275862068966
1780922927,40,,Aggregated,22.600000,0.000000,16,18,22,23,42,53,66,70,85,85,85,1860,0,18,30.610369364180233,9.377759881317616,698.0808135122061,10782.406451612904
1780922928,40,GET,/,17.000000,0.000000,16,17,18,19,42,50,66,71,90,90,90,1412,0,18,30.283545054199845,10.0204823538661,698.0808135122061,10545.716005665723
1780922928,40,POST,/cart,2.000000,0.000000,23,25,28,29,55,95,95,95,95,95,95,174,0,25,38.304317603422994,16.72803144901991,666.5041847154498,18050.96551724138
1780922928,40,POST,/cart/checkout,0.500000,0.000000,24,24,25,25,54,54,54,54,54,54,54,88,0,23,31.12779090985317,16.34348649531603,132.75807350873947,6805.465909090909
1780922928,40,GET,/product/0PUK6V6EV0,0.300000,0.000000,15,15,37,37,37,37,37,37,37,37,37,26,0,14,17.56064869606724,11.669040657579899,58.52794833481312,7996.192307692308
1780922928,40,GET,/product/1YMWWN1N4O,0.200000,0.000000,26,26,44,44,44,44,44,44,44,44,44,17,0,17,30.210156377185793,9.377759881317616,105.04879988729954,8026.470588235294
1780922928,40,GET,/product/2ZYFJ3GM2N,0.600000,0.000000,16,16,20,20,20,20,20,20,20,20,20,23,0,18,28.95235375541708,10.085678659379482,78.16796284168959,8034.869565217391
1780922928,40,GET,/product/66VCHSJNUP,0.600000,0.000000,49,70,70,73,73,73,73,73,73,73,73,21,0,16,30.33335054559367,12.101725675165653,89.01758585125208,7989.523809523809
1780922928,40,GET,/product/6E92ZMYYFZ,0.200000,0.000000,15,15,15,15,15,15,15,15,15,15,15,23,0,18,28.651619977925133,12.068768963217735,73.11239093542099,7988.695652173913
1780922928,40,GET,/product/9SIQT8TOJO,0.100000,0.000000,15,15,21,21,21,21,21,21,21,21,21,30,0,15,26.77868182460467,11.678917333483696,124.30478259921074,8016.466666666666
1780922928,40,GET,/product/L9ECAV7KIM,0.400000,0.000000,21,21,66,66,85,85,85,85,85,85,85,23,0,15,24.90924659144619,9.908587671816349,84.76724103093147,7994.913043478261
1780922928,40,GET,/product/LS4PSXUNUM,0.000000,0.000000,11,11,31,31,31,31,31,31,31,31,31,20,0,15,24.91971030831337,10.690417140722275,98.38776756078005,7999.9
1780922928,40,GET,/product/OLJCESPC7Z,0.600000,0.000000,16,16,17,17,60,60,60,60,60,60,60,30,0,16,25.613821111619473,9.545624256134033,100.98346415907145,8026.7
1780922928,40,,Aggregated,22.500000,0.000000,17,18,22,25,48,60,70,85,95,95,95,1887,0,18,30.598667582026156,9.377759881317616,698.0808135122061,10776.97350291468
1780922929,40,GET,/,17.100000,0.000000,16,17,19,24,48,60,71,74,90,90,90,1425,0,18,30.29362240642832,8.58189631253481,698.0808135122061,10545.91649122807
1780922929,40,POST,/cart,2.100000,0.000000,25,26,28,29,55,55,95,95,95,95,95,178,0,26,38.100178944721314,16.72803144901991,666.5041847154498,18063.53370786517
1780922929,40,POST,/cart/checkout,0.400000,0.000000,24,24,25,25,54,54,54,54,54,54,54,89,0,23,31.03638451881288,16.34348649531603,132.75807350873947,6805.550561797752
1780922929,40,GET,/product/0PUK6V6EV0,0.300000,0.000000,15,15,37,37,37,37,37,37,37,37,37,26,0,14,17.56064869606724,11.669040657579899,58.52794833481312,7996.192307692308
1780922929,40,GET,/product/1YMWWN1N4O,0.300000,0.000000,26,26,44,44,44,44,44,44,44,44,44,18,0,15,29.295674214760464,9.377759881317616,105.04879988729954,8029.5
1780922929,40,GET,/product/2ZYFJ3GM2N,0.600000,0.000000,16,16,20,20,20,20,20,20,20,20,20,23,0,18,28.95235375541708,10.085678659379482,78.16796284168959,8034.869565217391
1780922929,40,GET,/product/66VCHSJNUP,0.500000,0.000000,49,49,70,70,70,70,70,70,70,70,70,21,0,16,30.33335054559367,12.101725675165653,89.01758585125208,7989.523809523809
1780922929,40,GET,/product/6E92ZMYYFZ,0.100000,0.000000,15,15,15,15,15,15,15,15,15,15,15,24,0,17,28.088573715649545,12.068768963217735,73.11239093542099,7989.916666666667
1780922929,40,GET,/product/9SIQT8TOJO,0.100000,0.000000,15,15,21,21,21,21,21,21,21,21,21,30,0,15,26.77868182460467,11.678917333483696,124.30478259921074,8016.466666666666
1780922929,40,GET,/product/L9ECAV7KIM,0.500000,0.000000,21,66,66,85,85,85,85,85,85,85,85,23,0,15,24.90924659144619,9.908587671816349,84.76724103093147,7994.913043478261
1780922929,40,GET,/product/LS4PSXUNUM,0.000000,0.000000,11,11,31,31,31,31,31,31,31,31,31,20,0,15,24.91971030831337,10.690417140722275,98.38776756078005,7999.9
1780922929,40,GET,/product/OLJCESPC7Z,0.700000,0.000000,16,16,17,17,60,60,60,60,60,60,60,30,0,16,25.613821111619473,9.545624256134033,100.98346415907145,8026.7
1780922929,40,,Aggregated,22.700000,0.000000,17,21,24,26,50,63,73,85,95,95,95,1907,0,18,30.580227183179044,8.58189631253481,698.0808135122061,10787.038280020975
1780922930,40,GET,/,16.900000,0.000000,16,17,22,28,53,66,73,74,90,90,90,1447,0,18,30.283433474656952,8.58189631253481,698.0808135122061,10546.12785072564
1780922930,40,POST,/cart,2.000000,0.000000,25,28,29,42,55,95,130,130,130,130,130,180,0,26,38.51938288037976,16.72803144901991,666.5041847154498,18053.533333333333
1780922930,40,POST,/cart/checkout,0.400000,0.000000,24,24,25,25,54,54,54,54,54,54,54,90,0,23,30.934397286425035,16.34348649531603,132.75807350873947,6805.388888888889
1780922930,40,GET,/product/0PUK6V6EV0,0.300000,0.000000,37,37,37,37,37,37,37,37,37,37,37,26,0,14,17.56064869606724,11.669040657579899,58.52794833481312,7996.192307692308
1780922930,40,GET,/product/1YMWWN1N4O,0.300000,0.000000,15,26,26,44,44,44,44,44,44,44,44,19,0,15,28.546955387451145,9.377759881317616,105.04879988729954,8032.1578947368425
1780922930,40,GET,/product/2ZYFJ3GM2N,0.500000,0.000000,20,20,20,20,20,20,20,20,20,20,20,23,0,18,28.95235375541708,10.085678659379482,78.16796284168959,8034.869565217391
1780922930,40,GET,/product/66VCHSJNUP,0.500000,0.000000,49,49,70,70,70,70,70,70,70,70,70,21,0,16,30.33335054559367,12.101725675165653,89.01758585125208,7989.523809523809
1780922930,40,GET,/product/6E92ZMYYFZ,0.100000,0.000000,15,15,15,15,15,15,15,15,15,15,15,25,0,17,27.43862234055996,11.8397893384099,73.11239093542099,7990.24
1780922930,40,GET,/product/9SIQT8TOJO,0.100000,0.000000,15,15,21,21,21,21,21,21,21,21,21,30,0,15,26.77868182460467,11.678917333483696,124.30478259921074,8016.466666666666
1780922930,40,GET,/product/L9ECAV7KIM,0.500000,0.000000,15,21,66,66,85,85,85,85,85,85,85,25,0,15,24.00569535791874,9.908587671816349,84.76724103093147,7996.88
1780922930,40,GET,/product/LS4PSXUNUM,0.100000,0.000000,11,11,31,31,31,31,31,31,31,31,31,20,0,15,24.91971030831337,10.690417140722275,98.38776756078005,7999.9
1780922930,40,GET,/product/OLJCESPC7Z,0.600000,0.000000,15,16,17,17,60,60,60,60,60,60,60,31,0,16,25.202539989784842,9.545624256134033,100.98346415907145,8027.322580645161
1780922930,40,,Aggregated,22.300000,0.000000,17,21,25,31,54,66,74,90,130,130,130,1937,0,18,30.567231683746158,8.58189631253481,698.0808135122061,10781.868353123387
1780922931,40,GET,/,17.100000,0.000000,16,17,19,26,53,66,73,74,90,90,90,1462,0,18,30.156710516360732,8.58189631253481,698.0808135122061,10546.25512995896
1780922931,40,POST,/cart,2.100000,0.000000,25,28,29,42,55,95,130,130,130,130,130,180,0,26,38.51938288037976,16.72803144901991,666.5041847154498,18053.533333333333
1780922931,40,POST,/cart/checkout,0.700000,0.000000,23,24,25,25,54,54,54,54,54,54,54,90,0,23,30.934397286425035,16.34348649531603,132.75807350873947,6805.388888888889
1780922931,40,GET,/product/0PUK6V6EV0,0.200000,0.000000,37,37,37,37,37,37,37,37,37,37,37,26,0,14,17.56064869606724,11.669040657579899,58.52794833481312,7996.192307692308
1780922931,40,GET,/product/1YMWWN1N4O,0.400000,0.000000,15,15,44,44,44,44,44,44,44,44,44,19,0,15,28.546955387451145,9.377759881317616,105.04879988729954,8032.1578947368425
1780922931,40,GET,/product/2ZYFJ3GM2N,0.400000,0.000000,20,20,20,20,20,20,20,20,20,20,20,23,0,18,28.95235375541708,10.085678659379482,78.16796284168959,8034.869565217391
1780922931,40,GET,/product/66VCHSJNUP,0.300000,0.000000,49,49,49,49,49,49,49,49,49,49,49,21,0,16,30.33335054559367,12.101725675165653,89.01758585125208,7989.523809523809
1780922931,40,GET,/product/6E92ZMYYFZ,0.100000,0.000000,15,15,15,15,15,15,15,15,15,15,15,25,0,17,27.43862234055996,11.8397893384099,73.11239093542099,7990.24
1780922931,40,GET,/product/9SIQT8TOJO,0.200000,0.000000,21,21,21,21,21,21,21,21,21,21,21,30,0,15,26.77868182460467,11.678917333483696,124.30478259921074,8016.466666666666
1780922931,40,GET,/product/L9ECAV7KIM,0.500000,0.000000,15,15,66,66,85,85,85,85,85,85,85,25,0,15,24.00569535791874,9.908587671816349,84.76724103093147,7996.88
1780922931,40,GET,/product/LS4PSXUNUM,0.200000,0.000000,31,31,31,31,31,31,31,31,31,31,31,20,0,15,24.91971030831337,10.690417140722275,98.38776756078005,7999.9
1780922931,40,GET,/product/OLJCESPC7Z,0.600000,0.000000,15,16,17,17,60,60,60,60,60,60,60,31,0,16,25.202539989784842,9.545624256134033,100.98346415907145,8027.322580645161
1780922931,40,,Aggregated,22.800000,0.000000,16,19,24,28,54,67,74,90,130,130,130,1952,0,18,30.470138477718795,8.58189631253481,698.0808135122061,10780.152151639344
1780922932,40,GET,/,17.200000,0.000000,16,17,20,26,53,66,73,74,90,90,90,1477,0,18,30.03676950467464,8.58189631253481,698.0808135122061,10546.19769803656
1780922932,40,POST,/cart,2.300000,0.000000,26,28,38,42,55,95,130,130,130,130,130,182,0,26,38.4592792930102,16.72803144901991,666.5041847154498,18067.478021978022
1780922932,40,POST,/cart/checkout,0.800000,0.000000,24,25,25,25,54,54,54,54,54,54,54,93,0,23,30.70362635277292,16.34348649531603,132.75807350873947,6805.10752688172
1780922932,40,GET,/product/0PUK6V6EV0,0.200000,0.000000,37,37,37,37,37,37,37,37,37,37,37,27,0,15,17.453359922877066,11.669040657579899,58.52794833481312,7994.481481481482
1780922932,40,GET,/product/1YMWWN1N4O,0.500000,0.000000,15,34,34,44,44,44,44,44,44,44,44,20,0,15,28.823714656755328,9.377759881317616,105.04879988729954,8033.45
1780922932,40,GET,/product/2ZYFJ3GM2N,0.200000,0.000000,13,13,13,13,13,13,13,13,13,13,13,23,0,18,28.95235375541708,10.085678659379482,78.16796284168959,8034.869565217391
1780922932,40,GET,/product/66VCHSJNUP,0.300000,0.000000,16,16,49,49,49,49,49,49,49,49,49,22,0,16,29.574882789430294,12.101725675165653,89.01758585125208,7987.090909090909
1780922932,40,GET,/product/6E92ZMYYFZ,0.300000,0.000000,15,15,15,15,15,15,15,15,15,15,15,25,0,17,27.43862234055996,11.8397893384099,73.11239093542099,7990.24
1780922932,40,GET,/product/9SIQT8TOJO,0.200000,0.000000,21,21,21,21,21,21,21,21,21,21,21,30,0,15,26.77868182460467,11.678917333483696,124.30478259921074,8016.466666666666
1780922932,40,GET,/product/L9ECAV7KIM,0.500000,0.000000,15,15,66,66,85,85,85,85,85,85,85,25,0,15,24.00569535791874,9.908587671816349,84.76724103093147,7996.88
1780922932,40,GET,/product/LS4PSXUNUM,0.200000,0.000000,13,13,31,31,31,31,31,31,31,31,31,21,0,15,24.37581720628909,10.690417140722275,98.38776756078005,7997.190476190476
1780922932,40,GET,/product/OLJCESPC7Z,0.700000,0.000000,15,15,16,16,17,17,17,17,17,17,17,31,0,16,25.202539989784842,9.545624256134033,100.98346415907145,8027.322580645161
1780922932,40,,Aggregated,23.400000,0.000000,16,19,24,29,53,66,74,90,130,130,130,1976,0,18,30.34728770625027,8.58189631253481,698.0808135122061,10775.246963562753
1780922933,40,GET,/,17.500000,0.000000,16,17,19,24,51,66,73,74,90,90,90,1494,0,17,29.86348124777018,8.58189631253481,698.0808135122061,10546.437081659973
1780922933,40,POST,/cart,2.100000,0.000000,23,28,29,38,55,95,130,130,130,130,130,186,0,25,38.10897882106484,16.72803144901991,666.5041847154498,18086.978494623654
1780922933,40,POST,/cart/checkout,0.700000,0.000000,23,25,25,25,25,54,54,54,54,54,54,94,0,23,30.598785916462223,16.34348649531603,132.75807350873947,6804.925531914893
1780922933,40,GET,/product/0PUK6V6EV0,0.200000,0.000000,37,37,37,37,37,37,37,37,37,37,37,27,0,15,17.453359922877066,11.669040657579899,58.52794833481312,7994.481481481482
1780922933,40,GET,/product/1YMWWN1N4O,0.500000,0.000000,15,15,34,34,44,44,44,44,44,44,44,21,0,15,28.174964223234426,9.377759881317616,105.04879988729954,8033.714285714285
1780922933,40,GET,/product/2ZYFJ3GM2N,0.200000,0.000000,13,13,13,13,13,13,13,13,13,13,13,23,0,18,28.95235375541708,10.085678659379482,78.16796284168959,8034.869565217391
1780922933,40,GET,/product/66VCHSJNUP,0.200000,0.000000,16,16,16,16,16,16,16,16,16,16,16,22,0,16,29.574882789430294,12.101725675165653,89.01758585125208,7987.090909090909
1780922933,40,GET,/product/6E92ZMYYFZ,0.300000,0.000000,15,15,15,15,15,15,15,15,15,15,15,25,0,17,27.43862234055996,11.8397893384099,73.11239093542099,7990.24
1780922933,40,GET,/product/9SIQT8TOJO,0.200000,0.000000,13,13,21,21,21,21,21,21,21,21,21,31,0,15,26.34478913199517,11.678917333483696,124.30478259921074,8014.967741935484
1780922933,40,GET,/product/L9ECAV7KIM,0.700000,0.000000,15,15,66,66,85,85,85,85,85,85,85,26,0,15,23.651195833316216,9.908587671816349,84.76724103093147,7997.615384615385
1780922933,40,GET,/product/LS4PSXUNUM,0.200000,0.000000,13,13,31,31,31,31,31,31,31,31,31,21,0,15,24.37581720628909,10.690417140722275,98.38776756078005,7997.190476190476
1780922933,40,GET,/product/OLJCESPC7Z,0.700000,0.000000,15,15,16,16,17,17,17,17,17,17,17,31,0,16,25.202539989784842,9.545624256134033,100.98346415907145,8027.322580645161
1780922933,40,,Aggregated,23.500000,0.000000,16,19,22,26,50,66,74,90,130,130,130,2001,0,18,30.17032456755087,8.58189631253481,698.0808135122061,10783.728635682159
1780922934,40,GET,/,16.500000,0.000000,16,17,19,24,51,66,73,74,90,90,90,1513,0,17,29.706271040891664,8.58189631253481,698.0808135122061,10546.549239920687
1780922934,40,POST,/cart,2.000000,0.000000,25,28,38,42,95,130,130,130,130,130,130,186,0,25,38.10897882106484,16.72803144901991,666.5041847154498,18086.978494623654
1780922934,40,POST,/cart/checkout,0.900000,0.000000,23,24,25,25,54,54,54,54,54,54,54,94,0,23,30.598785916462223,16.34348649531603,132.75807350873947,6804.925531914893
1780922934,40,GET,/product/0PUK6V6EV0,0.300000,0.000000,37,37,37,37,37,37,37,37,37,37,37,27,0,15,17.453359922877066,11.669040657579899,58.52794833481312,7994.481481481482
1780922934,40,GET,/product/1YMWWN1N4O,0.500000,0.000000,15,15,34,34,44,44,44,44,44,44,44,22,0,15,27.478517033159733,9.377759881317616,105.04879988729954,8033.909090909091
1780922934,40,GET,/product/2ZYFJ3GM2N,0.100000,0.000000,13,13,13,13,13,13,13,13,13,13,13,23,0,18,28.95235375541708,10.085678659379482,78.16796284168959,8034.869565217391
1780922934,40,GET,/product/66VCHSJNUP,0.200000,0.000000,16,16,16,16,16,16,16,16,16,16,16,22,0,16,29.574882789430294,12.101725675165653,89.01758585125208,7987.090909090909
1780922934,40,GET,/product/6E92ZMYYFZ,0.300000,0.000000,13,15,15,15,15,15,15,15,15,15,15,27,0,16,26.333037039471996,11.8397893384099,73.11239093542099,7983.62962962963
1780922934,40,GET,/product/9SIQT8TOJO,0.200000,0.000000,13,13,21,21,21,21,21,21,21,21,21,31,0,15,26.34478913199517,11.678917333483696,124.30478259921074,8014.967741935484
1780922934,40,GET,/product/L9ECAV7KIM,0.600000,0.000000,15,15,15,15,66,66,66,66,66,66,66,26,0,15,23.651195833316216,9.908587671816349,84.76724103093147,7997.615384615385
1780922934,40,GET,/product/LS4PSXUNUM,0.200000,0.000000,15,15,31,31,31,31,31,31,31,31,31,22,0,15,23.940048053522002,10.690417140722275,98.38776756078005,7998.409090909091
1780922934,40,GET,/product/OLJCESPC7Z,0.600000,0.000000,15,16,16,17,17,17,17,17,17,17,17,31,0,16,25.202539989784842,9.545624256134033,100.98346415907145,8027.322580645161
1780922934,40,,Aggregated,22.400000,0.000000,16,18,22,26,50,66,74,90,130,130,130,2024,0,18,30.016321652079288,8.58189631253481,698.0808135122061,10776.016304347826
1780922935,40,GET,/,16.800000,0.000000,16,17,19,25,50,66,73,74,90,90,90,1529,0,17,29.56993348270343,8.58189631253481,698.0808135122061,10546.518639633747
1780922935,40,POST,/cart,2.300000,0.000000,25,29,38,42,95,130,130,130,130,130,130,186,0,25,38.10897882106484,16.72803144901991,666.5041847154498,18086.978494623654
1780922935,40,POST,/cart/checkout,0.800000,0.000000,24,25,25,27,54,54,54,54,54,54,54,95,0,23,30.560793335500517,16.34348649531603,132.75807350873947,6804.5684210526315
1780922935,40,GET,/product/0PUK6V6EV0,0.200000,0.000000,37,37,37,37,37,37,37,37,37,37,37,27,0,15,17.453359922877066,11.669040657579899,58.52794833481312,7994.481481481482
1780922935,40,GET,/product/1YMWWN1N4O,0.500000,0.000000,15,16,34,34,44,44,44,44,44,44,44,23,0,15,26.973948732990287,9.377759881317616,105.04879988729954,8034.652173913043
1780922935,40,GET,/product/2ZYFJ3GM2N,0.100000,0.000000,13,13,13,13,13,13,13,13,13,13,13,23,0,18,28.95235375541708,10.085678659379482,78.16796284168959,8034.869565217391
1780922935,40,GET,/product/66VCHSJNUP,0.300000,0.000000,16,16,16,16,16,16,16,16,16,16,16,22,0,16,29.574882789430294,12.101725675165653,89.01758585125208,7987.090909090909
1780922935,40,GET,/product/6E92ZMYYFZ,0.300000,0.000000,13,15,15,15,15,15,15,15,15,15,15,27,0,16,26.333037039471996,11.8397893384099,73.11239093542099,7983.62962962963
1780922935,40,GET,/product/9SIQT8TOJO,0.300000,0.000000,13,13,21,21,21,21,21,21,21,21,21,31,0,15,26.34478913199517,11.678917333483696,124.30478259921074,8014.967741935484
1780922935,40,GET,/product/L9ECAV7KIM,0.600000,0.000000,14,15,15,15,66,66,66,66,66,66,66,27,0,15,23.25558076026263,9.908587671816349,84.76724103093147,7996.074074074074
1780922935,40,GET,/product/LS4PSXUNUM,0.300000,0.000000,15,15,31,31,31,31,31,31,31,31,31,22,0,15,23.940048053522002,10.690417140722275,98.38776756078005,7998.409090909091
1780922935,40,GET,/product/OLJCESPC7Z,0.600000,0.000000,14,14,17,17,17,17,17,17,17,17,17,32,0,15,24.86654609674588,9.545624256134033,100.98346415907145,8029.15625
1780922935,40,,Aggregated,23.100000,0.000000,16,18,22,26,50,66,74,90,130,130,130,2044,0,18,29.88755307980465,8.58189631253481,698.0808135122061,10768.20890410959
1780922936,40,GET,/,16.400000,0.000000,16,17,19,26,49,66,73,74,90,90,90,1548,0,17,29.527990850174767,8.58189631253481,698.0808135122061,10546.627260981912
1780922936,40,POST,/cart,2.200000,0.000000,26,28,38,38,95,130,130,130,130,130,130,187,0,26,38.04801739652686,16.72803144901991,666.5041847154498,18085.68983957219
1780922936,40,POST,/cart/checkout,0.900000,0.000000,23,25,25,25,27,54,54,54,54,54,54,96,0,23,30.466099580128986,16.34348649531603,132.75807350873947,6804.510416666667
1780922936,40,GET,/product/0PUK6V6EV0,0.100000,0.000000,37,37,37,37,37,37,37,37,37,37,37,27,0,15,17.453359922877066,11.669040657579899,58.52794833481312,7994.481481481482
1780922936,40,GET,/product/1YMWWN1N4O,0.500000,0.000000,15,16,34,34,44,44,44,44,44,44,44,23,0,15,26.973948732990287,9.377759881317616,105.04879988729954,8034.652173913043
1780922936,40,GET,/product/2ZYFJ3GM2N,0.000000,0.000000,13,13,13,13,13,13,13,13,13,13,13,23,0,18,28.95235375541708,10.085678659379482,78.16796284168959,8034.869565217391
1780922936,40,GET,/product/66VCHSJNUP,0.200000,0.000000,16,16,16,16,16,16,16,16,16,16,16,22,0,16,29.574882789430294,12.101725675165653,89.01758585125208,7987.090909090909
1780922936,40,GET,/product/6E92ZMYYFZ,0.500000,0.000000,13,15,15,16,16,16,16,16,16,16,16,28,0,16,25.97072910118316,11.8397893384099,73.11239093542099,7981.25
1780922936,40,GET,/product/9SIQT8TOJO,0.300000,0.000000,13,13,21,21,21,21,21,21,21,21,21,31,0,15,26.34478913199517,11.678917333483696,124.30478259921074,8014.967741935484
1780922936,40,GET,/product/L9ECAV7KIM,0.600000,0.000000,14,15,15,15,66,66,66,66,66,66,66,27,0,15,23.25558076026263,9.908587671816349,84.76724103093147,7996.074074074074
1780922936,40,GET,/product/LS4PSXUNUM,0.300000,0.000000,15,15,31,31,31,31,31,31,31,31,31,22,0,15,23.940048053522002,10.690417140722275,98.38776756078005,7998.409090909091
1780922936,40,GET,/product/OLJCESPC7Z,0.600000,0.000000,13,13,14,14,14,14,14,14,14,14,14,32,0,15,24.86654609674588,9.545624256134033,100.98346415907145,8029.15625
1780922936,40,,Aggregated,22.600000,0.000000,16,18,22,26,43,62,74,90,130,130,130,2066,0,18,29.8409621665815,8.58189631253481,698.0808135122061,10766.376089060988
1780922937,40,GET,/,16.600000,0.000000,16,17,21,29,50,71,74,87,90,90,90,1562,0,17,29.54291667080891,8.58189631253481,698.0808135122061,10546.714468629962
1780922937,40,POST,/cart,2.000000,0.000000,26,28,38,42,95,130,130,130,130,130,130,188,0,25,37.980537341432054,16.72803144901991,666.5041847154498,18092.22340425532
1780922937,40,POST,/cart/checkout,1.000000,0.000000,23,24,25,25,27,54,54,54,54,54,54,99,0,23,30.19811160335637,16.34348649531603,132.75807350873947,6804.0
1780922937,40,GET,/product/0PUK6V6EV0,0.100000,0.000000,15,15,15,15,15,15,15,15,15,15,15,27,0,15,17.453359922877066,11.669040657579899,58.52794833481312,7994.481481481482
1780922937,40,GET,/product/1YMWWN1N4O,0.600000,0.000000,15,15,16,16,34,34,34,34,34,34,34,23,0,15,26.973948732990287,9.377759881317616,105.04879988729954,8034.652173913043
1780922937,40,GET,/product/2ZYFJ3GM2N,0.000000,0.000000,13,13,13,13,13,13,13,13,13,13,13,23,0,18,28.95235375541708,10.085678659379482,78.16796284168959,8034.869565217391
1780922937,40,GET,/product/66VCHSJNUP,0.100000,0.000000,16,16,16,16,16,16,16,16,16,16,16,22,0,16,29.574882789430294,12.101725675165653,89.01758585125208,7987.090909090909
1780922937,40,GET,/product/6E92ZMYYFZ,0.400000,0.000000,13,15,15,16,16,16,16,16,16,16,16,28,0,16,25.97072910118316,11.8397893384099,73.11239093542099,7981.25
1780922937,40,GET,/product/9SIQT8TOJO,0.300000,0.000000,13,13,13,13,13,13,13,13,13,13,13,31,0,15,26.34478913199517,11.678917333483696,124.30478259921074,8014.967741935484
1780922937,40,GET,/product/L9ECAV7KIM,0.700000,0.000000,14,15,15,15,15,15,15,15,15,15,15,27,0,15,23.25558076026263,9.908587671816349,84.76724103093147,7996.074074074074
1780922937,40,GET,/product/LS4PSXUNUM,0.400000,0.000000,13,15,15,31,31,31,31,31,31,31,31,24,0,15,23.006108046198886,10.690417140722275,98.38776756078005,7997.5
1780922937,40,GET,/product/OLJCESPC7Z,0.600000,0.000000,13,13,14,14,14,14,14,14,14,14,14,32,0,15,24.86654609674588,9.545624256134033,100.98346415907145,8029.15625
1780922937,40,,Aggregated,22.800000,0.000000,16,18,24,27,48,67,87,90,130,130,130,2086,0,18,29.819668567545662,8.58189631253481,698.0808135122061,10760.677852348994
1780922938,40,GET,/,17.200000,0.000000,16,17,18,22,44,56,72,87,87,87,87,1583,0,17,29.419681684491156,8.58189631253481,698.0808135122061,10546.758054327227
1780922938,40,POST,/cart,1.800000,0.000000,26,28,29,29,38,130,130,130,130,130,130,191,0,26,37.82641575598592,16.72803144901991,666.5041847154498,18096.214659685866
1780922938,40,POST,/cart/checkout,1.100000,0.000000,22,24,25,25,27,27,27,27,27,27,27,99,0,23,30.19811160335637,16.34348649531603,132.75807350873947,6804.0
1780922938,40,GET,/product/0PUK6V6EV0,0.100000,0.000000,17,17,17,17,17,17,17,17,17,17,17,28,0,15,17.452291578852705,11.669040657579899,58.52794833481312,7995.0
1780922938,40,GET,/product/1YMWWN1N4O,0.700000,0.000000,15,16,16,34,34,34,34,34,34,34,34,23,0,15,26.973948732990287,9.377759881317616,105.04879988729954,8034.652173913043
1780922938,40,GET,/product/2ZYFJ3GM2N,0.000000,0.000000,13,13,13,13,13,13,13,13,13,13,13,23,0,18,28.95235375541708,10.085678659379482,78.16796284168959,8034.869565217391
1780922938,40,GET,/product/66VCHSJNUP,0.100000,0.000000,14,14,14,14,14,14,14,14,14,14,14,22,0,16,29.574882789430294,12.101725675165653,89.01758585125208,7987.090909090909
1780922938,40,GET,/product/6E92ZMYYFZ,0.500000,0.000000,13,15,15,16,16,16,16,16,16,16,16,28,0,16,25.97072910118316,11.8397893384099,73.11239093542099,7981.25
1780922938,40,GET,/product/9SIQT8TOJO,0.300000,0.000000,13,13,13,13,13,13,13,13,13,13,13,31,0,15,26.34478913199517,11.678917333483696,124.30478259921074,8014.967741935484
1780922938,40,GET,/product/L9ECAV7KIM,0.700000,0.000000,14,15,15,15,15,15,15,15,15,15,15,27,0,15,23.25558076026263,9.908587671816349,84.76724103093147,7996.074074074074
1780922938,40,GET,/product/LS4PSXUNUM,0.400000,0.000000,15,15,31,31,57,57,57,57,57,57,57,25,0,15,24.38374761492014,10.690417140722275,98.38776756078005,7999.44
1780922938,40,GET,/product/OLJCESPC7Z,0.400000,0.000000,14,14,14,14,14,14,14,14,14,14,14,32,0,15,24.86654609674588,9.545624256134033,100.98346415907145,8029.15625
1780922938,40,,Aggregated,23.300000,0.000000,16,18,22,25,38,56,72,87,130,130,130,2112,0,18,29.729414692899976,8.58189631253481,698.0808135122061,10766.769886363636
1780922939,40,GET,/,16.500000,0.000000,16,16,17,18,34,47,62,87,87,87,87,1596,0,17,29.305347008047097,8.58189631253481,698.0808135122061,10546.760651629073
1780922939,40,POST,/cart,1.600000,0.000000,24,27,28,29,38,38,38,38,38,38,38,192,0,25,37.75374260537016,16.72803144901991,666.5041847154498,18102.671875
1780922939,40,POST,/cart/checkout,1.100000,0.000000,22,24,25,25,27,27,27,27,27,27,27,99,0,23,30.19811160335637,16.34348649531603,132.75807350873947,6804.0
1780922939,40,GET,/product/0PUK6V6EV0,0.100000,0.000000,17,17,17,17,17,17,17,17,17,17,17,28,0,15,17.452291578852705,11.669040657579899,58.52794833481312,7995.0
1780922939,40,GET,/product/1YMWWN1N4O,0.600000,0.000000,15,16,16,34,34,34,34,34,34,34,34,23,0,15,26.973948732990287,9.377759881317616,105.04879988729954,8034.652173913043
1780922939,40,GET,/product/2ZYFJ3GM2N,0.000000,0.000000,13,13,13,13,13,13,13,13,13,13,13,23,0,18,28.95235375541708,10.085678659379482,78.16796284168959,8034.869565217391
1780922939,40,GET,/product/66VCHSJNUP,0.100000,0.000000,14,14,14,14,14,14,14,14,14,14,14,23,0,16,28.752588383529496,10.662111453711987,89.01758585125208,7989.086956521739
1780922939,40,GET,/product/6E92ZMYYFZ,0.500000,0.000000,15,15,15,15,16,16,16,16,16,16,16,29,0,16,25.603070116505542,11.8397893384099,73.11239093542099,7983.068965517241
1780922939,40,GET,/product/9SIQT8TOJO,0.200000,0.000000,13,13,14,14,14,14,14,14,14,14,14,32,0,15,25.952520547434688,11.678917333483696,124.30478259921074,8016.8125
1780922939,40,GET,/product/L9ECAV7KIM,0.500000,0.000000,15,15,15,15,15,15,15,15,15,15,15,27,0,15,23.25558076026263,9.908587671816349,84.76724103093147,7996.074074074074
1780922939,40,GET,/product/LS4PSXUNUM,0.400000,0.000000,15,15,31,31,57,57,57,57,57,57,57,25,0,15,24.38374761492014,10.690417140722275,98.38776756078005,7999.44
1780922939,40,GET,/product/OLJCESPC7Z,0.300000,0.000000,14,14,14,14,14,14,14,14,14,14,14,32,0,15,24.86654609674588,9.545624256134033,100.98346415907145,8029.15625
1780922939,40,,Aggregated,21.900000,0.000000,16,17,18,22,32,44,57,63,87,87,87,2129,0,18,29.61584670970478,8.58189631253481,698.0808135122061,10765.620948802254
1780922940,40,GET,/,16.800000,0.000000,16,17,18,18,36,49,63,87,87,87,87,1615,0,17,29.226095576542818,8.58189631253481,698.0808135122061,10546.91826625387
1780922940,40,POST,/cart,1.700000,0.000000,25,27,29,29,38,38,38,38,38,38,38,196,0,25,37.50984128849695,16.72803144901991,666.5041847154498,18098.198979591838
1780922940,40,POST,/cart/checkout,1.300000,0.000000,22,24,25,25,27,27,27,27,27,27,27,99,0,23,30.19811160335637,16.34348649531603,132.75807350873947,6804.0
1780922940,40,GET,/product/0PUK6V6EV0,0.100000,0.000000,17,17,24,24,24,24,24,24,24,24,24,29,0,15,17.688845123710305,11.669040657579899,58.52794833481312,7997.586206896552
1780922940,40,GET,/product/1YMWWN1N4O,0.600000,0.000000,15,16,16,34,34,34,34,34,34,34,34,24,0,15,26.419073188056547,9.377759881317616,105.04879988729954,8036.125
1780922940,40,GET,/product/2ZYFJ3GM2N,0.000000,0.000000,15,15,15,15,15,15,15,15,15,15,15,24,0,17,28.370711719617248,10.085678659379482,78.16796284168959,8036.125
1780922940,40,GET,/product/66VCHSJNUP,0.100000,0.000000,14,14,14,14,14,14,14,14,14,14,14,23,0,16,28.752588383529496,10.662111453711987,89.01758585125208,7989.086956521739
1780922940,40,GET,/product/6E92ZMYYFZ,0.500000,0.000000,15,15,15,15,16,16,16,16,16,16,16,29,0,16,25.603070116505542,11.8397893384099,73.11239093542099,7983.068965517241
1780922940,40,GET,/product/9SIQT8TOJO,0.200000,0.000000,14,14,14,14,14,14,14,14,14,14,14,32,0,15,25.952520547434688,11.678917333483696,124.30478259921074,8016.8125
1780922940,40,GET,/product/L9ECAV7KIM,0.500000,0.000000,15,15,15,15,15,15,15,15,15,15,15,27,0,15,23.25558076026263,9.908587671816349,84.76724103093147,7996.074074074074
1780922940,40,GET,/product/LS4PSXUNUM,0.500000,0.000000,13,15,15,57,57,57,57,57,57,57,57,25,0,15,24.38374761492014,10.690417140722275,98.38776756078005,7999.44
1780922940,40,GET,/product/OLJCESPC7Z,0.200000,0.000000,14,14,14,14,14,14,14,14,14,14,14,32,0,15,24.86654609674588,9.545624256134033,100.98346415907145,8029.15625
1780922940,40,,Aggregated,22.500000,0.000000,16,18,20,23,34,47,62,64,87,87,87,2155,0,18,29.52998640996743,8.58189631253481,698.0808135122061,10773.266357308585
1780922941,40,GET,/,16.600000,0.000000,16,17,18,22,34,48,63,87,87,87,87,1631,0,17,29.14686304940211,8.58189631253481,698.0808135122061,10546.88595953403
1780922941,40,POST,/cart,1.600000,0.000000,25,27,28,35,38,38,38,38,38,38,38,198,0,26,37.45545812346267,16.72803144901991,666.5041847154498,18110.550505050505
1780922941,40,POST,/cart/checkout,1.000000,0.000000,24,25,27,27,29,29,29,29,29,29,29,100,0,23,30.18728501163423,16.34348649531603,132.75807350873947,6803.81
1780922941,40,GET,/product/0PUK6V6EV0,0.200000,0.000000,17,17,24,24,24,24,24,24,24,24,24,30,0,15,17.547461576759815,11.669040657579899,58.52794833481312,7996.066666666667
1780922941,40,GET,/product/1YMWWN1N4O,0.500000,0.000000,15,15,16,16,16,16,16,16,16,16,16,24,0,15,26.419073188056547,9.377759881317616,105.04879988729954,8036.125
1780922941,40,GET,/product/2ZYFJ3GM2N,0.000000,0.000000,15,15,18,18,18,18,18,18,18,18,18,26,0,17,27.412185051406805,10.085678659379482,78.16796284168959,8037.0
1780922941,40,GET,/product/66VCHSJNUP,0.100000,0.000000,14,14,15,15,15,15,15,15,15,15,15,24,0,15,28.17457083923121,10.662111453711987,89.01758585125208,7986.208333333333
1780922941,40,GET,/product/6E92ZMYYFZ,0.600000,0.000000,15,15,16,16,16,16,16,16,16,16,16,29,0,16,25.603070116505542,11.8397893384099,73.11239093542099,7983.068965517241
1780922941,40,GET,/product/9SIQT8TOJO,0.100000,0.000000,14,14,14,14,14,14,14,14,14,14,14,32,0,15,25.952520547434688,11.678917333483696,124.30478259921074,8016.8125
1780922941,40,GET,/product/L9ECAV7KIM,0.400000,0.000000,13,13,15,15,15,15,15,15,15,15,15,28,0,15,22.86491310223937,9.908587671816349,84.76724103093147,7996.321428571428
1780922941,40,GET,/product/LS4PSXUNUM,0.500000,0.000000,13,15,15,57,57,57,57,57,57,57,57,25,0,15,24.38374761492014,10.690417140722275,98.38776756078005,7999.44
1780922941,40,GET,/product/OLJCESPC7Z,0.200000,0.000000,14,14,14,14,14,14,14,14,14,14,14,33,0,15,24.4499688798731,9.545624256134033,100.98346415907145,8026.606060606061
1780922941,40,,Aggregated,21.800000,0.000000,16,18,21,24,34,47,62,64,87,87,87,2180,0,18,29.427734348461577,8.58189631253481,698.0808135122061,10769.921559633027
1780922942,40,GET,/,16.700000,0.000000,16,18,21,23,38,49,64,87,87,87,87,1649,0,17,29.098544722753918,8.58189631253481,698.0808135122061,10547.068526379624
1780922942,40,POST,/cart,1.400000,0.000000,27,28,37,37,38,59,59,59,59,59,59,200,0,26,37.56476198788732,16.72803144901991,666.5041847154498,18134.975
1780922942,40,POST,/cart/checkout,0.900000,0.000000,24,27,29,29,64,64,64,64,64,64,64,101,0,23,30.52519683237418,16.34348649531603,132.75807350873947,6803.534653465346
1780922942,40,GET,/product/0PUK6V6EV0,0.200000,0.000000,17,24,24,27,27,27,27,27,27,27,27,31,0,15,17.845717348879383,11.669040657579899,58.52794833481312,7997.096774193548
1780922942,40,GET,/product/1YMWWN1N4O,0.500000,0.000000,15,15,16,16,16,16,16,16,16,16,16,24,0,15,26.419073188056547,9.377759881317616,105.04879988729954,8036.125
1780922942,40,GET,/product/2ZYFJ3GM2N,0.100000,0.000000,15,15,18,18,18,18,18,18,18,18,18,26,0,17,27.412185051406805,10.085678659379482,78.16796284168959,8037.0
1780922942,40,GET,/product/66VCHSJNUP,0.200000,0.000000,14,14,15,15,15,15,15,15,15,15,15,24,0,15,28.17457083923121,10.662111453711987,89.01758585125208,7986.208333333333
1780922942,40,GET,/product/6E92ZMYYFZ,0.400000,0.000000,15,15,16,16,16,16,16,16,16,16,16,29,0,16,25.603070116505542,11.8397893384099,73.11239093542099,7983.068965517241
1780922942,40,GET,/product/9SIQT8TOJO,0.200000,0.000000,14,14,14,14,14,14,14,14,14,14,14,32,0,15,25.952520547434688,11.678917333483696,124.30478259921074,8016.8125
1780922942,40,GET,/product/L9ECAV7KIM,0.400000,0.000000,13,13,15,15,15,15,15,15,15,15,15,28,0,15,22.86491310223937,9.908587671816349,84.76724103093147,7996.321428571428
1780922942,40,GET,/product/LS4PSXUNUM,0.500000,0.000000,13,15,15,57,57,57,57,57,57,57,57,25,0,15,24.38374761492014,10.690417140722275,98.38776756078005,7999.44
1780922942,40,GET,/product/OLJCESPC7Z,0.100000,0.000000,14,14,14,14,14,14,14,14,14,14,14,33,0,15,24.4499688798731,9.545624256134033,100.98346415907145,8026.606060606061
1780922942,40,,Aggregated,21.600000,0.000000,16,18,23,26,37,52,64,64,87,87,87,2202,0,18,29.421121231808947,8.58189631253481,698.0808135122061,10774.061762034515
1780922943,40,GET,/,16.800000,0.000000,17,19,23,26,39,56,64,87,87,87,87,1666,0,17,29.084458676617402,8.58189631253481,698.0808135122061,10547.16806722689
1780922943,40,POST,/cart,1.700000,0.000000,27,28,37,37,49,59,59,59,59,59,59,202,0,26,37.561351691584775,16.72803144901991,666.5041847154498,18132.61386138614
1780922943,40,POST,/cart/checkout,0.900000,0.000000,27,29,30,30,64,64,64,64,64,64,64,102,0,23,30.521755152400218,16.34348649531603,132.75807350873947,6803.509803921569
1780922943,40,GET,/product/0PUK6V6EV0,0.400000,0.000000,17,24,24,27,27,27,27,27,27,27,27,31,0,15,17.845717348879383,11.669040657579899,58.52794833481312,7997.096774193548
1780922943,40,GET,/product/1YMWWN1N4O,0.500000,0.000000,14,14,16,16,16,16,16,16,16,16,16,24,0,15,26.419073188056547,9.377759881317616,105.04879988729954,8036.125
1780922943,40,GET,/product/2ZYFJ3GM2N,0.200000,0.000000,15,15,18,18,18,18,18,18,18,18,18,26,0,17,27.412185051406805,10.085678659379482,78.16796284168959,8037.0
1780922943,40,GET,/product/66VCHSJNUP,0.200000,0.000000,14,14,15,15,15,15,15,15,15,15,15,24,0,15,28.17457083923121,10.662111453711987,89.01758585125208,7986.208333333333
1780922943,40,GET,/product/6E92ZMYYFZ,0.400000,0.000000,15,15,16,16,16,16,16,16,16,16,16,29,0,16,25.603070116505542,11.8397893384099,73.11239093542099,7983.068965517241
1780922943,40,GET,/product/9SIQT8TOJO,0.200000,0.000000,14,14,14,14,14,14,14,14,14,14,14,32,0,15,25.952520547434688,11.678917333483696,124.30478259921074,8016.8125
1780922943,40,GET,/product/L9ECAV7KIM,0.300000,0.000000,13,13,13,13,13,13,13,13,13,13,13,28,0,15,22.86491310223937,9.908587671816349,84.76724103093147,7996.321428571428
1780922943,40,GET,/product/LS4PSXUNUM,0.500000,0.000000,57,57,73,73,85,85,85,85,85,85,85,27,0,15,28.399586298123555,10.690417140722275,98.38776756078005,7998.111111111111
1780922943,40,GET,/product/OLJCESPC7Z,0.200000,0.000000,14,14,14,14,14,14,14,14,14,14,14,33,0,15,24.4499688798731,9.545624256134033,100.98346415907145,8026.606060606061
1780922943,40,,Aggregated,22.300000,0.000000,17,21,26,29,43,61,64,85,87,87,87,2224,0,18,29.459679311663983,8.58189631253481,698.0808135122061,10774.508543165468
1780922944,40,GET,/,17.000000,0.000000,17,21,23,26,39,56,64,87,87,87,87,1683,0,17,28.985136696560815,8.58189631253481,698.0808135122061,10547.159239453356
1780922944,40,POST,/cart,1.800000,0.000000,27,35,37,37,49,59,59,59,59,59,59,203,0,26,37.512111541782986,16.72803144901991,666.5041847154498,18138.4039408867
1780922944,40,POST,/cart/checkout,0.800000,0.000000,26,29,30,30,64,64,64,64,64,64,64,103,0,23,30.481503326988335,16.34348649531603,132.75807350873947,6803.52427184466
1780922944,40,GET,/product/0PUK6V6EV0,0.300000,0.000000,19,24,24,27,27,27,27,27,27,27,27,32,0,15,17.873444798169658,11.669040657579899,58.52794833481312,7997.90625
1780922944,40,GET,/product/1YMWWN1N4O,0.400000,0.000000,16,16,16,16,16,16,16,16,16,16,16,24,0,15,26.419073188056547,9.377759881317616,105.04879988729954,8036.125
1780922944,40,GET,/product/2ZYFJ3GM2N,0.300000,0.000000,15,15,18,18,18,18,18,18,18,18,18,26,0,17,27.412185051406805,10.085678659379482,78.16796284168959,8037.0
1780922944,40,GET,/product/66VCHSJNUP,0.300000,0.000000,14,14,15,15,15,15,15,15,15,15,15,24,0,15,28.17457083923121,10.662111453711987,89.01758585125208,7986.208333333333
1780922944,40,GET,/product/6E92ZMYYFZ,0.400000,0.000000,16,16,16,16,16,16,16,16,16,16,16,29,0,16,25.603070116505542,11.8397893384099,73.11239093542099,7983.068965517241
1780922944,40,GET,/product/9SIQT8TOJO,0.200000,0.000000,13,13,14,14,14,14,14,14,14,14,14,33,0,15,25.540665300054982,11.678917333483696,124.30478259921074,8018.69696969697
1780922944,40,GET,/product/L9ECAV7KIM,0.300000,0.000000,13,13,13,13,13,13,13,13,13,13,13,28,0,15,22.86491310223937,9.908587671816349,84.76724103093147,7996.321428571428
1780922944,40,GET,/product/LS4PSXUNUM,0.500000,0.000000,57,57,73,73,85,85,85,85,85,85,85,27,0,15,28.399586298123555,10.690417140722275,98.38776756078005,7998.111111111111
1780922944,40,GET,/product/OLJCESPC7Z,0.200000,0.000000,14,14,14,14,14,14,14,14,14,14,14,33,0,15,24.4499688798731,9.545624256134033,100.98346415907145,8026.606060606061
1780922944,40,,Aggregated,22.500000,0.000000,18,22,26,28,43,61,64,85,87,87,87,2245,0,18,29.367768109458726,8.58189631253481,698.0808135122061,10772.387082405345
1780922945,40,GET,/,16.700000,0.000000,18,21,23,26,44,64,84,87,87,87,87,1701,0,17,29.064401031539134,8.58189631253481,698.0808135122061,10547.17519106408
1780922945,40,POST,/cart,1.800000,0.000000,28,37,38,49,93,100,100,100,100,100,100,206,0,26,38.05228432604265,16.72803144901991,666.5041847154498,18172.679611650485
1780922945,40,POST,/cart/checkout,0.900000,0.000000,26,27,29,30,64,64,64,64,64,64,64,104,0,23,30.444418939833458,16.34348649531603,132.75807350873947,6803.326923076923
1780922945,40,GET,/product/0PUK6V6EV0,0.400000,0.000000,19,24,24,27,27,27,27,27,27,27,27,32,0,15,17.873444798169658,11.669040657579899,58.52794833481312,7997.90625
1780922945,40,GET,/product/1YMWWN1N4O,0.300000,0.000000,16,16,16,16,16,16,16,16,16,16,16,24,0,15,26.419073188056547,9.377759881317616,105.04879988729954,8036.125
1780922945,40,GET,/product/2ZYFJ3GM2N,0.300000,0.000000,15,15,18,18,18,18,18,18,18,18,18,26,0,17,27.412185051406805,10.085678659379482,78.16796284168959,8037.0
1780922945,40,GET,/product/66VCHSJNUP,0.200000,0.000000,15,15,15,15,15,15,15,15,15,15,15,24,0,15,28.17457083923121,10.662111453711987,89.01758585125208,7986.208333333333
1780922945,40,GET,/product/6E92ZMYYFZ,0.400000,0.000000,16,16,16,16,16,16,16,16,16,16,16,29,0,16,25.603070116505542,11.8397893384099,73.11239093542099,7983.068965517241
1780922945,40,GET,/product/9SIQT8TOJO,0.100000,0.000000,14,14,14,14,14,14,14,14,14,14,14,33,0,15,25.540665300054982,11.678917333483696,124.30478259921074,8018.69696969697
1780922945,40,GET,/product/L9ECAV7KIM,0.200000,0.000000,13,13,13,13,13,13,13,13,13,13,13,28,0,15,22.86491310223937,9.908587671816349,84.76724103093147,7996.321428571428
1780922945,40,GET,/product/LS4PSXUNUM,0.400000,0.000000,57,73,73,85,85,85,85,85,85,85,85,27,0,15,28.399586298123555,10.690417140722275,98.38776756078005,7998.111111111111
1780922945,40,GET,/product/OLJCESPC7Z,0.200000,0.000000,14,14,16,16,16,16,16,16,16,16,16,34,0,15,24.212163462139227,9.545624256134033,100.98346415907145,8027.735294117647
1780922945,40,,Aggregated,21.900000,0.000000,18,22,26,29,49,73,87,87,100,100,100,2268,0,18,29.47707307759863,8.58189631253481,698.0808135122061,10780.515432098766
1780922946,40,GET,/,17.500000,0.000000,18,20,23,26,46,64,84,87,87,87,87,1715,0,17,28.975888770127955,8.58189631253481,698.0808135122061,10547.249562682216
1780922946,40,POST,/cart,1.600000,0.000000,28,37,37,38,59,93,100,100,100,100,100,209,0,26,37.895212083627165,16.72803144901991,666.5041847154498,18180.51196172249
1780922946,40,POST,/cart/checkout,0.800000,0.000000,27,29,30,59,64,64,64,64,64,64,64,105,0,24,30.717902976487363,16.34348649531603,132.75807350873947,6803.028571428571
1780922946,40,GET,/product/0PUK6V6EV0,0.400000,0.000000,19,24,24,27,27,27,27,27,27,27,27,32,0,15,17.873444798169658,11.669040657579899,58.52794833481312,7997.90625
1780922946,40,GET,/product/1YMWWN1N4O,0.300000,0.000000,14,14,16,16,16,16,16,16,16,16,16,25,0,15,25.844897478818893,9.377759881317616,105.04879988729954,8036.48
1780922946,40,GET,/product/2ZYFJ3GM2N,0.300000,0.000000,15,15,18,18,18,18,18,18,18,18,18,27,0,17,26.685597409528715,7.794318720698357,78.16796284168959,8034.962962962963
1780922946,40,GET,/product/66VCHSJNUP,0.200000,0.000000,15,15,15,15,15,15,15,15,15,15,15,24,0,15,28.17457083923121,10.662111453711987,89.01758585125208,7986.208333333333
1780922946,40,GET,/product/6E92ZMYYFZ,0.200000,0.000000,15,15,15,15,15,15,15,15,15,15,15,29,0,16,25.603070116505542,11.8397893384099,73.11239093542099,7983.068965517241
1780922946,40,GET,/product/9SIQT8TOJO,0.200000,0.000000,14,14,14,14,14,14,14,14,14,14,14,33,0,15,25.540665300054982,11.678917333483696,124.30478259921074,8018.69696969697
1780922946,40,GET,/product/L9ECAV7KIM,0.200000,0.000000,13,13,13,13,13,13,13,13,13,13,13,28,0,15,22.86491310223937,9.908587671816349,84.76724103093147,7996.321428571428
1780922946,40,GET,/product/LS4PSXUNUM,0.600000,0.000000,18,57,73,73,85,85,85,85,85,85,85,29,0,15,27.521971613168716,10.690417140722275,98.38776756078005,8000.241379310345
1780922946,40,GET,/product/OLJCESPC7Z,0.200000,0.000000,14,14,16,16,16,16,16,16,16,16,16,35,0,15,23.817650814141547,9.545624256134033,100.98346415907145,8026.057142857143
1780922946,40,,Aggregated,22.500000,0.000000,18,23,26,29,56,73,87,87,100,100,100,2291,0,18,29.380709467441925,7.794318720698357,698.0808135122061,10781.745089480577
1780922947,40,GET,/,16.900000,0.000000,17,19,22,24,37,61,75,84,87,87,87,1733,0,17,28.831988321031474,8.58189631253481,698.0808135122061,10547.263704558569
1780922947,40,POST,/cart,1.700000,0.000000,28,37,37,37,59,93,100,100,100,100,100,211,0,26,37.83806765637409,16.72803144901991,666.5041847154498,18198.11374407583
1780922947,40,POST,/cart/checkout,0.800000,0.000000,27,29,30,59,64,64,64,64,64,64,64,105,0,24,30.717902976487363,16.34348649531603,132.75807350873947,6803.028571428571
1780922947,40,GET,/product/0PUK6V6EV0,0.500000,0.000000,19,19,24,24,27,27,27,27,27,27,27,33,0,15,17.719556916166436,11.669040657579899,58.52794833481312,7997.666666666667
1780922947,40,GET,/product/1YMWWN1N4O,0.200000,0.000000,14,14,14,14,14,14,14,14,14,14,14,25,0,15,25.844897478818893,9.377759881317616,105.04879988729954,8036.48
1780922947,40,GET,/product/2ZYFJ3GM2N,0.300000,0.000000,15,15,18,18,18,18,18,18,18,18,18,27,0,17,26.685597409528715,7.794318720698357,78.16796284168959,8034.962962962963
1780922947,40,GET,/product/66VCHSJNUP,0.200000,0.000000,15,15,15,15,15,15,15,15,15,15,15,24,0,15,28.17457083923121,10.662111453711987,89.01758585125208,7986.208333333333
1780922947,40,GET,/product/6E92ZMYYFZ,0.200000,0.000000,15,15,15,15,15,15,15,15,15,15,15,29,0,16,25.603070116505542,11.8397893384099,73.11239093542099,7983.068965517241
1780922947,40,GET,/product/9SIQT8TOJO,0.200000,0.000000,14,14,14,14,14,14,14,14,14,14,14,33,0,15,25.540665300054982,11.678917333483696,124.30478259921074,8018.69696969697
1780922947,40,GET,/product/L9ECAV7KIM,0.100000,0.000000,12,12,12,12,12,12,12,12,12,12,12,28,0,15,22.86491310223937,9.908587671816349,84.76724103093147,7996.321428571428
1780922947,40,GET,/product/LS4PSXUNUM,0.500000,0.000000,57,73,73,85,85,85,85,85,85,85,85,29,0,15,27.521971613168716,10.690417140722275,98.38776756078005,8000.241379310345
1780922947,40,GET,/product/OLJCESPC7Z,0.100000,0.000000,11,11,16,16,16,16,16,16,16,16,16,35,0,15,23.817650814141547,9.545624256134033,100.98346415907145,8026.057142857143
1780922947,40,,Aggregated,21.700000,0.000000,18,21,26,28,49,64,84,87,100,100,100,2312,0,18,29.264671282091896,7.794318720698357,698.0808135122061,10786.729238754326
1780922948,40,GET,/,16.900000,0.000000,17,19,22,23,33,61,75,84,87,87,87,1750,0,17,28.708184802106448,8.58189631253481,698.0808135122061,10547.305142857143
1780922948,40,POST,/cart,2.000000,0.000000,27,37,37,37,59,93,100,100,100,100,100,214,0,26,37.63972787691333,16.72803144901991,666.5041847154498,18226.892523364488
1780922948,40,POST,/cart/checkout,0.800000,0.000000,27,29,30,59,64,64,64,64,64,64,64,105,0,24,30.717902976487363,16.34348649531603,132.75807350873947,6803.028571428571
1780922948,40,GET,/product/0PUK6V6EV0,0.500000,0.000000,17,19,24,24,27,27,27,27,27,27,27,34,0,15,17.57905980133835,11.669040657579899,58.52794833481312,7998.794117647059
1780922948,40,GET,/product/1YMWWN1N4O,0.200000,0.000000,14,14,14,14,14,14,14,14,14,14,14,25,0,15,25.844897478818893,9.377759881317616,105.04879988729954,8036.48
1780922948,40,GET,/product/2ZYFJ3GM2N,0.300000,0.000000,15,15,18,18,18,18,18,18,18,18,18,27,0,17,26.685597409528715,7.794318720698357,78.16796284168959,8034.962962962963
1780922948,40,GET,/product/66VCHSJNUP,0.200000,0.000000,15,15,15,15,15,15,15,15,15,15,15,24,0,15,28.17457083923121,10.662111453711987,89.01758585125208,7986.208333333333
1780922948,40,GET,/product/6E92ZMYYFZ,0.100000,0.000000,15,15,15,15,15,15,15,15,15,15,15,29,0,16,25.603070116505542,11.8397893384099,73.11239093542099,7983.068965517241
1780922948,40,GET,/product/9SIQT8TOJO,0.200000,0.000000,12,12,14,14,14,14,14,14,14,14,14,34,0,15,25.13975403545534,11.678917333483696,124.30478259921074,8020.705882352941
1780922948,40,GET,/product/L9ECAV7KIM,0.100000,0.000000,12,12,12,12,12,12,12,12,12,12,12,28,0,15,22.86491310223937,9.908587671816349,84.76724103093147,7996.321428571428
1780922948,40,GET,/product/LS4PSXUNUM,0.600000,0.000000,57,73,73,85,85,85,85,85,85,85,85,29,0,15,27.521971613168716,10.690417140722275,98.38776756078005,8000.241379310345
1780922948,40,GET,/product/OLJCESPC7Z,0.300000,0.000000,11,11,16,16,16,16,16,16,16,16,16,35,0,15,23.817650814141547,9.545624256134033,100.98346415907145,8026.057142857143
1780922948,40,,Aggregated,22.200000,0.000000,18,21,25,27,37,64,84,87,100,100,100,2334,0,18,29.147099175242246,7.794318720698357,698.0808135122061,10794.845758354755
1780922949,40,GET,/,16.800000,0.000000,17,19,22,23,33,61,75,84,87,87,87,1767,0,17,28.580540068021723,8.58189631253481,698.0808135122061,10547.447085455575
1780922949,40,POST,/cart,2.300000,0.000000,28,37,37,37,59,93,100,100,100,100,100,214,0,26,37.63972787691333,16.72803144901991,666.5041847154498,18226.892523364488
1780922949,40,POST,/cart/checkout,0.900000,0.000000,29,30,59,59,64,64,64,64,64,64,64,106,0,23,30.639059200250315,16.34348649531603,132.75807350873947,6803.235849056604
1780922949,40,GET,/product/0PUK6V6EV0,0.600000,0.000000,19,19,24,24,27,27,27,27,27,27,27,34,0,15,17.57905980133835,11.669040657579899,58.52794833481312,7998.794117647059
1780922949,40,GET,/product/1YMWWN1N4O,0.200000,0.000000,14,14,14,14,14,14,14,14,14,14,14,25,0,15,25.844897478818893,9.377759881317616,105.04879988729954,8036.48
1780922949,40,GET,/product/2ZYFJ3GM2N,0.400000,0.000000,14,14,18,18,18,18,18,18,18,18,18,27,0,17,26.685597409528715,7.794318720698357,78.16796284168959,8034.962962962963
1780922949,40,GET,/product/66VCHSJNUP,0.200000,0.000000,15,15,15,15,15,15,15,15,15,15,15,24,0,15,28.17457083923121,10.662111453711987,89.01758585125208,7986.208333333333
1780922949,40,GET,/product/6E92ZMYYFZ,0.100000,0.000000,15,15,15,15,15,15,15,15,15,15,15,29,0,16,25.603070116505542,11.8397893384099,73.11239093542099,7983.068965517241
1780922949,40,GET,/product/9SIQT8TOJO,0.200000,0.000000,12,12,14,14,14,14,14,14,14,14,14,34,0,15,25.13975403545534,11.678917333483696,124.30478259921074,8020.705882352941
1780922949,40,GET,/product/L9ECAV7KIM,0.100000,0.000000,12,12,12,12,12,12,12,12,12,12,12,28,0,15,22.86491310223937,9.908587671816349,84.76724103093147,7996.321428571428
1780922949,40,GET,/product/LS4PSXUNUM,0.700000,0.000000,57,57,73,73,85,85,85,85,85,85,85,30,0,15,26.999505174656708,10.690417140722275,98.38776756078005,8001.566666666667
1780922949,40,GET,/product/OLJCESPC7Z,0.300000,0.000000,11,11,16,16,16,16,16,16,16,16,16,35,0,15,23.817650814141547,9.545624256134033,100.98346415907145,8026.057142857143
1780922949,40,,Aggregated,22.800000,0.000000,18,21,25,27,37,64,84,87,100,100,100,2353,0,18,29.037836299480098,7.794318720698357,698.0808135122061,10790.305992350191
1780922950,40,GET,/,16.800000,0.000000,17,19,22,24,39,75,120,190,200,200,200,1790,0,17,28.847231267425933,8.58189631253481,698.0808135122061,10547.422346368716
1780922950,40,POST,/cart,2.200000,0.000000,28,37,37,49,93,100,100,100,100,100,100,214,0,26,37.63972787691333,16.72803144901991,666.5041847154498,18226.892523364488
1780922950,40,POST,/cart/checkout,0.600000,0.000000,29,30,59,59,64,64,64,64,64,64,64,106,0,23,30.639059200250315,16.34348649531603,132.75807350873947,6803.235849056604
1780922950,40,GET,/product/0PUK6V6EV0,0.600000,0.000000,19,19,24,24,27,27,27,27,27,27,27,34,0,15,17.57905980133835,11.669040657579899,58.52794833481312,7998.794117647059
1780922950,40,GET,/product/1YMWWN1N4O,0.200000,0.000000,14,14,15,15,15,15,15,15,15,15,15,26,0,15,25.420005719822186,9.377759881317616,105.04879988729954,8034.384615384615
1780922950,40,GET,/product/2ZYFJ3GM2N,0.400000,0.000000,35,35,96,96,96,96,96,96,96,96,96,29,0,18,29.36251699153719,7.794318720698357,96.04720585048199,8033.620689655172
1780922950,40,GET,/product/66VCHSJNUP,0.200000,0.000000,15,15,15,15,15,15,15,15,15,15,15,26,0,15,27.08323457493232,10.662111453711987,89.01758585125208,7982.807692307692
1780922950,40,GET,/product/6E92ZMYYFZ,0.100000,0.000000,15,15,15,15,15,15,15,15,15,15,15,31,0,16,24.83570897170613,11.8397893384099,73.11239093542099,7983.580645161291
1780922950,40,GET,/product/9SIQT8TOJO,0.200000,0.000000,12,12,14,14,14,14,14,14,14,14,14,34,0,15,25.13975403545534,11.678917333483696,124.30478259921074,8020.705882352941
1780922950,40,GET,/product/L9ECAV7KIM,0.100000,0.000000,12,12,12,12,12,12,12,12,12,12,12,28,0,15,22.86491310223937,9.908587671816349,84.76724103093147,7996.321428571428
1780922950,40,GET,/product/LS4PSXUNUM,0.500000,0.000000,18,73,73,85,85,85,85,85,85,85,85,30,0,15,26.999505174656708,10.690417140722275,98.38776756078005,8001.566666666667
1780922950,40,GET,/product/OLJCESPC7Z,0.300000,0.000000,11,11,16,16,16,16,16,16,16,16,16,35,0,15,23.817650814141547,9.545624256134033,100.98346415907145,8026.057142857143
1780922950,40,,Aggregated,22.200000,0.000000,17,21,26,29,59,84,120,170,200,200,200,2383,0,18,29.23287889180354,7.794318720698357,698.0808135122061,10779.696181284096
1780922951,40,GET,/,17.000000,0.000000,16,19,21,23,39,75,120,190,200,200,200,1804,0,17,28.762416777298053,8.58189631253481,698.0808135122061,10547.492239467849
1780922951,40,POST,/cart,2.300000,0.000000,27,37,37,49,93,100,100,100,100,100,100,216,0,26,37.53101004339341,16.72803144901991,666.5041847154498,18250.222222222223
1780922951,40,POST,/cart/checkout,0.700000,0.000000,27,30,59,59,64,64,64,64,64,64,64,107,0,23,30.55949304601021,16.34348649531603,132.75807350873947,6803.22429906542
1780922951,40,GET,/product/0PUK6V6EV0,0.600000,0.000000,16,16,19,19,27,27,27,27,27,27,27,36,0,15,17.469381473751532,11.669040657579899,58.52794833481312,7999.055555555556
1780922951,40,GET,/product/1YMWWN1N4O,0.200000,0.000000,14,14,15,15,15,15,15,15,15,15,15,27,0,15,24.880270335685324,9.377759881317616,105.04879988729954,8035.444444444444
1780922951,40,GET,/product/2ZYFJ3GM2N,0.400000,0.000000,35,35,96,96,96,96,96,96,96,96,96,29,0,18,29.36251699153719,7.794318720698357,96.04720585048199,8033.620689655172
1780922951,40,GET,/product/66VCHSJNUP,0.200000,0.000000,15,15,15,15,15,15,15,15,15,15,15,26,0,15,27.08323457493232,10.662111453711987,89.01758585125208,7982.807692307692
1780922951,40,GET,/product/6E92ZMYYFZ,0.000000,0.000000,12,15,15,15,15,15,15,15,15,15,15,33,0,15,24.070824101341493,11.8397893384099,73.11239093542099,7983.636363636364
1780922951,40,GET,/product/9SIQT8TOJO,0.300000,0.000000,12,12,12,12,12,12,12,12,12,12,12,34,0,15,25.13975403545534,11.678917333483696,124.30478259921074,8020.705882352941
1780922951,40,GET,/product/L9ECAV7KIM,0.100000,0.000000,12,12,12,12,12,12,12,12,12,12,12,28,0,15,22.86491310223937,9.908587671816349,84.76724103093147,7996.321428571428
1780922951,40,GET,/product/LS4PSXUNUM,0.500000,0.000000,18,73,73,85,85,85,85,85,85,85,85,30,0,15,26.999505174656708,10.690417140722275,98.38776756078005,8001.566666666667
1780922951,40,GET,/product/OLJCESPC7Z,0.300000,0.000000,11,11,16,16,16,16,16,16,16,16,16,35,0,15,23.817650814141547,9.545624256134033,100.98346415907145,8026.057142857143
1780922951,40,,Aggregated,22.600000,0.000000,17,20,24,27,59,84,120,170,200,200,200,2405,0,18,29.128156028486586,7.794318720698357,698.0808135122061,10779.268191268191
1780922952,40,GET,/,17.000000,0.000000,16,18,20,22,37,75,120,190,200,200,200,1824,0,17,28.66346020100377,8.58189631253481,698.0808135122061,10547.646381578947
1780922952,40,POST,/cart,2.100000,0.000000,27,28,37,49,93,100,100,100,100,100,100,218,0,26,37.38538090806078,16.72803144901991,666.5041847154498,18259.880733944956
1780922952,40,POST,/cart/checkout,0.700000,0.000000,27,30,59,59,64,64,64,64,64,64,64,108,0,23,30.46004304282919,16.34348649531603,132.75807350873947,6803.518518518518
1780922952,40,GET,/product/0PUK6V6EV0,0.600000,0.000000,16,16,19,19,27,27,27,27,27,27,27,36,0,15,17.469381473751532,11.669040657579899,58.52794833481312,7999.055555555556
1780922952,40,GET,/product/1YMWWN1N4O,0.100000,0.000000,12,12,15,15,15,15,15,15,15,15,15,27,0,15,24.880270335685324,9.377759881317616,105.04879988729954,8035.444444444444
1780922952,40,GET,/product/2ZYFJ3GM2N,0.400000,0.000000,35,35,96,96,96,96,96,96,96,96,96,29,0,18,29.36251699153719,7.794318720698357,96.04720585048199,8033.620689655172
1780922952,40,GET,/product/66VCHSJNUP,0.100000,0.000000,15,15,15,15,15,15,15,15,15,15,15,26,0,15,27.08323457493232,10.662111453711987,89.01758585125208,7982.807692307692
1780922952,40,GET,/product/6E92ZMYYFZ,0.200000,0.000000,12,15,15,15,15,15,15,15,15,15,15,33,0,15,24.070824101341493,11.8397893384099,73.11239093542099,7983.636363636364
1780922952,40,GET,/product/9SIQT8TOJO,0.200000,0.000000,12,12,12,12,12,12,12,12,12,12,12,34,0,15,25.13975403545534,11.678917333483696,124.30478259921074,8020.705882352941
1780922952,40,GET,/product/L9ECAV7KIM,0.100000,0.000000,12,12,12,12,12,12,12,12,12,12,12,28,0,15,22.86491310223937,9.908587671816349,84.76724103093147,7996.321428571428
1780922952,40,GET,/product/LS4PSXUNUM,0.500000,0.000000,18,73,73,85,85,85,85,85,85,85,85,30,0,15,26.999505174656708,10.690417140722275,98.38776756078005,8001.566666666667
1780922952,40,GET,/product/OLJCESPC7Z,0.300000,0.000000,16,16,16,16,16,16,16,16,16,16,16,35,0,15,23.817650814141547,9.545624256134033,100.98346415907145,8026.057142857143
1780922952,40,,Aggregated,22.300000,0.000000,16,19,22,25,38,84,120,170,200,200,200,2428,0,18,29.04081571259562,7.794318720698357,698.0808135122061,10782.871499176277
1780922953,40,GET,/,17.200000,0.000000,16,17,18,19,30,75,120,190,200,200,200,1841,0,17,28.550759080791362,8.58189631253481,698.0808135122061,10547.633351439436
1780922953,40,POST,/cart,1.800000,0.000000,27,28,28,37,93,100,100,100,100,100,100,219,0,26,37.33661352788613,16.72803144901991,666.5041847154498,18277.73515981735
1780922953,40,POST,/cart/checkout,0.800000,0.000000,25,26,27,27,59,59,59,59,59,59,59,109,0,23,30.40635518285386,16.34348649531603,132.75807350873947,6803.614678899083
1780922953,40,GET,/product/0PUK6V6EV0,0.400000,0.000000,15,16,16,19,19,19,19,19,19,19,19,36,0,15,17.469381473751532,11.669040657579899,58.52794833481312,7999.055555555556
1780922953,40,GET,/product/1YMWWN1N4O,0.300000,0.000000,12,12,15,15,15,15,15,15,15,15,15,27,0,15,24.880270335685324,9.377759881317616,105.04879988729954,8035.444444444444
1780922953,40,GET,/product/2ZYFJ3GM2N,0.400000,0.000000,13,35,35,96,96,96,96,96,96,96,96,31,0,17,28.26691445924582,7.794318720698357,96.04720585048199,8031.935483870968
1780922953,40,GET,/product/66VCHSJNUP,0.300000,0.000000,15,15,17,17,17,17,17,17,17,17,17,27,0,15,26.707774373116315,10.662111453711987,89.01758585125208,7984.925925925926
1780922953,40,GET,/product/6E92ZMYYFZ,0.300000,0.000000,12,12,15,15,15,15,15,15,15,15,15,33,0,15,24.070824101341493,11.8397893384099,73.11239093542099,7983.636363636364
1780922953,40,GET,/product/9SIQT8TOJO,0.200000,0.000000,12,12,15,15,15,15,15,15,15,15,15,35,0,15,24.841403482215746,11.678917333483696,124.30478259921074,8022.257142857143
1780922953,40,GET,/product/L9ECAV7KIM,0.000000,0.000000,12,12,12,12,12,12,12,12,12,12,12,28,0,15,22.86491310223937,9.908587671816349,84.76724103093147,7996.321428571428
1780922953,40,GET,/product/LS4PSXUNUM,0.500000,0.000000,18,73,73,85,85,85,85,85,85,85,85,30,0,15,26.999505174656708,10.690417140722275,98.38776756078005,8001.566666666667
1780922953,40,GET,/product/OLJCESPC7Z,0.200000,0.000000,13,13,16,16,16,16,16,16,16,16,16,36,0,15,23.50867019655804,9.545624256134033,100.98346415907145,8023.75
1780922953,40,,Aggregated,22.400000,0.000000,16,17,20,22,35,82,120,170,200,200,200,2452,0,18,28.91978344213078,7.794318720698357,698.0808135122061,10778.611337683524
1780922954,40,GET,/,17.400000,0.000000,16,17,17,18,30,75,120,190,200,200,200,1852,0,17,28.475119775064595,8.58189631253481,698.0808135122061,10547.63444924406
1780922954,40,POST,/cart,1.700000,0.000000,25,27,29,37,93,100,100,100,100,100,100,222,0,26,37.170156026846385,16.72803144901991,666.5041847154498,18298.018018018018
1780922954,40,POST,/cart/checkout,0.700000,0.000000,24,25,27,27,59,59,59,59,59,59,59,111,0,23,30.28400964732911,16.34348649531603,132.75807350873947,6803.495495495496
1780922954,40,GET,/product/0PUK6V6EV0,0.600000,0.000000,15,16,16,19,19,19,19,19,19,19,19,36,0,15,17.469381473751532,11.669040657579899,58.52794833481312,7999.055555555556
1780922954,40,GET,/product/1YMWWN1N4O,0.300000,0.000000,12,12,15,15,15,15,15,15,15,15,15,27,0,15,24.880270335685324,9.377759881317616,105.04879988729954,8035.444444444444
1780922954,40,GET,/product/2ZYFJ3GM2N,0.300000,0.000000,13,35,35,96,96,96,96,96,96,96,96,31,0,17,28.26691445924582,7.794318720698357,96.04720585048199,8031.935483870968
1780922954,40,GET,/product/66VCHSJNUP,0.200000,0.000000,15,15,17,17,17,17,17,17,17,17,17,27,0,15,26.707774373116315,10.662111453711987,89.01758585125208,7984.925925925926
1780922954,40,GET,/product/6E92ZMYYFZ,0.400000,0.000000,12,12,15,15,15,15,15,15,15,15,15,33,0,15,24.070824101341493,11.8397893384099,73.11239093542099,7983.636363636364
1780922954,40,GET,/product/9SIQT8TOJO,0.200000,0.000000,12,12,15,15,15,15,15,15,15,15,15,35,0,15,24.841403482215746,11.678917333483696,124.30478259921074,8022.257142857143
1780922954,40,GET,/product/L9ECAV7KIM,0.000000,0.000000,12,12,12,12,12,12,12,12,12,12,12,28,0,15,22.86491310223937,9.908587671816349,84.76724103093147,7996.321428571428
1780922954,40,GET,/product/LS4PSXUNUM,0.500000,0.000000,14,14,18,18,18,18,18,18,18,18,18,30,0,15,26.999505174656708,10.690417140722275,98.38776756078005,8001.566666666667
1780922954,40,GET,/product/OLJCESPC7Z,0.200000,0.000000,13,13,16,16,16,16,16,16,16,16,16,36,0,15,23.50867019655804,9.545624256134033,100.98346415907145,8023.75
1780922954,40,,Aggregated,22.500000,0.000000,16,17,20,23,35,82,120,170,200,200,200,2468,0,18,28.852338730576456,7.794318720698357,698.0808135122061,10785.296191247973
1780922955,40,GET,/,17.700000,0.000000,16,17,17,18,32,52,120,190,200,200,200,1868,0,17,28.469027494672662,8.58189631253481,698.0808135122061,10547.696466809422
1780922955,40,POST,/cart,1.600000,0.000000,25,27,27,27,37,37,37,37,37,37,37,224,0,26,37.045708591384546,16.72803144901991,666.5041847154498,18288.16964285714
1780922955,40,POST,/cart/checkout,0.700000,0.000000,24,25,26,26,59,59,59,59,59,59,59,112,0,23,30.241996814895952,16.34348649531603,132.75807350873947,6803.401785714285
1780922955,40,GET,/product/0PUK6V6EV0,0.500000,0.000000,15,15,16,16,16,16,16,16,16,16,16,36,0,15,17.469381473751532,11.669040657579899,58.52794833481312,7999.055555555556
1780922955,40,GET,/product/1YMWWN1N4O,0.300000,0.000000,12,12,15,15,15,15,15,15,15,15,15,27,0,15,24.880270335685324,9.377759881317616,105.04879988729954,8035.444444444444
1780922955,40,GET,/product/2ZYFJ3GM2N,0.400000,0.000000,13,35,35,96,96,96,96,96,96,96,96,31,0,17,28.26691445924582,7.794318720698357,96.04720585048199,8031.935483870968
1780922955,40,GET,/product/66VCHSJNUP,0.200000,0.000000,16,16,17,17,17,17,17,17,17,17,17,28,0,15,26.3080499467573,10.662111453711987,89.01758585125208,7985.928571428572
1780922955,40,GET,/product/6E92ZMYYFZ,0.400000,0.000000,12,15,15,15,15,15,15,15,15,15,15,34,0,15,23.789500817656517,11.8397893384099,73.11239093542099,7981.323529411765
1780922955,40,GET,/product/9SIQT8TOJO,0.200000,0.000000,15,15,15,15,15,15,15,15,15,15,15,35,0,15,24.841403482215746,11.678917333483696,124.30478259921074,8022.257142857143
1780922955,40,GET,/product/L9ECAV7KIM,0.000000,0.000000,12,12,12,12,12,12,12,12,12,12,12,28,0,15,22.86491310223937,9.908587671816349,84.76724103093147,7996.321428571428
1780922955,40,GET,/product/LS4PSXUNUM,0.500000,0.000000,12,12,14,14,14,14,14,14,14,14,14,31,0,15,26.53084388904033,10.690417140722275,98.38776756078005,8002.612903225807
1780922955,40,GET,/product/OLJCESPC7Z,0.200000,0.000000,13,13,16,16,16,16,16,16,16,16,16,36,0,15,23.50867019655804,9.545624256134033,100.98346415907145,8023.75
1780922955,40,,Aggregated,22.700000,0.000000,16,17,20,22,32,52,120,170,200,200,200,2490,0,18,28.821818679047517,7.794318720698357,698.0808135122061,10783.985542168675
1780922956,40,GET,/,17.000000,0.000000,16,17,17,19,34,52,120,190,200,200,200,1889,0,17,28.408232721849654,8.58189631253481,698.0808135122061,10547.76866066702
1780922956,40,POST,/cart,1.700000,0.000000,24,25,27,27,27,29,29,29,29,29,29,225,0,26,36.986168610552944,16.72803144901991,666.5041847154498,18279.88
1780922956,40,POST,/cart/checkout,0.900000,0.000000,24,25,26,41,59,59,59,59,59,59,59,114,0,23,30.258005403243658,16.34348649531603,132.75807350873947,6803.543859649123
1780922956,40,GET,/product/0PUK6V6EV0,0.500000,0.000000,13,15,15,16,16,16,16,16,16,16,16,37,0,15,17.319247781022174,11.669040657579899,58.52794833481312,7997.135135135135
1780922956,40,GET,/product/1YMWWN1N4O,0.300000,0.000000,15,15,15,15,15,15,15,15,15,15,15,28,0,15,24.542191564770683,9.377759881317616,105.04879988729954,8035.714285714285
1780922956,40,GET,/product/2ZYFJ3GM2N,0.500000,0.000000,13,35,35,96,96,96,96,96,96,96,96,31,0,17,28.26691445924582,7.794318720698357,96.04720585048199,8031.935483870968
1780922956,40,GET,/product/66VCHSJNUP,0.300000,0.000000,16,17,17,24,24,24,24,24,24,24,24,29,0,16,26.21430505452485,10.662111453711987,89.01758585125208,7986.586206896552
1780922956,40,GET,/product/6E92ZMYYFZ,0.400000,0.000000,12,15,15,15,15,15,15,15,15,15,15,34,0,15,23.789500817656517,11.8397893384099,73.11239093542099,7981.323529411765
1780922956,40,GET,/product/9SIQT8TOJO,0.200000,0.000000,15,15,15,15,15,15,15,15,15,15,15,35,0,15,24.841403482215746,11.678917333483696,124.30478259921074,8022.257142857143
1780922956,40,GET,/product/L9ECAV7KIM,0.000000,0.000000,12,12,12,12,12,12,12,12,12,12,12,28,0,15,22.86491310223937,9.908587671816349,84.76724103093147,7996.321428571428
1780922956,40,GET,/product/LS4PSXUNUM,0.300000,0.000000,12,12,14,14,14,14,14,14,14,14,14,31,0,15,26.53084388904033,10.690417140722275,98.38776756078005,8002.612903225807
1780922956,40,GET,/product/OLJCESPC7Z,0.300000,0.000000,13,13,16,16,16,16,16,16,16,16,16,36,0,15,23.50867019655804,9.545624256134033,100.98346415907145,8023.75
1780922956,40,,Aggregated,22.400000,0.000000,16,17,21,23,32,49,120,170,200,200,200,2517,0,18,28.758924471841215,7.794318720698357,698.0808135122061,10777.824394119983
1780922957,40,GET,/,17.500000,0.000000,16,17,18,20,34,52,120,190,200,200,200,1902,0,17,28.334999972118062,8.58189631253481,698.0808135122061,10547.858044164037
1780922957,40,POST,/cart,1.900000,0.000000,24,24,25,27,27,29,29,29,29,29,29,227,0,26,36.85313614602262,16.72803144901991,666.5041847154498,18270.202643171808
1780922957,40,POST,/cart/checkout,0.800000,0.000000,22,24,25,25,26,41,41,41,41,41,41,116,0,23,30.088180338899637,16.34348649531603,132.75807350873947,6803.4655172413795
1780922957,40,GET,/product/0PUK6V6EV0,0.400000,0.000000,15,15,16,16,57,57,57,57,57,57,57,39,0,15,18.249136658433155,11.669040657579899,58.52794833481312,7997.410256410257
1780922957,40,GET,/product/1YMWWN1N4O,0.300000,0.000000,15,15,15,15,15,15,15,15,15,15,15,28,0,15,24.542191564770683,9.377759881317616,105.04879988729954,8035.714285714285
1780922957,40,GET,/product/2ZYFJ3GM2N,0.500000,0.000000,35,35,96,96,96,96,96,96,96,96,96,31,0,17,28.26691445924582,7.794318720698357,96.04720585048199,8031.935483870968
1780922957,40,GET,/product/66VCHSJNUP,0.300000,0.000000,16,16,17,17,24,24,24,24,24,24,24,30,0,16,25.85758703450362,10.662111453711987,89.01758585125208,7986.8
1780922957,40,GET,/product/6E92ZMYYFZ,0.500000,0.000000,12,15,15,15,15,15,15,15,15,15,15,34,0,15,23.789500817656517,11.8397893384099,73.11239093542099,7981.323529411765
1780922957,40,GET,/product/9SIQT8TOJO,0.200000,0.000000,15,15,16,16,16,16,16,16,16,16,16,36,0,15,24.58225074224174,11.678917333483696,124.30478259921074,8020.972222222223
1780922957,40,GET,/product/L9ECAV7KIM,0.000000,0.000000,12,12,12,12,12,12,12,12,12,12,12,28,0,15,22.86491310223937,9.908587671816349,84.76724103093147,7996.321428571428
1780922957,40,GET,/product/LS4PSXUNUM,0.400000,0.000000,12,12,14,14,14,14,14,14,14,14,14,32,0,15,26.145299256313592,10.690417140722275,98.38776756078005,8003.875
1780922957,40,GET,/product/OLJCESPC7Z,0.300000,0.000000,13,13,16,16,16,16,16,16,16,16,16,37,0,15,23.228184169007314,9.545624256134033,100.98346415907145,8024.513513513513
1780922957,40,,Aggregated,23.100000,0.000000,16,17,21,22,32,49,120,170,200,200,200,2540,0,18,28.67325765198082,7.794318720698357,698.0808135122061,10772.088582677165
1780922958,40,GET,/,16.600000,0.000000,16,17,19,22,47,69,170,190,200,200,200,1920,0,17,28.39025151382278,8.58189631253481,698.0808135122061,10547.771354166667
1780922958,40,POST,/cart,1.700000,0.000000,24,25,27,27,29,54,54,54,54,54,54,229,0,26,36.889253639693344,16.72803144901991,666.5041847154498,18279.43668122271
1780922958,40,POST,/cart/checkout,0.800000,0.000000,22,24,25,25,26,41,41,41,41,41,41,116,0,23,30.088180338899637,16.34348649531603,132.75807350873947,6803.4655172413795
1780922958,40,GET,/product/0PUK6V6EV0,0.400000,0.000000,15,15,16,16,57,57,57,57,57,57,57,39,0,15,18.249136658433155,11.669040657579899,58.52794833481312,7997.410256410257
1780922958,40,GET,/product/1YMWWN1N4O,0.200000,0.000000,15,15,15,15,15,15,15,15,15,15,15,28,0,15,24.542191564770683,9.377759881317616,105.04879988729954,8035.714285714285
1780922958,40,GET,/product/2ZYFJ3GM2N,0.500000,0.000000,35,63,63,96,96,96,96,96,96,96,96,32,0,17,29.345139453653246,7.794318720698357,96.04720585048199,8031.96875
1780922958,40,GET,/product/66VCHSJNUP,0.400000,0.000000,16,16,17,17,24,24,24,24,24,24,24,30,0,16,25.85758703450362,10.662111453711987,89.01758585125208,7986.8
1780922958,40,GET,/product/6E92ZMYYFZ,0.500000,0.000000,15,15,15,15,72,72,72,72,72,72,72,35,0,15,25.180890251483238,11.8397893384099,73.11239093542099,7979.828571428571
1780922958,40,GET,/product/9SIQT8TOJO,0.200000,0.000000,15,15,16,16,16,16,16,16,16,16,16,36,0,15,24.58225074224174,11.678917333483696,124.30478259921074,8020.972222222223
1780922958,40,GET,/product/L9ECAV7KIM,0.000000,0.000000,0,0,0,0,0,0,0,0,0,0,0,28,0,15,22.86491310223937,9.908587671816349,84.76724103093147,7996.321428571428
1780922958,40,GET,/product/LS4PSXUNUM,0.300000,0.000000,12,12,14,14,14,14,14,14,14,14,14,32,0,15,26.145299256313592,10.690417140722275,98.38776756078005,8003.875
1780922958,40,GET,/product/OLJCESPC7Z,0.100000,0.000000,13,13,16,16,16,16,16,16,16,16,16,37,0,15,23.228184169007314,9.545624256134033,100.98346415907145,8024.513513513513
1780922958,40,,Aggregated,21.700000,0.000000,16,18,22,25,47,69,120,180,200,200,200,2562,0,18,28.752311795170563,7.794318720698357,698.0808135122061,10774.948087431694
1780922959,40,GET,/,17.200000,0.000000,16,17,20,22,47,69,170,190,200,200,200,1935,0,17,28.29511686341322,8.58189631253481,698.0808135122061,10547.854263565892
1780922959,40,POST,/cart,1.500000,0.000000,25,27,27,27,29,54,54,54,54,54,54,230,0,26,36.8466561012294,16.72803144901991,666.5041847154498,18271.486956521738
1780922959,40,POST,/cart/checkout,1.000000,0.000000,23,24,25,26,41,41,41,41,41,41,41,116,0,23,30.088180338899637,16.34348649531603,132.75807350873947,6803.4655172413795
1780922959,40,GET,/product/0PUK6V6EV0,0.500000,0.000000,16,16,57,57,66,66,66,66,66,66,66,40,0,15,19.448888232000172,11.669040657579899,66.2391996011138,7998.5
1780922959,40,GET,/product/1YMWWN1N4O,0.300000,0.000000,15,15,15,15,15,15,15,15,15,15,15,28,0,15,24.542191564770683,9.377759881317616,105.04879988729954,8035.714285714285
1780922959,40,GET,/product/2ZYFJ3GM2N,0.400000,0.000000,15,63,63,96,96,96,96,96,96,96,96,33,0,17,28.917622498490594,7.794318720698357,96.04720585048199,8031.69696969697
1780922959,40,GET,/product/66VCHSJNUP,0.500000,0.000000,16,16,17,17,24,24,24,24,24,24,24,30,0,16,25.85758703450362,10.662111453711987,89.01758585125208,7986.8
1780922959,40,GET,/product/6E92ZMYYFZ,0.500000,0.000000,14,15,15,72,72,72,72,72,72,72,72,36,0,15,24.872614484694267,11.8397893384099,73.11239093542099,7980.333333333333
1780922959,40,GET,/product/9SIQT8TOJO,0.200000,0.000000,15,15,16,16,16,16,16,16,16,16,16,36,0,15,24.58225074224174,11.678917333483696,124.30478259921074,8020.972222222223
1780922959,40,GET,/product/L9ECAV7KIM,0.000000,0.000000,0,0,0,0,0,0,0,0,0,0,0,28,0,15,22.86491310223937,9.908587671816349,84.76724103093147,7996.321428571428
1780922959,40,GET,/product/LS4PSXUNUM,0.200000,0.000000,12,12,14,14,14,14,14,14,14,14,14,32,0,15,26.145299256313592,10.690417140722275,98.38776756078005,8003.875
1780922959,40,GET,/product/OLJCESPC7Z,0.200000,0.000000,13,13,13,13,13,13,13,13,13,13,13,37,0,15,23.228184169007314,9.545624256134033,100.98346415907145,8024.513513513513
1780922959,40,,Aggregated,22.500000,0.000000,17,19,22,25,48,69,120,180,200,200,200,2581,0,18,28.681845062133394,7.794318720698357,698.0808135122061,10772.687717938783
1780922960,40,GET,/,16.800000,0.000000,16,17,18,21,32,49,69,81,180,180,180,1955,0,17,28.177638495307598,8.58189631253481,698.0808135122061,10547.811253196931
1780922960,40,POST,/cart,1.500000,0.000000,24,27,27,27,29,54,54,54,54,54,54,232,0,26,36.6917091285296,16.72803144901991,666.5041847154498,18286.67672413793
1780922960,40,POST,/cart/checkout,1.100000,0.000000,23,24,25,26,41,41,41,41,41,41,41,116,0,23,30.088180338899637,16.34348649531603,132.75807350873947,6803.4655172413795
1780922960,40,GET,/product/0PUK6V6EV0,0.600000,0.000000,16,16,57,57,66,66,66,66,66,66,66,40,0,15,19.448888232000172,11.669040657579899,66.2391996011138,7998.5
1780922960,40,GET,/product/1YMWWN1N4O,0.300000,0.000000,15,15,15,15,15,15,15,15,15,15,15,28,0,15,24.542191564770683,9.377759881317616,105.04879988729954,8035.714285714285
1780922960,40,GET,/product/2ZYFJ3GM2N,0.500000,0.000000,15,63,63,96,96,96,96,96,96,96,96,33,0,17,28.917622498490594,7.794318720698357,96.04720585048199,8031.69696969697
1780922960,40,GET,/product/66VCHSJNUP,0.600000,0.000000,16,17,17,17,24,24,24,24,24,24,24,31,0,16,25.587770276732982,10.662111453711987,89.01758585125208,7985.677419354839
1780922960,40,GET,/product/6E92ZMYYFZ,0.500000,0.000000,14,14,15,15,72,72,72,72,72,72,72,38,0,15,24.232561013808375,11.8397893384099,73.11239093542099,7981.9473684210525
1780922960,40,GET,/product/9SIQT8TOJO,0.300000,0.000000,16,16,16,16,16,16,16,16,16,16,16,36,0,15,24.58225074224174,11.678917333483696,124.30478259921074,8020.972222222223
1780922960,40,GET,/product/L9ECAV7KIM,0.000000,0.000000,0,0,0,0,0,0,0,0,0,0,0,28,0,15,22.86491310223937,9.908587671816349,84.76724103093147,7996.321428571428
1780922960,40,GET,/product/LS4PSXUNUM,0.300000,0.000000,13,13,14,14,14,14,14,14,14,14,14,33,0,15,25.74023333462802,10.690417140722275,98.38776756078005,8004.181818181818
1780922960,40,GET,/product/OLJCESPC7Z,0.200000,0.000000,13,13,13,13,13,13,13,13,13,13,13,37,0,15,23.228184169007314,9.545624256134033,100.98346415907145,8024.513513513513
1780922960,40,,Aggregated,22.700000,0.000000,17,18,21,23,32,54,69,72,180,180,180,2607,0,18,28.56061159799931,7.794318720698357,698.0808135122061,10773.776371308017
1780922961,40,GET,/,16.900000,0.000000,16,17,18,21,32,49,69,81,180,180,180,1969,0,17,28.090731738397256,8.58189631253481,698.0808135122061,10547.826815642458
1780922961,40,POST,/cart,1.500000,0.000000,24,25,27,28,35,54,54,54,54,54,54,234,0,26,36.61671298372949,16.72803144901991,666.5041847154498,18295.53846153846
1780922961,40,POST,/cart/checkout,1.000000,0.000000,24,25,26,28,41,41,41,41,41,41,41,117,0,23,30.07114889561875,16.34348649531603,132.75807350873947,6803.470085470086
1780922961,40,GET,/product/0PUK6V6EV0,0.600000,0.000000,16,16,57,57,66,66,66,66,66,66,66,40,0,15,19.448888232000172,11.669040657579899,66.2391996011138,7998.5
1780922961,40,GET,/product/1YMWWN1N4O,0.300000,0.000000,15,15,15,15,15,15,15,15,15,15,15,28,0,15,24.542191564770683,9.377759881317616,105.04879988729954,8035.714285714285
1780922961,40,GET,/product/2ZYFJ3GM2N,0.500000,0.000000,15,15,63,63,63,63,63,63,63,63,63,33,0,17,28.917622498490594,7.794318720698357,96.04720585048199,8031.69696969697
1780922961,40,GET,/product/66VCHSJNUP,0.600000,0.000000,17,17,17,24,24,24,24,24,24,24,24,31,0,16,25.587770276732982,10.662111453711987,89.01758585125208,7985.677419354839
1780922961,40,GET,/product/6E92ZMYYFZ,0.600000,0.000000,14,14,15,15,72,72,72,72,72,72,72,38,0,15,24.232561013808375,11.8397893384099,73.11239093542099,7981.9473684210525
1780922961,40,GET,/product/9SIQT8TOJO,0.200000,0.000000,15,15,16,16,16,16,16,16,16,16,16,37,0,15,24.225982787037218,11.400336399674416,124.30478259921074,8019.594594594595
1780922961,40,GET,/product/L9ECAV7KIM,0.000000,0.000000,0,0,0,0,0,0,0,0,0,0,0,28,0,15,22.86491310223937,9.908587671816349,84.76724103093147,7996.321428571428
