Timestamp,User Count,Type,Name,Requests/s,Failures/s,50%,66%,75%,80%,90%,95%,98%,99%,99.9%,99.99%,100%,Total Request Count,Total Failure Count,Total Median Response Time,Total Average Response Time,Total Min Response Time,Total Max Response Time,Total Average Content Size
1777646672,0,,Aggregated,0.000000,0.000000,N/A,N/A,N/A,N/A,N/A,N/A,N/A,N/A,N/A,N/A,N/A,0,0,0,0.0,0,0,0
1777646673,5,GET,/,0.000000,0.000000,0,0,0,0,0,0,0,0,0,0,0,4,0,984.8341110628098,987.8122822847217,984.8341110628098,992.6569620147347,10499.0
1777646673,5,POST,/cart,0.000000,0.000000,0,0,0,0,0,0,0,0,0,0,0,1,0,907.0406088139862,907.0406088139862,907.0406088139862,907.0406088139862,16443.0
1777646673,5,,Aggregated,0.000000,0.000000,0,0,0,0,0,0,0,0,0,0,0,5,0,980,971.6579475905746,907.0406088139862,992.6569620147347,11687.8
1777646674,10,GET,/,0.000000,0.000000,0,0,0,0,0,0,0,0,0,0,0,9,0,120,504.28213693925903,114.31765998713672,992.6569620147347,10499.0
1777646674,10,POST,/cart,0.000000,0.000000,0,0,0,0,0,0,0,0,0,0,0,1,0,907.0406088139862,907.0406088139862,907.0406088139862,907.0406088139862,16443.0
1777646674,10,GET,/product/0PUK6V6EV0,0.000000,0.000000,0,0,0,0,0,0,0,0,0,0,0,1,0,25.269512087106705,25.269512087106705,25.269512087106705,25.269512087106705,7970.0
1777646674,10,,Aggregated,0.000000,0.000000,120,980,980,980,990,990,990,990,990,990,990,11,0,120,497.34994121403855,25.269512087106705,992.6569620147347,10809.454545454546
1777646675,15,GET,/,0.000000,0.000000,110,120,120,120,120,120,120,120,120,120,120,19,0,120,274.67356578103806,19.809262827038765,992.6569620147347,10503.684210526315
1777646675,15,POST,/cart,0.000000,0.000000,910,910,910,910,910,910,910,910,910,910,910,1,0,907.0406088139862,907.0406088139862,907.0406088139862,907.0406088139862,16443.0
1777646675,15,GET,/product/0PUK6V6EV0,0.000000,0.000000,25,25,25,25,25,25,25,25,25,25,25,1,0,25.269512087106705,25.269512087106705,25.269512087106705,25.269512087106705,7970.0
1777646675,15,GET,/product/66VCHSJNUP,0.000000,0.000000,0,0,0,0,0,0,0,0,0,0,0,1,0,20.01307811588049,20.01307811588049,20.01307811588049,20.01307811588049,7904.0
1777646675,15,GET,/product/OLJCESPC7Z,0.000000,0.000000,0,0,0,0,0,0,0,0,0,0,0,1,0,16.66356809437275,16.66356809437275,16.66356809437275,16.66356809437275,7981.0
1777646675,15,,Aggregated,0.000000,0.000000,120,120,120,910,980,990,990,990,990,990,990,23,0,120,269.03410943265516,16.66356809437275,992.6569620147347,10429.04347826087
1777646676,20,GET,/,4.500000,0.000000,32,73,110,120,120,120,120,120,120,120,120,27,0,110,205.82329451658384,18.57621083036065,992.6569620147347,10505.592592592593
1777646676,20,POST,/cart,0.500000,0.000000,31,31,910,910,910,910,910,910,910,910,910,3,0,31,322.0253186300397,28.409765101969242,907.0406088139862,16448.333333333332
1777646676,20,POST,/cart/checkout,0.000000,0.000000,0,0,0,0,0,0,0,0,0,0,0,2,0,48.07155090384185,114.28532598074526,48.07155090384185,180.49910105764866,6802.0
1777646676,20,GET,/product/0PUK6V6EV0,0.500000,0.000000,25,25,25,25,25,25,25,25,25,25,25,1,0,25.269512087106705,25.269512087106705,25.269512087106705,25.269512087106705,7970.0
1777646676,20,GET,/product/66VCHSJNUP,0.000000,0.000000,15,15,15,15,15,15,15,15,15,15,15,2,0,15.317454002797604,17.665266059339046,15.317454002797604,20.01307811588049,7917.0
1777646676,20,GET,/product/9SIQT8TOJO,0.000000,0.000000,0,0,0,0,0,0,0,0,0,0,0,1,0,80.1629601046443,80.1629601046443,80.1629601046443,80.1629601046443,7974.0
1777646676,20,GET,/product/OLJCESPC7Z,0.000000,0.000000,0,0,0,0,0,0,0,0,0,0,0,1,0,16.66356809437275,16.66356809437275,16.66356809437275,16.66356809437275,7981.0
1777646676,20,,Aggregated,5.500000,0.000000,73,120,120,120,980,990,990,990,990,990,990,37,0,73,186.7378954649777,15.317454002797604,992.6569620147347,10442.135135135135
1777646677,25,GET,/,5.333333,0.000000,33,68,73,110,120,120,120,120,120,120,120,35,0,68,170.00599056482315,18.57621083036065,992.6569620147347,10504.085714285715
1777646677,25,POST,/cart,0.333333,0.000000,28,31,31,910,910,910,910,910,910,910,910,5,0,28,203.51945143193007,25.090203154832125,907.0406088139862,17028.6
1777646677,25,POST,/cart/checkout,0.000000,0.000000,22,22,22,22,22,22,22,22,22,22,22,3,0,48,83.50681730856498,21.94979996420443,180.49910105764866,6806.333333333333
1777646677,25,GET,/product/0PUK6V6EV0,0.333333,0.000000,25,25,25,25,25,25,25,25,25,25,25,2,0,20,22.573627065867186,19.877742044627666,25.269512087106705,7960.0
1777646677,25,GET,/product/66VCHSJNUP,0.333333,0.000000,21,21,21,21,21,21,21,21,21,21,21,3,0,20,18.777775733421247,15.317454002797604,21.002795081585646,7917.333333333333
1777646677,25,GET,/product/9SIQT8TOJO,0.000000,0.000000,80,80,80,80,80,80,80,80,80,80,80,1,0,80.1629601046443,80.1629601046443,80.1629601046443,80.1629601046443,7974.0
1777646677,25,GET,/product/OLJCESPC7Z,0.000000,0.000000,17,17,17,17,17,17,17,17,17,17,17,1,0,16.66356809437275,16.66356809437275,16.66356809437275,16.66356809437275,7981.0
1777646677,25,,Aggregated,6.333333,0.000000,48,110,120,120,910,980,990,990,990,990,990,50,0,33,148.3326897677034,15.317454002797604,992.6569620147347,10576.64
1777646678,30,GET,/,6.250000,0.000000,66,100,110,120,220,220,250,250,250,250,250,55,0,70,148.5875410027802,16.845175065100193,992.6569620147347,10503.854545454546
1777646678,30,POST,/cart,0.750000,0.000000,28,31,31,910,910,910,910,910,910,910,910,5,0,28,203.51945143193007,25.090203154832125,907.0406088139862,17028.6
1777646678,30,POST,/cart/checkout,0.500000,0.000000,56,56,56,56,56,56,56,56,56,56,56,4,0,48,76.60319370916113,21.94979996420443,180.49910105764866,6809.5
1777646678,30,GET,/product/0PUK6V6EV0,0.250000,0.000000,25,25,48,48,48,48,48,48,48,48,48,3,0,25,31.027374090626836,19.877742044627666,47.934868140146136,7957.333333333333
1777646678,30,GET,/product/2ZYFJ3GM2N,0.000000,0.000000,0,0,0,0,0,0,0,0,0,0,0,1,0,18.114150036126375,18.114150036126375,18.114150036126375,18.114150036126375,8004.0
1777646678,30,GET,/product/66VCHSJNUP,0.500000,0.000000,21,21,21,21,21,21,21,21,21,21,21,3,0,20,18.777775733421247,15.317454002797604,21.002795081585646,7917.333333333333
1777646678,30,GET,/product/9SIQT8TOJO,0.250000,0.000000,80,80,80,80,80,80,80,80,80,80,80,2,0,13,46.469391556456685,12.775823008269072,80.1629601046443,7967.0
1777646678,30,GET,/product/OLJCESPC7Z,0.250000,0.000000,17,17,17,17,17,17,17,17,17,17,17,1,0,16.66356809437275,16.66356809437275,16.66356809437275,16.66356809437275,7981.0
1777646678,30,,Aggregated,8.750000,0.000000,64,100,120,120,220,980,990,990,990,990,990,74,0,56,132.07373970087517,12.775823008269072,992.6569620147347,10400.486486486487
1777646679,35,GET,/,6.800000,0.000000,30,66,100,110,160,220,250,250,250,250,250,71,0,36,119.82227539853521,13.338953955098987,992.6569620147347,10504.014084507042
1777646679,35,POST,/cart,0.600000,0.000000,28,28,31,31,910,910,910,910,910,910,910,6,0,26,173.54042005414763,23.64526316523552,907.0406088139862,16925.0
1777646679,35,POST,/cart/checkout,0.600000,0.000000,23,23,56,56,56,56,56,56,56,56,56,5,0,48,65.8274991903454,21.94979996420443,180.49910105764866,6812.2
1777646679,35,GET,/product/0PUK6V6EV0,0.400000,0.000000,25,25,48,48,48,48,48,48,48,48,48,4,0,20,27.652670571114868,17.528560012578964,47.934868140146136,7958.5
1777646679,35,GET,/product/2ZYFJ3GM2N,0.000000,0.000000,18,18,18,18,18,18,18,18,18,18,18,1,0,18.114150036126375,18.114150036126375,18.114150036126375,18.114150036126375,8004.0
1777646679,35,GET,/product/66VCHSJNUP,0.600000,0.000000,15,15,21,21,21,21,21,21,21,21,21,4,0,15,17.53469556570053,13.805455062538385,21.002795081585646,7918.5
1777646679,35,GET,/product/9SIQT8TOJO,0.200000,0.000000,80,80,80,80,80,80,80,80,80,80,80,2,0,13,46.469391556456685,12.775823008269072,80.1629601046443,7967.0
1777646679,35,GET,/product/OLJCESPC7Z,0.200000,0.000000,17,17,17,17,17,17,17,17,17,17,17,1,0,16.66356809437275,16.66356809437275,16.66356809437275,16.66356809437275,7981.0
1777646679,35,,Aggregated,9.400000,0.000000,30,68,110,120,220,910,990,990,990,990,990,94,0,30,108.3641227166307,12.775823008269072,992.6569620147347,10391.734042553191
1777646680,40,GET,/,7.666667,0.000000,28,66,100,110,180,220,250,250,250,250,250,88,0,31,108.08249621450986,13.338953955098987,992.6569620147347,10505.068181818182
1777646680,40,POST,/cart,0.833333,0.000000,28,31,94,94,910,910,910,910,910,910,910,7,0,28,162.1751024919961,23.64526316523552,907.0406088139862,16858.14285714286
1777646680,40,POST,/cart/checkout,0.666667,0.000000,23,56,56,93,93,93,93,93,93,93,93,7,0,48,63.321950246712994,20.65682294778526,180.49910105764866,6816.428571428572
1777646680,40,GET,/product/0PUK6V6EV0,0.500000,0.000000,25,25,48,48,48,48,48,48,48,48,48,4,0,20,27.652670571114868,17.528560012578964,47.934868140146136,7958.5
1777646680,40,GET,/product/1YMWWN1N4O,0.000000,0.000000,0,0,0,0,0,0,0,0,0,0,0,2,0,120,118.69346350431442,116.66694097220898,120.71998603641987,7999.0
1777646680,40,GET,/product/2ZYFJ3GM2N,0.166667,0.000000,18,18,18,18,18,18,18,18,18,18,18,1,0,18.114150036126375,18.114150036126375,18.114150036126375,18.114150036126375,8004.0
1777646680,40,GET,/product/66VCHSJNUP,0.500000,0.000000,15,15,21,21,21,21,21,21,21,21,21,4,0,15,17.53469556570053,13.805455062538385,21.002795081585646,7918.5
1777646680,40,GET,/product/9SIQT8TOJO,0.333333,0.000000,15,15,80,80,80,80,80,80,80,80,80,3,0,15,35.96448106691241,12.775823008269072,80.1629601046443,7966.0
1777646680,40,GET,/product/OLJCESPC7Z,0.166667,0.000000,17,17,17,17,17,17,17,17,17,17,17,1,0,16.66356809437275,16.66356809437275,16.66356809437275,16.66356809437275,7981.0
1777646680,40,,Aggregated,10.833333,0.000000,29,70,110,120,180,250,980,990,990,990,990,117,0,29,99.57732127294835,12.775823008269072,992.6569620147347,10338.094017094018
1777646681,45,GET,/,8.857143,0.000000,23,45,68,100,120,180,220,250,250,250,250,113,0,27,90.03436047814589,13.338953955098987,992.6569620147347,10505.300884955752
1777646681,45,POST,/cart,0.857143,0.000000,26,28,31,94,910,910,910,910,910,910,910,10,0,25,120.01651921309531,19.721159944310784,907.0406088139862,16744.4
1777646681,45,POST,/cart/checkout,0.571429,0.000000,23,56,56,93,93,93,93,93,93,93,93,7,0,48,63.321950246712994,20.65682294778526,180.49910105764866,6816.428571428572
1777646681,45,GET,/product/0PUK6V6EV0,0.571429,0.000000,25,25,48,48,48,48,48,48,48,48,48,4,0,20,27.652670571114868,17.528560012578964,47.934868140146136,7958.5
1777646681,45,GET,/product/1YMWWN1N4O,0.000000,0.000000,120,120,120,120,120,120,120,120,120,120,120,2,0,120,118.69346350431442,116.66694097220898,120.71998603641987,7999.0
1777646681,45,GET,/product/2ZYFJ3GM2N,0.142857,0.000000,18,18,18,18,18,18,18,18,18,18,18,1,0,18.114150036126375,18.114150036126375,18.114150036126375,18.114150036126375,8004.0
1777646681,45,GET,/product/66VCHSJNUP,0.428571,0.000000,16,16,21,21,21,21,21,21,21,21,21,5,0,16,17.163440259173512,13.805455062538385,21.002795081585646,7922.8
1777646681,45,GET,/product/6E92ZMYYFZ,0.000000,0.000000,0,0,0,0,0,0,0,0,0,0,0,2,0,14,17.65962957870215,13.743901159614325,21.57535799778998,7931.0
1777646681,45,GET,/product/9SIQT8TOJO,0.285714,0.000000,15,15,80,80,80,80,80,80,80,80,80,3,0,15,35.96448106691241,12.775823008269072,80.1629601046443,7966.0
1777646681,45,GET,/product/OLJCESPC7Z,0.142857,0.000000,17,17,17,17,17,17,17,17,17,17,17,1,0,16.66356809437275,16.66356809437275,16.66356809437275,16.66356809437275,7981.0
1777646681,45,,Aggregated,11.857143,0.000000,24,48,87,110,170,220,980,990,990,990,990,148,0,24,83.9804514119326,12.775823008269072,992.6569620147347,10442.222972972973
1777646682,50,GET,/,10.500000,0.000000,23,40,64,72,120,180,220,250,250,250,250,132,0,26,81.42672841627659,13.338953955098987,992.6569620147347,10505.742424242424
1777646682,50,POST,/cart,0.875000,0.000000,28,33,74,77,94,910,910,910,910,910,910,13,0,28,106.44468115284465,19.721159944310784,907.0406088139862,16674.384615384617
1777646682,50,POST,/cart/checkout,0.875000,0.000000,23,56,57,57,93,93,93,93,93,93,93,9,0,48,57.75550033690201,19.53418110497296,180.49910105764866,6813.0
1777646682,50,GET,/product/0PUK6V6EV0,0.500000,0.000000,20,20,25,25,48,48,48,48,48,48,48,6,0,18,23.872821552989382,16.10342599451542,47.934868140146136,7954.666666666667
1777646682,50,GET,/product/1YMWWN1N4O,0.250000,0.000000,120,120,120,120,120,120,120,120,120,120,120,3,0,120,84.71734534638624,16.765109030529857,120.71998603641987,7984.0
1777646682,50,GET,/product/2ZYFJ3GM2N,0.125000,0.000000,18,18,18,18,18,18,18,18,18,18,18,1,0,18.114150036126375,18.114150036126375,18.114150036126375,18.114150036126375,8004.0
1777646682,50,GET,/product/66VCHSJNUP,0.500000,0.000000,16,19,19,21,21,21,21,21,21,21,21,6,0,16,17.48958955674122,13.805455062538385,21.002795081585646,7931.333333333333
1777646682,50,GET,/product/6E92ZMYYFZ,0.000000,0.000000,22,22,22,22,22,22,22,22,22,22,22,3,0,15,16.663543026273448,13.743901159614325,21.57535799778998,7923.666666666667
1777646682,50,GET,/product/9SIQT8TOJO,0.375000,0.000000,15,15,80,80,80,80,80,80,80,80,80,3,0,15,35.96448106691241,12.775823008269072,80.1629601046443,7966.0
1777646682,50,GET,/product/L9ECAV7KIM,0.000000,0.000000,0,0,0,0,0,0,0,0,0,0,0,1,0,20.382082788273692,20.382082788273692,20.382082788273692,20.382082788273692,7962.0
1777646682,50,GET,/product/OLJCESPC7Z,0.125000,0.000000,17,17,17,17,17,17,17,17,17,17,17,1,0,16.66356809437275,16.66356809437275,16.66356809437275,16.66356809437275,7981.0
1777646682,50,,Aggregated,14.125000,0.000000,24,44,68,93,120,220,980,990,990,990,990,178,0,23,75.09707238687349,12.775823008269072,992.6569620147347,10425.426966292134
1777646683,55,GET,/,11.333333,0.000000,27,48,64,73,120,180,220,250,250,250,250,158,0,30,76.45671506989983,13.338953955098987,992.6569620147347,10507.449367088608
1777646683,55,POST,/cart,0.888889,0.000000,31,48,74,77,94,910,910,910,910,910,910,15,0,31,100.24160440079868,19.721159944310784,907.0406088139862,16642.6
1777646683,55,POST,/cart/checkout,0.777778,0.000000,23,56,57,57,93,93,93,93,93,93,93,10,0,23,53.61980029847473,16.39849995262921,180.49910105764866,6812.8
1777646683,55,GET,/product/0PUK6V6EV0,0.444444,0.000000,20,20,25,25,48,48,48,48,48,48,48,6,0,18,23.872821552989382,16.10342599451542,47.934868140146136,7954.666666666667
1777646683,55,GET,/product/1YMWWN1N4O,0.222222,0.000000,120,120,120,120,120,120,120,120,120,120,120,4,0,84,84.50776047538966,16.765109030529857,120.71998603641987,7984.0
1777646683,55,GET,/product/2ZYFJ3GM2N,0.111111,0.000000,18,18,18,18,18,18,18,18,18,18,18,1,0,18.114150036126375,18.114150036126375,18.114150036126375,18.114150036126375,8004.0
1777646683,55,GET,/product/66VCHSJNUP,0.444444,0.000000,16,19,19,21,21,21,21,21,21,21,21,6,0,16,17.48958955674122,13.805455062538385,21.002795081585646,7931.333333333333
1777646683,55,GET,/product/6E92ZMYYFZ,0.111111,0.000000,22,22,22,22,22,22,22,22,22,22,22,3,0,15,16.663543026273448,13.743901159614325,21.57535799778998,7923.666666666667
1777646683,55,GET,/product/9SIQT8TOJO,0.333333,0.000000,16,16,80,80,80,80,80,80,80,80,80,4,0,15,31.05133952340111,12.775823008269072,80.1629601046443,7968.5
1777646683,55,GET,/product/L9ECAV7KIM,0.000000,0.000000,20,20,20,20,20,20,20,20,20,20,20,1,0,20.382082788273692,20.382082788273692,20.382082788273692,20.382082788273692,7962.0
1777646683,55,GET,/product/OLJCESPC7Z,0.111111,0.000000,17,17,17,17,17,17,17,17,17,17,17,1,0,16.66356809437275,16.66356809437275,16.66356809437275,16.66356809437275,7981.0
1777646683,55,,Aggregated,14.777778,0.000000,25,46,64,73,110,170,220,250,250,250,250,209,0,26,71.46193467316766,12.775823008269072,992.6569620147347,10453.531100478469
1777646684,60,GET,/,12.500000,0.000000,28,46,64,68,100,170,220,250,250,250,250,178,0,30,72.93745713815971,13.338953955098987,992.6569620147347,10508.5
1777646684,60,POST,/cart,1.000000,0.000000,31,48,68,71,77,94,94,94,94,94,94,18,0,31,90.62728805777927,19.721159944310784,907.0406088139862,16610.666666666668
1777646684,60,POST,/cart/checkout,0.800000,0.000000,22,23,56,57,93,93,93,93,93,93,93,11,0,23,50.73508455164053,16.39849995262921,180.49910105764866,6813.363636363636
1777646684,60,GET,/product/0PUK6V6EV0,0.500000,0.000000,20,25,35,35,48,48,48,48,48,48,48,8,0,18,24.294222763273865,16.041446942836046,47.934868140146136,7951.75
1777646684,60,GET,/product/1YMWWN1N4O,0.200000,0.000000,84,84,120,120,120,120,120,120,120,120,120,6,0,57,68.47548480921735,16.07048395089805,120.71998603641987,7985.0
1777646684,60,GET,/product/2ZYFJ3GM2N,0.100000,0.000000,60,60,60,60,60,60,60,60,60,60,60,2,0,18.114150036126375,38.84980105794966,18.114150036126375,59.58545207977295,7993.0
1777646684,60,GET,/product/66VCHSJNUP,0.600000,0.000000,19,19,21,21,65,65,65,65,65,65,65,7,0,19,24.235518050513097,13.805455062538385,64.71108901314437,7931.142857142857
1777646684,60,GET,/product/6E92ZMYYFZ,0.300000,0.000000,64,64,65,65,65,65,65,65,65,65,65,5,0,22,35.83391862921417,13.743901159614325,65.13716699555516,7919.0
1777646684,60,GET,/product/9SIQT8TOJO,0.300000,0.000000,16,61,64,64,80,80,80,80,80,80,80,7,0,16,37.86279570444354,12.775823008269072,80.1629601046443,7990.571428571428
1777646684,60,GET,/product/L9ECAV7KIM,0.100000,0.000000,83,83,83,83,83,83,83,83,83,83,83,2,0,20.382082788273692,51.68366234283894,20.382082788273692,82.9852418974042,7959.0
1777646684,60,GET,/product/OLJCESPC7Z,0.100000,0.000000,17,17,17,17,17,17,17,17,17,17,17,1,0,16.66356809437275,16.66356809437275,16.66356809437275,16.66356809437275,7981.0
1777646684,60,,Aggregated,16.500000,0.000000,26,48,64,68,100,120,220,220,250,250,250,245,0,29,67.71036514689271,12.775823008269072,992.6569620147347,10395.542857142857
1777646685,60,GET,/,14.600000,0.000000,23,40,49,64,100,160,220,250,250,250,250,212,0,26,64.91775301017113,11.340348981320858,992.6569620147347,10510.754716981131
1777646685,60,POST,/cart,1.500000,0.000000,28,38,68,71,77,94,94,94,94,94,94,21,0,28,80.69161147189637,18.842397956177592,907.0406088139862,16722.571428571428
1777646685,60,POST,/cart/checkout,0.900000,0.000000,22,23,56,57,93,93,93,93,93,93,93,11,0,23,50.73508455164053,16.39849995262921,180.49910105764866,6813.363636363636
1777646685,60,GET,/product/0PUK6V6EV0,0.600000,0.000000,18,20,35,35,48,48,48,48,48,48,48,8,0,18,24.294222763273865,16.041446942836046,47.934868140146136,7951.75
1777646685,60,GET,/product/1YMWWN1N4O,0.300000,0.000000,57,84,120,120,120,120,120,120,120,120,120,7,0,57,60.80643553286791,14.792139874771237,120.71998603641987,7995.571428571428
1777646685,60,GET,/product/2ZYFJ3GM2N,0.100000,0.000000,60,60,60,60,60,60,60,60,60,60,60,2,0,18.114150036126375,38.84980105794966,18.114150036126375,59.58545207977295,7993.0
1777646685,60,GET,/product/66VCHSJNUP,0.600000,0.000000,19,21,21,65,65,65,65,65,65,65,65,7,0,19,24.235518050513097,13.805455062538385,64.71108901314437,7931.142857142857
1777646685,60,GET,/product/6E92ZMYYFZ,0.300000,0.000000,64,64,65,65,65,65,65,65,65,65,65,5,0,22,35.83391862921417,13.743901159614325,65.13716699555516,7919.0
1777646685,60,GET,/product/9SIQT8TOJO,0.300000,0.000000,16,61,64,64,80,80,80,80,80,80,80,7,0,16,37.86279570444354,12.775823008269072,80.1629601046443,7990.571428571428
1777646685,60,GET,/product/L9ECAV7KIM,0.100000,0.000000,20,20,83,83,83,83,83,83,83,83,83,4,0,17,33.167304238304496,11.83087914250791,82.9852418974042,7983.25
1777646685,60,GET,/product/LS4PSXUNUM,0.000000,0.000000,0,0,0,0,0,0,0,0,0,0,0,4,0,15,14.546439750120044,11.016748147085309,16.358698019757867,7990.5
1777646685,60,GET,/product/OLJCESPC7Z,0.100000,0.000000,17,17,17,17,17,17,17,17,17,17,17,2,0,14,15.237542567774653,13.811517041176558,16.66356809437275,7979.0
1777646685,60,,Aggregated,19.400000,0.000000,22,38,56,64,90,120,180,220,250,250,250,290,0,23,60.51055066415976,11.016748147085309,992.6569620147347,10416.793103448275
1777646686,60,GET,/,16.600000,0.000000,20,32,46,59,97,160,220,250,250,250,250,233,0,22,60.83402523467149,11.340348981320858,992.6569620147347,10511.223175965666
1777646686,60,POST,/cart,1.700000,0.000000,24,33,48,68,74,77,94,94,94,94,94,24,0,25,73.24326374024774,18.842397956177592,907.0406088139862,16689.375
1777646686,60,POST,/cart/checkout,1.100000,0.000000,23,26,56,57,93,93,93,93,93,93,93,12,0,23,48.6821640903751,16.39849995262921,180.49910105764866,6814.083333333333
1777646686,60,GET,/product/0PUK6V6EV0,0.700000,0.000000,18,18,35,35,48,48,48,48,48,48,48,8,0,18,24.294222763273865,16.041446942836046,47.934868140146136,7951.75
1777646686,60,GET,/product/1YMWWN1N4O,0.600000,0.000000,57,84,120,120,120,120,120,120,120,120,120,7,0,57,60.80643553286791,14.792139874771237,120.71998603641987,7995.571428571428
1777646686,60,GET,/product/2ZYFJ3GM2N,0.200000,0.000000,60,60,60,60,60,60,60,60,60,60,60,2,0,18.114150036126375,38.84980105794966,18.114150036126375,59.58545207977295,7993.0
1777646686,60,GET,/product/66VCHSJNUP,0.700000,0.000000,19,21,21,65,65,65,65,65,65,65,65,7,0,19,24.235518050513097,13.805455062538385,64.71108901314437,7931.142857142857
1777646686,60,GET,/product/6E92ZMYYFZ,0.500000,0.000000,64,64,65,65,65,65,65,65,65,65,65,5,0,22,35.83391862921417,13.743901159614325,65.13716699555516,7919.0
1777646686,60,GET,/product/9SIQT8TOJO,0.600000,0.000000,16,16,61,61,64,64,64,64,64,64,64,7,0,16,37.86279570444354,12.775823008269072,80.1629601046443,7990.571428571428
1777646686,60,GET,/product/L9ECAV7KIM,0.200000,0.000000,20,20,83,83,83,83,83,83,83,83,83,4,0,17,33.167304238304496,11.83087914250791,82.9852418974042,7983.25
1777646686,60,GET,/product/LS4PSXUNUM,0.000000,0.000000,15,15,15,15,15,15,15,15,15,15,15,4,0,15,14.546439750120044,11.016748147085309,16.358698019757867,7990.5
1777646686,60,GET,/product/OLJCESPC7Z,0.100000,0.000000,17,17,17,17,17,17,17,17,17,17,17,2,0,14,15.237542567774653,13.811517041176558,16.66356809437275,7979.0
1777646686,60,,Aggregated,23.000000,0.000000,21,32,48,61,87,110,180,220,250,250,250,315,0,22,57.29916972063837,11.016748147085309,992.6569620147347,10469.51746031746
1777646687,60,GET,/,17.900000,0.000000,20,32,43,49,79,110,220,220,250,250,250,260,0,22,58.36093335215432,11.340348981320858,992.6569620147347,10512.35
1777646687,60,POST,/cart,1.800000,0.000000,24,48,68,71,77,86,94,94,94,94,94,27,0,26,71.03743813759475,18.842397956177592,907.0406088139862,16714.703703703704
1777646687,60,POST,/cart/checkout,1.100000,0.000000,26,28,56,57,93,93,93,93,93,93,93,13,0,26,47.10072998960431,16.39849995262921,180.49910105764866,6815.307692307692
1777646687,60,GET,/product/0PUK6V6EV0,0.700000,0.000000,17,18,18,35,35,35,35,35,35,35,35,8,0,18,24.294222763273865,16.041446942836046,47.934868140146136,7951.75
1777646687,60,GET,/product/1YMWWN1N4O,0.700000,0.000000,28,57,84,120,120,120,120,120,120,120,120,10,0,23,49.079773598350585,13.737711124122143,120.71998603641987,8000.2
1777646687,60,GET,/product/2ZYFJ3GM2N,0.200000,0.000000,60,60,60,60,60,60,60,60,60,60,60,2,0,18.114150036126375,38.84980105794966,18.114150036126375,59.58545207977295,7993.0
1777646687,60,GET,/product/66VCHSJNUP,0.600000,0.000000,19,19,65,65,65,65,65,65,65,65,65,7,0,19,24.235518050513097,13.805455062538385,64.71108901314437,7931.142857142857
1777646687,60,GET,/product/6E92ZMYYFZ,0.500000,0.000000,64,64,65,65,65,65,65,65,65,65,65,5,0,22,35.83391862921417,13.743901159614325,65.13716699555516,7919.0
1777646687,60,GET,/product/9SIQT8TOJO,0.700000,0.000000,16,23,61,61,64,64,64,64,64,64,64,9,0,16,33.3812757809129,12.775823008269072,80.1629601046443,7987.333333333333
1777646687,60,GET,/product/L9ECAV7KIM,0.300000,0.000000,20,20,83,83,83,83,83,83,83,83,83,4,0,17,33.167304238304496,11.83087914250791,82.9852418974042,7983.25
1777646687,60,GET,/product/LS4PSXUNUM,0.200000,0.000000,15,15,15,15,15,15,15,15,15,15,15,5,0,15,14.634787430986762,11.016748147085309,16.358698019757867,7983.4
1777646687,60,GET,/product/OLJCESPC7Z,0.200000,0.000000,17,17,17,17,17,17,17,17,17,17,17,2,0,14,15.237542567774653,13.811517041176558,16.66356809437275,7979.0
1777646687,60,,Aggregated,24.900000,0.000000,20,32,46,57,79,100,180,220,250,250,250,352,0,22,54.9789262844239,11.016748147085309,992.6569620147347,10475.897727272728
1777646688,60,GET,/,19.500000,0.000000,19,32,43,48,73,90,110,180,180,180,180,287,0,22,55.59953978327379,11.340348981320858,992.6569620147347,10513.574912891987
1777646688,60,POST,/cart,1.800000,0.000000,33,56,68,74,78,86,94,94,94,94,94,31,0,28,68.67020110779953,17.69361994229257,907.0406088139862,16773.032258064515
1777646688,60,POST,/cart/checkout,0.900000,0.000000,24,28,57,57,93,94,94,94,94,94,94,15,0,26,48.659392120316625,16.39849995262921,180.49910105764866,6812.8
1777646688,60,GET,/product/0PUK6V6EV0,0.700000,0.000000,17,18,18,35,35,35,35,35,35,35,35,8,0,18,24.294222763273865,16.041446942836046,47.934868140146136,7951.75
1777646688,60,GET,/product/1YMWWN1N4O,0.700000,0.000000,23,57,84,84,120,120,120,120,120,120,120,11,0,23,45.84998527372425,13.552102027460933,120.71998603641987,7996.0
1777646688,60,GET,/product/2ZYFJ3GM2N,0.200000,0.000000,18,18,60,60,60,60,60,60,60,60,60,3,0,18,30.553898696477216,13.962093973532319,59.58545207977295,7988.666666666667
1777646688,60,GET,/product/66VCHSJNUP,0.500000,0.000000,19,19,65,65,72,72,72,72,72,72,72,9,0,19,27.71529793325398,8.106874069198966,71.68218097649515,7930.888888888889
1777646688,60,GET,/product/6E92ZMYYFZ,0.500000,0.000000,64,64,65,65,65,65,65,65,65,65,65,5,0,22,35.83391862921417,13.743901159614325,65.13716699555516,7919.0
1777646688,60,GET,/product/9SIQT8TOJO,0.600000,0.000000,23,61,64,64,81,81,81,81,81,81,81,10,0,16,38.15037009771913,12.775823008269072,81.0722189489752,7983.4
1777646688,60,GET,/product/L9ECAV7KIM,0.400000,0.000000,20,20,83,83,83,83,83,83,83,83,83,4,0,17,33.167304238304496,11.83087914250791,82.9852418974042,7983.25
1777646688,60,GET,/product/LS4PSXUNUM,0.400000,0.000000,15,15,16,16,16,16,16,16,16,16,16,6,0,15,14.912214362993836,11.016748147085309,16.358698019757867,7976.0
1777646688,60,GET,/product/OLJCESPC7Z,0.100000,0.000000,17,17,17,17,17,17,17,17,17,17,17,2,0,14,15.237542567774653,13.811517041176558,16.66356809437275,7979.0
1777646688,60,,Aggregated,26.300000,0.000000,20,32,46,57,74,93,110,120,180,180,180,391,0,22,52.861455022869514,8.106874069198966,992.6569620147347,10490.132992327366
1777646689,60,GET,/,21.100000,0.000000,20,32,43,49,71,81,97,100,110,110,110,309,0,22,54.149312245234555,11.340348981320858,992.6569620147347,10513.977346278318
1777646689,60,POST,/cart,2.200000,0.000000,23,48,68,71,78,84,86,86,86,86,86,35,0,26,65.04060781028655,17.69361994229257,907.0406088139862,16735.485714285714
1777646689,60,POST,/cart/checkout,1.000000,0.000000,24,28,57,57,93,94,94,94,94,94,94,15,0,26,48.659392120316625,16.39849995262921,180.49910105764866,6812.8
1777646689,60,GET,/product/0PUK6V6EV0,0.600000,0.000000,17,17,35,35,35,35,35,35,35,35,35,8,0,18,24.294222763273865,16.041446942836046,47.934868140146136,7951.75
1777646689,60,GET,/product/1YMWWN1N4O,0.900000,0.000000,23,57,84,84,120,120,120,120,120,120,120,11,0,23,45.84998527372425,13.552102027460933,120.71998603641987,7996.0
1777646689,60,GET,/product/2ZYFJ3GM2N,0.200000,0.000000,18,18,60,60,60,60,60,60,60,60,60,3,0,18,30.553898696477216,13.962093973532319,59.58545207977295,7988.666666666667
1777646689,60,GET,/product/66VCHSJNUP,0.400000,0.000000,19,19,65,65,72,72,72,72,72,72,72,9,0,19,27.71529793325398,8.106874069198966,71.68218097649515,7930.888888888889
1777646689,60,GET,/product/6E92ZMYYFZ,0.500000,0.000000,64,64,65,65,65,65,65,65,65,65,65,5,0,22,35.83391862921417,13.743901159614325,65.13716699555516,7919.0
1777646689,60,GET,/product/9SIQT8TOJO,0.800000,0.000000,23,61,64,64,81,81,81,81,81,81,81,10,0,16,38.15037009771913,12.775823008269072,81.0722189489752,7983.4
1777646689,60,GET,/product/L9ECAV7KIM,0.400000,0.000000,20,20,83,83,83,83,83,83,83,83,83,4,0,17,33.167304238304496,11.83087914250791,82.9852418974042,7983.25
1777646689,60,GET,/product/LS4PSXUNUM,0.500000,0.000000,15,15,16,16,16,16,16,16,16,16,16,6,0,15,14.912214362993836,11.016748147085309,16.358698019757867,7976.0
1777646689,60,GET,/product/OLJCESPC7Z,0.100000,0.000000,17,17,17,17,17,17,17,17,17,17,17,3,0,16.66356809437275,15.690226651107272,13.811517041176558,16.66356809437275,7984.333333333333
1777646689,60,,Aggregated,28.700000,0.000000,20,32,46,56,72,83,93,100,110,110,110,418,0,22,51.69411271233468,8.106874069198966,992.6569620147347,10542.674641148325
1777646690,60,GET,/,22.700000,0.000000,19,31,43,49,68,81,97,100,110,110,110,333,0,21,51.936124795460486,11.069516185671091,992.6569620147347,10515.303303303303
1777646690,60,POST,/cart,2.300000,0.000000,23,48,67,68,77,84,86,86,86,86,86,39,0,25,61.701369728558724,17.69361994229257,907.0406088139862,16705.076923076922
1777646690,60,POST,/cart/checkout,1.000000,0.000000,26,28,57,57,94,94,94,94,94,94,94,15,0,26,48.659392120316625,16.39849995262921,180.49910105764866,6812.8
1777646690,60,GET,/product/0PUK6V6EV0,0.500000,0.000000,17,17,35,35,35,35,35,35,35,35,35,8,0,18,24.294222763273865,16.041446942836046,47.934868140146136,7951.75
1777646690,60,GET,/product/1YMWWN1N4O,1.100000,0.000000,23,28,84,84,120,120,120,120,120,120,120,12,0,17,43.188519756464906,13.552102027460933,120.71998603641987,7993.666666666667
1777646690,60,GET,/product/2ZYFJ3GM2N,0.100000,0.000000,60,60,60,60,60,60,60,60,60,60,60,3,0,18,30.553898696477216,13.962093973532319,59.58545207977295,7988.666666666667
1777646690,60,GET,/product/66VCHSJNUP,0.500000,0.000000,22,59,65,65,72,72,72,72,72,72,72,12,0,19,28.860659047495574,8.106874069198966,71.68218097649515,7948.666666666667
1777646690,60,GET,/product/6E92ZMYYFZ,0.500000,0.000000,64,64,65,65,65,65,65,65,65,65,65,5,0,22,35.83391862921417,13.743901159614325,65.13716699555516,7919.0
1777646690,60,GET,/product/9SIQT8TOJO,0.800000,0.000000,23,61,64,64,81,81,81,81,81,81,81,10,0,16,38.15037009771913,12.775823008269072,81.0722189489752,7983.4
1777646690,60,GET,/product/L9ECAV7KIM,0.400000,0.000000,20,20,37,37,83,83,83,83,83,83,83,6,0,17,30.224731812874477,11.245518922805786,82.9852418974042,7992.0
1777646690,60,GET,/product/LS4PSXUNUM,0.600000,0.000000,15,15,15,16,16,16,16,16,16,16,16,7,0,15,14.97596359279539,11.016748147085309,16.358698019757867,7970.714285714285
1777646690,60,GET,/product/OLJCESPC7Z,0.100000,0.000000,17,17,17,17,17,17,17,17,17,17,17,3,0,16.66356809437275,15.690226651107272,13.811517041176558,16.66356809437275,7984.333333333333
1777646690,60,,Aggregated,30.600000,0.000000,20,31,47,57,72,83,93,100,110,110,110,453,0,22,49.61479821645349,8.106874069198966,992.6569620147347,10554.752759381898
1777646691,60,GET,/,23.400000,0.000000,18,32,43,49,72,81,97,100,110,110,110,363,0,20,49.6086894089392,11.069516185671091,992.6569620147347,10517.633608815428
1777646691,60,POST,/cart,2.600000,0.000000,23,56,67,71,78,84,86,86,86,86,86,39,0,25,61.701369728558724,17.69361994229257,907.0406088139862,16705.076923076922
1777646691,60,POST,/cart/checkout,1.100000,0.000000,26,27,28,57,94,94,94,94,94,94,94,17,0,26,45.900383690262544,16.39849995262921,180.49910105764866,6812.235294117647
1777646691,60,GET,/product/0PUK6V6EV0,0.400000,0.000000,16,16,35,35,35,35,35,35,35,35,35,8,0,18,24.294222763273865,16.041446942836046,47.934868140146136,7951.75
1777646691,60,GET,/product/1YMWWN1N4O,1.100000,0.000000,16,17,28,28,57,84,84,84,84,84,84,14,0,16,39.10223243292421,13.552102027460933,120.71998603641987,7993.0
1777646691,60,GET,/product/2ZYFJ3GM2N,0.200000,0.000000,60,60,60,60,60,60,60,60,60,60,60,3,0,18,30.553898696477216,13.962093973532319,59.58545207977295,7988.666666666667
1777646691,60,GET,/product/66VCHSJNUP,0.600000,0.000000,19,22,59,65,72,72,72,72,72,72,72,13,0,19,27.819307897096643,8.106874069198966,71.68218097649515,7955.0
1777646691,60,GET,/product/6E92ZMYYFZ,0.500000,0.000000,22,64,64,65,65,65,65,65,65,65,65,6,0,16,32.579654012806714,13.743901159614325,65.13716699555516,7938.833333333333
1777646691,60,GET,/product/9SIQT8TOJO,0.800000,0.000000,23,61,64,64,81,81,81,81,81,81,81,11,0,16,36.13698099401187,12.775823008269072,81.0722189489752,7993.0
1777646691,60,GET,/product/L9ECAV7KIM,0.400000,0.000000,17,20,37,37,83,83,83,83,83,83,83,7,0,17,27.90390656861876,11.245518922805786,82.9852418974042,7988.571428571428
1777646691,60,GET,/product/LS4PSXUNUM,0.600000,0.000000,15,15,16,16,16,16,16,16,16,16,16,8,0,15,15.065011015394703,11.016748147085309,16.358698019757867,7979.875
1777646691,60,GET,/product/OLJCESPC7Z,0.200000,0.000000,17,17,72,72,72,72,72,72,72,72,72,4,0,17,29.78686528513208,13.811517041176558,72.0767811872065,8002.75
1777646691,60,,Aggregated,31.900000,0.000000,19,32,48,57,72,81,93,100,110,110,110,493,0,21,47.50038852488233,8.106874069198966,992.6569620147347,10497.829614604463
1777646692,60,GET,/,23.700000,0.000000,18,23,38,43,66,79,87,100,110,110,110,385,0,19,47.790018430390916,11.069516185671091,992.6569620147347,10518.880519480519
1777646692,60,POST,/cart,2.800000,0.000000,23,24,56,66,78,84,86,86,86,86,86,42,0,24,58.95236984360963,17.69361994229257,907.0406088139862,16720.095238095237
1777646692,60,POST,/cart/checkout,0.800000,0.000000,24,26,27,28,94,94,94,94,94,94,94,19,0,24,43.22720250408901,16.39849995262921,180.49910105764866,6811.631578947368
1777646692,60,GET,/product/0PUK6V6EV0,0.400000,0.000000,35,35,35,35,35,35,35,35,35,35,35,8,0,18,24.294222763273865,16.041446942836046,47.934868140146136,7951.75
1777646692,60,GET,/product/1YMWWN1N4O,0.900000,0.000000,15,23,28,28,57,84,84,84,84,84,84,14,0,16,39.10223243292421,13.552102027460933,120.71998603641987,7993.0
1777646692,60,GET,/product/2ZYFJ3GM2N,0.200000,0.000000,60,60,60,60,60,60,60,60,60,60,60,3,0,18,30.553898696477216,13.962093973532319,59.58545207977295,7988.666666666667
1777646692,60,GET,/product/66VCHSJNUP,0.600000,0.000000,22,59,65,65,72,72,72,72,72,72,72,13,0,19,27.819307897096643,8.106874069198966,71.68218097649515,7955.0
1777646692,60,GET,/product/6E92ZMYYFZ,0.500000,0.000000,64,64,65,65,65,65,65,65,65,65,65,6,0,16,32.579654012806714,13.743901159614325,65.13716699555516,7938.833333333333
1777646692,60,GET,/product/9SIQT8TOJO,0.700000,0.000000,16,23,61,64,81,81,81,81,81,81,81,12,0,16,34.3183619940343,12.775823008269072,81.0722189489752,7990.916666666667
1777646692,60,GET,/product/L9ECAV7KIM,0.500000,0.000000,17,17,37,37,83,83,83,83,83,83,83,7,0,17,27.90390656861876,11.245518922805786,82.9852418974042,7988.571428571428
1777646692,60,GET,/product/LS4PSXUNUM,0.700000,0.000000,15,15,16,16,16,16,16,16,16,16,16,8,0,15,15.065011015394703,11.016748147085309,16.358698019757867,7979.875
1777646692,60,GET,/product/OLJCESPC7Z,0.200000,0.000000,17,17,72,72,72,72,72,72,72,72,72,5,0,17,26.701309205964208,13.811517041176558,72.0767811872065,7998.8
1777646692,60,,Aggregated,32.000000,0.000000,18,23,38,48,67,80,87,100,110,110,110,522,0,20,45.8778227198605,8.106874069198966,992.6569620147347,10512.659003831417
1777646693,60,GET,/,24.600000,0.000000,17,19,24,35,58,71,80,81,87,87,87,414,0,19,45.77602958869063,11.069516185671091,992.6569620147347,10519.207729468599
1777646693,60,POST,/cart,3.100000,0.000000,22,23,24,56,78,84,86,86,86,86,86,48,0,23,54.1859396956473,17.69361994229257,907.0406088139862,16775.208333333332
1777646693,60,POST,/cart/checkout,1.000000,0.000000,24,26,27,28,94,94,94,94,94,94,94,19,0,24,43.22720250408901,16.39849995262921,180.49910105764866,6811.631578947368
1777646693,60,GET,/product/0PUK6V6EV0,0.400000,0.000000,16,16,35,35,35,35,35,35,35,35,35,9,0,18,22.74990079200102,10.39532502181828,47.934868140146136,7956.0
1777646693,60,GET,/product/1YMWWN1N4O,1.100000,0.000000,15,15,23,23,28,28,28,28,28,28,28,14,0,16,39.10223243292421,13.552102027460933,120.71998603641987,7993.0
1777646693,60,GET,/product/2ZYFJ3GM2N,0.200000,0.000000,14,14,60,60,60,60,60,60,60,60,60,4,0,14,26.500302250497043,13.962093973532319,59.58545207977295,7982.5
1777646693,60,GET,/product/66VCHSJNUP,0.800000,0.000000,22,32,59,65,72,72,72,72,72,72,72,15,0,19,27.00524531925718,8.106874069198966,71.68218097649515,7952.066666666667
1777646693,60,GET,/product/6E92ZMYYFZ,0.500000,0.000000,64,64,65,65,65,65,65,65,65,65,65,6,0,16,32.579654012806714,13.743901159614325,65.13716699555516,7938.833333333333
1777646693,60,GET,/product/9SIQT8TOJO,0.700000,0.000000,16,16,23,23,81,81,81,81,81,81,81,12,0,16,34.3183619940343,12.775823008269072,81.0722189489752,7990.916666666667
1777646693,60,GET,/product/L9ECAV7KIM,0.600000,0.000000,14,14,17,17,37,37,37,37,37,37,37,8,0,14,26.207706512650475,11.245518922805786,82.9852418974042,7981.75
1777646693,60,GET,/product/LS4PSXUNUM,0.800000,0.000000,15,15,16,16,16,16,16,16,16,16,16,8,0,15,15.065011015394703,11.016748147085309,16.358698019757867,7979.875
1777646693,60,GET,/product/OLJCESPC7Z,0.300000,0.000000,14,17,17,72,72,72,72,72,72,72,72,6,0,14,24.468051153235137,13.301760889589787,72.0767811872065,7989.833333333333
1777646693,60,,Aggregated,34.100000,0.000000,18,20,23,32,59,72,81,84,94,94,94,563,0,20,43.90953244727442,8.106874069198966,992.6569620147347,10556.760213143873
1777646694,60,GET,/,24.400000,0.000000,17,19,23,35,58,71,80,81,87,87,87,434,0,19,44.389351945443394,11.014794930815697,992.6569620147347,10520.942396313365
1777646694,60,POST,/cart,3.100000,0.000000,22,23,25,56,72,84,86,86,86,86,86,52,0,23,52.716655643262825,17.69361994229257,907.0406088139862,16859.384615384617
1777646694,60,POST,/cart/checkout,1.000000,0.000000,26,27,28,28,94,94,94,94,94,94,94,19,0,24,43.22720250408901,16.39849995262921,180.49910105764866,6811.631578947368
1777646694,60,GET,/product/0PUK6V6EV0,0.300000,0.000000,16,16,35,35,35,35,35,35,35,35,35,10,0,17,21.64653071667999,10.39532502181828,47.934868140146136,7968.1
1777646694,60,GET,/product/1YMWWN1N4O,1.200000,0.000000,15,15,23,23,28,28,28,28,28,28,28,14,0,16,39.10223243292421,13.552102027460933,120.71998603641987,7993.0
1777646694,60,GET,/product/2ZYFJ3GM2N,0.200000,0.000000,14,14,60,60,60,60,60,60,60,60,60,4,0,14,26.500302250497043,13.962093973532319,59.58545207977295,7982.5
1777646694,60,GET,/product/66VCHSJNUP,0.700000,0.000000,22,32,59,65,72,72,72,72,72,72,72,15,0,19,27.00524531925718,8.106874069198966,71.68218097649515,7952.066666666667
1777646694,60,GET,/product/6E92ZMYYFZ,0.300000,0.000000,64,64,65,65,65,65,65,65,65,65,65,6,0,16,32.579654012806714,13.743901159614325,65.13716699555516,7938.833333333333
1777646694,60,GET,/product/9SIQT8TOJO,0.800000,0.000000,16,16,23,23,81,81,81,81,81,81,81,12,0,16,34.3183619940343,12.775823008269072,81.0722189489752,7990.916666666667
1777646694,60,GET,/product/L9ECAV7KIM,0.600000,0.000000,14,17,17,37,37,37,37,37,37,37,37,8,0,14,26.207706512650475,11.245518922805786,82.9852418974042,7981.75
1777646694,60,GET,/product/LS4PSXUNUM,0.800000,0.000000,15,15,16,16,16,16,16,16,16,16,16,8,0,15,15.065011015394703,11.016748147085309,16.358698019757867,7979.875
1777646694,60,GET,/product/OLJCESPC7Z,0.300000,0.000000,14,17,17,72,72,72,72,72,72,72,72,6,0,14,24.468051153235137,13.301760889589787,72.0767811872065,7989.833333333333
1777646694,60,,Aggregated,33.700000,0.000000,17,21,24,32,60,74,81,84,94,94,94,588,0,19,42.83473886142415,8.106874069198966,992.6569620147347,10602.292517006803
1777646695,60,GET,/,25.500000,0.000000,17,18,22,32,55,67,75,80,87,87,87,459,0,19,43.0130428880096,11.014794930815697,992.6569620147347,10521.298474945534
1777646695,60,POST,/cart,2.700000,0.000000,22,24,48,56,72,84,86,86,86,86,86,57,0,23,51.354546933189816,17.69361994229257,907.0406088139862,16873.105263157893
1777646695,60,POST,/cart/checkout,1.000000,0.000000,24,26,27,28,94,94,94,94,94,94,94,20,0,23,42.14713772526011,16.39849995262921,180.49910105764866,6812.55
1777646695,60,GET,/product/0PUK6V6EV0,0.200000,0.000000,16,16,35,35,35,35,35,35,35,35,35,10,0,17,21.64653071667999,10.39532502181828,47.934868140146136,7968.1
1777646695,60,GET,/product/1YMWWN1N4O,1.100000,0.000000,15,15,23,23,28,28,28,28,28,28,28,14,0,16,39.10223243292421,13.552102027460933,120.71998603641987,7993.0
1777646695,60,GET,/product/2ZYFJ3GM2N,0.200000,0.000000,14,14,56,56,56,56,56,56,56,56,56,5,0,18,32.476523611694574,13.962093973532319,59.58545207977295,7986.8
1777646695,60,GET,/product/66VCHSJNUP,0.900000,0.000000,22,32,59,59,72,72,72,72,72,72,72,15,0,19,27.00524531925718,8.106874069198966,71.68218097649515,7952.066666666667
1777646695,60,GET,/product/6E92ZMYYFZ,0.300000,0.000000,64,64,65,65,65,65,65,65,65,65,65,7,0,16,29.775340841817005,12.949461815878749,65.13716699555516,7940.857142857143
1777646695,60,GET,/product/9SIQT8TOJO,0.900000,0.000000,16,23,23,81,81,81,81,81,81,81,81,12,0,16,34.3183619940343,12.775823008269072,81.0722189489752,7990.916666666667
1777646695,60,GET,/product/L9ECAV7KIM,0.700000,0.000000,14,17,17,37,37,37,37,37,37,37,37,8,0,14,26.207706512650475,11.245518922805786,82.9852418974042,7981.75
1777646695,60,GET,/product/LS4PSXUNUM,0.800000,0.000000,16,16,16,16,16,16,16,16,16,16,16,8,0,15,15.065011015394703,11.016748147085309,16.358698019757867,7979.875
1777646695,60,GET,/product/OLJCESPC7Z,0.400000,0.000000,14,17,58,58,72,72,72,72,72,72,72,8,0,14,27.07667215145193,11.443650117143989,72.0767811872065,7983.375
1777646695,60,,Aggregated,34.700000,0.000000,17,20,24,32,59,72,80,84,94,94,94,623,0,19,41.75206953711975,8.106874069198966,992.6569620147347,10627.815409309791
1777646696,60,GET,/,24.800000,0.000000,17,18,21,28,49,63,75,80,87,87,87,482,0,18,41.88666381647123,11.014794930815697,992.6569620147347,10522.265560165975
1777646696,60,POST,/cart,3.200000,0.000000,23,31,48,50,72,84,86,86,86,86,86,61,0,23,50.56532808640575,17.69361994229257,907.0406088139862,16939.409836065573
1777646696,60,POST,/cart/checkout,0.800000,0.000000,23,24,27,27,94,94,94,94,94,94,94,21,0,23,41.07374354221282,16.39849995262921,180.49910105764866,6813.142857142857
1777646696,60,GET,/product/0PUK6V6EV0,0.100000,0.000000,16,16,35,35,35,35,35,35,35,35,35,10,0,17,21.64653071667999,10.39532502181828,47.934868140146136,7968.1
1777646696,60,GET,/product/1YMWWN1N4O,0.800000,0.000000,15,15,28,28,62,62,62,62,62,62,62,15,0,17,40.62193267357846,13.552102027460933,120.71998603641987,7996.466666666666
1777646696,60,GET,/product/2ZYFJ3GM2N,0.200000,0.000000,14,14,56,56,56,56,56,56,56,56,56,5,0,18,32.476523611694574,13.962093973532319,59.58545207977295,7986.8
1777646696,60,GET,/product/66VCHSJNUP,0.800000,0.000000,16,22,32,59,72,72,72,72,72,72,72,17,0,16,25.371063336291733,8.106874069198966,71.68218097649515,7962.176470588235
1777646696,60,GET,/product/6E92ZMYYFZ,0.100000,0.000000,13,13,16,16,16,16,16,16,16,16,16,8,0,15,27.7244703611359,12.949461815878749,65.13716699555516,7951.25
1777646696,60,GET,/product/9SIQT8TOJO,0.600000,0.000000,16,16,81,81,81,81,81,81,81,81,81,13,0,16,32.89351793220983,12.775823008269072,81.0722189489752,7999.692307692308
1777646696,60,GET,/product/L9ECAV7KIM,0.600000,0.000000,14,17,17,37,37,37,37,37,37,37,37,8,0,14,26.207706512650475,11.245518922805786,82.9852418974042,7981.75
1777646696,60,GET,/product/LS4PSXUNUM,0.800000,0.000000,16,16,16,16,16,16,16,16,16,16,16,8,0,15,15.065011015394703,11.016748147085309,16.358698019757867,7979.875
1777646696,60,GET,/product/OLJCESPC7Z,0.500000,0.000000,17,17,58,58,72,72,72,72,72,72,72,8,0,14,27.07667215145193,11.443650117143989,72.0767811872065,7983.375
1777646696,60,,Aggregated,33.300000,0.000000,17,20,24,32,56,68,80,84,94,94,94,656,0,19,40.780635964460444,8.106874069198966,992.6569620147347,10643.592987804877
1777646697,60,GET,/,25.700000,0.000000,17,18,22,28,60,87,130,140,160,160,160,512,0,18,43.17921723350082,11.014794930815697,992.6569620147347,10524.03125
1777646697,60,POST,/cart,3.700000,0.000000,23,38,44,50,72,84,160,160,160,160,160,63,0,24,52.15222524508597,17.69361994229257,907.0406088139862,16946.95238095238
1777646697,60,POST,/cart/checkout,0.800000,0.000000,23,27,52,70,94,94,94,94,94,94,94,23,0,24,42.83010193308734,16.39849995262921,180.49910105764866,6813.086956521739
1777646697,60,GET,/product/0PUK6V6EV0,0.200000,0.000000,16,16,35,35,35,35,35,35,35,35,35,10,0,17,21.64653071667999,10.39532502181828,47.934868140146136,7968.1
1777646697,60,GET,/product/1YMWWN1N4O,0.700000,0.000000,15,15,28,28,62,62,62,62,62,62,62,15,0,17,40.62193267357846,13.552102027460933,120.71998603641987,7996.466666666666
1777646697,60,GET,/product/2ZYFJ3GM2N,0.300000,0.000000,14,14,56,56,56,56,56,56,56,56,56,5,0,18,32.476523611694574,13.962093973532319,59.58545207977295,7986.8
1777646697,60,GET,/product/66VCHSJNUP,0.800000,0.000000,16,22,59,59,72,98,98,98,98,98,98,20,0,16,27.78231161646545,8.106874069198966,98.1030878610909,7962.8
1777646697,60,GET,/product/6E92ZMYYFZ,0.200000,0.000000,13,13,16,16,16,16,16,16,16,16,16,8,0,15,27.7244703611359,12.949461815878749,65.13716699555516,7951.25
1777646697,60,GET,/product/9SIQT8TOJO,0.500000,0.000000,16,16,81,81,81,81,81,81,81,81,81,13,0,16,32.89351793220983,12.775823008269072,81.0722189489752,7999.692307692308
1777646697,60,GET,/product/L9ECAV7KIM,0.500000,0.000000,14,14,37,37,37,37,37,37,37,37,37,8,0,14,26.207706512650475,11.245518922805786,82.9852418974042,7981.75
1777646697,60,GET,/product/LS4PSXUNUM,0.600000,0.000000,16,16,46,46,46,46,46,46,46,46,46,9,0,16,18.46966545821892,11.016748147085309,45.70690100081265,7977.777777777777
1777646697,60,GET,/product/OLJCESPC7Z,0.600000,0.000000,17,58,72,72,100,100,100,100,100,100,100,9,0,17,35.71667811936803,11.443650117143989,104.83672586269677,7995.888888888889
1777646697,60,,Aggregated,34.600000,0.000000,17,21,26,38,64,84,120,140,160,160,160,695,0,19,42.11369085815742,8.106874069198966,992.6569620147347,10628.35107913669
1777646698,60,GET,/,25.000000,0.000000,16,18,21,28,55,80,130,140,160,160,160,539,0,18,42.24653822518471,11.014794930815697,992.6569620147347,10524.923933209648
1777646698,60,POST,/cart,3.800000,0.000000,23,25,40,44,72,84,160,160,160,160,160,67,0,24,50.37083890316869,17.69361994229257,907.0406088139862,16980.597014925374
1777646698,60,POST,/cart/checkout,1.000000,0.000000,23,27,52,70,94,94,94,94,94,94,94,23,0,24,42.83010193308734,16.39849995262921,180.49910105764866,6813.086956521739
1777646698,60,GET,/product/0PUK6V6EV0,0.200000,0.000000,12,12,12,12,12,12,12,12,12,12,12,10,0,17,21.64653071667999,10.39532502181828,47.934868140146136,7968.1
1777646698,60,GET,/product/1YMWWN1N4O,0.700000,0.000000,15,15,62,62,62,62,62,62,62,62,62,15,0,17,40.62193267357846,13.552102027460933,120.71998603641987,7996.466666666666
1777646698,60,GET,/product/2ZYFJ3GM2N,0.300000,0.000000,14,14,56,56,56,56,56,56,56,56,56,5,0,18,32.476523611694574,13.962093973532319,59.58545207977295,7986.8
1777646698,60,GET,/product/66VCHSJNUP,0.900000,0.000000,15,22,32,32,59,98,98,98,98,98,98,20,0,16,27.78231161646545,8.106874069198966,98.1030878610909,7962.8
1777646698,60,GET,/product/6E92ZMYYFZ,0.300000,0.000000,13,13,16,16,16,16,16,16,16,16,16,8,0,15,27.7244703611359,12.949461815878749,65.13716699555516,7951.25
1777646698,60,GET,/product/9SIQT8TOJO,0.600000,0.000000,16,17,17,81,81,81,81,81,81,81,81,14,0,16,31.722671801357397,12.775823008269072,81.0722189489752,8005.785714285715
1777646698,60,GET,/product/L9ECAV7KIM,0.400000,0.000000,14,37,37,56,56,56,56,56,56,56,56,9,0,17,29.52513445375694,11.245518922805786,82.9852418974042,7984.555555555556
1777646698,60,GET,/product/LS4PSXUNUM,0.400000,0.000000,16,16,46,46,46,46,46,46,46,46,46,9,0,16,18.46966545821892,11.016748147085309,45.70690100081265,7977.777777777777
1777646698,60,GET,/product/OLJCESPC7Z,0.600000,0.000000,17,42,58,72,100,100,100,100,100,100,100,11,0,17,34.341761736537926,11.443650117143989,104.83672586269677,8001.818181818182
1777646698,60,,Aggregated,34.200000,0.000000,17,20,24,37,59,80,120,140,160,160,160,730,0,19,41.30174184715605,8.106874069198966,992.6569620147347,10648.664383561643
1777646699,60,GET,/,24.400000,0.000000,16,18,21,29,51,78,130,140,160,160,160,565,0,18,41.364889133276534,11.014794930815697,992.6569620147347,10525.778761061947
1777646699,60,POST,/cart,3.800000,0.000000,23,24,40,43,66,72,160,160,160,160,160,71,0,24,49.22654634853169,17.69361994229257,907.0406088139862,17111.154929577464
1777646699,60,POST,/cart/checkout,0.800000,0.000000,23,27,52,52,70,70,70,70,70,70,70,23,0,24,42.83010193308734,16.39849995262921,180.49910105764866,6813.086956521739
1777646699,60,GET,/product/0PUK6V6EV0,0.200000,0.000000,13,46,46,49,49,49,49,49,49,49,49,13,0,18,24.943602862409673,10.39532502181828,48.84956101886928,7973.2307692307695
1777646699,60,GET,/product/1YMWWN1N4O,0.600000,0.000000,15,15,62,62,62,62,62,62,62,62,62,15,0,17,40.62193267357846,13.552102027460933,120.71998603641987,7996.466666666666
1777646699,60,GET,/product/2ZYFJ3GM2N,0.300000,0.000000,14,14,56,56,56,56,56,56,56,56,56,5,0,18,32.476523611694574,13.962093973532319,59.58545207977295,7986.8
1777646699,60,GET,/product/66VCHSJNUP,1.000000,0.000000,15,16,32,59,98,98,98,98,98,98,98,20,0,16,27.78231161646545,8.106874069198966,98.1030878610909,7962.8
1777646699,60,GET,/product/6E92ZMYYFZ,0.300000,0.000000,13,13,16,16,16,16,16,16,16,16,16,8,0,15,27.7244703611359,12.949461815878749,65.13716699555516,7951.25
1777646699,60,GET,/product/9SIQT8TOJO,0.400000,0.000000,16,16,17,17,17,17,17,17,17,17,17,14,0,16,31.722671801357397,12.775823008269072,81.0722189489752,8005.785714285715
1777646699,60,GET,/product/L9ECAV7KIM,0.400000,0.000000,14,14,56,56,56,56,56,56,56,56,56,9,0,17,29.52513445375694,11.245518922805786,82.9852418974042,7984.555555555556
1777646699,60,GET,/product/LS4PSXUNUM,0.300000,0.000000,46,46,46,46,46,46,46,46,46,46,46,9,0,16,18.46966545821892,11.016748147085309,45.70690100081265,7977.777777777777
1777646699,60,GET,/product/OLJCESPC7Z,0.700000,0.000000,42,58,72,72,100,100,100,100,100,100,100,11,0,17,34.341761736537926,11.443650117143989,104.83672586269677,8001.818181818182
1777646699,60,,Aggregated,33.200000,0.000000,17,20,25,37,56,75,120,140,160,160,160,763,0,19,40.601035281295644,8.106874069198966,992.6569620147347,10679.97247706422
1777646700,60,GET,/,25.200000,0.000000,16,18,21,29,50,78,130,140,160,160,160,588,0,18,40.69758632551359,11.014794930815697,992.6569620147347,10526.698979591836
1777646700,60,POST,/cart,3.500000,0.000000,23,25,38,43,50,72,160,160,160,160,160,74,0,23,48.23289225444298,17.69361994229257,907.0406088139862,17103.972972972973
1777646700,60,POST,/cart/checkout,0.900000,0.000000,23,47,52,52,70,70,70,70,70,70,70,25,0,24,42.19101262278855,16.39849995262921,180.49910105764866,6814.12
1777646700,60,GET,/product/0PUK6V6EV0,0.200000,0.000000,14,14,46,46,49,49,49,49,49,49,49,14,0,17,24.168229379158998,10.39532502181828,48.84956101886928,7975.785714285715
1777646700,60,GET,/product/1YMWWN1N4O,0.400000,0.000000,62,62,62,62,62,62,62,62,62,62,62,15,0,17,40.62193267357846,13.552102027460933,120.71998603641987,7996.466666666666
1777646700,60,GET,/product/2ZYFJ3GM2N,0.300000,0.000000,55,55,56,56,56,56,56,56,56,56,56,6,0,18,36.265295813791454,13.962093973532319,59.58545207977295,8000.166666666667
1777646700,60,GET,/product/66VCHSJNUP,1.200000,0.000000,14,15,32,32,98,98,98,98,98,98,98,20,0,16,27.78231161646545,8.106874069198966,98.1030878610909,7962.8
1777646700,60,GET,/product/6E92ZMYYFZ,0.300000,0.000000,13,13,16,16,16,16,16,16,16,16,16,8,0,15,27.7244703611359,12.949461815878749,65.13716699555516,7951.25
1777646700,60,GET,/product/9SIQT8TOJO,0.300000,0.000000,16,16,17,17,17,17,17,17,17,17,17,14,0,16,31.722671801357397,12.775823008269072,81.0722189489752,8005.785714285715
1777646700,60,GET,/product/L9ECAV7KIM,0.500000,0.000000,14,14,56,56,56,56,56,56,56,56,56,9,0,17,29.52513445375694,11.245518922805786,82.9852418974042,7984.555555555556
1777646700,60,GET,/product/LS4PSXUNUM,0.300000,0.000000,46,46,46,46,46,46,46,46,46,46,46,9,0,16,18.46966545821892,11.016748147085309,45.70690100081265,7977.777777777777
1777646700,60,GET,/product/OLJCESPC7Z,0.900000,0.000000,15,42,58,72,100,100,100,100,100,100,100,12,0,15,32.5569788304468,11.443650117143989,104.83672586269677,7998.416666666667
1777646700,60,,Aggregated,34.000000,0.000000,17,21,26,33,55,75,120,140,160,160,160,794,0,19,40.00461262431446,8.106874069198966,992.6569620147347,10680.030226700252
1777646701,60,GET,/,25.200000,0.000000,16,18,26,30,53,75,130,140,160,160,160,615,0,18,40.029020092593946,11.014794930815697,992.6569620147347,10527.655284552846
1777646701,60,POST,/cart,3.700000,0.000000,23,25,38,43,53,72,160,160,160,160,160,78,0,23,47.249481971495044,17.69361994229257,907.0406088139862,17107.30769230769
1777646701,60,POST,/cart/checkout,0.800000,0.000000,23,47,52,52,70,70,70,70,70,70,70,25,0,24,42.19101262278855,16.39849995262921,180.49910105764866,6814.12
1777646701,60,GET,/product/0PUK6V6EV0,0.300000,0.000000,14,14,46,46,49,49,49,49,49,49,49,14,0,17,24.168229379158998,10.39532502181828,48.84956101886928,7975.785714285715
1777646701,60,GET,/product/1YMWWN1N4O,0.400000,0.000000,62,62,62,62,62,62,62,62,62,62,62,15,0,17,40.62193267357846,13.552102027460933,120.71998603641987,7996.466666666666
1777646701,60,GET,/product/2ZYFJ3GM2N,0.200000,0.000000,55,55,56,56,56,56,56,56,56,56,56,6,0,18,36.265295813791454,13.962093973532319,59.58545207977295,8000.166666666667
1777646701,60,GET,/product/66VCHSJNUP,1.100000,0.000000,14,14,32,32,98,98,98,98,98,98,98,20,0,16,27.78231161646545,8.106874069198966,98.1030878610909,7962.8
1777646701,60,GET,/product/6E92ZMYYFZ,0.300000,0.000000,13,13,16,16,16,16,16,16,16,16,16,8,0,15,27.7244703611359,12.949461815878749,65.13716699555516,7951.25
1777646701,60,GET,/product/9SIQT8TOJO,0.400000,0.000000,16,16,17,17,17,17,17,17,17,17,17,14,0,16,31.722671801357397,12.775823008269072,81.0722189489752,8005.785714285715
1777646701,60,GET,/product/L9ECAV7KIM,0.500000,0.000000,56,56,56,56,56,56,56,56,56,56,56,9,0,17,29.52513445375694,11.245518922805786,82.9852418974042,7984.555555555556
1777646701,60,GET,/product/LS4PSXUNUM,0.300000,0.000000,16,16,46,46,46,46,46,46,46,46,46,10,0,15,17.796473391354084,11.016748147085309,45.70690100081265,7983.5
1777646701,60,GET,/product/OLJCESPC7Z,0.800000,0.000000,15,42,58,63,100,100,100,100,100,100,100,13,0,17,34.895849217159245,11.443650117143989,104.83672586269677,7998.461538461538
1777646701,60,,Aggregated,34.000000,0.000000,17,22,29,38,56,74,120,140,160,160,160,827,0,19,39.47068274104483,8.106874069198966,992.6569620147347,10700.680773881499
1777646702,60,GET,/,25.500000,0.000000,17,22,32,38,56,78,130,140,160,160,160,644,0,18,39.818517221658496,11.014794930815697,992.6569620147347,10528.854037267081
1777646702,60,POST,/cart,3.700000,0.000000,24,31,43,50,72,85,160,160,160,160,160,80,0,24,47.87764229695313,17.69361994229257,907.0406088139862,17108.9875
1777646702,60,POST,/cart/checkout,0.900000,0.000000,23,47,52,52,70,70,70,70,70,70,70,25,0,24,42.19101262278855,16.39849995262921,180.49910105764866,6814.12
1777646702,60,GET,/product/0PUK6V6EV0,0.500000,0.000000,14,14,46,46,49,49,49,49,49,49,49,14,0,17,24.168229379158998,10.39532502181828,48.84956101886928,7975.785714285715
1777646702,60,GET,/product/1YMWWN1N4O,0.400000,0.000000,33,33,62,62,62,62,62,62,62,62,62,16,0,17,40.16448944457807,13.552102027460933,120.71998603641987,8001.25
1777646702,60,GET,/product/2ZYFJ3GM2N,0.300000,0.000000,55,55,56,56,56,56,56,56,56,56,56,6,0,18,36.265295813791454,13.962093973532319,59.58545207977295,8000.166666666667
1777646702,60,GET,/product/66VCHSJNUP,1.000000,0.000000,14,14,32,32,98,98,98,98,98,98,98,20,0,16,27.78231161646545,8.106874069198966,98.1030878610909,7962.8
1777646702,60,GET,/product/6E92ZMYYFZ,0.300000,0.000000,13,13,13,13,13,13,13,13,13,13,13,8,0,15,27.7244703611359,12.949461815878749,65.13716699555516,7951.25
1777646702,60,GET,/product/9SIQT8TOJO,0.400000,0.000000,16,16,17,17,17,17,17,17,17,17,17,14,0,16,31.722671801357397,12.775823008269072,81.0722189489752,8005.785714285715
1777646702,60,GET,/product/L9ECAV7KIM,0.400000,0.000000,56,56,56,56,56,56,56,56,56,56,56,9,0,17,29.52513445375694,11.245518922805786,82.9852418974042,7984.555555555556
1777646702,60,GET,/product/LS4PSXUNUM,0.200000,0.000000,16,16,46,46,46,46,46,46,46,46,46,10,0,15,17.796473391354084,11.016748147085309,45.70690100081265,7983.5
1777646702,60,GET,/product/OLJCESPC7Z,0.800000,0.000000,42,58,63,63,100,100,100,100,100,100,100,13,0,17,34.895849217159245,11.443650117143989,104.83672586269677,7998.461538461538
1777646702,60,,Aggregated,34.400000,0.000000,18,24,36,43,58,85,120,140,160,160,160,859,0,19,39.40114900074049,8.106874069198966,992.6569620147347,10707.75203725262
1777646703,60,GET,/,25.500000,0.000000,17,27,35,39,58,78,130,140,160,160,160,670,0,18,39.410358524200184,11.014794930815697,992.6569620147347,10529.422388059702
1777646703,60,POST,/cart,3.800000,0.000000,24,39,44,50,60,85,160,160,160,160,160,81,0,24,47.76598419419226,17.69361994229257,907.0406088139862,17118.555555555555
1777646703,60,POST,/cart/checkout,0.800000,0.000000,23,47,52,52,70,70,70,70,70,70,70,27,0,23,40.68281010000242,16.39849995262921,180.49910105764866,6812.62962962963
1777646703,60,GET,/product/0PUK6V6EV0,0.600000,0.000000,22,46,49,49,53,53,53,53,53,53,53,16,0,18,25.80583275994286,10.39532502181828,52.60321288369596,7985.6875
1777646703,60,GET,/product/1YMWWN1N4O,0.200000,0.000000,62,62,62,62,62,62,62,62,62,62,62,16,0,17,40.16448944457807,13.552102027460933,120.71998603641987,8001.25
1777646703,60,GET,/product/2ZYFJ3GM2N,0.300000,0.000000,56,56,56,56,56,56,56,56,56,56,56,6,0,18,36.265295813791454,13.962093973532319,59.58545207977295,8000.166666666667
1777646703,60,GET,/product/66VCHSJNUP,0.800000,0.000000,14,14,14,14,98,98,98,98,98,98,98,21,0,16,27.035105197379988,8.106874069198966,98.1030878610909,7962.285714285715
1777646703,60,GET,/product/6E92ZMYYFZ,0.200000,0.000000,13,13,58,58,58,58,58,58,58,58,58,9,0,16,31.09953565419548,12.949461815878749,65.13716699555516,7948.333333333333
1777646703,60,GET,/product/9SIQT8TOJO,0.400000,0.000000,17,17,17,17,17,17,17,17,17,17,17,14,0,16,31.722671801357397,12.775823008269072,81.0722189489752,8005.785714285715
1777646703,60,GET,/product/L9ECAV7KIM,0.300000,0.000000,17,17,56,56,56,56,56,56,56,56,56,10,0,17,28.268177015706897,11.245518922805786,82.9852418974042,7981.5
1777646703,60,GET,/product/LS4PSXUNUM,0.200000,0.000000,46,46,57,57,86,86,86,86,86,86,86,14,0,16,26.65239599134241,11.016748147085309,85.94146883115172,7985.785714285715
1777646703,60,GET,/product/OLJCESPC7Z,0.900000,0.000000,42,58,63,63,100,100,100,100,100,100,100,13,0,17,34.895849217159245,11.443650117143989,104.83672586269677,7998.461538461538
1777646703,60,,Aggregated,34.000000,0.000000,19,29,39,46,59,85,120,140,160,160,160,897,0,19,39.07106970224027,8.106874069198966,992.6569620147347,10674.99331103679
1777646704,60,GET,/,25.800000,0.000000,17,26,34,39,58,78,130,140,160,160,160,695,0,18,38.58614684109369,11.014794930815697,992.6569620147347,10530.120863309352
1777646704,60,POST,/cart,3.800000,0.000000,24,39,50,50,72,85,160,160,160,160,160,83,0,24,47.1870918051306,17.69361994229257,907.0406088139862,17136.90361445783
1777646704,60,POST,/cart/checkout,0.700000,0.000000,23,23,47,52,70,70,70,70,70,70,70,28,0,23,40.03893342035423,16.39849995262921,180.49910105764866,6812.642857142857
1777646704,60,GET,/product/0PUK6V6EV0,0.600000,0.000000,22,46,49,49,53,53,53,53,53,53,53,17,0,18,25.019491187242025,10.39532502181828,52.60321288369596,7983.588235294118
1777646704,60,GET,/product/1YMWWN1N4O,0.200000,0.000000,62,62,62,62,62,62,62,62,62,62,62,16,0,17,40.16448944457807,13.552102027460933,120.71998603641987,8001.25
1777646704,60,GET,/product/2ZYFJ3GM2N,0.300000,0.000000,56,56,56,56,56,56,56,56,56,56,56,6,0,18,36.265295813791454,13.962093973532319,59.58545207977295,8000.166666666667
1777646704,60,GET,/product/66VCHSJNUP,0.700000,0.000000,14,14,14,14,98,98,98,98,98,98,98,21,0,16,27.035105197379988,8.106874069198966,98.1030878610909,7962.285714285715
1777646704,60,GET,/product/6E92ZMYYFZ,0.200000,0.000000,58,58,58,58,58,58,58,58,58,58,58,9,0,16,31.09953565419548,12.949461815878749,65.13716699555516,7948.333333333333
1777646704,60,GET,/product/9SIQT8TOJO,0.300000,0.000000,17,17,17,17,17,17,17,17,17,17,17,14,0,16,31.722671801357397,12.775823008269072,81.0722189489752,8005.785714285715
1777646704,60,GET,/product/L9ECAV7KIM,0.200000,0.000000,56,56,56,56,56,56,56,56,56,56,56,10,0,17,28.268177015706897,11.245518922805786,82.9852418974042,7981.5
1777646704,60,GET,/product/LS4PSXUNUM,0.200000,0.000000,29,46,57,57,86,86,86,86,86,86,86,15,0,16,25.799436991413433,11.016748147085309,85.94146883115172,7981.466666666666
1777646704,60,GET,/product/OLJCESPC7Z,0.900000,0.000000,42,58,63,63,100,100,100,100,100,100,100,14,0,15,33.48293647702251,11.443650117143989,104.83672586269677,7997.642857142857
1777646704,60,,Aggregated,33.900000,0.000000,19,28,38,46,59,86,120,140,160,160,160,928,0,19,38.33052870397986,8.106874069198966,992.6569620147347,10674.160560344828
1777646705,60,GET,/,25.800000,0.000000,17,26,34,39,56,78,120,140,160,160,160,725,0,18,37.813875520409184,11.014794930815697,992.6569620147347,10531.288275862069
1777646705,60,POST,/cart,3.900000,0.000000,24,31,44,50,60,85,160,160,160,160,160,87,0,23,45.95028344627427,17.69361994229257,907.0406088139862,17138.41379310345
1777646705,60,POST,/cart/checkout,0.700000,0.000000,23,23,47,52,70,70,70,70,70,70,70,29,0,23,39.28047013147895,16.39849995262921,180.49910105764866,6813.0
1777646705,60,GET,/product/0PUK6V6EV0,0.700000,0.000000,22,46,49,49,53,53,53,53,53,53,53,17,0,18,25.019491187242025,10.39532502181828,52.60321288369596,7983.588235294118
1777646705,60,GET,/product/1YMWWN1N4O,0.200000,0.000000,62,62,62,62,62,62,62,62,62,62,62,16,0,17,40.16448944457807,13.552102027460933,120.71998603641987,8001.25
1777646705,60,GET,/product/2ZYFJ3GM2N,0.300000,0.000000,56,56,56,56,56,56,56,56,56,56,56,6,0,18,36.265295813791454,13.962093973532319,59.58545207977295,8000.166666666667
1777646705,60,GET,/product/66VCHSJNUP,0.600000,0.000000,13,14,14,98,98,98,98,98,98,98,98,21,0,16,27.035105197379988,8.106874069198966,98.1030878610909,7962.285714285715
1777646705,60,GET,/product/6E92ZMYYFZ,0.300000,0.000000,58,58,58,58,58,58,58,58,58,58,58,9,0,16,31.09953565419548,12.949461815878749,65.13716699555516,7948.333333333333
1777646705,60,GET,/product/9SIQT8TOJO,0.200000,0.000000,16,16,17,17,17,17,17,17,17,17,17,15,0,16,30.540534543494385,12.775823008269072,81.0722189489752,8011.2
1777646705,60,GET,/product/L9ECAV7KIM,0.100000,0.000000,56,56,56,56,56,56,56,56,56,56,56,10,0,17,28.268177015706897,11.245518922805786,82.9852418974042,7981.5
1777646705,60,GET,/product/LS4PSXUNUM,0.600000,0.000000,29,46,57,57,86,86,86,86,86,86,86,15,0,16,25.799436991413433,11.016748147085309,85.94146883115172,7981.466666666666
1777646705,60,GET,/product/OLJCESPC7Z,0.800000,0.000000,15,42,63,63,100,100,100,100,100,100,100,15,0,15,32.064145182569824,11.443650117143989,104.83672586269677,7998.133333333333
1777646705,60,,Aggregated,34.200000,0.000000,19,27,37,43,58,85,120,140,160,160,160,965,0,19,37.61015497727097,8.106874069198966,992.6569620147347,10688.046632124353
1777646706,60,GET,/,25.600000,0.000000,17,24,33,37,51,60,120,130,160,160,160,747,0,18,37.23450754943691,11.014794930815697,992.6569620147347,10531.767068273093
1777646706,60,POST,/cart,3.300000,0.000000,24,26,39,50,60,85,160,160,160,160,160,89,0,23,45.39961581840441,16.723654931411147,907.0406088139862,17171.1797752809
1777646706,60,POST,/cart/checkout,0.900000,0.000000,23,25,47,47,52,70,70,70,70,70,70,32,0,23,37.69260970875621,16.39849995262921,180.49910105764866,6811.9375
1777646706,60,GET,/product/0PUK6V6EV0,0.800000,0.000000,22,46,49,49,53,53,53,53,53,53,53,17,0,18,25.019491187242025,10.39532502181828,52.60321288369596,7983.588235294118
1777646706,60,GET,/product/1YMWWN1N4O,0.200000,0.000000,33,33,62,62,62,62,62,62,62,62,62,17,0,17,38.4274372995338,10.63460297882557,120.71998603641987,8006.764705882353
1777646706,60,GET,/product/2ZYFJ3GM2N,0.200000,0.000000,55,55,55,55,55,55,55,55,55,55,55,7,0,18,33.22603669948876,13.962093973532319,59.58545207977295,8000.428571428572
1777646706,60,GET,/product/66VCHSJNUP,0.600000,0.000000,14,14,98,98,98,98,98,98,98,98,98,21,0,16,27.035105197379988,8.106874069198966,98.1030878610909,7962.285714285715
1777646706,60,GET,/product/6E92ZMYYFZ,0.300000,0.000000,58,58,58,58,58,58,58,58,58,58,58,9,0,16,31.09953565419548,12.949461815878749,65.13716699555516,7948.333333333333
1777646706,60,GET,/product/9SIQT8TOJO,0.200000,0.000000,17,17,17,17,17,17,17,17,17,17,17,15,0,16,30.540534543494385,12.775823008269072,81.0722189489752,8011.2
1777646706,60,GET,/product/L9ECAV7KIM,0.200000,0.000000,56,56,56,56,56,56,56,56,56,56,56,10,0,17,28.268177015706897,11.245518922805786,82.9852418974042,7981.5
1777646706,60,GET,/product/LS4PSXUNUM,0.600000,0.000000,29,46,57,57,86,86,86,86,86,86,86,15,0,16,25.799436991413433,11.016748147085309,85.94146883115172,7981.466666666666
1777646706,60,GET,/product/OLJCESPC7Z,0.800000,0.000000,15,15,42,42,63,63,63,63,63,63,63,15,0,15,32.064145182569824,11.443650117143989,104.83672586269677,7998.133333333333
1777646706,60,,Aggregated,33.700000,0.000000,18,25,34,39,56,63,110,120,160,160,160,994,0,19,37.050767656007196,8.106874069198966,992.6569620147347,10683.808853118713
1777646707,60,GET,/,25.600000,0.000000,16,22,29,34,44,56,65,75,110,110,110,771,0,18,36.73157090896163,10.820931056514382,992.6569620147347,10532.710765239948
1777646707,60,POST,/cart,2.800000,0.000000,23,24,24,31,53,60,85,85,85,85,85,93,0,23,44.30737527918511,16.723654931411147,907.0406088139862,17140.774193548386
1777646707,60,POST,/cart/checkout,1.000000,0.000000,23,23,47,47,52,70,70,70,70,70,70,33,0,23,37.052756203620724,16.39849995262921,180.49910105764866,6811.121212121212
1777646707,60,GET,/product/0PUK6V6EV0,0.700000,0.000000,22,46,49,49,53,53,53,53,53,53,53,18,0,17,24.388813452484708,10.39532502181828,52.60321288369596,7988.444444444444
1777646707,60,GET,/product/1YMWWN1N4O,0.200000,0.000000,33,33,62,62,62,62,62,62,62,62,62,17,0,17,38.4274372995338,10.63460297882557,120.71998603641987,8006.764705882353
1777646707,60,GET,/product/2ZYFJ3GM2N,0.100000,0.000000,15,15,55,55,55,55,55,55,55,55,55,8,0,15,30.86188473389484,13.962093973532319,59.58545207977295,8009.5
1777646707,60,GET,/product/66VCHSJNUP,0.600000,0.000000,14,14,98,98,98,98,98,98,98,98,98,21,0,16,27.035105197379988,8.106874069198966,98.1030878610909,7962.285714285715
1777646707,60,GET,/product/6E92ZMYYFZ,0.200000,0.000000,14,14,58,58,58,58,58,58,58,58,58,11,0,15,27.676610995761372,10.77566691674292,65.13716699555516,7951.272727272727
1777646707,60,GET,/product/9SIQT8TOJO,0.300000,0.000000,16,16,17,17,17,17,17,17,17,17,17,16,0,16,29.60425526543986,12.775823008269072,81.0722189489752,8014.6875
1777646707,60,GET,/product/L9ECAV7KIM,0.200000,0.000000,56,56,56,56,56,56,56,56,56,56,56,10,0,17,28.268177015706897,11.245518922805786,82.9852418974042,7981.5
1777646707,60,GET,/product/LS4PSXUNUM,0.700000,0.000000,29,46,57,57,86,86,86,86,86,86,86,15,0,16,25.799436991413433,11.016748147085309,85.94146883115172,7981.466666666666
1777646707,60,GET,/product/OLJCESPC7Z,0.700000,0.000000,15,15,42,42,63,63,63,63,63,63,63,15,0,15,32.064145182569824,11.443650117143989,104.83672586269677,7998.133333333333
1777646707,60,,Aggregated,33.100000,0.000000,17,23,29,34,49,58,65,75,110,110,110,1028,0,19,36.477637838242494,8.106874069198966,992.6569620147347,10686.749027237354
1777646708,60,GET,/,26.100000,0.000000,16,20,28,34,43,56,65,75,110,110,110,797,0,18,36.098424831073416,10.820931056514382,992.6569620147347,10533.509410288581
1777646708,60,POST,/cart,2.800000,0.000000,23,24,31,39,60,64,85,85,85,85,85,96,0,23,44.05186977965059,16.723654931411147,907.0406088139862,17149.239583333332
1777646708,60,POST,/cart/checkout,0.900000,0.000000,23,23,23,25,47,47,47,47,47,47,47,33,0,23,37.052756203620724,16.39849995262921,180.49910105764866,6811.121212121212
1777646708,60,GET,/product/0PUK6V6EV0,0.700000,0.000000,22,46,49,49,53,53,53,53,53,53,53,18,0,17,24.388813452484708,10.39532502181828,52.60321288369596,7988.444444444444
1777646708,60,GET,/product/1YMWWN1N4O,0.200000,0.000000,13,13,33,33,33,33,33,33,33,33,33,18,0,16,37.017385953933825,10.63460297882557,120.71998603641987,8011.333333333333
1777646708,60,GET,/product/2ZYFJ3GM2N,0.100000,0.000000,15,15,55,55,55,55,55,55,55,55,55,8,0,15,30.86188473389484,13.962093973532319,59.58545207977295,8009.5
1777646708,60,GET,/product/66VCHSJNUP,0.500000,0.000000,14,14,98,98,98,98,98,98,98,98,98,21,0,16,27.035105197379988,8.106874069198966,98.1030878610909,7962.285714285715
1777646708,60,GET,/product/6E92ZMYYFZ,0.100000,0.000000,14,14,58,58,58,58,58,58,58,58,58,12,0,14,26.450261667681236,10.77566691674292,65.13716699555516,7950.583333333333
1777646708,60,GET,/product/9SIQT8TOJO,0.200000,0.000000,16,16,17,17,17,17,17,17,17,17,17,16,0,16,29.60425526543986,12.775823008269072,81.0722189489752,8014.6875
1777646708,60,GET,/product/L9ECAV7KIM,0.200000,0.000000,56,56,56,56,56,56,56,56,56,56,56,10,0,17,28.268177015706897,11.245518922805786,82.9852418974042,7981.5
1777646708,60,GET,/product/LS4PSXUNUM,0.700000,0.000000,29,29,57,57,86,86,86,86,86,86,86,15,0,16,25.799436991413433,11.016748147085309,85.94146883115172,7981.466666666666
1777646708,60,GET,/product/OLJCESPC7Z,0.700000,0.000000,14,15,15,63,63,63,63,63,63,63,63,16,0,15,30.951683744206093,11.443650117143989,104.83672586269677,7994.8125
1777646708,60,,Aggregated,33.200000,0.000000,17,23,29,34,49,58,65,75,110,110,110,1060,0,19,35.94158529194142,8.106874069198966,992.6569620147347,10694.978301886793
1777646709,60,GET,/,27.000000,0.000000,16,20,27,33,43,56,60,65,110,110,110,820,0,18,35.6639199816372,10.820931056514382,992.6569620147347,10534.278048780488
1777646709,60,POST,/cart,2.800000,0.000000,22,24,25,34,60,64,85,85,85,85,85,101,0,23,43.089036045983285,16.723654931411147,907.0406088139862,17128.673267326732
1777646709,60,POST,/cart/checkout,1.100000,0.000000,23,23,23,25,47,47,47,47,47,47,47,33,0,23,37.052756203620724,16.39849995262921,180.49910105764866,6811.121212121212
1777646709,60,GET,/product/0PUK6V6EV0,0.800000,0.000000,14,22,22,53,53,53,53,53,53,53,53,18,0,17,24.388813452484708,10.39532502181828,52.60321288369596,7988.444444444444
1777646709,60,GET,/product/1YMWWN1N4O,0.200000,0.000000,13,14,14,33,33,33,33,33,33,33,33,20,0,15,34.659276250749826,10.63460297882557,120.71998603641987,8014.4
1777646709,60,GET,/product/2ZYFJ3GM2N,0.300000,0.000000,15,15,55,55,55,55,55,55,55,55,55,8,0,15,30.86188473389484,13.962093973532319,59.58545207977295,8009.5
1777646709,60,GET,/product/66VCHSJNUP,0.400000,0.000000,45,45,45,45,45,45,45,45,45,45,45,22,0,16,27.85646346059035,8.106874069198966,98.1030878610909,7963.863636363636
1777646709,60,GET,/product/6E92ZMYYFZ,0.100000,0.000000,14,14,58,58,58,58,58,58,58,58,58,12,0,14,26.450261667681236,10.77566691674292,65.13716699555516,7950.583333333333
1777646709,60,GET,/product/9SIQT8TOJO,0.200000,0.000000,16,16,17,17,17,17,17,17,17,17,17,16,0,16,29.60425526543986,12.775823008269072,81.0722189489752,8014.6875
1777646709,60,GET,/product/L9ECAV7KIM,0.200000,0.000000,56,56,56,56,56,56,56,56,56,56,56,10,0,17,28.268177015706897,11.245518922805786,82.9852418974042,7981.5
1777646709,60,GET,/product/LS4PSXUNUM,0.700000,0.000000,23,29,57,57,86,86,86,86,86,86,86,16,0,16,24.992484293761663,11.016748147085309,85.94146883115172,7979.0625
1777646709,60,GET,/product/OLJCESPC7Z,0.600000,0.000000,14,15,15,63,63,63,63,63,63,63,63,16,0,15,30.951683744206093,11.443650117143989,104.83672586269677,7994.8125
1777646709,60,,Aggregated,34.400000,0.000000,17,22,26,33,46,58,64,75,110,110,110,1092,0,18,35.51275559019591,8.106874069198966,992.6569620147347,10709.955128205129
1777646710,60,GET,/,25.100000,0.000000,16,18,25,30,42,52,60,65,110,110,110,840,0,17,35.20364284770386,10.820931056514382,992.6569620147347,10534.921428571428
1777646710,60,POST,/cart,3.100000,0.000000,22,23,25,26,60,64,85,85,85,85,85,105,0,23,42.257573699489946,16.723654931411147,907.0406088139862,17170.542857142857
1777646710,60,POST,/cart/checkout,1.000000,0.000000,23,23,23,23,25,47,47,47,47,47,47,35,0,23,36.15036761787321,16.39849995262921,180.49910105764866,6809.371428571429
1777646710,60,GET,/product/0PUK6V6EV0,0.800000,0.000000,14,22,22,53,53,53,53,53,53,53,53,18,0,17,24.388813452484708,10.39532502181828,52.60321288369596,7988.444444444444
1777646710,60,GET,/product/1YMWWN1N4O,0.200000,0.000000,13,14,15,15,33,33,33,33,33,33,33,22,0,15,32.79406845103949,10.63460297882557,120.71998603641987,8018.181818181818
1777646710,60,GET,/product/2ZYFJ3GM2N,0.300000,0.000000,15,15,55,55,55,55,55,55,55,55,55,8,0,15,30.86188473389484,13.962093973532319,59.58545207977295,8009.5
1777646710,60,GET,/product/66VCHSJNUP,0.100000,0.000000,45,45,45,45,45,45,45,45,45,45,45,22,0,16,27.85646346059035,8.106874069198966,98.1030878610909,7963.863636363636
1777646710,60,GET,/product/6E92ZMYYFZ,0.300000,0.000000,14,14,15,15,58,58,58,58,58,58,58,14,0,14,24.774236271956138,10.77566691674292,65.13716699555516,7954.0
1777646710,60,GET,/product/9SIQT8TOJO,0.300000,0.000000,16,16,17,17,17,17,17,17,17,17,17,16,0,16,29.60425526543986,12.775823008269072,81.0722189489752,8014.6875
1777646710,60,GET,/product/L9ECAV7KIM,0.100000,0.000000,17,17,17,17,17,17,17,17,17,17,17,10,0,17,28.268177015706897,11.245518922805786,82.9852418974042,7981.5
1777646710,60,GET,/product/LS4PSXUNUM,0.600000,0.000000,23,29,57,57,86,86,86,86,86,86,86,17,0,16,24.302511804682368,11.016748147085309,85.94146883115172,7983.941176470588
1777646710,60,GET,/product/OLJCESPC7Z,0.400000,0.000000,14,15,15,63,63,63,63,63,63,63,63,16,0,15,30.951683744206093,11.443650117143989,104.83672586269677,7994.8125
1777646710,60,,Aggregated,32.300000,0.000000,16,20,24,27,42,57,64,75,110,110,110,1123,0,18,35.0001178290413,8.106874069198966,992.6569620147347,10715.130899376669
1777646711,60,GET,/,25.900000,0.000000,16,17,21,26,39,46,59,65,110,110,110,867,0,17,34.5694632070717,10.101150954142213,992.6569620147347,10535.855824682814
1777646711,60,POST,/cart,2.800000,0.000000,22,23,24,25,39,64,85,85,85,85,85,107,0,23,41.879515283279744,16.723654931411147,907.0406088139862,17170.448598130843
1777646711,60,POST,/cart/checkout,1.000000,0.000000,20,23,23,23,23,25,25,25,25,25,25,38,0,23,34.79407606401334,16.39849995262921,180.49910105764866,6807.973684210527
1777646711,60,GET,/product/0PUK6V6EV0,0.700000,0.000000,22,22,53,53,53,53,53,53,53,53,53,18,0,17,24.388813452484708,10.39532502181828,52.60321288369596,7988.444444444444
1777646711,60,GET,/product/1YMWWN1N4O,0.400000,0.000000,13,14,15,15,33,33,33,33,33,33,33,22,0,15,32.79406845103949,10.63460297882557,120.71998603641987,8018.181818181818
1777646711,60,GET,/product/2ZYFJ3GM2N,0.300000,0.000000,15,15,55,55,55,55,55,55,55,55,55,8,0,15,30.86188473389484,13.962093973532319,59.58545207977295,8009.5
1777646711,60,GET,/product/66VCHSJNUP,0.100000,0.000000,16,16,45,45,45,45,45,45,45,45,45,23,0,16,27.321467479771893,8.106874069198966,98.1030878610909,7968.173913043478
1777646711,60,GET,/product/6E92ZMYYFZ,0.400000,0.000000,14,14,15,15,58,58,58,58,58,58,58,14,0,14,24.774236271956138,10.77566691674292,65.13716699555516,7954.0
1777646711,60,GET,/product/9SIQT8TOJO,0.200000,0.000000,16,16,16,16,16,16,16,16,16,16,16,16,0,16,29.60425526543986,12.775823008269072,81.0722189489752,8014.6875
1777646711,60,GET,/product/L9ECAV7KIM,0.100000,0.000000,17,17,17,17,17,17,17,17,17,17,17,10,0,17,28.268177015706897,11.245518922805786,82.9852418974042,7981.5
1777646711,60,GET,/product/LS4PSXUNUM,0.700000,0.000000,23,29,57,57,86,86,86,86,86,86,86,18,0,16,23.895170526682502,11.016748147085309,85.94146883115172,7988.277777777777
1777646711,60,GET,/product/OLJCESPC7Z,0.500000,0.000000,15,15,31,31,31,31,31,31,31,31,31,17,0,15,30.957771410398625,11.443650117143989,104.83672586269677,7998.294117647059
1777646711,60,,Aggregated,33.100000,0.000000,16,19,22,25,39,51,60,75,110,110,110,1158,0,18,34.43035315191422,8.106874069198966,992.6569620147347,10705.725388601037
1777646712,60,GET,/,25.100000,0.000000,16,16,17,21,37,42,52,67,84,84,84,895,0,17,34.28013935300142,10.101150954142213,992.6569620147347,10536.692737430167
1777646712,60,POST,/cart,3.000000,0.000000,22,23,23,24,34,64,88,88,88,88,88,111,0,23,41.720344093502376,16.723654931411147,907.0406088139862,17221.099099099098
1777646712,60,POST,/cart/checkout,1.000000,0.000000,20,23,23,23,25,31,31,31,31,31,31,40,0,23,34.285168163478374,16.39849995262921,180.49910105764866,6807.875
1777646712,60,GET,/product/0PUK6V6EV0,0.500000,0.000000,14,14,53,53,53,53,53,53,53,53,53,18,0,17,24.388813452484708,10.39532502181828,52.60321288369596,7988.444444444444
1777646712,60,GET,/product/1YMWWN1N4O,0.600000,0.000000,13,14,15,15,33,33,33,33,33,33,33,23,0,15,31.87689917040584,10.63460297882557,120.71998603641987,8020.304347826087
1777646712,60,GET,/product/2ZYFJ3GM2N,0.200000,0.000000,15,15,15,15,15,15,15,15,15,15,15,9,0,15,29.110957868397236,13.962093973532319,59.58545207977295,8005.333333333333
1777646712,60,GET,/product/66VCHSJNUP,0.200000,0.000000,16,16,45,45,45,45,45,45,45,45,45,23,0,16,27.321467479771893,8.106874069198966,98.1030878610909,7968.173913043478
1777646712,60,GET,/product/6E92ZMYYFZ,0.400000,0.000000,14,14,15,15,58,58,58,58,58,58,58,15,0,14,24.07766819621126,10.77566691674292,65.13716699555516,7951.4
1777646712,60,GET,/product/9SIQT8TOJO,0.200000,0.000000,15,15,16,16,16,16,16,16,16,16,16,17,0,16,28.76670377822045,12.775823008269072,81.0722189489752,8016.823529411765
1777646712,60,GET,/product/L9ECAV7KIM,0.100000,0.000000,17,17,17,17,17,17,17,17,17,17,17,10,0,17,28.268177015706897,11.245518922805786,82.9852418974042,7981.5
1777646712,60,GET,/product/LS4PSXUNUM,0.800000,0.000000,23,29,57,57,86,86,86,86,86,86,86,18,0,16,23.895170526682502,11.016748147085309,85.94146883115172,7988.277777777777
1777646712,60,GET,/product/OLJCESPC7Z,0.500000,0.000000,15,15,31,31,31,31,31,31,31,31,31,17,0,15,30.957771410398625,11.443650117143989,104.83672586269677,7998.294117647059
1777646712,60,,Aggregated,32.600000,0.000000,16,17,20,22,34,42,53,67,88,88,88,1196,0,18,34.142914112504684,8.106874069198966,992.6569620147347,10713.130434782608
1777646713,60,GET,/,25.000000,0.000000,15,16,17,19,35,42,51,67,84,84,84,924,0,17,33.758219897200746,10.101150954142213,992.6569620147347,10537.339826839827
1777646713,60,POST,/cart,2.900000,0.000000,21,23,23,23,34,64,88,88,88,88,88,114,0,23,41.341185547297066,16.723654931411147,907.0406088139862,17225.587719298244
1777646713,60,POST,/cart/checkout,1.300000,0.000000,20,22,23,23,25,31,31,31,31,31,31,41,0,23,33.98840435462572,16.39849995262921,180.49910105764866,6807.4390243902435
1777646713,60,GET,/product/0PUK6V6EV0,0.400000,0.000000,14,14,53,53,53,53,53,53,53,53,53,18,0,17,24.388813452484708,10.39532502181828,52.60321288369596,7988.444444444444
1777646713,60,GET,/product/1YMWWN1N4O,0.700000,0.000000,13,14,14,14,15,15,15,15,15,15,15,24,0,15,31.151446998895455,10.63460297882557,120.71998603641987,8018.625
1777646713,60,GET,/product/2ZYFJ3GM2N,0.200000,0.000000,15,15,15,40,40,40,40,40,40,40,40,11,0,15,28.715625976804983,13.962093973532319,59.58545207977295,8016.727272727273
1777646713,60,GET,/product/66VCHSJNUP,0.300000,0.000000,16,16,45,45,45,45,45,45,45,45,45,23,0,16,27.321467479771893,8.106874069198966,98.1030878610909,7968.173913043478
1777646713,60,GET,/product/6E92ZMYYFZ,0.600000,0.000000,14,15,16,16,58,58,58,58,58,58,58,16,0,14,23.57365055650007,10.77566691674292,65.13716699555516,7950.75
1777646713,60,GET,/product/9SIQT8TOJO,0.200000,0.000000,15,15,16,16,16,16,16,16,16,16,16,17,0,16,28.76670377822045,12.775823008269072,81.0722189489752,8016.823529411765
1777646713,60,GET,/product/L9ECAV7KIM,0.100000,0.000000,17,17,17,17,17,17,17,17,17,17,17,11,0,17,26.980813740837302,11.245518922805786,82.9852418974042,7984.181818181818
1777646713,60,GET,/product/LS4PSXUNUM,0.800000,0.000000,14,14,17,17,17,17,17,17,17,17,17,18,0,16,23.895170526682502,11.016748147085309,85.94146883115172,7988.277777777777
1777646713,60,GET,/product/OLJCESPC7Z,0.300000,0.000000,14,14,31,31,31,31,31,31,31,31,31,17,0,15,30.957771410398625,11.443650117143989,104.83672586269677,7998.294117647059
1777646713,60,,Aggregated,32.800000,0.000000,16,17,20,22,33,41,51,67,88,88,88,1234,0,18,33.67042984731187,8.106874069198966,992.6569620147347,10711.58752025932
1777646714,60,GET,/,25.100000,0.000000,15,16,18,22,41,52,71,76,84,84,84,955,0,17,33.75461751068528,10.101150954142213,992.6569620147347,10538.052356020942
1777646714,60,POST,/cart,2.800000,0.000000,21,23,23,25,34,64,88,88,88,88,88,115,0,23,41.20171567344147,16.723654931411147,907.0406088139862,17256.165217391303
1777646714,60,POST,/cart/checkout,1.400000,0.000000,22,23,23,23,25,31,31,31,31,31,31,43,0,23,33.47640362200002,16.39849995262921,180.49910105764866,6807.604651162791
1777646714,60,GET,/product/0PUK6V6EV0,0.400000,0.000000,48,48,48,48,48,48,48,48,48,48,48,19,0,18,25.61926416513559,10.39532502181828,52.60321288369596,7993.210526315789
1777646714,60,GET,/product/1YMWWN1N4O,0.600000,0.000000,13,14,14,14,15,15,15,15,15,15,15,24,0,15,31.151446998895455,10.63460297882557,120.71998603641987,8018.625
1777646714,60,GET,/product/2ZYFJ3GM2N,0.300000,0.000000,15,15,17,17,40,40,40,40,40,40,40,12,0,15,27.71877049235627,13.962093973532319,59.58545207977295,8019.75
1777646714,60,GET,/product/66VCHSJNUP,0.300000,0.000000,15,16,16,45,45,45,45,45,45,45,45,25,0,16,26.272198716178536,8.106874069198966,98.1030878610909,7969.4
1777646714,60,GET,/product/6E92ZMYYFZ,0.700000,0.000000,14,14,15,15,16,16,16,16,16,16,16,16,0,14,23.57365055650007,10.77566691674292,65.13716699555516,7950.75
1777646714,60,GET,/product/9SIQT8TOJO,0.200000,0.000000,15,15,16,16,16,16,16,16,16,16,16,17,0,16,28.76670377822045,12.775823008269072,81.0722189489752,8016.823529411765
1777646714,60,GET,/product/L9ECAV7KIM,0.100000,0.000000,17,17,17,17,17,17,17,17,17,17,17,11,0,17,26.980813740837302,11.245518922805786,82.9852418974042,7984.181818181818
1777646714,60,GET,/product/LS4PSXUNUM,0.800000,0.000000,14,14,17,17,17,17,17,17,17,17,17,18,0,16,23.895170526682502,11.016748147085309,85.94146883115172,7988.277777777777
1777646714,60,GET,/product/OLJCESPC7Z,0.400000,0.000000,14,14,31,31,31,31,31,31,31,31,31,18,0,15,30.030033499416376,11.443650117143989,104.83672586269677,8001.055555555556
1777646714,60,,Aggregated,33.100000,0.000000,16,17,21,23,39,50,67,76,88,88,88,1273,0,18,33.598451169342304,8.106874069198966,992.6569620147347,10699.095051060487
1777646715,60,GET,/,24.500000,0.000000,16,16,18,25,46,66,84,150,340,340,340,968,0,17,34.419560770327145,10.101150954142213,992.6569620147347,10538.355371900827
1777646715,60,POST,/cart,3.100000,0.000000,22,23,25,26,64,140,300,300,300,300,300,118,0,23,44.0360207832813,16.723654931411147,907.0406088139862,17259.822033898305
1777646715,60,POST,/cart/checkout,1.400000,0.000000,22,23,23,25,31,48,48,48,48,48,48,44,0,23,33.811772035815835,16.39849995262921,180.49910105764866,6807.568181818182
1777646715,60,GET,/product/0PUK6V6EV0,0.300000,0.000000,48,48,48,48,48,48,48,48,48,48,48,19,0,18,25.61926416513559,10.39532502181828,52.60321288369596,7993.210526315789
1777646715,60,GET,/product/1YMWWN1N4O,0.700000,0.000000,13,14,14,14,15,15,15,15,15,15,15,24,0,15,31.151446998895455,10.63460297882557,120.71998603641987,8018.625
1777646715,60,GET,/product/2ZYFJ3GM2N,0.300000,0.000000,15,15,17,17,40,40,40,40,40,40,40,12,0,15,27.71877049235627,13.962093973532319,59.58545207977295,8019.75
1777646715,60,GET,/product/66VCHSJNUP,0.200000,0.000000,16,16,45,45,45,45,45,45,45,45,45,25,0,16,26.272198716178536,8.106874069198966,98.1030878610909,7969.4
1777646715,60,GET,/product/6E92ZMYYFZ,0.600000,0.000000,14,14,15,15,16,16,16,16,16,16,16,16,0,14,23.57365055650007,10.77566691674292,65.13716699555516,7950.75
1777646715,60,GET,/product/9SIQT8TOJO,0.300000,0.000000,15,15,16,16,16,16,16,16,16,16,16,18,0,16,27.929836237389182,12.775823008269072,81.0722189489752,8020.611111111111
1777646715,60,GET,/product/L9ECAV7KIM,0.200000,0.000000,17,17,17,17,17,17,17,17,17,17,17,11,0,17,26.980813740837302,11.245518922805786,82.9852418974042,7984.181818181818
1777646715,60,GET,/product/LS4PSXUNUM,0.400000,0.000000,14,14,17,17,17,17,17,17,17,17,17,18,0,16,23.895170526682502,11.016748147085309,85.94146883115172,7988.277777777777
1777646715,60,GET,/product/OLJCESPC7Z,0.400000,0.000000,14,14,14,31,31,31,31,31,31,31,31,19,0,15,29.168825841655856,11.443650117143989,104.83672586269677,8006.473684210527
1777646715,60,,Aggregated,32.400000,0.000000,16,18,22,25,45,64,88,150,340,340,340,1292,0,18,34.35523171935104,8.106874069198966,992.6569620147347,10706.215944272446
1777646716,60,GET,/,25.400000,0.000000,16,18,34,45,110,250,430,460,480,480,480,1001,0,17,39.817979717236405,10.101150954142213,992.6569620147347,10539.014985014985
1777646716,60,POST,/cart,3.100000,0.000000,23,23,34,38,88,140,300,300,300,300,300,119,0,23,44.093795281154016,16.723654931411147,907.0406088139862,17265.008403361346
1777646716,60,POST,/cart/checkout,1.400000,0.000000,22,23,23,23,31,48,48,48,48,48,48,44,0,23,33.811772035815835,16.39849995262921,180.49910105764866,6807.568181818182
1777646716,60,GET,/product/0PUK6V6EV0,0.100000,0.000000,48,48,48,48,48,48,48,48,48,48,48,19,0,18,25.61926416513559,10.39532502181828,52.60321288369596,7993.210526315789
1777646716,60,GET,/product/1YMWWN1N4O,0.800000,0.000000,13,14,14,15,96,96,96,96,96,96,96,25,0,15,33.727318001911044,10.63460297882557,120.71998603641987,8020.48
1777646716,60,GET,/product/2ZYFJ3GM2N,0.500000,0.000000,15,15,17,17,40,40,40,40,40,40,40,13,0,15,26.72046236693859,13.962093973532319,59.58545207977295,8021.076923076923
1777646716,60,GET,/product/66VCHSJNUP,0.300000,0.000000,15,16,16,45,45,45,45,45,45,45,45,26,0,15,25.727866996581163,8.106874069198966,98.1030878610909,7970.923076923077
1777646716,60,GET,/product/6E92ZMYYFZ,0.700000,0.000000,14,14,15,15,16,16,16,16,16,16,16,16,0,14,23.57365055650007,10.77566691674292,65.13716699555516,7950.75
1777646716,60,GET,/product/9SIQT8TOJO,0.300000,0.000000,15,15,16,16,16,16,16,16,16,16,16,18,0,16,27.929836237389182,12.775823008269072,81.0722189489752,8020.611111111111
1777646716,60,GET,/product/L9ECAV7KIM,0.100000,0.000000,17,17,17,17,17,17,17,17,17,17,17,11,0,17,26.980813740837302,11.245518922805786,82.9852418974042,7984.181818181818
1777646716,60,GET,/product/LS4PSXUNUM,0.400000,0.000000,13,13,17,17,17,17,17,17,17,17,17,18,0,16,23.895170526682502,11.016748147085309,85.94146883115172,7988.277777777777
1777646716,60,GET,/product/OLJCESPC7Z,0.400000,0.000000,14,14,14,31,31,31,31,31,31,31,31,20,0,14,28.36038999957964,11.443650117143989,104.83672586269677,8005.4
1777646716,60,,Aggregated,33.500000,0.000000,16,21,30,41,84,210,420,430,480,480,480,1330,0,18,38.43078354033957,8.106874069198966,992.6569620147347,10699.872180451128
1777646717,60,GET,/,25.600000,0.000000,16,18,32,43,110,250,430,460,480,480,480,1026,0,17,39.23469861255882,9.804468136280775,992.6569620147347,10539.51461988304
1777646717,60,POST,/cart,3.100000,0.000000,22,23,34,38,88,140,300,300,300,300,300,122,0,23,43.529218373835455,16.723654931411147,907.0406088139862,17244.82786885246
1777646717,60,POST,/cart/checkout,1.400000,0.000000,21,23,23,23,31,48,48,48,48,48,48,45,0,23,33.52526485299071,16.39849995262921,180.49910105764866,6807.022222222222
1777646717,60,GET,/product/0PUK6V6EV0,0.200000,0.000000,14,14,48,48,48,48,48,48,48,48,48,20,0,17,24.977563158608973,10.39532502181828,52.60321288369596,7995.3
1777646717,60,GET,/product/1YMWWN1N4O,0.800000,0.000000,14,14,15,35,96,96,96,96,96,96,96,27,0,15,33.0292817067217,10.63460297882557,120.71998603641987,8024.0
1777646717,60,GET,/product/2ZYFJ3GM2N,0.600000,0.000000,15,17,25,25,40,40,40,40,40,40,40,14,0,15,26.58307211407061,13.962093973532319,59.58545207977295,8023.928571428572
1777646717,60,GET,/product/66VCHSJNUP,0.400000,0.000000,15,16,16,45,45,45,45,45,45,45,45,26,0,15,25.727866996581163,8.106874069198966,98.1030878610909,7970.923076923077
1777646717,60,GET,/product/6E92ZMYYFZ,0.700000,0.000000,14,15,15,16,16,16,16,16,16,16,16,16,0,14,23.57365055650007,10.77566691674292,65.13716699555516,7950.75
1777646717,60,GET,/product/9SIQT8TOJO,0.200000,0.000000,15,15,16,16,16,16,16,16,16,16,16,19,0,16,27.10306880946614,12.221255106851459,81.0722189489752,8017.9473684210525
1777646717,60,GET,/product/L9ECAV7KIM,0.100000,0.000000,14,14,14,14,14,14,14,14,14,14,14,11,0,17,26.980813740837302,11.245518922805786,82.9852418974042,7984.181818181818
1777646717,60,GET,/product/LS4PSXUNUM,0.300000,0.000000,13,13,17,17,17,17,17,17,17,17,17,18,0,16,23.895170526682502,11.016748147085309,85.94146883115172,7988.277777777777
1777646717,60,GET,/product/OLJCESPC7Z,0.400000,0.000000,14,14,15,15,31,31,31,31,31,31,31,21,0,15,27.70758000025082,11.443650117143989,104.83672586269677,8007.333333333333
1777646717,60,,Aggregated,33.800000,0.000000,16,21,27,38,76,200,420,430,480,480,480,1365,0,18,37.88082760011593,8.106874069198966,992.6569620147347,10695.371428571429
1777646718,60,GET,/,24.600000,0.000000,16,21,38,49,110,280,430,460,480,480,480,1047,0,17,39.001963757344996,9.804468136280775,992.6569620147347,10540.063037249283
1777646718,60,POST,/cart,3.100000,0.000000,22,23,25,38,88,140,300,300,300,300,300,122,0,23,43.529218373835455,16.723654931411147,907.0406088139862,17244.82786885246
1777646718,60,POST,/cart/checkout,1.400000,0.000000,22,23,23,23,31,48,48,48,48,48,48,47,0,23,33.00758732601683,16.39849995262921,180.49910105764866,6806.531914893617
1777646718,60,GET,/product/0PUK6V6EV0,0.200000,0.000000,14,14,48,48,48,48,48,48,48,48,48,21,0,17,24.415069437097934,10.39532502181828,52.60321288369596,7997.0
1777646718,60,GET,/product/1YMWWN1N4O,0.800000,0.000000,14,15,15,35,96,96,96,96,96,96,96,29,0,15,31.757069310044933,10.63460297882557,120.71998603641987,8025.137931034483
1777646718,60,GET,/product/2ZYFJ3GM2N,0.600000,0.000000,17,17,25,25,40,40,40,40,40,40,40,14,0,15,26.58307211407061,13.962093973532319,59.58545207977295,8023.928571428572
1777646718,60,GET,/product/66VCHSJNUP,0.400000,0.000000,15,16,16,45,45,45,45,45,45,45,45,26,0,15,25.727866996581163,8.106874069198966,98.1030878610909,7970.923076923077
1777646718,60,GET,/product/6E92ZMYYFZ,0.700000,0.000000,14,14,15,15,16,16,16,16,16,16,16,17,0,14,23.034053005497245,10.77566691674292,65.13716699555516,7950.411764705882
1777646718,60,GET,/product/9SIQT8TOJO,0.300000,0.000000,15,15,16,16,16,16,16,16,16,16,16,19,0,16,27.10306880946614,12.221255106851459,81.0722189489752,8017.9473684210525
1777646718,60,GET,/product/L9ECAV7KIM,0.100000,0.000000,14,14,14,14,14,14,14,14,14,14,14,12,0,14,25.78002051450312,11.245518922805786,82.9852418974042,7986.75
1777646718,60,GET,/product/LS4PSXUNUM,0.300000,0.000000,17,17,17,17,17,17,17,17,17,17,17,18,0,16,23.895170526682502,11.016748147085309,85.94146883115172,7988.277777777777
1777646718,60,GET,/product/OLJCESPC7Z,0.400000,0.000000,14,14,15,15,31,31,31,31,31,31,31,21,0,15,27.70758000025082,11.443650117143989,104.83672586269677,8007.333333333333
1777646718,60,,Aggregated,32.900000,0.000000,16,22,32,42,84,210,420,430,480,480,480,1393,0,18,37.6163718762974,8.106874069198966,992.6569620147347,10678.211773151472
1777646719,60,GET,/,25.300000,0.000000,16,21,42,50,110,250,420,460,480,480,480,1079,0,17,38.74959051479569,9.804468136280775,992.6569620147347,10540.494902687673
1777646719,60,POST,/cart,2.900000,0.000000,23,23,29,51,140,180,300,300,300,300,300,127,0,23,43.976823100820184,16.723654931411147,907.0406088139862,17269.79527559055
1777646719,60,POST,/cart/checkout,1.200000,0.000000,21,22,23,23,31,48,48,48,48,48,48,48,0,23,32.73914479844583,16.39849995262921,180.49910105764866,6805.833333333333
1777646719,60,GET,/product/0PUK6V6EV0,0.100000,0.000000,14,14,48,48,48,48,48,48,48,48,48,21,0,17,24.415069437097934,10.39532502181828,52.60321288369596,7997.0
1777646719,60,GET,/product/1YMWWN1N4O,1.000000,0.000000,14,15,35,35,96,96,96,96,96,96,96,29,0,15,31.757069310044933,10.63460297882557,120.71998603641987,8025.137931034483
1777646719,60,GET,/product/2ZYFJ3GM2N,0.500000,0.000000,17,17,25,25,40,40,40,40,40,40,40,14,0,15,26.58307211407061,13.962093973532319,59.58545207977295,8023.928571428572
1777646719,60,GET,/product/66VCHSJNUP,0.500000,0.000000,15,16,16,100,100,100,100,100,100,100,100,27,0,16,28.57692159401874,8.106874069198966,102.65234112739563,7974.074074074074
1777646719,60,GET,/product/6E92ZMYYFZ,0.700000,0.000000,14,15,15,16,16,16,16,16,16,16,16,17,0,14,23.034053005497245,10.77566691674292,65.13716699555516,7950.411764705882
1777646719,60,GET,/product/9SIQT8TOJO,0.300000,0.000000,14,14,15,15,15,15,15,15,15,15,15,19,0,16,27.10306880946614,12.221255106851459,81.0722189489752,8017.9473684210525
1777646719,60,GET,/product/L9ECAV7KIM,0.100000,0.000000,14,14,14,14,14,14,14,14,14,14,14,12,0,14,25.78002051450312,11.245518922805786,82.9852418974042,7986.75
1777646719,60,GET,/product/LS4PSXUNUM,0.300000,0.000000,15,16,16,17,17,17,17,17,17,17,17,22,0,15,22.209316195750777,11.016748147085309,85.94146883115172,7991.363636363636
1777646719,60,GET,/product/OLJCESPC7Z,0.600000,0.000000,14,15,15,31,31,31,31,31,31,31,31,21,0,15,27.70758000025082,11.443650117143989,104.83672586269677,8007.333333333333
1777646719,60,,Aggregated,33.500000,0.000000,16,22,32,43,90,200,420,430,480,480,480,1436,0,18,37.48685000094645,8.106874069198966,992.6569620147347,10688.538997214484
1777646720,60,GET,/,25.900000,0.000000,16,23,42,50,110,250,430,460,480,480,480,1103,0,17,38.28642677586671,9.804468136280775,992.6569620147347,10540.883046237534
1777646720,60,POST,/cart,2.800000,0.000000,23,29,40,51,140,180,300,300,300,300,300,129,0,23,43.762082632905404,16.723654931411147,907.0406088139862,17290.5503875969
1777646720,60,POST,/cart/checkout,1.200000,0.000000,22,23,23,23,31,48,48,48,48,48,48,49,0,23,32.50044655548979,16.39849995262921,180.49910105764866,6805.306122448979
1777646720,60,GET,/product/0PUK6V6EV0,0.200000,0.000000,13,13,48,48,48,48,48,48,48,48,48,21,0,17,24.415069437097934,10.39532502181828,52.60321288369596,7997.0
1777646720,60,GET,/product/1YMWWN1N4O,1.100000,0.000000,14,15,35,35,96,96,96,96,96,96,96,29,0,15,31.757069310044933,10.63460297882557,120.71998603641987,8025.137931034483
1777646720,60,GET,/product/2ZYFJ3GM2N,0.600000,0.000000,15,17,25,25,40,40,40,40,40,40,40,15,0,15,25.734577250356477,13.855649158358574,59.58545207977295,8027.466666666666
1777646720,60,GET,/product/66VCHSJNUP,0.500000,0.000000,15,15,16,16,100,100,100,100,100,100,100,28,0,15,28.055963430753245,8.106874069198966,102.65234112739563,7972.357142857143
1777646720,60,GET,/product/6E92ZMYYFZ,0.600000,0.000000,14,14,16,16,16,16,16,16,16,16,16,18,0,14,22.505793280692565,10.77566691674292,65.13716699555516,7948.0
1777646720,60,GET,/product/9SIQT8TOJO,0.300000,0.000000,14,14,15,15,15,15,15,15,15,15,15,20,0,16,26.4708720613271,12.221255106851459,81.0722189489752,8020.4
1777646720,60,GET,/product/L9ECAV7KIM,0.200000,0.000000,14,14,15,15,15,15,15,15,15,15,15,13,0,15,24.963777476491835,11.245518922805786,82.9852418974042,7991.846153846154
1777646720,60,GET,/product/LS4PSXUNUM,0.300000,0.000000,15,16,16,17,17,17,17,17,17,17,17,22,0,15,22.209316195750777,11.016748147085309,85.94146883115172,7991.363636363636
1777646720,60,GET,/product/OLJCESPC7Z,0.600000,0.000000,14,15,15,31,31,31,31,31,31,31,31,21,0,15,27.70758000025082,11.443650117143989,104.83672586269677,8007.333333333333
1777646720,60,,Aggregated,34.300000,0.000000,16,22,35,45,96,200,420,430,480,480,480,1468,0,18,37.05894505546101,8.106874069198966,992.6569620147347,10685.401226158037
1777646721,60,GET,/,25.400000,0.000000,16,25,44,54,110,250,430,460,480,480,480,1127,0,17,38.023760013188095,9.804468136280775,992.6569620147347,10541.334516415262
1777646721,60,POST,/cart,2.700000,0.000000,23,29,40,51,140,180,300,300,300,300,300,130,0,23,43.605068505096895,16.723654931411147,907.0406088139862,17284.2
1777646721,60,POST,/cart/checkout,1.500000,0.000000,23,23,31,31,48,67,67,67,67,67,67,51,0,23,32.98787014814568,16.39849995262921,180.49910105764866,6805.196078431372
1777646721,60,GET,/product/0PUK6V6EV0,0.300000,0.000000,13,13,48,48,48,48,48,48,48,48,48,22,0,16,23.911417144435372,10.39532502181828,52.60321288369596,8000.181818181818
1777646721,60,GET,/product/1YMWWN1N4O,1.000000,0.000000,15,28,35,35,96,96,96,96,96,96,96,30,0,15,31.615178869105875,10.63460297882557,120.71998603641987,8026.0
1777646721,60,GET,/product/2ZYFJ3GM2N,0.600000,0.000000,15,17,25,25,40,40,40,40,40,40,40,16,0,15,24.97430048242677,13.570148963481188,59.58545207977295,8023.0
1777646721,60,GET,/product/66VCHSJNUP,0.600000,0.000000,14,15,15,100,100,100,100,100,100,100,100,28,0,15,28.055963430753245,8.106874069198966,102.65234112739563,7972.357142857143
1777646721,60,GET,/product/6E92ZMYYFZ,0.500000,0.000000,14,14,16,16,16,16,16,16,16,16,16,18,0,14,22.505793280692565,10.77566691674292,65.13716699555516,7948.0
1777646721,60,GET,/product/9SIQT8TOJO,0.300000,0.000000,14,15,15,15,15,15,15,15,15,15,15,21,0,16,25.927586436626456,12.221255106851459,81.0722189489752,8023.666666666667
1777646721,60,GET,/product/L9ECAV7KIM,0.200000,0.000000,14,14,15,15,15,15,15,15,15,15,15,13,0,15,24.963777476491835,11.245518922805786,82.9852418974042,7991.846153846154
1777646721,60,GET,/product/LS4PSXUNUM,0.300000,0.000000,15,16,16,17,17,17,17,17,17,17,17,22,0,15,22.209316195750777,11.016748147085309,85.94146883115172,7991.363636363636
1777646721,60,GET,/product/OLJCESPC7Z,0.500000,0.000000,14,15,15,31,31,31,31,31,31,31,31,21,0,15,27.70758000025082,11.443650117143989,104.83672586269677,8007.333333333333
1777646721,60,,Aggregated,33.900000,0.000000,16,23,38,49,100,200,420,430,480,480,480,1499,0,18,36.82992460496296,8.106874069198966,992.6569620147347,10675.044696464309
1777646722,60,GET,/,26.000000,0.000000,16,22,43,54,110,250,430,460,480,480,480,1151,0,17,37.613253291214065,9.804468136280775,992.6569620147347,10541.457862728063
1777646722,60,POST,/cart,2.600000,0.000000,23,25,40,49,140,180,300,300,300,300,300,135,0,23,42.94916052302277,16.723654931411147,907.0406088139862,17295.762962962963
1777646722,60,POST,/cart/checkout,1.400000,0.000000,22,23,23,23,48,67,67,67,67,67,67,54,0,23,32.39750253312565,16.39849995262921,180.49910105764866,6805.925925925926
1777646722,60,GET,/product/0PUK6V6EV0,0.300000,0.000000,13,13,48,48,48,48,48,48,48,48,48,22,0,16,23.911417144435372,10.39532502181828,52.60321288369596,8000.181818181818
1777646722,60,GET,/product/1YMWWN1N4O,0.800000,0.000000,15,28,35,35,96,96,96,96,96,96,96,31,0,15,31.009255615513652,10.63460297882557,120.71998603641987,8027.903225806452
1777646722,60,GET,/product/2ZYFJ3GM2N,0.700000,0.000000,15,17,25,25,40,40,40,40,40,40,40,16,0,15,24.97430048242677,13.570148963481188,59.58545207977295,8023.0
1777646722,60,GET,/product/66VCHSJNUP,0.500000,0.000000,14,15,15,100,100,100,100,100,100,100,100,28,0,15,28.055963430753245,8.106874069198966,102.65234112739563,7972.357142857143
1777646722,60,GET,/product/6E92ZMYYFZ,0.500000,0.000000,14,14,16,16,16,16,16,16,16,16,16,18,0,14,22.505793280692565,10.77566691674292,65.13716699555516,7948.0
1777646722,60,GET,/product/9SIQT8TOJO,0.400000,0.000000,14,15,15,15,15,15,15,15,15,15,15,21,0,16,25.927586436626456,12.221255106851459,81.0722189489752,8023.666666666667
1777646722,60,GET,/product/L9ECAV7KIM,0.200000,0.000000,15,15,15,15,15,15,15,15,15,15,15,14,0,15,24.250292651621358,11.245518922805786,82.9852418974042,7986.714285714285
1777646722,60,GET,/product/LS4PSXUNUM,0.500000,0.000000,16,16,17,17,56,56,56,56,56,56,56,23,0,16,23.695961572229862,11.016748147085309,85.94146883115172,7993.130434782609
1777646722,60,GET,/product/OLJCESPC7Z,0.500000,0.000000,14,14,15,15,15,15,15,15,15,15,15,21,0,15,27.70758000025082,11.443650117143989,104.83672586269677,8007.333333333333
1777646722,60,,Aggregated,34.400000,0.000000,16,22,35,48,100,200,420,430,480,480,480,1534,0,18,36.459520350804134,8.106874069198966,992.6569620147347,10682.855280312908
1777646723,60,GET,/,25.900000,0.000000,16,19,43,54,140,280,430,460,480,480,480,1173,0,17,37.19586101979913,9.804468136280775,992.6569620147347,10541.723785166241
1777646723,60,POST,/cart,2.300000,0.000000,23,25,40,49,140,180,300,300,300,300,300,136,0,23,42.802461409283914,16.723654931411147,907.0406088139862,17299.764705882353
1777646723,60,POST,/cart/checkout,1.200000,0.000000,22,22,23,23,48,67,67,67,67,67,67,57,0,22,31.734627769573738,16.39849995262921,180.49910105764866,6806.649122807017
1777646723,60,GET,/product/0PUK6V6EV0,0.300000,0.000000,15,15,39,39,48,48,48,48,48,48,48,24,0,16,24.171165995843086,10.39532502181828,52.60321288369596,8000.166666666667
1777646723,60,GET,/product/1YMWWN1N4O,0.700000,0.000000,15,28,35,35,96,96,96,96,96,96,96,31,0,15,31.009255615513652,10.63460297882557,120.71998603641987,8027.903225806452
1777646723,60,GET,/product/2ZYFJ3GM2N,0.700000,0.000000,15,17,17,25,25,25,25,25,25,25,25,16,0,15,24.97430048242677,13.570148963481188,59.58545207977295,8023.0
1777646723,60,GET,/product/66VCHSJNUP,0.500000,0.000000,14,15,15,100,100,100,100,100,100,100,100,29,0,15,27.551069414114643,8.106874069198966,102.65234112739563,7974.6551724137935
1777646723,60,GET,/product/6E92ZMYYFZ,0.400000,0.000000,14,14,16,16,16,16,16,16,16,16,16,18,0,14,22.505793280692565,10.77566691674292,65.13716699555516,7948.0
1777646723,60,GET,/product/9SIQT8TOJO,0.400000,0.000000,14,14,15,15,15,15,15,15,15,15,15,21,0,16,25.927586436626456,12.221255106851459,81.0722189489752,8023.666666666667
1777646723,60,GET,/product/L9ECAV7KIM,0.300000,0.000000,15,15,15,15,15,15,15,15,15,15,15,14,0,15,24.250292651621358,11.245518922805786,82.9852418974042,7986.714285714285
1777646723,60,GET,/product/LS4PSXUNUM,0.400000,0.000000,16,16,17,17,56,56,56,56,56,56,56,23,0,16,23.695961572229862,11.016748147085309,85.94146883115172,7993.130434782609
1777646723,60,GET,/product/OLJCESPC7Z,0.500000,0.000000,14,14,15,15,15,15,15,15,15,15,15,21,0,15,27.70758000025082,11.443650117143989,104.83672586269677,8007.333333333333
1777646723,60,,Aggregated,33.600000,0.000000,16,22,33,48,100,210,420,430,480,480,480,1563,0,18,36.09511978693082,8.106874069198966,992.6569620147347,10673.104286628279
1777646724,60,GET,/,25.500000,0.000000,16,18,33,47,140,280,430,460,480,480,480,1201,0,17,36.770940508978825,9.804468136280775,992.6569620147347,10541.98834304746
1777646724,60,POST,/cart,2.300000,0.000000,23,25,29,49,140,180,300,300,300,300,300,140,0,23,42.25329427780317,16.723654931411147,907.0406088139862,17326.542857142857
1777646724,60,POST,/cart/checkout,1.300000,0.000000,21,22,23,23,48,67,67,67,67,67,67,59,0,22,31.33578347515757,16.39849995262921,180.49910105764866,6806.864406779661
1777646724,60,GET,/product/0PUK6V6EV0,0.400000,0.000000,15,15,39,39,48,48,48,48,48,48,48,24,0,16,24.171165995843086,10.39532502181828,52.60321288369596,8000.166666666667
1777646724,60,GET,/product/1YMWWN1N4O,0.800000,0.000000,15,15,28,35,96,96,96,96,96,96,96,33,0,15,30.022453065171387,10.63460297882557,120.71998603641987,8024.515151515152
1777646724,60,GET,/product/2ZYFJ3GM2N,0.700000,0.000000,15,17,17,25,25,25,25,25,25,25,25,16,0,15,24.97430048242677,13.570148963481188,59.58545207977295,8023.0
1777646724,60,GET,/product/66VCHSJNUP,0.500000,0.000000,14,15,15,100,100,100,100,100,100,100,100,29,0,15,27.551069414114643,8.106874069198966,102.65234112739563,7974.6551724137935
1777646724,60,GET,/product/6E92ZMYYFZ,0.300000,0.000000,14,15,15,16,16,16,16,16,16,16,16,20,0,14,21.62384665571153,10.77566691674292,65.13716699555516,7947.1
1777646724,60,GET,/product/9SIQT8TOJO,0.500000,0.000000,14,14,14,14,15,15,15,15,15,15,15,23,0,15,24.729572347891718,11.488693999126554,81.0722189489752,8027.782608695652
1777646724,60,GET,/product/L9ECAV7KIM,0.300000,0.000000,15,15,15,15,15,15,15,15,15,15,15,14,0,15,24.250292651621358,11.245518922805786,82.9852418974042,7986.714285714285
1777646724,60,GET,/product/LS4PSXUNUM,0.400000,0.000000,15,15,16,16,56,56,56,56,56,56,56,24,0,15,23.14970155324166,10.585721116513014,85.94146883115172,7994.25
1777646724,60,GET,/product/OLJCESPC7Z,0.400000,0.000000,14,14,15,15,15,15,15,15,15,15,15,21,0,15,27.70758000025082,11.443650117143989,104.83672586269677,8007.333333333333
1777646724,60,,Aggregated,33.400000,0.000000,16,20,27,42,100,200,420,430,480,480,480,1604,0,17,35.644516173635196,8.106874069198966,992.6569620147347,10673.382793017456
1777646725,60,GET,/,25.500000,0.000000,15,16,23,34,58,110,200,210,310,310,310,1223,0,17,36.48387493267929,9.804468136280775,992.6569620147347,10542.379394930498
1777646725,60,POST,/cart,2.400000,0.000000,23,23,29,40,49,51,180,180,180,180,180,142,0,23,42.12537142087404,16.723654931411147,907.0406088139862,17344.26056338028
1777646725,60,POST,/cart/checkout,1.400000,0.000000,21,22,22,23,48,67,67,67,67,67,67,61,0,22,30.95001111295624,16.39849995262921,180.49910105764866,6806.934426229508
1777646725,60,GET,/product/0PUK6V6EV0,0.500000,0.000000,13,15,15,39,39,39,39,39,39,39,39,24,0,16,24.171165995843086,10.39532502181828,52.60321288369596,8000.166666666667
1777646725,60,GET,/product/1YMWWN1N4O,0.800000,0.000000,15,15,28,35,96,96,96,96,96,96,96,34,0,15,29.51338898171397,10.63460297882557,120.71998603641987,8025.470588235294
1777646725,60,GET,/product/2ZYFJ3GM2N,0.700000,0.000000,15,16,16,25,25,25,25,25,25,25,25,17,0,15,24.44135563393288,13.570148963481188,59.58545207977295,8025.0
1777646725,60,GET,/product/66VCHSJNUP,0.600000,0.000000,14,14,100,100,100,100,100,100,100,100,100,29,0,15,27.551069414114643,8.106874069198966,102.65234112739563,7974.6551724137935
1777646725,60,GET,/product/6E92ZMYYFZ,0.300000,0.000000,14,14,15,15,15,15,15,15,15,15,15,20,0,14,21.62384665571153,10.77566691674292,65.13716699555516,7947.1
1777646725,60,GET,/product/9SIQT8TOJO,0.400000,0.000000,14,14,14,14,15,15,15,15,15,15,15,23,0,15,24.729572347891718,11.488693999126554,81.0722189489752,8027.782608695652
1777646725,60,GET,/product/L9ECAV7KIM,0.300000,0.000000,15,15,15,15,15,15,15,15,15,15,15,15,0,15,23.443726884822052,11.245518922805786,82.9852418974042,7990.866666666667
1777646725,60,GET,/product/LS4PSXUNUM,0.500000,0.000000,14,15,15,16,56,56,56,56,56,56,56,27,0,15,22.096826013660543,10.585721116513014,85.94146883115172,7993.851851851852
1777646725,60,GET,/product/OLJCESPC7Z,0.400000,0.000000,15,15,15,15,15,15,15,15,15,15,15,21,0,15,27.70758000025082,11.443650117143989,104.83672586269677,8007.333333333333
1777646725,60,,Aggregated,33.800000,0.000000,16,19,23,29,54,100,180,210,310,310,310,1636,0,17,35.34166638945482,8.106874069198966,992.6569620147347,10667.13325183374
1777646726,60,GET,/,24.800000,0.000000,15,16,18,23,46,58,79,100,170,170,170,1257,0,17,36.10722352057849,9.804468136280775,992.6569620147347,10542.836117740653
1777646726,60,POST,/cart,2.400000,0.000000,23,25,29,43,49,63,180,180,180,180,180,145,0,23,42.13637677181897,16.723654931411147,907.0406088139862,17394.393103448278
1777646726,60,POST,/cart/checkout,1.500000,0.000000,21,22,22,23,24,67,67,67,67,67,67,62,0,22,30.83851933479309,16.39849995262921,180.49910105764866,6807.0
1777646726,60,GET,/product/0PUK6V6EV0,0.600000,0.000000,14,14,15,15,39,39,39,39,39,39,39,25,0,16,23.76986832357943,10.39532502181828,52.60321288369596,8002.04
1777646726,60,GET,/product/1YMWWN1N4O,0.700000,0.000000,15,15,15,15,28,28,28,28,28,28,28,34,0,15,29.51338898171397,10.63460297882557,120.71998603641987,8025.470588235294
1777646726,60,GET,/product/2ZYFJ3GM2N,0.500000,0.000000,16,16,25,25,25,25,25,25,25,25,25,17,0,15,24.44135563393288,13.570148963481188,59.58545207977295,8025.0
1777646726,60,GET,/product/66VCHSJNUP,0.500000,0.000000,14,16,16,100,100,100,100,100,100,100,100,30,0,15,27.16897747013718,8.106874069198966,102.65234112739563,7975.666666666667
1777646726,60,GET,/product/6E92ZMYYFZ,0.300000,0.000000,14,14,15,15,15,15,15,15,15,15,15,20,0,14,21.62384665571153,10.77566691674292,65.13716699555516,7947.1
1777646726,60,GET,/product/9SIQT8TOJO,0.500000,0.000000,13,13,14,14,15,15,15,15,15,15,15,24,0,15,24.215185752836987,11.488693999126554,81.0722189489752,8025.458333333333
1777646726,60,GET,/product/L9ECAV7KIM,0.300000,0.000000,15,15,15,41,41,41,41,41,41,41,41,16,0,15,24.54471989767626,11.245518922805786,82.9852418974042,7993.625
1777646726,60,GET,/product/LS4PSXUNUM,0.600000,0.000000,14,15,15,16,56,56,56,56,56,56,56,28,0,15,21.770191262476146,10.585721116513014,85.94146883115172,7994.5
1777646726,60,GET,/product/OLJCESPC7Z,0.300000,0.000000,14,14,15,15,15,15,15,15,15,15,15,22,0,14,27.084012039598417,11.443650117143989,104.83672586269677,8009.454545454545
1777646726,60,,Aggregated,33.000000,0.000000,15,17,21,23,43,58,79,100,180,180,180,1680,0,17,35.028921207828844,8.106874069198966,992.6569620147347,10669.454166666666
1777646727,60,GET,/,24.300000,0.000000,15,16,17,21,44,58,79,100,170,170,170,1276,0,17,35.78937267370049,9.804468136280775,992.6569620147347,10542.671630094044
1777646727,60,POST,/cart,2.600000,0.000000,23,25,29,40,49,63,180,180,180,180,180,148,0,23,41.70586835794352,16.723654931411147,907.0406088139862,17394.256756756757
1777646727,60,POST,/cart/checkout,1.600000,0.000000,21,22,22,23,24,67,67,67,67,67,67,62,0,22,30.83851933479309,16.39849995262921,180.49910105764866,6807.0
1777646727,60,GET,/product/0PUK6V6EV0,0.500000,0.000000,14,15,15,39,39,39,39,39,39,39,39,25,0,16,23.76986832357943,10.39532502181828,52.60321288369596,8002.04
1777646727,60,GET,/product/1YMWWN1N4O,0.900000,0.000000,15,15,15,15,28,28,28,28,28,28,28,34,0,15,29.51338898171397,10.63460297882557,120.71998603641987,8025.470588235294
1777646727,60,GET,/product/2ZYFJ3GM2N,0.400000,0.000000,16,16,25,25,25,25,25,25,25,25,25,17,0,15,24.44135563393288,13.570148963481188,59.58545207977295,8025.0
1777646727,60,GET,/product/66VCHSJNUP,0.400000,0.000000,16,16,100,100,100,100,100,100,100,100,100,30,0,15,27.16897747013718,8.106874069198966,102.65234112739563,7975.666666666667
1777646727,60,GET,/product/6E92ZMYYFZ,0.400000,0.000000,14,14,15,15,15,15,15,15,15,15,15,20,0,14,21.62384665571153,10.77566691674292,65.13716699555516,7947.1
1777646727,60,GET,/product/9SIQT8TOJO,0.600000,0.000000,13,13,14,14,15,15,15,15,15,15,15,24,0,15,24.215185752836987,11.488693999126554,81.0722189489752,8025.458333333333
1777646727,60,GET,/product/L9ECAV7KIM,0.400000,0.000000,15,15,15,15,41,41,41,41,41,41,41,17,0,15,23.949800196158535,11.245518922805786,82.9852418974042,7990.117647058823
1777646727,60,GET,/product/LS4PSXUNUM,0.700000,0.000000,14,15,15,16,56,56,56,56,56,56,56,28,0,15,21.770191262476146,10.585721116513014,85.94146883115172,7994.5
1777646727,60,GET,/product/OLJCESPC7Z,0.200000,0.000000,14,14,15,15,15,15,15,15,15,15,15,22,0,14,27.084012039598417,11.443650117143989,104.83672586269677,8009.454545454545
1777646727,60,,Aggregated,33.000000,0.000000,15,17,21,23,43,58,79,100,180,180,180,1703,0,17,34.76580867026476,8.106874069198966,992.6569620147347,10678.14679976512
1777646728,60,GET,/,25.700000,0.000000,15,16,17,20,44,56,67,72,110,110,110,1306,0,17,35.55946459617198,9.804468136280775,992.6569620147347,10543.100306278713
1777646728,60,POST,/cart,2.400000,0.000000,23,23,27,40,49,50,63,63,63,63,63,153,0,23,41.23958514461574,16.723654931411147,907.0406088139862,17391.69934640523
1777646728,60,POST,/cart/checkout,1.800000,0.000000,21,22,22,23,24,67,67,67,67,67,67,62,0,22,30.83851933479309,16.39849995262921,180.49910105764866,6807.0
1777646728,60,GET,/product/0PUK6V6EV0,0.500000,0.000000,14,15,15,39,39,39,39,39,39,39,39,25,0,16,23.76986832357943,10.39532502181828,52.60321288369596,8002.04
1777646728,60,GET,/product/1YMWWN1N4O,1.000000,0.000000,15,15,15,15,28,28,28,28,28,28,28,34,0,15,29.51338898171397,10.63460297882557,120.71998603641987,8025.470588235294
1777646728,60,GET,/product/2ZYFJ3GM2N,0.500000,0.000000,14,14,16,16,16,16,16,16,16,16,16,18,0,15,23.847434152331616,13.570148963481188,59.58545207977295,8027.222222222223
1777646728,60,GET,/product/66VCHSJNUP,0.400000,0.000000,16,16,100,100,100,100,100,100,100,100,100,30,0,15,27.16897747013718,8.106874069198966,102.65234112739563,7975.666666666667
1777646728,60,GET,/product/6E92ZMYYFZ,0.400000,0.000000,14,14,15,15,15,15,15,15,15,15,15,20,0,14,21.62384665571153,10.77566691674292,65.13716699555516,7947.1
1777646728,60,GET,/product/9SIQT8TOJO,0.600000,0.000000,13,14,14,15,15,15,15,15,15,15,15,24,0,15,24.215185752836987,11.488693999126554,81.0722189489752,8025.458333333333
1777646728,60,GET,/product/L9ECAV7KIM,0.400000,0.000000,15,15,15,41,41,41,41,41,41,41,41,17,0,15,23.949800196158535,11.245518922805786,82.9852418974042,7990.117647058823
1777646728,60,GET,/product/LS4PSXUNUM,1.000000,0.000000,14,14,15,16,56,56,56,56,56,56,56,28,0,15,21.770191262476146,10.585721116513014,85.94146883115172,7994.5
1777646728,60,GET,/product/OLJCESPC7Z,0.200000,0.000000,14,14,15,15,15,15,15,15,15,15,15,22,0,14,27.084012039598417,11.443650117143989,104.83672586269677,8009.454545454545
1777646728,60,,Aggregated,34.900000,0.000000,15,17,21,23,43,54,63,71,110,110,110,1739,0,17,34.57764932463217,8.106874069198966,992.6569620147347,10693.714203565267
1777646729,60,GET,/,25.200000,0.000000,15,16,17,20,41,56,67,72,110,110,110,1327,0,17,35.26764193419213,9.804468136280775,992.6569620147347,10543.275056518463
1777646729,60,POST,/cart,2.700000,0.000000,22,23,25,27,49,50,63,63,63,63,63,156,0,23,40.825772014124176,16.674424055963755,907.0406088139862,17410.160256410258
1777646729,60,POST,/cart/checkout,1.800000,0.000000,21,22,23,23,24,67,67,67,67,67,67,63,0,22,30.622725644784552,16.39849995262921,180.49910105764866,6806.714285714285
1777646729,60,GET,/product/0PUK6V6EV0,0.600000,0.000000,14,15,15,39,39,39,39,39,39,39,39,26,0,16,23.339736964911797,10.39532502181828,52.60321288369596,8003.153846153846
1777646729,60,GET,/product/1YMWWN1N4O,0.700000,0.000000,15,15,15,28,28,28,28,28,28,28,28,34,0,15,29.51338898171397,10.63460297882557,120.71998603641987,8025.470588235294
1777646729,60,GET,/product/2ZYFJ3GM2N,0.400000,0.000000,14,14,16,16,16,16,16,16,16,16,16,18,0,15,23.847434152331616,13.570148963481188,59.58545207977295,8027.222222222223
1777646729,60,GET,/product/66VCHSJNUP,0.400000,0.000000,14,14,16,16,16,16,16,16,16,16,16,30,0,15,27.16897747013718,8.106874069198966,102.65234112739563,7975.666666666667
1777646729,60,GET,/product/6E92ZMYYFZ,0.400000,0.000000,14,14,15,15,15,15,15,15,15,15,15,20,0,14,21.62384665571153,10.77566691674292,65.13716699555516,7947.1
1777646729,60,GET,/product/9SIQT8TOJO,0.600000,0.000000,13,14,15,15,17,17,17,17,17,17,17,26,0,15,23.33309434246845,8.455934002995491,81.0722189489752,8022.346153846154
1777646729,60,GET,/product/L9ECAV7KIM,0.500000,0.000000,15,15,15,41,41,41,41,41,41,41,41,17,0,15,23.949800196158535,11.245518922805786,82.9852418974042,7990.117647058823
1777646729,60,GET,/product/LS4PSXUNUM,1.000000,0.000000,14,14,15,16,56,56,56,56,56,56,56,28,0,15,21.770191262476146,10.585721116513014,85.94146883115172,7994.5
1777646729,60,GET,/product/OLJCESPC7Z,0.100000,0.000000,14,15,15,15,15,15,15,15,15,15,15,24,0,14,26.017926827383537,11.443650117143989,104.83672586269677,8011.791666666667
1777646729,60,,Aggregated,34.400000,0.000000,15,16,21,22,40,54,63,71,110,110,110,1769,0,17,34.27535563050846,8.106874069198966,992.6569620147347,10695.266252119842
1777646730,60,GET,/,25.100000,0.000000,15,16,17,20,37,52,60,67,79,79,79,1355,0,16,34.930552476742115,8.824724005535245,992.6569620147347,10543.543173431734
1777646730,60,POST,/cart,2.800000,0.000000,22,23,27,27,43,50,63,63,63,63,63,160,0,23,40.4786993705784,16.674424055963755,907.0406088139862,17448.4375
1777646730,60,POST,/cart/checkout,1.700000,0.000000,21,22,22,23,23,24,24,24,24,24,24,64,0,22,30.448193385382183,16.39849995262921,180.49910105764866,6807.03125
1777646730,60,GET,/product/0PUK6V6EV0,0.500000,0.000000,14,15,15,39,39,39,39,39,39,39,39,26,0,16,23.339736964911797,10.39532502181828,52.60321288369596,8003.153846153846
1777646730,60,GET,/product/1YMWWN1N4O,0.600000,0.000000,15,15,15,28,28,28,28,28,28,28,28,34,0,15,29.51338898171397,10.63460297882557,120.71998603641987,8025.470588235294
1777646730,60,GET,/product/2ZYFJ3GM2N,0.300000,0.000000,15,15,16,16,16,16,16,16,16,16,16,19,0,15,23.375025460202444,13.570148963481188,59.58545207977295,8030.0526315789475
1777646730,60,GET,/product/66VCHSJNUP,0.400000,0.000000,15,15,16,16,16,16,16,16,16,16,16,31,0,15,26.77020742257516,8.106874069198966,102.65234112739563,7974.774193548387
1777646730,60,GET,/product/6E92ZMYYFZ,0.300000,0.000000,14,14,15,15,15,15,15,15,15,15,15,20,0,14,21.62384665571153,10.77566691674292,65.13716699555516,7947.1
1777646730,60,GET,/product/9SIQT8TOJO,0.500000,0.000000,13,14,15,15,17,17,17,17,17,17,17,27,0,15,22.998295181120437,8.455934002995491,81.0722189489752,8024.444444444444
1777646730,60,GET,/product/L9ECAV7KIM,0.500000,0.000000,15,15,15,41,41,41,41,41,41,41,41,17,0,15,23.949800196158535,11.245518922805786,82.9852418974042,7990.117647058823
1777646730,60,GET,/product/LS4PSXUNUM,1.000000,0.000000,14,14,15,15,56,56,56,56,56,56,56,28,0,15,21.770191262476146,10.585721116513014,85.94146883115172,7994.5
1777646730,60,GET,/product/OLJCESPC7Z,0.100000,0.000000,14,14,15,15,15,15,15,15,15,15,15,25,0,14,25.52892447449267,11.443650117143989,104.83672586269677,8009.36
1777646730,60,,Aggregated,33.800000,0.000000,15,16,21,22,37,49,58,63,79,79,79,1806,0,17,33.96945246722207,8.106874069198966,992.6569620147347,10703.295681063122
1777646731,60,GET,/,25.400000,0.000000,15,16,16,19,35,52,60,67,79,79,79,1377,0,16,34.60234667975307,8.824724005535245,992.6569620147347,10543.80174291939
1777646731,60,POST,/cart,3.100000,0.000000,22,23,27,34,49,50,63,63,63,63,63,160,0,23,40.4786993705784,16.674424055963755,907.0406088139862,17448.4375
1777646731,60,POST,/cart/checkout,1.500000,0.000000,20,21,22,22,22,24,24,24,24,24,24,65,0,22,30.313380116310256,16.39849995262921,180.49910105764866,6806.415384615385
1777646731,60,GET,/product/0PUK6V6EV0,0.400000,0.000000,15,15,39,39,39,39,39,39,39,39,39,26,0,16,23.339736964911797,10.39532502181828,52.60321288369596,8003.153846153846
1777646731,60,GET,/product/1YMWWN1N4O,0.500000,0.000000,15,15,15,15,15,15,15,15,15,15,15,35,0,15,29.084952155660307,10.63460297882557,120.71998603641987,8027.342857142857
1777646731,60,GET,/product/2ZYFJ3GM2N,0.400000,0.000000,15,15,15,16,16,16,16,16,16,16,16,20,0,15,22.96394273871556,13.570148963481188,59.58545207977295,8029.9
1777646731,60,GET,/product/66VCHSJNUP,0.300000,0.000000,15,15,16,16,16,16,16,16,16,16,16,32,0,15,26.387834281194955,8.106874069198966,102.65234112739563,7973.3125
1777646731,60,GET,/product/6E92ZMYYFZ,0.300000,0.000000,15,15,15,15,15,15,15,15,15,15,15,20,0,14,21.62384665571153,10.77566691674292,65.13716699555516,7947.1
1777646731,60,GET,/product/9SIQT8TOJO,0.700000,0.000000,13,14,15,15,17,17,17,17,17,17,17,27,0,15,22.998295181120437,8.455934002995491,81.0722189489752,8024.444444444444
1777646731,60,GET,/product/L9ECAV7KIM,0.500000,0.000000,15,15,41,41,41,41,41,41,41,41,41,17,0,15,23.949800196158535,11.245518922805786,82.9852418974042,7990.117647058823
1777646731,60,GET,/product/LS4PSXUNUM,0.900000,0.000000,14,14,15,15,56,56,56,56,56,56,56,28,0,15,21.770191262476146,10.585721116513014,85.94146883115172,7994.5
1777646731,60,GET,/product/OLJCESPC7Z,0.200000,0.000000,14,14,15,15,15,15,15,15,15,15,15,25,0,14,25.52892447449267,11.443650117143989,104.83672586269677,8009.36
1777646731,60,,Aggregated,34.200000,0.000000,15,16,20,22,35,49,58,63,79,79,79,1832,0,17,33.69609988904578,8.106874069198966,992.6569620147347,10695.021288209608
1777646732,60,GET,/,24.800000,0.000000,15,16,17,19,38,49,61,67,79,79,79,1407,0,16,34.26580917796447,8.824724005535245,992.6569620147347,10544.240227434257
1777646732,60,POST,/cart,2.900000,0.000000,23,25,27,34,50,63,64,64,64,64,64,162,0,23,40.51847476799639,16.674424055963755,907.0406088139862,17480.29012345679
1777646732,60,POST,/cart/checkout,1.500000,0.000000,20,21,22,22,22,24,24,24,24,24,24,66,0,22,30.18864690128601,16.39849995262921,180.49910105764866,6806.242424242424
1777646732,60,GET,/product/0PUK6V6EV0,0.500000,0.000000,14,14,15,15,15,15,15,15,15,15,15,26,0,16,23.339736964911797,10.39532502181828,52.60321288369596,8003.153846153846
1777646732,60,GET,/product/1YMWWN1N4O,0.500000,0.000000,15,15,15,15,15,15,15,15,15,15,15,35,0,15,29.084952155660307,10.63460297882557,120.71998603641987,8027.342857142857
1777646732,60,GET,/product/2ZYFJ3GM2N,0.400000,0.000000,15,15,15,15,16,16,16,16,16,16,16,21,0,15,22.437569319403597,11.910100933164358,59.58545207977295,8033.380952380952
1777646732,60,GET,/product/66VCHSJNUP,0.300000,0.000000,15,15,16,16,16,16,16,16,16,16,16,32,0,15,26.387834281194955,8.106874069198966,102.65234112739563,7973.3125
1777646732,60,GET,/product/6E92ZMYYFZ,0.300000,0.000000,14,14,15,15,15,15,15,15,15,15,15,21,0,14,21.248110725233953,10.77566691674292,65.13716699555516,7947.0
1777646732,60,GET,/product/9SIQT8TOJO,0.600000,0.000000,13,13,14,14,17,17,17,17,17,17,17,27,0,15,22.998295181120437,8.455934002995491,81.0722189489752,8024.444444444444
1777646732,60,GET,/product/L9ECAV7KIM,0.500000,0.000000,14,15,15,41,41,41,41,41,41,41,41,18,0,14,23.317060187562472,11.245518922805786,82.9852418974042,7994.166666666667
1777646732,60,GET,/product/LS4PSXUNUM,0.600000,0.000000,14,14,15,15,15,15,15,15,15,15,15,29,0,15,21.553392144690815,10.585721116513014,85.94146883115172,7995.448275862069
1777646732,60,GET,/product/OLJCESPC7Z,0.300000,0.000000,14,15,15,15,15,15,15,15,15,15,15,26,0,14,25.1138910669117,11.443650117143989,104.83672586269677,8011.7692307692305
1777646732,60,,Aggregated,33.200000,0.000000,15,16,19,22,35,48,61,66,79,79,79,1870,0,17,33.40840865185554,8.106874069198966,992.6569620147347,10693.725668449199
1777646733,60,GET,/,25.100000,0.000000,15,16,17,20,38,49,61,67,79,79,79,1428,0,16,34.00041112814527,8.824724005535245,992.6569620147347,10544.511204481792
1777646733,60,POST,/cart,3.100000,0.000000,22,23,27,34,50,63,64,64,64,64,64,168,0,23,39.83864294215372,16.674424055963755,907.0406088139862,17477.416666666668
1777646733,60,POST,/cart/checkout,1.400000,0.000000,21,22,22,24,24,24,24,24,24,24,24,67,0,22,30.093083648122292,16.39849995262921,180.49910105764866,6806.432835820896
1777646733,60,GET,/product/0PUK6V6EV0,0.500000,0.000000,14,14,15,15,15,15,15,15,15,15,15,26,0,16,23.339736964911797,10.39532502181828,52.60321288369596,8003.153846153846
1777646733,60,GET,/product/1YMWWN1N4O,0.500000,0.000000,15,15,15,15,15,15,15,15,15,15,15,35,0,15,29.084952155660307,10.63460297882557,120.71998603641987,8027.342857142857
1777646733,60,GET,/product/2ZYFJ3GM2N,0.400000,0.000000,15,15,15,16,16,16,16,16,16,16,16,21,0,15,22.437569319403597,11.910100933164358,59.58545207977295,8033.380952380952
1777646733,60,GET,/product/66VCHSJNUP,0.400000,0.000000,15,15,16,16,16,16,16,16,16,16,16,32,0,15,26.387834281194955,8.106874069198966,102.65234112739563,7973.3125
1777646733,60,GET,/product/6E92ZMYYFZ,0.200000,0.000000,14,14,15,15,15,15,15,15,15,15,15,22,0,14,20.873428459956564,10.77566691674292,65.13716699555516,7945.272727272727
1777646733,60,GET,/product/9SIQT8TOJO,0.700000,0.000000,13,14,14,17,17,17,17,17,17,17,17,27,0,15,22.998295181120437,8.455934002995491,81.0722189489752,8024.444444444444
1777646733,60,GET,/product/L9ECAV7KIM,0.400000,0.000000,14,14,41,41,41,41,41,41,41,41,41,18,0,14,23.317060187562472,11.245518922805786,82.9852418974042,7994.166666666667
1777646733,60,GET,/product/LS4PSXUNUM,0.600000,0.000000,14,15,15,15,15,15,15,15,15,15,15,29,0,15,21.553392144690815,10.585721116513014,85.94146883115172,7995.448275862069
1777646733,60,GET,/product/OLJCESPC7Z,0.400000,0.000000,14,15,15,15,15,15,15,15,15,15,15,26,0,14,25.1138910669117,11.443650117143989,104.83672586269677,8011.7692307692305
1777646733,60,,Aggregated,33.700000,0.000000,15,16,20,22,36,48,61,66,79,79,79,1899,0,17,33.164827734734146,8.106874069198966,992.6569620147347,10709.957872564508
1777646734,60,GET,/,25.600000,0.000000,15,16,17,19,35,48,61,67,79,79,79,1453,0,16,33.69393737788626,8.824724005535245,992.6569620147347,10544.770130763936
1777646734,60,POST,/cart,3.000000,0.000000,22,23,25,34,50,63,64,64,64,64,64,171,0,23,39.538368978946096,16.674424055963755,907.0406088139862,17492.918128654972
1777646734,60,POST,/cart/checkout,1.400000,0.000000,22,22,24,24,24,24,24,24,24,24,24,67,0,22,30.093083648122292,16.39849995262921,180.49910105764866,6806.432835820896
1777646734,60,GET,/product/0PUK6V6EV0,0.400000,0.000000,13,13,14,14,14,14,14,14,14,14,14,27,0,16,22.95083144714159,10.39532502181828,52.60321288369596,8004.185185185185
1777646734,60,GET,/product/1YMWWN1N4O,0.500000,0.000000,28,28,33,33,33,33,33,33,33,33,33,37,0,15,29.15590097876014,10.63460297882557,120.71998603641987,8027.72972972973
1777646734,60,GET,/product/2ZYFJ3GM2N,0.500000,0.000000,15,15,15,16,16,16,16,16,16,16,16,21,0,15,22.437569319403597,11.910100933164358,59.58545207977295,8033.380952380952
1777646734,60,GET,/product/66VCHSJNUP,0.400000,0.000000,15,15,16,16,16,16,16,16,16,16,16,32,0,15,26.387834281194955,8.106874069198966,102.65234112739563,7973.3125
1777646734,60,GET,/product/6E92ZMYYFZ,0.200000,0.000000,14,14,15,15,15,15,15,15,15,15,15,22,0,14,20.873428459956564,10.77566691674292,65.13716699555516,7945.272727272727
1777646734,60,GET,/product/9SIQT8TOJO,0.600000,0.000000,14,14,17,17,17,17,17,17,17,17,17,27,0,15,22.998295181120437,8.455934002995491,81.0722189489752,8024.444444444444
1777646734,60,GET,/product/L9ECAV7KIM,0.400000,0.000000,14,14,14,41,41,41,41,41,41,41,41,19,0,14,22.850098652078916,11.245518922805786,82.9852418974042,7992.368421052632
1777646734,60,GET,/product/LS4PSXUNUM,0.700000,0.000000,13,14,14,15,15,15,15,15,15,15,15,30,0,15,21.252648369409144,10.585721116513014,85.94146883115172,7994.433333333333
1777646734,60,GET,/product/OLJCESPC7Z,0.500000,0.000000,14,14,15,15,15,15,15,15,15,15,15,27,0,14,24.62329777578513,11.443650117143989,104.83672586269677,8011.0
1777646734,60,,Aggregated,34.200000,0.000000,15,16,21,22,35,48,61,66,79,79,79,1933,0,17,32.88430362613173,8.106874069198966,992.6569620147347,10711.483704086912
1777646735,60,GET,/,25.300000,0.000000,15,16,17,19,41,52,66,73,80,80,80,1483,0,16,33.58032270453981,8.824724005535245,992.6569620147347,10545.044504383008
1777646735,60,POST,/cart,2.900000,0.000000,22,24,27,34,50,64,77,77,77,77,77,174,0,23,39.61990624211258,16.674424055963755,907.0406088139862,17507.72988505747
1777646735,60,POST,/cart/checkout,1.200000,0.000000,22,22,24,24,24,24,24,24,24,24,24,68,0,22,29.999613183249227,16.39849995262921,180.49910105764866,6806.823529411765
1777646735,60,GET,/product/0PUK6V6EV0,0.300000,0.000000,13,13,14,14,14,14,14,14,14,14,14,27,0,16,22.95083144714159,10.39532502181828,52.60321288369596,8004.185185185185
1777646735,60,GET,/product/1YMWWN1N4O,0.400000,0.000000,17,28,28,33,33,33,33,33,33,33,33,38,0,15,28.832185799010883,10.63460297882557,120.71998603641987,8026.105263157895
1777646735,60,GET,/product/2ZYFJ3GM2N,0.500000,0.000000,14,15,15,15,16,16,16,16,16,16,16,23,0,15,21.543979928221393,11.910100933164358,59.58545207977295,8035.521739130435
1777646735,60,GET,/product/66VCHSJNUP,0.300000,0.000000,15,15,16,16,16,16,16,16,16,16,16,32,0,15,26.387834281194955,8.106874069198966,102.65234112739563,7973.3125
1777646735,60,GET,/product/6E92ZMYYFZ,0.300000,0.000000,15,15,77,77,77,77,77,77,77,77,77,23,0,14,23.3040445625944,10.77566691674292,76.77759882062674,7944.04347826087
1777646735,60,GET,/product/9SIQT8TOJO,0.600000,0.000000,14,14,17,17,17,17,17,17,17,17,17,27,0,15,22.998295181120437,8.455934002995491,81.0722189489752,8024.444444444444
1777646735,60,GET,/product/L9ECAV7KIM,0.400000,0.000000,14,14,41,41,41,41,41,41,41,41,41,19,0,14,22.850098652078916,11.245518922805786,82.9852418974042,7992.368421052632
1777646735,60,GET,/product/LS4PSXUNUM,0.600000,0.000000,14,14,15,15,16,16,16,16,16,16,16,31,0,15,21.08570264141646,10.585721116513014,85.94146883115172,7995.193548387097
1777646735,60,GET,/product/OLJCESPC7Z,0.500000,0.000000,14,14,15,15,15,15,15,15,15,15,15,27,0,14,24.62329777578513,11.443650117143989,104.83672586269677,8011.0
1777646735,60,,Aggregated,33.300000,0.000000,15,16,21,23,40,52,66,77,80,80,80,1972,0,17,32.80844745905333,8.106874069198966,992.6569620147347,10711.944219066938
1777646736,60,GET,/,25.800000,0.000000,15,16,17,19,41,50,61,73,80,80,80,1501,0,16,33.42608182965905,8.824724005535245,992.6569620147347,10545.144570286475
1777646736,60,POST,/cart,3.000000,0.000000,22,23,24,27,50,64,77,77,77,77,77,177,0,23,39.306318475522815,16.674424055963755,907.0406088139862,17513.937853107345
1777646736,60,POST,/cart/checkout,1.000000,0.000000,22,22,24,24,24,24,24,24,24,24,24,69,0,22,29.882003283263117,16.39849995262921,180.49910105764866,6806.550724637681
1777646736,60,GET,/product/0PUK6V6EV0,0.200000,0.000000,13,13,14,14,14,14,14,14,14,14,14,28,0,15,22.6064101859395,10.39532502181828,52.60321288369596,8003.25
1777646736,60,GET,/product/1YMWWN1N4O,0.600000,0.000000,17,28,28,33,33,33,33,33,33,33,33,38,0,15,28.832185799010883,10.63460297882557,120.71998603641987,8026.105263157895
1777646736,60,GET,/product/2ZYFJ3GM2N,0.500000,0.000000,14,14,15,15,15,15,15,15,15,15,15,23,0,15,21.543979928221393,11.910100933164358,59.58545207977295,8035.521739130435
1777646736,60,GET,/product/66VCHSJNUP,0.300000,0.000000,15,15,15,16,16,16,16,16,16,16,16,34,0,15,25.655188056749893,8.106874069198966,102.65234112739563,7974.205882352941
1777646736,60,GET,/product/6E92ZMYYFZ,0.300000,0.000000,15,15,77,77,77,77,77,77,77,77,77,23,0,14,23.3040445625944,10.77566691674292,76.77759882062674,7944.04347826087
1777646736,60,GET,/product/9SIQT8TOJO,0.500000,0.000000,16,16,17,17,17,17,17,17,17,17,17,28,0,15,22.75548496150545,8.455934002995491,81.0722189489752,8025.678571428572
1777646736,60,GET,/product/L9ECAV7KIM,0.400000,0.000000,14,14,14,15,15,15,15,15,15,15,15,21,0,14,22.04712648831663,11.245518922805786,82.9852418974042,7990.761904761905
1777646736,60,GET,/product/LS4PSXUNUM,0.600000,0.000000,14,14,15,15,16,16,16,16,16,16,16,31,0,15,21.08570264141646,10.585721116513014,85.94146883115172,7995.193548387097
1777646736,60,GET,/product/OLJCESPC7Z,0.500000,0.000000,14,14,15,15,15,15,15,15,15,15,15,27,0,14,24.62329777578513,11.443650117143989,104.83672586269677,8011.0
1777646736,60,,Aggregated,33.700000,0.000000,15,16,20,22,37,50,64,77,80,80,80,2000,0,17,32.62131899141241,8.106874069198966,992.6569620147347,10711.145
1777646737,60,GET,/,25.000000,0.000000,15,16,17,22,45,53,73,79,89,89,89,1533,0,16,33.32537732272976,8.824724005535245,992.6569620147347,10545.343118069146
1777646737,60,POST,/cart,3.100000,0.000000,22,23,24,27,64,77,98,98,98,98,98,179,0,23,39.51735886115602,16.674424055963755,907.0406088139862,17549.849162011174
1777646737,60,POST,/cart/checkout,0.800000,0.000000,22,22,24,24,100,100,100,100,100,100,100,72,0,22,30.618369828314624,16.39849995262921,180.49910105764866,6806.5
1777646737,60,GET,/product/0PUK6V6EV0,0.300000,0.000000,13,13,13,13,13,13,13,13,13,13,13,28,0,15,22.6064101859395,10.39532502181828,52.60321288369596,8003.25
1777646737,60,GET,/product/1YMWWN1N4O,0.400000,0.000000,17,28,28,33,33,33,33,33,33,33,33,38,0,15,28.832185799010883,10.63460297882557,120.71998603641987,8026.105263157895
1777646737,60,GET,/product/2ZYFJ3GM2N,0.500000,0.000000,14,15,15,15,15,15,15,15,15,15,15,24,0,15,21.252734014221158,11.910100933164358,59.58545207977295,8032.708333333333
1777646737,60,GET,/product/66VCHSJNUP,0.300000,0.000000,15,15,15,15,16,16,16,16,16,16,16,35,0,15,25.19951344999884,8.106874069198966,102.65234112739563,7975.942857142857
1777646737,60,GET,/product/6E92ZMYYFZ,0.200000,0.000000,15,15,77,77,77,77,77,77,77,77,77,23,0,14,23.3040445625944,10.77566691674292,76.77759882062674,7944.04347826087
1777646737,60,GET,/product/9SIQT8TOJO,0.400000,0.000000,16,16,17,17,91,91,91,91,91,91,91,30,0,15,24.725168066409726,8.455934002995491,91.24364308081567,8026.4
1777646737,60,GET,/product/L9ECAV7KIM,0.400000,0.000000,14,14,14,14,15,15,15,15,15,15,15,23,0,14,21.177290321287252,10.87748515419662,82.9852418974042,7991.086956521739
1777646737,60,GET,/product/LS4PSXUNUM,0.500000,0.000000,13,14,15,15,16,16,16,16,16,16,16,32,0,15,20.82844746473711,10.585721116513014,85.94146883115172,7996.78125
1777646737,60,GET,/product/OLJCESPC7Z,0.600000,0.000000,14,15,15,15,15,15,15,15,15,15,15,27,0,14,24.62329777578513,11.443650117143989,104.83672586269677,8011.0
1777646737,60,,Aggregated,32.500000,0.000000,15,17,21,23,45,57,78,89,100,100,100,2044,0,17,32.57473069243133,8.106874069198966,992.6569620147347,10703.53326810176
1777646738,60,GET,/,25.400000,0.000000,15,16,17,18,45,52,73,79,89,89,89,1555,0,16,33.08855021429335,8.824724005535245,992.6569620147347,10545.488745980707
1777646738,60,POST,/cart,3.200000,0.000000,23,24,25,27,64,77,98,98,98,98,98,181,0,23,39.315719006953564,16.674424055963755,907.0406088139862,17553.276243093922
1777646738,60,POST,/cart/checkout,0.600000,0.000000,22,24,24,24,25,100,100,100,100,100,100,73,0,22,30.539882694664474,16.39849995262921,180.49910105764866,6806.6164383561645
1777646738,60,GET,/product/0PUK6V6EV0,0.300000,0.000000,13,13,13,13,13,13,13,13,13,13,13,28,0,15,22.6064101859395,10.39532502181828,52.60321288369596,8003.25
1777646738,60,GET,/product/1YMWWN1N4O,0.400000,0.000000,17,28,28,33,33,33,33,33,33,33,33,39,0,15,28.47941175628549,10.63460297882557,120.71998603641987,8025.282051282052
1777646738,60,GET,/product/2ZYFJ3GM2N,0.600000,0.000000,15,15,15,15,15,15,15,15,15,15,15,24,0,15,21.252734014221158,11.910100933164358,59.58545207977295,8032.708333333333
1777646738,60,GET,/product/66VCHSJNUP,0.400000,0.000000,14,14,15,15,15,15,15,15,15,15,15,36,0,15,24.87597410153184,8.106874069198966,102.65234112739563,7975.611111111111
1777646738,60,GET,/product/6E92ZMYYFZ,0.300000,0.000000,14,14,77,77,77,77,77,77,77,77,77,23,0,14,23.3040445625944,10.77566691674292,76.77759882062674,7944.04347826087
1777646738,60,GET,/product/9SIQT8TOJO,0.400000,0.000000,16,16,17,17,91,91,91,91,91,91,91,30,0,15,24.725168066409726,8.455934002995491,91.24364308081567,8026.4
1777646738,60,GET,/product/L9ECAV7KIM,0.500000,0.000000,14,14,14,14,15,15,15,15,15,15,15,23,0,14,21.177290321287252,10.87748515419662,82.9852418974042,7991.086956521739
1777646738,60,GET,/product/LS4PSXUNUM,0.300000,0.000000,15,15,16,16,16,16,16,16,16,16,16,32,0,15,20.82844746473711,10.585721116513014,85.94146883115172,7996.78125
1777646738,60,GET,/product/OLJCESPC7Z,0.600000,0.000000,14,14,15,15,15,15,15,15,15,15,15,27,0,14,24.62329777578513,11.443650117143989,104.83672586269677,8011.0
1777646738,60,,Aggregated,33.000000,0.000000,15,16,20,22,44,57,78,89,100,100,100,2071,0,17,32.37261926172502,8.106874069198966,992.6569620147347,10704.364558184452
1777646739,60,GET,/,24.300000,0.000000,15,16,17,22,46,59,80,130,160,160,160,1580,0,16,33.12720312483467,8.824724005535245,992.6569620147347,10545.711392405063
1777646739,60,POST,/cart,3.000000,0.000000,22,23,24,25,64,77,98,98,98,98,98,183,0,23,39.11232824254109,16.674424055963755,907.0406088139862,17549.17486338798
1777646739,60,POST,/cart/checkout,0.700000,0.000000,22,23,24,24,25,100,100,100,100,100,100,75,0,22,30.27198602134983,16.39849995262921,180.49910105764866,6806.346666666666
1777646739,60,GET,/product/0PUK6V6EV0,0.300000,0.000000,13,13,14,14,14,14,14,14,14,14,14,29,0,15,22.31127862690081,10.39532502181828,52.60321288369596,8000.517241379311
1777646739,60,GET,/product/1YMWWN1N4O,0.400000,0.000000,17,17,28,28,33,33,33,33,33,33,33,40,0,15,28.08880236116238,10.63460297882557,120.71998603641987,8026.925
1777646739,60,GET,/product/2ZYFJ3GM2N,0.700000,0.000000,14,15,15,15,15,15,15,15,15,15,15,25,0,15,20.963722858577967,11.910100933164358,59.58545207977295,8033.76
1777646739,60,GET,/product/66VCHSJNUP,0.400000,0.000000,14,14,15,15,15,15,15,15,15,15,15,36,0,15,24.87597410153184,8.106874069198966,102.65234112739563,7975.611111111111
1777646739,60,GET,/product/6E92ZMYYFZ,0.300000,0.000000,14,14,77,77,77,77,77,77,77,77,77,23,0,14,23.3040445625944,10.77566691674292,76.77759882062674,7944.04347826087
1777646739,60,GET,/product/9SIQT8TOJO,0.400000,0.000000,14,16,16,91,91,91,91,91,91,91,91,31,0,15,24.334502293758334,8.455934002995491,91.24364308081567,8028.290322580645
1777646739,60,GET,/product/L9ECAV7KIM,0.500000,0.000000,14,14,14,14,15,15,15,15,15,15,15,23,0,14,21.177290321287252,10.87748515419662,82.9852418974042,7991.086956521739
1777646739,60,GET,/product/LS4PSXUNUM,0.400000,0.000000,15,15,16,16,16,16,16,16,16,16,16,32,0,15,20.82844746473711,10.585721116513014,85.94146883115172,7996.78125
1777646739,60,GET,/product/OLJCESPC7Z,0.500000,0.000000,14,14,15,15,15,15,15,15,15,15,15,27,0,14,24.62329777578513,11.443650117143989,104.83672586269677,8011.0
1777646739,60,,Aggregated,31.900000,0.000000,15,17,21,23,45,64,89,100,160,160,160,2104,0,17,32.35167438366199,8.106874069198966,992.6569620147347,10700.017110266159
1777646740,60,GET,/,25.200000,0.000000,15,16,17,20,45,59,80,130,160,160,160,1604,0,16,32.865797580443925,8.824724005535245,992.6569620147347,10545.78927680798
1777646740,60,POST,/cart,2.900000,0.000000,22,23,24,25,64,77,98,98,98,98,98,184,0,23,39.02841822507427,16.674424055963755,907.0406088139862,17566.489130434784
1777646740,60,POST,/cart/checkout,1.000000,0.000000,22,24,24,24,25,100,100,100,100,100,100,75,0,22,30.27198602134983,16.39849995262921,180.49910105764866,6806.346666666666
1777646740,60,GET,/product/0PUK6V6EV0,0.300000,0.000000,13,13,13,14,14,14,14,14,14,14,14,30,0,14,21.98961863759905,10.39532502181828,52.60321288369596,8001.933333333333
1777646740,60,GET,/product/1YMWWN1N4O,0.400000,0.000000,17,17,28,28,33,33,33,33,33,33,33,40,0,15,28.08880236116238,10.63460297882557,120.71998603641987,8026.925
1777646740,60,GET,/product/2ZYFJ3GM2N,0.700000,0.000000,14,14,15,15,15,15,15,15,15,15,15,25,0,15,20.963722858577967,11.910100933164358,59.58545207977295,8033.76
1777646740,60,GET,/product/66VCHSJNUP,0.500000,0.000000,14,14,15,15,15,15,15,15,15,15,15,36,0,15,24.87597410153184,8.106874069198966,102.65234112739563,7975.611111111111
1777646740,60,GET,/product/6E92ZMYYFZ,0.300000,0.000000,15,15,77,77,77,77,77,77,77,77,77,24,0,14,22.948780329898,10.77566691674292,76.77759882062674,7947.958333333333
1777646740,60,GET,/product/9SIQT8TOJO,0.600000,0.000000,14,16,16,91,91,91,91,91,91,91,91,31,0,15,24.334502293758334,8.455934002995491,91.24364308081567,8028.290322580645
1777646740,60,GET,/product/L9ECAV7KIM,0.600000,0.000000,14,14,14,14,15,15,15,15,15,15,15,23,0,14,21.177290321287252,10.87748515419662,82.9852418974042,7991.086956521739
1777646740,60,GET,/product/LS4PSXUNUM,0.400000,0.000000,15,15,16,16,16,16,16,16,16,16,16,32,0,15,20.82844746473711,10.585721116513014,85.94146883115172,7996.78125
1777646740,60,GET,/product/OLJCESPC7Z,0.500000,0.000000,15,15,15,15,15,15,15,15,15,15,15,27,0,14,24.62329777578513,11.443650117143989,104.83672586269677,8011.0
1777646740,60,,Aggregated,33.400000,0.000000,15,17,20,22,45,64,89,100,160,160,160,2131,0,17,32.142089794449774,8.106874069198966,992.6569620147347,10700.55091506335
1777646741,60,GET,/,24.500000,0.000000,15,16,17,19,45,59,80,130,160,160,160,1630,0,16,32.57364072391272,8.824724005535245,992.6569620147347,10545.971165644172
1777646741,60,POST,/cart,2.700000,0.000000,22,23,24,34,64,77,98,98,98,98,98,190,0,23,38.613957180151424,16.674424055963755,907.0406088139862,17553.389473684212
1777646741,60,POST,/cart/checkout,1.000000,0.000000,22,23,24,24,25,100,100,100,100,100,100,76,0,22,30.138557020109147,16.39849995262921,180.49910105764866,6806.513157894737
1777646741,60,GET,/product/0PUK6V6EV0,0.300000,0.000000,13,14,14,15,15,15,15,15,15,15,15,31,0,15,21.769583390484893,10.39532502181828,52.60321288369596,8003.5161290322585
1777646741,60,GET,/product/1YMWWN1N4O,0.500000,0.000000,17,17,28,28,33,33,33,33,33,33,33,40,0,15,28.08880236116238,10.63460297882557,120.71998603641987,8026.925
1777646741,60,GET,/product/2ZYFJ3GM2N,0.600000,0.000000,14,14,15,15,15,15,15,15,15,15,15,26,0,15,20.689783555168944,11.910100933164358,59.58545207977295,8034.192307692308
1777646741,60,GET,/product/66VCHSJNUP,0.600000,0.000000,14,14,15,15,15,15,15,15,15,15,15,36,0,15,24.87597410153184,8.106874069198966,102.65234112739563,7975.611111111111
1777646741,60,GET,/product/6E92ZMYYFZ,0.300000,0.000000,15,15,77,77,77,77,77,77,77,77,77,24,0,14,22.948780329898,10.77566691674292,76.77759882062674,7947.958333333333
1777646741,60,GET,/product/9SIQT8TOJO,0.400000,0.000000,14,16,16,91,91,91,91,91,91,91,91,31,0,15,24.334502293758334,8.455934002995491,91.24364308081567,8028.290322580645
1777646741,60,GET,/product/L9ECAV7KIM,0.600000,0.000000,14,14,14,14,15,15,15,15,15,15,15,23,0,14,21.177290321287252,10.87748515419662,82.9852418974042,7991.086956521739
1777646741,60,GET,/product/LS4PSXUNUM,0.400000,0.000000,15,15,16,16,16,16,16,16,16,16,16,32,0,15,20.82844746473711,10.585721116513014,85.94146883115172,7996.78125
1777646741,60,GET,/product/OLJCESPC7Z,0.400000,0.000000,15,15,15,15,15,15,15,15,15,15,15,27,0,14,24.62329777578513,11.443650117143989,104.83672586269677,8011.0
1777646741,60,,Aggregated,32.300000,0.000000,15,17,20,22,44,64,89,100,160,160,160,2166,0,17,31.891806340077245,8.106874069198966,992.6569620147347,10712.45891043398
1777646742,60,GET,/,25.300000,0.000000,15,16,17,19,45,59,80,130,160,160,160,1647,0,16,32.40371964793849,8.824724005535245,992.6569620147347,10546.189435336977
1777646742,60,POST,/cart,2.600000,0.000000,22,23,24,27,37,77,98,98,98,98,98,194,0,23,38.27306292423037,16.674424055963755,907.0406088139862,17552.71649484536
1777646742,60,POST,/cart/checkout,1.200000,0.000000,23,24,25,25,25,100,100,100,100,100,100,78,0,22,29.92984881469359,16.39849995262921,180.49910105764866,6806.653846153846
1777646742,60,GET,/product/0PUK6V6EV0,0.300000,0.000000,14,14,14,14,15,15,15,15,15,15,15,32,0,14,21.520124879316427,10.39532502181828,52.60321288369596,8002.34375
1777646742,60,GET,/product/1YMWWN1N4O,0.600000,0.000000,28,28,33,33,37,37,37,37,37,37,37,41,0,15,28.30803540262689,10.63460297882557,120.71998603641987,8028.487804878048
1777646742,60,GET,/product/2ZYFJ3GM2N,0.600000,0.000000,14,14,15,15,15,15,15,15,15,15,15,26,0,15,20.689783555168944,11.910100933164358,59.58545207977295,8034.192307692308
1777646742,60,GET,/product/66VCHSJNUP,0.600000,0.000000,14,14,14,14,14,14,14,14,14,14,14,36,0,15,24.87597410153184,8.106874069198966,102.65234112739563,7975.611111111111
1777646742,60,GET,/product/6E92ZMYYFZ,0.300000,0.000000,15,15,77,77,77,77,77,77,77,77,77,24,0,14,22.948780329898,10.77566691674292,76.77759882062674,7947.958333333333
1777646742,60,GET,/product/9SIQT8TOJO,0.500000,0.000000,16,16,91,91,91,91,91,91,91,91,91,31,0,15,24.334502293758334,8.455934002995491,91.24364308081567,8028.290322580645
1777646742,60,GET,/product/L9ECAV7KIM,0.600000,0.000000,13,14,14,14,15,15,15,15,15,15,15,24,0,14,20.801798392009612,10.87748515419662,82.9852418974042,7993.0
1777646742,60,GET,/product/LS4PSXUNUM,0.400000,0.000000,13,13,16,16,16,16,16,16,16,16,16,32,0,15,20.82844746473711,10.585721116513014,85.94146883115172,7996.78125
1777646742,60,GET,/product/OLJCESPC7Z,0.300000,0.000000,18,18,18,18,18,18,18,18,18,18,18,28,0,14,24.37659307283216,11.443650117143989,104.83672586269677,8013.178571428572
1777646742,60,,Aggregated,33.300000,0.000000,15,17,20,23,42,60,89,100,160,160,160,2193,0,17,31.72120836665756,8.106874069198966,992.6569620147347,10715.32147742818
1777646743,60,GET,/,24.800000,0.000000,15,16,17,18,45,60,84,130,160,160,160,1675,0,16,32.179146556656306,8.824724005535245,992.6569620147347,10546.570746268657
1777646743,60,POST,/cart,2.700000,0.000000,22,23,24,27,37,77,98,98,98,98,98,196,0,23,38.10078706782387,16.674424055963755,907.0406088139862,17555.928571428572
1777646743,60,POST,/cart/checkout,1.100000,0.000000,23,24,25,25,54,100,100,100,100,100,100,82,0,22,30.0796059181732,16.39849995262921,180.49910105764866,6807.475609756098
1777646743,60,GET,/product/0PUK6V6EV0,0.400000,0.000000,14,14,14,14,15,15,15,15,15,15,15,32,0,14,21.520124879316427,10.39532502181828,52.60321288369596,8002.34375
1777646743,60,GET,/product/1YMWWN1N4O,0.600000,0.000000,28,28,33,33,37,37,37,37,37,37,37,41,0,15,28.30803540262689,10.63460297882557,120.71998603641987,8028.487804878048
1777646743,60,GET,/product/2ZYFJ3GM2N,0.600000,0.000000,14,14,14,14,15,15,15,15,15,15,15,27,0,15,20.33854878714515,11.206444818526506,59.58545207977295,8031.518518518518
1777646743,60,GET,/product/66VCHSJNUP,0.400000,0.000000,14,14,14,14,14,14,14,14,14,14,14,37,0,15,24.53545039846889,8.106874069198966,102.65234112739563,7977.540540540541
1777646743,60,GET,/product/6E92ZMYYFZ,0.400000,0.000000,15,15,77,77,77,77,77,77,77,77,77,24,0,14,22.948780329898,10.77566691674292,76.77759882062674,7947.958333333333
1777646743,60,GET,/product/9SIQT8TOJO,0.400000,0.000000,16,16,91,91,91,91,91,91,91,91,91,31,0,15,24.334502293758334,8.455934002995491,91.24364308081567,8028.290322580645
1777646743,60,GET,/product/L9ECAV7KIM,0.600000,0.000000,14,14,14,14,15,15,15,15,15,15,15,24,0,14,20.801798392009612,10.87748515419662,82.9852418974042,7993.0
1777646743,60,GET,/product/LS4PSXUNUM,0.400000,0.000000,13,13,16,16,16,16,16,16,16,16,16,32,0,15,20.82844746473711,10.585721116513014,85.94146883115172,7996.78125
1777646743,60,GET,/product/OLJCESPC7Z,0.200000,0.000000,18,18,18,18,18,18,18,18,18,18,18,28,0,14,24.37659307283216,11.443650117143989,104.83672586269677,8013.178571428572
1777646743,60,,Aggregated,32.600000,0.000000,15,17,20,22,45,64,89,100,160,160,160,2229,0,17,31.53612236337742,8.106874069198966,992.6569620147347,10710.484522207267
1777646744,60,GET,/,24.400000,0.000000,15,16,17,18,45,60,84,130,160,160,160,1697,0,16,31.960659227117183,8.824724005535245,992.6569620147347,10546.584560989982
1777646744,60,POST,/cart,3.100000,0.000000,22,23,24,27,37,77,98,98,98,98,98,200,0,23,37.7569738868624,16.674424055963755,907.0406088139862,17562.345
1777646744,60,POST,/cart/checkout,1.100000,0.000000,22,24,25,25,54,100,100,100,100,100,100,84,0,22,29.813278727011667,16.39849995262921,180.49910105764866,6806.809523809524
1777646744,60,GET,/product/0PUK6V6EV0,0.600000,0.000000,14,14,14,14,15,15,15,15,15,15,15,32,0,14,21.520124879316427,10.39532502181828,52.60321288369596,8002.34375
1777646744,60,GET,/product/1YMWWN1N4O,0.500000,0.000000,17,17,37,37,37,37,37,37,37,37,37,41,0,15,28.30803540262689,10.63460297882557,120.71998603641987,8028.487804878048
1777646744,60,GET,/product/2ZYFJ3GM2N,0.500000,0.000000,14,14,14,14,15,15,15,15,15,15,15,27,0,15,20.33854878714515,11.206444818526506,59.58545207977295,8031.518518518518
1777646744,60,GET,/product/66VCHSJNUP,0.400000,0.000000,14,14,14,14,14,14,14,14,14,14,14,37,0,15,24.53545039846889,8.106874069198966,102.65234112739563,7977.540540540541
1777646744,60,GET,/product/6E92ZMYYFZ,0.400000,0.000000,77,77,77,77,77,77,77,77,77,77,77,24,0,14,22.948780329898,10.77566691674292,76.77759882062674,7947.958333333333
1777646744,60,GET,/product/9SIQT8TOJO,0.400000,0.000000,16,16,91,91,91,91,91,91,91,91,91,31,0,15,24.334502293758334,8.455934002995491,91.24364308081567,8028.290322580645
1777646744,60,GET,/product/L9ECAV7KIM,0.600000,0.000000,13,14,14,15,15,15,15,15,15,15,15,24,0,14,20.801798392009612,10.87748515419662,82.9852418974042,7993.0
1777646744,60,GET,/product/LS4PSXUNUM,0.300000,0.000000,16,16,16,16,16,16,16,16,16,16,16,32,0,15,20.82844746473711,10.585721116513014,85.94146883115172,7996.78125
1777646744,60,GET,/product/OLJCESPC7Z,0.100000,0.000000,18,18,18,18,18,18,18,18,18,18,18,28,0,14,24.37659307283216,11.443650117143989,104.83672586269677,8013.178571428572
1777646744,60,,Aggregated,32.400000,0.000000,15,17,20,22,45,64,89,100,160,160,160,2257,0,17,31.348078517432253,8.106874069198966,992.6569620147347,10718.114311032345
1777646745,60,GET,/,24.400000,0.000000,15,16,17,17,32,52,84,130,160,160,160,1727,0,16,31.709616616061986,8.824724005535245,992.6569620147347,10546.84076433121
1777646745,60,POST,/cart,2.900000,0.000000,22,23,23,24,37,55,98,98,98,98,98,202,0,23,37.7693509828244,16.674424055963755,907.0406088139862,17565.361386138615
1777646745,60,POST,/cart/checkout,1.400000,0.000000,22,23,25,25,54,100,100,100,100,100,100,85,0,22,29.7213657074334,16.39849995262921,180.49910105764866,6807.023529411765
1777646745,60,GET,/product/0PUK6V6EV0,0.600000,0.000000,14,14,15,15,49,49,49,49,49,49,49,33,0,15,22.348476524436563,10.39532502181828,52.60321288369596,8002.545454545455
1777646745,60,GET,/product/1YMWWN1N4O,0.600000,0.000000,15,15,17,17,37,37,37,37,37,37,37,43,0,15,27.543403478989074,10.63460297882557,120.71998603641987,8028.488372093023
1777646745,60,GET,/product/2ZYFJ3GM2N,0.500000,0.000000,14,14,15,15,15,15,15,15,15,15,15,27,0,15,20.33854878714515,11.206444818526506,59.58545207977295,8031.518518518518
1777646745,60,GET,/product/66VCHSJNUP,0.500000,0.000000,14,14,14,15,15,15,15,15,15,15,15,38,0,15,24.27169825808194,8.106874069198966,102.65234112739563,7976.921052631579
1777646745,60,GET,/product/6E92ZMYYFZ,0.300000,0.000000,77,77,77,77,77,77,77,77,77,77,77,24,0,14,22.948780329898,10.77566691674292,76.77759882062674,7947.958333333333
1777646745,60,GET,/product/9SIQT8TOJO,0.400000,0.000000,14,16,16,91,91,91,91,91,91,91,91,32,0,15,24.00888788542943,8.455934002995491,91.24364308081567,8030.6875
1777646745,60,GET,/product/L9ECAV7KIM,0.600000,0.000000,13,13,15,15,15,15,15,15,15,15,15,24,0,14,20.801798392009612,10.87748515419662,82.9852418974042,7993.0
1777646745,60,GET,/product/LS4PSXUNUM,0.300000,0.000000,13,13,13,13,13,13,13,13,13,13,13,32,0,15,20.82844746473711,10.585721116513014,85.94146883115172,7996.78125
1777646745,60,GET,/product/OLJCESPC7Z,0.200000,0.000000,13,13,18,18,18,18,18,18,18,18,18,29,0,14,23.993073898399697,11.443650117143989,104.83672586269677,8015.482758620689
1777646745,60,,Aggregated,32.700000,0.000000,15,17,19,21,34,54,89,100,160,160,160,2296,0,16,31.137705605030092,8.106874069198966,992.6569620147347,10713.58362369338
1777646746,60,GET,/,24.100000,0.000000,15,16,17,19,40,57,84,130,160,160,160,1757,0,16,31.57191843247093,8.824724005535245,992.6569620147347,10546.936824132043
1777646746,60,POST,/cart,2.900000,0.000000,22,23,23,24,37,55,98,98,98,98,98,205,0,23,37.51587878753681,16.517924144864082,907.0406088139862,17562.956097560975
1777646746,60,POST,/cart/checkout,1.700000,0.000000,22,23,25,25,54,100,100,100,100,100,100,85,0,22,29.7213657074334,16.39849995262921,180.49910105764866,6807.023529411765
1777646746,60,GET,/product/0PUK6V6EV0,0.600000,0.000000,14,14,15,15,49,49,49,49,49,49,49,33,0,15,22.348476524436563,10.39532502181828,52.60321288369596,8002.545454545455
1777646746,60,GET,/product/1YMWWN1N4O,0.400000,0.000000,13,15,15,37,37,37,37,37,37,37,37,43,0,15,27.543403478989074,10.63460297882557,120.71998603641987,8028.488372093023
1777646746,60,GET,/product/2ZYFJ3GM2N,0.600000,0.000000,14,14,15,15,15,15,15,15,15,15,15,27,0,15,20.33854878714515,11.206444818526506,59.58545207977295,8031.518518518518
1777646746,60,GET,/product/66VCHSJNUP,0.500000,0.000000,14,14,15,15,15,15,15,15,15,15,15,38,0,15,24.27169825808194,8.106874069198966,102.65234112739563,7976.921052631579
1777646746,60,GET,/product/6E92ZMYYFZ,0.200000,0.000000,46,46,77,77,77,77,77,77,77,77,77,25,0,14,23.86257695965469,10.77566691674292,76.77759882062674,7947.84
1777646746,60,GET,/product/9SIQT8TOJO,0.400000,0.000000,13,14,14,91,91,91,91,91,91,91,91,33,0,15,23.670894009145822,8.455934002995491,91.24364308081567,8031.0
1777646746,60,GET,/product/L9ECAV7KIM,0.600000,0.000000,11,12,12,13,13,13,13,13,13,13,13,26,0,14,20.062276287577472,10.87748515419662,82.9852418974042,7996.615384615385
1777646746,60,GET,/product/LS4PSXUNUM,0.200000,0.000000,13,13,13,13,13,13,13,13,13,13,13,34,0,15,20.34102037192925,10.585721116513014,85.94146883115172,7997.411764705882
1777646746,60,GET,/product/OLJCESPC7Z,0.200000,0.000000,14,14,18,18,18,18,18,18,18,18,18,30,0,14,23.66375890560448,11.443650117143989,104.83672586269677,8013.066666666667
1777646746,60,,Aggregated,32.400000,0.000000,15,17,20,22,38,55,89,100,160,160,160,2336,0,16,30.985913492283906,8.106874069198966,992.6569620147347,10711.981592465754
1777646747,60,GET,/,24.500000,0.000000,15,16,17,17,28,49,72,130,160,160,160,1778,0,16,31.410517659472013,8.824724005535245,992.6569620147347,10547.121484814399
1777646747,60,POST,/cart,2.800000,0.000000,22,23,23,23,34,37,55,55,55,55,55,208,0,23,37.263604376885965,16.517924144864082,907.0406088139862,17588.12980769231
1777646747,60,POST,/cart/checkout,1.700000,0.000000,23,23,25,25,37,54,54,54,54,54,54,88,0,22,29.624003374589268,16.39849995262921,180.49910105764866,6806.227272727273
1777646747,60,GET,/product/0PUK6V6EV0,0.500000,0.000000,14,15,15,49,49,49,49,49,49,49,49,33,0,15,22.348476524436563,10.39532502181828,52.60321288369596,8002.545454545455
1777646747,60,GET,/product/1YMWWN1N4O,0.400000,0.000000,13,13,15,15,37,37,37,37,37,37,37,44,0,15,27.164450243369423,10.63460297882557,120.71998603641987,8029.045454545455
1777646747,60,GET,/product/2ZYFJ3GM2N,0.600000,0.000000,14,14,14,14,14,14,14,14,14,14,14,27,0,15,20.33854878714515,11.206444818526506,59.58545207977295,8031.518518518518
1777646747,60,GET,/product/66VCHSJNUP,0.500000,0.000000,14,14,15,15,15,15,15,15,15,15,15,38,0,15,24.27169825808194,8.106874069198966,102.65234112739563,7976.921052631579
1777646747,60,GET,/product/6E92ZMYYFZ,0.200000,0.000000,46,46,46,46,46,46,46,46,46,46,46,25,0,14,23.86257695965469,10.77566691674292,76.77759882062674,7947.84
1777646747,60,GET,/product/9SIQT8TOJO,0.400000,0.000000,13,14,14,91,91,91,91,91,91,91,91,33,0,15,23.670894009145822,8.455934002995491,91.24364308081567,8031.0
1777646747,60,GET,/product/L9ECAV7KIM,0.500000,0.000000,11,12,12,13,13,13,13,13,13,13,13,26,0,14,20.062276287577472,10.87748515419662,82.9852418974042,7996.615384615385
1777646747,60,GET,/product/LS4PSXUNUM,0.200000,0.000000,13,13,13,13,13,13,13,13,13,13,13,34,0,15,20.34102037192925,10.585721116513014,85.94146883115172,7997.411764705882
1777646747,60,GET,/product/OLJCESPC7Z,0.100000,0.000000,13,14,14,18,18,18,18,18,18,18,18,31,0,14,23.32776835969379,11.443650117143989,104.83672586269677,8014.0
1777646747,60,,Aggregated,32.400000,0.000000,15,17,20,21,28,46,71,84,160,160,160,2365,0,16,30.834639287331235,8.106874069198966,992.6569620147347,10714.323044397463
1777646748,60,GET,/,24.000000,0.000000,15,16,17,17,24,35,64,71,84,84,84,1804,0,16,31.20122711998132,8.824724005535245,992.6569620147347,10547.167960088691
1777646748,60,POST,/cart,2.800000,0.000000,22,23,23,24,37,48,55,55,55,55,55,209,0,23,37.31664432698424,16.517924144864082,907.0406088139862,17596.153110047846
1777646748,60,POST,/cart/checkout,1.700000,0.000000,23,23,25,25,37,54,54,54,54,54,54,89,0,22,29.56108231453246,16.39849995262921,180.49910105764866,6806.23595505618
1777646748,60,GET,/product/0PUK6V6EV0,0.600000,0.000000,14,15,15,49,49,49,49,49,49,49,49,33,0,15,22.348476524436563,10.39532502181828,52.60321288369596,8002.545454545455
1777646748,60,GET,/product/1YMWWN1N4O,0.500000,0.000000,13,13,13,13,37,37,37,37,37,37,37,45,0,15,26.842842013057734,10.63460297882557,120.71998603641987,8027.422222222222
1777646748,60,GET,/product/2ZYFJ3GM2N,0.400000,0.000000,14,14,14,14,14,14,14,14,14,14,14,27,0,15,20.33854878714515,11.206444818526506,59.58545207977295,8031.518518518518
1777646748,60,GET,/product/66VCHSJNUP,0.500000,0.000000,14,14,15,15,15,15,15,15,15,15,15,38,0,15,24.27169825808194,8.106874069198966,102.65234112739563,7976.921052631579
1777646748,60,GET,/product/6E92ZMYYFZ,0.100000,0.000000,15,15,46,46,46,46,46,46,46,46,46,26,0,14,23.349712737119543,10.528107173740864,76.77759882062674,7946.423076923077
1777646748,60,GET,/product/9SIQT8TOJO,0.400000,0.000000,14,14,15,15,15,15,15,15,15,15,15,34,0,15,23.424081744023542,8.455934002995491,91.24364308081567,8031.764705882353
1777646748,60,GET,/product/L9ECAV7KIM,0.400000,0.000000,11,12,12,13,13,13,13,13,13,13,13,26,0,14,20.062276287577472,10.87748515419662,82.9852418974042,7996.615384615385
1777646748,60,GET,/product/LS4PSXUNUM,0.100000,0.000000,13,13,13,13,13,13,13,13,13,13,13,35,0,15,20.04273998817163,9.901206940412521,85.94146883115172,7998.0
1777646748,60,GET,/product/OLJCESPC7Z,0.200000,0.000000,14,14,18,18,18,18,18,18,18,18,18,31,0,14,23.32776835969379,11.443650117143989,104.83672586269677,8014.0
1777646748,60,,Aggregated,31.700000,0.000000,15,17,19,21,27,40,55,65,84,84,84,2397,0,16,30.656574424033735,8.106874069198966,992.6569620147347,10709.927826449728
1777646749,60,GET,/,25.700000,0.000000,15,16,17,17,27,38,55,71,84,84,84,1834,0,16,30.99848350574493,8.824724005535245,992.6569620147347,10547.157033805888
1777646749,60,POST,/cart,2.800000,0.000000,22,23,24,27,37,48,55,55,55,55,55,211,0,23,37.211168749407996,16.517924144864082,907.0406088139862,17598.663507109006
1777646749,60,POST,/cart/checkout,1.700000,0.000000,23,24,25,34,49,54,54,54,54,54,54,91,0,22,29.716270702000667,16.39849995262921,180.49910105764866,6806.516483516483
1777646749,60,GET,/product/0PUK6V6EV0,0.500000,0.000000,15,15,49,49,49,49,49,49,49,49,49,33,0,15,22.348476524436563,10.39532502181828,52.60321288369596,8002.545454545455
1777646749,60,GET,/product/1YMWWN1N4O,0.500000,0.000000,13,13,13,13,37,37,37,37,37,37,37,45,0,15,26.842842013057734,10.63460297882557,120.71998603641987,8027.422222222222
1777646749,60,GET,/product/2ZYFJ3GM2N,0.300000,0.000000,14,14,14,14,14,14,14,14,14,14,14,27,0,15,20.33854878714515,11.206444818526506,59.58545207977295,8031.518518518518
1777646749,60,GET,/product/66VCHSJNUP,0.400000,0.000000,14,14,15,15,15,15,15,15,15,15,15,38,0,15,24.27169825808194,8.106874069198966,102.65234112739563,7976.921052631579
1777646749,60,GET,/product/6E92ZMYYFZ,0.200000,0.000000,15,15,46,46,46,46,46,46,46,46,46,27,0,14,23.026218818914558,10.528107173740864,76.77759882062674,7944.962962962963
1777646749,60,GET,/product/9SIQT8TOJO,0.500000,0.000000,13,14,14,15,15,15,15,15,15,15,15,35,0,15,23.0818604052599,8.455934002995491,91.24364308081567,8032.771428571428
1777646749,60,GET,/product/L9ECAV7KIM,0.500000,0.000000,11,11,12,12,12,12,12,12,12,12,12,26,0,14,20.062276287577472,10.87748515419662,82.9852418974042,7996.615384615385
1777646749,60,GET,/product/LS4PSXUNUM,0.200000,0.000000,13,13,13,13,13,13,13,13,13,13,13,36,0,15,19.849762404596227,9.901206940412521,85.94146883115172,7996.694444444444
1777646749,60,GET,/product/OLJCESPC7Z,0.400000,0.000000,13,14,14,18,18,18,18,18,18,18,18,32,0,14,22.983692811976653,11.443650117143989,104.83672586269677,8014.9375
1777646749,60,,Aggregated,33.700000,0.000000,15,17,19,22,32,40,54,65,84,84,84,2435,0,16,30.482591695613102,8.106874069198966,992.6569620147347,10706.12772073922
1777646750,60,GET,/,25.000000,0.000000,15,16,17,19,31,45,64,71,84,84,84,1865,0,16,30.83562853848487,8.824724005535245,992.6569620147347,10547.26380697051
1777646750,60,POST,/cart,2.900000,0.000000,22,23,23,24,37,48,55,55,55,55,55,216,0,23,36.86779926755224,16.517924144864082,907.0406088139862,17618.38888888889
1777646750,60,POST,/cart/checkout,1.600000,0.000000,23,24,34,34,49,54,54,54,54,54,54,91,0,22,29.716270702000667,16.39849995262921,180.49910105764866,6806.516483516483
1777646750,60,GET,/product/0PUK6V6EV0,0.500000,0.000000,15,15,49,49,49,49,49,49,49,49,49,34,0,14,22.076628211995256,10.39532502181828,52.60321288369596,8003.794117647059
1777646750,60,GET,/product/1YMWWN1N4O,0.700000,0.000000,13,13,16,16,37,37,37,37,37,37,37,46,0,15,26.602925054486033,10.63460297882557,120.71998603641987,8025.652173913043
1777646750,60,GET,/product/2ZYFJ3GM2N,0.300000,0.000000,14,14,14,14,14,14,14,14,14,14,14,27,0,15,20.33854878714515,11.206444818526506,59.58545207977295,8031.518518518518
1777646750,60,GET,/product/66VCHSJNUP,0.300000,0.000000,15,15,15,15,15,15,15,15,15,15,15,38,0,15,24.27169825808194,8.106874069198966,102.65234112739563,7976.921052631579
1777646750,60,GET,/product/6E92ZMYYFZ,0.300000,0.000000,15,20,20,46,46,46,46,46,46,46,46,28,0,14,22.92995586425864,10.528107173740864,76.77759882062674,7947.214285714285
1777646750,60,GET,/product/9SIQT8TOJO,0.300000,0.000000,14,14,15,15,31,31,31,31,31,31,31,36,0,15,23.293009422357297,8.455934002995491,91.24364308081567,8032.888888888889
1777646750,60,GET,/product/L9ECAV7KIM,0.300000,0.000000,12,14,14,16,16,16,16,16,16,16,16,28,0,14,19.699502262353366,10.87748515419662,82.9852418974042,7995.535714285715
1777646750,60,GET,/product/LS4PSXUNUM,0.300000,0.000000,13,13,13,13,13,13,13,13,13,13,13,37,0,15,19.67555107045415,9.901206940412521,85.94146883115172,7998.189189189189
1777646750,60,GET,/product/OLJCESPC7Z,0.400000,0.000000,13,14,14,18,18,18,18,18,18,18,18,32,0,14,22.983692811976653,11.443650117143989,104.83672586269677,8014.9375
1777646750,60,,Aggregated,32.900000,0.000000,15,17,20,22,32,46,55,68,84,84,84,2478,0,16,30.313770980250972,8.106874069198966,992.6569620147347,10712.222356739307
1777646751,60,GET,/,25.600000,0.000000,15,16,17,19,31,45,64,71,84,84,84,1884,0,16,30.67659384189391,8.824724005535245,992.6569620147347,10547.249469214437
1777646751,60,POST,/cart,2.700000,0.000000,22,23,24,25,35,48,55,55,55,55,55,219,0,23,36.704204084572794,16.517924144864082,907.0406088139862,17615.223744292238
1777646751,60,POST,/cart/checkout,1.700000,0.000000,23,24,34,37,49,54,54,54,54,54,54,91,0,22,29.716270702000667,16.39849995262921,180.49910105764866,6806.516483516483
1777646751,60,GET,/product/0PUK6V6EV0,0.500000,0.000000,15,15,15,49,49,49,49,49,49,49,49,35,0,15,21.886227259944594,10.39532502181828,52.60321288369596,8002.714285714285
1777646751,60,GET,/product/1YMWWN1N4O,0.600000,0.000000,13,15,16,16,37,37,37,37,37,37,37,48,0,15,26.077637739945203,10.63460297882557,120.71998603641987,8024.270833333333
1777646751,60,GET,/product/2ZYFJ3GM2N,0.300000,0.000000,14,14,14,14,14,14,14,14,14,14,14,27,0,15,20.33854878714515,11.206444818526506,59.58545207977295,8031.518518518518
1777646751,60,GET,/product/66VCHSJNUP,0.200000,0.000000,15,15,15,15,15,15,15,15,15,15,15,38,0,15,24.27169825808194,8.106874069198966,102.65234112739563,7976.921052631579
1777646751,60,GET,/product/6E92ZMYYFZ,0.300000,0.000000,15,20,20,46,46,46,46,46,46,46,46,28,0,14,22.92995586425864,10.528107173740864,76.77759882062674,7947.214285714285
1777646751,60,GET,/product/9SIQT8TOJO,0.400000,0.000000,14,14,15,15,31,31,31,31,31,31,31,36,0,15,23.293009422357297,8.455934002995491,91.24364308081567,8032.888888888889
1777646751,60,GET,/product/L9ECAV7KIM,0.300000,0.000000,12,14,14,16,16,16,16,16,16,16,16,28,0,14,19.699502262353366,10.87748515419662,82.9852418974042,7995.535714285715
1777646751,60,GET,/product/LS4PSXUNUM,0.300000,0.000000,13,13,13,13,13,13,13,13,13,13,13,37,0,15,19.67555107045415,9.901206940412521,85.94146883115172,7998.189189189189
1777646751,60,GET,/product/OLJCESPC7Z,0.500000,0.000000,13,14,14,18,18,18,18,18,18,18,18,32,0,14,22.983692811976653,11.443650117143989,104.83672586269677,8014.9375
1777646751,60,,Aggregated,33.400000,0.000000,15,17,20,22,32,46,55,68,84,84,84,2503,0,16,30.17257721516067,8.106874069198966,992.6569620147347,10715.689572512985
1777646752,60,GET,/,25.200000,0.000000,15,16,17,18,28,38,55,68,72,72,72,1911,0,16,30.455344649614627,8.824724005535245,992.6569620147347,10547.36002093145
1777646752,60,POST,/cart,2.900000,0.000000,22,23,24,25,35,48,55,55,55,55,55,221,0,23,36.575572160641535,16.517924144864082,907.0406088139862,17649.909502262442
1777646752,60,POST,/cart/checkout,1.600000,0.000000,23,23,24,24,37,49,49,49,49,49,49,94,0,22,29.457102467781528,16.39849995262921,180.49910105764866,6806.436170212766
1777646752,60,GET,/product/0PUK6V6EV0,0.400000,0.000000,15,15,15,49,49,49,49,49,49,49,49,35,0,15,21.886227259944594,10.39532502181828,52.60321288369596,8002.714285714285
1777646752,60,GET,/product/1YMWWN1N4O,0.600000,0.000000,13,15,16,16,37,37,37,37,37,37,37,48,0,15,26.077637739945203,10.63460297882557,120.71998603641987,8024.270833333333
1777646752,60,GET,/product/2ZYFJ3GM2N,0.200000,0.000000,11,11,11,11,11,11,11,11,11,11,11,27,0,15,20.33854878714515,11.206444818526506,59.58545207977295,8031.518518518518
1777646752,60,GET,/product/66VCHSJNUP,0.200000,0.000000,15,15,15,15,15,15,15,15,15,15,15,38,0,15,24.27169825808194,8.106874069198966,102.65234112739563,7976.921052631579
1777646752,60,GET,/product/6E92ZMYYFZ,0.400000,0.000000,15,15,20,20,46,46,46,46,46,46,46,30,0,14,22.258934572649498,10.528107173740864,76.77759882062674,7948.233333333334
1777646752,60,GET,/product/9SIQT8TOJO,0.400000,0.000000,14,15,15,31,31,31,31,31,31,31,31,36,0,15,23.293009422357297,8.455934002995491,91.24364308081567,8032.888888888889
1777646752,60,GET,/product/L9ECAV7KIM,0.300000,0.000000,12,14,14,16,16,16,16,16,16,16,16,28,0,14,19.699502262353366,10.87748515419662,82.9852418974042,7995.535714285715
1777646752,60,GET,/product/LS4PSXUNUM,0.400000,0.000000,13,13,13,13,13,13,13,13,13,13,13,37,0,15,19.67555107045415,9.901206940412521,85.94146883115172,7998.189189189189
1777646752,60,GET,/product/OLJCESPC7Z,0.500000,0.000000,13,13,14,14,18,18,18,18,18,18,18,33,0,14,22.642683484732654,11.443650117143989,104.83672586269677,8017.090909090909
1777646752,60,,Aggregated,33.100000,0.000000,15,16,19,21,28,40,55,65,72,72,72,2538,0,16,29.974250987350466,8.106874069198966,992.6569620147347,10714.608747044917
1777646753,60,GET,/,25.900000,0.000000,15,15,16,18,28,38,55,68,72,72,72,1933,0,16,30.2674712380033,8.824724005535245,992.6569620147347,10547.501293326435
1777646753,60,POST,/cart,3.000000,0.000000,23,23,24,25,35,48,55,55,55,55,55,224,0,23,36.35403243970359,16.517924144864082,907.0406088139862,17640.45089285714
1777646753,60,POST,/cart/checkout,1.600000,0.000000,23,23,24,24,37,49,49,49,49,49,49,96,0,22,29.360582144969765,16.39849995262921,180.49910105764866,6806.427083333333
1777646753,60,GET,/product/0PUK6V6EV0,0.400000,0.000000,13,15,15,49,49,49,49,49,49,49,49,37,0,14,21.37973131863652,10.39532502181828,52.60321288369596,7999.486486486487
1777646753,60,GET,/product/1YMWWN1N4O,0.700000,0.000000,13,13,15,15,16,16,16,16,16,16,16,48,0,15,26.077637739945203,10.63460297882557,120.71998603641987,8024.270833333333
1777646753,60,GET,/product/2ZYFJ3GM2N,0.200000,0.000000,11,11,11,11,11,11,11,11,11,11,11,27,0,15,20.33854878714515,11.206444818526506,59.58545207977295,8031.518518518518
1777646753,60,GET,/product/66VCHSJNUP,0.200000,0.000000,15,15,15,15,15,15,15,15,15,15,15,39,0,15,23.95104058086872,8.106874069198966,102.65234112739563,7977.871794871795
1777646753,60,GET,/product/6E92ZMYYFZ,0.400000,0.000000,15,15,20,20,46,46,46,46,46,46,46,30,0,14,22.258934572649498,10.528107173740864,76.77759882062674,7948.233333333334
1777646753,60,GET,/product/9SIQT8TOJO,0.500000,0.000000,14,14,15,15,31,31,31,31,31,31,31,37,0,15,22.942042009703613,8.455934002995491,91.24364308081567,8030.972972972973
1777646753,60,GET,/product/L9ECAV7KIM,0.500000,0.000000,12,14,14,16,16,16,16,16,16,16,16,28,0,14,19.699502262353366,10.87748515419662,82.9852418974042,7995.535714285715
1777646753,60,GET,/product/LS4PSXUNUM,0.500000,0.000000,13,13,13,13,13,13,13,13,13,13,13,37,0,15,19.67555107045415,9.901206940412521,85.94146883115172,7998.189189189189
1777646753,60,GET,/product/OLJCESPC7Z,0.500000,0.000000,13,13,14,14,15,15,15,15,15,15,15,34,0,14,22.43130370591055,11.443650117143989,104.83672586269677,8018.411764705882
1777646753,60,,Aggregated,34.400000,0.000000,15,16,19,21,28,40,55,65,72,72,72,2570,0,16,29.787478014076644,8.106874069198966,992.6569620147347,10712.201945525292
1777646754,60,GET,/,25.500000,0.000000,15,15,17,20,31,40,56,68,72,72,72,1961,0,16,30.125248519093947,8.824724005535245,992.6569620147347,10547.399796022437
1777646754,60,POST,/cart,2.900000,0.000000,23,23,24,25,35,48,55,55,55,55,55,227,0,23,36.17005212445813,16.517924144864082,907.0406088139862,17649.669603524228
1777646754,60,POST,/cart/checkout,1.500000,0.000000,23,24,32,36,37,49,49,49,49,49,49,99,0,22,29.369075119382504,16.39849995262921,180.49910105764866,6805.878787878788
1777646754,60,GET,/product/0PUK6V6EV0,0.300000,0.000000,13,15,15,49,49,49,49,49,49,49,49,37,0,14,21.37973131863652,10.39532502181828,52.60321288369596,7999.486486486487
1777646754,60,GET,/product/1YMWWN1N4O,0.800000,0.000000,13,13,15,15,16,16,16,16,16,16,16,48,0,15,26.077637739945203,10.63460297882557,120.71998603641987,8024.270833333333
1777646754,60,GET,/product/2ZYFJ3GM2N,0.100000,0.000000,11,11,11,11,11,11,11,11,11,11,11,27,0,15,20.33854878714515,11.206444818526506,59.58545207977295,8031.518518518518
1777646754,60,GET,/product/66VCHSJNUP,0.200000,0.000000,14,14,15,15,15,15,15,15,15,15,15,40,0,15,23.692769021727145,8.106874069198966,102.65234112739563,7979.5
1777646754,60,GET,/product/6E92ZMYYFZ,0.400000,0.000000,15,20,32,32,46,46,46,46,46,46,46,32,0,14,22.276649819104932,10.528107173740864,76.77759882062674,7949.8125
1777646754,60,GET,/product/9SIQT8TOJO,0.500000,0.000000,14,14,15,15,31,31,31,31,31,31,31,37,0,15,22.942042009703613,8.455934002995491,91.24364308081567,8030.972972972973
1777646754,60,GET,/product/L9ECAV7KIM,0.500000,0.000000,13,13,14,14,16,16,16,16,16,16,16,30,0,14,19.207623150820535,10.87748515419662,82.9852418974042,7992.7
1777646754,60,GET,/product/LS4PSXUNUM,0.500000,0.000000,13,13,13,13,13,13,13,13,13,13,13,37,0,15,19.67555107045415,9.901206940412521,85.94146883115172,7998.189189189189
1777646754,60,GET,/product/OLJCESPC7Z,0.500000,0.000000,13,13,14,14,15,15,15,15,15,15,15,34,0,14,22.43130370591055,11.443650117143989,104.83672586269677,8018.411764705882
1777646754,60,,Aggregated,33.700000,0.000000,15,16,20,23,32,40,55,65,72,72,72,2609,0,16,29.651965359197312,8.106874069198966,992.6569620147347,10709.377155998467
1777646755,60,GET,/,26.300000,0.000000,15,15,16,19,31,38,56,68,72,72,72,1986,0,16,29.931025276633967,8.824724005535245,992.6569620147347,10547.508559919435
1777646755,60,POST,/cart,2.700000,0.000000,22,23,24,25,29,35,48,48,48,48,48,229,0,23,36.07385786551185,16.517924144864082,907.0406088139862,17651.63755458515
1777646755,60,POST,/cart/checkout,1.500000,0.000000,23,24,32,36,37,49,49,49,49,49,49,100,0,22,29.25510946661234,16.39849995262921,180.49910105764866,6805.79
1777646755,60,GET,/product/0PUK6V6EV0,0.500000,0.000000,15,15,15,15,49,49,49,49,49,49,49,38,0,14,21.201876341365278,10.39532502181828,52.60321288369596,8000.9473684210525
1777646755,60,GET,/product/1YMWWN1N4O,0.700000,0.000000,13,13,15,15,16,16,16,16,16,16,16,48,0,15,26.077637739945203,10.63460297882557,120.71998603641987,8024.270833333333
1777646755,60,GET,/product/2ZYFJ3GM2N,0.100000,0.000000,11,11,11,11,11,11,11,11,11,11,11,27,0,15,20.33854878714515,11.206444818526506,59.58545207977295,8031.518518518518
1777646755,60,GET,/product/66VCHSJNUP,0.100000,0.000000,14,14,15,15,15,15,15,15,15,15,15,40,0,15,23.692769021727145,8.106874069198966,102.65234112739563,7979.5
1777646755,60,GET,/product/6E92ZMYYFZ,0.600000,0.000000,15,15,20,32,46,46,46,46,46,46,46,33,0,14,22.04208282020056,10.528107173740864,76.77759882062674,7950.848484848485
1777646755,60,GET,/product/9SIQT8TOJO,0.500000,0.000000,14,14,15,15,31,31,31,31,31,31,31,38,0,14,22.702670221118943,8.455934002995491,91.24364308081567,8032.605263157895
1777646755,60,GET,/product/L9ECAV7KIM,0.400000,0.000000,13,14,16,16,55,55,55,55,55,55,55,31,0,14,20.366450373624122,10.87748515419662,82.9852418974042,7993.419354838709
1777646755,60,GET,/product/LS4PSXUNUM,0.500000,0.000000,13,13,13,13,13,13,13,13,13,13,13,37,0,15,19.67555107045415,9.901206940412521,85.94146883115172,7998.189189189189
1777646755,60,GET,/product/OLJCESPC7Z,0.500000,0.000000,13,14,14,15,15,15,15,15,15,15,15,34,0,14,22.43130370591055,11.443650117143989,104.83672586269677,8018.411764705882
1777646755,60,,Aggregated,34.400000,0.000000,15,16,20,22,31,38,55,65,72,72,72,2641,0,16,29.49481255832223,8.106874069198966,992.6569620147347,10707.822794396063
1777646756,60,GET,/,26.100000,0.000000,15,15,16,17,27,34,46,56,68,68,68,2018,0,16,29.712842521580754,8.51011904887855,992.6569620147347,10547.62239841427
1777646756,60,POST,/cart,2.800000,0.000000,23,24,26,27,35,48,48,48,48,48,48,231,0,23,36.08930806601138,16.517924144864082,907.0406088139862,17672.177489177488
1777646756,60,POST,/cart/checkout,1.400000,0.000000,23,24,28,32,36,49,49,49,49,49,49,100,0,22,29.25510946661234,16.39849995262921,180.49910105764866,6805.79
1777646756,60,GET,/product/0PUK6V6EV0,0.500000,0.000000,15,15,15,15,49,49,49,49,49,49,49,38,0,14,21.201876341365278,10.39532502181828,52.60321288369596,8000.9473684210525
1777646756,60,GET,/product/1YMWWN1N4O,0.700000,0.000000,13,15,15,16,16,16,16,16,16,16,16,48,0,15,26.077637739945203,10.63460297882557,120.71998603641987,8024.270833333333
1777646756,60,GET,/product/2ZYFJ3GM2N,0.000000,0.000000,13,13,13,13,13,13,13,13,13,13,13,28,0,14,20.072331826668233,11.206444818526506,59.58545207977295,8029.75
1777646756,60,GET,/product/66VCHSJNUP,0.200000,0.000000,14,15,15,25,25,25,25,25,25,25,25,42,0,15,23.502469218025606,8.106874069198966,102.65234112739563,7979.5952380952385
1777646756,60,GET,/product/6E92ZMYYFZ,0.700000,0.000000,14,15,15,20,32,32,32,32,32,32,32,34,0,14,21.751651293872033,10.528107173740864,76.77759882062674,7952.411764705882
1777646756,60,GET,/product/9SIQT8TOJO,0.600000,0.000000,14,14,15,15,31,31,31,31,31,31,31,38,0,14,22.702670221118943,8.455934002995491,91.24364308081567,8032.605263157895
1777646756,60,GET,/product/L9ECAV7KIM,0.500000,0.000000,13,14,16,16,55,55,55,55,55,55,55,32,0,14,20.01337023830274,9.067886043339968,82.9852418974042,7995.65625
1777646756,60,GET,/product/LS4PSXUNUM,0.500000,0.000000,13,13,64,64,64,64,64,64,64,64,64,38,0,15,20.84592648928887,9.901206940412521,85.94146883115172,7998.736842105263
1777646756,60,GET,/product/OLJCESPC7Z,0.600000,0.000000,13,14,14,15,15,15,15,15,15,15,15,34,0,14,22.43130370591055,11.443650117143989,104.83672586269677,8018.411764705882
1777646756,60,,Aggregated,34.600000,0.000000,15,16,18,21,31,37,49,56,68,68,68,2681,0,16,29.32737009394504,8.106874069198966,992.6569620147347,10706.897053338307
1777646757,60,GET,/,26.500000,0.000000,15,15,16,16,27,37,46,56,68,68,68,2043,0,16,29.53542626145598,8.51011904887855,992.6569620147347,10547.724914341654
1777646757,60,POST,/cart,2.700000,0.000000,23,25,27,28,35,48,48,48,48,48,48,232,0,23,36.039699436012846,16.517924144864082,907.0406088139862,17685.237068965518
1777646757,60,POST,/cart/checkout,1.500000,0.000000,23,24,28,32,36,49,49,49,49,49,49,101,0,22,29.176489984856385,16.39849995262921,180.49910105764866,6805.683168316832
1777646757,60,GET,/product/0PUK6V6EV0,0.500000,0.000000,13,15,15,15,15,15,15,15,15,15,15,38,0,14,21.201876341365278,10.39532502181828,52.60321288369596,8000.9473684210525
1777646757,60,GET,/product/1YMWWN1N4O,0.700000,0.000000,13,15,15,16,16,16,16,16,16,16,16,48,0,15,26.077637739945203,10.63460297882557,120.71998603641987,8024.270833333333
1777646757,60,GET,/product/2ZYFJ3GM2N,0.000000,0.000000,13,13,13,13,13,13,13,13,13,13,13,29,0,14,19.81612280460781,11.206444818526506,59.58545207977295,8027.413793103448
1777646757,60,GET,/product/66VCHSJNUP,0.300000,0.000000,14,14,15,15,25,25,25,25,25,25,25,43,0,15,23.24257618855945,8.106874069198966,102.65234112739563,7980.7441860465115
1777646757,60,GET,/product/6E92ZMYYFZ,0.800000,0.000000,14,15,15,20,32,32,32,32,32,32,32,35,0,14,21.518080941002285,10.528107173740864,76.77759882062674,7954.857142857143
1777646757,60,GET,/product/9SIQT8TOJO,0.600000,0.000000,14,15,15,31,31,31,31,31,31,31,31,38,0,14,22.702670221118943,8.455934002995491,91.24364308081567,8032.605263157895
1777646757,60,GET,/product/L9ECAV7KIM,0.600000,0.000000,14,14,14,16,55,55,55,55,55,55,55,34,0,14,19.661589785862496,9.067886043339968,82.9852418974042,7996.441176470588
1777646757,60,GET,/product/LS4PSXUNUM,0.500000,0.000000,13,13,64,64,64,64,64,64,64,64,64,38,0,15,20.84592648928887,9.901206940412521,85.94146883115172,7998.736842105263
1777646757,60,GET,/product/OLJCESPC7Z,0.600000,0.000000,14,14,15,15,15,15,15,15,15,15,15,35,0,14,22.2012113380645,11.443650117143989,104.83672586269677,8017.685714285714
1777646757,60,,Aggregated,35.300000,0.000000,15,16,17,20,29,38,49,56,68,68,68,2714,0,16,29.157672740306978,8.106874069198966,992.6569620147347,10701.778924097274
1777646758,60,GET,/,26.500000,0.000000,15,15,16,16,25,32,46,56,68,68,68,2064,0,16,29.382760020590194,8.51011904887855,992.6569620147347,10547.790213178294
1777646758,60,POST,/cart,2.700000,0.000000,23,24,25,26,29,35,48,48,48,48,48,238,0,23,35.658313215811965,16.517924144864082,907.0406088139862,17671.91176470588
1777646758,60,POST,/cart/checkout,1.500000,0.000000,21,23,24,28,32,36,36,36,36,36,36,103,0,22,29.018390760983078,16.39849995262921,180.49910105764866,6805.514563106796
1777646758,60,GET,/product/0PUK6V6EV0,0.500000,0.000000,13,15,15,15,15,15,15,15,15,15,15,38,0,14,21.201876341365278,10.39532502181828,52.60321288369596,8000.9473684210525
1777646758,60,GET,/product/1YMWWN1N4O,0.500000,0.000000,15,15,16,16,16,16,16,16,16,16,16,49,0,15,25.83224066457122,10.63460297882557,120.71998603641987,8023.530612244898
1777646758,60,GET,/product/2ZYFJ3GM2N,0.000000,0.000000,13,13,13,13,13,13,13,13,13,13,13,29,0,14,19.81612280460781,11.206444818526506,59.58545207977295,8027.413793103448
1777646758,60,GET,/product/66VCHSJNUP,0.200000,0.000000,14,14,15,15,25,25,25,25,25,25,25,44,0,14,22.9611033891243,8.106874069198966,102.65234112739563,7982.25
1777646758,60,GET,/product/6E92ZMYYFZ,0.900000,0.000000,14,15,15,20,32,32,32,32,32,32,32,36,0,14,21.29462358748747,10.528107173740864,76.77759882062674,7954.472222222223
1777646758,60,GET,/product/9SIQT8TOJO,0.600000,0.000000,12,14,14,31,31,31,31,31,31,31,31,39,0,14,22.439477499574423,8.455934002995491,91.24364308081567,8033.384615384615
1777646758,60,GET,/product/L9ECAV7KIM,0.700000,0.000000,14,14,15,16,55,55,55,55,55,55,55,35,0,14,19.518566251333272,9.067886043339968,82.9852418974042,7997.228571428572
1777646758,60,GET,/product/LS4PSXUNUM,0.500000,0.000000,13,13,64,64,64,64,64,64,64,64,64,38,0,15,20.84592648928887,9.901206940412521,85.94146883115172,7998.736842105263
1777646758,60,GET,/product/OLJCESPC7Z,0.500000,0.000000,14,14,15,15,15,15,15,15,15,15,15,35,0,14,22.2012113380645,11.443650117143989,104.83672586269677,8017.685714285714
1777646758,60,,Aggregated,35.100000,0.000000,15,16,17,20,27,32,48,56,68,68,68,2748,0,16,28.99275115505403,8.106874069198966,992.6569620147347,10707.009461426493
1777646759,60,GET,/,25.900000,0.000000,15,15,16,17,26,32,40,56,68,68,68,2096,0,16,29.194473707515264,8.51011904887855,992.6569620147347,10548.065839694656
1777646759,60,POST,/cart,2.600000,0.000000,22,24,24,25,28,29,48,48,48,48,48,241,0,23,35.49246545455948,16.517924144864082,907.0406088139862,17692.22406639004
1777646759,60,POST,/cart/checkout,1.500000,0.000000,21,23,24,28,32,36,36,36,36,36,36,104,0,22,28.929584359642693,16.39849995262921,180.49910105764866,6805.528846153846
1777646759,60,GET,/product/0PUK6V6EV0,0.500000,0.000000,13,15,15,15,15,15,15,15,15,15,15,38,0,14,21.201876341365278,10.39532502181828,52.60321288369596,8000.9473684210525
1777646759,60,GET,/product/1YMWWN1N4O,0.500000,0.000000,14,14,15,15,15,15,15,15,15,15,15,49,0,15,25.83224066457122,10.63460297882557,120.71998603641987,8023.530612244898
1777646759,60,GET,/product/2ZYFJ3GM2N,0.100000,0.000000,13,13,13,13,13,13,13,13,13,13,13,31,0,14,19.32662158393331,11.206444818526506,59.58545207977295,8030.741935483871
1777646759,60,GET,/product/66VCHSJNUP,0.500000,0.000000,14,14,14,14,25,25,25,25,25,25,25,44,0,14,22.9611033891243,8.106874069198966,102.65234112739563,7982.25
1777646759,60,GET,/product/6E92ZMYYFZ,0.900000,0.000000,14,14,15,20,32,32,32,32,32,32,32,36,0,14,21.29462358748747,10.528107173740864,76.77759882062674,7954.472222222223
1777646759,60,GET,/product/9SIQT8TOJO,0.500000,0.000000,14,14,31,31,31,31,31,31,31,31,31,39,0,14,22.439477499574423,8.455934002995491,91.24364308081567,8033.384615384615
1777646759,60,GET,/product/L9ECAV7KIM,0.600000,0.000000,14,14,15,16,55,55,55,55,55,55,55,35,0,14,19.518566251333272,9.067886043339968,82.9852418974042,7997.228571428572
1777646759,60,GET,/product/LS4PSXUNUM,0.400000,0.000000,64,64,64,64,64,64,64,64,64,64,64,38,0,15,20.84592648928887,9.901206940412521,85.94146883115172,7998.736842105263
1777646759,60,GET,/product/OLJCESPC7Z,0.300000,0.000000,14,14,15,15,50,50,50,50,50,50,50,37,0,14,22.655314262452965,11.443650117143989,104.83672586269677,8020.513513513513
1777646759,60,,Aggregated,34.300000,0.000000,15,16,17,20,27,32,50,56,68,68,68,2788,0,16,28.834336612409,8.106874069198966,992.6569620147347,10709.463773314204
1777646760,60,GET,/,25.600000,0.000000,15,15,16,17,21,32,40,46,59,59,59,2120,0,16,29.076946886555064,8.51011904887855,992.6569620147347,10548.056603773584
1777646760,60,POST,/cart,2.500000,0.000000,23,24,24,25,27,29,48,48,48,48,48,243,0,23,35.3931768714937,16.517924144864082,907.0406088139862,17705.32510288066
1777646760,60,POST,/cart/checkout,1.300000,0.000000,21,22,23,28,32,36,36,36,36,36,36,105,0,22,28.866536205723172,16.39849995262921,180.49910105764866,6805.27619047619
1777646760,60,GET,/product/0PUK6V6EV0,0.500000,0.000000,15,15,15,15,15,15,15,15,15,15,15,38,0,14,21.201876341365278,10.39532502181828,52.60321288369596,8000.9473684210525
1777646760,60,GET,/product/1YMWWN1N4O,0.300000,0.000000,15,15,15,15,15,15,15,15,15,15,15,49,0,15,25.83224066457122,10.63460297882557,120.71998603641987,8023.530612244898
1777646760,60,GET,/product/2ZYFJ3GM2N,0.200000,0.000000,13,13,13,15,15,15,15,15,15,15,15,32,0,14,19.202657909772824,11.206444818526506,59.58545207977295,8030.6875
1777646760,60,GET,/product/66VCHSJNUP,0.500000,0.000000,14,14,14,14,25,25,25,25,25,25,25,44,0,14,22.9611033891243,8.106874069198966,102.65234112739563,7982.25
1777646760,60,GET,/product/6E92ZMYYFZ,0.900000,0.000000,14,15,19,19,20,32,32,32,32,32,32,38,0,14,21.022190762634732,10.528107173740864,76.77759882062674,7954.9473684210525
1777646760,60,GET,/product/9SIQT8TOJO,0.500000,0.000000,12,14,14,31,31,31,31,31,31,31,31,40,0,14,22.186882613459602,8.455934002995491,91.24364308081567,8034.0
1777646760,60,GET,/product/L9ECAV7KIM,0.900000,0.000000,14,14,15,16,55,55,55,55,55,55,55,35,0,14,19.518566251333272,9.067886043339968,82.9852418974042,7997.228571428572
1777646760,60,GET,/product/LS4PSXUNUM,0.300000,0.000000,13,13,64,64,64,64,64,64,64,64,64,39,0,15,20.649309729775176,9.901206940412521,85.94146883115172,7999.692307692308
1777646760,60,GET,/product/OLJCESPC7Z,0.400000,0.000000,15,15,15,15,50,50,50,50,50,50,50,38,0,14,22.455432280702027,11.443650117143989,104.83672586269677,8020.815789473684
1777646760,60,,Aggregated,33.900000,0.000000,15,16,17,19,25,32,46,55,64,64,64,2821,0,16,28.712860069154125,8.106874069198966,992.6569620147347,10707.03580290677
1777646761,60,GET,/,25.400000,0.000000,15,16,16,17,26,37,46,59,64,64,64,2142,0,16,29.02799611345949,8.51011904887855,992.6569620147347,10548.302054154996
1777646761,60,POST,/cart,3.000000,0.000000,23,23,24,24,29,33,48,48,48,48,48,246,0,23,35.27800557563248,16.517924144864082,907.0406088139862,17713.20325203252
1777646761,60,POST,/cart/checkout,1.400000,0.000000,22,23,28,28,32,36,36,36,36,36,36,107,0,22,28.80741622098765,16.39849995262921,180.49910105764866,6805.084112149532
1777646761,60,GET,/product/0PUK6V6EV0,0.500000,0.000000,13,13,15,15,15,15,15,15,15,15,15,38,0,14,21.201876341365278,10.39532502181828,52.60321288369596,8000.9473684210525
1777646761,60,GET,/product/1YMWWN1N4O,0.400000,0.000000,15,15,15,15,15,15,15,15,15,15,15,49,0,15,25.83224066457122,10.63460297882557,120.71998603641987,8023.530612244898
1777646761,60,GET,/product/2ZYFJ3GM2N,0.200000,0.000000,13,13,15,15,16,16,16,16,16,16,16,33,0,14,19.116465609069124,11.206444818526506,59.58545207977295,8031.484848484848
1777646761,60,GET,/product/66VCHSJNUP,0.600000,0.000000,14,14,14,14,25,25,25,25,25,25,25,44,0,14,22.9611033891243,8.106874069198966,102.65234112739563,7982.25
1777646761,60,GET,/product/6E92ZMYYFZ,1.000000,0.000000,14,14,15,19,32,32,32,32,32,32,32,38,0,14,21.022190762634732,10.528107173740864,76.77759882062674,7954.9473684210525
1777646761,60,GET,/product/9SIQT8TOJO,0.500000,0.000000,12,12,14,14,14,14,14,14,14,14,14,40,0,14,22.186882613459602,8.455934002995491,91.24364308081567,8034.0
1777646761,60,GET,/product/L9ECAV7KIM,0.900000,0.000000,14,14,15,15,55,55,55,55,55,55,55,36,0,14,19.325883379982162,9.067886043339968,82.9852418974042,7997.333333333333
1777646761,60,GET,/product/LS4PSXUNUM,0.300000,0.000000,13,13,64,64,64,64,64,64,64,64,64,39,0,15,20.649309729775176,9.901206940412521,85.94146883115172,7999.692307692308
1777646761,60,GET,/product/OLJCESPC7Z,0.400000,0.000000,15,15,15,15,50,50,50,50,50,50,50,38,0,14,22.455432280702027,11.443650117143989,104.83672586269677,8020.815789473684
1777646761,60,,Aggregated,34.600000,0.000000,15,16,18,21,28,36,50,59,64,64,64,2850,0,16,28.66386436889961,8.106874069198966,992.6569620147347,10709.415087719299
1777646762,60,GET,/,26.200000,0.000000,15,16,17,18,29,38,46,59,64,64,64,2171,0,16,28.89967949570636,8.51011904887855,992.6569620147347,10548.341777982496
1777646762,60,POST,/cart,2.900000,0.000000,23,24,24,25,29,33,48,48,48,48,48,247,0,23,35.2518097308996,16.517924144864082,907.0406088139862,17713.9028340081
1777646762,60,POST,/cart/checkout,1.300000,0.000000,22,22,28,28,32,36,36,36,36,36,36,107,0,22,28.80741622098765,16.39849995262921,180.49910105764866,6805.084112149532
1777646762,60,GET,/product/0PUK6V6EV0,0.500000,0.000000,13,13,15,15,15,15,15,15,15,15,15,38,0,14,21.201876341365278,10.39532502181828,52.60321288369596,8000.9473684210525
1777646762,60,GET,/product/1YMWWN1N4O,0.300000,0.000000,15,15,15,15,15,15,15,15,15,15,15,49,0,15,25.83224066457122,10.63460297882557,120.71998603641987,8023.530612244898
1777646762,60,GET,/product/2ZYFJ3GM2N,0.400000,0.000000,13,13,15,15,16,16,16,16,16,16,16,33,0,14,19.116465609069124,11.206444818526506,59.58545207977295,8031.484848484848
1777646762,60,GET,/product/66VCHSJNUP,0.600000,0.000000,14,14,14,14,25,25,25,25,25,25,25,44,0,14,22.9611033891243,8.106874069198966,102.65234112739563,7982.25
1777646762,60,GET,/product/6E92ZMYYFZ,0.900000,0.000000,14,14,15,19,32,32,32,32,32,32,32,39,0,14,20.850075128225562,10.528107173740864,76.77759882062674,7956.102564102564
1777646762,60,GET,/product/9SIQT8TOJO,0.400000,0.000000,12,12,14,14,14,14,14,14,14,14,14,40,0,14,22.186882613459602,8.455934002995491,91.24364308081567,8034.0
1777646762,60,GET,/product/L9ECAV7KIM,0.900000,0.000000,14,14,15,15,55,55,55,55,55,55,55,36,0,14,19.325883379982162,9.067886043339968,82.9852418974042,7997.333333333333
1777646762,60,GET,/product/LS4PSXUNUM,0.300000,0.000000,13,13,64,64,64,64,64,64,64,64,64,39,0,15,20.649309729775176,9.901206940412521,85.94146883115172,7999.692307692308
1777646762,60,GET,/product/OLJCESPC7Z,0.500000,0.000000,15,15,15,15,50,50,50,50,50,50,50,39,0,14,22.27165668199842,11.443650117143989,104.83672586269677,8020.5641025641025
1777646762,60,,Aggregated,35.200000,0.000000,15,16,18,21,29,38,50,59,64,64,64,2882,0,16,28.56129613407034,8.106874069198966,992.6569620147347,10708.437543372658
1777646763,60,GET,/,25.200000,0.000000,15,16,17,18,31,39,49,59,64,64,64,2194,0,16,28.80727829517323,8.51011904887855,992.6569620147347,10548.474020054695
1777646763,60,POST,/cart,2.700000,0.000000,23,24,25,26,29,33,48,48,48,48,48,252,0,23,35.032954752548704,16.517924144864082,907.0406088139862,17777.924603174604
1777646763,60,POST,/cart/checkout,1.400000,0.000000,22,24,24,28,36,36,36,36,36,36,36,108,0,22,28.766323090099764,16.39849995262921,180.49910105764866,6805.324074074074
1777646763,60,GET,/product/0PUK6V6EV0,0.400000,0.000000,15,15,15,15,15,15,15,15,15,15,15,38,0,14,21.201876341365278,10.39532502181828,52.60321288369596,8000.9473684210525
1777646763,60,GET,/product/1YMWWN1N4O,0.200000,0.000000,15,15,15,15,15,15,15,15,15,15,15,49,0,15,25.83224066457122,10.63460297882557,120.71998603641987,8023.530612244898
1777646763,60,GET,/product/2ZYFJ3GM2N,0.600000,0.000000,13,13,15,15,16,16,16,16,16,16,16,33,0,14,19.116465609069124,11.206444818526506,59.58545207977295,8031.484848484848
1777646763,60,GET,/product/66VCHSJNUP,0.600000,0.000000,14,14,14,25,25,25,25,25,25,25,25,44,0,14,22.9611033891243,8.106874069198966,102.65234112739563,7982.25
1777646763,60,GET,/product/6E92ZMYYFZ,1.000000,0.000000,14,14,15,15,19,19,19,19,19,19,19,39,0,14,20.850075128225562,10.528107173740864,76.77759882062674,7956.102564102564
1777646763,60,GET,/product/9SIQT8TOJO,0.400000,0.000000,12,12,12,14,14,14,14,14,14,14,14,41,0,14,21.94154925826119,8.455934002995491,91.24364308081567,8035.487804878048
1777646763,60,GET,/product/L9ECAV7KIM,0.700000,0.000000,14,14,15,15,55,55,55,55,55,55,55,36,0,14,19.325883379982162,9.067886043339968,82.9852418974042,7997.333333333333
1777646763,60,GET,/product/LS4PSXUNUM,0.200000,0.000000,64,64,64,64,64,64,64,64,64,64,64,39,0,15,20.649309729775176,9.901206940412521,85.94146883115172,7999.692307692308
1777646763,60,GET,/product/OLJCESPC7Z,0.600000,0.000000,15,15,15,15,50,50,50,50,50,50,50,39,0,14,22.27165668199842,11.443650117143989,104.83672586269677,8020.5641025641025
1777646763,60,,Aggregated,34.000000,0.000000,15,17,20,22,31,39,55,59,64,64,64,2912,0,16,28.47981628436393,8.106874069198966,992.6569620147347,10722.612637362638
1777646764,60,GET,/,26.100000,0.000000,15,16,17,17,29,38,49,59,64,64,64,2216,0,16,28.66841896184105,8.51011904887855,992.6569620147347,10548.425992779783
1777646764,60,POST,/cart,2.600000,0.000000,23,24,24,26,29,33,48,48,48,48,48,256,0,23,34.83651861370163,16.517924144864082,907.0406088139862,17796.4921875
1777646764,60,POST,/cart/checkout,1.500000,0.000000,21,22,24,24,28,28,28,28,28,28,28,109,0,22,28.682819766274424,16.39849995262921,180.49910105764866,6805.155963302752
1777646764,60,GET,/product/0PUK6V6EV0,0.300000,0.000000,15,15,15,15,15,15,15,15,15,15,15,38,0,14,21.201876341365278,10.39532502181828,52.60321288369596,8000.9473684210525
1777646764,60,GET,/product/1YMWWN1N4O,0.100000,0.000000,14,14,14,14,14,14,14,14,14,14,14,50,0,15,25.564246950671077,10.63460297882557,120.71998603641987,8022.78
1777646764,60,GET,/product/2ZYFJ3GM2N,0.600000,0.000000,13,14,15,15,16,16,16,16,16,16,16,34,0,14,18.96270688431447,11.206444818526506,59.58545207977295,8032.35294117647
1777646764,60,GET,/product/66VCHSJNUP,0.600000,0.000000,14,14,14,14,25,25,25,25,25,25,25,45,0,14,22.701369784772396,8.106874069198966,102.65234112739563,7983.111111111111
1777646764,60,GET,/product/6E92ZMYYFZ,1.000000,0.000000,14,14,15,15,19,19,19,19,19,19,19,39,0,14,20.850075128225562,10.528107173740864,76.77759882062674,7956.102564102564
1777646764,60,GET,/product/9SIQT8TOJO,0.400000,0.000000,12,14,14,14,14,14,14,14,14,14,14,42,0,14,21.750003226944024,8.455934002995491,91.24364308081567,8035.928571428572
1777646764,60,GET,/product/L9ECAV7KIM,0.800000,0.000000,14,14,15,15,55,55,55,55,55,55,55,36,0,14,19.325883379982162,9.067886043339968,82.9852418974042,7997.333333333333
1777646764,60,GET,/product/LS4PSXUNUM,0.200000,0.000000,64,64,64,64,64,64,64,64,64,64,64,39,0,15,20.649309729775176,9.901206940412521,85.94146883115172,7999.692307692308
1777646764,60,GET,/product/OLJCESPC7Z,0.600000,0.000000,15,15,15,15,50,50,50,50,50,50,50,40,0,14,22.018527914769948,11.443650117143989,104.83672586269677,8018.625
1777646764,60,,Aggregated,34.800000,0.000000,15,16,18,21,28,38,50,59,64,64,64,2944,0,16,28.33981621101291,8.106874069198966,992.6569620147347,10726.537024456522
1777646765,60,GET,/,26.000000,0.000000,15,16,17,18,34,48,59,64,70,70,70,2244,0,16,28.6516721890376,8.51011904887855,992.6569620147347,10548.643048128342
1777646765,60,POST,/cart,2.700000,0.000000,23,24,24,25,29,48,66,66,66,66,66,260,0,23,34.79844463201096,16.517924144864082,907.0406088139862,17824.707692307693
1777646765,60,POST,/cart/checkout,1.200000,0.000000,21,24,24,24,28,51,51,51,51,51,51,113,0,22,28.678828788575082,16.39849995262921,180.49910105764866,6805.327433628318
1777646765,60,GET,/product/0PUK6V6EV0,0.100000,0.000000,15,15,15,15,15,15,15,15,15,15,15,38,0,14,21.201876341365278,10.39532502181828,52.60321288369596,8000.9473684210525
1777646765,60,GET,/product/1YMWWN1N4O,0.100000,0.000000,14,14,14,14,14,14,14,14,14,14,14,50,0,15,25.564246950671077,10.63460297882557,120.71998603641987,8022.78
1777646765,60,GET,/product/2ZYFJ3GM2N,0.600000,0.000000,13,14,15,15,16,16,16,16,16,16,16,34,0,14,18.96270688431447,11.206444818526506,59.58545207977295,8032.35294117647
1777646765,60,GET,/product/66VCHSJNUP,0.600000,0.000000,12,14,14,25,25,25,25,25,25,25,25,45,0,14,22.701369784772396,8.106874069198966,102.65234112739563,7983.111111111111
1777646765,60,GET,/product/6E92ZMYYFZ,0.900000,0.000000,14,14,15,15,19,19,19,19,19,19,19,42,0,14,20.37146616549719,10.528107173740864,76.77759882062674,7957.190476190476
1777646765,60,GET,/product/9SIQT8TOJO,0.400000,0.000000,14,14,14,14,16,16,16,16,16,16,16,45,0,14,21.246314079811174,8.455934002995491,91.24364308081567,8035.444444444444
1777646765,60,GET,/product/L9ECAV7KIM,0.800000,0.000000,14,14,14,15,15,15,15,15,15,15,15,36,0,14,19.325883379982162,9.067886043339968,82.9852418974042,7997.333333333333
1777646765,60,GET,/product/LS4PSXUNUM,0.200000,0.000000,64,64,64,64,64,64,64,64,64,64,64,39,0,15,20.649309729775176,9.901206940412521,85.94146883115172,7999.692307692308
1777646765,60,GET,/product/OLJCESPC7Z,0.600000,0.000000,15,15,15,15,50,50,50,50,50,50,50,40,0,14,22.018527914769948,11.443650117143989,104.83672586269677,8018.625
1777646765,60,,Aggregated,34.200000,0.000000,15,17,20,23,33,48,62,64,70,70,70,2986,0,16,28.307540081310407,8.106874069198966,992.6569620147347,10726.232417950436
1777646766,60,GET,/,25.900000,0.000000,15,16,17,19,38,49,62,64,70,70,70,2263,0,16,28.601320878155217,8.51011904887855,992.6569620147347,10548.659301811755
1777646766,60,POST,/cart,2.800000,0.000000,23,24,24,25,26,33,66,66,66,66,66,263,0,23,34.6761290470896,16.517924144864082,907.0406088139862,17836.0608365019
1777646766,60,POST,/cart/checkout,1.000000,0.000000,21,24,24,24,28,51,51,51,51,51,51,115,0,22,28.56249840039274,16.39849995262921,180.49910105764866,6805.617391304348
1777646766,60,GET,/product/0PUK6V6EV0,0.100000,0.000000,13,13,15,15,15,15,15,15,15,15,15,40,0,14,20.750119420699775,10.39532502181828,52.60321288369596,8000.975
1777646766,60,GET,/product/1YMWWN1N4O,0.200000,0.000000,14,14,14,14,14,14,14,14,14,14,14,50,0,15,25.564246950671077,10.63460297882557,120.71998603641987,8022.78
1777646766,60,GET,/product/2ZYFJ3GM2N,0.600000,0.000000,14,14,15,15,16,16,16,16,16,16,16,34,0,14,18.96270688431447,11.206444818526506,59.58545207977295,8032.35294117647
1777646766,60,GET,/product/66VCHSJNUP,0.600000,0.000000,14,14,14,14,25,25,25,25,25,25,25,46,0,14,22.507996095911317,8.106874069198966,102.65234112739563,7983.934782608696
1777646766,60,GET,/product/6E92ZMYYFZ,0.800000,0.000000,14,14,15,15,19,19,19,19,19,19,19,43,0,14,20.22952302142458,10.528107173740864,76.77759882062674,7956.3488372093025
1777646766,60,GET,/product/9SIQT8TOJO,0.500000,0.000000,13,14,14,14,16,16,16,16,16,16,16,45,0,14,21.246314079811174,8.455934002995491,91.24364308081567,8035.444444444444
1777646766,60,GET,/product/L9ECAV7KIM,0.700000,0.000000,14,14,15,15,15,15,15,15,15,15,15,36,0,14,19.325883379982162,9.067886043339968,82.9852418974042,7997.333333333333
1777646766,60,GET,/product/LS4PSXUNUM,0.200000,0.000000,64,64,64,64,64,64,64,64,64,64,64,39,0,15,20.649309729775176,9.901206940412521,85.94146883115172,7999.692307692308
1777646766,60,GET,/product/OLJCESPC7Z,0.500000,0.000000,15,15,15,15,50,50,50,50,50,50,50,40,0,14,22.018527914769948,11.443650117143989,104.83672586269677,8018.625
1777646766,60,,Aggregated,33.900000,0.000000,15,17,21,23,34,49,60,64,70,70,70,3014,0,16,28.243319509880322,8.106874069198966,992.6569620147347,10726.954213669542
1777646767,60,GET,/,25.200000,0.000000,15,16,18,20,38,49,63,67,89,89,89,2291,0,16,28.498504263792384,8.51011904887855,992.6569620147347,10548.830641641205
1777646767,60,POST,/cart,2.900000,0.000000,23,24,24,25,29,66,95,95,95,95,95,267,0,23,34.76360977247134,16.517924144864082,907.0406088139862,17831.498127340823
1777646767,60,POST,/cart/checkout,1.200000,0.000000,21,24,24,24,28,51,51,51,51,51,51,116,0,22,28.50048680155506,16.39849995262921,180.49910105764866,6805.681034482759
1777646767,60,GET,/product/0PUK6V6EV0,0.100000,0.000000,13,13,15,15,15,15,15,15,15,15,15,41,0,14,20.526167823047174,10.39532502181828,52.60321288369596,8000.024390243902
1777646767,60,GET,/product/1YMWWN1N4O,0.200000,0.000000,14,14,14,14,14,14,14,14,14,14,14,50,0,15,25.564246950671077,10.63460297882557,120.71998603641987,8022.78
1777646767,60,GET,/product/2ZYFJ3GM2N,0.700000,0.000000,14,14,15,15,16,16,16,16,16,16,16,34,0,14,18.96270688431447,11.206444818526506,59.58545207977295,8032.35294117647
1777646767,60,GET,/product/66VCHSJNUP,0.500000,0.000000,11,11,14,14,14,14,14,14,14,14,14,46,0,14,22.507996095911317,8.106874069198966,102.65234112739563,7983.934782608696
1777646767,60,GET,/product/6E92ZMYYFZ,0.700000,0.000000,14,15,15,19,80,80,80,80,80,80,80,44,0,14,21.58287170194936,10.528107173740864,79.77686496451497,7957.795454545455
1777646767,60,GET,/product/9SIQT8TOJO,0.500000,0.000000,14,14,15,15,16,16,16,16,16,16,16,46,0,14,21.120445949592344,8.455934002995491,91.24364308081567,8036.978260869565
1777646767,60,GET,/product/L9ECAV7KIM,0.600000,0.000000,14,15,15,86,86,86,86,86,86,86,86,37,0,14,21.137029857601267,9.067886043339968,86.33830305188894,7995.891891891892
1777646767,60,GET,/product/LS4PSXUNUM,0.200000,0.000000,13,13,13,13,13,13,13,13,13,13,13,39,0,15,20.649309729775176,9.901206940412521,85.94146883115172,7999.692307692308
1777646767,60,GET,/product/OLJCESPC7Z,0.600000,0.000000,15,15,15,15,50,50,50,50,50,50,50,41,0,14,21.805301819723553,11.443650117143989,104.83672586269677,8018.1463414634145
1777646767,60,,Aggregated,33.400000,0.000000,16,18,22,23,36,51,66,80,95,95,95,3052,0,16,28.204618629326294,8.106874069198966,992.6569620147347,10728.625491480996
1777646768,60,GET,/,25.600000,0.000000,16,17,19,24,42,54,63,67,89,89,89,2312,0,16,28.48060391100114,8.51011904887855,992.6569620147347,10548.917387543253
1777646768,60,POST,/cart,3.100000,0.000000,23,24,25,25,33,66,95,95,95,95,95,271,0,23,34.72529623375662,16.517924144864082,907.0406088139862,17862.538745387454
1777646768,60,POST,/cart/checkout,1.300000,0.000000,22,24,24,26,28,51,51,51,51,51,51,119,0,22,28.41328693937291,16.39849995262921,180.49910105764866,6805.638655462185
1777646768,60,GET,/product/0PUK6V6EV0,0.100000,0.000000,13,14,14,15,15,15,15,15,15,15,15,42,0,14,20.379268830376013,10.39532502181828,52.60321288369596,8001.428571428572
1777646768,60,GET,/product/1YMWWN1N4O,0.200000,0.000000,14,14,15,15,15,15,15,15,15,15,15,51,0,15,25.352086406201124,10.63460297882557,120.71998603641987,8023.529411764706
1777646768,60,GET,/product/2ZYFJ3GM2N,0.700000,0.000000,14,15,15,16,16,16,16,16,16,16,16,34,0,14,18.96270688431447,11.206444818526506,59.58545207977295,8032.35294117647
1777646768,60,GET,/product/66VCHSJNUP,0.500000,0.000000,11,11,14,14,14,14,14,14,14,14,14,46,0,14,22.507996095911317,8.106874069198966,102.65234112739563,7983.934782608696
1777646768,60,GET,/product/6E92ZMYYFZ,0.900000,0.000000,14,15,15,19,80,80,80,80,80,80,80,44,0,14,21.58287170194936,10.528107173740864,79.77686496451497,7957.795454545455
1777646768,60,GET,/product/9SIQT8TOJO,0.700000,0.000000,14,14,14,15,16,16,16,16,16,16,16,48,0,14,20.7703947283638,8.455934002995491,91.24364308081567,8037.645833333333
1777646768,60,GET,/product/L9ECAV7KIM,0.500000,0.000000,14,15,15,86,86,86,86,86,86,86,86,37,0,14,21.137029857601267,9.067886043339968,86.33830305188894,7995.891891891892
1777646768,60,GET,/product/LS4PSXUNUM,0.200000,0.000000,14,14,14,14,14,14,14,14,14,14,14,40,0,14,20.486101863207296,9.901206940412521,85.94146883115172,8000.8
1777646768,60,GET,/product/OLJCESPC7Z,0.600000,0.000000,15,15,15,50,50,50,50,50,50,50,50,41,0,14,21.805301819723553,11.443650117143989,104.83672586269677,8018.1463414634145
1777646768,60,,Aggregated,34.400000,0.000000,16,18,23,24,41,54,66,80,95,95,95,3085,0,16,28.171810397132628,8.106874069198966,992.6569620147347,10731.251539708266
1777646769,60,GET,/,24.700000,0.000000,15,17,18,23,42,54,63,67,89,89,89,2336,0,16,28.33908797745682,8.51011904887855,992.6569620147347,10548.938784246575
1777646769,60,POST,/cart,3.200000,0.000000,23,24,25,26,36,66,95,95,95,95,95,276,0,23,34.51734871444954,16.517924144864082,907.0406088139862,17867.996376811596
1777646769,60,POST,/cart/checkout,1.400000,0.000000,24,24,26,26,28,51,51,51,51,51,51,120,0,22,28.36351431518172,16.39849995262921,180.49910105764866,6805.633333333333
1777646769,60,GET,/product/0PUK6V6EV0,0.200000,0.000000,13,14,14,15,15,15,15,15,15,15,15,42,0,14,20.379268830376013,10.39532502181828,52.60321288369596,8001.428571428572
1777646769,60,GET,/product/1YMWWN1N4O,0.200000,0.000000,14,14,15,15,15,15,15,15,15,15,15,52,0,15,25.106498434279974,10.63460297882557,120.71998603641987,8023.9807692307695
1777646769,60,GET,/product/2ZYFJ3GM2N,0.600000,0.000000,15,15,16,16,16,16,16,16,16,16,16,34,0,14,18.96270688431447,11.206444818526506,59.58545207977295,8032.35294117647
1777646769,60,GET,/product/66VCHSJNUP,0.300000,0.000000,14,14,14,14,14,14,14,14,14,14,14,47,0,14,22.333704861515063,8.106874069198966,102.65234112739563,7982.446808510638
1777646769,60,GET,/product/6E92ZMYYFZ,0.900000,0.000000,14,15,19,19,27,80,80,80,80,80,80,47,0,14,21.346636384012218,10.528107173740864,79.77686496451497,7958.829787234043
1777646769,60,GET,/product/9SIQT8TOJO,0.800000,0.000000,14,14,14,15,16,16,16,16,16,16,16,48,0,14,20.7703947283638,8.455934002995491,91.24364308081567,8037.645833333333
1777646769,60,GET,/product/L9ECAV7KIM,0.400000,0.000000,14,14,86,86,86,86,86,86,86,86,86,38,0,14,20.960197336726676,9.067886043339968,86.33830305188894,7994.789473684211
1777646769,60,GET,/product/LS4PSXUNUM,0.100000,0.000000,14,14,14,14,14,14,14,14,14,14,14,40,0,14,20.486101863207296,9.901206940412521,85.94146883115172,8000.8
1777646769,60,GET,/product/OLJCESPC7Z,0.600000,0.000000,15,15,15,15,15,15,15,15,15,15,15,41,0,14,21.805301819723553,11.443650117143989,104.83672586269677,8018.1463414634145
1777646769,60,,Aggregated,33.400000,0.000000,16,18,23,24,39,54,66,80,95,95,95,3121,0,16,28.034803798560677,8.106874069198966,992.6569620147347,10735.211791092599
1777646770,60,GET,/,24.800000,0.000000,15,17,18,23,42,53,63,67,89,89,89,2363,0,16,28.22741905682126,8.51011904887855,992.6569620147347,10549.04612780364
1777646770,60,POST,/cart,3.400000,0.000000,23,24,25,26,36,66,95,95,95,95,95,277,0,23,34.46791222443407,16.517924144864082,907.0406088139862,17862.84476534296
1777646770,60,POST,/cart/checkout,1.600000,0.000000,24,24,26,27,28,51,51,51,51,51,51,120,0,22,28.36351431518172,16.39849995262921,180.49910105764866,6805.633333333333
1777646770,60,GET,/product/0PUK6V6EV0,0.400000,0.000000,13,13,14,14,14,14,14,14,14,14,14,42,0,14,20.379268830376013,10.39532502181828,52.60321288369596,8001.428571428572
1777646770,60,GET,/product/1YMWWN1N4O,0.200000,0.000000,13,13,15,15,15,15,15,15,15,15,15,52,0,15,25.106498434279974,10.63460297882557,120.71998603641987,8023.9807692307695
1777646770,60,GET,/product/2ZYFJ3GM2N,0.500000,0.000000,15,15,16,16,16,16,16,16,16,16,16,35,0,14,18.806661405999744,11.206444818526506,59.58545207977295,8032.542857142857
1777646770,60,GET,/product/66VCHSJNUP,0.300000,0.000000,14,14,14,14,14,14,14,14,14,14,14,47,0,14,22.333704861515063,8.106874069198966,102.65234112739563,7982.446808510638
1777646770,60,GET,/product/6E92ZMYYFZ,0.900000,0.000000,14,15,19,19,27,80,80,80,80,80,80,47,0,14,21.346636384012218,10.528107173740864,79.77686496451497,7958.829787234043
1777646770,60,GET,/product/9SIQT8TOJO,0.800000,0.000000,14,14,14,15,16,16,16,16,16,16,16,49,0,14,20.552967817579606,8.455934002995491,91.24364308081567,8038.775510204082
1777646770,60,GET,/product/L9ECAV7KIM,0.200000,0.000000,14,14,86,86,86,86,86,86,86,86,86,38,0,14,20.960197336726676,9.067886043339968,86.33830305188894,7994.789473684211
1777646770,60,GET,/product/LS4PSXUNUM,0.100000,0.000000,14,14,14,14,14,14,14,14,14,14,14,40,0,14,20.486101863207296,9.901206940412521,85.94146883115172,8000.8
1777646770,60,GET,/product/OLJCESPC7Z,0.600000,0.000000,15,15,15,51,51,51,51,51,51,51,51,42,0,14,22.51150751752513,11.443650117143989,104.83672586269677,8020.047619047619
1777646770,60,,Aggregated,33.800000,0.000000,16,18,23,24,42,54,66,80,95,95,95,3152,0,16,27.94854420830843,8.106874069198966,992.6569620147347,10732.97652284264
1777646771,60,GET,/,24.700000,0.000000,15,16,18,23,42,56,70,85,89,89,89,2381,0,16,28.26368842443709,8.51011904887855,992.6569620147347,10549.043259134818
1777646771,60,POST,/cart,3.400000,0.000000,23,24,25,25,36,66,95,95,95,95,95,279,0,23,34.389619541931964,16.517924144864082,907.0406088139862,17862.767025089604
1777646771,60,POST,/cart/checkout,1.500000,0.000000,24,24,27,28,66,85,85,85,85,85,85,123,0,22,29.050273981657092,16.39849995262921,180.49910105764866,6806.0
1777646771,60,GET,/product/0PUK6V6EV0,0.400000,0.000000,13,13,14,14,14,14,14,14,14,14,14,42,0,14,20.379268830376013,10.39532502181828,52.60321288369596,8001.428571428572
1777646771,60,GET,/product/1YMWWN1N4O,0.200000,0.000000,13,13,15,15,15,15,15,15,15,15,15,52,0,15,25.106498434279974,10.63460297882557,120.71998603641987,8023.9807692307695
1777646771,60,GET,/product/2ZYFJ3GM2N,0.500000,0.000000,15,15,16,16,16,16,16,16,16,16,16,35,0,14,18.806661405999744,11.206444818526506,59.58545207977295,8032.542857142857
1777646771,60,GET,/product/66VCHSJNUP,0.200000,0.000000,14,14,15,15,15,15,15,15,15,15,15,48,0,14,22.170588592416607,8.106874069198966,102.65234112739563,7981.104166666667
1777646771,60,GET,/product/6E92ZMYYFZ,0.900000,0.000000,14,15,15,15,27,80,80,80,80,80,80,49,0,14,20.988991754889792,10.528107173740864,79.77686496451497,7961.775510204082
1777646771,60,GET,/product/9SIQT8TOJO,0.900000,0.000000,14,14,14,15,16,16,16,16,16,16,16,49,0,14,20.552967817579606,8.455934002995491,91.24364308081567,8038.775510204082
1777646771,60,GET,/product/L9ECAV7KIM,0.200000,0.000000,14,14,86,86,86,86,86,86,86,86,86,38,0,14,20.960197336726676,9.067886043339968,86.33830305188894,7994.789473684211
1777646771,60,GET,/product/LS4PSXUNUM,0.200000,0.000000,14,14,14,14,14,14,14,14,14,14,14,40,0,14,20.486101863207296,9.901206940412521,85.94146883115172,8000.8
1777646771,60,GET,/product/OLJCESPC7Z,0.500000,0.000000,15,15,15,15,51,51,51,51,51,51,51,45,0,14,21.931918705296184,11.443650117143989,104.83672586269677,8021.355555555556
1777646771,60,,Aggregated,33.600000,0.000000,15,18,22,24,42,58,85,86,95,95,95,3181,0,16,27.974235220290826,8.106874069198966,992.6569620147347,10727.596038981452
1777646772,60,GET,/,23.700000,0.000000,15,16,18,25,49,59,80,85,89,89,89,2413,0,16,28.20641068811924,8.51011904887855,992.6569620147347,10549.19146290924
1777646772,60,POST,/cart,3.500000,0.000000,23,24,25,25,36,66,95,95,95,95,95,281,0,23,34.34714450239075,16.517924144864082,907.0406088139862,17873.124555160142
1777646772,60,POST,/cart/checkout,1.600000,0.000000,24,26,26,27,66,85,85,85,85,85,85,124,0,22,29.025313465089926,16.39849995262921,180.49910105764866,6806.0161290322585
1777646772,60,GET,/product/0PUK6V6EV0,0.400000,0.000000,13,13,14,14,14,14,14,14,14,14,14,42,0,14,20.379268830376013,10.39532502181828,52.60321288369596,8001.428571428572
1777646772,60,GET,/product/1YMWWN1N4O,0.300000,0.000000,13,13,15,15,15,15,15,15,15,15,15,52,0,15,25.106498434279974,10.63460297882557,120.71998603641987,8023.9807692307695
1777646772,60,GET,/product/2ZYFJ3GM2N,0.300000,0.000000,14,14,14,14,14,14,14,14,14,14,14,36,0,14,18.612661088506382,11.206444818526506,59.58545207977295,8031.583333333333
1777646772,60,GET,/product/66VCHSJNUP,0.300000,0.000000,14,15,15,73,73,73,73,73,73,73,73,49,0,14,23.206119639418866,8.106874069198966,102.65234112739563,7980.265306122449
1777646772,60,GET,/product/6E92ZMYYFZ,1.100000,0.000000,14,15,15,15,27,80,80,80,80,80,80,50,0,14,20.86494683753699,10.528107173740864,79.77686496451497,7961.64
1777646772,60,GET,/product/9SIQT8TOJO,0.900000,0.000000,14,14,14,15,16,16,16,16,16,16,16,49,0,14,20.552967817579606,8.455934002995491,91.24364308081567,8038.775510204082
1777646772,60,GET,/product/L9ECAV7KIM,0.300000,0.000000,15,15,86,86,86,86,86,86,86,86,86,39,0,14,20.8148366640298,9.067886043339968,86.33830305188894,7993.2307692307695
1777646772,60,GET,/product/LS4PSXUNUM,0.100000,0.000000,14,14,14,14,14,14,14,14,14,14,14,40,0,14,20.486101863207296,9.901206940412521,85.94146883115172,8000.8
1777646772,60,GET,/product/OLJCESPC7Z,0.400000,0.000000,15,15,15,15,51,51,51,51,51,51,51,45,0,14,21.931918705296184,11.443650117143989,104.83672586269677,8021.355555555556
1777646772,60,,Aggregated,32.900000,0.000000,15,18,23,25,49,60,85,86,95,95,95,3220,0,16,27.93474538737665,8.106874069198966,992.6569620147347,10726.60900621118
1777646773,60,GET,/,24.300000,0.000000,15,17,18,25,49,60,80,85,89,89,89,2431,0,16,28.145159015654965,8.51011904887855,992.6569620147347,10549.186754422048
1777646773,60,POST,/cart,3.300000,0.000000,23,24,25,25,36,66,95,95,95,95,95,286,0,23,34.127822011494295,16.517924144864082,907.0406088139862,17903.04195804196
1777646773,60,POST,/cart/checkout,1.600000,0.000000,22,26,26,27,66,85,85,85,85,85,85,125,0,22,28.95253199711442,16.39849995262921,180.49910105764866,6806.008
1777646773,60,GET,/product/0PUK6V6EV0,0.400000,0.000000,13,13,14,14,14,14,14,14,14,14,14,42,0,14,20.379268830376013,10.39532502181828,52.60321288369596,8001.428571428572
1777646773,60,GET,/product/1YMWWN1N4O,0.300000,0.000000,13,13,15,15,15,15,15,15,15,15,15,52,0,15,25.106498434279974,10.63460297882557,120.71998603641987,8023.9807692307695
1777646773,60,GET,/product/2ZYFJ3GM2N,0.200000,0.000000,14,14,14,14,14,14,14,14,14,14,14,36,0,14,18.612661088506382,11.206444818526506,59.58545207977295,8031.583333333333
1777646773,60,GET,/product/66VCHSJNUP,0.300000,0.000000,14,15,15,73,73,73,73,73,73,73,73,49,0,14,23.206119639418866,8.106874069198966,102.65234112739563,7980.265306122449
1777646773,60,GET,/product/6E92ZMYYFZ,0.900000,0.000000,14,15,15,15,27,80,80,80,80,80,80,50,0,14,20.86494683753699,10.528107173740864,79.77686496451497,7961.64
1777646773,60,GET,/product/9SIQT8TOJO,0.900000,0.000000,14,14,14,15,16,16,16,16,16,16,16,50,0,14,20.409437478519976,8.455934002995491,91.24364308081567,8039.06
1777646773,60,GET,/product/L9ECAV7KIM,0.300000,0.000000,15,15,15,86,86,86,86,86,86,86,86,40,0,14,20.663494151085615,9.067886043339968,86.33830305188894,7994.1
1777646773,60,GET,/product/LS4PSXUNUM,0.100000,0.000000,14,14,14,14,14,14,14,14,14,14,14,40,0,14,20.486101863207296,9.901206940412521,85.94146883115172,8000.8
1777646773,60,GET,/product/OLJCESPC7Z,0.500000,0.000000,13,15,15,15,51,51,51,51,51,51,51,46,0,14,21.738378164034497,11.443650117143989,104.83672586269677,8022.45652173913
1777646773,60,,Aggregated,33.100000,0.000000,16,18,23,25,51,65,85,86,95,95,95,3247,0,16,27.86535155062524,8.106874069198966,992.6569620147347,10735.582075762242
1777646774,60,GET,/,23.700000,0.000000,15,17,19,26,52,63,80,85,89,89,89,2463,0,16,28.04997351564697,8.51011904887855,992.6569620147347,10549.33089727974
1777646774,60,POST,/cart,3.300000,0.000000,24,25,26,28,55,66,95,95,95,95,95,288,0,23,34.17750742098886,16.517924144864082,907.0406088139862,17912.777777777777
1777646774,60,POST,/cart/checkout,1.700000,0.000000,24,26,27,51,66,85,85,85,85,85,85,125,0,22,28.95253199711442,16.39849995262921,180.49910105764866,6806.008
1777646774,60,GET,/product/0PUK6V6EV0,0.400000,0.000000,13,13,14,14,14,14,14,14,14,14,14,42,0,14,20.379268830376013,10.39532502181828,52.60321288369596,8001.428571428572
1777646774,60,GET,/product/1YMWWN1N4O,0.300000,0.000000,13,13,15,15,15,15,15,15,15,15,15,52,0,15,25.106498434279974,10.63460297882557,120.71998603641987,8023.9807692307695
1777646774,60,GET,/product/2ZYFJ3GM2N,0.200000,0.000000,14,14,14,14,14,14,14,14,14,14,14,36,0,14,18.612661088506382,11.206444818526506,59.58545207977295,8031.583333333333
1777646774,60,GET,/product/66VCHSJNUP,0.400000,0.000000,14,14,15,15,73,73,73,73,73,73,73,51,0,14,22.800781339516533,8.106874069198966,102.65234112739563,7980.980392156863
1777646774,60,GET,/product/6E92ZMYYFZ,1.100000,0.000000,14,15,15,15,27,80,80,80,80,80,80,51,0,14,20.703048016145534,10.528107173740864,79.77686496451497,7962.274509803921
1777646774,60,GET,/product/9SIQT8TOJO,0.900000,0.000000,14,14,15,16,40,40,40,40,40,40,40,52,0,14,20.662516633120294,8.455934002995491,91.24364308081567,8038.153846153846
1777646774,60,GET,/product/L9ECAV7KIM,0.200000,0.000000,15,15,86,86,86,86,86,86,86,86,86,40,0,14,20.663494151085615,9.067886043339968,86.33830305188894,7994.1
1777646774,60,GET,/product/LS4PSXUNUM,0.100000,0.000000,15,15,15,15,15,15,15,15,15,15,15,42,0,15,20.22220239242805,9.901206940412521,85.94146883115172,8000.261904761905
1777646774,60,GET,/product/OLJCESPC7Z,0.700000,0.000000,13,15,15,15,51,51,51,51,51,51,51,46,0,14,21.738378164034497,11.443650117143989,104.83672586269677,8022.45652173913
1777646774,60,,Aggregated,33.000000,0.000000,15,18,23,26,52,65,85,86,95,95,95,3288,0,16,27.782779877949867,8.106874069198966,992.6569620147347,10733.2649026764
1777646775,60,GET,/,23.500000,0.000000,15,16,18,19,41,59,80,85,89,89,89,2488,0,16,27.926882999571838,8.51011904887855,992.6569620147347,10549.290996784566
1777646775,60,POST,/cart,3.400000,0.000000,23,25,25,28,55,58,95,95,95,95,95,289,0,23,34.1266001047805,16.517924144864082,907.0406088139862,17907.76124567474
1777646775,60,POST,/cart/checkout,1.700000,0.000000,24,26,27,27,66,85,85,85,85,85,85,125,0,22,28.95253199711442,16.39849995262921,180.49910105764866,6806.008
1777646775,60,GET,/product/0PUK6V6EV0,0.400000,0.000000,13,13,14,14,14,14,14,14,14,14,14,43,0,14,20.202077600325264,10.39532502181828,52.60321288369596,8002.581395348837
1777646775,60,GET,/product/1YMWWN1N4O,0.300000,0.000000,15,15,15,15,15,15,15,15,15,15,15,52,0,15,25.106498434279974,10.63460297882557,120.71998603641987,8023.9807692307695
1777646775,60,GET,/product/2ZYFJ3GM2N,0.300000,0.000000,14,14,14,14,14,14,14,14,14,14,14,36,0,14,18.612661088506382,11.206444818526506,59.58545207977295,8031.583333333333
1777646775,60,GET,/product/66VCHSJNUP,0.500000,0.000000,14,14,15,15,73,73,73,73,73,73,73,51,0,14,22.800781339516533,8.106874069198966,102.65234112739563,7980.980392156863
1777646775,60,GET,/product/6E92ZMYYFZ,1.100000,0.000000,14,14,15,27,80,80,80,80,80,80,80,52,0,14,20.56592459288927,10.528107173740864,79.77686496451497,7963.615384615385
1777646775,60,GET,/product/9SIQT8TOJO,0.900000,0.000000,14,14,15,15,40,40,40,40,40,40,40,53,0,14,20.498672434357257,8.455934002995491,91.24364308081567,8038.471698113208
1777646775,60,GET,/product/L9ECAV7KIM,0.300000,0.000000,15,15,86,86,86,86,86,86,86,86,86,40,0,14,20.663494151085615,9.067886043339968,86.33830305188894,7994.1
1777646775,60,GET,/product/LS4PSXUNUM,0.100000,0.000000,15,15,15,15,15,15,15,15,15,15,15,42,0,15,20.22220239242805,9.901206940412521,85.94146883115172,8000.261904761905
1777646775,60,GET,/product/OLJCESPC7Z,0.600000,0.000000,13,15,15,15,51,51,51,51,51,51,51,47,0,14,21.531908138793835,11.443650117143989,104.83672586269677,8021.191489361702
1777646775,60,,Aggregated,33.100000,0.000000,15,17,21,24,41,59,85,86,95,95,95,3318,0,16,27.671667089407354,8.106874069198966,992.6569620147347,10730.311332127787
1777646776,60,GET,/,23.900000,0.000000,15,16,18,19,42,59,80,85,89,89,89,2510,0,16,27.817491941576993,8.51011904887855,992.6569620147347,10549.418326693227
1777646776,60,POST,/cart,3.300000,0.000000,22,24,25,26,36,58,95,95,95,95,95,294,0,23,33.92220370243398,16.517924144864082,907.0406088139862,17907.35714285714
1777646776,60,POST,/cart/checkout,1.700000,0.000000,24,26,27,27,66,85,85,85,85,85,85,131,0,22,28.72774215905664,16.39849995262921,180.49910105764866,6806.206106870229
1777646776,60,GET,/product/0PUK6V6EV0,0.400000,0.000000,14,14,15,15,15,15,15,15,15,15,15,44,0,14,20.08061560759829,10.39532502181828,52.60321288369596,8003.590909090909
1777646776,60,GET,/product/1YMWWN1N4O,0.200000,0.000000,15,15,15,15,15,15,15,15,15,15,15,52,0,15,25.106498434279974,10.63460297882557,120.71998603641987,8023.9807692307695
1777646776,60,GET,/product/2ZYFJ3GM2N,0.300000,0.000000,14,14,48,48,48,48,48,48,48,48,48,37,0,14,19.418234873965787,11.206444818526506,59.58545207977295,8031.783783783784
1777646776,60,GET,/product/66VCHSJNUP,0.400000,0.000000,14,14,15,15,73,73,73,73,73,73,73,51,0,14,22.800781339516533,8.106874069198966,102.65234112739563,7980.980392156863
1777646776,60,GET,/product/6E92ZMYYFZ,1.200000,0.000000,14,14,15,27,80,80,80,80,80,80,80,52,0,14,20.56592459288927,10.528107173740864,79.77686496451497,7963.615384615385
1777646776,60,GET,/product/9SIQT8TOJO,0.900000,0.000000,14,14,15,15,40,40,40,40,40,40,40,53,0,14,20.498672434357257,8.455934002995491,91.24364308081567,8038.471698113208
1777646776,60,GET,/product/L9ECAV7KIM,0.400000,0.000000,15,15,86,86,86,86,86,86,86,86,86,40,0,14,20.663494151085615,9.067886043339968,86.33830305188894,7994.1
1777646776,60,GET,/product/LS4PSXUNUM,0.100000,0.000000,15,15,15,15,15,15,15,15,15,15,15,42,0,15,20.22220239242805,9.901206940412521,85.94146883115172,8000.261904761905
1777646776,60,GET,/product/OLJCESPC7Z,0.700000,0.000000,13,15,15,15,51,51,51,51,51,51,51,48,0,14,21.327752406553675,11.443650117143989,104.83672586269677,8020.479166666667
1777646776,60,,Aggregated,33.500000,0.000000,15,18,22,24,42,59,85,86,95,95,95,3354,0,16,27.574307849901725,8.106874069198966,992.6569620147347,10730.450805008944
1777646777,60,GET,/,24.600000,0.000000,15,16,17,18,39,56,71,85,86,86,86,2535,0,16,27.67652447107643,8.51011904887855,992.6569620147347,10549.449309664695
1777646777,60,POST,/cart,3.200000,0.000000,22,24,25,28,36,55,58,58,58,58,58,297,0,23,33.834188233477754,16.517924144864082,907.0406088139862,17907.07744107744
1777646777,60,POST,/cart/checkout,1.400000,0.000000,24,26,27,32,66,85,85,85,85,85,85,131,0,22,28.72774215905664,16.39849995262921,180.49910105764866,6806.206106870229
1777646777,60,GET,/product/0PUK6V6EV0,0.400000,0.000000,14,14,15,15,15,15,15,15,15,15,15,44,0,14,20.08061560759829,10.39532502181828,52.60321288369596,8003.590909090909
1777646777,60,GET,/product/1YMWWN1N4O,0.200000,0.000000,15,15,15,15,15,15,15,15,15,15,15,52,0,15,25.106498434279974,10.63460297882557,120.71998603641987,8023.9807692307695
1777646777,60,GET,/product/2ZYFJ3GM2N,0.200000,0.000000,14,14,14,48,48,48,48,48,48,48,48,39,0,14,19.114677495776842,11.206444818526506,59.58545207977295,8032.358974358975
1777646777,60,GET,/product/66VCHSJNUP,0.600000,0.000000,14,15,15,73,73,73,73,73,73,73,73,51,0,14,22.800781339516533,8.106874069198966,102.65234112739563,7980.980392156863
1777646777,60,GET,/product/6E92ZMYYFZ,1.300000,0.000000,14,14,15,15,27,27,27,27,27,27,27,52,0,14,20.56592459288927,10.528107173740864,79.77686496451497,7963.615384615385
1777646777,60,GET,/product/9SIQT8TOJO,1.000000,0.000000,13,14,14,14,40,40,40,40,40,40,40,53,0,14,20.498672434357257,8.455934002995491,91.24364308081567,8038.471698113208
1777646777,60,GET,/product/L9ECAV7KIM,0.400000,0.000000,15,15,86,86,86,86,86,86,86,86,86,40,0,14,20.663494151085615,9.067886043339968,86.33830305188894,7994.1
1777646777,60,GET,/product/LS4PSXUNUM,0.300000,0.000000,15,15,15,15,15,15,15,15,15,15,15,43,0,15,20.065303123014612,9.901206940412521,85.94146883115172,7999.302325581395
1777646777,60,GET,/product/OLJCESPC7Z,0.600000,0.000000,13,13,15,15,51,51,51,51,51,51,51,49,0,14,21.164106661263776,11.443650117143989,104.83672586269677,8021.530612244898
1777646777,60,,Aggregated,34.200000,0.000000,15,17,20,23,39,56,71,85,86,86,86,3386,0,16,27.45177840605781,8.106874069198966,992.6569620147347,10732.280567040756
1777646778,60,GET,/,24.400000,0.000000,15,16,16,17,34,56,71,85,86,86,86,2565,0,16,27.52142524615395,8.51011904887855,992.6569620147347,10549.553606237816
1777646778,60,POST,/cart,3.100000,0.000000,22,25,26,32,36,43,55,55,55,55,55,298,0,23,33.865945463712585,16.517924144864082,907.0406088139862,17902.171140939598
1777646778,60,POST,/cart/checkout,1.400000,0.000000,23,25,26,32,66,85,85,85,85,85,85,132,0,22,28.667252217983883,16.39849995262921,180.49910105764866,6806.181818181818
1777646778,60,GET,/product/0PUK6V6EV0,0.400000,0.000000,14,14,15,15,15,15,15,15,15,15,15,44,0,14,20.08061560759829,10.39532502181828,52.60321288369596,8003.590909090909
1777646778,60,GET,/product/1YMWWN1N4O,0.200000,0.000000,13,13,13,13,13,13,13,13,13,13,13,53,0,15,24.82117682185797,9.984452975913882,120.71998603641987,8022.698113207547
1777646778,60,GET,/product/2ZYFJ3GM2N,0.200000,0.000000,14,14,14,48,48,48,48,48,48,48,48,39,0,14,19.114677495776842,11.206444818526506,59.58545207977295,8032.358974358975
1777646778,60,GET,/product/66VCHSJNUP,0.600000,0.000000,15,15,15,15,73,73,73,73,73,73,73,52,0,14,22.653839121071194,8.106874069198966,102.65234112739563,7979.7692307692305
1777646778,60,GET,/product/6E92ZMYYFZ,1.000000,0.000000,14,14,15,15,27,27,27,27,27,27,27,53,0,14,20.442939301917576,10.528107173740864,79.77686496451497,7964.773584905661
1777646778,60,GET,/product/9SIQT8TOJO,0.800000,0.000000,13,14,14,14,40,40,40,40,40,40,40,53,0,14,20.498672434357257,8.455934002995491,91.24364308081567,8038.471698113208
1777646778,60,GET,/product/L9ECAV7KIM,0.400000,0.000000,15,15,15,15,15,15,15,15,15,15,15,40,0,14,20.663494151085615,9.067886043339968,86.33830305188894,7994.1
1777646778,60,GET,/product/LS4PSXUNUM,0.300000,0.000000,15,15,15,15,15,15,15,15,15,15,15,43,0,15,20.065303123014612,9.901206940412521,85.94146883115172,7999.302325581395
1777646778,60,GET,/product/OLJCESPC7Z,0.700000,0.000000,13,15,15,15,51,51,51,51,51,51,51,49,0,14,21.164106661263776,11.443650117143989,104.83672586269677,8021.530612244898
1777646778,60,,Aggregated,33.500000,0.000000,15,16,18,21,36,56,71,85,86,86,86,3421,0,16,27.327512645725356,8.106874069198966,992.6569620147347,10728.851213095586
1777646779,60,GET,/,24.200000,0.000000,15,15,16,17,34,56,71,85,86,86,86,2585,0,16,27.425384879061806,8.51011904887855,992.6569620147347,10549.611605415861
1777646779,60,POST,/cart,3.200000,0.000000,22,24,25,26,32,43,55,55,55,55,55,302,0,23,33.711026864440875,16.517924144864082,907.0406088139862,17911.119205298015
1777646779,60,POST,/cart/checkout,1.600000,0.000000,24,25,26,32,66,85,85,85,85,85,85,134,0,22,28.558950819102908,16.39849995262921,180.49910105764866,6806.059701492537
1777646779,60,GET,/product/0PUK6V6EV0,0.400000,0.000000,13,14,14,15,15,15,15,15,15,15,15,45,0,14,19.9021400573353,10.39532502181828,52.60321288369596,8004.711111111111
1777646779,60,GET,/product/1YMWWN1N4O,0.200000,0.000000,13,13,13,13,13,13,13,13,13,13,13,53,0,15,24.82117682185797,9.984452975913882,120.71998603641987,8022.698113207547
1777646779,60,GET,/product/2ZYFJ3GM2N,0.300000,0.000000,14,14,14,14,48,48,48,48,48,48,48,40,0,14,18.95469833398238,11.206444818526506,59.58545207977295,8032.925
1777646779,60,GET,/product/66VCHSJNUP,0.500000,0.000000,14,15,15,15,73,73,73,73,73,73,73,53,0,14,22.44783596592551,8.106874069198966,102.65234112739563,7979.66037735849
1777646779,60,GET,/product/6E92ZMYYFZ,0.900000,0.000000,14,14,15,15,27,27,27,27,27,27,27,53,0,14,20.442939301917576,10.528107173740864,79.77686496451497,7964.773584905661
1777646779,60,GET,/product/9SIQT8TOJO,0.700000,0.000000,13,14,14,40,40,40,40,40,40,40,40,53,0,14,20.498672434357257,8.455934002995491,91.24364308081567,8038.471698113208
1777646779,60,GET,/product/L9ECAV7KIM,0.400000,0.000000,15,15,15,15,15,15,15,15,15,15,15,40,0,14,20.663494151085615,9.067886043339968,86.33830305188894,7994.1
1777646779,60,GET,/product/LS4PSXUNUM,0.300000,0.000000,15,15,15,15,15,15,15,15,15,15,15,43,0,15,20.065303123014612,9.901206940412521,85.94146883115172,7999.302325581395
1777646779,60,GET,/product/OLJCESPC7Z,0.800000,0.000000,13,15,15,15,51,51,51,51,51,51,51,50,0,14,21.04504918679595,11.443650117143989,104.83672586269677,8021.16
1777646779,60,,Aggregated,33.500000,0.000000,15,16,18,21,34,56,71,85,86,86,86,3451,0,16,27.230598965686184,8.106874069198966,992.6569620147347,10731.536945812808
1777646780,60,GET,/,24.500000,0.000000,15,16,16,17,34,58,71,85,86,86,86,2605,0,16,27.354404903347685,8.51011904887855,992.6569620147347,10549.63378119002
1777646780,60,POST,/cart,3.000000,0.000000,22,24,25,26,32,43,55,55,55,55,55,308,0,23,33.48366710789768,16.517924144864082,907.0406088139862,17901.146103896102
1777646780,60,POST,/cart/checkout,1.400000,0.000000,23,24,25,26,32,85,85,85,85,85,85,134,0,22,28.558950819102908,16.39849995262921,180.49910105764866,6806.059701492537
1777646780,60,GET,/product/0PUK6V6EV0,0.200000,0.000000,13,14,14,15,15,15,15,15,15,15,15,45,0,14,19.9021400573353,10.39532502181828,52.60321288369596,8004.711111111111
1777646780,60,GET,/product/1YMWWN1N4O,0.200000,0.000000,13,13,13,13,13,13,13,13,13,13,13,54,0,15,24.594656178831226,9.984452975913882,120.71998603641987,8023.5
1777646780,60,GET,/product/2ZYFJ3GM2N,0.500000,0.000000,13,14,14,14,48,48,48,48,48,48,48,41,0,14,18.782063909783595,11.206444818526506,59.58545207977295,8031.682926829269
1777646780,60,GET,/product/66VCHSJNUP,0.500000,0.000000,15,15,15,15,73,73,73,73,73,73,73,53,0,14,22.44783596592551,8.106874069198966,102.65234112739563,7979.66037735849
1777646780,60,GET,/product/6E92ZMYYFZ,0.800000,0.000000,14,14,14,14,15,15,15,15,15,15,15,53,0,14,20.442939301917576,10.528107173740864,79.77686496451497,7964.773584905661
1777646780,60,GET,/product/9SIQT8TOJO,0.700000,0.000000,13,14,14,40,40,40,40,40,40,40,40,53,0,14,20.498672434357257,8.455934002995491,91.24364308081567,8038.471698113208
1777646780,60,GET,/product/L9ECAV7KIM,0.300000,0.000000,15,15,39,39,39,39,39,39,39,39,39,41,0,14,21.099878730615828,9.067886043339968,86.33830305188894,7994.756097560976
1777646780,60,GET,/product/LS4PSXUNUM,0.400000,0.000000,15,15,15,15,15,15,15,15,15,15,15,43,0,15,20.065303123014612,9.901206940412521,85.94146883115172,7999.302325581395
1777646780,60,GET,/product/OLJCESPC7Z,0.800000,0.000000,13,13,15,15,15,15,15,15,15,15,15,50,0,14,21.04504918679595,11.443650117143989,104.83672586269677,8021.16
1777646780,60,,Aggregated,33.300000,0.000000,15,16,19,21,32,55,71,85,86,86,86,3480,0,16,27.164270763951837,8.106874069198966,992.6569620147347,10739.668965517241
1777646781,60,GET,/,24.900000,0.000000,14,15,16,17,24,44,65,66,80,80,80,2627,0,16,27.258496035863924,8.51011904887855,992.6569620147347,10549.75256947088
1777646781,60,POST,/cart,2.700000,0.000000,22,24,27,28,32,43,55,55,55,55,55,311,0,23,33.44283251232584,16.517924144864082,907.0406088139862,17891.819935691317
1777646781,60,POST,/cart/checkout,1.300000,0.000000,23,24,25,26,32,85,85,85,85,85,85,135,0,22,28.509775257703883,16.39849995262921,180.49910105764866,6805.8
1777646781,60,GET,/product/0PUK6V6EV0,0.200000,0.000000,13,13,15,15,15,15,15,15,15,15,15,45,0,14,19.9021400573353,10.39532502181828,52.60321288369596,8004.711111111111
1777646781,60,GET,/product/1YMWWN1N4O,0.200000,0.000000,13,13,13,13,13,13,13,13,13,13,13,55,0,15,24.34010803276165,9.984452975913882,120.71998603641987,8024.727272727273
1777646781,60,GET,/product/2ZYFJ3GM2N,0.500000,0.000000,13,13,14,14,48,48,48,48,48,48,48,42,0,14,18.62781593531725,11.206444818526506,59.58545207977295,8031.857142857143
1777646781,60,GET,/product/66VCHSJNUP,0.600000,0.000000,15,15,16,16,73,73,73,73,73,73,73,54,0,14,22.333432872848654,8.106874069198966,102.65234112739563,7979.981481481482
1777646781,60,GET,/product/6E92ZMYYFZ,0.800000,0.000000,14,14,15,15,15,15,15,15,15,15,15,53,0,14,20.442939301917576,10.528107173740864,79.77686496451497,7964.773584905661
1777646781,60,GET,/product/9SIQT8TOJO,0.500000,0.000000,13,14,14,40,40,40,40,40,40,40,40,54,0,14,20.346569406144596,8.455934002995491,91.24364308081567,8037.759259259259
1777646781,60,GET,/product/L9ECAV7KIM,0.300000,0.000000,15,15,39,39,39,39,39,39,39,39,39,42,0,14,20.925155619070644,9.067886043339968,86.33830305188894,7996.190476190476
1777646781,60,GET,/product/LS4PSXUNUM,0.300000,0.000000,15,15,15,30,30,30,30,30,30,30,30,45,0,15,20.127247563666767,9.901206940412521,85.94146883115172,8001.466666666666
1777646781,60,GET,/product/OLJCESPC7Z,0.800000,0.000000,13,13,15,15,15,15,15,15,15,15,15,50,0,14,21.04504918679595,11.443650117143989,104.83672586269677,8021.16
1777646781,60,,Aggregated,33.100000,0.000000,15,16,18,21,28,43,59,66,80,80,80,3513,0,16,27.070683521997218,8.106874069198966,992.6569620147347,10737.348135496726
1777646782,60,GET,/,24.800000,0.000000,14,15,16,16,18,29,56,65,71,71,71,2650,0,16,27.133791806650752,8.51011904887855,992.6569620147347,10549.783396226416
1777646782,60,POST,/cart,2.600000,0.000000,22,24,24,24,32,43,55,55,55,55,55,318,0,23,33.179243339764525,16.517924144864082,907.0406088139862,17900.5
1777646782,60,POST,/cart/checkout,1.400000,0.000000,22,23,24,24,25,32,32,32,32,32,32,139,0,22,28.32340996330537,16.39849995262921,180.49910105764866,6806.1654676258995
1777646782,60,GET,/product/0PUK6V6EV0,0.300000,0.000000,13,13,15,15,15,15,15,15,15,15,15,45,0,14,19.9021400573353,10.39532502181828,52.60321288369596,8004.711111111111
1777646782,60,GET,/product/1YMWWN1N4O,0.100000,0.000000,13,13,13,13,13,13,13,13,13,13,13,55,0,15,24.34010803276165,9.984452975913882,120.71998603641987,8024.727272727273
1777646782,60,GET,/product/2ZYFJ3GM2N,0.600000,0.000000,13,13,14,14,48,48,48,48,48,48,48,42,0,14,18.62781593531725,11.206444818526506,59.58545207977295,8031.857142857143
1777646782,60,GET,/product/66VCHSJNUP,0.600000,0.000000,15,15,16,16,73,73,73,73,73,73,73,54,0,14,22.333432872848654,8.106874069198966,102.65234112739563,7979.981481481482
1777646782,60,GET,/product/6E92ZMYYFZ,0.600000,0.000000,14,14,14,14,14,14,14,14,14,14,14,53,0,14,20.442939301917576,10.528107173740864,79.77686496451497,7964.773584905661
1777646782,60,GET,/product/9SIQT8TOJO,0.500000,0.000000,13,13,14,14,40,40,40,40,40,40,40,55,0,14,20.200271180576898,8.455934002995491,91.24364308081567,8037.927272727273
1777646782,60,GET,/product/L9ECAV7KIM,0.200000,0.000000,15,15,39,39,39,39,39,39,39,39,39,42,0,14,20.925155619070644,9.067886043339968,86.33830305188894,7996.190476190476
1777646782,60,GET,/product/LS4PSXUNUM,0.300000,0.000000,15,15,15,15,30,30,30,30,30,30,30,46,0,14,20.002289528391607,9.901206940412521,85.94146883115172,8002.739130434783
1777646782,60,GET,/product/OLJCESPC7Z,0.900000,0.000000,13,13,13,13,15,15,15,15,15,15,15,51,0,14,20.886880811303854,11.443650117143989,104.83672586269677,8020.098039215686
1777646782,60,,Aggregated,32.900000,0.000000,15,16,18,20,24,34,48,65,71,71,71,3550,0,16,26.950383385066207,8.106874069198966,992.6569620147347,10744.332676056338
1777646783,60,GET,/,24.600000,0.000000,14,15,16,16,18,28,48,61,71,71,71,2680,0,16,27.050258646590578,8.51011904887855,992.6569620147347,10549.846641791044
1777646783,60,POST,/cart,3.100000,0.000000,22,24,24,27,32,43,55,55,55,55,55,319,0,23,33.13949781537149,16.517924144864082,907.0406088139862,17904.931034482757
1777646783,60,POST,/cart/checkout,1.300000,0.000000,22,23,24,24,25,32,32,32,32,32,32,141,0,22,28.235933745068543,16.39849995262921,180.49910105764866,6806.141843971631
1777646783,60,GET,/product/0PUK6V6EV0,0.300000,0.000000,14,14,15,15,15,15,15,15,15,15,15,46,0,14,19.764930141441848,10.39532502181828,52.60321288369596,8003.260869565217
1777646783,60,GET,/product/1YMWWN1N4O,0.200000,0.000000,12,13,13,13,13,13,13,13,13,13,13,57,0,15,23.93409637979379,9.984452975913882,120.71998603641987,8025.929824561404
1777646783,60,GET,/product/2ZYFJ3GM2N,0.600000,0.000000,12,13,13,14,48,48,48,48,48,48,48,44,0,14,18.344490190925583,11.206444818526506,59.58545207977295,8029.681818181818
1777646783,60,GET,/product/66VCHSJNUP,0.600000,0.000000,13,15,15,16,16,16,16,16,16,16,16,54,0,14,22.333432872848654,8.106874069198966,102.65234112739563,7979.981481481482
1777646783,60,GET,/product/6E92ZMYYFZ,0.600000,0.000000,14,14,14,14,14,14,14,14,14,14,14,53,0,14,20.442939301917576,10.528107173740864,79.77686496451497,7964.773584905661
1777646783,60,GET,/product/9SIQT8TOJO,0.400000,0.000000,12,40,40,44,44,44,44,44,44,44,44,56,0,14,20.628092319904162,8.455934002995491,91.24364308081567,8038.982142857143
1777646783,60,GET,/product/L9ECAV7KIM,0.300000,0.000000,15,15,39,39,39,39,39,39,39,39,39,42,0,14,20.925155619070644,9.067886043339968,86.33830305188894,7996.190476190476
1777646783,60,GET,/product/LS4PSXUNUM,0.500000,0.000000,14,15,15,15,30,30,30,30,30,30,30,47,0,14,19.834126008951916,9.901206940412521,85.94146883115172,8003.489361702128
1777646783,60,GET,/product/OLJCESPC7Z,0.700000,0.000000,13,13,13,13,15,15,15,15,15,15,15,51,0,14,20.886880811303854,11.443650117143989,104.83672586269677,8020.098039215686
1777646783,60,,Aggregated,33.200000,0.000000,14,16,17,20,24,37,48,55,71,71,71,3590,0,16,26.866014816274237,8.106874069198966,992.6569620147347,10737.63955431755
1777646784,60,GET,/,24.600000,0.000000,14,15,16,16,18,36,48,55,65,65,65,2709,0,16,26.977252847029963,8.51011904887855,992.6569620147347,10549.895164267256
1777646784,60,POST,/cart,3.400000,0.000000,22,24,24,24,29,37,43,43,43,43,43,319,0,23,33.13949781537149,16.517924144864082,907.0406088139862,17904.931034482757
1777646784,60,POST,/cart/checkout,1.100000,0.000000,22,23,24,24,25,32,32,32,32,32,32,142,0,22,28.18212358438423,16.39849995262921,180.49910105764866,6806.1760563380285
1777646784,60,GET,/product/0PUK6V6EV0,0.300000,0.000000,14,14,15,15,15,15,15,15,15,15,15,46,0,14,19.764930141441848,10.39532502181828,52.60321288369596,8003.260869565217
1777646784,60,GET,/product/1YMWWN1N4O,0.300000,0.000000,12,12,13,13,13,13,13,13,13,13,13,58,0,14,23.723288543586587,9.984452975913882,120.71998603641987,8027.017241379311
1777646784,60,GET,/product/2ZYFJ3GM2N,0.700000,0.000000,12,13,13,14,48,48,48,48,48,48,48,45,0,14,18.140770013754565,9.17708221822977,59.58545207977295,8031.177777777778
1777646784,60,GET,/product/66VCHSJNUP,0.600000,0.000000,13,15,16,16,36,36,36,36,36,36,36,56,0,14,22.39468096273153,8.106874069198966,102.65234112739563,7982.339285714285
1777646784,60,GET,/product/6E92ZMYYFZ,0.400000,0.000000,14,14,14,14,14,14,14,14,14,14,14,53,0,14,20.442939301917576,10.528107173740864,79.77686496451497,7964.773584905661
1777646784,60,GET,/product/9SIQT8TOJO,0.600000,0.000000,12,12,44,44,44,44,44,44,44,44,44,56,0,14,20.628092319904162,8.455934002995491,91.24364308081567,8038.982142857143
1777646784,60,GET,/product/L9ECAV7KIM,0.400000,0.000000,15,15,39,39,39,39,39,39,39,39,39,43,0,14,20.723650957522697,9.067886043339968,86.33830305188894,7996.488372093023
1777646784,60,GET,/product/LS4PSXUNUM,0.500000,0.000000,14,15,15,15,30,30,30,30,30,30,30,48,0,14,19.68941875869253,9.901206940412521,85.94146883115172,8003.895833333333
1777646784,60,GET,/product/OLJCESPC7Z,0.500000,0.000000,13,13,13,15,15,15,15,15,15,15,15,51,0,14,20.886880811303854,11.443650117143989,104.83672586269677,8020.098039215686
1777646784,60,,Aggregated,33.400000,0.000000,14,16,17,20,24,37,48,53,65,65,65,3626,0,16,26.79271996335907,8.106874069198966,992.6569620147347,10730.646442360729
1777646785,60,GET,/,24.000000,0.000000,14,15,15,16,19,40,55,65,83,83,83,2730,0,16,26.92308065135223,8.51011904887855,992.6569620147347,10549.960805860806
1777646785,60,POST,/cart,3.600000,0.000000,22,24,24,24,29,37,43,43,43,43,43,322,0,23,33.0278893827131,16.517924144864082,907.0406088139862,17904.67391304348
1777646785,60,POST,/cart/checkout,1.500000,0.000000,23,23,23,24,24,25,25,25,25,25,25,144,0,22,28.111196923418902,16.39849995262921,180.49910105764866,6805.784722222223
1777646785,60,GET,/product/0PUK6V6EV0,0.400000,0.000000,14,14,15,15,15,15,15,15,15,15,15,46,0,14,19.764930141441848,10.39532502181828,52.60321288369596,8003.260869565217
1777646785,60,GET,/product/1YMWWN1N4O,0.500000,0.000000,12,12,13,13,13,13,13,13,13,13,13,58,0,14,23.723288543586587,9.984452975913882,120.71998603641987,8027.017241379311
1777646785,60,GET,/product/2ZYFJ3GM2N,0.600000,0.000000,12,13,13,14,48,48,48,48,48,48,48,45,0,14,18.140770013754565,9.17708221822977,59.58545207977295,8031.177777777778
1777646785,60,GET,/product/66VCHSJNUP,0.500000,0.000000,13,15,16,16,36,36,36,36,36,36,36,56,0,14,22.39468096273153,8.106874069198966,102.65234112739563,7982.339285714285
1777646785,60,GET,/product/6E92ZMYYFZ,0.300000,0.000000,14,14,14,14,14,14,14,14,14,14,14,53,0,14,20.442939301917576,10.528107173740864,79.77686496451497,7964.773584905661
1777646785,60,GET,/product/9SIQT8TOJO,0.600000,0.000000,12,13,13,44,44,44,44,44,44,44,44,57,0,14,20.494686819514946,8.455934002995491,91.24364308081567,8039.578947368421
1777646785,60,GET,/product/L9ECAV7KIM,0.300000,0.000000,14,14,15,15,39,39,39,39,39,39,39,45,0,14,20.36379451553027,9.067886043339968,86.33830305188894,7998.6
1777646785,60,GET,/product/LS4PSXUNUM,0.600000,0.000000,13,13,14,14,30,30,30,30,30,30,30,48,0,14,19.68941875869253,9.901206940412521,85.94146883115172,8003.895833333333
1777646785,60,GET,/product/OLJCESPC7Z,0.600000,0.000000,13,13,15,15,15,15,15,15,15,15,15,51,0,14,20.886880811303854,11.443650117143989,104.83672586269677,8020.098039215686
1777646785,60,,Aggregated,33.500000,0.000000,14,15,17,20,24,39,48,61,83,83,83,3655,0,16,26.735141978021993,8.106874069198966,992.6569620147347,10731.162790697674
1777646786,60,GET,/,24.200000,0.000000,14,15,15,16,24,39,55,65,83,83,83,2761,0,15,26.82025571794265,8.51011904887855,992.6569620147347,10549.938065918146
1777646786,60,POST,/cart,3.300000,0.000000,22,24,27,29,37,47,54,54,54,54,54,327,0,23,33.05133676586462,16.517924144864082,907.0406088139862,17930.36085626911
1777646786,60,POST,/cart/checkout,1.600000,0.000000,23,23,24,24,25,25,25,25,25,25,25,146,0,22,28.050661576618378,16.39849995262921,180.49910105764866,6805.739726027397
1777646786,60,GET,/product/0PUK6V6EV0,0.400000,0.000000,14,14,15,15,15,15,15,15,15,15,15,46,0,14,19.764930141441848,10.39532502181828,52.60321288369596,8003.260869565217
1777646786,60,GET,/product/1YMWWN1N4O,0.500000,0.000000,12,13,13,13,13,13,13,13,13,13,13,59,0,14,23.540633584577908,9.984452975913882,120.71998603641987,8027.5084745762715
1777646786,60,GET,/product/2ZYFJ3GM2N,0.800000,0.000000,12,13,13,14,52,52,52,52,52,52,52,46,0,14,18.886904839588247,9.17708221822977,59.58545207977295,8031.565217391304
1777646786,60,GET,/product/66VCHSJNUP,0.500000,0.000000,15,16,16,36,36,36,36,36,36,36,36,56,0,14,22.39468096273153,8.106874069198966,102.65234112739563,7982.339285714285
1777646786,60,GET,/product/6E92ZMYYFZ,0.200000,0.000000,14,14,14,14,14,14,14,14,14,14,14,53,0,14,20.442939301917576,10.528107173740864,79.77686496451497,7964.773584905661
1777646786,60,GET,/product/9SIQT8TOJO,0.500000,0.000000,12,13,13,44,44,44,44,44,44,44,44,57,0,14,20.494686819514946,8.455934002995491,91.24364308081567,8039.578947368421
1777646786,60,GET,/product/L9ECAV7KIM,0.200000,0.000000,13,14,14,39,39,39,39,39,39,39,39,45,0,14,20.36379451553027,9.067886043339968,86.33830305188894,7998.6
1777646786,60,GET,/product/LS4PSXUNUM,0.700000,0.000000,13,13,14,14,30,30,30,30,30,30,30,48,0,14,19.68941875869253,9.901206940412521,85.94146883115172,8003.895833333333
1777646786,60,GET,/product/OLJCESPC7Z,0.500000,0.000000,13,13,15,15,15,15,15,15,15,15,15,52,0,14,20.717147930274503,11.443650117143989,104.83672586269677,8021.038461538462
1777646786,60,,Aggregated,33.400000,0.000000,14,15,17,21,28,40,53,61,83,83,83,3696,0,16,26.668106372321017,8.106874069198966,992.6569620147347,10737.307359307359
1777646787,60,GET,/,24.600000,0.000000,14,15,16,16,26,40,55,65,83,83,83,2779,0,15,26.751338629844287,8.51011904887855,992.6569620147347,10549.864699532205
1777646787,60,POST,/cart,3.200000,0.000000,22,24,24,27,37,47,54,54,54,54,54,330,0,23,32.965791340437576,16.517924144864082,907.0406088139862,17942.754545454547
1777646787,60,POST,/cart/checkout,1.700000,0.000000,23,23,23,24,24,25,25,25,25,25,25,146,0,22,28.050661576618378,16.39849995262921,180.49910105764866,6805.739726027397
1777646787,60,GET,/product/0PUK6V6EV0,0.400000,0.000000,14,14,14,14,14,14,14,14,14,14,14,46,0,14,19.764930141441848,10.39532502181828,52.60321288369596,8003.260869565217
1777646787,60,GET,/product/1YMWWN1N4O,0.600000,0.000000,12,13,13,13,13,13,13,13,13,13,13,59,0,14,23.540633584577908,9.984452975913882,120.71998603641987,8027.5084745762715
1777646787,60,GET,/product/2ZYFJ3GM2N,0.900000,0.000000,13,13,14,15,52,52,52,52,52,52,52,47,0,14,18.798738138433148,9.17708221822977,59.58545207977295,8032.021276595745
1777646787,60,GET,/product/66VCHSJNUP,0.500000,0.000000,15,16,16,36,36,36,36,36,36,36,36,56,0,14,22.39468096273153,8.106874069198966,102.65234112739563,7982.339285714285
1777646787,60,GET,/product/6E92ZMYYFZ,0.100000,0.000000,14,14,14,14,14,14,14,14,14,14,14,53,0,14,20.442939301917576,10.528107173740864,79.77686496451497,7964.773584905661
1777646787,60,GET,/product/9SIQT8TOJO,0.400000,0.000000,12,13,13,44,44,44,44,44,44,44,44,57,0,14,20.494686819514946,8.455934002995491,91.24364308081567,8039.578947368421
1777646787,60,GET,/product/L9ECAV7KIM,0.400000,0.000000,13,14,14,39,39,39,39,39,39,39,39,45,0,14,20.36379451553027,9.067886043339968,86.33830305188894,7998.6
1777646787,60,GET,/product/LS4PSXUNUM,0.600000,0.000000,13,14,14,14,30,30,30,30,30,30,30,50,0,14,19.437847146764398,9.901206940412521,85.94146883115172,8002.64
1777646787,60,GET,/product/OLJCESPC7Z,0.500000,0.000000,13,13,15,15,15,15,15,15,15,15,15,52,0,14,20.717147930274503,11.443650117143989,104.83672586269677,8021.038461538462
1777646787,60,,Aggregated,33.900000,0.000000,14,16,18,21,28,41,53,61,83,83,83,3720,0,16,26.604578632771247,8.106874069198966,992.6569620147347,10741.03817204301
1777646788,60,GET,/,24.100000,0.000000,14,15,16,16,28,41,55,65,83,83,83,2802,0,15,26.666731651334608,8.51011904887855,992.6569620147347,10550.020342612419
1777646788,60,POST,/cart,3.100000,0.000000,22,24,24,27,37,47,54,54,54,54,54,333,0,23,32.92389659283755,16.517924144864082,907.0406088139862,17937.84084084084
1777646788,60,POST,/cart/checkout,1.700000,0.000000,23,23,23,24,24,25,25,25,25,25,25,149,0,22,27.939347484642827,16.39849995262921,180.49910105764866,6806.127516778523
1777646788,60,GET,/product/0PUK6V6EV0,0.300000,0.000000,14,14,14,14,14,14,14,14,14,14,14,47,0,14,19.651700990234918,10.39532502181828,52.60321288369596,8004.191489361702
1777646788,60,GET,/product/1YMWWN1N4O,0.600000,0.000000,12,13,13,13,13,13,13,13,13,13,13,60,0,14,23.34099990936617,9.984452975913882,120.71998603641987,8027.566666666667
1777646788,60,GET,/product/2ZYFJ3GM2N,0.900000,0.000000,12,13,15,15,52,52,52,52,52,52,52,47,0,14,18.798738138433148,9.17708221822977,59.58545207977295,8032.021276595745
1777646788,60,GET,/product/66VCHSJNUP,0.500000,0.000000,16,16,36,36,36,36,36,36,36,36,36,56,0,14,22.39468096273153,8.106874069198966,102.65234112739563,7982.339285714285
1777646788,60,GET,/product/6E92ZMYYFZ,0.100000,0.000000,14,14,14,14,14,14,14,14,14,14,14,53,0,14,20.442939301917576,10.528107173740864,79.77686496451497,7964.773584905661
1777646788,60,GET,/product/9SIQT8TOJO,0.400000,0.000000,13,14,14,44,44,44,44,44,44,44,44,58,0,14,20.378032823671298,8.455934002995491,91.24364308081567,8037.931034482759
1777646788,60,GET,/product/L9ECAV7KIM,0.500000,0.000000,14,14,39,39,42,42,42,42,42,42,42,46,0,14,20.84376061152991,9.067886043339968,86.33830305188894,7999.173913043478
1777646788,60,GET,/product/LS4PSXUNUM,0.600000,0.000000,13,14,14,14,30,30,30,30,30,30,30,50,0,14,19.437847146764398,9.901206940412521,85.94146883115172,8002.64
1777646788,60,GET,/product/OLJCESPC7Z,0.400000,0.000000,13,13,15,15,15,15,15,15,15,15,15,52,0,14,20.717147930274503,11.443650117143989,104.83672586269677,8021.038461538462
1777646788,60,,Aggregated,33.200000,0.000000,15,16,20,21,29,42,53,61,83,83,83,3753,0,16,26.533955214443388,8.106874069198966,992.6569620147347,10739.264321875833
1777646789,60,GET,/,25.000000,0.000000,14,15,16,17,28,41,55,65,83,83,83,2824,0,15,26.57357552210819,8.51011904887855,992.6569620147347,10549.970254957507
1777646789,60,POST,/cart,3.300000,0.000000,22,24,24,27,37,47,54,54,54,54,54,336,0,23,32.79387064339105,15.969451982527971,907.0406088139862,17924.47619047619
1777646789,60,POST,/cart/checkout,1.500000,0.000000,23,23,23,24,24,24,25,25,25,25,25,154,0,22,27.74627505976997,16.39849995262921,180.49910105764866,6805.62987012987
1777646789,60,GET,/product/0PUK6V6EV0,0.200000,0.000000,14,14,14,14,14,14,14,14,14,14,14,48,0,14,19.501717116024036,10.39532502181828,52.60321288369596,8004.791666666667
1777646789,60,GET,/product/1YMWWN1N4O,0.700000,0.000000,12,13,13,13,13,13,13,13,13,13,13,60,0,14,23.34099990936617,9.984452975913882,120.71998603641987,8027.566666666667
1777646789,60,GET,/product/2ZYFJ3GM2N,0.900000,0.000000,12,12,15,15,52,52,52,52,52,52,52,47,0,14,18.798738138433148,9.17708221822977,59.58545207977295,8032.021276595745
1777646789,60,GET,/product/66VCHSJNUP,0.500000,0.000000,16,16,36,36,36,36,36,36,36,36,36,56,0,14,22.39468096273153,8.106874069198966,102.65234112739563,7982.339285714285
1777646789,60,GET,/product/6E92ZMYYFZ,0.100000,0.000000,14,14,14,14,14,14,14,14,14,14,14,53,0,14,20.442939301917576,10.528107173740864,79.77686496451497,7964.773584905661
1777646789,60,GET,/product/9SIQT8TOJO,0.400000,0.000000,13,14,14,44,44,44,44,44,44,44,44,58,0,14,20.378032823671298,8.455934002995491,91.24364308081567,8037.931034482759
1777646789,60,GET,/product/L9ECAV7KIM,0.500000,0.000000,13,14,39,39,42,42,42,42,42,42,42,48,0,14,20.51694620846926,9.067886043339968,86.33830305188894,7996.416666666667
1777646789,60,GET,/product/LS4PSXUNUM,0.600000,0.000000,13,14,14,14,30,30,30,30,30,30,30,51,0,14,19.292613870336435,9.901206940412521,85.94146883115172,8001.470588235294
1777646789,60,GET,/product/OLJCESPC7Z,0.400000,0.000000,15,15,15,15,15,15,15,15,15,15,15,53,0,14,20.60299938685208,11.443650117143989,104.83672586269677,8020.2830188679245
1777646789,60,,Aggregated,34.100000,0.000000,14,16,20,21,29,42,53,61,83,83,83,3788,0,16,26.434985953547876,8.106874069198966,992.6569620147347,10733.769271383315
1777646790,60,GET,/,24.200000,0.000000,14,15,16,17,26,40,55,65,83,83,83,2851,0,15,26.484868372259683,8.51011904887855,992.6569620147347,10549.987723605753
1777646790,60,POST,/cart,3.300000,0.000000,22,24,26,29,47,48,54,54,54,54,54,342,0,23,32.718758533806785,15.969451982527971,907.0406088139862,17940.359649122805
1777646790,60,POST,/cart/checkout,1.500000,0.000000,23,23,23,24,24,24,25,25,25,25,25,155,0,22,27.72079900718264,16.39849995262921,180.49910105764866,6805.7806451612905
1777646790,60,GET,/product/0PUK6V6EV0,0.200000,0.000000,14,14,14,14,14,14,14,14,14,14,14,48,0,14,19.501717116024036,10.39532502181828,52.60321288369596,8004.791666666667
1777646790,60,GET,/product/1YMWWN1N4O,0.700000,0.000000,12,12,13,13,13,13,13,13,13,13,13,60,0,14,23.34099990936617,9.984452975913882,120.71998603641987,8027.566666666667
1777646790,60,GET,/product/2ZYFJ3GM2N,0.800000,0.000000,12,12,15,15,52,52,52,52,52,52,52,47,0,14,18.798738138433148,9.17708221822977,59.58545207977295,8032.021276595745
1777646790,60,GET,/product/66VCHSJNUP,0.500000,0.000000,22,22,36,36,36,36,36,36,36,36,36,57,0,14,22.387153983704355,8.106874069198966,102.65234112739563,7983.122807017544
1777646790,60,GET,/product/6E92ZMYYFZ,0.100000,0.000000,14,14,14,14,14,14,14,14,14,14,14,54,0,14,20.275733127534664,10.528107173740864,79.77686496451497,7964.444444444444
1777646790,60,GET,/product/9SIQT8TOJO,0.400000,0.000000,13,13,14,14,44,44,44,44,44,44,44,59,0,14,20.2463923329961,8.455934002995491,91.24364308081567,8036.5084745762715
1777646790,60,GET,/product/L9ECAV7KIM,0.500000,0.000000,13,13,14,14,42,42,42,42,42,42,42,48,0,14,20.51694620846926,9.067886043339968,86.33830305188894,7996.416666666667
1777646790,60,GET,/product/LS4PSXUNUM,0.700000,0.000000,13,14,14,14,30,30,30,30,30,30,30,53,0,14,19.043628587651085,9.901206940412521,85.94146883115172,8002.490566037736
1777646790,60,GET,/product/OLJCESPC7Z,0.300000,0.000000,13,13,15,15,15,15,15,15,15,15,15,53,0,14,20.60299938685208,11.443650117143989,104.83672586269677,8020.2830188679245
1777646790,60,,Aggregated,33.200000,0.000000,14,16,20,21,29,44,53,61,83,83,83,3827,0,16,26.356561619254,8.106874069198966,992.6569620147347,10740.582701855239
1777646791,60,GET,/,23.900000,0.000000,14,15,15,16,26,40,55,65,83,83,83,2871,0,15,26.399386307410833,8.51011904887855,992.6569620147347,10549.943225357018
1777646791,60,POST,/cart,3.500000,0.000000,22,24,25,26,47,48,54,54,54,54,54,345,0,23,32.61911358981245,15.969451982527971,907.0406088139862,17935.875362318842
1777646791,60,POST,/cart/checkout,1.800000,0.000000,23,23,23,24,24,24,25,25,25,25,25,156,0,22,27.67037010441224,16.39849995262921,180.49910105764866,6805.967948717948
1777646791,60,GET,/product/0PUK6V6EV0,0.300000,0.000000,14,14,14,14,14,14,14,14,14,14,14,49,0,14,19.37227744171966,10.39532502181828,52.60321288369596,8003.673469387755
1777646791,60,GET,/product/1YMWWN1N4O,0.700000,0.000000,12,13,13,13,13,13,13,13,13,13,13,60,0,14,23.34099990936617,9.984452975913882,120.71998603641987,8027.566666666667
1777646791,60,GET,/product/2ZYFJ3GM2N,0.800000,0.000000,12,13,15,15,52,52,52,52,52,52,52,48,0,14,18.686549219031196,9.17708221822977,59.58545207977295,8032.375
1777646791,60,GET,/product/66VCHSJNUP,0.400000,0.000000,22,22,36,36,36,36,36,36,36,36,36,57,0,14,22.387153983704355,8.106874069198966,102.65234112739563,7983.122807017544
1777646791,60,GET,/product/6E92ZMYYFZ,0.000000,0.000000,14,14,14,14,14,14,14,14,14,14,14,55,0,14,20.161573563448407,10.528107173740864,79.77686496451497,7964.454545454545
1777646791,60,GET,/product/9SIQT8TOJO,0.500000,0.000000,13,13,14,14,44,44,44,44,44,44,44,59,0,14,20.2463923329961,8.455934002995491,91.24364308081567,8036.5084745762715
