Timestamp,User Count,Type,Name,Requests/s,Failures/s,50%,66%,75%,80%,90%,95%,98%,99%,99.9%,99.99%,100%,Total Request Count,Total Failure Count,Total Median Response Time,Total Average Response Time,Total Min Response Time,Total Max Response Time,Total Average Content Size
1778071210,0,,Aggregated,0.000000,0.000000,N/A,N/A,N/A,N/A,N/A,N/A,N/A,N/A,N/A,N/A,N/A,0,0,0,0.0,0,0,0
1778071211,5,GET,/,0.000000,0.000000,0,0,0,0,0,0,0,0,0,0,0,5,0,920,916.7720760218799,914.4879151135683,922.7584458421916,10499.0
1778071211,5,GET,/product/2ZYFJ3GM2N,0.000000,0.000000,0,0,0,0,0,0,0,0,0,0,0,1,0,64.11894108168781,64.11894108168781,64.11894108168781,64.11894108168781,7982.0
1778071211,5,,Aggregated,0.000000,0.000000,0,0,0,0,0,0,0,0,0,0,0,6,0,910,774.6632201985145,64.11894108168781,922.7584458421916,10079.5
1778071212,10,GET,/,0.000000,0.000000,0,0,0,0,0,0,0,0,0,0,0,10,0,120,518.7994710402563,118.37040190584958,922.7584458421916,10499.0
1778071212,10,GET,/product/2ZYFJ3GM2N,0.000000,0.000000,0,0,0,0,0,0,0,0,0,0,0,1,0,64.11894108168781,64.11894108168781,64.11894108168781,64.11894108168781,7982.0
1778071212,10,,Aggregated,0.000000,0.000000,120,910,920,920,920,920,920,920,920,920,920,11,0,120,477.4648774076592,64.11894108168781,922.7584458421916,10270.181818181818
1778071213,15,GET,/,0.000000,0.000000,110,110,110,110,110,110,110,110,110,110,110,16,0,120,347.8894383442821,12.863676995038986,922.7584458421916,10499.0
1778071213,15,POST,/cart,0.000000,0.000000,0,0,0,0,0,0,0,0,0,0,0,2,0,108.83422615006566,108.05329855065793,107.2723709512502,108.83422615006566,16456.0
1778071213,15,POST,/cart/checkout,0.000000,0.000000,0,0,0,0,0,0,0,0,0,0,0,1,0,58.50617098622024,58.50617098622024,58.50617098622024,58.50617098622024,6817.0
1778071213,15,GET,/product/2ZYFJ3GM2N,0.000000,0.000000,64,64,64,64,64,64,64,64,64,64,64,1,0,64.11894108168781,64.11894108168781,64.11894108168781,64.11894108168781,7982.0
1778071213,15,GET,/product/9SIQT8TOJO,0.000000,0.000000,0,0,0,0,0,0,0,0,0,0,0,1,0,9.65042202733457,9.65042202733457,9.65042202733457,9.65042202733457,8006.0
1778071213,15,,Aggregated,0.000000,0.000000,110,120,120,910,920,920,920,920,920,920,920,21,0,110,281.6482449859558,9.65042202733457,922.7584458421916,10652.42857142857
1778071214,20,GET,/,5.000000,0.000000,13,50,110,110,110,110,110,110,110,110,110,32,0,110,193.86339808261255,10.80789603292942,922.7584458421916,10504.5625
1778071214,20,POST,/cart,0.000000,0.000000,110,110,110,110,110,110,110,110,110,110,110,2,0,108.83422615006566,108.05329855065793,107.2723709512502,108.83422615006566,16456.0
1778071214,20,POST,/cart/checkout,0.000000,0.000000,0,0,0,0,0,0,0,0,0,0,0,2,0,59,67.53436045255512,58.50617098622024,76.56254991889,6814.0
1778071214,20,GET,/product/2ZYFJ3GM2N,0.500000,0.000000,64,64,64,64,64,64,64,64,64,64,64,1,0,64.11894108168781,64.11894108168781,64.11894108168781,64.11894108168781,7982.0
1778071214,20,GET,/product/66VCHSJNUP,0.000000,0.000000,0,0,0,0,0,0,0,0,0,0,0,1,0,33.02735509350896,33.02735509350896,33.02735509350896,33.02735509350896,7932.0
1778071214,20,GET,/product/9SIQT8TOJO,0.000000,0.000000,0,0,0,0,0,0,0,0,0,0,0,1,0,9.65042202733457,9.65042202733457,9.65042202733457,9.65042202733457,8006.0
1778071214,20,GET,/product/L9ECAV7KIM,0.000000,0.000000,0,0,0,0,0,0,0,0,0,0,0,1,0,7.731375051662326,7.731375051662326,7.731375051662326,7.731375051662326,7934.0
1778071214,20,,Aggregated,5.500000,0.000000,77,110,120,120,910,920,920,920,920,920,920,40,0,64,166.73330374760553,7.731375051662326,922.7584458421916,10363.5
1778071215,20,GET,/,4.333333,0.000000,13,15,110,110,110,110,110,110,110,110,110,37,0,29,169.32318853591946,10.80789603292942,922.7584458421916,10503.81081081081
1778071215,20,POST,/cart,0.666667,0.000000,50,110,110,110,110,110,110,110,110,110,110,5,0,50,62.86913906224072,12.283203192055225,108.83422615006566,16455.0
1778071215,20,POST,/cart/checkout,0.000000,0.000000,77,77,77,77,77,77,77,77,77,77,77,2,0,59,67.53436045255512,58.50617098622024,76.56254991889,6814.0
1778071215,20,GET,/product/2ZYFJ3GM2N,0.333333,0.000000,64,64,64,64,64,64,64,64,64,64,64,1,0,64.11894108168781,64.11894108168781,64.11894108168781,64.11894108168781,7982.0
1778071215,20,GET,/product/66VCHSJNUP,0.000000,0.000000,0,0,0,0,0,0,0,0,0,0,0,2,0,10,21.37167612090707,9.715997148305178,33.02735509350896,7922.0
1778071215,20,GET,/product/9SIQT8TOJO,0.000000,0.000000,10,10,10,10,10,10,10,10,10,10,10,1,0,9.65042202733457,9.65042202733457,9.65042202733457,9.65042202733457,8006.0
1778071215,20,GET,/product/L9ECAV7KIM,0.000000,0.000000,0,0,0,0,0,0,0,0,0,0,0,1,0,7.731375051662326,7.731375051662326,7.731375051662326,7.731375051662326,7934.0
1778071215,20,GET,/product/LS4PSXUNUM,0.000000,0.000000,0,0,0,0,0,0,0,0,0,0,0,1,0,8.338394109159708,8.338394109159708,8.338394109159708,8.338394109159708,7925.0
1778071215,20,,Aggregated,5.333333,0.000000,36,110,110,120,910,920,920,920,920,920,920,50,0,33,136.93909753113985,7.731375051662326,922.7584458421916,10644.7
1778071216,20,GET,/,5.500000,0.000000,13,13,50,62,110,110,110,110,110,110,110,46,0,13,139.63247647853163,10.80789603292942,922.7584458421916,10508.673913043478
1778071216,20,POST,/cart,0.500000,0.000000,36,50,110,110,110,110,110,110,110,110,110,7,0,36,48.28594588408513,11.719621950760484,108.83422615006566,16455.571428571428
1778071216,20,POST,/cart/checkout,0.500000,0.000000,77,77,77,77,77,77,77,77,77,77,77,2,0,59,67.53436045255512,58.50617098622024,76.56254991889,6814.0
1778071216,20,GET,/product/1YMWWN1N4O,0.000000,0.000000,0,0,0,0,0,0,0,0,0,0,0,1,0,7.969856960698962,7.969856960698962,7.969856960698962,7.969856960698962,8061.0
1778071216,20,GET,/product/2ZYFJ3GM2N,0.250000,0.000000,64,64,64,64,64,64,64,64,64,64,64,2,0,8,35.8293685130775,7.539795944467187,64.11894108168781,7968.0
1778071216,20,GET,/product/66VCHSJNUP,0.000000,0.000000,10,10,10,10,10,10,10,10,10,10,10,2,0,10,21.37167612090707,9.715997148305178,33.02735509350896,7922.0
1778071216,20,GET,/product/9SIQT8TOJO,0.250000,0.000000,10,10,10,10,10,10,10,10,10,10,10,1,0,9.65042202733457,9.65042202733457,9.65042202733457,9.65042202733457,8006.0
1778071216,20,GET,/product/L9ECAV7KIM,0.000000,0.000000,8,8,21,21,21,21,21,21,21,21,21,4,0,8,11.155860091093928,7.573118200525641,21.17587812244892,7961.75
1778071216,20,GET,/product/LS4PSXUNUM,0.000000,0.000000,0,0,0,0,0,0,0,0,0,0,0,1,0,8.338394109159708,8.338394109159708,8.338394109159708,8.338394109159708,7925.0
1778071216,20,,Aggregated,7.000000,0.000000,13,59,110,110,120,910,920,920,920,920,920,66,0,13,107.29012822478332,7.539795944467187,922.7584458421916,10603.560606060606
1778071217,20,GET,/,6.400000,0.000000,13,13,29,50,110,110,110,110,110,110,110,56,0,13,118.99622147237616,9.990455117076635,922.7584458421916,10510.125
1778071217,20,POST,/cart,0.400000,0.000000,36,50,110,110,110,110,110,110,110,110,110,7,0,36,48.28594588408513,11.719621950760484,108.83422615006566,16455.571428571428
1778071217,20,POST,/cart/checkout,0.400000,0.000000,59,59,77,77,77,77,77,77,77,77,77,3,0,59,48.96831729759773,11.836230987682939,76.56254991889,6804.333333333333
1778071217,20,GET,/product/1YMWWN1N4O,0.000000,0.000000,0,0,0,0,0,0,0,0,0,0,0,1,0,7.969856960698962,7.969856960698962,7.969856960698962,7.969856960698962,8061.0
1778071217,20,GET,/product/2ZYFJ3GM2N,0.200000,0.000000,64,64,64,64,64,64,64,64,64,64,64,2,0,8,35.8293685130775,7.539795944467187,64.11894108168781,7968.0
1778071217,20,GET,/product/66VCHSJNUP,0.200000,0.000000,10,10,10,10,10,10,10,10,10,10,10,2,0,10,21.37167612090707,9.715997148305178,33.02735509350896,7922.0
1778071217,20,GET,/product/9SIQT8TOJO,0.200000,0.000000,10,10,10,10,10,10,10,10,10,10,10,1,0,9.65042202733457,9.65042202733457,9.65042202733457,9.65042202733457,8006.0
1778071217,20,GET,/product/L9ECAV7KIM,0.200000,0.000000,8,8,21,21,21,21,21,21,21,21,21,4,0,8,11.155860091093928,7.573118200525641,21.17587812244892,7961.75
1778071217,20,GET,/product/LS4PSXUNUM,0.000000,0.000000,8,8,8,8,8,8,8,8,8,8,8,1,0,8.338394109159708,8.338394109159708,8.338394109159708,8.338394109159708,7925.0
1778071217,20,,Aggregated,8.000000,0.000000,13,39,100,110,120,910,920,920,920,920,920,77,0,13,95.24258673070119,7.539795944467187,922.7584458421916,10542.701298701299
1778071218,20,GET,/,6.500000,0.000000,12,13,15,39,110,110,110,110,110,110,110,64,0,13,105.42882572553935,9.374771965667605,922.7584458421916,10512.90625
1778071218,20,POST,/cart,1.000000,0.000000,36,50,110,110,110,110,110,110,110,110,110,8,0,12,43.68079302366823,11.444723000749946,108.83422615006566,16457.5
1778071218,20,POST,/cart/checkout,0.333333,0.000000,59,59,77,77,77,77,77,77,77,77,77,3,0,59,48.96831729759773,11.836230987682939,76.56254991889,6804.333333333333
1778071218,20,GET,/product/1YMWWN1N4O,0.000000,0.000000,8,8,8,8,8,8,8,8,8,8,8,1,0,7.969856960698962,7.969856960698962,7.969856960698962,7.969856960698962,8061.0
1778071218,20,GET,/product/2ZYFJ3GM2N,0.166667,0.000000,64,64,64,64,64,64,64,64,64,64,64,2,0,8,35.8293685130775,7.539795944467187,64.11894108168781,7968.0
1778071218,20,GET,/product/66VCHSJNUP,0.333333,0.000000,10,10,10,10,10,10,10,10,10,10,10,2,0,10,21.37167612090707,9.715997148305178,33.02735509350896,7922.0
1778071218,20,GET,/product/9SIQT8TOJO,0.166667,0.000000,10,10,10,10,10,10,10,10,10,10,10,2,0,8.19586799480021,8.92314501106739,8.19586799480021,9.65042202733457,8011.0
1778071218,20,GET,/product/L9ECAV7KIM,0.500000,0.000000,8,8,21,21,21,21,21,21,21,21,21,4,0,8,11.155860091093928,7.573118200525641,21.17587812244892,7961.75
1778071218,20,GET,/product/LS4PSXUNUM,0.166667,0.000000,8,8,8,8,8,8,8,8,8,8,8,1,0,8.338394109159708,8.338394109159708,8.338394109159708,8.338394109159708,7925.0
1778071218,20,,Aggregated,9.166667,0.000000,12,29,64,110,120,910,920,920,920,920,920,87,0,12,85.48248520966662,7.539795944467187,922.7584458421916,10580.850574712644
1778071219,20,GET,/,6.857143,0.000000,12,13,15,22,110,110,110,110,110,110,110,73,0,12,93.87894911525694,9.35492804273963,922.7584458421916,10516.068493150686
1778071219,20,POST,/cart,1.000000,0.000000,14,36,50,110,110,110,110,110,110,110,110,9,0,14,40.338403260749246,11.444723000749946,108.83422615006566,16616.444444444445
1778071219,20,POST,/cart/checkout,0.285714,0.000000,59,59,77,77,77,77,77,77,77,77,77,3,0,59,48.96831729759773,11.836230987682939,76.56254991889,6804.333333333333
1778071219,20,GET,/product/1YMWWN1N4O,0.142857,0.000000,8,8,8,8,8,8,8,8,8,8,8,1,0,7.969856960698962,7.969856960698962,7.969856960698962,7.969856960698962,8061.0
1778071219,20,GET,/product/2ZYFJ3GM2N,0.285714,0.000000,64,64,64,64,64,64,64,64,64,64,64,2,0,8,35.8293685130775,7.539795944467187,64.11894108168781,7968.0
1778071219,20,GET,/product/66VCHSJNUP,0.285714,0.000000,10,10,10,10,10,10,10,10,10,10,10,2,0,10,21.37167612090707,9.715997148305178,33.02735509350896,7922.0
1778071219,20,GET,/product/9SIQT8TOJO,0.142857,0.000000,8,8,10,10,10,10,10,10,10,10,10,3,0,8,8.46446903112034,7.547117071226239,9.65042202733457,8004.666666666667
1778071219,20,GET,/product/L9ECAV7KIM,0.571429,0.000000,8,8,21,21,21,21,21,21,21,21,21,4,0,8,11.155860091093928,7.573118200525641,21.17587812244892,7961.75
1778071219,20,GET,/product/LS4PSXUNUM,0.142857,0.000000,8,8,8,8,8,8,8,8,8,8,8,1,0,8.338394109159708,8.338394109159708,8.338394109159708,8.338394109159708,7925.0
1778071219,20,,Aggregated,9.714286,0.000000,12,16,50,100,120,910,920,920,920,920,920,98,0,12,77.18205157600876,7.539795944467187,922.7584458421916,10625.112244897959
1778071220,20,GET,/,7.125000,0.000000,12,13,15,21,100,110,110,110,110,110,110,81,0,12,86.4939511075248,9.087749989703298,922.7584458421916,10516.58024691358
1778071220,20,POST,/cart,0.875000,0.000000,26,36,50,110,110,110,110,110,110,110,110,10,0,14,38.92298233695328,11.444723000749946,108.83422615006566,16596.5
1778071220,20,POST,/cart/checkout,0.375000,0.000000,59,59,77,77,77,77,77,77,77,77,77,3,0,59,48.96831729759773,11.836230987682939,76.56254991889,6804.333333333333
1778071220,20,GET,/product/1YMWWN1N4O,0.125000,0.000000,8,8,8,8,8,8,8,8,8,8,8,1,0,7.969856960698962,7.969856960698962,7.969856960698962,7.969856960698962,8061.0
1778071220,20,GET,/product/2ZYFJ3GM2N,0.250000,0.000000,64,64,64,64,64,64,64,64,64,64,64,2,0,8,35.8293685130775,7.539795944467187,64.11894108168781,7968.0
1778071220,20,GET,/product/66VCHSJNUP,0.250000,0.000000,10,10,10,10,10,10,10,10,10,10,10,2,0,10,21.37167612090707,9.715997148305178,33.02735509350896,7922.0
1778071220,20,GET,/product/9SIQT8TOJO,0.125000,0.000000,8,8,10,10,10,10,10,10,10,10,10,4,0,8,8.258745539933443,7.547117071226239,9.65042202733457,7999.0
1778071220,20,GET,/product/L9ECAV7KIM,0.500000,0.000000,8,8,21,21,21,21,21,21,21,21,21,4,0,8,11.155860091093928,7.573118200525641,21.17587812244892,7961.75
1778071220,20,GET,/product/LS4PSXUNUM,0.125000,0.000000,8,8,8,8,8,8,8,8,8,8,8,1,0,8.338394109159708,8.338394109159708,8.338394109159708,8.338394109159708,7925.0
1778071220,20,GET,/product/OLJCESPC7Z,0.000000,0.000000,0,0,0,0,0,0,0,0,0,0,0,1,0,8.020439185202122,8.020439185202122,8.020439185202122,8.020439185202122,7953.0
1778071220,20,,Aggregated,9.750000,0.000000,12,15,39,77,110,120,920,920,920,920,920,109,0,12,71.17921116531168,7.539795944467187,922.7584458421916,10621.862385321101
1778071221,20,GET,/,7.333333,0.000000,12,13,15,22,100,110,110,110,110,110,110,89,0,12,80.26362309399784,8.852998027577996,922.7584458421916,10521.0
1778071221,20,POST,/cart,1.000000,0.000000,26,36,50,110,110,110,110,110,110,110,110,10,0,14,38.92298233695328,11.444723000749946,108.83422615006566,16596.5
1778071221,20,POST,/cart/checkout,0.333333,0.000000,59,59,77,77,77,77,77,77,77,77,77,4,0,12,39.39794172765687,10.686815017834306,76.56254991889,6799.0
1778071221,20,GET,/product/1YMWWN1N4O,0.111111,0.000000,9,9,9,9,9,9,9,9,9,9,9,2,0,8,8.242037962190807,7.969856960698962,8.514218963682652,8053.0
1778071221,20,GET,/product/2ZYFJ3GM2N,0.222222,0.000000,64,64,64,64,64,64,64,64,64,64,64,2,0,8,35.8293685130775,7.539795944467187,64.11894108168781,7968.0
1778071221,20,GET,/product/66VCHSJNUP,0.222222,0.000000,10,10,10,10,10,10,10,10,10,10,10,2,0,10,21.37167612090707,9.715997148305178,33.02735509350896,7922.0
1778071221,20,GET,/product/9SIQT8TOJO,0.222222,0.000000,8,8,10,10,10,10,10,10,10,10,10,4,0,8,8.258745539933443,7.547117071226239,9.65042202733457,7999.0
1778071221,20,GET,/product/L9ECAV7KIM,0.444444,0.000000,8,8,21,21,21,21,21,21,21,21,21,4,0,8,11.155860091093928,7.573118200525641,21.17587812244892,7961.75
1778071221,20,GET,/product/LS4PSXUNUM,0.111111,0.000000,8,8,8,8,8,8,8,8,8,8,8,1,0,8.338394109159708,8.338394109159708,8.338394109159708,8.338394109159708,7925.0
1778071221,20,GET,/product/OLJCESPC7Z,0.000000,0.000000,0,0,0,0,0,0,0,0,0,0,0,1,0,8.020439185202122,8.020439185202122,8.020439185202122,8.020439185202122,7953.0
1778071221,20,,Aggregated,10.000000,0.000000,12,13,17,29,79,110,110,110,110,110,110,119,0,12,66.51418039207385,7.539795944467187,922.7584458421916,10564.176470588236
1778071222,20,GET,/,7.300000,0.000000,11,12,13,15,45,100,110,110,110,110,110,99,0,12,73.15617905120656,8.325441041961312,922.7584458421916,10522.373737373737
1778071222,20,POST,/cart,0.900000,0.000000,14,26,50,50,110,110,110,110,110,110,110,12,0,13,34.42781036331629,11.228530900552869,108.83422615006566,16570.916666666668
1778071222,20,POST,/cart/checkout,0.300000,0.000000,59,59,77,77,77,77,77,77,77,77,77,4,0,12,39.39794172765687,10.686815017834306,76.56254991889,6799.0
1778071222,20,GET,/product/1YMWWN1N4O,0.100000,0.000000,9,9,9,9,9,9,9,9,9,9,9,2,0,8,8.242037962190807,7.969856960698962,8.514218963682652,8053.0
1778071222,20,GET,/product/2ZYFJ3GM2N,0.200000,0.000000,64,64,64,64,64,64,64,64,64,64,64,2,0,8,35.8293685130775,7.539795944467187,64.11894108168781,7968.0
1778071222,20,GET,/product/66VCHSJNUP,0.200000,0.000000,10,10,10,10,10,10,10,10,10,10,10,2,0,10,21.37167612090707,9.715997148305178,33.02735509350896,7922.0
1778071222,20,GET,/product/6E92ZMYYFZ,0.000000,0.000000,0,0,0,0,0,0,0,0,0,0,0,1,0,8.0179781652987,8.0179781652987,8.0179781652987,8.0179781652987,7939.0
1778071222,20,GET,/product/9SIQT8TOJO,0.300000,0.000000,8,8,10,10,10,10,10,10,10,10,10,4,0,8,8.258745539933443,7.547117071226239,9.65042202733457,7999.0
1778071222,20,GET,/product/L9ECAV7KIM,0.400000,0.000000,8,8,21,21,21,21,21,21,21,21,21,4,0,8,11.155860091093928,7.573118200525641,21.17587812244892,7961.75
1778071222,20,GET,/product/LS4PSXUNUM,0.100000,0.000000,8,8,8,8,8,8,8,8,8,8,8,1,0,8.338394109159708,8.338394109159708,8.338394109159708,8.338394109159708,7925.0
1778071222,20,GET,/product/OLJCESPC7Z,0.000000,0.000000,8,8,8,8,8,8,8,8,8,8,8,1,0,8.020439185202122,8.020439185202122,8.020439185202122,8.020439185202122,7953.0
1778071222,20,,Aggregated,9.800000,0.000000,11,12,13,15,45,79,110,110,110,110,110,132,0,12,60.95536830693935,7.539795944467187,922.7584458421916,10631.121212121212
1778071223,20,GET,/,8.300000,0.000000,11,12,13,13,21,39,79,100,100,100,100,106,0,12,69.059557700969,8.325441041961312,922.7584458421916,10525.028301886792
1778071223,20,POST,/cart,1.000000,0.000000,26,46,50,72,110,110,110,110,110,110,110,14,0,14,37.945605664780096,11.228530900552869,108.83422615006566,16554.64285714286
1778071223,20,POST,/cart/checkout,0.400000,0.000000,46,59,59,77,77,77,77,77,77,77,77,5,0,46,40.63593237660825,10.686815017834306,76.56254991889,6794.2
1778071223,20,GET,/product/1YMWWN1N4O,0.100000,0.000000,9,9,9,9,9,9,9,9,9,9,9,2,0,8,8.242037962190807,7.969856960698962,8.514218963682652,8053.0
1778071223,20,GET,/product/2ZYFJ3GM2N,0.200000,0.000000,64,64,64,64,64,64,64,64,64,64,64,2,0,8,35.8293685130775,7.539795944467187,64.11894108168781,7968.0
1778071223,20,GET,/product/66VCHSJNUP,0.200000,0.000000,58,58,58,58,58,58,58,58,58,58,58,3,0,33,33.4273021047314,9.715997148305178,57.538554072380066,7934.0
1778071223,20,GET,/product/6E92ZMYYFZ,0.000000,0.000000,0,0,0,0,0,0,0,0,0,0,0,1,0,8.0179781652987,8.0179781652987,8.0179781652987,8.0179781652987,7939.0
1778071223,20,GET,/product/9SIQT8TOJO,0.400000,0.000000,8,8,10,10,10,10,10,10,10,10,10,4,0,8,8.258745539933443,7.547117071226239,9.65042202733457,7999.0
1778071223,20,GET,/product/L9ECAV7KIM,0.400000,0.000000,8,8,21,21,21,21,21,21,21,21,21,5,0,8,10.48469329252839,7.573118200525641,21.17587812244892,7976.0
1778071223,20,GET,/product/LS4PSXUNUM,0.100000,0.000000,8,8,8,8,8,8,8,8,8,8,8,1,0,8.338394109159708,8.338394109159708,8.338394109159708,8.338394109159708,7925.0
1778071223,20,GET,/product/OLJCESPC7Z,0.100000,0.000000,8,8,8,8,8,8,8,8,8,8,8,1,0,8.020439185202122,8.020439185202122,8.020439185202122,8.020439185202122,7953.0
1778071223,20,,Aggregated,11.200000,0.000000,11,12,13,14,33,50,72,79,100,100,100,144,0,12,58.006883589162804,7.539795944467187,922.7584458421916,10645.319444444445
1778071224,20,GET,/,8.100000,0.000000,11,12,13,13,21,39,79,100,100,100,100,114,0,11,65.0399073390617,8.325441041961312,922.7584458421916,10526.32456140351
1778071224,20,POST,/cart,1.000000,0.000000,13,26,36,46,50,72,72,72,72,72,72,15,0,14,36.13506335144242,10.787470964714885,108.83422615006566,16546.666666666668
1778071224,20,POST,/cart/checkout,0.400000,0.000000,46,59,59,77,77,77,77,77,77,77,77,5,0,46,40.63593237660825,10.686815017834306,76.56254991889,6794.2
1778071224,20,GET,/product/1YMWWN1N4O,0.200000,0.000000,9,9,9,9,9,9,9,9,9,9,9,2,0,8,8.242037962190807,7.969856960698962,8.514218963682652,8053.0
1778071224,20,GET,/product/2ZYFJ3GM2N,0.100000,0.000000,9,9,9,9,9,9,9,9,9,9,9,3,0,9,26.769823394715786,7.539795944467187,64.11894108168781,8002.333333333333
1778071224,20,GET,/product/66VCHSJNUP,0.200000,0.000000,58,58,58,58,58,58,58,58,58,58,58,3,0,33,33.4273021047314,9.715997148305178,57.538554072380066,7934.0
1778071224,20,GET,/product/6E92ZMYYFZ,0.000000,0.000000,8,8,8,8,8,8,8,8,8,8,8,1,0,8.0179781652987,8.0179781652987,8.0179781652987,8.0179781652987,7939.0
1778071224,20,GET,/product/9SIQT8TOJO,0.400000,0.000000,8,8,10,10,10,10,10,10,10,10,10,4,0,8,8.258745539933443,7.547117071226239,9.65042202733457,7999.0
1778071224,20,GET,/product/L9ECAV7KIM,0.400000,0.000000,8,8,21,21,21,21,21,21,21,21,21,5,0,8,10.48469329252839,7.573118200525641,21.17587812244892,7976.0
1778071224,20,GET,/product/LS4PSXUNUM,0.100000,0.000000,8,8,8,8,8,8,8,8,8,8,8,1,0,8.338394109159708,8.338394109159708,8.338394109159708,8.338394109159708,7925.0
1778071224,20,GET,/product/OLJCESPC7Z,0.100000,0.000000,8,8,8,8,8,8,8,8,8,8,8,1,0,8.020439185202122,8.020439185202122,8.020439185202122,8.020439185202122,7953.0
1778071224,20,,Aggregated,11.000000,0.000000,11,12,13,14,29,50,72,79,100,100,100,154,0,11,54.978349099431625,7.539795944467187,922.7584458421916,10660.90909090909
1778071225,20,GET,/,8.700000,0.000000,10,11,12,13,21,39,79,100,100,100,100,124,0,11,60.511157945579576,8.061090018600225,922.7584458421916,10529.145161290322
1778071225,20,POST,/cart,1.100000,0.000000,13,14,26,46,72,72,72,72,72,72,72,15,0,14,36.13506335144242,10.787470964714885,108.83422615006566,16546.666666666668
1778071225,20,POST,/cart/checkout,0.400000,0.000000,12,12,46,46,46,46,46,46,46,46,46,5,0,46,40.63593237660825,10.686815017834306,76.56254991889,6794.2
1778071225,20,GET,/product/1YMWWN1N4O,0.200000,0.000000,9,9,9,9,9,9,9,9,9,9,9,2,0,8,8.242037962190807,7.969856960698962,8.514218963682652,8053.0
1778071225,20,GET,/product/2ZYFJ3GM2N,0.100000,0.000000,8,8,9,9,9,9,9,9,9,9,9,4,0,8,21.878929808735847,7.206249050796032,64.11894108168781,7992.25
1778071225,20,GET,/product/66VCHSJNUP,0.200000,0.000000,58,58,58,58,58,58,58,58,58,58,58,3,0,33,33.4273021047314,9.715997148305178,57.538554072380066,7934.0
1778071225,20,GET,/product/6E92ZMYYFZ,0.100000,0.000000,8,8,8,8,8,8,8,8,8,8,8,1,0,8.0179781652987,8.0179781652987,8.0179781652987,8.0179781652987,7939.0
1778071225,20,GET,/product/9SIQT8TOJO,0.400000,0.000000,8,8,10,10,10,10,10,10,10,10,10,4,0,8,8.258745539933443,7.547117071226239,9.65042202733457,7999.0
1778071225,20,GET,/product/L9ECAV7KIM,0.500000,0.000000,8,8,8,8,8,8,8,8,8,8,8,5,0,8,10.48469329252839,7.573118200525641,21.17587812244892,7976.0
1778071225,20,GET,/product/LS4PSXUNUM,0.100000,0.000000,8,8,8,8,8,8,8,8,8,8,8,1,0,8.338394109159708,8.338394109159708,8.338394109159708,8.338394109159708,7925.0
1778071225,20,GET,/product/OLJCESPC7Z,0.100000,0.000000,8,8,8,8,8,8,8,8,8,8,8,1,0,8.020439185202122,8.020439185202122,8.020439185202122,8.020439185202122,7953.0
1778071225,20,,Aggregated,11.900000,0.000000,10,11,12,13,26,46,72,79,100,100,100,165,0,11,51.89518884219455,7.206249050796032,922.7584458421916,10638.515151515152
1778071226,20,GET,/,8.600000,0.000000,10,10,11,11,16,22,45,79,79,79,79,136,0,11,55.95040116082493,7.923152064904571,922.7584458421916,10531.720588235294
1778071226,20,POST,/cart,1.200000,0.000000,13,14,26,46,72,72,72,72,72,72,72,16,0,13,34.507878954173066,10.100112995132804,108.83422615006566,16539.4375
1778071226,20,POST,/cart/checkout,0.300000,0.000000,12,12,46,46,46,46,46,46,46,46,46,5,0,46,40.63593237660825,10.686815017834306,76.56254991889,6794.2
1778071226,20,GET,/product/1YMWWN1N4O,0.200000,0.000000,8,8,9,9,9,9,9,9,9,9,9,3,0,8,7.6971775852143764,6.607456831261516,8.514218963682652,8059.0
1778071226,20,GET,/product/2ZYFJ3GM2N,0.100000,0.000000,8,8,9,9,9,9,9,9,9,9,9,4,0,8,21.878929808735847,7.206249050796032,64.11894108168781,7992.25
1778071226,20,GET,/product/66VCHSJNUP,0.300000,0.000000,58,58,58,58,58,58,58,58,58,58,58,3,0,33,33.4273021047314,9.715997148305178,57.538554072380066,7934.0
1778071226,20,GET,/product/6E92ZMYYFZ,0.100000,0.000000,8,8,8,8,8,8,8,8,8,8,8,1,0,8.0179781652987,8.0179781652987,8.0179781652987,8.0179781652987,7939.0
1778071226,20,GET,/product/9SIQT8TOJO,0.300000,0.000000,8,8,8,8,8,8,8,8,8,8,8,4,0,8,8.258745539933443,7.547117071226239,9.65042202733457,7999.0
1778071226,20,GET,/product/L9ECAV7KIM,0.500000,0.000000,8,8,8,8,8,8,8,8,8,8,8,5,0,8,10.48469329252839,7.573118200525641,21.17587812244892,7976.0
1778071226,20,GET,/product/LS4PSXUNUM,0.100000,0.000000,8,8,8,8,8,8,8,8,8,8,8,1,0,8.338394109159708,8.338394109159708,8.338394109159708,8.338394109159708,7925.0
1778071226,20,GET,/product/OLJCESPC7Z,0.100000,0.000000,8,8,8,8,8,8,8,8,8,8,8,2,0,7,7.296586525626481,6.572733866050839,8.020439185202122,7998.5
1778071226,20,,Aggregated,11.800000,0.000000,10,10,11,12,17,45,58,72,79,79,79,180,0,11,48.28809686263816,6.572733866050839,922.7584458421916,10636.672222222222
1778071227,20,GET,/,8.500000,0.000000,9,10,10,11,15,21,45,79,79,79,79,143,0,11,53.64995320014968,7.923152064904571,922.7584458421916,10533.853146853147
1778071227,20,POST,/cart,1.300000,0.000000,13,14,26,46,72,72,72,72,72,72,72,16,0,13,34.507878954173066,10.100112995132804,108.83422615006566,16539.4375
1778071227,20,POST,/cart/checkout,0.300000,0.000000,12,12,46,46,46,46,46,46,46,46,46,5,0,46,40.63593237660825,10.686815017834306,76.56254991889,6794.2
1778071227,20,GET,/product/1YMWWN1N4O,0.200000,0.000000,8,8,9,9,9,9,9,9,9,9,9,3,0,8,7.6971775852143764,6.607456831261516,8.514218963682652,8059.0
1778071227,20,GET,/product/2ZYFJ3GM2N,0.300000,0.000000,8,8,9,9,9,9,9,9,9,9,9,4,0,8,21.878929808735847,7.206249050796032,64.11894108168781,7992.25
1778071227,20,GET,/product/66VCHSJNUP,0.200000,0.000000,58,58,58,58,58,58,58,58,58,58,58,3,0,33,33.4273021047314,9.715997148305178,57.538554072380066,7934.0
1778071227,20,GET,/product/6E92ZMYYFZ,0.100000,0.000000,8,8,8,8,8,8,8,8,8,8,8,2,0,8.0179781652987,8.103190106339753,8.0179781652987,8.188402047380805,7974.5
1778071227,20,GET,/product/9SIQT8TOJO,0.300000,0.000000,8,8,8,8,8,8,8,8,8,8,8,4,0,8,8.258745539933443,7.547117071226239,9.65042202733457,7999.0
1778071227,20,GET,/product/L9ECAV7KIM,0.400000,0.000000,8,8,8,8,8,8,8,8,8,8,8,5,0,8,10.48469329252839,7.573118200525641,21.17587812244892,7976.0
1778071227,20,GET,/product/LS4PSXUNUM,0.100000,0.000000,8,8,8,8,8,8,8,8,8,8,8,1,0,8.338394109159708,8.338394109159708,8.338394109159708,8.338394109159708,7925.0
1778071227,20,GET,/product/OLJCESPC7Z,0.100000,0.000000,8,8,8,8,8,8,8,8,8,8,8,2,0,7,7.296586525626481,6.572733866050839,8.020439185202122,7998.5
1778071227,20,,Aggregated,11.800000,0.000000,9,10,11,11,17,45,58,72,79,79,79,188,0,11,46.6102903567631,6.572733866050839,922.7584458421916,10620.41489361702
1778071228,20,GET,/,8.700000,0.000000,9,10,10,11,15,21,45,79,79,79,79,151,0,10,51.27747605449908,7.874182891100645,922.7584458421916,10534.953642384105
1778071228,20,POST,/cart,1.000000,0.000000,13,14,26,46,72,72,72,72,72,72,72,17,0,13,33.0728944938849,10.100112995132804,108.83422615006566,16531.882352941175
1778071228,20,POST,/cart/checkout,0.300000,0.000000,46,46,46,46,46,46,46,46,46,46,46,5,0,46,40.63593237660825,10.686815017834306,76.56254991889,6794.2
1778071228,20,GET,/product/1YMWWN1N4O,0.300000,0.000000,8,8,9,9,9,9,9,9,9,9,9,3,0,8,7.6971775852143764,6.607456831261516,8.514218963682652,8059.0
1778071228,20,GET,/product/2ZYFJ3GM2N,0.300000,0.000000,8,8,9,9,9,9,9,9,9,9,9,4,0,8,21.878929808735847,7.206249050796032,64.11894108168781,7992.25
1778071228,20,GET,/product/66VCHSJNUP,0.100000,0.000000,10,10,58,58,58,58,58,58,58,58,58,4,0,10,26.82143880520016,7.003848906606436,57.538554072380066,7956.75
1778071228,20,GET,/product/6E92ZMYYFZ,0.100000,0.000000,8,8,8,8,8,8,8,8,8,8,8,2,0,8.0179781652987,8.103190106339753,8.0179781652987,8.188402047380805,7974.5
1778071228,20,GET,/product/9SIQT8TOJO,0.300000,0.000000,8,8,8,8,8,8,8,8,8,8,8,5,0,8,8.10873843729496,7.508710026741028,9.65042202733457,7992.8
1778071228,20,GET,/product/L9ECAV7KIM,0.200000,0.000000,8,8,8,8,8,8,8,8,8,8,8,5,0,8,10.48469329252839,7.573118200525641,21.17587812244892,7976.0
1778071228,20,GET,/product/LS4PSXUNUM,0.000000,0.000000,8,8,8,8,8,8,8,8,8,8,8,1,0,8.338394109159708,8.338394109159708,8.338394109159708,8.338394109159708,7925.0
1778071228,20,GET,/product/OLJCESPC7Z,0.100000,0.000000,7,7,8,8,8,8,8,8,8,8,8,3,0,7,7.278542344768842,6.572733866050839,8.020439185202122,8019.666666666667
1778071228,20,,Aggregated,11.400000,0.000000,9,10,10,11,17,45,58,72,79,79,79,200,0,10,44.32779159862548,6.572733866050839,922.7584458421916,10607.705
1778071229,20,GET,/,8.800000,0.000000,9,10,10,10,13,17,45,79,79,79,79,164,0,10,48.001289014170716,7.874182891100645,922.7584458421916,10537.530487804877
1778071229,20,POST,/cart,0.900000,0.000000,13,26,46,46,72,72,72,72,72,72,72,17,0,13,33.0728944938849,10.100112995132804,108.83422615006566,16531.882352941175
1778071229,20,POST,/cart/checkout,0.300000,0.000000,16,16,46,46,46,46,46,46,46,46,46,7,0,16,32.70872911837484,9.736194973811507,76.56254991889,6804.714285714285
1778071229,20,GET,/product/1YMWWN1N4O,0.200000,0.000000,9,9,9,9,9,9,9,9,9,9,9,3,0,8,7.6971775852143764,6.607456831261516,8.514218963682652,8059.0
1778071229,20,GET,/product/2ZYFJ3GM2N,0.200000,0.000000,8,8,9,9,9,9,9,9,9,9,9,4,0,8,21.878929808735847,7.206249050796032,64.11894108168781,7992.25
1778071229,20,GET,/product/66VCHSJNUP,0.100000,0.000000,58,58,58,58,58,58,58,58,58,58,58,4,0,10,26.82143880520016,7.003848906606436,57.538554072380066,7956.75
1778071229,20,GET,/product/6E92ZMYYFZ,0.100000,0.000000,8,8,8,8,8,8,8,8,8,8,8,2,0,8.0179781652987,8.103190106339753,8.0179781652987,8.188402047380805,7974.5
1778071229,20,GET,/product/9SIQT8TOJO,0.300000,0.000000,8,8,8,8,8,8,8,8,8,8,8,5,0,8,8.10873843729496,7.508710026741028,9.65042202733457,7992.8
1778071229,20,GET,/product/L9ECAV7KIM,0.100000,0.000000,8,8,8,8,8,8,8,8,8,8,8,5,0,8,10.48469329252839,7.573118200525641,21.17587812244892,7976.0
1778071229,20,GET,/product/LS4PSXUNUM,0.000000,0.000000,8,8,8,8,8,8,8,8,8,8,8,3,0,8,7.4670210015028715,6.475806003436446,8.338394109159708,7989.0
1778071229,20,GET,/product/OLJCESPC7Z,0.200000,0.000000,7,7,8,8,8,8,8,8,8,8,8,3,0,7,7.278542344768842,6.572733866050839,8.020439185202122,8019.666666666667
1778071229,20,,Aggregated,11.200000,0.000000,9,10,10,11,16,45,58,72,79,79,79,217,0,10,41.63463108138555,6.475806003436446,922.7584458421916,10546.645161290322
1778071230,20,GET,/,8.700000,0.000000,9,10,10,10,13,16,29,45,45,45,45,171,0,10,46.41012111079623,7.874182891100645,922.7584458421916,10537.51461988304
1778071230,20,POST,/cart,0.900000,0.000000,13,26,46,46,72,72,72,72,72,72,72,17,0,13,33.0728944938849,10.100112995132804,108.83422615006566,16531.882352941175
1778071230,20,POST,/cart/checkout,0.200000,0.000000,16,16,46,46,46,46,46,46,46,46,46,7,0,16,32.70872911837484,9.736194973811507,76.56254991889,6804.714285714285
1778071230,20,GET,/product/1YMWWN1N4O,0.200000,0.000000,9,9,9,9,9,9,9,9,9,9,9,3,0,8,7.6971775852143764,6.607456831261516,8.514218963682652,8059.0
1778071230,20,GET,/product/2ZYFJ3GM2N,0.200000,0.000000,7,7,9,9,9,9,9,9,9,9,9,5,0,8,18.97389222867787,7.206249050796032,64.11894108168781,8006.8
1778071230,20,GET,/product/66VCHSJNUP,0.100000,0.000000,58,58,58,58,58,58,58,58,58,58,58,4,0,10,26.82143880520016,7.003848906606436,57.538554072380066,7956.75
1778071230,20,GET,/product/6E92ZMYYFZ,0.200000,0.000000,8,8,8,8,8,8,8,8,8,8,8,3,0,8,7.69458004894356,6.877359934151173,8.188402047380805,7988.333333333333
1778071230,20,GET,/product/9SIQT8TOJO,0.400000,0.000000,8,8,8,8,8,8,8,8,8,8,8,5,0,8,8.10873843729496,7.508710026741028,9.65042202733457,7992.8
1778071230,20,GET,/product/L9ECAV7KIM,0.100000,0.000000,8,8,8,8,8,8,8,8,8,8,8,5,0,8,10.48469329252839,7.573118200525641,21.17587812244892,7976.0
1778071230,20,GET,/product/LS4PSXUNUM,0.000000,0.000000,8,8,8,8,8,8,8,8,8,8,8,3,0,8,7.4670210015028715,6.475806003436446,8.338394109159708,7989.0
1778071230,20,GET,/product/OLJCESPC7Z,0.200000,0.000000,7,7,8,8,8,8,8,8,8,8,8,3,0,7,7.278542344768842,6.572733866050839,8.020439185202122,8019.666666666667
1778071230,20,,Aggregated,11.200000,0.000000,9,10,10,11,14,29,46,58,72,72,72,226,0,10,40.32241308905052,6.475806003436446,922.7584458421916,10524.17256637168
1778071231,20,GET,/,8.600000,0.000000,9,9,10,10,12,13,16,24,24,24,24,181,0,10,44.340508634955185,7.33443396165967,922.7584458421916,10539.812154696132
1778071231,20,POST,/cart,0.800000,0.000000,11,13,13,46,72,72,72,72,72,72,72,20,0,12,29.72886231727898,9.641560958698392,108.83422615006566,16663.65
1778071231,20,POST,/cart/checkout,0.200000,0.000000,16,16,46,46,46,46,46,46,46,46,46,8,0,12,29.802775708958507,9.461101843044162,76.56254991889,6806.0
1778071231,20,GET,/product/1YMWWN1N4O,0.200000,0.000000,9,9,9,9,9,9,9,9,9,9,9,3,0,8,7.6971775852143764,6.607456831261516,8.514218963682652,8059.0
1778071231,20,GET,/product/2ZYFJ3GM2N,0.200000,0.000000,7,7,9,9,9,9,9,9,9,9,9,5,0,8,18.97389222867787,7.206249050796032,64.11894108168781,8006.8
1778071231,20,GET,/product/66VCHSJNUP,0.200000,0.000000,58,58,58,58,58,58,58,58,58,58,58,4,0,10,26.82143880520016,7.003848906606436,57.538554072380066,7956.75
1778071231,20,GET,/product/6E92ZMYYFZ,0.200000,0.000000,8,8,8,8,9,9,9,9,9,9,9,6,0,7,7.565631531178951,6.747404113411903,8.574442937970161,7994.333333333333
1778071231,20,GET,/product/9SIQT8TOJO,0.300000,0.000000,8,8,8,8,8,8,8,8,8,8,8,5,0,8,8.10873843729496,7.508710026741028,9.65042202733457,7992.8
1778071231,20,GET,/product/L9ECAV7KIM,0.100000,0.000000,8,8,8,8,8,8,8,8,8,8,8,5,0,8,10.48469329252839,7.573118200525641,21.17587812244892,7976.0
1778071231,20,GET,/product/LS4PSXUNUM,0.000000,0.000000,8,8,8,8,8,8,8,8,8,8,8,4,0,7,7.308702042791992,6.475806003436446,8.338394109159708,7996.75
1778071231,20,GET,/product/OLJCESPC7Z,0.300000,0.000000,7,7,8,8,8,8,8,8,8,8,8,4,0,7,7.104263757355511,6.572733866050839,8.020439185202122,8034.75
1778071231,20,,Aggregated,11.100000,0.000000,9,10,10,10,13,16,46,58,72,72,72,245,0,10,37.87710642898265,6.475806003436446,922.7584458421916,10544.49387755102
1778071232,20,GET,/,9.200000,0.000000,9,9,10,10,10,13,16,24,24,24,24,191,0,10,42.46702247557684,7.33443396165967,922.7584458421916,10540.005235602095
1778071232,20,POST,/cart,0.800000,0.000000,10,11,13,13,72,72,72,72,72,72,72,20,0,12,29.72886231727898,9.641560958698392,108.83422615006566,16663.65
1778071232,20,POST,/cart/checkout,0.400000,0.000000,16,16,46,46,46,46,46,46,46,46,46,8,0,12,29.802775708958507,9.461101843044162,76.56254991889,6806.0
1778071232,20,GET,/product/1YMWWN1N4O,0.200000,0.000000,7,7,9,9,9,9,9,9,9,9,9,4,0,7,7.537162920925766,6.607456831261516,8.514218963682652,8043.75
1778071232,20,GET,/product/2ZYFJ3GM2N,0.300000,0.000000,7,7,9,9,9,9,9,9,9,9,9,5,0,8,18.97389222867787,7.206249050796032,64.11894108168781,8006.8
1778071232,20,GET,/product/66VCHSJNUP,0.200000,0.000000,58,58,58,58,58,58,58,58,58,58,58,4,0,10,26.82143880520016,7.003848906606436,57.538554072380066,7956.75
1778071232,20,GET,/product/6E92ZMYYFZ,0.200000,0.000000,8,8,8,8,9,9,9,9,9,9,9,6,0,7,7.565631531178951,6.747404113411903,8.574442937970161,7994.333333333333
1778071232,20,GET,/product/9SIQT8TOJO,0.200000,0.000000,8,8,8,8,8,8,8,8,8,8,8,6,0,8,7.844035552504162,6.520521128550172,9.65042202733457,7989.333333333333
1778071232,20,GET,/product/L9ECAV7KIM,0.100000,0.000000,8,8,8,8,8,8,8,8,8,8,8,5,0,8,10.48469329252839,7.573118200525641,21.17587812244892,7976.0
1778071232,20,GET,/product/LS4PSXUNUM,0.200000,0.000000,7,7,8,8,8,8,8,8,8,8,8,5,0,7,7.263207994401455,6.475806003436446,8.338394109159708,8005.8
1778071232,20,GET,/product/OLJCESPC7Z,0.300000,0.000000,7,7,7,7,8,8,8,8,8,8,8,7,0,7,6.887284872521247,6.501001073047519,8.020439185202122,8027.571428571428
1778071232,20,,Aggregated,12.100000,0.000000,9,9,10,10,12,14,46,58,72,72,72,261,0,10,36.0379812871445,6.475806003436446,922.7584458421916,10486.214559386974
1778071233,20,GET,/,9.300000,0.000000,9,9,9,10,10,12,13,14,14,14,14,197,0,10,41.44349637639893,7.33443396165967,922.7584458421916,10541.015228426397
1778071233,20,POST,/cart,0.800000,0.000000,10,11,12,12,13,13,13,13,13,13,13,22,0,12,28.014286294240843,9.641560958698392,108.83422615006566,16773.68181818182
1778071233,20,POST,/cart/checkout,0.300000,0.000000,16,16,46,46,46,46,46,46,46,46,46,8,0,12,29.802775708958507,9.461101843044162,76.56254991889,6806.0
1778071233,20,GET,/product/0PUK6V6EV0,0.000000,0.000000,0,0,0,0,0,0,0,0,0,0,0,1,0,6.959823193028569,6.959823193028569,6.959823193028569,6.959823193028569,8015.0
1778071233,20,GET,/product/1YMWWN1N4O,0.200000,0.000000,7,7,7,7,7,7,7,7,7,7,7,4,0,7,7.537162920925766,6.607456831261516,8.514218963682652,8043.75
1778071233,20,GET,/product/2ZYFJ3GM2N,0.300000,0.000000,7,7,9,9,9,9,9,9,9,9,9,5,0,8,18.97389222867787,7.206249050796032,64.11894108168781,8006.8
1778071233,20,GET,/product/66VCHSJNUP,0.200000,0.000000,58,58,58,58,58,58,58,58,58,58,58,4,0,10,26.82143880520016,7.003848906606436,57.538554072380066,7956.75
1778071233,20,GET,/product/6E92ZMYYFZ,0.500000,0.000000,8,8,8,8,9,9,9,9,9,9,9,6,0,7,7.565631531178951,6.747404113411903,8.574442937970161,7994.333333333333
1778071233,20,GET,/product/9SIQT8TOJO,0.100000,0.000000,8,8,8,8,8,8,8,8,8,8,8,6,0,8,7.844035552504162,6.520521128550172,9.65042202733457,7989.333333333333
1778071233,20,GET,/product/L9ECAV7KIM,0.100000,0.000000,8,8,8,8,8,8,8,8,8,8,8,5,0,8,10.48469329252839,7.573118200525641,21.17587812244892,7976.0
1778071233,20,GET,/product/LS4PSXUNUM,0.200000,0.000000,7,7,8,8,8,8,8,8,8,8,8,5,0,7,7.263207994401455,6.475806003436446,8.338394109159708,8005.8
1778071233,20,GET,/product/OLJCESPC7Z,0.200000,0.000000,7,7,7,7,7,7,7,7,7,7,7,7,0,7,6.887284872521247,6.501001073047519,8.020439185202122,8027.571428571428
1778071233,20,,Aggregated,12.200000,0.000000,9,9,9,10,10,12,13,14,16,16,16,270,0,10,35.139916609558796,6.475806003436446,922.7584458421916,10533.718518518519
1778071234,20,GET,/,9.200000,0.000000,9,9,9,9,10,10,13,14,14,14,14,205,0,10,40.16904703159703,7.33443396165967,922.7584458421916,10541.546341463414
1778071234,20,POST,/cart,1.000000,0.000000,10,11,12,12,12,13,13,13,13,13,13,26,0,12,25.385735207237303,9.641560958698392,108.83422615006566,16889.19230769231
1778071234,20,POST,/cart/checkout,0.400000,0.000000,16,16,46,46,46,46,46,46,46,46,46,8,0,12,29.802775708958507,9.461101843044162,76.56254991889,6806.0
1778071234,20,GET,/product/0PUK6V6EV0,0.000000,0.000000,0,0,0,0,0,0,0,0,0,0,0,2,0,7,7.054355111904442,6.959823193028569,7.148887030780315,8033.0
1778071234,20,GET,/product/1YMWWN1N4O,0.100000,0.000000,7,7,7,7,7,7,7,7,7,7,7,4,0,7,7.537162920925766,6.607456831261516,8.514218963682652,8043.75
1778071234,20,GET,/product/2ZYFJ3GM2N,0.300000,0.000000,7,7,9,9,9,9,9,9,9,9,9,5,0,8,18.97389222867787,7.206249050796032,64.11894108168781,8006.8
1778071234,20,GET,/product/66VCHSJNUP,0.200000,0.000000,58,58,58,58,58,58,58,58,58,58,58,4,0,10,26.82143880520016,7.003848906606436,57.538554072380066,7956.75
1778071234,20,GET,/product/6E92ZMYYFZ,0.600000,0.000000,8,8,8,8,9,9,9,9,9,9,9,8,0,7,7.548045367002487,6.747404113411903,8.574442937970161,7989.875
1778071234,20,GET,/product/9SIQT8TOJO,0.100000,0.000000,7,7,8,8,8,8,8,8,8,8,8,7,0,8,7.709069177508354,6.520521128550172,9.65042202733457,8003.571428571428
1778071234,20,GET,/product/L9ECAV7KIM,0.100000,0.000000,8,8,8,8,8,8,8,8,8,8,8,5,0,8,10.48469329252839,7.573118200525641,21.17587812244892,7976.0
1778071234,20,GET,/product/LS4PSXUNUM,0.300000,0.000000,7,7,8,8,8,8,8,8,8,8,8,5,0,7,7.263207994401455,6.475806003436446,8.338394109159708,8005.8
1778071234,20,GET,/product/OLJCESPC7Z,0.300000,0.000000,7,7,7,7,7,7,7,7,7,7,7,7,0,7,6.887284872521247,6.501001073047519,8.020439185202122,8027.571428571428
1778071234,20,,Aggregated,12.600000,0.000000,9,9,9,10,10,12,13,14,16,16,16,286,0,10,33.6741849249294,6.475806003436446,922.7584458421916,10596.965034965035
1778071235,20,GET,/,9.100000,0.000000,9,9,9,9,10,10,13,14,14,14,14,214,0,10,38.8443950426582,7.33443396165967,922.7584458421916,10542.668224299065
1778071235,20,POST,/cart,0.700000,0.000000,11,11,12,12,12,13,13,13,13,13,13,27,0,12,24.837375385686755,9.641560958698392,108.83422615006566,16926.185185185186
1778071235,20,POST,/cart/checkout,0.400000,0.000000,16,16,46,46,46,46,46,46,46,46,46,8,0,12,29.802775708958507,9.461101843044162,76.56254991889,6806.0
1778071235,20,GET,/product/0PUK6V6EV0,0.000000,0.000000,7,7,7,7,7,7,7,7,7,7,7,2,0,7,7.054355111904442,6.959823193028569,7.148887030780315,8033.0
1778071235,20,GET,/product/1YMWWN1N4O,0.200000,0.000000,7,7,7,7,7,7,7,7,7,7,7,4,0,7,7.537162920925766,6.607456831261516,8.514218963682652,8043.75
1778071235,20,GET,/product/2ZYFJ3GM2N,0.300000,0.000000,7,7,9,9,9,9,9,9,9,9,9,5,0,8,18.97389222867787,7.206249050796032,64.11894108168781,8006.8
1778071235,20,GET,/product/66VCHSJNUP,0.200000,0.000000,7,7,7,7,7,7,7,7,7,7,7,5,0,10,22.82280526123941,6.828271085396409,57.538554072380066,7964.0
1778071235,20,GET,/product/6E92ZMYYFZ,0.500000,0.000000,7,8,8,8,9,9,9,9,9,9,9,8,0,7,7.548045367002487,6.747404113411903,8.574442937970161,7989.875
1778071235,20,GET,/product/9SIQT8TOJO,0.200000,0.000000,7,7,8,8,8,8,8,8,8,8,8,7,0,8,7.709069177508354,6.520521128550172,9.65042202733457,8003.571428571428
1778071235,20,GET,/product/L9ECAV7KIM,0.000000,0.000000,8,8,8,8,8,8,8,8,8,8,8,5,0,8,10.48469329252839,7.573118200525641,21.17587812244892,7976.0
1778071235,20,GET,/product/LS4PSXUNUM,0.400000,0.000000,7,7,8,8,8,8,8,8,8,8,8,5,0,7,7.263207994401455,6.475806003436446,8.338394109159708,8005.8
1778071235,20,GET,/product/OLJCESPC7Z,0.600000,0.000000,7,7,7,7,7,7,7,7,7,7,7,7,0,7,6.887284872521247,6.501001073047519,8.020439185202122,8027.571428571428
1778071235,20,,Aggregated,12.600000,0.000000,9,9,9,10,10,12,13,14,16,16,16,297,0,10,32.74838746562976,6.475806003436446,922.7584458421916,10611.875420875422
1778071236,20,GET,/,9.000000,0.000000,9,9,9,9,10,10,13,14,14,14,14,223,0,9,37.622352772822495,7.33443396165967,922.7584458421916,10543.699551569507
1778071236,20,POST,/cart,0.900000,0.000000,11,11,12,12,12,13,13,13,13,13,13,28,0,12,24.32764451285558,9.641560958698392,108.83422615006566,16960.64285714286
1778071236,20,POST,/cart/checkout,0.300000,0.000000,12,12,16,16,16,16,16,16,16,16,16,9,0,12,27.86612541725238,9.461101843044162,76.56254991889,6808.111111111111
1778071236,20,GET,/product/0PUK6V6EV0,0.100000,0.000000,7,7,7,7,7,7,7,7,7,7,7,2,0,7,7.054355111904442,6.959823193028569,7.148887030780315,8033.0
1778071236,20,GET,/product/1YMWWN1N4O,0.200000,0.000000,7,7,7,7,7,7,7,7,7,7,7,4,0,7,7.537162920925766,6.607456831261516,8.514218963682652,8043.75
1778071236,20,GET,/product/2ZYFJ3GM2N,0.300000,0.000000,7,7,7,7,7,7,7,7,7,7,7,5,0,8,18.97389222867787,7.206249050796032,64.11894108168781,8006.8
1778071236,20,GET,/product/66VCHSJNUP,0.100000,0.000000,7,7,7,7,7,7,7,7,7,7,7,5,0,10,22.82280526123941,6.828271085396409,57.538554072380066,7964.0
1778071236,20,GET,/product/6E92ZMYYFZ,0.500000,0.000000,7,8,8,8,9,9,9,9,9,9,9,8,0,7,7.548045367002487,6.747404113411903,8.574442937970161,7989.875
1778071236,20,GET,/product/9SIQT8TOJO,0.200000,0.000000,7,7,8,8,8,8,8,8,8,8,8,8,0,8,7.66983741777949,6.520521128550172,9.65042202733457,7998.875
1778071236,20,GET,/product/L9ECAV7KIM,0.000000,0.000000,8,8,8,8,8,8,8,8,8,8,8,6,0,8,9.836815569239358,6.597426952794194,21.17587812244892,7991.833333333333
1778071236,20,GET,/product/LS4PSXUNUM,0.400000,0.000000,7,7,8,8,8,8,8,8,8,8,8,5,0,7,7.263207994401455,6.475806003436446,8.338394109159708,8005.8
1778071236,20,GET,/product/OLJCESPC7Z,0.600000,0.000000,7,7,7,7,7,7,7,7,7,7,7,7,0,7,6.887284872521247,6.501001073047519,8.020439185202122,8027.571428571428
1778071236,20,,Aggregated,12.600000,0.000000,9,9,9,10,11,12,13,14,16,16,16,310,0,9,31.742857040597066,6.475806003436446,922.7584458421916,10605.14193548387
1778071237,20,GET,/,8.800000,0.000000,9,9,9,9,10,10,13,14,14,14,14,231,0,9,36.624000983280474,7.33443396165967,922.7584458421916,10544.463203463203
1778071237,20,POST,/cart,1.100000,0.000000,11,11,11,12,12,13,13,13,13,13,13,30,0,11,23.40057857800275,9.641560958698392,108.83422615006566,17021.466666666667
1778071237,20,POST,/cart/checkout,0.300000,0.000000,12,12,16,16,16,16,16,16,16,16,16,9,0,12,27.86612541725238,9.461101843044162,76.56254991889,6808.111111111111
1778071237,20,GET,/product/0PUK6V6EV0,0.200000,0.000000,7,7,7,7,7,7,7,7,7,7,7,2,0,7,7.054355111904442,6.959823193028569,7.148887030780315,8033.0
1778071237,20,GET,/product/1YMWWN1N4O,0.200000,0.000000,7,7,7,7,7,7,7,7,7,7,7,4,0,7,7.537162920925766,6.607456831261516,8.514218963682652,8043.75
1778071237,20,GET,/product/2ZYFJ3GM2N,0.100000,0.000000,7,7,7,7,7,7,7,7,7,7,7,5,0,8,18.97389222867787,7.206249050796032,64.11894108168781,8006.8
1778071237,20,GET,/product/66VCHSJNUP,0.100000,0.000000,7,7,7,7,7,7,7,7,7,7,7,5,0,10,22.82280526123941,6.828271085396409,57.538554072380066,7964.0
1778071237,20,GET,/product/6E92ZMYYFZ,0.700000,0.000000,7,8,8,8,9,9,9,9,9,9,9,8,0,7,7.548045367002487,6.747404113411903,8.574442937970161,7989.875
1778071237,20,GET,/product/9SIQT8TOJO,0.300000,0.000000,7,7,8,8,8,8,8,8,8,8,8,8,0,8,7.66983741777949,6.520521128550172,9.65042202733457,7998.875
1778071237,20,GET,/product/L9ECAV7KIM,0.000000,0.000000,8,8,8,8,8,8,8,8,8,8,8,6,0,8,9.836815569239358,6.597426952794194,21.17587812244892,7991.833333333333
1778071237,20,GET,/product/LS4PSXUNUM,0.400000,0.000000,7,7,8,8,8,8,8,8,8,8,8,5,0,7,7.263207994401455,6.475806003436446,8.338394109159708,8005.8
1778071237,20,GET,/product/OLJCESPC7Z,0.600000,0.000000,7,7,7,7,7,7,7,7,7,7,7,7,0,7,6.887284872521247,6.501001073047519,8.020439185202122,8027.571428571428
1778071237,20,,Aggregated,12.800000,0.000000,9,9,10,10,11,12,13,14,16,16,16,320,0,9,31.035901726136217,6.475806003436446,922.7584458421916,10649.58125
1778071238,20,GET,/,9.100000,0.000000,9,9,9,9,10,11,14,14,14,14,14,238,0,9,35.8395350357408,7.33443396165967,922.7584458421916,10544.995798319327
1778071238,20,POST,/cart,1.200000,0.000000,11,11,11,12,12,13,13,13,13,13,13,33,0,11,22.260001282010116,9.641560958698392,108.83422615006566,17054.727272727272
1778071238,20,POST,/cart/checkout,0.300000,0.000000,12,12,16,16,16,16,16,16,16,16,16,9,0,12,27.86612541725238,9.461101843044162,76.56254991889,6808.111111111111
1778071238,20,GET,/product/0PUK6V6EV0,0.200000,0.000000,7,7,7,7,7,7,7,7,7,7,7,2,0,7,7.054355111904442,6.959823193028569,7.148887030780315,8033.0
1778071238,20,GET,/product/1YMWWN1N4O,0.100000,0.000000,7,7,7,7,7,7,7,7,7,7,7,4,0,7,7.537162920925766,6.607456831261516,8.514218963682652,8043.75
1778071238,20,GET,/product/2ZYFJ3GM2N,0.100000,0.000000,7,7,7,7,7,7,7,7,7,7,7,5,0,8,18.97389222867787,7.206249050796032,64.11894108168781,8006.8
1778071238,20,GET,/product/66VCHSJNUP,0.200000,0.000000,7,7,7,7,7,7,7,7,7,7,7,5,0,10,22.82280526123941,6.828271085396409,57.538554072380066,7964.0
1778071238,20,GET,/product/6E92ZMYYFZ,0.700000,0.000000,7,7,8,8,9,9,9,9,9,9,9,8,0,7,7.548045367002487,6.747404113411903,8.574442937970161,7989.875
1778071238,20,GET,/product/9SIQT8TOJO,0.300000,0.000000,7,7,8,8,8,8,8,8,8,8,8,8,0,8,7.66983741777949,6.520521128550172,9.65042202733457,7998.875
1778071238,20,GET,/product/L9ECAV7KIM,0.100000,0.000000,7,7,7,7,7,7,7,7,7,7,7,6,0,8,9.836815569239358,6.597426952794194,21.17587812244892,7991.833333333333
1778071238,20,GET,/product/LS4PSXUNUM,0.400000,0.000000,7,7,7,8,8,8,8,8,8,8,8,6,0,7,7.250990136526525,6.475806003436446,8.338394109159708,8009.5
1778071238,20,GET,/product/OLJCESPC7Z,0.600000,0.000000,7,7,7,7,7,7,7,7,7,7,7,7,0,7,6.887284872521247,6.501001073047519,8.020439185202122,8027.571428571428
1778071238,20,,Aggregated,13.300000,0.000000,9,9,10,10,11,12,14,14,16,16,16,331,0,9,30.335064198022703,6.475806003436446,922.7584458421916,10700.888217522659
1778071239,20,GET,/,8.700000,0.000000,9,9,9,9,10,10,11,14,14,14,14,243,0,9,35.286643733979496,7.33443396165967,922.7584458421916,10545.514403292182
1778071239,20,POST,/cart,1.300000,0.000000,11,11,11,12,12,13,13,13,13,13,13,34,0,11,21.919406128718574,9.641560958698392,108.83422615006566,17036.70588235294
1778071239,20,POST,/cart/checkout,0.400000,0.000000,12,12,16,16,16,16,16,16,16,16,16,9,0,12,27.86612541725238,9.461101843044162,76.56254991889,6808.111111111111
1778071239,20,GET,/product/0PUK6V6EV0,0.200000,0.000000,7,7,7,7,7,7,7,7,7,7,7,3,0,7,7.02958507463336,6.959823193028569,7.148887030780315,8047.0
1778071239,20,GET,/product/1YMWWN1N4O,0.100000,0.000000,7,7,7,7,7,7,7,7,7,7,7,4,0,7,7.537162920925766,6.607456831261516,8.514218963682652,8043.75
1778071239,20,GET,/product/2ZYFJ3GM2N,0.100000,0.000000,7,7,7,7,7,7,7,7,7,7,7,5,0,8,18.97389222867787,7.206249050796032,64.11894108168781,8006.8
1778071239,20,GET,/product/66VCHSJNUP,0.200000,0.000000,7,7,7,7,7,7,7,7,7,7,7,5,0,10,22.82280526123941,6.828271085396409,57.538554072380066,7964.0
1778071239,20,GET,/product/6E92ZMYYFZ,0.700000,0.000000,7,7,8,8,9,9,9,9,9,9,9,8,0,7,7.548045367002487,6.747404113411903,8.574442937970161,7989.875
1778071239,20,GET,/product/9SIQT8TOJO,0.400000,0.000000,7,7,7,7,7,7,7,7,7,7,7,8,0,8,7.66983741777949,6.520521128550172,9.65042202733457,7998.875
1778071239,20,GET,/product/L9ECAV7KIM,0.100000,0.000000,7,7,7,7,7,7,7,7,7,7,7,6,0,8,9.836815569239358,6.597426952794194,21.17587812244892,7991.833333333333
1778071239,20,GET,/product/LS4PSXUNUM,0.400000,0.000000,7,7,7,8,8,8,8,8,8,8,8,6,0,7,7.250990136526525,6.475806003436446,8.338394109159708,8009.5
1778071239,20,GET,/product/OLJCESPC7Z,0.500000,0.000000,7,7,7,7,7,7,7,7,7,7,7,7,0,7,6.887284872521247,6.501001073047519,8.020439185202122,8027.571428571428
1778071239,20,,Aggregated,13.100000,0.000000,9,9,10,10,11,12,12,13,14,14,14,338,0,9,29.891748962918374,6.475806003436446,922.7584458421916,10708.171597633136
1778071240,20,GET,/,8.800000,0.000000,9,9,9,9,10,10,11,14,14,14,14,253,0,9,34.23881793593465,7.33443396165967,922.7584458421916,10546.490118577076
1778071240,20,POST,/cart,1.400000,0.000000,11,11,12,12,12,13,13,13,13,13,13,34,0,11,21.919406128718574,9.641560958698392,108.83422615006566,17036.70588235294
1778071240,20,POST,/cart/checkout,0.400000,0.000000,12,12,12,12,12,12,12,12,12,12,12,9,0,12,27.86612541725238,9.461101843044162,76.56254991889,6808.111111111111
1778071240,20,GET,/product/0PUK6V6EV0,0.200000,0.000000,7,7,7,7,7,7,7,7,7,7,7,3,0,7,7.02958507463336,6.959823193028569,7.148887030780315,8047.0
1778071240,20,GET,/product/1YMWWN1N4O,0.100000,0.000000,7,7,7,7,7,7,7,7,7,7,7,4,0,7,7.537162920925766,6.607456831261516,8.514218963682652,8043.75
1778071240,20,GET,/product/2ZYFJ3GM2N,0.100000,0.000000,8,8,8,8,8,8,8,8,8,8,8,6,0,8,17.066566506400704,7.206249050796032,64.11894108168781,7997.0
1778071240,20,GET,/product/66VCHSJNUP,0.200000,0.000000,7,7,7,7,7,7,7,7,7,7,7,5,0,10,22.82280526123941,6.828271085396409,57.538554072380066,7964.0
1778071240,20,GET,/product/6E92ZMYYFZ,0.600000,0.000000,8,8,9,9,9,9,9,9,9,9,9,8,0,7,7.548045367002487,6.747404113411903,8.574442937970161,7989.875
1778071240,20,GET,/product/9SIQT8TOJO,0.300000,0.000000,7,7,7,7,7,7,7,7,7,7,7,8,0,8,7.66983741777949,6.520521128550172,9.65042202733457,7998.875
1778071240,20,GET,/product/L9ECAV7KIM,0.100000,0.000000,7,7,7,7,7,7,7,7,7,7,7,6,0,8,9.836815569239358,6.597426952794194,21.17587812244892,7991.833333333333
1778071240,20,GET,/product/LS4PSXUNUM,0.400000,0.000000,7,7,7,7,7,7,7,7,7,7,7,6,0,7,7.250990136526525,6.475806003436446,8.338394109159708,8009.5
1778071240,20,GET,/product/OLJCESPC7Z,0.500000,0.000000,7,7,7,7,7,7,7,7,7,7,7,7,0,7,6.887284872521247,6.501001073047519,8.020439185202122,8027.571428571428
1778071240,20,,Aggregated,13.100000,0.000000,9,9,9,10,11,12,12,13,14,14,14,349,0,9,29.222657873340612,6.475806003436446,922.7584458421916,10696.309455587392
1778071241,20,GET,/,8.600000,0.000000,9,9,9,9,10,10,11,14,14,14,14,261,0,9,33.47215777213089,7.33443396165967,922.7584458421916,10547.421455938696
1778071241,20,POST,/cart,1.600000,0.000000,11,11,12,12,12,13,13,13,13,13,13,35,0,11,21.637634640293463,9.641560958698392,108.83422615006566,17101.685714285715
1778071241,20,POST,/cart/checkout,0.400000,0.000000,12,12,12,12,12,12,12,12,12,12,12,9,0,12,27.86612541725238,9.461101843044162,76.56254991889,6808.111111111111
1778071241,20,GET,/product/0PUK6V6EV0,0.200000,0.000000,7,7,7,7,7,7,7,7,7,7,7,3,0,7,7.02958507463336,6.959823193028569,7.148887030780315,8047.0
1778071241,20,GET,/product/1YMWWN1N4O,0.100000,0.000000,7,7,7,7,7,7,7,7,7,7,7,4,0,7,7.537162920925766,6.607456831261516,8.514218963682652,8043.75
1778071241,20,GET,/product/2ZYFJ3GM2N,0.100000,0.000000,8,8,8,8,8,8,8,8,8,8,8,6,0,8,17.066566506400704,7.206249050796032,64.11894108168781,7997.0
1778071241,20,GET,/product/66VCHSJNUP,0.100000,0.000000,7,7,7,7,7,7,7,7,7,7,7,5,0,10,22.82280526123941,6.828271085396409,57.538554072380066,7964.0
1778071241,20,GET,/product/6E92ZMYYFZ,0.600000,0.000000,8,8,9,9,9,9,9,9,9,9,9,8,0,7,7.548045367002487,6.747404113411903,8.574442937970161,7989.875
1778071241,20,GET,/product/9SIQT8TOJO,0.300000,0.000000,7,7,7,7,7,7,7,7,7,7,7,8,0,8,7.66983741777949,6.520521128550172,9.65042202733457,7998.875
1778071241,20,GET,/product/L9ECAV7KIM,0.100000,0.000000,7,7,7,7,7,7,7,7,7,7,7,7,0,8,9.463606768154673,6.597426952794194,21.17587812244892,8000.0
1778071241,20,GET,/product/LS4PSXUNUM,0.500000,0.000000,7,7,7,7,7,7,7,7,7,7,7,6,0,7,7.250990136526525,6.475806003436446,8.338394109159708,8009.5
1778071241,20,GET,/product/OLJCESPC7Z,0.400000,0.000000,7,7,7,7,7,7,7,7,7,7,7,8,0,7,6.8981914955656976,6.501001073047519,8.020439185202122,8033.375
1778071241,20,,Aggregated,13.000000,0.000000,9,9,9,10,11,12,12,12,14,14,14,360,0,9,28.607711484397036,6.475806003436446,922.7584458421916,10702.947222222223
1778071242,20,GET,/,8.000000,0.000000,9,9,9,9,10,10,11,14,14,14,14,269,0,9,32.74460367903418,7.33443396165967,922.7584458421916,10548.297397769516
1778071242,20,POST,/cart,1.700000,0.000000,11,11,12,12,12,12,12,12,12,12,12,36,0,11,21.349596681021566,9.641560958698392,108.83422615006566,17123.722222222223
1778071242,20,POST,/cart/checkout,0.200000,0.000000,12,12,12,12,12,12,12,12,12,12,12,9,0,12,27.86612541725238,9.461101843044162,76.56254991889,6808.111111111111
1778071242,20,GET,/product/0PUK6V6EV0,0.300000,0.000000,7,7,7,7,7,7,7,7,7,7,7,3,0,7,7.02958507463336,6.959823193028569,7.148887030780315,8047.0
1778071242,20,GET,/product/1YMWWN1N4O,0.100000,0.000000,7,7,7,7,7,7,7,7,7,7,7,4,0,7,7.537162920925766,6.607456831261516,8.514218963682652,8043.75
1778071242,20,GET,/product/2ZYFJ3GM2N,0.000000,0.000000,7,7,8,8,8,8,8,8,8,8,8,7,0,8,15.609181885208402,6.86487415805459,64.11894108168781,8009.571428571428
1778071242,20,GET,/product/66VCHSJNUP,0.100000,0.000000,7,7,7,7,7,7,7,7,7,7,7,6,0,7,20.17802473468085,6.828271085396409,57.538554072380066,7979.166666666667
1778071242,20,GET,/product/6E92ZMYYFZ,0.600000,0.000000,8,8,8,8,8,8,8,8,8,8,8,8,0,7,7.548045367002487,6.747404113411903,8.574442937970161,7989.875
1778071242,20,GET,/product/9SIQT8TOJO,0.300000,0.000000,7,7,7,7,7,7,7,7,7,7,7,8,0,8,7.66983741777949,6.520521128550172,9.65042202733457,7998.875
1778071242,20,GET,/product/L9ECAV7KIM,0.100000,0.000000,7,7,7,7,7,7,7,7,7,7,7,7,0,8,9.463606768154673,6.597426952794194,21.17587812244892,8000.0
1778071242,20,GET,/product/LS4PSXUNUM,0.300000,0.000000,7,7,7,7,7,7,7,7,7,7,7,6,0,7,7.250990136526525,6.475806003436446,8.338394109159708,8009.5
1778071242,20,GET,/product/OLJCESPC7Z,0.400000,0.000000,7,7,7,7,7,7,7,7,7,7,7,8,0,7,6.8981914955656976,6.501001073047519,8.020439185202122,8033.375
1778071242,20,,Aggregated,12.100000,0.000000,9,9,9,10,11,12,12,12,14,14,14,371,0,9,28.021370916127797,6.475806003436446,922.7584458421916,10705.420485175202
1778071243,20,GET,/,7.800000,0.000000,9,9,9,9,10,10,11,14,14,14,14,278,0,9,31.97805198468938,7.33443396165967,922.7584458421916,10549.262589928057
1778071243,20,POST,/cart,1.700000,0.000000,11,11,12,12,13,17,17,17,17,17,17,39,0,11,20.775460166474566,9.641560958698392,108.83422615006566,17254.76923076923
1778071243,20,POST,/cart/checkout,0.200000,0.000000,11,11,12,12,12,12,12,12,12,12,12,11,0,12,24.739260679449547,9.461101843044162,76.56254991889,6805.727272727273
1778071243,20,GET,/product/0PUK6V6EV0,0.300000,0.000000,7,7,7,7,7,7,7,7,7,7,7,3,0,7,7.02958507463336,6.959823193028569,7.148887030780315,8047.0
1778071243,20,GET,/product/1YMWWN1N4O,0.100000,0.000000,7,7,7,7,7,7,7,7,7,7,7,4,0,7,7.537162920925766,6.607456831261516,8.514218963682652,8043.75
1778071243,20,GET,/product/2ZYFJ3GM2N,0.100000,0.000000,7,7,8,8,8,8,8,8,8,8,8,7,0,8,15.609181885208402,6.86487415805459,64.11894108168781,8009.571428571428
1778071243,20,GET,/product/66VCHSJNUP,0.100000,0.000000,7,7,7,7,7,7,7,7,7,7,7,6,0,7,20.17802473468085,6.828271085396409,57.538554072380066,7979.166666666667
1778071243,20,GET,/product/6E92ZMYYFZ,0.300000,0.000000,8,8,8,8,8,8,8,8,8,8,8,8,0,7,7.548045367002487,6.747404113411903,8.574442937970161,7989.875
1778071243,20,GET,/product/9SIQT8TOJO,0.300000,0.000000,7,7,7,7,7,7,7,7,7,7,7,8,0,8,7.66983741777949,6.520521128550172,9.65042202733457,7998.875
1778071243,20,GET,/product/L9ECAV7KIM,0.100000,0.000000,7,7,7,7,7,7,7,7,7,7,7,7,0,8,9.463606768154673,6.597426952794194,21.17587812244892,8000.0
1778071243,20,GET,/product/LS4PSXUNUM,0.300000,0.000000,7,7,7,7,7,7,7,7,7,7,7,6,0,7,7.250990136526525,6.475806003436446,8.338394109159708,8009.5
1778071243,20,GET,/product/OLJCESPC7Z,0.400000,0.000000,7,7,7,7,7,7,7,7,7,7,7,8,0,7,6.8981914955656976,6.501001073047519,8.020439185202122,8033.375
1778071243,20,,Aggregated,11.700000,0.000000,9,9,10,10,11,12,13,14,17,17,17,385,0,9,27.377981497821484,6.475806003436446,922.7584458421916,10745.418181818182
1778071244,20,GET,/,7.900000,0.000000,9,9,9,9,10,10,11,14,14,14,14,283,0,9,31.56426464217343,7.33443396165967,922.7584458421916,10549.632508833922
1778071244,20,POST,/cart,1.500000,0.000000,11,11,12,12,13,17,17,17,17,17,17,40,0,11,20.531272108200938,9.641560958698392,108.83422615006566,17270.0
1778071244,20,POST,/cart/checkout,0.100000,0.000000,11,11,12,12,12,12,12,12,12,12,12,11,0,12,24.739260679449547,9.461101843044162,76.56254991889,6805.727272727273
1778071244,20,GET,/product/0PUK6V6EV0,0.300000,0.000000,7,7,7,7,7,7,7,7,7,7,7,3,0,7,7.02958507463336,6.959823193028569,7.148887030780315,8047.0
1778071244,20,GET,/product/1YMWWN1N4O,0.100000,0.000000,7,7,7,7,7,7,7,7,7,7,7,4,0,7,7.537162920925766,6.607456831261516,8.514218963682652,8043.75
1778071244,20,GET,/product/2ZYFJ3GM2N,0.100000,0.000000,7,7,8,8,8,8,8,8,8,8,8,8,0,7,14.470109512330964,6.496602902188897,64.11894108168781,8014.5
1778071244,20,GET,/product/66VCHSJNUP,0.100000,0.000000,7,7,7,7,7,7,7,7,7,7,7,6,0,7,20.17802473468085,6.828271085396409,57.538554072380066,7979.166666666667
1778071244,20,GET,/product/6E92ZMYYFZ,0.200000,0.000000,8,8,8,8,8,8,8,8,8,8,8,8,0,7,7.548045367002487,6.747404113411903,8.574442937970161,7989.875
1778071244,20,GET,/product/9SIQT8TOJO,0.300000,0.000000,7,7,7,7,7,7,7,7,7,7,7,8,0,8,7.66983741777949,6.520521128550172,9.65042202733457,7998.875
1778071244,20,GET,/product/L9ECAV7KIM,0.200000,0.000000,7,7,7,7,7,7,7,7,7,7,7,7,0,8,9.463606768154673,6.597426952794194,21.17587812244892,8000.0
1778071244,20,GET,/product/LS4PSXUNUM,0.200000,0.000000,7,7,7,7,7,7,7,7,7,7,7,6,0,7,7.250990136526525,6.475806003436446,8.338394109159708,8009.5
1778071244,20,GET,/product/OLJCESPC7Z,0.400000,0.000000,7,7,7,7,7,7,7,7,7,7,7,8,0,7,6.8981914955656976,6.501001073047519,8.020439185202122,8033.375
1778071244,20,,Aggregated,11.400000,0.000000,9,9,10,10,11,12,13,14,17,17,17,392,0,9,27.042897600485773,6.475806003436446,922.7584458421916,10754.464285714286
1778071245,20,GET,/,7.900000,0.000000,9,9,9,9,10,11,11,14,14,14,14,294,0,9,30.721276445745104,7.33443396165967,922.7584458421916,10550.765306122448
1778071245,20,POST,/cart,1.700000,0.000000,11,11,12,12,13,17,17,17,17,17,17,41,0,11,20.292738083431995,9.641560958698392,108.83422615006566,17319.39024390244
1778071245,20,POST,/cart/checkout,0.200000,0.000000,11,11,11,11,12,12,12,12,12,12,12,14,0,11,21.62065652997366,8.662577951326966,76.56254991889,6807.071428571428
1778071245,20,GET,/product/0PUK6V6EV0,0.300000,0.000000,7,7,7,7,7,7,7,7,7,7,7,4,0,7,6.823400326538831,6.204846082255244,7.148887030780315,8053.5
1778071245,20,GET,/product/1YMWWN1N4O,0.000000,0.000000,7,7,7,7,7,7,7,7,7,7,7,4,0,7,7.537162920925766,6.607456831261516,8.514218963682652,8043.75
1778071245,20,GET,/product/2ZYFJ3GM2N,0.200000,0.000000,7,7,8,8,8,8,8,8,8,8,8,8,0,7,14.470109512330964,6.496602902188897,64.11894108168781,8014.5
1778071245,20,GET,/product/66VCHSJNUP,0.200000,0.000000,7,7,7,7,7,7,7,7,7,7,7,7,0,7,18.25016677113516,6.6830189898610115,57.538554072380066,7988.285714285715
1778071245,20,GET,/product/6E92ZMYYFZ,0.200000,0.000000,8,8,8,8,8,8,8,8,8,8,8,8,0,7,7.548045367002487,6.747404113411903,8.574442937970161,7989.875
1778071245,20,GET,/product/9SIQT8TOJO,0.200000,0.000000,7,7,7,7,7,7,7,7,7,7,7,8,0,8,7.66983741777949,6.520521128550172,9.65042202733457,7998.875
1778071245,20,GET,/product/L9ECAV7KIM,0.200000,0.000000,7,7,7,7,7,7,7,7,7,7,7,8,0,8,9.11375114810653,6.597426952794194,21.17587812244892,8003.125
1778071245,20,GET,/product/LS4PSXUNUM,0.100000,0.000000,7,7,7,7,7,7,7,7,7,7,7,6,0,7,7.250990136526525,6.475806003436446,8.338394109159708,8009.5
1778071245,20,GET,/product/OLJCESPC7Z,0.100000,0.000000,7,7,7,7,7,7,7,7,7,7,7,8,0,7,6.8981914955656976,6.501001073047519,8.020439185202122,8033.375
1778071245,20,,Aggregated,11.300000,0.000000,9,9,10,10,11,12,13,14,17,17,17,410,0,9,26.246452606396705,6.204846082255244,922.7584458421916,10721.953658536586
1778071246,20,GET,/,8.100000,0.000000,9,9,9,9,10,11,11,14,14,14,14,302,0,9,30.133308828900883,7.33443396165967,922.7584458421916,10550.867549668874
1778071246,20,POST,/cart,1.600000,0.000000,11,11,12,12,13,17,17,17,17,17,17,41,0,11,20.292738083431995,9.641560958698392,108.83422615006566,17319.39024390244
1778071246,20,POST,/cart/checkout,0.300000,0.000000,11,11,11,11,12,12,12,12,12,12,12,14,0,11,21.62065652997366,8.662577951326966,76.56254991889,6807.071428571428
1778071246,20,GET,/product/0PUK6V6EV0,0.200000,0.000000,7,7,7,7,7,7,7,7,7,7,7,4,0,7,6.823400326538831,6.204846082255244,7.148887030780315,8053.5
1778071246,20,GET,/product/1YMWWN1N4O,0.000000,0.000000,7,7,7,7,7,7,7,7,7,7,7,4,0,7,7.537162920925766,6.607456831261516,8.514218963682652,8043.75
1778071246,20,GET,/product/2ZYFJ3GM2N,0.200000,0.000000,7,7,8,8,8,8,8,8,8,8,8,8,0,7,14.470109512330964,6.496602902188897,64.11894108168781,8014.5
1778071246,20,GET,/product/66VCHSJNUP,0.200000,0.000000,7,7,7,7,7,7,7,7,7,7,7,7,0,7,18.25016677113516,6.6830189898610115,57.538554072380066,7988.285714285715
1778071246,20,GET,/product/6E92ZMYYFZ,0.200000,0.000000,7,7,8,8,8,8,8,8,8,8,8,9,0,7,7.389670212028755,6.122668972238898,8.574442937970161,7984.888888888889
1778071246,20,GET,/product/9SIQT8TOJO,0.200000,0.000000,7,7,7,7,7,7,7,7,7,7,7,8,0,8,7.66983741777949,6.520521128550172,9.65042202733457,7998.875
1778071246,20,GET,/product/L9ECAV7KIM,0.200000,0.000000,7,7,7,7,7,7,7,7,7,7,7,8,0,8,9.11375114810653,6.597426952794194,21.17587812244892,8003.125
1778071246,20,GET,/product/LS4PSXUNUM,0.100000,0.000000,7,7,7,7,7,7,7,7,7,7,7,6,0,7,7.250990136526525,6.475806003436446,8.338394109159708,8009.5
1778071246,20,GET,/product/OLJCESPC7Z,0.100000,0.000000,7,7,7,7,7,7,7,7,7,7,7,9,0,7,6.826605673672424,6.253919098526239,8.020439185202122,8038.111111111111
1778071246,20,,Aggregated,11.400000,0.000000,9,9,10,10,11,11,13,14,17,17,17,420,0,9,25.813395590410522,6.122668972238898,922.7584458421916,10705.854761904762
1778071247,20,GET,/,8.000000,0.000000,9,9,9,9,10,11,12,14,14,14,14,312,0,9,29.468324071972464,7.33443396165967,922.7584458421916,10551.48717948718
1778071247,20,POST,/cart,1.400000,0.000000,11,11,12,12,13,17,17,17,17,17,17,42,0,11,20.070501508945156,9.641560958698392,108.83422615006566,17366.380952380954
1778071247,20,POST,/cart/checkout,0.300000,0.000000,11,11,11,11,12,12,12,12,12,12,12,14,0,11,21.62065652997366,8.662577951326966,76.56254991889,6807.071428571428
1778071247,20,GET,/product/0PUK6V6EV0,0.100000,0.000000,7,7,7,7,7,7,7,7,7,7,7,4,0,7,6.823400326538831,6.204846082255244,7.148887030780315,8053.5
1778071247,20,GET,/product/1YMWWN1N4O,0.000000,0.000000,7,7,7,7,7,7,7,7,7,7,7,4,0,7,7.537162920925766,6.607456831261516,8.514218963682652,8043.75
1778071247,20,GET,/product/2ZYFJ3GM2N,0.300000,0.000000,7,7,8,8,8,8,8,8,8,8,8,8,0,7,14.470109512330964,6.496602902188897,64.11894108168781,8014.5
1778071247,20,GET,/product/66VCHSJNUP,0.200000,0.000000,7,7,8,8,8,8,8,8,8,8,8,8,0,7,16.917409928282723,6.6830189898610115,57.538554072380066,7995.625
1778071247,20,GET,/product/6E92ZMYYFZ,0.000000,0.000000,7,7,8,8,8,8,8,8,8,8,8,9,0,7,7.389670212028755,6.122668972238898,8.574442937970161,7984.888888888889
1778071247,20,GET,/product/9SIQT8TOJO,0.100000,0.000000,7,7,7,7,7,7,7,7,7,7,7,8,0,8,7.66983741777949,6.520521128550172,9.65042202733457,7998.875
1778071247,20,GET,/product/L9ECAV7KIM,0.200000,0.000000,7,7,7,7,7,7,7,7,7,7,7,8,0,8,9.11375114810653,6.597426952794194,21.17587812244892,8003.125
1778071247,20,GET,/product/LS4PSXUNUM,0.100000,0.000000,7,7,7,7,7,7,7,7,7,7,7,6,0,7,7.250990136526525,6.475806003436446,8.338394109159708,8009.5
1778071247,20,GET,/product/OLJCESPC7Z,0.100000,0.000000,7,7,7,7,7,7,7,7,7,7,7,9,0,7,6.826605673672424,6.253919098526239,8.020439185202122,8038.111111111111
1778071247,20,,Aggregated,10.800000,0.000000,9,9,10,10,11,12,13,14,17,17,17,432,0,9,25.35655302334042,6.122668972238898,922.7584458421916,10716.4375
1778071248,20,GET,/,7.700000,0.000000,9,9,9,10,10,11,12,26,26,26,26,318,0,9,29.136156076828968,7.33443396165967,922.7584458421916,10551.896226415094
1778071248,20,POST,/cart,1.300000,0.000000,11,12,12,12,13,17,17,17,17,17,17,44,0,11,19.65482598064806,9.641560958698392,108.83422615006566,17389.477272727272
1778071248,20,POST,/cart/checkout,0.600000,0.000000,11,11,11,11,12,12,12,12,12,12,12,14,0,11,21.62065652997366,8.662577951326966,76.56254991889,6807.071428571428
1778071248,20,GET,/product/0PUK6V6EV0,0.200000,0.000000,7,7,7,7,7,7,7,7,7,7,7,4,0,7,6.823400326538831,6.204846082255244,7.148887030780315,8053.5
1778071248,20,GET,/product/1YMWWN1N4O,0.000000,0.000000,7,7,7,7,7,7,7,7,7,7,7,4,0,7,7.537162920925766,6.607456831261516,8.514218963682652,8043.75
1778071248,20,GET,/product/2ZYFJ3GM2N,0.300000,0.000000,7,7,8,8,8,8,8,8,8,8,8,8,0,7,14.470109512330964,6.496602902188897,64.11894108168781,8014.5
1778071248,20,GET,/product/66VCHSJNUP,0.200000,0.000000,7,7,8,8,8,8,8,8,8,8,8,9,0,7,15.863104594043559,6.6830189898610115,57.538554072380066,7996.888888888889
1778071248,20,GET,/product/6E92ZMYYFZ,0.000000,0.000000,7,7,8,8,8,8,8,8,8,8,8,9,0,7,7.389670212028755,6.122668972238898,8.574442937970161,7984.888888888889
1778071248,20,GET,/product/9SIQT8TOJO,0.100000,0.000000,7,7,7,7,7,7,7,7,7,7,7,8,0,8,7.66983741777949,6.520521128550172,9.65042202733457,7998.875
1778071248,20,GET,/product/L9ECAV7KIM,0.200000,0.000000,7,7,7,7,7,7,7,7,7,7,7,8,0,8,9.11375114810653,6.597426952794194,21.17587812244892,8003.125
1778071248,20,GET,/product/LS4PSXUNUM,0.100000,0.000000,7,7,7,7,7,7,7,7,7,7,7,6,0,7,7.250990136526525,6.475806003436446,8.338394109159708,8009.5
1778071248,20,GET,/product/OLJCESPC7Z,0.100000,0.000000,7,7,7,7,7,7,7,7,7,7,7,9,0,7,6.826605673672424,6.253919098526239,8.020439185202122,8038.111111111111
1778071248,20,,Aggregated,10.800000,0.000000,9,9,10,10,11,12,13,17,26,26,26,441,0,9,25.06687385431341,6.122668972238898,922.7584458421916,10740.807256235828
1778071249,20,GET,/,8.000000,0.000000,9,9,9,9,10,11,13,26,26,26,26,328,0,9,28.515197287694118,7.33443396165967,922.7584458421916,10552.725609756097
1778071249,20,POST,/cart,1.200000,0.000000,11,12,12,12,13,17,17,17,17,17,17,45,0,11,19.472763599413966,9.641560958698392,108.83422615006566,17368.222222222223
1778071249,20,POST,/cart/checkout,0.500000,0.000000,11,11,11,11,11,11,11,11,11,11,11,14,0,11,21.62065652997366,8.662577951326966,76.56254991889,6807.071428571428
1778071249,20,GET,/product/0PUK6V6EV0,0.200000,0.000000,7,7,7,7,7,7,7,7,7,7,7,4,0,7,6.823400326538831,6.204846082255244,7.148887030780315,8053.5
1778071249,20,GET,/product/1YMWWN1N4O,0.000000,0.000000,7,7,7,7,7,7,7,7,7,7,7,4,0,7,7.537162920925766,6.607456831261516,8.514218963682652,8043.75
1778071249,20,GET,/product/2ZYFJ3GM2N,0.300000,0.000000,7,7,8,8,8,8,8,8,8,8,8,8,0,7,14.470109512330964,6.496602902188897,64.11894108168781,8014.5
1778071249,20,GET,/product/66VCHSJNUP,0.200000,0.000000,7,7,8,8,8,8,8,8,8,8,8,9,0,7,15.863104594043559,6.6830189898610115,57.538554072380066,7996.888888888889
1778071249,20,GET,/product/6E92ZMYYFZ,0.100000,0.000000,7,7,8,8,8,8,8,8,8,8,8,9,0,7,7.389670212028755,6.122668972238898,8.574442937970161,7984.888888888889
1778071249,20,GET,/product/9SIQT8TOJO,0.000000,0.000000,7,7,7,7,7,7,7,7,7,7,7,8,0,8,7.66983741777949,6.520521128550172,9.65042202733457,7998.875
1778071249,20,GET,/product/L9ECAV7KIM,0.200000,0.000000,7,7,7,7,7,7,7,7,7,7,7,8,0,8,9.11375114810653,6.597426952794194,21.17587812244892,8003.125
1778071249,20,GET,/product/LS4PSXUNUM,0.100000,0.000000,7,7,7,7,7,7,7,7,7,7,7,7,0,7,7.151983977694597,6.475806003436446,8.338394109159708,8000.285714285715
1778071249,20,GET,/product/OLJCESPC7Z,0.200000,0.000000,7,7,7,7,7,7,7,7,7,7,7,9,0,7,6.826605673672424,6.253919098526239,8.020439185202122,8038.111111111111
1778071249,20,,Aggregated,11.000000,0.000000,9,9,10,10,11,12,13,17,26,26,26,453,0,9,24.636199588375476,6.122668972238898,922.7584458421916,10743.631346578366
1778071250,20,GET,/,8.100000,0.000000,9,9,9,10,10,11,13,26,26,26,26,337,0,9,27.999388677197942,7.33443396165967,922.7584458421916,10553.13946587537
1778071250,20,POST,/cart,1.300000,0.000000,11,11,12,12,13,17,17,17,17,17,17,46,0,11,19.26795719191432,9.641560958698392,108.83422615006566,17379.08695652174
1778071250,20,POST,/cart/checkout,0.500000,0.000000,11,11,11,11,11,11,11,11,11,11,11,14,0,11,21.62065652997366,8.662577951326966,76.56254991889,6807.071428571428
1778071250,20,GET,/product/0PUK6V6EV0,0.200000,0.000000,7,7,7,7,7,7,7,7,7,7,7,4,0,7,6.823400326538831,6.204846082255244,7.148887030780315,8053.5
1778071250,20,GET,/product/1YMWWN1N4O,0.000000,0.000000,0,0,0,0,0,0,0,0,0,0,0,4,0,7,7.537162920925766,6.607456831261516,8.514218963682652,8043.75
1778071250,20,GET,/product/2ZYFJ3GM2N,0.300000,0.000000,7,7,8,8,8,8,8,8,8,8,8,8,0,7,14.470109512330964,6.496602902188897,64.11894108168781,8014.5
1778071250,20,GET,/product/66VCHSJNUP,0.300000,0.000000,7,7,8,8,8,8,8,8,8,8,8,9,0,7,15.863104594043559,6.6830189898610115,57.538554072380066,7996.888888888889
1778071250,20,GET,/product/6E92ZMYYFZ,0.100000,0.000000,6,6,6,6,6,6,6,6,6,6,6,9,0,7,7.389670212028755,6.122668972238898,8.574442937970161,7984.888888888889
1778071250,20,GET,/product/9SIQT8TOJO,0.000000,0.000000,7,7,7,7,7,7,7,7,7,7,7,9,0,8,7.553442924593885,6.520521128550172,9.65042202733457,8006.0
1778071250,20,GET,/product/L9ECAV7KIM,0.200000,0.000000,7,7,7,7,7,7,7,7,7,7,7,8,0,8,9.11375114810653,6.597426952794194,21.17587812244892,8003.125
1778071250,20,GET,/product/LS4PSXUNUM,0.100000,0.000000,7,7,7,7,7,7,7,7,7,7,7,7,0,7,7.151983977694597,6.475806003436446,8.338394109159708,8000.285714285715
1778071250,20,GET,/product/OLJCESPC7Z,0.200000,0.000000,7,7,7,7,7,7,7,7,7,7,7,9,0,7,6.826605673672424,6.253919098526239,8.020439185202122,8038.111111111111
1778071250,20,,Aggregated,11.300000,0.000000,9,9,10,10,11,12,13,17,26,26,26,464,0,9,24.26655526555962,6.122668972238898,922.7584458421916,10749.806034482759
1778071251,20,GET,/,8.000000,0.000000,9,9,9,10,10,12,13,26,26,26,26,342,0,9,27.726264538417695,7.33443396165967,922.7584458421916,10553.649122807017
1778071251,20,POST,/cart,1.100000,0.000000,11,11,12,12,13,17,17,17,17,17,17,46,0,11,19.26795719191432,9.641560958698392,108.83422615006566,17379.08695652174
1778071251,20,POST,/cart/checkout,0.500000,0.000000,11,11,11,11,12,12,12,12,12,12,12,15,0,11,20.98034736700356,8.662577951326966,76.56254991889,6805.533333333334
1778071251,20,GET,/product/0PUK6V6EV0,0.200000,0.000000,7,7,7,7,7,7,7,7,7,7,7,4,0,7,6.823400326538831,6.204846082255244,7.148887030780315,8053.5
1778071251,20,GET,/product/1YMWWN1N4O,0.000000,0.000000,0,0,0,0,0,0,0,0,0,0,0,4,0,7,7.537162920925766,6.607456831261516,8.514218963682652,8043.75
1778071251,20,GET,/product/2ZYFJ3GM2N,0.300000,0.000000,7,7,7,7,7,7,7,7,7,7,7,8,0,7,14.470109512330964,6.496602902188897,64.11894108168781,8014.5
1778071251,20,GET,/product/66VCHSJNUP,0.400000,0.000000,7,7,7,7,8,8,8,8,8,8,8,11,0,7,14.169994297183372,6.506134057417512,57.538554072380066,8006.909090909091
1778071251,20,GET,/product/6E92ZMYYFZ,0.100000,0.000000,6,6,6,6,6,6,6,6,6,6,6,9,0,7,7.389670212028755,6.122668972238898,8.574442937970161,7984.888888888889
1778071251,20,GET,/product/9SIQT8TOJO,0.000000,0.000000,7,7,7,7,7,7,7,7,7,7,7,9,0,8,7.553442924593885,6.520521128550172,9.65042202733457,8006.0
1778071251,20,GET,/product/L9ECAV7KIM,0.200000,0.000000,7,7,7,7,7,7,7,7,7,7,7,8,0,8,9.11375114810653,6.597426952794194,21.17587812244892,8003.125
1778071251,20,GET,/product/LS4PSXUNUM,0.000000,0.000000,7,7,7,7,7,7,7,7,7,7,7,7,0,7,7.151983977694597,6.475806003436446,8.338394109159708,8000.285714285715
1778071251,20,GET,/product/OLJCESPC7Z,0.200000,0.000000,7,7,7,7,7,7,7,7,7,7,7,9,0,7,6.826605673672424,6.253919098526239,8.020439185202122,8038.111111111111
1778071251,20,,Aggregated,11.000000,0.000000,9,9,10,10,11,12,13,17,26,26,26,472,0,9,24.007178275743343,6.122668972238898,922.7584458421916,10728.25847457627
1778071252,20,GET,/,8.300000,0.000000,9,9,9,10,10,12,13,26,26,26,26,350,0,9,27.283575403770165,7.33443396165967,922.7584458421916,10554.18
1778071252,20,POST,/cart,1.100000,0.000000,11,11,11,11,12,17,17,17,17,17,17,48,0,11,18.921094704031322,9.641560958698392,108.83422615006566,17370.333333333332
1778071252,20,POST,/cart/checkout,0.500000,0.000000,11,11,11,12,12,12,12,12,12,12,12,15,0,11,20.98034736700356,8.662577951326966,76.56254991889,6805.533333333334
1778071252,20,GET,/product/0PUK6V6EV0,0.100000,0.000000,6,6,6,6,6,6,6,6,6,6,6,4,0,7,6.823400326538831,6.204846082255244,7.148887030780315,8053.5
1778071252,20,GET,/product/1YMWWN1N4O,0.000000,0.000000,0,0,0,0,0,0,0,0,0,0,0,5,0,7,7.416091114282608,6.607456831261516,8.514218963682652,8048.0
1778071252,20,GET,/product/2ZYFJ3GM2N,0.300000,0.000000,7,7,7,7,7,7,7,7,7,7,7,8,0,7,14.470109512330964,6.496602902188897,64.11894108168781,8014.5
1778071252,20,GET,/product/66VCHSJNUP,0.400000,0.000000,7,7,7,7,8,8,8,8,8,8,8,12,0,7,13.526559516321868,6.448776926845312,57.538554072380066,8008.583333333333
1778071252,20,GET,/product/6E92ZMYYFZ,0.100000,0.000000,6,6,6,6,6,6,6,6,6,6,6,9,0,7,7.389670212028755,6.122668972238898,8.574442937970161,7984.888888888889
1778071252,20,GET,/product/9SIQT8TOJO,0.000000,0.000000,7,7,7,7,7,7,7,7,7,7,7,9,0,8,7.553442924593885,6.520521128550172,9.65042202733457,8006.0
1778071252,20,GET,/product/L9ECAV7KIM,0.200000,0.000000,7,7,8,8,8,8,8,8,8,8,8,9,0,8,8.947548353009754,6.597426952794194,21.17587812244892,7998.111111111111
1778071252,20,GET,/product/LS4PSXUNUM,0.100000,0.000000,7,7,7,7,7,7,7,7,7,7,7,7,0,7,7.151983977694597,6.475806003436446,8.338394109159708,8000.285714285715
1778071252,20,GET,/product/OLJCESPC7Z,0.200000,0.000000,7,7,7,7,7,7,7,7,7,7,7,9,0,7,6.826605673672424,6.253919098526239,8.020439185202122,8038.111111111111
1778071252,20,,Aggregated,11.300000,0.000000,9,9,10,10,11,12,13,17,26,26,26,485,0,9,23.589983684750102,6.122668972238898,922.7584458421916,10735.548453608248
1778071253,20,GET,/,8.400000,0.000000,9,9,9,9,10,12,13,26,26,26,26,358,0,9,26.874704168089693,7.33443396165967,922.7584458421916,10554.438547486034
1778071253,20,POST,/cart,1.100000,0.000000,11,11,11,11,12,12,12,12,12,12,12,48,0,11,18.921094704031322,9.641560958698392,108.83422615006566,17370.333333333332
1778071253,20,POST,/cart/checkout,0.500000,0.000000,11,11,11,12,12,12,12,12,12,12,12,15,0,11,20.98034736700356,8.662577951326966,76.56254991889,6805.533333333334
1778071253,20,GET,/product/0PUK6V6EV0,0.100000,0.000000,6,6,6,6,6,6,6,6,6,6,6,4,0,7,6.823400326538831,6.204846082255244,7.148887030780315,8053.5
1778071253,20,GET,/product/1YMWWN1N4O,0.000000,0.000000,7,7,7,7,7,7,7,7,7,7,7,5,0,7,7.416091114282608,6.607456831261516,8.514218963682652,8048.0
1778071253,20,GET,/product/2ZYFJ3GM2N,0.200000,0.000000,6,6,6,6,6,6,6,6,6,6,6,8,0,7,14.470109512330964,6.496602902188897,64.11894108168781,8014.5
1778071253,20,GET,/product/66VCHSJNUP,0.500000,0.000000,7,7,7,7,8,8,8,8,8,8,8,12,0,7,13.526559516321868,6.448776926845312,57.538554072380066,8008.583333333333
1778071253,20,GET,/product/6E92ZMYYFZ,0.100000,0.000000,6,6,6,6,6,6,6,6,6,6,6,9,0,7,7.389670212028755,6.122668972238898,8.574442937970161,7984.888888888889
1778071253,20,GET,/product/9SIQT8TOJO,0.100000,0.000000,7,7,7,7,7,7,7,7,7,7,7,9,0,8,7.553442924593885,6.520521128550172,9.65042202733457,8006.0
1778071253,20,GET,/product/L9ECAV7KIM,0.200000,0.000000,8,8,8,8,8,8,8,8,8,8,8,9,0,8,8.947548353009754,6.597426952794194,21.17587812244892,7998.111111111111
1778071253,20,GET,/product/LS4PSXUNUM,0.100000,0.000000,7,7,7,7,7,7,7,7,7,7,7,7,0,7,7.151983977694597,6.475806003436446,8.338394109159708,8000.285714285715
1778071253,20,GET,/product/OLJCESPC7Z,0.200000,0.000000,7,7,7,7,7,7,7,7,7,7,7,10,0,7,6.82641570456326,6.253919098526239,8.020439185202122,8034.2
1778071253,20,,Aggregated,11.500000,0.000000,9,9,10,10,11,12,13,13,26,26,26,494,0,9,23.319553631463425,6.122668972238898,922.7584458421916,10727.25910931174
1778071254,20,GET,/,8.000000,0.000000,9,9,9,10,10,12,13,26,26,26,26,367,0,9,26.439992866379892,7.33443396165967,922.7584458421916,10555.261580381472
1778071254,20,POST,/cart,1.100000,0.000000,11,11,11,11,12,12,12,12,12,12,12,49,0,11,18.757406199274925,9.641560958698392,108.83422615006566,17380.816326530614
1778071254,20,POST,/cart/checkout,0.600000,0.000000,11,12,12,12,12,12,12,12,12,12,12,16,0,11,20.400704161147587,8.662577951326966,76.56254991889,6806.25
1778071254,20,GET,/product/0PUK6V6EV0,0.100000,0.000000,6,6,6,6,6,6,6,6,6,6,6,4,0,7,6.823400326538831,6.204846082255244,7.148887030780315,8053.5
1778071254,20,GET,/product/1YMWWN1N4O,0.000000,0.000000,7,7,7,7,7,7,7,7,7,7,7,5,0,7,7.416091114282608,6.607456831261516,8.514218963682652,8048.0
1778071254,20,GET,/product/2ZYFJ3GM2N,0.200000,0.000000,6,6,6,6,6,6,6,6,6,6,6,8,0,7,14.470109512330964,6.496602902188897,64.11894108168781,8014.5
1778071254,20,GET,/product/66VCHSJNUP,0.600000,0.000000,7,7,7,7,8,8,8,8,8,8,8,12,0,7,13.526559516321868,6.448776926845312,57.538554072380066,8008.583333333333
1778071254,20,GET,/product/6E92ZMYYFZ,0.100000,0.000000,6,6,6,6,6,6,6,6,6,6,6,9,0,7,7.389670212028755,6.122668972238898,8.574442937970161,7984.888888888889
1778071254,20,GET,/product/9SIQT8TOJO,0.100000,0.000000,7,7,7,7,7,7,7,7,7,7,7,9,0,8,7.553442924593885,6.520521128550172,9.65042202733457,8006.0
1778071254,20,GET,/product/L9ECAV7KIM,0.100000,0.000000,8,8,8,8,8,8,8,8,8,8,8,9,0,8,8.947548353009754,6.597426952794194,21.17587812244892,7998.111111111111
1778071254,20,GET,/product/LS4PSXUNUM,0.100000,0.000000,7,7,7,7,7,7,7,7,7,7,7,7,0,7,7.151983977694597,6.475806003436446,8.338394109159708,8000.285714285715
1778071254,20,GET,/product/OLJCESPC7Z,0.100000,0.000000,7,7,7,7,7,7,7,7,7,7,7,10,0,7,6.82641570456326,6.253919098526239,8.020439185202122,8034.2
1778071254,20,,Aggregated,11.100000,0.000000,9,9,10,10,11,12,13,13,26,26,26,505,0,9,23.019404352024786,6.122668972238898,922.7584458421916,10731.20594059406
1778071255,20,GET,/,8.100000,0.000000,9,9,9,9,10,12,13,26,26,26,26,378,0,9,25.915129256814165,7.33443396165967,922.7584458421916,10555.272486772486
1778071255,20,POST,/cart,1.100000,0.000000,11,11,11,11,12,12,12,12,12,12,12,49,0,11,18.757406199274925,9.641560958698392,108.83422615006566,17380.816326530614
1778071255,20,POST,/cart/checkout,0.500000,0.000000,11,12,12,12,12,12,12,12,12,12,12,16,0,11,20.400704161147587,8.662577951326966,76.56254991889,6806.25
1778071255,20,GET,/product/0PUK6V6EV0,0.100000,0.000000,6,6,6,6,6,6,6,6,6,6,6,4,0,7,6.823400326538831,6.204846082255244,7.148887030780315,8053.5
1778071255,20,GET,/product/1YMWWN1N4O,0.100000,0.000000,7,7,7,7,7,7,7,7,7,7,7,5,0,7,7.416091114282608,6.607456831261516,8.514218963682652,8048.0
1778071255,20,GET,/product/2ZYFJ3GM2N,0.100000,0.000000,6,6,7,7,7,7,7,7,7,7,7,10,0,7,12.961862818337977,6.41491892747581,64.11894108168781,8023.8
1778071255,20,GET,/product/66VCHSJNUP,0.600000,0.000000,7,7,7,7,8,8,8,8,8,8,8,12,0,7,13.526559516321868,6.448776926845312,57.538554072380066,8008.583333333333
1778071255,20,GET,/product/6E92ZMYYFZ,0.100000,0.000000,6,6,6,6,6,6,6,6,6,6,6,9,0,7,7.389670212028755,6.122668972238898,8.574442937970161,7984.888888888889
1778071255,20,GET,/product/9SIQT8TOJO,0.100000,0.000000,7,7,7,7,7,7,7,7,7,7,7,9,0,8,7.553442924593885,6.520521128550172,9.65042202733457,8006.0
1778071255,20,GET,/product/L9ECAV7KIM,0.200000,0.000000,8,8,8,8,8,8,8,8,8,8,8,9,0,8,8.947548353009754,6.597426952794194,21.17587812244892,7998.111111111111
1778071255,20,GET,/product/LS4PSXUNUM,0.100000,0.000000,7,7,7,7,7,7,7,7,7,7,7,7,0,7,7.151983977694597,6.475806003436446,8.338394109159708,8000.285714285715
1778071255,20,GET,/product/OLJCESPC7Z,0.100000,0.000000,7,7,7,7,7,7,7,7,7,7,7,10,0,7,6.82641570456326,6.253919098526239,8.020439185202122,8034.2
1778071255,20,,Aggregated,11.200000,0.000000,9,9,9,10,11,12,13,13,26,26,26,518,0,9,22.646908160176803,6.122668972238898,922.7584458421916,10717.167953667953
1778071256,20,GET,/,8.000000,0.000000,9,9,9,9,10,12,13,26,26,26,26,384,0,9,25.640398761121713,7.33443396165967,922.7584458421916,10555.783854166666
1778071256,20,POST,/cart,0.900000,0.000000,11,11,11,11,12,12,12,12,12,12,12,49,0,11,18.757406199274925,9.641560958698392,108.83422615006566,17380.816326530614
1778071256,20,POST,/cart/checkout,0.400000,0.000000,11,12,12,12,12,12,12,12,12,12,12,16,0,11,20.400704161147587,8.662577951326966,76.56254991889,6806.25
1778071256,20,GET,/product/0PUK6V6EV0,0.100000,0.000000,6,6,6,6,6,6,6,6,6,6,6,4,0,7,6.823400326538831,6.204846082255244,7.148887030780315,8053.5
1778071256,20,GET,/product/1YMWWN1N4O,0.100000,0.000000,7,7,7,7,7,7,7,7,7,7,7,5,0,7,7.416091114282608,6.607456831261516,8.514218963682652,8048.0
1778071256,20,GET,/product/2ZYFJ3GM2N,0.100000,0.000000,6,6,7,7,7,7,7,7,7,7,7,10,0,7,12.961862818337977,6.41491892747581,64.11894108168781,8023.8
1778071256,20,GET,/product/66VCHSJNUP,0.600000,0.000000,7,7,7,8,8,8,8,8,8,8,8,12,0,7,13.526559516321868,6.448776926845312,57.538554072380066,8008.583333333333
1778071256,20,GET,/product/6E92ZMYYFZ,0.100000,0.000000,6,6,6,6,6,6,6,6,6,6,6,9,0,7,7.389670212028755,6.122668972238898,8.574442937970161,7984.888888888889
1778071256,20,GET,/product/9SIQT8TOJO,0.100000,0.000000,7,7,7,7,7,7,7,7,7,7,7,9,0,8,7.553442924593885,6.520521128550172,9.65042202733457,8006.0
1778071256,20,GET,/product/L9ECAV7KIM,0.200000,0.000000,8,8,8,8,8,8,8,8,8,8,8,9,0,8,8.947548353009754,6.597426952794194,21.17587812244892,7998.111111111111
1778071256,20,GET,/product/LS4PSXUNUM,0.100000,0.000000,7,7,7,7,7,7,7,7,7,7,7,8,0,7,7.10354425245896,6.475806003436446,8.338394109159708,8003.5
1778071256,20,GET,/product/OLJCESPC7Z,0.200000,0.000000,7,7,7,7,7,7,7,7,7,7,7,10,0,7,6.82641570456326,6.253919098526239,8.020439185202122,8034.2
1778071256,20,,Aggregated,10.900000,0.000000,9,9,9,10,11,12,13,13,26,26,26,525,0,9,22.453061253985478,6.122668972238898,922.7584458421916,10710.565714285714
1778071257,20,GET,/,8.200000,0.000000,9,9,9,9,10,12,13,26,26,26,26,397,0,9,25.088372826810822,7.33443396165967,922.7584458421916,10556.614609571789
1778071257,20,POST,/cart,0.900000,0.000000,11,11,11,11,12,12,12,12,12,12,12,51,0,11,18.42031703221009,9.641560958698392,108.83422615006566,17343.56862745098
1778071257,20,POST,/cart/checkout,0.500000,0.000000,11,12,12,12,12,12,12,12,12,12,12,16,0,11,20.400704161147587,8.662577951326966,76.56254991889,6806.25
1778071257,20,GET,/product/0PUK6V6EV0,0.100000,0.000000,6,6,6,6,6,6,6,6,6,6,6,5,0,7,6.718257023021579,6.204846082255244,7.148887030780315,8055.0
1778071257,20,GET,/product/1YMWWN1N4O,0.100000,0.000000,7,7,7,7,7,7,7,7,7,7,7,5,0,7,7.416091114282608,6.607456831261516,8.514218963682652,8048.0
1778071257,20,GET,/product/2ZYFJ3GM2N,0.000000,0.000000,6,6,7,7,7,7,7,7,7,7,7,10,0,7,12.961862818337977,6.41491892747581,64.11894108168781,8023.8
1778071257,20,GET,/product/66VCHSJNUP,0.600000,0.000000,7,7,7,8,8,8,8,8,8,8,8,13,0,7,13.07875462449514,6.448776926845312,57.538554072380066,8004.692307692308
1778071257,20,GET,/product/6E92ZMYYFZ,0.100000,0.000000,6,6,6,6,6,6,6,6,6,6,6,9,0,7,7.389670212028755,6.122668972238898,8.574442937970161,7984.888888888889
1778071257,20,GET,/product/9SIQT8TOJO,0.100000,0.000000,7,7,7,7,7,7,7,7,7,7,7,9,0,8,7.553442924593885,6.520521128550172,9.65042202733457,8006.0
1778071257,20,GET,/product/L9ECAV7KIM,0.200000,0.000000,8,8,8,8,8,8,8,8,8,8,8,9,0,8,8.947548353009754,6.597426952794194,21.17587812244892,7998.111111111111
1778071257,20,GET,/product/LS4PSXUNUM,0.100000,0.000000,7,7,7,7,7,7,7,7,7,7,7,8,0,7,7.10354425245896,6.475806003436446,8.338394109159708,8003.5
1778071257,20,GET,/product/OLJCESPC7Z,0.200000,0.000000,7,7,7,7,7,7,7,7,7,7,7,10,0,7,6.82641570456326,6.253919098526239,8.020439185202122,8034.2
1778071257,20,,Aggregated,11.100000,0.000000,9,9,9,10,11,12,13,13,26,26,26,542,0,9,22.022793525692446,6.122668972238898,922.7584458421916,10718.60332103321
1778071258,20,GET,/,8.500000,0.000000,8,9,9,9,10,11,13,13,13,13,13,407,0,9,24.68052223617673,7.312058936804533,922.7584458421916,10557.167076167076
1778071258,20,POST,/cart,0.800000,0.000000,11,11,11,11,11,11,11,11,11,11,11,52,0,11,18.27516507070798,9.641560958698392,108.83422615006566,17381.71153846154
1778071258,20,POST,/cart/checkout,0.200000,0.000000,12,12,12,12,12,12,12,12,12,12,12,16,0,11,20.400704161147587,8.662577951326966,76.56254991889,6806.25
1778071258,20,GET,/product/0PUK6V6EV0,0.000000,0.000000,6,6,6,6,6,6,6,6,6,6,6,7,0,6.204846082255244,6.582390450473342,6.204846082255244,7.148887030780315,8052.714285714285
1778071258,20,GET,/product/1YMWWN1N4O,0.100000,0.000000,7,7,7,7,7,7,7,7,7,7,7,5,0,7,7.416091114282608,6.607456831261516,8.514218963682652,8048.0
1778071258,20,GET,/product/2ZYFJ3GM2N,0.200000,0.000000,6,6,7,7,7,7,7,7,7,7,7,10,0,7,12.961862818337977,6.41491892747581,64.11894108168781,8023.8
1778071258,20,GET,/product/66VCHSJNUP,0.500000,0.000000,7,7,8,8,10,10,10,10,10,10,10,16,0,7,12.055167069775052,6.167342886328697,57.538554072380066,8010.25
1778071258,20,GET,/product/6E92ZMYYFZ,0.100000,0.000000,6,6,6,6,6,6,6,6,6,6,6,9,0,7,7.389670212028755,6.122668972238898,8.574442937970161,7984.888888888889
1778071258,20,GET,/product/9SIQT8TOJO,0.100000,0.000000,7,7,7,7,7,7,7,7,7,7,7,9,0,8,7.553442924593885,6.520521128550172,9.65042202733457,8006.0
1778071258,20,GET,/product/L9ECAV7KIM,0.100000,0.000000,8,8,8,8,8,8,8,8,8,8,8,9,0,8,8.947548353009754,6.597426952794194,21.17587812244892,7998.111111111111
1778071258,20,GET,/product/LS4PSXUNUM,0.100000,0.000000,7,7,7,7,7,7,7,7,7,7,7,8,0,7,7.10354425245896,6.475806003436446,8.338394109159708,8003.5
1778071258,20,GET,/product/OLJCESPC7Z,0.200000,0.000000,7,7,7,7,7,7,7,7,7,7,7,10,0,7,6.82641570456326,6.253919098526239,8.020439185202122,8034.2
1778071258,20,,Aggregated,10.900000,0.000000,8,9,9,10,10,12,13,13,13,13,13,558,0,9,21.626271245296792,6.122668972238898,922.7584458421916,10707.52329749104
1778071259,20,GET,/,8.100000,0.000000,8,9,9,9,10,11,13,13,13,13,13,413,0,9,24.451434933614284,7.312058936804533,922.7584458421916,10557.399515738498
1778071259,20,POST,/cart,0.800000,0.000000,10,11,11,11,11,11,11,11,11,11,11,55,0,11,17.842898047952488,9.641560958698392,108.83422615006566,17485.927272727273
1778071259,20,POST,/cart/checkout,0.200000,0.000000,12,12,12,12,12,12,12,12,12,12,12,16,0,11,20.400704161147587,8.662577951326966,76.56254991889,6806.25
1778071259,20,GET,/product/0PUK6V6EV0,0.000000,0.000000,6,6,6,6,6,6,6,6,6,6,6,7,0,6.204846082255244,6.582390450473342,6.204846082255244,7.148887030780315,8052.714285714285
1778071259,20,GET,/product/1YMWWN1N4O,0.100000,0.000000,7,7,7,7,7,7,7,7,7,7,7,5,0,7,7.416091114282608,6.607456831261516,8.514218963682652,8048.0
1778071259,20,GET,/product/2ZYFJ3GM2N,0.200000,0.000000,7,7,7,7,7,7,7,7,7,7,7,10,0,7,12.961862818337977,6.41491892747581,64.11894108168781,8023.8
1778071259,20,GET,/product/66VCHSJNUP,0.500000,0.000000,7,7,8,8,10,10,10,10,10,10,10,16,0,7,12.055167069775052,6.167342886328697,57.538554072380066,8010.25
1778071259,20,GET,/product/6E92ZMYYFZ,0.000000,0.000000,6,6,6,6,6,6,6,6,6,6,6,9,0,7,7.389670212028755,6.122668972238898,8.574442937970161,7984.888888888889
1778071259,20,GET,/product/9SIQT8TOJO,0.100000,0.000000,7,7,7,7,7,7,7,7,7,7,7,9,0,8,7.553442924593885,6.520521128550172,9.65042202733457,8006.0
1778071259,20,GET,/product/L9ECAV7KIM,0.100000,0.000000,8,8,8,8,8,8,8,8,8,8,8,9,0,8,8.947548353009754,6.597426952794194,21.17587812244892,7998.111111111111
1778071259,20,GET,/product/LS4PSXUNUM,0.200000,0.000000,7,7,7,7,7,7,7,7,7,7,7,8,0,7,7.10354425245896,6.475806003436446,8.338394109159708,8003.5
1778071259,20,GET,/product/OLJCESPC7Z,0.100000,0.000000,7,7,7,7,7,7,7,7,7,7,7,11,0,7,6.810711294581944,6.253919098526239,8.020439185202122,8037.636363636364
1778071259,20,,Aggregated,10.400000,0.000000,8,9,9,10,10,12,13,13,13,13,13,568,0,9,21.406045613538236,6.122668972238898,922.7584458421916,10746.80633802817
1778071260,20,GET,/,8.400000,0.000000,8,9,9,9,10,12,22,24,24,24,24,422,0,9,24.177194068150957,7.312058936804533,922.7584458421916,10558.052132701421
1778071260,20,POST,/cart,0.800000,0.000000,10,11,11,11,11,27,27,27,27,27,27,57,0,11,17.85192748923835,9.641560958698392,108.83422615006566,17474.859649122805
1778071260,20,POST,/cart/checkout,0.200000,0.000000,12,12,12,12,12,12,12,12,12,12,12,17,0,11,19.875970039078418,8.662577951326966,76.56254991889,6805.117647058823
1778071260,20,GET,/product/0PUK6V6EV0,0.100000,0.000000,6,6,6,6,6,6,6,6,6,6,6,7,0,6.204846082255244,6.582390450473342,6.204846082255244,7.148887030780315,8052.714285714285
1778071260,20,GET,/product/1YMWWN1N4O,0.100000,0.000000,7,7,7,7,7,7,7,7,7,7,7,5,0,7,7.416091114282608,6.607456831261516,8.514218963682652,8048.0
1778071260,20,GET,/product/2ZYFJ3GM2N,0.200000,0.000000,7,7,7,7,7,7,7,7,7,7,7,10,0,7,12.961862818337977,6.41491892747581,64.11894108168781,8023.8
1778071260,20,GET,/product/66VCHSJNUP,0.500000,0.000000,7,7,8,8,10,10,10,10,10,10,10,16,0,7,12.055167069775052,6.167342886328697,57.538554072380066,8010.25
1778071260,20,GET,/product/6E92ZMYYFZ,0.000000,0.000000,6,6,6,6,6,6,6,6,6,6,6,9,0,7,7.389670212028755,6.122668972238898,8.574442937970161,7984.888888888889
1778071260,20,GET,/product/9SIQT8TOJO,0.100000,0.000000,7,7,7,7,7,7,7,7,7,7,7,9,0,8,7.553442924593885,6.520521128550172,9.65042202733457,8006.0
1778071260,20,GET,/product/L9ECAV7KIM,0.100000,0.000000,8,8,8,8,8,8,8,8,8,8,8,9,0,8,8.947548353009754,6.597426952794194,21.17587812244892,7998.111111111111
1778071260,20,GET,/product/LS4PSXUNUM,0.200000,0.000000,7,7,7,7,7,7,7,7,7,7,7,8,0,7,7.10354425245896,6.475806003436446,8.338394109159708,8003.5
1778071260,20,GET,/product/OLJCESPC7Z,0.100000,0.000000,7,7,7,7,7,7,7,7,7,7,7,11,0,7,6.810711294581944,6.253919098526239,8.020439185202122,8037.636363636364
1778071260,20,,Aggregated,10.800000,0.000000,8,9,10,10,11,12,22,24,27,27,27,580,0,9,21.225254958623957,6.122668972238898,922.7584458421916,10759.66551724138
1778071261,20,GET,/,9.000000,0.000000,8,9,9,9,11,12,22,24,24,24,24,430,0,9,23.908853362487672,7.312058936804533,922.7584458421916,10558.609302325582
1778071261,20,POST,/cart,0.800000,0.000000,10,11,11,11,11,27,27,27,27,27,27,57,0,11,17.85192748923835,9.641560958698392,108.83422615006566,17474.859649122805
1778071261,20,POST,/cart/checkout,0.200000,0.000000,12,12,13,13,13,13,13,13,13,13,13,18,0,11,19.473173655569553,8.662577951326966,76.56254991889,6804.111111111111
1778071261,20,GET,/product/0PUK6V6EV0,0.300000,0.000000,6,6,22,22,22,22,22,22,22,22,22,8,0,6.204846082255244,8.46803150488995,6.204846082255244,21.667518885806203,8049.5
1778071261,20,GET,/product/1YMWWN1N4O,0.100000,0.000000,8,8,8,8,8,8,8,8,8,8,8,6,0,7,7.594053749926388,6.607456831261516,8.514218963682652,8048.5
1778071261,20,GET,/product/2ZYFJ3GM2N,0.200000,0.000000,7,7,7,7,7,7,7,7,7,7,7,10,0,7,12.961862818337977,6.41491892747581,64.11894108168781,8023.8
1778071261,20,GET,/product/66VCHSJNUP,0.700000,0.000000,7,8,8,10,10,10,10,10,10,10,10,16,0,7,12.055167069775052,6.167342886328697,57.538554072380066,8010.25
1778071261,20,GET,/product/6E92ZMYYFZ,0.000000,0.000000,6,6,6,6,6,6,6,6,6,6,6,9,0,7,7.389670212028755,6.122668972238898,8.574442937970161,7984.888888888889
1778071261,20,GET,/product/9SIQT8TOJO,0.100000,0.000000,7,7,7,7,7,7,7,7,7,7,7,9,0,8,7.553442924593885,6.520521128550172,9.65042202733457,8006.0
1778071261,20,GET,/product/L9ECAV7KIM,0.100000,0.000000,8,8,8,8,8,8,8,8,8,8,8,9,0,8,8.947548353009754,6.597426952794194,21.17587812244892,7998.111111111111
1778071261,20,GET,/product/LS4PSXUNUM,0.200000,0.000000,7,7,7,7,7,7,7,7,7,7,7,8,0,7,7.10354425245896,6.475806003436446,8.338394109159708,8003.5
1778071261,20,GET,/product/OLJCESPC7Z,0.100000,0.000000,7,7,7,7,7,7,7,7,7,7,7,12,0,7,6.796274508815259,6.253919098526239,8.020439185202122,8040.666666666667
1778071261,20,,Aggregated,11.800000,0.000000,8,9,10,10,11,13,22,24,27,27,27,592,0,9,21.010292932309362,6.122668972238898,922.7584458421916,10736.907094594595
1778071262,20,GET,/,8.600000,0.000000,9,9,10,10,13,20,53,63,63,63,63,440,0,9,23.889004086165436,7.312058936804533,922.7584458421916,10558.872727272726
1778071262,20,POST,/cart,1.000000,0.000000,10,11,11,11,11,27,27,27,27,27,27,57,0,11,17.85192748923835,9.641560958698392,108.83422615006566,17474.859649122805
1778071262,20,POST,/cart/checkout,0.200000,0.000000,12,12,13,13,13,13,13,13,13,13,13,18,0,11,19.473173655569553,8.662577951326966,76.56254991889,6804.111111111111
1778071262,20,GET,/product/0PUK6V6EV0,0.300000,0.000000,6,9,9,22,22,22,22,22,22,22,22,9,0,7,8.51837902640303,6.204846082255244,21.667518885806203,8048.555555555556
1778071262,20,GET,/product/1YMWWN1N4O,0.100000,0.000000,8,8,8,8,8,8,8,8,8,8,8,6,0,7,7.594053749926388,6.607456831261516,8.514218963682652,8048.5
1778071262,20,GET,/product/2ZYFJ3GM2N,0.200000,0.000000,7,7,7,7,7,7,7,7,7,7,7,10,0,7,12.961862818337977,6.41491892747581,64.11894108168781,8023.8
1778071262,20,GET,/product/66VCHSJNUP,0.700000,0.000000,7,8,8,10,10,10,10,10,10,10,10,16,0,7,12.055167069775052,6.167342886328697,57.538554072380066,8010.25
1778071262,20,GET,/product/6E92ZMYYFZ,0.000000,0.000000,6,6,6,6,6,6,6,6,6,6,6,9,0,7,7.389670212028755,6.122668972238898,8.574442937970161,7984.888888888889
1778071262,20,GET,/product/9SIQT8TOJO,0.100000,0.000000,7,7,7,7,7,7,7,7,7,7,7,9,0,8,7.553442924593885,6.520521128550172,9.65042202733457,8006.0
1778071262,20,GET,/product/L9ECAV7KIM,0.100000,0.000000,8,8,8,8,8,8,8,8,8,8,8,9,0,8,8.947548353009754,6.597426952794194,21.17587812244892,7998.111111111111
1778071262,20,GET,/product/LS4PSXUNUM,0.100000,0.000000,7,7,7,7,7,7,7,7,7,7,7,8,0,7,7.10354425245896,6.475806003436446,8.338394109159708,8003.5
1778071262,20,GET,/product/OLJCESPC7Z,0.200000,0.000000,7,7,7,7,7,7,7,7,7,7,7,12,0,7,6.796274508815259,6.253919098526239,8.020439185202122,8040.666666666667
1778071262,20,,Aggregated,11.600000,0.000000,9,9,10,11,13,22,27,53,63,63,63,603,0,9,21.023829895802226,6.122668972238898,922.7584458421916,10729.671641791045
1778071263,20,GET,/,8.400000,0.000000,9,9,10,10,13,20,53,63,63,63,63,448,0,9,23.626385334604752,7.312058936804533,922.7584458421916,10559.19419642857
1778071263,20,POST,/cart,1.100000,0.000000,11,11,11,11,11,27,27,27,27,27,27,59,0,11,17.621252200392597,9.641560958698392,108.83422615006566,17487.949152542373
1778071263,20,POST,/cart/checkout,0.300000,0.000000,11,12,12,12,13,13,13,13,13,13,13,22,0,11,17.789031939835034,8.662577951326966,76.56254991889,6807.0
1778071263,20,GET,/product/0PUK6V6EV0,0.300000,0.000000,6,9,9,22,22,22,22,22,22,22,22,9,0,7,8.51837902640303,6.204846082255244,21.667518885806203,8048.555555555556
1778071263,20,GET,/product/1YMWWN1N4O,0.100000,0.000000,8,8,8,8,8,8,8,8,8,8,8,6,0,7,7.594053749926388,6.607456831261516,8.514218963682652,8048.5
1778071263,20,GET,/product/2ZYFJ3GM2N,0.200000,0.000000,7,7,7,7,7,7,7,7,7,7,7,10,0,7,12.961862818337977,6.41491892747581,64.11894108168781,8023.8
1778071263,20,GET,/product/66VCHSJNUP,0.600000,0.000000,7,8,8,10,10,10,10,10,10,10,10,16,0,7,12.055167069775052,6.167342886328697,57.538554072380066,8010.25
1778071263,20,GET,/product/6E92ZMYYFZ,0.000000,0.000000,6,6,6,6,6,6,6,6,6,6,6,9,0,7,7.389670212028755,6.122668972238898,8.574442937970161,7984.888888888889
1778071263,20,GET,/product/9SIQT8TOJO,0.000000,0.000000,7,7,7,7,7,7,7,7,7,7,7,9,0,8,7.553442924593885,6.520521128550172,9.65042202733457,8006.0
1778071263,20,GET,/product/L9ECAV7KIM,0.100000,0.000000,8,8,8,8,8,8,8,8,8,8,8,10,0,8,8.735985611565411,6.597426952794194,21.17587812244892,7999.0
1778071263,20,GET,/product/LS4PSXUNUM,0.100000,0.000000,7,7,7,7,7,7,7,7,7,7,7,8,0,7,7.10354425245896,6.475806003436446,8.338394109159708,8003.5
1778071263,20,GET,/product/OLJCESPC7Z,0.200000,0.000000,7,7,7,7,7,7,7,7,7,7,7,12,0,7,6.796274508815259,6.253919098526239,8.020439185202122,8040.666666666667
1778071263,20,,Aggregated,11.400000,0.000000,9,10,10,11,13,20,27,53,63,63,63,618,0,9,20.7453005985601,6.122668972238898,922.7584458421916,10721.06148867314
1778071264,20,GET,/,9.000000,0.000000,9,9,10,10,16,22,63,74,74,74,74,455,0,9,23.54669756880337,7.312058936804533,922.7584458421916,10559.246153846154
1778071264,20,POST,/cart,1.100000,0.000000,11,11,11,11,11,27,27,27,27,27,27,59,0,11,17.621252200392597,9.641560958698392,108.83422615006566,17487.949152542373
1778071264,20,POST,/cart/checkout,0.300000,0.000000,11,12,12,12,13,13,13,13,13,13,13,22,0,11,17.789031939835034,8.662577951326966,76.56254991889,6807.0
1778071264,20,GET,/product/0PUK6V6EV0,0.400000,0.000000,7,7,9,9,22,22,22,22,22,22,22,11,0,7,8.202371547337282,6.204846082255244,21.667518885806203,8034.727272727273
1778071264,20,GET,/product/1YMWWN1N4O,0.200000,0.000000,8,8,8,8,8,8,8,8,8,8,8,6,0,7,7.594053749926388,6.607456831261516,8.514218963682652,8048.5
1778071264,20,GET,/product/2ZYFJ3GM2N,0.200000,0.000000,7,7,7,7,7,7,7,7,7,7,7,10,0,7,12.961862818337977,6.41491892747581,64.11894108168781,8023.8
1778071264,20,GET,/product/66VCHSJNUP,0.500000,0.000000,8,8,10,10,10,10,10,10,10,10,10,16,0,7,12.055167069775052,6.167342886328697,57.538554072380066,8010.25
1778071264,20,GET,/product/6E92ZMYYFZ,0.000000,0.000000,0,0,0,0,0,0,0,0,0,0,0,9,0,7,7.389670212028755,6.122668972238898,8.574442937970161,7984.888888888889
1778071264,20,GET,/product/9SIQT8TOJO,0.000000,0.000000,7,7,7,7,7,7,7,7,7,7,7,10,0,7,7.448481419123709,6.50382786989212,9.65042202733457,8011.1
1778071264,20,GET,/product/L9ECAV7KIM,0.100000,0.000000,8,8,8,8,8,8,8,8,8,8,8,10,0,8,8.735985611565411,6.597426952794194,21.17587812244892,7999.0
1778071264,20,GET,/product/LS4PSXUNUM,0.100000,0.000000,7,7,7,7,7,7,7,7,7,7,7,8,0,7,7.10354425245896,6.475806003436446,8.338394109159708,8003.5
1778071264,20,GET,/product/OLJCESPC7Z,0.300000,0.000000,7,7,7,7,7,7,7,7,7,7,7,12,0,7,6.796274508815259,6.253919098526239,8.020439185202122,8040.666666666667
1778071264,20,,Aggregated,12.200000,0.000000,9,9,10,11,13,22,53,63,74,74,74,628,0,9,20.652527129722486,6.122668972238898,922.7584458421916,10706.299363057326
1778071265,20,GET,/,9.000000,0.000000,9,9,10,10,16,22,63,74,74,74,74,466,0,9,23.208190399210086,7.312058936804533,922.7584458421916,10559.351931330471
1778071265,20,POST,/cart,0.900000,0.000000,11,11,11,11,27,27,27,27,27,27,27,59,0,11,17.621252200392597,9.641560958698392,108.83422615006566,17487.949152542373
1778071265,20,POST,/cart/checkout,0.300000,0.000000,11,12,12,12,13,13,13,13,13,13,13,22,0,11,17.789031939835034,8.662577951326966,76.56254991889,6807.0
1778071265,20,GET,/product/0PUK6V6EV0,0.500000,0.000000,7,7,9,9,22,22,22,22,22,22,22,12,0,7,8.131171596081307,6.204846082255244,21.667518885806203,8037.916666666667
1778071265,20,GET,/product/1YMWWN1N4O,0.100000,0.000000,8,8,8,8,8,8,8,8,8,8,8,6,0,7,7.594053749926388,6.607456831261516,8.514218963682652,8048.5
1778071265,20,GET,/product/2ZYFJ3GM2N,0.200000,0.000000,7,7,7,7,7,7,7,7,7,7,7,10,0,7,12.961862818337977,6.41491892747581,64.11894108168781,8023.8
1778071265,20,GET,/product/66VCHSJNUP,0.400000,0.000000,8,8,10,10,10,10,10,10,10,10,10,16,0,7,12.055167069775052,6.167342886328697,57.538554072380066,8010.25
1778071265,20,GET,/product/6E92ZMYYFZ,0.000000,0.000000,0,0,0,0,0,0,0,0,0,0,0,9,0,7,7.389670212028755,6.122668972238898,8.574442937970161,7984.888888888889
1778071265,20,GET,/product/9SIQT8TOJO,0.000000,0.000000,7,7,7,7,7,7,7,7,7,7,7,10,0,7,7.448481419123709,6.50382786989212,9.65042202733457,8011.1
1778071265,20,GET,/product/L9ECAV7KIM,0.000000,0.000000,8,8,8,8,8,8,8,8,8,8,8,10,0,8,8.735985611565411,6.597426952794194,21.17587812244892,7999.0
1778071265,20,GET,/product/LS4PSXUNUM,0.100000,0.000000,7,7,7,7,7,7,7,7,7,7,7,8,0,7,7.10354425245896,6.475806003436446,8.338394109159708,8003.5
1778071265,20,GET,/product/OLJCESPC7Z,0.300000,0.000000,7,7,7,7,7,7,7,7,7,7,7,12,0,7,6.796274508815259,6.253919098526239,8.020439185202122,8040.666666666667
1778071265,20,,Aggregated,11.800000,0.000000,9,10,10,10,13,22,53,63,74,74,74,640,0,9,20.43500678410055,6.122668972238898,922.7584458421916,10699.734375
1778071266,20,GET,/,8.900000,0.000000,9,9,10,10,16,22,63,74,74,74,74,474,0,9,22.969141377544794,7.312058936804533,922.7584458421916,10559.084388185654
1778071266,20,POST,/cart,1.100000,0.000000,11,11,11,11,13,27,27,27,27,27,27,60,0,11,17.54409196631362,9.641560958698392,108.83422615006566,17542.15
1778071266,20,POST,/cart/checkout,0.700000,0.000000,11,12,12,12,13,13,13,13,13,13,13,22,0,11,17.789031939835034,8.662577951326966,76.56254991889,6807.0
1778071266,20,GET,/product/0PUK6V6EV0,0.500000,0.000000,7,7,9,9,22,22,22,22,22,22,22,12,0,7,8.131171596081307,6.204846082255244,21.667518885806203,8037.916666666667
1778071266,20,GET,/product/1YMWWN1N4O,0.100000,0.000000,8,8,8,8,8,8,8,8,8,8,8,6,0,7,7.594053749926388,6.607456831261516,8.514218963682652,8048.5
1778071266,20,GET,/product/2ZYFJ3GM2N,0.200000,0.000000,7,7,7,7,7,7,7,7,7,7,7,10,0,7,12.961862818337977,6.41491892747581,64.11894108168781,8023.8
1778071266,20,GET,/product/66VCHSJNUP,0.400000,0.000000,8,8,10,10,10,10,10,10,10,10,10,16,0,7,12.055167069775052,6.167342886328697,57.538554072380066,8010.25
1778071266,20,GET,/product/6E92ZMYYFZ,0.000000,0.000000,0,0,0,0,0,0,0,0,0,0,0,9,0,7,7.389670212028755,6.122668972238898,8.574442937970161,7984.888888888889
1778071266,20,GET,/product/9SIQT8TOJO,0.000000,0.000000,7,7,7,7,7,7,7,7,7,7,7,10,0,7,7.448481419123709,6.50382786989212,9.65042202733457,8011.1
1778071266,20,GET,/product/L9ECAV7KIM,0.100000,0.000000,8,8,8,8,8,8,8,8,8,8,8,10,0,8,8.735985611565411,6.597426952794194,21.17587812244892,7999.0
1778071266,20,GET,/product/LS4PSXUNUM,0.100000,0.000000,7,7,7,7,7,7,7,7,7,7,7,8,0,7,7.10354425245896,6.475806003436446,8.338394109159708,8003.5
1778071266,20,GET,/product/OLJCESPC7Z,0.200000,0.000000,7,7,7,7,7,7,7,7,7,7,7,12,0,7,6.796274508815259,6.253919098526239,8.020439185202122,8040.666666666667
1778071266,20,,Aggregated,12.300000,0.000000,9,10,10,11,13,22,53,63,74,74,74,649,0,9,20.28313138197895,6.122668972238898,922.7584458421916,10713.278890600925
1778071267,20,GET,/,8.800000,0.000000,9,10,10,12,22,56,74,89,89,89,89,484,0,9,23.169948877709,7.312058936804533,922.7584458421916,10558.946280991735
1778071267,20,POST,/cart,1.000000,0.000000,11,12,13,13,27,45,45,45,45,45,45,62,0,11,17.889670858670385,9.641560958698392,108.83422615006566,17644.725806451614
1778071267,20,POST,/cart/checkout,0.600000,0.000000,11,11,12,12,13,13,13,13,13,13,13,22,0,11,17.789031939835034,8.662577951326966,76.56254991889,6807.0
1778071267,20,GET,/product/0PUK6V6EV0,0.700000,0.000000,7,7,9,9,22,22,22,22,22,22,22,12,0,7,8.131171596081307,6.204846082255244,21.667518885806203,8037.916666666667
1778071267,20,GET,/product/1YMWWN1N4O,0.100000,0.000000,8,8,8,8,8,8,8,8,8,8,8,6,0,7,7.594053749926388,6.607456831261516,8.514218963682652,8048.5
1778071267,20,GET,/product/2ZYFJ3GM2N,0.200000,0.000000,7,7,7,7,7,7,7,7,7,7,7,10,0,7,12.961862818337977,6.41491892747581,64.11894108168781,8023.8
1778071267,20,GET,/product/66VCHSJNUP,0.400000,0.000000,7,7,10,10,10,10,10,10,10,10,10,16,0,7,12.055167069775052,6.167342886328697,57.538554072380066,8010.25
1778071267,20,GET,/product/6E92ZMYYFZ,0.000000,0.000000,0,0,0,0,0,0,0,0,0,0,0,11,0,7,10.325686900283802,6.122668972238898,39.86145090311766,7981.545454545455
1778071267,20,GET,/product/9SIQT8TOJO,0.100000,0.000000,7,7,7,7,7,7,7,7,7,7,7,10,0,7,7.448481419123709,6.50382786989212,9.65042202733457,8011.1
1778071267,20,GET,/product/L9ECAV7KIM,0.100000,0.000000,7,7,7,7,7,7,7,7,7,7,7,10,0,8,8.735985611565411,6.597426952794194,21.17587812244892,7999.0
1778071267,20,GET,/product/LS4PSXUNUM,0.100000,0.000000,7,7,7,7,7,7,7,7,7,7,7,8,0,7,7.10354425245896,6.475806003436446,8.338394109159708,8003.5
1778071267,20,GET,/product/OLJCESPC7Z,0.200000,0.000000,7,7,7,7,7,7,7,7,7,7,7,12,0,7,6.796274508815259,6.253919098526239,8.020439185202122,8040.666666666667
1778071267,20,,Aggregated,12.300000,0.000000,9,10,11,12,22,53,66,74,89,89,89,663,0,9,20.504108763217005,6.122668972238898,922.7584458421916,10732.758672699849
1778071268,20,GET,/,8.800000,0.000000,9,10,11,12,22,56,74,89,89,89,89,489,0,9,23.032019592836836,7.312058936804533,922.7584458421916,10559.061349693251
1778071268,20,POST,/cart,1.000000,0.000000,11,11,13,13,27,45,45,45,45,45,45,64,0,11,17.66045586555265,9.641560958698392,108.83422615006566,17607.015625
1778071268,20,POST,/cart/checkout,0.600000,0.000000,11,11,12,12,13,13,13,13,13,13,13,22,0,11,17.789031939835034,8.662577951326966,76.56254991889,6807.0
1778071268,20,GET,/product/0PUK6V6EV0,0.800000,0.000000,7,7,9,9,22,22,22,22,22,22,22,12,0,7,8.131171596081307,6.204846082255244,21.667518885806203,8037.916666666667
1778071268,20,GET,/product/1YMWWN1N4O,0.100000,0.000000,8,8,8,8,8,8,8,8,8,8,8,6,0,7,7.594053749926388,6.607456831261516,8.514218963682652,8048.5
1778071268,20,GET,/product/2ZYFJ3GM2N,0.000000,0.000000,7,7,7,7,7,7,7,7,7,7,7,10,0,7,12.961862818337977,6.41491892747581,64.11894108168781,8023.8
1778071268,20,GET,/product/66VCHSJNUP,0.400000,0.000000,7,7,10,10,10,10,10,10,10,10,10,16,0,7,12.055167069775052,6.167342886328697,57.538554072380066,8010.25
1778071268,20,GET,/product/6E92ZMYYFZ,0.000000,0.000000,40,40,40,40,40,40,40,40,40,40,40,11,0,7,10.325686900283802,6.122668972238898,39.86145090311766,7981.545454545455
1778071268,20,GET,/product/9SIQT8TOJO,0.100000,0.000000,7,7,7,7,7,7,7,7,7,7,7,10,0,7,7.448481419123709,6.50382786989212,9.65042202733457,8011.1
1778071268,20,GET,/product/L9ECAV7KIM,0.100000,0.000000,7,7,7,7,7,7,7,7,7,7,7,10,0,8,8.735985611565411,6.597426952794194,21.17587812244892,7999.0
1778071268,20,GET,/product/LS4PSXUNUM,0.100000,0.000000,7,7,7,7,7,7,7,7,7,7,7,8,0,7,7.10354425245896,6.475806003436446,8.338394109159708,8003.5
1778071268,20,GET,/product/OLJCESPC7Z,0.200000,0.000000,7,7,7,7,7,7,7,7,7,7,7,12,0,7,6.796274508815259,6.253919098526239,8.020439185202122,8040.666666666667
1778071268,20,,Aggregated,12.200000,0.000000,9,10,11,12,22,55,66,74,89,89,89,670,0,9,20.393635845159306,6.122668972238898,922.7584458421916,10748.576119402986
1778071269,20,GET,/,9.000000,0.000000,9,10,11,12,22,56,74,89,89,89,89,497,0,9,22.849527187176964,7.312058936804533,922.7584458421916,10558.989939637828
1778071269,20,POST,/cart,1.100000,0.000000,11,13,15,15,27,45,45,45,45,45,45,66,0,11,17.514593553531803,9.641560958698392,108.83422615006566,17701.848484848484
1778071269,20,POST,/cart/checkout,0.600000,0.000000,11,11,12,12,13,13,13,13,13,13,13,22,0,11,17.789031939835034,8.662577951326966,76.56254991889,6807.0
1778071269,20,GET,/product/0PUK6V6EV0,0.800000,0.000000,7,9,9,22,22,22,22,22,22,22,22,12,0,7,8.131171596081307,6.204846082255244,21.667518885806203,8037.916666666667
1778071269,20,GET,/product/1YMWWN1N4O,0.100000,0.000000,8,8,8,8,8,8,8,8,8,8,8,6,0,7,7.594053749926388,6.607456831261516,8.514218963682652,8048.5
1778071269,20,GET,/product/2ZYFJ3GM2N,0.000000,0.000000,7,7,7,7,7,7,7,7,7,7,7,10,0,7,12.961862818337977,6.41491892747581,64.11894108168781,8023.8
1778071269,20,GET,/product/66VCHSJNUP,0.400000,0.000000,7,7,10,10,10,10,10,10,10,10,10,17,0,7,11.727646650636897,6.167342886328697,57.538554072380066,8007.294117647059
1778071269,20,GET,/product/6E92ZMYYFZ,0.000000,0.000000,40,40,40,40,40,40,40,40,40,40,40,11,0,7,10.325686900283802,6.122668972238898,39.86145090311766,7981.545454545455
1778071269,20,GET,/product/9SIQT8TOJO,0.100000,0.000000,7,7,7,7,7,7,7,7,7,7,7,10,0,7,7.448481419123709,6.50382786989212,9.65042202733457,8011.1
1778071269,20,GET,/product/L9ECAV7KIM,0.100000,0.000000,7,7,7,7,7,7,7,7,7,7,7,10,0,8,8.735985611565411,6.597426952794194,21.17587812244892,7999.0
1778071269,20,GET,/product/LS4PSXUNUM,0.000000,0.000000,7,7,7,7,7,7,7,7,7,7,7,8,0,7,7.10354425245896,6.475806003436446,8.338394109159708,8003.5
1778071269,20,GET,/product/OLJCESPC7Z,0.200000,0.000000,7,7,7,7,7,7,7,7,7,7,7,12,0,7,6.796274508815259,6.253919098526239,8.020439185202122,8040.666666666667
1778071269,20,,Aggregated,12.400000,0.000000,9,10,12,13,22,55,66,74,89,89,89,681,0,9,20.24886162477038,6.122668972238898,922.7584458421916,10771.53597650514
1778071270,20,GET,/,8.700000,0.000000,9,10,11,12,55,62,74,89,89,89,89,508,0,9,22.858529656898142,7.312058936804533,922.7584458421916,10559.26968503937
1778071270,20,POST,/cart,1.100000,0.000000,11,13,15,15,27,45,45,45,45,45,45,66,0,11,17.514593553531803,9.641560958698392,108.83422615006566,17701.848484848484
1778071270,20,POST,/cart/checkout,0.600000,0.000000,10,12,12,13,13,13,13,13,13,13,13,22,0,11,17.789031939835034,8.662577951326966,76.56254991889,6807.0
1778071270,20,GET,/product/0PUK6V6EV0,0.700000,0.000000,7,9,9,22,22,22,22,22,22,22,22,12,0,7,8.131171596081307,6.204846082255244,21.667518885806203,8037.916666666667
1778071270,20,GET,/product/1YMWWN1N4O,0.100000,0.000000,8,8,8,8,8,8,8,8,8,8,8,6,0,7,7.594053749926388,6.607456831261516,8.514218963682652,8048.5
1778071270,20,GET,/product/2ZYFJ3GM2N,0.000000,0.000000,7,7,7,7,7,7,7,7,7,7,7,10,0,7,12.961862818337977,6.41491892747581,64.11894108168781,8023.8
1778071270,20,GET,/product/66VCHSJNUP,0.300000,0.000000,7,7,10,10,10,10,10,10,10,10,10,17,0,7,11.727646650636897,6.167342886328697,57.538554072380066,8007.294117647059
1778071270,20,GET,/product/6E92ZMYYFZ,0.200000,0.000000,40,40,40,40,40,40,40,40,40,40,40,11,0,7,10.325686900283802,6.122668972238898,39.86145090311766,7981.545454545455
1778071270,20,GET,/product/9SIQT8TOJO,0.100000,0.000000,7,7,7,7,7,7,7,7,7,7,7,10,0,7,7.448481419123709,6.50382786989212,9.65042202733457,8011.1
1778071270,20,GET,/product/L9ECAV7KIM,0.100000,0.000000,7,7,7,7,7,7,7,7,7,7,7,10,0,8,8.735985611565411,6.597426952794194,21.17587812244892,7999.0
1778071270,20,GET,/product/LS4PSXUNUM,0.000000,0.000000,7,7,7,7,7,7,7,7,7,7,7,8,0,7,7.10354425245896,6.475806003436446,8.338394109159708,8003.5
1778071270,20,GET,/product/OLJCESPC7Z,0.200000,0.000000,7,7,7,7,7,7,7,7,7,7,7,12,0,7,6.796274508815259,6.253919098526239,8.020439185202122,8040.666666666667
1778071270,20,,Aggregated,12.100000,0.000000,9,10,12,13,40,61,66,74,89,89,89,692,0,9,20.2968104337369,6.122668972238898,922.7584458421916,10768.362716763006
1778071271,20,GET,/,8.100000,0.000000,9,10,11,12,20,61,74,89,89,89,89,521,0,9,22.529086920802772,7.312058936804533,922.7584458421916,10559.646833013436
1778071271,20,POST,/cart,1.200000,0.000000,11,12,13,15,45,45,45,45,45,45,45,67,0,11,17.42133179874118,9.641560958698392,108.83422615006566,17683.059701492537
1778071271,20,POST,/cart/checkout,0.600000,0.000000,10,12,12,13,13,13,13,13,13,13,13,22,0,11,17.789031939835034,8.662577951326966,76.56254991889,6807.0
1778071271,20,GET,/product/0PUK6V6EV0,0.500000,0.000000,7,7,7,9,9,9,9,9,9,9,9,13,0,7,8.001016470818566,6.204846082255244,21.667518885806203,8039.846153846154
1778071271,20,GET,/product/1YMWWN1N4O,0.100000,0.000000,8,8,8,8,8,8,8,8,8,8,8,6,0,7,7.594053749926388,6.607456831261516,8.514218963682652,8048.5
1778071271,20,GET,/product/2ZYFJ3GM2N,0.000000,0.000000,7,7,8,8,8,8,8,8,8,8,8,11,0,7,12.50471593812108,6.41491892747581,64.11894108168781,8025.0
1778071271,20,GET,/product/66VCHSJNUP,0.000000,0.000000,7,7,10,10,10,10,10,10,10,10,10,17,0,7,11.727646650636897,6.167342886328697,57.538554072380066,8007.294117647059
1778071271,20,GET,/product/6E92ZMYYFZ,0.200000,0.000000,40,40,40,40,40,40,40,40,40,40,40,11,0,7,10.325686900283802,6.122668972238898,39.86145090311766,7981.545454545455
1778071271,20,GET,/product/9SIQT8TOJO,0.100000,0.000000,7,7,7,7,7,7,7,7,7,7,7,10,0,7,7.448481419123709,6.50382786989212,9.65042202733457,8011.1
1778071271,20,GET,/product/L9ECAV7KIM,0.100000,0.000000,7,7,7,7,7,7,7,7,7,7,7,10,0,8,8.735985611565411,6.597426952794194,21.17587812244892,7999.0
1778071271,20,GET,/product/LS4PSXUNUM,0.000000,0.000000,7,7,7,7,7,7,7,7,7,7,7,8,0,7,7.10354425245896,6.475806003436446,8.338394109159708,8003.5
1778071271,20,GET,/product/OLJCESPC7Z,0.200000,0.000000,10,10,10,10,10,10,10,10,10,10,10,13,0,7,7.010479923337698,6.253919098526239,9.580944897606969,8035.923076923077
1778071271,20,,Aggregated,11.100000,0.000000,9,10,11,12,20,61,66,74,89,89,89,709,0,9,20.03685958133104,6.122668972238898,922.7584458421916,10761.207334273624
1778071272,20,GET,/,8.300000,0.000000,9,10,10,11,19,61,74,89,89,89,89,528,0,9,22.352942022597276,7.312058936804533,922.7584458421916,10559.517045454546
1778071272,20,POST,/cart,1.100000,0.000000,11,12,13,15,45,45,45,45,45,45,45,67,0,11,17.42133179874118,9.641560958698392,108.83422615006566,17683.059701492537
1778071272,20,POST,/cart/checkout,0.600000,0.000000,10,10,12,12,12,12,12,12,12,12,12,22,0,11,17.789031939835034,8.662577951326966,76.56254991889,6807.0
1778071272,20,GET,/product/0PUK6V6EV0,0.500000,0.000000,7,7,7,9,9,9,9,9,9,9,9,13,0,7,8.001016470818566,6.204846082255244,21.667518885806203,8039.846153846154
1778071272,20,GET,/product/1YMWWN1N4O,0.100000,0.000000,8,8,8,8,8,8,8,8,8,8,8,6,0,7,7.594053749926388,6.607456831261516,8.514218963682652,8048.5
1778071272,20,GET,/product/2ZYFJ3GM2N,0.000000,0.000000,7,7,8,8,8,8,8,8,8,8,8,11,0,7,12.50471593812108,6.41491892747581,64.11894108168781,8025.0
1778071272,20,GET,/product/66VCHSJNUP,0.100000,0.000000,7,7,10,10,10,10,10,10,10,10,10,17,0,7,11.727646650636897,6.167342886328697,57.538554072380066,8007.294117647059
1778071272,20,GET,/product/6E92ZMYYFZ,0.200000,0.000000,7,7,40,40,40,40,40,40,40,40,40,12,0,7,10.041973902843893,6.122668972238898,39.86145090311766,7976.333333333333
1778071272,20,GET,/product/9SIQT8TOJO,0.100000,0.000000,7,7,7,7,7,7,7,7,7,7,7,10,0,7,7.448481419123709,6.50382786989212,9.65042202733457,8011.1
1778071272,20,GET,/product/L9ECAV7KIM,0.100000,0.000000,7,7,7,7,7,7,7,7,7,7,7,10,0,8,8.735985611565411,6.597426952794194,21.17587812244892,7999.0
1778071272,20,GET,/product/LS4PSXUNUM,0.000000,0.000000,7,7,7,7,7,7,7,7,7,7,7,8,0,7,7.10354425245896,6.475806003436446,8.338394109159708,8003.5
1778071272,20,GET,/product/OLJCESPC7Z,0.100000,0.000000,10,10,10,10,10,10,10,10,10,10,10,13,0,7,7.010479923337698,6.253919098526239,9.580944897606969,8035.923076923077
1778071272,20,,Aggregated,11.200000,0.000000,9,10,11,11,15,61,66,74,89,89,89,717,0,9,19.913185043637142,6.122668972238898,922.7584458421916,10755.179916317991
1778071273,20,GET,/,8.600000,0.000000,9,10,10,11,19,61,74,89,89,89,89,536,0,9,22.15618546183374,7.312058936804533,922.7584458421916,10559.776119402984
1778071273,20,POST,/cart,0.900000,0.000000,11,12,14,14,15,45,45,45,45,45,45,69,0,11,17.276553933144264,9.641560958698392,108.83422615006566,17765.44927536232
1778071273,20,POST,/cart/checkout,0.500000,0.000000,10,10,12,12,12,12,12,12,12,12,12,22,0,11,17.789031939835034,8.662577951326966,76.56254991889,6807.0
1778071273,20,GET,/product/0PUK6V6EV0,0.500000,0.000000,7,7,7,7,7,7,7,7,7,7,7,13,0,7,8.001016470818566,6.204846082255244,21.667518885806203,8039.846153846154
1778071273,20,GET,/product/1YMWWN1N4O,0.100000,0.000000,8,8,8,8,8,8,8,8,8,8,8,6,0,7,7.594053749926388,6.607456831261516,8.514218963682652,8048.5
1778071273,20,GET,/product/2ZYFJ3GM2N,0.000000,0.000000,8,8,8,8,8,8,8,8,8,8,8,11,0,7,12.50471593812108,6.41491892747581,64.11894108168781,8025.0
1778071273,20,GET,/product/66VCHSJNUP,0.100000,0.000000,6,6,6,6,6,6,6,6,6,6,6,17,0,7,11.727646650636897,6.167342886328697,57.538554072380066,8007.294117647059
1778071273,20,GET,/product/6E92ZMYYFZ,0.200000,0.000000,7,7,40,40,40,40,40,40,40,40,40,12,0,7,10.041973902843893,6.122668972238898,39.86145090311766,7976.333333333333
1778071273,20,GET,/product/9SIQT8TOJO,0.100000,0.000000,7,7,7,7,7,7,7,7,7,7,7,10,0,7,7.448481419123709,6.50382786989212,9.65042202733457,8011.1
1778071273,20,GET,/product/L9ECAV7KIM,0.100000,0.000000,7,7,7,7,7,7,7,7,7,7,7,10,0,8,8.735985611565411,6.597426952794194,21.17587812244892,7999.0
1778071273,20,GET,/product/LS4PSXUNUM,0.000000,0.000000,0,0,0,0,0,0,0,0,0,0,0,8,0,7,7.10354425245896,6.475806003436446,8.338394109159708,8003.5
1778071273,20,GET,/product/OLJCESPC7Z,0.100000,0.000000,10,10,10,10,10,10,10,10,10,10,10,13,0,7,7.010479923337698,6.253919098526239,9.580944897606969,8035.923076923077
1778071273,20,,Aggregated,11.200000,0.000000,9,10,11,11,19,61,66,89,89,89,89,727,0,9,19.774372333934867,6.122668972238898,922.7584458421916,10780.09628610729
1778071275,20,GET,/,8.900000,0.000000,9,10,10,11,19,61,66,89,89,89,89,545,0,9,21.930439940679374,7.312058936804533,922.7584458421916,10559.915596330275
1778071275,20,POST,/cart,1.000000,0.000000,12,13,14,15,45,45,45,45,45,45,45,69,0,11,17.276553933144264,9.641560958698392,108.83422615006566,17765.44927536232
1778071275,20,POST,/cart/checkout,0.400000,0.000000,10,10,12,12,12,12,12,12,12,12,12,22,0,11,17.789031939835034,8.662577951326966,76.56254991889,6807.0
1778071275,20,GET,/product/0PUK6V6EV0,0.500000,0.000000,7,7,7,7,7,7,7,7,7,7,7,13,0,7,8.001016470818566,6.204846082255244,21.667518885806203,8039.846153846154
1778071275,20,GET,/product/1YMWWN1N4O,0.000000,0.000000,8,8,8,8,8,8,8,8,8,8,8,6,0,7,7.594053749926388,6.607456831261516,8.514218963682652,8048.5
1778071275,20,GET,/product/2ZYFJ3GM2N,0.100000,0.000000,8,8,8,8,8,8,8,8,8,8,8,11,0,7,12.50471593812108,6.41491892747581,64.11894108168781,8025.0
1778071275,20,GET,/product/66VCHSJNUP,0.100000,0.000000,6,6,6,6,6,6,6,6,6,6,6,17,0,7,11.727646650636897,6.167342886328697,57.538554072380066,8007.294117647059
1778071275,20,GET,/product/6E92ZMYYFZ,0.200000,0.000000,7,7,40,40,40,40,40,40,40,40,40,12,0,7,10.041973902843893,6.122668972238898,39.86145090311766,7976.333333333333
1778071275,20,GET,/product/9SIQT8TOJO,0.100000,0.000000,7,7,7,7,7,7,7,7,7,7,7,10,0,7,7.448481419123709,6.50382786989212,9.65042202733457,8011.1
1778071275,20,GET,/product/L9ECAV7KIM,0.100000,0.000000,7,7,7,7,7,7,7,7,7,7,7,10,0,8,8.735985611565411,6.597426952794194,21.17587812244892,7999.0
1778071275,20,GET,/product/LS4PSXUNUM,0.000000,0.000000,6,6,6,6,6,6,6,6,6,6,6,9,0,7,7.027940669407447,6.423112004995346,8.338394109159708,8008.0
1778071275,20,GET,/product/OLJCESPC7Z,0.100000,0.000000,10,10,10,10,10,10,10,10,10,10,10,13,0,7,7.010479923337698,6.253919098526239,9.580944897606969,8035.923076923077
1778071275,20,,Aggregated,11.500000,0.000000,9,10,11,11,19,61,66,89,89,89,89,737,0,9,19.61840727123883,6.122668972238898,922.7584458421916,10773.796472184531
1778071276,20,GET,/,8.700000,0.000000,9,10,10,11,19,61,66,89,89,89,89,552,0,9,21.757772609513875,7.312058936804533,922.7584458421916,10559.949275362318
1778071276,20,POST,/cart,1.000000,0.000000,11,12,14,14,15,45,45,45,45,45,45,71,0,11,17.095942935630887,9.641560958698392,108.83422615006566,17787.87323943662
1778071276,20,POST,/cart/checkout,0.400000,0.000000,10,10,12,12,12,12,12,12,12,12,12,22,0,11,17.789031939835034,8.662577951326966,76.56254991889,6807.0
1778071276,20,GET,/product/0PUK6V6EV0,0.400000,0.000000,7,7,7,7,7,7,7,7,7,7,7,13,0,7,8.001016470818566,6.204846082255244,21.667518885806203,8039.846153846154
1778071276,20,GET,/product/1YMWWN1N4O,0.000000,0.000000,8,8,8,8,8,8,8,8,8,8,8,6,0,7,7.594053749926388,6.607456831261516,8.514218963682652,8048.5
1778071276,20,GET,/product/2ZYFJ3GM2N,0.100000,0.000000,8,8,8,8,8,8,8,8,8,8,8,11,0,7,12.50471593812108,6.41491892747581,64.11894108168781,8025.0
1778071276,20,GET,/product/66VCHSJNUP,0.100000,0.000000,6,6,6,6,6,6,6,6,6,6,6,17,0,7,11.727646650636897,6.167342886328697,57.538554072380066,8007.294117647059
1778071276,20,GET,/product/6E92ZMYYFZ,0.300000,0.000000,7,7,40,40,40,40,40,40,40,40,40,13,0,7,9.734457985569652,6.044266978278756,39.86145090311766,7979.538461538462
1778071276,20,GET,/product/9SIQT8TOJO,0.100000,0.000000,7,7,7,7,7,7,7,7,7,7,7,10,0,7,7.448481419123709,6.50382786989212,9.65042202733457,8011.1
1778071276,20,GET,/product/L9ECAV7KIM,0.100000,0.000000,7,7,7,7,7,7,7,7,7,7,7,10,0,8,8.735985611565411,6.597426952794194,21.17587812244892,7999.0
1778071276,20,GET,/product/LS4PSXUNUM,0.000000,0.000000,6,6,6,6,6,6,6,6,6,6,6,9,0,7,7.027940669407447,6.423112004995346,8.338394109159708,8008.0
1778071276,20,GET,/product/OLJCESPC7Z,0.100000,0.000000,10,10,10,10,10,10,10,10,10,10,10,14,0,7,6.95377792830446,6.216651992872357,9.580944897606969,8039.642857142857
1778071276,20,,Aggregated,11.300000,0.000000,9,10,11,11,19,61,66,89,89,89,89,748,0,9,19.453151761628888,6.044266978278756,922.7584458421916,10785.367647058823
1778071277,20,GET,/,8.800000,0.000000,9,9,10,10,12,19,61,62,62,62,62,563,0,9,21.499540261034298,7.2495469357818365,922.7584458421916,10560.18294849023
1778071277,20,POST,/cart,1.000000,0.000000,11,11,11,14,15,15,15,15,15,15,15,71,0,11,17.095942935630887,9.641560958698392,108.83422615006566,17787.87323943662
1778071277,20,POST,/cart/checkout,0.000000,0.000000,10,10,12,12,12,12,12,12,12,12,12,22,0,11,17.789031939835034,8.662577951326966,76.56254991889,6807.0
1778071277,20,GET,/product/0PUK6V6EV0,0.400000,0.000000,6,6,7,7,7,7,7,7,7,7,7,14,0,7,7.874649999264095,6.204846082255244,21.667518885806203,8042.5
1778071277,20,GET,/product/1YMWWN1N4O,0.000000,0.000000,8,8,8,8,8,8,8,8,8,8,8,6,0,7,7.594053749926388,6.607456831261516,8.514218963682652,8048.5
1778071277,20,GET,/product/2ZYFJ3GM2N,0.100000,0.000000,8,8,8,8,8,8,8,8,8,8,8,12,0,7,11.997538288900008,6.41491892747581,64.11894108168781,8025.166666666667
1778071277,20,GET,/product/66VCHSJNUP,0.100000,0.000000,6,6,6,6,6,6,6,6,6,6,6,17,0,7,11.727646650636897,6.167342886328697,57.538554072380066,8007.294117647059
1778071277,20,GET,/product/6E92ZMYYFZ,0.300000,0.000000,7,7,40,40,40,40,40,40,40,40,40,13,0,7,9.734457985569652,6.044266978278756,39.86145090311766,7979.538461538462
1778071277,20,GET,/product/9SIQT8TOJO,0.100000,0.000000,7,7,7,7,7,7,7,7,7,7,7,10,0,7,7.448481419123709,6.50382786989212,9.65042202733457,8011.1
1778071277,20,GET,/product/L9ECAV7KIM,0.000000,0.000000,7,7,7,7,7,7,7,7,7,7,7,12,0,7,8.317191600023458,5.79091114923358,21.17587812244892,8007.0
1778071277,20,GET,/product/LS4PSXUNUM,0.000000,0.000000,6,6,6,6,6,6,6,6,6,6,6,9,0,7,7.027940669407447,6.423112004995346,8.338394109159708,8008.0
1778071277,20,GET,/product/OLJCESPC7Z,0.100000,0.000000,6,6,10,10,10,10,10,10,10,10,10,15,0,7,6.8776770029217005,5.812264047563076,9.580944897606969,8043.0
1778071277,20,,Aggregated,10.900000,0.000000,9,10,10,11,11,15,61,61,62,62,62,764,0,9,19.20918505413321,5.79091114923358,922.7584458421916,10764.442408376963
1778071278,20,GET,/,9.000000,0.000000,9,9,10,10,11,15,61,62,62,62,62,573,0,9,21.276474829574635,7.2495469357818365,922.7584458421916,10560.359511343804
1778071278,20,POST,/cart,1.000000,0.000000,11,12,13,14,15,15,15,15,15,15,15,73,0,11,16.972487830646234,9.641560958698392,108.83422615006566,17829.753424657534
1778071278,20,POST,/cart/checkout,0.000000,0.000000,10,10,12,12,12,12,12,12,12,12,12,22,0,11,17.789031939835034,8.662577951326966,76.56254991889,6807.0
1778071278,20,GET,/product/0PUK6V6EV0,0.200000,0.000000,6,6,6,6,6,6,6,6,6,6,6,14,0,7,7.874649999264095,6.204846082255244,21.667518885806203,8042.5
1778071278,20,GET,/product/1YMWWN1N4O,0.000000,0.000000,8,8,8,8,8,8,8,8,8,8,8,6,0,7,7.594053749926388,6.607456831261516,8.514218963682652,8048.5
1778071278,20,GET,/product/2ZYFJ3GM2N,0.100000,0.000000,7,7,8,8,8,8,8,8,8,8,8,13,0,7,11.58771371970383,6.41491892747581,64.11894108168781,8026.538461538462
1778071278,20,GET,/product/66VCHSJNUP,0.100000,0.000000,6,6,6,6,6,6,6,6,6,6,6,17,0,7,11.727646650636897,6.167342886328697,57.538554072380066,8007.294117647059
1778071278,20,GET,/product/6E92ZMYYFZ,0.300000,0.000000,7,7,40,40,40,40,40,40,40,40,40,13,0,7,9.734457985569652,6.044266978278756,39.86145090311766,7979.538461538462
1778071278,20,GET,/product/9SIQT8TOJO,0.000000,0.000000,7,7,7,7,7,7,7,7,7,7,7,10,0,7,7.448481419123709,6.50382786989212,9.65042202733457,8011.1
1778071278,20,GET,/product/L9ECAV7KIM,0.000000,0.000000,7,7,7,7,7,7,7,7,7,7,7,12,0,7,8.317191600023458,5.79091114923358,21.17587812244892,8007.0
1778071278,20,GET,/product/LS4PSXUNUM,0.100000,0.000000,7,7,7,7,7,7,7,7,7,7,7,10,0,7,7.002058299258351,6.423112004995346,8.338394109159708,8000.5
1778071278,20,GET,/product/OLJCESPC7Z,0.100000,0.000000,6,6,10,10,10,10,10,10,10,10,10,15,0,7,6.8776770029217005,5.812264047563076,9.580944897606969,8043.0
1778071278,20,,Aggregated,10.900000,0.000000,9,9,10,11,12,15,61,61,62,62,62,778,0,9,19.02521194191051,5.79091114923358,922.7584458421916,10776.794344473008
1778071279,20,GET,/,8.500000,0.000000,9,9,9,10,11,12,61,62,62,62,62,578,0,9,21.167059400389583,7.2495469357818365,922.7584458421916,10560.444636678201
1778071279,20,POST,/cart,1.200000,0.000000,12,13,13,13,14,15,15,15,15,15,15,75,0,11,16.866374624272186,9.641560958698392,108.83422615006566,17907.106666666667
1778071279,20,POST,/cart/checkout,0.000000,0.000000,10,10,12,12,12,12,12,12,12,12,12,22,0,11,17.789031939835034,8.662577951326966,76.56254991889,6807.0
1778071279,20,GET,/product/0PUK6V6EV0,0.100000,0.000000,6,6,6,6,6,6,6,6,6,6,6,14,0,7,7.874649999264095,6.204846082255244,21.667518885806203,8042.5
1778071279,20,GET,/product/1YMWWN1N4O,0.000000,0.000000,0,0,0,0,0,0,0,0,0,0,0,6,0,7,7.594053749926388,6.607456831261516,8.514218963682652,8048.5
1778071279,20,GET,/product/2ZYFJ3GM2N,0.100000,0.000000,7,7,8,8,8,8,8,8,8,8,8,13,0,7,11.58771371970383,6.41491892747581,64.11894108168781,8026.538461538462
1778071279,20,GET,/product/66VCHSJNUP,0.100000,0.000000,6,6,6,6,6,6,6,6,6,6,6,17,0,7,11.727646650636897,6.167342886328697,57.538554072380066,8007.294117647059
1778071279,20,GET,/product/6E92ZMYYFZ,0.400000,0.000000,7,7,7,7,7,7,7,7,7,7,7,13,0,7,9.734457985569652,6.044266978278756,39.86145090311766,7979.538461538462
1778071279,20,GET,/product/9SIQT8TOJO,0.000000,0.000000,7,7,7,7,7,7,7,7,7,7,7,10,0,7,7.448481419123709,6.50382786989212,9.65042202733457,8011.1
1778071279,20,GET,/product/L9ECAV7KIM,0.000000,0.000000,7,7,7,7,7,7,7,7,7,7,7,12,0,7,8.317191600023458,5.79091114923358,21.17587812244892,8007.0
1778071279,20,GET,/product/LS4PSXUNUM,0.100000,0.000000,7,7,7,7,7,7,7,7,7,7,7,10,0,7,7.002058299258351,6.423112004995346,8.338394109159708,8000.5
1778071279,20,GET,/product/OLJCESPC7Z,0.200000,0.000000,6,6,10,10,10,10,10,10,10,10,10,15,0,7,6.8776770029217005,5.812264047563076,9.580944897606969,8043.0
1778071279,20,,Aggregated,10.700000,0.000000,9,9,10,10,11,13,61,61,62,62,62,785,0,9,18.943619913463095,5.79091114923358,922.7584458421916,10800.838216560509
1778071280,20,GET,/,8.900000,0.000000,9,9,9,10,11,11,12,14,14,14,14,587,0,9,20.976899472958515,7.2495469357818365,922.7584458421916,10560.413969335605
1778071280,20,POST,/cart,1.100000,0.000000,11,13,13,13,13,14,14,14,14,14,14,77,0,11,16.711515879452033,9.641560958698392,108.83422615006566,17943.584415584417
1778071280,20,POST,/cart/checkout,0.000000,0.000000,10,10,12,12,12,12,12,12,12,12,12,22,0,11,17.789031939835034,8.662577951326966,76.56254991889,6807.0
1778071280,20,GET,/product/0PUK6V6EV0,0.200000,0.000000,6,6,6,6,6,6,6,6,6,6,6,14,0,7,7.874649999264095,6.204846082255244,21.667518885806203,8042.5
1778071280,20,GET,/product/1YMWWN1N4O,0.000000,0.000000,0,0,0,0,0,0,0,0,0,0,0,6,0,7,7.594053749926388,6.607456831261516,8.514218963682652,8048.5
1778071280,20,GET,/product/2ZYFJ3GM2N,0.200000,0.000000,7,7,8,8,8,8,8,8,8,8,8,14,0,7,11.223036596285445,6.41491892747581,64.11894108168781,8022.071428571428
1778071280,20,GET,/product/66VCHSJNUP,0.100000,0.000000,6,6,6,6,6,6,6,6,6,6,6,17,0,7,11.727646650636897,6.167342886328697,57.538554072380066,8007.294117647059
1778071280,20,GET,/product/6E92ZMYYFZ,0.400000,0.000000,7,7,7,7,7,7,7,7,7,7,7,13,0,7,9.734457985569652,6.044266978278756,39.86145090311766,7979.538461538462
1778071280,20,GET,/product/9SIQT8TOJO,0.000000,0.000000,7,7,7,7,7,7,7,7,7,7,7,10,0,7,7.448481419123709,6.50382786989212,9.65042202733457,8011.1
1778071280,20,GET,/product/L9ECAV7KIM,0.200000,0.000000,7,7,7,7,7,7,7,7,7,7,7,12,0,7,8.317191600023458,5.79091114923358,21.17587812244892,8007.0
1778071280,20,GET,/product/LS4PSXUNUM,0.100000,0.000000,6,6,7,7,7,7,7,7,7,7,7,11,0,7,6.921466905623674,6.115552969276905,8.338394109159708,7993.636363636364
1778071280,20,GET,/product/OLJCESPC7Z,0.300000,0.000000,6,6,10,10,10,10,10,10,10,10,10,15,0,7,6.8776770029217005,5.812264047563076,9.580944897606969,8043.0
1778071280,20,,Aggregated,11.500000,0.000000,8,9,10,10,11,12,13,14,14,14,14,798,0,9,18.776977070336486,5.79091114923358,922.7584458421916,10812.275689223057
1778071281,20,GET,/,8.900000,0.000000,8,9,9,9,10,11,12,14,14,14,14,597,0,9,20.76462622290443,7.2495469357818365,922.7584458421916,10560.579564489111
1778071281,20,POST,/cart,1.100000,0.000000,12,12,13,13,13,14,14,14,14,14,14,78,0,11,16.653895303487587,9.641560958698392,108.83422615006566,17961.076923076922
1778071281,20,POST,/cart/checkout,0.000000,0.000000,0,0,0,0,0,0,0,0,0,0,0,22,0,11,17.789031939835034,8.662577951326966,76.56254991889,6807.0
1778071281,20,GET,/product/0PUK6V6EV0,0.200000,0.000000,6,6,6,6,6,6,6,6,6,6,6,14,0,7,7.874649999264095,6.204846082255244,21.667518885806203,8042.5
1778071281,20,GET,/product/1YMWWN1N4O,0.000000,0.000000,0,0,0,0,0,0,0,0,0,0,0,6,0,7,7.594053749926388,6.607456831261516,8.514218963682652,8048.5
1778071281,20,GET,/product/2ZYFJ3GM2N,0.300000,0.000000,7,7,8,8,8,8,8,8,8,8,8,14,0,7,11.223036596285445,6.41491892747581,64.11894108168781,8022.071428571428
1778071281,20,GET,/product/66VCHSJNUP,0.100000,0.000000,6,6,6,6,6,6,6,6,6,6,6,17,0,7,11.727646650636897,6.167342886328697,57.538554072380066,8007.294117647059
1778071281,20,GET,/product/6E92ZMYYFZ,0.200000,0.000000,7,7,7,7,7,7,7,7,7,7,7,13,0,7,9.734457985569652,6.044266978278756,39.86145090311766,7979.538461538462
1778071281,20,GET,/product/9SIQT8TOJO,0.000000,0.000000,7,7,7,7,7,7,7,7,7,7,7,11,0,7,7.3469747281209985,6.331907818093896,9.65042202733457,8016.727272727273
1778071281,20,GET,/product/L9ECAV7KIM,0.200000,0.000000,6,6,7,7,7,7,7,7,7,7,7,13,0,7,8.162100781471683,5.79091114923358,21.17587812244892,8007.615384615385
1778071281,20,GET,/product/LS4PSXUNUM,0.200000,0.000000,6,6,7,7,7,7,7,7,7,7,7,11,0,7,6.921466905623674,6.115552969276905,8.338394109159708,7993.636363636364
1778071281,20,GET,/product/OLJCESPC7Z,0.300000,0.000000,6,6,10,10,10,10,10,10,10,10,10,15,0,7,6.8776770029217005,5.812264047563076,9.580944897606969,8043.0
1778071281,20,,Aggregated,11.500000,0.000000,8,9,9,10,11,12,13,14,14,14,14,811,0,9,18.609025396186166,5.79091114923358,922.7584458421916,10812.940813810112
1778071282,20,GET,/,8.900000,0.000000,8,9,9,9,10,10,12,14,14,14,14,604,0,9,20.624282232112567,7.2495469357818365,922.7584458421916,10560.75
1778071282,20,POST,/cart,1.100000,0.000000,12,12,13,13,13,14,14,14,14,14,14,79,0,11,16.573889010078922,9.641560958698392,108.83422615006566,17941.962025316454
1778071282,20,POST,/cart/checkout,0.000000,0.000000,12,12,12,12,12,12,12,12,12,12,12,23,0,11,17.549206239535756,8.662577951326966,76.56254991889,6808.739130434783
1778071282,20,GET,/product/0PUK6V6EV0,0.200000,0.000000,6,6,6,6,6,6,6,6,6,6,6,14,0,7,7.874649999264095,6.204846082255244,21.667518885806203,8042.5
1778071282,20,GET,/product/1YMWWN1N4O,0.000000,0.000000,0,0,0,0,0,0,0,0,0,0,0,6,0,7,7.594053749926388,6.607456831261516,8.514218963682652,8048.5
1778071282,20,GET,/product/2ZYFJ3GM2N,0.300000,0.000000,7,7,8,8,8,8,8,8,8,8,8,14,0,7,11.223036596285445,6.41491892747581,64.11894108168781,8022.071428571428
1778071282,20,GET,/product/66VCHSJNUP,0.100000,0.000000,6,6,6,6,6,6,6,6,6,6,6,17,0,7,11.727646650636897,6.167342886328697,57.538554072380066,8007.294117647059
1778071282,20,GET,/product/6E92ZMYYFZ,0.200000,0.000000,7,7,7,7,7,7,7,7,7,7,7,13,0,7,9.734457985569652,6.044266978278756,39.86145090311766,7979.538461538462
1778071282,20,GET,/product/9SIQT8TOJO,0.000000,0.000000,6,6,6,6,6,6,6,6,6,6,6,12,0,7,7.2547987413903074,6.240862887352705,9.65042202733457,8022.25
1778071282,20,GET,/product/L9ECAV7KIM,0.200000,0.000000,6,6,7,7,7,7,7,7,7,7,7,13,0,7,8.162100781471683,5.79091114923358,21.17587812244892,8007.615384615385
1778071282,20,GET,/product/LS4PSXUNUM,0.200000,0.000000,6,6,7,7,7,7,7,7,7,7,7,11,0,7,6.921466905623674,6.115552969276905,8.338394109159708,7993.636363636364
1778071282,20,GET,/product/OLJCESPC7Z,0.300000,0.000000,6,6,10,10,10,10,10,10,10,10,10,15,0,7,6.8776770029217005,5.812264047563076,9.580944897606969,8043.0
1778071282,20,,Aggregated,11.500000,0.000000,8,9,9,10,11,12,13,14,14,14,14,821,0,9,18.491292949176046,5.79091114923358,922.7584458421916,10809.626065773447
1778071283,20,GET,/,8.900000,0.000000,8,9,9,9,10,10,11,12,12,12,12,613,0,9,20.44634256651701,7.2495469357818365,922.7584458421916,10561.006525285482
1778071283,20,POST,/cart,1.200000,0.000000,12,12,13,13,13,14,14,14,14,14,14,80,0,11,16.520132235018536,9.641560958698392,108.83422615006566,17976.8625
1778071283,20,POST,/cart/checkout,0.000000,0.000000,12,12,12,12,12,12,12,12,12,12,12,25,0,11,17.03468082472682,8.662577951326966,76.56254991889,6808.68
1778071283,20,GET,/product/0PUK6V6EV0,0.200000,0.000000,6,6,6,6,6,6,6,6,6,6,6,14,0,7,7.874649999264095,6.204846082255244,21.667518885806203,8042.5
1778071283,20,GET,/product/1YMWWN1N4O,0.000000,0.000000,0,0,0,0,0,0,0,0,0,0,0,6,0,7,7.594053749926388,6.607456831261516,8.514218963682652,8048.5
1778071283,20,GET,/product/2ZYFJ3GM2N,0.400000,0.000000,6,6,7,7,7,7,7,7,7,7,7,14,0,7,11.223036596285445,6.41491892747581,64.11894108168781,8022.071428571428
1778071283,20,GET,/product/66VCHSJNUP,0.000000,0.000000,6,6,6,6,6,6,6,6,6,6,6,17,0,7,11.727646650636897,6.167342886328697,57.538554072380066,8007.294117647059
1778071283,20,GET,/product/6E92ZMYYFZ,0.200000,0.000000,6,6,6,6,6,6,6,6,6,6,6,13,0,7,9.734457985569652,6.044266978278756,39.86145090311766,7979.538461538462
1778071283,20,GET,/product/9SIQT8TOJO,0.100000,0.000000,6,6,6,6,6,6,6,6,6,6,6,12,0,7,7.2547987413903074,6.240862887352705,9.65042202733457,8022.25
1778071283,20,GET,/product/L9ECAV7KIM,0.300000,0.000000,6,6,7,7,7,7,7,7,7,7,7,13,0,7,8.162100781471683,5.79091114923358,21.17587812244892,8007.615384615385
1778071283,20,GET,/product/LS4PSXUNUM,0.300000,0.000000,6,6,7,7,7,7,7,7,7,7,7,11,0,7,6.921466905623674,6.115552969276905,8.338394109159708,7993.636363636364
1778071283,20,GET,/product/OLJCESPC7Z,0.300000,0.000000,6,6,6,6,6,6,6,6,6,6,6,15,0,7,6.8776770029217005,5.812264047563076,9.580944897606969,8043.0
1778071283,20,,Aggregated,11.900000,0.000000,8,9,9,10,11,12,13,13,13,13,13,833,0,9,18.35822528267295,5.79091114923358,922.7584458421916,10809.432172869148
1778071284,20,GET,/,8.900000,0.000000,8,9,9,9,10,10,11,12,12,12,12,623,0,9,20.250496253472893,7.136580999940634,922.7584458421916,10561.15569823435
1778071284,20,POST,/cart,1.200000,0.000000,12,12,13,13,13,13,13,13,13,13,13,81,0,11,16.436475651039753,9.641560958698392,108.83422615006566,17957.95061728395
1778071284,20,POST,/cart/checkout,0.000000,0.000000,12,12,12,12,12,12,12,12,12,12,12,25,0,11,17.03468082472682,8.662577951326966,76.56254991889,6808.68
1778071284,20,GET,/product/0PUK6V6EV0,0.200000,0.000000,6,6,6,6,6,6,6,6,6,6,6,14,0,7,7.874649999264095,6.204846082255244,21.667518885806203,8042.5
1778071284,20,GET,/product/1YMWWN1N4O,0.000000,0.000000,0,0,0,0,0,0,0,0,0,0,0,6,0,7,7.594053749926388,6.607456831261516,8.514218963682652,8048.5
1778071284,20,GET,/product/2ZYFJ3GM2N,0.400000,0.000000,6,6,7,7,7,7,7,7,7,7,7,14,0,7,11.223036596285445,6.41491892747581,64.11894108168781,8022.071428571428
1778071284,20,GET,/product/66VCHSJNUP,0.000000,0.000000,6,6,6,6,6,6,6,6,6,6,6,17,0,7,11.727646650636897,6.167342886328697,57.538554072380066,8007.294117647059
1778071284,20,GET,/product/6E92ZMYYFZ,0.200000,0.000000,6,6,6,6,6,6,6,6,6,6,6,13,0,7,9.734457985569652,6.044266978278756,39.86145090311766,7979.538461538462
1778071284,20,GET,/product/9SIQT8TOJO,0.100000,0.000000,6,6,7,7,7,7,7,7,7,7,7,13,0,7,7.205730214571724,6.240862887352705,9.65042202733457,8024.461538461538
1778071284,20,GET,/product/L9ECAV7KIM,0.300000,0.000000,6,6,7,7,7,7,7,7,7,7,7,13,0,7,8.162100781471683,5.79091114923358,21.17587812244892,8007.615384615385
1778071284,20,GET,/product/LS4PSXUNUM,0.300000,0.000000,6,6,7,7,7,7,7,7,7,7,7,11,0,7,6.921466905623674,6.115552969276905,8.338394109159708,7993.636363636364
1778071284,20,GET,/product/OLJCESPC7Z,0.300000,0.000000,6,6,6,6,6,6,6,6,6,6,6,15,0,7,6.8776770029217005,5.812264047563076,9.580944897606969,8043.0
1778071284,20,,Aggregated,11.900000,0.000000,8,9,9,10,11,12,13,13,13,13,13,845,0,9,18.21445407092395,5.79091114923358,922.7584458421916,10810.007100591716
1778071285,20,GET,/,8.500000,0.000000,8,9,9,9,10,10,11,12,12,12,12,630,0,9,20.120510811518347,7.136580999940634,922.7584458421916,10561.171428571428
1778071285,20,POST,/cart,1.200000,0.000000,12,12,12,13,13,13,13,13,13,13,13,83,0,11,16.298461335161363,9.641560958698392,108.83422615006566,17973.060240963856
1778071285,20,POST,/cart/checkout,0.300000,0.000000,12,12,12,12,12,12,12,12,12,12,12,26,0,11,16.851318364318175,8.662577951326966,76.56254991889,6809.076923076923
1778071285,20,GET,/product/0PUK6V6EV0,0.100000,0.000000,6,6,6,6,6,6,6,6,6,6,6,15,0,7,7.767959389214714,6.204846082255244,21.667518885806203,8035.666666666667
1778071285,20,GET,/product/1YMWWN1N4O,0.000000,0.000000,0,0,0,0,0,0,0,0,0,0,0,6,0,7,7.594053749926388,6.607456831261516,8.514218963682652,8048.5
1778071285,20,GET,/product/2ZYFJ3GM2N,0.300000,0.000000,7,7,7,7,7,7,7,7,7,7,7,15,0,7,10.936674491191903,6.41491892747581,64.11894108168781,8024.266666666666
1778071285,20,GET,/product/66VCHSJNUP,0.000000,0.000000,6,6,6,6,6,6,6,6,6,6,6,17,0,7,11.727646650636897,6.167342886328697,57.538554072380066,8007.294117647059
1778071285,20,GET,/product/6E92ZMYYFZ,0.100000,0.000000,6,6,6,6,6,6,6,6,6,6,6,13,0,7,9.734457985569652,6.044266978278756,39.86145090311766,7979.538461538462
1778071285,20,GET,/product/9SIQT8TOJO,0.200000,0.000000,6,6,7,7,7,7,7,7,7,7,7,13,0,7,7.205730214571724,6.240862887352705,9.65042202733457,8024.461538461538
1778071285,20,GET,/product/L9ECAV7KIM,0.300000,0.000000,6,6,7,7,7,7,7,7,7,7,7,13,0,7,8.162100781471683,5.79091114923358,21.17587812244892,8007.615384615385
1778071285,20,GET,/product/LS4PSXUNUM,0.300000,0.000000,7,7,7,7,7,7,7,7,7,7,7,11,0,7,6.921466905623674,6.115552969276905,8.338394109159708,7993.636363636364
1778071285,20,GET,/product/OLJCESPC7Z,0.200000,0.000000,6,6,6,6,6,6,6,6,6,6,6,15,0,7,6.8776770029217005,5.812264047563076,9.580944897606969,8043.0
1778071285,20,,Aggregated,11.500000,0.000000,8,9,9,10,12,12,13,13,13,13,13,857,0,9,18.083971121447334,5.79091114923358,922.7584458421916,10814.910151691949
1778071286,20,GET,/,8.500000,0.000000,8,9,9,9,10,10,11,12,12,12,12,639,0,9,19.952366017431885,7.136580999940634,922.7584458421916,10561.55399061033
1778071286,20,POST,/cart,1.200000,0.000000,12,12,13,13,13,13,13,13,13,13,13,83,0,11,16.298461335161363,9.641560958698392,108.83422615006566,17973.060240963856
1778071286,20,POST,/cart/checkout,0.300000,0.000000,12,12,12,12,12,12,12,12,12,12,12,27,0,11,16.60605697651152,8.662577951326966,76.56254991889,6809.444444444444
1778071286,20,GET,/product/0PUK6V6EV0,0.100000,0.000000,6,6,6,6,6,6,6,6,6,6,6,15,0,7,7.767959389214714,6.204846082255244,21.667518885806203,8035.666666666667
1778071286,20,GET,/product/1YMWWN1N4O,0.000000,0.000000,0,0,0,0,0,0,0,0,0,0,0,6,0,7,7.594053749926388,6.607456831261516,8.514218963682652,8048.5
1778071286,20,GET,/product/2ZYFJ3GM2N,0.300000,0.000000,7,7,7,7,7,7,7,7,7,7,7,15,0,7,10.936674491191903,6.41491892747581,64.11894108168781,8024.266666666666
1778071286,20,GET,/product/66VCHSJNUP,0.000000,0.000000,6,6,6,6,6,6,6,6,6,6,6,17,0,7,11.727646650636897,6.167342886328697,57.538554072380066,8007.294117647059
1778071286,20,GET,/product/6E92ZMYYFZ,0.100000,0.000000,6,6,6,6,6,6,6,6,6,6,6,14,0,7,9.467807698196598,6.001353962346911,39.86145090311766,7980.857142857143
1778071286,20,GET,/product/9SIQT8TOJO,0.200000,0.000000,6,6,7,7,7,7,7,7,7,7,7,13,0,7,7.205730214571724,6.240862887352705,9.65042202733457,8024.461538461538
1778071286,20,GET,/product/L9ECAV7KIM,0.300000,0.000000,6,6,7,7,7,7,7,7,7,7,7,13,0,7,8.162100781471683,5.79091114923358,21.17587812244892,8007.615384615385
1778071286,20,GET,/product/LS4PSXUNUM,0.300000,0.000000,7,7,7,7,7,7,7,7,7,7,7,11,0,7,6.921466905623674,6.115552969276905,8.338394109159708,7993.636363636364
1778071286,20,GET,/product/OLJCESPC7Z,0.200000,0.000000,6,6,6,6,6,6,6,6,6,6,6,15,0,7,6.8776770029217005,5.812264047563076,9.580944897606969,8043.0
1778071286,20,,Aggregated,11.500000,0.000000,8,9,9,10,12,12,13,13,13,13,13,868,0,9,17.958334032049155,5.79091114923358,922.7584458421916,10804.711981566821
1778071287,20,GET,/,8.500000,0.000000,8,9,9,9,9,10,11,12,12,12,12,645,0,9,19.84870231732033,7.136580999940634,922.7584458421916,10561.662015503876
1778071287,20,POST,/cart,1.300000,0.000000,11,12,12,12,13,13,13,13,13,13,13,84,0,11,16.236390832567675,9.641560958698392,108.83422615006566,17989.035714285714
1778071287,20,POST,/cart/checkout,0.400000,0.000000,12,12,12,12,12,12,12,12,12,12,12,28,0,11,16.42193812378017,8.662577951326966,76.56254991889,6808.75
1778071287,20,GET,/product/0PUK6V6EV0,0.200000,0.000000,6,6,6,6,6,6,6,6,6,6,6,15,0,7,7.767959389214714,6.204846082255244,21.667518885806203,8035.666666666667
1778071287,20,GET,/product/1YMWWN1N4O,0.000000,0.000000,0,0,0,0,0,0,0,0,0,0,0,6,0,7,7.594053749926388,6.607456831261516,8.514218963682652,8048.5
1778071287,20,GET,/product/2ZYFJ3GM2N,0.400000,0.000000,7,7,7,7,7,7,7,7,7,7,7,15,0,7,10.936674491191903,6.41491892747581,64.11894108168781,8024.266666666666
1778071287,20,GET,/product/66VCHSJNUP,0.000000,0.000000,6,6,6,6,6,6,6,6,6,6,6,18,0,7,11.4190722298291,6.167342886328697,57.538554072380066,8008.388888888889
1778071287,20,GET,/product/6E92ZMYYFZ,0.100000,0.000000,6,6,6,6,6,6,6,6,6,6,6,14,0,7,9.467807698196598,6.001353962346911,39.86145090311766,7980.857142857143
1778071287,20,GET,/product/9SIQT8TOJO,0.300000,0.000000,6,6,7,7,7,7,7,7,7,7,7,13,0,7,7.205730214571724,6.240862887352705,9.65042202733457,8024.461538461538
1778071287,20,GET,/product/L9ECAV7KIM,0.300000,0.000000,6,6,7,7,7,7,7,7,7,7,7,13,0,7,8.162100781471683,5.79091114923358,21.17587812244892,8007.615384615385
1778071287,20,GET,/product/LS4PSXUNUM,0.200000,0.000000,7,7,7,7,7,7,7,7,7,7,7,11,0,7,6.921466905623674,6.115552969276905,8.338394109159708,7993.636363636364
1778071287,20,GET,/product/OLJCESPC7Z,0.200000,0.000000,6,6,6,6,6,6,6,6,6,6,6,15,0,7,6.8776770029217005,5.812264047563076,9.580944897606969,8043.0
1778071287,20,,Aggregated,11.900000,0.000000,8,9,9,10,11,12,13,13,13,13,13,877,0,9,17.86703948078076,5.79091114923358,922.7584458421916,10805.086659064995
1778071288,20,GET,/,8.500000,0.000000,8,9,9,9,10,11,12,14,14,14,14,654,0,9,19.705689221688914,7.136580999940634,922.7584458421916,10561.617737003058
1778071288,20,POST,/cart,1.300000,0.000000,12,12,12,12,12,13,13,13,13,13,13,87,0,11,16.095507801670966,9.641560958698392,108.83422615006566,18107.988505747126
1778071288,20,POST,/cart/checkout,0.400000,0.000000,12,12,12,12,12,12,12,12,12,12,12,28,0,11,16.42193812378017,8.662577951326966,76.56254991889,6808.75
1778071288,20,GET,/product/0PUK6V6EV0,0.200000,0.000000,6,6,6,6,6,6,6,6,6,6,6,15,0,7,7.767959389214714,6.204846082255244,21.667518885806203,8035.666666666667
1778071288,20,GET,/product/1YMWWN1N4O,0.000000,0.000000,0,0,0,0,0,0,0,0,0,0,0,6,0,7,7.594053749926388,6.607456831261516,8.514218963682652,8048.5
1778071288,20,GET,/product/2ZYFJ3GM2N,0.400000,0.000000,7,7,7,7,7,7,7,7,7,7,7,16,0,7,10.671004522009753,6.41491892747581,64.11894108168781,8028.1875
1778071288,20,GET,/product/66VCHSJNUP,0.000000,0.000000,6,6,6,6,6,6,6,6,6,6,6,18,0,7,11.4190722298291,6.167342886328697,57.538554072380066,8008.388888888889
1778071288,20,GET,/product/6E92ZMYYFZ,0.100000,0.000000,6,6,7,7,7,7,7,7,7,7,7,15,0,7,9.28498231805861,6.001353962346911,39.86145090311766,7981.533333333334
1778071288,20,GET,/product/9SIQT8TOJO,0.300000,0.000000,6,6,7,7,7,7,7,7,7,7,7,13,0,7,7.205730214571724,6.240862887352705,9.65042202733457,8024.461538461538
1778071288,20,GET,/product/L9ECAV7KIM,0.300000,0.000000,6,6,6,6,6,6,6,6,6,6,6,13,0,7,8.162100781471683,5.79091114923358,21.17587812244892,8007.615384615385
1778071288,20,GET,/product/LS4PSXUNUM,0.200000,0.000000,6,6,6,6,6,6,6,6,6,6,6,11,0,7,6.921466905623674,6.115552969276905,8.338394109159708,7993.636363636364
1778071288,20,GET,/product/OLJCESPC7Z,0.200000,0.000000,6,6,6,6,6,6,6,6,6,6,6,15,0,7,6.8776770029217005,5.812264047563076,9.580944897606969,8043.0
1778071288,20,,Aggregated,11.900000,0.000000,8,9,10,10,12,12,12,13,14,14,14,891,0,9,17.737783514868415,5.79091114923358,922.7584458421916,10832.189674523008
1778071289,20,GET,/,8.700000,0.000000,8,9,9,9,10,11,14,14,14,14,14,660,0,9,19.61216402352985,7.136580999940634,922.7584458421916,10561.58787878788
1778071289,20,POST,/cart,1.200000,0.000000,12,12,12,12,13,13,13,13,13,13,13,88,0,11,16.058993292972445,9.641560958698392,108.83422615006566,18137.738636363636
1778071289,20,POST,/cart/checkout,0.500000,0.000000,12,12,12,12,12,12,12,12,12,12,12,28,0,11,16.42193812378017,8.662577951326966,76.56254991889,6808.75
1778071289,20,GET,/product/0PUK6V6EV0,0.200000,0.000000,6,6,6,6,6,6,6,6,6,6,6,16,0,6.204846082255244,7.684572556172498,6.204846082255244,21.667518885806203,8030.3125
1778071289,20,GET,/product/1YMWWN1N4O,0.000000,0.000000,0,0,0,0,0,0,0,0,0,0,0,6,0,7,7.594053749926388,6.607456831261516,8.514218963682652,8048.5
1778071289,20,GET,/product/2ZYFJ3GM2N,0.400000,0.000000,7,7,7,7,7,7,7,7,7,7,7,16,0,7,10.671004522009753,6.41491892747581,64.11894108168781,8028.1875
1778071289,20,GET,/product/66VCHSJNUP,0.000000,0.000000,6,6,6,6,6,6,6,6,6,6,6,18,0,7,11.4190722298291,6.167342886328697,57.538554072380066,8008.388888888889
1778071289,20,GET,/product/6E92ZMYYFZ,0.100000,0.000000,6,6,7,7,7,7,7,7,7,7,7,15,0,7,9.28498231805861,6.001353962346911,39.86145090311766,7981.533333333334
1778071289,20,GET,/product/9SIQT8TOJO,0.300000,0.000000,6,6,7,7,7,7,7,7,7,7,7,13,0,7,7.205730214571724,6.240862887352705,9.65042202733457,8024.461538461538
1778071289,20,GET,/product/L9ECAV7KIM,0.300000,0.000000,6,6,6,6,6,6,6,6,6,6,6,13,0,7,8.162100781471683,5.79091114923358,21.17587812244892,8007.615384615385
1778071289,20,GET,/product/LS4PSXUNUM,0.200000,0.000000,6,6,6,6,6,6,6,6,6,6,6,11,0,7,6.921466905623674,6.115552969276905,8.338394109159708,7993.636363636364
1778071289,20,GET,/product/OLJCESPC7Z,0.100000,0.000000,6,6,6,6,6,6,6,6,6,6,6,15,0,7,6.8776770029217005,5.812264047563076,9.580944897606969,8043.0
1778071289,20,,Aggregated,12.000000,0.000000,8,9,10,10,12,12,13,14,14,14,14,899,0,9,17.66428099820873,5.79091114923358,922.7584458421916,10838.161290322581
1778071290,20,GET,/,8.100000,0.000000,8,9,9,9,10,11,14,14,14,14,14,671,0,9,19.433653875616354,7.136580999940634,922.7584458421916,10561.624441132637
1778071290,20,POST,/cart,1.400000,0.000000,12,12,12,12,13,13,13,13,13,13,13,89,0,11,16.014576559949123,9.641560958698392,108.83422615006566,18206.573033707864
1778071290,20,POST,/cart/checkout,0.600000,0.000000,12,12,12,12,12,12,12,12,12,12,12,28,0,11,16.42193812378017,8.662577951326966,76.56254991889,6808.75
1778071290,20,GET,/product/0PUK6V6EV0,0.100000,0.000000,6,6,6,6,6,6,6,6,6,6,6,16,0,6.204846082255244,7.684572556172498,6.204846082255244,21.667518885806203,8030.3125
1778071290,20,GET,/product/1YMWWN1N4O,0.000000,0.000000,0,0,0,0,0,0,0,0,0,0,0,6,0,7,7.594053749926388,6.607456831261516,8.514218963682652,8048.5
1778071290,20,GET,/product/2ZYFJ3GM2N,0.300000,0.000000,7,7,7,7,7,7,7,7,7,7,7,16,0,7,10.671004522009753,6.41491892747581,64.11894108168781,8028.1875
1778071290,20,GET,/product/66VCHSJNUP,0.100000,0.000000,6,6,6,6,6,6,6,6,6,6,6,19,0,7,11.154856851422473,6.167342886328697,57.538554072380066,8009.894736842105
1778071290,20,GET,/product/6E92ZMYYFZ,0.200000,0.000000,7,7,7,7,7,7,7,7,7,7,7,16,0,7,9.116801113123074,6.001353962346911,39.86145090311766,7985.3125
1778071290,20,GET,/product/9SIQT8TOJO,0.300000,0.000000,7,7,7,7,7,7,7,7,7,7,7,13,0,7,7.205730214571724,6.240862887352705,9.65042202733457,8024.461538461538
1778071290,20,GET,/product/L9ECAV7KIM,0.100000,0.000000,6,6,6,6,6,6,6,6,6,6,6,13,0,7,8.162100781471683,5.79091114923358,21.17587812244892,8007.615384615385
1778071290,20,GET,/product/LS4PSXUNUM,0.100000,0.000000,6,6,6,6,6,6,6,6,6,6,6,11,0,7,6.921466905623674,6.115552969276905,8.338394109159708,7993.636363636364
1778071290,20,GET,/product/OLJCESPC7Z,0.000000,0.000000,6,6,6,6,6,6,6,6,6,6,6,15,0,7,6.8776770029217005,5.812264047563076,9.580944897606969,8043.0
1778071290,20,,Aggregated,11.300000,0.000000,8,9,10,10,12,12,13,14,14,14,14,913,0,9,17.526003372980952,5.79091114923358,922.7584458421916,10843.430449069003
1778071291,20,GET,/,8.100000,0.000000,8,9,9,9,10,11,14,14,14,14,14,675,0,9,19.36804444839557,7.136580999940634,922.7584458421916,10561.650370370371
1778071291,20,POST,/cart,1.400000,0.000000,12,12,12,12,13,13,13,13,13,13,13,89,0,11,16.014576559949123,9.641560958698392,108.83422615006566,18206.573033707864
1778071291,20,POST,/cart/checkout,0.600000,0.000000,11,12,12,12,12,12,12,12,12,12,12,28,0,11,16.42193812378017,8.662577951326966,76.56254991889,6808.75
1778071291,20,GET,/product/0PUK6V6EV0,0.100000,0.000000,6,6,6,6,6,6,6,6,6,6,6,16,0,6.204846082255244,7.684572556172498,6.204846082255244,21.667518885806203,8030.3125
1778071291,20,GET,/product/1YMWWN1N4O,0.000000,0.000000,0,0,0,0,0,0,0,0,0,0,0,6,0,7,7.594053749926388,6.607456831261516,8.514218963682652,8048.5
1778071291,20,GET,/product/2ZYFJ3GM2N,0.300000,0.000000,7,7,7,7,7,7,7,7,7,7,7,16,0,7,10.671004522009753,6.41491892747581,64.11894108168781,8028.1875
1778071291,20,GET,/product/66VCHSJNUP,0.100000,0.000000,6,6,6,6,6,6,6,6,6,6,6,19,0,7,11.154856851422473,6.167342886328697,57.538554072380066,8009.894736842105
1778071291,20,GET,/product/6E92ZMYYFZ,0.200000,0.000000,7,7,7,7,7,7,7,7,7,7,7,16,0,7,9.116801113123074,6.001353962346911,39.86145090311766,7985.3125
1778071291,20,GET,/product/9SIQT8TOJO,0.300000,0.000000,7,7,7,7,7,7,7,7,7,7,7,13,0,7,7.205730214571724,6.240862887352705,9.65042202733457,8024.461538461538
1778071291,20,GET,/product/L9ECAV7KIM,0.100000,0.000000,6,6,6,6,6,6,6,6,6,6,6,13,0,7,8.162100781471683,5.79091114923358,21.17587812244892,8007.615384615385
1778071291,20,GET,/product/LS4PSXUNUM,0.100000,0.000000,6,6,6,6,6,6,6,6,6,6,6,11,0,7,6.921466905623674,6.115552969276905,8.338394109159708,7993.636363636364
1778071291,20,GET,/product/OLJCESPC7Z,0.000000,0.000000,6,6,6,6,6,6,6,6,6,6,6,15,0,7,6.8776770029217005,5.812264047563076,9.580944897606969,8043.0
1778071291,20,,Aggregated,11.300000,0.000000,8,9,10,10,12,12,14,14,14,14,14,917,0,9,17.486029805518044,5.79091114923358,922.7584458421916,10842.220283533261
1778071292,20,GET,/,8.200000,0.000000,8,9,9,9,10,11,14,14,14,14,14,684,0,9,19.222134569038946,7.136580999940634,922.7584458421916,10561.869883040936
1778071292,20,POST,/cart,1.300000,0.000000,12,12,12,13,13,13,13,13,13,13,13,89,0,11,16.014576559949123,9.641560958698392,108.83422615006566,18206.573033707864
1778071292,20,POST,/cart/checkout,0.600000,0.000000,11,11,12,12,12,12,12,12,12,12,12,29,0,11,16.235696737943538,8.662577951326966,76.56254991889,6808.241379310345
1778071292,20,GET,/product/0PUK6V6EV0,0.200000,0.000000,6,6,6,6,6,6,6,6,6,6,6,16,0,6.204846082255244,7.684572556172498,6.204846082255244,21.667518885806203,8030.3125
1778071292,20,GET,/product/1YMWWN1N4O,0.000000,0.000000,6,6,6,6,6,6,6,6,6,6,6,7,0,7,7.425643503665924,6.415182026103139,8.514218963682652,8051.142857142857
1778071292,20,GET,/product/2ZYFJ3GM2N,0.300000,0.000000,7,7,7,7,7,7,7,7,7,7,7,16,0,7,10.671004522009753,6.41491892747581,64.11894108168781,8028.1875
1778071292,20,GET,/product/66VCHSJNUP,0.100000,0.000000,6,6,6,6,6,6,6,6,6,6,6,19,0,7,11.154856851422473,6.167342886328697,57.538554072380066,8009.894736842105
1778071292,20,GET,/product/6E92ZMYYFZ,0.200000,0.000000,7,7,7,7,7,7,7,7,7,7,7,17,0,7,8.962387219071388,6.001353962346911,39.86145090311766,7987.0
1778071292,20,GET,/product/9SIQT8TOJO,0.300000,0.000000,7,7,7,7,7,7,7,7,7,7,7,13,0,7,7.205730214571724,6.240862887352705,9.65042202733457,8024.461538461538
1778071292,20,GET,/product/L9ECAV7KIM,0.100000,0.000000,6,6,6,6,6,6,6,6,6,6,6,13,0,7,8.162100781471683,5.79091114923358,21.17587812244892,8007.615384615385
1778071292,20,GET,/product/LS4PSXUNUM,0.100000,0.000000,6,6,6,6,6,6,6,6,6,6,6,11,0,7,6.921466905623674,6.115552969276905,8.338394109159708,7993.636363636364
1778071292,20,GET,/product/OLJCESPC7Z,0.000000,0.000000,6,6,6,6,6,6,6,6,6,6,6,15,0,7,6.8776770029217005,5.812264047563076,9.580944897606969,8043.0
1778071292,20,,Aggregated,11.400000,0.000000,8,9,9,10,12,12,14,14,14,14,14,929,0,9,17.36612191505979,5.79091114923358,922.7584458421916,10829.274488697523
1778071293,20,GET,/,8.300000,0.000000,8,9,9,9,10,11,14,14,14,14,14,696,0,9,19.034249432406376,7.136580999940634,922.7584458421916,10561.941091954022
1778071293,20,POST,/cart,1.200000,0.000000,12,12,13,13,13,13,13,13,13,13,13,89,0,11,16.014576559949123,9.641560958698392,108.83422615006566,18206.573033707864
1778071293,20,POST,/cart/checkout,0.600000,0.000000,11,11,12,12,12,12,12,12,12,12,12,29,0,11,16.235696737943538,8.662577951326966,76.56254991889,6808.241379310345
1778071293,20,GET,/product/0PUK6V6EV0,0.200000,0.000000,6,6,6,6,6,6,6,6,6,6,6,16,0,6.204846082255244,7.684572556172498,6.204846082255244,21.667518885806203,8030.3125
1778071293,20,GET,/product/1YMWWN1N4O,0.000000,0.000000,6,6,6,6,6,6,6,6,6,6,6,7,0,7,7.425643503665924,6.415182026103139,8.514218963682652,8051.142857142857
1778071293,20,GET,/product/2ZYFJ3GM2N,0.200000,0.000000,7,7,7,7,7,7,7,7,7,7,7,17,0,7,10.42856155511211,6.41491892747581,64.11894108168781,8032.588235294118
1778071293,20,GET,/product/66VCHSJNUP,0.200000,0.000000,6,6,6,6,6,6,6,6,6,6,6,19,0,7,11.154856851422473,6.167342886328697,57.538554072380066,8009.894736842105
1778071293,20,GET,/product/6E92ZMYYFZ,0.300000,0.000000,7,7,7,7,7,7,7,7,7,7,7,17,0,7,8.962387219071388,6.001353962346911,39.86145090311766,7987.0
1778071293,20,GET,/product/9SIQT8TOJO,0.300000,0.000000,7,7,7,7,7,7,7,7,7,7,7,13,0,7,7.205730214571724,6.240862887352705,9.65042202733457,8024.461538461538
1778071293,20,GET,/product/L9ECAV7KIM,0.100000,0.000000,6,6,6,6,6,6,6,6,6,6,6,13,0,7,8.162100781471683,5.79091114923358,21.17587812244892,8007.615384615385
1778071293,20,GET,/product/LS4PSXUNUM,0.000000,0.000000,6,6,6,6,6,6,6,6,6,6,6,13,0,7,6.766634241033059,5.848662229254842,8.338394109159708,8001.461538461538
1778071293,20,GET,/product/OLJCESPC7Z,0.000000,0.000000,6,6,6,6,6,6,6,6,6,6,6,15,0,7,6.8776770029217005,5.812264047563076,9.580944897606969,8043.0
1778071293,20,,Aggregated,11.400000,0.000000,8,9,9,10,12,12,14,14,14,14,14,944,0,9,17.215470764914258,5.79091114923358,922.7584458421916,10817.139830508475
1778071294,20,GET,/,7.800000,0.000000,8,9,9,9,10,11,14,14,14,14,14,701,0,9,18.958158023155875,7.136580999940634,922.7584458421916,10561.873038516405
1778071294,20,POST,/cart,1.100000,0.000000,12,12,12,13,13,13,13,13,13,13,13,91,0,11,15.904571305817136,9.525161935016513,108.83422615006566,18246.186813186814
1778071294,20,POST,/cart/checkout,0.600000,0.000000,11,11,11,11,11,11,11,11,11,11,11,29,0,11,16.235696737943538,8.662577951326966,76.56254991889,6808.241379310345
1778071294,20,GET,/product/0PUK6V6EV0,0.200000,0.000000,6,6,6,6,6,6,6,6,6,6,6,16,0,6.204846082255244,7.684572556172498,6.204846082255244,21.667518885806203,8030.3125
1778071294,20,GET,/product/1YMWWN1N4O,0.000000,0.000000,6,6,6,6,6,6,6,6,6,6,6,7,0,7,7.425643503665924,6.415182026103139,8.514218963682652,8051.142857142857
1778071294,20,GET,/product/2ZYFJ3GM2N,0.200000,0.000000,7,7,7,7,7,7,7,7,7,7,7,17,0,7,10.42856155511211,6.41491892747581,64.11894108168781,8032.588235294118
1778071294,20,GET,/product/66VCHSJNUP,0.200000,0.000000,6,6,6,6,6,6,6,6,6,6,6,19,0,7,11.154856851422473,6.167342886328697,57.538554072380066,8009.894736842105
1778071294,20,GET,/product/6E92ZMYYFZ,0.300000,0.000000,7,7,7,7,7,7,7,7,7,7,7,17,0,7,8.962387219071388,6.001353962346911,39.86145090311766,7987.0
1778071294,20,GET,/product/9SIQT8TOJO,0.200000,0.000000,7,7,7,7,7,7,7,7,7,7,7,13,0,7,7.205730214571724,6.240862887352705,9.65042202733457,8024.461538461538
1778071294,20,GET,/product/L9ECAV7KIM,0.000000,0.000000,6,6,6,6,6,6,6,6,6,6,6,13,0,7,8.162100781471683,5.79091114923358,21.17587812244892,8007.615384615385
1778071294,20,GET,/product/LS4PSXUNUM,0.000000,0.000000,6,6,6,6,6,6,6,6,6,6,6,13,0,7,6.766634241033059,5.848662229254842,8.338394109159708,8001.461538461538
1778071294,20,GET,/product/OLJCESPC7Z,0.000000,0.000000,0,0,0,0,0,0,0,0,0,0,0,15,0,7,6.8776770029217005,5.812264047563076,9.580944897606969,8043.0
1778071294,20,,Aggregated,10.600000,0.000000,8,9,9,10,11,12,14,14,14,14,14,951,0,9,17.155893003523005,5.79091114923358,922.7584458421916,10835.078864353312
1778071295,20,GET,/,8.300000,0.000000,8,9,9,9,10,11,14,14,14,14,14,710,0,9,18.822303582245194,7.136580999940634,922.7584458421916,10561.830985915492
1778071295,20,POST,/cart,1.000000,0.000000,12,12,12,13,13,13,13,13,13,13,13,92,0,11,15.840358214716062,9.525161935016513,108.83422615006566,18242.271739130436
1778071295,20,POST,/cart/checkout,0.400000,0.000000,11,11,12,12,12,12,12,12,12,12,12,30,0,11,16.103564148458343,8.662577951326966,76.56254991889,6807.6
1778071295,20,GET,/product/0PUK6V6EV0,0.200000,0.000000,6,6,6,6,6,6,6,6,6,6,6,16,0,6.204846082255244,7.684572556172498,6.204846082255244,21.667518885806203,8030.3125
1778071295,20,GET,/product/1YMWWN1N4O,0.100000,0.000000,6,6,6,6,6,6,6,6,6,6,6,8,0,7,7.272514427313581,6.20061089284718,8.514218963682652,8057.75
1778071295,20,GET,/product/2ZYFJ3GM2N,0.300000,0.000000,7,7,7,7,7,7,7,7,7,7,7,17,0,7,10.42856155511211,6.41491892747581,64.11894108168781,8032.588235294118
1778071295,20,GET,/product/66VCHSJNUP,0.200000,0.000000,6,6,6,6,6,6,6,6,6,6,6,19,0,7,11.154856851422473,6.167342886328697,57.538554072380066,8009.894736842105
1778071295,20,GET,/product/6E92ZMYYFZ,0.400000,0.000000,7,7,7,7,7,7,7,7,7,7,7,17,0,7,8.962387219071388,6.001353962346911,39.86145090311766,7987.0
1778071295,20,GET,/product/9SIQT8TOJO,0.100000,0.000000,7,7,7,7,7,7,7,7,7,7,7,13,0,7,7.205730214571724,6.240862887352705,9.65042202733457,8024.461538461538
1778071295,20,GET,/product/L9ECAV7KIM,0.000000,0.000000,6,6,6,6,6,6,6,6,6,6,6,13,0,7,8.162100781471683,5.79091114923358,21.17587812244892,8007.615384615385
1778071295,20,GET,/product/LS4PSXUNUM,0.200000,0.000000,6,6,6,6,6,6,6,6,6,6,6,13,0,7,6.766634241033059,5.848662229254842,8.338394109159708,8001.461538461538
1778071295,20,GET,/product/OLJCESPC7Z,0.000000,0.000000,0,0,0,0,0,0,0,0,0,0,0,15,0,7,6.8776770029217005,5.812264047563076,9.580944897606969,8043.0
1778071295,20,,Aggregated,11.200000,0.000000,8,9,9,10,12,12,14,14,14,14,14,963,0,9,17.048691913170252,5.79091114923358,922.7584458421916,10832.778816199378
1778071296,20,GET,/,7.800000,0.000000,8,9,9,9,10,11,14,14,14,14,14,718,0,9,18.70474529622543,7.136580999940634,922.7584458421916,10561.876044568246
1778071296,20,POST,/cart,1.000000,0.000000,12,12,13,13,13,13,13,13,13,13,13,92,0,11,15.840358214716062,9.525161935016513,108.83422615006566,18242.271739130436
1778071296,20,POST,/cart/checkout,0.400000,0.000000,11,11,12,12,12,12,12,12,12,12,12,30,0,11,16.103564148458343,8.662577951326966,76.56254991889,6807.6
1778071296,20,GET,/product/0PUK6V6EV0,0.200000,0.000000,6,6,6,6,6,6,6,6,6,6,6,16,0,6.204846082255244,7.684572556172498,6.204846082255244,21.667518885806203,8030.3125
1778071296,20,GET,/product/1YMWWN1N4O,0.100000,0.000000,6,6,6,6,6,6,6,6,6,6,6,8,0,7,7.272514427313581,6.20061089284718,8.514218963682652,8057.75
1778071296,20,GET,/product/2ZYFJ3GM2N,0.300000,0.000000,7,7,7,7,7,7,7,7,7,7,7,17,0,7,10.42856155511211,6.41491892747581,64.11894108168781,8032.588235294118
1778071296,20,GET,/product/66VCHSJNUP,0.200000,0.000000,6,6,6,6,6,6,6,6,6,6,6,19,0,7,11.154856851422473,6.167342886328697,57.538554072380066,8009.894736842105
1778071296,20,GET,/product/6E92ZMYYFZ,0.400000,0.000000,7,7,7,7,7,7,7,7,7,7,7,17,0,7,8.962387219071388,6.001353962346911,39.86145090311766,7987.0
1778071296,20,GET,/product/9SIQT8TOJO,0.000000,0.000000,7,7,7,7,7,7,7,7,7,7,7,13,0,7,7.205730214571724,6.240862887352705,9.65042202733457,8024.461538461538
1778071296,20,GET,/product/L9ECAV7KIM,0.000000,0.000000,6,6,6,6,6,6,6,6,6,6,6,13,0,7,8.162100781471683,5.79091114923358,21.17587812244892,8007.615384615385
1778071296,20,GET,/product/LS4PSXUNUM,0.200000,0.000000,6,6,6,6,6,6,6,6,6,6,6,14,0,7,6.725415354594588,5.848662229254842,8.338394109159708,8005.142857142857
1778071296,20,GET,/product/OLJCESPC7Z,0.000000,0.000000,0,0,0,0,0,0,0,0,0,0,0,15,0,7,6.8776770029217005,5.812264047563076,9.580944897606969,8043.0
1778071296,20,,Aggregated,10.600000,0.000000,8,9,9,10,12,12,14,14,14,14,14,972,0,9,16.965279281388494,5.79091114923358,922.7584458421916,10827.722222222223
1778071297,20,GET,/,7.800000,0.000000,8,8,9,9,10,10,12,14,14,14,14,724,0,9,18.619350513034288,7.136580999940634,922.7584458421916,10561.848066298342
1778071297,20,POST,/cart,1.000000,0.000000,12,12,12,12,13,13,13,13,13,13,13,93,0,11,15.792508557018254,9.525161935016513,108.83422615006566,18253.892473118278
1778071297,20,POST,/cart/checkout,0.400000,0.000000,11,11,12,12,12,12,12,12,12,12,12,31,0,11,15.915213272936883,8.662577951326966,76.56254991889,6807.709677419355
1778071297,20,GET,/product/0PUK6V6EV0,0.100000,0.000000,6,6,6,6,6,6,6,6,6,6,6,17,0,6.161907920613885,7.5950040481984615,6.161907920613885,21.667518885806203,8032.0
1778071297,20,GET,/product/1YMWWN1N4O,0.200000,0.000000,6,6,6,6,6,6,6,6,6,6,6,8,0,7,7.272514427313581,6.20061089284718,8.514218963682652,8057.75
1778071297,20,GET,/product/2ZYFJ3GM2N,0.200000,0.000000,7,7,7,7,7,7,7,7,7,7,7,17,0,7,10.42856155511211,6.41491892747581,64.11894108168781,8032.588235294118
1778071297,20,GET,/product/66VCHSJNUP,0.200000,0.000000,6,6,6,6,6,6,6,6,6,6,6,19,0,7,11.154856851422473,6.167342886328697,57.538554072380066,8009.894736842105
1778071297,20,GET,/product/6E92ZMYYFZ,0.400000,0.000000,7,7,7,7,7,7,7,7,7,7,7,17,0,7,8.962387219071388,6.001353962346911,39.86145090311766,7987.0
1778071297,20,GET,/product/9SIQT8TOJO,0.000000,0.000000,7,7,7,7,7,7,7,7,7,7,7,13,0,7,7.205730214571724,6.240862887352705,9.65042202733457,8024.461538461538
1778071297,20,GET,/product/L9ECAV7KIM,0.000000,0.000000,6,6,6,6,6,6,6,6,6,6,6,13,0,7,8.162100781471683,5.79091114923358,21.17587812244892,8007.615384615385
1778071297,20,GET,/product/LS4PSXUNUM,0.200000,0.000000,6,6,6,6,6,6,6,6,6,6,6,14,0,7,6.725415354594588,5.848662229254842,8.338394109159708,8005.142857142857
1778071297,20,GET,/product/OLJCESPC7Z,0.000000,0.000000,0,0,0,0,0,0,0,0,0,0,0,15,0,7,6.8776770029217005,5.812264047563076,9.580944897606969,8043.0
1778071297,20,,Aggregated,10.500000,0.000000,8,9,9,9,11,12,13,14,14,14,14,981,0,9,16.889369057322437,5.79091114923358,922.7584458421916,10827.818552497452
1778071298,20,GET,/,7.800000,0.000000,8,8,9,9,10,10,12,14,14,14,14,735,0,9,18.47157051444662,7.136580999940634,922.7584458421916,10561.517006802722
1778071298,20,POST,/cart,0.900000,0.000000,11,11,12,12,12,12,12,12,12,12,12,96,0,11,15.64308818342397,9.525161935016513,108.83422615006566,18286.6875
1778071298,20,POST,/cart/checkout,0.300000,0.000000,11,11,12,12,12,12,12,12,12,12,12,31,0,11,15.915213272936883,8.662577951326966,76.56254991889,6807.709677419355
1778071298,20,GET,/product/0PUK6V6EV0,0.100000,0.000000,6,6,6,6,6,6,6,6,6,6,6,17,0,6.161907920613885,7.5950040481984615,6.161907920613885,21.667518885806203,8032.0
1778071298,20,GET,/product/1YMWWN1N4O,0.200000,0.000000,6,6,6,6,6,6,6,6,6,6,6,8,0,7,7.272514427313581,6.20061089284718,8.514218963682652,8057.75
1778071298,20,GET,/product/2ZYFJ3GM2N,0.200000,0.000000,7,7,7,7,7,7,7,7,7,7,7,17,0,7,10.42856155511211,6.41491892747581,64.11894108168781,8032.588235294118
1778071298,20,GET,/product/66VCHSJNUP,0.200000,0.000000,6,6,6,6,6,6,6,6,6,6,6,19,0,7,11.154856851422473,6.167342886328697,57.538554072380066,8009.894736842105
1778071298,20,GET,/product/6E92ZMYYFZ,0.300000,0.000000,7,7,7,7,7,7,7,7,7,7,7,18,0,7,8.828330202959478,6.001353962346911,39.86145090311766,7988.555555555556
1778071298,20,GET,/product/9SIQT8TOJO,0.000000,0.000000,7,7,7,7,7,7,7,7,7,7,7,13,0,7,7.205730214571724,6.240862887352705,9.65042202733457,8024.461538461538
1778071298,20,GET,/product/L9ECAV7KIM,0.000000,0.000000,0,0,0,0,0,0,0,0,0,0,0,13,0,7,8.162100781471683,5.79091114923358,21.17587812244892,8007.615384615385
1778071298,20,GET,/product/LS4PSXUNUM,0.300000,0.000000,6,6,6,6,6,6,6,6,6,6,6,14,0,7,6.725415354594588,5.848662229254842,8.338394109159708,8005.142857142857
1778071298,20,GET,/product/OLJCESPC7Z,0.000000,0.000000,6,6,6,6,6,6,6,6,6,6,6,16,0,7,6.84006699884776,5.812264047563076,9.580944897606969,8039.375
1778071298,20,,Aggregated,10.300000,0.000000,8,9,9,9,11,12,12,14,14,14,14,997,0,9,16.76080646899453,5.79091114923358,922.7584458421916,10844.4704112337
1778071299,20,GET,/,7.800000,0.000000,8,8,9,9,9,10,11,14,14,14,14,742,0,9,18.374028400708784,7.136580999940634,922.7584458421916,10561.407008086253
1778071299,20,POST,/cart,0.900000,0.000000,11,11,12,12,12,12,12,12,12,12,12,97,0,11,15.60330979967701,9.525161935016513,108.83422615006566,18311.82474226804
1778071299,20,POST,/cart/checkout,0.300000,0.000000,11,11,12,12,12,12,12,12,12,12,12,31,0,11,15.915213272936883,8.662577951326966,76.56254991889,6807.709677419355
1778071299,20,GET,/product/0PUK6V6EV0,0.100000,0.000000,6,6,6,6,6,6,6,6,6,6,6,17,0,6.161907920613885,7.5950040481984615,6.161907920613885,21.667518885806203,8032.0
1778071299,20,GET,/product/1YMWWN1N4O,0.200000,0.000000,6,6,6,6,6,6,6,6,6,6,6,8,0,7,7.272514427313581,6.20061089284718,8.514218963682652,8057.75
1778071299,20,GET,/product/2ZYFJ3GM2N,0.200000,0.000000,7,7,7,7,7,7,7,7,7,7,7,17,0,7,10.42856155511211,6.41491892747581,64.11894108168781,8032.588235294118
1778071299,20,GET,/product/66VCHSJNUP,0.200000,0.000000,6,6,6,6,6,6,6,6,6,6,6,19,0,7,11.154856851422473,6.167342886328697,57.538554072380066,8009.894736842105
1778071299,20,GET,/product/6E92ZMYYFZ,0.300000,0.000000,7,7,7,7,7,7,7,7,7,7,7,18,0,7,8.828330202959478,6.001353962346911,39.86145090311766,7988.555555555556
1778071299,20,GET,/product/9SIQT8TOJO,0.000000,0.000000,7,7,7,7,7,7,7,7,7,7,7,13,0,7,7.205730214571724,6.240862887352705,9.65042202733457,8024.461538461538
1778071299,20,GET,/product/L9ECAV7KIM,0.000000,0.000000,0,0,0,0,0,0,0,0,0,0,0,13,0,7,8.162100781471683,5.79091114923358,21.17587812244892,8007.615384615385
1778071299,20,GET,/product/LS4PSXUNUM,0.300000,0.000000,6,6,6,6,6,6,6,6,6,6,6,14,0,7,6.725415354594588,5.848662229254842,8.338394109159708,8005.142857142857
1778071299,20,GET,/product/OLJCESPC7Z,0.000000,0.000000,6,6,6,6,6,6,6,6,6,6,6,17,0,7,6.812234833726988,5.812264047563076,9.580944897606969,8036.294117647059
1778071299,20,,Aggregated,10.300000,0.000000,8,8,9,9,11,11,12,14,14,14,14,1006,0,9,16.68548737569281,5.79091114923358,922.7584458421916,10849.401590457257
1778071300,20,GET,/,8.000000,0.000000,8,8,9,9,10,11,13,14,14,14,14,750,0,9,18.28114080056548,7.136580999940634,922.7584458421916,10561.218666666668
1778071300,20,POST,/cart,0.800000,0.000000,11,11,12,12,12,12,12,12,12,12,12,97,0,11,15.60330979967701,9.525161935016513,108.83422615006566,18311.82474226804
1778071300,20,POST,/cart/checkout,0.300000,0.000000,11,11,12,12,12,12,12,12,12,12,12,31,0,11,15.915213272936883,8.662577951326966,76.56254991889,6807.709677419355
1778071300,20,GET,/product/0PUK6V6EV0,0.200000,0.000000,6,6,6,6,6,6,6,6,6,6,6,17,0,6.161907920613885,7.5950040481984615,6.161907920613885,21.667518885806203,8032.0
1778071300,20,GET,/product/1YMWWN1N4O,0.200000,0.000000,6,6,6,6,6,6,6,6,6,6,6,8,0,7,7.272514427313581,6.20061089284718,8.514218963682652,8057.75
1778071300,20,GET,/product/2ZYFJ3GM2N,0.200000,0.000000,7,7,7,7,7,7,7,7,7,7,7,17,0,7,10.42856155511211,6.41491892747581,64.11894108168781,8032.588235294118
1778071300,20,GET,/product/66VCHSJNUP,0.100000,0.000000,6,6,6,6,6,6,6,6,6,6,6,19,0,7,11.154856851422473,6.167342886328697,57.538554072380066,8009.894736842105
1778071300,20,GET,/product/6E92ZMYYFZ,0.300000,0.000000,7,7,7,7,7,7,7,7,7,7,7,18,0,7,8.828330202959478,6.001353962346911,39.86145090311766,7988.555555555556
1778071300,20,GET,/product/9SIQT8TOJO,0.000000,0.000000,7,7,7,7,7,7,7,7,7,7,7,15,0,7,7.200070734446247,6.240862887352705,9.65042202733457,8025.333333333333
1778071300,20,GET,/product/L9ECAV7KIM,0.000000,0.000000,0,0,0,0,0,0,0,0,0,0,0,13,0,7,8.162100781471683,5.79091114923358,21.17587812244892,8007.615384615385
1778071300,20,GET,/product/LS4PSXUNUM,0.300000,0.000000,6,6,6,6,6,6,6,6,6,6,6,14,0,7,6.725415354594588,5.848662229254842,8.338394109159708,8005.142857142857
1778071300,20,GET,/product/OLJCESPC7Z,0.000000,0.000000,6,6,6,6,6,6,6,6,6,6,6,17,0,7,6.812234833726988,5.812264047563076,9.580944897606969,8036.294117647059
1778071300,20,,Aggregated,10.400000,0.000000,8,9,9,10,11,12,13,14,14,14,14,1016,0,9,16.611469877236633,5.79091114923358,922.7584458421916,10841.4468503937
1778071301,20,GET,/,8.000000,0.000000,8,8,9,9,10,11,13,14,14,14,14,757,0,9,18.18843261748454,7.136580999940634,922.7584458421916,10561.231175693527
1778071301,20,POST,/cart,0.900000,0.000000,11,12,12,12,12,12,12,12,12,12,12,99,0,11,15.526273885196206,9.525161935016513,108.83422615006566,18375.171717171717
1778071301,20,POST,/cart/checkout,0.300000,0.000000,11,11,12,12,12,12,12,12,12,12,12,31,0,11,15.915213272936883,8.662577951326966,76.56254991889,6807.709677419355
1778071301,20,GET,/product/0PUK6V6EV0,0.200000,0.000000,6,6,6,6,6,6,6,6,6,6,6,17,0,6.161907920613885,7.5950040481984615,6.161907920613885,21.667518885806203,8032.0
1778071301,20,GET,/product/1YMWWN1N4O,0.200000,0.000000,6,6,6,6,6,6,6,6,6,6,6,8,0,7,7.272514427313581,6.20061089284718,8.514218963682652,8057.75
1778071301,20,GET,/product/2ZYFJ3GM2N,0.100000,0.000000,7,7,7,7,7,7,7,7,7,7,7,17,0,7,10.42856155511211,6.41491892747581,64.11894108168781,8032.588235294118
1778071301,20,GET,/product/66VCHSJNUP,0.100000,0.000000,6,6,6,6,6,6,6,6,6,6,6,20,0,7,10.912053601350635,6.167342886328697,57.538554072380066,8011.15
1778071301,20,GET,/product/6E92ZMYYFZ,0.300000,0.000000,7,7,7,7,7,7,7,7,7,7,7,18,0,7,8.828330202959478,6.001353962346911,39.86145090311766,7988.555555555556
1778071301,20,GET,/product/9SIQT8TOJO,0.000000,0.000000,7,7,7,7,7,7,7,7,7,7,7,15,0,7,7.200070734446247,6.240862887352705,9.65042202733457,8025.333333333333
1778071301,20,GET,/product/L9ECAV7KIM,0.000000,0.000000,0,0,0,0,0,0,0,0,0,0,0,13,0,7,8.162100781471683,5.79091114923358,21.17587812244892,8007.615384615385
1778071301,20,GET,/product/LS4PSXUNUM,0.300000,0.000000,6,6,6,6,6,6,6,6,6,6,6,14,0,7,6.725415354594588,5.848662229254842,8.338394109159708,8005.142857142857
1778071301,20,GET,/product/OLJCESPC7Z,0.100000,0.000000,6,6,6,6,6,6,6,6,6,6,6,18,0,7,6.784593841681878,5.812264047563076,9.580944897606969,8039.833333333333
1778071301,20,,Aggregated,10.500000,0.000000,8,9,9,10,11,12,13,14,14,14,14,1027,0,9,16.525058265994897,5.79091114923358,922.7584458421916,10854.798442064264
1778071302,20,GET,/,8.000000,0.000000,8,8,9,9,10,11,13,14,14,14,14,764,0,9,18.096950509480607,7.136580999940634,922.7584458421916,10561.12827225131
1778071302,20,POST,/cart,0.800000,0.000000,11,11,12,12,12,12,12,12,12,12,12,101,0,11,15.439463292921682,9.525161935016513,108.83422615006566,18407.603960396038
1778071302,20,POST,/cart/checkout,0.300000,0.000000,10,10,12,12,12,12,12,12,12,12,12,33,0,11,15.542343590465007,8.662577951326966,76.56254991889,6806.454545454545
1778071302,20,GET,/product/0PUK6V6EV0,0.100000,0.000000,6,6,6,6,6,6,6,6,6,6,6,17,0,6.161907920613885,7.5950040481984615,6.161907920613885,21.667518885806203,8032.0
1778071302,20,GET,/product/1YMWWN1N4O,0.200000,0.000000,6,6,6,6,6,6,6,6,6,6,6,8,0,7,7.272514427313581,6.20061089284718,8.514218963682652,8057.75
1778071302,20,GET,/product/2ZYFJ3GM2N,0.100000,0.000000,7,7,7,7,7,7,7,7,7,7,7,17,0,7,10.42856155511211,6.41491892747581,64.11894108168781,8032.588235294118
1778071302,20,GET,/product/66VCHSJNUP,0.000000,0.000000,6,6,6,6,6,6,6,6,6,6,6,20,0,7,10.912053601350635,6.167342886328697,57.538554072380066,8011.15
1778071302,20,GET,/product/6E92ZMYYFZ,0.200000,0.000000,7,7,7,7,7,7,7,7,7,7,7,18,0,7,8.828330202959478,6.001353962346911,39.86145090311766,7988.555555555556
1778071302,20,GET,/product/9SIQT8TOJO,0.200000,0.000000,7,7,7,7,7,7,7,7,7,7,7,15,0,7,7.200070734446247,6.240862887352705,9.65042202733457,8025.333333333333
1778071302,20,GET,/product/L9ECAV7KIM,0.000000,0.000000,0,0,0,0,0,0,0,0,0,0,0,13,0,7,8.162100781471683,5.79091114923358,21.17587812244892,8007.615384615385
1778071302,20,GET,/product/LS4PSXUNUM,0.300000,0.000000,6,6,6,6,6,6,6,6,6,6,6,14,0,7,6.725415354594588,5.848662229254842,8.338394109159708,8005.142857142857
1778071302,20,GET,/product/OLJCESPC7Z,0.200000,0.000000,6,6,6,6,6,6,6,6,6,6,6,18,0,7,6.784593841681878,5.812264047563076,9.580944897606969,8039.833333333333
1778071302,20,,Aggregated,10.400000,0.000000,8,9,10,10,11,12,13,14,14,14,14,1038,0,9,16.445541369902806,5.79091114923358,922.7584458421916,10862.551059730251
1778071303,20,GET,/,8.200000,0.000000,8,8,9,9,10,12,13,14,14,14,14,777,0,9,17.940308504942877,7.136580999940634,922.7584458421916,10561.238095238095
1778071303,20,POST,/cart,1.000000,0.000000,11,11,12,12,12,12,12,12,12,12,12,101,0,11,15.439463292921682,9.525161935016513,108.83422615006566,18407.603960396038
1778071303,20,POST,/cart/checkout,0.300000,0.000000,10,10,10,12,12,12,12,12,12,12,12,34,0,11,15.363597543910146,8.662577951326966,76.56254991889,6806.35294117647
1778071303,20,GET,/product/0PUK6V6EV0,0.100000,0.000000,6,6,6,6,6,6,6,6,6,6,6,17,0,6.161907920613885,7.5950040481984615,6.161907920613885,21.667518885806203,8032.0
1778071303,20,GET,/product/1YMWWN1N4O,0.200000,0.000000,6,6,6,6,6,6,6,6,6,6,6,8,0,7,7.272514427313581,6.20061089284718,8.514218963682652,8057.75
1778071303,20,GET,/product/2ZYFJ3GM2N,0.100000,0.000000,7,7,7,7,7,7,7,7,7,7,7,18,0,7,10.202730682471561,6.363605847582221,64.11894108168781,8027.444444444444
1778071303,20,GET,/product/66VCHSJNUP,0.100000,0.000000,6,6,6,6,6,6,6,6,6,6,6,20,0,7,10.912053601350635,6.167342886328697,57.538554072380066,8011.15
1778071303,20,GET,/product/6E92ZMYYFZ,0.200000,0.000000,7,7,7,7,7,7,7,7,7,7,7,19,0,7,8.707958445149032,6.001353962346911,39.86145090311766,7990.473684210527
1778071303,20,GET,/product/9SIQT8TOJO,0.200000,0.000000,7,7,7,7,7,7,7,7,7,7,7,15,0,7,7.200070734446247,6.240862887352705,9.65042202733457,8025.333333333333
1778071303,20,GET,/product/L9ECAV7KIM,0.000000,0.000000,0,0,0,0,0,0,0,0,0,0,0,13,0,7,8.162100781471683,5.79091114923358,21.17587812244892,8007.615384615385
1778071303,20,GET,/product/LS4PSXUNUM,0.300000,0.000000,6,6,6,6,6,6,6,6,6,6,6,14,0,7,6.725415354594588,5.848662229254842,8.338394109159708,8005.142857142857
1778071303,20,GET,/product/OLJCESPC7Z,0.300000,0.000000,6,6,6,6,6,6,6,6,6,6,6,18,0,7,6.784593841681878,5.812264047563076,9.580944897606969,8039.833333333333
1778071303,20,,Aggregated,11.000000,0.000000,8,9,9,10,11,12,12,13,14,14,14,1054,0,9,16.32484944185606,5.79091114923358,922.7584458421916,10849.597722960152
1778071304,20,GET,/,7.900000,0.000000,8,8,9,9,9,12,13,14,14,14,14,782,0,9,17.88060995184428,7.136580999940634,922.7584458421916,10560.955242966751
1778071304,20,POST,/cart,1.200000,0.000000,11,11,12,12,12,13,13,13,13,13,13,103,0,11,15.369965694844723,9.525161935016513,108.83422615006566,18466.660194174758
1778071304,20,POST,/cart/checkout,0.300000,0.000000,10,10,10,12,12,12,12,12,12,12,12,34,0,11,15.363597543910146,8.662577951326966,76.56254991889,6806.35294117647
1778071304,20,GET,/product/0PUK6V6EV0,0.100000,0.000000,6,6,6,6,6,6,6,6,6,6,6,17,0,6.161907920613885,7.5950040481984615,6.161907920613885,21.667518885806203,8032.0
1778071304,20,GET,/product/1YMWWN1N4O,0.100000,0.000000,6,6,6,6,6,6,6,6,6,6,6,8,0,7,7.272514427313581,6.20061089284718,8.514218963682652,8057.75
1778071304,20,GET,/product/2ZYFJ3GM2N,0.100000,0.000000,7,7,7,7,7,7,7,7,7,7,7,18,0,7,10.202730682471561,6.363605847582221,64.11894108168781,8027.444444444444
1778071304,20,GET,/product/66VCHSJNUP,0.100000,0.000000,6,6,6,6,6,6,6,6,6,6,6,20,0,7,10.912053601350635,6.167342886328697,57.538554072380066,8011.15
1778071304,20,GET,/product/6E92ZMYYFZ,0.100000,0.000000,7,7,7,7,7,7,7,7,7,7,7,19,0,7,8.707958445149032,6.001353962346911,39.86145090311766,7990.473684210527
1778071304,20,GET,/product/9SIQT8TOJO,0.200000,0.000000,7,7,7,7,7,7,7,7,7,7,7,15,0,7,7.200070734446247,6.240862887352705,9.65042202733457,8025.333333333333
1778071304,20,GET,/product/L9ECAV7KIM,0.000000,0.000000,7,7,7,7,7,7,7,7,7,7,7,14,0,7,8.050730718033654,5.79091114923358,21.17587812244892,8011.5
1778071304,20,GET,/product/LS4PSXUNUM,0.300000,0.000000,6,6,6,6,6,6,6,6,6,6,6,14,0,7,6.725415354594588,5.848662229254842,8.338394109159708,8005.142857142857
1778071304,20,GET,/product/OLJCESPC7Z,0.300000,0.000000,6,6,6,6,6,6,6,6,6,6,6,18,0,7,6.784593841681878,5.812264047563076,9.580944897606969,8039.833333333333
1778071304,20,,Aggregated,10.700000,0.000000,8,9,9,10,11,12,13,13,14,14,14,1062,0,9,16.27093425573932,5.79091114923358,922.7584458421916,10865.368173258004
1778071305,20,GET,/,8.000000,0.000000,8,8,9,9,9,12,13,14,14,14,14,792,0,9,17.759188006613215,7.136580999940634,922.7584458421916,10560.960858585859
1778071305,20,POST,/cart,1.200000,0.000000,11,12,12,12,13,13,13,13,13,13,13,104,0,11,15.348606928735254,9.525161935016513,108.83422615006566,18522.41346153846
1778071305,20,POST,/cart/checkout,0.500000,0.000000,10,10,10,10,10,10,10,10,10,10,10,34,0,11,15.363597543910146,8.662577951326966,76.56254991889,6806.35294117647
1778071305,20,GET,/product/0PUK6V6EV0,0.100000,0.000000,6,6,6,6,6,6,6,6,6,6,6,17,0,6.161907920613885,7.5950040481984615,6.161907920613885,21.667518885806203,8032.0
1778071305,20,GET,/product/1YMWWN1N4O,0.100000,0.000000,6,6,6,6,6,6,6,6,6,6,6,8,0,7,7.272514427313581,6.20061089284718,8.514218963682652,8057.75
1778071305,20,GET,/product/2ZYFJ3GM2N,0.100000,0.000000,7,7,7,7,7,7,7,7,7,7,7,18,0,7,10.202730682471561,6.363605847582221,64.11894108168781,8027.444444444444
1778071305,20,GET,/product/66VCHSJNUP,0.100000,0.000000,6,6,6,6,6,6,6,6,6,6,6,21,0,7,10.701707519945645,6.167342886328697,57.538554072380066,8007.571428571428
1778071305,20,GET,/product/6E92ZMYYFZ,0.200000,0.000000,7,7,7,7,7,7,7,7,7,7,7,19,0,7,8.707958445149032,6.001353962346911,39.86145090311766,7990.473684210527
1778071305,20,GET,/product/9SIQT8TOJO,0.200000,0.000000,7,7,7,7,7,7,7,7,7,7,7,15,0,7,7.200070734446247,6.240862887352705,9.65042202733457,8025.333333333333
1778071305,20,GET,/product/L9ECAV7KIM,0.000000,0.000000,7,7,7,7,7,7,7,7,7,7,7,14,0,7,8.050730718033654,5.79091114923358,21.17587812244892,8011.5
1778071305,20,GET,/product/LS4PSXUNUM,0.100000,0.000000,6,6,6,6,6,6,6,6,6,6,6,14,0,7,6.725415354594588,5.848662229254842,8.338394109159708,8005.142857142857
1778071305,20,GET,/product/OLJCESPC7Z,0.300000,0.000000,6,6,6,6,6,6,6,6,6,6,6,18,0,7,6.784593841681878,5.812264047563076,9.580944897606969,8039.833333333333
1778071305,20,,Aggregated,10.900000,0.000000,8,9,9,10,11,12,13,13,14,14,14,1074,0,9,16.184372009685198,5.79091114923358,922.7584458421916,10872.28677839851
1778071306,20,GET,/,7.900000,0.000000,8,8,9,9,9,12,13,14,14,14,14,800,0,9,17.664857996278442,7.136580999940634,922.7584458421916,10561.01125
1778071306,20,POST,/cart,1.200000,0.000000,11,12,12,12,13,13,13,13,13,13,13,105,0,11,15.316634900158359,9.525161935016513,108.83422615006566,18557.019047619047
1778071306,20,POST,/cart/checkout,0.500000,0.000000,10,10,10,10,10,10,10,10,10,10,10,34,0,11,15.363597543910146,8.662577951326966,76.56254991889,6806.35294117647
1778071306,20,GET,/product/0PUK6V6EV0,0.100000,0.000000,6,6,6,6,6,6,6,6,6,6,6,17,0,6.161907920613885,7.5950040481984615,6.161907920613885,21.667518885806203,8032.0
1778071306,20,GET,/product/1YMWWN1N4O,0.100000,0.000000,6,6,6,6,6,6,6,6,6,6,6,8,0,7,7.272514427313581,6.20061089284718,8.514218963682652,8057.75
1778071306,20,GET,/product/2ZYFJ3GM2N,0.100000,0.000000,6,6,7,7,7,7,7,7,7,7,7,19,0,7,10.005657646903082,6.363605847582221,64.11894108168781,8028.894736842105
1778071306,20,GET,/product/66VCHSJNUP,0.100000,0.000000,6,6,6,6,6,6,6,6,6,6,6,21,0,7,10.701707519945645,6.167342886328697,57.538554072380066,8007.571428571428
1778071306,20,GET,/product/6E92ZMYYFZ,0.200000,0.000000,7,7,7,7,7,7,7,7,7,7,7,19,0,7,8.707958445149032,6.001353962346911,39.86145090311766,7990.473684210527
1778071306,20,GET,/product/9SIQT8TOJO,0.200000,0.000000,7,7,7,7,7,7,7,7,7,7,7,15,0,7,7.200070734446247,6.240862887352705,9.65042202733457,8025.333333333333
1778071306,20,GET,/product/L9ECAV7KIM,0.100000,0.000000,7,7,7,7,7,7,7,7,7,7,7,14,0,7,8.050730718033654,5.79091114923358,21.17587812244892,8011.5
1778071306,20,GET,/product/LS4PSXUNUM,0.100000,0.000000,6,6,6,6,6,6,6,6,6,6,6,14,0,7,6.725415354594588,5.848662229254842,8.338394109159708,8005.142857142857
1778071306,20,GET,/product/OLJCESPC7Z,0.300000,0.000000,6,6,6,6,6,6,6,6,6,6,6,18,0,7,6.784593841681878,5.812264047563076,9.580944897606969,8039.833333333333
1778071306,20,,Aggregated,10.900000,0.000000,8,9,9,10,11,12,13,13,14,14,14,1084,0,9,16.113537750112382,5.79091114923358,922.7584458421916,10877.836715867159
1778071307,20,GET,/,7.900000,0.000000,8,8,9,9,9,11,12,13,13,13,13,808,0,9,17.569997012188733,7.136580999940634,922.7584458421916,10561.059405940594
1778071307,20,POST,/cart,1.200000,0.000000,12,12,12,13,13,13,13,13,13,13,13,105,0,11,15.316634900158359,9.525161935016513,108.83422615006566,18557.019047619047
1778071307,20,POST,/cart/checkout,0.500000,0.000000,10,10,10,10,10,10,10,10,10,10,10,36,0,11,15.058824656686435,8.662577951326966,76.56254991889,6807.277777777777
1778071307,20,GET,/product/0PUK6V6EV0,0.100000,0.000000,6,6,6,6,6,6,6,6,6,6,6,17,0,6.161907920613885,7.5950040481984615,6.161907920613885,21.667518885806203,8032.0
1778071307,20,GET,/product/1YMWWN1N4O,0.100000,0.000000,6,6,6,6,6,6,6,6,6,6,6,8,0,7,7.272514427313581,6.20061089284718,8.514218963682652,8057.75
1778071307,20,GET,/product/2ZYFJ3GM2N,0.100000,0.000000,6,6,6,6,6,6,6,6,6,6,6,19,0,7,10.005657646903082,6.363605847582221,64.11894108168781,8028.894736842105
1778071307,20,GET,/product/66VCHSJNUP,0.100000,0.000000,6,6,6,6,6,6,6,6,6,6,6,21,0,7,10.701707519945645,6.167342886328697,57.538554072380066,8007.571428571428
1778071307,20,GET,/product/6E92ZMYYFZ,0.200000,0.000000,7,7,7,7,7,7,7,7,7,7,7,21,0,7,8.510335315284985,6.001353962346911,39.86145090311766,7989.333333333333
1778071307,20,GET,/product/9SIQT8TOJO,0.200000,0.000000,7,7,7,7,7,7,7,7,7,7,7,15,0,7,7.200070734446247,6.240862887352705,9.65042202733457,8025.333333333333
1778071307,20,GET,/product/L9ECAV7KIM,0.100000,0.000000,7,7,7,7,7,7,7,7,7,7,7,14,0,7,8.050730718033654,5.79091114923358,21.17587812244892,8011.5
1778071307,20,GET,/product/LS4PSXUNUM,0.100000,0.000000,6,6,6,6,6,6,6,6,6,6,6,14,0,7,6.725415354594588,5.848662229254842,8.338394109159708,8005.142857142857
1778071307,20,GET,/product/OLJCESPC7Z,0.300000,0.000000,6,6,6,6,6,6,6,6,6,6,6,18,0,7,6.784593841681878,5.812264047563076,9.580944897606969,8039.833333333333
1778071307,20,,Aggregated,10.900000,0.000000,8,9,9,9,11,12,13,13,13,13,13,1096,0,9,16.0262475476811,5.79091114923358,922.7584458421916,10862.869525547445
1778071308,20,GET,/,8.200000,0.000000,8,9,9,9,9,12,12,13,13,13,13,815,0,9,17.495456642751222,7.136580999940634,922.7584458421916,10560.96564417178
1778071308,20,POST,/cart,1.300000,0.000000,12,12,13,13,13,13,13,13,13,13,13,106,0,11,15.293339693497094,9.525161935016513,108.83422615006566,18590.990566037737
1778071308,20,POST,/cart/checkout,0.400000,0.000000,10,10,10,10,10,10,10,10,10,10,10,36,0,11,15.058824656686435,8.662577951326966,76.56254991889,6807.277777777777
1778071308,20,GET,/product/0PUK6V6EV0,0.100000,0.000000,6,6,6,6,6,6,6,6,6,6,6,17,0,6.161907920613885,7.5950040481984615,6.161907920613885,21.667518885806203,8032.0
1778071308,20,GET,/product/1YMWWN1N4O,0.000000,0.000000,6,6,6,6,6,6,6,6,6,6,6,8,0,7,7.272514427313581,6.20061089284718,8.514218963682652,8057.75
1778071308,20,GET,/product/2ZYFJ3GM2N,0.100000,0.000000,6,6,6,6,6,6,6,6,6,6,6,19,0,7,10.005657646903082,6.363605847582221,64.11894108168781,8028.894736842105
1778071308,20,GET,/product/66VCHSJNUP,0.200000,0.000000,6,6,6,6,6,6,6,6,6,6,6,21,0,7,10.701707519945645,6.167342886328697,57.538554072380066,8007.571428571428
1778071308,20,GET,/product/6E92ZMYYFZ,0.200000,0.000000,7,7,7,7,7,7,7,7,7,7,7,21,0,7,8.510335315284985,6.001353962346911,39.86145090311766,7989.333333333333
1778071308,20,GET,/product/9SIQT8TOJO,0.200000,0.000000,7,7,7,7,7,7,7,7,7,7,7,16,0,7,7.18381987826433,6.240862887352705,9.65042202733457,8021.0
1778071308,20,GET,/product/L9ECAV7KIM,0.100000,0.000000,7,7,7,7,7,7,7,7,7,7,7,14,0,7,8.050730718033654,5.79091114923358,21.17587812244892,8011.5
1778071308,20,GET,/product/LS4PSXUNUM,0.000000,0.000000,7,7,7,7,7,7,7,7,7,7,7,15,0,7,6.755080322424571,5.848662229254842,8.338394109159708,8006.666666666667
1778071308,20,GET,/product/OLJCESPC7Z,0.300000,0.000000,6,6,6,6,6,6,6,6,6,6,6,18,0,7,6.784593841681878,5.812264047563076,9.580944897606969,8039.833333333333
1778071308,20,,Aggregated,11.100000,0.000000,8,9,9,9,12,12,13,13,13,13,13,1106,0,9,15.961993381694283,5.79091114923358,922.7584458421916,10865.911392405063
1778071309,20,GET,/,8.200000,0.000000,8,8,9,9,9,10,12,12,12,12,12,827,0,9,17.360830052272657,7.136580999940634,922.7584458421916,10560.93107617896
1778071309,20,POST,/cart,1.300000,0.000000,12,12,13,13,13,13,13,13,13,13,13,106,0,11,15.293339693497094,9.525161935016513,108.83422615006566,18590.990566037737
1778071309,20,POST,/cart/checkout,0.400000,0.000000,10,10,11,11,12,12,12,12,12,12,12,39,0,11,14.729313403129195,8.662577951326966,76.56254991889,6805.7692307692305
1778071309,20,GET,/product/0PUK6V6EV0,0.100000,0.000000,6,6,6,6,6,6,6,6,6,6,6,17,0,6.161907920613885,7.5950040481984615,6.161907920613885,21.667518885806203,8032.0
1778071309,20,GET,/product/1YMWWN1N4O,0.000000,0.000000,6,6,6,6,6,6,6,6,6,6,6,8,0,7,7.272514427313581,6.20061089284718,8.514218963682652,8057.75
1778071309,20,GET,/product/2ZYFJ3GM2N,0.100000,0.000000,6,6,7,7,7,7,7,7,7,7,7,20,0,7,9.864038461819291,6.363605847582221,64.11894108168781,8030.7
1778071309,20,GET,/product/66VCHSJNUP,0.200000,0.000000,6,6,6,6,6,6,6,6,6,6,6,22,0,7,10.50312736664306,6.167342886328697,57.538554072380066,8009.363636363636
1778071309,20,GET,/product/6E92ZMYYFZ,0.200000,0.000000,7,7,7,7,7,7,7,7,7,7,7,21,0,7,8.510335315284985,6.001353962346911,39.86145090311766,7989.333333333333
1778071309,20,GET,/product/9SIQT8TOJO,0.200000,0.000000,7,7,7,7,7,7,7,7,7,7,7,16,0,7,7.18381987826433,6.240862887352705,9.65042202733457,8021.0
1778071309,20,GET,/product/L9ECAV7KIM,0.100000,0.000000,7,7,7,7,7,7,7,7,7,7,7,14,0,7,8.050730718033654,5.79091114923358,21.17587812244892,8011.5
1778071309,20,GET,/product/LS4PSXUNUM,0.000000,0.000000,7,7,7,7,7,7,7,7,7,7,7,15,0,7,6.755080322424571,5.848662229254842,8.338394109159708,8006.666666666667
1778071309,20,GET,/product/OLJCESPC7Z,0.300000,0.000000,6,6,6,6,6,6,6,6,6,6,6,18,0,7,6.784593841681878,5.812264047563076,9.580944897606969,8039.833333333333
1778071309,20,,Aggregated,11.100000,0.000000,8,9,9,9,11,12,13,13,13,13,13,1123,0,9,15.848981053174498,5.79091114923358,922.7584458421916,10846.72840605521
1778071310,20,GET,/,8.000000,0.000000,8,8,9,9,9,11,28,28,28,28,28,838,0,9,17.28656056124788,7.136580999940634,922.7584458421916,10560.757756563245
1778071310,20,POST,/cart,1.000000,0.000000,11,12,13,13,13,13,13,13,13,13,13,108,0,11,15.202275246674954,9.525161935016513,108.83422615006566,18590.796296296296
1778071310,20,POST,/cart/checkout,0.500000,0.000000,10,10,11,11,12,12,12,12,12,12,12,39,0,11,14.729313403129195,8.662577951326966,76.56254991889,6805.7692307692305
1778071310,20,GET,/product/0PUK6V6EV0,0.000000,0.000000,6,6,6,6,6,6,6,6,6,6,6,17,0,6.161907920613885,7.5950040481984615,6.161907920613885,21.667518885806203,8032.0
1778071310,20,GET,/product/1YMWWN1N4O,0.000000,0.000000,6,6,6,6,6,6,6,6,6,6,6,9,0,7,7.134048501029611,6.026321090757847,8.514218963682652,8047.555555555556
1778071310,20,GET,/product/2ZYFJ3GM2N,0.200000,0.000000,6,6,7,7,7,7,7,7,7,7,7,20,0,7,9.864038461819291,6.363605847582221,64.11894108168781,8030.7
1778071310,20,GET,/product/66VCHSJNUP,0.200000,0.000000,6,6,6,6,6,6,6,6,6,6,6,22,0,7,10.50312736664306,6.167342886328697,57.538554072380066,8009.363636363636
1778071310,20,GET,/product/6E92ZMYYFZ,0.300000,0.000000,7,7,7,7,7,7,7,7,7,7,7,21,0,7,8.510335315284985,6.001353962346911,39.86145090311766,7989.333333333333
1778071310,20,GET,/product/9SIQT8TOJO,0.300000,0.000000,7,7,7,7,7,7,7,7,7,7,7,16,0,7,7.18381987826433,6.240862887352705,9.65042202733457,8021.0
1778071310,20,GET,/product/L9ECAV7KIM,0.100000,0.000000,7,7,7,7,7,7,7,7,7,7,7,14,0,7,8.050730718033654,5.79091114923358,21.17587812244892,8011.5
1778071310,20,GET,/product/LS4PSXUNUM,0.100000,0.000000,7,7,7,7,7,7,7,7,7,7,7,15,0,7,6.755080322424571,5.848662229254842,8.338394109159708,8006.666666666667
1778071310,20,GET,/product/OLJCESPC7Z,0.200000,0.000000,6,6,6,6,6,6,6,6,6,6,6,18,0,7,6.784593841681878,5.812264047563076,9.580944897606969,8039.833333333333
1778071310,20,,Aggregated,10.900000,0.000000,8,9,9,9,11,12,13,28,28,28,28,1137,0,9,15.790602515419666,5.79091114923358,922.7584458421916,10854.905892700088
1778071311,20,GET,/,8.500000,0.000000,8,8,9,9,10,12,28,28,28,28,28,846,0,9,17.21317927935436,7.136580999940634,922.7584458421916,10560.596926713948
1778071311,20,POST,/cart,0.900000,0.000000,11,12,13,13,13,13,13,13,13,13,13,109,0,11,15.147705914862795,9.254218079149723,108.83422615006566,18571.10091743119
1778071311,20,POST,/cart/checkout,0.800000,0.000000,10,11,12,12,12,12,12,12,12,12,12,40,0,11,14.670570369344205,8.662577951326966,76.56254991889,6805.55
1778071311,20,GET,/product/0PUK6V6EV0,0.000000,0.000000,6,6,6,6,6,6,6,6,6,6,6,17,0,6.161907920613885,7.5950040481984615,6.161907920613885,21.667518885806203,8032.0
1778071311,20,GET,/product/1YMWWN1N4O,0.000000,0.000000,6,6,6,6,6,6,6,6,6,6,6,9,0,7,7.134048501029611,6.026321090757847,8.514218963682652,8047.555555555556
1778071311,20,GET,/product/2ZYFJ3GM2N,0.300000,0.000000,6,6,7,7,7,7,7,7,7,7,7,20,0,7,9.864038461819291,6.363605847582221,64.11894108168781,8030.7
1778071311,20,GET,/product/66VCHSJNUP,0.300000,0.000000,6,6,6,6,6,6,6,6,6,6,6,22,0,7,10.50312736664306,6.167342886328697,57.538554072380066,8009.363636363636
1778071311,20,GET,/product/6E92ZMYYFZ,0.300000,0.000000,7,7,7,7,7,7,7,7,7,7,7,21,0,7,8.510335315284985,6.001353962346911,39.86145090311766,7989.333333333333
1778071311,20,GET,/product/9SIQT8TOJO,0.300000,0.000000,7,7,7,7,7,7,7,7,7,7,7,16,0,7,7.18381987826433,6.240862887352705,9.65042202733457,8021.0
1778071311,20,GET,/product/L9ECAV7KIM,0.100000,0.000000,7,7,7,7,7,7,7,7,7,7,7,14,0,7,8.050730718033654,5.79091114923358,21.17587812244892,8011.5
1778071311,20,GET,/product/LS4PSXUNUM,0.100000,0.000000,7,7,7,7,7,7,7,7,7,7,7,15,0,7,6.755080322424571,5.848662229254842,8.338394109159708,8006.666666666667
1778071311,20,GET,/product/OLJCESPC7Z,0.100000,0.000000,6,6,6,6,6,6,6,6,6,6,6,18,0,7,6.784593841681878,5.812264047563076,9.580944897606969,8039.833333333333
1778071311,20,,Aggregated,11.700000,0.000000,8,9,9,9,11,12,13,28,28,28,28,1147,0,9,15.738239572947778,5.79091114923358,922.7584458421916,10854.070619006103
1778071312,20,GET,/,8.600000,0.000000,8,8,9,9,10,12,28,28,28,28,28,855,0,9,17.123160508259783,7.136580999940634,922.7584458421916,10560.576608187135
1778071312,20,POST,/cart,1.100000,0.000000,11,12,13,13,13,13,13,13,13,13,13,110,0,11,15.098268250850113,9.254218079149723,108.83422615006566,18564.845454545455
1778071312,20,POST,/cart/checkout,0.800000,0.000000,10,11,12,12,12,12,12,12,12,12,12,40,0,11,14.670570369344205,8.662577951326966,76.56254991889,6805.55
1778071312,20,GET,/product/0PUK6V6EV0,0.000000,0.000000,6,6,7,7,7,7,7,7,7,7,7,19,0,6.084243068471551,7.470263462317617,6.084243068471551,21.667518885806203,8028.315789473684
1778071312,20,GET,/product/1YMWWN1N4O,0.100000,0.000000,6,6,6,6,6,6,6,6,6,6,6,9,0,7,7.134048501029611,6.026321090757847,8.514218963682652,8047.555555555556
1778071312,20,GET,/product/2ZYFJ3GM2N,0.300000,0.000000,6,6,7,7,7,7,7,7,7,7,7,20,0,7,9.864038461819291,6.363605847582221,64.11894108168781,8030.7
1778071312,20,GET,/product/66VCHSJNUP,0.300000,0.000000,6,6,6,6,6,6,6,6,6,6,6,22,0,7,10.50312736664306,6.167342886328697,57.538554072380066,8009.363636363636
1778071312,20,GET,/product/6E92ZMYYFZ,0.300000,0.000000,7,7,7,7,7,7,7,7,7,7,7,22,0,7,8.441564256579362,6.001353962346911,39.86145090311766,7991.0
1778071312,20,GET,/product/9SIQT8TOJO,0.100000,0.000000,7,7,7,7,7,7,7,7,7,7,7,16,0,7,7.18381987826433,6.240862887352705,9.65042202733457,8021.0
1778071312,20,GET,/product/L9ECAV7KIM,0.100000,0.000000,7,7,7,7,7,7,7,7,7,7,7,14,0,7,8.050730718033654,5.79091114923358,21.17587812244892,8011.5
1778071312,20,GET,/product/LS4PSXUNUM,0.100000,0.000000,7,7,7,7,7,7,7,7,7,7,7,15,0,7,6.755080322424571,5.848662229254842,8.338394109159708,8006.666666666667
1778071312,20,GET,/product/OLJCESPC7Z,0.100000,0.000000,6,6,6,6,6,6,6,6,6,6,6,18,0,7,6.784593841681878,5.812264047563076,9.580944897606969,8039.833333333333
1778071312,20,,Aggregated,11.900000,0.000000,8,9,9,10,12,12,13,28,28,28,28,1160,0,9,15.65451743643217,5.79091114923358,922.7584458421916,10850.474137931034
1778071313,20,GET,/,8.700000,0.000000,8,8,9,9,10,11,28,28,28,28,28,862,0,9,17.054351319757714,7.136580999940634,922.7584458421916,10560.593967517401
1778071313,20,POST,/cart,1.000000,0.000000,10,11,12,13,13,13,13,13,13,13,13,112,0,11,15.008070441711295,9.254218079149723,108.83422615006566,18526.45535714286
1778071313,20,POST,/cart/checkout,0.900000,0.000000,10,11,12,12,12,12,12,12,12,12,12,40,0,11,14.670570369344205,8.662577951326966,76.56254991889,6805.55
1778071313,20,GET,/product/0PUK6V6EV0,0.000000,0.000000,7,7,7,7,7,7,7,7,7,7,7,19,0,6.084243068471551,7.470263462317617,6.084243068471551,21.667518885806203,8028.315789473684
1778071313,20,GET,/product/1YMWWN1N4O,0.100000,0.000000,6,6,6,6,6,6,6,6,6,6,6,9,0,7,7.134048501029611,6.026321090757847,8.514218963682652,8047.555555555556
1778071313,20,GET,/product/2ZYFJ3GM2N,0.300000,0.000000,7,7,7,7,7,7,7,7,7,7,7,21,0,7,9.71891719936615,6.363605847582221,64.11894108168781,8027.523809523809
1778071313,20,GET,/product/66VCHSJNUP,0.200000,0.000000,6,6,7,7,7,7,7,7,7,7,7,23,0,7,10.361737227472274,6.167342886328697,57.538554072380066,8010.260869565217
1778071313,20,GET,/product/6E92ZMYYFZ,0.300000,0.000000,7,7,7,7,7,7,7,7,7,7,7,22,0,7,8.441564256579362,6.001353962346911,39.86145090311766,7991.0
1778071313,20,GET,/product/9SIQT8TOJO,0.100000,0.000000,7,7,7,7,7,7,7,7,7,7,7,16,0,7,7.18381987826433,6.240862887352705,9.65042202733457,8021.0
1778071313,20,GET,/product/L9ECAV7KIM,0.100000,0.000000,7,7,7,7,7,7,7,7,7,7,7,14,0,7,8.050730718033654,5.79091114923358,21.17587812244892,8011.5
1778071313,20,GET,/product/LS4PSXUNUM,0.100000,0.000000,7,7,7,7,7,7,7,7,7,7,7,16,0,7,6.772422493668273,5.848662229254842,8.338394109159708,8008.0
1778071313,20,GET,/product/OLJCESPC7Z,0.000000,0.000000,6,6,6,6,6,6,6,6,6,6,6,18,0,7,6.784593841681878,5.812264047563076,9.580944897606969,8039.833333333333
1778071313,20,,Aggregated,11.800000,0.000000,8,9,9,10,11,12,13,28,28,28,28,1172,0,9,15.581043867224274,5.79091114923358,922.7584458421916,10850.973549488055
1778071314,20,GET,/,9.000000,0.000000,8,8,9,9,10,11,28,28,28,28,28,872,0,9,16.951913532583095,7.136580999940634,922.7584458421916,10560.604357798165
1778071314,20,POST,/cart,0.900000,0.000000,10,11,12,12,13,13,13,13,13,13,13,112,0,11,15.008070441711295,9.254218079149723,108.83422615006566,18526.45535714286
1778071314,20,POST,/cart/checkout,0.800000,0.000000,11,11,12,12,12,12,12,12,12,12,12,41,0,11,14.590542655574476,8.662577951326966,76.56254991889,6804.682926829269
1778071314,20,GET,/product/0PUK6V6EV0,0.200000,0.000000,7,7,7,7,7,7,7,7,7,7,7,19,0,6.084243068471551,7.470263462317617,6.084243068471551,21.667518885806203,8028.315789473684
1778071314,20,GET,/product/1YMWWN1N4O,0.100000,0.000000,6,6,6,6,6,6,6,6,6,6,6,9,0,7,7.134048501029611,6.026321090757847,8.514218963682652,8047.555555555556
1778071314,20,GET,/product/2ZYFJ3GM2N,0.300000,0.000000,7,7,7,7,7,7,7,7,7,7,7,21,0,7,9.71891719936615,6.363605847582221,64.11894108168781,8027.523809523809
1778071314,20,GET,/product/66VCHSJNUP,0.200000,0.000000,6,6,7,7,7,7,7,7,7,7,7,23,0,7,10.361737227472274,6.167342886328697,57.538554072380066,8010.260869565217
1778071314,20,GET,/product/6E92ZMYYFZ,0.400000,0.000000,7,7,7,7,7,7,7,7,7,7,7,22,0,7,8.441564256579362,6.001353962346911,39.86145090311766,7991.0
1778071314,20,GET,/product/9SIQT8TOJO,0.100000,0.000000,7,7,7,7,7,7,7,7,7,7,7,16,0,7,7.18381987826433,6.240862887352705,9.65042202733457,8021.0
1778071314,20,GET,/product/L9ECAV7KIM,0.100000,0.000000,7,7,7,7,7,7,7,7,7,7,7,14,0,7,8.050730718033654,5.79091114923358,21.17587812244892,8011.5
1778071314,20,GET,/product/LS4PSXUNUM,0.100000,0.000000,7,7,7,7,7,7,7,7,7,7,7,16,0,7,6.772422493668273,5.848662229254842,8.338394109159708,8008.0
1778071314,20,GET,/product/OLJCESPC7Z,0.000000,0.000000,6,6,6,6,6,6,6,6,6,6,6,18,0,7,6.784593841681878,5.812264047563076,9.580944897606969,8039.833333333333
1778071314,20,,Aggregated,12.200000,0.000000,8,9,9,10,11,12,13,28,28,28,28,1183,0,9,15.51444683793148,5.79091114923358,922.7584458421916,10845.076923076924
1778071315,20,GET,/,8.500000,0.000000,8,8,9,9,10,11,28,28,28,28,28,882,0,9,16.851764992766437,7.136580999940634,922.7584458421916,10560.513605442176
1778071315,20,POST,/cart,1.100000,0.000000,10,11,12,12,13,13,13,13,13,13,13,112,0,11,15.008070441711295,9.254218079149723,108.83422615006566,18526.45535714286
1778071315,20,POST,/cart/checkout,0.600000,0.000000,11,12,12,12,12,12,12,12,12,12,12,42,0,11,14.529341138854978,8.662577951326966,76.56254991889,6804.976190476191
1778071315,20,GET,/product/0PUK6V6EV0,0.200000,0.000000,7,7,7,7,7,7,7,7,7,7,7,19,0,6.084243068471551,7.470263462317617,6.084243068471551,21.667518885806203,8028.315789473684
1778071315,20,GET,/product/1YMWWN1N4O,0.100000,0.000000,6,6,6,6,6,6,6,6,6,6,6,9,0,7,7.134048501029611,6.026321090757847,8.514218963682652,8047.555555555556
1778071315,20,GET,/product/2ZYFJ3GM2N,0.300000,0.000000,7,7,7,7,7,7,7,7,7,7,7,21,0,7,9.71891719936615,6.363605847582221,64.11894108168781,8027.523809523809
1778071315,20,GET,/product/66VCHSJNUP,0.300000,0.000000,6,6,7,7,7,7,7,7,7,7,7,23,0,7,10.361737227472274,6.167342886328697,57.538554072380066,8010.260869565217
1778071315,20,GET,/product/6E92ZMYYFZ,0.300000,0.000000,7,7,7,7,7,7,7,7,7,7,7,22,0,7,8.441564256579362,6.001353962346911,39.86145090311766,7991.0
1778071315,20,GET,/product/9SIQT8TOJO,0.100000,0.000000,7,7,7,7,7,7,7,7,7,7,7,16,0,7,7.18381987826433,6.240862887352705,9.65042202733457,8021.0
1778071315,20,GET,/product/L9ECAV7KIM,0.100000,0.000000,7,7,7,7,7,7,7,7,7,7,7,14,0,7,8.050730718033654,5.79091114923358,21.17587812244892,8011.5
1778071315,20,GET,/product/LS4PSXUNUM,0.200000,0.000000,7,7,7,7,7,7,7,7,7,7,7,16,0,7,6.772422493668273,5.848662229254842,8.338394109159708,8008.0
1778071315,20,GET,/product/OLJCESPC7Z,0.000000,0.000000,6,6,6,6,6,6,6,6,6,6,6,18,0,7,6.784593841681878,5.812264047563076,9.580944897606969,8039.833333333333
1778071315,20,,Aggregated,11.800000,0.000000,8,9,9,10,11,12,13,28,28,28,28,1194,0,9,15.44958024408194,5.79091114923358,922.7584458421916,10839.25376884422
1778071316,20,GET,/,8.500000,0.000000,8,9,9,9,10,12,28,28,28,28,28,887,0,9,16.80841935581182,7.136580999940634,922.7584458421916,10560.468996617812
1778071316,20,POST,/cart,1.100000,0.000000,10,10,11,11,13,13,13,13,13,13,13,112,0,11,15.008070441711295,9.254218079149723,108.83422615006566,18526.45535714286
1778071316,20,POST,/cart/checkout,0.600000,0.000000,11,11,12,12,12,12,12,12,12,12,12,43,0,11,14.410771185878751,8.662577951326966,76.56254991889,6804.558139534884
1778071316,20,GET,/product/0PUK6V6EV0,0.200000,0.000000,7,7,7,7,7,7,7,7,7,7,7,19,0,6.084243068471551,7.470263462317617,6.084243068471551,21.667518885806203,8028.315789473684
1778071316,20,GET,/product/1YMWWN1N4O,0.100000,0.000000,6,6,6,6,6,6,6,6,6,6,6,9,0,7,7.134048501029611,6.026321090757847,8.514218963682652,8047.555555555556
1778071316,20,GET,/product/2ZYFJ3GM2N,0.300000,0.000000,7,7,7,7,7,7,7,7,7,7,7,21,0,7,9.71891719936615,6.363605847582221,64.11894108168781,8027.523809523809
1778071316,20,GET,/product/66VCHSJNUP,0.300000,0.000000,7,7,7,7,7,7,7,7,7,7,7,23,0,7,10.361737227472274,6.167342886328697,57.538554072380066,8010.260869565217
1778071316,20,GET,/product/6E92ZMYYFZ,0.300000,0.000000,7,7,7,7,7,7,7,7,7,7,7,22,0,7,8.441564256579362,6.001353962346911,39.86145090311766,7991.0
1778071316,20,GET,/product/9SIQT8TOJO,0.100000,0.000000,7,7,7,7,7,7,7,7,7,7,7,16,0,7,7.18381987826433,6.240862887352705,9.65042202733457,8021.0
1778071316,20,GET,/product/L9ECAV7KIM,0.100000,0.000000,7,7,7,7,7,7,7,7,7,7,7,14,0,7,8.050730718033654,5.79091114923358,21.17587812244892,8011.5
1778071316,20,GET,/product/LS4PSXUNUM,0.200000,0.000000,7,7,7,7,7,7,7,7,7,7,7,16,0,7,6.772422493668273,5.848662229254842,8.338394109159708,8008.0
1778071316,20,GET,/product/OLJCESPC7Z,0.000000,0.000000,6,6,6,6,6,6,6,6,6,6,6,18,0,7,6.784593841681878,5.812264047563076,9.580944897606969,8039.833333333333
1778071316,20,,Aggregated,11.800000,0.000000,8,9,9,10,11,12,13,28,28,28,28,1200,0,9,15.418367407983169,5.79091114923358,922.7584458421916,10834.6825
1778071317,20,GET,/,9.100000,0.000000,8,9,9,9,10,10,28,28,28,28,28,895,0,9,16.732060141320336,7.136580999940634,922.7584458421916,10560.418994413409
1778071317,20,POST,/cart,0.800000,0.000000,10,11,11,11,13,13,13,13,13,13,13,113,0,11,14.968612703156815,9.254218079149723,108.83422615006566,18507.911504424777
1778071317,20,POST,/cart/checkout,0.700000,0.000000,11,12,12,12,12,12,12,12,12,12,12,44,0,11,14.340179390273988,8.662577951326966,76.56254991889,6804.477272727273
1778071317,20,GET,/product/0PUK6V6EV0,0.200000,0.000000,7,7,7,7,7,7,7,7,7,7,7,19,0,6.084243068471551,7.470263462317617,6.084243068471551,21.667518885806203,8028.315789473684
1778071317,20,GET,/product/1YMWWN1N4O,0.100000,0.000000,6,6,6,6,6,6,6,6,6,6,6,9,0,7,7.134048501029611,6.026321090757847,8.514218963682652,8047.555555555556
1778071317,20,GET,/product/2ZYFJ3GM2N,0.300000,0.000000,7,7,7,7,7,7,7,7,7,7,7,21,0,7,9.71891719936615,6.363605847582221,64.11894108168781,8027.523809523809
1778071317,20,GET,/product/66VCHSJNUP,0.200000,0.000000,7,7,7,7,7,7,7,7,7,7,7,23,0,7,10.361737227472274,6.167342886328697,57.538554072380066,8010.260869565217
1778071317,20,GET,/product/6E92ZMYYFZ,0.300000,0.000000,7,7,7,7,7,7,7,7,7,7,7,22,0,7,8.441564256579362,6.001353962346911,39.86145090311766,7991.0
1778071317,20,GET,/product/9SIQT8TOJO,0.100000,0.000000,7,7,7,7,7,7,7,7,7,7,7,16,0,7,7.18381987826433,6.240862887352705,9.65042202733457,8021.0
1778071317,20,GET,/product/L9ECAV7KIM,0.000000,0.000000,7,7,7,7,7,7,7,7,7,7,7,14,0,7,8.050730718033654,5.79091114923358,21.17587812244892,8011.5
1778071317,20,GET,/product/LS4PSXUNUM,0.200000,0.000000,7,7,7,7,7,7,7,7,7,7,7,16,0,7,6.772422493668273,5.848662229254842,8.338394109159708,8008.0
1778071317,20,GET,/product/OLJCESPC7Z,0.000000,0.000000,7,7,7,7,7,7,7,7,7,7,7,19,0,7,6.771196856310493,5.812264047563076,9.580944897606969,8040.684210526316
1778071317,20,,Aggregated,12.000000,0.000000,8,9,9,10,11,12,12,28,28,28,28,1211,0,9,15.356359105483374,5.79091114923358,922.7584458421916,10831.829892650701
1778071318,20,GET,/,8.800000,0.000000,8,9,9,9,10,11,28,28,28,28,28,905,0,9,16.64271512511315,7.136580999940634,922.7584458421916,10560.433149171271
1778071318,20,POST,/cart,0.700000,0.000000,10,10,11,11,11,11,11,11,11,11,11,113,0,11,14.968612703156815,9.254218079149723,108.83422615006566,18507.911504424777
1778071318,20,POST,/cart/checkout,0.900000,0.000000,11,11,12,12,12,12,12,12,12,12,12,45,0,11,14.229612067962686,8.662577951326966,76.56254991889,6804.8
1778071318,20,GET,/product/0PUK6V6EV0,0.200000,0.000000,7,7,7,7,7,7,7,7,7,7,7,19,0,6.084243068471551,7.470263462317617,6.084243068471551,21.667518885806203,8028.315789473684
1778071318,20,GET,/product/1YMWWN1N4O,0.100000,0.000000,6,6,6,6,6,6,6,6,6,6,6,9,0,7,7.134048501029611,6.026321090757847,8.514218963682652,8047.555555555556
1778071318,20,GET,/product/2ZYFJ3GM2N,0.300000,0.000000,7,7,7,7,7,7,7,7,7,7,7,21,0,7,9.71891719936615,6.363605847582221,64.11894108168781,8027.523809523809
1778071318,20,GET,/product/66VCHSJNUP,0.200000,0.000000,7,7,7,7,7,7,7,7,7,7,7,25,0,7,10.078104445710778,6.167342886328697,57.538554072380066,8010.68
1778071318,20,GET,/product/6E92ZMYYFZ,0.300000,0.000000,7,7,7,7,7,7,7,7,7,7,7,22,0,7,8.441564256579362,6.001353962346911,39.86145090311766,7991.0
1778071318,20,GET,/product/9SIQT8TOJO,0.100000,0.000000,7,7,7,7,7,7,7,7,7,7,7,16,0,7,7.18381987826433,6.240862887352705,9.65042202733457,8021.0
1778071318,20,GET,/product/L9ECAV7KIM,0.000000,0.000000,7,7,7,7,7,7,7,7,7,7,7,14,0,7,8.050730718033654,5.79091114923358,21.17587812244892,8011.5
1778071318,20,GET,/product/LS4PSXUNUM,0.200000,0.000000,7,7,7,7,7,7,7,7,7,7,7,16,0,7,6.772422493668273,5.848662229254842,8.338394109159708,8008.0
1778071318,20,GET,/product/OLJCESPC7Z,0.000000,0.000000,7,7,7,7,7,7,7,7,7,7,7,19,0,7,6.771196856310493,5.812264047563076,9.580944897606969,8040.684210526316
1778071318,20,,Aggregated,11.800000,0.000000,8,9,9,9,10,11,12,28,28,28,28,1224,0,9,15.282689169349052,5.79091114923358,922.7584458421916,10821.742647058823
1778071319,20,GET,/,8.800000,0.000000,8,9,9,9,10,10,12,22,22,22,22,913,0,9,16.586169279165166,7.136580999940634,922.7584458421916,10560.38335158817
1778071319,20,POST,/cart,0.700000,0.000000,10,10,10,10,11,11,11,11,11,11,11,115,0,11,14.884794141044436,9.254218079149723,108.83422615006566,18484.852173913045
1778071319,20,POST,/cart/checkout,0.900000,0.000000,11,11,12,12,12,12,12,12,12,12,12,47,0,11,14.035652317304878,8.662577951326966,76.56254991889,6805.489361702128
1778071319,20,GET,/product/0PUK6V6EV0,0.200000,0.000000,7,7,7,7,7,7,7,7,7,7,7,19,0,6.084243068471551,7.470263462317617,6.084243068471551,21.667518885806203,8028.315789473684
1778071319,20,GET,/product/1YMWWN1N4O,0.100000,0.000000,6,6,6,6,6,6,6,6,6,6,6,9,0,7,7.134048501029611,6.026321090757847,8.514218963682652,8047.555555555556
1778071319,20,GET,/product/2ZYFJ3GM2N,0.300000,0.000000,7,7,7,7,7,7,7,7,7,7,7,21,0,7,9.71891719936615,6.363605847582221,64.11894108168781,8027.523809523809
1778071319,20,GET,/product/66VCHSJNUP,0.200000,0.000000,7,7,7,7,7,7,7,7,7,7,7,26,0,7,9.938301930490594,6.167342886328697,57.538554072380066,8010.153846153846
1778071319,20,GET,/product/6E92ZMYYFZ,0.300000,0.000000,7,7,7,7,7,7,7,7,7,7,7,22,0,7,8.441564256579362,6.001353962346911,39.86145090311766,7991.0
1778071319,20,GET,/product/9SIQT8TOJO,0.100000,0.000000,7,7,7,7,7,7,7,7,7,7,7,16,0,7,7.18381987826433,6.240862887352705,9.65042202733457,8021.0
1778071319,20,GET,/product/L9ECAV7KIM,0.000000,0.000000,7,7,7,7,7,7,7,7,7,7,7,15,0,7,7.891734472165505,5.6657870300114155,21.17587812244892,8009.0
1778071319,20,GET,/product/LS4PSXUNUM,0.200000,0.000000,7,7,7,7,7,7,7,7,7,7,7,16,0,7,6.772422493668273,5.848662229254842,8.338394109159708,8008.0
1778071319,20,GET,/product/OLJCESPC7Z,0.000000,0.000000,7,7,7,7,7,7,7,7,7,7,7,19,0,7,6.771196856310493,5.812264047563076,9.580944897606969,8040.684210526316
1778071319,20,,Aggregated,11.800000,0.000000,9,9,9,10,10,11,12,12,22,22,22,1238,0,9,15.217509805841706,5.6657870300114155,922.7584458421916,10819.24717285945
1778071320,20,GET,/,9.000000,0.000000,8,9,9,9,10,14,21,22,22,22,22,923,0,9,16.529502898791677,7.136580999940634,922.7584458421916,10560.589382448537
1778071320,20,POST,/cart,0.700000,0.000000,10,11,11,11,11,11,11,11,11,11,11,117,0,11,14.81765888344783,9.254218079149723,108.83422615006566,18474.162393162394
1778071320,20,POST,/cart/checkout,0.900000,0.000000,11,11,12,12,12,12,12,12,12,12,12,47,0,11,14.035652317304878,8.662577951326966,76.56254991889,6805.489361702128
1778071320,20,GET,/product/0PUK6V6EV0,0.200000,0.000000,7,7,7,7,7,7,7,7,7,7,7,19,0,6.084243068471551,7.470263462317617,6.084243068471551,21.667518885806203,8028.315789473684
1778071320,20,GET,/product/1YMWWN1N4O,0.100000,0.000000,6,6,6,6,6,6,6,6,6,6,6,9,0,7,7.134048501029611,6.026321090757847,8.514218963682652,8047.555555555556
1778071320,20,GET,/product/2ZYFJ3GM2N,0.200000,0.000000,8,8,8,8,8,8,8,8,8,8,8,22,0,7,9.631109233437614,6.363605847582221,64.11894108168781,8030.5
1778071320,20,GET,/product/66VCHSJNUP,0.400000,0.000000,7,7,7,7,7,7,7,7,7,7,7,26,0,7,9.938301930490594,6.167342886328697,57.538554072380066,8010.153846153846
1778071320,20,GET,/product/6E92ZMYYFZ,0.100000,0.000000,7,7,7,7,7,7,7,7,7,7,7,22,0,7,8.441564256579362,6.001353962346911,39.86145090311766,7991.0
1778071320,20,GET,/product/9SIQT8TOJO,0.000000,0.000000,7,7,7,7,7,7,7,7,7,7,7,16,0,7,7.18381987826433,6.240862887352705,9.65042202733457,8021.0
1778071320,20,GET,/product/L9ECAV7KIM,0.000000,0.000000,6,6,6,6,6,6,6,6,6,6,6,15,0,7,7.891734472165505,5.6657870300114155,21.17587812244892,8009.0
1778071320,20,GET,/product/LS4PSXUNUM,0.100000,0.000000,7,7,7,7,7,7,7,7,7,7,7,16,0,7,6.772422493668273,5.848662229254842,8.338394109159708,8008.0
1778071320,20,GET,/product/OLJCESPC7Z,0.100000,0.000000,7,7,7,7,7,7,7,7,7,7,7,19,0,7,6.771196856310493,5.812264047563076,9.580944897606969,8040.684210526316
1778071320,20,,Aggregated,11.800000,0.000000,9,9,9,10,10,11,16,21,22,22,22,1251,0,9,15.1738910219274,5.6657870300114155,922.7584458421916,10826.406075139888
1778071321,20,GET,/,8.600000,0.000000,9,9,9,9,10,16,22,22,22,22,22,928,0,9,16.502139228044864,7.136580999940634,922.7584458421916,10560.450431034482
1778071321,20,POST,/cart,0.900000,0.000000,11,11,11,11,28,28,28,28,28,28,28,118,0,11,14.93091402985787,9.254218079149723,108.83422615006566,18505.36440677966
1778071321,20,POST,/cart/checkout,0.800000,0.000000,10,11,11,11,12,12,12,12,12,12,12,47,0,11,14.035652317304878,8.662577951326966,76.56254991889,6805.489361702128
1778071321,20,GET,/product/0PUK6V6EV0,0.200000,0.000000,7,7,7,7,7,7,7,7,7,7,7,19,0,6.084243068471551,7.470263462317617,6.084243068471551,21.667518885806203,8028.315789473684
1778071321,20,GET,/product/1YMWWN1N4O,0.100000,0.000000,6,6,6,6,6,6,6,6,6,6,6,9,0,7,7.134048501029611,6.026321090757847,8.514218963682652,8047.555555555556
1778071321,20,GET,/product/2ZYFJ3GM2N,0.100000,0.000000,8,8,8,8,8,8,8,8,8,8,8,22,0,7,9.631109233437614,6.363605847582221,64.11894108168781,8030.5
1778071321,20,GET,/product/66VCHSJNUP,0.400000,0.000000,7,7,7,7,7,7,7,7,7,7,7,26,0,7,9.938301930490594,6.167342886328697,57.538554072380066,8010.153846153846
1778071321,20,GET,/product/6E92ZMYYFZ,0.100000,0.000000,7,7,7,7,7,7,7,7,7,7,7,22,0,7,8.441564256579362,6.001353962346911,39.86145090311766,7991.0
1778071321,20,GET,/product/9SIQT8TOJO,0.000000,0.000000,7,7,7,7,7,7,7,7,7,7,7,16,0,7,7.18381987826433,6.240862887352705,9.65042202733457,8021.0
1778071321,20,GET,/product/L9ECAV7KIM,0.100000,0.000000,8,8,8,8,8,8,8,8,8,8,8,16,0,7,7.9158437583828345,5.6657870300114155,21.17587812244892,8010.3125
1778071321,20,GET,/product/LS4PSXUNUM,0.100000,0.000000,7,7,7,7,7,7,7,7,7,7,7,16,0,7,6.772422493668273,5.848662229254842,8.338394109159708,8008.0
1778071321,20,GET,/product/OLJCESPC7Z,0.100000,0.000000,7,7,7,7,7,7,7,7,7,7,7,19,0,7,6.771196856310493,5.812264047563076,9.580944897606969,8040.684210526316
1778071321,20,,Aggregated,11.500000,0.000000,9,9,9,10,11,16,22,28,28,28,28,1258,0,9,15.16395146715705,5.6657870300114155,922.7584458421916,10832.030206677266
1778071322,20,GET,/,8.400000,0.000000,8,9,9,9,10,16,22,22,22,22,22,936,0,9,16.435783007928432,7.136580999940634,922.7584458421916,10560.306623931623
1778071322,20,POST,/cart,0.800000,0.000000,11,11,13,27,28,28,28,28,28,28,28,120,0,11,15.020521303328374,9.254218079149723,108.83422615006566,18574.991666666665
1778071322,20,POST,/cart/checkout,0.800000,0.000000,10,11,11,11,12,12,12,12,12,12,12,47,0,11,14.035652317304878,8.662577951326966,76.56254991889,6805.489361702128
1778071322,20,GET,/product/0PUK6V6EV0,0.200000,0.000000,7,7,7,7,7,7,7,7,7,7,7,19,0,6.084243068471551,7.470263462317617,6.084243068471551,21.667518885806203,8028.315789473684
1778071322,20,GET,/product/1YMWWN1N4O,0.000000,0.000000,7,7,7,7,7,7,7,7,7,7,7,10,0,7,7.120924559421837,6.026321090757847,8.514218963682652,8048.9
1778071322,20,GET,/product/2ZYFJ3GM2N,0.200000,0.000000,8,8,8,8,8,8,8,8,8,8,8,22,0,7,9.631109233437614,6.363605847582221,64.11894108168781,8030.5
1778071322,20,GET,/product/66VCHSJNUP,0.400000,0.000000,7,7,7,7,7,7,7,7,7,7,7,26,0,7,9.938301930490594,6.167342886328697,57.538554072380066,8010.153846153846
1778071322,20,GET,/product/6E92ZMYYFZ,0.100000,0.000000,7,7,7,7,7,7,7,7,7,7,7,22,0,7,8.441564256579362,6.001353962346911,39.86145090311766,7991.0
1778071322,20,GET,/product/9SIQT8TOJO,0.000000,0.000000,7,7,7,7,7,7,7,7,7,7,7,16,0,7,7.18381987826433,6.240862887352705,9.65042202733457,8021.0
1778071322,20,GET,/product/L9ECAV7KIM,0.100000,0.000000,8,8,11,11,11,11,11,11,11,11,11,17,0,7,8.110556943232522,5.6657870300114155,21.17587812244892,8004.882352941177
1778071322,20,GET,/product/LS4PSXUNUM,0.100000,0.000000,7,7,7,7,7,7,7,7,7,7,7,16,0,7,6.772422493668273,5.848662229254842,8.338394109159708,8008.0
1778071322,20,GET,/product/OLJCESPC7Z,0.100000,0.000000,7,7,7,7,7,7,7,7,7,7,7,19,0,7,6.771196856310493,5.812264047563076,9.580944897606969,8040.684210526316
1778071322,20,,Aggregated,11.200000,0.000000,9,9,9,10,11,21,27,28,28,28,28,1270,0,9,15.122048909717247,5.6657870300114155,922.7584458421916,10844.4
1778071323,20,GET,/,8.400000,0.000000,9,9,10,11,17,22,38,55,55,55,55,947,0,9,16.493202684006587,7.136580999940634,922.7584458421916,10560.537486800422
1778071323,20,POST,/cart,0.800000,0.000000,11,11,13,27,28,28,28,28,28,28,28,120,0,11,15.020521303328374,9.254218079149723,108.83422615006566,18574.991666666665
1778071323,20,POST,/cart/checkout,0.800000,0.000000,10,11,11,11,12,12,12,12,12,12,12,47,0,11,14.035652317304878,8.662577951326966,76.56254991889,6805.489361702128
1778071323,20,GET,/product/0PUK6V6EV0,0.200000,0.000000,7,7,7,7,7,7,7,7,7,7,7,19,0,6.084243068471551,7.470263462317617,6.084243068471551,21.667518885806203,8028.315789473684
1778071323,20,GET,/product/1YMWWN1N4O,0.000000,0.000000,7,7,7,7,7,7,7,7,7,7,7,10,0,7,7.120924559421837,6.026321090757847,8.514218963682652,8048.9
1778071323,20,GET,/product/2ZYFJ3GM2N,0.200000,0.000000,8,8,8,8,8,8,8,8,8,8,8,22,0,7,9.631109233437614,6.363605847582221,64.11894108168781,8030.5
1778071323,20,GET,/product/66VCHSJNUP,0.400000,0.000000,7,7,7,7,7,7,7,7,7,7,7,26,0,7,9.938301930490594,6.167342886328697,57.538554072380066,8010.153846153846
1778071323,20,GET,/product/6E92ZMYYFZ,0.100000,0.000000,7,7,7,7,7,7,7,7,7,7,7,22,0,7,8.441564256579362,6.001353962346911,39.86145090311766,7991.0
1778071323,20,GET,/product/9SIQT8TOJO,0.000000,0.000000,14,14,14,14,14,14,14,14,14,14,14,17,0,7,7.570116657435017,6.240862887352705,13.750865124166012,8023.235294117647
1778071323,20,GET,/product/L9ECAV7KIM,0.100000,0.000000,8,8,11,11,11,11,11,11,11,11,11,17,0,7,8.110556943232522,5.6657870300114155,21.17587812244892,8004.882352941177
1778071323,20,GET,/product/LS4PSXUNUM,0.100000,0.000000,7,7,7,7,7,7,7,7,7,7,7,16,0,7,6.772422493668273,5.848662229254842,8.338394109159708,8008.0
1778071323,20,GET,/product/OLJCESPC7Z,0.100000,0.000000,7,7,7,7,7,7,7,7,7,7,7,19,0,7,6.771196856310493,5.812264047563076,9.580944897606969,8040.684210526316
1778071323,20,,Aggregated,11.200000,0.000000,9,10,11,11,17,27,38,55,55,55,55,1282,0,9,15.174666947580572,5.6657870300114155,922.7584458421916,10839.960218408736
1778071324,20,GET,/,8.200000,0.000000,9,10,12,16,28,150,180,210,210,210,210,957,0,9,17.223626140664674,7.136580999940634,922.7584458421916,10560.361546499478
1778071324,20,POST,/cart,0.900000,0.000000,11,13,27,27,28,28,28,28,28,28,28,120,0,11,15.020521303328374,9.254218079149723,108.83422615006566,18574.991666666665
1778071324,20,POST,/cart/checkout,0.700000,0.000000,10,10,11,11,12,12,12,12,12,12,12,47,0,11,14.035652317304878,8.662577951326966,76.56254991889,6805.489361702128
1778071324,20,GET,/product/0PUK6V6EV0,0.000000,0.000000,7,7,7,7,7,7,7,7,7,7,7,19,0,6.084243068471551,7.470263462317617,6.084243068471551,21.667518885806203,8028.315789473684
1778071324,20,GET,/product/1YMWWN1N4O,0.100000,0.000000,7,7,7,7,7,7,7,7,7,7,7,10,0,7,7.120924559421837,6.026321090757847,8.514218963682652,8048.9
1778071324,20,GET,/product/2ZYFJ3GM2N,0.200000,0.000000,8,8,8,8,8,8,8,8,8,8,8,22,0,7,9.631109233437614,6.363605847582221,64.11894108168781,8030.5
1778071324,20,GET,/product/66VCHSJNUP,0.400000,0.000000,7,7,7,7,7,7,7,7,7,7,7,26,0,7,9.938301930490594,6.167342886328697,57.538554072380066,8010.153846153846
1778071324,20,GET,/product/6E92ZMYYFZ,0.000000,0.000000,7,7,7,7,7,7,7,7,7,7,7,22,0,7,8.441564256579362,6.001353962346911,39.86145090311766,7991.0
1778071324,20,GET,/product/9SIQT8TOJO,0.000000,0.000000,14,14,14,14,14,14,14,14,14,14,14,17,0,7,7.570116657435017,6.240862887352705,13.750865124166012,8023.235294117647
1778071324,20,GET,/product/L9ECAV7KIM,0.300000,0.000000,11,11,29,29,29,29,29,29,29,29,29,18,0,7,9.253428615112272,5.6657870300114155,28.68224703706801,8002.166666666667
1778071324,20,GET,/product/LS4PSXUNUM,0.100000,0.000000,7,7,7,7,7,7,7,7,7,7,7,16,0,7,6.772422493668273,5.848662229254842,8.338394109159708,8008.0
1778071324,20,GET,/product/OLJCESPC7Z,0.100000,0.000000,7,7,7,7,7,7,7,7,7,7,7,19,0,7,6.771196856310493,5.812264047563076,9.580944897606969,8040.684210526316
1778071324,20,,Aggregated,11.000000,0.000000,9,11,12,14,28,120,180,210,210,210,210,1293,0,9,15.735926178420122,5.6657870300114155,922.7584458421916,10835.438515081207
1778071325,20,GET,/,8.600000,0.000000,9,9,11,14,22,120,180,210,210,210,210,968,0,9,17.120134996775583,6.879864959046245,922.7584458421916,10560.494834710744
1778071325,20,POST,/cart,0.800000,0.000000,11,13,27,27,28,28,28,28,28,28,28,120,0,11,15.020521303328374,9.254218079149723,108.83422615006566,18574.991666666665
1778071325,20,POST,/cart/checkout,0.700000,0.000000,10,10,11,11,11,11,11,11,11,11,11,47,0,11,14.035652317304878,8.662577951326966,76.56254991889,6805.489361702128
1778071325,20,GET,/product/0PUK6V6EV0,0.000000,0.000000,7,7,7,7,7,7,7,7,7,7,7,19,0,6.084243068471551,7.470263462317617,6.084243068471551,21.667518885806203,8028.315789473684
1778071325,20,GET,/product/1YMWWN1N4O,0.100000,0.000000,7,7,7,7,7,7,7,7,7,7,7,11,0,7,7.087076230990616,6.026321090757847,8.514218963682652,8048.636363636364
1778071325,20,GET,/product/2ZYFJ3GM2N,0.100000,0.000000,8,8,8,8,8,8,8,8,8,8,8,22,0,7,9.631109233437614,6.363605847582221,64.11894108168781,8030.5
1778071325,20,GET,/product/66VCHSJNUP,0.300000,0.000000,7,7,7,7,7,7,7,7,7,7,7,26,0,7,9.938301930490594,6.167342886328697,57.538554072380066,8010.153846153846
1778071325,20,GET,/product/6E92ZMYYFZ,0.000000,0.000000,7,7,7,7,7,7,7,7,7,7,7,22,0,7,8.441564256579362,6.001353962346911,39.86145090311766,7991.0
1778071325,20,GET,/product/9SIQT8TOJO,0.100000,0.000000,14,14,14,14,14,14,14,14,14,14,14,17,0,7,7.570116657435017,6.240862887352705,13.750865124166012,8023.235294117647
1778071325,20,GET,/product/L9ECAV7KIM,0.300000,0.000000,11,11,29,29,29,29,29,29,29,29,29,18,0,7,9.253428615112272,5.6657870300114155,28.68224703706801,8002.166666666667
1778071325,20,GET,/product/LS4PSXUNUM,0.000000,0.000000,7,7,7,7,7,7,7,7,7,7,7,17,0,7,6.736982052269227,5.848662229254842,8.338394109159708,8009.0
1778071325,20,GET,/product/OLJCESPC7Z,0.100000,0.000000,7,7,7,7,7,7,7,7,7,7,7,19,0,7,6.771196856310493,5.812264047563076,9.580944897606969,8040.684210526316
1778071325,20,,Aggregated,11.100000,0.000000,9,10,11,14,27,55,150,180,210,210,210,1306,0,9,15.657543290119795,5.6657870300114155,922.7584458421916,10828.932618683002
1778071326,20,GET,/,8.300000,0.000000,9,9,11,14,22,120,180,210,210,210,210,977,0,9,17.035675953602762,6.879864959046245,922.7584458421916,10560.476970317297
1778071326,20,POST,/cart,0.800000,0.000000,11,11,13,27,28,28,28,28,28,28,28,121,0,11,14.979294886089061,9.254218079149723,108.83422615006566,18569.272727272728
1778071326,20,POST,/cart/checkout,0.600000,0.000000,9,9,10,10,10,10,10,10,10,10,10,47,0,11,14.035652317304878,8.662577951326966,76.56254991889,6805.489361702128
1778071326,20,GET,/product/0PUK6V6EV0,0.000000,0.000000,7,7,7,7,7,7,7,7,7,7,7,19,0,6.084243068471551,7.470263462317617,6.084243068471551,21.667518885806203,8028.315789473684
1778071326,20,GET,/product/1YMWWN1N4O,0.100000,0.000000,7,7,7,7,7,7,7,7,7,7,7,11,0,7,7.087076230990616,6.026321090757847,8.514218963682652,8048.636363636364
1778071326,20,GET,/product/2ZYFJ3GM2N,0.100000,0.000000,8,8,8,8,8,8,8,8,8,8,8,22,0,7,9.631109233437614,6.363605847582221,64.11894108168781,8030.5
1778071326,20,GET,/product/66VCHSJNUP,0.300000,0.000000,7,7,7,7,7,7,7,7,7,7,7,26,0,7,9.938301930490594,6.167342886328697,57.538554072380066,8010.153846153846
1778071326,20,GET,/product/6E92ZMYYFZ,0.000000,0.000000,7,7,7,7,7,7,7,7,7,7,7,22,0,7,8.441564256579362,6.001353962346911,39.86145090311766,7991.0
1778071326,20,GET,/product/9SIQT8TOJO,0.100000,0.000000,14,14,14,14,14,14,14,14,14,14,14,17,0,7,7.570116657435017,6.240862887352705,13.750865124166012,8023.235294117647
1778071326,20,GET,/product/L9ECAV7KIM,0.400000,0.000000,11,11,29,29,29,29,29,29,29,29,29,18,0,7,9.253428615112272,5.6657870300114155,28.68224703706801,8002.166666666667
1778071326,20,GET,/product/LS4PSXUNUM,0.000000,0.000000,7,7,7,7,7,7,7,7,7,7,7,17,0,7,6.736982052269227,5.848662229254842,8.338394109159708,8009.0
1778071326,20,GET,/product/OLJCESPC7Z,0.100000,0.000000,7,7,7,7,7,7,7,7,7,7,7,19,0,7,6.771196856310493,5.812264047563076,9.580944897606969,8040.684210526316
1778071326,20,,Aggregated,10.800000,0.000000,9,10,11,14,27,55,150,180,210,210,210,1316,0,9,15.60056868655392,5.6657870300114155,922.7584458421916,10832.44376899696
1778071327,20,GET,/,8.300000,0.000000,9,10,12,16,38,150,180,210,210,210,210,984,0,9,17.042163719008563,6.879864959046245,922.7584458421916,10560.403455284553
1778071327,20,POST,/cart,0.800000,0.000000,11,13,27,27,28,28,28,28,28,28,28,121,0,11,14.979294886089061,9.254218079149723,108.83422615006566,18569.272727272728
1778071327,20,POST,/cart/checkout,0.600000,0.000000,10,10,10,10,10,10,10,10,10,10,10,48,0,11,13.95634564202434,8.662577951326966,76.56254991889,6805.5625
1778071327,20,GET,/product/0PUK6V6EV0,0.000000,0.000000,7,7,7,7,7,7,7,7,7,7,7,19,0,6.084243068471551,7.470263462317617,6.084243068471551,21.667518885806203,8028.315789473684
1778071327,20,GET,/product/1YMWWN1N4O,0.200000,0.000000,7,7,7,7,7,7,7,7,7,7,7,11,0,7,7.087076230990616,6.026321090757847,8.514218963682652,8048.636363636364
1778071327,20,GET,/product/2ZYFJ3GM2N,0.100000,0.000000,8,8,8,8,8,8,8,8,8,8,8,23,0,7,9.476750269127281,6.080853054299951,64.11894108168781,8027.521739130435
1778071327,20,GET,/product/66VCHSJNUP,0.300000,0.000000,6,6,6,6,6,6,6,6,6,6,6,27,0,7,9.80372741576974,6.167342886328697,57.538554072380066,8007.851851851852
1778071327,20,GET,/product/6E92ZMYYFZ,0.000000,0.000000,7,7,7,7,7,7,7,7,7,7,7,22,0,7,8.441564256579362,6.001353962346911,39.86145090311766,7991.0
1778071327,20,GET,/product/9SIQT8TOJO,0.100000,0.000000,14,14,14,14,14,14,14,14,14,14,14,17,0,7,7.570116657435017,6.240862887352705,13.750865124166012,8023.235294117647
1778071327,20,GET,/product/L9ECAV7KIM,0.400000,0.000000,11,11,29,29,29,29,29,29,29,29,29,18,0,7,9.253428615112272,5.6657870300114155,28.68224703706801,8002.166666666667
1778071327,20,GET,/product/LS4PSXUNUM,0.000000,0.000000,7,7,7,7,7,7,7,7,7,7,7,17,0,7,6.736982052269227,5.848662229254842,8.338394109159708,8009.0
1778071327,20,GET,/product/OLJCESPC7Z,0.100000,0.000000,7,7,7,7,7,7,7,7,7,7,7,19,0,7,6.771196856310493,5.812264047563076,9.580944897606969,8040.684210526316
1778071327,20,,Aggregated,10.900000,0.000000,9,10,12,14,28,77,150,180,210,210,210,1326,0,9,15.594718445950717,5.6657870300114155,922.7584458421916,10823.579185520362
1778071328,20,GET,/,8.300000,0.000000,9,10,12,15,38,150,180,210,210,210,210,991,0,9,16.977951085189307,6.879864959046245,922.7584458421916,10560.510595358224
1778071328,20,POST,/cart,0.800000,0.000000,12,13,27,27,28,28,28,28,28,28,28,122,0,11,14.952941246132259,9.254218079149723,108.83422615006566,18563.737704918032
1778071328,20,POST,/cart/checkout,0.600000,0.000000,10,10,10,10,10,10,10,10,10,10,10,48,0,11,13.95634564202434,8.662577951326966,76.56254991889,6805.5625
1778071328,20,GET,/product/0PUK6V6EV0,0.000000,0.000000,7,7,7,7,7,7,7,7,7,7,7,19,0,6.084243068471551,7.470263462317617,6.084243068471551,21.667518885806203,8028.315789473684
1778071328,20,GET,/product/1YMWWN1N4O,0.200000,0.000000,7,7,7,7,7,7,7,7,7,7,7,11,0,7,7.087076230990616,6.026321090757847,8.514218963682652,8048.636363636364
1778071328,20,GET,/product/2ZYFJ3GM2N,0.100000,0.000000,8,8,8,8,8,8,8,8,8,8,8,23,0,7,9.476750269127281,6.080853054299951,64.11894108168781,8027.521739130435
1778071328,20,GET,/product/66VCHSJNUP,0.300000,0.000000,6,6,6,6,6,6,6,6,6,6,6,27,0,7,9.80372741576974,6.167342886328697,57.538554072380066,8007.851851851852
1778071328,20,GET,/product/6E92ZMYYFZ,0.000000,0.000000,7,7,7,7,7,7,7,7,7,7,7,23,0,7,8.34230411514316,6.001353962346911,39.86145090311766,7992.217391304348
1778071328,20,GET,/product/9SIQT8TOJO,0.100000,0.000000,14,14,14,14,14,14,14,14,14,14,14,17,0,7,7.570116657435017,6.240862887352705,13.750865124166012,8023.235294117647
1778071328,20,GET,/product/L9ECAV7KIM,0.400000,0.000000,11,11,29,29,29,29,29,29,29,29,29,18,0,7,9.253428615112272,5.6657870300114155,28.68224703706801,8002.166666666667
1778071328,20,GET,/product/LS4PSXUNUM,0.000000,0.000000,6,6,6,6,6,6,6,6,6,6,6,17,0,7,6.736982052269227,5.848662229254842,8.338394109159708,8009.0
1778071328,20,GET,/product/OLJCESPC7Z,0.100000,0.000000,7,7,7,7,7,7,7,7,7,7,7,19,0,7,6.771196856310493,5.812264047563076,9.580944897606969,8040.684210526316
1778071328,20,,Aggregated,10.900000,0.000000,9,10,12,14,28,120,180,210,210,210,210,1335,0,9,15.544703982819277,5.6657870300114155,922.7584458421916,10825.474157303372
1778071329,20,GET,/,8.800000,0.000000,8,9,11,14,28,120,180,210,210,210,210,1003,0,9,16.865687535338452,6.879864959046245,922.7584458421916,10560.397806580258
1778071329,20,POST,/cart,0.900000,0.000000,12,13,27,27,28,28,28,28,28,28,28,124,0,11,14.899149629092145,9.254218079149723,108.83422615006566,18587.274193548386
1778071329,20,POST,/cart/checkout,0.400000,0.000000,10,10,10,10,10,10,10,10,10,10,10,48,0,11,13.95634564202434,8.662577951326966,76.56254991889,6805.5625
1778071329,20,GET,/product/0PUK6V6EV0,0.000000,0.000000,0,0,0,0,0,0,0,0,0,0,0,19,0,6.084243068471551,7.470263462317617,6.084243068471551,21.667518885806203,8028.315789473684
1778071329,20,GET,/product/1YMWWN1N4O,0.200000,0.000000,7,7,7,7,7,7,7,7,7,7,7,11,0,7,7.087076230990616,6.026321090757847,8.514218963682652,8048.636363636364
1778071329,20,GET,/product/2ZYFJ3GM2N,0.200000,0.000000,8,8,8,8,8,8,8,8,8,8,8,23,0,7,9.476750269127281,6.080853054299951,64.11894108168781,8027.521739130435
1778071329,20,GET,/product/66VCHSJNUP,0.400000,0.000000,6,6,6,6,6,6,6,6,6,6,6,27,0,7,9.80372741576974,6.167342886328697,57.538554072380066,8007.851851851852
1778071329,20,GET,/product/6E92ZMYYFZ,0.000000,0.000000,6,6,6,6,6,6,6,6,6,6,6,23,0,7,8.34230411514316,6.001353962346911,39.86145090311766,7992.217391304348
1778071329,20,GET,/product/9SIQT8TOJO,0.100000,0.000000,14,14,14,14,14,14,14,14,14,14,14,18,0,7,7.495188063734935,6.22140197083354,13.750865124166012,8021.944444444444
1778071329,20,GET,/product/L9ECAV7KIM,0.400000,0.000000,11,11,29,29,29,29,29,29,29,29,29,19,0,7,9.102725840516781,5.6657870300114155,28.68224703706801,8004.736842105263
1778071329,20,GET,/product/LS4PSXUNUM,0.100000,0.000000,6,6,6,6,6,6,6,6,6,6,6,17,0,7,6.736982052269227,5.848662229254842,8.338394109159708,8009.0
1778071329,20,GET,/product/OLJCESPC7Z,0.000000,0.000000,7,7,7,7,7,7,7,7,7,7,7,20,0,7,6.748191511724144,5.812264047563076,9.580944897606969,8041.85
1778071329,20,,Aggregated,11.500000,0.000000,8,10,11,14,28,77,150,180,210,210,210,1352,0,9,15.447835191862504,5.6657870300114155,922.7584458421916,10830.460059171597
1778071330,20,GET,/,8.700000,0.000000,8,9,10,12,28,120,180,210,210,210,210,1010,0,9,16.814524327211156,6.879864959046245,922.7584458421916,10560.50297029703
1778071330,20,POST,/cart,0.900000,0.000000,12,12,13,13,27,27,27,27,27,27,27,125,0,11,14.863327648490667,9.254218079149723,108.83422615006566,18570.232
1778071330,20,POST,/cart/checkout,0.300000,0.000000,10,10,10,10,10,10,10,10,10,10,10,48,0,11,13.95634564202434,8.662577951326966,76.56254991889,6805.5625
1778071330,20,GET,/product/0PUK6V6EV0,0.000000,0.000000,0,0,0,0,0,0,0,0,0,0,0,19,0,6.084243068471551,7.470263462317617,6.084243068471551,21.667518885806203,8028.315789473684
1778071330,20,GET,/product/1YMWWN1N4O,0.200000,0.000000,7,7,7,7,7,7,7,7,7,7,7,11,0,7,7.087076230990616,6.026321090757847,8.514218963682652,8048.636363636364
1778071330,20,GET,/product/2ZYFJ3GM2N,0.200000,0.000000,8,8,8,8,8,8,8,8,8,8,8,23,0,7,9.476750269127281,6.080853054299951,64.11894108168781,8027.521739130435
1778071330,20,GET,/product/66VCHSJNUP,0.200000,0.000000,6,6,7,7,7,7,7,7,7,7,7,28,0,7,9.68810440307217,6.167342886328697,57.538554072380066,8008.857142857143
1778071330,20,GET,/product/6E92ZMYYFZ,0.100000,0.000000,6,6,6,6,6,6,6,6,6,6,6,23,0,7,8.34230411514316,6.001353962346911,39.86145090311766,7992.217391304348
1778071330,20,GET,/product/9SIQT8TOJO,0.100000,0.000000,14,14,14,14,14,14,14,14,14,14,14,18,0,7,7.495188063734935,6.22140197083354,13.750865124166012,8021.944444444444
1778071330,20,GET,/product/L9ECAV7KIM,0.400000,0.000000,11,11,29,29,29,29,29,29,29,29,29,19,0,7,9.102725840516781,5.6657870300114155,28.68224703706801,8004.736842105263
1778071330,20,GET,/product/LS4PSXUNUM,0.100000,0.000000,6,6,6,6,6,6,6,6,6,6,6,17,0,7,6.736982052269227,5.848662229254842,8.338394109159708,8009.0
1778071330,20,GET,/product/OLJCESPC7Z,0.000000,0.000000,7,7,7,7,7,7,7,7,7,7,7,21,0,7,6.739387199992225,5.812264047563076,9.580944897606969,8044.047619047619
