Timestamp,User Count,Type,Name,Requests/s,Failures/s,50%,66%,75%,80%,90%,95%,98%,99%,99.9%,99.99%,100%,Total Request Count,Total Failure Count,Total Median Response Time,Total Average Response Time,Total Min Response Time,Total Max Response Time,Total Average Content Size
1777647837,0,,Aggregated,0.000000,0.000000,N/A,N/A,N/A,N/A,N/A,N/A,N/A,N/A,N/A,N/A,N/A,0,0,0,0.0,0,0,0
1777647838,5,,Aggregated,0.000000,0.000000,N/A,N/A,N/A,N/A,N/A,N/A,N/A,N/A,N/A,N/A,N/A,0,0,0,0.0,0,0,0
1777647839,10,GET,/,0.000000,0.000000,0,0,0,0,0,0,0,0,0,0,0,9,0,1083.7524209637195,679.8181814245052,177.26584221236408,1083.7524209637195,10499.0
1777647839,10,POST,/cart,0.000000,0.000000,0,0,0,0,0,0,0,0,0,0,0,1,0,131.98673981241882,131.98673981241882,131.98673981241882,131.98673981241882,16451.0
1777647839,10,GET,/product/2ZYFJ3GM2N,0.000000,0.000000,0,0,0,0,0,0,0,0,0,0,0,1,0,93.60828716307878,93.60828716307878,93.60828716307878,93.60828716307878,7966.0
1777647839,10,GET,/product/L9ECAV7KIM,0.000000,0.000000,0,0,0,0,0,0,0,0,0,0,0,1,0,95.09843797422945,95.09843797422945,95.09843797422945,95.09843797422945,7936.0
1777647839,10,GET,/product/OLJCESPC7Z,0.000000,0.000000,0,0,0,0,0,0,0,0,0,0,0,1,0,98.94497506320477,98.94497506320477,98.94497506320477,98.94497506320477,7985.0
1777647839,10,,Aggregated,0.000000,0.000000,180,1100,1100,1100,1100,1100,1100,1100,1100,1100,1100,13,0,180,502.923236371806,93.60828716307878,1083.7524209637195,10371.461538461539
1777647840,15,GET,/,0.000000,0.000000,110,110,110,110,110,110,110,110,110,110,110,16,0,180,413.72484152088873,21.479304181411862,1083.7524209637195,10499.0
1777647840,15,POST,/cart,0.000000,0.000000,98,98,98,98,98,98,98,98,98,98,98,2,0,98,114.83571992721409,97.68470004200935,131.98673981241882,16462.0
1777647840,15,GET,/product/0PUK6V6EV0,0.000000,0.000000,0,0,0,0,0,0,0,0,0,0,0,1,0,16.612268052995205,16.612268052995205,16.612268052995205,16.612268052995205,7978.0
1777647840,15,GET,/product/2ZYFJ3GM2N,0.000000,0.000000,94,94,94,94,94,94,94,94,94,94,94,1,0,93.60828716307878,93.60828716307878,93.60828716307878,93.60828716307878,7966.0
1777647840,15,GET,/product/L9ECAV7KIM,0.000000,0.000000,18,18,18,18,18,18,18,18,18,18,18,2,0,18,56.47438345476985,17.850328935310245,95.09843797422945,7925.0
1777647840,15,GET,/product/OLJCESPC7Z,0.000000,0.000000,99,99,99,99,99,99,99,99,99,99,99,2,0,19,58.73993260320276,18.534890143200755,98.94497506320477,7990.0
1777647840,15,,Aggregated,0.000000,0.000000,110,180,180,1100,1100,1100,1100,1100,1100,1100,1100,24,0,110,299.5799204800278,16.612268052995205,1083.7524209637195,10361.75
1777647841,20,GET,/,4.500000,0.000000,60,100,100,110,110,110,110,110,110,110,110,28,0,100,260.2067600569821,21.414104150608182,1083.7524209637195,10502.17857142857
1777647841,20,POST,/cart,0.500000,0.000000,98,98,98,98,98,98,98,98,98,98,98,3,0,98,108.26821726125975,95.13321192935109,131.98673981241882,16463.666666666668
1777647841,20,POST,/cart/checkout,0.000000,0.000000,0,0,0,0,0,0,0,0,0,0,0,2,0,91,117.49161942861974,90.70233698002994,144.28090187720954,6784.0
1777647841,20,GET,/product/0PUK6V6EV0,0.000000,0.000000,69,69,69,69,69,69,69,69,69,69,69,2,0,17,42.931523523293436,16.612268052995205,69.25077899359167,7955.0
1777647841,20,GET,/product/2ZYFJ3GM2N,0.500000,0.000000,94,94,94,94,94,94,94,94,94,94,94,1,0,93.60828716307878,93.60828716307878,93.60828716307878,93.60828716307878,7966.0
1777647841,20,GET,/product/9SIQT8TOJO,0.000000,0.000000,0,0,0,0,0,0,0,0,0,0,0,1,0,19.541373942047358,19.541373942047358,19.541373942047358,19.541373942047358,8000.0
1777647841,20,GET,/product/L9ECAV7KIM,0.500000,0.000000,18,18,18,18,18,18,18,18,18,18,18,2,0,18,56.47438345476985,17.850328935310245,95.09843797422945,7925.0
1777647841,20,GET,/product/OLJCESPC7Z,0.500000,0.000000,99,99,99,99,99,99,99,99,99,99,99,2,0,19,58.73993260320276,18.534890143200755,98.94497506320477,7990.0
1777647841,20,,Aggregated,6.500000,0.000000,95,110,130,180,1100,1100,1100,1100,1100,1100,1100,41,0,95,201.829719817175,16.612268052995205,1083.7524209637195,10261.609756097561
1777647842,25,GET,/,4.666667,0.000000,31,60,100,100,110,110,110,110,110,110,110,37,0,60,204.32055195969707,21.414104150608182,1083.7524209637195,10503.81081081081
1777647842,25,POST,/cart,0.666667,0.000000,95,95,98,98,98,98,98,98,98,98,98,4,0,95,92.87798620061949,46.70729301869869,131.98673981241882,16455.0
1777647842,25,POST,/cart/checkout,0.000000,0.000000,140,140,140,140,140,140,140,140,140,140,140,2,0,91,117.49161942861974,90.70233698002994,144.28090187720954,6784.0
1777647842,25,GET,/product/0PUK6V6EV0,0.333333,0.000000,69,69,69,69,69,69,69,69,69,69,69,2,0,17,42.931523523293436,16.612268052995205,69.25077899359167,7955.0
1777647842,25,GET,/product/2ZYFJ3GM2N,0.333333,0.000000,94,94,94,94,94,94,94,94,94,94,94,1,0,93.60828716307878,93.60828716307878,93.60828716307878,93.60828716307878,7966.0
1777647842,25,GET,/product/66VCHSJNUP,0.000000,0.000000,0,0,0,0,0,0,0,0,0,0,0,1,0,96.25832992605865,96.25832992605865,96.25832992605865,96.25832992605865,7954.0
1777647842,25,GET,/product/9SIQT8TOJO,0.000000,0.000000,20,20,20,20,20,20,20,20,20,20,20,1,0,19.541373942047358,19.541373942047358,19.541373942047358,19.541373942047358,8000.0
1777647842,25,GET,/product/L9ECAV7KIM,0.666667,0.000000,18,18,18,18,18,18,18,18,18,18,18,2,0,18,56.47438345476985,17.850328935310245,95.09843797422945,7925.0
1777647842,25,GET,/product/OLJCESPC7Z,0.333333,0.000000,99,99,99,99,99,99,99,99,99,99,99,2,0,19,58.73993260320276,18.534890143200755,98.94497506320477,7990.0
1777647842,25,,Aggregated,7.000000,0.000000,88,100,110,130,180,1100,1100,1100,1100,1100,1100,52,0,69,167.15490916081202,16.612268052995205,1083.7524209637195,10378.634615384615
1777647843,30,GET,/,5.500000,0.000000,48,93,98,100,130,320,340,340,340,340,340,58,0,60,168.08804750025016,14.776238007470965,1083.7524209637195,10503.603448275862
1777647843,30,POST,/cart,0.750000,0.000000,95,98,98,200,200,200,200,200,200,200,200,6,0,95,108.09443712544937,46.70729301869869,200.79155010171235,16458.0
1777647843,30,POST,/cart/checkout,0.500000,0.000000,140,140,140,140,140,140,140,140,140,140,140,2,0,91,117.49161942861974,90.70233698002994,144.28090187720954,6784.0
1777647843,30,GET,/product/0PUK6V6EV0,0.500000,0.000000,69,69,69,69,69,69,69,69,69,69,69,2,0,17,42.931523523293436,16.612268052995205,69.25077899359167,7955.0
1777647843,30,GET,/product/2ZYFJ3GM2N,0.250000,0.000000,94,94,94,94,94,94,94,94,94,94,94,1,0,93.60828716307878,93.60828716307878,93.60828716307878,93.60828716307878,7966.0
1777647843,30,GET,/product/66VCHSJNUP,0.000000,0.000000,96,96,96,96,96,96,96,96,96,96,96,2,0,18,57.112576556392014,17.966823186725378,96.25832992605865,7948.0
1777647843,30,GET,/product/6E92ZMYYFZ,0.000000,0.000000,0,0,0,0,0,0,0,0,0,0,0,1,0,195.37068088538945,195.37068088538945,195.37068088538945,195.37068088538945,7905.0
1777647843,30,GET,/product/9SIQT8TOJO,0.250000,0.000000,20,20,20,20,20,20,20,20,20,20,20,1,0,19.541373942047358,19.541373942047358,19.541373942047358,19.541373942047358,8000.0
1777647843,30,GET,/product/L9ECAV7KIM,0.500000,0.000000,190,190,190,190,190,190,190,190,190,190,190,3,0,95,100.03268765285611,17.850328935310245,187.14929604902864,7928.666666666667
1777647843,30,GET,/product/OLJCESPC7Z,0.500000,0.000000,21,21,99,99,99,99,99,99,99,99,99,3,0,21,46.24412845199307,18.534890143200755,98.94497506320477,7988.333333333333
1777647843,30,,Aggregated,8.750000,0.000000,77,99,110,160,320,1100,1100,1100,1100,1100,1100,79,0,77,146.58348869732757,14.776238007470965,1083.7524209637195,10442.443037974683
1777647844,35,GET,/,6.400000,0.000000,35,60,97,100,110,320,330,340,340,340,340,69,0,45,144.7827894733274,14.776238007470965,1083.7524209637195,10505.449275362318
1777647844,35,POST,/cart,0.800000,0.000000,76,95,98,98,200,200,200,200,200,200,200,9,0,76,80.04996121033199,23.077131947502494,200.79155010171235,16449.666666666668
1777647844,35,POST,/cart/checkout,0.400000,0.000000,140,140,140,140,140,140,140,140,140,140,140,2,0,91,117.49161942861974,90.70233698002994,144.28090187720954,6784.0
1777647844,35,GET,/product/0PUK6V6EV0,0.400000,0.000000,69,69,69,69,69,69,69,69,69,69,69,2,0,17,42.931523523293436,16.612268052995205,69.25077899359167,7955.0
1777647844,35,GET,/product/2ZYFJ3GM2N,0.200000,0.000000,94,94,94,94,94,94,94,94,94,94,94,1,0,93.60828716307878,93.60828716307878,93.60828716307878,93.60828716307878,7966.0
1777647844,35,GET,/product/66VCHSJNUP,0.200000,0.000000,96,96,96,96,96,96,96,96,96,96,96,2,0,18,57.112576556392014,17.966823186725378,96.25832992605865,7948.0
1777647844,35,GET,/product/6E92ZMYYFZ,0.000000,0.000000,0,0,0,0,0,0,0,0,0,0,0,1,0,195.37068088538945,195.37068088538945,195.37068088538945,195.37068088538945,7905.0
1777647844,35,GET,/product/9SIQT8TOJO,0.200000,0.000000,20,20,20,20,20,20,20,20,20,20,20,1,0,19.541373942047358,19.541373942047358,19.541373942047358,19.541373942047358,8000.0
1777647844,35,GET,/product/L9ECAV7KIM,0.400000,0.000000,190,190,190,190,190,190,190,190,190,190,190,3,0,95,100.03268765285611,17.850328935310245,187.14929604902864,7928.666666666667
1777647844,35,GET,/product/OLJCESPC7Z,0.400000,0.000000,21,21,99,99,99,99,99,99,99,99,99,4,0,19,39.300498086959124,18.46960699185729,98.94497506320477,7977.5
1777647844,35,,Aggregated,9.400000,0.000000,48,96,100,130,200,1100,1100,1100,1100,1100,1100,94,0,48,126.71653149857562,14.776238007470965,1083.7524209637195,10615.574468085106
1777647845,40,GET,/,7.666667,0.000000,26,45,64,96,110,130,330,340,340,340,340,92,0,27,114.98995251325971,13.970225816592574,1083.7524209637195,10506.739130434782
1777647845,40,POST,/cart,0.666667,0.000000,25,76,95,95,98,200,200,200,200,200,200,12,0,25,65.77045782857265,22.250032052397728,200.79155010171235,16688.833333333332
1777647845,40,POST,/cart/checkout,0.333333,0.000000,140,140,140,140,140,140,140,140,140,140,140,2,0,91,117.49161942861974,90.70233698002994,144.28090187720954,6784.0
1777647845,40,GET,/product/0PUK6V6EV0,0.333333,0.000000,69,69,69,69,69,69,69,69,69,69,69,3,0,53,46.295879719158016,16.612268052995205,69.25077899359167,7954.0
1777647845,40,GET,/product/2ZYFJ3GM2N,0.166667,0.000000,94,94,94,94,94,94,94,94,94,94,94,2,0,18,55.611358606256545,17.614430049434304,93.60828716307878,7987.0
1777647845,40,GET,/product/66VCHSJNUP,0.166667,0.000000,96,96,96,96,96,96,96,96,96,96,96,2,0,18,57.112576556392014,17.966823186725378,96.25832992605865,7948.0
1777647845,40,GET,/product/6E92ZMYYFZ,0.000000,0.000000,200,200,200,200,200,200,200,200,200,200,200,1,0,195.37068088538945,195.37068088538945,195.37068088538945,195.37068088538945,7905.0
1777647845,40,GET,/product/9SIQT8TOJO,0.166667,0.000000,20,20,20,20,20,20,20,20,20,20,20,1,0,19.541373942047358,19.541373942047358,19.541373942047358,19.541373942047358,8000.0
1777647845,40,GET,/product/L9ECAV7KIM,0.333333,0.000000,190,190,190,190,190,190,190,190,190,190,190,3,0,95,100.03268765285611,17.850328935310245,187.14929604902864,7928.666666666667
1777647845,40,GET,/product/OLJCESPC7Z,0.500000,0.000000,21,21,99,99,99,99,99,99,99,99,99,4,0,19,39.300498086959124,18.46960699185729,98.94497506320477,7977.5
1777647845,40,,Aggregated,10.333333,0.000000,30,76,98,100,180,330,1100,1100,1100,1100,1100,122,0,28,103.605344128169,13.970225816592574,1083.7524209637195,10719.565573770491
1777647846,45,GET,/,9.285714,0.000000,26,44,60,71,100,110,320,330,340,340,340,115,0,27,99.09854567933665,13.970225816592574,1083.7524209637195,10508.286956521739
1777647846,45,POST,/cart,1.142857,0.000000,25,47,76,95,98,200,200,200,200,200,200,14,0,25,61.07183562458626,22.250032052397728,200.79155010171235,16756.5
1777647846,45,POST,/cart/checkout,0.285714,0.000000,140,140,140,140,140,140,140,140,140,140,140,2,0,91,117.49161942861974,90.70233698002994,144.28090187720954,6784.0
1777647846,45,GET,/product/0PUK6V6EV0,0.285714,0.000000,69,69,76,76,76,76,76,76,76,76,76,4,0,53,53.8376442855224,16.612268052995205,76.46293798461556,7953.5
1777647846,45,GET,/product/1YMWWN1N4O,0.000000,0.000000,0,0,0,0,0,0,0,0,0,0,0,1,0,60.188212897628546,60.188212897628546,60.188212897628546,60.188212897628546,7962.0
1777647846,45,GET,/product/2ZYFJ3GM2N,0.142857,0.000000,94,94,94,94,94,94,94,94,94,94,94,2,0,18,55.611358606256545,17.614430049434304,93.60828716307878,7987.0
1777647846,45,GET,/product/66VCHSJNUP,0.285714,0.000000,18,18,96,96,96,96,96,96,96,96,96,3,0,18,43.479119039451085,16.21220400556922,96.25832992605865,7983.666666666667
1777647846,45,GET,/product/6E92ZMYYFZ,0.142857,0.000000,200,200,200,200,200,200,200,200,200,200,200,2,0,16.07925002463162,105.72496545501053,16.07925002463162,195.37068088538945,7903.0
1777647846,45,GET,/product/9SIQT8TOJO,0.142857,0.000000,17,17,20,20,20,20,20,20,20,20,20,3,0,17,17.22023030743003,15.479336958378553,19.541373942047358,7984.0
1777647846,45,GET,/product/L9ECAV7KIM,0.428571,0.000000,190,190,190,190,190,190,190,190,190,190,190,3,0,95,100.03268765285611,17.850328935310245,187.14929604902864,7928.666666666667
1777647846,45,GET,/product/OLJCESPC7Z,0.571429,0.000000,19,21,21,99,99,99,99,99,99,99,99,5,0,19,34.95184127241373,17.55721401423216,98.94497506320477,7979.0
1777647846,45,,Aggregated,12.714286,0.000000,27,59,91,98,160,320,1100,1100,1100,1100,1100,154,0,27,89.23044445616036,13.970225816592574,1083.7524209637195,10647.74025974026
1777647847,50,GET,/,10.625000,0.000000,23,36,48,66,100,110,320,330,340,340,340,130,0,25,89.79546285879154,13.970225816592574,1083.7524209637195,10508.584615384616
1777647847,50,POST,/cart,1.375000,0.000000,24,43,76,95,98,200,200,200,200,200,200,16,0,24,56.162546476116404,20.612644031643867,200.79155010171235,16805.875
1777647847,50,POST,/cart/checkout,0.250000,0.000000,91,91,140,140,140,140,140,140,140,140,140,4,0,24,70.01839741133153,21.011324832215905,144.28090187720954,6803.0
1777647847,50,GET,/product/0PUK6V6EV0,0.375000,0.000000,69,69,76,76,76,76,76,76,76,76,76,4,0,53,53.8376442855224,16.612268052995205,76.46293798461556,7953.5
1777647847,50,GET,/product/1YMWWN1N4O,0.000000,0.000000,0,0,0,0,0,0,0,0,0,0,0,1,0,60.188212897628546,60.188212897628546,60.188212897628546,60.188212897628546,7962.0
1777647847,50,GET,/product/2ZYFJ3GM2N,0.250000,0.000000,94,94,94,94,94,94,94,94,94,94,94,2,0,18,55.611358606256545,17.614430049434304,93.60828716307878,7987.0
1777647847,50,GET,/product/66VCHSJNUP,0.250000,0.000000,18,18,96,96,96,96,96,96,96,96,96,3,0,18,43.479119039451085,16.21220400556922,96.25832992605865,7983.666666666667
1777647847,50,GET,/product/6E92ZMYYFZ,0.125000,0.000000,69,69,200,200,200,200,200,200,200,200,200,3,0,69,93.46334931130211,16.07925002463162,195.37068088538945,7903.666666666667
1777647847,50,GET,/product/9SIQT8TOJO,0.125000,0.000000,17,17,20,20,20,20,20,20,20,20,20,4,0,16,17.016039229929447,15.479336958378553,19.541373942047358,7975.5
1777647847,50,GET,/product/L9ECAV7KIM,0.375000,0.000000,68,68,190,190,190,190,190,190,190,190,190,5,0,68,86.9053979869932,17.850328935310245,187.14929604902864,7935.6
1777647847,50,GET,/product/OLJCESPC7Z,0.500000,0.000000,21,69,71,71,99,99,99,99,99,99,99,7,0,21,44.92547389652048,17.55721401423216,98.94497506320477,7976.142857142857
1777647847,50,,Aggregated,14.250000,0.000000,25,48,71,95,130,200,1100,1100,1100,1100,1100,179,0,25,80.81979263318942,13.970225816592574,1083.7524209637195,10575.68156424581
1777647848,55,GET,/,11.444444,0.000000,23,36,48,66,98,110,320,330,340,340,340,159,0,24,79.27903434138675,13.723953859880567,1083.7524209637195,10510.194968553458
1777647848,55,POST,/cart,1.444444,0.000000,24,47,64,76,98,200,200,200,200,200,200,18,0,24,54.763845594910286,20.612644031643867,200.79155010171235,16925.277777777777
1777647848,55,POST,/cart/checkout,0.222222,0.000000,24,91,91,140,140,140,140,140,140,140,140,5,0,24,60.611577751114964,21.011324832215905,144.28090187720954,6803.8
1777647848,55,GET,/product/0PUK6V6EV0,0.333333,0.000000,69,69,76,76,76,76,76,76,76,76,76,5,0,53,46.26207863911986,15.959816053509712,76.46293798461556,7949.6
1777647848,55,GET,/product/1YMWWN1N4O,0.000000,0.000000,60,60,60,60,60,60,60,60,60,60,60,1,0,60.188212897628546,60.188212897628546,60.188212897628546,60.188212897628546,7962.0
1777647848,55,GET,/product/2ZYFJ3GM2N,0.222222,0.000000,94,94,94,94,94,94,94,94,94,94,94,2,0,18,55.611358606256545,17.614430049434304,93.60828716307878,7987.0
1777647848,55,GET,/product/66VCHSJNUP,0.222222,0.000000,18,18,96,96,96,96,96,96,96,96,96,3,0,18,43.479119039451085,16.21220400556922,96.25832992605865,7983.666666666667
1777647848,55,GET,/product/6E92ZMYYFZ,0.222222,0.000000,69,69,200,200,200,200,200,200,200,200,200,3,0,69,93.46334931130211,16.07925002463162,195.37068088538945,7903.666666666667
1777647848,55,GET,/product/9SIQT8TOJO,0.333333,0.000000,16,17,17,20,20,20,20,20,20,20,20,5,0,16,16.493279999122024,14.40224307589233,19.541373942047358,7977.6
1777647848,55,GET,/product/L9ECAV7KIM,0.333333,0.000000,68,68,190,190,190,190,190,190,190,190,190,5,0,68,86.9053979869932,17.850328935310245,187.14929604902864,7935.6
1777647848,55,GET,/product/OLJCESPC7Z,0.555556,0.000000,58,69,71,71,99,99,99,99,99,99,99,8,0,21,46.547469013603404,17.55721401423216,98.94497506320477,7976.75
1777647848,55,,Aggregated,15.333333,0.000000,23,43,60,69,97,110,200,320,340,340,340,214,0,24,72.88362355206475,13.723953859880567,1083.7524209637195,10581.873831775702
1777647849,60,GET,/,12.200000,0.000000,22,35,48,55,88,100,160,330,340,340,340,181,0,23,73.8541669101655,13.723953859880567,1083.7524209637195,10509.817679558011
1777647849,60,POST,/cart,1.400000,0.000000,25,45,64,76,95,200,200,200,200,200,200,22,0,25,52.50705125614662,20.612644031643867,200.79155010171235,16904.909090909092
1777647849,60,POST,/cart/checkout,0.300000,0.000000,24,69,70,91,140,140,140,140,140,140,140,9,0,24,53.640572975079216,19.87267704680562,144.28090187720954,6806.666666666667
1777647849,60,GET,/product/0PUK6V6EV0,0.400000,0.000000,53,53,69,69,76,76,76,76,76,76,76,7,0,48,42.234732137460796,15.959816053509712,76.46293798461556,7948.857142857143
1777647849,60,GET,/product/1YMWWN1N4O,0.100000,0.000000,60,60,60,60,60,60,60,60,60,60,60,1,0,60.188212897628546,60.188212897628546,60.188212897628546,60.188212897628546,7962.0
1777647849,60,GET,/product/2ZYFJ3GM2N,0.200000,0.000000,94,94,94,94,94,94,94,94,94,94,94,2,0,18,55.611358606256545,17.614430049434304,93.60828716307878,7987.0
1777647849,60,GET,/product/66VCHSJNUP,0.300000,0.000000,18,18,96,96,96,96,96,96,96,96,96,4,0,16.008123056963086,36.61137004382908,16.008123056963086,96.25832992605865,7973.75
1777647849,60,GET,/product/6E92ZMYYFZ,0.300000,0.000000,97,98,98,200,200,200,200,200,200,200,200,5,0,97,95.1391865964979,16.07925002463162,195.37068088538945,7913.4
1777647849,60,GET,/product/9SIQT8TOJO,0.300000,0.000000,16,17,17,20,20,20,20,20,20,20,20,5,0,16,16.493279999122024,14.40224307589233,19.541373942047358,7977.6
1777647849,60,GET,/product/L9ECAV7KIM,0.500000,0.000000,66,68,68,190,190,190,190,190,190,190,190,6,0,66,74.96018063587447,15.234093880280852,187.14929604902864,7944.0
1777647849,60,GET,/product/OLJCESPC7Z,0.700000,0.000000,29,58,69,69,71,71,71,71,71,71,71,9,0,29,44.64564169757068,17.55721401423216,98.94497506320477,7977.666666666667
1777647849,60,,Aggregated,16.700000,0.000000,23,43,54,68,93,100,200,320,340,340,340,251,0,24,67.84365825685283,13.723953859880567,1083.7524209637195,10541.179282868527
1777647850,65,GET,/,14.400000,0.000000,23,43,54,68,89,120,160,330,340,340,340,211,0,25,72.17446133666517,13.723953859880567,1083.7524209637195,10511.654028436018
1777647850,65,POST,/cart,1.800000,0.000000,25,45,76,76,77,90,200,200,200,200,200,27,0,25,53.48145216703415,20.612644031643867,200.79155010171235,16821.222222222223
1777647850,65,POST,/cart/checkout,0.500000,0.000000,24,69,70,91,140,140,140,140,140,140,140,9,0,24,53.640572975079216,19.87267704680562,144.28090187720954,6806.666666666667
1777647850,65,GET,/product/0PUK6V6EV0,0.400000,0.000000,48,53,69,69,76,76,76,76,76,76,76,8,0,19,39.37821224099025,15.959816053509712,76.46293798461556,7949.0
1777647850,65,GET,/product/1YMWWN1N4O,0.100000,0.000000,60,60,60,60,60,60,60,60,60,60,60,1,0,60.188212897628546,60.188212897628546,60.188212897628546,60.188212897628546,7962.0
1777647850,65,GET,/product/2ZYFJ3GM2N,0.200000,0.000000,94,94,95,95,95,95,95,95,95,95,95,3,0,94,68.75802537736793,17.614430049434304,95.05135891959071,7983.333333333333
1777647850,65,GET,/product/66VCHSJNUP,0.300000,0.000000,81,81,94,94,96,96,96,96,96,96,96,6,0,18,53.68962472615143,16.008123056963086,96.25832992605865,7964.5
1777647850,65,GET,/product/6E92ZMYYFZ,0.300000,0.000000,97,98,98,200,200,200,200,200,200,200,200,5,0,97,95.1391865964979,16.07925002463162,195.37068088538945,7913.4
1777647850,65,GET,/product/9SIQT8TOJO,0.400000,0.000000,16,17,17,20,20,20,20,20,20,20,20,5,0,16,16.493279999122024,14.40224307589233,19.541373942047358,7977.6
1777647850,65,GET,/product/L9ECAV7KIM,0.500000,0.000000,66,66,68,68,190,190,190,190,190,190,190,7,0,66,71.30936539864966,15.234093880280852,187.14929604902864,7955.857142857143
1777647850,65,GET,/product/LS4PSXUNUM,0.000000,0.000000,0,0,0,0,0,0,0,0,0,0,0,1,0,14.383597997948527,14.383597997948527,14.383597997948527,14.383597997948527,7941.0
1777647850,65,GET,/product/OLJCESPC7Z,0.800000,0.000000,21,29,58,69,71,71,71,71,71,71,71,10,0,21,41.86780843883753,16.867309110239148,98.94497506320477,7976.2
1777647850,65,,Aggregated,19.700000,0.000000,24,46,60,69,93,120,190,320,340,340,340,293,0,25,66.72215363751373,13.723953859880567,1083.7524209637195,10578.607508532423
1777647851,70,GET,/,16.100000,0.000000,24,45,60,68,92,120,140,320,340,340,340,236,0,27,69.69924789352216,12.873630970716476,1083.7524209637195,10511.822033898305
1777647851,70,POST,/cart,2.000000,0.000000,25,64,76,76,86,90,200,200,200,200,200,33,0,43,54.43276413434157,18.31245212815702,200.79155010171235,16752.727272727272
1777647851,70,POST,/cart/checkout,0.800000,0.000000,61,69,70,91,140,140,140,140,140,140,140,10,0,24,54.406055179424584,19.87267704680562,144.28090187720954,6807.9
1777647851,70,GET,/product/0PUK6V6EV0,0.500000,0.000000,48,53,69,69,76,76,76,76,76,76,76,9,0,19,36.65617855990099,14.879909111186862,76.46293798461556,7957.444444444444
1777647851,70,GET,/product/1YMWWN1N4O,0.100000,0.000000,60,60,60,60,60,60,60,60,60,60,60,1,0,60.188212897628546,60.188212897628546,60.188212897628546,60.188212897628546,7962.0
1777647851,70,GET,/product/2ZYFJ3GM2N,0.100000,0.000000,95,95,95,95,95,95,95,95,95,95,95,3,0,94,68.75802537736793,17.614430049434304,95.05135891959071,7983.333333333333
1777647851,70,GET,/product/66VCHSJNUP,0.300000,0.000000,81,81,94,94,96,96,96,96,96,96,96,6,0,18,53.68962472615143,16.008123056963086,96.25832992605865,7964.5
1777647851,70,GET,/product/6E92ZMYYFZ,0.500000,0.000000,97,98,98,200,200,200,200,200,200,200,200,5,0,97,95.1391865964979,16.07925002463162,195.37068088538945,7913.4
1777647851,70,GET,/product/9SIQT8TOJO,0.500000,0.000000,17,17,20,20,28,28,28,28,28,28,28,6,0,16,18.388193643962342,14.40224307589233,27.862761868163943,7977.0
1777647851,70,GET,/product/L9ECAV7KIM,0.400000,0.000000,68,68,84,84,190,190,190,190,190,190,190,8,0,66,72.85377747029997,15.234093880280852,187.14929604902864,7956.125
1777647851,70,GET,/product/LS4PSXUNUM,0.000000,0.000000,0,0,0,0,0,0,0,0,0,0,0,1,0,14.383597997948527,14.383597997948527,14.383597997948527,14.383597997948527,7941.0
1777647851,70,GET,/product/OLJCESPC7Z,0.800000,0.000000,29,58,69,69,71,71,71,71,71,71,71,10,0,21,41.86780843883753,16.867309110239148,98.94497506320477,7976.2
1777647851,70,,Aggregated,22.100000,0.000000,24,48,64,70,90,110,190,320,340,340,340,328,0,27,64.96886253816916,12.873630970716476,1083.7524209637195,10645.75
1777647852,75,GET,/,18.000000,0.000000,23,44,58,63,78,110,140,320,340,340,340,273,0,26,64.86918287941906,12.475458905100822,1083.7524209637195,10513.996336996337
1777647852,75,POST,/cart,2.300000,0.000000,25,64,76,76,82,90,200,200,200,200,200,36,0,25,52.81145547956435,18.31245212815702,200.79155010171235,16808.027777777777
1777647852,75,POST,/cart/checkout,0.900000,0.000000,61,69,70,91,140,140,140,140,140,140,140,10,0,24,54.406055179424584,19.87267704680562,144.28090187720954,6807.9
1777647852,75,GET,/product/0PUK6V6EV0,0.700000,0.000000,48,53,76,76,92,92,92,92,92,92,92,10,0,19,42.19283629208803,14.879909111186862,92.02275588177145,7959.5
1777647852,75,GET,/product/1YMWWN1N4O,0.100000,0.000000,60,60,60,60,60,60,60,60,60,60,60,2,0,15,37.37296746112406,14.55772202461958,60.188212897628546,8020.5
1777647852,75,GET,/product/2ZYFJ3GM2N,0.200000,0.000000,95,95,95,95,95,95,95,95,95,95,95,3,0,94,68.75802537736793,17.614430049434304,95.05135891959071,7983.333333333333
1777647852,75,GET,/product/66VCHSJNUP,0.500000,0.000000,18,81,81,94,94,94,94,94,94,94,94,6,0,18,53.68962472615143,16.008123056963086,96.25832992605865,7964.5
1777647852,75,GET,/product/6E92ZMYYFZ,0.500000,0.000000,97,98,98,200,200,200,200,200,200,200,200,5,0,97,95.1391865964979,16.07925002463162,195.37068088538945,7913.4
1777647852,75,GET,/product/9SIQT8TOJO,0.500000,0.000000,17,20,28,28,91,91,91,91,91,91,91,7,0,17,28.772360113050258,14.40224307589233,91.07735892757773,7978.0
1777647852,75,GET,/product/L9ECAV7KIM,0.400000,0.000000,68,68,84,84,190,190,190,190,190,190,190,8,0,66,72.85377747029997,15.234093880280852,187.14929604902864,7956.125
1777647852,75,GET,/product/LS4PSXUNUM,0.000000,0.000000,14,14,14,14,14,14,14,14,14,14,14,1,0,14.383597997948527,14.383597997948527,14.383597997948527,14.383597997948527,7941.0
1777647852,75,GET,/product/OLJCESPC7Z,0.800000,0.000000,29,58,69,69,71,71,71,71,71,71,71,10,0,21,41.86780843883753,16.867309110239148,98.94497506320477,7976.2
1777647852,75,,Aggregated,24.900000,0.000000,24,47,62,69,84,98,160,200,340,340,340,371,0,27,61.651321707263264,12.475458905100822,1083.7524209637195,10667.458221024259
1777647853,80,GET,/,20.400000,0.000000,22,39,52,61,75,92,130,130,140,140,140,312,0,26,60.548482318737136,11.066306149587035,1083.7524209637195,10515.544871794871
1777647853,80,POST,/cart,2.500000,0.000000,25,63,69,76,82,86,90,90,90,90,90,37,0,26,52.087117578028824,18.31245212815702,200.79155010171235,16836.513513513513
1777647853,80,POST,/cart/checkout,0.700000,0.000000,23,24,61,61,69,70,70,70,70,70,70,14,0,23,46.096211415715516,19.87267704680562,144.28090187720954,6807.071428571428
1777647853,80,GET,/product/0PUK6V6EV0,0.600000,0.000000,48,53,76,76,92,92,92,92,92,92,92,10,0,19,42.19283629208803,14.879909111186862,92.02275588177145,7959.5
1777647853,80,GET,/product/1YMWWN1N4O,0.100000,0.000000,60,60,60,60,60,60,60,60,60,60,60,2,0,15,37.37296746112406,14.55772202461958,60.188212897628546,8020.5
1777647853,80,GET,/product/2ZYFJ3GM2N,0.200000,0.000000,95,95,95,95,95,95,95,95,95,95,95,3,0,94,68.75802537736793,17.614430049434304,95.05135891959071,7983.333333333333
1777647853,80,GET,/product/66VCHSJNUP,0.600000,0.000000,53,53,81,81,94,94,94,94,94,94,94,7,0,53,53.5861603316984,16.008123056963086,96.25832992605865,7964.428571428572
1777647853,80,GET,/product/6E92ZMYYFZ,0.500000,0.000000,97,98,98,200,200,200,200,200,200,200,200,5,0,97,95.1391865964979,16.07925002463162,195.37068088538945,7913.4
1777647853,80,GET,/product/9SIQT8TOJO,0.400000,0.000000,17,17,28,28,91,91,91,91,91,91,91,7,0,17,28.772360113050258,14.40224307589233,91.07735892757773,7978.0
1777647853,80,GET,/product/L9ECAV7KIM,0.600000,0.000000,49,66,68,84,190,190,190,190,190,190,190,11,0,49,61.13916269334202,15.234093880280852,187.14929604902864,7969.909090909091
1777647853,80,GET,/product/LS4PSXUNUM,0.100000,0.000000,14,14,14,14,14,14,14,14,14,14,14,2,0,14.319544890895486,14.351571444422007,14.319544890895486,14.383597997948527,7988.5
1777647853,80,GET,/product/OLJCESPC7Z,0.800000,0.000000,29,58,69,69,71,71,71,71,71,71,71,10,0,21,41.86780843883753,16.867309110239148,98.94497506320477,7976.2
1777647853,80,,Aggregated,27.500000,0.000000,23,43,59,64,78,92,110,130,140,140,140,420,0,26,57.949435144352414,11.066306149587035,1083.7524209637195,10602.995238095238
1777647854,85,GET,/,22.500000,0.000000,23,44,61,66,88,110,130,130,140,140,140,356,0,26,59.862940784104254,9.263879852369428,1083.7524209637195,10516.0
1777647854,85,POST,/cart,2.900000,0.000000,52,66,76,76,86,92,100,100,100,100,100,45,0,47,54.47627945492665,18.31245212815702,200.79155010171235,16765.82222222222
1777647854,85,POST,/cart/checkout,0.800000,0.000000,23,24,61,61,69,70,70,70,70,70,70,14,0,23,46.096211415715516,19.87267704680562,144.28090187720954,6807.071428571428
1777647854,85,GET,/product/0PUK6V6EV0,0.800000,0.000000,48,53,76,76,92,92,92,92,92,92,92,10,0,19,42.19283629208803,14.879909111186862,92.02275588177145,7959.5
1777647854,85,GET,/product/1YMWWN1N4O,0.100000,0.000000,60,60,60,60,60,60,60,60,60,60,60,2,0,15,37.37296746112406,14.55772202461958,60.188212897628546,8020.5
1777647854,85,GET,/product/2ZYFJ3GM2N,0.200000,0.000000,50,89,89,95,95,95,95,95,95,95,95,6,0,50,60.29196068023642,15.95242484472692,95.05135891959071,7979.0
1777647854,85,GET,/product/66VCHSJNUP,0.500000,0.000000,53,53,81,81,94,94,94,94,94,94,94,8,0,22,49.679643532726914,16.008123056963086,96.25832992605865,7970.5
1777647854,85,GET,/product/6E92ZMYYFZ,0.500000,0.000000,69,97,97,98,98,98,98,98,98,98,98,6,0,69,81.40269403035443,12.720231199637055,195.37068088538945,7917.666666666667
1777647854,85,GET,/product/9SIQT8TOJO,0.600000,0.000000,17,17,28,28,91,91,91,91,91,91,91,7,0,17,28.772360113050258,14.40224307589233,91.07735892757773,7978.0
1777647854,85,GET,/product/L9ECAV7KIM,0.600000,0.000000,49,66,68,68,84,84,84,84,84,84,84,11,0,49,61.13916269334202,15.234093880280852,187.14929604902864,7969.909090909091
1777647854,85,GET,/product/LS4PSXUNUM,0.100000,0.000000,14,14,14,14,14,14,14,14,14,14,14,2,0,14.319544890895486,14.351571444422007,14.319544890895486,14.383597997948527,7988.5
1777647854,85,GET,/product/OLJCESPC7Z,0.800000,0.000000,58,60,69,69,71,71,71,71,71,71,71,11,0,29,43.536658843301915,16.867309110239148,98.94497506320477,7978.272727272727
1777647854,85,,Aggregated,30.400000,0.000000,24,49,64,69,89,100,120,130,140,140,140,478,0,26,57.602111986160246,9.263879852369428,1083.7524209637195,10660.020920502093
1777647855,90,GET,/,24.700000,0.000000,24,45,61,66,85,110,130,130,140,140,140,398,0,26,57.372177725812264,9.263879852369428,1083.7524209637195,10517.78391959799
1777647855,90,POST,/cart,3.200000,0.000000,59,66,76,76,86,92,100,100,100,100,100,49,0,52,54.29483127628206,18.31245212815702,200.79155010171235,16768.61224489796
1777647855,90,POST,/cart/checkout,0.900000,0.000000,23,24,61,61,69,70,70,70,70,70,70,14,0,23,46.096211415715516,19.87267704680562,144.28090187720954,6807.071428571428
1777647855,90,GET,/product/0PUK6V6EV0,0.800000,0.000000,19,48,76,76,92,92,92,92,92,92,92,11,0,19,39.63528336449103,14.059754088521004,92.02275588177145,7957.181818181818
1777647855,90,GET,/product/1YMWWN1N4O,0.200000,0.000000,60,60,60,60,60,60,60,60,60,60,60,2,0,15,37.37296746112406,14.55772202461958,60.188212897628546,8020.5
1777647855,90,GET,/product/2ZYFJ3GM2N,0.200000,0.000000,50,89,89,95,95,95,95,95,95,95,95,6,0,50,60.29196068023642,15.95242484472692,95.05135891959071,7979.0
1777647855,90,GET,/product/66VCHSJNUP,0.600000,0.000000,53,53,81,81,94,94,94,94,94,94,94,8,0,22,49.679643532726914,16.008123056963086,96.25832992605865,7970.5
1777647855,90,GET,/product/6E92ZMYYFZ,0.500000,0.000000,97,97,98,98,98,98,98,98,98,98,98,6,0,69,81.40269403035443,12.720231199637055,195.37068088538945,7917.666666666667
1777647855,90,GET,/product/9SIQT8TOJO,0.600000,0.000000,16,17,28,28,91,91,91,91,91,91,91,8,0,16,27.088943228591233,14.40224307589233,91.07735892757773,7976.25
1777647855,90,GET,/product/L9ECAV7KIM,0.700000,0.000000,47,49,66,68,84,84,84,84,84,84,84,12,0,47,57.339276963224016,15.234093880280852,187.14929604902864,7968.416666666667
1777647855,90,GET,/product/LS4PSXUNUM,0.100000,0.000000,14,14,14,14,14,14,14,14,14,14,14,2,0,14.319544890895486,14.351571444422007,14.319544890895486,14.383597997948527,7988.5
1777647855,90,GET,/product/OLJCESPC7Z,0.700000,0.000000,58,60,69,69,71,71,71,71,71,71,71,13,0,35,42.66900886208392,16.867309110239148,98.94497506320477,7990.2307692307695
1777647855,90,,Aggregated,33.200000,0.000000,26,52,64,68,86,98,120,130,140,140,140,529,0,27,55.55093134815025,9.263879852369428,1083.7524209637195,10671.141776937618
1777647856,95,GET,/,26.700000,0.000000,29,54,64,68,90,100,130,130,140,140,140,444,0,27,56.7210841963806,9.263879852369428,1083.7524209637195,10518.844594594595
1777647856,95,POST,/cart,3.400000,0.000000,61,74,77,83,93,100,110,110,110,110,110,54,0,56,56.65272191873993,18.31245212815702,200.79155010171235,16818.444444444445
1777647856,95,POST,/cart/checkout,1.200000,0.000000,23,39,69,69,70,87,87,87,87,87,87,15,0,24,48.82886451669037,19.87267704680562,144.28090187720954,6806.533333333334
1777647856,95,GET,/product/0PUK6V6EV0,0.800000,0.000000,19,48,76,76,92,92,92,92,92,92,92,11,0,19,39.63528336449103,14.059754088521004,92.02275588177145,7957.181818181818
1777647856,95,GET,/product/1YMWWN1N4O,0.200000,0.000000,60,60,60,60,60,60,60,60,60,60,60,2,0,15,37.37296746112406,14.55772202461958,60.188212897628546,8020.5
1777647856,95,GET,/product/2ZYFJ3GM2N,0.500000,0.000000,89,89,95,95,95,95,95,95,95,95,95,6,0,50,60.29196068023642,15.95242484472692,95.05135891959071,7979.0
1777647856,95,GET,/product/66VCHSJNUP,0.500000,0.000000,46,53,81,81,94,94,94,94,94,94,94,9,0,46,49.30662935496204,16.008123056963086,96.25832992605865,7979.222222222223
1777647856,95,GET,/product/6E92ZMYYFZ,0.400000,0.000000,97,97,98,98,98,98,98,98,98,98,98,6,0,69,81.40269403035443,12.720231199637055,195.37068088538945,7917.666666666667
1777647856,95,GET,/product/9SIQT8TOJO,0.600000,0.000000,28,28,30,30,91,91,91,91,91,91,91,9,0,17,27.455795866747696,14.40224307589233,91.07735892757773,7988.111111111111
1777647856,95,GET,/product/L9ECAV7KIM,0.800000,0.000000,47,49,66,68,84,84,84,84,84,84,84,12,0,47,57.339276963224016,15.234093880280852,187.14929604902864,7968.416666666667
1777647856,95,GET,/product/LS4PSXUNUM,0.200000,0.000000,14,14,14,14,14,14,14,14,14,14,14,2,0,14.319544890895486,14.351571444422007,14.319544890895486,14.383597997948527,7988.5
1777647856,95,GET,/product/OLJCESPC7Z,0.600000,0.000000,41,41,58,58,60,60,60,60,60,60,60,13,0,35,42.66900886208392,16.867309110239148,98.94497506320477,7990.2307692307695
1777647856,95,,Aggregated,35.900000,0.000000,30,56,64,71,91,99,120,130,140,140,140,583,0,29,55.40150381372299,9.263879852369428,1083.7524209637195,10701.180102915952
1777647857,100,GET,/,29.300000,0.000000,32,54,62,67,91,100,130,130,140,140,140,485,0,29,55.50820811257995,9.263879852369428,1083.7524209637195,10519.552577319588
1777647857,100,POST,/cart,3.600000,0.000000,61,76,82,83,93,100,110,110,110,110,110,58,0,53,55.84110020146031,18.31245212815702,200.79155010171235,16793.068965517243
1777647857,100,POST,/cart/checkout,1.200000,0.000000,32,43,61,69,70,87,87,87,87,87,87,18,0,24,45.9122573180745,18.98576901294291,144.28090187720954,6807.944444444444
1777647857,100,GET,/product/0PUK6V6EV0,0.700000,0.000000,17,19,48,48,92,92,92,92,92,92,92,11,0,19,39.63528336449103,14.059754088521004,92.02275588177145,7957.181818181818
1777647857,100,GET,/product/1YMWWN1N4O,0.200000,0.000000,60,60,63,63,63,63,63,63,63,63,63,3,0,60,45.85693357512355,14.55772202461958,62.82486580312252,8001.0
1777647857,100,GET,/product/2ZYFJ3GM2N,0.400000,0.000000,89,89,95,95,95,95,95,95,95,95,95,6,0,50,60.29196068023642,15.95242484472692,95.05135891959071,7979.0
1777647857,100,GET,/product/66VCHSJNUP,0.600000,0.000000,53,53,81,81,94,94,94,94,94,94,94,10,0,46,49.67463151551783,16.008123056963086,96.25832992605865,7975.5
1777647857,100,GET,/product/6E92ZMYYFZ,0.500000,0.000000,98,98,110,110,110,110,110,110,110,110,110,7,0,97,84.79688502848148,12.720231199637055,195.37068088538945,7932.857142857143
1777647857,100,GET,/product/9SIQT8TOJO,0.600000,0.000000,28,28,30,30,91,91,91,91,91,91,91,10,0,16,26.200584694743156,14.40224307589233,91.07735892757773,7987.9
1777647857,100,GET,/product/L9ECAV7KIM,0.800000,0.000000,26,47,49,49,84,84,84,84,84,84,84,12,0,47,57.339276963224016,15.234093880280852,187.14929604902864,7968.416666666667
1777647857,100,GET,/product/LS4PSXUNUM,0.200000,0.000000,14,14,14,14,14,14,14,14,14,14,14,2,0,14.319544890895486,14.351571444422007,14.319544890895486,14.383597997948527,7988.5
1777647857,100,GET,/product/OLJCESPC7Z,0.700000,0.000000,29,35,41,41,60,60,60,60,60,60,60,15,0,29,38.76352134781579,12.697332073003054,98.94497506320477,7996.0
1777647857,100,,Aggregated,38.800000,0.000000,33,55,64,73,91,100,120,130,140,140,140,637,0,30,54.274024652738234,9.263879852369428,1083.7524209637195,10682.310832025118
1777647858,105,GET,/,31.300000,0.000000,41,61,78,85,120,230,280,290,340,340,340,521,0,34,66.00447282804652,9.263879852369428,1083.7524209637195,10520.353166986564
1777647858,105,POST,/cart,3.800000,0.000000,63,76,83,86,94,110,200,200,200,200,200,60,0,56,58.45299462477366,18.31245212815702,201.3433389365673,16781.166666666668
1777647858,105,POST,/cart/checkout,1.200000,0.000000,39,43,87,87,140,160,160,160,160,160,160,20,0,32,56.25909159425646,18.98576901294291,156.59965900704265,6805.15
1777647858,105,GET,/product/0PUK6V6EV0,0.800000,0.000000,19,48,92,92,96,96,96,96,96,96,96,12,0,19,44.359557408218585,14.059754088521004,96.32657188922167,7956.583333333333
1777647858,105,GET,/product/1YMWWN1N4O,0.200000,0.000000,63,63,97,97,97,97,97,97,97,97,97,4,0,60,58.560258185025305,14.55772202461958,96.67023201473057,8018.0
1777647858,105,GET,/product/2ZYFJ3GM2N,0.400000,0.000000,89,89,95,95,95,95,95,95,95,95,95,6,0,50,60.29196068023642,15.95242484472692,95.05135891959071,7979.0
1777647858,105,GET,/product/66VCHSJNUP,0.600000,0.000000,53,53,81,81,94,94,94,94,94,94,94,10,0,46,49.67463151551783,16.008123056963086,96.25832992605865,7975.5
1777647858,105,GET,/product/6E92ZMYYFZ,0.400000,0.000000,98,98,110,110,110,110,110,110,110,110,110,7,0,97,84.79688502848148,12.720231199637055,195.37068088538945,7932.857142857143
1777647858,105,GET,/product/9SIQT8TOJO,0.500000,0.000000,28,30,39,39,91,91,91,91,91,91,91,11,0,17,27.380372524600137,14.40224307589233,91.07735892757773,7986.636363636364
1777647858,105,GET,/product/L9ECAV7KIM,0.900000,0.000000,47,49,84,84,89,89,89,89,89,89,89,13,0,49,59.7585745048351,15.234093880280852,187.14929604902864,7966.076923076923
1777647858,105,GET,/product/LS4PSXUNUM,0.200000,0.000000,14,14,14,14,14,14,14,14,14,14,14,2,0,14.319544890895486,14.351571444422007,14.319544890895486,14.383597997948527,7988.5
1777647858,105,GET,/product/OLJCESPC7Z,0.800000,0.000000,29,35,41,41,60,60,60,60,60,60,60,15,0,29,38.76352134781579,12.697332073003054,98.94497506320477,7996.0
1777647858,105,,Aggregated,41.100000,0.000000,41,62,78,86,110,220,280,290,340,340,340,681,0,35,63.036013771362725,9.263879852369428,1083.7524209637195,10663.900146842878
1777647859,110,GET,/,33.400000,0.000000,51,72,91,110,250,400,690,760,840,840,840,567,0,40,90.71971426883835,9.263879852369428,1083.7524209637195,10521.132275132275
1777647859,110,POST,/cart,4.100000,0.000000,67,83,90,93,200,380,530,530,530,530,530,64,0,59,74.27514693335979,18.31245212815702,531.2421871349216,16781.65625
1777647859,110,POST,/cart/checkout,1.300000,0.000000,43,61,71,87,140,160,160,160,160,160,160,23,0,43,57.43319520969754,18.98576901294291,156.59965900704265,6804.695652173913
1777647859,110,GET,/product/0PUK6V6EV0,0.700000,0.000000,48,92,96,96,150,150,150,150,150,150,150,13,0,48,52.839827150679554,14.059754088521004,154.60306406021118,7955.461538461538
1777647859,110,GET,/product/1YMWWN1N4O,0.100000,0.000000,97,97,130,130,140,140,140,140,140,140,140,7,0,63,78.54497981523829,14.55772202461958,138.7843880802393,8012.142857142857
1777647859,110,GET,/product/2ZYFJ3GM2N,0.400000,0.000000,89,95,98,98,140,140,140,140,140,140,140,9,0,89,73.715750567822,15.95242484472692,138.11534899286926,7980.444444444444
1777647859,110,GET,/product/66VCHSJNUP,0.600000,0.000000,53,53,53,81,81,81,81,81,81,81,81,10,0,46,49.67463151551783,16.008123056963086,96.25832992605865,7975.5
1777647859,110,GET,/product/6E92ZMYYFZ,0.400000,0.000000,98,98,110,110,110,110,110,110,110,110,110,7,0,97,84.79688502848148,12.720231199637055,195.37068088538945,7932.857142857143
1777647859,110,GET,/product/9SIQT8TOJO,0.600000,0.000000,91,96,150,150,590,590,590,590,590,590,590,15,0,28,86.2725003156811,14.40224307589233,594.8572841007262,7998.6
1777647859,110,GET,/product/L9ECAV7KIM,0.700000,0.000000,49,84,89,89,140,140,140,140,140,140,140,14,0,49,65.20783254278025,15.234093880280852,187.14929604902864,7963.785714285715
1777647859,110,GET,/product/LS4PSXUNUM,0.200000,0.000000,14,14,130,130,130,130,130,130,130,130,130,3,0,14.319544890895486,54.35657532264789,14.319544890895486,134.36658307909966,8003.0
1777647859,110,GET,/product/OLJCESPC7Z,0.800000,0.000000,41,45,60,150,690,690,690,690,690,690,690,18,0,35,81.92855774218009,12.697332073003054,694.3791250232607,7993.611111111111
1777647859,110,,Aggregated,43.300000,0.000000,53,75,92,100,230,380,680,760,840,840,840,750,0,43,85.79724091570824,9.263879852369428,1083.7524209637195,10615.996
1777647860,115,GET,/,35.000000,0.000000,54,79,95,110,250,390,690,760,840,840,840,608,0,42,89.44388918500503,9.263879852369428,1083.7524209637195,10521.981907894737
1777647860,115,POST,/cart,4.100000,0.000000,74,86,94,110,140,250,530,530,530,530,530,70,0,63,76.3997196253123,18.31245212815702,531.2421871349216,16814.4
1777647860,115,POST,/cart/checkout,1.500000,0.000000,39,61,71,87,140,160,160,160,160,160,160,29,0,38,52.8413149897523,16.733490861952305,156.59965900704265,6805.689655172414
1777647860,115,GET,/product/0PUK6V6EV0,0.700000,0.000000,92,96,96,150,150,150,150,150,150,150,150,13,0,48,52.839827150679554,14.059754088521004,154.60306406021118,7955.461538461538
1777647860,115,GET,/product/1YMWWN1N4O,0.300000,0.000000,63,97,130,130,140,140,140,140,140,140,140,9,0,60,71.60711184971862,14.55772202461958,138.7843880802393,8019.666666666667
1777647860,115,GET,/product/2ZYFJ3GM2N,0.400000,0.000000,67,89,95,98,140,140,140,140,140,140,140,12,0,65,65.97084691748023,14.25016694702208,138.11534899286926,7983.75
1777647860,115,GET,/product/66VCHSJNUP,0.700000,0.000000,53,53,53,81,81,81,81,81,81,81,81,10,0,46,49.67463151551783,16.008123056963086,96.25832992605865,7975.5
1777647860,115,GET,/product/6E92ZMYYFZ,0.400000,0.000000,98,98,110,110,110,110,110,110,110,110,110,7,0,97,84.79688502848148,12.720231199637055,195.37068088538945,7932.857142857143
1777647860,115,GET,/product/9SIQT8TOJO,0.600000,0.000000,91,93,150,150,150,590,590,590,590,590,590,17,0,28,83.10971773393891,14.40224307589233,594.8572841007262,8000.117647058823
1777647860,115,GET,/product/L9ECAV7KIM,0.800000,0.000000,47,49,84,89,140,140,140,140,140,140,140,15,0,49,63.54299710753063,15.234093880280852,187.14929604902864,7962.466666666666
1777647860,115,GET,/product/LS4PSXUNUM,0.200000,0.000000,14,14,130,130,130,130,130,130,130,130,130,3,0,14.319544890895486,54.35657532264789,14.319544890895486,134.36658307909966,8003.0
1777647860,115,GET,/product/OLJCESPC7Z,0.700000,0.000000,41,45,60,150,690,690,690,690,690,690,690,18,0,35,81.92855774218009,12.697332073003054,694.3791250232607,7993.611111111111
1777647860,115,,Aggregated,45.400000,0.000000,54,80,94,110,230,360,680,730,840,840,840,811,0,45,84.4382410472817,9.263879852369428,1083.7524209637195,10606.361282367448
1777647861,120,GET,/,35.100000,0.000000,54,79,97,110,250,400,690,760,840,840,840,629,0,41,87.640741594959,9.263879852369428,1083.7524209637195,10521.922098569157
1777647861,120,POST,/cart,3.900000,0.000000,66,83,94,110,140,250,530,530,530,530,530,76,0,59,73.00849143709792,18.31245212815702,531.2421871349216,16824.0
1777647861,120,POST,/cart/checkout,1.200000,0.000000,39,56,71,87,140,160,160,160,160,160,160,30,0,38,52.92084089014679,16.733490861952305,156.59965900704265,6806.466666666666
1777647861,120,GET,/product/0PUK6V6EV0,0.700000,0.000000,92,96,96,150,150,150,150,150,150,150,150,13,0,48,52.839827150679554,14.059754088521004,154.60306406021118,7955.461538461538
1777647861,120,GET,/product/1YMWWN1N4O,0.300000,0.000000,63,97,130,130,140,140,140,140,140,140,140,9,0,60,71.60711184971862,14.55772202461958,138.7843880802393,8019.666666666667
1777647861,120,GET,/product/2ZYFJ3GM2N,0.400000,0.000000,65,67,89,98,140,140,140,140,140,140,140,12,0,65,65.97084691748023,14.25016694702208,138.11534899286926,7983.75
1777647861,120,GET,/product/66VCHSJNUP,0.700000,0.000000,46,53,53,53,53,53,53,53,53,53,53,11,0,46,46.30504800430076,12.609212892130017,96.25832992605865,7978.909090909091
1777647861,120,GET,/product/6E92ZMYYFZ,0.200000,0.000000,78,78,110,110,110,110,110,110,110,110,110,8,0,78,83.9970956731122,12.720231199637055,195.37068088538945,7928.125
1777647861,120,GET,/product/9SIQT8TOJO,0.600000,0.000000,74,93,96,150,150,590,590,590,590,590,590,19,0,30,81.6466809176889,14.40224307589233,594.8572841007262,7997.578947368421
1777647861,120,GET,/product/L9ECAV7KIM,0.800000,0.000000,40,47,89,89,140,140,140,140,140,140,140,16,0,47,60.23107773216907,10.552287101745605,187.14929604902864,7959.1875
1777647861,120,GET,/product/LS4PSXUNUM,0.200000,0.000000,14,14,130,130,130,130,130,130,130,130,130,3,0,14.319544890895486,54.35657532264789,14.319544890895486,134.36658307909966,8003.0
1777647861,120,GET,/product/OLJCESPC7Z,0.600000,0.000000,41,45,60,150,690,690,690,690,690,690,690,18,0,35,81.92855774218009,12.697332073003054,694.3791250232607,7993.611111111111
1777647861,120,,Aggregated,44.700000,0.000000,54,79,95,110,230,370,680,760,840,840,840,844,0,44,82.60595876976221,9.263879852369428,1083.7524209637195,10629.02606635071
1777647862,125,GET,/,39.300000,0.000000,63,91,120,190,390,720,980,1200,1400,1400,1400,646,0,43,109.63691599434962,9.263879852369428,1383.3183380775154,10522.421052631578
1777647862,125,POST,/cart,4.300000,0.000000,83,110,200,250,530,880,1000,1000,1000,1000,1000,84,0,66,120.08774703800944,18.31245212815702,1002.6395618915558,16907.369047619046
1777647862,125,POST,/cart/checkout,1.600000,0.000000,56,91,160,780,970,980,1000,1000,1000,1000,1000,36,0,55,184.133130507285,16.733490861952305,1017.4640929326415,6807.222222222223
1777647862,125,GET,/product/0PUK6V6EV0,0.500000,0.000000,92,96,96,150,150,150,150,150,150,150,150,13,0,48,52.839827150679554,14.059754088521004,154.60306406021118,7955.461538461538
1777647862,125,GET,/product/1YMWWN1N4O,0.700000,0.000000,63,97,130,130,140,140,140,140,140,140,140,9,0,60,71.60711184971862,14.55772202461958,138.7843880802393,8019.666666666667
1777647862,125,GET,/product/2ZYFJ3GM2N,0.700000,0.000000,65,67,89,98,140,140,140,140,140,140,140,12,0,65,65.97084691748023,14.25016694702208,138.11534899286926,7983.75
1777647862,125,GET,/product/66VCHSJNUP,0.500000,0.000000,46,53,53,53,53,53,53,53,53,53,53,11,0,46,46.30504800430076,12.609212892130017,96.25832992605865,7978.909090909091
1777647862,125,GET,/product/6E92ZMYYFZ,0.200000,0.000000,78,78,110,110,110,110,110,110,110,110,110,8,0,78,83.9970956731122,12.720231199637055,195.37068088538945,7928.125
1777647862,125,GET,/product/9SIQT8TOJO,1.000000,0.000000,74,93,96,150,150,590,590,590,590,590,590,19,0,30,81.6466809176889,14.40224307589233,594.8572841007262,7997.578947368421
1777647862,125,GET,/product/L9ECAV7KIM,0.800000,0.000000,40,47,89,89,140,140,140,140,140,140,140,16,0,47,60.23107773216907,10.552287101745605,187.14929604902864,7959.1875
1777647862,125,GET,/product/LS4PSXUNUM,0.300000,0.000000,130,130,130,130,130,130,130,130,130,130,130,3,0,14.319544890895486,54.35657532264789,14.319544890895486,134.36658307909966,8003.0
1777647862,125,GET,/product/OLJCESPC7Z,0.900000,0.000000,45,60,150,150,690,690,690,690,690,690,690,18,0,35,81.92855774218009,12.697332073003054,694.3791250232607,7993.611111111111
1777647862,125,,Aggregated,50.800000,0.000000,64,92,120,150,390,730,980,1100,1400,1400,1400,875,0,47,108.56999239352133,9.263879852369428,1383.3183380775154,10665.776
1777647863,130,GET,/,39.900000,0.000000,88,230,390,560,760,1100,1300,1400,1500,1500,1500,732,0,54,173.66352744618064,9.263879852369428,1542.5426349975169,10523.438524590163
1777647863,130,POST,/cart,4.600000,0.000000,94,160,210,270,530,880,1000,1000,1000,1000,1000,92,0,73,123.73586295111834,18.31245212815702,1002.6395618915558,16898.0
1777647863,130,POST,/cart/checkout,2.100000,0.000000,69,140,160,480,970,980,1000,1000,1000,1000,1000,37,0,56,183.22674895485713,16.733490861952305,1017.4640929326415,6806.72972972973
1777647863,130,GET,/product/0PUK6V6EV0,0.500000,0.000000,150,150,150,150,150,150,150,150,150,150,150,14,0,48,59.94863934548838,14.059754088521004,154.60306406021118,7956.642857142857
1777647863,130,GET,/product/1YMWWN1N4O,0.800000,0.000000,49,63,97,130,140,140,140,140,140,140,140,10,0,49,65.77491136267781,13.285106979310513,138.7843880802393,8015.3
1777647863,130,GET,/product/2ZYFJ3GM2N,0.900000,0.000000,98,100,140,150,220,260,260,260,260,260,260,17,0,94,95.67631171632777,14.25016694702208,259.79266315698624,7996.941176470588
1777647863,130,GET,/product/66VCHSJNUP,0.500000,0.000000,53,53,140,140,300,300,300,300,300,300,300,13,0,53,72.54704508858805,12.609212892130017,296.8735310714692,7971.538461538462
1777647863,130,GET,/product/6E92ZMYYFZ,0.300000,0.000000,110,110,250,250,250,250,250,250,250,250,250,9,0,97,102.7788512615694,12.720231199637055,253.03289596922696,7928.444444444444
1777647863,130,GET,/product/9SIQT8TOJO,1.300000,0.000000,74,93,150,150,150,590,590,590,590,590,590,19,0,30,81.6466809176889,14.40224307589233,594.8572841007262,7997.578947368421
1777647863,130,GET,/product/L9ECAV7KIM,0.700000,0.000000,40,47,89,89,140,140,140,140,140,140,140,16,0,47,60.23107773216907,10.552287101745605,187.14929604902864,7959.1875
1777647863,130,GET,/product/LS4PSXUNUM,0.200000,0.000000,160,160,220,220,220,220,220,220,220,220,220,7,0,130,112.17837012372911,14.319544890895486,222.40997501648962,7972.142857142857
1777647863,130,GET,/product/OLJCESPC7Z,0.800000,0.000000,60,150,200,200,220,690,690,690,690,690,690,21,0,45,95.50177302610662,12.697332073003054,694.3791250232607,7990.190476190476
1777647863,130,,Aggregated,52.600000,0.000000,88,160,290,410,720,980,1300,1400,1500,1500,1500,987,0,57,157.63141824736468,9.263879852369428,1542.5426349975169,10653.497467071935
1777647864,135,GET,/,37.200000,0.000000,88,230,400,560,760,1100,1300,1400,1500,1500,1500,774,0,54,166.84005129631146,9.263879852369428,1542.5426349975169,10524.29715762274
1777647864,135,POST,/cart,4.300000,0.000000,94,160,210,270,530,880,1000,1000,1000,1000,1000,96,0,69,120.11383025431617,18.31245212815702,1002.6395618915558,16938.75
1777647864,135,POST,/cart/checkout,2.000000,0.000000,69,140,160,780,970,980,1000,1000,1000,1000,1000,39,0,56,176.54621934231656,16.733490861952305,1017.4640929326415,6806.846153846154
1777647864,135,GET,/product/0PUK6V6EV0,0.300000,0.000000,96,96,150,150,150,150,150,150,150,150,150,16,0,25,55.4319410584867,14.059754088521004,154.60306406021118,7956.6875
1777647864,135,GET,/product/1YMWWN1N4O,0.800000,0.000000,49,63,97,130,140,140,140,140,140,140,140,11,0,49,61.131927777420394,13.285106979310513,138.7843880802393,8012.272727272727
1777647864,135,GET,/product/2ZYFJ3GM2N,0.900000,0.000000,89,100,140,150,220,260,260,260,260,260,260,18,0,89,91.20181080005649,14.25016694702208,259.79266315698624,7996.333333333333
1777647864,135,GET,/product/66VCHSJNUP,0.500000,0.000000,53,100,140,140,300,300,300,300,300,300,300,14,0,53,74.48152364564261,12.609212892130017,296.8735310714692,7973.5
1777647864,135,GET,/product/6E92ZMYYFZ,0.300000,0.000000,78,78,110,110,250,250,250,250,250,250,250,11,0,78,94.00359738025476,12.720231199637055,253.03289596922696,7936.636363636364
1777647864,135,GET,/product/9SIQT8TOJO,1.200000,0.000000,65,93,96,150,150,590,590,590,590,590,590,20,0,28,78.88299017213285,14.40224307589233,594.8572841007262,8001.85
1777647864,135,GET,/product/L9ECAV7KIM,0.800000,0.000000,40,89,89,140,140,140,140,140,140,140,140,16,0,47,60.23107773216907,10.552287101745605,187.14929604902864,7959.1875
1777647864,135,GET,/product/LS4PSXUNUM,0.200000,0.000000,130,160,220,220,220,220,220,220,220,220,220,9,0,98,101.40112567589514,14.319544890895486,222.40997501648962,7976.444444444444
1777647864,135,GET,/product/OLJCESPC7Z,0.800000,0.000000,110,150,200,220,690,690,690,690,690,690,690,21,0,45,95.50177302610662,12.697332073003054,694.3791250232607,7990.190476190476
1777647864,135,,Aggregated,49.300000,0.000000,88,160,290,410,720,980,1300,1400,1500,1500,1500,1045,0,56,151.47149295024752,9.263879852369428,1542.5426349975169,10643.7004784689
1777647865,140,GET,/,42.300000,0.000000,96,190,340,540,730,1100,1300,1400,1500,1500,1500,849,0,58,160.35464450221144,9.263879852369428,1542.5426349975169,10524.997644287398
1777647865,140,POST,/cart,5.200000,0.000000,93,120,200,270,380,880,940,1000,1000,1000,1000,105,0,74,116.85321551215436,18.31245212815702,1002.6395618915558,16951.180952380953
1777647865,140,POST,/cart/checkout,2.600000,0.000000,71,140,150,480,970,980,1000,1000,1000,1000,1000,43,0,61,169.49407924183234,16.733490861952305,1017.4640929326415,6807.046511627907
1777647865,140,GET,/product/0PUK6V6EV0,0.400000,0.000000,52,96,150,150,150,150,150,150,150,150,150,17,0,48,55.22747293991201,14.059754088521004,154.60306406021118,7962.35294117647
1777647865,140,GET,/product/1YMWWN1N4O,0.700000,0.000000,53,63,100,100,130,140,140,140,140,140,140,14,0,49,59.8038609438975,11.675014859065413,138.7843880802393,8010.571428571428
1777647865,140,GET,/product/2ZYFJ3GM2N,1.200000,0.000000,89,100,140,150,220,260,260,260,260,260,260,18,0,89,91.20181080005649,14.25016694702208,259.79266315698624,7996.333333333333
1777647865,140,GET,/product/66VCHSJNUP,0.500000,0.000000,100,100,140,140,300,300,300,300,300,300,300,15,0,53,76.21675479846697,12.609212892130017,296.8735310714692,7975.6
1777647865,140,GET,/product/6E92ZMYYFZ,0.400000,0.000000,100,100,110,110,250,250,250,250,250,250,250,12,0,78,94.68913660384715,12.720231199637055,253.03289596922696,7941.416666666667
1777647865,140,GET,/product/9SIQT8TOJO,1.200000,0.000000,74,96,98,150,150,590,590,590,590,590,590,21,0,30,79.78135835201968,14.40224307589233,594.8572841007262,8006.0
1777647865,140,GET,/product/L9ECAV7KIM,0.700000,0.000000,40,89,89,140,140,140,140,140,140,140,140,16,0,47,60.23107773216907,10.552287101745605,187.14929604902864,7959.1875
1777647865,140,GET,/product/LS4PSXUNUM,0.500000,0.000000,130,160,220,220,220,220,220,220,220,220,220,9,0,98,101.40112567589514,14.319544890895486,222.40997501648962,7976.444444444444
1777647865,140,GET,/product/OLJCESPC7Z,1.000000,0.000000,150,200,220,220,690,690,690,690,690,690,690,21,0,45,95.50177302610662,12.697332073003054,694.3791250232607,7990.190476190476
1777647865,140,,Aggregated,56.700000,0.000000,94,150,250,360,690,980,1200,1400,1500,1500,1500,1140,0,60,146.45039824658613,9.263879852369428,1542.5426349975169,10657.656140350877
1777647866,145,GET,/,41.900000,0.000000,110,220,330,490,730,1100,1300,1400,1500,1500,1500,902,0,60,157.73174685540664,9.263879852369428,1542.5426349975169,10525.936807095344
1777647866,145,POST,/cart,5.000000,0.000000,110,190,230,270,380,880,940,1000,1000,1000,1000,113,0,76,123.34881193597958,18.31245212815702,1002.6395618915558,16979.70796460177
1777647866,145,POST,/cart/checkout,2.400000,0.000000,91,140,160,480,970,980,1000,1000,1000,1000,1000,44,0,61,168.83676184806973,16.733490861952305,1017.4640929326415,6807.772727272727
1777647866,145,GET,/product/0PUK6V6EV0,0.600000,0.000000,96,96,150,150,150,150,150,150,150,150,150,17,0,48,55.22747293991201,14.059754088521004,154.60306406021118,7962.35294117647
1777647866,145,GET,/product/1YMWWN1N4O,0.900000,0.000000,53,97,98,100,130,140,140,140,140,140,140,15,0,53,62.32670461758971,11.675014859065413,138.7843880802393,8009.466666666666
1777647866,145,GET,/product/2ZYFJ3GM2N,1.100000,0.000000,100,100,140,150,220,260,260,260,260,260,260,20,0,93,91.73343041911721,14.25016694702208,259.79266315698624,7995.7
1777647866,145,GET,/product/66VCHSJNUP,0.600000,0.000000,100,100,140,140,300,300,300,300,300,300,300,16,0,53,77.9598912486108,12.609212892130017,296.8735310714692,7979.5625
1777647866,145,GET,/product/6E92ZMYYFZ,0.600000,0.000000,90,100,110,110,250,250,250,250,250,250,250,14,0,84,93.5984423683424,12.720231199637055,253.03289596922696,7954.357142857143
1777647866,145,GET,/product/9SIQT8TOJO,1.300000,0.000000,93,96,150,150,150,590,590,590,590,590,590,21,0,30,79.78135835201968,14.40224307589233,594.8572841007262,8006.0
1777647866,145,GET,/product/L9ECAV7KIM,0.500000,0.000000,89,89,140,140,140,140,140,140,140,140,140,16,0,47,60.23107773216907,10.552287101745605,187.14929604902864,7959.1875
1777647866,145,GET,/product/LS4PSXUNUM,0.600000,0.000000,130,160,220,220,220,220,220,220,220,220,220,10,0,97,100.99508101120591,14.319544890895486,222.40997501648962,7973.9
1777647866,145,GET,/product/OLJCESPC7Z,1.100000,0.000000,150,200,220,220,690,690,690,690,690,690,690,21,0,45,95.50177302610662,12.697332073003054,694.3791250232607,7990.190476190476
1777647866,145,,Aggregated,56.600000,0.000000,100,180,270,350,690,970,1200,1300,1500,1500,1500,1209,0,61,145.2126016684733,9.263879852369428,1542.5426349975169,10678.329197684036
1777647867,150,GET,/,42.200000,0.000000,110,180,290,410,720,1000,1300,1400,1500,1500,1500,967,0,62,153.19344725516638,9.263879852369428,1542.5426349975169,10526.519131334022
1777647867,150,POST,/cart,5.400000,0.000000,110,190,250,270,380,880,940,1000,1000,1000,1000,115,0,76,122.58448939689475,18.31245212815702,1002.6395618915558,16970.426086956522
1777647867,150,POST,/cart/checkout,2.700000,0.000000,69,140,150,160,820,980,1000,1000,1000,1000,1000,47,0,61,161.61634191930136,16.733490861952305,1017.4640929326415,6806.936170212766
1777647867,150,GET,/product/0PUK6V6EV0,0.600000,0.000000,59,96,150,150,150,150,150,150,150,150,150,19,0,52,55.48373914911951,14.059754088521004,154.60306406021118,7968.0526315789475
1777647867,150,GET,/product/1YMWWN1N4O,1.100000,0.000000,53,97,98,100,130,140,140,140,140,140,140,15,0,53,62.32670461758971,11.675014859065413,138.7843880802393,8009.466666666666
1777647867,150,GET,/product/2ZYFJ3GM2N,1.200000,0.000000,100,100,140,150,220,260,260,260,260,260,260,20,0,93,91.73343041911721,14.25016694702208,259.79266315698624,7995.7
1777647867,150,GET,/product/66VCHSJNUP,0.600000,0.000000,100,100,140,140,300,300,300,300,300,300,300,16,0,53,77.9598912486108,12.609212892130017,296.8735310714692,7979.5625
1777647867,150,GET,/product/6E92ZMYYFZ,0.600000,0.000000,90,100,110,110,250,250,250,250,250,250,250,14,0,84,93.5984423683424,12.720231199637055,253.03289596922696,7954.357142857143
1777647867,150,GET,/product/9SIQT8TOJO,1.300000,0.000000,93,98,100,150,150,590,590,590,590,590,590,23,0,39,80.51813514295803,14.40224307589233,594.8572841007262,8008.95652173913
1777647867,150,GET,/product/L9ECAV7KIM,0.500000,0.000000,89,89,140,140,140,140,140,140,140,140,140,16,0,47,60.23107773216907,10.552287101745605,187.14929604902864,7959.1875
1777647867,150,GET,/product/LS4PSXUNUM,0.700000,0.000000,130,160,220,220,220,220,220,220,220,220,220,10,0,97,100.99508101120591,14.319544890895486,222.40997501648962,7973.9
1777647867,150,GET,/product/OLJCESPC7Z,1.000000,0.000000,150,200,220,220,690,690,690,690,690,690,690,22,0,45,93.86125684250146,12.697332073003054,694.3791250232607,7992.818181818182
1777647867,150,,Aggregated,57.900000,0.000000,100,150,250,330,680,970,1200,1300,1500,1500,1500,1284,0,63,141.82496677091885,9.263879852369428,1542.5426349975169,10660.658878504673
1777647868,155,GET,/,45.500000,0.000000,100,180,350,540,790,1100,1300,1400,1500,1500,1500,977,0,63,158.42221642033167,9.263879852369428,1542.5426349975169,10526.419651995906
1777647868,155,POST,/cart,6.100000,0.000000,140,230,300,320,450,600,940,1000,1000,1000,1000,122,0,78,138.12943048714126,18.31245212815702,1002.6395618915558,16975.368852459018
1777647868,155,POST,/cart/checkout,3.000000,0.000000,71,140,420,480,970,980,1000,1000,1000,1000,1000,48,0,61,167.08668015295794,16.733490861952305,1017.4640929326415,6807.041666666667
1777647868,155,GET,/product/0PUK6V6EV0,0.600000,0.000000,57,59,150,150,150,150,150,150,150,150,150,19,0,52,55.48373914911951,14.059754088521004,154.60306406021118,7968.0526315789475
1777647868,155,GET,/product/1YMWWN1N4O,1.200000,0.000000,49,98,100,100,130,140,140,140,140,140,140,15,0,53,62.32670461758971,11.675014859065413,138.7843880802393,8009.466666666666
1777647868,155,GET,/product/2ZYFJ3GM2N,1.200000,0.000000,100,100,140,150,220,260,260,260,260,260,260,20,0,93,91.73343041911721,14.25016694702208,259.79266315698624,7995.7
1777647868,155,GET,/product/66VCHSJNUP,0.700000,0.000000,100,100,140,140,300,300,300,300,300,300,300,16,0,53,77.9598912486108,12.609212892130017,296.8735310714692,7979.5625
1777647868,155,GET,/product/6E92ZMYYFZ,0.700000,0.000000,84,90,100,100,250,250,250,250,250,250,250,14,0,84,93.5984423683424,12.720231199637055,253.03289596922696,7954.357142857143
1777647868,155,GET,/product/9SIQT8TOJO,1.300000,0.000000,96,98,150,150,150,590,590,590,590,590,590,23,0,39,80.51813514295803,14.40224307589233,594.8572841007262,8008.95652173913
1777647868,155,GET,/product/L9ECAV7KIM,0.400000,0.000000,140,140,230,230,230,230,230,230,230,230,230,17,0,49,70.20812804865487,10.552287101745605,229.8409331124276,7957.588235294118
1777647868,155,GET,/product/LS4PSXUNUM,0.700000,0.000000,130,160,220,220,220,220,220,220,220,220,220,10,0,97,100.99508101120591,14.319544890895486,222.40997501648962,7973.9
1777647868,155,GET,/product/OLJCESPC7Z,0.800000,0.000000,150,200,220,220,690,690,690,690,690,690,690,22,0,45,93.86125684250146,12.697332073003054,694.3791250232607,7992.818181818182
1777647868,155,,Aggregated,62.200000,0.000000,100,160,270,380,720,970,1200,1300,1500,1500,1500,1303,0,64,147.46915351482235,9.263879852369428,1542.5426349975169,10688.867229470452
1777647869,160,GET,/,46.700000,0.000000,120,370,720,890,990,1100,1300,1400,1500,1500,1500,1045,0,67,210.9251749603764,9.263879852369428,1542.5426349975169,10527.275598086124
1777647869,160,POST,/cart,5.900000,0.000000,190,300,330,400,700,880,940,1000,1000,1000,1000,128,0,81,160.84389722345804,18.31245212815702,1002.6395618915558,17006.1953125
1777647869,160,POST,/cart/checkout,3.000000,0.000000,100,150,480,780,970,980,1000,1000,1000,1000,1000,48,0,61,167.08668015295794,16.733490861952305,1017.4640929326415,6807.041666666667
1777647869,160,GET,/product/0PUK6V6EV0,0.700000,0.000000,150,410,430,430,440,510,510,510,510,510,510,23,0,57,123.52983416665508,14.059754088521004,506.02738303132355,7976.086956521739
1777647869,160,GET,/product/1YMWWN1N4O,1.300000,0.000000,53,98,100,100,340,340,340,340,340,340,340,16,0,53,79.44217175827362,11.675014859065413,336.1741788685322,8007.75
1777647869,160,GET,/product/2ZYFJ3GM2N,1.400000,0.000000,100,100,150,220,260,260,260,260,260,260,260,20,0,93,91.73343041911721,14.25016694702208,259.79266315698624,7995.7
1777647869,160,GET,/product/66VCHSJNUP,0.700000,0.000000,140,300,340,340,440,440,440,440,440,440,440,18,0,81,112.90409133976533,12.609212892130017,440.6166800763458,7985.277777777777
1777647869,160,GET,/product/6E92ZMYYFZ,0.700000,0.000000,90,100,250,250,500,500,500,500,500,500,500,15,0,90,120.87870654650033,12.720231199637055,502.80240504071116,7953.733333333334
1777647869,160,GET,/product/9SIQT8TOJO,1.200000,0.000000,75,93,98,100,410,410,410,410,410,410,410,24,0,39,94.21303289127536,14.40224307589233,594.8572841007262,8012.958333333333
1777647869,160,GET,/product/L9ECAV7KIM,0.400000,0.000000,340,340,440,440,500,500,500,500,500,500,500,20,0,66,124.00846994714811,10.552287101745605,503.0389800667763,7958.45
1777647869,160,GET,/product/LS4PSXUNUM,0.800000,0.000000,130,160,220,220,220,220,220,220,220,220,220,10,0,97,100.99508101120591,14.319544890895486,222.40997501648962,7973.9
1777647869,160,GET,/product/OLJCESPC7Z,0.600000,0.000000,200,220,310,310,690,690,690,690,690,690,690,23,0,58,103.07451914590986,12.697332073003054,694.3791250232607,7990.565217391304
1777647869,160,,Aggregated,63.400000,0.000000,120,290,560,730,970,1100,1200,1300,1500,1500,1500,1390,0,69,192.0426748553961,9.263879852369428,1542.5426349975169,10686.377697841726
1777647870,165,GET,/,47.600000,0.000000,180,570,830,910,1000,1100,1300,1400,1500,1500,1500,1142,0,73,234.61156826684066,9.263879852369428,1542.5426349975169,10527.8353765324
1777647870,165,POST,/cart,5.700000,0.000000,210,300,330,400,700,880,940,1000,1000,1000,1000,137,0,83,167.52697646713062,18.31245212815702,1002.6395618915558,17052.452554744526
1777647870,165,POST,/cart/checkout,2.700000,0.000000,78,140,420,480,970,980,1000,1000,1000,1000,1000,52,0,61,161.16245564682265,16.733490861952305,1017.4640929326415,6805.7307692307695
1777647870,165,GET,/product/0PUK6V6EV0,0.800000,0.000000,150,410,430,430,440,510,510,510,510,510,510,24,0,57,130.78225894908732,14.059754088521004,506.02738303132355,7974.583333333333
1777647870,165,GET,/product/1YMWWN1N4O,1.100000,0.000000,98,160,200,200,200,340,340,340,340,340,340,19,0,63,96.43818327764932,11.675014859065413,336.1741788685322,8012.421052631579
1777647870,165,GET,/product/2ZYFJ3GM2N,1.400000,0.000000,100,150,190,190,220,260,260,260,260,260,260,21,0,94,96.6197652631395,14.25016694702208,259.79266315698624,7997.285714285715
1777647870,165,GET,/product/66VCHSJNUP,0.600000,0.000000,140,190,300,300,340,440,440,440,440,440,440,21,0,94,113.36154067179277,9.43926116451621,440.6166800763458,7988.714285714285
1777647870,165,GET,/product/6E92ZMYYFZ,0.700000,0.000000,90,100,250,290,500,500,500,500,500,500,500,17,0,90,124.26434483324341,11.18084299378097,502.80240504071116,7949.294117647059
1777647870,165,GET,/product/9SIQT8TOJO,1.300000,0.000000,98,100,200,200,410,410,410,410,410,410,410,25,0,65,98.27305845916271,14.40224307589233,594.8572841007262,8011.96
1777647870,165,GET,/product/L9ECAV7KIM,0.400000,0.000000,230,290,340,440,500,500,500,500,500,500,500,25,0,84,135.23217031732202,10.552287101745605,503.0389800667763,7967.44
1777647870,165,GET,/product/LS4PSXUNUM,0.800000,0.000000,98,160,210,220,220,220,220,220,220,220,220,12,0,97,107.76768859553461,14.319544890895486,222.40997501648962,7984.75
1777647870,165,GET,/product/OLJCESPC7Z,0.700000,0.000000,200,220,220,310,310,310,310,310,310,310,310,23,0,58,103.07451914590986,12.697332073003054,694.3791250232607,7990.565217391304
1777647870,165,,Aggregated,63.800000,0.000000,180,400,670,830,980,1100,1200,1300,1500,1500,1500,1518,0,75,210.97023210614645,9.263879852369428,1542.5426349975169,10676.170619235836
1777647871,170,GET,/,47.600000,0.000000,180,570,830,910,1000,1100,1300,1400,1500,1500,1500,1148,0,73,233.49478381514737,9.263879852369428,1542.5426349975169,10527.839721254355
1777647871,170,POST,/cart,5.700000,0.000000,210,300,330,400,700,880,940,1000,1000,1000,1000,138,0,83,166.53957624710503,18.31245212815702,1002.6395618915558,17048.123188405796
1777647871,170,POST,/cart/checkout,2.700000,0.000000,140,200,480,780,970,980,1000,1000,1000,1000,1000,52,0,61,161.16245564682265,16.733490861952305,1017.4640929326415,6805.7307692307695
1777647871,170,GET,/product/0PUK6V6EV0,0.800000,0.000000,150,300,430,430,440,510,510,510,510,510,510,25,0,57,126.4563094265759,14.059754088521004,506.02738303132355,7974.96
1777647871,170,GET,/product/1YMWWN1N4O,1.100000,0.000000,100,160,200,200,340,340,340,340,340,340,340,19,0,63,96.43818327764932,11.675014859065413,336.1741788685322,8012.421052631579
1777647871,170,GET,/product/2ZYFJ3GM2N,1.400000,0.000000,100,150,190,220,260,260,260,260,260,260,260,21,0,94,96.6197652631395,14.25016694702208,259.79266315698624,7997.285714285715
1777647871,170,GET,/product/66VCHSJNUP,0.600000,0.000000,150,190,300,340,440,440,440,440,440,440,440,21,0,94,113.36154067179277,9.43926116451621,440.6166800763458,7988.714285714285
1777647871,170,GET,/product/6E92ZMYYFZ,0.700000,0.000000,90,100,250,290,500,500,500,500,500,500,500,17,0,90,124.26434483324341,11.18084299378097,502.80240504071116,7949.294117647059
1777647871,170,GET,/product/9SIQT8TOJO,1.300000,0.000000,98,100,200,200,410,410,410,410,410,410,410,25,0,65,98.27305845916271,14.40224307589233,594.8572841007262,8011.96
1777647871,170,GET,/product/L9ECAV7KIM,0.400000,0.000000,230,290,340,440,500,500,500,500,500,500,500,25,0,84,135.23217031732202,10.552287101745605,503.0389800667763,7967.44
1777647871,170,GET,/product/LS4PSXUNUM,0.800000,0.000000,98,160,210,220,220,220,220,220,220,220,220,12,0,97,107.76768859553461,14.319544890895486,222.40997501648962,7984.75
1777647871,170,GET,/product/OLJCESPC7Z,0.700000,0.000000,200,220,220,310,310,310,310,310,310,310,310,23,0,58,103.07451914590986,12.697332073003054,694.3791250232607,7990.565217391304
1777647871,170,,Aggregated,63.800000,0.000000,180,400,670,830,980,1100,1200,1300,1500,1500,1500,1526,0,74,209.98185613576499,9.263879852369428,1542.5426349975169,10677.613368283093
1777647872,175,GET,/,51.500000,0.000000,200,620,820,880,1000,1100,1200,1300,1400,1400,1400,1248,0,81,278.4897785586042,9.263879852369428,1542.5426349975169,10528.310096153846
1777647872,175,POST,/cart,6.300000,0.000000,230,350,400,470,700,810,870,910,910,910,910,149,0,90,193.76866601801308,18.31245212815702,1002.6395618915558,17051.590604026846
1777647872,175,POST,/cart/checkout,2.500000,0.000000,100,140,160,200,220,420,870,870,870,870,870,58,0,69,174.24606319902273,16.733490861952305,1017.4640929326415,6806.793103448276
1777647872,175,GET,/product/0PUK6V6EV0,1.100000,0.000000,210,310,410,430,440,510,510,510,510,510,510,28,0,59,136.39356797960187,14.059754088521004,506.02738303132355,7984.035714285715
1777647872,175,GET,/product/1YMWWN1N4O,1.000000,0.000000,100,160,200,200,340,340,340,340,340,340,340,19,0,63,96.43818327764932,11.675014859065413,336.1741788685322,8012.421052631579
1777647872,175,GET,/product/2ZYFJ3GM2N,1.100000,0.000000,100,190,210,210,300,300,300,300,300,300,300,23,0,95,110.43402506038547,14.25016694702208,304.03503798879683,7997.695652173913
1777647872,175,GET,/product/66VCHSJNUP,1.000000,0.000000,140,150,190,340,440,440,440,440,440,440,440,21,0,94,113.36154067179277,9.43926116451621,440.6166800763458,7988.714285714285
1777647872,175,GET,/product/6E92ZMYYFZ,0.900000,0.000000,90,100,210,290,500,500,500,500,500,500,500,18,0,90,128.77090289516167,11.18084299378097,502.80240504071116,7949.5
1777647872,175,GET,/product/9SIQT8TOJO,1.000000,0.000000,200,210,250,250,410,410,410,410,410,410,410,27,0,74,107.8205360962009,14.40224307589233,594.8572841007262,8012.37037037037
1777647872,175,GET,/product/L9ECAV7KIM,1.000000,0.000000,230,290,340,440,500,500,500,500,500,500,500,25,0,84,135.23217031732202,10.552287101745605,503.0389800667763,7967.44
1777647872,175,GET,/product/LS4PSXUNUM,0.800000,0.000000,97,98,210,210,300,300,300,300,300,300,300,13,0,98,122.55028916451221,14.319544890895486,299.9414959922433,7982.923076923077
1777647872,175,GET,/product/OLJCESPC7Z,0.500000,0.000000,110,110,310,310,310,310,310,310,310,310,310,23,0,58,103.07451914590986,12.697332073003054,694.3791250232607,7990.565217391304
1777647872,175,,Aggregated,68.700000,0.000000,180,460,660,820,970,1100,1200,1300,1400,1400,1400,1652,0,82,247.9895094090218,9.263879852369428,1542.5426349975169,10683.101089588377
1777647873,180,GET,/,52.300000,0.000000,270,590,770,870,1000,1100,1200,1300,1400,1400,1400,1327,0,84,276.6301558288439,9.263879852369428,1542.5426349975169,10528.979653353428
1777647873,180,POST,/cart,6.400000,0.000000,230,330,400,470,700,810,870,910,910,910,910,154,0,88,190.7899757777643,18.31245212815702,1002.6395618915558,17059.98051948052
1777647873,180,POST,/cart/checkout,2.200000,0.000000,110,150,200,210,420,870,870,870,870,870,870,58,0,69,174.24606319902273,16.733490861952305,1017.4640929326415,6806.793103448276
1777647873,180,GET,/product/0PUK6V6EV0,1.200000,0.000000,210,310,410,430,440,510,510,510,510,510,510,28,0,59,136.39356797960187,14.059754088521004,506.02738303132355,7984.035714285715
1777647873,180,GET,/product/1YMWWN1N4O,1.000000,0.000000,160,200,200,200,340,340,340,340,340,340,340,19,0,63,96.43818327764932,11.675014859065413,336.1741788685322,8012.421052631579
1777647873,180,GET,/product/2ZYFJ3GM2N,0.900000,0.000000,190,190,210,210,300,300,300,300,300,300,300,25,0,98,115.6677442137152,14.25016694702208,304.03503798879683,7999.12
1777647873,180,GET,/product/66VCHSJNUP,1.000000,0.000000,150,190,260,340,440,440,440,440,440,440,440,23,0,94,115.43516188090587,9.43926116451621,440.6166800763458,7994.04347826087
1777647873,180,GET,/product/6E92ZMYYFZ,0.900000,0.000000,100,200,210,290,500,500,500,500,500,500,500,20,0,90,127.10060445824638,11.18084299378097,502.80240504071116,7951.1
1777647873,180,GET,/product/9SIQT8TOJO,0.700000,0.000000,200,210,250,250,410,410,410,410,410,410,410,27,0,74,107.8205360962009,14.40224307589233,594.8572841007262,8012.37037037037
1777647873,180,GET,/product/L9ECAV7KIM,1.000000,0.000000,200,230,290,340,440,500,500,500,500,500,500,28,0,84,135.7431494314889,10.552287101745605,503.0389800667763,7973.0
1777647873,180,GET,/product/LS4PSXUNUM,0.900000,0.000000,98,98,210,210,300,300,300,300,300,300,300,14,0,97,114.67443850623178,12.288379948586226,299.9414959922433,7987.285714285715
1777647873,180,GET,/product/OLJCESPC7Z,0.500000,0.000000,110,110,310,310,310,310,310,310,310,310,310,23,0,58,103.07451914590986,12.697332073003054,694.3791250232607,7990.565217391304
1777647873,180,,Aggregated,69.000000,0.000000,210,460,630,770,960,1100,1200,1300,1400,1400,1400,1746,0,84,246.85241882118555,9.263879852369428,1542.5426349975169,10680.310423825887
1777647874,185,GET,/,52.000000,0.000000,210,560,730,860,990,1100,1200,1300,1400,1400,1400,1399,0,88,268.45818469344135,9.263879852369428,1542.5426349975169,10529.281629735526
1777647874,185,POST,/cart,7.100000,0.000000,230,350,400,470,700,810,870,910,910,910,910,162,0,89,186.37731141140569,18.31245212815702,1002.6395618915558,17108.833333333332
1777647874,185,POST,/cart/checkout,2.500000,0.000000,100,140,160,200,220,420,870,870,870,870,870,62,0,69,167.91427960138648,16.733490861952305,1017.4640929326415,6806.822580645161
1777647874,185,GET,/product/0PUK6V6EV0,1.200000,0.000000,210,310,410,430,440,510,510,510,510,510,510,29,0,69,135.18867236240928,14.059754088521004,506.02738303132355,7986.3448275862065
1777647874,185,GET,/product/1YMWWN1N4O,1.000000,0.000000,200,200,200,200,340,340,340,340,340,340,340,19,0,63,96.43818327764932,11.675014859065413,336.1741788685322,8012.421052631579
1777647874,185,GET,/product/2ZYFJ3GM2N,0.900000,0.000000,100,160,190,190,210,300,300,300,300,300,300,29,0,97,110.25221327897803,14.25016694702208,304.03503798879683,8001.275862068966
1777647874,185,GET,/product/66VCHSJNUP,1.000000,0.000000,150,190,260,340,440,440,440,440,440,440,440,23,0,94,115.43516188090587,9.43926116451621,440.6166800763458,7994.04347826087
1777647874,185,GET,/product/6E92ZMYYFZ,0.900000,0.000000,97,130,210,210,290,500,500,500,500,500,500,24,0,95,121.97466284851544,11.18084299378097,502.80240504071116,7954.0
1777647874,185,GET,/product/9SIQT8TOJO,0.600000,0.000000,200,210,250,250,410,410,410,410,410,410,410,28,0,74,107.45135884332869,14.40224307589233,594.8572841007262,8010.714285714285
1777647874,185,GET,/product/L9ECAV7KIM,0.900000,0.000000,200,230,340,340,440,500,500,500,500,500,500,28,0,84,135.7431494314889,10.552287101745605,503.0389800667763,7973.0
1777647874,185,GET,/product/LS4PSXUNUM,0.900000,0.000000,98,150,210,210,300,300,300,300,300,300,300,15,0,98,116.73491215333343,12.288379948586226,299.9414959922433,7984.866666666667
1777647874,185,GET,/product/OLJCESPC7Z,0.500000,0.000000,110,110,310,310,310,310,310,310,310,310,310,24,0,58,102.63647493169022,12.697332073003054,694.3791250232607,7989.25
1777647874,185,,Aggregated,69.500000,0.000000,200,440,620,750,950,1100,1200,1300,1400,1400,1400,1842,0,88,239.81165433220107,9.263879852369428,1542.5426349975169,10680.680781758958
1777647875,190,GET,/,57.900000,0.000000,190,560,730,860,990,1100,1200,1300,1400,1400,1400,1472,0,92,261.3144878066479,9.263879852369428,1542.5426349975169,10529.472826086956
1777647875,190,POST,/cart,6.400000,0.000000,250,350,440,530,700,860,870,910,910,910,910,171,0,92,186.32000913620212,18.31245212815702,1002.6395618915558,17107.245614035088
1777647875,190,POST,/cart/checkout,2.100000,0.000000,96,150,160,200,220,420,870,870,870,870,870,67,0,78,163.50616380892026,16.733490861952305,1017.4640929326415,6806.0298507462685
1777647875,190,GET,/product/0PUK6V6EV0,1.400000,0.000000,210,310,410,430,440,510,510,510,510,510,510,30,0,69,136.1208162503317,14.059754088521004,506.02738303132355,7984.2
1777647875,190,GET,/product/1YMWWN1N4O,1.000000,0.000000,200,200,200,200,340,340,340,340,340,340,340,20,0,63,96.52589322067797,11.675014859065413,336.1741788685322,8010.5
1777647875,190,GET,/product/2ZYFJ3GM2N,1.000000,0.000000,98,160,190,190,210,300,300,300,300,300,300,31,0,97,109.39177984161482,14.25016694702208,304.03503798879683,8001.225806451613
1777647875,190,GET,/product/66VCHSJNUP,1.000000,0.000000,190,260,340,340,440,440,440,440,440,440,440,23,0,94,115.43516188090587,9.43926116451621,440.6166800763458,7994.04347826087
1777647875,190,GET,/product/6E92ZMYYFZ,1.000000,0.000000,97,200,210,210,290,500,500,500,500,500,500,24,0,95,121.97466284851544,11.18084299378097,502.80240504071116,7954.0
1777647875,190,GET,/product/9SIQT8TOJO,0.800000,0.000000,110,200,210,250,410,410,410,410,410,410,410,29,0,75,107.37509219425506,14.40224307589233,594.8572841007262,8008.758620689655
1777647875,190,GET,/product/L9ECAV7KIM,1.200000,0.000000,200,230,290,340,440,500,500,500,500,500,500,30,0,89,135.47771376712868,10.552287101745605,503.0389800667763,7971.8
1777647875,190,GET,/product/LS4PSXUNUM,0.700000,0.000000,150,150,210,210,300,300,300,300,300,300,300,15,0,98,116.73491215333343,12.288379948586226,299.9414959922433,7984.866666666667
1777647875,190,GET,/product/OLJCESPC7Z,0.300000,0.000000,100,100,310,310,310,310,310,310,310,310,310,25,0,59,102.59332653135061,12.697332073003054,694.3791250232607,7990.04
1777647875,190,,Aggregated,74.800000,0.000000,180,440,620,740,950,1100,1200,1300,1400,1400,1400,1937,0,91,234.35844846656877,9.263879852369428,1542.5426349975169,10683.63035622096
1777647876,195,GET,/,60.100000,0.000000,260,520,690,830,990,1100,1200,1300,1400,1400,1400,1563,0,96,258.59417240549493,9.263879852369428,1542.5426349975169,10530.26103646833
1777647876,195,POST,/cart,6.500000,0.000000,210,330,390,450,700,810,870,910,910,910,910,181,0,93,184.82706229361958,18.31245212815702,1002.6395618915558,17117.883977900554
1777647876,195,POST,/cart/checkout,2.100000,0.000000,110,150,180,200,220,420,870,870,870,870,870,68,0,78,163.6921593111337,16.733490861952305,1017.4640929326415,6805.60294117647
1777647876,195,GET,/product/0PUK6V6EV0,1.200000,0.000000,300,310,430,430,440,510,510,510,510,510,510,30,0,69,136.1208162503317,14.059754088521004,506.02738303132355,7984.2
1777647876,195,GET,/product/1YMWWN1N4O,0.800000,0.000000,160,200,200,200,340,340,340,340,340,340,340,22,0,97,99.79471728332679,11.675014859065413,336.1741788685322,8008.272727272727
1777647876,195,GET,/product/2ZYFJ3GM2N,0.900000,0.000000,98,160,190,190,210,300,300,300,300,300,300,33,0,97,110.58899021538144,14.25016694702208,304.03503798879683,8004.424242424242
1777647876,195,GET,/product/66VCHSJNUP,1.000000,0.000000,150,190,260,340,440,440,440,440,440,440,440,24,0,81,113.4583242625619,9.43926116451621,440.6166800763458,7995.25
1777647876,195,GET,/product/6E92ZMYYFZ,1.000000,0.000000,97,200,210,210,290,500,500,500,500,500,500,24,0,95,121.97466284851544,11.18084299378097,502.80240504071116,7954.0
1777647876,195,GET,/product/9SIQT8TOJO,0.700000,0.000000,130,200,210,250,410,410,410,410,410,410,410,30,0,75,108.19799771998078,14.40224307589233,594.8572841007262,8009.566666666667
1777647876,195,GET,/product/L9ECAV7KIM,1.200000,0.000000,200,200,290,290,440,500,500,500,500,500,500,32,0,95,136.50341612810735,10.552287101745605,503.0389800667763,7976.125
1777647876,195,GET,/product/LS4PSXUNUM,0.700000,0.000000,99,150,210,210,300,300,300,300,300,300,300,16,0,98,115.63320070854388,12.288379948586226,299.9414959922433,7987.5625
1777647876,195,GET,/product/OLJCESPC7Z,0.200000,0.000000,100,140,140,310,310,310,310,310,310,310,310,26,0,59,104.0454265088416,12.697332073003054,694.3791250232607,7994.038461538462
1777647876,195,,Aggregated,76.400000,0.000000,210,400,590,700,940,1100,1200,1200,1400,1400,1400,2049,0,95,232.56015361731227,9.263879852369428,1542.5426349975169,10694.83699365544
1777647877,200,GET,/,63.200000,0.000000,240,480,660,820,980,1100,1200,1300,1400,1400,1400,1634,0,100,253.79241554829153,9.263879852369428,1542.5426349975169,10530.591187270502
1777647877,200,POST,/cart,6.200000,0.000000,180,300,360,440,630,810,870,910,910,910,910,191,0,96,182.3281010427556,18.31245212815702,1002.6395618915558,17097.549738219896
1777647877,200,POST,/cart/checkout,2.300000,0.000000,110,130,150,180,220,420,870,870,870,870,870,77,0,82,155.19509867873865,16.733490861952305,1017.4640929326415,6803.545454545455
1777647877,200,GET,/product/0PUK6V6EV0,1.300000,0.000000,210,310,410,430,440,510,510,510,510,510,510,32,0,76,137.27882032981142,14.059754088521004,506.02738303132355,7985.46875
1777647877,200,GET,/product/1YMWWN1N4O,0.600000,0.000000,160,200,200,200,340,340,340,340,340,340,340,23,0,98,99.93967444271497,11.675014859065413,336.1741788685322,8006.521739130435
1777647877,200,GET,/product/2ZYFJ3GM2N,1.100000,0.000000,110,160,190,190,210,300,300,300,300,300,300,34,0,97,110.55497017771225,14.25016694702208,304.03503798879683,8002.64705882353
1777647877,200,GET,/product/66VCHSJNUP,0.900000,0.000000,190,260,340,340,440,440,440,440,440,440,440,24,0,81,113.4583242625619,9.43926116451621,440.6166800763458,7995.25
1777647877,200,GET,/product/6E92ZMYYFZ,1.200000,0.000000,97,190,200,210,290,500,500,500,500,500,500,27,0,95,120.64133437902287,11.18084299378097,502.80240504071116,7957.814814814815
1777647877,200,GET,/product/9SIQT8TOJO,0.900000,0.000000,130,200,210,210,250,410,410,410,410,410,410,32,0,91,111.03588274272624,14.40224307589233,594.8572841007262,8010.875
1777647877,200,GET,/product/L9ECAV7KIM,1.200000,0.000000,160,200,230,290,440,500,500,500,500,500,500,34,0,99,134.3068452346522,10.552287101745605,503.0389800667763,7978.088235294118
1777647877,200,GET,/product/LS4PSXUNUM,0.600000,0.000000,150,150,210,210,300,300,300,300,300,300,300,16,0,98,115.63320070854388,12.288379948586226,299.9414959922433,7987.5625
1777647877,200,GET,/product/OLJCESPC7Z,0.400000,0.000000,100,140,200,200,310,310,310,310,310,310,310,30,0,69,105.87957587558776,12.697332073003054,694.3791250232607,7994.266666666666
1777647877,200,,Aggregated,79.900000,0.000000,200,350,540,660,930,1000,1200,1200,1400,1400,1400,2154,0,97,227.97043451067827,9.263879852369428,1542.5426349975169,10682.564995357474
1777647878,205,GET,/,63.300000,0.000000,200,340,530,630,900,1100,1200,1300,1400,1400,1400,1666,0,100,252.79805382533672,9.263879852369428,1542.5426349975169,10530.732292917166
1777647878,205,POST,/cart,6.300000,0.000000,180,250,350,440,700,810,870,910,910,910,910,192,0,96,185.58963159496975,18.31245212815702,1002.6395618915558,17094.088541666668
1777647878,205,POST,/cart/checkout,2.400000,0.000000,120,130,150,160,200,220,870,870,870,870,870,82,0,82,153.62861176964077,16.733490861952305,1017.4640929326415,6803.231707317073
1777647878,205,GET,/product/0PUK6V6EV0,1.300000,0.000000,210,310,410,430,440,510,510,510,510,510,510,33,0,92,139.22707277886343,14.059754088521004,506.02738303132355,7984.151515151515
1777647878,205,GET,/product/1YMWWN1N4O,0.600000,0.000000,160,200,200,200,340,340,340,340,340,340,340,23,0,98,99.93967444271497,11.675014859065413,336.1741788685322,8006.521739130435
1777647878,205,GET,/product/2ZYFJ3GM2N,1.300000,0.000000,110,160,190,200,210,300,300,300,300,300,300,35,0,98,113.07793586248798,14.25016694702208,304.03503798879683,8001.428571428572
1777647878,205,GET,/product/66VCHSJNUP,0.800000,0.000000,190,260,340,340,440,440,440,440,440,440,440,24,0,81,113.4583242625619,9.43926116451621,440.6166800763458,7995.25
1777647878,205,GET,/product/6E92ZMYYFZ,1.100000,0.000000,97,190,200,210,290,500,500,500,500,500,500,27,0,95,120.64133437902287,11.18084299378097,502.80240504071116,7957.814814814815
1777647878,205,GET,/product/9SIQT8TOJO,0.800000,0.000000,200,200,210,210,250,410,410,410,410,410,410,34,0,93,114.10916083738866,14.40224307589233,594.8572841007262,8011.323529411765
1777647878,205,GET,/product/L9ECAV7KIM,1.600000,0.000000,160,200,290,340,500,680,680,680,680,680,680,36,0,100,149.1863096339835,10.552287101745605,675.1650378573686,7976.416666666667
1777647878,205,GET,/product/LS4PSXUNUM,0.600000,0.000000,150,150,210,210,300,300,300,300,300,300,300,16,0,98,115.63320070854388,12.288379948586226,299.9414959922433,7987.5625
1777647878,205,GET,/product/OLJCESPC7Z,0.400000,0.000000,140,200,200,310,680,680,680,680,680,680,680,32,0,71,126.5725520424894,12.697332073003054,694.3791250232607,7995.65625
1777647878,205,,Aggregated,80.500000,0.000000,180,300,440,540,850,1000,1200,1200,1400,1400,1400,2200,0,99,227.897424579979,9.263879852369428,1542.5426349975169,10664.432727272728
1777647879,210,GET,/,65.700000,0.000000,230,400,480,560,740,990,1200,1300,1400,1400,1400,1798,0,120,275.5240837968803,9.263879852369428,1542.5426349975169,10531.42213570634
1777647879,210,POST,/cart,7.100000,0.000000,180,270,360,390,630,820,870,870,870,870,870,203,0,110,204.17626775580968,18.31245212815702,1002.6395618915558,17115.399014778326
1777647879,210,POST,/cart/checkout,2.600000,0.000000,120,150,160,160,220,230,870,870,870,870,870,85,0,83,155.3851785193033,16.733490861952305,1017.4640929326415,6803.764705882353
1777647879,210,GET,/product/0PUK6V6EV0,1.200000,0.000000,160,200,210,210,310,310,310,310,310,310,310,34,0,92,139.90582231267848,14.059754088521004,506.02738303132355,7982.794117647059
1777647879,210,GET,/product/1YMWWN1N4O,0.700000,0.000000,130,160,250,250,250,250,250,250,250,250,250,25,0,98,112.17933680862188,11.675014859065413,336.1741788685322,8012.08
1777647879,210,GET,/product/2ZYFJ3GM2N,1.300000,0.000000,160,190,200,200,300,300,300,300,300,300,300,36,0,98,118.15658305487078,14.25016694702208,304.03503798879683,8002.972222222223
1777647879,210,GET,/product/66VCHSJNUP,0.800000,0.000000,68,68,260,260,260,260,260,260,260,260,260,24,0,81,113.4583242625619,9.43926116451621,440.6166800763458,7995.25
1777647879,210,GET,/product/6E92ZMYYFZ,1.200000,0.000000,130,200,200,210,290,300,300,300,300,300,300,30,0,97,134.97319171049944,11.18084299378097,502.80240504071116,7958.633333333333
1777647879,210,GET,/product/9SIQT8TOJO,0.900000,0.000000,200,200,210,250,260,410,410,410,410,410,410,37,0,97,120.44970376568067,14.40224307589233,594.8572841007262,8009.756756756757
1777647879,210,GET,/product/L9ECAV7KIM,1.600000,0.000000,150,160,200,290,300,680,680,680,680,680,680,39,0,130,158.187988297775,10.552287101745605,675.1650378573686,7976.410256410257
1777647879,210,GET,/product/LS4PSXUNUM,0.600000,0.000000,200,210,240,240,300,300,300,300,300,300,300,19,0,130,131.5860684936572,12.288379948586226,299.9414959922433,7985.210526315789
1777647879,210,GET,/product/OLJCESPC7Z,0.600000,0.000000,140,200,300,300,310,680,680,680,680,680,680,33,0,71,131.71018555647495,12.697332073003054,694.3791250232607,7998.454545454545
1777647879,210,,Aggregated,84.300000,0.000000,190,310,440,510,690,880,1100,1200,1400,1400,1400,2363,0,110,248.03532844074732,9.263879852369428,1542.5426349975169,10665.180279305967
1777647880,215,GET,/,69.600000,0.000000,200,370,470,530,720,960,1200,1300,1400,1400,1400,1880,0,120,269.1703181255589,9.263879852369428,1542.5426349975169,10531.90159574468
1777647880,215,POST,/cart,7.500000,0.000000,180,270,360,390,630,820,870,870,870,870,870,210,0,110,201.44159528426826,18.31245212815702,1002.6395618915558,17113.75238095238
1777647880,215,POST,/cart/checkout,3.500000,0.000000,120,140,160,160,220,230,870,870,870,870,870,88,0,83,152.9757870223627,16.733490861952305,1017.4640929326415,6803.534090909091
1777647880,215,GET,/product/0PUK6V6EV0,1.400000,0.000000,160,200,210,210,310,310,310,310,310,310,310,34,0,92,139.90582231267848,14.059754088521004,506.02738303132355,7982.794117647059
1777647880,215,GET,/product/1YMWWN1N4O,0.800000,0.000000,130,160,200,250,250,250,250,250,250,250,250,28,0,98,112.7982110816187,11.675014859065413,336.1741788685322,8010.035714285715
1777647880,215,GET,/product/2ZYFJ3GM2N,1.500000,0.000000,110,160,200,200,300,300,300,300,300,300,300,37,0,98,115.33653048949468,13.814638135954738,304.03503798879683,8001.7027027027025
1777647880,215,GET,/product/66VCHSJNUP,0.800000,0.000000,68,94,100,100,260,260,260,260,260,260,260,27,0,94,108.74398438156479,9.43926116451621,440.6166800763458,7999.962962962963
1777647880,215,GET,/product/6E92ZMYYFZ,1.300000,0.000000,130,190,200,200,290,300,300,300,300,300,300,32,0,97,132.85195507341996,11.18084299378097,502.80240504071116,7957.40625
1777647880,215,GET,/product/9SIQT8TOJO,1.100000,0.000000,130,200,200,210,250,260,260,260,260,260,260,40,0,97,117.71035611163825,14.40224307589233,594.8572841007262,8009.35
1777647880,215,GET,/product/L9ECAV7KIM,1.800000,0.000000,160,200,200,200,300,680,680,680,680,680,680,40,0,130,159.26637988886796,10.552287101745605,675.1650378573686,7978.275
1777647880,215,GET,/product/LS4PSXUNUM,0.600000,0.000000,150,200,210,210,240,300,300,300,300,300,300,22,0,140,135.45477624178272,12.288379948586226,299.9414959922433,7983.136363636364
1777647880,215,GET,/product/OLJCESPC7Z,0.900000,0.000000,110,200,200,300,310,680,680,680,680,680,680,35,0,71,128.9543512410351,12.697332073003054,694.3791250232607,8002.4857142857145
1777647880,215,,Aggregated,90.800000,0.000000,190,300,420,480,670,870,1100,1200,1400,1400,1400,2473,0,110,242.51808685490096,9.263879852369428,1542.5426349975169,10655.15163768702
1777647881,220,GET,/,69.200000,0.000000,190,310,440,510,680,900,1100,1200,1400,1400,1400,1965,0,120,264.4060817580319,9.263879852369428,1542.5426349975169,10532.018320610687
1777647881,220,POST,/cart,7.700000,0.000000,150,190,220,290,440,700,820,870,870,870,870,220,0,110,198.24377542086452,18.31245212815702,1002.6395618915558,17115.927272727273
1777647881,220,POST,/cart/checkout,3.400000,0.000000,120,130,150,160,210,220,230,230,230,230,230,93,0,86,149.9345577522231,16.733490861952305,1017.4640929326415,6803.376344086021
1777647881,220,GET,/product/0PUK6V6EV0,1.400000,0.000000,160,200,210,210,310,310,310,310,310,310,310,35,0,96,138.71453027240932,14.059754088521004,506.02738303132355,7984.285714285715
1777647881,220,GET,/product/1YMWWN1N4O,0.800000,0.000000,130,160,200,250,250,250,250,250,250,250,250,28,0,98,112.7982110816187,11.675014859065413,336.1741788685322,8010.035714285715
1777647881,220,GET,/product/2ZYFJ3GM2N,1.500000,0.000000,100,160,190,200,300,300,300,300,300,300,300,38,0,98,114.92733574031215,13.814638135954738,304.03503798879683,8001.026315789473
1777647881,220,GET,/product/66VCHSJNUP,0.800000,0.000000,94,100,100,100,260,260,260,260,260,260,260,29,0,94,106.83645735944397,9.43926116451621,440.6166800763458,7998.413793103448
1777647881,220,GET,/product/6E92ZMYYFZ,1.300000,0.000000,130,190,200,210,290,300,300,300,300,300,300,32,0,97,132.85195507341996,11.18084299378097,502.80240504071116,7957.40625
1777647881,220,GET,/product/9SIQT8TOJO,1.100000,0.000000,110,130,200,200,250,260,260,260,260,260,260,43,0,98,114.75243938133814,14.40224307589233,594.8572841007262,8009.372093023256
1777647881,220,GET,/product/L9ECAV7KIM,1.900000,0.000000,160,200,200,200,300,680,680,680,680,680,680,41,0,130,157.86329323494036,10.552287101745605,675.1650378573686,7977.975609756098
1777647881,220,GET,/product/LS4PSXUNUM,0.600000,0.000000,150,200,200,210,240,300,300,300,300,300,300,26,0,130,132.649655901612,12.288379948586226,299.9414959922433,7980.923076923077
1777647881,220,GET,/product/OLJCESPC7Z,0.900000,0.000000,100,140,200,200,300,680,680,680,680,680,680,36,0,71,127.40959578918086,12.697332073003054,694.3791250232607,8001.388888888889
1777647881,220,,Aggregated,90.600000,0.000000,170,260,370,450,630,860,1100,1200,1400,1400,1400,2586,0,110,238.31709148866474,9.263879852369428,1542.5426349975169,10655.471384377417
1777647882,225,GET,/,72.800000,0.000000,170,210,270,300,470,610,890,1000,1100,1100,1100,2052,0,130,261.42514997502775,9.263879852369428,1542.5426349975169,10532.440058479533
1777647882,225,POST,/cart,7.200000,0.000000,170,210,250,290,380,700,820,870,870,870,870,231,0,120,199.77036638294237,18.31245212815702,1002.6395618915558,17108.380952380954
1777647882,225,POST,/cart/checkout,3.600000,0.000000,120,130,140,160,170,220,230,230,230,230,230,96,0,87,149.41843526806528,16.733490861952305,1017.4640929326415,6802.947916666667
1777647882,225,GET,/product/0PUK6V6EV0,1.000000,0.000000,160,200,210,210,210,310,310,310,310,310,310,36,0,96,137.78379668171206,14.059754088521004,506.02738303132355,7985.75
1777647882,225,GET,/product/1YMWWN1N4O,0.800000,0.000000,130,190,200,250,250,250,250,250,250,250,250,29,0,98,115.3440625198057,11.675014859065413,336.1741788685322,8012.0
1777647882,225,GET,/product/2ZYFJ3GM2N,1.500000,0.000000,98,98,110,160,200,300,300,300,300,300,300,40,0,98,111.97480970295146,13.80692794919014,304.03503798879683,8000.575
1777647882,225,GET,/product/66VCHSJNUP,0.500000,0.000000,94,100,100,100,100,100,100,100,100,100,100,30,0,94,106.71621857521434,9.43926116451621,440.6166800763458,8000.166666666667
1777647882,225,GET,/product/6E92ZMYYFZ,1.400000,0.000000,110,150,190,200,290,300,300,300,300,300,300,34,0,97,133.8147761313902,11.18084299378097,502.80240504071116,7957.058823529412
1777647882,225,GET,/product/9SIQT8TOJO,1.300000,0.000000,110,130,200,200,250,260,260,260,260,260,260,43,0,98,114.75243938133814,14.40224307589233,594.8572841007262,8009.372093023256
1777647882,225,GET,/product/L9ECAV7KIM,1.600000,0.000000,150,200,200,200,300,680,680,680,680,680,680,42,0,110,156.64338103739456,10.552287101745605,675.1650378573686,7977.785714285715
1777647882,225,GET,/product/LS4PSXUNUM,0.900000,0.000000,140,190,200,200,210,240,240,240,240,240,240,26,0,130,132.649655901612,12.288379948586226,299.9414959922433,7980.923076923077
1777647882,225,GET,/product/OLJCESPC7Z,1.100000,0.000000,100,140,200,200,300,680,680,680,680,680,680,37,0,73,126.70245995694721,12.697332073003054,694.3791250232607,8002.972972972973
1777647882,225,,Aggregated,93.700000,0.000000,160,200,250,280,440,590,860,990,1100,1100,1100,2696,0,120,236.3209076280511,9.263879852369428,1542.5426349975169,10664.381676557863
1777647883,230,GET,/,75.300000,0.000000,170,220,270,300,460,600,890,1000,1100,1100,1100,2149,0,130,257.0621740520859,9.263879852369428,1542.5426349975169,10532.877152163797
1777647883,230,POST,/cart,7.400000,0.000000,170,210,240,280,340,630,820,870,870,870,870,238,0,120,198.1263537411852,18.31245212815702,1002.6395618915558,17113.117647058825
1777647883,230,POST,/cart/checkout,3.800000,0.000000,120,130,130,150,160,180,230,230,230,230,230,101,0,90,147.1315487518464,16.733490861952305,1017.4640929326415,6802.40594059406
1777647883,230,GET,/product/0PUK6V6EV0,0.900000,0.000000,160,160,160,200,210,210,210,210,210,210,210,38,0,98,138.91075017224802,14.059754088521004,506.02738303132355,7987.210526315789
1777647883,230,GET,/product/1YMWWN1N4O,0.900000,0.000000,130,190,200,200,250,250,250,250,250,250,250,31,0,98,117.04851352729865,11.675014859065413,336.1741788685322,8011.5161290322585
1777647883,230,GET,/product/2ZYFJ3GM2N,1.600000,0.000000,98,100,140,160,200,300,300,300,300,300,300,41,0,98,112.60081300080368,13.80692794919014,304.03503798879683,8002.585365853659
1777647883,230,GET,/product/66VCHSJNUP,0.700000,0.000000,100,100,100,100,140,160,160,160,160,160,160,34,0,94,107.27491016801008,9.43926116451621,440.6166800763458,7995.794117647059
1777647883,230,GET,/product/6E92ZMYYFZ,1.500000,0.000000,110,150,190,190,290,300,300,300,300,300,300,38,0,100,131.41998754642708,11.18084299378097,502.80240504071116,7960.4473684210525
1777647883,230,GET,/product/9SIQT8TOJO,1.500000,0.000000,110,130,160,200,200,260,260,260,260,260,260,46,0,98,115.1906831605036,14.40224307589233,594.8572841007262,8012.5
1777647883,230,GET,/product/L9ECAV7KIM,1.500000,0.000000,160,160,200,200,300,680,680,680,680,680,680,44,0,130,156.22319310734218,10.552287101745605,675.1650378573686,7978.727272727273
1777647883,230,GET,/product/LS4PSXUNUM,1.100000,0.000000,150,190,200,200,210,240,240,240,240,240,240,27,0,140,133.5963670561021,12.288379948586226,299.9414959922433,7984.074074074074
1777647883,230,GET,/product/OLJCESPC7Z,1.200000,0.000000,100,120,200,200,300,680,680,680,680,680,680,38,0,73,126.65037111697816,12.697332073003054,694.3791250232607,8002.184210526316
1777647883,230,,Aggregated,97.400000,0.000000,160,200,240,280,430,590,860,990,1100,1100,1100,2825,0,120,232.63661267919943,9.263879852369428,1542.5426349975169,10650.881769911504
1777647884,235,GET,/,83.800000,0.000000,190,240,280,300,450,600,880,1000,1100,1100,1100,2240,0,140,255.24810852501625,9.263879852369428,1542.5426349975169,10533.249107142858
1777647884,235,POST,/cart,7.500000,0.000000,180,220,250,280,340,630,820,870,870,870,870,247,0,130,198.30020999739529,18.31245212815702,1002.6395618915558,17111.712550607288
1777647884,235,POST,/cart/checkout,4.000000,0.000000,120,130,140,150,160,180,230,230,230,230,230,106,0,90,144.81576446900672,16.733490861952305,1017.4640929326415,6802.443396226415
1777647884,235,GET,/product/0PUK6V6EV0,1.100000,0.000000,150,160,160,200,210,240,240,240,240,240,240,42,0,100,139.45315615828372,14.059754088521004,506.02738303132355,7989.261904761905
1777647884,235,GET,/product/1YMWWN1N4O,1.000000,0.000000,130,190,190,200,250,250,250,250,250,250,250,32,0,98,116.61996864131652,11.675014859065413,336.1741788685322,8012.5625
1777647884,235,GET,/product/2ZYFJ3GM2N,1.800000,0.000000,110,140,160,200,200,300,300,300,300,300,300,44,0,98,115.91104504292493,13.80692794919014,304.03503798879683,8006.522727272727
1777647884,235,GET,/product/66VCHSJNUP,0.800000,0.000000,100,100,140,140,160,160,160,160,160,160,160,37,0,100,109.40342318467997,9.43926116451621,440.6166800763458,7995.810810810811
1777647884,235,GET,/product/6E92ZMYYFZ,1.500000,0.000000,100,140,190,190,290,300,300,300,300,300,300,40,0,100,129.78427588823251,11.18084299378097,502.80240504071116,7960.65
1777647884,235,GET,/product/9SIQT8TOJO,1.800000,0.000000,110,160,200,200,230,260,260,260,260,260,260,47,0,100,117.63721389913971,14.40224307589233,594.8572841007262,8013.276595744681
1777647884,235,GET,/product/L9ECAV7KIM,1.600000,0.000000,160,160,200,200,300,680,680,680,680,680,680,44,0,130,156.22319310734218,10.552287101745605,675.1650378573686,7978.727272727273
1777647884,235,GET,/product/LS4PSXUNUM,1.400000,0.000000,140,190,200,200,210,240,240,240,240,240,240,28,0,140,133.82729255161914,12.288379948586226,299.9414959922433,7982.035714285715
1777647884,235,GET,/product/OLJCESPC7Z,1.400000,0.000000,100,120,200,200,300,680,680,680,680,680,680,38,0,73,126.65037111697816,12.697332073003054,694.3791250232607,8002.184210526316
1777647884,235,,Aggregated,107.700000,0.000000,180,220,250,290,420,590,850,990,1100,1100,1100,2945,0,130,231.23167710472057,9.263879852369428,1542.5426349975169,10647.167062818336
1777647885,240,GET,/,78.600000,0.000000,190,220,260,280,450,600,880,1000,1100,1100,1100,2334,0,140,252.0624449236786,9.263879852369428,1542.5426349975169,10533.509425878321
1777647885,240,POST,/cart,8.500000,0.000000,180,210,240,280,380,700,820,870,870,870,870,255,0,140,198.08738556160938,18.31245212815702,1002.6395618915558,17130.011764705883
1777647885,240,POST,/cart/checkout,4.100000,0.000000,120,130,130,140,160,220,230,230,230,230,230,108,0,87,143.50403324675023,16.733490861952305,1017.4640929326415,6802.5
1777647885,240,GET,/product/0PUK6V6EV0,0.900000,0.000000,150,160,160,200,210,240,240,240,240,240,240,43,0,100,139.47558982925878,14.059754088521004,506.02738303132355,7990.7441860465115
1777647885,240,GET,/product/1YMWWN1N4O,1.100000,0.000000,150,190,190,190,250,250,250,250,250,250,250,36,0,100,121.41323281038139,11.675014859065413,336.1741788685322,8015.083333333333
1777647885,240,GET,/product/2ZYFJ3GM2N,1.500000,0.000000,140,140,160,200,200,300,300,300,300,300,300,46,0,98,116.98025623943819,13.80692794919014,304.03503798879683,8007.260869565217
1777647885,240,GET,/product/66VCHSJNUP,0.800000,0.000000,100,140,140,140,160,190,190,190,190,190,190,39,0,100,112.50092517823363,9.43926116451621,440.6166800763458,7993.051282051282
1777647885,240,GET,/product/6E92ZMYYFZ,1.700000,0.000000,110,150,190,200,290,300,300,300,300,300,300,43,0,100,131.18569627079333,11.18084299378097,502.80240504071116,7963.139534883721
1777647885,240,GET,/product/9SIQT8TOJO,1.600000,0.000000,130,160,200,200,230,260,260,260,260,260,260,49,0,100,119.55901984201402,14.40224307589233,594.8572841007262,8014.102040816327
1777647885,240,GET,/product/L9ECAV7KIM,1.500000,0.000000,160,160,200,200,300,680,680,680,680,680,680,46,0,130,155.7439551739346,10.552287101745605,675.1650378573686,7978.630434782609
1777647885,240,GET,/product/LS4PSXUNUM,1.300000,0.000000,140,160,200,200,210,240,240,240,240,240,240,30,0,140,134.68199995501587,12.288379948586226,299.9414959922433,7982.0
1777647885,240,GET,/product/OLJCESPC7Z,1.500000,0.000000,110,140,200,200,300,680,680,680,680,680,680,39,0,93,126.17374301100007,12.697332073003054,694.3791250232607,8003.820512820513
1777647885,240,,Aggregated,103.100000,0.000000,180,210,240,260,410,580,850,990,1100,1100,1100,3068,0,130,228.84167366346338,9.263879852369428,1542.5426349975169,10643.407431551499
1777647886,245,GET,/,82.100000,0.000000,200,240,280,300,450,590,880,1000,1100,1100,1100,2425,0,150,251.77479080923055,9.263879852369428,1542.5426349975169,10533.719175257733
1777647886,245,POST,/cart,8.300000,0.000000,180,210,240,280,340,630,820,870,870,870,870,267,0,140,197.48515801762375,18.31245212815702,1002.6395618915558,17126.205992509364
1777647886,245,POST,/cart/checkout,4.200000,0.000000,120,130,140,160,170,210,230,230,230,230,230,116,0,91,142.9393739551948,16.733490861952305,1017.4640929326415,6802.181034482759
1777647886,245,GET,/product/0PUK6V6EV0,1.100000,0.000000,140,150,160,200,210,240,240,240,240,240,240,48,0,110,141.0720205749385,14.059754088521004,506.02738303132355,7991.791666666667
1777647886,245,GET,/product/1YMWWN1N4O,1.200000,0.000000,160,190,190,200,250,250,250,250,250,250,250,36,0,100,121.41323281038139,11.675014859065413,336.1741788685322,8015.083333333333
1777647886,245,GET,/product/2ZYFJ3GM2N,1.500000,0.000000,140,140,140,200,200,300,300,300,300,300,300,47,0,100,117.4836931254794,13.80692794919014,304.03503798879683,8006.297872340426
1777647886,245,GET,/product/66VCHSJNUP,1.200000,0.000000,100,140,140,140,160,190,190,190,190,190,190,39,0,100,112.50092517823363,9.43926116451621,440.6166800763458,7993.051282051282
1777647886,245,GET,/product/6E92ZMYYFZ,1.900000,0.000000,140,160,190,200,290,300,300,300,300,300,300,45,0,100,132.06772185965545,11.18084299378097,502.80240504071116,7964.466666666666
1777647886,245,GET,/product/9SIQT8TOJO,1.900000,0.000000,130,160,200,200,230,260,260,260,260,260,260,49,0,100,119.55901984201402,14.40224307589233,594.8572841007262,8014.102040816327
1777647886,245,GET,/product/L9ECAV7KIM,1.600000,0.000000,140,190,200,290,300,680,680,680,680,680,680,47,0,130,154.70959350684697,10.552287101745605,675.1650378573686,7979.446808510638
1777647886,245,GET,/product/LS4PSXUNUM,1.200000,0.000000,140,170,190,200,210,240,240,240,240,240,240,32,0,140,135.95453926973278,12.288379948586226,299.9414959922433,7983.34375
1777647886,245,GET,/product/OLJCESPC7Z,1.500000,0.000000,110,160,200,200,300,680,680,680,680,680,680,41,0,93,125.10103333128116,12.697332073003054,694.3791250232607,8006.90243902439
1777647886,245,,Aggregated,107.700000,0.000000,180,220,250,280,410,570,820,990,1100,1100,1100,3192,0,140,228.529903910868,9.263879852369428,1542.5426349975169,10644.131892230576
1777647887,250,GET,/,83.400000,0.000000,200,240,280,300,450,590,870,1000,1100,1100,1100,2529,0,160,250.27844007651754,9.263879852369428,1542.5426349975169,10534.121391854487
1777647887,250,POST,/cart,8.700000,0.000000,190,220,240,280,340,630,820,870,870,870,870,277,0,150,197.38445377871662,18.31245212815702,1002.6395618915558,17137.725631768953
1777647887,250,POST,/cart/checkout,4.200000,0.000000,120,130,140,160,200,210,230,230,230,230,230,120,0,96,142.97386599549404,16.733490861952305,1017.4640929326415,6802.966666666666
1777647887,250,GET,/product/0PUK6V6EV0,1.300000,0.000000,140,150,160,200,210,240,260,260,260,260,260,51,0,140,143.21042481791594,14.059754088521004,506.02738303132355,7993.3725490196075
1777647887,250,GET,/product/1YMWWN1N4O,1.300000,0.000000,160,190,200,200,250,250,250,250,250,250,250,38,0,100,123.89848557742019,11.675014859065413,336.1741788685322,8014.9473684210525
1777647887,250,GET,/product/2ZYFJ3GM2N,1.500000,0.000000,140,140,140,200,200,300,300,300,300,300,300,48,0,100,117.99695970936834,13.80692794919014,304.03503798879683,8005.333333333333
1777647887,250,GET,/product/66VCHSJNUP,1.400000,0.000000,100,140,140,160,160,190,190,190,190,190,190,39,0,100,112.50092517823363,9.43926116451621,440.6166800763458,7993.051282051282
1777647887,250,GET,/product/6E92ZMYYFZ,1.800000,0.000000,140,150,190,190,200,290,300,300,300,300,300,47,0,100,130.82352269718305,11.18084299378097,502.80240504071116,7964.212765957447
1777647887,250,GET,/product/9SIQT8TOJO,1.800000,0.000000,140,160,190,200,200,230,260,260,260,260,260,53,0,100,122.45245126322052,14.40224307589233,594.8572841007262,8013.2830188679245
1777647887,250,GET,/product/L9ECAV7KIM,1.800000,0.000000,190,200,200,290,300,680,680,680,680,680,680,50,0,140,157.14646339416504,10.552287101745605,675.1650378573686,7981.48
1777647887,250,GET,/product/LS4PSXUNUM,1.300000,0.000000,150,170,190,200,210,240,240,240,240,240,240,34,0,140,137.6299048664377,12.288379948586226,299.9414959922433,7983.823529411765
1777647887,250,GET,/product/OLJCESPC7Z,1.300000,0.000000,120,140,160,200,300,680,680,680,680,680,680,45,0,99,126.9386996825536,12.697332073003054,694.3791250232607,8007.711111111111
1777647887,250,,Aggregated,109.800000,0.000000,190,220,250,280,410,560,820,990,1100,1100,1100,3331,0,140,227.48047545479838,9.263879852369428,1542.5426349975169,10640.170219153408
1777647888,255,GET,/,86.100000,0.000000,200,230,250,280,350,450,530,650,1100,1100,1100,2623,0,160,248.94351264450512,9.263879852369428,1542.5426349975169,10534.219977125429
1777647888,255,POST,/cart,8.400000,0.000000,190,210,230,230,280,300,560,590,590,590,590,287,0,150,197.97432772046156,18.31245212815702,1002.6395618915558,17148.65156794425
1777647888,255,POST,/cart/checkout,4.000000,0.000000,120,130,150,160,200,210,230,230,230,230,230,123,0,100,143.33852384867888,16.733490861952305,1017.4640929326415,6802.845528455285
1777647888,255,GET,/product/0PUK6V6EV0,1.500000,0.000000,140,150,160,160,240,260,260,260,260,260,260,51,0,140,143.21042481791594,14.059754088521004,506.02738303132355,7993.3725490196075
1777647888,255,GET,/product/1YMWWN1N4O,1.600000,0.000000,160,190,190,200,250,250,250,250,250,250,250,41,0,130,124.88616665643526,11.675014859065413,336.1741788685322,8013.731707317073
1777647888,255,GET,/product/2ZYFJ3GM2N,1.500000,0.000000,140,140,160,160,200,300,300,300,300,300,300,53,0,100,122.12793152990206,13.80692794919014,304.03503798879683,8005.962264150943
1777647888,255,GET,/product/66VCHSJNUP,1.600000,0.000000,100,140,140,140,160,190,190,190,190,190,190,40,0,100,113.26332279713824,9.43926116451621,440.6166800763458,7992.675
1777647888,255,GET,/product/6E92ZMYYFZ,1.900000,0.000000,140,150,190,200,290,300,300,300,300,300,300,47,0,100,130.82352269718305,11.18084299378097,502.80240504071116,7964.212765957447
1777647888,255,GET,/product/9SIQT8TOJO,2.000000,0.000000,140,150,160,190,200,230,260,260,260,260,260,55,0,100,121.81140760129148,14.40224307589233,594.8572841007262,8013.690909090909
1777647888,255,GET,/product/L9ECAV7KIM,1.400000,0.000000,190,200,200,200,290,300,300,300,300,300,300,51,0,140,156.7099455232714,10.552287101745605,675.1650378573686,7981.254901960784
1777647888,255,GET,/product/LS4PSXUNUM,1.500000,0.000000,160,170,190,200,210,240,240,240,240,240,240,36,0,140,138.7815202663963,12.288379948586226,299.9414959922433,7986.5
1777647888,255,GET,/product/OLJCESPC7Z,1.500000,0.000000,120,140,140,160,200,300,300,300,300,300,300,46,0,99,127.20526342847101,12.697332073003054,694.3791250232607,8007.04347826087
1777647888,255,,Aggregated,113.000000,0.000000,190,210,240,260,310,420,520,590,990,1100,1100,3453,0,150,226.62716449207073,9.263879852369428,1542.5426349975169,10642.303214596004
1777647889,260,GET,/,87.800000,0.000000,200,230,250,260,290,310,340,360,400,400,400,2734,0,170,249.95648985164513,9.263879852369428,1542.5426349975169,10534.678127286028
1777647889,260,POST,/cart,8.500000,0.000000,190,210,230,240,280,310,350,350,350,350,350,297,0,160,200.14282934185783,18.31245212815702,1002.6395618915558,17168.23232323232
1777647889,260,POST,/cart/checkout,4.500000,0.000000,120,130,140,160,190,200,210,210,210,210,210,125,0,100,143.461137002334,16.733490861952305,1017.4640929326415,6803.136
1777647889,260,GET,/product/0PUK6V6EV0,1.800000,0.000000,140,150,160,200,260,300,300,300,300,300,300,52,0,140,146.18937659095258,14.059754088521004,506.02738303132355,7994.634615384615
1777647889,260,GET,/product/1YMWWN1N4O,1.400000,0.000000,150,160,190,190,200,200,200,200,200,200,200,42,0,130,126.62262292689688,11.675014859065413,336.1741788685322,8015.047619047619
1777647889,260,GET,/product/2ZYFJ3GM2N,1.500000,0.000000,140,150,160,160,200,200,200,200,200,200,200,55,0,110,124.00103623724796,13.80692794919014,304.03503798879683,8005.127272727273
1777647889,260,GET,/product/66VCHSJNUP,1.500000,0.000000,140,140,140,140,160,190,190,190,190,190,190,41,0,100,113.95696963456164,9.43926116451621,440.6166800763458,7991.634146341464
1777647889,260,GET,/product/6E92ZMYYFZ,1.900000,0.000000,110,140,150,160,200,200,200,200,200,200,200,48,0,100,132.36176789117357,11.18084299378097,502.80240504071116,7964.791666666667
1777647889,260,GET,/product/9SIQT8TOJO,2.000000,0.000000,140,160,160,190,200,230,230,230,230,230,230,58,0,100,124.07749668486288,14.40224307589233,594.8572841007262,8014.931034482759
1777647889,260,GET,/product/L9ECAV7KIM,1.700000,0.000000,190,200,200,200,200,290,300,300,300,300,300,57,0,140,157.484303489981,10.552287101745605,675.1650378573686,7982.929824561404
1777647889,260,GET,/product/LS4PSXUNUM,1.700000,0.000000,140,160,160,160,190,200,200,200,200,200,200,36,0,140,138.7815202663963,12.288379948586226,299.9414959922433,7986.5
1777647889,260,GET,/product/OLJCESPC7Z,1.400000,0.000000,120,140,140,160,200,200,200,200,200,200,200,47,0,100,128.70103976332604,12.697332073003054,694.3791250232607,8008.0
1777647889,260,,Aggregated,115.700000,0.000000,190,220,240,250,290,310,340,360,400,400,400,3592,0,150,227.93428306008911,9.263879852369428,1542.5426349975169,10645.198218262807
1777647890,265,GET,/,89.700000,0.000000,210,230,250,260,290,310,340,360,400,400,400,2824,0,170,248.4328063587769,9.263879852369428,1542.5426349975169,10534.896246458924
1777647890,265,POST,/cart,9.100000,0.000000,200,210,230,230,280,310,350,350,350,350,350,308,0,160,199.95968810633406,18.31245212815702,1002.6395618915558,17152.045454545456
1777647890,265,POST,/cart/checkout,4.000000,0.000000,120,130,140,150,180,200,210,210,210,210,210,134,0,100,141.7931095999318,16.733490861952305,1017.4640929326415,6801.9701492537315
1777647890,265,GET,/product/0PUK6V6EV0,1.800000,0.000000,140,150,160,200,260,300,300,300,300,300,300,53,0,140,145.99562938904987,14.059754088521004,506.02738303132355,7995.547169811321
1777647890,265,GET,/product/1YMWWN1N4O,1.600000,0.000000,160,190,190,190,200,200,200,200,200,200,200,42,0,130,126.62262292689688,11.675014859065413,336.1741788685322,8015.047619047619
1777647890,265,GET,/product/2ZYFJ3GM2N,1.400000,0.000000,140,150,160,160,190,200,200,200,200,200,200,58,0,110,124.44469663876527,13.80692794919014,304.03503798879683,8006.051724137931
1777647890,265,GET,/product/66VCHSJNUP,1.500000,0.000000,140,140,160,160,190,190,190,190,190,190,190,43,0,100,115.62667976588358,9.43926116451621,440.6166800763458,7991.162790697675
1777647890,265,GET,/product/6E92ZMYYFZ,2.000000,0.000000,140,150,160,160,190,200,200,200,200,200,200,52,0,100,133.29999370930287,11.18084299378097,502.80240504071116,7963.365384615385
1777647890,265,GET,/product/9SIQT8TOJO,1.900000,0.000000,150,160,190,190,190,200,230,230,230,230,230,63,0,110,127.28481753433626,14.40224307589233,594.8572841007262,8017.936507936508
1777647890,265,GET,/product/L9ECAV7KIM,1.500000,0.000000,140,190,200,200,200,200,200,200,200,200,200,57,0,140,157.484303489981,10.552287101745605,675.1650378573686,7982.929824561404
1777647890,265,GET,/product/LS4PSXUNUM,1.900000,0.000000,150,160,160,170,170,190,190,190,190,190,190,37,0,140,139.50632947396386,12.288379948586226,299.9414959922433,7987.351351351352
1777647890,265,GET,/product/OLJCESPC7Z,1.400000,0.000000,140,160,200,200,200,200,200,200,200,200,200,51,0,100,132.42515257340582,12.697332073003054,694.3791250232607,8010.882352941177
1777647890,265,,Aggregated,117.800000,0.000000,200,220,240,250,290,300,330,350,400,400,400,3722,0,160,226.55839048471645,9.263879852369428,1542.5426349975169,10637.170069854918
1777647891,270,GET,/,94.200000,0.000000,210,240,250,260,290,310,340,360,400,400,400,2936,0,180,247.06591337283868,9.263879852369428,1542.5426349975169,10535.194141689373
1777647891,270,POST,/cart,9.100000,0.000000,210,230,230,240,280,310,320,350,350,350,350,323,0,170,201.27517401151383,18.31245212815702,1002.6395618915558,17176.5479876161
1777647891,270,POST,/cart/checkout,4.200000,0.000000,120,130,150,150,190,200,210,210,210,210,210,145,0,110,140.22632382874346,16.733490861952305,1017.4640929326415,6802.08275862069
1777647891,270,GET,/product/0PUK6V6EV0,1.800000,0.000000,140,150,160,200,260,300,300,300,300,300,300,56,0,140,145.3523975672267,14.059754088521004,506.02738303132355,7994.696428571428
1777647891,270,GET,/product/1YMWWN1N4O,1.800000,0.000000,150,160,190,190,200,200,200,200,200,200,200,43,0,130,126.13524283758949,11.675014859065413,336.1741788685322,8016.813953488372
1777647891,270,GET,/product/2ZYFJ3GM2N,1.800000,0.000000,140,150,160,160,190,200,200,200,200,200,200,61,0,110,124.27256142598439,13.80692794919014,304.03503798879683,8008.262295081967
1777647891,270,GET,/product/66VCHSJNUP,1.600000,0.000000,140,140,160,160,190,190,190,190,190,190,190,43,0,100,115.62667976588358,9.43926116451621,440.6166800763458,7991.162790697675
1777647891,270,GET,/product/6E92ZMYYFZ,2.000000,0.000000,140,160,160,190,200,200,200,200,200,200,200,56,0,100,134.68246376474522,11.18084299378097,502.80240504071116,7963.035714285715
1777647891,270,GET,/product/9SIQT8TOJO,2.300000,0.000000,150,160,190,190,190,200,230,230,230,230,230,68,0,110,129.03675515382716,14.40224307589233,594.8572841007262,8015.308823529412
1777647891,270,GET,/product/L9ECAV7KIM,1.700000,0.000000,160,190,200,200,200,200,200,200,200,200,200,57,0,140,157.484303489981,10.552287101745605,675.1650378573686,7982.929824561404
1777647891,270,GET,/product/LS4PSXUNUM,2.000000,0.000000,150,160,160,170,170,190,190,190,190,190,190,37,0,140,139.50632947396386,12.288379948586226,299.9414959922433,7987.351351351352
1777647891,270,GET,/product/OLJCESPC7Z,1.400000,0.000000,140,170,200,200,200,200,200,200,200,200,200,54,0,100,133.21880285662633,12.697332073003054,694.3791250232607,8013.685185185185
1777647891,270,,Aggregated,123.900000,0.000000,200,220,240,250,290,300,330,350,400,400,400,3879,0,160,225.44346872164206,9.263879852369428,1542.5426349975169,10637.915957721063
1777647892,275,GET,/,92.700000,0.000000,210,240,250,260,290,320,350,360,450,450,450,3016,0,180,246.65777507416882,9.263879852369428,1542.5426349975169,10535.443965517241
1777647892,275,POST,/cart,9.800000,0.000000,210,230,230,240,280,310,350,350,350,350,350,329,0,170,201.75300746389004,18.31245212815702,1002.6395618915558,17184.854103343467
1777647892,275,POST,/cart/checkout,4.000000,0.000000,120,130,150,150,190,200,200,210,210,210,210,154,0,110,138.52521610391847,16.733490861952305,1017.4640929326415,6802.642857142857
1777647892,275,GET,/product/0PUK6V6EV0,1.800000,0.000000,140,160,160,200,260,300,300,300,300,300,300,57,0,140,145.64847701490578,14.059754088521004,506.02738303132355,7993.9473684210525
1777647892,275,GET,/product/1YMWWN1N4O,1.600000,0.000000,140,150,160,190,200,200,200,200,200,200,200,45,0,110,125.19328604555793,11.675014859065413,336.1741788685322,8017.866666666667
1777647892,275,GET,/product/2ZYFJ3GM2N,1.900000,0.000000,140,150,160,160,190,200,200,200,200,200,200,61,0,110,124.27256142598439,13.80692794919014,304.03503798879683,8008.262295081967
1777647892,275,GET,/product/66VCHSJNUP,1.600000,0.000000,140,140,160,160,190,190,190,190,190,190,190,45,0,100,116.70905875249042,9.43926116451621,440.6166800763458,7991.311111111111
1777647892,275,GET,/product/6E92ZMYYFZ,2.000000,0.000000,140,160,160,190,200,200,200,200,200,200,200,56,0,100,134.68246376474522,11.18084299378097,502.80240504071116,7963.035714285715
1777647892,275,GET,/product/9SIQT8TOJO,2.100000,0.000000,150,160,190,190,190,200,230,230,230,230,230,71,0,110,127.92263879821124,14.40224307589233,594.8572841007262,8013.338028169014
1777647892,275,GET,/product/L9ECAV7KIM,1.700000,0.000000,140,190,200,200,200,200,200,200,200,200,200,59,0,140,156.27562920405072,10.552287101745605,675.1650378573686,7983.559322033899
1777647892,275,GET,/product/LS4PSXUNUM,1.600000,0.000000,160,160,170,170,170,190,190,190,190,190,190,38,0,140,139.4837909365857,12.288379948586226,299.9414959922433,7986.394736842105
1777647892,275,GET,/product/OLJCESPC7Z,1.300000,0.000000,140,160,200,200,200,200,200,200,200,200,200,57,0,110,134.07665145534435,12.697332073003054,694.3791250232607,8013.456140350877
1777647892,275,,Aggregated,122.100000,0.000000,200,220,240,250,290,310,340,360,400,450,450,3988,0,160,224.9712657846404,9.263879852369428,1542.5426349975169,10628.648946840522
1777647893,280,GET,/,95.500000,0.000000,230,250,280,300,350,390,420,450,490,490,490,3129,0,190,251.20849119368066,9.263879852369428,1542.5426349975169,10535.663790348353
1777647893,280,POST,/cart,9.800000,0.000000,220,240,280,280,320,340,350,350,390,390,390,350,0,180,207.58166947668153,18.31245212815702,1002.6395618915558,17206.165714285715
1777647893,280,POST,/cart/checkout,4.800000,0.000000,120,150,160,180,200,210,270,290,290,290,290,164,0,110,142.1758856769174,16.733490861952305,1017.4640929326415,6802.6890243902435
1777647893,280,GET,/product/0PUK6V6EV0,2.100000,0.000000,140,150,160,200,260,300,300,300,300,300,300,57,0,140,145.64847701490578,14.059754088521004,506.02738303132355,7993.9473684210525
1777647893,280,GET,/product/1YMWWN1N4O,1.500000,0.000000,150,160,190,190,200,200,200,200,200,200,200,46,0,110,126.63173852184707,11.675014859065413,336.1741788685322,8017.304347826087
1777647893,280,GET,/product/2ZYFJ3GM2N,2.100000,0.000000,140,160,160,160,200,200,200,200,200,200,200,62,0,110,125.50401912942048,13.80692794919014,304.03503798879683,8007.612903225807
1777647893,280,GET,/product/66VCHSJNUP,1.500000,0.000000,140,140,160,190,190,190,190,190,190,190,190,45,0,100,116.70905875249042,9.43926116451621,440.6166800763458,7991.311111111111
1777647893,280,GET,/product/6E92ZMYYFZ,2.100000,0.000000,160,160,190,200,200,200,200,200,200,200,200,58,0,100,135.3023560830103,11.18084299378097,502.80240504071116,7964.482758620689
1777647893,280,GET,/product/9SIQT8TOJO,2.400000,0.000000,150,190,190,190,200,230,230,230,230,230,230,74,0,110,129.94368963346287,14.40224307589233,594.8572841007262,8014.391891891892
1777647893,280,GET,/product/L9ECAV7KIM,1.700000,0.000000,140,190,200,200,200,200,200,200,200,200,200,59,0,140,156.27562920405072,10.552287101745605,675.1650378573686,7983.559322033899
1777647893,280,GET,/product/LS4PSXUNUM,1.400000,0.000000,160,170,190,200,240,290,290,290,290,290,290,41,0,150,147.18385303120425,12.288379948586226,299.9414959922433,7985.926829268293
1777647893,280,GET,/product/OLJCESPC7Z,1.600000,0.000000,150,170,200,200,200,200,200,200,200,200,200,58,0,110,135.2957541741238,12.697332073003054,694.3791250232607,8014.5
1777647893,280,,Aggregated,126.500000,0.000000,210,240,260,280,330,370,410,440,490,490,490,4143,0,170,229.23661646867703,9.263879852369428,1542.5426349975169,10645.11754767077
1777647894,285,GET,/,96.500000,0.000000,230,270,300,310,380,410,460,480,500,500,500,3229,0,190,253.57324030906764,9.263879852369428,1542.5426349975169,10535.961907711366
1777647894,285,POST,/cart,10.300000,0.000000,220,240,280,290,320,350,350,390,390,390,390,363,0,180,208.20406358175944,18.31245212815702,1002.6395618915558,17202.801652892562
1777647894,285,POST,/cart/checkout,5.300000,0.000000,130,150,170,190,210,250,270,290,290,290,290,172,0,120,143.0725694070895,16.733490861952305,1017.4640929326415,6802.96511627907
1777647894,285,GET,/product/0PUK6V6EV0,2.100000,0.000000,140,160,200,200,260,300,300,300,300,300,300,58,0,140,146.55357987844738,14.059754088521004,506.02738303132355,7993.362068965517
1777647894,285,GET,/product/1YMWWN1N4O,1.400000,0.000000,160,190,200,200,200,200,200,200,200,200,200,50,0,130,132.54831538069993,11.675014859065413,336.1741788685322,8016.24
1777647894,285,GET,/product/2ZYFJ3GM2N,2.200000,0.000000,150,160,160,190,200,200,200,200,200,200,200,63,0,140,126.53729868387538,13.80692794919014,304.03503798879683,8008.714285714285
1777647894,285,GET,/product/66VCHSJNUP,1.400000,0.000000,160,190,190,190,200,200,200,200,200,200,200,49,0,100,122.6731397743736,9.43926116451621,440.6166800763458,7993.530612244898
1777647894,285,GET,/product/6E92ZMYYFZ,2.400000,0.000000,160,160,190,200,200,200,200,200,200,200,200,59,0,100,134.87252174339935,11.18084299378097,502.80240504071116,7965.322033898305
1777647894,285,GET,/product/9SIQT8TOJO,2.700000,0.000000,150,190,190,190,200,200,230,230,230,230,230,75,0,110,130.85547990476093,14.40224307589233,594.8572841007262,8015.36
1777647894,285,GET,/product/L9ECAV7KIM,1.700000,0.000000,140,190,200,200,200,200,200,200,200,200,200,59,0,140,156.27562920405072,10.552287101745605,675.1650378573686,7983.559322033899
1777647894,285,GET,/product/LS4PSXUNUM,1.100000,0.000000,160,170,200,200,240,290,290,290,290,290,290,44,0,140,146.882851856803,12.288379948586226,299.9414959922433,7987.727272727273
1777647894,285,GET,/product/OLJCESPC7Z,1.800000,0.000000,150,170,200,200,200,200,200,200,200,200,200,58,0,110,135.2957541741238,12.697332073003054,694.3791250232607,8014.5
1777647894,285,,Aggregated,128.900000,0.000000,220,250,280,300,350,400,450,470,500,500,500,4279,0,170,231.21916526448845,9.263879852369428,1542.5426349975169,10646.049076887122
1777647895,290,GET,/,96.100000,0.000000,240,270,290,310,370,410,460,480,500,500,500,3350,0,200,252.29450346936764,9.263879852369428,1542.5426349975169,10536.168059701493
1777647895,290,POST,/cart,9.400000,0.000000,210,240,280,290,320,350,350,390,390,390,390,374,0,180,206.91446462312445,18.31245212815702,1002.6395618915558,17195.893048128342
1777647895,290,POST,/cart/checkout,5.600000,0.000000,130,150,180,190,210,250,270,290,290,290,290,178,0,120,142.8604452554241,16.733490861952305,1017.4640929326415,6803.185393258427
1777647895,290,GET,/product/0PUK6V6EV0,2.000000,0.000000,140,160,160,200,260,300,300,300,300,300,300,59,0,140,145.7581152721166,14.059754088521004,506.02738303132355,7992.728813559322
1777647895,290,GET,/product/1YMWWN1N4O,1.500000,0.000000,160,190,200,200,200,200,200,200,200,200,200,50,0,130,132.54831538069993,11.675014859065413,336.1741788685322,8016.24
1777647895,290,GET,/product/2ZYFJ3GM2N,2.200000,0.000000,150,160,160,190,200,200,200,200,200,200,200,64,0,130,126.61925334759871,13.80692794919014,304.03503798879683,8009.65625
1777647895,290,GET,/product/66VCHSJNUP,1.500000,0.000000,160,190,190,200,200,200,200,200,200,200,200,51,0,100,123.79627211439406,9.43926116451621,440.6166800763458,7995.235294117647
1777647895,290,GET,/product/6E92ZMYYFZ,2.000000,0.000000,160,190,200,200,200,200,200,200,200,200,200,65,0,110,137.88233890484733,11.18084299378097,502.80240504071116,7964.0615384615385
1777647895,290,GET,/product/9SIQT8TOJO,3.000000,0.000000,150,190,190,190,200,200,230,230,230,230,230,77,0,110,131.3014456869236,14.40224307589233,594.8572841007262,8014.623376623376
1777647895,290,GET,/product/L9ECAV7KIM,1.600000,0.000000,190,200,200,200,200,200,200,200,200,200,200,60,0,140,156.94387078207606,10.552287101745605,675.1650378573686,7982.4
1777647895,290,GET,/product/LS4PSXUNUM,1.300000,0.000000,170,190,200,200,240,290,290,290,290,290,290,46,0,150,149.2639674258459,12.288379948586226,299.9414959922433,7989.347826086957
1777647895,290,GET,/product/OLJCESPC7Z,1.900000,0.000000,150,200,200,200,200,200,200,200,200,200,200,59,0,110,136.37098425730937,12.697332073003054,694.3791250232607,8016.050847457627
1777647895,290,,Aggregated,128.100000,0.000000,220,250,280,290,350,390,450,470,500,500,500,4433,0,180,230.32875444968843,9.263879852369428,1542.5426349975169,10644.110760207534
1777647896,295,GET,/,96.600000,0.000000,240,270,290,300,380,410,460,480,500,500,500,3443,0,200,252.10000244852435,9.263879852369428,1542.5426349975169,10536.508277664827
1777647896,295,POST,/cart,11.400000,0.000000,220,240,280,290,320,350,350,390,390,390,390,386,0,180,207.07074610861451,18.31245212815702,1002.6395618915558,17198.642487046633
1777647896,295,POST,/cart/checkout,6.500000,0.000000,130,160,180,190,210,260,270,290,290,290,290,185,0,120,143.2598827092128,16.733490861952305,1017.4640929326415,6802.935135135135
1777647896,295,GET,/product/0PUK6V6EV0,1.800000,0.000000,140,160,160,200,260,300,300,300,300,300,300,61,0,140,144.32776713606398,14.059754088521004,506.02738303132355,7991.426229508197
1777647896,295,GET,/product/1YMWWN1N4O,1.500000,0.000000,160,200,200,200,200,200,200,200,200,200,200,53,0,130,132.50618873884514,11.675014859065413,336.1741788685322,8017.320754716981
1777647896,295,GET,/product/2ZYFJ3GM2N,2.100000,0.000000,150,160,160,190,200,200,200,200,200,200,200,65,0,130,126.32920389565137,13.80692794919014,304.03503798879683,8009.076923076923
1777647896,295,GET,/product/66VCHSJNUP,1.100000,0.000000,160,190,200,200,200,200,200,200,200,200,200,51,0,100,123.79627211439406,9.43926116451621,440.6166800763458,7995.235294117647
1777647896,295,GET,/product/6E92ZMYYFZ,1.900000,0.000000,160,190,200,200,200,200,200,200,200,200,200,67,0,110,139.29245742941416,11.18084299378097,502.80240504071116,7964.462686567164
1777647896,295,GET,/product/9SIQT8TOJO,2.800000,0.000000,150,190,190,190,200,200,230,230,230,230,230,78,0,110,130.96759375483276,14.40224307589233,594.8572841007262,8015.782051282052
1777647896,295,GET,/product/L9ECAV7KIM,1.500000,0.000000,140,200,200,200,200,200,200,200,200,200,200,62,0,140,157.2426212388241,10.552287101745605,675.1650378573686,7982.403225806452
1777647896,295,GET,/product/LS4PSXUNUM,1.500000,0.000000,170,200,200,200,240,290,290,290,290,290,290,49,0,150,150.389701959544,12.288379948586226,299.9414959922433,7991.489795918367
1777647896,295,GET,/product/OLJCESPC7Z,2.000000,0.000000,160,200,200,200,200,200,200,200,200,200,200,60,0,110,137.35862692119554,12.697332073003054,694.3791250232607,8015.733333333334
1777647896,295,,Aggregated,130.700000,0.000000,220,250,280,290,350,390,450,470,500,500,500,4560,0,180,230.1912822692222,9.263879852369428,1542.5426349975169,10645.053728070176
1777647897,300,GET,/,99.100000,0.000000,250,290,320,350,400,430,470,490,500,500,500,3538,0,200,255.26265575703962,9.263879852369428,1542.5426349975169,10536.532786885246
1777647897,300,POST,/cart,11.400000,0.000000,230,260,290,310,330,350,390,390,470,470,470,397,0,190,210.07854239815748,18.31245212815702,1002.6395618915558,17220.90428211587
1777647897,300,POST,/cart/checkout,6.600000,0.000000,140,170,180,190,210,260,270,290,290,290,290,196,0,120,144.85017599523712,16.733490861952305,1017.4640929326415,6803.163265306122
1777647897,300,GET,/product/0PUK6V6EV0,1.700000,0.000000,140,160,200,200,260,300,300,300,300,300,300,63,0,140,145.94945590573525,14.059754088521004,506.02738303132355,7991.714285714285
1777647897,300,GET,/product/1YMWWN1N4O,1.800000,0.000000,190,200,200,200,200,200,200,200,200,200,200,55,0,130,134.73799409429458,11.675014859065413,336.1741788685322,8016.745454545455
1777647897,300,GET,/product/2ZYFJ3GM2N,1.900000,0.000000,150,160,190,190,200,200,200,200,200,200,200,65,0,130,126.32920389565137,13.80692794919014,304.03503798879683,8009.076923076923
1777647897,300,GET,/product/66VCHSJNUP,1.200000,0.000000,160,190,200,200,200,200,200,200,200,200,200,51,0,100,123.79627211439406,9.43926116451621,440.6166800763458,7995.235294117647
1777647897,300,GET,/product/6E92ZMYYFZ,1.800000,0.000000,160,190,200,200,200,200,200,200,200,200,200,67,0,110,139.29245742941416,11.18084299378097,502.80240504071116,7964.462686567164
1777647897,300,GET,/product/9SIQT8TOJO,2.800000,0.000000,160,190,190,190,200,230,290,290,290,290,290,80,0,110,133.50058888900094,14.40224307589233,594.8572841007262,8015.675
1777647897,300,GET,/product/L9ECAV7KIM,1.300000,0.000000,200,200,200,200,290,290,290,290,290,290,290,64,0,140,161.41502997925272,10.552287101745605,675.1650378573686,7981.390625
1777647897,300,GET,/product/LS4PSXUNUM,1.600000,0.000000,190,200,200,230,240,290,290,290,290,290,290,50,0,150,151.1556260008365,12.288379948586226,299.9414959922433,7990.76
1777647897,300,GET,/product/OLJCESPC7Z,2.000000,0.000000,200,200,200,200,200,200,200,200,200,200,200,62,0,110,139.42160873088025,12.697332073003054,694.3791250232607,8015.274193548387
1777647897,300,,Aggregated,133.200000,0.000000,230,270,300,320,380,420,460,480,500,500,500,4688,0,190,233.0602879997354,9.263879852369428,1542.5426349975169,10644.898677474403
1777647898,300,GET,/,99.700000,0.000000,270,310,350,370,410,450,480,500,540,570,570,3652,0,210,258.5921514126358,9.263879852369428,1542.5426349975169,10536.920865279299
1777647898,300,POST,/cart,11.800000,0.000000,230,280,300,310,350,370,390,390,470,470,470,407,0,190,211.7899010817152,18.31245212815702,1002.6395618915558,17226.29484029484
1777647898,300,POST,/cart/checkout,7.000000,0.000000,130,170,180,190,210,260,270,290,290,290,290,198,0,120,144.5370280463719,16.733490861952305,1017.4640929326415,6803.141414141414
1777647898,300,GET,/product/0PUK6V6EV0,1.400000,0.000000,160,200,200,200,200,300,300,300,300,300,300,66,0,140,148.38839890999776,14.059754088521004,506.02738303132355,7992.939393939394
1777647898,300,GET,/product/1YMWWN1N4O,1.400000,0.000000,190,200,200,200,200,200,200,200,200,200,200,56,0,130,135.91427436248134,11.675014859065413,336.1741788685322,8017.75
1777647898,300,GET,/product/2ZYFJ3GM2N,1.800000,0.000000,150,190,200,200,200,200,200,200,200,200,200,67,0,140,128.577395119885,13.80692794919014,304.03503798879683,8009.835820895522
1777647898,300,GET,/product/66VCHSJNUP,1.200000,0.000000,160,190,200,200,200,200,200,200,200,200,200,52,0,100,123.99913374639044,9.43926116451621,440.6166800763458,7994.5192307692305
1777647898,300,GET,/product/6E92ZMYYFZ,2.200000,0.000000,170,200,200,200,200,200,200,200,200,200,200,68,0,110,140.24775048293282,11.18084299378097,502.80240504071116,7964.441176470588
1777647898,300,GET,/product/9SIQT8TOJO,2.800000,0.000000,170,190,190,200,200,230,290,290,290,290,290,83,0,130,135.49806483101145,14.40224307589233,594.8572841007262,8016.385542168675
1777647898,300,GET,/product/L9ECAV7KIM,1.400000,0.000000,200,200,200,200,290,290,290,290,290,290,290,66,0,140,162.6440386647697,10.552287101745605,675.1650378573686,7981.454545454545
1777647898,300,GET,/product/LS4PSXUNUM,1.600000,0.000000,190,200,200,200,240,290,290,290,290,290,290,51,0,160,151.83070811954346,12.288379948586226,299.9414959922433,7989.588235294118
1777647898,300,GET,/product/OLJCESPC7Z,1.900000,0.000000,200,200,200,200,200,200,200,200,200,200,200,64,0,120,141.34952471067663,12.697332073003054,694.3791250232607,8013.703125
1777647898,300,,Aggregated,134.200000,0.000000,240,290,320,350,390,430,480,490,540,570,570,4830,0,190,236.01868758464954,9.263879852369428,1542.5426349975169,10646.361283643892
1777647899,300,GET,/,100.300000,0.000000,290,350,380,390,440,470,500,520,560,570,570,3763,0,210,263.1129213488643,9.263879852369428,1542.5426349975169,10537.269465851714
1777647899,300,POST,/cart,11.700000,0.000000,240,280,310,320,340,370,390,410,470,470,470,424,0,190,214.8813377875826,18.31245212815702,1002.6395618915558,17235.55424528302
1777647899,300,POST,/cart/checkout,6.900000,0.000000,140,170,190,200,250,270,380,400,400,400,400,205,0,120,147.11708312786024,16.733490861952305,1017.4640929326415,6802.921951219512
1777647899,300,GET,/product/0PUK6V6EV0,1.400000,0.000000,160,200,200,200,200,200,200,200,200,200,200,66,0,140,148.38839890999776,14.059754088521004,506.02738303132355,7992.939393939394
1777647899,300,GET,/product/1YMWWN1N4O,1.800000,0.000000,190,200,200,200,200,200,200,200,200,200,200,57,0,140,136.3847297616303,11.675014859065413,336.1741788685322,8017.1578947368425
1777647899,300,GET,/product/2ZYFJ3GM2N,1.700000,0.000000,190,200,200,200,210,240,240,240,240,240,240,71,0,140,133.28412011869148,13.80692794919014,304.03503798879683,8010.3239436619715
1777647899,300,GET,/product/66VCHSJNUP,1.200000,0.000000,160,190,200,200,200,200,200,200,200,200,200,52,0,100,123.99913374639044,9.43926116451621,440.6166800763458,7994.5192307692305
1777647899,300,GET,/product/6E92ZMYYFZ,2.200000,0.000000,190,200,200,200,200,200,200,200,200,200,200,69,0,110,141.10184992339623,11.18084299378097,502.80240504071116,7963.521739130435
1777647899,300,GET,/product/9SIQT8TOJO,2.900000,0.000000,170,190,190,200,230,230,290,290,290,290,290,84,0,130,136.62074817832382,14.40224307589233,594.8572841007262,8015.833333333333
1777647899,300,GET,/product/L9ECAV7KIM,1.300000,0.000000,200,200,200,200,290,290,290,290,290,290,290,66,0,140,162.6440386647697,10.552287101745605,675.1650378573686,7981.454545454545
1777647899,300,GET,/product/LS4PSXUNUM,1.700000,0.000000,200,200,200,200,240,290,290,290,290,290,290,52,0,160,152.7131748645423,12.288379948586226,299.9414959922433,7989.192307692308
1777647899,300,GET,/product/OLJCESPC7Z,1.900000,0.000000,200,200,200,200,200,210,290,290,290,290,290,68,0,140,144.8426135808832,12.697332073003054,694.3791250232607,8013.941176470588
1777647899,300,,Aggregated,135.000000,0.000000,250,310,350,370,420,470,500,510,560,570,570,4977,0,190,240.01976362601152,9.263879852369428,1542.5426349975169,10655.646775165762
1777647900,300,GET,/,101.600000,0.000000,310,360,390,400,450,480,500,520,560,570,570,3875,0,220,265.97990758873283,9.263879852369428,1542.5426349975169,10537.334967741936
1777647900,300,POST,/cart,11.600000,0.000000,260,290,310,320,370,390,420,440,470,470,470,435,0,200,217.43231753807987,18.31245212815702,1002.6395618915558,17248.466666666667
1777647900,300,POST,/cart/checkout,7.400000,0.000000,150,180,200,210,260,280,380,400,400,400,400,208,0,120,148.20160984191506,16.733490861952305,1017.4640929326415,6802.735576923077
1777647900,300,GET,/product/0PUK6V6EV0,1.200000,0.000000,200,200,200,200,220,220,220,220,220,220,220,68,0,140,150.41090799701016,14.059754088521004,506.02738303132355,7991.294117647059
1777647900,300,GET,/product/1YMWWN1N4O,1.600000,0.000000,190,200,200,200,210,230,230,230,230,230,230,62,0,140,140.1832177559094,11.675014859065413,336.1741788685322,8017.403225806452
1777647900,300,GET,/product/2ZYFJ3GM2N,1.600000,0.000000,200,200,200,200,210,240,240,240,240,240,240,72,0,140,134.15231601943054,13.80692794919014,304.03503798879683,8009.791666666667
1777647900,300,GET,/product/66VCHSJNUP,1.200000,0.000000,190,200,200,200,210,220,220,220,220,220,220,55,0,110,128.5363784694875,9.43926116451621,440.6166800763458,7992.236363636363
1777647900,300,GET,/product/6E92ZMYYFZ,2.000000,0.000000,200,200,200,200,200,210,210,210,210,210,210,70,0,110,142.01936145379608,11.18084299378097,502.80240504071116,7962.628571428571
1777647900,300,GET,/product/9SIQT8TOJO,2.700000,0.000000,170,190,200,200,230,290,290,290,290,290,290,84,0,130,136.62074817832382,14.40224307589233,594.8572841007262,8015.833333333333
1777647900,300,GET,/product/L9ECAV7KIM,1.400000,0.000000,200,200,200,200,290,290,290,290,290,290,290,69,0,140,163.04355747390377,10.552287101745605,675.1650378573686,7981.347826086957
1777647900,300,GET,/product/LS4PSXUNUM,1.500000,0.000000,200,200,200,210,240,290,290,290,290,290,290,55,0,160,154.89244688810274,12.288379948586226,299.9414959922433,7988.945454545455
1777647900,300,GET,/product/OLJCESPC7Z,1.700000,0.000000,200,200,200,200,210,290,290,290,290,290,290,68,0,140,144.8426135808832,12.697332073003054,694.3791250232607,8013.941176470588
1777647900,300,,Aggregated,135.500000,0.000000,280,330,370,390,430,470,500,510,560,570,570,5121,0,200,242.68009951439106,9.263879852369428,1542.5426349975169,10656.66022261277
1777647901,300,GET,/,101.800000,0.000000,330,380,400,410,460,490,520,530,560,570,570,3984,0,220,268.8667983448214,9.263879852369428,1542.5426349975169,10537.738955823294
1777647901,300,POST,/cart,11.900000,0.000000,270,300,320,330,370,410,440,440,470,470,470,444,0,200,219.2766381420304,18.31245212815702,1002.6395618915558,17258.022522522522
1777647901,300,POST,/cart/checkout,7.500000,0.000000,160,190,210,230,260,280,380,400,400,400,400,213,0,120,149.30521191465078,16.733490861952305,1017.4640929326415,6802.929577464789
1777647901,300,GET,/product/0PUK6V6EV0,1.500000,0.000000,200,200,200,220,220,220,220,220,220,220,220,70,0,140,152.11922638783497,14.059754088521004,506.02738303132355,7992.457142857143
1777647901,300,GET,/product/1YMWWN1N4O,1.500000,0.000000,190,200,200,200,200,210,230,230,230,230,230,64,0,140,140.76266271513305,11.675014859065413,336.1741788685322,8015.546875
1777647901,300,GET,/product/2ZYFJ3GM2N,1.500000,0.000000,200,200,210,210,240,240,240,240,240,240,240,73,0,140,135.62756501878164,13.80692794919014,304.03503798879683,8009.13698630137
1777647901,300,GET,/product/66VCHSJNUP,1.200000,0.000000,200,200,210,210,210,220,220,220,220,220,220,57,0,130,131.3715833116715,9.43926116451621,440.6166800763458,7992.3859649122805
1777647901,300,GET,/product/6E92ZMYYFZ,2.100000,0.000000,200,200,200,200,210,220,220,220,220,220,220,72,0,120,143.8817459954104,11.18084299378097,502.80240504071116,7964.263888888889
1777647901,300,GET,/product/9SIQT8TOJO,2.600000,0.000000,190,200,200,230,290,310,310,310,310,310,310,87,0,140,139.58465098938638,14.40224307589233,594.8572841007262,8015.954022988506
1777647901,300,GET,/product/L9ECAV7KIM,1.300000,0.000000,200,200,220,280,290,290,290,290,290,290,290,73,0,150,166.2433410305785,10.552287101745605,675.1650378573686,7980.246575342466
1777647901,300,GET,/product/LS4PSXUNUM,1.500000,0.000000,200,200,200,210,240,290,290,290,290,290,290,57,0,160,156.04241061220435,12.288379948586226,299.9414959922433,7990.421052631579
1777647901,300,GET,/product/OLJCESPC7Z,1.900000,0.000000,200,200,200,200,210,290,290,290,290,290,290,69,0,140,145.49605848362157,12.697332073003054,694.3791250232607,8013.608695652174
1777647901,300,,Aggregated,136.300000,0.000000,300,350,380,400,450,480,500,530,560,570,570,5263,0,200,245.28692200607028,9.263879852369428,1542.5426349975169,10653.316359490786
1777647902,300,GET,/,103.200000,0.000000,340,380,410,430,470,490,520,530,560,570,570,4068,0,220,271.2252747199719,9.263879852369428,1542.5426349975169,10537.902163225172
1777647902,300,POST,/cart,12.400000,0.000000,280,310,330,350,390,440,490,520,580,580,580,458,0,200,223.72357537675097,18.31245212815702,1002.6395618915558,17264.631004366813
1777647902,300,POST,/cart/checkout,7.900000,0.000000,170,210,240,260,280,330,400,420,420,420,420,222,0,120,153.68432706213548,16.733490861952305,1017.4640929326415,6802.986486486487
1777647902,300,GET,/product/0PUK6V6EV0,1.400000,0.000000,200,200,200,220,220,220,220,220,220,220,220,70,0,140,152.11922638783497,14.059754088521004,506.02738303132355,7992.457142857143
1777647902,300,GET,/product/1YMWWN1N4O,1.700000,0.000000,200,200,200,200,230,250,250,250,250,250,250,65,0,140,142.46289756578895,11.675014859065413,336.1741788685322,8015.0
1777647902,300,GET,/product/2ZYFJ3GM2N,1.700000,0.000000,200,200,210,240,240,250,250,250,250,250,250,74,0,140,137.13890487151974,13.80692794919014,304.03503798879683,8009.5675675675675
1777647902,300,GET,/product/66VCHSJNUP,1.100000,0.000000,200,210,220,250,340,370,370,370,370,370,370,60,0,140,140.796618827153,9.43926116451621,440.6166800763458,7992.266666666666
1777647902,300,GET,/product/6E92ZMYYFZ,1.900000,0.000000,200,200,200,200,220,360,360,360,360,360,360,73,0,130,146.79261781785587,11.18084299378097,502.80240504071116,7964.054794520548
1777647902,300,GET,/product/9SIQT8TOJO,2.500000,0.000000,200,200,230,230,290,310,310,310,310,310,310,89,0,140,141.8299074729465,14.40224307589233,594.8572841007262,8017.191011235955
1777647902,300,GET,/product/L9ECAV7KIM,0.900000,0.000000,200,220,240,280,290,290,290,290,290,290,290,76,0,160,169.76649058357762,10.552287101745605,675.1650378573686,7979.671052631579
1777647902,300,GET,/product/LS4PSXUNUM,1.700000,0.000000,200,200,230,230,260,290,290,290,290,290,290,59,0,160,159.11263997777033,12.288379948586226,299.9414959922433,7990.152542372882
1777647902,300,GET,/product/OLJCESPC7Z,2.100000,0.000000,200,200,210,290,360,390,390,390,390,390,390,71,0,140,151.98301703629778,12.697332073003054,694.3791250232607,8012.154929577465
1777647902,300,,Aggregated,138.500000,0.000000,310,370,390,410,450,480,510,530,570,580,580,5385,0,200,247.88331700810608,9.263879852369428,1542.5426349975169,10655.521634168988
1777647903,300,GET,/,104.700000,0.000000,340,390,410,430,470,500,530,560,630,670,670,4189,0,230,275.04387877206324,9.263879852369428,1542.5426349975169,10538.32991167343
1777647903,300,POST,/cart,12.700000,0.000000,280,310,330,360,410,440,490,520,580,580,580,469,0,210,225.88806550628118,18.31245212815702,1002.6395618915558,17263.750533049042
1777647903,300,POST,/cart/checkout,7.000000,0.000000,180,200,220,240,280,330,400,420,420,420,420,228,0,120,154.2976283837976,16.733490861952305,1017.4640929326415,6803.223684210527
1777647903,300,GET,/product/0PUK6V6EV0,1.300000,0.000000,200,200,200,220,220,220,220,220,220,220,220,72,0,140,151.4556324756187,14.059754088521004,506.02738303132355,7993.069444444444
1777647903,300,GET,/product/1YMWWN1N4O,1.900000,0.000000,200,200,200,200,210,230,250,250,250,250,250,68,0,140,143.255427127074,11.675014859065413,336.1741788685322,8015.838235294118
1777647903,300,GET,/product/2ZYFJ3GM2N,1.400000,0.000000,200,200,240,240,240,250,250,250,250,250,250,74,0,140,137.13890487151974,13.80692794919014,304.03503798879683,8009.5675675675675
1777647903,300,GET,/product/66VCHSJNUP,1.200000,0.000000,210,210,250,250,340,370,370,370,370,370,370,62,0,140,143.25177215880925,9.43926116451621,440.6166800763458,7991.854838709677
1777647903,300,GET,/product/6E92ZMYYFZ,1.700000,0.000000,200,200,200,200,220,360,360,360,360,360,360,75,0,140,147.4540927571555,11.18084299378097,502.80240504071116,7964.573333333334
1777647903,300,GET,/product/9SIQT8TOJO,2.100000,0.000000,200,200,230,230,290,310,310,310,310,310,310,90,0,140,142.35526003564397,14.40224307589233,594.8572841007262,8016.8
1777647903,300,GET,/product/L9ECAV7KIM,1.400000,0.000000,200,220,240,280,290,290,290,290,290,290,290,78,0,160,170.58797964515784,10.552287101745605,675.1650378573686,7981.371794871795
1777647903,300,GET,/product/LS4PSXUNUM,1.800000,0.000000,200,200,210,230,240,260,260,260,260,260,260,60,0,160,160.48968385827416,12.288379948586226,299.9414959922433,7990.416666666667
1777647903,300,GET,/product/OLJCESPC7Z,1.700000,0.000000,200,200,210,290,360,390,390,390,390,390,390,75,0,140,153.690951631094,12.697332073003054,694.3791250232607,8013.946666666667
1777647903,300,,Aggregated,138.900000,0.000000,310,370,390,410,460,490,530,550,630,670,670,5540,0,200,251.1352578995477,9.263879852369428,1542.5426349975169,10654.070758122743
1777647904,300,GET,/,105.800000,0.000000,360,400,430,450,480,520,550,580,630,670,670,4301,0,230,279.3071517073158,9.263879852369428,1542.5426349975169,10538.630318530575
1777647904,300,POST,/cart,12.200000,0.000000,280,310,340,360,410,440,490,520,580,580,580,480,0,210,227.5015807414699,18.31245212815702,1002.6395618915558,17279.758333333335
1777647904,300,POST,/cart/checkout,6.600000,0.000000,180,210,240,260,300,380,400,420,420,420,420,231,0,130,155.24969492873652,16.733490861952305,1017.4640929326415,6803.021645021645
1777647904,300,GET,/product/0PUK6V6EV0,1.300000,0.000000,200,200,220,220,220,300,300,300,300,300,300,73,0,140,153.4470435238303,14.059754088521004,506.02738303132355,7992.753424657534
1777647904,300,GET,/product/1YMWWN1N4O,2.100000,0.000000,200,200,200,200,230,250,300,300,300,300,300,69,0,140,145.57329532892808,11.675014859065413,336.1741788685322,8016.942028985507
1777647904,300,GET,/product/2ZYFJ3GM2N,1.200000,0.000000,200,210,240,240,240,250,250,250,250,250,250,74,0,140,137.13890487151974,13.80692794919014,304.03503798879683,8009.5675675675675
1777647904,300,GET,/product/66VCHSJNUP,1.500000,0.000000,210,220,250,290,340,370,370,370,370,370,370,62,0,140,143.25177215880925,9.43926116451621,440.6166800763458,7991.854838709677
1777647904,300,GET,/product/6E92ZMYYFZ,1.600000,0.000000,200,200,210,220,290,360,360,360,360,360,360,78,0,140,151.92945535557394,11.18084299378097,502.80240504071116,7963.2307692307695
1777647904,300,GET,/product/9SIQT8TOJO,1.800000,0.000000,200,200,230,230,290,310,310,310,310,310,310,91,0,140,142.9686338364423,14.40224307589233,594.8572841007262,8016.791208791209
1777647904,300,GET,/product/L9ECAV7KIM,1.600000,0.000000,200,230,280,290,290,290,300,300,300,300,300,80,0,160,173.7058408150915,10.552287101745605,675.1650378573686,7980.6625
1777647904,300,GET,/product/LS4PSXUNUM,2.100000,0.000000,200,200,230,230,240,260,260,260,260,260,260,60,0,160,160.48968385827416,12.288379948586226,299.9414959922433,7990.416666666667
1777647904,300,GET,/product/OLJCESPC7Z,1.400000,0.000000,200,200,290,290,360,390,390,390,390,390,390,78,0,140,156.14093201628958,12.697332073003054,694.3791250232607,8016.666666666667
1777647904,300,,Aggregated,139.200000,0.000000,330,380,410,430,470,500,530,580,630,670,670,5677,0,210,254.92426675316344,9.263879852369428,1542.5426349975169,10658.994539369385
1777647905,300,GET,/,106.000000,0.000000,390,430,450,470,500,530,570,590,630,670,670,4415,0,240,284.3117625905055,9.263879852369428,1542.5426349975169,10538.816761041902
1777647905,300,POST,/cart,12.800000,0.000000,300,330,370,380,420,470,490,520,580,580,580,493,0,210,231.2650752341673,18.31245212815702,1002.6395618915558,17286.82555780933
1777647905,300,POST,/cart/checkout,6.800000,0.000000,180,210,240,260,300,380,400,420,420,420,420,234,0,130,155.32623791199526,16.733490861952305,1017.4640929326415,6802.8675213675215
1777647905,300,GET,/product/0PUK6V6EV0,1.300000,0.000000,200,220,220,280,300,300,300,300,300,300,300,80,0,150,162.23936694150325,14.059754088521004,506.02738303132355,7991.2875
1777647905,300,GET,/product/1YMWWN1N4O,2.000000,0.000000,200,200,210,230,280,300,300,300,300,300,300,72,0,150,150.36671888729973,11.675014859065413,336.1741788685322,8020.0
1777647905,300,GET,/product/2ZYFJ3GM2N,1.200000,0.000000,200,240,240,240,250,280,280,280,280,280,280,75,0,140,139.05262631053725,13.80692794919014,304.03503798879683,8010.04
1777647905,300,GET,/product/66VCHSJNUP,1.500000,0.000000,210,220,250,290,340,370,370,370,370,370,370,63,0,140,142.8451825354603,9.43926116451621,440.6166800763458,7991.0952380952385
1777647905,300,GET,/product/6E92ZMYYFZ,1.700000,0.000000,210,220,290,290,360,400,400,400,400,400,400,79,0,150,155.04689860641014,11.18084299378097,502.80240504071116,7963.721518987341
1777647905,300,GET,/product/9SIQT8TOJO,1.600000,0.000000,200,220,260,260,310,400,400,400,400,400,400,93,0,140,146.4157483880959,14.40224307589233,594.8572841007262,8016.365591397849
1777647905,300,GET,/product/L9ECAV7KIM,1.700000,0.000000,220,290,290,290,300,310,400,400,400,400,400,83,0,190,179.55473545905068,10.552287101745605,675.1650378573686,7982.253012048192
1777647905,300,GET,/product/LS4PSXUNUM,2.000000,0.000000,200,200,230,230,260,310,310,310,310,310,310,62,0,170,163.47750429544718,12.288379948586226,307.91885079815984,7990.580645161291
1777647905,300,GET,/product/OLJCESPC7Z,1.400000,0.000000,200,210,290,290,360,390,400,400,400,400,400,81,0,150,161.24147522539175,12.697332073003054,694.3791250232607,8016.592592592592
1777647905,300,,Aggregated,140.000000,0.000000,360,400,430,450,490,530,570,580,630,670,670,5830,0,210,259.484524456233,9.263879852369428,1542.5426349975169,10659.696397941681
1777647906,300,GET,/,105.600000,0.000000,410,440,470,480,520,550,580,600,670,690,690,4527,0,240,288.9200437068034,9.263879852369428,1542.5426349975169,10539.307267506074
1777647906,300,POST,/cart,11.900000,0.000000,310,360,380,400,430,470,490,520,580,580,580,504,0,220,234.3048872065819,18.31245212815702,1002.6395618915558,17310.849206349205
1777647906,300,POST,/cart/checkout,6.200000,0.000000,190,220,240,270,300,380,400,420,420,420,420,239,0,130,156.20739607989913,16.733490861952305,1017.4640929326415,6803.0753138075315
1777647906,300,GET,/product/0PUK6V6EV0,1.500000,0.000000,210,220,300,300,300,300,310,310,310,310,310,84,0,150,166.64342346623363,14.059754088521004,506.02738303132355,7992.761904761905
1777647906,300,GET,/product/1YMWWN1N4O,2.200000,0.000000,200,210,230,250,280,300,300,300,300,300,300,76,0,160,153.72626420943752,11.675014859065413,336.1741788685322,8022.210526315789
1777647906,300,GET,/product/2ZYFJ3GM2N,1.200000,0.000000,210,240,250,250,300,310,310,310,310,310,310,80,0,140,145.39018329815008,13.80692794919014,311.5472139324993,8010.75
1777647906,300,GET,/product/66VCHSJNUP,1.600000,0.000000,210,250,290,300,340,370,370,370,370,370,370,65,0,140,144.63408887386322,9.43926116451621,440.6166800763458,7990.923076923077
1777647906,300,GET,/product/6E92ZMYYFZ,1.600000,0.000000,210,210,290,290,360,400,400,400,400,400,400,80,0,150,155.71205989690498,11.18084299378097,502.80240504071116,7964.275
1777647906,300,GET,/product/9SIQT8TOJO,1.600000,0.000000,210,220,230,260,310,400,400,400,400,400,400,98,0,150,150.34842877696286,14.40224307589233,594.8572841007262,8017.081632653061
1777647906,300,GET,/product/L9ECAV7KIM,1.900000,0.000000,210,280,290,290,300,310,400,400,400,400,400,87,0,190,180.45809496750778,10.552287101745605,675.1650378573686,7981.425287356322
1777647906,300,GET,/product/LS4PSXUNUM,1.800000,0.000000,200,200,210,230,260,310,310,310,310,310,310,63,0,170,164.01204976829746,12.288379948586226,307.91885079815984,7989.571428571428
1777647906,300,GET,/product/OLJCESPC7Z,1.800000,0.000000,200,280,290,300,360,390,400,400,400,400,400,82,0,150,162.89785165033052,12.697332073003054,694.3791250232607,8016.0609756097565
1777647906,300,,Aggregated,138.900000,0.000000,380,420,450,460,510,540,580,600,670,690,690,5985,0,220,263.43513630951446,9.263879852369428,1542.5426349975169,10656.851629072682
1777647907,300,GET,/,105.200000,0.000000,400,440,460,480,520,560,590,600,670,690,690,4627,0,250,290.0399277364621,9.263879852369428,1542.5426349975169,10539.49427274692
1777647907,300,POST,/cart,11.900000,0.000000,310,350,380,400,430,460,490,520,580,580,580,516,0,220,234.6429522239509,18.31245212815702,1002.6395618915558,17310.071705426355
1777647907,300,POST,/cart/checkout,5.900000,0.000000,190,220,260,270,300,380,400,420,420,420,420,247,0,130,156.6010646282616,16.733490861952305,1017.4640929326415,6803.688259109312
1777647907,300,GET,/product/0PUK6V6EV0,1.500000,0.000000,210,220,300,300,300,300,310,310,310,310,310,85,0,150,166.9073165531325,14.059754088521004,506.02738303132355,7993.8117647058825
1777647907,300,GET,/product/1YMWWN1N4O,2.000000,0.000000,200,210,230,250,280,300,300,300,300,300,300,77,0,160,154.25114008876216,11.675014859065413,336.1741788685322,8021.480519480519
1777647907,300,GET,/product/2ZYFJ3GM2N,1.100000,0.000000,200,240,240,250,300,310,310,310,310,310,310,82,0,140,146.62471001047822,13.80692794919014,311.5472139324993,8012.195121951219
1777647907,300,GET,/product/66VCHSJNUP,1.300000,0.000000,210,250,290,300,340,370,370,370,370,370,370,65,0,140,144.63408887386322,9.43926116451621,440.6166800763458,7990.923076923077
1777647907,300,GET,/product/6E92ZMYYFZ,1.800000,0.000000,210,290,290,290,360,400,400,400,400,400,400,84,0,150,161.09693307884126,11.18084299378097,502.80240504071116,7965.178571428572
1777647907,300,GET,/product/9SIQT8TOJO,1.700000,0.000000,210,220,260,290,310,400,400,400,400,400,400,100,0,150,152.35785807017237,14.40224307589233,594.8572841007262,8018.0
1777647907,300,GET,/product/L9ECAV7KIM,2.100000,0.000000,210,240,290,300,300,310,400,400,400,400,400,89,0,190,182.09329037142268,10.552287101745605,675.1650378573686,7980.853932584269
1777647907,300,GET,/product/LS4PSXUNUM,1.600000,0.000000,200,200,230,240,260,310,310,310,310,310,310,65,0,170,163.54719152888998,12.288379948586226,307.91885079815984,7989.415384615385
1777647907,300,GET,/product/OLJCESPC7Z,2.100000,0.000000,200,280,290,300,360,390,400,400,400,400,400,83,0,150,163.29855105211308,12.697332073003054,694.3791250232607,8015.493975903614
1777647907,300,,Aggregated,138.200000,0.000000,370,420,440,460,510,550,580,600,670,690,690,6120,0,220,264.44745945331056,9.263879852369428,1542.5426349975169,10656.544934640522
1777647908,300,GET,/,106.400000,0.000000,400,440,460,480,520,560,580,600,670,690,690,4722,0,250,290.84060896091967,9.263879852369428,1542.5426349975169,10539.754129606099
1777647908,300,POST,/cart,11.700000,0.000000,310,340,380,400,420,440,490,520,580,580,580,531,0,220,235.39921857430662,18.31245212815702,1002.6395618915558,17323.306967984932
1777647908,300,POST,/cart/checkout,5.700000,0.000000,180,220,240,270,300,380,400,420,420,420,420,251,0,130,155.5896300017329,16.733490861952305,1017.4640929326415,6803.378486055777
1777647908,300,GET,/product/0PUK6V6EV0,2.100000,0.000000,210,220,300,300,300,300,310,310,310,310,310,85,0,150,166.9073165531325,14.059754088521004,506.02738303132355,7993.8117647058825
1777647908,300,GET,/product/1YMWWN1N4O,2.200000,0.000000,200,210,230,250,280,300,300,300,300,300,300,78,0,160,154.77207565429404,11.675014859065413,336.1741788685322,8021.9358974358975
1777647908,300,GET,/product/2ZYFJ3GM2N,1.100000,0.000000,210,240,250,250,300,310,310,310,310,310,310,85,0,140,147.55815336316385,13.80692794919014,311.5472139324993,8013.058823529412
1777647908,300,GET,/product/66VCHSJNUP,1.200000,0.000000,210,250,290,290,340,370,370,370,370,370,370,67,0,140,146.58549031131525,9.43926116451621,440.6166800763458,7990.492537313433
1777647908,300,GET,/product/6E92ZMYYFZ,1.400000,0.000000,210,290,290,290,360,400,400,400,400,400,400,86,0,150,160.81208766838753,11.18084299378097,502.80240504071116,7966.5
1777647908,300,GET,/product/9SIQT8TOJO,1.600000,0.000000,210,220,230,260,290,310,400,400,400,400,400,104,0,150,153.47880157731618,14.40224307589233,594.8572841007262,8019.038461538462
1777647908,300,GET,/product/L9ECAV7KIM,2.400000,0.000000,210,240,290,290,300,310,400,400,400,400,400,90,0,190,182.2302151342026,10.552287101745605,675.1650378573686,7981.344444444445
1777647908,300,GET,/product/LS4PSXUNUM,1.700000,0.000000,200,200,230,230,260,310,310,310,310,310,310,67,0,170,163.60832179493423,12.288379948586226,307.91885079815984,7990.820895522388
1777647908,300,GET,/product/OLJCESPC7Z,2.200000,0.000000,200,290,300,300,390,400,400,400,400,400,400,85,0,150,163.4596123798367,12.697332073003054,694.3791250232607,8014.494117647058
1777647908,300,,Aggregated,139.700000,0.000000,360,410,440,460,510,550,580,600,670,690,690,6251,0,220,265.0888707854391,9.263879852369428,1542.5426349975169,10662.41209406495
1777647909,300,GET,/,107.400000,0.000000,400,440,460,480,520,560,590,600,670,690,690,4820,0,260,293.05027987546174,9.263879852369428,1542.5426349975169,10540.107883817427
1777647909,300,POST,/cart,11.900000,0.000000,310,340,370,400,420,440,490,520,580,580,580,546,0,220,237.16597245526825,18.31245212815702,1002.6395618915558,17328.12454212454
1777647909,300,POST,/cart/checkout,5.500000,0.000000,180,220,240,240,280,300,330,420,420,420,420,264,0,130,155.81389670754135,16.733490861952305,1017.4640929326415,6803.30303030303
1777647909,300,GET,/product/0PUK6V6EV0,2.300000,0.000000,220,280,300,300,300,310,310,310,310,310,310,86,0,150,167.3353765116528,14.059754088521004,506.02738303132355,7993.488372093023
1777647909,300,GET,/product/1YMWWN1N4O,2.300000,0.000000,200,210,250,250,280,300,300,300,300,300,300,81,0,160,157.21882887495062,11.675014859065413,336.1741788685322,8022.62962962963
1777647909,300,GET,/product/2ZYFJ3GM2N,1.500000,0.000000,210,240,250,250,300,310,310,310,310,310,310,87,0,140,149.17380278983592,13.80692794919014,311.5472139324993,8013.931034482759
1777647909,300,GET,/product/66VCHSJNUP,1.400000,0.000000,210,250,290,300,340,370,370,370,370,370,370,67,0,140,146.58549031131525,9.43926116451621,440.6166800763458,7990.492537313433
1777647909,300,GET,/product/6E92ZMYYFZ,1.300000,0.000000,220,290,290,300,360,400,400,400,400,400,400,89,0,160,163.67050013347958,11.18084299378097,502.80240504071116,7967.078651685393
1777647909,300,GET,/product/9SIQT8TOJO,2.000000,0.000000,210,220,220,260,290,310,400,400,400,400,400,105,0,150,153.47666313339556,14.40224307589233,594.8572841007262,8018.761904761905
1777647909,300,GET,/product/L9ECAV7KIM,2.500000,0.000000,210,280,290,300,300,310,400,400,400,400,400,91,0,190,183.5455769125454,10.552287101745605,675.1650378573686,7981.285714285715
1777647909,300,GET,/product/LS4PSXUNUM,1.300000,0.000000,200,210,230,240,260,310,310,310,310,310,310,67,0,170,163.60832179493423,12.288379948586226,307.91885079815984,7990.820895522388
1777647909,300,GET,/product/OLJCESPC7Z,2.300000,0.000000,210,280,290,300,360,390,400,400,400,400,400,87,0,150,165.51478573752718,12.697332073003054,694.3791250232607,8015.0344827586205
1777647909,300,,Aggregated,141.700000,0.000000,370,420,440,460,500,540,580,600,670,690,690,6390,0,220,266.94846173128224,9.263879852369428,1542.5426349975169,10663.6034428795
1777647910,300,GET,/,106.300000,0.000000,410,450,470,480,530,560,590,600,670,690,690,4944,0,260,295.91917083443263,9.263879852369428,1542.5426349975169,10540.3553802589
1777647910,300,POST,/cart,12.000000,0.000000,310,340,370,390,420,440,490,520,580,580,580,562,0,220,238.6671232069541,18.31245212815702,1002.6395618915558,17335.87900355872
1777647910,300,POST,/cart/checkout,5.200000,0.000000,180,210,230,240,280,300,330,420,420,420,420,268,0,130,155.8386039252935,16.733490861952305,1017.4640929326415,6803.388059701492
1777647910,300,GET,/product/0PUK6V6EV0,2.200000,0.000000,210,280,300,300,300,310,310,310,310,310,310,86,0,150,167.3353765116528,14.059754088521004,506.02738303132355,7993.488372093023
1777647910,300,GET,/product/1YMWWN1N4O,2.200000,0.000000,200,200,250,250,280,300,300,300,300,300,300,83,0,160,157.67363533489856,11.675014859065413,336.1741788685322,8022.698795180723
1777647910,300,GET,/product/2ZYFJ3GM2N,1.900000,0.000000,200,240,250,250,300,310,310,310,310,310,310,89,0,140,150.2034225464495,13.80692794919014,311.5472139324993,8014.528089887641
1777647910,300,GET,/product/66VCHSJNUP,1.400000,0.000000,210,250,290,300,340,370,370,370,370,370,370,68,0,140,146.70501298421775,9.43926116451621,440.6166800763458,7990.926470588235
1777647910,300,GET,/product/6E92ZMYYFZ,1.700000,0.000000,220,290,290,300,360,400,400,400,400,400,400,90,0,160,164.19551727465458,11.18084299378097,502.80240504071116,7967.866666666667
1777647910,300,GET,/product/9SIQT8TOJO,2.000000,0.000000,210,220,220,260,290,310,400,400,400,400,400,106,0,150,153.93269641483027,14.40224307589233,594.8572841007262,8019.330188679245
1777647910,300,GET,/product/L9ECAV7KIM,2.500000,0.000000,210,290,300,300,300,310,400,400,400,400,400,94,0,190,182.95581385919309,10.552287101745605,675.1650378573686,7980.734042553191
1777647910,300,GET,/product/LS4PSXUNUM,1.600000,0.000000,200,230,240,240,260,310,310,310,310,310,310,71,0,170,165.5504220152195,12.288379948586226,307.91885079815984,7991.197183098591
1777647910,300,GET,/product/OLJCESPC7Z,2.200000,0.000000,200,280,300,300,390,400,400,400,400,400,400,88,0,150,165.80675259253687,12.697332073003054,694.3791250232607,8015.522727272727
1777647910,300,,Aggregated,141.200000,0.000000,370,420,450,460,510,550,580,600,670,690,690,6549,0,230,269.41200677519623,9.263879852369428,1542.5426349975169,10669.976484959536
1777647911,300,GET,/,107.500000,0.000000,410,450,460,480,530,560,590,600,670,690,690,5031,0,270,297.454293965514,9.263879852369428,1542.5426349975169,10540.578215066587
1777647911,300,POST,/cart,12.400000,0.000000,300,340,370,390,420,440,490,520,580,580,580,575,0,230,240.02142662587374,18.31245212815702,1002.6395618915558,17360.49565217391
1777647911,300,POST,/cart/checkout,5.600000,0.000000,170,210,220,230,270,300,330,420,420,420,420,275,0,130,156.00470478477126,16.733490861952305,1017.4640929326415,6803.414545454545
1777647911,300,GET,/product/0PUK6V6EV0,1.900000,0.000000,210,280,300,300,300,310,310,310,310,310,310,88,0,150,168.50246060163374,14.059754088521004,506.02738303132355,7993.647727272727
1777647911,300,GET,/product/1YMWWN1N4O,2.200000,0.000000,200,210,250,260,300,300,300,300,300,300,300,83,0,160,157.67363533489856,11.675014859065413,336.1741788685322,8022.698795180723
1777647911,300,GET,/product/2ZYFJ3GM2N,1.800000,0.000000,200,240,250,250,300,310,310,310,310,310,310,92,0,150,152.77089949434057,13.80692794919014,311.5472139324993,8016.858695652174
1777647911,300,GET,/product/66VCHSJNUP,1.500000,0.000000,200,250,300,300,340,370,370,370,370,370,370,70,0,140,146.98996874171175,9.43926116451621,440.6166800763458,7990.742857142857
1777647911,300,GET,/product/6E92ZMYYFZ,1.800000,0.000000,210,290,290,300,360,400,400,400,400,400,400,91,0,160,164.2293354040933,11.18084299378097,502.80240504071116,7968.219780219781
1777647911,300,GET,/product/9SIQT8TOJO,2.100000,0.000000,200,210,220,260,290,290,400,400,400,400,400,109,0,160,155.6242612903989,14.40224307589233,594.8572841007262,8020.027522935779
1777647911,300,GET,/product/L9ECAV7KIM,2.400000,0.000000,210,240,300,300,300,310,400,400,400,400,400,98,0,190,184.03733473233117,10.552287101745605,675.1650378573686,7979.989795918367
1777647911,300,GET,/product/LS4PSXUNUM,1.600000,0.000000,200,240,240,240,260,310,310,310,310,310,310,74,0,170,167.29086596908903,12.288379948586226,307.91885079815984,7991.810810810811
1777647911,300,GET,/product/OLJCESPC7Z,2.100000,0.000000,200,260,290,300,360,390,400,400,400,400,400,90,0,150,166.47069751440236,12.697332073003054,694.3791250232607,8015.233333333334
1777647911,300,,Aggregated,142.900000,0.000000,370,420,450,460,510,550,580,600,670,690,690,6676,0,230,270.6667129361194,9.263879852369428,1542.5426349975169,10671.53924505692
1777647912,300,GET,/,104.400000,0.000000,410,450,470,490,540,570,590,600,660,690,690,5118,0,270,300.54858750383465,9.263879852369428,1542.5426349975169,10540.84564282923
1777647912,300,POST,/cart,12.400000,0.000000,310,340,380,390,420,450,480,560,590,590,590,593,0,230,244.40103909628965,18.31245212815702,1002.6395618915558,17371.35075885329
1777647912,300,POST,/cart/checkout,5.900000,0.000000,160,200,210,220,240,270,290,300,300,300,300,280,0,130,156.81707130279392,16.733490861952305,1017.4640929326415,6803.542857142857
1777647912,300,GET,/product/0PUK6V6EV0,2.000000,0.000000,210,300,300,300,300,310,310,310,310,310,310,89,0,160,170.02942602233855,14.059754088521004,506.02738303132355,7994.0
1777647912,300,GET,/product/1YMWWN1N4O,2.200000,0.000000,200,210,250,260,300,300,300,300,300,300,300,85,0,170,159.16941110592555,11.675014859065413,336.1741788685322,8022.576470588236
1777647912,300,GET,/product/2ZYFJ3GM2N,1.500000,0.000000,210,240,250,250,280,300,310,310,310,310,310,94,0,150,154.50949342227838,13.80692794919014,311.5472139324993,8017.04255319149
1777647912,300,GET,/product/66VCHSJNUP,1.500000,0.000000,200,200,250,250,290,300,300,300,300,300,300,72,0,140,149.09077150190973,9.43926116451621,440.6166800763458,7990.763888888889
1777647912,300,GET,/product/6E92ZMYYFZ,2.100000,0.000000,210,290,290,290,300,400,400,400,400,400,400,92,0,160,164.61922423458537,11.18084299378097,502.80240504071116,7968.760869565217
1777647912,300,GET,/product/9SIQT8TOJO,2.100000,0.000000,200,210,220,260,290,400,400,400,400,400,400,109,0,160,155.6242612903989,14.40224307589233,594.8572841007262,8020.027522935779
1777647912,300,GET,/product/L9ECAV7KIM,2.600000,0.000000,210,240,300,300,300,310,400,400,400,400,400,98,0,190,184.03733473233117,10.552287101745605,675.1650378573686,7979.989795918367
1777647912,300,GET,/product/LS4PSXUNUM,1.500000,0.000000,200,200,240,240,260,310,310,310,310,310,310,74,0,170,167.29086596908903,12.288379948586226,307.91885079815984,7991.810810810811
1777647912,300,GET,/product/OLJCESPC7Z,1.900000,0.000000,200,260,290,300,400,400,400,400,400,400,400,91,0,150,169.04341536420552,12.697332073003054,694.3791250232607,8014.791208791209
1777647912,300,,Aggregated,140.100000,0.000000,370,420,450,470,530,560,580,600,660,690,690,6795,0,230,273.5648065602929,9.263879852369428,1542.5426349975169,10682.363649742458
1777647913,300,GET,/,104.800000,0.000000,420,460,480,500,550,580,600,610,670,690,690,5253,0,280,304.82788483586353,9.263879852369428,1542.5426349975169,10541.142965924233
1777647913,300,POST,/cart,12.600000,0.000000,310,350,380,390,430,450,480,560,590,590,590,604,0,230,245.64413052238834,18.31245212815702,1002.6395618915558,17378.16390728477
1777647913,300,POST,/cart/checkout,6.000000,0.000000,160,190,220,220,240,270,290,300,300,300,300,286,0,130,156.4768275410471,16.733490861952305,1017.4640929326415,6803.527972027972
1777647913,300,GET,/product/0PUK6V6EV0,1.800000,0.000000,230,300,300,300,300,310,310,310,310,310,310,91,0,160,171.76355909975757,14.059754088521004,506.02738303132355,7994.450549450549
1777647913,300,GET,/product/1YMWWN1N4O,2.100000,0.000000,200,240,250,260,300,300,300,300,300,300,300,85,0,170,159.16941110592555,11.675014859065413,336.1741788685322,8022.576470588236
1777647913,300,GET,/product/2ZYFJ3GM2N,1.700000,0.000000,200,240,250,260,280,300,310,310,310,310,310,97,0,150,155.8427719360928,13.80692794919014,311.5472139324993,8016.484536082474
1777647913,300,GET,/product/66VCHSJNUP,1.300000,0.000000,200,240,250,260,290,300,300,300,300,300,300,73,0,140,150.5891489190343,9.43926116451621,440.6166800763458,7991.58904109589
1777647913,300,GET,/product/6E92ZMYYFZ,2.000000,0.000000,210,290,290,290,300,400,400,400,400,400,400,93,0,160,164.97841900745306,11.18084299378097,502.80240504071116,7968.333333333333
1777647913,300,GET,/product/9SIQT8TOJO,2.100000,0.000000,210,220,240,260,290,290,400,400,400,400,400,113,0,160,158.34423027256818,14.40224307589233,594.8572841007262,8020.867256637168
1777647913,300,GET,/product/L9ECAV7KIM,2.400000,0.000000,200,240,300,300,300,310,400,400,400,400,400,100,0,200,184.44489026907831,10.552287101745605,675.1650378573686,7980.18
1777647913,300,GET,/product/LS4PSXUNUM,1.600000,0.000000,200,210,240,240,260,310,310,310,310,310,310,76,0,180,168.18747337674722,12.288379948586226,307.91885079815984,7993.026315789473
1777647913,300,GET,/product/OLJCESPC7Z,2.100000,0.000000,200,240,280,300,400,400,400,400,400,400,400,96,0,160,171.05667195816446,12.697332073003054,694.3791250232607,8016.520833333333
1777647913,300,,Aggregated,140.500000,0.000000,390,430,460,480,540,570,600,610,670,690,690,6967,0,240,277.0971746269618,9.263879852369428,1542.5426349975169,10680.024400746375
1777647914,300,GET,/,103.700000,0.000000,410,450,480,500,550,570,600,610,670,690,690,5344,0,280,305.92731292345417,9.263879852369428,1542.5426349975169,10541.374812874252
1777647914,300,POST,/cart,12.800000,0.000000,310,350,370,380,420,440,470,560,590,590,590,618,0,230,247.37445220108594,18.31245212815702,1002.6395618915558,17380.275080906147
1777647914,300,POST,/cart/checkout,6.100000,0.000000,160,180,200,220,240,270,290,290,290,290,290,297,0,130,156.69741508666965,16.733490861952305,1017.4640929326415,6803.686868686868
1777647914,300,GET,/product/0PUK6V6EV0,1.800000,0.000000,210,300,300,300,300,310,310,310,310,310,310,93,0,160,172.35532072272593,14.059754088521004,506.02738303132355,7996.05376344086
1777647914,300,GET,/product/1YMWWN1N4O,2.000000,0.000000,200,200,240,240,260,280,280,280,280,280,280,86,0,170,159.60890081234623,11.675014859065413,336.1741788685322,8022.267441860465
1777647914,300,GET,/product/2ZYFJ3GM2N,1.900000,0.000000,200,210,240,250,280,300,310,310,310,310,310,102,0,160,157.63069965246626,13.80692794919014,311.5472139324993,8017.343137254902
1777647914,300,GET,/product/66VCHSJNUP,1.300000,0.000000,200,240,250,260,300,300,300,300,300,300,300,75,0,140,152.49302461743355,9.43926116451621,440.6166800763458,7993.2266666666665
1777647914,300,GET,/product/6E92ZMYYFZ,1.900000,0.000000,200,230,290,290,300,400,400,400,400,400,400,95,0,160,165.05405683021405,11.18084299378097,502.80240504071116,7969.505263157895
1777647914,300,GET,/product/9SIQT8TOJO,2.100000,0.000000,200,220,240,260,290,290,400,400,400,400,400,117,0,160,159.9247709262925,14.40224307589233,594.8572841007262,8020.521367521367
1777647914,300,GET,/product/L9ECAV7KIM,2.400000,0.000000,200,210,300,300,310,400,400,400,400,400,400,100,0,200,184.44489026907831,10.552287101745605,675.1650378573686,7980.18
1777647914,300,GET,/product/LS4PSXUNUM,1.600000,0.000000,200,200,210,240,260,310,310,310,310,310,310,78,0,180,168.45165867394266,12.288379948586226,307.91885079815984,7994.0
1777647914,300,GET,/product/OLJCESPC7Z,2.100000,0.000000,200,240,280,300,400,400,400,400,400,400,400,98,0,160,172.72665972431778,12.697332073003054,694.3791250232607,8016.84693877551
1777647914,300,,Aggregated,139.700000,0.000000,370,420,450,470,530,560,600,610,670,690,690,7103,0,240,277.9762195080375,9.263879852369428,1542.5426349975169,10678.350837674223
1777647915,300,GET,/,104.100000,0.000000,400,450,460,480,540,560,600,610,670,690,690,5453,0,290,307.8223394161948,9.263879852369428,1542.5426349975169,10541.63836420319
1777647915,300,POST,/cart,13.500000,0.000000,300,340,360,380,420,440,460,560,590,590,590,632,0,230,248.7456540815102,18.31245212815702,1002.6395618915558,17386.553797468354
1777647915,300,POST,/cart/checkout,5.700000,0.000000,160,180,200,220,240,270,290,290,290,290,290,306,0,140,157.41927060146446,16.733490861952305,1017.4640929326415,6803.535947712418
1777647915,300,GET,/product/0PUK6V6EV0,2.000000,0.000000,200,210,300,300,300,310,310,310,310,310,310,95,0,160,172.87618107848652,14.059754088521004,506.02738303132355,7997.147368421052
1777647915,300,GET,/product/1YMWWN1N4O,2.000000,0.000000,200,200,210,240,250,260,260,260,260,260,260,87,0,190,160.05935892997974,11.675014859065413,336.1741788685322,8022.126436781609
1777647915,300,GET,/product/2ZYFJ3GM2N,2.000000,0.000000,200,210,240,240,260,300,310,310,310,310,310,104,0,160,158.45651333130752,13.80692794919014,311.5472139324993,8017.7307692307695
1777647915,300,GET,/product/66VCHSJNUP,1.200000,0.000000,200,250,260,260,300,300,300,300,300,300,300,76,0,140,153.97319354202696,9.43926116451621,440.6166800763458,7993.381578947368
1777647915,300,GET,/product/6E92ZMYYFZ,1.900000,0.000000,200,230,240,290,300,300,300,300,300,300,300,96,0,160,165.81074189404413,11.18084299378097,502.80240504071116,7970.21875
1777647915,300,GET,/product/9SIQT8TOJO,2.100000,0.000000,200,210,220,240,260,290,290,290,290,290,290,122,0,160,160.48093636512573,14.40224307589233,594.8572841007262,8020.516393442623
1777647915,300,GET,/product/L9ECAV7KIM,2.200000,0.000000,200,200,210,210,300,300,300,300,300,300,300,102,0,200,183.87940673468015,10.552287101745605,675.1650378573686,7980.029411764706
1777647915,300,GET,/product/LS4PSXUNUM,1.500000,0.000000,200,200,240,240,260,310,310,310,310,310,310,80,0,190,169.86335055844393,12.288379948586226,307.91885079815984,7992.85
1777647915,300,GET,/product/OLJCESPC7Z,2.100000,0.000000,200,230,260,300,300,400,400,400,400,400,400,100,0,160,174.2503967299126,12.697332073003054,694.3791250232607,8016.36
1777647915,300,,Aggregated,140.300000,0.000000,370,420,450,460,520,560,590,610,670,690,690,7253,0,240,279.5710631749711,9.263879852369428,1542.5426349975169,10678.533572314904
1777647916,300,GET,/,106.900000,0.000000,390,430,450,460,520,560,590,610,660,670,670,5561,0,290,308.94652831152445,9.263879852369428,1542.5426349975169,10542.011149073907
1777647916,300,POST,/cart,13.200000,0.000000,300,340,360,370,420,440,460,560,590,590,590,646,0,240,250.15047883821057,18.31245212815702,1002.6395618915558,17397.170278637772
1777647916,300,POST,/cart/checkout,6.000000,0.000000,160,180,200,210,240,270,290,290,290,290,290,316,0,140,158.54131415872422,16.733490861952305,1017.4640929326415,6803.389240506329
1777647916,300,GET,/product/0PUK6V6EV0,2.000000,0.000000,200,210,230,300,300,310,310,310,310,310,310,97,0,160,173.53554732483073,14.059754088521004,506.02738303132355,7998.7525773195875
1777647916,300,GET,/product/1YMWWN1N4O,1.800000,0.000000,200,200,210,210,250,260,260,260,260,260,260,90,0,190,160.37736520067685,11.675014859065413,336.1741788685322,8021.5
1777647916,300,GET,/product/2ZYFJ3GM2N,2.300000,0.000000,200,200,210,240,250,260,260,260,260,260,260,105,0,160,158.86536899377546,13.80692794919014,311.5472139324993,8017.390476190476
1777647916,300,GET,/product/66VCHSJNUP,1.100000,0.000000,200,250,260,260,300,300,300,300,300,300,300,77,0,140,154.6010877181135,9.43926116451621,440.6166800763458,7992.272727272727
1777647916,300,GET,/product/6E92ZMYYFZ,1.800000,0.000000,200,230,290,290,300,300,300,300,300,300,300,98,0,160,166.51348386682113,11.18084299378097,502.80240504071116,7970.632653061224
1777647916,300,GET,/product/9SIQT8TOJO,2.300000,0.000000,200,200,240,250,260,290,300,300,300,300,300,124,0,170,161.92458673838465,14.40224307589233,594.8572841007262,8019.701612903225
1777647916,300,GET,/product/L9ECAV7KIM,2.200000,0.000000,200,200,210,210,300,300,300,300,300,300,300,103,0,200,183.6995106208527,10.552287101745605,675.1650378573686,7980.388349514563
1777647916,300,GET,/product/LS4PSXUNUM,1.600000,0.000000,200,200,210,240,260,260,260,260,260,260,260,80,0,190,169.86335055844393,12.288379948586226,307.91885079815984,7992.85
1777647916,300,GET,/product/OLJCESPC7Z,2.000000,0.000000,200,210,240,260,300,400,400,400,400,400,400,102,0,170,174.47473839217542,12.697332073003054,694.3791250232607,8017.137254901961
1777647916,300,,Aggregated,143.200000,0.000000,360,400,430,450,490,540,580,600,660,670,670,7399,0,250,280.61947264905695,9.263879852369428,1542.5426349975169,10680.136910393296
1777647917,300,GET,/,104.300000,0.000000,390,430,450,460,510,550,590,610,660,670,670,5664,0,290,309.795860609725,9.263879852369428,1542.5426349975169,10542.188029661016
1777647917,300,POST,/cart,13.900000,0.000000,300,340,360,370,410,430,460,560,590,590,590,660,0,240,251.14183071824354,18.31245212815702,1002.6395618915558,17396.580303030303
1777647917,300,POST,/cart/checkout,6.700000,0.000000,160,180,200,210,240,270,290,290,290,290,290,322,0,140,157.4769335739627,16.733490861952305,1017.4640929326415,6803.332298136646
1777647917,300,GET,/product/0PUK6V6EV0,1.900000,0.000000,200,200,210,230,300,300,300,300,300,300,300,100,0,160,173.42627954436466,14.059754088521004,506.02738303132355,7999.53
1777647917,300,GET,/product/1YMWWN1N4O,1.600000,0.000000,200,200,200,210,240,260,260,260,260,260,260,91,0,190,160.81849601283506,11.675014859065413,336.1741788685322,8020.956043956044
1777647917,300,GET,/product/2ZYFJ3GM2N,2.800000,0.000000,200,200,240,240,250,260,260,260,260,260,260,108,0,160,159.80978931852238,13.80692794919014,311.5472139324993,8017.759259259259
1777647917,300,GET,/product/66VCHSJNUP,1.300000,0.000000,200,240,250,260,260,300,300,300,300,300,300,79,0,140,155.75247305103494,9.43926116451621,440.6166800763458,7991.0759493670885
1777647917,300,GET,/product/6E92ZMYYFZ,1.700000,0.000000,200,200,230,240,300,300,300,300,300,300,300,99,0,170,166.8223966656234,11.18084299378097,502.80240504071116,7971.414141414141
1777647917,300,GET,/product/9SIQT8TOJO,2.500000,0.000000,200,200,240,240,260,300,300,300,300,300,300,127,0,170,163.70216441362743,14.40224307589233,594.8572841007262,8020.677165354331
1777647917,300,GET,/product/L9ECAV7KIM,2.000000,0.000000,200,200,210,210,290,300,300,300,300,300,300,105,0,200,184.90672857012777,10.552287101745605,675.1650378573686,7981.085714285714
1777647917,300,GET,/product/LS4PSXUNUM,1.800000,0.000000,200,200,240,240,260,260,260,260,260,260,260,81,0,190,169.89236997072527,12.288379948586226,307.91885079815984,7992.086419753086
1777647917,300,GET,/product/OLJCESPC7Z,1.900000,0.000000,200,210,240,260,300,400,400,400,400,400,400,103,0,170,174.6884933017303,12.697332073003054,694.3791250232607,8017.57281553398
1777647917,300,,Aggregated,142.400000,0.000000,360,400,430,450,490,540,580,600,660,670,670,7539,0,250,281.3583956115365,9.263879852369428,1542.5426349975169,10681.711234911792
1777647918,300,GET,/,104.100000,0.000000,390,430,450,470,510,560,590,610,660,670,670,5774,0,300,310.9591836743247,9.263879852369428,1542.5426349975169,10542.383269830274
1777647918,300,POST,/cart,13.800000,0.000000,300,340,360,370,420,440,460,560,590,590,590,671,0,240,250.79434670351068,18.31245212815702,1002.6395618915558,17408.69299552906
1777647918,300,POST,/cart/checkout,7.100000,0.000000,160,180,190,210,230,270,290,290,290,290,290,328,0,140,157.23619210070976,16.733490861952305,1017.4640929326415,6803.375
1777647918,300,GET,/product/0PUK6V6EV0,1.500000,0.000000,200,210,230,230,300,300,300,300,300,300,300,101,0,190,174.19129246062056,14.059754088521004,506.02738303132355,7999.762376237623
1777647918,300,GET,/product/1YMWWN1N4O,1.500000,0.000000,200,200,210,240,260,260,260,260,260,260,260,95,0,190,163.50446789476433,11.675014859065413,336.1741788685322,8019.147368421052
1777647918,300,GET,/product/2ZYFJ3GM2N,2.900000,0.000000,200,200,210,240,260,260,270,270,270,270,270,110,0,160,161.12817544066772,13.80692794919014,311.5472139324993,8017.645454545454
1777647918,300,GET,/product/66VCHSJNUP,1.300000,0.000000,200,240,250,260,260,300,300,300,300,300,300,79,0,140,155.75247305103494,9.43926116451621,440.6166800763458,7991.0759493670885
1777647918,300,GET,/product/6E92ZMYYFZ,1.700000,0.000000,200,210,230,240,300,300,300,300,300,300,300,99,0,170,166.8223966656234,11.18084299378097,502.80240504071116,7971.414141414141
1777647918,300,GET,/product/9SIQT8TOJO,2.900000,0.000000,200,210,240,250,260,300,300,300,300,300,300,128,0,170,163.9989939503721,14.40224307589233,594.8572841007262,8020.8828125
1777647918,300,GET,/product/L9ECAV7KIM,1.800000,0.000000,200,200,210,210,290,300,300,300,300,300,300,106,0,200,184.9800818665656,10.552287101745605,675.1650378573686,7981.405660377359
1777647918,300,GET,/product/LS4PSXUNUM,1.700000,0.000000,200,240,240,240,260,260,260,260,260,260,260,84,0,190,171.64039937779307,12.288379948586226,307.91885079815984,7991.178571428572
1777647918,300,GET,/product/OLJCESPC7Z,1.900000,0.000000,200,210,230,260,300,400,400,400,400,400,400,103,0,170,174.6884933017303,12.697332073003054,694.3791250232607,8017.57281553398
1777647918,300,,Aggregated,142.200000,0.000000,360,400,430,450,490,540,580,600,660,670,670,7678,0,250,282.3672153388751,9.263879852369428,1542.5426349975169,10683.307241469132
1777647919,300,GET,/,103.700000,0.000000,390,430,460,470,510,560,590,610,660,670,670,5872,0,300,312.30037387099486,9.263879852369428,1542.5426349975169,10542.659911444141
1777647919,300,POST,/cart,14.100000,0.000000,300,340,360,380,420,440,480,560,590,590,590,687,0,240,251.44379728865502,18.31245212815702,1002.6395618915558,17413.275109170307
1777647919,300,POST,/cart/checkout,7.600000,0.000000,160,180,190,210,240,270,290,380,380,380,380,333,0,140,157.89684072743776,16.733490861952305,1017.4640929326415,6803.438438438438
1777647919,300,GET,/product/0PUK6V6EV0,1.200000,0.000000,200,210,230,250,300,300,300,300,300,300,300,103,0,200,175.7530036169891,14.059754088521004,506.02738303132355,7999.291262135922
1777647919,300,GET,/product/1YMWWN1N4O,1.300000,0.000000,200,200,240,240,250,260,260,260,260,260,260,97,0,190,164.7401478131945,11.675014859065413,336.1741788685322,8018.896907216495
1777647919,300,GET,/product/2ZYFJ3GM2N,2.600000,0.000000,200,200,210,240,260,270,300,300,300,300,300,113,0,170,163.05465083692914,13.80692794919014,311.5472139324993,8017.831858407079
1777647919,300,GET,/product/66VCHSJNUP,1.200000,0.000000,200,240,260,260,300,300,300,300,300,300,300,80,0,140,157.55432408768684,9.43926116451621,440.6166800763458,7990.2875
1777647919,300,GET,/product/6E92ZMYYFZ,1.800000,0.000000,200,210,230,240,300,300,300,300,300,300,300,99,0,170,166.8223966656234,11.18084299378097,502.80240504071116,7971.414141414141
1777647919,300,GET,/product/9SIQT8TOJO,2.500000,0.000000,200,210,240,260,300,300,300,300,300,300,300,130,0,170,165.27372983535037,14.40224307589233,594.8572841007262,8020.953846153846
1777647919,300,GET,/product/L9ECAV7KIM,1.600000,0.000000,200,200,200,210,240,290,290,290,290,290,290,107,0,200,185.12183996178558,10.552287101745605,675.1650378573686,7981.018691588785
1777647919,300,GET,/product/LS4PSXUNUM,1.700000,0.000000,200,240,240,240,260,260,260,260,260,260,260,85,0,190,171.96111668120412,12.288379948586226,307.91885079815984,7991.682352941177
1777647919,300,GET,/product/OLJCESPC7Z,1.900000,0.000000,200,210,230,290,300,400,400,400,400,400,400,104,0,170,175.82887510742205,12.697332073003054,694.3791250232607,8018.0
1777647919,300,,Aggregated,141.200000,0.000000,360,400,430,450,490,540,580,600,660,670,670,7810,0,250,283.60731679968245,9.263879852369428,1542.5426349975169,10688.98719590269
1777647920,300,GET,/,103.100000,0.000000,390,430,450,470,510,550,590,610,660,670,670,5979,0,300,314.0479410750622,9.263879852369428,1542.5426349975169,10542.78708814183
1777647920,300,POST,/cart,14.200000,0.000000,300,340,370,380,420,440,480,560,590,590,590,702,0,240,252.6822359784721,18.31245212815702,1002.6395618915558,17425.264957264957
1777647920,300,POST,/cart/checkout,7.500000,0.000000,160,180,190,210,230,270,290,380,380,380,380,339,0,140,157.9311473554709,16.733490861952305,1017.4640929326415,6803.628318584071
1777647920,300,GET,/product/0PUK6V6EV0,1.500000,0.000000,210,230,300,300,300,300,300,300,300,300,300,105,0,200,178.06263154904758,14.059754088521004,506.02738303132355,8000.295238095238
1777647920,300,GET,/product/1YMWWN1N4O,1.400000,0.000000,200,210,240,250,250,260,260,260,260,260,260,97,0,190,164.7401478131945,11.675014859065413,336.1741788685322,8018.896907216495
1777647920,300,GET,/product/2ZYFJ3GM2N,2.400000,0.000000,200,200,210,240,260,270,300,300,300,300,300,114,0,170,163.37715845203778,13.80692794919014,311.5472139324993,8018.175438596491
1777647920,300,GET,/product/66VCHSJNUP,1.400000,0.000000,200,240,260,260,300,300,300,300,300,300,300,81,0,140,158.12745105969594,9.43926116451621,440.6166800763458,7989.419753086419
1777647920,300,GET,/product/6E92ZMYYFZ,1.500000,0.000000,200,200,200,200,240,300,300,300,300,300,300,101,0,160,166.2816754150398,11.18084299378097,502.80240504071116,7971.554455445545
1777647920,300,GET,/product/9SIQT8TOJO,2.700000,0.000000,200,210,240,260,300,300,300,300,300,300,300,131,0,190,165.50950922484276,14.40224307589233,594.8572841007262,8021.274809160305
1777647920,300,GET,/product/L9ECAV7KIM,1.600000,0.000000,200,200,210,210,240,290,290,290,290,290,290,109,0,200,185.41021606192814,10.552287101745605,675.1650378573686,7980.633027522936
1777647920,300,GET,/product/LS4PSXUNUM,1.500000,0.000000,200,210,260,260,260,260,260,260,260,260,260,87,0,190,173.28605821741553,12.288379948586226,307.91885079815984,7992.022988505747
1777647920,300,GET,/product/OLJCESPC7Z,1.900000,0.000000,200,230,260,290,300,400,400,400,400,400,400,106,0,190,176.91633338767613,12.697332073003054,694.3791250232607,8017.990566037736
1777647920,300,,Aggregated,140.700000,0.000000,370,400,440,450,490,540,580,600,660,670,670,7951,0,260,285.1514080528511,9.263879852369428,1542.5426349975169,10693.54609483084
1777647921,300,GET,/,103.300000,0.000000,400,430,450,460,500,550,590,610,660,670,670,6091,0,310,315.56636268249906,9.263879852369428,1542.5426349975169,10543.093088162863
1777647921,300,POST,/cart,13.800000,0.000000,300,340,370,380,430,460,480,560,590,590,590,718,0,250,254.61966642094282,18.31245212815702,1002.6395618915558,17427.281337047352
1777647921,300,POST,/cart/checkout,7.300000,0.000000,160,180,190,210,240,270,290,380,380,380,380,343,0,140,158.31732382976148,16.733490861952305,1017.4640929326415,6803.720116618076
1777647921,300,GET,/product/0PUK6V6EV0,1.600000,0.000000,210,250,300,300,300,300,300,300,300,300,300,105,0,200,178.06263154904758,14.059754088521004,506.02738303132355,8000.295238095238
1777647921,300,GET,/product/1YMWWN1N4O,1.800000,0.000000,200,210,250,250,250,260,260,260,260,260,260,99,0,190,165.94027904934728,11.675014859065413,336.1741788685322,8018.949494949495
1777647921,300,GET,/product/2ZYFJ3GM2N,2.400000,0.000000,200,200,210,210,260,270,300,300,300,300,300,114,0,170,163.37715845203778,13.80692794919014,311.5472139324993,8018.175438596491
1777647921,300,GET,/product/66VCHSJNUP,1.200000,0.000000,240,260,290,300,300,300,300,300,300,300,300,85,0,150,161.92531538579394,9.43926116451621,440.6166800763458,7989.84705882353
1777647921,300,GET,/product/6E92ZMYYFZ,1.300000,0.000000,200,200,240,260,300,310,310,310,310,310,310,105,0,170,168.76711534070117,11.18084299378097,502.80240504071116,7970.72380952381
1777647921,300,GET,/product/9SIQT8TOJO,2.400000,0.000000,200,210,240,250,300,300,300,300,300,300,300,134,0,190,166.35393648088646,14.40224307589233,594.8572841007262,8021.694029850746
1777647921,300,GET,/product/L9ECAV7KIM,1.600000,0.000000,200,200,210,210,240,290,290,290,290,290,290,109,0,200,185.41021606192814,10.552287101745605,675.1650378573686,7980.633027522936
1777647921,300,GET,/product/LS4PSXUNUM,1.700000,0.000000,200,210,260,260,260,300,300,300,300,300,300,89,0,190,174.95972637003393,12.288379948586226,307.91885079815984,7992.76404494382
1777647921,300,GET,/product/OLJCESPC7Z,1.700000,0.000000,200,260,300,300,300,400,400,400,400,400,400,109,0,190,179.42174634930396,12.697332073003054,694.3791250232607,8018.40366972477
1777647921,300,,Aggregated,140.100000,0.000000,370,410,440,450,490,530,580,600,660,670,670,8101,0,260,286.64336052608036,9.263879852369428,1542.5426349975169,10697.277373163806
1777647922,300,GET,/,104.800000,0.000000,400,430,450,460,490,520,550,570,600,640,640,6203,0,310,318.4778035605828,9.263879852369428,1542.5426349975169,10543.287441560535
1777647922,300,POST,/cart,13.800000,0.000000,290,340,370,380,430,470,480,490,560,560,560,729,0,250,256.3714116686554,18.31245212815702,1002.6395618915558,17439.962962962964
1777647922,300,POST,/cart/checkout,6.900000,0.000000,160,180,190,210,240,280,290,380,380,380,380,346,0,140,159.10545339998978,16.733490861952305,1017.4640929326415,6803.780346820809
1777647922,300,GET,/product/0PUK6V6EV0,1.700000,0.000000,200,210,250,250,300,300,300,300,300,300,300,106,0,200,178.21407587408035,14.059754088521004,506.02738303132355,8000.547169811321
1777647922,300,GET,/product/1YMWWN1N4O,1.600000,0.000000,200,240,250,250,260,300,300,300,300,300,300,102,0,190,168.19594869636657,11.675014859065413,336.1741788685322,8017.843137254902
1777647922,300,GET,/product/2ZYFJ3GM2N,2.700000,0.000000,200,200,200,210,270,300,400,400,400,400,400,116,0,190,165.74996353351864,13.80692794919014,401.74934221431613,8018.491379310345
1777647922,300,GET,/product/66VCHSJNUP,1.300000,0.000000,260,290,300,300,300,400,400,400,400,400,400,86,0,150,164.67999704561174,9.43926116451621,440.6166800763458,7990.2558139534885
1777647922,300,GET,/product/6E92ZMYYFZ,0.900000,0.000000,200,240,260,300,300,310,310,310,310,310,310,107,0,170,170.77321095923048,11.18084299378097,502.80240504071116,7971.626168224299
1777647922,300,GET,/product/9SIQT8TOJO,2.500000,0.000000,200,210,210,250,300,300,300,300,300,300,300,139,0,190,167.28632678713302,14.40224307589233,594.8572841007262,8020.949640287769
1777647922,300,GET,/product/L9ECAV7KIM,1.500000,0.000000,200,200,210,290,390,400,400,400,400,400,400,111,0,200,189.17549130515204,10.552287101745605,675.1650378573686,7980.720720720721
1777647922,300,GET,/product/LS4PSXUNUM,1.700000,0.000000,200,240,250,260,260,300,300,300,300,300,300,91,0,190,176.05798483498722,12.288379948586226,307.91885079815984,7992.758241758242
1777647922,300,GET,/product/OLJCESPC7Z,1.700000,0.000000,210,260,300,300,300,300,300,300,300,300,300,112,0,190,181.22068035881966,12.697332073003054,694.3791250232607,8019.910714285715
1777647922,300,,Aggregated,141.100000,0.000000,370,410,440,450,480,500,540,560,600,640,640,8248,0,270,289.2508755026342,9.263879852369428,1542.5426349975169,10697.180528612997
1777647923,300,GET,/,103.200000,0.000000,390,430,450,460,490,500,540,560,590,590,590,6324,0,320,319.9336614915106,9.263879852369428,1542.5426349975169,10543.623181530676
1777647923,300,POST,/cart,14.000000,0.000000,290,330,370,390,430,470,490,490,560,560,560,735,0,250,257.0060004103219,18.31245212815702,1002.6395618915558,17445.42993197279
1777647923,300,POST,/cart/checkout,7.300000,0.000000,170,190,210,230,250,280,290,380,380,380,380,353,0,140,159.7387913532724,16.733490861952305,1017.4640929326415,6803.889518413598
1777647923,300,GET,/product/0PUK6V6EV0,1.900000,0.000000,210,210,300,300,300,360,360,360,360,360,360,107,0,200,179.8677707904793,14.059754088521004,506.02738303132355,8000.448598130841
1777647923,300,GET,/product/1YMWWN1N4O,1.500000,0.000000,200,250,250,250,300,300,300,300,300,300,300,105,0,190,170.61113135534384,11.675014859065413,336.1741788685322,8018.0
1777647923,300,GET,/product/2ZYFJ3GM2N,2.500000,0.000000,200,200,200,210,270,300,400,400,400,400,400,119,0,190,166.15293254614065,13.80692794919014,401.74934221431613,8018.579831932773
1777647923,300,GET,/product/66VCHSJNUP,1.400000,0.000000,200,290,300,300,300,400,400,400,400,400,400,89,0,160,166.83842568250185,9.43926116451621,440.6166800763458,7991.269662921349
1777647923,300,GET,/product/6E92ZMYYFZ,1.100000,0.000000,200,260,260,300,300,310,310,310,310,310,310,107,0,170,170.77321095923048,11.18084299378097,502.80240504071116,7971.626168224299
1777647923,300,GET,/product/9SIQT8TOJO,2.600000,0.000000,200,200,210,210,300,300,300,300,300,300,300,140,0,190,167.48640421844487,14.40224307589233,594.8572841007262,8021.278571428571
1777647923,300,GET,/product/L9ECAV7KIM,1.400000,0.000000,200,250,290,290,390,400,400,400,400,400,400,114,0,200,191.77139911334962,10.552287101745605,675.1650378573686,7981.894736842105
1777647923,300,GET,/product/LS4PSXUNUM,1.600000,0.000000,200,250,260,260,350,360,360,360,360,360,360,95,0,190,180.7653807299702,12.288379948586226,355.2850701380521,7992.957894736842
1777647923,300,GET,/product/OLJCESPC7Z,1.700000,0.000000,210,290,300,300,300,300,300,300,300,300,300,113,0,190,181.33951617668555,12.697332073003054,694.3791250232607,8020.33628318584
1777647923,300,,Aggregated,140.200000,0.000000,370,400,430,450,480,500,530,550,590,590,590,8401,0,270,290.6291351275663,9.263879852369428,1542.5426349975169,10691.217355076777
1777647924,300,GET,/,104.900000,0.000000,390,420,440,450,490,500,540,560,590,590,590,6418,0,320,319.73604285465854,9.263879852369428,1542.5426349975169,10543.829853536927
1777647924,300,POST,/cart,14.500000,0.000000,290,330,360,390,430,470,490,490,560,560,560,743,0,250,257.0929706894478,18.31245212815702,1002.6395618915558,17444.393001345896
1777647924,300,POST,/cart/checkout,6.800000,0.000000,170,190,210,230,250,280,290,380,380,380,380,362,0,140,159.93710057115317,16.733490861952305,1017.4640929326415,6804.248618784531
1777647924,300,GET,/product/0PUK6V6EV0,1.700000,0.000000,210,250,300,300,300,360,360,360,360,360,360,107,0,200,179.8677707904793,14.059754088521004,506.02738303132355,8000.448598130841
1777647924,300,GET,/product/1YMWWN1N4O,1.600000,0.000000,200,250,250,250,300,300,300,300,300,300,300,106,0,190,170.5597159386841,11.675014859065413,336.1741788685322,8017.471698113208
1777647924,300,GET,/product/2ZYFJ3GM2N,2.200000,0.000000,200,200,200,240,300,400,400,400,400,400,400,120,0,190,165.6062709594456,13.80692794919014,401.74934221431613,8018.225
1777647924,300,GET,/product/66VCHSJNUP,1.400000,0.000000,200,260,290,290,300,400,400,400,400,400,400,91,0,160,167.06664382050243,9.43926116451621,440.6166800763458,7992.0989010989015
1777647924,300,GET,/product/6E92ZMYYFZ,1.400000,0.000000,200,260,260,300,300,310,310,310,310,310,310,109,0,170,170.68266210898142,11.18084299378097,502.80240504071116,7970.256880733945
1777647924,300,GET,/product/9SIQT8TOJO,2.500000,0.000000,200,200,200,210,260,300,300,300,300,300,300,148,0,190,167.0287325034371,14.40224307589233,594.8572841007262,8023.128378378378
1777647924,300,GET,/product/L9ECAV7KIM,1.100000,0.000000,210,260,290,350,390,400,400,400,400,400,400,114,0,200,191.77139911334962,10.552287101745605,675.1650378573686,7981.894736842105
1777647924,300,GET,/product/LS4PSXUNUM,1.500000,0.000000,200,250,260,260,350,360,360,360,360,360,360,98,0,190,180.67658888128568,12.288379948586226,355.2850701380521,7993.3877551020405
1777647924,300,GET,/product/OLJCESPC7Z,1.900000,0.000000,200,260,300,300,300,300,300,300,300,300,300,114,0,190,181.49656062259487,12.697332073003054,694.3791250232607,8020.754385964912
1777647924,300,,Aggregated,141.500000,0.000000,360,400,430,440,480,500,530,550,590,590,590,8530,0,270,290.3830884921158,9.263879852369428,1542.5426349975169,10686.263188745605
1777647925,300,GET,/,106.900000,0.000000,390,430,450,460,500,520,550,560,590,600,600,6511,0,320,321.793849606595,9.263879852369428,1542.5426349975169,10544.037782214713
1777647925,300,POST,/cart,13.500000,0.000000,300,340,370,380,430,480,490,530,560,560,560,759,0,250,259.0694325511026,18.31245212815702,1002.6395618915558,17457.18050065876
1777647925,300,POST,/cart/checkout,6.600000,0.000000,170,190,210,220,240,270,280,380,380,380,380,373,0,140,160.6326673682979,16.733490861952305,1017.4640929326415,6804.187667560322
1777647925,300,GET,/product/0PUK6V6EV0,1.600000,0.000000,210,250,300,300,300,360,360,360,360,360,360,109,0,200,179.7030592452598,14.059754088521004,506.02738303132355,8000.4495412844035
1777647925,300,GET,/product/1YMWWN1N4O,1.700000,0.000000,200,250,250,250,300,300,300,300,300,300,300,107,0,190,170.86312917243933,11.675014859065413,336.1741788685322,8017.934579439252
1777647925,300,GET,/product/2ZYFJ3GM2N,2.200000,0.000000,200,200,200,240,300,400,400,400,400,400,400,121,0,190,165.8731863895539,13.80692794919014,401.74934221431613,8018.611570247934
1777647925,300,GET,/product/66VCHSJNUP,1.400000,0.000000,200,200,290,290,300,400,400,400,400,400,400,93,0,160,167.81424300404646,9.43926116451621,440.6166800763458,7991.655913978495
1777647925,300,GET,/product/6E92ZMYYFZ,1.500000,0.000000,200,240,260,300,300,310,310,310,310,310,310,111,0,190,171.550030385874,11.18084299378097,502.80240504071116,7970.9009009009005
1777647925,300,GET,/product/9SIQT8TOJO,2.900000,0.000000,200,200,210,210,300,300,300,300,300,300,300,149,0,190,167.49952573504223,14.40224307589233,594.8572841007262,8023.557046979866
1777647925,300,GET,/product/L9ECAV7KIM,1.300000,0.000000,240,260,290,350,390,400,400,400,400,400,400,116,0,200,192.22430387865109,10.552287101745605,675.1650378573686,7981.836206896552
1777647925,300,GET,/product/LS4PSXUNUM,1.700000,0.000000,210,240,260,260,300,350,360,360,360,360,360,100,0,200,181.5422402252443,12.288379948586226,355.2850701380521,7994.52
1777647925,300,GET,/product/OLJCESPC7Z,2.000000,0.000000,200,240,290,290,300,300,300,300,300,300,300,116,0,190,181.63733135362895,12.697332073003054,694.3791250232607,8020.258620689655
1777647925,300,,Aggregated,143.300000,0.000000,370,400,430,450,490,510,540,560,590,600,600,8665,0,270,292.0736830780982,9.263879852369428,1542.5426349975169,10688.933756491633
1777647926,300,GET,/,107.100000,0.000000,410,450,470,480,510,540,560,590,620,620,620,6623,0,320,324.58196781629397,9.263879852369428,1542.5426349975169,10544.298052242186
1777647926,300,POST,/cart,13.200000,0.000000,300,340,380,400,460,480,500,530,560,560,560,771,0,260,261.10615820506763,18.31245212815702,1002.6395618915558,17458.10765239948
1777647926,300,POST,/cart/checkout,6.500000,0.000000,170,190,200,220,240,280,280,380,380,380,380,377,0,140,160.79724745686593,16.733490861952305,1017.4640929326415,6804.275862068966
1777647926,300,GET,/product/0PUK6V6EV0,1.500000,0.000000,210,250,300,300,300,360,360,360,360,360,360,109,0,200,179.7030592452598,14.059754088521004,506.02738303132355,8000.4495412844035
1777647926,300,GET,/product/1YMWWN1N4O,1.900000,0.000000,210,250,250,260,300,300,300,300,300,300,300,110,0,190,172.2907168938863,11.675014859065413,336.1741788685322,8019.009090909091
1777647926,300,GET,/product/2ZYFJ3GM2N,2.200000,0.000000,200,200,210,240,300,400,400,400,400,400,400,123,0,190,166.49710751570217,13.80692794919014,401.74934221431613,8018.59349593496
1777647926,300,GET,/product/66VCHSJNUP,1.600000,0.000000,200,290,290,300,310,400,400,400,400,400,400,94,0,160,169.2800385248352,9.43926116451621,440.6166800763458,7991.127659574468
1777647926,300,GET,/product/6E92ZMYYFZ,1.400000,0.000000,200,240,260,260,300,310,310,310,310,310,310,114,0,190,172.94285826899699,11.18084299378097,502.80240504071116,7971.877192982456
1777647926,300,GET,/product/9SIQT8TOJO,2.800000,0.000000,200,200,210,240,290,300,300,300,300,300,300,151,0,190,168.7928659252403,14.40224307589233,594.8572841007262,8024.317880794702
1777647926,300,GET,/product/L9ECAV7KIM,1.400000,0.000000,240,260,290,300,390,400,400,400,400,400,400,120,0,200,193.73299359188726,10.552287101745605,675.1650378573686,7983.333333333333
1777647926,300,GET,/product/LS4PSXUNUM,1.900000,0.000000,210,240,260,260,300,350,360,360,360,360,360,101,0,200,182.3181987781594,12.288379948586226,355.2850701380521,7994.772277227723
1777647926,300,GET,/product/OLJCESPC7Z,1.700000,0.000000,240,260,290,300,300,300,300,300,300,300,300,119,0,200,183.80471433418953,12.697332073003054,694.3791250232607,8021.411764705882
1777647926,300,,Aggregated,143.200000,0.000000,380,420,450,470,500,530,560,580,620,620,620,8812,0,280,294.5198513603329,9.263879852369428,1542.5426349975169,10689.10326827054
1777647927,300,GET,/,106.700000,0.000000,420,450,480,490,530,560,600,620,650,650,650,6737,0,330,327.12296175282336,9.263879852369428,1542.5426349975169,10544.549354312008
1777647927,300,POST,/cart,12.100000,0.000000,320,350,390,420,470,490,500,530,560,560,560,786,0,260,263.5918855892243,18.31245212815702,1002.6395618915558,17467.76972010178
1777647927,300,POST,/cart/checkout,6.600000,0.000000,180,190,210,220,250,280,340,380,380,380,380,382,0,140,161.29543024471215,16.733490861952305,1017.4640929326415,6804.384816753926
1777647927,300,GET,/product/0PUK6V6EV0,1.500000,0.000000,250,300,300,300,300,360,360,360,360,360,360,111,0,200,180.98864530481666,14.059754088521004,506.02738303132355,8000.468468468468
1777647927,300,GET,/product/1YMWWN1N4O,2.000000,0.000000,240,250,260,260,300,300,300,300,300,300,300,113,0,200,174.69502050033975,11.675014859065413,336.1741788685322,8020.230088495575
1777647927,300,GET,/product/2ZYFJ3GM2N,1.800000,0.000000,200,200,240,270,300,400,400,400,400,400,400,123,0,190,166.49710751570217,13.80692794919014,401.74934221431613,8018.59349593496
1777647927,300,GET,/product/66VCHSJNUP,1.600000,0.000000,200,290,300,300,360,360,400,400,400,400,400,98,0,160,175.42140980545736,9.43926116451621,440.6166800763458,7991.3877551020405
1777647927,300,GET,/product/6E92ZMYYFZ,1.400000,0.000000,200,260,260,300,300,310,310,310,310,310,310,115,0,190,174.0456625960929,11.18084299378097,502.80240504071116,7971.965217391305
1777647927,300,GET,/product/9SIQT8TOJO,3.100000,0.000000,200,200,210,240,260,290,300,300,300,300,300,151,0,190,168.7928659252403,14.40224307589233,594.8572841007262,8024.317880794702
1777647927,300,GET,/product/L9ECAV7KIM,1.400000,0.000000,240,260,300,300,350,390,400,400,400,400,400,126,0,200,196.60826593578335,10.552287101745605,675.1650378573686,7984.174603174603
1777647927,300,GET,/product/LS4PSXUNUM,2.100000,0.000000,230,240,260,260,300,350,360,360,360,360,360,103,0,200,183.31121402629879,12.288379948586226,355.2850701380521,7994.844660194175
1777647927,300,GET,/product/OLJCESPC7Z,1.700000,0.000000,240,260,290,300,300,300,300,300,300,300,300,120,0,200,183.99760151514784,12.697332073003054,694.3791250232607,8020.975
1777647927,300,,Aggregated,142.000000,0.000000,390,440,460,480,510,550,590,610,650,650,650,8965,0,280,296.86141347170303,9.263879852369428,1542.5426349975169,10691.77824874512
1777647928,300,GET,/,104.900000,0.000000,430,460,480,490,530,570,600,620,650,650,650,6838,0,330,328.7851852012766,9.263879852369428,1542.5426349975169,10544.710441649606
1777647928,300,POST,/cart,12.800000,0.000000,330,370,400,420,470,490,530,560,610,610,610,796,0,260,265.0960545642325,18.31245212815702,1002.6395618915558,17469.316582914573
1777647928,300,POST,/cart/checkout,6.700000,0.000000,180,200,220,230,250,310,340,380,380,380,380,391,0,150,162.37735397735005,16.733490861952305,1017.4640929326415,6804.319693094629
1777647928,300,GET,/product/0PUK6V6EV0,1.400000,0.000000,210,300,300,300,300,360,360,360,360,360,360,113,0,200,181.3867782011826,14.059754088521004,506.02738303132355,8000.787610619469
1777647928,300,GET,/product/1YMWWN1N4O,2.000000,0.000000,240,250,260,290,300,300,300,300,300,300,300,116,0,200,175.8676139188224,11.675014859065413,336.1741788685322,8020.948275862069
1777647928,300,GET,/product/2ZYFJ3GM2N,1.700000,0.000000,200,200,210,230,300,400,400,400,400,400,400,127,0,190,167.49340867235026,13.80692794919014,401.74934221431613,8018.685039370079
1777647928,300,GET,/product/66VCHSJNUP,1.700000,0.000000,200,290,300,300,360,360,400,400,400,400,400,103,0,190,176.74582810774083,9.43926116451621,440.6166800763458,7992.155339805825
1777647928,300,GET,/product/6E92ZMYYFZ,1.500000,0.000000,200,240,260,300,300,310,310,310,310,310,310,117,0,190,173.69091724499296,11.18084299378097,502.80240504071116,7972.897435897436
1777647928,300,GET,/product/9SIQT8TOJO,2.800000,0.000000,200,200,230,240,260,290,300,300,300,300,300,152,0,190,169.19319796541362,14.40224307589233,594.8572841007262,8024.7828947368425
1777647928,300,GET,/product/L9ECAV7KIM,1.400000,0.000000,240,260,300,300,350,390,400,400,400,400,400,128,0,200,196.68000195997593,10.552287101745605,675.1650378573686,7984.28125
1777647928,300,GET,/product/LS4PSXUNUM,2.000000,0.000000,230,240,260,260,350,360,360,360,360,360,360,103,0,200,183.31121402629879,12.288379948586226,355.2850701380521,7994.844660194175
1777647928,300,GET,/product/OLJCESPC7Z,1.600000,0.000000,230,260,290,300,300,300,300,300,300,300,300,122,0,200,184.81705061228732,12.697332073003054,694.3791250232607,8021.38524590164
1777647928,300,,Aggregated,140.500000,0.000000,400,440,470,480,510,550,600,610,650,650,650,9106,0,280,298.23807516704335,9.263879852369428,1542.5426349975169,10687.847682846475
1777647929,300,GET,/,105.100000,0.000000,420,460,480,490,530,560,600,620,650,650,650,6952,0,330,329.28590040089415,9.263879852369428,1542.5426349975169,10544.947065592634
1777647929,300,POST,/cart,12.400000,0.000000,340,380,410,440,470,490,530,560,610,610,610,809,0,270,266.1385590398203,18.31245212815702,1002.6395618915558,17479.038318912237
1777647929,300,POST,/cart/checkout,6.100000,0.000000,180,200,220,230,250,280,330,340,340,340,340,394,0,150,162.38035609695095,16.733490861952305,1017.4640929326415,6804.223350253807
1777647929,300,GET,/product/0PUK6V6EV0,1.200000,0.000000,210,230,300,300,300,360,360,360,360,360,360,116,0,200,181.871887593498,14.059754088521004,506.02738303132355,8001.146551724138
1777647929,300,GET,/product/1YMWWN1N4O,2.000000,0.000000,200,250,260,260,300,300,300,300,300,300,300,119,0,200,175.0631642649185,11.675014859065413,336.1741788685322,8021.495798319328
1777647929,300,GET,/product/2ZYFJ3GM2N,1.700000,0.000000,200,200,210,230,300,400,400,400,400,400,400,128,0,190,167.73399160410918,13.80692794919014,401.74934221431613,8019.09375
1777647929,300,GET,/product/66VCHSJNUP,1.700000,0.000000,200,260,300,300,360,360,400,400,400,400,400,104,0,190,176.96828463410313,9.43926116451621,440.6166800763458,7992.817307692308
1777647929,300,GET,/product/6E92ZMYYFZ,1.600000,0.000000,200,240,260,300,300,310,310,310,310,310,310,117,0,190,173.69091724499296,11.18084299378097,502.80240504071116,7972.897435897436
1777647929,300,GET,/product/9SIQT8TOJO,2.700000,0.000000,200,200,210,230,240,260,290,290,290,290,290,153,0,190,168.75764091340886,14.40224307589233,594.8572841007262,8024.6209150326795
1777647929,300,GET,/product/L9ECAV7KIM,1.700000,0.000000,230,260,300,300,350,390,400,400,400,400,400,130,0,200,196.7667050534286,10.552287101745605,675.1650378573686,7984.176923076923
1777647929,300,GET,/product/LS4PSXUNUM,2.100000,0.000000,210,240,250,260,300,350,360,360,360,360,360,107,0,200,183.4445802590627,12.288379948586226,355.2850701380521,7994.6355140186915
1777647929,300,GET,/product/OLJCESPC7Z,1.700000,0.000000,210,240,260,260,300,300,300,300,300,300,300,125,0,200,185.08642237447202,12.697332073003054,694.3791250232607,8021.704
1777647929,300,,Aggregated,140.000000,0.000000,400,440,460,480,510,550,600,610,650,650,650,9254,0,290,298.76481987324007,9.263879852369428,1542.5426349975169,10690.181975362006
1777647930,300,GET,/,106.400000,0.000000,420,450,480,490,530,560,600,620,650,650,650,7060,0,330,329.4413379700551,9.263879852369428,1542.5426349975169,10545.190651558074
1777647930,300,POST,/cart,12.600000,0.000000,340,370,390,420,470,500,530,610,610,610,610,819,0,270,266.53707608801193,18.31245212815702,1002.6395618915558,17482.1221001221
1777647930,300,POST,/cart/checkout,5.900000,0.000000,190,200,210,230,250,310,330,340,340,340,340,396,0,150,162.30660982399408,16.733490861952305,1017.4640929326415,6804.237373737374
1777647930,300,GET,/product/0PUK6V6EV0,1.100000,0.000000,200,210,210,230,300,360,360,360,360,360,360,119,0,200,182.28062991240697,14.059754088521004,506.02738303132355,8001.806722689075
1777647930,300,GET,/product/1YMWWN1N4O,2.200000,0.000000,200,240,260,260,300,300,300,300,300,300,300,119,0,200,175.0631642649185,11.675014859065413,336.1741788685322,8021.495798319328
1777647930,300,GET,/product/2ZYFJ3GM2N,1.600000,0.000000,200,200,200,210,240,400,400,400,400,400,400,132,0,190,168.34865404631603,13.80692794919014,401.74934221431613,8019.977272727273
1777647930,300,GET,/product/66VCHSJNUP,1.900000,0.000000,200,260,300,300,360,360,400,400,400,400,400,107,0,190,178.07734092462493,9.43926116451621,440.6166800763458,7992.943925233645
1777647930,300,GET,/product/6E92ZMYYFZ,1.600000,0.000000,200,240,260,300,300,300,300,300,300,300,300,118,0,190,173.15715045462977,11.18084299378097,502.80240504071116,7973.1949152542375
1777647930,300,GET,/product/9SIQT8TOJO,2.500000,0.000000,200,200,210,230,240,260,290,290,290,290,290,155,0,190,169.24497813376928,14.40224307589233,594.8572841007262,8023.890322580645
1777647930,300,GET,/product/L9ECAV7KIM,2.100000,0.000000,230,250,300,300,350,390,400,400,400,400,400,133,0,200,196.0988464429134,10.552287101745605,675.1650378573686,7984.601503759399
1777647930,300,GET,/product/LS4PSXUNUM,2.200000,0.000000,210,230,240,250,350,360,360,360,360,360,360,108,0,200,183.5913042843997,12.288379948586226,355.2850701380521,7994.4537037037035
1777647930,300,GET,/product/OLJCESPC7Z,1.700000,0.000000,200,210,230,240,260,300,300,300,300,300,300,130,0,200,185.26401290705857,12.697332073003054,694.3791250232607,8022.692307692308
1777647930,300,,Aggregated,141.800000,0.000000,390,440,460,480,520,550,600,610,650,650,650,9396,0,290,298.9444638864457,9.263879852369428,1542.5426349975169,10689.110259684972
1777647932,300,GET,/,107.100000,0.000000,400,440,470,480,520,570,600,620,650,650,650,7170,0,330,329.7244229113665,9.263879852369428,1542.5426349975169,10545.376429567643
1777647932,300,POST,/cart,12.200000,0.000000,340,360,400,410,460,490,500,530,610,610,610,835,0,270,267.6321592059232,18.31245212815702,1002.6395618915558,17503.2
1777647932,300,POST,/cart/checkout,6.100000,0.000000,190,200,210,230,250,330,330,340,340,340,340,403,0,150,163.08342746953497,16.733490861952305,1017.4640929326415,6804.379652605459
1777647932,300,GET,/product/0PUK6V6EV0,1.300000,0.000000,200,200,210,210,300,360,360,360,360,360,360,122,0,200,182.7356860205745,14.059754088521004,506.02738303132355,8001.180327868852
1777647932,300,GET,/product/1YMWWN1N4O,2.200000,0.000000,200,250,260,290,300,300,300,300,300,300,300,122,0,200,176.5551717177064,11.675014859065413,336.1741788685322,8022.4098360655735
1777647932,300,GET,/product/2ZYFJ3GM2N,1.600000,0.000000,200,200,200,200,230,240,240,240,240,240,240,133,0,190,168.5931106094495,13.80692794919014,401.74934221431613,8020.526315789473
1777647932,300,GET,/product/66VCHSJNUP,2.400000,0.000000,200,230,290,300,310,360,360,360,360,360,360,108,0,190,178.26364927545742,9.43926116451621,440.6166800763458,7993.148148148148
1777647932,300,GET,/product/6E92ZMYYFZ,1.800000,0.000000,200,240,260,300,300,300,300,300,300,300,300,118,0,190,173.15715045462977,11.18084299378097,502.80240504071116,7973.1949152542375
1777647932,300,GET,/product/9SIQT8TOJO,2.300000,0.000000,200,210,230,240,290,300,300,300,300,300,300,156,0,190,170.06564560161235,14.40224307589233,594.8572841007262,8024.0641025641025
1777647932,300,GET,/product/L9ECAV7KIM,2.300000,0.000000,210,240,260,290,300,300,350,350,350,350,350,134,0,200,196.08015136501348,10.552287101745605,675.1650378573686,7984.798507462687
1777647932,300,GET,/product/LS4PSXUNUM,2.300000,0.000000,210,230,240,260,350,360,360,360,360,360,360,110,0,200,184.73280058030716,12.288379948586226,355.2850701380521,7995.118181818182
1777647932,300,GET,/product/OLJCESPC7Z,2.100000,0.000000,200,210,230,250,300,300,300,300,300,300,300,132,0,200,186.2343188170626,12.697332073003054,694.3791250232607,8023.272727272727
1777647932,300,,Aggregated,143.700000,0.000000,370,420,450,470,500,540,600,610,650,650,650,9543,0,290,299.37854886897605,9.263879852369428,1542.5426349975169,10694.083935869223
1777647933,300,GET,/,107.700000,0.000000,390,430,460,480,520,560,600,620,650,650,650,7284,0,330,329.8154454670306,9.263879852369428,1542.5426349975169,10545.653075233387
1777647933,300,POST,/cart,11.600000,0.000000,340,360,390,410,460,500,530,540,610,610,610,852,0,270,268.5513287870664,18.31245212815702,1002.6395618915558,17521.960093896712
1777647933,300,POST,/cart/checkout,5.500000,0.000000,190,200,210,230,260,330,330,340,340,340,340,411,0,150,163.55243347950025,16.733490861952305,1017.4640929326415,6804.267639902677
1777647933,300,GET,/product/0PUK6V6EV0,1.400000,0.000000,200,200,200,210,230,300,300,300,300,300,300,126,0,200,183.1470137824201,14.059754088521004,506.02738303132355,8002.4682539682535
1777647933,300,GET,/product/1YMWWN1N4O,2.100000,0.000000,200,200,210,260,290,300,300,300,300,300,300,127,0,200,176.47982285519342,11.675014859065413,336.1741788685322,8023.157480314961
1777647933,300,GET,/product/2ZYFJ3GM2N,1.800000,0.000000,200,200,200,200,210,230,230,230,230,230,230,133,0,190,168.5931106094495,13.80692794919014,401.74934221431613,8020.526315789473
1777647933,300,GET,/product/66VCHSJNUP,2.500000,0.000000,200,230,300,300,360,360,360,360,360,360,360,108,0,190,178.26364927545742,9.43926116451621,440.6166800763458,7993.148148148148
1777647933,300,GET,/product/6E92ZMYYFZ,1.700000,0.000000,200,210,290,290,300,300,300,300,300,300,300,122,0,190,175.47899896286611,11.18084299378097,502.80240504071116,7973.983606557377
1777647933,300,GET,/product/9SIQT8TOJO,2.300000,0.000000,200,210,230,240,290,300,300,300,300,300,300,160,0,190,170.67432219191687,14.40224307589233,594.8572841007262,8024.1375
1777647933,300,GET,/product/L9ECAV7KIM,2.400000,0.000000,210,240,250,260,300,300,350,350,350,350,350,137,0,200,196.26282312207087,10.552287101745605,675.1650378573686,7985.07299270073
1777647933,300,GET,/product/LS4PSXUNUM,2.100000,0.000000,200,210,230,230,260,290,290,290,290,290,290,112,0,200,185.00554683851078,12.288379948586226,355.2850701380521,7994.821428571428
1777647933,300,GET,/product/OLJCESPC7Z,2.400000,0.000000,200,200,230,230,260,300,300,300,300,300,300,134,0,200,185.89044362480348,12.697332073003054,694.3791250232607,8024.059701492537
1777647933,300,,Aggregated,143.500000,0.000000,360,410,440,460,500,540,600,610,650,650,650,9706,0,290,299.4849147974494,9.263879852369428,1542.5426349975169,10696.304347826086
1777647934,300,GET,/,106.700000,0.000000,390,430,460,480,520,560,600,620,650,650,650,7393,0,330,329.09416295271194,9.263879852369428,1542.5426349975169,10545.724469092385
1777647934,300,POST,/cart,11.500000,0.000000,330,360,380,400,460,490,530,540,610,610,610,868,0,270,268.9843178887139,18.31245212815702,1002.6395618915558,17538.315668202766
1777647934,300,POST,/cart/checkout,6.000000,0.000000,190,200,210,240,290,330,330,340,340,340,340,417,0,150,163.88747123029862,16.733490861952305,1017.4640929326415,6804.294964028777
1777647934,300,GET,/product/0PUK6V6EV0,1.700000,0.000000,200,200,210,210,230,230,300,300,300,300,300,130,0,200,183.87398374481842,14.059754088521004,506.02738303132355,8002.5
1777647934,300,GET,/product/1YMWWN1N4O,2.200000,0.000000,200,200,210,260,290,300,300,300,300,300,300,128,0,200,176.6453659893159,11.675014859065413,336.1741788685322,8022.9921875
1777647934,300,GET,/product/2ZYFJ3GM2N,1.900000,0.000000,200,200,200,200,210,230,230,230,230,230,230,133,0,190,168.5931106094495,13.80692794919014,401.74934221431613,8020.526315789473
1777647934,300,GET,/product/66VCHSJNUP,2.300000,0.000000,200,210,260,300,310,360,360,360,360,360,360,112,0,190,178.35119676809492,9.43926116451621,440.6166800763458,7993.589285714285
1777647934,300,GET,/product/6E92ZMYYFZ,1.300000,0.000000,210,240,290,290,300,300,300,300,300,300,300,123,0,190,175.61698744330948,11.18084299378097,502.80240504071116,7974.4390243902435
1777647934,300,GET,/product/9SIQT8TOJO,2.200000,0.000000,210,230,240,240,290,300,300,300,300,300,300,160,0,190,170.67432219191687,14.40224307589233,594.8572841007262,8024.1375
1777647934,300,GET,/product/L9ECAV7KIM,2.500000,0.000000,200,210,230,240,300,300,300,300,300,300,300,139,0,200,195.63414177542433,10.552287101745605,675.1650378573686,7985.784172661871
1777647934,300,GET,/product/LS4PSXUNUM,2.100000,0.000000,200,210,230,230,260,290,290,290,290,290,290,115,0,200,183.82480730221647,12.288379948586226,355.2850701380521,7993.930434782608
1777647934,300,GET,/product/OLJCESPC7Z,2.300000,0.000000,200,200,230,230,260,300,300,300,300,300,300,137,0,200,185.46919582282484,12.697332073003054,694.3791250232607,8024.729927007299
1777647934,300,,Aggregated,142.700000,0.000000,350,400,440,460,500,540,600,610,650,650,650,9855,0,290,298.972715576142,9.263879852369428,1542.5426349975169,10699.93932014206
1777647935,300,GET,/,107.000000,0.000000,370,410,440,460,500,560,600,620,650,650,650,7501,0,330,329.2875841037152,9.263879852369428,1542.5426349975169,10545.942674310092
1777647935,300,POST,/cart,12.200000,0.000000,330,360,390,400,450,470,500,540,610,610,610,882,0,270,269.75059721491124,18.31245212815702,1002.6395618915558,17563.072562358277
1777647935,300,POST,/cart/checkout,6.500000,0.000000,190,200,230,250,300,330,340,340,340,340,340,421,0,150,164.31534640555162,16.733490861952305,1017.4640929326415,6804.470308788598
1777647935,300,GET,/product/0PUK6V6EV0,2.000000,0.000000,200,200,210,230,300,300,300,300,300,300,300,133,0,200,185.7462421364214,14.059754088521004,506.02738303132355,8002.894736842105
1777647935,300,GET,/product/1YMWWN1N4O,2.500000,0.000000,200,210,260,290,300,300,300,300,300,300,300,132,0,200,178.83289493902615,11.675014859065413,336.1741788685322,8022.212121212121
1777647935,300,GET,/product/2ZYFJ3GM2N,1.700000,0.000000,200,200,200,200,210,230,230,230,230,230,230,137,0,190,169.55253019092783,13.80692794919014,401.74934221431613,8020.335766423358
1777647935,300,GET,/product/66VCHSJNUP,2.200000,0.000000,200,230,300,300,360,360,360,360,360,360,360,112,0,190,178.35119676809492,9.43926116451621,440.6166800763458,7993.589285714285
1777647935,300,GET,/product/6E92ZMYYFZ,1.500000,0.000000,210,210,290,290,300,300,300,300,300,300,300,123,0,190,175.61698744330948,11.18084299378097,502.80240504071116,7974.4390243902435
1777647935,300,GET,/product/9SIQT8TOJO,2.100000,0.000000,200,210,230,230,290,300,300,300,300,300,300,161,0,190,170.85742685504212,14.40224307589233,594.8572841007262,8023.751552795031
1777647935,300,GET,/product/L9ECAV7KIM,2.600000,0.000000,200,210,220,240,300,300,300,300,300,300,300,141,0,200,195.7733910415216,10.552287101745605,675.1650378573686,7986.368794326241
1777647935,300,GET,/product/LS4PSXUNUM,2.100000,0.000000,200,200,230,230,260,290,290,290,290,290,290,116,0,200,183.9767227748184,12.288379948586226,355.2850701380521,7993.422413793103
1777647935,300,GET,/product/OLJCESPC7Z,2.200000,0.000000,200,210,230,250,300,300,300,300,300,300,300,140,0,200,186.54003218980506,12.697332073003054,694.3791250232607,8025.45
1777647935,300,,Aggregated,144.600000,0.000000,340,390,420,440,490,530,600,610,650,650,650,9999,0,290,299.3066373254356,9.263879852369428,1542.5426349975169,10703.807480748075
1777647936,300,GET,/,105.600000,0.000000,350,380,400,420,470,510,600,610,650,650,650,7615,0,330,328.31271112268485,9.263879852369428,1542.5426349975169,10546.211030860144
1777647936,300,POST,/cart,13.100000,0.000000,310,350,370,390,420,470,500,540,610,610,610,894,0,270,269.1308160359873,18.31245212815702,1002.6395618915558,17567.364653243847
1777647936,300,POST,/cart/checkout,6.400000,0.000000,190,200,230,250,300,330,340,340,340,340,340,426,0,150,164.2417809532457,16.733490861952305,1017.4640929326415,6804.575117370892
1777647936,300,GET,/product/0PUK6V6EV0,2.200000,0.000000,200,200,210,210,300,300,300,300,300,300,300,135,0,200,185.18150940847895,14.059754088521004,506.02738303132355,8003.874074074074
1777647936,300,GET,/product/1YMWWN1N4O,2.300000,0.000000,200,200,260,290,300,300,300,300,300,300,300,133,0,200,178.28968444425976,11.675014859065413,336.1741788685322,8022.413533834587
1777647936,300,GET,/product/2ZYFJ3GM2N,1.400000,0.000000,200,200,200,200,200,230,230,230,230,230,230,138,0,190,169.69777994276282,13.80692794919014,401.74934221431613,8020.057971014493
1777647936,300,GET,/product/66VCHSJNUP,2.200000,0.000000,200,210,260,300,360,360,360,360,360,360,360,113,0,190,177.66091070731326,9.43926116451621,440.6166800763458,7993.884955752213
1777647936,300,GET,/product/6E92ZMYYFZ,1.600000,0.000000,200,210,290,290,300,300,300,300,300,300,300,123,0,190,175.61698744330948,11.18084299378097,502.80240504071116,7974.4390243902435
1777647936,300,GET,/product/9SIQT8TOJO,1.900000,0.000000,200,210,210,210,230,300,300,300,300,300,300,162,0,190,170.99405532518838,14.40224307589233,594.8572841007262,8024.166666666667
1777647936,300,GET,/product/L9ECAV7KIM,2.400000,0.000000,200,200,210,220,290,300,300,300,300,300,300,142,0,200,195.1503961471657,10.552287101745605,675.1650378573686,7986.669014084507
1777647936,300,GET,/product/LS4PSXUNUM,1.900000,0.000000,200,200,200,210,230,290,290,290,290,290,290,119,0,200,182.78691534367744,12.288379948586226,355.2850701380521,7994.529411764706
1777647936,300,GET,/product/OLJCESPC7Z,2.400000,0.000000,200,200,210,210,230,300,300,300,300,300,300,143,0,200,184.7504200544078,12.697332073003054,694.3791250232607,8025.874125874126
1777647936,300,,Aggregated,143.400000,0.000000,320,360,390,400,460,500,580,600,650,650,650,10143,0,290,298.53706866110053,9.263879852369428,1542.5426349975169,10705.400571822933
1777647937,300,GET,/,108.000000,0.000000,330,370,390,400,430,470,490,500,600,600,600,7709,0,330,328.1903447309261,9.263879852369428,1542.5426349975169,10546.340381372422
1777647937,300,POST,/cart,13.900000,0.000000,300,340,360,370,400,450,470,540,610,610,610,906,0,270,269.42280972983986,18.31245212815702,1002.6395618915558,17574.2527593819
1777647937,300,POST,/cart/checkout,5.700000,0.000000,180,200,230,240,290,310,330,330,330,330,330,428,0,150,163.94781911251718,16.733490861952305,1017.4640929326415,6804.630841121495
1777647937,300,GET,/product/0PUK6V6EV0,2.500000,0.000000,200,200,210,210,230,300,300,300,300,300,300,135,0,200,185.18150940847895,14.059754088521004,506.02738303132355,8003.874074074074
1777647937,300,GET,/product/1YMWWN1N4O,2.600000,0.000000,200,200,200,210,290,300,300,300,300,300,300,134,0,200,178.44495091781909,11.675014859065413,336.1741788685322,8022.582089552238
1777647937,300,GET,/product/2ZYFJ3GM2N,1.700000,0.000000,200,200,200,200,200,200,200,200,200,200,200,140,0,190,169.4093054143845,13.80692794919014,401.74934221431613,8020.978571428572
1777647937,300,GET,/product/66VCHSJNUP,2.100000,0.000000,200,200,200,200,230,300,300,300,300,300,300,115,0,190,177.965402374368,9.43926116451621,440.6166800763458,7994.304347826087
1777647937,300,GET,/product/6E92ZMYYFZ,1.400000,0.000000,190,200,210,210,290,290,290,290,290,290,290,127,0,190,175.5688133260866,11.18084299378097,502.80240504071116,7974.44094488189
1777647937,300,GET,/product/9SIQT8TOJO,1.300000,0.000000,200,200,210,210,230,300,300,300,300,300,300,163,0,190,171.1344934951377,14.40224307589233,594.8572841007262,8024.006134969325
1777647937,300,GET,/product/L9ECAV7KIM,2.700000,0.000000,200,200,200,200,210,220,220,220,220,220,220,143,0,200,195.183277838388,10.552287101745605,675.1650378573686,7986.566433566433
1777647937,300,GET,/product/LS4PSXUNUM,1.700000,0.000000,200,200,200,210,230,290,290,290,290,290,290,120,0,200,182.90453377412632,12.288379948586226,355.2850701380521,7994.216666666666
1777647937,300,GET,/product/OLJCESPC7Z,2.500000,0.000000,200,200,200,210,230,300,300,300,300,300,300,145,0,200,184.29014258375713,12.697332073003054,694.3791250232607,8025.924137931034
1777647937,300,,Aggregated,146.100000,0.000000,310,350,380,390,430,460,490,500,600,610,610,10265,0,290,298.5050692782124,9.263879852369428,1542.5426349975169,10708.235265465173
1777647938,300,GET,/,109.900000,0.000000,330,370,390,410,460,500,560,580,640,640,640,7826,0,330,330.5806700032123,9.263879852369428,1542.5426349975169,10546.554945054944
1777647938,300,POST,/cart,13.000000,0.000000,300,340,370,380,430,480,540,590,610,610,610,920,0,270,272.146660841637,18.31245212815702,1002.6395618915558,17589.783695652175
1777647938,300,POST,/cart/checkout,5.300000,0.000000,190,210,230,250,290,320,350,350,350,350,350,437,0,150,165.40791899034033,16.733490861952305,1017.4640929326415,6804.901601830664
1777647938,300,GET,/product/0PUK6V6EV0,2.600000,0.000000,200,210,230,290,300,300,300,300,300,300,300,140,0,200,188.45912388559165,14.059754088521004,506.02738303132355,8004.371428571429
1777647938,300,GET,/product/1YMWWN1N4O,2.600000,0.000000,200,200,210,290,300,300,300,300,300,300,300,135,0,200,179.32677197753003,11.675014859065413,336.1741788685322,8022.837037037037
1777647938,300,GET,/product/2ZYFJ3GM2N,1.700000,0.000000,200,200,200,200,200,200,200,200,200,200,200,140,0,190,169.4093054143845,13.80692794919014,401.74934221431613,8020.978571428572
1777647938,300,GET,/product/66VCHSJNUP,2.000000,0.000000,200,200,210,290,290,300,300,300,300,300,300,118,0,190,180.03431460188733,9.43926116451621,440.6166800763458,7995.059322033899
1777647938,300,GET,/product/6E92ZMYYFZ,1.200000,0.000000,200,210,290,290,310,350,350,350,350,350,350,133,0,190,180.09452198288943,11.18084299378097,502.80240504071116,7975.06015037594
1777647938,300,GET,/product/9SIQT8TOJO,1.200000,0.000000,200,200,210,210,210,300,300,300,300,300,300,164,0,190,171.32702316924158,14.40224307589233,594.8572841007262,8024.231707317073
1777647938,300,GET,/product/L9ECAV7KIM,2.600000,0.000000,200,200,210,210,220,260,260,260,260,260,260,144,0,200,195.60906788198432,10.552287101745605,675.1650378573686,7986.805555555556
1777647938,300,GET,/product/LS4PSXUNUM,1.900000,0.000000,200,200,200,200,290,290,290,290,290,290,290,122,0,200,183.9459912763664,12.288379948586226,355.2850701380521,7994.704918032787
1777647938,300,GET,/product/OLJCESPC7Z,2.700000,0.000000,200,200,200,200,300,300,300,300,300,300,300,146,0,200,185.09583581200712,12.697332073003054,694.3791250232607,8026.417808219178
1777647938,300,,Aggregated,146.700000,0.000000,310,360,380,390,440,500,550,580,610,640,640,10425,0,290,300.7213973547209,9.263879852369428,1542.5426349975169,10708.652182254196
1777647939,300,GET,/,109.900000,0.000000,330,370,390,400,470,500,560,580,640,640,640,7925,0,330,330.1157776462296,9.263879852369428,1542.5426349975169,10546.702712933755
1777647939,300,POST,/cart,13.000000,0.000000,290,340,360,380,430,540,590,610,620,620,620,928,0,270,272.0209442933114,18.31245212815702,1002.6395618915558,17604.072198275862
1777647939,300,POST,/cart/checkout,5.300000,0.000000,180,200,220,250,290,320,350,350,350,350,350,443,0,150,164.6201372599654,16.733490861952305,1017.4640929326415,6804.781038374718
1777647939,300,GET,/product/0PUK6V6EV0,2.600000,0.000000,200,210,290,290,300,300,300,300,300,300,300,140,0,200,188.45912388559165,14.059754088521004,506.02738303132355,8004.371428571429
1777647939,300,GET,/product/1YMWWN1N4O,2.600000,0.000000,200,200,200,210,300,300,300,300,300,300,300,138,0,200,178.519645354886,11.675014859065413,336.1741788685322,8023.326086956522
1777647939,300,GET,/product/2ZYFJ3GM2N,1.700000,0.000000,200,200,200,200,200,200,200,200,200,200,200,141,0,190,168.9265884032988,13.80692794919014,401.74934221431613,8021.2056737588655
1777647939,300,GET,/product/66VCHSJNUP,2.000000,0.000000,200,200,210,290,290,300,300,300,300,300,300,119,0,190,180.27850587562727,9.43926116451621,440.6166800763458,7995.243697478992
1777647939,300,GET,/product/6E92ZMYYFZ,1.200000,0.000000,210,250,290,290,310,350,350,350,350,350,350,135,0,190,180.01150373128002,11.18084299378097,502.80240504071116,7974.392592592592
1777647939,300,GET,/product/9SIQT8TOJO,1.200000,0.000000,200,200,210,210,250,300,300,300,300,300,300,168,0,190,171.8030320480466,14.40224307589233,594.8572841007262,8024.440476190476
1777647939,300,GET,/product/L9ECAV7KIM,2.600000,0.000000,200,200,210,220,260,300,300,300,300,300,300,148,0,200,195.82905612155997,10.552287101745605,675.1650378573686,7986.533783783784
1777647939,300,GET,/product/LS4PSXUNUM,1.900000,0.000000,200,200,200,200,290,290,290,290,290,290,290,123,0,200,183.51605100504207,12.288379948586226,355.2850701380521,7995.008130081301
1777647939,300,GET,/product/OLJCESPC7Z,2.700000,0.000000,200,200,200,200,300,300,300,300,300,300,300,148,0,200,184.35371988232725,12.697332073003054,694.3791250232607,8026.459459459459
1777647939,300,,Aggregated,146.700000,0.000000,300,350,380,390,450,500,550,580,620,640,640,10556,0,290,300.2866106511689,9.263879852369428,1542.5426349975169,10706.889825691549
1777647940,300,GET,/,108.600000,0.000000,320,360,390,400,460,500,560,580,640,640,640,8032,0,330,329.75396787964223,9.263879852369428,1542.5426349975169,10546.87749003984
1777647940,300,POST,/cart,13.300000,0.000000,290,340,360,370,420,500,590,610,620,620,620,943,0,270,271.8237213583511,18.31245212815702,1002.6395618915558,17615.89077412513
1777647940,300,POST,/cart/checkout,5.500000,0.000000,170,200,210,240,290,320,330,350,350,350,350,449,0,150,163.955998073388,16.733490861952305,1017.4640929326415,6804.955456570156
1777647940,300,GET,/product/0PUK6V6EV0,2.900000,0.000000,200,210,290,290,300,300,300,300,300,300,300,140,0,200,188.45912388559165,14.059754088521004,506.02738303132355,8004.371428571429
1777647940,300,GET,/product/1YMWWN1N4O,2.200000,0.000000,200,200,210,290,300,300,300,300,300,300,300,139,0,200,178.27913030921715,11.675014859065413,336.1741788685322,8023.568345323741
1777647940,300,GET,/product/2ZYFJ3GM2N,1.600000,0.000000,200,200,200,200,200,200,200,200,200,200,200,144,0,190,169.62124045110411,13.80692794919014,401.74934221431613,8021.5
1777647940,300,GET,/product/66VCHSJNUP,2.000000,0.000000,200,200,210,210,290,290,290,290,290,290,290,120,0,190,180.41976756067015,9.43926116451621,440.6166800763458,7995.525
1777647940,300,GET,/product/6E92ZMYYFZ,1.800000,0.000000,210,250,290,290,310,350,350,350,350,350,350,135,0,190,180.01150373128002,11.18084299378097,502.80240504071116,7974.392592592592
1777647940,300,GET,/product/9SIQT8TOJO,1.200000,0.000000,200,200,200,200,250,300,300,300,300,300,300,170,0,190,171.89674406476757,14.40224307589233,594.8572841007262,8024.958823529411
1777647940,300,GET,/product/L9ECAV7KIM,1.800000,0.000000,200,200,220,220,260,300,300,300,300,300,300,149,0,200,195.23512067167002,10.552287101745605,675.1650378573686,7986.302013422819
1777647940,300,GET,/product/LS4PSXUNUM,1.900000,0.000000,200,200,200,200,290,290,290,290,290,290,290,128,0,200,183.03825577095267,12.288379948586226,355.2850701380521,7996.1171875
1777647940,300,GET,/product/OLJCESPC7Z,2.600000,0.000000,200,200,200,200,300,300,300,300,300,300,300,151,0,200,184.63242573151675,12.697332073003054,694.3791250232607,8027.013245033113
1777647940,300,,Aggregated,145.400000,0.000000,300,340,370,390,440,500,550,580,620,640,640,10700,0,290,299.97132851152514,9.263879852369428,1542.5426349975169,10709.953644859814
1777647941,300,GET,/,108.300000,0.000000,330,370,390,410,480,500,570,590,640,640,640,8132,0,330,330.6959669603437,9.263879852369428,1542.5426349975169,10547.022872602065
1777647941,300,POST,/cart,13.200000,0.000000,280,330,350,360,430,540,590,610,620,620,620,955,0,270,271.5545425228092,18.31245212815702,1002.6395618915558,17617.239790575917
1777647941,300,POST,/cart/checkout,5.200000,0.000000,170,190,200,220,260,300,320,350,350,350,350,455,0,150,163.94355088155103,16.733490861952305,1017.4640929326415,6805.021978021978
1777647941,300,GET,/product/0PUK6V6EV0,2.600000,0.000000,200,230,290,290,300,300,300,300,300,300,300,143,0,200,189.09525137941736,14.059754088521004,506.02738303132355,8004.615384615385
1777647941,300,GET,/product/1YMWWN1N4O,2.100000,0.000000,200,200,200,200,300,300,300,300,300,300,300,140,0,200,178.43450938650807,11.675014859065413,336.1741788685322,8023.85
1777647941,300,GET,/product/2ZYFJ3GM2N,1.400000,0.000000,200,200,200,200,200,200,200,200,200,200,200,146,0,190,169.98449837699636,13.80692794919014,401.74934221431613,8022.3835616438355
1777647941,300,GET,/product/66VCHSJNUP,1.600000,0.000000,200,210,210,210,290,290,290,290,290,290,290,121,0,190,180.63079589431382,9.43926116451621,440.6166800763458,7995.033057851239
1777647941,300,GET,/product/6E92ZMYYFZ,1.800000,0.000000,210,250,290,290,310,350,350,350,350,350,350,138,0,190,180.6721086141424,11.18084299378097,502.80240504071116,7973.934782608696
1777647941,300,GET,/product/9SIQT8TOJO,1.600000,0.000000,200,200,200,200,250,250,250,250,250,250,250,171,0,190,172.3670109409338,14.40224307589233,594.8572841007262,8025.099415204679
1777647941,300,GET,/product/L9ECAV7KIM,2.000000,0.000000,200,200,220,220,260,300,300,300,300,300,300,150,0,200,195.26739791346094,10.552287101745605,675.1650378573686,7986.786666666667
1777647941,300,GET,/product/LS4PSXUNUM,2.000000,0.000000,200,200,200,200,200,260,290,290,290,290,290,131,0,200,183.5907979438238,12.288379948586226,355.2850701380521,7997.091603053435
1777647941,300,GET,/product/OLJCESPC7Z,2.600000,0.000000,200,200,200,210,300,300,300,300,300,300,300,152,0,200,185.1022281212193,12.697332073003054,694.3791250232607,8027.256578947368
1777647941,300,,Aggregated,144.400000,0.000000,300,350,380,390,460,500,560,590,620,640,640,10834,0,290,300.6948103342497,9.263879852369428,1542.5426349975169,10710.197526306074
1777647942,300,GET,/,107.400000,0.000000,340,390,430,470,510,550,590,600,650,650,650,8246,0,330,333.0335299381485,9.263879852369428,1542.5426349975169,10547.158622362358
1777647942,300,POST,/cart,13.300000,0.000000,280,330,350,360,460,530,590,610,620,620,620,964,0,270,272.7303869570161,18.31245212815702,1002.6395618915558,17625.55705394191
1777647942,300,POST,/cart/checkout,5.500000,0.000000,170,190,200,200,260,300,350,350,350,350,350,457,0,150,163.79578611854242,16.733490861952305,1017.4640929326415,6805.035010940919
1777647942,300,GET,/product/0PUK6V6EV0,2.400000,0.000000,210,260,290,300,300,300,300,300,300,300,300,146,0,200,188.51083248681454,14.059754088521004,506.02738303132355,8005.287671232877
1777647942,300,GET,/product/1YMWWN1N4O,2.000000,0.000000,200,200,290,300,300,300,300,300,300,300,300,141,0,200,179.28558624191012,11.675014859065413,336.1741788685322,8024.397163120568
1777647942,300,GET,/product/2ZYFJ3GM2N,1.400000,0.000000,200,200,200,200,200,240,240,240,240,240,240,147,0,190,170.4581585240734,13.80692794919014,401.74934221431613,8022.700680272109
1777647942,300,GET,/product/66VCHSJNUP,1.600000,0.000000,200,210,240,290,290,300,300,300,300,300,300,123,0,190,182.07812531873947,9.43926116451621,440.6166800763458,7994.008130081301
1777647942,300,GET,/product/6E92ZMYYFZ,1.800000,0.000000,200,230,250,290,310,350,350,350,350,350,350,140,0,190,181.22788336893012,11.18084299378097,502.80240504071116,7973.814285714286
1777647942,300,GET,/product/9SIQT8TOJO,1.700000,0.000000,200,200,200,200,250,260,260,260,260,260,260,173,0,190,173.06660654863094,14.40224307589233,594.8572841007262,8024.473988439307
1777647942,300,GET,/product/L9ECAV7KIM,1.900000,0.000000,200,210,250,260,260,300,300,300,300,300,300,151,0,200,195.68232837632692,10.552287101745605,675.1650378573686,7986.3443708609275
1777647942,300,GET,/product/LS4PSXUNUM,2.000000,0.000000,200,200,200,200,240,260,290,290,290,290,290,134,0,200,184.35344677209966,12.288379948586226,355.2850701380521,7996.694029850746
1777647942,300,GET,/product/OLJCESPC7Z,2.600000,0.000000,200,210,240,250,300,300,300,300,300,300,300,156,0,200,186.88290044575785,12.697332073003054,694.3791250232607,8027.974358974359
1777647942,300,,Aggregated,143.600000,0.000000,310,370,400,430,500,540,580,600,640,650,650,10978,0,290,302.6902546547209,9.263879852369428,1542.5426349975169,10709.605301512114
1777647943,300,GET,/,106.900000,0.000000,380,410,460,480,520,560,590,600,650,650,650,8341,0,330,334.1563415719247,9.263879852369428,1542.5426349975169,10547.272269512048
1777647943,300,POST,/cart,13.600000,0.000000,280,340,360,370,470,530,590,610,620,620,620,971,0,270,273.0762520903313,18.31245212815702,1002.6395618915558,17628.8815653965
1777647943,300,POST,/cart/checkout,5.900000,0.000000,180,190,200,210,260,290,350,350,350,350,350,463,0,150,164.25966784724116,16.733490861952305,1017.4640929326415,6805.090712742981
1777647943,300,GET,/product/0PUK6V6EV0,2.400000,0.000000,210,290,290,300,300,300,300,300,300,300,300,146,0,200,188.51083248681454,14.059754088521004,506.02738303132355,8005.287671232877
1777647943,300,GET,/product/1YMWWN1N4O,2.100000,0.000000,200,200,290,300,300,300,300,300,300,300,300,142,0,200,179.4079456766936,11.675014859065413,336.1741788685322,8024.225352112676
1777647943,300,GET,/product/2ZYFJ3GM2N,1.400000,0.000000,200,200,200,200,240,260,260,260,260,260,260,151,0,200,171.61891745119695,13.80692794919014,401.74934221431613,8022.337748344371
1777647943,300,GET,/product/66VCHSJNUP,1.400000,0.000000,210,210,240,290,290,300,300,300,300,300,300,124,0,190,182.1748918004995,9.43926116451621,440.6166800763458,7994.274193548387
1777647943,300,GET,/product/6E92ZMYYFZ,2.000000,0.000000,200,210,240,250,300,310,350,350,350,350,350,143,0,200,181.21996294980596,11.18084299378097,502.80240504071116,7973.4965034965035
1777647943,300,GET,/product/9SIQT8TOJO,1.600000,0.000000,200,200,250,250,260,340,340,340,340,340,340,175,0,190,174.1603959484824,14.40224307589233,594.8572841007262,8024.542857142857
1777647943,300,GET,/product/L9ECAV7KIM,1.700000,0.000000,200,210,250,260,260,300,300,300,300,300,300,152,0,200,195.6749257162875,10.552287101745605,675.1650378573686,7986.144736842105
1777647943,300,GET,/product/LS4PSXUNUM,2.300000,0.000000,200,200,200,200,240,260,290,290,290,290,290,136,0,200,184.11594118087498,12.288379948586226,355.2850701380521,7995.992647058823
1777647943,300,GET,/product/OLJCESPC7Z,2.200000,0.000000,200,240,250,260,300,300,300,300,300,300,300,157,0,200,186.9363286280352,12.697332073003054,694.3791250232607,8028.331210191082
1777647943,300,,Aggregated,143.500000,0.000000,330,390,430,460,500,550,580,600,640,650,650,11101,0,290,303.61533639211325,9.263879852369428,1542.5426349975169,10707.17737140798
1777647944,300,GET,/,107.600000,0.000000,380,420,470,480,520,560,590,600,650,650,650,8475,0,340,334.2629724910488,9.263879852369428,1542.5426349975169,10547.444719764011
1777647944,300,POST,/cart,12.900000,0.000000,280,340,360,370,470,530,590,610,620,620,620,984,0,270,273.41720140662153,18.31245212815702,1002.6395618915558,17642.274390243903
1777647944,300,POST,/cart/checkout,5.400000,0.000000,180,190,200,200,230,290,350,350,350,350,350,467,0,150,164.25937709071508,16.733490861952305,1017.4640929326415,6804.985010706638
1777647944,300,GET,/product/0PUK6V6EV0,2.400000,0.000000,200,210,290,290,300,300,300,300,300,300,300,148,0,200,188.23012063669896,14.059754088521004,506.02738303132355,8004.783783783784
1777647944,300,GET,/product/1YMWWN1N4O,1.900000,0.000000,200,200,210,210,300,300,300,300,300,300,300,144,0,200,179.76647477189545,11.675014859065413,336.1741788685322,8024.097222222223
1777647944,300,GET,/product/2ZYFJ3GM2N,1.400000,0.000000,200,200,200,200,240,260,260,260,260,260,260,154,0,190,171.20331109277663,13.80692794919014,401.74934221431613,8022.279220779221
1777647944,300,GET,/product/66VCHSJNUP,1.500000,0.000000,200,210,240,240,290,300,300,300,300,300,300,128,0,190,180.69942200236255,9.43926116451621,440.6166800763458,7995.015625
1777647944,300,GET,/product/6E92ZMYYFZ,2.100000,0.000000,200,210,240,250,300,310,350,350,350,350,350,145,0,200,181.2255083230035,11.18084299378097,502.80240504071116,7973.668965517241
1777647944,300,GET,/product/9SIQT8TOJO,1.600000,0.000000,200,200,250,260,290,300,340,340,340,340,340,184,0,190,175.2818679897641,14.40224307589233,594.8572841007262,8024.722826086957
1777647944,300,GET,/product/L9ECAV7KIM,1.700000,0.000000,200,200,260,260,260,300,300,300,300,300,300,153,0,200,195.4545323003473,10.552287101745605,675.1650378573686,7986.424836601307
1777647944,300,GET,/product/LS4PSXUNUM,2.400000,0.000000,200,200,200,200,240,260,290,290,290,290,290,138,0,200,183.56043227907756,12.288379948586226,355.2850701380521,7995.898550724638
1777647944,300,GET,/product/OLJCESPC7Z,2.400000,0.000000,200,240,250,260,300,300,300,300,300,300,300,158,0,200,187.4001132813577,12.697332073003054,694.3791250232607,8028.367088607595
1777647944,300,,Aggregated,143.300000,0.000000,330,390,430,470,500,550,590,600,650,650,650,11278,0,290,303.71025684562557,9.263879852369428,1542.5426349975169,10706.956995921262
1777647945,300,GET,/,105.700000,0.000000,380,420,470,480,520,560,590,600,650,650,650,8573,0,330,333.66972400392837,9.263879852369428,1542.5426349975169,10547.55628134842
1777647945,300,POST,/cart,11.900000,0.000000,300,340,370,380,470,530,590,610,620,620,620,994,0,270,273.8612468410152,18.31245212815702,1002.6395618915558,17648.941649899396
1777647945,300,POST,/cart/checkout,5.200000,0.000000,180,190,200,210,250,290,350,350,350,350,350,473,0,150,164.50763117555474,16.733490861952305,1017.4640929326415,6805.090909090909
1777647945,300,GET,/product/0PUK6V6EV0,2.000000,0.000000,200,200,260,290,300,300,300,300,300,300,300,151,0,200,188.50638695517617,14.059754088521004,506.02738303132355,8003.748344370861
1777647945,300,GET,/product/1YMWWN1N4O,1.500000,0.000000,200,200,210,300,300,300,300,300,300,300,300,147,0,200,180.35171570915247,11.675014859065413,336.1741788685322,8023.993197278912
1777647945,300,GET,/product/2ZYFJ3GM2N,1.800000,0.000000,200,200,200,200,200,240,260,260,260,260,260,159,0,190,171.20347896871982,13.80692794919014,401.74934221431613,8022.7106918239
1777647945,300,GET,/product/66VCHSJNUP,1.600000,0.000000,200,210,240,240,290,300,300,300,300,300,300,129,0,190,180.51867498005487,9.43926116451621,440.6166800763458,7994.984496124031
1777647945,300,GET,/product/6E92ZMYYFZ,2.100000,0.000000,200,210,240,250,300,310,350,350,350,350,350,146,0,190,180.72093698540576,11.18084299378097,502.80240504071116,7973.86301369863
1777647945,300,GET,/product/9SIQT8TOJO,1.500000,0.000000,200,200,250,260,290,300,340,340,340,340,340,184,0,190,175.2818679897641,14.40224307589233,594.8572841007262,8024.722826086957
1777647945,300,GET,/product/L9ECAV7KIM,1.500000,0.000000,200,200,250,250,260,300,300,300,300,300,300,158,0,200,195.42075773919166,10.552287101745605,675.1650378573686,7987.784810126583
1777647945,300,GET,/product/LS4PSXUNUM,2.400000,0.000000,200,200,200,210,260,290,290,290,290,290,290,138,0,200,183.56043227907756,12.288379948586226,355.2850701380521,7995.898550724638
1777647945,300,GET,/product/OLJCESPC7Z,2.300000,0.000000,200,240,260,260,300,300,300,300,300,300,300,159,0,200,187.26317205835343,12.697332073003054,694.3791250232607,8028.553459119496
1777647945,300,,Aggregated,139.500000,0.000000,330,390,430,470,510,550,590,600,650,650,650,11411,0,290,303.2762199547966,9.263879852369428,1542.5426349975169,10705.800543335377
1777647946,300,GET,/,107.800000,0.000000,400,450,480,500,540,570,590,600,650,650,650,8683,0,340,335.5785691502236,9.263879852369428,1542.5426349975169,10547.721294483474
1777647946,300,POST,/cart,11.600000,0.000000,320,360,380,410,480,530,590,610,620,620,620,1007,0,280,275.2021449789601,18.31245212815702,1002.6395618915558,17654.734856007944
1777647946,300,POST,/cart/checkout,5.000000,0.000000,180,200,210,220,250,290,320,350,350,350,350,479,0,150,164.98098531514327,16.733490861952305,1017.4640929326415,6805.096033402922
1777647946,300,GET,/product/0PUK6V6EV0,1.900000,0.000000,200,260,290,290,300,300,300,300,300,300,300,152,0,200,189.20024693024493,14.059754088521004,506.02738303132355,8004.013157894737
1777647946,300,GET,/product/1YMWWN1N4O,1.600000,0.000000,200,200,210,300,300,300,300,300,300,300,300,148,0,200,180.0460083664999,11.675014859065413,336.1741788685322,8024.108108108108
1777647946,300,GET,/product/2ZYFJ3GM2N,2.100000,0.000000,200,200,200,200,200,240,260,260,260,260,260,159,0,190,171.20347896871982,13.80692794919014,401.74934221431613,8022.7106918239
1777647946,300,GET,/product/66VCHSJNUP,1.700000,0.000000,200,210,240,290,290,300,300,300,300,300,300,130,0,190,180.91377503274438,9.43926116451621,440.6166800763458,7995.2
1777647946,300,GET,/product/6E92ZMYYFZ,2.200000,0.000000,200,230,250,270,300,310,350,350,350,350,350,148,0,200,181.42828722232701,11.18084299378097,502.80240504071116,7973.121621621622
1777647946,300,GET,/product/9SIQT8TOJO,2.400000,0.000000,200,240,250,260,290,300,340,340,340,340,340,185,0,190,175.60704799520002,14.40224307589233,594.8572841007262,8025.005405405405
1777647946,300,GET,/product/L9ECAV7KIM,1.500000,0.000000,200,200,250,250,260,300,300,300,300,300,300,159,0,200,195.42226687208426,10.552287101745605,675.1650378573686,7987.572327044025
1777647946,300,GET,/product/LS4PSXUNUM,2.400000,0.000000,200,200,210,240,260,290,290,290,290,290,290,140,0,200,184.06566283998214,12.288379948586226,355.2850701380521,7995.992857142857
1777647946,300,GET,/product/OLJCESPC7Z,2.100000,0.000000,200,240,260,260,300,300,300,300,300,300,300,161,0,200,187.04350092679678,12.697332073003054,694.3791250232607,8028.453416149068
1777647946,300,,Aggregated,142.300000,0.000000,360,420,460,480,530,560,590,600,650,650,650,11551,0,300,304.94525026755866,9.263879852369428,1542.5426349975169,10708.136092113236
1777647947,300,GET,/,107.100000,0.000000,400,440,480,490,530,560,590,620,690,690,690,8790,0,340,337.08437820144246,9.263879852369428,1542.5426349975169,10547.827531285551
1777647947,300,POST,/cart,11.000000,0.000000,310,350,380,390,440,500,610,620,620,620,620,1017,0,280,276.2144262462418,18.31245212815702,1002.6395618915558,17655.5063913471
1777647947,300,POST,/cart/checkout,5.000000,0.000000,180,190,200,210,250,250,290,290,290,290,290,484,0,150,165.34414090320067,16.733490861952305,1017.4640929326415,6805.047520661157
1777647947,300,GET,/product/0PUK6V6EV0,1.800000,0.000000,200,210,260,290,290,300,300,300,300,300,300,156,0,200,189.58966455195483,14.059754088521004,506.02738303132355,8004.25
1777647947,300,GET,/product/1YMWWN1N4O,1.400000,0.000000,200,200,200,210,300,300,300,300,300,300,300,149,0,200,179.94227149873822,11.675014859065413,336.1741788685322,8024.026845637584
1777647947,300,GET,/product/2ZYFJ3GM2N,2.000000,0.000000,200,200,200,200,240,260,260,260,260,260,260,159,0,190,171.20347896871982,13.80692794919014,401.74934221431613,8022.7106918239
1777647947,300,GET,/product/66VCHSJNUP,1.700000,0.000000,200,210,210,230,240,300,300,300,300,300,300,131,0,190,181.07308240657147,9.43926116451621,440.6166800763458,7994.977099236641
1777647947,300,GET,/product/6E92ZMYYFZ,2.300000,0.000000,200,200,210,230,250,270,270,270,270,270,270,150,0,200,181.70440985821187,11.18084299378097,502.80240504071116,7973.126666666667
1777647947,300,GET,/product/9SIQT8TOJO,2.300000,0.000000,200,240,250,260,290,300,340,340,340,340,340,187,0,190,175.84236393642817,14.40224307589233,594.8572841007262,8025.711229946524
1777647947,300,GET,/product/L9ECAV7KIM,1.600000,0.000000,200,200,240,250,300,300,300,300,300,300,300,162,0,200,196.36451056152353,10.552287101745605,675.1650378573686,7987.827160493827
1777647947,300,GET,/product/LS4PSXUNUM,2.200000,0.000000,200,200,210,210,240,260,260,260,260,260,260,141,0,200,184.21855612479627,12.288379948586226,355.2850701380521,7996.248226950354
1777647947,300,GET,/product/OLJCESPC7Z,1.900000,0.000000,200,240,250,260,260,300,300,300,300,300,300,161,0,200,187.04350092679678,12.697332073003054,694.3791250232607,8028.453416149068
1777647947,300,,Aggregated,140.300000,0.000000,360,420,450,470,520,550,590,610,650,690,690,11687,0,300,306.2612892499,9.263879852369428,1542.5426349975169,10707.859159750149
1777647948,300,GET,/,104.600000,0.000000,390,440,470,490,530,560,590,620,690,690,690,8890,0,340,337.2008467030516,9.263879852369428,1542.5426349975169,10548.009786276716
1777647948,300,POST,/cart,11.400000,0.000000,320,360,380,390,430,480,500,530,550,550,550,1036,0,280,277.3865584302496,18.31245212815702,1002.6395618915558,17673.0
1777647948,300,POST,/cart/checkout,5.100000,0.000000,180,200,210,220,250,250,290,290,290,290,290,486,0,150,165.62144556696,16.733490861952305,1017.4640929326415,6805.1460905349795
1777647948,300,GET,/product/0PUK6V6EV0,1.700000,0.000000,200,200,200,210,260,290,290,290,290,290,290,158,0,200,189.75225498728878,14.059754088521004,506.02738303132355,8004.7405063291135
1777647948,300,GET,/product/1YMWWN1N4O,1.500000,0.000000,200,210,240,300,300,300,300,300,300,300,300,152,0,200,181.0500003967287,11.675014859065413,336.1741788685322,8024.276315789473
1777647948,300,GET,/product/2ZYFJ3GM2N,2.100000,0.000000,200,200,200,200,240,260,260,260,260,260,260,159,0,190,171.20347896871982,13.80692794919014,401.74934221431613,8022.7106918239
1777647948,300,GET,/product/66VCHSJNUP,1.700000,0.000000,200,210,230,240,300,300,300,300,300,300,300,132,0,190,181.97077435660034,9.43926116451621,440.6166800763458,7994.757575757576
1777647948,300,GET,/product/6E92ZMYYFZ,2.500000,0.000000,200,200,210,230,250,270,300,300,300,300,300,155,0,200,181.93701619222279,11.18084299378097,502.80240504071116,7973.387096774193
1777647948,300,GET,/product/9SIQT8TOJO,2.300000,0.000000,200,260,270,290,300,300,340,340,340,340,340,191,0,190,178.04963781659282,14.40224307589233,594.8572841007262,8026.4031413612565
1777647948,300,GET,/product/L9ECAV7KIM,1.700000,0.000000,200,200,210,240,260,300,300,300,300,300,300,163,0,200,196.4347549025655,10.552287101745605,675.1650378573686,7988.361963190184
1777647948,300,GET,/product/LS4PSXUNUM,2.100000,0.000000,200,200,210,240,260,300,300,300,300,300,300,143,0,200,185.11364226379283,12.288379948586226,355.2850701380521,7996.153846153846
1777647948,300,GET,/product/OLJCESPC7Z,1.800000,0.000000,200,240,250,260,260,300,300,300,300,300,300,161,0,200,187.04350092679678,12.697332073003054,694.3791250232607,8028.453416149068
1777647948,300,,Aggregated,138.500000,0.000000,360,410,440,470,510,550,580,600,650,690,690,11826,0,300,306.53930440247086,9.263879852369428,1542.5426349975169,10714.590394047014
1777647949,300,GET,/,107.300000,0.000000,410,440,470,490,530,560,590,620,690,690,690,9004,0,340,337.99151810891374,9.263879852369428,1542.5426349975169,10548.121834740115
1777647949,300,POST,/cart,11.100000,0.000000,330,370,390,410,430,480,500,530,550,550,550,1051,0,280,278.23996356201957,18.31245212815702,1002.6395618915558,17675.91151284491
1777647949,300,POST,/cart/checkout,5.600000,0.000000,190,210,220,230,250,260,290,290,290,290,290,490,0,150,165.9072981719688,16.733490861952305,1017.4640929326415,6805.169387755102
1777647949,300,GET,/product/0PUK6V6EV0,2.100000,0.000000,200,200,200,210,260,290,300,300,300,300,300,161,0,200,190.46640852234842,14.059754088521004,506.02738303132355,8005.608695652174
1777647949,300,GET,/product/1YMWWN1N4O,1.500000,0.000000,200,210,210,240,300,300,300,300,300,300,300,156,0,200,180.956293134771,11.675014859065413,336.1741788685322,8025.346153846154
1777647949,300,GET,/product/2ZYFJ3GM2N,1.900000,0.000000,190,200,200,200,240,260,260,260,260,260,260,159,0,190,171.20347896871982,13.80692794919014,401.74934221431613,8022.7106918239
1777647949,300,GET,/product/66VCHSJNUP,1.600000,0.000000,200,210,230,240,300,300,300,300,300,300,300,133,0,190,182.05357783411006,9.43926116451621,440.6166800763458,7994.984962406015
1777647949,300,GET,/product/6E92ZMYYFZ,2.400000,0.000000,200,200,200,210,240,270,300,300,300,300,300,156,0,200,182.0077068450001,11.18084299378097,502.80240504071116,7973.217948717948
1777647949,300,GET,/product/9SIQT8TOJO,2.400000,0.000000,200,260,270,290,300,300,340,340,340,340,340,193,0,190,177.80599291701776,14.40224307589233,594.8572841007262,8025.943005181347
1777647949,300,GET,/product/L9ECAV7KIM,1.900000,0.000000,200,210,210,240,260,300,300,300,300,300,300,163,0,200,196.4347549025655,10.552287101745605,675.1650378573686,7988.361963190184
1777647949,300,GET,/product/LS4PSXUNUM,2.100000,0.000000,200,210,210,240,260,300,300,300,300,300,300,147,0,200,185.27835021017208,12.288379948586226,355.2850701380521,7995.65306122449
1777647949,300,GET,/product/OLJCESPC7Z,1.600000,0.000000,240,250,260,260,300,300,300,300,300,300,300,163,0,200,187.81614078043108,12.697332073003054,694.3791250232607,8028.386503067484
1777647949,300,,Aggregated,141.500000,0.000000,380,420,450,470,510,550,580,600,650,690,690,11976,0,300,307.2735246950334,9.263879852369428,1542.5426349975169,10716.927688710755
1777647950,300,GET,/,106.200000,0.000000,400,440,470,490,530,560,590,620,690,690,690,9114,0,340,337.6482546817487,9.263879852369428,1542.5426349975169,10548.291200351108
1777647950,300,POST,/cart,11.400000,0.000000,330,370,390,410,430,480,500,530,550,550,550,1066,0,280,278.49314672244265,18.31245212815702,1002.6395618915558,17694.67636022514
1777647950,300,POST,/cart/checkout,4.800000,0.000000,190,210,220,240,250,280,290,290,290,290,290,494,0,150,165.6917115453789,16.733490861952305,1017.4640929326415,6805.143724696356
1777647950,300,GET,/product/0PUK6V6EV0,1.800000,0.000000,200,200,200,210,290,300,300,300,300,300,300,163,0,200,190.19650241811445,14.059754088521004,506.02738303132355,8006.239263803681
1777647950,300,GET,/product/1YMWWN1N4O,1.700000,0.000000,200,210,210,240,300,300,300,300,300,300,300,157,0,200,180.51099109576103,11.675014859065413,336.1741788685322,8025.598726114649
1777647950,300,GET,/product/2ZYFJ3GM2N,1.900000,0.000000,170,200,200,200,240,260,260,260,260,260,260,161,0,190,171.1246717015501,13.80692794919014,401.74934221431613,8023.142857142857
1777647950,300,GET,/product/66VCHSJNUP,1.400000,0.000000,190,200,230,240,300,300,300,300,300,300,300,135,0,190,181.6809805765472,9.43926116451621,440.6166800763458,7995.844444444445
1777647950,300,GET,/product/6E92ZMYYFZ,2.100000,0.000000,200,200,200,200,240,270,300,300,300,300,300,159,0,200,182.11499855812616,11.18084299378097,502.80240504071116,7973.641509433963
1777647950,300,GET,/product/9SIQT8TOJO,2.700000,0.000000,200,260,270,290,300,300,340,340,340,340,340,194,0,190,177.8807846850898,14.40224307589233,594.8572841007262,8026.082474226804
1777647950,300,GET,/product/L9ECAV7KIM,1.900000,0.000000,200,210,210,240,260,300,300,300,300,300,300,163,0,200,196.4347549025655,10.552287101745605,675.1650378573686,7988.361963190184
1777647950,300,GET,/product/LS4PSXUNUM,2.000000,0.000000,200,210,210,210,240,300,300,300,300,300,300,148,0,200,185.35863643203786,12.288379948586226,355.2850701380521,7995.831081081081
1777647950,300,GET,/product/OLJCESPC7Z,1.500000,0.000000,240,240,260,260,300,300,300,300,300,300,300,164,0,200,187.85453832952487,12.697332073003054,694.3791250232607,8028.024390243902
1777647950,300,,Aggregated,139.400000,0.000000,370,410,440,460,510,550,580,600,650,690,690,12118,0,300,307.0801367902064,9.263879852369428,1542.5426349975169,10721.61610826869
1777647951,300,GET,/,107.000000,0.000000,370,410,440,450,500,540,570,590,690,690,690,9222,0,340,337.3521772133044,9.263879852369428,1542.5426349975169,10548.458143569724
1777647951,300,POST,/cart,12.300000,0.000000,320,360,380,390,420,440,490,500,550,550,550,1078,0,280,278.35266406242675,18.31245212815702,1002.6395618915558,17699.402597402597
1777647951,300,POST,/cart/checkout,4.700000,0.000000,180,200,220,240,250,260,290,290,290,290,290,502,0,150,165.24321169859593,16.733490861952305,1017.4640929326415,6805.205179282869
1777647951,300,GET,/product/0PUK6V6EV0,2.100000,0.000000,200,200,200,210,230,290,300,300,300,300,300,165,0,200,190.48255244834405,14.059754088521004,506.02738303132355,8006.448484848484
1777647951,300,GET,/product/1YMWWN1N4O,1.800000,0.000000,200,200,210,210,300,300,300,300,300,300,300,159,0,200,180.53011574969867,11.675014859065413,336.1741788685322,8025.647798742139
1777647951,300,GET,/product/2ZYFJ3GM2N,1.800000,0.000000,200,200,200,200,210,260,260,260,260,260,260,165,0,190,171.6988519384441,13.80692794919014,401.74934221431613,8024.478787878787
1777647951,300,GET,/product/66VCHSJNUP,1.400000,0.000000,200,200,200,210,260,300,300,300,300,300,300,140,0,190,182.79021091293544,9.43926116451621,440.6166800763458,7996.192857142857
1777647951,300,GET,/product/6E92ZMYYFZ,2.100000,0.000000,200,200,200,200,210,270,300,300,300,300,300,161,0,200,182.34293662034761,11.18084299378097,502.80240504071116,7973.968944099379
1777647951,300,GET,/product/9SIQT8TOJO,2.500000,0.000000,200,260,270,290,300,300,340,340,340,340,340,195,0,190,178.0187938004159,14.40224307589233,594.8572841007262,8025.887179487179
1777647951,300,GET,/product/L9ECAV7KIM,1.500000,0.000000,200,200,210,210,240,300,300,300,300,300,300,167,0,200,195.43876435362293,10.552287101745605,675.1650378573686,7989.017964071856
1777647951,300,GET,/product/LS4PSXUNUM,2.400000,0.000000,200,200,210,210,240,300,300,300,300,300,300,148,0,200,185.35863643203786,12.288379948586226,355.2850701380521,7995.831081081081
1777647951,300,GET,/product/OLJCESPC7Z,1.500000,0.000000,200,200,200,260,300,300,300,300,300,300,300,166,0,200,187.95000374070312,12.697332073003054,694.3791250232607,8027.843373493976
1777647951,300,,Aggregated,141.100000,0.000000,340,390,420,440,490,530,560,580,650,690,690,12268,0,300,306.771667924342,9.263879852369428,1542.5426349975169,10720.062438865341
1777647952,300,GET,/,107.800000,0.000000,370,400,430,440,490,530,570,590,690,690,690,9326,0,340,337.7157998933728,9.263879852369428,1542.5426349975169,10548.537422260348
1777647952,300,POST,/cart,12.100000,0.000000,320,360,380,390,420,440,490,500,550,550,550,1095,0,280,278.9193216928166,18.31245212815702,1002.6395618915558,17699.582648401825
1777647952,300,POST,/cart/checkout,4.500000,0.000000,170,200,220,230,250,260,280,280,280,280,280,507,0,150,165.25315811501218,16.733490861952305,1017.4640929326415,6805.1873767258385
1777647952,300,GET,/product/0PUK6V6EV0,2.300000,0.000000,200,200,210,210,260,290,300,300,300,300,300,169,0,200,190.7520753306684,14.059754088521004,506.02738303132355,8005.112426035503
1777647952,300,GET,/product/1YMWWN1N4O,1.800000,0.000000,200,200,210,240,260,300,300,300,300,300,300,163,0,200,181.6074620443825,11.675014859065413,336.1741788685322,8025.3435582822085
1777647952,300,GET,/product/2ZYFJ3GM2N,1.700000,0.000000,170,200,200,210,260,300,300,300,300,300,300,168,0,190,173.3733049283425,13.80692794919014,401.74934221431613,8024.589285714285
1777647952,300,GET,/product/66VCHSJNUP,1.500000,0.000000,200,200,210,210,260,300,300,300,300,300,300,140,0,190,182.79021091293544,9.43926116451621,440.6166800763458,7996.192857142857
1777647952,300,GET,/product/6E92ZMYYFZ,2.400000,0.000000,200,200,200,200,270,300,300,300,300,300,300,163,0,200,182.3261474727716,11.18084299378097,502.80240504071116,7974.5337423312885
1777647952,300,GET,/product/9SIQT8TOJO,2.400000,0.000000,200,240,270,270,290,300,300,300,300,300,300,196,0,190,178.09639851995078,14.40224307589233,594.8572841007262,8026.015306122449
1777647952,300,GET,/product/L9ECAV7KIM,1.400000,0.000000,200,200,200,210,240,300,300,300,300,300,300,170,0,200,195.2747341546723,10.552287101745605,675.1650378573686,7990.094117647059
1777647952,300,GET,/product/LS4PSXUNUM,2.000000,0.000000,200,200,210,210,240,300,300,300,300,300,300,149,0,200,185.4164087379214,12.288379948586226,355.2850701380521,7995.993288590604
1777647952,300,GET,/product/OLJCESPC7Z,1.300000,0.000000,200,200,260,260,300,300,300,300,300,300,300,167,0,200,188.37542994600346,12.697332073003054,694.3791250232607,8027.868263473054
1777647952,300,,Aggregated,141.200000,0.000000,340,380,410,430,470,510,550,580,650,690,690,12413,0,300,307.1137132587311,9.263879852369428,1542.5426349975169,10722.536614839282
1777647953,300,GET,/,108.900000,0.000000,360,400,420,440,480,530,560,590,690,690,690,9450,0,340,337.47342731675536,9.263879852369428,1542.5426349975169,10548.726772486772
1777647953,300,POST,/cart,12.300000,0.000000,320,360,380,390,420,440,490,500,550,550,550,1109,0,280,279.63462472402864,18.31245212815702,1002.6395618915558,17717.2434625789
1777647953,300,POST,/cart/checkout,4.600000,0.000000,160,200,220,230,250,260,280,280,280,280,280,514,0,150,164.725234891933,16.733490861952305,1017.4640929326415,6805.165369649805
1777647953,300,GET,/product/0PUK6V6EV0,2.200000,0.000000,200,200,210,210,260,290,300,300,300,300,300,170,0,200,190.45983838081798,14.059754088521004,506.02738303132355,8005.535294117647
1777647953,300,GET,/product/1YMWWN1N4O,1.900000,0.000000,200,200,240,240,300,300,300,300,300,300,300,164,0,200,181.3239710740518,11.675014859065413,336.1741788685322,8025.176829268293
1777647953,300,GET,/product/2ZYFJ3GM2N,1.900000,0.000000,200,200,210,240,260,300,300,300,300,300,300,169,0,190,173.28225062697155,13.80692794919014,401.74934221431613,8024.278106508876
1777647953,300,GET,/product/66VCHSJNUP,1.800000,0.000000,200,200,210,230,260,300,300,300,300,300,300,141,0,200,182.89962489197546,9.43926116451621,440.6166800763458,7995.652482269504
1777647953,300,GET,/product/6E92ZMYYFZ,2.300000,0.000000,200,200,200,200,200,270,300,300,300,300,300,166,0,200,181.4840772842809,11.18084299378097,502.80240504071116,7974.674698795181
1777647953,300,GET,/product/9SIQT8TOJO,2.400000,0.000000,200,240,270,270,290,300,300,300,300,300,300,197,0,190,178.21250696368705,14.40224307589233,594.8572841007262,8025.812182741117
1777647953,300,GET,/product/L9ECAV7KIM,1.600000,0.000000,200,200,200,200,210,240,300,300,300,300,300,174,0,200,194.48611903106044,10.552287101745605,675.1650378573686,7990.385057471264
1777647953,300,GET,/product/LS4PSXUNUM,1.700000,0.000000,200,200,210,210,240,300,300,300,300,300,300,151,0,200,184.95274739747015,12.288379948586226,355.2850701380521,7995.894039735099
1777647953,300,GET,/product/OLJCESPC7Z,1.300000,0.000000,200,200,200,260,300,300,300,300,300,300,300,167,0,200,188.37542994600346,12.697332073003054,694.3791250232607,8027.868263473054
1777647953,300,,Aggregated,142.900000,0.000000,340,380,400,420,460,510,550,580,630,690,690,12572,0,300,306.99631530494685,9.263879852369428,1542.5426349975169,10725.067451479477
1777647954,300,GET,/,107.600000,0.000000,370,400,430,440,480,530,560,590,690,690,690,9541,0,340,337.73098551299154,9.263879852369428,1542.5426349975169,10548.794256367257
1777647954,300,POST,/cart,13.000000,0.000000,320,360,380,390,420,450,490,500,550,550,550,1116,0,280,279.8357281049857,18.31245212815702,1002.6395618915558,17729.405913978495
1777647954,300,POST,/cart/checkout,5.000000,0.000000,170,200,210,230,250,260,280,280,280,280,280,521,0,150,164.7850141776529,16.733490861952305,1017.4640929326415,6805.195777351248
1777647954,300,GET,/product/0PUK6V6EV0,2.300000,0.000000,200,200,210,210,260,290,300,300,300,300,300,174,0,200,190.1533304520979,14.059754088521004,506.02738303132355,8005.620689655172
1777647954,300,GET,/product/1YMWWN1N4O,2.200000,0.000000,200,200,240,240,300,300,300,300,300,300,300,166,0,200,181.20081429033124,11.675014859065413,336.1741788685322,8025.849397590361
1777647954,300,GET,/product/2ZYFJ3GM2N,2.100000,0.000000,200,200,240,240,260,300,300,300,300,300,300,173,0,200,174.28710537483497,13.80692794919014,401.74934221431613,8025.098265895954
1777647954,300,GET,/product/66VCHSJNUP,1.700000,0.000000,200,200,210,230,260,300,300,300,300,300,300,144,0,200,182.98785724942314,9.43926116451621,440.6166800763458,7995.979166666667
1777647954,300,GET,/product/6E92ZMYYFZ,2.400000,0.000000,200,200,200,200,210,270,300,300,300,300,300,168,0,200,181.40864267895398,11.18084299378097,502.80240504071116,7975.273809523809
1777647954,300,GET,/product/9SIQT8TOJO,2.400000,0.000000,200,240,260,270,290,300,300,300,300,300,300,197,0,190,178.21250696368705,14.40224307589233,594.8572841007262,8025.812182741117
1777647954,300,GET,/product/L9ECAV7KIM,1.900000,0.000000,200,200,210,210,240,300,300,300,300,300,300,176,0,200,194.6340853782286,10.552287101745605,675.1650378573686,7990.204545454545
1777647954,300,GET,/product/LS4PSXUNUM,1.400000,0.000000,200,210,210,210,240,300,300,300,300,300,300,152,0,200,185.1229270197157,12.288379948586226,355.2850701380521,7995.598684210527
1777647954,300,GET,/product/OLJCESPC7Z,1.100000,0.000000,200,200,240,240,260,300,300,300,300,300,300,170,0,200,188.60282987657496,12.697332073003054,694.3791250232607,8027.747058823529
1777647954,300,,Aggregated,143.100000,0.000000,350,390,410,430,470,510,550,580,630,690,690,12698,0,300,307.14681161838797,9.263879852369428,1542.5426349975169,10722.14970861553
1777647955,300,GET,/,109.800000,0.000000,360,390,410,430,460,490,540,590,690,690,690,9649,0,340,337.9465456292765,9.263879852369428,1542.5426349975169,10548.920198984351
1777647955,300,POST,/cart,13.900000,0.000000,320,360,380,390,420,450,490,550,560,560,560,1128,0,280,280.41046852425916,18.31245212815702,1002.6395618915558,17737.29343971631
1777647955,300,POST,/cart/checkout,5.000000,0.000000,160,180,200,200,250,260,260,280,280,280,280,528,0,150,164.61035453760292,16.733490861952305,1017.4640929326415,6805.176136363636
1777647955,300,GET,/product/0PUK6V6EV0,2.400000,0.000000,200,200,210,210,230,260,300,300,300,300,300,176,0,200,190.26179394065613,14.059754088521004,506.02738303132355,8006.011363636364
1777647955,300,GET,/product/1YMWWN1N4O,2.200000,0.000000,200,200,210,210,240,260,300,300,300,300,300,170,0,200,180.9223641120993,11.675014859065413,336.1741788685322,8025.117647058823
1777647955,300,GET,/product/2ZYFJ3GM2N,1.700000,0.000000,200,200,210,240,260,300,300,300,300,300,300,174,0,200,174.44352221798323,13.80692794919014,401.74934221431613,8024.908045977011
1777647955,300,GET,/product/66VCHSJNUP,1.700000,0.000000,200,200,200,210,300,300,300,300,300,300,300,147,0,200,183.36636581312433,9.43926116451621,440.6166800763458,7996.850340136054
1777647955,300,GET,/product/6E92ZMYYFZ,2.300000,0.000000,200,200,200,200,210,290,300,300,300,300,300,169,0,200,182.07363269330395,11.18084299378097,502.80240504071116,7975.585798816568
1777647955,300,GET,/product/9SIQT8TOJO,2.200000,0.000000,200,200,270,270,290,300,300,300,300,300,300,197,0,190,178.21250696368705,14.40224307589233,594.8572841007262,8025.812182741117
1777647955,300,GET,/product/L9ECAV7KIM,2.200000,0.000000,200,200,210,210,240,300,300,300,300,300,300,182,0,200,194.574139710352,10.552287101745605,675.1650378573686,7990.747252747253
1777647955,300,GET,/product/LS4PSXUNUM,1.400000,0.000000,200,200,210,210,210,300,300,300,300,300,300,152,0,200,185.1229270197157,12.288379948586226,355.2850701380521,7995.598684210527
1777647955,300,GET,/product/OLJCESPC7Z,1.000000,0.000000,200,200,210,240,260,300,300,300,300,300,300,174,0,200,188.72675663743425,12.697332073003054,694.3791250232607,8027.574712643678
1777647955,300,,Aggregated,145.800000,0.000000,330,380,400,410,450,480,520,570,630,690,690,12846,0,300,307.3238628777353,9.263879852369428,1542.5426349975169,10721.464580414136
1777647956,300,GET,/,106.800000,0.000000,360,390,400,420,460,490,500,510,600,600,600,9746,0,340,339.11114178305803,9.263879852369428,1542.5426349975169,10549.04483890827
1777647956,300,POST,/cart,13.200000,0.000000,320,360,380,380,420,460,530,560,590,590,590,1143,0,280,281.8487780578092,18.31245212815702,1002.6395618915558,17740.396325459318
1777647956,300,POST,/cart/checkout,5.400000,0.000000,150,180,190,200,220,250,280,280,280,280,280,530,0,150,164.76704140879073,16.733490861952305,1017.4640929326415,6805.171698113208
1777647956,300,GET,/product/0PUK6V6EV0,2.500000,0.000000,200,200,200,200,230,260,300,300,300,300,300,177,0,200,190.1272858840303,14.059754088521004,506.02738303132355,8006.141242937853
1777647956,300,GET,/product/1YMWWN1N4O,2.200000,0.000000,200,210,240,240,260,260,300,300,300,300,300,174,0,200,182.18188991652394,11.675014859065413,336.1741788685322,8025.649425287356
1777647956,300,GET,/product/2ZYFJ3GM2N,1.800000,0.000000,200,210,260,260,270,300,300,300,300,300,300,176,0,200,175.43226794805378,13.80692794919014,401.74934221431613,8024.892045454545
1777647956,300,GET,/product/66VCHSJNUP,1.600000,0.000000,200,200,210,240,300,300,300,300,300,300,300,148,0,200,183.74368859096305,9.43926116451621,440.6166800763458,7996.25
1777647956,300,GET,/product/6E92ZMYYFZ,2.300000,0.000000,200,200,210,240,300,300,300,300,300,300,300,174,0,200,183.90408470884137,11.18084299378097,502.80240504071116,7976.005747126437
1777647956,300,GET,/product/9SIQT8TOJO,1.300000,0.000000,260,270,290,300,300,310,310,310,310,310,310,200,0,190,179.89695763331838,14.40224307589233,594.8572841007262,8025.66
1777647956,300,GET,/product/L9ECAV7KIM,2.300000,0.000000,200,200,200,200,210,210,300,300,300,300,300,183,0,200,194.62790387005754,10.552287101745605,675.1650378573686,7990.92349726776
1777647956,300,GET,/product/LS4PSXUNUM,1.400000,0.000000,200,200,210,210,300,310,310,310,310,310,310,153,0,200,185.9330126020473,12.288379948586226,355.2850701380521,7995.888888888889
1777647956,300,GET,/product/OLJCESPC7Z,1.100000,0.000000,200,210,240,240,260,300,300,300,300,300,300,176,0,200,189.29089451557957,12.697332073003054,694.3791250232607,8027.710227272727
1777647956,300,,Aggregated,141.900000,0.000000,330,370,390,400,450,480,500,510,590,600,600,12980,0,300,308.41585159004353,9.263879852369428,1542.5426349975169,10723.877118644068
1777647957,300,GET,/,106.200000,0.000000,370,400,430,440,480,510,580,600,700,700,700,9865,0,340,340.5566504249917,9.263879852369428,1542.5426349975169,10549.127724277749
1777647957,300,POST,/cart,13.600000,0.000000,330,360,380,390,450,490,550,560,590,590,590,1161,0,280,283.4384841549641,18.31245212815702,1002.6395618915558,17761.11024978467
1777647957,300,POST,/cart/checkout,5.700000,0.000000,150,180,190,200,230,260,280,280,280,280,280,534,0,150,165.09222069952276,16.733490861952305,1017.4640929326415,6805.24531835206
1777647957,300,GET,/product/0PUK6V6EV0,2.500000,0.000000,200,200,200,230,260,300,300,300,300,300,300,181,0,200,190.6061860454881,14.059754088521004,506.02738303132355,8005.950276243094
1777647957,300,GET,/product/1YMWWN1N4O,2.400000,0.000000,200,210,240,240,240,260,260,260,260,260,260,175,0,200,182.52443704754114,11.675014859065413,336.1741788685322,8025.868571428571
1777647957,300,GET,/product/2ZYFJ3GM2N,1.700000,0.000000,200,240,260,260,270,300,300,300,300,300,300,180,0,200,176.8694183207117,13.80692794919014,401.74934221431613,8024.194444444444
