Timestamp,User Count,Type,Name,Requests/s,Failures/s,50%,66%,75%,80%,90%,95%,98%,99%,99.9%,99.99%,100%,Total Request Count,Total Failure Count,Total Median Response Time,Total Average Response Time,Total Min Response Time,Total Max Response Time,Total Average Content Size
1778072465,0,,Aggregated,0.000000,0.000000,N/A,N/A,N/A,N/A,N/A,N/A,N/A,N/A,N/A,N/A,N/A,0,0,0,0.0,0,0,0
1778072466,5,GET,/,0.000000,0.000000,0,0,0,0,0,0,0,0,0,0,0,4,0,939.5796142052859,937.6027410617098,935.770781012252,939.5796142052859,10499.0
1778072466,5,POST,/cart/checkout,0.000000,0.000000,0,0,0,0,0,0,0,0,0,0,0,1,0,916.5551918558776,916.5551918558776,916.5551918558776,916.5551918558776,6753.0
1778072466,5,,Aggregated,0.000000,0.000000,0,0,0,0,0,0,0,0,0,0,0,5,0,939.5796142052859,933.3932312205434,916.5551918558776,939.5796142052859,9749.8
1778072467,10,GET,/,0.000000,0.000000,0,0,0,0,0,0,0,0,0,0,0,8,0,120,526.7018326558173,113.35045890882611,939.5796142052859,10499.0
1778072467,10,POST,/cart,0.000000,0.000000,0,0,0,0,0,0,0,0,0,0,0,1,0,94.35119410045445,94.35119410045445,94.35119410045445,94.35119410045445,16453.0
1778072467,10,POST,/cart/checkout,0.000000,0.000000,0,0,0,0,0,0,0,0,0,0,0,1,0,916.5551918558776,916.5551918558776,916.5551918558776,916.5551918558776,6753.0
1778072467,10,GET,/product/1YMWWN1N4O,0.000000,0.000000,0,0,0,0,0,0,0,0,0,0,0,1,0,80.57688502594829,80.57688502594829,80.57688502594829,80.57688502594829,8002.0
1778072467,10,,Aggregated,0.000000,0.000000,120,940,940,940,940,940,940,940,940,940,940,11,0,120,482.28163020261985,80.57688502594829,939.5796142052859,10472.727272727272
1778072468,15,GET,/,0.000000,0.000000,120,120,120,120,120,120,120,120,120,120,120,17,0,120,293.1026859099374,12.190711218863726,939.5796142052859,10499.0
1778072468,15,POST,/cart,0.000000,0.000000,12,12,12,12,12,12,12,12,12,12,12,2,0,12,52.93119407724589,11.511194054037333,94.35119410045445,16451.5
1778072468,15,POST,/cart/checkout,0.000000,0.000000,920,920,920,920,920,920,920,920,920,920,920,1,0,916.5551918558776,916.5551918558776,916.5551918558776,916.5551918558776,6753.0
1778072468,15,GET,/product/1YMWWN1N4O,0.000000,0.000000,81,81,81,81,81,81,81,81,81,81,81,1,0,80.57688502594829,80.57688502594829,80.57688502594829,80.57688502594829,8002.0
1778072468,15,GET,/product/6E92ZMYYFZ,0.000000,0.000000,0,0,0,0,0,0,0,0,0,0,0,1,0,12.386468006297946,12.386468006297946,12.386468006297946,12.386468006297946,7891.0
1778072468,15,GET,/product/LS4PSXUNUM,0.000000,0.000000,0,0,0,0,0,0,0,0,0,0,0,1,0,12.501256074756384,12.501256074756384,12.501256074756384,12.501256074756384,7965.0
1778072468,15,,Aggregated,0.000000,0.000000,120,120,120,920,940,940,940,940,940,940,940,23,0,120,265.67947172114384,11.511194054037333,939.5796142052859,10521.608695652174
1778072469,20,GET,/,4.000000,0.000000,73,95,97,120,120,120,120,120,120,120,120,31,0,95,183.13717472577287,10.515239089727402,939.5796142052859,10501.870967741936
1778072469,20,POST,/cart,0.500000,0.000000,12,12,59,59,59,59,59,59,59,59,59,4,0,12,43.76268049236387,10.368892922997475,94.35119410045445,16819.25
1778072469,20,POST,/cart/checkout,0.500000,0.000000,920,920,920,920,920,920,920,920,920,920,920,1,0,916.5551918558776,916.5551918558776,916.5551918558776,916.5551918558776,6753.0
1778072469,20,GET,/product/0PUK6V6EV0,0.000000,0.000000,0,0,0,0,0,0,0,0,0,0,0,1,0,7.890678010880947,7.890678010880947,7.890678010880947,7.890678010880947,8047.0
1778072469,20,GET,/product/1YMWWN1N4O,0.500000,0.000000,81,81,81,81,81,81,81,81,81,81,81,1,0,80.57688502594829,80.57688502594829,80.57688502594829,80.57688502594829,8002.0
1778072469,20,GET,/product/6E92ZMYYFZ,0.000000,0.000000,20,20,20,20,20,20,20,20,20,20,20,2,0,12.386468006297946,16.305089578963816,12.386468006297946,20.223711151629686,7902.0
1778072469,20,GET,/product/L9ECAV7KIM,0.000000,0.000000,0,0,0,0,0,0,0,0,0,0,0,1,0,7.638975977897644,7.638975977897644,7.638975977897644,7.638975977897644,7912.0
1778072469,20,GET,/product/LS4PSXUNUM,0.000000,0.000000,13,13,13,13,13,13,13,13,13,13,13,1,0,12.501256074756384,12.501256074756384,12.501256074756384,12.501256074756384,7965.0
1778072469,20,GET,/product/OLJCESPC7Z,0.000000,0.000000,0,0,0,0,0,0,0,0,0,0,0,1,0,18.555666087195277,18.555666087195277,18.555666087195277,18.555666087195277,7965.0
1778072469,20,,Aggregated,5.500000,0.000000,76,97,120,120,920,940,940,940,940,940,940,43,0,76,161.13097606183484,7.638975977897644,939.5796142052859,10587.976744186046
1778072470,25,GET,/,5.666667,0.000000,30,73,95,95,120,120,120,120,120,120,120,43,0,51,137.41134219196474,10.416066972538829,939.5796142052859,10501.06976744186
1778072470,25,POST,/cart,0.666667,0.000000,12,12,59,59,59,59,59,59,59,59,59,4,0,12,43.76268049236387,10.368892922997475,94.35119410045445,16819.25
1778072470,25,POST,/cart/checkout,0.333333,0.000000,920,920,920,920,920,920,920,920,920,920,920,2,0,11.282270075753331,463.9187309658155,11.282270075753331,916.5551918558776,6768.0
1778072470,25,GET,/product/0PUK6V6EV0,0.000000,0.000000,8,8,8,8,8,8,8,8,8,8,8,1,0,7.890678010880947,7.890678010880947,7.890678010880947,7.890678010880947,8047.0
1778072470,25,GET,/product/1YMWWN1N4O,0.333333,0.000000,81,81,81,81,81,81,81,81,81,81,81,1,0,80.57688502594829,80.57688502594829,80.57688502594829,80.57688502594829,8002.0
1778072470,25,GET,/product/2ZYFJ3GM2N,0.000000,0.000000,0,0,0,0,0,0,0,0,0,0,0,1,0,7.82569102011621,7.82569102011621,7.82569102011621,7.82569102011621,7966.0
1778072470,25,GET,/product/6E92ZMYYFZ,0.333333,0.000000,20,20,20,20,20,20,20,20,20,20,20,3,0,14,15.522331076984605,12.386468006297946,20.223711151629686,7909.666666666667
1778072470,25,GET,/product/L9ECAV7KIM,0.000000,0.000000,8,8,8,8,8,8,8,8,8,8,8,1,0,7.638975977897644,7.638975977897644,7.638975977897644,7.638975977897644,7912.0
1778072470,25,GET,/product/LS4PSXUNUM,0.333333,0.000000,13,13,13,13,13,13,13,13,13,13,13,1,0,12.501256074756384,12.501256074756384,12.501256074756384,12.501256074756384,7965.0
1778072470,25,GET,/product/OLJCESPC7Z,0.000000,0.000000,19,19,19,19,19,19,19,19,19,19,19,1,0,18.555666087195277,18.555666087195277,18.555666087195277,18.555666087195277,7965.0
1778072470,25,,Aggregated,7.666667,0.000000,30,94,97,120,120,940,940,940,940,940,940,58,0,30,124.01951799281584,7.638975977897644,939.5796142052859,10412.844827586207
1778072471,30,GET,/,6.750000,0.000000,51,94,120,120,210,210,300,300,300,300,300,56,0,71,137.70238377453228,9.54152992926538,939.5796142052859,10502.17857142857
1778072471,30,POST,/cart,1.000000,0.000000,59,59,83,83,110,110,110,110,110,110,110,7,0,59,55.07877967985613,10.368892922997475,113.3867020253092,16663.14285714286
1778072471,30,POST,/cart/checkout,0.250000,0.000000,920,920,920,920,920,920,920,920,920,920,920,2,0,11.282270075753331,463.9187309658155,11.282270075753331,916.5551918558776,6768.0
1778072471,30,GET,/product/0PUK6V6EV0,0.250000,0.000000,15,15,15,15,15,15,15,15,15,15,15,2,0,8,11.332793976180255,7.890678010880947,14.774909941479564,7996.5
1778072471,30,GET,/product/1YMWWN1N4O,0.250000,0.000000,81,81,81,81,81,81,81,81,81,81,81,1,0,80.57688502594829,80.57688502594829,80.57688502594829,80.57688502594829,8002.0
1778072471,30,GET,/product/2ZYFJ3GM2N,0.000000,0.000000,8,8,8,8,8,8,8,8,8,8,8,1,0,7.82569102011621,7.82569102011621,7.82569102011621,7.82569102011621,7966.0
1778072471,30,GET,/product/6E92ZMYYFZ,0.500000,0.000000,14,14,20,20,20,20,20,20,20,20,20,4,0,12,13.528418086934835,7.546679116785526,20.223711151629686,7914.5
1778072471,30,GET,/product/L9ECAV7KIM,0.250000,0.000000,8,8,8,8,8,8,8,8,8,8,8,2,0,7.668580859899521,7.6537784188985825,7.638975977897644,7.668580859899521,7988.5
1778072471,30,GET,/product/LS4PSXUNUM,0.250000,0.000000,13,13,13,13,13,13,13,13,13,13,13,1,0,12.501256074756384,12.501256074756384,12.501256074756384,12.501256074756384,7965.0
1778072471,30,GET,/product/OLJCESPC7Z,0.250000,0.000000,19,19,19,19,19,19,19,19,19,19,19,1,0,18.555666087195277,18.555666087195277,18.555666087195277,18.555666087195277,7965.0
1778072471,30,,Aggregated,9.750000,0.000000,31,94,120,120,210,940,940,940,940,940,940,77,0,31,119.95154190143305,7.546679116785526,939.5796142052859,10569.16883116883
1778072472,35,GET,/,8.200000,0.000000,19,59,94,95,150,210,300,300,300,300,300,74,0,30,107.83569265245083,8.93231900408864,939.5796142052859,10505.013513513513
1778072472,35,POST,/cart,0.800000,0.000000,59,68,83,83,110,110,110,110,110,110,110,8,0,59,56.705559603869915,10.368892922997475,113.3867020253092,16636.125
1778072472,35,POST,/cart/checkout,0.400000,0.000000,11,11,920,920,920,920,920,920,920,920,920,3,0,11.085980804637074,312.97448091208935,11.085980804637074,916.5551918558776,6780.333333333333
1778072472,35,GET,/product/0PUK6V6EV0,0.200000,0.000000,15,15,15,15,15,15,15,15,15,15,15,2,0,8,11.332793976180255,7.890678010880947,14.774909941479564,7996.5
1778072472,35,GET,/product/1YMWWN1N4O,0.200000,0.000000,81,81,81,81,81,81,81,81,81,81,81,1,0,80.57688502594829,80.57688502594829,80.57688502594829,80.57688502594829,8002.0
1778072472,35,GET,/product/2ZYFJ3GM2N,0.200000,0.000000,8,8,8,8,8,8,8,8,8,8,8,1,0,7.82569102011621,7.82569102011621,7.82569102011621,7.82569102011621,7966.0
1778072472,35,GET,/product/6E92ZMYYFZ,0.600000,0.000000,14,14,20,20,20,20,20,20,20,20,20,4,0,12,13.528418086934835,7.546679116785526,20.223711151629686,7914.5
1778072472,35,GET,/product/9SIQT8TOJO,0.000000,0.000000,0,0,0,0,0,0,0,0,0,0,0,1,0,7.549321977421641,7.549321977421641,7.549321977421641,7.549321977421641,8000.0
1778072472,35,GET,/product/L9ECAV7KIM,0.200000,0.000000,8,8,8,8,8,8,8,8,8,8,8,2,0,7.668580859899521,7.6537784188985825,7.638975977897644,7.668580859899521,7988.5
1778072472,35,GET,/product/LS4PSXUNUM,0.200000,0.000000,13,13,13,13,13,13,13,13,13,13,13,1,0,12.501256074756384,12.501256074756384,12.501256074756384,12.501256074756384,7965.0
1778072472,35,GET,/product/OLJCESPC7Z,0.200000,0.000000,19,19,19,19,19,19,19,19,19,19,19,2,0,10.358996922150254,14.457331504672766,10.358996922150254,18.555666087195277,7990.0
1778072472,35,,Aggregated,11.200000,0.000000,19,71,95,120,210,920,940,940,940,940,940,99,0,19,96.98852333428357,7.546679116785526,939.5796142052859,10528.70707070707
1778072473,40,GET,/,9.166667,0.000000,13,23,59,81,120,210,300,300,300,300,300,98,0,16,84.3076815291745,8.371435105800629,939.5796142052859,10507.173469387755
1778072473,40,POST,/cart,1.000000,0.000000,13,59,68,68,83,110,110,110,110,110,110,12,0,13,41.517524824788175,9.725183947011828,113.3867020253092,16573.75
1778072473,40,POST,/cart/checkout,0.333333,0.000000,11,11,920,920,920,920,920,920,920,920,920,3,0,11.085980804637074,312.97448091208935,11.085980804637074,916.5551918558776,6780.333333333333
1778072473,40,GET,/product/0PUK6V6EV0,0.333333,0.000000,15,15,15,15,15,15,15,15,15,15,15,2,0,8,11.332793976180255,7.890678010880947,14.774909941479564,7996.5
1778072473,40,GET,/product/1YMWWN1N4O,0.166667,0.000000,81,81,81,81,81,81,81,81,81,81,81,2,0,8,44.1469264915213,7.716967957094312,80.57688502594829,7988.0
1778072473,40,GET,/product/2ZYFJ3GM2N,0.166667,0.000000,8,8,10,10,10,10,10,10,10,10,10,3,0,8,8.374332062279185,7.1006640791893005,10.196641087532043,7978.666666666667
1778072473,40,GET,/product/6E92ZMYYFZ,0.666667,0.000000,14,14,20,20,20,20,20,20,20,20,20,5,0,13,13.369544688612223,7.546679116785526,20.223711151629686,7913.0
1778072473,40,GET,/product/9SIQT8TOJO,0.000000,0.000000,0,0,0,0,0,0,0,0,0,0,0,1,0,7.549321977421641,7.549321977421641,7.549321977421641,7.549321977421641,8000.0
1778072473,40,GET,/product/L9ECAV7KIM,0.333333,0.000000,8,8,8,8,8,8,8,8,8,8,8,3,0,8,7.801615633070469,7.638975977897644,8.097290061414242,7981.0
1778072473,40,GET,/product/LS4PSXUNUM,0.166667,0.000000,13,13,13,13,13,13,13,13,13,13,13,1,0,12.501256074756384,12.501256074756384,12.501256074756384,12.501256074756384,7965.0
1778072473,40,GET,/product/OLJCESPC7Z,0.166667,0.000000,19,19,19,19,19,19,19,19,19,19,19,2,0,10.358996922150254,14.457331504672766,10.358996922150254,18.555666087195277,7990.0
1778072473,40,,Aggregated,12.500000,0.000000,13,30,73,94,120,300,940,940,940,940,940,132,0,13,75.56505135620351,7.1006640791893005,939.5796142052859,10608.234848484848
1778072474,45,GET,/,9.857143,0.000000,12,19,31,70,120,190,210,300,300,300,300,118,0,12,72.11294507221082,8.371435105800629,939.5796142052859,10509.559322033898
1778072474,45,POST,/cart,1.142857,0.000000,12,14,59,59,83,110,110,110,110,110,110,17,0,12,32.64325192910345,9.725183947011828,113.3867020253092,16540.29411764706
1778072474,45,POST,/cart/checkout,0.285714,0.000000,11,14,14,920,920,920,920,920,920,920,920,5,0,11,192.64760459773242,10.053184116259217,916.5551918558776,6789.8
1778072474,45,GET,/product/0PUK6V6EV0,0.285714,0.000000,15,15,15,15,15,15,15,15,15,15,15,2,0,8,11.332793976180255,7.890678010880947,14.774909941479564,7996.5
1778072474,45,GET,/product/1YMWWN1N4O,0.142857,0.000000,81,81,81,81,81,81,81,81,81,81,81,2,0,8,44.1469264915213,7.716967957094312,80.57688502594829,7988.0
1778072474,45,GET,/product/2ZYFJ3GM2N,0.142857,0.000000,10,10,13,13,13,13,13,13,13,13,13,4,0,8,9.572298033162951,7.1006640791893005,13.166195945814252,7975.5
1778072474,45,GET,/product/6E92ZMYYFZ,0.571429,0.000000,14,14,20,20,20,20,20,20,20,20,20,5,0,13,13.369544688612223,7.546679116785526,20.223711151629686,7913.0
1778072474,45,GET,/product/9SIQT8TOJO,0.000000,0.000000,8,8,8,8,8,8,8,8,8,8,8,2,0,7.6037561520934105,7.576539064757526,7.549321977421641,7.6037561520934105,8003.0
1778072474,45,GET,/product/L9ECAV7KIM,0.285714,0.000000,8,8,8,8,8,8,8,8,8,8,8,4,0,8,7.69677571952343,7.382255978882313,8.097290061414242,7985.5
1778072474,45,GET,/product/LS4PSXUNUM,0.142857,0.000000,13,13,13,13,13,13,13,13,13,13,13,1,0,12.501256074756384,12.501256074756384,12.501256074756384,12.501256074756384,7965.0
1778072474,45,GET,/product/OLJCESPC7Z,0.285714,0.000000,19,19,19,19,19,19,19,19,19,19,19,2,0,10.358996922150254,14.457331504672766,10.358996922150254,18.555666087195277,7990.0
1778072474,45,,Aggregated,13.142857,0.000000,12,18,33,73,120,210,940,940,940,940,940,162,0,12,63.77131654880941,7.1006640791893005,939.5796142052859,10682.660493827161
1778072475,50,GET,/,11.375000,0.000000,12,19,30,48,97,150,210,300,300,300,300,137,0,12,64.584492811131,7.966127945110202,939.5796142052859,10510.693430656935
1778072475,50,POST,/cart,1.500000,0.000000,11,14,15,59,83,110,110,110,110,110,110,18,0,11,31.400845321412717,9.725183947011828,113.3867020253092,16613.38888888889
1778072475,50,POST,/cart/checkout,0.375000,0.000000,12,12,14,14,920,920,920,920,920,920,920,6,0,11,162.6227196538821,10.053184116259217,916.5551918558776,6792.0
1778072475,50,GET,/product/0PUK6V6EV0,0.250000,0.000000,15,15,15,15,15,15,15,15,15,15,15,2,0,8,11.332793976180255,7.890678010880947,14.774909941479564,7996.5
1778072475,50,GET,/product/1YMWWN1N4O,0.125000,0.000000,81,81,81,81,81,81,81,81,81,81,81,2,0,8,44.1469264915213,7.716967957094312,80.57688502594829,7988.0
1778072475,50,GET,/product/2ZYFJ3GM2N,0.375000,0.000000,10,10,13,13,13,13,13,13,13,13,13,4,0,8,9.572298033162951,7.1006640791893005,13.166195945814252,7975.5
1778072475,50,GET,/product/66VCHSJNUP,0.000000,0.000000,0,0,0,0,0,0,0,0,0,0,0,1,0,8.48941900767386,8.48941900767386,8.48941900767386,8.48941900767386,7928.0
1778072475,50,GET,/product/6E92ZMYYFZ,0.625000,0.000000,14,14,20,20,20,20,20,20,20,20,20,5,0,13,13.369544688612223,7.546679116785526,20.223711151629686,7913.0
1778072475,50,GET,/product/9SIQT8TOJO,0.125000,0.000000,8,8,8,8,8,8,8,8,8,8,8,2,0,7.6037561520934105,7.576539064757526,7.549321977421641,7.6037561520934105,8003.0
1778072475,50,GET,/product/L9ECAV7KIM,0.375000,0.000000,8,8,8,8,8,8,8,8,8,8,8,4,0,8,7.69677571952343,7.382255978882313,8.097290061414242,7985.5
1778072475,50,GET,/product/LS4PSXUNUM,0.125000,0.000000,13,13,13,13,13,13,13,13,13,13,13,1,0,12.501256074756384,12.501256074756384,12.501256074756384,12.501256074756384,7965.0
1778072475,50,GET,/product/OLJCESPC7Z,0.250000,0.000000,10,10,19,19,19,19,19,19,19,19,19,3,0,10,11.970489285886288,6.996804848313332,18.555666087195277,8028.666666666667
1778072475,50,,Aggregated,15.500000,0.000000,12,18,30,68,120,210,940,940,940,940,940,185,0,12,57.880895834013415,6.996804848313332,939.5796142052859,10654.708108108109
1778072476,55,GET,/,12.111111,0.000000,11,16,22,31,95,120,210,300,300,300,300,165,0,12,55.79532796629902,7.852511014789343,939.5796142052859,10513.563636363637
1778072476,55,POST,/cart,1.666667,0.000000,11,13,15,15,68,83,110,110,110,110,110,22,0,11,27.730622847395185,9.725183947011828,113.3867020253092,16712.5
1778072476,55,POST,/cart/checkout,0.555556,0.000000,12,14,21,21,920,920,920,920,920,920,920,8,0,12,126.05529898428358,10.053184116259217,916.5551918558776,6795.5
1778072476,55,GET,/product/0PUK6V6EV0,0.222222,0.000000,15,15,15,15,15,15,15,15,15,15,15,2,0,8,11.332793976180255,7.890678010880947,14.774909941479564,7996.5
1778072476,55,GET,/product/1YMWWN1N4O,0.222222,0.000000,8,8,81,81,81,81,81,81,81,81,81,3,0,8,32.052584613362946,7.716967957094312,80.57688502594829,8019.0
1778072476,55,GET,/product/2ZYFJ3GM2N,0.444444,0.000000,10,10,13,13,13,13,13,13,13,13,13,4,0,8,9.572298033162951,7.1006640791893005,13.166195945814252,7975.5
1778072476,55,GET,/product/66VCHSJNUP,0.000000,0.000000,7,7,7,7,7,7,7,7,7,7,7,3,0,7,7.64021766372025,6.948091089725494,8.48941900767386,7957.333333333333
1778072476,55,GET,/product/6E92ZMYYFZ,0.555556,0.000000,14,14,20,20,20,20,20,20,20,20,20,5,0,13,13.369544688612223,7.546679116785526,20.223711151629686,7913.0
1778072476,55,GET,/product/9SIQT8TOJO,0.111111,0.000000,8,8,8,8,8,8,8,8,8,8,8,2,0,7.6037561520934105,7.576539064757526,7.549321977421641,7.6037561520934105,8003.0
1778072476,55,GET,/product/L9ECAV7KIM,0.333333,0.000000,8,8,8,8,8,8,8,8,8,8,8,5,0,8,7.54088400863111,6.9173171650618315,8.097290061414242,7979.2
1778072476,55,GET,/product/LS4PSXUNUM,0.111111,0.000000,13,13,13,13,13,13,13,13,13,13,13,1,0,12.501256074756384,12.501256074756384,12.501256074756384,12.501256074756384,7965.0
1778072476,55,GET,/product/OLJCESPC7Z,0.222222,0.000000,10,10,19,19,19,19,19,19,19,19,19,4,0,7,10.747666470706463,6.996804848313332,18.555666087195277,8019.75
1778072476,55,,Aggregated,16.555556,0.000000,11,14,18,22,73,120,210,210,300,300,300,224,0,11,49.91060508681195,6.9173171650618315,939.5796142052859,10661.214285714286
1778072477,60,GET,/,13.300000,0.000000,11,13,18,22,59,95,210,300,300,300,300,194,0,11,49.44299560726726,7.8085188288241625,939.5796142052859,10515.056701030928
1778072477,60,POST,/cart,1.800000,0.000000,11,13,15,15,68,83,110,110,110,110,110,23,0,11,26.945657815541264,9.676427114754915,113.3867020253092,16702.347826086956
1778072477,60,POST,/cart/checkout,0.500000,0.000000,14,22,23,23,40,920,920,920,920,920,920,11,0,14,99.43408546545966,10.053184116259217,916.5551918558776,6799.909090909091
1778072477,60,GET,/product/0PUK6V6EV0,0.200000,0.000000,15,15,15,15,15,15,15,15,15,15,15,2,0,8,11.332793976180255,7.890678010880947,14.774909941479564,7996.5
1778072477,60,GET,/product/1YMWWN1N4O,0.200000,0.000000,8,8,81,81,81,81,81,81,81,81,81,3,0,8,32.052584613362946,7.716967957094312,80.57688502594829,8019.0
1778072477,60,GET,/product/2ZYFJ3GM2N,0.400000,0.000000,8,10,10,13,13,13,13,13,13,13,13,5,0,8,9.155780216678977,7.1006640791893005,13.166195945814252,7981.2
1778072477,60,GET,/product/66VCHSJNUP,0.100000,0.000000,7,7,7,7,7,7,7,7,7,7,7,4,0,7,7.602917263284326,6.948091089725494,8.48941900767386,7944.0
1778072477,60,GET,/product/6E92ZMYYFZ,0.500000,0.000000,14,14,20,20,20,20,20,20,20,20,20,5,0,13,13.369544688612223,7.546679116785526,20.223711151629686,7913.0
1778072477,60,GET,/product/9SIQT8TOJO,0.200000,0.000000,8,8,11,11,11,11,11,11,11,11,11,3,0,8,8.740994691227874,7.549321977421641,11.069905944168568,7984.0
1778072477,60,GET,/product/L9ECAV7KIM,0.400000,0.000000,8,8,8,8,8,8,8,8,8,8,8,5,0,8,7.54088400863111,6.9173171650618315,8.097290061414242,7979.2
1778072477,60,GET,/product/LS4PSXUNUM,0.100000,0.000000,13,13,13,13,13,13,13,13,13,13,13,1,0,12.501256074756384,12.501256074756384,12.501256074756384,12.501256074756384,7965.0
1778072477,60,GET,/product/OLJCESPC7Z,0.300000,0.000000,7,10,10,19,19,19,19,19,19,19,19,5,0,7,10.046204784885049,6.996804848313332,18.555666087195277,8004.8
1778072477,60,,Aggregated,18.000000,0.000000,11,13,17,20,53,95,210,210,300,300,300,261,0,11,44.80454995086367,6.9173171650618315,939.5796142052859,10582.406130268198
1778072478,65,GET,/,15.900000,0.000000,10,13,18,23,56,88,210,300,300,300,300,220,0,11,47.3229236329313,7.8085188288241625,939.5796142052859,10515.181818181818
1778072478,65,POST,/cart,2.000000,0.000000,11,13,15,59,72,83,110,110,110,110,110,27,0,11,26.7840423276303,9.676427114754915,113.3867020253092,16768.074074074073
1778072478,65,POST,/cart/checkout,0.800000,0.000000,19,21,23,23,26,40,40,40,40,40,40,13,0,19,87.6022030133754,10.053184116259217,916.5551918558776,6801.846153846154
1778072478,65,GET,/product/0PUK6V6EV0,0.200000,0.000000,8,8,15,15,15,15,15,15,15,15,15,4,0,7,9.222596476320177,6.935471901670098,14.774909941479564,7987.75
1778072478,65,GET,/product/1YMWWN1N4O,0.200000,0.000000,8,8,81,81,81,81,81,81,81,81,81,3,0,8,32.052584613362946,7.716967957094312,80.57688502594829,8019.0
1778072478,65,GET,/product/2ZYFJ3GM2N,0.400000,0.000000,8,10,13,13,22,22,22,22,22,22,22,8,0,7,10.147294640773907,6.618096958845854,22.068727994337678,7992.125
1778072478,65,GET,/product/66VCHSJNUP,0.200000,0.000000,7,7,7,23,23,23,23,23,23,23,23,6,0,7,10.181896000479659,6.948091089725494,23.216424975544214,7965.166666666667
1778072478,65,GET,/product/6E92ZMYYFZ,0.500000,0.000000,13,13,14,14,14,14,14,14,14,14,14,5,0,13,13.369544688612223,7.546679116785526,20.223711151629686,7913.0
1778072478,65,GET,/product/9SIQT8TOJO,0.200000,0.000000,8,8,11,11,11,11,11,11,11,11,11,3,0,8,8.740994691227874,7.549321977421641,11.069905944168568,7984.0
1778072478,65,GET,/product/L9ECAV7KIM,0.500000,0.000000,8,8,8,8,8,8,8,8,8,8,8,5,0,8,7.54088400863111,6.9173171650618315,8.097290061414242,7979.2
1778072478,65,GET,/product/LS4PSXUNUM,0.100000,0.000000,13,13,13,13,13,13,13,13,13,13,13,1,0,12.501256074756384,12.501256074756384,12.501256074756384,12.501256074756384,7965.0
1778072478,65,GET,/product/OLJCESPC7Z,0.400000,0.000000,10,10,19,19,22,22,22,22,22,22,22,6,0,7,12.111234789093336,6.996804848313332,22.43638481013477,8001.5
1778072478,65,,Aggregated,21.400000,0.000000,10,12,17,21,48,83,190,210,300,300,300,301,0,11,42.40632108474565,6.618096958845854,939.5796142052859,10570.182724252492
1778072479,70,GET,/,18.000000,0.000000,10,12,16,18,48,85,210,210,300,300,300,256,0,11,42.12585167169891,7.661853916943073,939.5796142052859,10516.73046875
1778072479,70,POST,/cart,2.200000,0.000000,11,11,15,15,72,83,110,110,110,110,110,28,0,11,26.186866818794183,9.676427114754915,113.3867020253092,16757.535714285714
1778072479,70,POST,/cart/checkout,0.900000,0.000000,14,21,22,23,26,40,40,40,40,40,40,14,0,14,82.09517887527389,10.053184116259217,916.5551918558776,6801.928571428572
1778072479,70,GET,/product/0PUK6V6EV0,0.200000,0.000000,7,7,15,15,15,15,15,15,15,15,15,4,0,7,9.222596476320177,6.935471901670098,14.774909941479564,7987.75
1778072479,70,GET,/product/1YMWWN1N4O,0.200000,0.000000,8,8,81,81,81,81,81,81,81,81,81,3,0,8,32.052584613362946,7.716967957094312,80.57688502594829,8019.0
1778072479,70,GET,/product/2ZYFJ3GM2N,0.400000,0.000000,8,10,13,13,22,22,22,22,22,22,22,8,0,7,10.147294640773907,6.618096958845854,22.068727994337678,7992.125
1778072479,70,GET,/product/66VCHSJNUP,0.400000,0.000000,7,7,7,23,23,23,23,23,23,23,23,6,0,7,10.181896000479659,6.948091089725494,23.216424975544214,7965.166666666667
1778072479,70,GET,/product/6E92ZMYYFZ,0.500000,0.000000,8,8,8,13,13,13,13,13,13,13,13,8,0,8,11.240701656788588,7.232669973745942,20.223711151629686,7924.0
1778072479,70,GET,/product/9SIQT8TOJO,0.300000,0.000000,8,8,11,11,11,11,11,11,11,11,11,3,0,8,8.740994691227874,7.549321977421641,11.069905944168568,7984.0
1778072479,70,GET,/product/L9ECAV7KIM,0.500000,0.000000,8,8,8,8,8,8,8,8,8,8,8,5,0,8,7.54088400863111,6.9173171650618315,8.097290061414242,7979.2
1778072479,70,GET,/product/LS4PSXUNUM,0.100000,0.000000,13,13,13,13,13,13,13,13,13,13,13,1,0,12.501256074756384,12.501256074756384,12.501256074756384,12.501256074756384,7965.0
1778072479,70,GET,/product/OLJCESPC7Z,0.500000,0.000000,7,10,19,19,22,22,22,22,22,22,22,7,0,7,11.362015968188643,6.866703042760491,22.43638481013477,8014.142857142857
1778072479,70,,Aggregated,24.200000,0.000000,10,12,15,17,40,81,190,210,300,300,300,343,0,10,38.44894770038675,6.618096958845854,939.5796142052859,10541.577259475218
1778072480,75,GET,/,19.800000,0.000000,10,13,16,18,40,67,88,90,120,120,120,293,0,11,40.50016999419512,7.243789033964276,939.5796142052859,10517.225255972697
1778072480,75,POST,/cart,2.400000,0.000000,11,11,15,15,68,72,74,74,74,74,74,30,0,11,27.421092327373724,9.676427114754915,113.3867020253092,16738.1
1778072480,75,POST,/cart/checkout,1.200000,0.000000,14,21,22,23,26,40,40,40,40,40,40,15,0,14,77.42715814771752,10.053184116259217,916.5551918558776,6800.533333333334
1778072480,75,GET,/product/0PUK6V6EV0,0.400000,0.000000,7,7,15,15,15,15,15,15,15,15,15,4,0,7,9.222596476320177,6.935471901670098,14.774909941479564,7987.75
1778072480,75,GET,/product/1YMWWN1N4O,0.200000,0.000000,8,8,38,38,38,38,38,38,38,38,38,4,0,8,33.52604748215526,7.716967957094312,80.57688502594829,8008.25
1778072480,75,GET,/product/2ZYFJ3GM2N,0.800000,0.000000,8,10,13,13,22,22,22,22,22,22,22,8,0,7,10.147294640773907,6.618096958845854,22.068727994337678,7992.125
1778072480,75,GET,/product/66VCHSJNUP,0.600000,0.000000,7,7,7,23,23,23,23,23,23,23,23,6,0,7,10.181896000479659,6.948091089725494,23.216424975544214,7965.166666666667
1778072480,75,GET,/product/6E92ZMYYFZ,0.400000,0.000000,8,8,8,8,13,13,13,13,13,13,13,9,0,8,10.733083718352848,6.672140210866928,20.223711151629686,7927.666666666667
1778072480,75,GET,/product/9SIQT8TOJO,0.300000,0.000000,8,8,11,11,11,11,11,11,11,11,11,3,0,8,8.740994691227874,7.549321977421641,11.069905944168568,7984.0
1778072480,75,GET,/product/L9ECAV7KIM,0.500000,0.000000,7,7,8,8,8,8,8,8,8,8,8,7,0,7,7.303046727819102,6.346856011077762,8.097290061414242,7974.0
1778072480,75,GET,/product/LS4PSXUNUM,0.000000,0.000000,13,13,13,13,13,13,13,13,13,13,13,3,0,13,10.727793987219533,6.517468951642513,13.1646569352597,7994.0
1778072480,75,GET,/product/OLJCESPC7Z,0.600000,0.000000,7,7,10,10,22,22,22,22,22,22,22,7,0,7,11.362015968188643,6.866703042760491,22.43638481013477,8014.142857142857
1778072480,75,,Aggregated,27.200000,0.000000,10,12,16,18,34,64,85,88,120,120,120,389,0,11,37.14527973694521,6.346856011077762,939.5796142052859,10520.848329048844
1778072481,80,GET,/,21.900000,0.000000,10,14,18,23,48,67,88,90,120,120,120,334,0,11,39.098098783469396,7.243789033964276,939.5796142052859,10517.652694610779
1778072481,80,POST,/cart,2.400000,0.000000,11,13,15,62,74,78,93,93,93,93,93,33,0,11,31.962617759056617,9.676427114754915,113.3867020253092,16710.545454545456
1778072481,80,POST,/cart/checkout,1.200000,0.000000,14,21,22,23,26,40,40,40,40,40,40,15,0,14,77.42715814771752,10.053184116259217,916.5551918558776,6800.533333333334
1778072481,80,GET,/product/0PUK6V6EV0,0.300000,0.000000,7,7,15,15,15,15,15,15,15,15,15,4,0,7,9.222596476320177,6.935471901670098,14.774909941479564,7987.75
1778072481,80,GET,/product/1YMWWN1N4O,0.200000,0.000000,38,38,72,72,72,72,72,72,72,72,72,5,0,38,41.28817436285317,7.716967957094312,80.57688502594829,8006.6
1778072481,80,GET,/product/2ZYFJ3GM2N,0.800000,0.000000,7,10,13,13,22,22,22,22,22,22,22,9,0,7,9.765805133307973,6.618096958845854,22.068727994337678,7988.555555555556
1778072481,80,GET,/product/66VCHSJNUP,0.600000,0.000000,7,7,8,8,23,23,23,23,23,23,23,7,0,7,9.807395416178874,6.948091089725494,23.216424975544214,7960.428571428572
1778072481,80,GET,/product/6E92ZMYYFZ,0.600000,0.000000,8,8,8,13,13,13,13,13,13,13,13,9,0,8,10.733083718352848,6.672140210866928,20.223711151629686,7927.666666666667
1778072481,80,GET,/product/9SIQT8TOJO,0.300000,0.000000,8,8,11,11,11,11,11,11,11,11,11,3,0,8,8.740994691227874,7.549321977421641,11.069905944168568,7984.0
1778072481,80,GET,/product/L9ECAV7KIM,0.400000,0.000000,7,7,7,8,8,8,8,8,8,8,8,7,0,7,7.303046727819102,6.346856011077762,8.097290061414242,7974.0
1778072481,80,GET,/product/LS4PSXUNUM,0.000000,0.000000,13,13,13,13,13,13,13,13,13,13,13,3,0,13,10.727793987219533,6.517468951642513,13.1646569352597,7994.0
1778072481,80,GET,/product/OLJCESPC7Z,0.600000,0.000000,7,7,10,10,22,22,22,22,22,22,22,7,0,7,11.362015968188643,6.866703042760491,22.43638481013477,8014.142857142857
1778072481,80,,Aggregated,29.300000,0.000000,10,13,18,22,47,70,88,90,120,120,120,436,0,11,36.606590784744384,6.346856011077762,939.5796142052859,10543.935779816513
1778072482,85,GET,/,24.900000,0.000000,10,16,24,37,56,67,88,90,120,120,120,377,0,12,38.205819206920005,7.139443885535002,939.5796142052859,10517.649867374006
1778072482,85,POST,/cart,2.600000,0.000000,11,15,15,62,74,78,93,93,93,93,93,34,0,11,31.31329650333261,9.676427114754915,113.3867020253092,16702.264705882353
1778072482,85,POST,/cart/checkout,1.300000,0.000000,19,22,23,26,40,60,60,60,60,60,60,17,0,14,72.44148354648667,10.053184116259217,916.5551918558776,6802.470588235294
1778072482,85,GET,/product/0PUK6V6EV0,0.300000,0.000000,7,7,15,15,15,15,15,15,15,15,15,4,0,7,9.222596476320177,6.935471901670098,14.774909941479564,7987.75
1778072482,85,GET,/product/1YMWWN1N4O,0.300000,0.000000,38,38,72,72,72,72,72,72,72,72,72,5,0,38,41.28817436285317,7.716967957094312,80.57688502594829,8006.6
1778072482,85,GET,/product/2ZYFJ3GM2N,0.700000,0.000000,7,13,22,22,51,51,51,51,51,51,51,11,0,7,13.281783745200796,6.618096958845854,51.43122002482414,7990.545454545455
1778072482,85,GET,/product/66VCHSJNUP,0.600000,0.000000,7,7,8,8,23,23,23,23,23,23,23,7,0,7,9.807395416178874,6.948091089725494,23.216424975544214,7960.428571428572
1778072482,85,GET,/product/6E92ZMYYFZ,0.600000,0.000000,8,8,13,13,72,72,72,72,72,72,72,11,0,8,15.862260140817273,6.169755011796951,71.71735307201743,7939.090909090909
1778072482,85,GET,/product/9SIQT8TOJO,0.300000,0.000000,8,8,11,11,11,11,11,11,11,11,11,4,0,8,8.283274073619395,6.9101122207939625,11.069905944168568,7978.5
1778072482,85,GET,/product/L9ECAV7KIM,0.600000,0.000000,7,7,7,7,8,8,8,8,8,8,8,8,0,7,7.264800631674007,6.346856011077762,8.097290061414242,7971.75
1778072482,85,GET,/product/LS4PSXUNUM,0.200000,0.000000,13,13,13,13,13,13,13,13,13,13,13,3,0,13,10.727793987219533,6.517468951642513,13.1646569352597,7994.0
1778072482,85,GET,/product/OLJCESPC7Z,0.600000,0.000000,7,7,7,22,22,22,22,22,22,22,22,7,0,7,11.362015968188643,6.866703042760491,22.43638481013477,8014.142857142857
1778072482,85,,Aggregated,33.000000,0.000000,10,15,22,34,56,72,85,90,120,120,120,488,0,11,35.932966487455474,6.169755011796951,939.5796142052859,10506.915983606557
1778072483,90,GET,/,26.700000,0.000000,10,17,24,39,56,67,88,90,120,120,120,409,0,11,36.4649504785196,7.139443885535002,939.5796142052859,10518.14914425428
1778072483,90,POST,/cart,2.600000,0.000000,10,11,15,16,74,78,93,93,93,93,93,43,0,11,27.092827094155687,8.929047035053372,113.3867020253092,16747.0
1778072483,90,POST,/cart/checkout,1.300000,0.000000,19,22,26,26,58,60,60,60,60,60,60,19,0,14,68.39539749106686,10.053184116259217,916.5551918558776,6802.526315789473
1778072483,90,GET,/product/0PUK6V6EV0,0.200000,0.000000,7,7,7,7,7,7,7,7,7,7,7,4,0,7,9.222596476320177,6.935471901670098,14.774909941479564,7987.75
1778072483,90,GET,/product/1YMWWN1N4O,0.300000,0.000000,8,38,38,72,72,72,72,72,72,72,72,6,0,8,35.33341095317155,5.55959390476346,80.57688502594829,8013.666666666667
1778072483,90,GET,/product/2ZYFJ3GM2N,0.800000,0.000000,7,13,22,22,51,51,51,51,51,51,51,11,0,7,13.281783745200796,6.618096958845854,51.43122002482414,7990.545454545455
1778072483,90,GET,/product/66VCHSJNUP,0.700000,0.000000,7,7,8,8,23,23,23,23,23,23,23,7,0,7,9.807395416178874,6.948091089725494,23.216424975544214,7960.428571428572
1778072483,90,GET,/product/6E92ZMYYFZ,0.500000,0.000000,7,8,8,13,72,72,72,72,72,72,72,13,0,8,14.412003049913507,6.169755011796951,71.71735307201743,7936.461538461538
1778072483,90,GET,/product/9SIQT8TOJO,0.300000,0.000000,8,8,11,11,11,11,11,11,11,11,11,4,0,8,8.283274073619395,6.9101122207939625,11.069905944168568,7978.5
1778072483,90,GET,/product/L9ECAV7KIM,0.500000,0.000000,7,7,10,10,72,72,72,72,72,72,72,10,0,7,13.98860129993409,6.346856011077762,72.0477900467813,7968.6
1778072483,90,GET,/product/LS4PSXUNUM,0.200000,0.000000,8,8,13,13,13,13,13,13,13,13,13,5,0,8,9.27384220995009,6.517468951642513,13.1646569352597,7975.2
1778072483,90,GET,/product/OLJCESPC7Z,0.600000,0.000000,7,7,7,7,22,22,22,22,22,22,22,8,0,7,10.801610100315884,6.866703042760491,22.43638481013477,8024.875
1778072483,90,,Aggregated,34.700000,0.000000,10,16,22,34,56,72,85,90,120,120,120,539,0,11,34.0175665020839,5.55959390476346,939.5796142052859,10563.623376623376
1778072484,95,GET,/,29.800000,0.000000,10,18,32,43,58,73,90,93,120,120,120,449,0,11,35.73527471276461,6.985042942687869,939.5796142052859,10518.227171492204
1778072484,95,POST,/cart,2.500000,0.000000,15,18,31,37,72,78,93,93,93,93,93,51,0,12,27.40159102569462,8.929047035053372,113.3867020253092,16756.37254901961
1778072484,95,POST,/cart/checkout,1.400000,0.000000,21,23,40,40,60,90,90,90,90,90,90,21,0,14,66.65449739167732,10.021474910899997,916.5551918558776,6802.285714285715
1778072484,95,GET,/product/0PUK6V6EV0,0.200000,0.000000,7,7,7,7,7,7,7,7,7,7,7,4,0,7,9.222596476320177,6.935471901670098,14.774909941479564,7987.75
1778072484,95,GET,/product/1YMWWN1N4O,0.400000,0.000000,18,38,38,72,72,72,72,72,72,72,72,7,0,18,32.87709211664541,5.55959390476346,80.57688502594829,8007.142857142857
1778072484,95,GET,/product/2ZYFJ3GM2N,1.000000,0.000000,7,9,13,22,51,51,51,51,51,51,51,13,0,7,12.444282720725123,6.618096958845854,51.43122002482414,7987.2307692307695
1778072484,95,GET,/product/66VCHSJNUP,0.700000,0.000000,7,7,8,8,23,23,23,23,23,23,23,7,0,7,9.807395416178874,6.948091089725494,23.216424975544214,7960.428571428572
1778072484,95,GET,/product/6E92ZMYYFZ,0.700000,0.000000,7,8,8,13,72,72,72,72,72,72,72,14,0,8,13.83057697343507,6.169755011796951,71.71735307201743,7942.714285714285
1778072484,95,GET,/product/9SIQT8TOJO,0.400000,0.000000,8,8,11,11,11,11,11,11,11,11,11,5,0,8,7.974910084158182,6.741454126313329,11.069905944168568,8001.0
1778072484,95,GET,/product/L9ECAV7KIM,0.500000,0.000000,7,8,10,10,72,72,72,72,72,72,72,11,0,8,13.464133361015808,6.346856011077762,72.0477900467813,7967.272727272727
1778072484,95,GET,/product/LS4PSXUNUM,0.200000,0.000000,8,9,9,13,13,13,13,13,13,13,13,6,0,8,9.217267856001854,6.517468951642513,13.1646569352597,7973.5
1778072484,95,GET,/product/OLJCESPC7Z,0.500000,0.000000,7,7,7,22,22,22,22,22,22,22,22,8,0,7,10.801610100315884,6.866703042760491,22.43638481013477,8024.875
1778072484,95,,Aggregated,38.300000,0.000000,10,17,25,39,58,72,90,93,120,120,120,596,0,11,33.32742615860743,5.55959390476346,939.5796142052859,10601.590604026846
1778072485,100,GET,/,30.800000,0.000000,11,20,32,44,60,78,90,96,170,170,170,488,0,11,34.75067823253129,6.985042942687869,939.5796142052859,10519.608606557376
1778072485,100,POST,/cart,2.900000,0.000000,15,21,37,37,72,78,93,93,93,93,93,51,0,12,27.40159102569462,8.929047035053372,113.3867020253092,16756.37254901961
1778072485,100,POST,/cart/checkout,1.600000,0.000000,19,26,40,58,90,110,110,110,110,110,110,27,0,15,59.190842676562845,8.590203011408448,916.5551918558776,6803.925925925926
1778072485,100,GET,/product/0PUK6V6EV0,0.200000,0.000000,7,7,7,7,7,7,7,7,7,7,7,5,0,7,8.634085580706596,6.280041998252273,14.774909941479564,7996.4
1778072485,100,GET,/product/1YMWWN1N4O,0.400000,0.000000,18,38,62,62,72,72,72,72,72,72,72,9,0,18,33.25774184324675,5.55959390476346,80.57688502594829,8011.0
1778072485,100,GET,/product/2ZYFJ3GM2N,0.800000,0.000000,7,7,9,22,51,51,51,51,51,51,51,14,0,7,11.987721248130713,6.052422104403377,51.43122002482414,7991.928571428572
1778072485,100,GET,/product/66VCHSJNUP,0.700000,0.000000,7,8,11,11,23,23,23,23,23,23,23,9,0,7,9.592501446604729,6.499875104054809,23.216424975544214,7961.555555555556
1778072485,100,GET,/product/6E92ZMYYFZ,0.600000,0.000000,7,7,8,8,72,72,72,72,72,72,72,14,0,8,13.83057697343507,6.169755011796951,71.71735307201743,7942.714285714285
1778072485,100,GET,/product/9SIQT8TOJO,0.300000,0.000000,7,7,11,11,11,11,11,11,11,11,11,5,0,8,7.974910084158182,6.741454126313329,11.069905944168568,8001.0
1778072485,100,GET,/product/L9ECAV7KIM,0.700000,0.000000,7,8,10,10,72,72,72,72,72,72,72,11,0,8,13.464133361015808,6.346856011077762,72.0477900467813,7967.272727272727
1778072485,100,GET,/product/LS4PSXUNUM,0.300000,0.000000,7,8,9,9,13,13,13,13,13,13,13,8,0,7,8.484886639053002,6.022996036335826,13.1646569352597,7978.0
1778072485,100,GET,/product/OLJCESPC7Z,0.600000,0.000000,7,7,7,22,22,22,22,22,22,22,22,9,0,7,10.407925298851397,6.866703042760491,22.43638481013477,8019.555555555556
1778072485,100,,Aggregated,39.900000,0.000000,10,18,28,39,60,75,90,96,170,170,170,650,0,11,32.451960158247786,5.55959390476346,939.5796142052859,10526.638461538461
1778072486,100,GET,/,33.200000,0.000000,11,23,41,48,65,90,170,190,240,240,240,532,0,11,36.51435421937306,6.985042942687869,939.5796142052859,10520.246240601504
1778072486,100,POST,/cart,3.400000,0.000000,18,24,37,50,74,86,93,93,93,93,93,55,0,14,28.13817034898834,8.929047035053372,113.3867020253092,16812.01818181818
1778072486,100,POST,/cart/checkout,1.600000,0.000000,15,26,40,43,60,90,110,110,110,110,110,31,0,14,53.84794377060908,8.590203011408448,916.5551918558776,6803.548387096775
1778072486,100,GET,/product/0PUK6V6EV0,0.200000,0.000000,7,7,7,7,7,7,7,7,7,7,7,5,0,7,8.634085580706596,6.280041998252273,14.774909941479564,7996.4
1778072486,100,GET,/product/1YMWWN1N4O,0.500000,0.000000,18,21,38,62,72,72,72,72,72,72,72,12,0,8,27.756832811671,5.55959390476346,80.57688502594829,8000.75
1778072486,100,GET,/product/2ZYFJ3GM2N,0.900000,0.000000,7,7,9,9,22,51,51,51,51,51,51,15,0,7,11.596228958417973,6.052422104403377,51.43122002482414,7991.666666666667
1778072486,100,GET,/product/66VCHSJNUP,0.700000,0.000000,8,11,11,23,23,23,23,23,23,23,23,9,0,7,9.592501446604729,6.499875104054809,23.216424975544214,7961.555555555556
1778072486,100,GET,/product/6E92ZMYYFZ,0.900000,0.000000,7,7,8,8,72,72,72,72,72,72,72,14,0,8,13.83057697343507,6.169755011796951,71.71735307201743,7942.714285714285
1778072486,100,GET,/product/9SIQT8TOJO,0.300000,0.000000,7,11,11,68,68,68,68,68,68,68,68,7,0,8,16.29601079704506,6.661314982920885,67.53621017560363,7998.142857142857
1778072486,100,GET,/product/L9ECAV7KIM,0.700000,0.000000,7,8,10,10,72,72,72,72,72,72,72,11,0,8,13.464133361015808,6.346856011077762,72.0477900467813,7967.272727272727
1778072486,100,GET,/product/LS4PSXUNUM,0.400000,0.000000,7,8,9,9,13,13,13,13,13,13,13,8,0,7,8.484886639053002,6.022996036335826,13.1646569352597,7978.0
1778072486,100,GET,/product/OLJCESPC7Z,0.600000,0.000000,7,7,22,22,22,22,22,22,22,22,22,9,0,7,10.407925298851397,6.866703042760491,22.43638481013477,8019.555555555556
1778072486,100,,Aggregated,43.400000,0.000000,11,21,37,47,65,88,110,170,240,240,240,708,0,11,33.75198655481592,5.55959390476346,939.5796142052859,10523.569209039548
1778072487,100,GET,/,34.800000,0.000000,11,21,34,46,62,86,160,190,240,240,240,581,0,11,34.70847476113479,6.633413024246693,939.5796142052859,10521.05851979346
1778072487,100,POST,/cart,3.300000,0.000000,16,22,37,41,74,86,93,93,93,93,93,60,0,12,27.140366231712203,8.929047035053372,113.3867020253092,16805.1
1778072487,100,POST,/cart/checkout,1.800000,0.000000,16,35,40,43,60,90,110,110,110,110,110,32,0,14,53.24738961644471,8.590203011408448,916.5551918558776,6803.4375
1778072487,100,GET,/product/0PUK6V6EV0,0.300000,0.000000,7,7,33,33,33,33,33,33,33,33,33,6,0,7,12.726308467487494,6.280041998252273,33.18742290139198,7985.333333333333
1778072487,100,GET,/product/1YMWWN1N4O,0.600000,0.000000,18,21,38,62,72,72,72,72,72,72,72,13,0,8,26.118902829833903,5.55959390476346,80.57688502594829,8005.2307692307695
1778072487,100,GET,/product/2ZYFJ3GM2N,1.000000,0.000000,7,7,7,9,22,51,51,51,51,51,51,18,0,7,10.76649274263117,6.052422104403377,51.43122002482414,7995.888888888889
1778072487,100,GET,/product/66VCHSJNUP,0.800000,0.000000,8,11,11,23,23,23,23,23,23,23,23,9,0,7,9.592501446604729,6.499875104054809,23.216424975544214,7961.555555555556
1778072487,100,GET,/product/6E92ZMYYFZ,0.900000,0.000000,6,7,8,8,8,72,72,72,72,72,72,16,0,7,12.857066656579264,5.86440903134644,71.71735307201743,7944.4375
1778072487,100,GET,/product/9SIQT8TOJO,0.300000,0.000000,7,7,11,11,68,68,68,68,68,68,68,8,0,7,15.044970205053687,6.287686061114073,67.53621017560363,7994.375
1778072487,100,GET,/product/L9ECAV7KIM,0.700000,0.000000,7,8,10,10,72,72,72,72,72,72,72,12,0,7,12.849942160149416,6.0938389506191015,72.0477900467813,7966.5
1778072487,100,GET,/product/LS4PSXUNUM,0.700000,0.000000,7,8,9,9,13,13,13,13,13,13,13,8,0,7,8.484886639053002,6.022996036335826,13.1646569352597,7978.0
1778072487,100,GET,/product/OLJCESPC7Z,0.600000,0.000000,7,7,7,7,7,7,7,7,7,7,7,9,0,7,10.407925298851397,6.866703042760491,22.43638481013477,8019.555555555556
1778072487,100,,Aggregated,45.800000,0.000000,10,19,32,43,62,83,110,170,240,240,240,772,0,11,32.17074844908992,5.55959390476346,939.5796142052859,10529.7603626943
1778072488,100,GET,/,36.300000,0.000000,11,22,34,45,62,86,160,190,240,240,240,624,0,11,33.26982782462624,6.633413024246693,939.5796142052859,10521.392628205129
1778072488,100,POST,/cart,3.300000,0.000000,18,24,37,41,74,86,93,93,93,93,93,61,0,13,27.218754800250295,8.929047035053372,113.3867020253092,16799.426229508197
1778072488,100,POST,/cart/checkout,2.300000,0.000000,11,16,43,58,73,90,110,110,110,110,110,37,0,12,49.056820244201134,8.590203011408448,916.5551918558776,6802.72972972973
1778072488,100,GET,/product/0PUK6V6EV0,0.300000,0.000000,7,7,7,33,33,33,33,33,33,33,33,7,0,7,11.789826709511024,6.170936161652207,33.18742290139198,7978.571428571428
1778072488,100,GET,/product/1YMWWN1N4O,1.000000,0.000000,7,21,38,38,62,72,72,72,72,72,72,14,0,8,24.678512775738323,5.55959390476346,80.57688502594829,8007.642857142857
1778072488,100,GET,/product/2ZYFJ3GM2N,1.000000,0.000000,7,7,7,7,9,51,51,51,51,51,51,19,0,7,10.58465013231494,6.052422104403377,51.43122002482414,7994.526315789473
1778072488,100,GET,/product/66VCHSJNUP,0.700000,0.000000,8,8,11,11,11,11,11,11,11,11,11,9,0,7,9.592501446604729,6.499875104054809,23.216424975544214,7961.555555555556
1778072488,100,GET,/product/6E92ZMYYFZ,0.900000,0.000000,6,6,7,7,72,72,72,72,72,72,72,17,0,7,12.537106734645718,5.86440903134644,71.71735307201743,7948.529411764706
1778072488,100,GET,/product/9SIQT8TOJO,0.300000,0.000000,7,7,7,68,68,68,68,68,68,68,68,8,0,7,15.044970205053687,6.287686061114073,67.53621017560363,7994.375
1778072488,100,GET,/product/L9ECAV7KIM,0.600000,0.000000,7,7,8,10,72,72,72,72,72,72,72,15,0,7,11.559060464302698,5.732335150241852,72.0477900467813,7967.0
1778072488,100,GET,/product/LS4PSXUNUM,0.700000,0.000000,7,7,8,9,13,13,13,13,13,13,13,11,0,7,7.935301633551717,6.022996036335826,13.1646569352597,7969.545454545455
1778072488,100,GET,/product/OLJCESPC7Z,0.500000,0.000000,7,7,7,7,7,7,7,7,7,7,7,12,0,7,9.359617329513034,5.7591930963099,22.43638481013477,8013.583333333333
1778072488,100,,Aggregated,47.900000,0.000000,10,20,32,40,62,81,100,170,240,240,240,834,0,10,30.764709825893277,5.55959390476346,939.5796142052859,10474.502398081535
1778072489,100,GET,/,37.700000,0.000000,10,22,35,44,59,81,160,190,240,240,240,665,0,11,32.35733522788475,6.633413024246693,939.5796142052859,10522.554887218044
1778072489,100,POST,/cart,3.600000,0.000000,18,22,32,37,62,86,93,93,93,93,93,64,0,12,26.61389171043993,8.929047035053372,113.3867020253092,16895.0
1778072489,100,POST,/cart/checkout,2.200000,0.000000,11,15,35,43,73,90,110,110,110,110,110,43,0,12,43.72476723023452,8.590203011408448,916.5551918558776,6801.558139534884
1778072489,100,GET,/product/0PUK6V6EV0,0.300000,0.000000,7,7,7,33,33,33,33,33,33,33,33,7,0,7,11.789826709511024,6.170936161652207,33.18742290139198,7978.571428571428
1778072489,100,GET,/product/1YMWWN1N4O,0.900000,0.000000,7,18,38,38,62,72,72,72,72,72,72,15,0,8,23.481322467948,5.55959390476346,80.57688502594829,8010.933333333333
1778072489,100,GET,/product/2ZYFJ3GM2N,1.200000,0.000000,7,7,7,7,9,51,51,51,51,51,51,20,0,7,10.390984127297997,6.052422104403377,51.43122002482414,7994.2
1778072489,100,GET,/product/66VCHSJNUP,0.500000,0.000000,8,8,11,11,11,11,11,11,11,11,11,10,0,7,9.249115502461791,6.158642005175352,23.216424975544214,7961.8
1778072489,100,GET,/product/6E92ZMYYFZ,1.000000,0.000000,6,6,7,7,72,72,72,72,72,72,72,17,0,7,12.537106734645718,5.86440903134644,71.71735307201743,7948.529411764706
1778072489,100,GET,/product/9SIQT8TOJO,0.500000,0.000000,7,7,7,7,68,68,68,68,68,68,68,10,0,7,13.271673559211195,6.06070295907557,67.53621017560363,7996.4
1778072489,100,GET,/product/L9ECAV7KIM,0.700000,0.000000,7,7,8,8,10,72,72,72,72,72,72,16,0,7,11.230952819460072,5.732335150241852,72.0477900467813,7969.125
1778072489,100,GET,/product/LS4PSXUNUM,0.700000,0.000000,7,7,8,9,13,13,13,13,13,13,13,11,0,7,7.935301633551717,6.022996036335826,13.1646569352597,7969.545454545455
1778072489,100,GET,/product/OLJCESPC7Z,0.400000,0.000000,7,7,7,7,7,7,7,7,7,7,7,12,0,7,9.359617329513034,5.7591930963099,22.43638481013477,8013.583333333333
1778072489,100,,Aggregated,49.700000,0.000000,10,19,31,39,59,75,98,170,240,240,240,890,0,10,29.844143786049038,5.55959390476346,939.5796142052859,10464.252808988764
1778072490,100,GET,/,39.500000,0.000000,9,18,28,35,57,73,160,190,240,240,240,704,0,10,31.08864715283165,6.633413024246693,939.5796142052859,10522.89346590909
1778072490,100,POST,/cart,3.500000,0.000000,15,20,24,31,41,62,86,86,86,86,86,68,0,12,25.649879480410807,8.929047035053372,113.3867020253092,16910.485294117647
1778072490,100,POST,/cart/checkout,2.400000,0.000000,10,16,35,43,73,90,110,110,110,110,110,44,0,12,42.919668792323634,8.300435962155461,916.5551918558776,6800.909090909091
1778072490,100,GET,/product/0PUK6V6EV0,0.300000,0.000000,6,6,33,33,33,33,33,33,33,33,33,7,0,7,11.789826709511024,6.170936161652207,33.18742290139198,7978.571428571428
1778072490,100,GET,/product/1YMWWN1N4O,1.100000,0.000000,7,18,21,21,62,72,72,72,72,72,72,15,0,8,23.481322467948,5.55959390476346,80.57688502594829,8010.933333333333
1778072490,100,GET,/product/2ZYFJ3GM2N,1.000000,0.000000,7,7,7,7,9,51,51,51,51,51,51,20,0,7,10.390984127297997,6.052422104403377,51.43122002482414,7994.2
1778072490,100,GET,/product/66VCHSJNUP,0.300000,0.000000,7,7,8,8,11,11,11,11,11,11,11,12,0,7,8.7535508403865,5.9898539911955595,23.216424975544214,7963.25
1778072490,100,GET,/product/6E92ZMYYFZ,1.100000,0.000000,6,6,6,7,72,72,72,72,72,72,72,18,0,7,12.198001857743495,5.86440903134644,71.71735307201743,7946.666666666667
1778072490,100,GET,/product/9SIQT8TOJO,0.500000,0.000000,7,7,9,9,68,68,68,68,68,68,68,11,0,7,12.883861506865783,6.06070295907557,67.53621017560363,7997.090909090909
1778072490,100,GET,/product/L9ECAV7KIM,0.900000,0.000000,7,7,8,10,72,72,72,72,72,72,72,16,0,7,11.230952819460072,5.732335150241852,72.0477900467813,7969.125
1778072490,100,GET,/product/LS4PSXUNUM,0.900000,0.000000,7,7,8,8,9,9,9,9,9,9,9,11,0,7,7.935301633551717,6.022996036335826,13.1646569352597,7969.545454545455
1778072490,100,GET,/product/OLJCESPC7Z,0.400000,0.000000,7,7,7,7,7,7,7,7,7,7,7,13,0,7,9.134434002379958,5.7591930963099,22.43638481013477,8010.307692307692
1778072490,100,,Aggregated,51.900000,0.000000,9,16,23,33,57,72,98,170,240,240,240,939,0,10,28.768576633510467,5.55959390476346,939.5796142052859,10478.210862619808
1778072491,100,GET,/,40.300000,0.000000,9,12,21,28,51,73,160,190,240,240,240,749,0,10,30.0798260078993,6.633413024246693,939.5796142052859,10523.240320427236
1778072491,100,POST,/cart,3.600000,0.000000,12,19,22,31,41,86,90,90,90,90,90,73,0,11,25.687213958406897,8.929047035053372,113.3867020253092,16937.87671232877
1778072491,100,POST,/cart/checkout,2.700000,0.000000,10,12,17,35,58,90,110,110,110,110,110,47,0,11,40.76397615148032,8.217083057388663,916.5551918558776,6800.978723404255
1778072491,100,GET,/product/0PUK6V6EV0,0.300000,0.000000,6,6,33,33,33,33,33,33,33,33,33,8,0,7,11.112777254311368,6.170936161652207,33.18742290139198,7971.5
1778072491,100,GET,/product/1YMWWN1N4O,1.200000,0.000000,7,7,21,21,62,72,72,72,72,72,72,16,0,7,22.40489737596363,5.55959390476346,80.57688502594829,8015.0625
1778072491,100,GET,/product/2ZYFJ3GM2N,1.100000,0.000000,7,7,7,7,9,51,51,51,51,51,51,20,0,7,10.390984127297997,6.052422104403377,51.43122002482414,7994.2
1778072491,100,GET,/product/66VCHSJNUP,0.400000,0.000000,7,8,11,11,48,48,48,48,48,48,48,13,0,7,11.786747777547975,5.9898539911955595,48.18511102348566,7962.2307692307695
1778072491,100,GET,/product/6E92ZMYYFZ,0.900000,0.000000,6,6,6,6,7,72,72,72,72,72,72,20,0,7,11.56389651587233,5.629457999020815,71.71735307201743,7948.85
1778072491,100,GET,/product/9SIQT8TOJO,0.600000,0.000000,7,7,9,9,68,68,68,68,68,68,68,11,0,7,12.883861506865783,6.06070295907557,67.53621017560363,7997.090909090909
1778072491,100,GET,/product/L9ECAV7KIM,1.100000,0.000000,7,8,10,14,72,72,72,72,72,72,72,17,0,7,11.380627833525924,5.732335150241852,72.0477900467813,7967.882352941177
1778072491,100,GET,/product/LS4PSXUNUM,1.000000,0.000000,7,7,8,8,9,9,9,9,9,9,9,11,0,7,7.935301633551717,6.022996036335826,13.1646569352597,7969.545454545455
1778072491,100,GET,/product/OLJCESPC7Z,0.500000,0.000000,7,7,7,7,93,93,93,93,93,93,93,15,0,7,14.642604937156042,5.7591930963099,93.43869285658002,8020.133333333333
1778072491,100,,Aggregated,53.700000,0.000000,9,11,19,25,49,72,98,170,240,240,240,1000,0,10,28.002689629793167,5.55959390476346,939.5796142052859,10483.79
1778072492,100,GET,/,40.400000,0.000000,9,13,21,29,56,78,160,190,240,240,240,792,0,10,29.72456124626486,6.633413024246693,939.5796142052859,10523.94696969697
1778072492,100,POST,/cart,3.600000,0.000000,12,20,24,32,50,86,90,90,90,90,90,80,0,11,24.9759521742817,8.929047035053372,113.3867020253092,16966.3125
1778072492,100,POST,/cart/checkout,2.900000,0.000000,10,12,17,35,60,90,110,110,110,110,110,51,0,11,39.35423890110471,8.217083057388663,916.5551918558776,6801.137254901961
1778072492,100,GET,/product/0PUK6V6EV0,0.300000,0.000000,6,6,6,33,33,33,33,33,33,33,33,9,0,7,10.558194661926892,6.121533922851086,33.18742290139198,7981.222222222223
1778072492,100,GET,/product/1YMWWN1N4O,1.100000,0.000000,7,7,18,18,21,62,62,62,62,62,62,16,0,7,22.40489737596363,5.55959390476346,80.57688502594829,8015.0625
1778072492,100,GET,/product/2ZYFJ3GM2N,1.200000,0.000000,7,7,7,9,18,18,18,18,18,18,18,21,0,7,10.75977488376555,6.052422104403377,51.43122002482414,7992.380952380952
1778072492,100,GET,/product/66VCHSJNUP,0.500000,0.000000,8,9,11,11,48,48,48,48,48,48,48,15,0,7,11.399424091602365,5.9898539911955595,48.18511102348566,7967.866666666667
1778072492,100,GET,/product/6E92ZMYYFZ,0.900000,0.000000,6,6,6,6,7,7,7,7,7,7,7,22,0,7,11.13727160687135,5.629457999020815,71.71735307201743,7953.090909090909
1778072492,100,GET,/product/9SIQT8TOJO,0.800000,0.000000,7,7,9,9,68,68,68,68,68,68,68,11,0,7,12.883861506865783,6.06070295907557,67.53621017560363,7997.090909090909
1778072492,100,GET,/product/L9ECAV7KIM,0.900000,0.000000,7,10,14,14,71,72,72,72,72,72,72,18,0,7,14.72055062185973,5.732335150241852,72.0477900467813,7970.055555555556
1778072492,100,GET,/product/LS4PSXUNUM,0.800000,0.000000,7,7,7,7,9,9,9,9,9,9,9,12,0,7,7.864857247720162,6.022996036335826,13.1646569352597,7966.166666666667
1778072492,100,GET,/product/OLJCESPC7Z,0.600000,0.000000,7,7,7,25,93,93,93,93,93,93,93,17,0,7,14.769646818475689,5.7591930963099,93.43869285658002,8014.588235294118
1778072492,100,,Aggregated,54.000000,0.000000,9,12,19,26,52,73,100,170,240,240,240,1064,0,10,27.626520916215615,5.55959390476346,939.5796142052859,10493.231203007519
1778072493,100,GET,/,41.400000,0.000000,9,12,21,28,57,73,160,190,240,240,240,833,0,10,29.31558342045676,6.5524461679160595,939.5796142052859,10524.214885954381
1778072493,100,POST,/cart,3.900000,0.000000,12,19,24,32,55,86,90,90,90,90,90,85,0,12,25.161065279013094,8.929047035053372,113.3867020253092,16969.6
1778072493,100,POST,/cart/checkout,3.000000,0.000000,10,12,16,17,43,73,110,110,110,110,110,52,0,11,38.77889569132374,8.217083057388663,916.5551918558776,6800.884615384615
1778072493,100,GET,/product/0PUK6V6EV0,0.300000,0.000000,6,7,7,7,33,33,33,33,33,33,33,11,0,7,9.927915345708078,6.121533922851086,33.18742290139198,7978.818181818182
1778072493,100,GET,/product/1YMWWN1N4O,1.100000,0.000000,7,7,8,21,62,62,62,62,62,62,62,17,0,8,21.54538918779615,5.55959390476346,80.57688502594829,8011.941176470588
1778072493,100,GET,/product/2ZYFJ3GM2N,1.100000,0.000000,7,7,7,7,18,18,18,18,18,18,18,22,0,7,10.55644612378356,6.052422104403377,51.43122002482414,7992.363636363636
1778072493,100,GET,/product/66VCHSJNUP,0.600000,0.000000,7,8,9,11,48,48,48,48,48,48,48,16,0,7,11.068951760535128,5.9898539911955595,48.18511102348566,7973.6875
1778072493,100,GET,/product/6E92ZMYYFZ,1.100000,0.000000,6,6,6,7,7,90,90,90,90,90,90,24,0,7,14.198026513137544,5.629457999020815,89.8146799299866,7951.0
1778072493,100,GET,/product/9SIQT8TOJO,0.800000,0.000000,7,7,9,9,68,68,68,68,68,68,68,11,0,7,12.883861506865783,6.06070295907557,67.53621017560363,7997.090909090909
1778072493,100,GET,/product/L9ECAV7KIM,1.000000,0.000000,7,8,14,71,83,83,83,83,83,83,83,19,0,7,18.326808845526294,5.732335150241852,83.23945687152445,7972.526315789473
1778072493,100,GET,/product/LS4PSXUNUM,0.800000,0.000000,7,7,7,9,51,51,51,51,51,51,51,14,0,7,10.787265840917826,5.933064967393875,50.71036983281374,7964.142857142857
1778072493,100,GET,/product/OLJCESPC7Z,0.800000,0.000000,7,7,7,25,93,93,93,93,93,93,93,18,0,7,14.344202005304396,5.7591930963099,93.43869285658002,8017.0
1778072493,100,,Aggregated,55.900000,0.000000,9,11,19,28,55,73,100,170,240,240,240,1122,0,10,27.361675294667297,5.55959390476346,939.5796142052859,10495.711229946524
1778072494,100,GET,/,40.500000,0.000000,9,11,18,26,53,73,160,190,240,240,240,874,0,10,28.60397789909694,6.5524461679160595,939.5796142052859,10524.966819221969
1778072494,100,POST,/cart,4.500000,0.000000,11,13,19,20,48,61,90,90,90,90,90,93,0,11,23.929155566879817,8.929047035053372,113.3867020253092,16970.709677419356
1778072494,100,POST,/cart/checkout,3.300000,0.000000,10,10,12,15,43,73,110,110,110,110,110,54,0,11,37.68280352017394,8.217083057388663,916.5551918558776,6801.0
1778072494,100,GET,/product/0PUK6V6EV0,0.500000,0.000000,6,7,7,7,33,33,33,33,33,33,33,11,0,7,9.927915345708078,6.121533922851086,33.18742290139198,7978.818181818182
1778072494,100,GET,/product/1YMWWN1N4O,1.100000,0.000000,7,7,7,7,8,21,21,21,21,21,21,19,0,7,19.96511121672627,5.55959390476346,80.57688502594829,8012.631578947368
1778072494,100,GET,/product/2ZYFJ3GM2N,1.000000,0.000000,7,7,7,7,18,67,67,67,67,67,67,24,0,7,12.76378928256842,6.052422104403377,66.90471805632114,7998.666666666667
1778072494,100,GET,/product/66VCHSJNUP,0.600000,0.000000,7,8,9,11,48,48,48,48,48,48,48,17,0,7,10.811593725948649,5.9898539911955595,48.18511102348566,7972.882352941177
1778072494,100,GET,/product/6E92ZMYYFZ,0.900000,0.000000,6,7,7,7,7,90,90,90,90,90,90,25,0,7,13.89946716837585,5.629457999020815,89.8146799299866,7953.76
1778072494,100,GET,/product/9SIQT8TOJO,0.700000,0.000000,7,7,9,9,68,68,68,68,68,68,68,11,0,7,12.883861506865783,6.06070295907557,67.53621017560363,7997.090909090909
1778072494,100,GET,/product/L9ECAV7KIM,1.000000,0.000000,7,8,14,71,83,83,83,83,83,83,83,20,0,7,17.71438285941258,5.732335150241852,83.23945687152445,7972.1
1778072494,100,GET,/product/LS4PSXUNUM,0.900000,0.000000,7,7,7,9,51,51,51,51,51,51,51,14,0,7,10.787265840917826,5.933064967393875,50.71036983281374,7964.142857142857
1778072494,100,GET,/product/OLJCESPC7Z,0.900000,0.000000,7,7,7,7,25,93,93,93,93,93,93,19,0,7,13.912824374672613,5.7591930963099,93.43869285658002,8013.526315789473
1778072494,100,,Aggregated,55.900000,0.000000,9,11,16,22,52,72,100,170,240,240,240,1181,0,10,26.670358981818882,5.55959390476346,939.5796142052859,10518.098221845894
1778072495,100,GET,/,41.700000,0.000000,9,11,17,25,49,61,77,83,130,130,130,915,0,10,28.58616166819355,6.5524461679160595,939.5796142052859,10525.554098360655
1778072495,100,POST,/cart,4.200000,0.000000,11,12,14,24,48,61,90,90,90,90,90,98,0,11,23.986805888482046,8.929047035053372,113.3867020253092,16958.84693877551
1778072495,100,POST,/cart/checkout,3.300000,0.000000,10,10,12,17,60,71,73,73,73,73,73,56,0,11,37.76501860868718,8.217083057388663,916.5551918558776,6801.196428571428
1778072495,100,GET,/product/0PUK6V6EV0,0.600000,0.000000,7,7,7,7,33,33,33,33,33,33,33,11,0,7,9.927915345708078,6.121533922851086,33.18742290139198,7978.818181818182
1778072495,100,GET,/product/1YMWWN1N4O,1.100000,0.000000,7,7,7,7,8,21,21,21,21,21,21,19,0,7,19.96511121672627,5.55959390476346,80.57688502594829,8012.631578947368
1778072495,100,GET,/product/2ZYFJ3GM2N,1.100000,0.000000,7,7,7,18,67,67,67,67,67,67,67,24,0,7,12.76378928256842,6.052422104403377,66.90471805632114,7998.666666666667
1778072495,100,GET,/product/66VCHSJNUP,0.800000,0.000000,7,9,9,9,11,48,48,48,48,48,48,18,0,7,10.691902522618571,5.9898539911955595,48.18511102348566,7970.944444444444
1778072495,100,GET,/product/6E92ZMYYFZ,1.200000,0.000000,6,7,7,7,7,90,90,90,90,90,90,26,0,7,13.617947357348525,5.629457999020815,89.8146799299866,7956.923076923077
1778072495,100,GET,/product/9SIQT8TOJO,0.700000,0.000000,7,7,9,9,68,68,68,68,68,68,68,13,0,7,11.959046107501937,6.06070295907557,67.53621017560363,7995.692307692308
1778072495,100,GET,/product/L9ECAV7KIM,0.900000,0.000000,7,8,14,71,83,83,83,83,83,83,83,21,0,7,17.261225297780975,5.732335150241852,83.23945687152445,7972.0952380952385
1778072495,100,GET,/product/LS4PSXUNUM,1.000000,0.000000,7,7,8,8,51,51,51,51,51,51,51,15,0,7,10.605253046378493,5.933064967393875,50.71036983281374,7963.266666666666
1778072495,100,GET,/product/OLJCESPC7Z,0.900000,0.000000,7,7,7,25,93,93,93,93,93,93,93,19,0,7,13.912824374672613,5.7591930963099,93.43869285658002,8013.526315789473
1778072495,100,,Aggregated,57.500000,0.000000,9,10,14,21,49,62,77,83,130,130,130,1235,0,10,26.643447559854764,5.55959390476346,939.5796142052859,10525.596761133604
1778072496,100,GET,/,42.100000,0.000000,9,11,20,30,50,69,98,170,180,180,180,957,0,10,29.172705481064387,6.5524461679160595,939.5796142052859,10526.248693834901
1778072496,100,POST,/cart,4.100000,0.000000,11,13,20,32,55,68,97,97,97,97,97,101,0,12,24.787081417046707,8.929047035053372,113.3867020253092,17014.29702970297
1778072496,100,POST,/cart/checkout,3.100000,0.000000,10,10,12,17,71,73,77,77,77,77,77,59,0,11,37.85762210155569,8.217083057388663,916.5551918558776,6801.728813559322
1778072496,100,GET,/product/0PUK6V6EV0,0.700000,0.000000,7,7,33,33,37,37,37,37,37,37,37,13,0,7,11.770229213512861,6.121533922851086,37.07295609638095,7983.692307692308
1778072496,100,GET,/product/1YMWWN1N4O,1.200000,0.000000,6,7,7,7,8,8,8,8,8,8,8,19,0,7,19.96511121672627,5.55959390476346,80.57688502594829,8012.631578947368
1778072496,100,GET,/product/2ZYFJ3GM2N,1.100000,0.000000,7,7,18,18,67,67,67,67,67,67,67,24,0,7,12.76378928256842,6.052422104403377,66.90471805632114,7998.666666666667
1778072496,100,GET,/product/66VCHSJNUP,1.000000,0.000000,7,8,9,9,48,48,48,48,48,48,48,18,0,7,10.691902522618571,5.9898539911955595,48.18511102348566,7970.944444444444
1778072496,100,GET,/product/6E92ZMYYFZ,1.100000,0.000000,6,7,7,7,7,90,90,90,90,90,90,28,0,7,13.11422571805971,5.629457999020815,89.8146799299866,7957.464285714285
1778072496,100,GET,/product/9SIQT8TOJO,0.700000,0.000000,7,9,14,14,38,68,68,68,68,68,68,16,0,7,13.28560670663137,5.904688034206629,67.53621017560363,8002.6875
1778072496,100,GET,/product/L9ECAV7KIM,0.900000,0.000000,7,8,14,71,83,83,83,83,83,83,83,21,0,7,17.261225297780975,5.732335150241852,83.23945687152445,7972.0952380952385
1778072496,100,GET,/product/LS4PSXUNUM,0.900000,0.000000,7,7,8,8,51,51,51,51,51,51,51,15,0,7,10.605253046378493,5.933064967393875,50.71036983281374,7963.266666666666
1778072496,100,GET,/product/OLJCESPC7Z,1.000000,0.000000,7,7,8,8,25,93,93,93,93,93,93,20,0,7,13.596470456104726,5.7591930963099,93.43869285658002,8010.5
1778072496,100,,Aggregated,57.900000,0.000000,9,11,17,26,50,71,90,150,180,180,180,1291,0,10,27.157065311430916,5.55959390476346,939.5796142052859,10521.11851278079
1778072497,100,GET,/,42.100000,0.000000,9,11,18,31,52,72,130,180,350,350,350,967,0,10,29.30146253199703,6.5524461679160595,939.5796142052859,10526.519131334022
1778072497,100,POST,/cart,4.100000,0.000000,11,13,14,20,55,68,97,97,97,97,97,102,0,11,24.638567010269444,8.929047035053372,113.3867020253092,17008.892156862745
1778072497,100,POST,/cart/checkout,3.100000,0.000000,9,10,12,17,60,71,77,77,77,77,77,60,0,11,37.37667913471038,8.217083057388663,916.5551918558776,6801.816666666667
1778072497,100,GET,/product/0PUK6V6EV0,0.700000,0.000000,7,7,7,33,37,37,37,37,37,37,37,14,0,7,11.325304562758122,5.54128410294652,37.07295609638095,7980.142857142857
1778072497,100,GET,/product/1YMWWN1N4O,1.200000,0.000000,7,7,7,7,8,8,8,8,8,8,8,20,0,7,19.269806006923318,5.55959390476346,80.57688502594829,8016.25
1778072497,100,GET,/product/2ZYFJ3GM2N,1.100000,0.000000,7,7,18,18,67,67,67,67,67,67,67,24,0,7,12.76378928256842,6.052422104403377,66.90471805632114,7998.666666666667
1778072497,100,GET,/product/66VCHSJNUP,1.000000,0.000000,7,8,9,9,48,48,48,48,48,48,48,18,0,7,10.691902522618571,5.9898539911955595,48.18511102348566,7970.944444444444
1778072497,100,GET,/product/6E92ZMYYFZ,1.100000,0.000000,7,7,7,7,7,90,90,90,90,90,90,28,0,7,13.11422571805971,5.629457999020815,89.8146799299866,7957.464285714285
1778072497,100,GET,/product/9SIQT8TOJO,0.700000,0.000000,7,9,14,14,38,38,38,38,38,38,38,16,0,7,13.28560670663137,5.904688034206629,67.53621017560363,8002.6875
1778072497,100,GET,/product/L9ECAV7KIM,0.900000,0.000000,8,14,71,71,83,83,83,83,83,83,83,21,0,7,17.261225297780975,5.732335150241852,83.23945687152445,7972.0952380952385
1778072497,100,GET,/product/LS4PSXUNUM,0.900000,0.000000,7,8,8,51,51,51,51,51,51,51,51,15,0,7,10.605253046378493,5.933064967393875,50.71036983281374,7963.266666666666
1778072497,100,GET,/product/OLJCESPC7Z,1.000000,0.000000,7,7,8,8,25,93,93,93,93,93,93,21,0,7,13.234807910131556,5.7591930963099,93.43869285658002,8014.0952380952385
1778072497,100,,Aggregated,57.900000,0.000000,9,11,16,25,52,72,97,170,350,350,350,1306,0,10,27.19161404613377,5.54128410294652,939.5796142052859,10517.352986217458
1778072498,100,GET,/,42.100000,0.000000,10,21,49,57,230,550,750,780,800,800,800,1045,0,10,48.829599867160454,6.5524461679160595,939.5796142052859,10527.701435406698
1778072498,100,POST,/cart,4.700000,0.000000,11,13,20,36,68,97,430,430,430,430,430,103,0,12,28.539951020417718,8.929047035053372,426.4811200555414,17017.417475728154
1778072498,100,POST,/cart/checkout,2.600000,0.000000,10,32,52,71,82,370,520,520,520,520,520,65,0,12,50.94043994322419,8.217083057388663,916.5551918558776,6802.3538461538465
1778072498,100,GET,/product/0PUK6V6EV0,0.600000,0.000000,7,7,16,33,37,37,37,37,37,37,37,15,0,7,11.631538455064097,5.54128410294652,37.07295609638095,7978.4
1778072498,100,GET,/product/1YMWWN1N4O,0.700000,0.000000,7,7,8,8,99,99,99,99,99,99,99,21,0,7,23.086917143137683,5.55959390476346,99.42913986742496,8019.714285714285
1778072498,100,GET,/product/2ZYFJ3GM2N,1.000000,0.000000,10,14,18,18,67,67,67,67,67,67,67,27,0,7,12.482676991365022,6.052422104403377,66.90471805632114,8003.925925925926
1778072498,100,GET,/product/66VCHSJNUP,0.900000,0.000000,7,8,9,9,48,48,48,48,48,48,48,19,0,7,10.479652335083014,5.9898539911955595,48.18511102348566,7973.368421052632
1778072498,100,GET,/product/6E92ZMYYFZ,1.400000,0.000000,7,7,7,90,99,110,110,110,110,110,110,30,0,7,19.09426497295499,5.629457999020815,106.45071417093277,7957.866666666667
1778072498,100,GET,/product/9SIQT8TOJO,0.900000,0.000000,7,9,14,14,38,38,38,38,38,38,38,16,0,7,13.28560670663137,5.904688034206629,67.53621017560363,8002.6875
1778072498,100,GET,/product/L9ECAV7KIM,1.000000,0.000000,14,14,71,71,83,83,83,83,83,83,83,22,0,7,17.13017228228802,5.732335150241852,83.23945687152445,7972.272727272727
1778072498,100,GET,/product/LS4PSXUNUM,0.700000,0.000000,8,8,16,16,51,51,51,51,51,51,51,16,0,7,10.926292670774274,5.933064967393875,50.71036983281374,7967.3125
1778072498,100,GET,/product/OLJCESPC7Z,1.000000,0.000000,8,12,25,74,93,97,97,97,97,97,97,26,0,7,18.467679512328825,5.7591930963099,97.04514313489199,8017.384615384615
1778072498,100,,Aggregated,57.600000,0.000000,10,17,44,53,120,430,720,770,800,800,800,1405,0,10,42.911289124070166,5.54128410294652,939.5796142052859,10484.116014234876
1778072499,100,GET,/,40.200000,0.000000,9,25,49,61,240,560,750,780,800,800,800,1072,0,10,47.94499925411577,6.5524461679160595,939.5796142052859,10527.891791044776
1778072499,100,POST,/cart,4.300000,0.000000,11,13,20,36,68,97,430,430,430,430,430,105,0,11,28.189312489259812,8.929047035053372,426.4811200555414,17019.77142857143
1778072499,100,POST,/cart/checkout,2.800000,0.000000,10,44,60,71,82,370,520,520,520,520,520,67,0,11,49.725225320391694,8.217083057388663,916.5551918558776,6802.194029850746
1778072499,100,GET,/product/0PUK6V6EV0,0.900000,0.000000,7,7,7,16,37,37,37,37,37,37,37,16,0,7,11.290515802102163,5.54128410294652,37.07295609638095,7980.8125
1778072499,100,GET,/product/1YMWWN1N4O,0.800000,0.000000,7,8,35,35,99,99,99,99,99,99,99,22,0,7,23.621353140862826,5.55959390476346,99.42913986742496,8022.863636363636
1778072499,100,GET,/product/2ZYFJ3GM2N,0.800000,0.000000,7,10,14,18,67,67,67,67,67,67,67,28,0,7,12.263004135872636,6.052422104403377,66.90471805632114,8006.178571428572
1778072499,100,GET,/product/66VCHSJNUP,0.900000,0.000000,8,9,9,9,48,48,48,48,48,48,48,19,0,7,10.479652335083014,5.9898539911955595,48.18511102348566,7973.368421052632
1778072499,100,GET,/product/6E92ZMYYFZ,1.300000,0.000000,7,7,90,90,99,110,110,110,110,110,110,30,0,7,19.09426497295499,5.629457999020815,106.45071417093277,7957.866666666667
1778072499,100,GET,/product/9SIQT8TOJO,0.800000,0.000000,7,9,14,14,38,38,38,38,38,38,38,16,0,7,13.28560670663137,5.904688034206629,67.53621017560363,8002.6875
1778072499,100,GET,/product/L9ECAV7KIM,0.900000,0.000000,14,14,71,71,83,83,83,83,83,83,83,23,0,7,16.709560052613202,5.732335150241852,83.23945687152445,7971.478260869565
1778072499,100,GET,/product/LS4PSXUNUM,0.700000,0.000000,8,16,16,51,51,51,51,51,51,51,51,16,0,7,10.926292670774274,5.933064967393875,50.71036983281374,7967.3125
1778072499,100,GET,/product/OLJCESPC7Z,1.200000,0.000000,8,12,25,74,93,97,97,97,97,97,97,27,0,7,18.019295426913434,5.7591930963099,97.04514313489199,8019.111111111111
1778072499,100,,Aggregated,55.600000,0.000000,10,18,47,56,150,450,720,770,800,800,800,1441,0,10,42.16680210778499,5.54128410294652,939.5796142052859,10480.709229701597
1778072500,100,GET,/,41.600000,0.000000,10,31,50,68,240,560,750,780,800,800,800,1111,0,10,47.01981208313166,6.5524461679160595,939.5796142052859,10528.319531953195
1778072500,100,POST,/cart,4.200000,0.000000,11,13,27,43,61,97,430,430,430,430,430,110,0,11,28.25855224985968,8.929047035053372,426.4811200555414,17006.618181818183
1778072500,100,POST,/cart/checkout,2.700000,0.000000,10,32,60,71,82,370,520,520,520,520,520,69,0,11,48.537038297028,7.7455490827560425,916.5551918558776,6802.666666666667
1778072500,100,GET,/product/0PUK6V6EV0,0.800000,0.000000,7,7,7,16,37,37,37,37,37,37,37,17,0,7,11.005492757677155,5.54128410294652,37.07295609638095,7978.294117647059
1778072500,100,GET,/product/1YMWWN1N4O,0.700000,0.000000,7,8,35,35,99,99,99,99,99,99,99,23,0,7,22.85528635484693,5.55959390476346,99.42913986742496,8021.086956521739
1778072500,100,GET,/product/2ZYFJ3GM2N,0.800000,0.000000,14,18,20,44,67,67,67,67,67,67,67,30,0,7,13.586209264273444,6.052422104403377,66.90471805632114,8004.766666666666
1778072500,100,GET,/product/66VCHSJNUP,0.900000,0.000000,8,9,9,9,48,48,48,48,48,48,48,19,0,7,10.479652335083014,5.9898539911955595,48.18511102348566,7973.368421052632
1778072500,100,GET,/product/6E92ZMYYFZ,1.400000,0.000000,7,7,90,90,99,110,110,110,110,110,110,30,0,7,19.09426497295499,5.629457999020815,106.45071417093277,7957.866666666667
1778072500,100,GET,/product/9SIQT8TOJO,0.800000,0.000000,7,9,14,14,38,38,38,38,38,38,38,16,0,7,13.28560670663137,5.904688034206629,67.53621017560363,8002.6875
1778072500,100,GET,/product/L9ECAV7KIM,0.800000,0.000000,14,30,71,71,83,83,83,83,83,83,83,24,0,7,17.259159503737465,5.732335150241852,83.23945687152445,7970.666666666667
1778072500,100,GET,/product/LS4PSXUNUM,0.600000,0.000000,8,16,16,51,51,51,51,51,51,51,51,16,0,7,10.926292670774274,5.933064967393875,50.71036983281374,7967.3125
1778072500,100,GET,/product/OLJCESPC7Z,1.400000,0.000000,8,12,25,71,74,97,97,97,97,97,97,28,0,7,19.902737661530928,5.7591930963099,97.04514313489199,8021.0
1778072500,100,,Aggregated,56.700000,0.000000,10,22,47,58,150,450,720,770,800,800,800,1493,0,10,41.4920877907001,5.54128410294652,939.5796142052859,10488.257200267917
1778072501,100,GET,/,41.200000,0.000000,11,41,57,75,230,550,750,780,800,800,800,1162,0,10,47.118691556202165,5.971329053863883,939.5796142052859,10529.10068846816
1778072501,100,POST,/cart,4.100000,0.000000,12,25,41,48,68,120,430,430,430,430,430,115,0,12,28.694928026474688,8.929047035053372,426.4811200555414,17006.782608695652
1778072501,100,POST,/cart/checkout,2.600000,0.000000,11,52,71,77,160,370,520,520,520,520,520,72,0,11,49.039485049434006,7.7455490827560425,916.5551918558776,6803.069444444444
1778072501,100,GET,/product/0PUK6V6EV0,0.800000,0.000000,7,7,16,34,37,37,37,37,37,37,37,18,0,7,12.255425487334529,5.54128410294652,37.07295609638095,7978.611111111111
1778072501,100,GET,/product/1YMWWN1N4O,0.700000,0.000000,7,8,33,35,99,99,99,99,99,99,99,24,0,7,23.282568300298106,5.55959390476346,99.42913986742496,8022.333333333333
1778072501,100,GET,/product/2ZYFJ3GM2N,0.900000,0.000000,10,14,20,44,67,67,67,67,67,67,67,30,0,7,13.586209264273444,6.052422104403377,66.90471805632114,8004.766666666666
1778072501,100,GET,/product/66VCHSJNUP,0.900000,0.000000,7,8,9,9,9,9,9,9,9,9,9,20,0,7,10.242237173952162,5.731349112465978,48.18511102348566,7976.05
1778072501,100,GET,/product/6E92ZMYYFZ,1.300000,0.000000,7,7,7,90,99,110,110,110,110,110,110,34,0,7,17.62387573527282,5.629457999020815,106.45071417093277,7963.088235294118
1778072501,100,GET,/product/9SIQT8TOJO,0.700000,0.000000,7,8,14,14,38,38,38,38,38,38,38,19,0,7,12.323530121265273,5.904688034206629,67.53621017560363,8004.105263157895
1778072501,100,GET,/product/L9ECAV7KIM,0.700000,0.000000,30,71,81,81,83,83,83,83,83,83,83,25,0,8,19.813916441053152,5.732335150241852,83.23945687152445,7971.8
1778072501,100,GET,/product/LS4PSXUNUM,0.500000,0.000000,8,16,51,51,80,80,80,80,80,80,80,19,0,7,14.05157766451961,5.933064967393875,79.66822199523449,7978.473684210527
1778072501,100,GET,/product/OLJCESPC7Z,1.500000,0.000000,8,12,33,71,74,97,97,97,97,97,97,30,0,7,19.848906349701185,5.6223999708890915,97.04514313489199,8021.3
1778072501,100,,Aggregated,55.900000,0.000000,10,34,52,68,160,430,720,770,800,800,800,1568,0,10,41.55972160634167,5.54128410294652,939.5796142052859,10478.685586734693
1778072502,100,GET,/,40.600000,0.000000,10,36,51,69,230,550,750,780,800,800,800,1203,0,10,46.033454727588946,5.971329053863883,939.5796142052859,10529.776392352453
1778072502,100,POST,/cart,4.100000,0.000000,12,14,27,41,68,120,430,430,430,430,430,117,0,12,28.384537521638293,8.929047035053372,426.4811200555414,17033.957264957266
1778072502,100,POST,/cart/checkout,2.500000,0.000000,11,44,71,77,160,370,520,520,520,520,520,73,0,11,48.493618448583845,7.7455490827560425,916.5551918558776,6802.657534246576
1778072502,100,GET,/product/0PUK6V6EV0,1.000000,0.000000,7,7,16,34,37,37,37,37,37,37,37,19,0,7,11.910633625168549,5.54128410294652,37.07295609638095,7980.421052631579
1778072502,100,GET,/product/1YMWWN1N4O,0.800000,0.000000,7,8,33,35,99,99,99,99,99,99,99,25,0,7,22.59202804416418,5.55959390476346,99.42913986742496,8020.32
1778072502,100,GET,/product/2ZYFJ3GM2N,0.900000,0.000000,14,20,44,44,67,67,67,67,67,67,67,30,0,7,13.586209264273444,6.052422104403377,66.90471805632114,8004.766666666666
1778072502,100,GET,/product/66VCHSJNUP,0.800000,0.000000,7,7,7,7,9,9,9,9,9,9,9,22,0,7,9.9038280737163,5.695559084415436,48.18511102348566,7979.863636363636
1778072502,100,GET,/product/6E92ZMYYFZ,1.200000,0.000000,7,7,7,7,99,110,110,110,110,110,110,34,0,7,17.62387573527282,5.629457999020815,106.45071417093277,7963.088235294118
1778072502,100,GET,/product/9SIQT8TOJO,0.500000,0.000000,7,7,8,14,38,38,38,38,38,38,38,20,0,7,12.047331710346043,5.904688034206629,67.53621017560363,8006.75
1778072502,100,GET,/product/L9ECAV7KIM,0.800000,0.000000,30,71,81,81,83,83,83,83,83,83,83,25,0,8,19.813916441053152,5.732335150241852,83.23945687152445,7971.8
1778072502,100,GET,/product/LS4PSXUNUM,0.500000,0.000000,8,16,51,51,80,80,80,80,80,80,80,19,0,7,14.05157766451961,5.933064967393875,79.66822199523449,7978.473684210527
1778072502,100,GET,/product/OLJCESPC7Z,1.400000,0.000000,8,12,33,71,74,97,97,97,97,97,97,31,0,7,19.454597825965575,5.6223999708890915,97.04514313489199,8021.645161290323
1778072502,100,,Aggregated,55.100000,0.000000,10,28,48,61,180,450,720,770,800,800,800,1618,0,10,40.70545311375983,5.54128410294652,939.5796142052859,10479.085908529049
1778072503,100,GET,/,41.400000,0.000000,10,38,52,72,230,550,750,780,800,800,800,1253,0,10,45.007997905056556,5.971329053863883,939.5796142052859,10530.252992817239
1778072503,100,POST,/cart,4.300000,0.000000,11,25,41,43,68,120,430,430,430,430,430,121,0,11,28.131294824290745,8.929047035053372,426.4811200555414,17050.07438016529
1778072503,100,POST,/cart/checkout,2.500000,0.000000,10,32,71,77,160,370,520,520,520,520,520,76,0,11,46.99446364171117,7.7455490827560425,916.5551918558776,6803.184210526316
1778072503,100,GET,/product/0PUK6V6EV0,1.100000,0.000000,7,7,16,34,37,37,37,37,37,37,37,19,0,7,11.910633625168549,5.54128410294652,37.07295609638095,7980.421052631579
1778072503,100,GET,/product/1YMWWN1N4O,0.900000,0.000000,7,8,33,35,99,99,99,99,99,99,99,25,0,7,22.59202804416418,5.55959390476346,99.42913986742496,8020.32
1778072503,100,GET,/product/2ZYFJ3GM2N,1.000000,0.000000,14,20,44,44,67,67,67,67,67,67,67,31,0,7,14.563006739462576,6.052422104403377,66.90471805632114,8006.387096774193
1778072503,100,GET,/product/66VCHSJNUP,0.700000,0.000000,7,7,9,9,11,11,11,11,11,11,11,25,0,7,9.683814346790314,5.695559084415436,48.18511102348566,7986.64
1778072503,100,GET,/product/6E92ZMYYFZ,1.200000,0.000000,7,7,7,99,110,110,110,110,110,110,110,34,0,7,17.62387573527282,5.629457999020815,106.45071417093277,7963.088235294118
1778072503,100,GET,/product/9SIQT8TOJO,0.600000,0.000000,7,7,8,14,38,38,38,38,38,38,38,20,0,7,12.047331710346043,5.904688034206629,67.53621017560363,8006.75
1778072503,100,GET,/product/L9ECAV7KIM,0.800000,0.000000,14,14,30,30,81,81,81,81,81,81,81,25,0,8,19.813916441053152,5.732335150241852,83.23945687152445,7971.8
1778072503,100,GET,/product/LS4PSXUNUM,0.700000,0.000000,8,8,16,16,80,80,80,80,80,80,80,21,0,7,13.36272325854571,5.7360888458788395,79.66822199523449,7979.619047619048
1778072503,100,GET,/product/OLJCESPC7Z,1.500000,0.000000,8,11,33,33,74,97,97,97,97,97,97,34,0,7,18.418943345108453,5.6223999708890915,97.04514313489199,8021.558823529412
1778072503,100,,Aggregated,56.700000,0.000000,10,31,48,61,170,430,720,770,800,800,800,1684,0,10,39.84412480731364,5.54128410294652,939.5796142052859,10478.021377672208
1778072504,100,GET,/,41.600000,0.000000,10,29,51,69,230,550,750,780,800,800,800,1292,0,10,43.94303667993391,5.971329053863883,939.5796142052859,10530.687306501548
1778072504,100,POST,/cart,3.800000,0.000000,11,25,36,41,61,120,430,430,430,430,430,128,0,11,27.415735077738645,8.838392095640302,426.4811200555414,17083.9453125
1778072504,100,POST,/cart/checkout,2.400000,0.000000,10,32,52,77,160,370,520,520,520,520,520,79,0,11,45.59704089607996,7.7455490827560425,916.5551918558776,6802.506329113924
1778072504,100,GET,/product/0PUK6V6EV0,1.000000,0.000000,7,16,34,34,37,37,37,37,37,37,37,19,0,7,11.910633625168549,5.54128410294652,37.07295609638095,7980.421052631579
1778072504,100,GET,/product/1YMWWN1N4O,0.900000,0.000000,33,33,35,35,99,99,99,99,99,99,99,25,0,7,22.59202804416418,5.55959390476346,99.42913986742496,8020.32
1778072504,100,GET,/product/2ZYFJ3GM2N,0.900000,0.000000,14,44,44,44,44,67,67,67,67,67,67,33,0,7,15.207240816600846,6.052422104403377,66.90471805632114,8007.181818181818
1778072504,100,GET,/product/66VCHSJNUP,0.800000,0.000000,7,7,9,9,11,11,11,11,11,11,11,25,0,7,9.683814346790314,5.695559084415436,48.18511102348566,7986.64
1778072504,100,GET,/product/6E92ZMYYFZ,1.400000,0.000000,7,7,8,99,110,110,110,110,110,110,110,35,0,7,17.344723056469643,5.629457999020815,106.45071417093277,7964.371428571429
1778072504,100,GET,/product/9SIQT8TOJO,0.900000,0.000000,7,7,8,14,38,38,38,38,38,38,38,21,0,7,11.750701770541214,5.818102974444628,67.53621017560363,8006.238095238095
1778072504,100,GET,/product/L9ECAV7KIM,0.800000,0.000000,14,14,30,30,81,81,81,81,81,81,81,25,0,8,19.813916441053152,5.732335150241852,83.23945687152445,7971.8
1778072504,100,GET,/product/LS4PSXUNUM,0.700000,0.000000,8,8,16,16,80,80,80,80,80,80,80,22,0,7,13.089525979012251,5.7360888458788395,79.66822199523449,7978.954545454545
1778072504,100,GET,/product/OLJCESPC7Z,1.400000,0.000000,8,11,12,33,74,97,97,97,97,97,97,35,0,7,18.072364080165112,5.6223999708890915,97.04514313489199,8023.5142857142855
1778072504,100,,Aggregated,56.600000,0.000000,10,23,44,57,180,450,720,770,800,800,800,1739,0,10,38.92495746195719,5.54128410294652,939.5796142052859,10493.599194939621
1778072505,100,GET,/,41.600000,0.000000,9,22,47,60,230,550,750,780,800,800,800,1333,0,10,43.026086781208875,5.971329053863883,939.5796142052859,10531.181545386347
1778072505,100,POST,/cart,3.600000,0.000000,11,14,32,36,52,120,430,430,430,430,430,134,0,11,26.812184303164926,8.838392095640302,426.4811200555414,17076.940298507463
1778072505,100,POST,/cart/checkout,2.300000,0.000000,10,11,32,44,160,370,520,520,520,520,520,84,0,11,43.52151072262565,7.7455490827560425,916.5551918558776,6803.083333333333
1778072505,100,GET,/product/0PUK6V6EV0,0.900000,0.000000,7,9,16,34,37,37,37,37,37,37,37,20,0,7,11.754390399437398,5.54128410294652,37.07295609638095,7980.0
1778072505,100,GET,/product/1YMWWN1N4O,0.900000,0.000000,33,33,35,35,99,99,99,99,99,99,99,25,0,7,22.59202804416418,5.55959390476346,99.42913986742496,8020.32
1778072505,100,GET,/product/2ZYFJ3GM2N,0.800000,0.000000,14,20,44,44,44,44,44,44,44,44,44,33,0,7,15.207240816600846,6.052422104403377,66.90471805632114,8007.181818181818
1778072505,100,GET,/product/66VCHSJNUP,0.900000,0.000000,7,7,7,9,11,11,11,11,11,11,11,26,0,7,9.55280486959964,5.695559084415436,48.18511102348566,7988.884615384615
1778072505,100,GET,/product/6E92ZMYYFZ,1.100000,0.000000,7,7,8,99,110,110,110,110,110,110,110,35,0,7,17.344723056469643,5.629457999020815,106.45071417093277,7964.371428571429
1778072505,100,GET,/product/9SIQT8TOJO,0.900000,0.000000,7,8,14,14,38,38,38,38,38,38,38,21,0,7,11.750701770541214,5.818102974444628,67.53621017560363,8006.238095238095
1778072505,100,GET,/product/L9ECAV7KIM,0.600000,0.000000,14,30,30,81,81,81,81,81,81,81,81,26,0,8,19.351018807635857,5.732335150241852,83.23945687152445,7972.846153846154
1778072505,100,GET,/product/LS4PSXUNUM,0.600000,0.000000,7,8,16,16,80,80,80,80,80,80,80,23,0,7,12.785507112984424,5.7360888458788395,79.66822199523449,7982.217391304348
1778072505,100,GET,/product/OLJCESPC7Z,1.600000,0.000000,8,11,33,33,74,97,97,97,97,97,97,35,0,7,18.072364080165112,5.6223999708890915,97.04514313489199,8023.5142857142855
1778072505,100,,Aggregated,55.800000,0.000000,10,18,38,52,140,430,720,770,800,800,800,1795,0,10,38.12594406623238,5.54128410294652,939.5796142052859,10500.547075208913
1778072506,100,GET,/,41.600000,0.000000,9,19,42,56,190,550,740,780,800,800,800,1381,0,10,42.07030830417263,5.971329053863883,939.5796142052859,10531.67414916727
1778072506,100,POST,/cart,3.600000,0.000000,11,12,25,34,52,120,430,430,430,430,430,136,0,11,26.56283917467055,8.838392095640302,426.4811200555414,17078.051470588234
1778072506,100,POST,/cart/checkout,2.600000,0.000000,10,12,38,44,160,370,520,520,520,520,520,89,0,11,42.305267321762074,7.7455490827560425,916.5551918558776,6802.595505617977
1778072506,100,GET,/product/0PUK6V6EV0,0.800000,0.000000,6,9,16,16,34,34,34,34,34,34,34,21,0,7,11.490007662879568,5.54128410294652,37.07295609638095,7982.142857142857
1778072506,100,GET,/product/1YMWWN1N4O,0.600000,0.000000,33,33,35,35,99,99,99,99,99,99,99,26,0,7,21.95151684841571,5.55959390476346,99.42913986742496,8021.653846153846
1778072506,100,GET,/product/2ZYFJ3GM2N,0.700000,0.000000,14,20,44,44,44,44,44,44,44,44,44,33,0,7,15.207240816600846,6.052422104403377,66.90471805632114,8007.181818181818
1778072506,100,GET,/product/66VCHSJNUP,0.800000,0.000000,7,7,7,7,11,11,11,11,11,11,11,28,0,7,9.33124909144161,5.695559084415436,48.18511102348566,7989.0
1778072506,100,GET,/product/6E92ZMYYFZ,0.900000,0.000000,7,8,99,99,110,110,110,110,110,110,110,35,0,7,17.344723056469643,5.629457999020815,106.45071417093277,7964.371428571429
1778072506,100,GET,/product/9SIQT8TOJO,1.000000,0.000000,8,14,19,19,38,38,38,38,38,38,38,22,0,7,12.078573874367232,5.818102974444628,67.53621017560363,8008.909090909091
1778072506,100,GET,/product/L9ECAV7KIM,0.600000,0.000000,14,30,43,43,81,81,81,81,81,81,81,29,0,8,19.265181449209823,5.732335150241852,83.23945687152445,7973.758620689655
1778072506,100,GET,/product/LS4PSXUNUM,0.700000,0.000000,6,7,8,16,80,80,80,80,80,80,80,24,0,7,12.503987362530703,5.7360888458788395,79.66822199523449,7981.166666666667
1778072506,100,GET,/product/OLJCESPC7Z,1.700000,0.000000,8,11,33,71,74,97,97,97,97,97,97,36,0,7,17.773323491888327,5.6223999708890915,97.04514313489199,8022.111111111111
1778072506,100,,Aggregated,55.600000,0.000000,9,16,36,49,130,420,710,770,800,800,800,1860,0,10,37.32439448633882,5.54128410294652,939.5796142052859,10485.45
1778072507,100,GET,/,41.700000,0.000000,8,11,19,30,51,74,130,160,190,190,190,1417,0,10,41.39547229116163,5.971329053863883,939.5796142052859,10532.288637967536
1778072507,100,POST,/cart,3.400000,0.000000,10,11,25,27,43,61,120,120,120,120,120,143,0,11,25.974496194467573,8.838392095640302,426.4811200555414,17096.713286713286
1778072507,100,POST,/cart/checkout,2.500000,0.000000,10,11,11,12,41,52,160,160,160,160,160,91,0,11,41.581555031710764,7.7455490827560425,916.5551918558776,6802.153846153846
1778072507,100,GET,/product/0PUK6V6EV0,0.900000,0.000000,6,9,16,16,34,34,34,34,34,34,34,21,0,7,11.490007662879568,5.54128410294652,37.07295609638095,7982.142857142857
1778072507,100,GET,/product/1YMWWN1N4O,0.600000,0.000000,8,8,33,33,35,35,35,35,35,35,35,27,0,7,21.424961526429765,5.55959390476346,99.42913986742496,8023.185185185185
1778072507,100,GET,/product/2ZYFJ3GM2N,0.900000,0.000000,20,44,44,44,44,44,44,44,44,44,44,33,0,7,15.207240816600846,6.052422104403377,66.90471805632114,8007.181818181818
1778072507,100,GET,/product/66VCHSJNUP,0.700000,0.000000,7,7,7,7,11,11,11,11,11,11,11,28,0,7,9.33124909144161,5.695559084415436,48.18511102348566,7989.0
1778072507,100,GET,/product/6E92ZMYYFZ,0.900000,0.000000,7,8,99,99,110,110,110,110,110,110,110,35,0,7,17.344723056469643,5.629457999020815,106.45071417093277,7964.371428571429
1778072507,100,GET,/product/9SIQT8TOJO,0.900000,0.000000,8,14,19,19,38,38,38,38,38,38,38,22,0,7,12.078573874367232,5.818102974444628,67.53621017560363,8008.909090909091
1778072507,100,GET,/product/L9ECAV7KIM,0.400000,0.000000,8,30,43,47,81,81,81,81,81,81,81,31,0,8,19.78912351713065,5.732335150241852,83.23945687152445,7976.580645161291
1778072507,100,GET,/product/LS4PSXUNUM,0.700000,0.000000,7,8,8,8,16,80,80,80,80,80,80,26,0,7,12.128717722729421,5.7360888458788395,79.66822199523449,7982.346153846154
1778072507,100,GET,/product/OLJCESPC7Z,1.600000,0.000000,8,8,9,33,71,74,74,74,74,74,74,37,0,7,17.508772636033797,5.6223999708890915,97.04514313489199,8023.189189189189
1778072507,100,,Aggregated,55.200000,0.000000,9,11,16,29,48,69,130,160,190,190,190,1911,0,10,36.72839599868165,5.54128410294652,939.5796142052859,10500.722658294088
1778072508,100,GET,/,41.700000,0.000000,8,10,16,28,51,69,130,160,190,190,190,1460,0,9,40.56952423416078,5.971329053863883,939.5796142052859,10532.527397260274
1778072508,100,POST,/cart,3.600000,0.000000,11,14,25,32,52,61,120,120,120,120,120,149,0,11,26.075636052320267,8.838392095640302,426.4811200555414,17128.610738255033
1778072508,100,POST,/cart/checkout,3.100000,0.000000,10,11,12,12,38,41,160,160,160,160,160,93,0,11,40.9470704604461,7.7455490827560425,916.5551918558776,6801.89247311828
1778072508,100,GET,/product/0PUK6V6EV0,0.900000,0.000000,6,6,9,9,34,34,34,34,34,34,34,21,0,7,11.490007662879568,5.54128410294652,37.07295609638095,7982.142857142857
1778072508,100,GET,/product/1YMWWN1N4O,0.600000,0.000000,6,8,8,33,33,33,33,33,33,33,33,27,0,7,21.424961526429765,5.55959390476346,99.42913986742496,8023.185185185185
1778072508,100,GET,/product/2ZYFJ3GM2N,0.900000,0.000000,44,44,44,44,44,44,44,44,44,44,44,33,0,7,15.207240816600846,6.052422104403377,66.90471805632114,8007.181818181818
1778072508,100,GET,/product/66VCHSJNUP,0.800000,0.000000,6,7,7,7,7,11,11,11,11,11,11,29,0,7,9.209305955225538,5.695559084415436,48.18511102348566,7991.413793103448
1778072508,100,GET,/product/6E92ZMYYFZ,0.700000,0.000000,7,7,7,7,8,8,8,8,8,8,8,36,0,7,17.049613137108583,5.629457999020815,106.45071417093277,7963.5
1778072508,100,GET,/product/9SIQT8TOJO,0.800000,0.000000,7,7,8,8,19,19,19,19,19,19,19,22,0,7,12.078573874367232,5.818102974444628,67.53621017560363,8008.909090909091
1778072508,100,GET,/product/L9ECAV7KIM,0.700000,0.000000,8,30,43,47,81,81,81,81,81,81,81,32,0,8,19.370012501894962,5.732335150241852,83.23945687152445,7978.90625
1778072508,100,GET,/product/LS4PSXUNUM,0.800000,0.000000,7,7,8,8,80,80,80,80,80,80,80,26,0,7,12.128717722729421,5.7360888458788395,79.66822199523449,7982.346153846154
1778072508,100,GET,/product/OLJCESPC7Z,1.600000,0.000000,8,8,9,33,71,74,74,74,74,74,74,38,0,7,17.228841567166935,5.6223999708890915,97.04514313489199,8024.894736842105
1778072508,100,,Aggregated,56.200000,0.000000,8,11,15,25,47,65,130,160,190,190,190,1966,0,10,36.10525095974126,5.54128410294652,939.5796142052859,10515.341810783317
1778072509,100,GET,/,43.300000,0.000000,8,10,15,22,47,64,130,160,190,190,190,1505,0,9,39.680594361644005,5.948286969214678,939.5796142052859,10533.06245847176
1778072509,100,POST,/cart,3.900000,0.000000,11,13,25,26,43,55,120,120,120,120,120,153,0,11,25.751391795518643,8.838392095640302,426.4811200555414,17129.143790849674
1778072509,100,POST,/cart/checkout,3.100000,0.000000,10,11,12,12,38,41,160,160,160,160,160,95,0,11,40.297200682720074,7.7455490827560425,916.5551918558776,6801.968421052631
1778072509,100,GET,/product/0PUK6V6EV0,0.700000,0.000000,6,6,9,9,34,34,34,34,34,34,34,23,0,7,11.001560654815124,5.54128410294652,37.07295609638095,7983.217391304348
1778072509,100,GET,/product/1YMWWN1N4O,0.600000,0.000000,6,8,8,33,33,33,33,33,33,33,33,28,0,7,20.87223597170253,5.55959390476346,99.42913986742496,8024.535714285715
1778072509,100,GET,/product/2ZYFJ3GM2N,0.900000,0.000000,20,44,44,44,44,44,44,44,44,44,44,34,0,7,14.93081932558733,5.808910122141242,66.90471805632114,8008.882352941177
1778072509,100,GET,/product/66VCHSJNUP,1.000000,0.000000,6,7,7,7,8,11,11,11,11,11,11,31,0,7,9.049783145347911,5.695559084415436,48.18511102348566,7989.354838709677
1778072509,100,GET,/product/6E92ZMYYFZ,0.700000,0.000000,7,7,7,7,8,8,8,8,8,8,8,36,0,7,17.049613137108583,5.629457999020815,106.45071417093277,7963.5
1778072509,100,GET,/product/9SIQT8TOJO,0.600000,0.000000,7,7,8,8,19,19,19,19,19,19,19,22,0,7,12.078573874367232,5.818102974444628,67.53621017560363,8008.909090909091
1778072509,100,GET,/product/L9ECAV7KIM,0.800000,0.000000,8,43,47,47,81,81,81,81,81,81,81,32,0,8,19.370012501894962,5.732335150241852,83.23945687152445,7978.90625
1778072509,100,GET,/product/LS4PSXUNUM,0.900000,0.000000,6,7,8,8,8,80,80,80,80,80,80,28,0,7,11.675165741637882,5.7132248766720295,79.66822199523449,7981.714285714285
1778072509,100,GET,/product/OLJCESPC7Z,1.500000,0.000000,8,8,9,9,33,71,71,71,71,71,71,38,0,7,17.228841567166935,5.6223999708890915,97.04514313489199,8024.894736842105
1778072509,100,,Aggregated,58.000000,0.000000,8,10,15,21,45,64,130,160,190,190,190,2025,0,9,35.355109569996046,5.54128410294652,939.5796142052859,10515.614320987654
1778072510,100,GET,/,41.600000,0.000000,8,9,13,15,36,48,61,81,85,85,85,1545,0,9,38.98797081090196,5.948286969214678,939.5796142052859,10533.678317152104
1778072510,100,POST,/cart,4.500000,0.000000,11,11,23,27,52,55,64,64,64,64,64,159,0,11,25.918551216944582,8.838392095640302,426.4811200555414,17121.553459119496
1778072510,100,POST,/cart/checkout,2.900000,0.000000,10,10,11,12,16,38,41,41,41,41,41,97,0,10,39.66438473135079,7.7455490827560425,916.5551918558776,6801.443298969072
1778072510,100,GET,/product/0PUK6V6EV0,0.600000,0.000000,6,6,6,9,9,9,9,9,9,9,9,23,0,7,11.001560654815124,5.54128410294652,37.07295609638095,7983.217391304348
1778072510,100,GET,/product/1YMWWN1N4O,0.600000,0.000000,6,6,6,8,8,8,8,8,8,8,8,29,0,7,20.364805726848285,5.55959390476346,99.42913986742496,8025.793103448276
1778072510,100,GET,/product/2ZYFJ3GM2N,0.700000,0.000000,20,44,44,44,44,44,44,44,44,44,44,34,0,7,14.93081932558733,5.808910122141242,66.90471805632114,8008.882352941177
1778072510,100,GET,/product/66VCHSJNUP,1.000000,0.000000,6,7,7,7,8,11,11,11,11,11,11,33,0,7,8.885927187899748,5.607507890090346,48.18511102348566,7991.454545454545
1778072510,100,GET,/product/6E92ZMYYFZ,0.600000,0.000000,7,7,8,8,8,8,8,8,8,8,8,36,0,7,17.049613137108583,5.629457999020815,106.45071417093277,7963.5
1778072510,100,GET,/product/9SIQT8TOJO,0.600000,0.000000,7,7,7,7,19,19,19,19,19,19,19,24,0,7,11.629237133699158,5.818102974444628,67.53621017560363,8012.916666666667
1778072510,100,GET,/product/L9ECAV7KIM,1.000000,0.000000,8,8,43,47,81,81,81,81,81,81,81,33,0,8,18.971444911916148,5.732335150241852,83.23945687152445,7977.606060606061
1778072510,100,GET,/product/LS4PSXUNUM,1.000000,0.000000,6,7,7,7,8,8,8,8,8,8,8,29,0,7,11.483639237824185,5.7132248766720295,79.66822199523449,7980.379310344828
1778072510,100,GET,/product/OLJCESPC7Z,1.300000,0.000000,8,8,9,9,33,71,71,71,71,71,71,39,0,7,16.940337295333546,5.6223999708890915,97.04514313489199,8025.74358974359
1778072510,100,,Aggregated,56.400000,0.000000,8,10,11,15,35,47,59,64,85,85,85,2081,0,9,34.772730763739354,5.54128410294652,939.5796142052859,10521.707832772705
1778072511,100,GET,/,42.600000,0.000000,8,10,13,17,38,52,64,76,85,85,85,1591,0,9,38.44640115179393,5.932350875809789,939.5796142052859,10534.297925832809
1778072511,100,POST,/cart,4.700000,0.000000,11,13,26,27,52,55,64,64,64,64,64,160,0,11,25.9161386085907,8.838392095640302,426.4811200555414,17117.375
1778072511,100,POST,/cart/checkout,2.800000,0.000000,10,11,11,12,16,38,41,41,41,41,41,99,0,10,39.04199621386149,7.7455490827560425,916.5551918558776,6801.565656565656
1778072511,100,GET,/product/0PUK6V6EV0,0.800000,0.000000,6,6,9,9,78,78,78,78,78,78,78,24,0,7,13.795577212780094,5.54128410294652,78.05795804597437,7981.916666666667
1778072511,100,GET,/product/1YMWWN1N4O,0.600000,0.000000,6,6,8,8,53,53,53,53,53,53,53,31,0,7,20.966483189934685,5.55959390476346,99.42913986742496,8025.387096774193
1778072511,100,GET,/product/2ZYFJ3GM2N,0.600000,0.000000,7,7,44,44,44,44,44,44,44,44,44,36,0,7,14.486823838928508,5.808910122141242,66.90471805632114,8013.833333333333
1778072511,100,GET,/product/66VCHSJNUP,1.100000,0.000000,6,7,7,7,8,11,11,11,11,11,11,34,0,7,8.806367973139618,5.607507890090346,48.18511102348566,7990.117647058823
1778072511,100,GET,/product/6E92ZMYYFZ,0.600000,0.000000,7,7,8,8,8,8,8,8,8,8,8,36,0,7,17.049613137108583,5.629457999020815,106.45071417093277,7963.5
1778072511,100,GET,/product/9SIQT8TOJO,0.600000,0.000000,7,7,7,10,19,19,19,19,19,19,19,27,0,7,11.161445640027523,5.818102974444628,67.53621017560363,8021.0
1778072511,100,GET,/product/L9ECAV7KIM,0.900000,0.000000,8,8,43,47,81,81,81,81,81,81,81,34,0,7,18.585380796781358,5.732335150241852,83.23945687152445,7979.235294117647
1778072511,100,GET,/product/LS4PSXUNUM,1.100000,0.000000,6,7,7,7,8,8,8,8,8,8,8,30,0,7,11.304953834041953,5.7132248766720295,79.66822199523449,7982.5
1778072511,100,GET,/product/OLJCESPC7Z,1.100000,0.000000,7,8,8,8,9,9,9,9,9,9,9,42,0,7,16.218585627419607,5.6223999708890915,97.04514313489199,8024.0
1778072511,100,,Aggregated,57.500000,0.000000,8,10,12,16,38,52,64,76,85,85,85,2144,0,9,34.30472868470798,5.54128410294652,939.5796142052859,10505.47947761194
1778072512,100,GET,/,42.600000,0.000000,8,10,13,18,38,52,64,76,85,85,85,1642,0,9,37.69694659212348,5.932350875809789,939.5796142052859,10534.448233861145
1778072512,100,POST,/cart,5.000000,0.000000,11,22,26,32,52,55,64,64,64,64,64,167,0,11,25.834873732748235,8.838392095640302,426.4811200555414,17132.25748502994
1778072512,100,POST,/cart/checkout,2.700000,0.000000,10,11,12,12,16,38,41,41,41,41,41,100,0,10,38.776177351828665,7.7455490827560425,916.5551918558776,6801.48
1778072512,100,GET,/product/0PUK6V6EV0,0.600000,0.000000,6,6,9,9,78,78,78,78,78,78,78,25,0,7,13.489996567368507,5.54128410294652,78.05795804597437,7980.64
1778072512,100,GET,/product/1YMWWN1N4O,0.600000,0.000000,6,8,11,11,53,53,53,53,53,53,53,32,0,7,20.64919327676762,5.55959390476346,99.42913986742496,8023.15625
1778072512,100,GET,/product/2ZYFJ3GM2N,0.500000,0.000000,7,7,44,44,44,44,44,44,44,44,44,36,0,7,14.486823838928508,5.808910122141242,66.90471805632114,8013.833333333333
1778072512,100,GET,/product/66VCHSJNUP,1.300000,0.000000,6,7,7,7,7,8,8,8,8,8,8,35,0,7,8.72915914681341,5.607507890090346,48.18511102348566,7990.942857142857
1778072512,100,GET,/product/6E92ZMYYFZ,0.600000,0.000000,8,8,8,8,8,8,8,8,8,8,8,36,0,7,17.049613137108583,5.629457999020815,106.45071417093277,7963.5
1778072512,100,GET,/product/9SIQT8TOJO,0.700000,0.000000,6,7,10,10,19,19,19,19,19,19,19,28,0,7,10.983653690865529,5.818102974444628,67.53621017560363,8020.75
1778072512,100,GET,/product/L9ECAV7KIM,0.800000,0.000000,8,8,14,43,47,47,47,47,47,47,47,35,0,8,18.460433404626592,5.732335150241852,83.23945687152445,7978.5142857142855
1778072512,100,GET,/product/LS4PSXUNUM,1.300000,0.000000,6,7,7,7,8,8,8,8,8,8,8,31,0,7,11.150442484405733,5.7132248766720295,79.66822199523449,7982.064516129032
1778072512,100,GET,/product/OLJCESPC7Z,1.100000,0.000000,7,7,8,8,9,9,9,9,9,9,9,42,0,7,16.218585627419607,5.6223999708890915,97.04514313489199,8024.0
1778072512,100,,Aggregated,57.800000,0.000000,8,10,12,18,38,52,64,76,85,85,85,2209,0,9,33.73009784473043,5.54128410294652,939.5796142052859,10519.784517881395
1778072513,100,GET,/,42.400000,0.000000,8,9,12,16,36,47,58,64,76,76,76,1683,0,9,37.025525136278034,5.932350875809789,939.5796142052859,10535.171122994652
1778072513,100,POST,/cart,4.600000,0.000000,11,22,26,27,45,55,64,64,64,64,64,172,0,11,25.447575677305373,8.838392095640302,426.4811200555414,17154.377906976744
1778072513,100,POST,/cart/checkout,2.800000,0.000000,10,11,12,12,16,38,41,41,41,41,41,103,0,10,37.947608573922835,7.7455490827560425,916.5551918558776,6801.330097087379
1778072513,100,GET,/product/0PUK6V6EV0,0.600000,0.000000,6,6,9,9,78,78,78,78,78,78,78,25,0,7,13.489996567368507,5.54128410294652,78.05795804597437,7980.64
1778072513,100,GET,/product/1YMWWN1N4O,0.700000,0.000000,6,8,11,11,53,53,53,53,53,53,53,32,0,7,20.64919327676762,5.55959390476346,99.42913986742496,8023.15625
1778072513,100,GET,/product/2ZYFJ3GM2N,0.500000,0.000000,7,7,7,44,44,44,44,44,44,44,44,36,0,7,14.486823838928508,5.808910122141242,66.90471805632114,8013.833333333333
1778072513,100,GET,/product/66VCHSJNUP,1.400000,0.000000,6,6,7,7,7,8,8,8,8,8,8,37,0,7,8.569764703310824,5.607507890090346,48.18511102348566,7992.216216216216
1778072513,100,GET,/product/6E92ZMYYFZ,0.400000,0.000000,7,7,8,8,8,8,8,8,8,8,8,37,0,7,16.78141000101695,5.629457999020815,106.45071417093277,7961.648648648648
1778072513,100,GET,/product/9SIQT8TOJO,0.800000,0.000000,6,6,7,10,19,19,19,19,19,19,19,29,0,7,10.808621669701974,5.818102974444628,67.53621017560363,8022.0
1778072513,100,GET,/product/L9ECAV7KIM,0.800000,0.000000,8,14,14,14,43,47,47,47,47,47,47,36,0,8,18.339484703675325,5.732335150241852,83.23945687152445,7979.75
1778072513,100,GET,/product/LS4PSXUNUM,1.200000,0.000000,6,6,7,7,7,8,8,8,8,8,8,33,0,7,10.822768273735136,5.686713149771094,79.66822199523449,7985.393939393939
1778072513,100,GET,/product/OLJCESPC7Z,1.200000,0.000000,7,8,8,8,9,53,53,53,53,53,53,44,0,7,16.812324555675414,5.6223999708890915,97.04514313489199,8023.113636363636
1778072513,100,,Aggregated,57.400000,0.000000,8,10,12,15,36,47,61,64,78,78,78,2267,0,9,33.13967968085818,5.54128410294652,939.5796142052859,10521.956329951478
1778072514,100,GET,/,43.100000,0.000000,8,9,11,15,34,46,58,64,76,76,76,1724,0,9,36.41078509041918,5.932350875809789,939.5796142052859,10535.550464037124
1778072514,100,POST,/cart,4.600000,0.000000,11,19,26,26,45,55,64,64,64,64,64,177,0,11,25.02928855881558,8.838392095640302,426.4811200555414,17191.118644067796
1778072514,100,POST,/cart/checkout,2.600000,0.000000,10,10,11,12,12,38,41,41,41,41,41,106,0,10,37.138096772942625,7.7455490827560425,916.5551918558776,6801.5
1778072514,100,GET,/product/0PUK6V6EV0,0.600000,0.000000,6,7,9,9,78,78,78,78,78,78,78,26,0,7,13.251948197228977,5.54128410294652,78.05795804597437,7981.076923076923
1778072514,100,GET,/product/1YMWWN1N4O,0.700000,0.000000,6,8,11,11,51,53,53,53,53,53,53,36,0,7,20.306214386235094,5.55959390476346,99.42913986742496,8022.972222222223
1778072514,100,GET,/product/2ZYFJ3GM2N,0.600000,0.000000,7,7,7,7,44,44,44,44,44,44,44,37,0,7,14.275624492281192,5.808910122141242,66.90471805632114,8015.4324324324325
1778072514,100,GET,/product/66VCHSJNUP,1.400000,0.000000,6,6,7,7,7,8,8,8,8,8,8,37,0,7,8.569764703310824,5.607507890090346,48.18511102348566,7992.216216216216
1778072514,100,GET,/product/6E92ZMYYFZ,0.200000,0.000000,8,8,8,8,8,8,8,8,8,8,8,38,0,7,16.546266472065135,5.629457999020815,106.45071417093277,7963.4473684210525
1778072514,100,GET,/product/9SIQT8TOJO,0.700000,0.000000,6,7,7,10,19,19,19,19,19,19,19,30,0,7,10.679431213065982,5.818102974444628,67.53621017560363,8024.766666666666
1778072514,100,GET,/product/L9ECAV7KIM,1.000000,0.000000,8,14,14,14,43,47,47,47,47,47,47,36,0,8,18.339484703675325,5.732335150241852,83.23945687152445,7979.75
1778072514,100,GET,/product/LS4PSXUNUM,1.100000,0.000000,6,6,7,7,7,8,8,8,8,8,8,33,0,7,10.822768273735136,5.686713149771094,79.66822199523449,7985.393939393939
1778072514,100,GET,/product/OLJCESPC7Z,1.200000,0.000000,7,7,8,9,53,53,53,53,53,53,53,44,0,7,16.812324555675414,5.6223999708890915,97.04514313489199,8023.113636363636
1778072514,100,,Aggregated,57.800000,0.000000,8,10,11,15,34,46,58,64,78,78,78,2324,0,9,32.601603160559385,5.54128410294652,939.5796142052859,10526.185025817556
1778072515,100,GET,/,43.100000,0.000000,8,9,11,15,35,46,61,64,76,76,76,1766,0,9,35.81473045275227,5.932350875809789,939.5796142052859,10535.840317100792
1778072515,100,POST,/cart,4.900000,0.000000,11,19,26,26,45,55,64,64,64,64,64,178,0,11,24.957719948299733,8.838392095640302,426.4811200555414,17195.03370786517
1778072515,100,POST,/cart/checkout,2.700000,0.000000,10,10,12,12,20,38,38,38,38,38,38,108,0,10,36.723116138967235,7.7455490827560425,916.5551918558776,6801.592592592592
1778072515,100,GET,/product/0PUK6V6EV0,0.600000,0.000000,6,6,7,7,78,78,78,78,78,78,78,27,0,7,12.984035743607414,5.54128410294652,78.05795804597437,7983.814814814815
1778072515,100,GET,/product/1YMWWN1N4O,0.700000,0.000000,7,7,11,11,51,53,53,53,53,53,53,37,0,7,19.937608649048048,5.55959390476346,99.42913986742496,8024.756756756757
1778072515,100,GET,/product/2ZYFJ3GM2N,0.600000,0.000000,7,7,7,7,44,44,44,44,44,44,44,37,0,7,14.275624492281192,5.808910122141242,66.90471805632114,8015.4324324324325
1778072515,100,GET,/product/66VCHSJNUP,1.300000,0.000000,6,6,7,7,7,8,8,8,8,8,8,37,0,7,8.569764703310824,5.607507890090346,48.18511102348566,7992.216216216216
1778072515,100,GET,/product/6E92ZMYYFZ,0.200000,0.000000,7,7,8,8,19,19,19,19,19,19,19,41,0,7,16.092065926186923,5.629457999020815,106.45071417093277,7962.951219512195
1778072515,100,GET,/product/9SIQT8TOJO,0.900000,0.000000,6,7,7,7,10,19,19,19,19,19,19,32,0,7,10.38331169547746,5.818102974444628,67.53621017560363,8022.34375
1778072515,100,GET,/product/L9ECAV7KIM,1.100000,0.000000,8,14,14,14,47,47,47,47,47,47,47,36,0,8,18.339484703675325,5.732335150241852,83.23945687152445,7979.75
1778072515,100,GET,/product/LS4PSXUNUM,1.300000,0.000000,6,6,7,7,7,8,8,8,8,8,8,35,0,7,10.554282034614257,5.686713149771094,79.66822199523449,7987.657142857143
1778072515,100,GET,/product/OLJCESPC7Z,1.000000,0.000000,7,7,8,9,53,53,53,53,53,53,53,45,0,7,16.599461674276327,5.6223999708890915,97.04514313489199,8023.7555555555555
1778072515,100,,Aggregated,58.400000,0.000000,8,9,11,15,34,46,61,64,78,78,78,2379,0,9,32.097335994876246,5.54128410294652,939.5796142052859,10515.951240016813
1778072516,100,GET,/,42.900000,0.000000,8,9,11,15,37,47,62,64,77,77,77,1806,0,9,35.50377924919359,5.932350875809789,939.5796142052859,10536.009966777408
1778072516,100,POST,/cart,4.700000,0.000000,12,22,27,39,55,64,65,65,65,65,65,181,0,11,25.23278413746938,8.838392095640302,426.4811200555414,17190.419889502762
1778072516,100,POST,/cart/checkout,2.700000,0.000000,10,11,12,12,32,42,42,42,42,42,42,110,0,10,36.720557464286685,7.7455490827560425,916.5551918558776,6801.854545454546
1778072516,100,GET,/product/0PUK6V6EV0,0.600000,0.000000,6,7,74,74,78,78,78,78,78,78,78,28,0,7,15.149947646672704,5.54128410294652,78.05795804597437,7985.714285714285
1778072516,100,GET,/product/1YMWWN1N4O,0.900000,0.000000,7,7,11,11,51,53,53,53,53,53,53,38,0,7,19.57697323891089,5.55959390476346,99.42913986742496,8022.894736842105
1778072516,100,GET,/product/2ZYFJ3GM2N,0.500000,0.000000,7,7,7,7,7,7,7,7,7,7,7,37,0,7,14.275624492281192,5.808910122141242,66.90471805632114,8015.4324324324325
1778072516,100,GET,/product/66VCHSJNUP,1.200000,0.000000,6,6,7,7,7,8,8,8,8,8,8,37,0,7,8.569764703310824,5.607507890090346,48.18511102348566,7992.216216216216
1778072516,100,GET,/product/6E92ZMYYFZ,0.300000,0.000000,7,8,13,13,19,19,19,19,19,19,19,43,0,7,15.797006253283037,5.629457999020815,106.45071417093277,7962.697674418605
1778072516,100,GET,/product/9SIQT8TOJO,0.900000,0.000000,6,6,7,7,10,19,19,19,19,19,19,33,0,7,10.248127125316497,5.818102974444628,67.53621017560363,8021.0
1778072516,100,GET,/product/L9ECAV7KIM,1.100000,0.000000,8,14,14,14,47,47,47,47,47,47,47,36,0,8,18.339484703675325,5.732335150241852,83.23945687152445,7979.75
1778072516,100,GET,/product/LS4PSXUNUM,1.200000,0.000000,6,6,6,7,7,8,8,8,8,8,8,37,0,6,10.324534538478867,5.686713149771094,79.66822199523449,7990.648648648648
1778072516,100,GET,/product/OLJCESPC7Z,0.900000,0.000000,7,7,8,9,53,53,53,53,53,53,53,46,0,7,16.361630941822153,5.6223999708890915,97.04514313489199,8024.760869565217
1778072516,100,,Aggregated,57.900000,0.000000,8,10,12,15,38,51,62,65,78,78,78,2432,0,9,31.8881361866883,5.54128410294652,939.5796142052859,10512.997532894737
1778072517,100,GET,/,43.100000,0.000000,8,9,11,15,38,51,62,64,77,77,77,1853,0,9,35.00857320890591,5.932350875809789,939.5796142052859,10536.656772800863
1778072517,100,POST,/cart,4.700000,0.000000,11,19,26,26,50,61,65,65,65,65,65,185,0,11,24.964018826800828,8.838392095640302,426.4811200555414,17212.75135135135
1778072517,100,POST,/cart/checkout,2.600000,0.000000,10,10,12,20,42,59,59,59,59,59,59,112,0,10,36.6698042614319,7.7455490827560425,916.5551918558776,6802.196428571428
1778072517,100,GET,/product/0PUK6V6EV0,0.700000,0.000000,6,7,74,74,78,78,78,78,78,78,78,29,0,7,14.832844211045524,5.54128410294652,78.05795804597437,7986.931034482759
1778072517,100,GET,/product/1YMWWN1N4O,1.200000,0.000000,6,7,11,11,51,53,53,53,53,53,53,38,0,7,19.57697323891089,5.55959390476346,99.42913986742496,8022.894736842105
1778072517,100,GET,/product/2ZYFJ3GM2N,0.400000,0.000000,7,7,7,7,7,7,7,7,7,7,7,37,0,7,14.275624492281192,5.808910122141242,66.90471805632114,8015.4324324324325
1778072517,100,GET,/product/66VCHSJNUP,1.200000,0.000000,6,6,6,7,8,8,8,8,8,8,8,38,0,7,8.49337405280063,5.607507890090346,48.18511102348566,7994.236842105263
1778072517,100,GET,/product/6E92ZMYYFZ,0.500000,0.000000,7,8,8,13,19,19,19,19,19,19,19,44,0,7,15.61809933892536,5.629457999020815,106.45071417093277,7964.409090909091
1778072517,100,GET,/product/9SIQT8TOJO,1.000000,0.000000,6,6,7,7,7,10,10,10,10,10,10,35,0,7,10.025355512542385,5.818102974444628,67.53621017560363,8023.5142857142855
1778072517,100,GET,/product/L9ECAV7KIM,1.100000,0.000000,8,13,14,14,47,47,47,47,47,47,47,38,0,8,17.86820461213785,5.732335150241852,83.23945687152445,7983.078947368421
1778072517,100,GET,/product/LS4PSXUNUM,1.200000,0.000000,6,6,6,6,6,7,7,7,7,7,7,37,0,6,10.324534538478867,5.686713149771094,79.66822199523449,7990.648648648648
1778072517,100,GET,/product/OLJCESPC7Z,1.000000,0.000000,6,7,7,9,53,53,53,53,53,53,53,46,0,7,16.361630941822153,5.6223999708890915,97.04514313489199,8024.760869565217
1778072517,100,,Aggregated,58.700000,0.000000,8,9,11,15,38,52,62,65,78,78,78,2492,0,9,31.48996384114021,5.54128410294652,939.5796142052859,10516.404494382023
1778072518,100,GET,/,42.500000,0.000000,8,9,10,15,38,51,62,64,77,77,77,1891,0,9,34.488763251292134,5.932350875809789,939.5796142052859,10536.653622421998
1778072518,100,POST,/cart,4.200000,0.000000,11,19,26,26,50,61,65,65,65,65,65,190,0,11,24.60118866599116,8.838392095640302,426.4811200555414,17222.384210526317
1778072518,100,POST,/cart/checkout,2.000000,0.000000,10,10,12,20,42,59,59,59,59,59,59,113,0,10,36.43375098400345,7.7455490827560425,916.5551918558776,6802.141592920354
1778072518,100,GET,/product/0PUK6V6EV0,0.700000,0.000000,6,7,74,74,78,78,78,78,78,78,78,29,0,7,14.832844211045524,5.54128410294652,78.05795804597437,7986.931034482759
1778072518,100,GET,/product/1YMWWN1N4O,1.200000,0.000000,7,7,11,51,53,53,53,53,53,53,53,38,0,7,19.57697323891089,5.55959390476346,99.42913986742496,8022.894736842105
1778072518,100,GET,/product/2ZYFJ3GM2N,0.400000,0.000000,7,7,7,7,8,8,8,8,8,8,8,39,0,7,13.897893210061085,5.808910122141242,66.90471805632114,8015.74358974359
1778072518,100,GET,/product/66VCHSJNUP,1.100000,0.000000,6,6,7,7,8,8,8,8,8,8,8,38,0,7,8.49337405280063,5.607507890090346,48.18511102348566,7994.236842105263
1778072518,100,GET,/product/6E92ZMYYFZ,0.600000,0.000000,7,8,8,13,19,19,19,19,19,19,19,45,0,7,15.404980065714982,5.629457999020815,106.45071417093277,7963.8
1778072518,100,GET,/product/9SIQT8TOJO,1.000000,0.000000,6,6,7,7,7,10,10,10,10,10,10,36,0,7,9.904927496487895,5.689946934580803,67.53621017560363,8022.25
1778072518,100,GET,/product/L9ECAV7KIM,0.800000,0.000000,13,13,14,14,14,14,14,14,14,14,14,38,0,8,17.86820461213785,5.732335150241852,83.23945687152445,7983.078947368421
1778072518,100,GET,/product/LS4PSXUNUM,1.400000,0.000000,6,6,6,6,7,7,7,7,7,7,7,37,0,6,10.324534538478867,5.686713149771094,79.66822199523449,7990.648648648648
1778072518,100,GET,/product/OLJCESPC7Z,1.100000,0.000000,6,7,7,9,53,53,53,53,53,53,53,47,0,7,16.137816477566957,5.6223999708890915,97.04514313489199,8024.297872340426
1778072518,100,,Aggregated,57.000000,0.000000,8,9,11,15,38,52,62,65,78,78,78,2541,0,9,31.057698918057152,5.54128410294652,939.5796142052859,10524.170798898072
1778072519,100,GET,/,43.700000,0.000000,8,9,10,14,37,51,62,64,77,77,77,1939,0,9,33.84825842137544,5.932350875809789,939.5796142052859,10537.053120165034
1778072519,100,POST,/cart,4.100000,0.000000,11,17,22,26,50,61,65,65,65,65,65,196,0,11,24.234665108711592,8.838392095640302,426.4811200555414,17242.275510204083
1778072519,100,POST,/cart/checkout,2.100000,0.000000,10,11,12,20,42,59,59,59,59,59,59,113,0,10,36.43375098400345,7.7455490827560425,916.5551918558776,6802.141592920354
1778072519,100,GET,/product/0PUK6V6EV0,0.700000,0.000000,7,7,74,74,78,78,78,78,78,78,78,29,0,7,14.832844211045524,5.54128410294652,78.05795804597437,7986.931034482759
1778072519,100,GET,/product/1YMWWN1N4O,1.200000,0.000000,7,7,11,51,53,53,53,53,53,53,53,39,0,7,19.240805622524558,5.55959390476346,99.42913986742496,8023.615384615385
1778072519,100,GET,/product/2ZYFJ3GM2N,0.400000,0.000000,7,7,7,8,8,8,8,8,8,8,8,39,0,7,13.897893210061085,5.808910122141242,66.90471805632114,8015.74358974359
1778072519,100,GET,/product/66VCHSJNUP,1.000000,0.000000,6,6,6,6,6,6,6,6,6,6,6,39,0,7,8.433172210621146,5.607507890090346,48.18511102348566,7995.589743589743
1778072519,100,GET,/product/6E92ZMYYFZ,0.900000,0.000000,7,8,8,13,19,19,19,19,19,19,19,45,0,7,15.404980065714982,5.629457999020815,106.45071417093277,7963.8
1778072519,100,GET,/product/9SIQT8TOJO,1.200000,0.000000,6,6,7,7,7,10,10,10,10,10,10,36,0,7,9.904927496487895,5.689946934580803,67.53621017560363,8022.25
1778072519,100,GET,/product/L9ECAV7KIM,0.900000,0.000000,6,13,14,14,14,14,14,14,14,14,14,39,0,8,17.553474980955706,5.593748996034265,83.23945687152445,7984.820512820513
1778072519,100,GET,/product/LS4PSXUNUM,1.300000,0.000000,6,6,6,6,7,7,7,7,7,7,7,38,0,6,10.2082638707208,5.686713149771094,79.66822199523449,7991.605263157895
1778072519,100,GET,/product/OLJCESPC7Z,1.000000,0.000000,6,6,7,9,53,53,53,53,53,53,53,48,0,7,15.93359400673459,5.6223999708890915,97.04514313489199,8025.625
1778072519,100,,Aggregated,58.500000,0.000000,8,9,11,14,36,52,62,65,78,78,78,2600,0,9,30.552827042634956,5.54128410294652,939.5796142052859,10536.90346153846
1778072520,100,GET,/,43.200000,0.000000,8,8,9,11,29,45,57,62,77,77,77,1981,0,9,33.424539865050534,5.932350875809789,939.5796142052859,10537.234729934376
1778072520,100,POST,/cart,3.900000,0.000000,11,13,21,22,45,65,120,120,120,120,120,199,0,11,24.6221851112892,8.838392095640302,426.4811200555414,17266.045226130653
1778072520,100,POST,/cart/checkout,2.000000,0.000000,10,11,20,20,42,59,59,59,59,59,59,114,0,10,36.2015480375767,7.7455490827560425,916.5551918558776,6801.938596491228
1778072520,100,GET,/product/0PUK6V6EV0,0.800000,0.000000,7,7,9,9,74,74,74,74,74,74,74,30,0,7,14.628102700226009,5.54128410294652,78.05795804597437,7988.533333333334
1778072520,100,GET,/product/1YMWWN1N4O,1.100000,0.000000,6,7,7,11,51,51,51,51,51,51,51,40,0,7,18.89819673378952,5.536450073122978,99.42913986742496,8024.65
1778072520,100,GET,/product/2ZYFJ3GM2N,0.500000,0.000000,7,8,8,32,32,32,32,32,32,32,32,40,0,7,14.341175055596977,5.808910122141242,66.90471805632114,8014.35
1778072520,100,GET,/product/66VCHSJNUP,1.000000,0.000000,6,6,6,6,6,6,6,6,6,6,6,39,0,7,8.433172210621146,5.607507890090346,48.18511102348566,7995.589743589743
1778072520,100,GET,/product/6E92ZMYYFZ,0.800000,0.000000,7,8,8,13,19,19,19,19,19,19,19,46,0,7,15.21699695908667,5.629457999020815,106.45071417093277,7964.5
1778072520,100,GET,/product/9SIQT8TOJO,1.400000,0.000000,6,6,6,6,7,7,7,7,7,7,7,36,0,7,9.904927496487895,5.689946934580803,67.53621017560363,8022.25
1778072520,100,GET,/product/L9ECAV7KIM,0.600000,0.000000,13,13,14,14,14,14,14,14,14,14,14,39,0,8,17.553474980955706,5.593748996034265,83.23945687152445,7984.820512820513
1778072520,100,GET,/product/LS4PSXUNUM,1.100000,0.000000,6,6,6,6,7,7,7,7,7,7,7,39,0,6,10.091728877085142,5.663399118930101,79.66822199523449,7990.102564102564
1778072520,100,GET,/product/OLJCESPC7Z,0.900000,0.000000,6,6,7,9,53,53,53,53,53,53,53,48,0,7,15.93359400673459,5.6223999708890915,97.04514313489199,8025.625
1778072520,100,,Aggregated,57.300000,0.000000,8,9,10,12,29,45,58,65,120,120,120,2651,0,9,30.266937445367887,5.536450073122978,939.5796142052859,10540.207468879667
1778072521,100,GET,/,43.200000,0.000000,8,8,9,11,29,45,57,62,77,77,77,2024,0,9,32.96679814206713,5.932350875809789,939.5796142052859,10537.522233201582
1778072521,100,POST,/cart,4.000000,0.000000,11,17,22,23,45,65,120,120,120,120,120,202,0,11,24.577238119788248,8.838392095640302,426.4811200555414,17296.133663366338
1778072521,100,POST,/cart/checkout,1.900000,0.000000,10,11,20,20,42,59,59,59,59,59,59,115,0,10,35.97383487200283,7.7455490827560425,916.5551918558776,6801.991304347826
1778072521,100,GET,/product/0PUK6V6EV0,0.600000,0.000000,7,7,9,9,74,74,74,74,74,74,74,30,0,7,14.628102700226009,5.54128410294652,78.05795804597437,7988.533333333334
1778072521,100,GET,/product/1YMWWN1N4O,1.000000,0.000000,6,7,7,11,51,51,51,51,51,51,51,40,0,7,18.89819673378952,5.536450073122978,99.42913986742496,8024.65
1778072521,100,GET,/product/2ZYFJ3GM2N,0.500000,0.000000,7,8,8,32,32,32,32,32,32,32,32,40,0,7,14.341175055596977,5.808910122141242,66.90471805632114,8014.35
1778072521,100,GET,/product/66VCHSJNUP,0.800000,0.000000,6,6,6,6,6,6,6,6,6,6,6,39,0,7,8.433172210621146,5.607507890090346,48.18511102348566,7995.589743589743
1778072521,100,GET,/product/6E92ZMYYFZ,0.900000,0.000000,7,8,8,13,19,19,19,19,19,19,19,46,0,7,15.21699695908667,5.629457999020815,106.45071417093277,7964.5
1778072521,100,GET,/product/9SIQT8TOJO,1.400000,0.000000,6,6,7,7,7,9,9,9,9,9,9,38,0,7,9.796416129622804,5.689946934580803,67.53621017560363,8025.5
1778072521,100,GET,/product/L9ECAV7KIM,0.600000,0.000000,6,13,13,14,14,14,14,14,14,14,14,40,0,7,17.27101330179721,5.593748996034265,83.23945687152445,7985.725
1778072521,100,GET,/product/LS4PSXUNUM,1.000000,0.000000,6,6,6,6,7,7,7,7,7,7,7,39,0,6,10.091728877085142,5.663399118930101,79.66822199523449,7990.102564102564
1778072521,100,GET,/product/OLJCESPC7Z,0.900000,0.000000,6,6,7,7,53,53,53,53,53,53,53,48,0,7,15.93359400673459,5.6223999708890915,97.04514313489199,8025.625
1778072521,100,,Aggregated,56.800000,0.000000,8,9,10,12,29,45,58,65,120,120,120,2701,0,9,29.93157362549537,5.536450073122978,939.5796142052859,10545.962976675306
1778072522,100,GET,/,43.600000,0.000000,8,9,10,14,31,45,57,62,77,77,77,2071,0,9,32.56767292647298,5.932350875809789,939.5796142052859,10537.851762433607
1778072522,100,POST,/cart,4.000000,0.000000,11,12,19,23,50,68,120,120,120,120,120,207,0,11,24.76405532994636,8.838392095640302,426.4811200555414,17303.212560386473
1778072522,100,POST,/cart/checkout,1.800000,0.000000,10,20,32,32,54,59,59,59,59,59,59,118,0,10,35.82519711137323,7.7455490827560425,916.5551918558776,6802.025423728814
1778072522,100,GET,/product/0PUK6V6EV0,0.700000,0.000000,7,9,9,74,74,74,74,74,74,74,74,30,0,7,14.628102700226009,5.54128410294652,78.05795804597437,7988.533333333334
1778072522,100,GET,/product/1YMWWN1N4O,1.100000,0.000000,6,7,7,7,51,51,51,51,51,51,51,40,0,7,18.89819673378952,5.536450073122978,99.42913986742496,8024.65
1778072522,100,GET,/product/2ZYFJ3GM2N,0.500000,0.000000,8,8,32,32,32,32,32,32,32,32,32,40,0,7,14.341175055596977,5.808910122141242,66.90471805632114,8014.35
1778072522,100,GET,/product/66VCHSJNUP,0.700000,0.000000,6,6,6,13,13,13,13,13,13,13,13,40,0,7,8.539453631965443,5.607507890090346,48.18511102348566,7994.35
1778072522,100,GET,/product/6E92ZMYYFZ,0.900000,0.000000,7,8,8,8,13,19,19,19,19,19,19,47,0,7,15.02337080842637,5.629457999020815,106.45071417093277,7966.021276595745
1778072522,100,GET,/product/9SIQT8TOJO,1.300000,0.000000,6,6,7,7,9,9,9,9,9,9,9,38,0,7,9.796416129622804,5.689946934580803,67.53621017560363,8025.5
1778072522,100,GET,/product/L9ECAV7KIM,0.700000,0.000000,7,9,13,13,14,14,14,14,14,14,14,42,0,7,16.840329626575112,5.593748996034265,83.23945687152445,7988.4047619047615
1778072522,100,GET,/product/LS4PSXUNUM,1.000000,0.000000,6,6,6,7,7,7,7,7,7,7,7,40,0,6,10.010425030486658,5.663399118930101,79.66822199523449,7991.75
1778072522,100,GET,/product/OLJCESPC7Z,1.000000,0.000000,6,7,7,53,53,53,53,53,53,53,53,48,0,7,15.93359400673459,5.6223999708890915,97.04514313489199,8025.625
1778072522,100,,Aggregated,57.300000,0.000000,8,9,11,14,32,47,59,68,120,120,120,2761,0,9,29.649425947051043,5.536450073122978,939.5796142052859,10550.188337558855
1778072523,100,GET,/,43.300000,0.000000,8,9,11,14,29,44,57,62,77,77,77,2114,0,9,32.124178359516726,5.932350875809789,939.5796142052859,10538.15610217597
1778072523,100,POST,/cart,3.900000,0.000000,11,12,19,23,50,68,120,120,120,120,120,210,0,11,24.56975488790444,8.838392095640302,426.4811200555414,17318.233333333334
1778072523,100,POST,/cart/checkout,1.700000,0.000000,10,20,32,42,54,59,59,59,59,59,59,120,0,10,35.37700543335328,7.7455490827560425,916.5551918558776,6802.241666666667
1778072523,100,GET,/product/0PUK6V6EV0,0.600000,0.000000,7,9,9,74,74,74,74,74,74,74,74,30,0,7,14.628102700226009,5.54128410294652,78.05795804597437,7988.533333333334
1778072523,100,GET,/product/1YMWWN1N4O,0.900000,0.000000,6,7,7,7,7,7,7,7,7,7,7,41,0,7,18.612289176572386,5.536450073122978,99.42913986742496,8025.1463414634145
1778072523,100,GET,/product/2ZYFJ3GM2N,0.500000,0.000000,8,11,11,32,32,32,32,32,32,32,32,41,0,7,14.264580492702562,5.808910122141242,66.90471805632114,8014.09756097561
1778072523,100,GET,/product/66VCHSJNUP,0.500000,0.000000,6,6,12,12,13,13,13,13,13,13,13,41,0,7,8.61428990937406,5.607507890090346,48.18511102348566,7995.634146341464
1778072523,100,GET,/product/6E92ZMYYFZ,1.000000,0.000000,7,8,13,13,19,35,35,35,35,35,35,48,0,7,15.442624518376155,5.629457999020815,106.45071417093277,7965.25
1778072523,100,GET,/product/9SIQT8TOJO,1.100000,0.000000,6,6,7,7,9,9,9,9,9,9,9,38,0,7,9.796416129622804,5.689946934580803,67.53621017560363,8025.5
1778072523,100,GET,/product/L9ECAV7KIM,0.600000,0.000000,7,9,13,13,14,14,14,14,14,14,14,42,0,7,16.840329626575112,5.593748996034265,83.23945687152445,7988.4047619047615
1778072523,100,GET,/product/LS4PSXUNUM,0.900000,0.000000,6,6,7,7,7,7,7,7,7,7,7,41,0,6,9.931102440488047,5.663399118930101,79.66822199523449,7993.121951219512
1778072523,100,GET,/product/OLJCESPC7Z,0.600000,0.000000,6,7,7,8,8,8,8,8,8,8,8,49,0,7,15.767020045076402,5.6223999708890915,97.04514313489199,8024.918367346939
1778072523,100,,Aggregated,55.600000,0.000000,8,9,11,13,32,45,59,68,120,120,120,2815,0,9,29.291632565046076,5.536450073122978,939.5796142052859,10550.479218472468
1778072524,100,GET,/,42.800000,0.000000,8,9,10,13,25,43,56,62,77,77,77,2152,0,9,31.70466486532951,5.932350875809789,939.5796142052859,10538.333178438661
1778072524,100,POST,/cart,4.300000,0.000000,11,12,21,23,50,68,120,120,120,120,120,213,0,11,24.37453616100053,8.838392095640302,426.4811200555414,17339.31924882629
1778072524,100,POST,/cart/checkout,1.600000,0.000000,10,10,32,32,54,59,59,59,59,59,59,123,0,10,34.723971396820936,7.7455490827560425,916.5551918558776,6802.333333333333
1778072524,100,GET,/product/0PUK6V6EV0,0.500000,0.000000,7,9,9,74,74,74,74,74,74,74,74,30,0,7,14.628102700226009,5.54128410294652,78.05795804597437,7988.533333333334
1778072524,100,GET,/product/1YMWWN1N4O,0.800000,0.000000,6,7,7,7,40,40,40,40,40,40,40,43,0,7,18.815773912857093,5.536450073122978,99.42913986742496,8023.093023255814
1778072524,100,GET,/product/2ZYFJ3GM2N,0.400000,0.000000,7,8,11,11,32,32,32,32,32,32,32,43,0,7,13.913140350649524,5.808910122141242,66.90471805632114,8016.46511627907
1778072524,100,GET,/product/66VCHSJNUP,0.400000,0.000000,6,12,12,13,13,13,13,13,13,13,13,42,0,7,8.54641384267736,5.607507890090346,48.18511102348566,7996.714285714285
1778072524,100,GET,/product/6E92ZMYYFZ,1.100000,0.000000,8,13,19,19,35,35,35,35,35,35,35,48,0,7,15.442624518376155,5.629457999020815,106.45071417093277,7965.25
1778072524,100,GET,/product/9SIQT8TOJO,1.100000,0.000000,6,6,7,7,9,9,9,9,9,9,9,38,0,7,9.796416129622804,5.689946934580803,67.53621017560363,8025.5
1778072524,100,GET,/product/L9ECAV7KIM,0.600000,0.000000,7,7,9,9,13,13,13,13,13,13,13,42,0,7,16.840329626575112,5.593748996034265,83.23945687152445,7988.4047619047615
1778072524,100,GET,/product/LS4PSXUNUM,1.000000,0.000000,6,6,6,7,7,7,7,7,7,7,7,43,0,6,9.744743957335865,5.662199109792709,79.66822199523449,7990.186046511628
1778072524,100,GET,/product/OLJCESPC7Z,0.600000,0.000000,6,6,6,8,8,8,8,8,8,8,8,50,0,7,15.573647920973599,5.6223999708890915,97.04514313489199,8024.24
1778072524,100,,Aggregated,55.200000,0.000000,8,9,11,13,29,44,58,68,120,120,120,2867,0,9,28.920442717251206,5.536450073122978,939.5796142052859,10548.056505057551
1778072525,100,GET,/,43.000000,0.000000,8,9,11,14,28,43,57,66,77,77,77,2203,0,9,31.337099951255222,5.932350875809789,939.5796142052859,10538.675442578302
1778072525,100,POST,/cart,4.000000,0.000000,11,17,23,33,50,65,120,120,120,120,120,219,0,11,24.451800138311096,8.838392095640302,426.4811200555414,17353.529680365296
1778072525,100,POST,/cart/checkout,1.700000,0.000000,10,10,32,42,54,59,59,59,59,59,59,123,0,10,34.723971396820936,7.7455490827560425,916.5551918558776,6802.333333333333
1778072525,100,GET,/product/0PUK6V6EV0,0.500000,0.000000,9,9,74,74,74,74,74,74,74,74,74,31,0,7,14.349250258096765,5.54128410294652,78.05795804597437,7987.806451612903
1778072525,100,GET,/product/1YMWWN1N4O,0.800000,0.000000,6,6,7,7,40,40,40,40,40,40,40,44,0,7,18.52949630384418,5.536450073122978,99.42913986742496,8022.022727272727
1778072525,100,GET,/product/2ZYFJ3GM2N,0.500000,0.000000,7,8,11,11,32,32,32,32,32,32,32,44,0,7,13.740168593358248,5.808910122141242,66.90471805632114,8016.840909090909
1778072525,100,GET,/product/66VCHSJNUP,0.300000,0.000000,6,6,12,12,13,13,13,13,13,13,13,44,0,7,8.414969350930981,5.493171978741884,48.18511102348566,7997.659090909091
1778072525,100,GET,/product/6E92ZMYYFZ,1.100000,0.000000,7,8,13,13,35,35,35,35,35,35,35,49,0,7,15.254525586544554,5.629457999020815,106.45071417093277,7965.163265306122
1778072525,100,GET,/product/9SIQT8TOJO,0.900000,0.000000,6,6,7,7,9,9,9,9,9,9,9,38,0,7,9.796416129622804,5.689946934580803,67.53621017560363,8025.5
1778072525,100,GET,/product/L9ECAV7KIM,0.600000,0.000000,7,7,9,9,13,13,13,13,13,13,13,42,0,7,16.840329626575112,5.593748996034265,83.23945687152445,7988.4047619047615
1778072525,100,GET,/product/LS4PSXUNUM,0.700000,0.000000,6,6,6,7,7,7,7,7,7,7,7,43,0,6,9.744743957335865,5.662199109792709,79.66822199523449,7990.186046511628
1778072525,100,GET,/product/OLJCESPC7Z,0.500000,0.000000,6,6,7,7,8,8,8,8,8,8,8,51,0,7,15.40375568940505,5.6223999708890915,97.04514313489199,8024.745098039216
1778072525,100,,Aggregated,54.600000,0.000000,8,10,11,14,32,45,61,69,120,120,120,2931,0,9,28.634670593975038,5.493171978741884,939.5796142052859,10557.030365063118
1778072526,100,GET,/,42.300000,0.000000,8,9,10,13,27,42,56,69,79,79,79,2244,0,9,31.146921175108716,5.932350875809789,939.5796142052859,10538.942513368984
1778072526,100,POST,/cart,3.900000,0.000000,11,19,29,37,47,61,120,120,120,120,120,226,0,11,24.52059856006068,8.838392095640302,426.4811200555414,17382.33185840708
1778072526,100,POST,/cart/checkout,1.700000,0.000000,10,10,14,14,27,54,54,54,54,54,54,124,0,10,34.55502700601374,7.7455490827560425,916.5551918558776,6802.112903225807
1778072526,100,GET,/product/0PUK6V6EV0,0.500000,0.000000,6,6,9,9,9,9,9,9,9,9,9,31,0,7,14.349250258096765,5.54128410294652,78.05795804597437,7987.806451612903
1778072526,100,GET,/product/1YMWWN1N4O,0.800000,0.000000,6,6,7,7,40,40,40,40,40,40,40,45,0,7,18.24649322984947,5.536450073122978,99.42913986742496,8021.311111111111
1778072526,100,GET,/product/2ZYFJ3GM2N,0.600000,0.000000,7,8,8,11,32,32,32,32,32,32,32,46,0,7,13.44455748229571,5.808910122141242,66.90471805632114,8016.695652173913
1778072526,100,GET,/product/66VCHSJNUP,0.400000,0.000000,6,6,12,12,13,13,13,13,13,13,13,45,0,7,8.352156361151073,5.493171978741884,48.18511102348566,7997.644444444444
1778072526,100,GET,/product/6E92ZMYYFZ,1.100000,0.000000,6,7,8,13,35,35,35,35,35,35,35,51,0,7,14.898366952205405,5.629457999020815,106.45071417093277,7964.666666666667
1778072526,100,GET,/product/9SIQT8TOJO,0.800000,0.000000,7,7,7,9,9,9,9,9,9,9,9,39,0,7,9.724077661163532,5.689946934580803,67.53621017560363,8026.0
1778072526,100,GET,/product/L9ECAV7KIM,0.600000,0.000000,7,7,9,9,13,13,13,13,13,13,13,42,0,7,16.840329626575112,5.593748996034265,83.23945687152445,7988.4047619047615
1778072526,100,GET,/product/LS4PSXUNUM,0.800000,0.000000,6,6,6,7,7,7,7,7,7,7,7,44,0,6,9.656505458141593,5.662199109792709,79.66822199523449,7989.295454545455
1778072526,100,GET,/product/OLJCESPC7Z,0.600000,0.000000,6,7,7,8,8,8,8,8,8,8,8,51,0,7,15.40375568940505,5.6223999708890915,97.04514313489199,8024.745098039216
1778072526,100,,Aggregated,54.100000,0.000000,8,9,11,13,28,42,59,69,120,120,120,2988,0,9,28.45957588421248,5.493171978741884,939.5796142052859,10566.939424364124
1778072527,100,GET,/,42.900000,0.000000,8,9,11,13,28,42,58,69,79,79,79,2285,0,9,30.83169779911458,5.932350875809789,939.5796142052859,10539.122100656456
1778072527,100,POST,/cart,4.000000,0.000000,11,21,29,37,47,61,120,120,120,120,120,229,0,11,24.393350203159596,8.838392095640302,426.4811200555414,17382.489082969434
1778072527,100,POST,/cart/checkout,1.600000,0.000000,10,10,14,27,54,57,57,57,57,57,57,127,0,10,34.33709251914379,7.7455490827560425,916.5551918558776,6802.771653543307
1778072527,100,GET,/product/0PUK6V6EV0,0.400000,0.000000,6,6,9,9,9,9,9,9,9,9,9,31,0,7,14.349250258096765,5.54128410294652,78.05795804597437,7987.806451612903
1778072527,100,GET,/product/1YMWWN1N4O,0.700000,0.000000,6,6,7,7,40,40,40,40,40,40,40,45,0,7,18.24649322984947,5.536450073122978,99.42913986742496,8021.311111111111
1778072527,100,GET,/product/2ZYFJ3GM2N,0.700000,0.000000,7,8,8,11,32,32,32,32,32,32,32,47,0,7,13.290141981610276,5.808910122141242,66.90471805632114,8016.553191489362
1778072527,100,GET,/product/66VCHSJNUP,0.600000,0.000000,6,6,12,12,13,13,13,13,13,13,13,46,0,6,8.29955070461754,5.493171978741884,48.18511102348566,7998.108695652174
1778072527,100,GET,/product/6E92ZMYYFZ,0.800000,0.000000,6,7,7,7,35,35,35,35,35,35,35,52,0,7,14.737726565307149,5.629457999020815,106.45071417093277,7963.942307692308
1778072527,100,GET,/product/9SIQT8TOJO,0.700000,0.000000,7,7,9,9,67,67,67,67,67,67,67,41,0,7,11.0460633593725,5.689946934580803,67.53621017560363,8026.170731707317
1778072527,100,GET,/product/L9ECAV7KIM,0.600000,0.000000,7,9,9,15,15,15,15,15,15,15,15,43,0,8,16.79567556265135,5.593748996034265,83.23945687152445,7988.883720930233
1778072527,100,GET,/product/LS4PSXUNUM,0.900000,0.000000,6,6,6,7,7,7,7,7,7,7,7,46,0,6,9.490321111946326,5.662199109792709,79.66822199523449,7989.913043478261
1778072527,100,GET,/product/OLJCESPC7Z,0.600000,0.000000,6,7,7,8,8,8,8,8,8,8,8,51,0,7,15.40375568940505,5.6223999708890915,97.04514313489199,8024.745098039216
1778072527,100,,Aggregated,54.500000,0.000000,8,9,11,13,32,43,61,69,120,120,120,3043,0,9,28.20679037658803,5.493171978741884,939.5796142052859,10563.005586592179
1778072528,100,GET,/,43.700000,0.000000,8,10,13,18,34,47,68,74,90,90,90,2338,0,9,30.587966812191368,5.932350875809789,939.5796142052859,10539.469204448247
1778072528,100,POST,/cart,4.300000,0.000000,11,21,29,37,47,61,120,120,120,120,120,233,0,11,24.161022254405744,8.838392095640302,426.4811200555414,17390.575107296136
1778072528,100,POST,/cart/checkout,1.500000,0.000000,10,10,11,14,54,57,57,57,57,57,57,131,0,10,33.59175961862766,7.7455490827560425,916.5551918558776,6802.87786259542
1778072528,100,GET,/product/0PUK6V6EV0,0.400000,0.000000,9,9,57,57,57,57,57,57,57,57,57,33,0,7,15.412146147961417,5.54128410294652,78.05795804597437,7988.636363636364
1778072528,100,GET,/product/1YMWWN1N4O,0.700000,0.000000,6,6,7,40,99,99,99,99,99,99,99,47,0,7,19.69682358383657,5.536450073122978,99.42913986742496,8020.978723404255
1778072528,100,GET,/product/2ZYFJ3GM2N,0.700000,0.000000,7,8,8,11,32,32,32,32,32,32,32,47,0,7,13.290141981610276,5.808910122141242,66.90471805632114,8016.553191489362
1778072528,100,GET,/product/66VCHSJNUP,0.700000,0.000000,6,6,12,12,13,59,59,59,59,59,59,49,0,6,9.23738702751544,5.493171978741884,59.478354873135686,7998.714285714285
1778072528,100,GET,/product/6E92ZMYYFZ,0.900000,0.000000,7,7,8,13,35,35,35,35,35,35,35,54,0,7,14.580592784720162,5.629457999020815,106.45071417093277,7962.462962962963
1778072528,100,GET,/product/9SIQT8TOJO,0.600000,0.000000,7,7,9,9,67,67,67,67,67,67,67,42,0,7,10.934288801980161,5.689946934580803,67.53621017560363,8027.5952380952385
1778072528,100,GET,/product/L9ECAV7KIM,0.600000,0.000000,7,9,9,15,15,15,15,15,15,15,15,43,0,8,16.79567556265135,5.593748996034265,83.23945687152445,7988.883720930233
1778072528,100,GET,/product/LS4PSXUNUM,0.700000,0.000000,6,6,6,6,7,7,7,7,7,7,7,48,0,6,9.339536127905982,5.5320539977401495,79.66822199523449,7990.3125
1778072528,100,GET,/product/OLJCESPC7Z,0.500000,0.000000,7,7,8,8,8,8,8,8,8,8,8,51,0,7,15.40375568940505,5.6223999708890915,97.04514313489199,8024.745098039216
1778072528,100,,Aggregated,55.300000,0.000000,8,10,13,17,35,50,68,75,120,120,120,3116,0,9,28.003536821109876,5.493171978741884,939.5796142052859,10557.521501925545
1778072529,100,GET,/,42.800000,0.000000,8,10,14,20,35,48,68,74,90,90,90,2372,0,9,30.318271493893366,5.932350875809789,939.5796142052859,10539.752951096121
1778072529,100,POST,/cart,4.500000,0.000000,11,24,33,40,48,68,120,120,120,120,120,234,0,11,24.100705433008063,8.838392095640302,426.4811200555414,17404.86752136752
1778072529,100,POST,/cart/checkout,1.300000,0.000000,10,10,11,14,54,57,57,57,57,57,57,133,0,10,33.23616418126214,7.7455490827560425,916.5551918558776,6803.225563909775
1778072529,100,GET,/product/0PUK6V6EV0,0.300000,0.000000,9,9,57,57,57,57,57,57,57,57,57,33,0,7,15.412146147961417,5.54128410294652,78.05795804597437,7988.636363636364
1778072529,100,GET,/product/1YMWWN1N4O,0.700000,0.000000,6,6,7,40,99,99,99,99,99,99,99,47,0,7,19.69682358383657,5.536450073122978,99.42913986742496,8020.978723404255
1778072529,100,GET,/product/2ZYFJ3GM2N,0.900000,0.000000,6,7,8,11,32,32,32,32,32,32,32,48,0,7,13.132708627381362,5.7333409786224365,66.90471805632114,8017.229166666667
1778072529,100,GET,/product/66VCHSJNUP,0.800000,0.000000,6,6,12,12,13,59,59,59,59,59,59,49,0,6,9.23738702751544,5.493171978741884,59.478354873135686,7998.714285714285
1778072529,100,GET,/product/6E92ZMYYFZ,0.700000,0.000000,7,7,8,13,35,35,35,35,35,35,35,55,0,7,14.422129115767099,5.629457999020815,106.45071417093277,7961.890909090909
1778072529,100,GET,/product/9SIQT8TOJO,0.500000,0.000000,7,7,9,9,67,67,67,67,67,67,67,42,0,7,10.934288801980161,5.689946934580803,67.53621017560363,8027.5952380952385
1778072529,100,GET,/product/L9ECAV7KIM,0.400000,0.000000,7,9,9,15,15,15,15,15,15,15,15,43,0,8,16.79567556265135,5.593748996034265,83.23945687152445,7988.883720930233
1778072529,100,GET,/product/LS4PSXUNUM,0.800000,0.000000,6,6,6,7,7,8,8,8,8,8,8,51,0,6,9.170844963769994,5.5320539977401495,79.66822199523449,7991.313725490196
1778072529,100,GET,/product/OLJCESPC7Z,0.500000,0.000000,7,8,8,13,13,13,13,13,13,13,13,52,0,7,15.358493829038567,5.6223999708890915,97.04514313489199,8026.0
1778072529,100,,Aggregated,54.200000,0.000000,8,10,14,20,36,54,68,75,120,120,120,3159,0,9,27.772489538853772,5.493171978741884,939.5796142052859,10553.571066793289
1778072530,100,GET,/,44.000000,0.000000,8,10,14,19,34,48,64,72,90,90,90,2425,0,9,29.94976207354711,5.932350875809789,939.5796142052859,10539.816494845361
1778072530,100,POST,/cart,4.300000,0.000000,11,12,29,37,47,61,68,68,68,68,68,237,0,11,23.92520764665796,8.838392095640302,426.4811200555414,17429.0
1778072530,100,POST,/cart/checkout,1.600000,0.000000,10,10,11,14,54,57,57,57,57,57,57,134,0,10,33.052624867005804,7.7455490827560425,916.5551918558776,6803.223880597015
1778072530,100,GET,/product/0PUK6V6EV0,0.200000,0.000000,9,9,57,57,57,57,57,57,57,57,57,33,0,7,15.412146147961417,5.54128410294652,78.05795804597437,7988.636363636364
1778072530,100,GET,/product/1YMWWN1N4O,0.800000,0.000000,6,6,7,40,99,99,99,99,99,99,99,48,0,7,19.41006876101407,5.536450073122978,99.42913986742496,8021.4375
1778072530,100,GET,/product/2ZYFJ3GM2N,0.900000,0.000000,6,7,8,11,32,32,32,32,32,32,32,48,0,7,13.132708627381362,5.7333409786224365,66.90471805632114,8017.229166666667
1778072530,100,GET,/product/66VCHSJNUP,0.900000,0.000000,6,6,12,13,59,59,59,59,59,59,59,49,0,6,9.23738702751544,5.493171978741884,59.478354873135686,7998.714285714285
1778072530,100,GET,/product/6E92ZMYYFZ,0.900000,0.000000,6,7,8,13,35,35,35,35,35,35,35,55,0,7,14.422129115767099,5.629457999020815,106.45071417093277,7961.890909090909
1778072530,100,GET,/product/9SIQT8TOJO,0.600000,0.000000,7,7,9,9,67,67,67,67,67,67,67,42,0,7,10.934288801980161,5.689946934580803,67.53621017560363,8027.5952380952385
1778072530,100,GET,/product/L9ECAV7KIM,0.500000,0.000000,9,9,9,15,15,15,15,15,15,15,15,44,0,8,16.6094291172075,5.593748996034265,83.23945687152445,7988.454545454545
1778072530,100,GET,/product/LS4PSXUNUM,1.000000,0.000000,6,6,7,7,7,8,8,8,8,8,8,52,0,6,9.121780888213275,5.5320539977401495,79.66822199523449,7990.423076923077
1778072530,100,GET,/product/OLJCESPC7Z,0.500000,0.000000,7,8,8,13,13,13,13,13,13,13,13,52,0,7,15.358493829038567,5.6223999708890915,97.04514313489199,8026.0
1778072530,100,,Aggregated,56.200000,0.000000,8,10,13,18,35,51,66,72,99,99,99,3219,0,9,27.49519461701367,5.493171978741884,939.5796142052859,10557.995340167754
1778072531,100,GET,/,43.300000,0.000000,8,9,13,18,33,47,64,72,90,90,90,2468,0,9,29.613138726030172,5.932350875809789,939.5796142052859,10540.007293354944
1778072531,100,POST,/cart,4.100000,0.000000,11,12,30,35,47,61,68,68,68,68,68,241,0,11,23.89053515007882,8.838392095640302,426.4811200555414,17430.639004149376
1778072531,100,POST,/cart/checkout,1.900000,0.000000,10,11,14,24,32,54,57,57,57,57,57,138,0,10,32.63526134348164,7.7455490827560425,916.5551918558776,6803.333333333333
1778072531,100,GET,/product/0PUK6V6EV0,0.400000,0.000000,7,7,57,57,57,57,57,57,57,57,57,34,0,7,15.161253703648553,5.54128410294652,78.05795804597437,7991.235294117647
1778072531,100,GET,/product/1YMWWN1N4O,0.900000,0.000000,6,7,40,40,99,99,99,99,99,99,99,48,0,7,19.41006876101407,5.536450073122978,99.42913986742496,8021.4375
1778072531,100,GET,/product/2ZYFJ3GM2N,0.900000,0.000000,6,7,8,8,11,11,11,11,11,11,11,48,0,7,13.132708627381362,5.7333409786224365,66.90471805632114,8017.229166666667
1778072531,100,GET,/product/66VCHSJNUP,1.100000,0.000000,6,6,12,13,59,59,59,59,59,59,59,49,0,6,9.23738702751544,5.493171978741884,59.478354873135686,7998.714285714285
1778072531,100,GET,/product/6E92ZMYYFZ,0.900000,0.000000,6,7,8,13,35,35,35,35,35,35,35,55,0,7,14.422129115767099,5.629457999020815,106.45071417093277,7961.890909090909
1778072531,100,GET,/product/9SIQT8TOJO,0.600000,0.000000,6,7,9,9,67,67,67,67,67,67,67,43,0,7,10.822934807863,5.689946934580803,67.53621017560363,8028.279069767442
1778072531,100,GET,/product/L9ECAV7KIM,0.500000,0.000000,9,9,15,15,15,15,15,15,15,15,15,44,0,8,16.6094291172075,5.593748996034265,83.23945687152445,7988.454545454545
1778072531,100,GET,/product/LS4PSXUNUM,1.200000,0.000000,6,6,7,7,7,8,8,8,8,8,8,55,0,6,8.944136801768433,5.5320539977401495,79.66822199523449,7993.418181818181
1778072531,100,GET,/product/OLJCESPC7Z,0.400000,0.000000,8,11,11,13,13,13,13,13,13,13,13,53,0,7,15.283736132331333,5.6223999708890915,97.04514313489199,8025.566037735849
1778072531,100,,Aggregated,56.200000,0.000000,8,10,13,17,35,51,66,72,99,99,99,3276,0,9,27.218578460226027,5.493171978741884,939.5796142052859,10557.228937728938
1778072532,100,GET,/,43.500000,0.000000,8,9,14,22,41,60,79,120,150,150,150,2509,0,9,29.70024012437483,5.6829629465937614,939.5796142052859,10540.259465922678
1778072532,100,POST,/cart,3.800000,0.000000,11,12,28,30,47,61,140,140,140,140,140,248,0,11,24.110196492514543,8.838392095640302,426.4811200555414,17471.887096774193
1778072532,100,POST,/cart/checkout,2.000000,0.000000,10,11,11,14,32,57,57,57,57,57,57,139,0,10,32.46102025464391,7.7455490827560425,916.5551918558776,6803.158273381295
1778072532,100,GET,/product/0PUK6V6EV0,0.300000,0.000000,7,7,57,57,57,57,57,57,57,57,57,34,0,7,15.161253703648553,5.54128410294652,78.05795804597437,7991.235294117647
1778072532,100,GET,/product/1YMWWN1N4O,0.700000,0.000000,6,7,40,40,99,99,99,99,99,99,99,48,0,7,19.41006876101407,5.536450073122978,99.42913986742496,8021.4375
1778072532,100,GET,/product/2ZYFJ3GM2N,0.900000,0.000000,6,6,7,7,8,8,8,8,8,8,8,49,0,7,12.987617512556668,5.7333409786224365,66.90471805632114,8016.102040816327
1778072532,100,GET,/product/66VCHSJNUP,1.000000,0.000000,6,6,6,12,59,59,59,59,59,59,59,50,0,6,9.168454566970468,5.493171978741884,59.478354873135686,7999.84
1778072532,100,GET,/product/6E92ZMYYFZ,1.000000,0.000000,7,8,13,13,35,35,35,35,35,35,35,55,0,7,14.422129115767099,5.629457999020815,106.45071417093277,7961.890909090909
1778072532,100,GET,/product/9SIQT8TOJO,0.600000,0.000000,7,8,9,9,21,67,67,67,67,67,67,47,0,7,10.799657781311172,5.689946934580803,67.53621017560363,8030.489361702128
1778072532,100,GET,/product/L9ECAV7KIM,0.400000,0.000000,9,9,15,15,15,15,15,15,15,15,15,44,0,8,16.6094291172075,5.593748996034265,83.23945687152445,7988.454545454545
1778072532,100,GET,/product/LS4PSXUNUM,1.300000,0.000000,6,6,6,7,7,8,8,8,8,8,8,55,0,6,8.944136801768433,5.5320539977401495,79.66822199523449,7993.418181818181
1778072532,100,GET,/product/OLJCESPC7Z,0.400000,0.000000,8,11,11,13,13,13,13,13,13,13,13,53,0,7,15.283736132331333,5.6223999708890915,97.04514313489199,8025.566037735849
1778072532,100,,Aggregated,55.900000,0.000000,8,10,12,20,39,58,79,120,150,150,150,3331,0,9,27.28456210383334,5.493171978741884,939.5796142052859,10569.051936355449
1778072533,100,GET,/,43.400000,0.000000,8,9,15,22,42,60,79,120,150,150,150,2546,0,9,29.455580885700577,5.6829629465937614,939.5796142052859,10540.498821681069
1778072533,100,POST,/cart,3.900000,0.000000,11,12,28,30,47,61,140,140,140,140,140,252,0,11,23.883951880547794,8.786967024207115,426.4811200555414,17472.634920634922
1778072533,100,POST,/cart/checkout,1.900000,0.000000,10,11,14,24,39,41,57,57,57,57,57,143,0,10,32.23479450094168,7.7455490827560425,916.5551918558776,6803.006993006993
1778072533,100,GET,/product/0PUK6V6EV0,0.400000,0.000000,7,7,34,34,57,57,57,57,57,57,57,36,0,7,15.416457136679027,5.54128410294652,78.05795804597437,7989.722222222223
1778072533,100,GET,/product/1YMWWN1N4O,0.800000,0.000000,6,7,40,40,99,99,99,99,99,99,99,49,0,7,19.149247257571137,5.536450073122978,99.42913986742496,8020.836734693878
1778072533,100,GET,/product/2ZYFJ3GM2N,0.800000,0.000000,6,6,7,7,8,8,8,8,8,8,8,49,0,7,12.987617512556668,5.7333409786224365,66.90471805632114,8016.102040816327
1778072533,100,GET,/product/66VCHSJNUP,1.000000,0.000000,6,6,6,6,59,59,59,59,59,59,59,50,0,6,9.168454566970468,5.493171978741884,59.478354873135686,7999.84
1778072533,100,GET,/product/6E92ZMYYFZ,0.900000,0.000000,7,8,13,13,35,35,35,35,35,35,35,55,0,7,14.422129115767099,5.629457999020815,106.45071417093277,7961.890909090909
1778072533,100,GET,/product/9SIQT8TOJO,0.700000,0.000000,7,7,8,21,67,67,67,67,67,67,67,47,0,7,10.799657781311172,5.689946934580803,67.53621017560363,8030.489361702128
1778072533,100,GET,/product/L9ECAV7KIM,0.500000,0.000000,9,15,15,43,43,43,43,43,43,43,43,46,0,8,16.940810155811842,5.5495500564575195,83.23945687152445,7989.54347826087
1778072533,100,GET,/product/LS4PSXUNUM,1.500000,0.000000,6,6,6,7,8,9,9,9,9,9,9,56,0,6,8.936687306101833,5.5320539977401495,79.66822199523449,7992.732142857143
1778072533,100,GET,/product/OLJCESPC7Z,0.400000,0.000000,11,11,13,13,13,13,13,13,13,13,13,54,0,7,15.11440128174231,5.6223999708890915,97.04514313489199,8027.018518518518
1778072533,100,,Aggregated,56.200000,0.000000,8,10,14,22,40,58,79,120,150,150,150,3383,0,9,27.078649844559134,5.493171978741884,939.5796142052859,10567.361513449601
1778072534,100,GET,/,43.800000,0.000000,8,9,15,23,39,58,79,120,150,150,150,2594,0,9,29.158865948137308,5.6829629465937614,939.5796142052859,10540.58866615266
1778072534,100,POST,/cart,3.900000,0.000000,11,11,12,26,37,48,140,140,140,140,140,255,0,11,23.72151281976817,8.786967024207115,426.4811200555414,17488.39607843137
1778072534,100,POST,/cart/checkout,2.300000,0.000000,10,11,24,26,39,41,57,57,57,57,57,146,0,10,31.870343955233693,7.7455490827560425,916.5551918558776,6802.945205479452
1778072534,100,GET,/product/0PUK6V6EV0,0.400000,0.000000,7,7,34,34,57,57,57,57,57,57,57,36,0,7,15.416457136679027,5.54128410294652,78.05795804597437,7989.722222222223
1778072534,100,GET,/product/1YMWWN1N4O,0.800000,0.000000,6,7,40,40,99,99,99,99,99,99,99,50,0,7,18.88346365187317,5.536450073122978,99.42913986742496,8021.96
1778072534,100,GET,/product/2ZYFJ3GM2N,0.900000,0.000000,6,6,7,7,8,8,8,8,8,8,8,51,0,7,12.725793295448609,5.7333409786224365,66.90471805632114,8017.098039215686
1778072534,100,GET,/product/66VCHSJNUP,1.000000,0.000000,6,6,6,7,59,59,59,59,59,59,59,52,0,6,9.055506124591025,5.493171978741884,59.478354873135686,8000.0192307692305
1778072534,100,GET,/product/6E92ZMYYFZ,0.800000,0.000000,6,7,8,8,13,13,13,13,13,13,13,55,0,7,14.422129115767099,5.629457999020815,106.45071417093277,7961.890909090909
1778072534,100,GET,/product/9SIQT8TOJO,0.700000,0.000000,7,7,8,21,67,67,67,67,67,67,67,48,0,7,10.691009723814204,5.5845510214567184,67.53621017560363,8029.270833333333
1778072534,100,GET,/product/L9ECAV7KIM,0.300000,0.000000,9,15,15,43,43,43,43,43,43,43,43,47,0,8,16.69642291566793,5.454609869047999,83.23945687152445,7990.851063829788
1778072534,100,GET,/product/LS4PSXUNUM,1.500000,0.000000,6,6,6,7,8,9,9,9,9,9,9,56,0,6,8.936687306101833,5.5320539977401495,79.66822199523449,7992.732142857143
1778072534,100,GET,/product/OLJCESPC7Z,0.500000,0.000000,11,11,13,13,13,13,13,13,13,13,13,54,0,7,15.11440128174231,5.6223999708890915,97.04514313489199,8027.018518518518
1778072534,100,,Aggregated,56.900000,0.000000,8,10,14,21,39,54,79,120,150,150,150,3444,0,9,26.819678070713223,5.454609869047999,939.5796142052859,10565.792682926829
1778072535,100,GET,/,42.600000,0.000000,8,9,16,23,39,58,79,120,150,150,150,2638,0,9,28.832729313617193,5.6829629465937614,939.5796142052859,10540.806671721
1778072535,100,POST,/cart,4.200000,0.000000,11,11,24,26,37,48,140,140,140,140,140,257,0,11,23.614450326145914,8.786967024207115,426.4811200555414,17496.996108949417
1778072535,100,POST,/cart/checkout,2.200000,0.000000,10,11,24,26,39,41,57,57,57,57,57,147,0,10,31.718637582016033,7.7455490827560425,916.5551918558776,6802.789115646258
1778072535,100,GET,/product/0PUK6V6EV0,0.400000,0.000000,7,7,34,34,57,57,57,57,57,57,57,36,0,7,15.416457136679027,5.54128410294652,78.05795804597437,7989.722222222223
1778072535,100,GET,/product/1YMWWN1N4O,0.800000,0.000000,6,6,7,7,99,99,99,99,99,99,99,50,0,7,18.88346365187317,5.536450073122978,99.42913986742496,8021.96
1778072535,100,GET,/product/2ZYFJ3GM2N,0.800000,0.000000,6,7,8,8,8,8,8,8,8,8,8,52,0,7,12.626645097043365,5.7333409786224365,66.90471805632114,8016.346153846154
1778072535,100,GET,/product/66VCHSJNUP,1.000000,0.000000,6,6,7,7,59,59,59,59,59,59,59,52,0,6,9.055506124591025,5.493171978741884,59.478354873135686,8000.0192307692305
1778072535,100,GET,/product/6E92ZMYYFZ,0.800000,0.000000,6,7,8,8,13,13,13,13,13,13,13,57,0,7,14.114204022151075,5.5180450435727835,106.45071417093277,7962.19298245614
1778072535,100,GET,/product/9SIQT8TOJO,0.900000,0.000000,7,7,8,21,67,67,67,67,67,67,67,48,0,7,10.691009723814204,5.5845510214567184,67.53621017560363,8029.270833333333
1778072535,100,GET,/product/L9ECAV7KIM,0.300000,0.000000,9,15,15,43,43,43,43,43,43,43,43,47,0,8,16.69642291566793,5.454609869047999,83.23945687152445,7990.851063829788
1778072535,100,GET,/product/LS4PSXUNUM,1.500000,0.000000,6,6,7,8,9,39,39,39,39,39,39,57,0,6,9.460001211744128,5.5320539977401495,79.66822199523449,7993.80701754386
1778072535,100,GET,/product/OLJCESPC7Z,0.600000,0.000000,11,11,13,13,13,13,13,13,13,13,13,54,0,7,15.11440128174231,5.6223999708890915,97.04514313489199,8027.018518518518
1778072535,100,,Aggregated,56.100000,0.000000,8,10,14,22,39,54,79,120,150,150,150,3495,0,9,26.57417413506801,5.454609869047999,939.5796142052859,10566.206294706724
1778072536,100,GET,/,44.100000,0.000000,8,9,16,24,40,62,76,120,150,150,150,2689,0,9,28.731873880551596,5.6829629465937614,939.5796142052859,10540.97471178877
1778072536,100,POST,/cart,4.100000,0.000000,11,11,12,24,35,48,140,140,140,140,140,262,0,11,23.620693465403303,8.786967024207115,426.4811200555414,17515.091603053435
1778072536,100,POST,/cart/checkout,2.200000,0.000000,10,11,24,26,39,41,57,57,57,57,57,148,0,10,31.57649145656693,7.7455490827560425,916.5551918558776,6802.72972972973
1778072536,100,GET,/product/0PUK6V6EV0,0.600000,0.000000,9,34,57,57,59,59,59,59,59,59,59,39,0,7,16.101195429189083,5.137014901265502,78.05795804597437,7991.692307692308
1778072536,100,GET,/product/1YMWWN1N4O,0.800000,0.000000,6,6,7,7,99,99,99,99,99,99,99,51,0,7,18.63844136652701,5.536450073122978,99.42913986742496,8023.274509803921
1778072536,100,GET,/product/2ZYFJ3GM2N,0.900000,0.000000,6,6,7,8,8,8,8,8,8,8,8,55,0,7,12.298271470618518,5.5485619232058525,66.90471805632114,8017.272727272727
1778072536,100,GET,/product/66VCHSJNUP,0.900000,0.000000,6,6,7,59,68,68,68,68,68,68,68,55,0,6,10.000529974191027,5.493171978741884,67.66455085016787,8001.872727272727
1778072536,100,GET,/product/6E92ZMYYFZ,0.700000,0.000000,7,7,8,8,13,13,13,13,13,13,13,58,0,7,13.999016521948166,5.5180450435727835,106.45071417093277,7963.051724137931
1778072536,100,GET,/product/9SIQT8TOJO,1.000000,0.000000,6,7,8,21,67,67,67,67,67,67,67,49,0,7,10.592234648802147,5.5845510214567184,67.53621017560363,8028.428571428572
1778072536,100,GET,/product/L9ECAV7KIM,0.400000,0.000000,15,15,43,43,68,68,68,68,68,68,68,48,0,8,17.773591564036906,5.454609869047999,83.23945687152445,7989.375
1778072536,100,GET,/product/LS4PSXUNUM,1.500000,0.000000,6,6,7,8,9,39,39,39,39,39,39,58,0,6,9.393997915924109,5.5320539977401495,79.66822199523449,7992.862068965517
1778072536,100,GET,/product/OLJCESPC7Z,0.400000,0.000000,11,11,13,13,13,13,13,13,13,13,13,55,0,7,14.939559750597585,5.498117068782449,97.04514313489199,8027.909090909091
1778072536,100,,Aggregated,57.600000,0.000000,8,10,14,23,40,60,74,120,150,150,150,3567,0,9,26.486547523339254,5.137014901265502,939.5796142052859,10565.241379310344
1778072537,100,GET,/,43.500000,0.000000,8,9,14,22,39,62,70,120,150,150,150,2738,0,9,28.502069998714852,5.6829629465937614,939.5796142052859,10541.133674214756
1778072537,100,POST,/cart,4.000000,0.000000,10,11,12,28,39,48,140,140,140,140,140,265,0,11,23.580036172643304,8.786967024207115,426.4811200555414,17508.449056603775
1778072537,100,POST,/cart/checkout,2.300000,0.000000,10,11,17,24,32,39,41,41,41,41,41,151,0,10,31.181638665645327,7.7455490827560425,916.5551918558776,6802.986754966887
1778072537,100,GET,/product/0PUK6V6EV0,0.500000,0.000000,7,9,34,57,59,59,59,59,59,59,59,40,0,7,15.860619692830369,5.137014901265502,78.05795804597437,7990.55
1778072537,100,GET,/product/1YMWWN1N4O,0.600000,0.000000,6,6,7,7,7,7,7,7,7,7,7,52,0,7,18.40764532188097,5.536450073122978,99.42913986742496,8022.173076923077
1778072537,100,GET,/product/2ZYFJ3GM2N,0.800000,0.000000,6,7,8,8,8,8,8,8,8,8,8,55,0,7,12.298271470618518,5.5485619232058525,66.90471805632114,8017.272727272727
1778072537,100,GET,/product/66VCHSJNUP,0.900000,0.000000,6,6,7,59,68,68,68,68,68,68,68,57,0,6,9.847528133704735,5.493171978741884,67.66455085016787,8002.964912280701
1778072537,100,GET,/product/6E92ZMYYFZ,0.700000,0.000000,6,6,7,7,8,8,8,8,8,8,8,59,0,7,13.859605175932332,5.5180450435727835,106.45071417093277,7962.271186440678
1778072537,100,GET,/product/9SIQT8TOJO,1.000000,0.000000,6,7,8,21,67,67,67,67,67,67,67,49,0,7,10.592234648802147,5.5845510214567184,67.53621017560363,8028.428571428572
1778072537,100,GET,/product/L9ECAV7KIM,0.500000,0.000000,15,15,43,43,68,68,68,68,68,68,68,48,0,8,17.773591564036906,5.454609869047999,83.23945687152445,7989.375
1778072537,100,GET,/product/LS4PSXUNUM,1.400000,0.000000,6,7,8,8,9,39,39,39,39,39,39,58,0,6,9.393997915924109,5.5320539977401495,79.66822199523449,7992.862068965517
1778072537,100,GET,/product/OLJCESPC7Z,0.300000,0.000000,11,11,13,13,13,13,13,13,13,13,13,55,0,7,14.939559750597585,5.498117068782449,97.04514313489199,8027.909090909091
1778072537,100,,Aggregated,56.500000,0.000000,8,10,12,20,39,57,70,120,150,150,150,3627,0,9,26.297639184822703,5.137014901265502,939.5796142052859,10563.6299972429
1778072538,100,GET,/,43.700000,0.000000,8,9,13,21,39,62,70,120,150,150,150,2772,0,8,28.249402301860396,5.6829629465937614,939.5796142052859,10541.227272727272
1778072538,100,POST,/cart,3.700000,0.000000,11,11,12,30,40,48,140,140,140,140,140,268,0,11,23.55715474061696,8.786967024207115,426.4811200555414,17523.007462686568
1778072538,100,POST,/cart/checkout,2.400000,0.000000,10,11,24,26,39,41,41,41,41,41,41,152,0,10,31.039011424199042,7.7455490827560425,916.5551918558776,6802.8026315789475
1778072538,100,GET,/product/0PUK6V6EV0,0.500000,0.000000,7,9,34,57,59,59,59,59,59,59,59,40,0,7,15.860619692830369,5.137014901265502,78.05795804597437,7990.55
1778072538,100,GET,/product/1YMWWN1N4O,0.600000,0.000000,6,6,7,7,7,7,7,7,7,7,7,52,0,7,18.40764532188097,5.536450073122978,99.42913986742496,8022.173076923077
1778072538,100,GET,/product/2ZYFJ3GM2N,0.900000,0.000000,6,6,7,8,8,8,8,8,8,8,8,56,0,7,12.186287357638191,5.5485619232058525,66.90471805632114,8016.714285714285
1778072538,100,GET,/product/66VCHSJNUP,0.900000,0.000000,6,6,7,59,68,68,68,68,68,68,68,57,0,6,9.847528133704735,5.493171978741884,67.66455085016787,8002.964912280701
1778072538,100,GET,/product/6E92ZMYYFZ,0.700000,0.000000,6,6,6,7,7,7,7,7,7,7,7,59,0,7,13.859605175932332,5.5180450435727835,106.45071417093277,7962.271186440678
1778072538,100,GET,/product/9SIQT8TOJO,1.100000,0.000000,6,7,8,8,21,21,21,21,21,21,21,49,0,7,10.592234648802147,5.5845510214567184,67.53621017560363,8028.428571428572
1778072538,100,GET,/product/L9ECAV7KIM,0.500000,0.000000,9,9,43,43,68,68,68,68,68,68,68,49,0,8,17.56246210246974,5.454609869047999,83.23945687152445,7990.0204081632655
1778072538,100,GET,/product/LS4PSXUNUM,1.300000,0.000000,6,6,7,9,39,39,39,39,39,39,39,59,0,6,9.337860053026322,5.5320539977401495,79.66822199523449,7992.118644067797
1778072538,100,GET,/product/OLJCESPC7Z,0.400000,0.000000,11,11,13,13,13,13,13,13,13,13,13,55,0,7,14.939559750597585,5.498117068782449,97.04514313489199,8027.909090909091
1778072538,100,,Aggregated,56.700000,0.000000,8,9,12,19,39,55,70,120,150,150,150,3668,0,9,26.102470093627126,5.137014901265502,939.5796142052859,10567.094329334788
1778072539,100,GET,/,44.100000,0.000000,8,9,14,24,45,62,76,120,150,150,150,2818,0,8,28.14511923850471,5.6829629465937614,939.5796142052859,10541.391412349183
1778072539,100,POST,/cart,3.600000,0.000000,11,11,28,35,48,57,140,140,140,140,140,276,0,11,23.69420981773621,8.786967024207115,426.4811200555414,17538.601449275364
1778072539,100,POST,/cart/checkout,2.500000,0.000000,10,11,24,26,36,39,41,41,41,41,41,154,0,10,30.93086915882909,7.7455490827560425,916.5551918558776,6802.675324675325
1778072539,100,GET,/product/0PUK6V6EV0,0.800000,0.000000,9,34,59,59,86,86,86,86,86,86,86,41,0,7,17.57003867816998,5.137014901265502,85.94679809175432,7992.5609756097565
1778072539,100,GET,/product/1YMWWN1N4O,0.600000,0.000000,6,7,7,7,7,7,7,7,7,7,7,52,0,7,18.40764532188097,5.536450073122978,99.42913986742496,8022.173076923077
1778072539,100,GET,/product/2ZYFJ3GM2N,0.900000,0.000000,6,6,7,8,8,8,8,8,8,8,8,57,0,7,12.07773738720438,5.5485619232058525,66.90471805632114,8017.456140350877
1778072539,100,GET,/product/66VCHSJNUP,0.900000,0.000000,6,7,7,7,59,68,68,68,68,68,68,59,0,6,9.738066896669945,5.493171978741884,67.66455085016787,8004.050847457627
1778072539,100,GET,/product/6E92ZMYYFZ,0.800000,0.000000,6,6,6,6,7,7,7,7,7,7,7,60,0,7,13.723538823736211,5.5180450435727835,106.45071417093277,7962.216666666666
1778072539,100,GET,/product/9SIQT8TOJO,1.000000,0.000000,6,7,8,8,21,21,21,21,21,21,21,49,0,7,10.592234648802147,5.5845510214567184,67.53621017560363,8028.428571428572
1778072539,100,GET,/product/L9ECAV7KIM,0.600000,0.000000,9,43,55,55,68,68,68,68,68,68,68,51,0,8,18.08167741104376,5.454609869047999,83.23945687152445,7989.568627450981
1778072539,100,GET,/product/LS4PSXUNUM,1.300000,0.000000,6,6,9,9,39,39,39,39,39,39,39,60,0,6,9.275174936434874,5.5320539977401495,79.66822199523449,7992.816666666667
1778072539,100,GET,/product/OLJCESPC7Z,0.400000,0.000000,11,11,13,13,13,13,13,13,13,13,13,55,0,7,14.939559750597585,5.498117068782449,97.04514313489199,8027.909090909091
1778072539,100,,Aggregated,57.500000,0.000000,8,10,13,24,44,62,76,120,150,150,150,3732,0,9,26.04481016946028,5.137014901265502,939.5796142052859,10575.478831725617
1778072540,100,GET,/,44.100000,0.000000,8,9,15,23,44,62,76,120,150,150,150,2865,0,8,27.86692852125118,5.6829629465937614,939.5796142052859,10541.597207678884
1778072540,100,POST,/cart,3.500000,0.000000,11,11,30,39,48,67,140,140,140,140,140,277,0,11,23.65272020457131,8.786967024207115,426.4811200555414,17555.274368231047
1778072540,100,POST,/cart/checkout,2.200000,0.000000,10,11,24,26,36,39,41,41,41,41,41,156,0,10,30.65390763237165,7.7455490827560425,916.5551918558776,6802.615384615385
1778072540,100,GET,/product/0PUK6V6EV0,0.900000,0.000000,9,34,47,59,86,86,86,86,86,86,86,43,0,7,17.990721070185998,5.137014901265502,85.94679809175432,7994.488372093023
1778072540,100,GET,/product/1YMWWN1N4O,0.600000,0.000000,6,6,7,7,7,7,7,7,7,7,7,54,0,6,17.939284823283,5.536450073122978,99.42913986742496,8022.611111111111
1778072540,100,GET,/product/2ZYFJ3GM2N,0.900000,0.000000,6,7,8,8,8,38,38,38,38,38,38,59,0,7,12.411802920307649,5.5485619232058525,66.90471805632114,8017.28813559322
1778072540,100,GET,/product/66VCHSJNUP,1.000000,0.000000,6,7,7,7,7,68,68,68,68,68,68,60,0,6,9.672341747985532,5.493171978741884,67.66455085016787,8004.433333333333
1778072540,100,GET,/product/6E92ZMYYFZ,0.600000,0.000000,6,6,6,6,7,7,7,7,7,7,7,61,0,7,13.594699023505214,5.5180450435727835,106.45071417093277,7962.770491803279
1778072540,100,GET,/product/9SIQT8TOJO,0.700000,0.000000,7,7,8,8,21,21,21,21,21,21,21,49,0,7,10.592234648802147,5.5845510214567184,67.53621017560363,8028.428571428572
1778072540,100,GET,/product/L9ECAV7KIM,0.600000,0.000000,9,12,43,55,68,68,68,68,68,68,68,53,0,8,17.742621150078637,5.454609869047999,83.23945687152445,7989.528301886792
1778072540,100,GET,/product/LS4PSXUNUM,1.100000,0.000000,6,9,20,20,39,39,39,39,39,39,39,61,0,6,9.447972461978187,5.5320539977401495,79.66822199523449,7993.459016393443
1778072540,100,GET,/product/OLJCESPC7Z,0.400000,0.000000,7,7,11,11,11,11,11,11,11,11,11,56,0,7,14.78967147081026,5.498117068782449,97.04514313489199,8028.482142857143
1778072540,100,,Aggregated,56.600000,0.000000,8,10,14,23,43,59,73,120,150,150,150,3794,0,9,25.809363612566884,5.137014901265502,939.5796142052859,10568.193990511334
1778072541,100,GET,/,44.100000,0.000000,8,9,14,22,42,62,76,120,150,150,150,2906,0,8,27.619965964798794,5.6829629465937614,939.5796142052859,10541.70061940812
1778072541,100,POST,/cart,3.800000,0.000000,11,15,34,39,48,67,140,140,140,140,140,284,0,11,23.60454851820488,8.786967024207115,426.4811200555414,17607.045774647886
1778072541,100,POST,/cart/checkout,2.100000,0.000000,10,10,17,26,39,41,41,41,41,41,41,158,0,10,30.38512796599748,7.7455490827560425,916.5551918558776,6802.905063291139
1778072541,100,GET,/product/0PUK6V6EV0,0.700000,0.000000,34,47,53,53,59,86,86,86,86,86,86,45,0,7,19.39482199959457,5.137014901265502,85.94679809175432,7994.977777777778
1778072541,100,GET,/product/1YMWWN1N4O,0.500000,0.000000,6,6,7,7,7,7,7,7,7,7,7,54,0,6,17.939284823283,5.536450073122978,99.42913986742496,8022.611111111111
1778072541,100,GET,/product/2ZYFJ3GM2N,0.900000,0.000000,6,6,7,8,8,38,38,38,38,38,38,61,0,7,12.184884925907264,5.159908207133412,66.90471805632114,8017.295081967213
1778072541,100,GET,/product/66VCHSJNUP,0.900000,0.000000,6,6,7,7,7,68,68,68,68,68,68,61,0,6,9.61033988469204,5.493171978741884,67.66455085016787,8002.983606557377
1778072541,100,GET,/product/6E92ZMYYFZ,0.500000,0.000000,6,6,6,7,7,7,7,7,7,7,7,64,0,7,13.24452070548432,5.094924010336399,106.45071417093277,7962.078125
1778072541,100,GET,/product/9SIQT8TOJO,0.700000,0.000000,6,6,6,21,21,21,21,21,21,21,21,50,0,7,10.488734254613519,5.417214939370751,67.53621017560363,8028.84
1778072541,100,GET,/product/L9ECAV7KIM,0.700000,0.000000,7,12,43,55,68,68,68,68,68,68,68,53,0,8,17.742621150078637,5.454609869047999,83.23945687152445,7989.528301886792
1778072541,100,GET,/product/LS4PSXUNUM,1.000000,0.000000,6,9,20,20,39,39,39,39,39,39,39,61,0,6,9.447972461978187,5.5320539977401495,79.66822199523449,7993.459016393443
1778072541,100,GET,/product/OLJCESPC7Z,0.400000,0.000000,6,6,7,7,7,7,7,7,7,7,7,56,0,7,14.78967147081026,5.498117068782449,97.04514313489199,8028.482142857143
1778072541,100,,Aggregated,56.300000,0.000000,8,10,14,23,44,59,73,120,150,150,150,3853,0,9,25.605022854080083,5.094924010336399,939.5796142052859,10576.519595120686
1778072542,100,GET,/,44.200000,0.000000,8,9,12,18,36,50,64,68,89,89,89,2945,0,8,27.391220149323217,5.6829629465937614,939.5796142052859,10541.861460101867
1778072542,100,POST,/cart,4.200000,0.000000,11,12,26,34,44,48,67,67,67,67,67,291,0,11,23.35462101600757,8.696313947439194,426.4811200555414,17618.446735395188
1778072542,100,POST,/cart/checkout,2.100000,0.000000,10,10,11,17,36,39,41,41,41,41,41,163,0,10,29.740904660701204,7.7455490827560425,916.5551918558776,6803.042944785276
1778072542,100,GET,/product/0PUK6V6EV0,0.900000,0.000000,34,47,53,53,59,86,86,86,86,86,86,45,0,7,19.39482199959457,5.137014901265502,85.94679809175432,7994.977777777778
1778072542,100,GET,/product/1YMWWN1N4O,0.500000,0.000000,6,6,7,7,7,7,7,7,7,7,7,56,0,6,17.512724148608477,5.536450073122978,99.42913986742496,8022.785714285715
1778072542,100,GET,/product/2ZYFJ3GM2N,0.900000,0.000000,6,6,8,8,8,38,38,38,38,38,38,61,0,7,12.184884925907264,5.159908207133412,66.90471805632114,8017.295081967213
1778072542,100,GET,/product/66VCHSJNUP,1.000000,0.000000,6,6,7,7,7,68,68,68,68,68,68,61,0,6,9.61033988469204,5.493171978741884,67.66455085016787,8002.983606557377
1778072542,100,GET,/product/6E92ZMYYFZ,0.600000,0.000000,6,6,6,7,7,7,7,7,7,7,7,64,0,7,13.24452070548432,5.094924010336399,106.45071417093277,7962.078125
1778072542,100,GET,/product/9SIQT8TOJO,0.700000,0.000000,6,6,6,6,6,6,6,6,6,6,6,50,0,7,10.488734254613519,5.417214939370751,67.53621017560363,8028.84
1778072542,100,GET,/product/L9ECAV7KIM,0.900000,0.000000,12,43,55,55,68,68,68,68,68,68,68,53,0,8,17.742621150078637,5.454609869047999,83.23945687152445,7989.528301886792
1778072542,100,GET,/product/LS4PSXUNUM,0.900000,0.000000,8,9,20,20,39,39,39,39,39,39,39,63,0,6,9.381908398594648,5.5320539977401495,79.66822199523449,7992.761904761905
1778072542,100,GET,/product/OLJCESPC7Z,0.300000,0.000000,6,7,7,8,8,8,8,8,8,8,8,58,0,7,14.525679004346502,5.498117068782449,97.04514313489199,8028.517241379311
1778072542,100,,Aggregated,57.200000,0.000000,8,9,12,18,38,50,65,68,89,89,89,3910,0,9,25.381096762419222,5.094924010336399,939.5796142052859,10580.96956521739
1778072543,100,GET,/,43.900000,0.000000,7,8,9,13,34,50,64,68,89,89,89,2986,0,8,27.120775145641357,5.6829629465937614,939.5796142052859,10542.049229738781
1778072543,100,POST,/cart,4.000000,0.000000,11,12,34,36,44,48,67,67,67,67,67,297,0,11,23.173897082663395,8.696313947439194,426.4811200555414,17609.262626262625
1778072543,100,POST,/cart/checkout,2.400000,0.000000,10,10,11,11,17,23,36,36,36,36,36,166,0,10,29.468102672372957,7.7455490827560425,916.5551918558776,6802.789156626506
1778072543,100,GET,/product/0PUK6V6EV0,1.000000,0.000000,9,46,47,53,59,86,86,86,86,86,86,47,0,7,18.810609741968676,5.137014901265502,85.94679809175432,7993.31914893617
1778072543,100,GET,/product/1YMWWN1N4O,0.600000,0.000000,6,6,6,6,7,7,7,7,7,7,7,59,0,6,16.92851017213474,5.536450073122978,99.42913986742496,8025.559322033899
1778072543,100,GET,/product/2ZYFJ3GM2N,1.200000,0.000000,6,6,8,8,32,38,38,38,38,38,38,63,0,7,12.387808974063585,5.159908207133412,66.90471805632114,8018.0317460317465
1778072543,100,GET,/product/66VCHSJNUP,1.100000,0.000000,6,7,7,7,7,68,68,68,68,68,68,61,0,6,9.61033988469204,5.493171978741884,67.66455085016787,8002.983606557377
1778072543,100,GET,/product/6E92ZMYYFZ,0.800000,0.000000,6,6,6,7,7,7,7,7,7,7,7,64,0,7,13.24452070548432,5.094924010336399,106.45071417093277,7962.078125
1778072543,100,GET,/product/9SIQT8TOJO,0.700000,0.000000,6,6,6,6,6,6,6,6,6,6,6,52,0,6,10.308392592168484,5.417214939370751,67.53621017560363,8029.596153846154
1778072543,100,GET,/product/L9ECAV7KIM,0.900000,0.000000,7,12,55,55,68,68,68,68,68,68,68,53,0,8,17.742621150078637,5.454609869047999,83.23945687152445,7989.528301886792
1778072543,100,GET,/product/LS4PSXUNUM,0.700000,0.000000,7,8,20,20,39,39,39,39,39,39,39,63,0,6,9.381908398594648,5.5320539977401495,79.66822199523449,7992.761904761905
1778072543,100,GET,/product/OLJCESPC7Z,0.400000,0.000000,6,7,7,8,8,8,8,8,8,8,8,59,0,7,14.372739155571592,5.498117068782449,97.04514313489199,8027.406779661017
1778072543,100,,Aggregated,57.700000,0.000000,7,9,11,13,36,50,65,68,89,89,89,3970,0,9,25.130888417783083,5.094924010336399,939.5796142052859,10581.360957178842
1778072544,100,GET,/,44.000000,0.000000,7,8,11,17,38,52,65,70,89,89,89,3029,0,8,27.023373470316063,5.6829629465937614,939.5796142052859,10542.20237702212
1778072544,100,POST,/cart,4.100000,0.000000,11,26,38,40,57,67,92,92,92,92,92,303,0,11,23.727972983311947,8.696313947439194,426.4811200555414,17632.24092409241
1778072544,100,POST,/cart/checkout,2.200000,0.000000,10,10,11,11,23,36,55,55,55,55,55,168,0,10,29.497286246623844,7.7455490827560425,916.5551918558776,6802.6547619047615
1778072544,100,GET,/product/0PUK6V6EV0,1.100000,0.000000,9,47,53,53,59,86,86,86,86,86,86,47,0,7,18.810609741968676,5.137014901265502,85.94679809175432,7993.31914893617
1778072544,100,GET,/product/1YMWWN1N4O,0.800000,0.000000,6,6,6,6,7,50,50,50,50,50,50,61,0,6,17.29800162806374,5.536450073122978,99.42913986742496,8024.262295081967
1778072544,100,GET,/product/2ZYFJ3GM2N,1.200000,0.000000,6,6,32,32,38,72,72,72,72,72,72,64,0,7,13.325754771358334,5.159908207133412,72.41634000092745,8018.359375
1778072544,100,GET,/product/66VCHSJNUP,1.200000,0.000000,6,7,7,7,8,68,68,68,68,68,68,63,0,6,9.507731981723317,5.234464071691036,67.66455085016787,8004.857142857143
1778072544,100,GET,/product/6E92ZMYYFZ,0.900000,0.000000,6,6,6,7,7,7,7,7,7,7,7,64,0,7,13.24452070548432,5.094924010336399,106.45071417093277,7962.078125
1778072544,100,GET,/product/9SIQT8TOJO,0.500000,0.000000,6,6,6,6,6,6,6,6,6,6,6,52,0,6,10.308392592168484,5.417214939370751,67.53621017560363,8029.596153846154
1778072544,100,GET,/product/L9ECAV7KIM,0.900000,0.000000,7,12,55,55,68,68,68,68,68,68,68,53,0,8,17.742621150078637,5.454609869047999,83.23945687152445,7989.528301886792
1778072544,100,GET,/product/LS4PSXUNUM,0.700000,0.000000,8,9,20,20,39,86,86,86,86,86,86,67,0,6,10.455054123260414,5.5320539977401495,85.9924559481442,7992.179104477612
1778072544,100,GET,/product/OLJCESPC7Z,0.400000,0.000000,6,7,7,8,8,8,8,8,8,8,8,59,0,7,14.372739155571592,5.498117068782449,97.04514313489199,8027.406779661017
1778072544,100,,Aggregated,58.000000,0.000000,8,9,11,18,42,55,68,83,92,92,92,4030,0,9,25.12718491803938,5.094924010336399,939.5796142052859,10585.618610421836
1778072545,100,GET,/,44.300000,0.000000,7,8,11,16,36,51,65,70,89,89,89,3071,0,8,26.768898011938234,5.6829629465937614,939.5796142052859,10542.453272549657
1778072545,100,POST,/cart,4.400000,0.000000,11,20,36,40,57,67,92,92,92,92,92,307,0,11,23.579220928354886,8.696313947439194,426.4811200555414,17635.325732899022
1778072545,100,POST,/cart/checkout,2.300000,0.000000,10,10,11,11,23,36,55,55,55,55,55,170,0,10,29.261185491786282,7.7455490827560425,916.5551918558776,6802.6
1778072545,100,GET,/product/0PUK6V6EV0,1.300000,0.000000,7,46,47,53,59,86,86,86,86,86,86,50,0,7,18.040021383203566,5.137014901265502,85.94679809175432,7996.78
1778072545,100,GET,/product/1YMWWN1N4O,1.000000,0.000000,6,6,6,6,7,50,50,50,50,50,50,61,0,6,17.29800162806374,5.536450073122978,99.42913986742496,8024.262295081967
1778072545,100,GET,/product/2ZYFJ3GM2N,1.200000,0.000000,6,8,32,32,38,72,72,72,72,72,72,64,0,7,13.325754771358334,5.159908207133412,72.41634000092745,8018.359375
1778072545,100,GET,/product/66VCHSJNUP,1.100000,0.000000,6,7,7,8,68,68,68,68,68,68,68,63,0,6,9.507731981723317,5.234464071691036,67.66455085016787,8004.857142857143
1778072545,100,GET,/product/6E92ZMYYFZ,0.900000,0.000000,6,6,7,7,7,7,7,7,7,7,7,67,0,7,12.937271585270985,5.094924010336399,106.45071417093277,7964.761194029851
1778072545,100,GET,/product/9SIQT8TOJO,0.300000,0.000000,6,6,6,6,6,6,6,6,6,6,6,53,0,6,10.23158160003148,5.417214939370751,67.53621017560363,8029.0
1778072545,100,GET,/product/L9ECAV7KIM,0.800000,0.000000,7,12,55,55,68,68,68,68,68,68,68,54,0,7,17.538570406570756,5.454609869047999,83.23945687152445,7990.574074074074
1778072545,100,GET,/product/LS4PSXUNUM,0.800000,0.000000,8,9,9,20,86,86,86,86,86,86,86,67,0,6,10.455054123260414,5.5320539977401495,85.9924559481442,7992.179104477612
1778072545,100,GET,/product/OLJCESPC7Z,0.400000,0.000000,6,7,7,8,8,8,8,8,8,8,8,59,0,7,14.372739155571592,5.498117068782449,97.04514313489199,8027.406779661017
1778072545,100,,Aggregated,58.800000,0.000000,8,9,11,18,40,55,68,83,92,92,92,4086,0,9,24.898227313109476,5.094924010336399,939.5796142052859,10585.639011257954
1778072546,100,GET,/,43.800000,0.000000,7,8,11,15,35,50,65,70,89,89,89,3117,0,8,26.66195620152828,5.6829629465937614,939.5796142052859,10542.497593840231
1778072546,100,POST,/cart,4.500000,0.000000,11,15,34,38,57,67,92,92,92,92,92,311,0,11,23.422747520262742,8.696313947439194,426.4811200555414,17661.418006430868
1778072546,100,POST,/cart/checkout,2.300000,0.000000,10,10,10,11,23,36,55,55,55,55,55,175,0,10,28.700286598343933,7.7455490827560425,916.5551918558776,6802.548571428571
1778072546,100,GET,/product/0PUK6V6EV0,1.100000,0.000000,7,8,47,47,53,86,86,86,86,86,86,51,0,7,17.836672021076083,5.137014901265502,85.94679809175432,7995.980392156863
1778072546,100,GET,/product/1YMWWN1N4O,1.100000,0.000000,6,6,6,6,7,50,50,50,50,50,50,62,0,6,17.104378443271404,5.29336417093873,99.42913986742496,8024.403225806452
1778072546,100,GET,/product/2ZYFJ3GM2N,1.300000,0.000000,6,10,32,38,72,72,72,72,72,72,72,65,0,7,13.277811388700055,5.159908207133412,72.41634000092745,8018.7692307692305
1778072546,100,GET,/product/66VCHSJNUP,1.200000,0.000000,6,7,7,8,9,9,9,9,9,9,9,64,0,6,9.496111950284103,5.234464071691036,67.66455085016787,8004.15625
1778072546,100,GET,/product/6E92ZMYYFZ,0.900000,0.000000,6,6,7,7,7,7,7,7,7,7,7,67,0,7,12.937271585270985,5.094924010336399,106.45071417093277,7964.761194029851
1778072546,100,GET,/product/9SIQT8TOJO,0.400000,0.000000,6,6,6,6,6,6,6,6,6,6,6,53,0,6,10.23158160003148,5.417214939370751,67.53621017560363,8029.0
1778072546,100,GET,/product/L9ECAV7KIM,0.700000,0.000000,7,7,12,12,55,55,55,55,55,55,55,55,0,7,17.33745256523517,5.454609869047999,83.23945687152445,7990.090909090909
1778072546,100,GET,/product/LS4PSXUNUM,1.000000,0.000000,7,8,9,9,20,86,86,86,86,86,86,69,0,6,10.314767815820549,5.5320539977401495,85.9924559481442,7992.869565217391
1778072546,100,GET,/product/OLJCESPC7Z,0.500000,0.000000,6,7,7,8,8,8,8,8,8,8,8,59,0,7,14.372739155571592,5.498117068782449,97.04514313489199,8027.406779661017
1778072546,100,,Aggregated,58.800000,0.000000,8,9,11,15,38,51,67,83,92,92,92,4148,0,9,24.777153870995672,5.094924010336399,939.5796142052859,10585.019768563163
1778072547,100,GET,/,43.100000,0.000000,7,8,10,14,33,50,64,79,89,89,89,3149,0,8,26.5151173430597,5.6829629465937614,939.5796142052859,10542.592886630677
1778072547,100,POST,/cart,4.800000,0.000000,11,12,26,34,48,67,83,92,92,92,92,318,0,11,23.198973114379687,8.665276924148202,426.4811200555414,17699.783018867925
1778072547,100,POST,/cart/checkout,2.400000,0.000000,10,10,10,11,23,36,55,55,55,55,55,177,0,10,28.484925717157495,7.7455490827560425,916.5551918558776,6802.881355932203
1778072547,100,GET,/product/0PUK6V6EV0,1.200000,0.000000,7,8,47,47,53,86,86,86,86,86,86,51,0,7,17.836672021076083,5.137014901265502,85.94679809175432,7995.980392156863
1778072547,100,GET,/product/1YMWWN1N4O,1.100000,0.000000,6,6,6,6,7,50,50,50,50,50,50,62,0,6,17.104378443271404,5.29336417093873,99.42913986742496,8024.403225806452
1778072547,100,GET,/product/2ZYFJ3GM2N,1.200000,0.000000,6,10,32,38,72,72,72,72,72,72,72,65,0,7,13.277811388700055,5.159908207133412,72.41634000092745,8018.7692307692305
1778072547,100,GET,/product/66VCHSJNUP,1.100000,0.000000,7,7,8,8,9,9,9,9,9,9,9,64,0,6,9.496111950284103,5.234464071691036,67.66455085016787,8004.15625
1778072547,100,GET,/product/6E92ZMYYFZ,0.900000,0.000000,6,6,7,7,7,51,51,51,51,51,51,70,0,7,13.276189914904535,5.094924010336399,106.45071417093277,7965.257142857143
1778072547,100,GET,/product/9SIQT8TOJO,0.500000,0.000000,6,6,6,6,6,6,6,6,6,6,6,54,0,6,10.159786290454644,5.417214939370751,67.53621017560363,8029.407407407408
1778072547,100,GET,/product/L9ECAV7KIM,0.700000,0.000000,7,7,7,12,55,55,55,55,55,55,55,58,0,7,16.77938784745618,5.454609869047999,83.23945687152445,7987.362068965517
1778072547,100,GET,/product/LS4PSXUNUM,1.000000,0.000000,7,9,9,9,20,86,86,86,86,86,86,69,0,6,10.314767815820549,5.5320539977401495,85.9924559481442,7992.869565217391
1778072547,100,GET,/product/OLJCESPC7Z,0.500000,0.000000,7,7,8,8,8,8,8,8,8,8,8,59,0,7,14.372739155571592,5.498117068782449,97.04514313489199,8027.406779661017
1778072547,100,,Aggregated,58.500000,0.000000,8,9,11,14,38,51,66,83,92,92,92,4196,0,9,24.634660937940104,5.094924010336399,939.5796142052859,10593.32888465205
1778072548,100,GET,/,42.600000,0.000000,7,9,11,16,38,51,65,81,89,89,89,3198,0,8,26.40297493131178,5.6829629465937614,939.5796142052859,10542.67698561601
1778072548,100,POST,/cart,5.300000,0.000000,11,13,26,34,57,67,92,92,92,92,92,320,0,11,23.120031363941962,8.665276924148202,426.4811200555414,17718.76875
1778072548,100,POST,/cart/checkout,2.500000,0.000000,10,10,11,11,23,36,55,55,55,55,55,180,0,10,28.191309776674544,7.7455490827560425,916.5551918558776,6803.083333333333
1778072548,100,GET,/product/0PUK6V6EV0,1.400000,0.000000,8,10,46,47,53,86,86,86,86,86,86,54,0,7,17.281529299604397,5.137014901265502,85.94679809175432,7995.62962962963
1778072548,100,GET,/product/1YMWWN1N4O,1.100000,0.000000,6,6,6,6,6,50,50,50,50,50,50,63,0,6,16.933193640960823,5.29336417093873,99.42913986742496,8024.555555555556
1778072548,100,GET,/product/2ZYFJ3GM2N,1.100000,0.000000,6,10,32,38,72,72,72,72,72,72,72,65,0,7,13.277811388700055,5.159908207133412,72.41634000092745,8018.7692307692305
1778072548,100,GET,/product/66VCHSJNUP,1.000000,0.000000,7,7,8,8,9,9,9,9,9,9,9,65,0,6,9.45876630452963,5.234464071691036,67.66455085016787,8004.723076923077
1778072548,100,GET,/product/6E92ZMYYFZ,1.000000,0.000000,6,6,7,7,8,51,51,51,51,51,51,72,0,7,13.096841611614865,5.094924010336399,106.45071417093277,7963.777777777777
1778072548,100,GET,/product/9SIQT8TOJO,0.400000,0.000000,6,6,6,6,6,6,6,6,6,6,6,56,0,6,10.013016971892544,5.417214939370751,67.53621017560363,8026.964285714285
1778072548,100,GET,/product/L9ECAV7KIM,0.700000,0.000000,7,7,7,7,12,12,12,12,12,12,12,59,0,7,16.589080034834097,5.454609869047999,83.23945687152445,7988.64406779661
1778072548,100,GET,/product/LS4PSXUNUM,1.000000,0.000000,8,9,10,10,20,86,86,86,86,86,86,71,0,6,10.27653062335727,5.5320539977401495,85.9924559481442,7991.211267605634
1778072548,100,GET,/product/OLJCESPC7Z,0.400000,0.000000,7,7,8,8,8,8,8,8,8,8,8,59,0,7,14.372739155571592,5.498117068782449,97.04514313489199,8027.406779661017
1778072548,100,,Aggregated,58.500000,0.000000,8,9,11,15,38,52,67,84,92,92,92,4262,0,9,24.506690171555974,5.094924010336399,939.5796142052859,10587.542233693102
1778072549,100,GET,/,42.400000,0.000000,7,8,9,12,32,50,64,79,88,88,88,3239,0,8,26.192340043000474,5.6829629465937614,939.5796142052859,10542.757332510035
1778072549,100,POST,/cart,5.000000,0.000000,11,12,20,26,38,66,92,92,92,92,92,325,0,11,22.982631598670896,8.080156985670328,426.4811200555414,17721.193846153845
1778072549,100,POST,/cart/checkout,2.700000,0.000000,10,10,11,11,17,23,55,55,55,55,55,183,0,10,27.91300173238164,7.7455490827560425,916.5551918558776,6803.475409836065
1778072549,100,GET,/product/0PUK6V6EV0,1.200000,0.000000,8,9,10,46,47,53,53,53,53,53,53,55,0,7,17.128833692351524,5.137014901265502,85.94679809175432,7994.836363636364
1778072549,100,GET,/product/1YMWWN1N4O,1.100000,0.000000,6,6,6,6,6,50,50,50,50,50,50,65,0,6,16.57520170466831,5.035060225054622,99.42913986742496,8024.307692307692
1778072549,100,GET,/product/2ZYFJ3GM2N,1.000000,0.000000,10,32,38,38,72,72,72,72,72,72,72,65,0,7,13.277811388700055,5.159908207133412,72.41634000092745,8018.7692307692305
1778072549,100,GET,/product/66VCHSJNUP,0.900000,0.000000,7,7,8,8,9,9,9,9,9,9,9,65,0,6,9.45876630452963,5.234464071691036,67.66455085016787,8004.723076923077
1778072549,100,GET,/product/6E92ZMYYFZ,1.000000,0.000000,6,7,7,7,8,51,51,51,51,51,51,72,0,7,13.096841611614865,5.094924010336399,106.45071417093277,7963.777777777777
1778072549,100,GET,/product/9SIQT8TOJO,0.500000,0.000000,6,6,6,6,7,7,7,7,7,7,7,57,0,6,9.96775023655541,5.417214939370751,67.53621017560363,8027.596491228071
1778072549,100,GET,/product/L9ECAV7KIM,0.800000,0.000000,7,7,7,7,12,12,12,12,12,12,12,59,0,7,16.589080034834097,5.454609869047999,83.23945687152445,7988.64406779661
1778072549,100,GET,/product/LS4PSXUNUM,1.100000,0.000000,8,9,9,10,20,86,86,86,86,86,86,72,0,6,10.210553698319321,5.526192020624876,85.9924559481442,7990.847222222223
1778072549,100,GET,/product/OLJCESPC7Z,0.400000,0.000000,7,7,8,8,8,8,8,8,8,8,8,59,0,7,14.372739155571592,5.498117068782449,97.04514313489199,8027.406779661017
1778072549,100,,Aggregated,58.100000,0.000000,8,9,10,12,33,50,64,83,92,92,92,4316,0,9,24.324563729807224,5.035060225054622,939.5796142052859,10590.011816496757
1778072550,100,GET,/,41.100000,0.000000,7,9,11,19,40,62,84,89,140,140,140,3294,0,8,26.2612805793115,5.6829629465937614,939.5796142052859,10542.972677595628
1778072550,100,POST,/cart,5.400000,0.000000,11,13,26,32,45,83,92,92,92,92,92,326,0,11,23.179549964550493,8.080156985670328,426.4811200555414,17725.972392638036
1778072550,100,POST,/cart/checkout,2.600000,0.000000,10,11,11,11,23,40,55,55,55,55,55,185,0,10,27.94270972419228,7.7455490827560425,916.5551918558776,6803.594594594595
1778072550,100,GET,/product/0PUK6V6EV0,1.200000,0.000000,7,8,9,9,10,46,46,46,46,46,46,56,0,7,16.92711707021642,5.137014901265502,85.94679809175432,7995.982142857143
1778072550,100,GET,/product/1YMWWN1N4O,1.000000,0.000000,6,6,6,6,50,77,77,77,77,77,77,67,0,6,17.312938399585104,5.035060225054622,99.42913986742496,8024.164179104478
1778072550,100,GET,/product/2ZYFJ3GM2N,0.900000,0.000000,10,32,32,72,72,72,72,72,72,72,72,65,0,7,13.277811388700055,5.159908207133412,72.41634000092745,8018.7692307692305
1778072550,100,GET,/product/66VCHSJNUP,0.700000,0.000000,8,9,74,74,76,76,76,76,76,76,76,67,0,6,11.418845368994038,5.234464071691036,76.44698093645275,8004.940298507463
1778072550,100,GET,/product/6E92ZMYYFZ,1.200000,0.000000,6,7,7,8,51,51,51,51,51,51,51,72,0,7,13.096841611614865,5.094924010336399,106.45071417093277,7963.777777777777
1778072550,100,GET,/product/9SIQT8TOJO,0.600000,0.000000,6,6,6,6,7,7,7,7,7,7,7,58,0,6,9.90700661124469,5.417214939370751,67.53621017560363,8026.1551724137935
1778072550,100,GET,/product/L9ECAV7KIM,0.900000,0.000000,7,7,7,7,12,12,12,12,12,12,12,59,0,7,16.589080034834097,5.454609869047999,83.23945687152445,7988.64406779661
1778072550,100,GET,/product/LS4PSXUNUM,1.200000,0.000000,8,9,9,9,10,86,86,86,86,86,86,72,0,6,10.210553698319321,5.526192020624876,85.9924559481442,7990.847222222223
1778072550,100,GET,/product/OLJCESPC7Z,0.400000,0.000000,7,7,8,8,10,10,10,10,10,10,10,62,0,7,14.03992351955704,5.46609191223979,97.04514313489199,8027.967741935484
1778072550,100,,Aggregated,57.200000,0.000000,8,9,11,17,40,63,84,89,140,140,140,4383,0,9,24.428147034085956,5.035060225054622,939.5796142052859,10584.563769107917
1778072551,100,GET,/,42.200000,0.000000,7,9,11,19,44,63,84,89,140,140,140,3327,0,8,26.10126178589044,5.6829629465937614,939.5796142052859,10542.992485722874
1778072551,100,POST,/cart,5.200000,0.000000,10,11,14,20,45,83,92,92,92,92,92,328,0,11,23.11147785200397,8.080156985670328,426.4811200555414,17735.442073170732
1778072551,100,POST,/cart/checkout,2.700000,0.000000,10,11,11,11,23,40,55,55,55,55,55,188,0,10,27.64698075120674,7.7455490827560425,916.5551918558776,6803.776595744681
1778072551,100,GET,/product/0PUK6V6EV0,1.500000,0.000000,6,8,9,9,9,10,10,10,10,10,10,56,0,7,16.92711707021642,5.137014901265502,85.94679809175432,7995.982142857143
1778072551,100,GET,/product/1YMWWN1N4O,1.200000,0.000000,6,6,50,50,64,77,77,77,77,77,77,68,0,6,17.995677833609722,5.035060225054622,99.42913986742496,8023.544117647059
1778072551,100,GET,/product/2ZYFJ3GM2N,0.800000,0.000000,10,32,32,72,72,72,72,72,72,72,72,65,0,7,13.277811388700055,5.159908207133412,72.41634000092745,8018.7692307692305
1778072551,100,GET,/product/66VCHSJNUP,0.700000,0.000000,8,9,74,74,76,76,76,76,76,76,76,68,0,6,11.334103302728822,5.234464071691036,76.44698093645275,8004.044117647059
1778072551,100,GET,/product/6E92ZMYYFZ,1.300000,0.000000,6,7,7,8,51,51,51,51,51,51,51,72,0,7,13.096841611614865,5.094924010336399,106.45071417093277,7963.777777777777
1778072551,100,GET,/product/9SIQT8TOJO,0.800000,0.000000,6,6,6,6,7,7,7,7,7,7,7,58,0,6,9.90700661124469,5.417214939370751,67.53621017560363,8026.1551724137935
1778072551,100,GET,/product/L9ECAV7KIM,0.900000,0.000000,7,7,7,7,12,12,12,12,12,12,12,59,0,7,16.589080034834097,5.454609869047999,83.23945687152445,7988.64406779661
1778072551,100,GET,/product/LS4PSXUNUM,1.300000,0.000000,7,9,9,9,10,86,86,86,86,86,86,73,0,6,10.152413567196424,5.526192020624876,85.9924559481442,7991.657534246576
1778072551,100,GET,/product/OLJCESPC7Z,0.400000,0.000000,7,8,8,10,10,10,10,10,10,10,10,62,0,7,14.03992351955704,5.46609191223979,97.04514313489199,8027.967741935484
1778072551,100,,Aggregated,59.000000,0.000000,8,9,11,16,44,64,86,89,140,140,140,4424,0,9,24.306155660481885,5.035060225054622,939.5796142052859,10583.88471971067
1778072552,100,GET,/,42.400000,0.000000,8,9,11,19,45,63,84,89,140,140,140,3377,0,8,25.87871424290375,5.6829629465937614,939.5796142052859,10543.105715131775
1778072552,100,POST,/cart,4.800000,0.000000,11,13,26,32,66,87,92,92,92,92,92,330,0,11,23.100413530923877,8.080156985670328,426.4811200555414,17756.742424242424
1778072552,100,POST,/cart/checkout,2.900000,0.000000,10,11,11,21,40,40,55,55,55,55,55,189,0,10,27.714372497968494,7.7455490827560425,916.5551918558776,6803.6984126984125
1778072552,100,GET,/product/0PUK6V6EV0,1.300000,0.000000,6,8,9,9,10,28,28,28,28,28,28,58,0,7,16.922602446043285,5.137014901265502,85.94679809175432,7996.827586206897
1778072552,100,GET,/product/1YMWWN1N4O,1.400000,0.000000,6,6,50,50,64,77,77,77,77,77,77,70,0,6,17.64466655108013,5.035060225054622,99.42913986742496,8024.271428571428
1778072552,100,GET,/product/2ZYFJ3GM2N,0.800000,0.000000,10,32,32,72,72,72,72,72,72,72,72,66,0,7,13.169812564173657,5.159908207133412,72.41634000092745,8019.893939393939
1778072552,100,GET,/product/66VCHSJNUP,0.800000,0.000000,7,8,9,74,76,76,76,76,76,76,76,70,0,6,11.170498581070985,5.234464071691036,76.44698093645275,8002.842857142857
1778072552,100,GET,/product/6E92ZMYYFZ,1.100000,0.000000,6,7,7,8,51,51,51,51,51,51,51,73,0,7,13.001503097531321,5.094924010336399,106.45071417093277,7962.917808219178
1778072552,100,GET,/product/9SIQT8TOJO,0.900000,0.000000,6,6,6,6,7,7,7,7,7,7,7,58,0,6,9.90700661124469,5.417214939370751,67.53621017560363,8026.1551724137935
1778072552,100,GET,/product/L9ECAV7KIM,0.700000,0.000000,6,7,7,7,7,7,7,7,7,7,7,60,0,7,16.41398493666202,5.454609869047999,83.23945687152445,7989.316666666667
1778072552,100,GET,/product/LS4PSXUNUM,1.100000,0.000000,6,9,9,9,10,86,86,86,86,86,86,74,0,6,10.102032787619612,5.526192020624876,85.9924559481442,7992.283783783784
1778072552,100,GET,/product/OLJCESPC7Z,0.500000,0.000000,6,7,7,10,10,10,10,10,10,10,10,63,0,7,13.909377811831378,5.46609191223979,97.04514313489199,8028.920634920635
1778072552,100,,Aggregated,58.700000,0.000000,8,9,11,18,45,64,84,89,140,140,140,4488,0,9,24.120710211712204,5.035060225054622,939.5796142052859,10581.136140819965
1778072553,100,GET,/,42.400000,0.000000,8,9,11,19,45,64,84,89,140,140,140,3427,0,8,25.72764376632767,5.6829629465937614,939.5796142052859,10543.242194339073
1778072553,100,POST,/cart,4.900000,0.000000,11,14,20,32,66,87,92,92,92,92,92,333,0,11,23.10451971822874,8.080156985670328,426.4811200555414,17762.12312312312
1778072553,100,POST,/cart/checkout,2.700000,0.000000,10,10,11,11,21,40,40,40,40,40,40,191,0,10,27.52082016689615,7.7455490827560425,916.5551918558776,6803.931937172775
1778072553,100,GET,/product/0PUK6V6EV0,1.200000,0.000000,8,9,10,10,10,28,28,28,28,28,28,59,0,7,16.80575236993826,5.137014901265502,85.94679809175432,7997.406779661017
1778072553,100,GET,/product/1YMWWN1N4O,1.300000,0.000000,6,6,12,50,64,77,77,77,77,77,77,71,0,6,17.57158074055759,5.035060225054622,99.42913986742496,8023.30985915493
1778072553,100,GET,/product/2ZYFJ3GM2N,0.500000,0.000000,10,11,32,32,72,72,72,72,72,72,72,68,0,7,13.041479961590513,5.159908207133412,72.41634000092745,8018.544117647059
1778072553,100,GET,/product/66VCHSJNUP,0.800000,0.000000,7,8,9,74,76,76,76,76,76,76,76,72,0,6,11.013287245683992,5.234464071691036,76.44698093645275,8002.833333333333
1778072553,100,GET,/product/6E92ZMYYFZ,0.900000,0.000000,6,6,7,8,51,51,51,51,51,51,51,73,0,7,13.001503097531321,5.094924010336399,106.45071417093277,7962.917808219178
1778072553,100,GET,/product/9SIQT8TOJO,0.800000,0.000000,6,6,6,6,7,7,7,7,7,7,7,58,0,6,9.90700661124469,5.417214939370751,67.53621017560363,8026.1551724137935
1778072553,100,GET,/product/L9ECAV7KIM,0.600000,0.000000,6,7,7,7,7,7,7,7,7,7,7,60,0,7,16.41398493666202,5.454609869047999,83.23945687152445,7989.316666666667
1778072553,100,GET,/product/LS4PSXUNUM,1.100000,0.000000,6,6,8,8,10,86,86,86,86,86,86,78,0,6,9.8834871314466,5.40119013749063,85.9924559481442,7993.782051282052
1778072553,100,GET,/product/OLJCESPC7Z,0.600000,0.000000,7,8,8,8,10,10,10,10,10,10,10,66,0,7,13.605985169609388,5.46609191223979,97.04514313489199,8030.727272727273
1778072553,100,,Aggregated,57.800000,0.000000,8,9,11,16,43,64,84,89,140,140,140,4556,0,8,23.971746722992616,5.035060225054622,939.5796142052859,10576.977172958736
1778072554,100,GET,/,42.200000,0.000000,7,9,11,15,41,58,83,89,140,140,140,3469,0,8,25.51588113084124,5.6829629465937614,939.5796142052859,10543.221101181896
1778072554,100,POST,/cart,4.400000,0.000000,10,12,20,20,32,41,87,87,87,87,87,337,0,11,23.011368228874282,8.080156985670328,426.4811200555414,17759.418397626112
1778072554,100,POST,/cart/checkout,2.800000,0.000000,10,11,11,11,21,40,40,40,40,40,40,191,0,10,27.52082016689615,7.7455490827560425,916.5551918558776,6803.931937172775
1778072554,100,GET,/product/0PUK6V6EV0,1.200000,0.000000,8,9,10,10,10,28,28,28,28,28,28,59,0,7,16.80575236993826,5.137014901265502,85.94679809175432,7997.406779661017
1778072554,100,GET,/product/1YMWWN1N4O,1.200000,0.000000,6,6,12,64,77,77,77,77,77,77,77,71,0,6,17.57158074055759,5.035060225054622,99.42913986742496,8023.30985915493
1778072554,100,GET,/product/2ZYFJ3GM2N,0.500000,0.000000,7,10,10,11,11,11,11,11,11,11,11,69,0,7,12.938790094188374,5.159908207133412,72.41634000092745,8017.869565217391
1778072554,100,GET,/product/66VCHSJNUP,0.900000,0.000000,7,8,9,74,76,76,76,76,76,76,76,72,0,6,11.013287245683992,5.234464071691036,76.44698093645275,8002.833333333333
1778072554,100,GET,/product/6E92ZMYYFZ,0.800000,0.000000,6,6,7,8,51,51,51,51,51,51,51,73,0,7,13.001503097531321,5.094924010336399,106.45071417093277,7962.917808219178
1778072554,100,GET,/product/9SIQT8TOJO,0.800000,0.000000,6,6,6,6,7,7,7,7,7,7,7,60,0,6,9.77903650685524,5.417214939370751,67.53621017560363,8027.316666666667
1778072554,100,GET,/product/L9ECAV7KIM,0.700000,0.000000,7,7,7,7,20,20,20,20,20,20,20,61,0,7,16.479621545915478,5.454609869047999,83.23945687152445,7989.786885245901
1778072554,100,GET,/product/LS4PSXUNUM,1.100000,0.000000,6,6,8,8,10,86,86,86,86,86,86,78,0,6,9.8834871314466,5.40119013749063,85.9924559481442,7993.782051282052
1778072554,100,GET,/product/OLJCESPC7Z,0.500000,0.000000,7,8,8,8,10,10,10,10,10,10,10,66,0,7,13.605985169609388,5.46609191223979,97.04514313489199,8030.727272727273
1778072554,100,,Aggregated,57.100000,0.000000,8,9,10,13,38,56,83,87,140,140,140,4606,0,8,23.80824360763553,5.035060225054622,939.5796142052859,10580.481980026054
1778072555,100,GET,/,43.100000,0.000000,7,9,10,15,41,58,83,89,140,140,140,3511,0,8,25.32350751633693,5.6829629465937614,939.5796142052859,10543.42808316719
1778072555,100,POST,/cart,3.700000,0.000000,10,12,20,26,32,41,87,87,87,87,87,343,0,11,22.846280979997214,8.080156985670328,426.4811200555414,17778.090379008747
1778072555,100,POST,/cart/checkout,2.600000,0.000000,10,11,11,11,21,40,40,40,40,40,40,194,0,10,27.233851051015645,7.7455490827560425,916.5551918558776,6804.164948453608
1778072555,100,GET,/product/0PUK6V6EV0,1.100000,0.000000,9,9,10,10,28,28,28,28,28,28,28,60,0,7,16.613254447778065,5.137014901265502,85.94679809175432,7998.3
1778072555,100,GET,/product/1YMWWN1N4O,1.200000,0.000000,6,6,12,12,64,77,77,77,77,77,77,72,0,6,17.41095294063497,5.035060225054622,99.42913986742496,8024.194444444444
1778072555,100,GET,/product/2ZYFJ3GM2N,0.500000,0.000000,7,7,10,10,11,11,11,11,11,11,11,70,0,7,12.835605279542506,5.159908207133412,72.41634000092745,8018.871428571429
1778072555,100,GET,/product/66VCHSJNUP,1.000000,0.000000,6,7,9,74,76,76,76,76,76,76,76,72,0,6,11.013287245683992,5.234464071691036,76.44698093645275,8002.833333333333
1778072555,100,GET,/product/6E92ZMYYFZ,0.900000,0.000000,6,6,8,8,51,51,51,51,51,51,51,73,0,7,13.001503097531321,5.094924010336399,106.45071417093277,7962.917808219178
1778072555,100,GET,/product/9SIQT8TOJO,0.800000,0.000000,6,6,6,6,7,7,7,7,7,7,7,60,0,6,9.77903650685524,5.417214939370751,67.53621017560363,8027.316666666667
1778072555,100,GET,/product/L9ECAV7KIM,0.700000,0.000000,6,7,7,7,20,20,20,20,20,20,20,61,0,7,16.479621545915478,5.454609869047999,83.23945687152445,7989.786885245901
1778072555,100,GET,/product/LS4PSXUNUM,1.300000,0.000000,6,6,6,6,8,10,10,10,10,10,10,78,0,6,9.8834871314466,5.40119013749063,85.9924559481442,7993.782051282052
1778072555,100,GET,/product/OLJCESPC7Z,0.600000,0.000000,7,8,8,8,10,10,10,10,10,10,10,66,0,7,13.605985169609388,5.46609191223979,97.04514313489199,8030.727272727273
1778072555,100,,Aggregated,57.500000,0.000000,8,9,10,13,40,56,83,87,140,140,140,4660,0,8,23.644275782837695,5.035060225054622,939.5796142052859,10586.885407725322
1778072556,100,GET,/,43.300000,0.000000,7,8,10,12,34,55,83,89,140,140,140,3547,0,8,25.147457144776904,5.6829629465937614,939.5796142052859,10543.505215675219
1778072556,100,POST,/cart,3.500000,0.000000,10,12,20,26,32,41,87,87,87,87,87,345,0,11,22.772313782648332,8.080156985670328,426.4811200555414,17786.997101449277
1778072556,100,POST,/cart/checkout,2.400000,0.000000,10,10,11,11,21,40,40,40,40,40,40,198,0,10,26.875979182395067,7.7455490827560425,916.5551918558776,6804.247474747474
1778072556,100,GET,/product/0PUK6V6EV0,1.200000,0.000000,9,9,10,10,28,28,28,28,28,28,28,61,0,7,16.455432980275546,5.137014901265502,85.94679809175432,7999.426229508197
1778072556,100,GET,/product/1YMWWN1N4O,1.000000,0.000000,6,6,12,12,64,77,77,77,77,77,77,73,0,6,17.251225969792433,5.035060225054622,99.42913986742496,8024.808219178082
1778072556,100,GET,/product/2ZYFJ3GM2N,0.400000,0.000000,6,7,10,10,11,11,11,11,11,11,11,71,0,7,12.740075178313214,5.159908207133412,72.41634000092745,8018.12676056338
1778072556,100,GET,/product/66VCHSJNUP,1.000000,0.000000,6,7,9,74,76,76,76,76,76,76,76,73,0,6,10.943960899180949,5.234464071691036,76.44698093645275,8002.027397260274
1778072556,100,GET,/product/6E92ZMYYFZ,0.900000,0.000000,8,8,51,51,51,51,51,51,51,51,51,73,0,7,13.001503097531321,5.094924010336399,106.45071417093277,7962.917808219178
1778072556,100,GET,/product/9SIQT8TOJO,0.700000,0.000000,6,6,6,6,7,7,7,7,7,7,7,60,0,6,9.77903650685524,5.417214939370751,67.53621017560363,8027.316666666667
1778072556,100,GET,/product/L9ECAV7KIM,0.800000,0.000000,7,7,7,20,20,20,20,20,20,20,20,61,0,7,16.479621545915478,5.454609869047999,83.23945687152445,7989.786885245901
1778072556,100,GET,/product/LS4PSXUNUM,1.200000,0.000000,6,6,6,8,10,10,10,10,10,10,10,78,0,6,9.8834871314466,5.40119013749063,85.9924559481442,7993.782051282052
1778072556,100,GET,/product/OLJCESPC7Z,0.700000,0.000000,7,8,8,8,10,10,10,10,10,10,10,66,0,7,13.605985169609388,5.46609191223979,97.04514313489199,8030.727272727273
1778072556,100,,Aggregated,57.100000,0.000000,7,9,10,12,32,55,83,87,140,140,140,4706,0,8,23.491821900727302,5.035060225054622,939.5796142052859,10584.919464513387
1778072557,100,GET,/,43.500000,0.000000,7,8,10,13,36,62,83,89,140,140,140,3592,0,8,25.051964962279904,5.6829629465937614,939.5796142052859,10543.543708240535
1778072557,100,POST,/cart,3.500000,0.000000,10,11,20,31,41,44,87,87,87,87,87,349,0,11,22.722946269101435,8.080156985670328,426.4811200555414,17784.097421203438
1778072557,100,POST,/cart/checkout,2.200000,0.000000,9,11,11,17,40,40,73,73,73,73,73,200,0,10,27.018843924161047,7.7455490827560425,916.5551918558776,6804.425
1778072557,100,GET,/product/0PUK6V6EV0,1.100000,0.000000,7,9,10,10,28,28,28,28,28,28,28,62,0,7,16.28362103140042,5.137014901265502,85.94679809175432,7998.887096774193
1778072557,100,GET,/product/1YMWWN1N4O,1.000000,0.000000,6,6,12,12,64,77,77,77,77,77,77,73,0,6,17.251225969792433,5.035060225054622,99.42913986742496,8024.808219178082
1778072557,100,GET,/product/2ZYFJ3GM2N,0.500000,0.000000,6,6,7,10,11,11,11,11,11,11,11,73,0,7,12.54316284448827,5.159908207133412,72.41634000092745,8017.643835616438
1778072557,100,GET,/product/66VCHSJNUP,0.900000,0.000000,6,6,7,74,76,76,76,76,76,76,76,74,0,6,10.882268414354405,5.234464071691036,76.44698093645275,8002.486486486487
1778072557,100,GET,/product/6E92ZMYYFZ,0.900000,0.000000,8,8,8,8,8,8,8,8,8,8,8,73,0,7,13.001503097531321,5.094924010336399,106.45071417093277,7962.917808219178
1778072557,100,GET,/product/9SIQT8TOJO,0.700000,0.000000,6,6,6,7,7,7,7,7,7,7,7,60,0,6,9.77903650685524,5.417214939370751,67.53621017560363,8027.316666666667
1778072557,100,GET,/product/L9ECAV7KIM,0.700000,0.000000,6,6,20,20,20,20,20,20,20,20,20,62,0,7,16.30892248959431,5.454609869047999,83.23945687152445,7990.112903225807
1778072557,100,GET,/product/LS4PSXUNUM,1.100000,0.000000,6,6,6,6,8,8,8,8,8,8,8,79,0,6,9.833781585050158,5.40119013749063,85.9924559481442,7993.341772151899
1778072557,100,GET,/product/OLJCESPC7Z,0.700000,0.000000,7,8,8,8,10,10,10,10,10,10,10,67,0,7,13.495624913319723,5.46609191223979,97.04514313489199,8031.074626865671
1778072557,100,,Aggregated,56.800000,0.000000,7,9,10,12,34,62,83,87,140,140,140,4764,0,8,23.41282087586207,5.035060225054622,939.5796142052859,10585.019521410579
1778072558,100,GET,/,43.800000,0.000000,7,8,10,13,34,66,96,140,150,150,150,3634,0,8,25.05212743751485,5.6829629465937614,939.5796142052859,10543.739405613649
1778072558,100,POST,/cart,3.300000,0.000000,10,14,31,33,44,87,130,130,130,130,130,356,0,11,22.960318400252486,8.080156985670328,426.4811200555414,17777.898876404495
1778072558,100,POST,/cart/checkout,2.300000,0.000000,9,10,10,17,40,40,73,73,73,73,73,202,0,10,26.846304668417883,7.7455490827560425,916.5551918558776,6804.3861386138615
1778072558,100,GET,/product/0PUK6V6EV0,1.000000,0.000000,6,9,10,10,10,28,28,28,28,28,28,63,0,7,16.120858634600328,5.137014901265502,85.94679809175432,8000.126984126984
1778072558,100,GET,/product/1YMWWN1N4O,1.100000,0.000000,6,12,64,77,98,98,98,98,98,98,98,74,0,6,18.337530093393415,5.035060225054622,99.42913986742496,8025.459459459459
1778072558,100,GET,/product/2ZYFJ3GM2N,0.600000,0.000000,6,6,7,7,11,11,11,11,11,11,11,73,0,7,12.54316284448827,5.159908207133412,72.41634000092745,8017.643835616438
1778072558,100,GET,/product/66VCHSJNUP,0.900000,0.000000,6,7,7,7,74,76,76,76,76,76,76,76,0,6,10.780766088589045,5.234464071691036,76.44698093645275,8002.513157894737
1778072558,100,GET,/product/6E92ZMYYFZ,0.600000,0.000000,6,6,8,8,8,8,8,8,8,8,8,74,0,6,12.903310676306688,5.094924010336399,106.45071417093277,7962.675675675676
1778072558,100,GET,/product/9SIQT8TOJO,0.700000,0.000000,6,6,6,6,6,6,6,6,6,6,6,60,0,6,9.77903650685524,5.417214939370751,67.53621017560363,8027.316666666667
1778072558,100,GET,/product/L9ECAV7KIM,0.700000,0.000000,6,6,20,20,20,20,20,20,20,20,20,62,0,7,16.30892248959431,5.454609869047999,83.23945687152445,7990.112903225807
1778072558,100,GET,/product/LS4PSXUNUM,1.100000,0.000000,6,6,6,6,8,8,8,8,8,8,8,79,0,6,9.833781585050158,5.40119013749063,85.9924559481442,7993.341772151899
1778072558,100,GET,/product/OLJCESPC7Z,0.700000,0.000000,6,7,8,8,10,10,10,10,10,10,10,68,0,7,13.377952122348635,5.46609191223979,97.04514313489199,8031.470588235294
1778072558,100,,Aggregated,56.800000,0.000000,7,9,10,13,36,66,96,130,150,150,150,4821,0,8,23.435625035690137,5.035060225054622,939.5796142052859,10590.046878241028
1778072559,100,GET,/,43.200000,0.000000,7,8,9,10,26,44,71,97,150,150,150,3674,0,8,24.85953458116142,5.6829629465937614,939.5796142052859,10543.689167120305
1778072559,100,POST,/cart,3.400000,0.000000,10,11,20,32,44,87,130,130,130,130,130,362,0,11,22.74831179696655,8.080156985670328,426.4811200555414,17801.088397790056
1778072559,100,POST,/cart/checkout,2.200000,0.000000,9,10,10,10,40,73,73,73,73,73,73,203,0,10,26.762089413347574,7.7455490827560425,916.5551918558776,6804.399014778325
1778072559,100,GET,/product/0PUK6V6EV0,1.000000,0.000000,6,7,10,26,28,28,28,28,28,28,28,65,0,7,16.101803121945032,5.137014901265502,85.94679809175432,7998.830769230769
1778072559,100,GET,/product/1YMWWN1N4O,1.100000,0.000000,6,6,12,64,98,98,98,98,98,98,98,75,0,6,18.172436639045674,5.035060225054622,99.42913986742496,8025.2
1778072559,100,GET,/product/2ZYFJ3GM2N,0.700000,0.000000,6,6,7,7,11,11,11,11,11,11,11,73,0,7,12.54316284448827,5.159908207133412,72.41634000092745,8017.643835616438
1778072559,100,GET,/product/66VCHSJNUP,0.900000,0.000000,6,6,6,7,7,7,7,7,7,7,7,76,0,6,10.780766088589045,5.234464071691036,76.44698093645275,8002.513157894737
1778072559,100,GET,/product/6E92ZMYYFZ,0.400000,0.000000,6,6,8,8,8,8,8,8,8,8,8,74,0,6,12.903310676306688,5.094924010336399,106.45071417093277,7962.675675675676
1778072559,100,GET,/product/9SIQT8TOJO,0.600000,0.000000,6,6,6,6,6,6,6,6,6,6,6,61,0,6,9.71427179308089,5.417214939370751,67.53621017560363,8026.213114754099
1778072559,100,GET,/product/L9ECAV7KIM,0.500000,0.000000,6,6,20,20,20,20,20,20,20,20,20,62,0,7,16.30892248959431,5.454609869047999,83.23945687152445,7990.112903225807
1778072559,100,GET,/product/LS4PSXUNUM,0.900000,0.000000,6,6,6,6,6,6,6,6,6,6,6,79,0,6,9.833781585050158,5.40119013749063,85.9924559481442,7993.341772151899
1778072559,100,GET,/product/OLJCESPC7Z,0.700000,0.000000,6,7,8,8,43,43,43,43,43,43,43,70,0,7,13.694591790304653,5.46609191223979,97.04514313489199,8031.414285714286
1778072559,100,,Aggregated,55.600000,0.000000,7,9,10,11,28,44,83,98,150,150,150,4874,0,8,23.274542689403678,5.035060225054622,939.5796142052859,10596.223020106689
1778072560,100,GET,/,44.500000,0.000000,7,8,9,10,26,43,70,97,150,150,150,3720,0,8,24.69295242861394,5.6829629465937614,939.5796142052859,10543.90322580645
1778072560,100,POST,/cart,3.400000,0.000000,10,11,19,31,41,45,130,130,130,130,130,369,0,11,22.653302180310735,8.080156985670328,426.4811200555414,17829.585365853658
1778072560,100,POST,/cart/checkout,2.400000,0.000000,9,10,10,10,40,73,73,73,73,73,73,203,0,10,26.762089413347574,7.7455490827560425,916.5551918558776,6804.399014778325
1778072560,100,GET,/product/0PUK6V6EV0,1.100000,0.000000,6,7,10,26,28,28,28,28,28,28,28,65,0,7,16.101803121945032,5.137014901265502,85.94679809175432,7998.830769230769
1778072560,100,GET,/product/1YMWWN1N4O,1.200000,0.000000,6,6,12,64,98,98,98,98,98,98,98,77,0,6,17.850662908190255,5.035060225054622,99.42913986742496,8026.181818181818
1778072560,100,GET,/product/2ZYFJ3GM2N,0.800000,0.000000,6,6,6,7,11,11,11,11,11,11,11,74,0,7,12.449873063864338,5.159908207133412,72.41634000092745,8017.27027027027
1778072560,100,GET,/product/66VCHSJNUP,1.200000,0.000000,6,6,6,7,7,7,7,7,7,7,7,77,0,6,10.719532035170245,5.234464071691036,76.44698093645275,8002.909090909091
1778072560,100,GET,/product/6E92ZMYYFZ,0.200000,0.000000,6,6,6,6,6,6,6,6,6,6,6,74,0,6,12.903310676306688,5.094924010336399,106.45071417093277,7962.675675675676
1778072560,100,GET,/product/9SIQT8TOJO,0.500000,0.000000,6,6,6,6,6,6,6,6,6,6,6,61,0,6,9.71427179308089,5.417214939370751,67.53621017560363,8026.213114754099
1778072560,100,GET,/product/L9ECAV7KIM,0.400000,0.000000,6,6,20,20,20,20,20,20,20,20,20,62,0,7,16.30892248959431,5.454609869047999,83.23945687152445,7990.112903225807
1778072560,100,GET,/product/LS4PSXUNUM,0.900000,0.000000,6,6,6,6,6,6,6,6,6,6,6,79,0,6,9.833781585050158,5.40119013749063,85.9924559481442,7993.341772151899
1778072560,100,GET,/product/OLJCESPC7Z,0.900000,0.000000,6,7,8,8,43,43,43,43,43,43,43,70,0,7,13.694591790304653,5.46609191223979,97.04514313489199,8031.414285714286
1778072560,100,,Aggregated,57.500000,0.000000,7,8,10,10,28,44,71,98,150,150,150,4931,0,8,23.14164012259156,5.035060225054622,939.5796142052859,10606.179071182316
1778072561,100,GET,/,43.200000,0.000000,7,8,9,11,28,45,70,97,150,150,150,3761,0,8,24.577664005367307,5.6829629465937614,939.5796142052859,10543.935389524062
1778072561,100,POST,/cart,3.500000,0.000000,10,11,19,31,41,45,130,130,130,130,130,376,0,11,22.499805407975106,8.080156985670328,426.4811200555414,17834.502659574468
1778072561,100,POST,/cart/checkout,2.200000,0.000000,9,10,10,10,40,73,73,73,73,73,73,204,0,10,26.675667328413066,7.7455490827560425,916.5551918558776,6804.578431372549
1778072561,100,GET,/product/0PUK6V6EV0,0.800000,0.000000,6,7,10,10,26,26,26,26,26,26,26,65,0,7,16.101803121945032,5.137014901265502,85.94679809175432,7998.830769230769
1778072561,100,GET,/product/1YMWWN1N4O,1.000000,0.000000,6,6,6,12,98,98,98,98,98,98,98,77,0,6,17.850662908190255,5.035060225054622,99.42913986742496,8026.181818181818
1778072561,100,GET,/product/2ZYFJ3GM2N,0.800000,0.000000,6,6,6,7,11,11,11,11,11,11,11,75,0,7,12.356608835980296,5.159908207133412,72.41634000092745,8016.48
1778072561,100,GET,/product/66VCHSJNUP,1.100000,0.000000,6,6,6,7,7,7,7,7,7,7,7,79,0,6,10.595663350452728,5.234464071691036,76.44698093645275,8002.392405063291
1778072561,100,GET,/product/6E92ZMYYFZ,0.200000,0.000000,6,6,8,8,8,8,8,8,8,8,8,76,0,6,12.748386946776392,5.094924010336399,106.45071417093277,7963.171052631579
1778072561,100,GET,/product/9SIQT8TOJO,0.400000,0.000000,6,6,6,6,6,6,6,6,6,6,6,61,0,6,9.71427179308089,5.417214939370751,67.53621017560363,8026.213114754099
1778072561,100,GET,/product/L9ECAV7KIM,0.300000,0.000000,6,6,20,20,20,20,20,20,20,20,20,63,0,7,16.1354606416786,5.380826070904732,83.23945687152445,7990.793650793651
1778072561,100,GET,/product/LS4PSXUNUM,0.700000,0.000000,6,6,6,6,6,6,6,6,6,6,6,79,0,6,9.833781585050158,5.40119013749063,85.9924559481442,7993.341772151899
1778072561,100,GET,/product/OLJCESPC7Z,0.900000,0.000000,6,6,8,8,43,43,43,43,43,43,43,71,0,7,13.576760638872502,5.328580038622022,97.04514313489199,8032.211267605634
1778072561,100,,Aggregated,55.100000,0.000000,7,8,10,11,31,44,71,98,150,150,150,4987,0,8,23.028289425538464,5.035060225054622,939.5796142052859,10611.789452576699
1778072562,100,GET,/,42.900000,0.000000,7,8,9,11,32,45,66,97,150,150,150,3803,0,8,24.463948335149844,5.6829629465937614,939.5796142052859,10544.072311333159
1778072562,100,POST,/cart,3.800000,0.000000,10,11,18,20,41,45,130,130,130,130,130,379,0,11,22.402559737564314,8.080156985670328,426.4811200555414,17838.477572559368
1778072562,100,POST,/cart/checkout,1.900000,0.000000,9,10,10,10,47,73,73,73,73,73,73,206,0,10,26.69332195095971,7.7455490827560425,916.5551918558776,6804.650485436893
1778072562,100,GET,/product/0PUK6V6EV0,1.000000,0.000000,7,7,10,26,44,44,44,44,44,44,44,67,0,7,16.373185937834986,5.137014901265502,85.94679809175432,7999.089552238806
1778072562,100,GET,/product/1YMWWN1N4O,1.000000,0.000000,6,6,12,12,98,98,98,98,98,98,98,78,0,6,17.70381456336532,5.035060225054622,99.42913986742496,8026.602564102564
1778072562,100,GET,/product/2ZYFJ3GM2N,0.900000,0.000000,6,6,6,7,11,11,11,11,11,11,11,75,0,7,12.356608835980296,5.159908207133412,72.41634000092745,8016.48
1778072562,100,GET,/product/66VCHSJNUP,0.900000,0.000000,6,6,7,7,7,7,7,7,7,7,7,79,0,6,10.595663350452728,5.234464071691036,76.44698093645275,8002.392405063291
1778072562,100,GET,/product/6E92ZMYYFZ,0.200000,0.000000,6,6,8,8,23,23,23,23,23,23,23,78,0,6,12.798437332280745,5.094924010336399,106.45071417093277,7963.4358974358975
1778072562,100,GET,/product/9SIQT8TOJO,0.300000,0.000000,6,6,6,6,6,6,6,6,6,6,6,62,0,6,9.65614847448324,5.417214939370751,67.53621017560363,8025.854838709677
1778072562,100,GET,/product/L9ECAV7KIM,0.300000,0.000000,7,7,20,20,20,20,20,20,20,20,20,64,0,7,15.989386709406972,5.380826070904732,83.23945687152445,7991.890625
1778072562,100,GET,/product/LS4PSXUNUM,0.700000,0.000000,6,6,6,6,6,6,6,6,6,6,6,80,0,6,9.791223815409467,5.40119013749063,85.9924559481442,7992.6625
1778072562,100,GET,/product/OLJCESPC7Z,1.000000,0.000000,6,8,8,8,43,43,43,43,43,43,43,71,0,7,13.576760638872502,5.328580038622022,97.04514313489199,8032.211267605634
1778072562,100,,Aggregated,54.900000,0.000000,7,9,10,11,32,45,70,98,150,150,150,5042,0,8,22.9343558150539,5.035060225054622,939.5796142052859,10610.277469258232
1778072563,100,GET,/,42.900000,0.000000,7,8,9,10,28,45,64,97,150,150,150,3850,0,8,24.27974099426397,5.6829629465937614,939.5796142052859,10544.193766233766
1778072563,100,POST,/cart,4.300000,0.000000,10,11,11,18,36,45,130,130,130,130,130,381,0,11,22.337810668038337,8.080156985670328,426.4811200555414,17846.1469816273
1778072563,100,POST,/cart/checkout,1.900000,0.000000,9,10,10,10,10,47,73,73,73,73,73,212,0,10,26.197614857733672,7.7455490827560425,916.5551918558776,6804.8490566037735
1778072563,100,GET,/product/0PUK6V6EV0,0.900000,0.000000,7,7,10,10,26,44,44,44,44,44,44,70,0,7,15.941039795455124,5.137014901265502,85.94679809175432,7999.3
1778072563,100,GET,/product/1YMWWN1N4O,1.000000,0.000000,6,6,12,12,98,98,98,98,98,98,98,78,0,6,17.70381456336532,5.035060225054622,99.42913986742496,8026.602564102564
1778072563,100,GET,/product/2ZYFJ3GM2N,1.000000,0.000000,6,6,6,6,6,6,6,6,6,6,6,75,0,7,12.356608835980296,5.159908207133412,72.41634000092745,8016.48
1778072563,100,GET,/product/66VCHSJNUP,1.100000,0.000000,6,6,7,7,7,7,7,7,7,7,7,79,0,6,10.595663350452728,5.234464071691036,76.44698093645275,8002.392405063291
1778072563,100,GET,/product/6E92ZMYYFZ,0.200000,0.000000,6,6,8,8,23,23,23,23,23,23,23,78,0,6,12.798437332280745,5.094924010336399,106.45071417093277,7963.4358974358975
1778072563,100,GET,/product/9SIQT8TOJO,0.300000,0.000000,6,6,6,6,6,6,6,6,6,6,6,62,0,6,9.65614847448324,5.417214939370751,67.53621017560363,8025.854838709677
1778072563,100,GET,/product/L9ECAV7KIM,0.300000,0.000000,7,7,20,20,20,20,20,20,20,20,20,64,0,7,15.989386709406972,5.380826070904732,83.23945687152445,7991.890625
1778072563,100,GET,/product/LS4PSXUNUM,0.700000,0.000000,6,6,6,6,6,6,6,6,6,6,6,80,0,6,9.791223815409467,5.40119013749063,85.9924559481442,7992.6625
1778072563,100,GET,/product/OLJCESPC7Z,0.800000,0.000000,7,8,8,43,45,45,45,45,45,45,45,74,0,7,13.817419357774025,5.328580038622022,97.04514313489199,8033.972972972973
1778072563,100,,Aggregated,55.400000,0.000000,7,9,10,10,28,45,66,98,150,150,150,5103,0,8,22.776453740100532,5.035060225054622,939.5796142052859,10605.676268861454
1778072564,100,GET,/,42.800000,0.000000,7,8,9,10,28,45,64,97,150,150,150,3881,0,8,24.150927602264264,5.6829629465937614,939.5796142052859,10544.26900283432
1778072564,100,POST,/cart,4.700000,0.000000,10,11,11,18,36,45,130,130,130,130,130,385,0,11,22.214978341279284,8.080156985670328,426.4811200555414,17850.314285714285
1778072564,100,POST,/cart/checkout,1.600000,0.000000,9,10,10,10,10,47,73,73,73,73,73,213,0,10,26.11799206488499,7.7455490827560425,916.5551918558776,6804.882629107981
1778072564,100,GET,/product/0PUK6V6EV0,0.800000,0.000000,6,7,7,7,26,44,44,44,44,44,44,73,0,7,15.53080943476868,5.137014901265502,85.94679809175432,8000.890410958904
1778072564,100,GET,/product/1YMWWN1N4O,1.000000,0.000000,6,6,6,6,98,98,98,98,98,98,98,78,0,6,17.70381456336532,5.035060225054622,99.42913986742496,8026.602564102564
1778072564,100,GET,/product/2ZYFJ3GM2N,0.900000,0.000000,6,6,6,6,6,6,6,6,6,6,6,77,0,7,12.1868521416584,5.159908207133412,72.41634000092745,8016.61038961039
1778072564,100,GET,/product/66VCHSJNUP,0.900000,0.000000,6,6,7,7,7,7,7,7,7,7,7,81,0,6,10.493545876356002,5.234464071691036,76.44698093645275,8003.024691358025
1778072564,100,GET,/product/6E92ZMYYFZ,0.500000,0.000000,6,6,8,8,23,23,23,23,23,23,23,78,0,6,12.798437332280745,5.094924010336399,106.45071417093277,7963.4358974358975
1778072564,100,GET,/product/9SIQT8TOJO,0.300000,0.000000,6,6,6,6,6,6,6,6,6,6,6,63,0,6,9.600085849385886,5.417214939370751,67.53621017560363,8025.349206349207
1778072564,100,GET,/product/L9ECAV7KIM,0.300000,0.000000,7,7,20,20,20,20,20,20,20,20,20,64,0,7,15.989386709406972,5.380826070904732,83.23945687152445,7991.890625
1778072564,100,GET,/product/LS4PSXUNUM,0.600000,0.000000,6,6,6,55,55,55,55,55,55,55,55,81,0,6,10.348326127033358,5.40119013749063,85.9924559481442,7993.172839506173
1778072564,100,GET,/product/OLJCESPC7Z,0.900000,0.000000,6,7,8,8,43,45,45,45,45,45,45,76,0,7,13.600352872775769,5.328580038622022,97.04514313489199,8033.0921052631575
1778072564,100,,Aggregated,55.300000,0.000000,7,9,10,10,28,45,66,98,150,150,150,5150,0,8,22.649884651577807,5.035060225054622,939.5796142052859,10605.042912621358
1778072565,100,GET,/,42.600000,0.000000,7,8,9,11,33,48,66,97,150,150,150,3928,0,8,24.08679066246751,5.6829629465937614,939.5796142052859,10544.385692464359
1778072565,100,POST,/cart,4.900000,0.000000,10,11,12,18,44,56,130,130,130,130,130,392,0,11,22.183552363588074,8.080156985670328,426.4811200555414,17861.673469387755
1778072565,100,POST,/cart/checkout,1.800000,0.000000,10,10,10,22,67,73,73,73,73,73,73,215,0,10,26.292607018204276,7.7455490827560425,916.5551918558776,6804.837209302325
1778072565,100,GET,/product/0PUK6V6EV0,0.900000,0.000000,6,7,7,7,26,44,44,44,44,44,44,74,0,7,15.396948941555378,5.137014901265502,85.94679809175432,8001.189189189189
1778072565,100,GET,/product/1YMWWN1N4O,0.800000,0.000000,6,6,8,8,98,98,98,98,98,98,98,79,0,6,17.580306074947497,5.035060225054622,99.42913986742496,8026.139240506329
1778072565,100,GET,/product/2ZYFJ3GM2N,0.900000,0.000000,6,6,6,6,6,6,6,6,6,6,6,77,0,7,12.1868521416584,5.159908207133412,72.41634000092745,8016.61038961039
1778072565,100,GET,/product/66VCHSJNUP,0.800000,0.000000,6,7,7,7,7,7,7,7,7,7,7,82,0,6,10.450730475074634,5.234464071691036,76.44698093645275,8003.158536585366
1778072565,100,GET,/product/6E92ZMYYFZ,0.500000,0.000000,8,8,8,8,23,23,23,23,23,23,23,79,0,7,12.743873934296868,5.094924010336399,106.45071417093277,7963.898734177215
1778072565,100,GET,/product/9SIQT8TOJO,0.400000,0.000000,6,6,6,6,6,6,6,6,6,6,6,65,0,6,9.474229715907803,5.417214939370751,67.53621017560363,8025.384615384615
1778072565,100,GET,/product/L9ECAV7KIM,0.400000,0.000000,6,6,7,7,7,7,7,7,7,7,7,64,0,7,15.989386709406972,5.380826070904732,83.23945687152445,7991.890625
1778072565,100,GET,/product/LS4PSXUNUM,0.400000,0.000000,6,6,55,55,55,55,55,55,55,55,55,81,0,6,10.348326127033358,5.40119013749063,85.9924559481442,7993.172839506173
1778072565,100,GET,/product/OLJCESPC7Z,0.700000,0.000000,6,6,7,7,43,45,45,45,45,45,45,77,0,7,13.493798016993837,5.328580038622022,97.04514313489199,8033.857142857143
1778072565,100,,Aggregated,55.100000,0.000000,7,9,10,11,34,49,67,98,150,150,150,5213,0,8,22.598981634071805,5.035060225054622,939.5796142052859,10610.241127949357
1778072566,100,GET,/,41.700000,0.000000,7,8,9,11,34,48,66,97,150,150,150,3967,0,8,23.928071890577566,5.6829629465937614,939.5796142052859,10544.389715149988
1778072566,100,POST,/cart,4.800000,0.000000,10,11,13,19,36,56,57,130,130,130,130,398,0,11,22.09532318985436,8.080156985670328,426.4811200555414,17865.40703517588
1778072566,100,POST,/cart/checkout,2.100000,0.000000,10,10,22,22,67,73,73,73,73,73,73,215,0,10,26.292607018204276,7.7455490827560425,916.5551918558776,6804.837209302325
1778072566,100,GET,/product/0PUK6V6EV0,1.300000,0.000000,6,7,7,7,26,44,44,44,44,44,44,75,0,7,15.278963676343361,5.137014901265502,85.94679809175432,8001.8133333333335
1778072566,100,GET,/product/1YMWWN1N4O,0.700000,0.000000,6,6,8,8,98,98,98,98,98,98,98,79,0,6,17.580306074947497,5.035060225054622,99.42913986742496,8026.139240506329
1778072566,100,GET,/product/2ZYFJ3GM2N,0.700000,0.000000,6,6,6,6,6,6,6,6,6,6,6,78,0,7,12.106371947970146,5.159908207133412,72.41634000092745,8016.974358974359
1778072566,100,GET,/product/66VCHSJNUP,0.700000,0.000000,6,7,7,7,7,7,7,7,7,7,7,83,0,6,10.395362168124104,5.234464071691036,76.44698093645275,8003.626506024097
1778072566,100,GET,/product/6E92ZMYYFZ,0.500000,0.000000,8,8,8,8,23,23,23,23,23,23,23,79,0,7,12.743873934296868,5.094924010336399,106.45071417093277,7963.898734177215
1778072566,100,GET,/product/9SIQT8TOJO,0.400000,0.000000,6,6,6,6,6,6,6,6,6,6,6,65,0,6,9.474229715907803,5.417214939370751,67.53621017560363,8025.384615384615
1778072566,100,GET,/product/L9ECAV7KIM,0.300000,0.000000,6,6,7,7,7,7,7,7,7,7,7,64,0,7,15.989386709406972,5.380826070904732,83.23945687152445,7991.890625
1778072566,100,GET,/product/LS4PSXUNUM,0.300000,0.000000,10,10,55,55,55,55,55,55,55,55,55,82,0,6,10.343828005716205,5.40119013749063,85.9924559481442,7993.695121951219
1778072566,100,GET,/product/OLJCESPC7Z,0.800000,0.000000,6,6,6,7,43,45,45,45,45,45,45,79,0,7,13.290952219144453,5.328580038622022,97.04514313489199,8033.050632911392
1778072566,100,,Aggregated,54.300000,0.000000,7,9,10,11,34,49,67,98,150,150,150,5264,0,8,22.464946751418385,5.035060225054622,939.5796142052859,10615.361892097264
1778072567,100,GET,/,41.600000,0.000000,7,8,9,10,30,45,57,62,66,66,66,4005,0,8,23.82796753358361,5.6829629465937614,939.5796142052859,10544.448439450687
1778072567,100,POST,/cart,4.800000,0.000000,10,11,12,13,33,36,56,57,57,57,57,404,0,11,21.974119578492783,8.080156985670328,426.4811200555414,17865.512376237624
1778072567,100,POST,/cart/checkout,2.300000,0.000000,9,10,10,22,47,67,67,67,67,67,67,215,0,10,26.292607018204276,7.7455490827560425,916.5551918558776,6804.837209302325
1778072567,100,GET,/product/0PUK6V6EV0,1.500000,0.000000,6,7,7,7,26,44,44,44,44,44,44,75,0,7,15.278963676343361,5.137014901265502,85.94679809175432,8001.8133333333335
1778072567,100,GET,/product/1YMWWN1N4O,0.700000,0.000000,6,6,8,8,98,98,98,98,98,98,98,80,0,6,17.43009303463623,5.035060225054622,99.42913986742496,8026.675
1778072567,100,GET,/product/2ZYFJ3GM2N,0.800000,0.000000,6,6,6,6,6,6,6,6,6,6,6,78,0,7,12.106371947970146,5.159908207133412,72.41634000092745,8016.974358974359
1778072567,100,GET,/product/66VCHSJNUP,0.900000,0.000000,6,7,7,7,7,7,7,7,7,7,7,84,0,6,10.352516951527269,5.234464071691036,76.44698093645275,8004.023809523809
1778072567,100,GET,/product/6E92ZMYYFZ,0.600000,0.000000,8,8,8,8,23,23,23,23,23,23,23,79,0,7,12.743873934296868,5.094924010336399,106.45071417093277,7963.898734177215
1778072567,100,GET,/product/9SIQT8TOJO,0.300000,0.000000,6,6,6,6,6,6,6,6,6,6,6,65,0,6,9.474229715907803,5.417214939370751,67.53621017560363,8025.384615384615
1778072567,100,GET,/product/L9ECAV7KIM,0.300000,0.000000,6,6,7,7,7,7,7,7,7,7,7,65,0,7,15.840910267657959,5.380826070904732,83.23945687152445,7992.338461538461
1778072567,100,GET,/product/LS4PSXUNUM,0.300000,0.000000,6,10,10,55,55,55,55,55,55,55,55,83,0,6,10.288652621703335,5.40119013749063,85.9924559481442,7994.542168674699
1778072567,100,GET,/product/OLJCESPC7Z,1.000000,0.000000,6,6,7,7,43,45,45,45,45,45,45,80,0,7,13.215209529153071,5.328580038622022,97.04514313489199,8033.2125
1778072567,100,,Aggregated,55.100000,0.000000,7,8,10,10,30,45,56,61,67,67,67,5313,0,8,22.375141730598312,5.035060225054622,939.5796142052859,10620.6773950687
1778072568,100,GET,/,41.800000,0.000000,7,8,9,11,34,45,58,62,68,68,68,4055,0,8,23.74969378163126,5.6829629465937614,939.5796142052859,10544.591368680642
1778072568,100,POST,/cart,5.000000,0.000000,10,11,12,18,33,54,56,57,57,57,57,409,0,11,22.01826139045811,8.080156985670328,426.4811200555414,17858.814180929094
1778072568,100,POST,/cart/checkout,2.000000,0.000000,10,11,18,22,47,67,67,67,67,67,67,220,0,10,26.12800136187368,7.7455490827560425,916.5551918558776,6804.609090909091
1778072568,100,GET,/product/0PUK6V6EV0,1.500000,0.000000,6,7,7,7,26,44,44,44,44,44,44,77,0,7,15.02797608687119,5.137014901265502,85.94679809175432,8001.909090909091
1778072568,100,GET,/product/1YMWWN1N4O,0.700000,0.000000,6,6,6,6,8,8,8,8,8,8,8,80,0,6,17.43009303463623,5.035060225054622,99.42913986742496,8026.675
1778072568,100,GET,/product/2ZYFJ3GM2N,0.700000,0.000000,6,6,6,6,6,6,6,6,6,6,6,78,0,7,12.106371947970146,5.159908207133412,72.41634000092745,8016.974358974359
1778072568,100,GET,/product/66VCHSJNUP,1.100000,0.000000,6,6,7,7,7,7,7,7,7,7,7,85,0,6,10.297271034077687,5.234464071691036,76.44698093645275,8004.458823529411
1778072568,100,GET,/product/6E92ZMYYFZ,0.600000,0.000000,8,8,8,8,23,23,23,23,23,23,23,79,0,7,12.743873934296868,5.094924010336399,106.45071417093277,7963.898734177215
1778072568,100,GET,/product/9SIQT8TOJO,0.500000,0.000000,6,6,7,7,10,10,10,10,10,10,10,67,0,6,9.43263578784666,5.417214939370751,67.53621017560363,8025.268656716418
1778072568,100,GET,/product/L9ECAV7KIM,0.300000,0.000000,6,6,7,7,7,7,7,7,7,7,7,65,0,7,15.840910267657959,5.380826070904732,83.23945687152445,7992.338461538461
1778072568,100,GET,/product/LS4PSXUNUM,0.400000,0.000000,6,6,10,10,55,55,55,55,55,55,55,84,0,6,10.235375519620167,5.40119013749063,85.9924559481442,7995.1547619047615
1778072568,100,GET,/product/OLJCESPC7Z,1.100000,0.000000,6,7,7,8,43,45,45,45,45,45,45,81,0,7,13.152942768539544,5.328580038622022,97.04514313489199,8032.814814814815
1778072568,100,,Aggregated,55.700000,0.000000,7,9,10,11,33,45,57,62,68,68,68,5380,0,8,22.30917023383185,5.035060225054622,939.5796142052859,10619.361524163569
1778072569,100,GET,/,42.000000,0.000000,7,8,9,11,34,45,59,62,68,68,68,4095,0,8,23.617904548907383,5.6829629465937614,939.5796142052859,10544.646642246642
1778072569,100,POST,/cart,5.500000,0.000000,10,11,12,18,33,43,57,57,57,57,57,413,0,11,21.899763440045803,8.080156985670328,426.4811200555414,17872.891041162227
1778072569,100,POST,/cart/checkout,1.600000,0.000000,10,12,18,22,47,67,67,67,67,67,67,220,0,10,26.12800136187368,7.7455490827560425,916.5551918558776,6804.609090909091
1778072569,100,GET,/product/0PUK6V6EV0,1.400000,0.000000,6,7,7,7,26,44,44,44,44,44,44,78,0,7,14.931023419380953,5.137014901265502,85.94679809175432,8001.602564102564
1778072569,100,GET,/product/1YMWWN1N4O,0.600000,0.000000,6,6,8,8,8,8,8,8,8,8,8,80,0,6,17.43009303463623,5.035060225054622,99.42913986742496,8026.675
1778072569,100,GET,/product/2ZYFJ3GM2N,0.600000,0.000000,6,6,6,6,6,6,6,6,6,6,6,79,0,7,12.025476568909008,5.159908207133412,72.41634000092745,8017.594936708861
1778072569,100,GET,/product/66VCHSJNUP,1.000000,0.000000,6,7,7,7,7,7,7,7,7,7,7,86,0,6,10.253982404571806,5.234464071691036,76.44698093645275,8003.709302325581
1778072569,100,GET,/product/6E92ZMYYFZ,0.600000,0.000000,8,8,8,8,23,23,23,23,23,23,23,80,0,6,12.659660709323362,5.094924010336399,106.45071417093277,7964.325
1778072569,100,GET,/product/9SIQT8TOJO,0.500000,0.000000,6,6,7,7,10,10,10,10,10,10,10,67,0,6,9.43263578784666,5.417214939370751,67.53621017560363,8025.268656716418
1778072569,100,GET,/product/L9ECAV7KIM,0.300000,0.000000,6,6,7,7,7,7,7,7,7,7,7,65,0,7,15.840910267657959,5.380826070904732,83.23945687152445,7992.338461538461
1778072569,100,GET,/product/LS4PSXUNUM,0.500000,0.000000,6,10,10,55,55,55,55,55,55,55,55,84,0,6,10.235375519620167,5.40119013749063,85.9924559481442,7995.1547619047615
1778072569,100,GET,/product/OLJCESPC7Z,1.300000,0.000000,6,7,7,7,43,45,45,45,45,45,45,84,0,7,12.900592659467033,5.319693125784397,97.04514313489199,8032.333333333333
1778072569,100,,Aggregated,55.900000,0.000000,7,9,10,11,33,45,58,62,68,68,68,5431,0,8,22.190536564595682,5.035060225054622,939.5796142052859,10621.886208801327
1778072570,100,GET,/,40.900000,0.000000,7,8,10,11,36,46,59,64,68,68,68,4140,0,8,23.526816602553364,5.6829629465937614,939.5796142052859,10544.731642512077
1778072570,100,POST,/cart,5.100000,0.000000,10,11,12,18,34,54,57,57,57,57,57,417,0,11,21.899439664713913,8.080156985670328,426.4811200555414,17872.97601918465
1778072570,100,POST,/cart/checkout,1.800000,0.000000,10,17,22,25,47,60,67,67,67,67,67,226,0,10,26.01341807604891,7.7455490827560425,916.5551918558776,6804.712389380531
1778072570,100,GET,/product/0PUK6V6EV0,1.200000,0.000000,6,7,7,7,7,44,44,44,44,44,44,78,0,7,14.931023419380953,5.137014901265502,85.94679809175432,8001.602564102564
1778072570,100,GET,/product/1YMWWN1N4O,0.600000,0.000000,6,6,8,8,8,8,8,8,8,8,8,81,0,6,17.28472960135543,5.035060225054622,99.42913986742496,8027.197530864198
1778072570,100,GET,/product/2ZYFJ3GM2N,0.500000,0.000000,6,6,6,6,6,6,6,6,6,6,6,81,0,7,11.866697504035669,5.159908207133412,72.41634000092745,8016.2962962962965
1778072570,100,GET,/product/66VCHSJNUP,0.900000,0.000000,6,7,7,7,7,7,7,7,7,7,7,87,0,6,10.199263927409019,5.234464071691036,76.44698093645275,8003.229885057472
1778072570,100,GET,/product/6E92ZMYYFZ,0.600000,0.000000,8,8,23,23,52,52,52,52,52,52,52,82,0,6,13.068761034845942,5.094924010336399,106.45071417093277,7962.926829268293
1778072570,100,GET,/product/9SIQT8TOJO,0.600000,0.000000,6,7,7,7,10,10,10,10,10,10,10,68,0,6,9.389598186210018,5.417214939370751,67.53621017560363,8026.029411764706
1778072570,100,GET,/product/L9ECAV7KIM,0.300000,0.000000,6,6,7,7,7,7,7,7,7,7,7,66,0,7,15.690043533333775,5.380826070904732,83.23945687152445,7991.727272727273
1778072570,100,GET,/product/LS4PSXUNUM,0.400000,0.000000,6,10,10,55,55,55,55,55,55,55,55,84,0,6,10.235375519620167,5.40119013749063,85.9924559481442,7995.1547619047615
1778072570,100,GET,/product/OLJCESPC7Z,1.200000,0.000000,6,7,7,7,8,45,45,45,45,45,45,84,0,7,12.900592659467033,5.319693125784397,97.04514313489199,8032.333333333333
1778072570,100,,Aggregated,54.100000,0.000000,7,9,10,11,35,47,59,64,68,68,68,5494,0,8,22.11766221799047,5.035060225054622,939.5796142052859,10618.585183836913
1778072571,100,GET,/,41.900000,0.000000,7,9,10,12,33,46,59,62,68,68,68,4178,0,8,23.40353375934724,5.6829629465937614,939.5796142052859,10544.827668741025
1778072571,100,POST,/cart,5.200000,0.000000,10,11,12,13,34,54,57,57,57,57,57,422,0,11,21.775876002505385,8.080156985670328,426.4811200555414,17883.15876777251
1778072571,100,POST,/cart/checkout,1.800000,0.000000,10,12,22,25,47,60,67,67,67,67,67,228,0,10,25.863020470480254,7.7455490827560425,916.5551918558776,6804.785087719299
1778072571,100,GET,/product/0PUK6V6EV0,1.400000,0.000000,6,7,7,7,7,44,44,44,44,44,44,79,0,7,14.813532566510235,5.137014901265502,85.94679809175432,8000.949367088608
1778072571,100,GET,/product/1YMWWN1N4O,0.600000,0.000000,6,6,8,8,8,8,8,8,8,8,8,81,0,6,17.28472960135543,5.035060225054622,99.42913986742496,8027.197530864198
1778072571,100,GET,/product/2ZYFJ3GM2N,0.500000,0.000000,6,6,6,6,6,6,6,6,6,6,6,81,0,7,11.866697504035669,5.159908207133412,72.41634000092745,8016.2962962962965
1778072571,100,GET,/product/66VCHSJNUP,1.000000,0.000000,6,7,7,7,7,7,7,7,7,7,7,87,0,6,10.199263927409019,5.234464071691036,76.44698093645275,8003.229885057472
1778072571,100,GET,/product/6E92ZMYYFZ,0.500000,0.000000,6,8,8,52,52,52,52,52,52,52,52,82,0,6,13.068761034845942,5.094924010336399,106.45071417093277,7962.926829268293
1778072571,100,GET,/product/9SIQT8TOJO,0.600000,0.000000,6,7,7,7,10,10,10,10,10,10,10,68,0,6,9.389598186210018,5.417214939370751,67.53621017560363,8026.029411764706
1778072571,100,GET,/product/L9ECAV7KIM,0.300000,0.000000,6,6,6,7,7,7,7,7,7,7,7,68,0,7,15.403027180582285,5.380826070904732,83.23945687152445,7993.058823529412
1778072571,100,GET,/product/LS4PSXUNUM,0.500000,0.000000,6,10,10,55,55,55,55,55,55,55,55,84,0,6,10.235375519620167,5.40119013749063,85.9924559481442,7995.1547619047615
1778072571,100,GET,/product/OLJCESPC7Z,1.300000,0.000000,6,6,7,7,8,45,45,45,45,45,45,85,0,7,12.821462145075202,5.319693125784397,97.04514313489199,8031.964705882353
1778072571,100,,Aggregated,55.600000,0.000000,8,9,10,11,33,47,59,62,68,68,68,5543,0,8,22.00832685777266,5.035060225054622,939.5796142052859,10622.211979072705
1778072572,100,GET,/,41.600000,0.000000,7,9,10,12,32,43,59,64,68,68,68,4219,0,8,23.288412069774676,5.6829629465937614,939.5796142052859,10544.804930078217
1778072572,100,POST,/cart,5.100000,0.000000,10,11,13,16,34,54,57,57,57,57,57,424,0,11,21.728642427094528,8.080156985670328,426.4811200555414,17886.42924528302
1778072572,100,POST,/cart/checkout,1.700000,0.000000,10,15,18,22,46,60,67,67,67,67,67,231,0,10,25.676370736461504,7.7455490827560425,916.5551918558776,6804.926406926407
1778072572,100,GET,/product/0PUK6V6EV0,1.300000,0.000000,6,6,7,7,7,7,7,7,7,7,7,79,0,7,14.813532566510235,5.137014901265502,85.94679809175432,8000.949367088608
1778072572,100,GET,/product/1YMWWN1N4O,0.400000,0.000000,6,6,6,6,8,8,8,8,8,8,8,83,0,6,17.01136695007872,5.035060225054622,99.42913986742496,8027.1325301204815
1778072572,100,GET,/product/2ZYFJ3GM2N,0.500000,0.000000,6,6,6,6,6,6,6,6,6,6,6,82,0,7,11.796215594541735,5.159908207133412,72.41634000092745,8016.609756097561
1778072572,100,GET,/product/66VCHSJNUP,1.000000,0.000000,7,7,7,7,7,7,7,7,7,7,7,87,0,6,10.199263927409019,5.234464071691036,76.44698093645275,8003.229885057472
1778072572,100,GET,/product/6E92ZMYYFZ,0.600000,0.000000,6,8,8,52,52,52,52,52,52,52,52,82,0,6,13.068761034845942,5.094924010336399,106.45071417093277,7962.926829268293
1778072572,100,GET,/product/9SIQT8TOJO,0.600000,0.000000,7,7,7,7,10,10,10,10,10,10,10,68,0,6,9.389598186210018,5.417214939370751,67.53621017560363,8026.029411764706
1778072572,100,GET,/product/L9ECAV7KIM,0.300000,0.000000,6,6,6,7,7,7,7,7,7,7,7,68,0,7,15.403027180582285,5.380826070904732,83.23945687152445,7993.058823529412
1778072572,100,GET,/product/LS4PSXUNUM,0.500000,0.000000,7,10,10,55,55,55,55,55,55,55,55,85,0,6,10.194391866817194,5.40119013749063,85.9924559481442,7995.670588235294
1778072572,100,GET,/product/OLJCESPC7Z,1.400000,0.000000,6,7,7,7,8,45,45,45,45,45,45,85,0,7,12.821462145075202,5.319693125784397,97.04514313489199,8031.964705882353
1778072572,100,,Aggregated,55.000000,0.000000,8,9,10,12,32,43,57,62,68,68,68,5593,0,8,21.91108872562989,5.035060225054622,939.5796142052859,10620.57804398355
1778072573,100,GET,/,41.700000,0.000000,8,9,10,16,35,45,57,62,68,68,68,4265,0,8,23.211817316282957,5.6829629465937614,939.5796142052859,10544.979835873388
1778072573,100,POST,/cart,5.000000,0.000000,10,12,14,24,35,54,57,57,57,57,57,428,0,11,21.71206241092758,8.080156985670328,426.4811200555414,17892.1238317757
1778072573,100,POST,/cart/checkout,2.200000,0.000000,11,15,18,22,46,60,67,67,67,67,67,233,0,10,25.529854000613987,7.7455490827560425,916.5551918558776,6804.841201716738
1778072573,100,GET,/product/0PUK6V6EV0,1.300000,0.000000,6,7,7,7,10,14,14,14,14,14,14,83,0,7,14.540406106690686,5.137014901265502,85.94679809175432,8000.3975903614455
1778072573,100,GET,/product/1YMWWN1N4O,0.400000,0.000000,6,6,6,8,8,8,8,8,8,8,8,83,0,6,17.01136695007872,5.035060225054622,99.42913986742496,8027.1325301204815
1778072573,100,GET,/product/2ZYFJ3GM2N,0.600000,0.000000,6,6,6,6,16,16,16,16,16,16,16,83,0,7,11.844169031492019,5.159908207133412,72.41634000092745,8017.024096385542
1778072573,100,GET,/product/66VCHSJNUP,0.800000,0.000000,7,7,7,7,9,9,9,9,9,9,9,88,0,6,10.183144426925786,5.234464071691036,76.44698093645275,8002.238636363636
1778072573,100,GET,/product/6E92ZMYYFZ,0.800000,0.000000,6,8,8,52,52,52,52,52,52,52,52,83,0,6,12.98248904745981,5.094924010336399,106.45071417093277,7963.253012048192
1778072573,100,GET,/product/9SIQT8TOJO,0.700000,0.000000,6,7,7,8,10,10,10,10,10,10,10,71,0,6,9.2608079799569,5.417214939370751,67.53621017560363,8027.281690140845
1778072573,100,GET,/product/L9ECAV7KIM,0.400000,0.000000,6,6,6,7,7,7,7,7,7,7,7,68,0,7,15.403027180582285,5.380826070904732,83.23945687152445,7993.058823529412
1778072573,100,GET,/product/LS4PSXUNUM,0.500000,0.000000,7,10,10,55,55,55,55,55,55,55,55,85,0,6,10.194391866817194,5.40119013749063,85.9924559481442,7995.670588235294
1778072573,100,GET,/product/OLJCESPC7Z,1.400000,0.000000,6,6,7,7,7,8,8,8,8,8,8,86,0,7,12.739959026708506,5.319693125784397,97.04514313489199,8032.209302325581
1778072573,100,,Aggregated,55.800000,0.000000,8,9,11,13,34,45,57,62,68,68,68,5656,0,8,21.832077270444508,5.035060225054622,939.5796142052859,10619.237623762376
1778072574,100,GET,/,40.800000,0.000000,8,9,10,17,35,45,61,65,91,91,91,4305,0,8,23.15510795316491,5.6829629465937614,939.5796142052859,10544.945644599304
1778072574,100,POST,/cart,4.600000,0.000000,11,12,14,26,43,54,78,78,78,78,78,433,0,11,21.812678442721623,8.080156985670328,426.4811200555414,17891.715935334872
1778072574,100,POST,/cart/checkout,2.500000,0.000000,10,15,18,22,46,60,67,67,67,67,67,235,0,10,25.392250575006326,7.7455490827560425,916.5551918558776,6804.825531914894
1778072574,100,GET,/product/0PUK6V6EV0,1.400000,0.000000,7,7,7,10,14,14,14,14,14,14,14,83,0,7,14.540406106690686,5.137014901265502,85.94679809175432,8000.3975903614455
1778072574,100,GET,/product/1YMWWN1N4O,0.300000,0.000000,6,8,8,8,11,11,11,11,11,11,11,85,0,6,16.82837957461529,5.035060225054622,99.42913986742496,8027.023529411765
1778072574,100,GET,/product/2ZYFJ3GM2N,0.600000,0.000000,6,6,7,8,16,16,16,16,16,16,16,85,0,7,11.744133161161752,5.159908207133412,72.41634000092745,8016.988235294118
1778072574,100,GET,/product/66VCHSJNUP,0.800000,0.000000,7,7,7,7,9,9,9,9,9,9,9,88,0,6,10.183144426925786,5.234464071691036,76.44698093645275,8002.238636363636
1778072574,100,GET,/product/6E92ZMYYFZ,0.500000,0.000000,6,8,8,52,52,52,52,52,52,52,52,83,0,6,12.98248904745981,5.094924010336399,106.45071417093277,7963.253012048192
1778072574,100,GET,/product/9SIQT8TOJO,0.700000,0.000000,6,7,7,8,10,10,10,10,10,10,10,72,0,6,9.215169188488895,5.417214939370751,67.53621017560363,8027.125
1778072574,100,GET,/product/L9ECAV7KIM,0.500000,0.000000,6,6,6,6,6,6,6,6,6,6,6,69,0,7,15.259928002521612,5.380826070904732,83.23945687152445,7992.057971014493
1778072574,100,GET,/product/LS4PSXUNUM,0.600000,0.000000,7,8,10,10,53,53,53,53,53,53,53,88,0,6,10.606020532908257,5.40119013749063,85.9924559481442,7995.920454545455
1778072574,100,GET,/product/OLJCESPC7Z,1.400000,0.000000,6,7,7,7,8,26,26,26,26,26,26,87,0,7,12.89119453426322,5.319693125784397,97.04514313489199,8031.735632183908
1778072574,100,,Aggregated,54.700000,0.000000,8,9,11,14,34,46,60,65,91,91,91,5713,0,8,21.788076303908092,5.035060225054622,939.5796142052859,10619.10834937861
1778072575,100,GET,/,41.500000,0.000000,8,9,10,17,35,47,64,68,91,91,91,4350,0,8,23.061990692526443,5.6829629465937614,939.5796142052859,10545.16735632184
1778072575,100,POST,/cart,4.400000,0.000000,11,12,14,20,43,54,78,78,78,78,78,436,0,11,21.758841116775955,8.080156985670328,426.4811200555414,17891.55504587156
1778072575,100,POST,/cart/checkout,2.500000,0.000000,10,11,15,17,25,46,60,60,60,60,60,236,0,10,25.32192932291872,7.7455490827560425,916.5551918558776,6804.902542372882
1778072575,100,GET,/product/0PUK6V6EV0,1.200000,0.000000,7,7,7,10,14,14,14,14,14,14,14,84,0,7,14.444215996523521,5.137014901265502,85.94679809175432,8000.988095238095
1778072575,100,GET,/product/1YMWWN1N4O,0.500000,0.000000,6,8,8,8,11,11,11,11,11,11,11,86,0,6,16.698545616574933,5.035060225054622,99.42913986742496,8027.139534883721
1778072575,100,GET,/product/2ZYFJ3GM2N,0.700000,0.000000,6,7,7,8,16,16,16,16,16,16,16,87,0,7,11.628063339418892,5.159908207133412,72.41634000092745,8017.770114942528
1778072575,100,GET,/product/66VCHSJNUP,0.900000,0.000000,7,7,7,7,9,9,9,9,9,9,9,88,0,6,10.183144426925786,5.234464071691036,76.44698093645275,8002.238636363636
1778072575,100,GET,/product/6E92ZMYYFZ,0.400000,0.000000,6,6,8,8,52,52,52,52,52,52,52,84,0,6,12.894986940193034,5.094924010336399,106.45071417093277,7963.952380952381
1778072575,100,GET,/product/9SIQT8TOJO,0.700000,0.000000,6,7,8,8,10,68,68,68,68,68,68,74,0,6,9.963350452331674,5.417214939370751,67.80430395156145,8026.7027027027025
1778072575,100,GET,/product/L9ECAV7KIM,0.400000,0.000000,6,6,6,6,6,6,6,6,6,6,6,69,0,7,15.259928002521612,5.380826070904732,83.23945687152445,7992.057971014493
1778072575,100,GET,/product/LS4PSXUNUM,0.500000,0.000000,7,8,53,53,64,64,64,64,64,64,64,90,0,6,11.138839641999867,5.40119013749063,85.9924559481442,7996.0
1778072575,100,GET,/product/OLJCESPC7Z,1.500000,0.000000,6,7,7,8,26,26,26,26,26,26,26,87,0,7,12.89119453426322,5.319693125784397,97.04514313489199,8031.735632183908
1778072575,100,,Aggregated,55.200000,0.000000,8,9,11,14,34,48,64,68,91,91,91,5771,0,8,21.718431503609278,5.035060225054622,939.5796142052859,10617.763645815283
1778072576,100,GET,/,41.900000,0.000000,8,9,11,20,37,54,74,81,140,140,140,4396,0,8,23.064152297834603,5.6829629465937614,939.5796142052859,10545.170609645133
1778072576,100,POST,/cart,4.900000,0.000000,11,12,20,33,46,57,78,78,78,78,78,436,0,11,21.758841116775955,8.080156985670328,426.4811200555414,17891.55504587156
1778072576,100,POST,/cart/checkout,2.100000,0.000000,10,11,15,18,35,46,60,60,60,60,60,240,0,10,25.162849800350767,7.7455490827560425,916.5551918558776,6804.791666666667
1778072576,100,GET,/product/0PUK6V6EV0,1.100000,0.000000,6,7,7,10,14,14,14,14,14,14,14,84,0,7,14.444215996523521,5.137014901265502,85.94679809175432,8000.988095238095
1778072576,100,GET,/product/1YMWWN1N4O,0.600000,0.000000,6,8,11,11,68,68,68,68,68,68,68,87,0,6,17.2896857143262,5.035060225054622,99.42913986742496,8026.9655172413795
1778072576,100,GET,/product/2ZYFJ3GM2N,0.900000,0.000000,6,7,7,7,8,16,16,16,16,16,16,88,0,7,11.559987176125022,5.159908207133412,72.41634000092745,8017.477272727273
1778072576,100,GET,/product/66VCHSJNUP,0.900000,0.000000,7,7,7,9,9,9,9,9,9,9,9,88,0,6,10.183144426925786,5.234464071691036,76.44698093645275,8002.238636363636
1778072576,100,GET,/product/6E92ZMYYFZ,0.500000,0.000000,6,6,6,6,52,52,52,52,52,52,52,86,0,6,12.729783499136914,5.094924010336399,106.45071417093277,7963.825581395349
1778072576,100,GET,/product/9SIQT8TOJO,0.900000,0.000000,6,7,8,8,10,68,68,68,68,68,68,76,0,6,9.848687678305922,5.417214939370751,67.80430395156145,8026.671052631579
1778072576,100,GET,/product/L9ECAV7KIM,0.500000,0.000000,6,6,6,6,6,6,6,6,6,6,6,69,0,7,15.259928002521612,5.380826070904732,83.23945687152445,7992.057971014493
1778072576,100,GET,/product/LS4PSXUNUM,0.400000,0.000000,6,7,8,53,64,64,64,64,64,64,64,91,0,6,11.080317810730456,5.40119013749063,85.9924559481442,7996.285714285715
1778072576,100,GET,/product/OLJCESPC7Z,1.200000,0.000000,6,7,7,8,26,26,26,26,26,26,26,88,0,7,12.809860096736388,5.319693125784397,97.04514313489199,8032.170454545455
1778072576,100,,Aggregated,55.900000,0.000000,8,9,11,17,36,54,73,79,140,140,140,5829,0,8,21.715326445040752,5.035060225054622,939.5796142052859,10610.99039286327
1778072577,100,GET,/,42.300000,0.000000,8,9,13,22,46,65,81,100,140,140,140,4440,0,8,23.12953058113176,5.6829629465937614,939.5796142052859,10545.235135135135
1778072577,100,POST,/cart,4.600000,0.000000,11,12,16,24,46,57,78,78,78,78,78,437,0,11,21.734717130464944,8.080156985670328,426.4811200555414,17898.068649885583
1778072577,100,POST,/cart/checkout,2.000000,0.000000,10,10,10,11,25,35,60,60,60,60,60,246,0,10,24.778185874163135,7.7455490827560425,916.5551918558776,6804.918699186992
1778072577,100,GET,/product/0PUK6V6EV0,0.900000,0.000000,7,10,14,14,79,83,83,83,83,83,83,86,0,7,15.991467798431945,5.137014901265502,85.94679809175432,8000.930232558139
1778072577,100,GET,/product/1YMWWN1N4O,0.700000,0.000000,6,6,8,8,11,68,68,68,68,68,68,90,0,6,16.922867957813043,5.035060225054622,99.42913986742496,8026.477777777778
1778072577,100,GET,/product/2ZYFJ3GM2N,0.800000,0.000000,6,7,7,8,16,16,16,16,16,16,16,88,0,7,11.559987176125022,5.159908207133412,72.41634000092745,8017.477272727273
1778072577,100,GET,/product/66VCHSJNUP,0.700000,0.000000,7,7,9,9,9,9,9,9,9,9,9,88,0,6,10.183144426925786,5.234464071691036,76.44698093645275,8002.238636363636
1778072577,100,GET,/product/6E92ZMYYFZ,0.400000,0.000000,6,6,6,6,52,52,52,52,52,52,52,86,0,6,12.729783499136914,5.094924010336399,106.45071417093277,7963.825581395349
1778072577,100,GET,/product/9SIQT8TOJO,1.000000,0.000000,6,7,8,10,68,68,68,68,68,68,68,76,0,6,9.848687678305922,5.417214939370751,67.80430395156145,8026.671052631579
1778072577,100,GET,/product/L9ECAV7KIM,0.500000,0.000000,6,6,6,6,6,6,6,6,6,6,6,69,0,7,15.259928002521612,5.380826070904732,83.23945687152445,7992.057971014493
1778072577,100,GET,/product/LS4PSXUNUM,0.800000,0.000000,7,8,53,53,64,64,64,64,64,64,64,91,0,6,11.080317810730456,5.40119013749063,85.9924559481442,7996.285714285715
1778072577,100,GET,/product/OLJCESPC7Z,1.100000,0.000000,6,7,8,8,26,26,26,26,26,26,26,88,0,7,12.809860096736388,5.319693125784397,97.04514313489199,8032.170454545455
1778072577,100,,Aggregated,55.800000,0.000000,8,10,12,19,45,65,79,97,140,140,140,5885,0,8,21.77266170011205,5.035060225054622,939.5796142052859,10606.17994902294
1778072578,100,GET,/,42.500000,0.000000,8,9,14,23,48,68,89,100,140,140,140,4482,0,8,23.123077672541754,5.6829629465937614,939.5796142052859,10545.259928603302
1778072578,100,POST,/cart,4.200000,0.000000,11,14,24,29,46,76,78,78,78,78,78,441,0,11,21.89406753800674,8.080156985670328,426.4811200555414,17919.709750566893
1778072578,100,POST,/cart/checkout,2.100000,0.000000,10,10,11,15,31,40,60,60,60,60,60,251,0,10,24.678132538516742,7.7455490827560425,916.5551918558776,6804.8565737051795
1778072578,100,GET,/product/0PUK6V6EV0,0.900000,0.000000,7,10,14,79,83,83,83,83,83,83,83,87,0,7,15.886601363041107,5.137014901265502,85.94679809175432,8001.287356321839
1778072578,100,GET,/product/1YMWWN1N4O,0.700000,0.000000,6,6,8,11,68,68,68,68,68,68,68,90,0,6,16.922867957813043,5.035060225054622,99.42913986742496,8026.477777777778
1778072578,100,GET,/product/2ZYFJ3GM2N,1.000000,0.000000,6,7,7,7,8,16,16,16,16,16,16,89,0,7,11.494711208879277,5.159908207133412,72.41634000092745,8016.853932584269
1778072578,100,GET,/product/66VCHSJNUP,0.500000,0.000000,7,8,8,9,9,9,9,9,9,9,9,90,0,6,10.11699852016237,5.234464071691036,76.44698093645275,8001.5888888888885
1778072578,100,GET,/product/6E92ZMYYFZ,0.600000,0.000000,6,6,6,6,52,52,52,52,52,52,52,86,0,6,12.729783499136914,5.094924010336399,106.45071417093277,7963.825581395349
1778072578,100,GET,/product/9SIQT8TOJO,1.000000,0.000000,6,7,8,10,68,68,68,68,68,68,68,76,0,6,9.848687678305922,5.417214939370751,67.80430395156145,8026.671052631579
1778072578,100,GET,/product/L9ECAV7KIM,0.500000,0.000000,6,6,6,6,6,6,6,6,6,6,6,69,0,7,15.259928002521612,5.380826070904732,83.23945687152445,7992.057971014493
1778072578,100,GET,/product/LS4PSXUNUM,0.800000,0.000000,7,8,53,53,64,64,64,64,64,64,64,91,0,6,11.080317810730456,5.40119013749063,85.9924559481442,7996.285714285715
1778072578,100,GET,/product/OLJCESPC7Z,1.000000,0.000000,6,6,7,7,26,26,26,26,26,26,26,88,0,7,12.809860096736388,5.319693125784397,97.04514313489199,8032.170454545455
1778072578,100,,Aggregated,55.800000,0.000000,8,10,12,21,47,67,86,97,140,140,140,5940,0,8,21.777382839207696,5.035060225054622,939.5796142052859,10607.31734006734
1778072579,100,GET,/,43.400000,0.000000,8,9,13,21,49,73,89,100,140,140,140,4524,0,8,23.07613166799492,5.6829629465937614,939.5796142052859,10545.224580017684
1778072579,100,POST,/cart,3.400000,0.000000,11,14,20,29,46,76,78,78,78,78,78,443,0,11,21.845224677662852,8.080156985670328,426.4811200555414,17916.18058690745
1778072579,100,POST,/cart/checkout,2.600000,0.000000,10,10,10,15,31,40,60,60,60,60,60,253,0,10,24.555216909647577,7.7455490827560425,916.5551918558776,6805.0
1778072579,100,GET,/product/0PUK6V6EV0,1.100000,0.000000,7,10,14,14,79,83,83,83,83,83,83,88,0,7,15.77254184733399,5.137014901265502,85.94679809175432,8002.170454545455
1778072579,100,GET,/product/1YMWWN1N4O,0.900000,0.000000,6,6,8,11,68,68,68,68,68,68,68,90,0,6,16.922867957813043,5.035060225054622,99.42913986742496,8026.477777777778
1778072579,100,GET,/product/2ZYFJ3GM2N,1.000000,0.000000,6,7,7,7,8,16,16,16,16,16,16,90,0,7,11.427517651787234,5.159908207133412,72.41634000092745,8016.577777777778
1778072579,100,GET,/product/66VCHSJNUP,0.500000,0.000000,7,8,8,9,9,9,9,9,9,9,9,91,0,6,10.068807809787629,5.234464071691036,76.44698093645275,8001.626373626374
1778072579,100,GET,/product/6E92ZMYYFZ,0.700000,0.000000,6,6,6,6,52,52,52,52,52,52,52,87,0,6,12.649657999582846,5.094924010336399,106.45071417093277,7963.126436781609
1778072579,100,GET,/product/9SIQT8TOJO,1.100000,0.000000,6,7,8,8,65,68,68,68,68,68,68,79,0,6,10.46634638752741,5.417214939370751,67.80430395156145,8025.7594936708865
1778072579,100,GET,/product/L9ECAV7KIM,0.500000,0.000000,6,6,6,6,6,6,6,6,6,6,6,70,0,7,15.125764686880368,5.380826070904732,83.23945687152445,7992.728571428572
1778072579,100,GET,/product/LS4PSXUNUM,0.800000,0.000000,7,8,53,53,64,64,64,64,64,64,64,92,0,6,11.027799658578537,5.40119013749063,85.9924559481442,7996.891304347826
1778072579,100,GET,/product/OLJCESPC7Z,0.900000,0.000000,6,6,7,7,26,26,26,26,26,26,26,88,0,7,12.809860096736388,5.319693125784397,97.04514313489199,8032.170454545455
1778072579,100,,Aggregated,56.900000,0.000000,8,10,12,20,47,68,86,97,140,140,140,5995,0,8,21.7297905538343,5.035060225054622,939.5796142052859,10603.870892410341
1778072580,100,GET,/,43.100000,0.000000,8,10,17,25,53,69,89,100,140,140,140,4572,0,8,23.046681757298096,5.6829629465937614,939.5796142052859,10545.168635170603
1778072580,100,POST,/cart,3.400000,0.000000,14,24,29,35,52,76,78,78,78,78,78,452,0,11,21.904942431215165,8.080156985670328,426.4811200555414,17953.28982300885
1778072580,100,POST,/cart/checkout,2.800000,0.000000,10,10,10,10,31,35,40,40,40,40,40,254,0,10,24.49885703619628,7.7455490827560425,916.5551918558776,6804.98031496063
1778072580,100,GET,/product/0PUK6V6EV0,1.100000,0.000000,7,10,14,79,83,83,83,83,83,83,83,88,0,7,15.77254184733399,5.137014901265502,85.94679809175432,8002.170454545455
1778072580,100,GET,/product/1YMWWN1N4O,1.000000,0.000000,6,6,8,11,68,68,68,68,68,68,68,90,0,6,16.922867957813043,5.035060225054622,99.42913986742496,8026.477777777778
1778072580,100,GET,/product/2ZYFJ3GM2N,1.000000,0.000000,6,7,7,7,8,16,16,16,16,16,16,90,0,7,11.427517651787234,5.159908207133412,72.41634000092745,8016.577777777778
1778072580,100,GET,/product/66VCHSJNUP,0.400000,0.000000,8,8,9,9,58,58,58,58,58,58,58,92,0,6,10.589036093417393,5.234464071691036,76.44698093645275,8002.336956521739
1778072580,100,GET,/product/6E92ZMYYFZ,0.700000,0.000000,6,6,6,6,52,52,52,52,52,52,52,87,0,6,12.649657999582846,5.094924010336399,106.45071417093277,7963.126436781609
1778072580,100,GET,/product/9SIQT8TOJO,1.000000,0.000000,6,7,8,57,65,68,68,68,68,68,68,80,0,6,11.04512318270281,5.417214939370751,67.80430395156145,8025.0875
1778072580,100,GET,/product/L9ECAV7KIM,0.400000,0.000000,6,6,6,6,6,6,6,6,6,6,6,71,0,7,14.991274142873959,5.380826070904732,83.23945687152445,7992.492957746479
1778072580,100,GET,/product/LS4PSXUNUM,0.800000,0.000000,7,8,53,53,64,64,64,64,64,64,64,92,0,6,11.027799658578537,5.40119013749063,85.9924559481442,7996.891304347826
1778072580,100,GET,/product/OLJCESPC7Z,0.800000,0.000000,7,7,7,7,26,26,26,26,26,26,26,90,0,7,12.68394783190969,5.319693125784397,97.04514313489199,8031.311111111111
1778072580,100,,Aggregated,56.500000,0.000000,8,10,16,24,52,68,84,97,140,140,140,6058,0,8,21.725240311435936,5.035060225054622,939.5796142052859,10614.219544404094
1778072581,100,GET,/,42.600000,0.000000,8,11,22,32,53,72,89,100,140,140,140,4610,0,8,23.029716989861846,5.6829629465937614,939.5796142052859,10545.175054229934
1778072581,100,POST,/cart,3.100000,0.000000,12,24,29,35,52,76,78,78,78,78,78,454,0,11,21.858337689662918,8.080156985670328,426.4811200555414,17949.788546255506
1778072581,100,POST,/cart/checkout,3.200000,0.000000,10,10,10,11,31,35,40,40,40,40,40,256,0,10,24.41764138347935,7.7455490827560425,916.5551918558776,6805.1484375
1778072581,100,GET,/product/0PUK6V6EV0,1.100000,0.000000,7,10,14,14,79,83,83,83,83,83,83,89,0,7,15.661329768723652,5.137014901265502,85.94679809175432,8002.269662921349
1778072581,100,GET,/product/1YMWWN1N4O,1.000000,0.000000,6,10,11,11,40,68,68,68,68,68,68,92,0,6,17.09125695861471,5.035060225054622,99.42913986742496,8026.728260869565
1778072581,100,GET,/product/2ZYFJ3GM2N,1.100000,0.000000,7,7,8,16,60,60,60,60,60,60,60,91,0,7,11.956619283000192,5.159908207133412,72.41634000092745,8016.219780219781
1778072581,100,GET,/product/66VCHSJNUP,0.400000,0.000000,9,9,51,51,58,58,58,58,58,58,58,93,0,6,11.022684900390525,5.234464071691036,76.44698093645275,8002.344086021505
1778072581,100,GET,/product/6E92ZMYYFZ,0.700000,0.000000,6,6,6,6,6,6,6,6,6,6,6,87,0,6,12.649657999582846,5.094924010336399,106.45071417093277,7963.126436781609
1778072581,100,GET,/product/9SIQT8TOJO,0.900000,0.000000,6,7,8,57,65,68,68,68,68,68,68,81,0,6,10.985353659769451,5.417214939370751,67.80430395156145,8024.358024691358
1778072581,100,GET,/product/L9ECAV7KIM,0.500000,0.000000,6,6,6,6,6,6,6,6,6,6,6,72,0,7,14.864435264219841,5.380826070904732,83.23945687152445,7991.930555555556
1778072581,100,GET,/product/LS4PSXUNUM,0.700000,0.000000,7,8,53,53,64,64,64,64,64,64,64,92,0,6,11.027799658578537,5.40119013749063,85.9924559481442,7996.891304347826
1778072581,100,GET,/product/OLJCESPC7Z,0.700000,0.000000,7,21,26,26,74,74,74,74,74,74,74,93,0,7,13.35427144752635,5.319693125784397,97.04514313489199,8028.978494623656
1778072581,100,,Aggregated,56.000000,0.000000,8,11,21,30,53,69,84,97,140,140,140,6110,0,8,21.724728463711475,5.035060225054622,939.5796142052859,10610.397217675942
1778072582,100,GET,/,42.500000,0.000000,9,17,28,37,59,79,100,110,140,140,140,4658,0,8,23.148768809731983,5.6829629465937614,939.5796142052859,10545.177973379132
1778072582,100,POST,/cart,3.100000,0.000000,16,24,35,41,61,78,100,100,100,100,100,460,0,11,22.076433358471032,8.080156985670328,426.4811200555414,17951.152173913044
1778072582,100,POST,/cart/checkout,3.400000,0.000000,10,10,13,17,40,43,120,120,120,120,120,259,0,10,24.806539918220526,7.7455490827560425,916.5551918558776,6805.034749034749
1778072582,100,GET,/product/0PUK6V6EV0,1.000000,0.000000,7,10,14,79,83,83,83,83,83,83,83,89,0,7,15.661329768723652,5.137014901265502,85.94679809175432,8002.269662921349
1778072582,100,GET,/product/1YMWWN1N4O,1.000000,0.000000,10,11,18,40,68,68,68,68,68,68,68,93,0,6,17.10361845400785,5.035060225054622,99.42913986742496,8026.311827956989
1778072582,100,GET,/product/2ZYFJ3GM2N,1.100000,0.000000,7,7,8,16,60,60,60,60,60,60,60,92,0,7,11.904006378482217,5.159908207133412,72.41634000092745,8016.75
1778072582,100,GET,/product/66VCHSJNUP,0.500000,0.000000,9,40,51,51,58,58,58,58,58,58,58,94,0,6,11.333070730077143,5.234464071691036,76.44698093645275,8002.244680851064
1778072582,100,GET,/product/6E92ZMYYFZ,0.700000,0.000000,6,6,6,6,6,6,6,6,6,6,6,87,0,6,12.649657999582846,5.094924010336399,106.45071417093277,7963.126436781609
1778072582,100,GET,/product/9SIQT8TOJO,1.200000,0.000000,6,7,57,57,65,68,68,68,68,68,68,81,0,6,10.985353659769451,5.417214939370751,67.80430395156145,8024.358024691358
1778072582,100,GET,/product/L9ECAV7KIM,0.500000,0.000000,6,6,6,11,11,11,11,11,11,11,11,73,0,7,14.814969219190822,5.380826070904732,83.23945687152445,7991.219178082192
1778072582,100,GET,/product/LS4PSXUNUM,0.800000,0.000000,6,8,53,53,64,64,64,64,64,64,64,92,0,6,11.027799658578537,5.40119013749063,85.9924559481442,7996.891304347826
1778072582,100,GET,/product/OLJCESPC7Z,0.400000,0.000000,7,21,26,26,74,74,74,74,74,74,74,93,0,7,13.35427144752635,5.319693125784397,97.04514313489199,8028.978494623656
1778072582,100,,Aggregated,56.200000,0.000000,9,16,26,36,59,78,98,110,140,140,140,6171,0,8,21.85712556460043,5.035060225054622,939.5796142052859,10613.58078107276
1778072583,100,GET,/,42.900000,0.000000,8,14,26,36,59,79,100,110,140,140,140,4696,0,8,23.03397473248493,5.6829629465937614,939.5796142052859,10545.146507666099
1778072583,100,POST,/cart,3.200000,0.000000,14,22,29,41,61,78,100,100,100,100,100,462,0,11,22.03465652756909,8.080156985670328,426.4811200555414,17950.902597402597
1778072583,100,POST,/cart/checkout,2.900000,0.000000,10,10,13,17,40,43,120,120,120,120,120,262,0,10,24.65896121802107,7.7455490827560425,916.5551918558776,6805.17175572519
1778072583,100,GET,/product/0PUK6V6EV0,1.100000,0.000000,7,10,14,79,83,83,83,83,83,83,83,89,0,7,15.661329768723652,5.137014901265502,85.94679809175432,8002.269662921349
1778072583,100,GET,/product/1YMWWN1N4O,0.900000,0.000000,6,10,18,18,40,68,68,68,68,68,68,95,0,6,16.86151339182336,5.035060225054622,99.42913986742496,8027.042105263158
1778072583,100,GET,/product/2ZYFJ3GM2N,0.900000,0.000000,6,7,7,8,60,60,60,60,60,60,60,93,0,7,11.837164288066248,5.159908207133412,72.41634000092745,8016.096774193548
1778072583,100,GET,/product/66VCHSJNUP,0.500000,0.000000,9,40,51,51,58,58,58,58,58,58,58,94,0,6,11.333070730077143,5.234464071691036,76.44698093645275,8002.244680851064
1778072583,100,GET,/product/6E92ZMYYFZ,0.500000,0.000000,6,6,6,6,6,6,6,6,6,6,6,89,0,6,12.494726883498638,5.094924010336399,106.45071417093277,7961.932584269663
1778072583,100,GET,/product/9SIQT8TOJO,1.200000,0.000000,6,7,57,65,68,68,68,68,68,68,68,81,0,6,10.985353659769451,5.417214939370751,67.80430395156145,8024.358024691358
1778072583,100,GET,/product/L9ECAV7KIM,0.600000,0.000000,6,6,6,6,11,11,11,11,11,11,11,75,0,7,14.582180172825852,5.380826070904732,83.23945687152445,7991.1466666666665
1778072583,100,GET,/product/LS4PSXUNUM,0.800000,0.000000,6,7,8,53,64,64,64,64,64,64,64,94,0,6,10.919228634559252,5.324736936017871,85.9924559481442,7996.989361702128
1778072583,100,GET,/product/OLJCESPC7Z,0.600000,0.000000,7,21,26,26,74,74,74,74,74,74,74,93,0,7,13.35427144752635,5.319693125784397,97.04514313489199,8028.978494623656
1778072583,100,,Aggregated,56.100000,0.000000,9,14,25,35,59,78,100,110,140,140,140,6223,0,8,21.747378135299353,5.035060225054622,939.5796142052859,10609.849268841395
1778072584,100,GET,/,43.400000,0.000000,8,13,25,35,57,78,100,110,140,140,140,4739,0,8,22.917122438565325,5.6829629465937614,939.5796142052859,10545.141802067947
1778072584,100,POST,/cart,3.400000,0.000000,12,18,26,29,57,76,100,100,100,100,100,467,0,11,21.91182833146982,8.080156985670328,426.4811200555414,17953.111349036404
1778072584,100,POST,/cart/checkout,2.700000,0.000000,10,10,13,17,40,43,120,120,120,120,120,264,0,10,24.539791537928537,7.7455490827560425,916.5551918558776,6805.155303030303
1778072584,100,GET,/product/0PUK6V6EV0,1.000000,0.000000,6,7,79,79,83,83,83,83,83,83,83,90,0,7,15.553136250107652,5.137014901265502,85.94679809175432,8003.033333333334
1778072584,100,GET,/product/1YMWWN1N4O,1.100000,0.000000,6,10,18,40,68,68,68,68,68,68,68,95,0,6,16.86151339182336,5.035060225054622,99.42913986742496,8027.042105263158
1778072584,100,GET,/product/2ZYFJ3GM2N,1.000000,0.000000,6,7,7,7,60,60,60,60,60,60,60,93,0,7,11.837164288066248,5.159908207133412,72.41634000092745,8016.096774193548
1778072584,100,GET,/product/66VCHSJNUP,0.600000,0.000000,40,40,51,51,58,58,58,58,58,58,58,94,0,6,11.333070730077143,5.234464071691036,76.44698093645275,8002.244680851064
1778072584,100,GET,/product/6E92ZMYYFZ,0.500000,0.000000,6,6,6,6,12,12,12,12,12,12,12,90,0,6,12.492208094853494,5.094924010336399,106.45071417093277,7962.844444444445
1778072584,100,GET,/product/9SIQT8TOJO,1.300000,0.000000,7,57,65,65,68,68,68,68,68,68,68,81,0,6,10.985353659769451,5.417214939370751,67.80430395156145,8024.358024691358
1778072584,100,GET,/product/L9ECAV7KIM,0.400000,0.000000,6,6,6,6,11,11,11,11,11,11,11,75,0,7,14.582180172825852,5.380826070904732,83.23945687152445,7991.1466666666665
