Timestamp,User Count,Type,Name,Requests/s,Failures/s,50%,66%,75%,80%,90%,95%,98%,99%,99.9%,99.99%,100%,Total Request Count,Total Failure Count,Total Median Response Time,Total Average Response Time,Total Min Response Time,Total Max Response Time,Total Average Content Size
1781168593,0,,Aggregated,0.000000,0.000000,N/A,N/A,N/A,N/A,N/A,N/A,N/A,N/A,N/A,N/A,N/A,0,0,0,0.0,0,0,0
1781168594,5,GET,/,0.000000,0.000000,0,0,0,0,0,0,0,0,0,0,0,4,0,982.8570773825049,985.4747790377587,982.8570773825049,991.5006710216403,10499.0
1781168594,5,POST,/cart,0.000000,0.000000,0,0,0,0,0,0,0,0,0,0,0,1,0,966.7279785498977,966.7279785498977,966.7279785498977,966.7279785498977,16453.0
1781168594,5,,Aggregated,0.000000,0.000000,0,0,0,0,0,0,0,0,0,0,0,5,0,980,981.7254189401865,966.7279785498977,991.5006710216403,11689.8
1781168595,10,GET,/,0.000000,0.000000,0,0,0,0,0,0,0,0,0,0,0,8,0,170.46063020825386,578.1660217326134,170.46063020825386,991.5006710216403,10499.0
1781168595,10,POST,/cart,0.000000,0.000000,0,0,0,0,0,0,0,0,0,0,0,2,0,67.16855149716139,516.9482650235295,67.16855149716139,966.7279785498977,16456.0
1781168595,10,GET,/product/66VCHSJNUP,0.000000,0.000000,0,0,0,0,0,0,0,0,0,0,0,1,0,91.47614520043135,91.47614520043135,91.47614520043135,91.47614520043135,7964.0
1781168595,10,GET,/product/LS4PSXUNUM,0.000000,0.000000,0,0,0,0,0,0,0,0,0,0,0,1,0,11.03857159614563,11.03857159614563,11.03857159614563,11.03857159614563,7947.0
1781168595,10,,Aggregated,0.000000,0.000000,170,970,980,980,980,990,990,990,990,990,990,12,0,170,480.14495172537863,11.03857159614563,991.5006710216403,11067.916666666666
1781168596,15,GET,/,0.000000,0.000000,67,67,68,68,68,68,68,68,68,68,68,16,0,68,309.5916892052628,13.118979521095753,991.5006710216403,10510.125
1781168596,15,POST,/cart,0.000000,0.000000,54,54,54,54,54,54,54,54,54,54,54,3,0,67,362.59091055641574,53.87620162218809,966.7279785498977,16444.333333333332
1781168596,15,GET,/product/66VCHSJNUP,0.000000,0.000000,91,91,91,91,91,91,91,91,91,91,91,2,0,10.448727756738663,50.962436478585005,10.448727756738663,91.47614520043135,7994.5
1781168596,15,GET,/product/L9ECAV7KIM,0.000000,0.000000,0,0,0,0,0,0,0,0,0,0,0,1,0,22.59585540741682,22.59585540741682,22.59585540741682,22.59585540741682,7966.0
1781168596,15,GET,/product/LS4PSXUNUM,0.000000,0.000000,11,11,11,11,11,11,11,11,11,11,11,1,0,11.03857159614563,11.03857159614563,11.03857159614563,11.03857159614563,7947.0
1781168596,15,GET,/product/OLJCESPC7Z,0.000000,0.000000,0,0,0,0,0,0,0,0,0,0,0,1,0,35.74450500309467,35.74450500309467,35.74450500309467,35.74450500309467,7969.0
1781168596,15,,Aggregated,0.000000,0.000000,68,170,170,970,980,980,990,990,990,990,990,24,0,67,258.8559818298866,10.448727756738663,991.5006710216403,10723.583333333334
1781168597,20,GET,/,4.000000,0.000000,67,68,150,150,150,150,150,150,150,150,150,25,0,150,232.9635690525174,13.118979521095753,991.5006710216403,10506.12
1781168597,20,POST,/cart,1.000000,0.000000,54,54,54,54,54,54,54,54,54,54,54,5,0,54,234.55224260687828,31.098547391593456,966.7279785498977,16433.0
1781168597,20,GET,/product/0PUK6V6EV0,0.000000,0.000000,0,0,0,0,0,0,0,0,0,0,0,2,0,33,32.87510294467211,32.57506433874369,33.17514155060053,7981.0
1781168597,20,GET,/product/66VCHSJNUP,0.500000,0.000000,91,91,91,91,91,91,91,91,91,91,91,2,0,10.448727756738663,50.962436478585005,10.448727756738663,91.47614520043135,7994.5
1781168597,20,GET,/product/L9ECAV7KIM,0.000000,0.000000,23,23,23,23,23,23,23,23,23,23,23,1,0,22.59585540741682,22.59585540741682,22.59585540741682,22.59585540741682,7966.0
1781168597,20,GET,/product/LS4PSXUNUM,0.500000,0.000000,11,11,11,11,11,11,11,11,11,11,11,2,0,11,10.811909567564726,10.585247538983822,11.03857159614563,7948.0
1781168597,20,GET,/product/OLJCESPC7Z,0.000000,0.000000,0,0,0,0,0,0,0,0,0,0,0,1,0,35.74450500309467,35.74450500309467,35.74450500309467,35.74450500309467,7969.0
1781168597,20,,Aggregated,6.000000,0.000000,67,150,150,170,980,980,990,990,990,990,990,38,0,67,190.64446572998636,10.448727756738663,991.5006710216403,10752.631578947368
1781168598,25,GET,/,4.333333,0.000000,29,51,67,68,150,150,150,150,150,150,150,40,0,33,154.08043679781258,11.894906871020794,991.5006710216403,10510.125
1781168598,25,POST,/cart,1.000000,0.000000,31,31,54,54,54,54,54,54,54,54,54,8,0,31,152.55243296269327,14.450188726186752,966.7279785498977,16622.0
1781168598,25,POST,/cart/checkout,0.000000,0.000000,0,0,0,0,0,0,0,0,0,0,0,1,0,49.42018259316683,49.42018259316683,49.42018259316683,49.42018259316683,6769.0
1781168598,25,GET,/product/0PUK6V6EV0,0.000000,0.000000,33,33,33,33,33,33,33,33,33,33,33,2,0,33,32.87510294467211,32.57506433874369,33.17514155060053,7981.0
1781168598,25,GET,/product/66VCHSJNUP,0.333333,0.000000,91,91,91,91,91,91,91,91,91,91,91,2,0,10.448727756738663,50.962436478585005,10.448727756738663,91.47614520043135,7994.5
1781168598,25,GET,/product/9SIQT8TOJO,0.000000,0.000000,0,0,0,0,0,0,0,0,0,0,0,1,0,8.99730809032917,8.99730809032917,8.99730809032917,8.99730809032917,8079.0
1781168598,25,GET,/product/L9ECAV7KIM,0.333333,0.000000,23,23,23,23,23,23,23,23,23,23,23,1,0,22.59585540741682,22.59585540741682,22.59585540741682,22.59585540741682,7966.0
1781168598,25,GET,/product/LS4PSXUNUM,0.333333,0.000000,11,11,11,11,11,11,11,11,11,11,11,2,0,11,10.811909567564726,10.585247538983822,11.03857159614563,7948.0
1781168598,25,GET,/product/OLJCESPC7Z,0.000000,0.000000,36,36,36,36,36,36,36,36,36,36,36,1,0,35.74450500309467,35.74450500309467,35.74450500309467,35.74450500309467,7969.0
1781168598,25,,Aggregated,6.333333,0.000000,33,67,91,150,170,980,980,990,990,990,990,58,0,33,132.58092559809828,8.99730809032917,991.5006710216403,10896.741379310344
1781168599,30,GET,/,6.250000,0.000000,30,67,74,150,240,250,260,260,260,260,260,51,0,35,148.75423815101385,11.894906871020794,991.5006710216403,10507.725490196079
1781168599,30,POST,/cart,1.000000,0.000000,31,41,54,54,54,54,54,54,54,54,54,9,0,41,140.1184264363514,14.450188726186752,966.7279785498977,16601.444444444445
1781168599,30,POST,/cart/checkout,0.000000,0.000000,49,49,49,49,49,49,49,49,49,49,49,1,0,49.42018259316683,49.42018259316683,49.42018259316683,49.42018259316683,6769.0
1781168599,30,GET,/product/0PUK6V6EV0,0.500000,0.000000,33,33,33,33,33,33,33,33,33,33,33,2,0,33,32.87510294467211,32.57506433874369,33.17514155060053,7981.0
1781168599,30,GET,/product/66VCHSJNUP,0.500000,0.000000,91,91,91,91,91,91,91,91,91,91,91,2,0,10.448727756738663,50.962436478585005,10.448727756738663,91.47614520043135,7994.5
1781168599,30,GET,/product/6E92ZMYYFZ,0.000000,0.000000,0,0,0,0,0,0,0,0,0,0,0,1,0,15.630509704351425,15.630509704351425,15.630509704351425,15.630509704351425,7925.0
1781168599,30,GET,/product/9SIQT8TOJO,0.000000,0.000000,0,0,0,0,0,0,0,0,0,0,0,2,0,9,46.56766401603818,8.99730809032917,84.13801994174719,8024.5
1781168599,30,GET,/product/L9ECAV7KIM,0.250000,0.000000,23,23,23,23,23,23,23,23,23,23,23,1,0,22.59585540741682,22.59585540741682,22.59585540741682,22.59585540741682,7966.0
1781168599,30,GET,/product/LS4PSXUNUM,0.500000,0.000000,11,11,11,11,11,11,11,11,11,11,11,2,0,11,10.811909567564726,10.585247538983822,11.03857159614563,7948.0
1781168599,30,GET,/product/OLJCESPC7Z,0.250000,0.000000,36,36,36,36,36,36,36,36,36,36,36,1,0,35.74450500309467,35.74450500309467,35.74450500309467,35.74450500309467,7969.0
1781168599,30,,Aggregated,9.250000,0.000000,33,67,150,150,250,980,980,990,990,990,990,72,0,33,128.51885086598082,8.99730809032917,991.5006710216403,10831.0
1781168600,35,GET,/,6.800000,0.000000,28,55,67,68,150,250,260,260,260,260,260,66,0,30,121.03177021455133,10.85472572594881,991.5006710216403,10511.136363636364
1781168600,35,POST,/cart,1.600000,0.000000,16,31,41,41,54,54,54,54,54,54,54,13,0,18,100.9084856710755,11.002001352608204,966.7279785498977,16552.384615384617
1781168600,35,POST,/cart/checkout,0.200000,0.000000,49,49,49,49,49,49,49,49,49,49,49,2,0,17,33.16253982484341,16.904897056519985,49.42018259316683,6795.5
1781168600,35,GET,/product/0PUK6V6EV0,0.400000,0.000000,33,33,33,33,33,33,33,33,33,33,33,2,0,33,32.87510294467211,32.57506433874369,33.17514155060053,7981.0
1781168600,35,GET,/product/66VCHSJNUP,0.400000,0.000000,91,91,91,91,91,91,91,91,91,91,91,2,0,10.448727756738663,50.962436478585005,10.448727756738663,91.47614520043135,7994.5
1781168600,35,GET,/product/6E92ZMYYFZ,0.000000,0.000000,16,16,16,16,16,16,16,16,16,16,16,1,0,15.630509704351425,15.630509704351425,15.630509704351425,15.630509704351425,7925.0
1781168600,35,GET,/product/9SIQT8TOJO,0.000000,0.000000,84,84,84,84,84,84,84,84,84,84,84,2,0,9,46.56766401603818,8.99730809032917,84.13801994174719,8024.5
1781168600,35,GET,/product/L9ECAV7KIM,0.200000,0.000000,10,10,23,23,23,23,23,23,23,23,23,3,0,10,13.989360382159552,9.534190408885479,22.59585540741682,7984.333333333333
1781168600,35,GET,/product/LS4PSXUNUM,0.400000,0.000000,11,11,11,11,11,11,11,11,11,11,11,2,0,11,10.811909567564726,10.585247538983822,11.03857159614563,7948.0
1781168600,35,GET,/product/OLJCESPC7Z,0.200000,0.000000,36,36,36,36,36,36,36,36,36,36,36,1,0,35.74450500309467,35.74450500309467,35.74450500309467,35.74450500309467,7969.0
1781168600,35,,Aggregated,10.200000,0.000000,30,55,68,150,240,970,980,990,990,990,990,94,0,29,103.63839946172021,8.99730809032917,991.5006710216403,10917.553191489362
1781168601,40,GET,/,8.000000,0.000000,26,51,67,75,150,250,260,260,260,260,260,88,0,28,99.63737001684918,10.48748753964901,991.5006710216403,10512.147727272728
1781168601,40,POST,/cart,1.500000,0.000000,16,31,46,46,54,58,58,58,58,58,58,18,0,16,80.76157907230987,10.622091591358185,966.7279785498977,16603.444444444445
1781168601,40,POST,/cart/checkout,0.166667,0.000000,43,43,49,49,49,49,49,49,49,49,49,3,0,43,36.29432308177153,16.904897056519985,49.42018259316683,6792.666666666667
1781168601,40,GET,/product/0PUK6V6EV0,0.333333,0.000000,33,33,33,33,33,33,33,33,33,33,33,2,0,33,32.87510294467211,32.57506433874369,33.17514155060053,7981.0
1781168601,40,GET,/product/66VCHSJNUP,0.333333,0.000000,10,10,91,91,91,91,91,91,91,91,91,3,0,10,37.10984128216902,9.404650889337063,91.47614520043135,7963.666666666667
1781168601,40,GET,/product/6E92ZMYYFZ,0.166667,0.000000,16,16,16,16,16,16,16,16,16,16,16,2,0,9.170269593596458,12.400389648973942,9.170269593596458,15.630509704351425,7927.0
1781168601,40,GET,/product/9SIQT8TOJO,0.333333,0.000000,84,84,84,84,84,84,84,84,84,84,84,2,0,9,46.56766401603818,8.99730809032917,84.13801994174719,8024.5
1781168601,40,GET,/product/L9ECAV7KIM,0.166667,0.000000,10,10,23,23,23,23,23,23,23,23,23,3,0,10,13.989360382159552,9.534190408885479,22.59585540741682,7984.333333333333
1781168601,40,GET,/product/LS4PSXUNUM,0.333333,0.000000,11,11,11,11,11,11,11,11,11,11,11,2,0,11,10.811909567564726,10.585247538983822,11.03857159614563,7948.0
1781168601,40,GET,/product/OLJCESPC7Z,0.166667,0.000000,36,36,36,36,36,36,36,36,36,36,36,1,0,35.74450500309467,35.74450500309467,35.74450500309467,35.74450500309467,7969.0
1781168601,40,,Aggregated,11.500000,0.000000,26,51,67,84,170,260,980,980,990,990,990,124,0,26,86.49219513209837,8.99730809032917,991.5006710216403,10999.056451612903
1781168602,45,GET,/,9.000000,0.000000,17,51,67,78,150,240,260,260,260,260,260,105,0,26,89.0845915480029,9.786217473447323,991.5006710216403,10513.409523809523
1781168602,45,POST,/cart,1.714286,0.000000,16,31,46,54,58,76,76,76,76,76,76,20,0,16,77.1713794209063,10.622091591358185,966.7279785498977,16585.4
1781168602,45,POST,/cart/checkout,0.285714,0.000000,43,43,49,49,49,49,49,49,49,49,49,3,0,43,36.29432308177153,16.904897056519985,49.42018259316683,6792.666666666667
1781168602,45,GET,/product/0PUK6V6EV0,0.285714,0.000000,33,33,33,33,33,33,33,33,33,33,33,2,0,33,32.87510294467211,32.57506433874369,33.17514155060053,7981.0
1781168602,45,GET,/product/2ZYFJ3GM2N,0.000000,0.000000,0,0,0,0,0,0,0,0,0,0,0,1,0,9.647411294281483,9.647411294281483,9.647411294281483,9.647411294281483,8041.0
1781168602,45,GET,/product/66VCHSJNUP,0.285714,0.000000,10,10,91,91,91,91,91,91,91,91,91,3,0,10,37.10984128216902,9.404650889337063,91.47614520043135,7963.666666666667
1781168602,45,GET,/product/6E92ZMYYFZ,0.142857,0.000000,16,16,16,16,16,16,16,16,16,16,16,2,0,9.170269593596458,12.400389648973942,9.170269593596458,15.630509704351425,7927.0
1781168602,45,GET,/product/9SIQT8TOJO,0.285714,0.000000,84,84,84,84,84,84,84,84,84,84,84,2,0,9,46.56766401603818,8.99730809032917,84.13801994174719,8024.5
1781168602,45,GET,/product/L9ECAV7KIM,0.428571,0.000000,10,10,23,23,23,23,23,23,23,23,23,4,0,10,12.537117814645171,8.180390112102032,22.59585540741682,7979.25
1781168602,45,GET,/product/LS4PSXUNUM,0.285714,0.000000,11,11,11,11,11,11,11,11,11,11,11,2,0,11,10.811909567564726,10.585247538983822,11.03857159614563,7948.0
1781168602,45,GET,/product/OLJCESPC7Z,0.142857,0.000000,36,36,36,36,36,36,36,36,36,36,36,1,0,35.74450500309467,35.74450500309467,35.74450500309467,35.74450500309467,7969.0
1781168602,45,,Aggregated,12.857143,0.000000,18,49,67,82,150,250,980,980,990,990,990,145,0,18,78.74739802731523,8.180390112102032,991.5006710216403,10976.36551724138
1781168603,50,GET,/,10.625000,0.000000,16,46,58,71,85,150,250,260,260,260,260,134,0,17,76.13855320265266,9.333868511021137,991.5006710216403,10515.60447761194
1781168603,50,POST,/cart,1.875000,0.000000,14,31,46,54,58,76,76,76,76,76,76,22,0,14,71.32366646758534,10.622091591358185,966.7279785498977,16702.954545454544
1781168603,50,POST,/cart/checkout,0.375000,0.000000,43,43,43,49,49,49,49,49,49,49,49,5,0,43,33.50175525993109,15.55832289159298,49.42018259316683,6792.4
1781168603,50,GET,/product/0PUK6V6EV0,0.250000,0.000000,33,33,33,33,33,33,33,33,33,33,33,2,0,33,32.87510294467211,32.57506433874369,33.17514155060053,7981.0
1781168603,50,GET,/product/2ZYFJ3GM2N,0.000000,0.000000,10,10,10,10,10,10,10,10,10,10,10,1,0,9.647411294281483,9.647411294281483,9.647411294281483,9.647411294281483,8041.0
1781168603,50,GET,/product/66VCHSJNUP,0.375000,0.000000,10,10,91,91,91,91,91,91,91,91,91,3,0,10,37.10984128216902,9.404650889337063,91.47614520043135,7963.666666666667
1781168603,50,GET,/product/6E92ZMYYFZ,0.250000,0.000000,16,16,16,16,16,16,16,16,16,16,16,2,0,9.170269593596458,12.400389648973942,9.170269593596458,15.630509704351425,7927.0
1781168603,50,GET,/product/9SIQT8TOJO,0.250000,0.000000,84,84,84,84,84,84,84,84,84,84,84,2,0,9,46.56766401603818,8.99730809032917,84.13801994174719,8024.5
1781168603,50,GET,/product/L9ECAV7KIM,0.375000,0.000000,10,10,23,23,23,23,23,23,23,23,23,4,0,10,12.537117814645171,8.180390112102032,22.59585540741682,7979.25
1781168603,50,GET,/product/LS4PSXUNUM,0.250000,0.000000,15,15,17,17,17,17,17,17,17,17,17,4,0,11,13.354307739064097,10.585247538983822,16.534308902919292,7938.5
1781168603,50,GET,/product/OLJCESPC7Z,0.125000,0.000000,36,36,36,36,36,36,36,36,36,36,36,1,0,35.74450500309467,35.74450500309467,35.74450500309467,35.74450500309467,7969.0
1781168603,50,,Aggregated,14.750000,0.000000,17,46,58,75,150,250,980,980,990,990,990,180,0,16,68.79538346288933,8.180390112102032,991.5006710216403,10899.75
1781168604,55,GET,/,11.222222,0.000000,15,38,56,71,85,150,250,260,260,260,260,153,0,16,69.72968093807401,9.111094288527966,991.5006710216403,10515.869281045752
1781168604,55,POST,/cart,2.111111,0.000000,14,31,38,46,54,58,76,76,76,76,76,27,0,14,62.30331650348725,10.622091591358185,966.7279785498977,16656.074074074073
1781168604,55,POST,/cart/checkout,0.333333,0.000000,18,43,43,43,49,49,49,49,49,49,49,8,0,17,26.211861055344343,10.971655137836933,49.42018259316683,6794.875
1781168604,55,GET,/product/0PUK6V6EV0,0.222222,0.000000,33,33,33,33,33,33,33,33,33,33,33,2,0,33,32.87510294467211,32.57506433874369,33.17514155060053,7981.0
1781168604,55,GET,/product/1YMWWN1N4O,0.000000,0.000000,0,0,0,0,0,0,0,0,0,0,0,1,0,10.323086753487587,10.323086753487587,10.323086753487587,10.323086753487587,7984.0
1781168604,55,GET,/product/2ZYFJ3GM2N,0.111111,0.000000,10,10,10,10,10,10,10,10,10,10,10,1,0,9.647411294281483,9.647411294281483,9.647411294281483,9.647411294281483,8041.0
1781168604,55,GET,/product/66VCHSJNUP,0.333333,0.000000,10,10,91,91,91,91,91,91,91,91,91,3,0,10,37.10984128216902,9.404650889337063,91.47614520043135,7963.666666666667
1781168604,55,GET,/product/6E92ZMYYFZ,0.222222,0.000000,9,9,16,16,16,16,16,16,16,16,16,3,0,9,10.99498818318049,8.18418525159359,15.630509704351425,7966.666666666667
1781168604,55,GET,/product/9SIQT8TOJO,0.222222,0.000000,84,84,84,84,84,84,84,84,84,84,84,2,0,9,46.56766401603818,8.99730809032917,84.13801994174719,8024.5
1781168604,55,GET,/product/L9ECAV7KIM,0.333333,0.000000,10,10,23,23,23,23,23,23,23,23,23,4,0,10,12.537117814645171,8.180390112102032,22.59585540741682,7979.25
1781168604,55,GET,/product/LS4PSXUNUM,0.222222,0.000000,11,11,15,15,17,17,17,17,17,17,17,6,0,11,11.66261142740647,8.043456822633743,16.534308902919292,7941.333333333333
1781168604,55,GET,/product/OLJCESPC7Z,0.111111,0.000000,36,36,36,36,36,36,36,36,36,36,36,1,0,35.74450500309467,35.74450500309467,35.74450500309467,35.74450500309467,7969.0
1781168604,55,,Aggregated,15.444444,0.000000,15,33,49,56,82,150,250,260,260,260,260,211,0,15,61.798885226320316,8.043456822633743,991.5006710216403,10883.232227488152
1781168605,60,GET,/,12.600000,0.000000,15,30,50,57,84,150,250,260,260,260,260,176,0,17,64.02514566963708,9.111094288527966,991.5006710216403,10515.6875
1781168605,60,POST,/cart,2.000000,0.000000,14,27,38,38,46,58,76,76,76,76,76,34,0,16,54.73722591448356,10.622091591358185,966.7279785498977,16780.970588235294
1781168605,60,POST,/cart/checkout,0.500000,0.000000,18,43,43,43,49,49,49,49,49,49,49,8,0,17,26.211861055344343,10.971655137836933,49.42018259316683,6794.875
1781168605,60,GET,/product/0PUK6V6EV0,0.200000,0.000000,33,33,33,33,33,33,33,33,33,33,33,3,0,33,25.365421858926613,10.346059687435627,33.17514155060053,7962.666666666667
1781168605,60,GET,/product/1YMWWN1N4O,0.000000,0.000000,10,10,10,10,10,10,10,10,10,10,10,1,0,10.323086753487587,10.323086753487587,10.323086753487587,10.323086753487587,7984.0
1781168605,60,GET,/product/2ZYFJ3GM2N,0.100000,0.000000,10,10,10,10,10,10,10,10,10,10,10,1,0,9.647411294281483,9.647411294281483,9.647411294281483,9.647411294281483,8041.0
1781168605,60,GET,/product/66VCHSJNUP,0.300000,0.000000,10,10,10,10,10,10,10,10,10,10,10,3,0,10,37.10984128216902,9.404650889337063,91.47614520043135,7963.666666666667
1781168605,60,GET,/product/6E92ZMYYFZ,0.200000,0.000000,9,9,16,16,16,16,16,16,16,16,16,3,0,9,10.99498818318049,8.18418525159359,15.630509704351425,7966.666666666667
1781168605,60,GET,/product/9SIQT8TOJO,0.200000,0.000000,84,84,84,84,84,84,84,84,84,84,84,2,0,9,46.56766401603818,8.99730809032917,84.13801994174719,8024.5
1781168605,60,GET,/product/L9ECAV7KIM,0.400000,0.000000,10,10,23,23,51,51,51,51,51,51,51,6,0,10,18.317941421022017,8.180390112102032,51.24332197010517,7963.5
1781168605,60,GET,/product/LS4PSXUNUM,0.400000,0.000000,11,15,15,17,17,17,17,17,17,17,17,6,0,11,11.66261142740647,8.043456822633743,16.534308902919292,7941.333333333333
1781168605,60,GET,/product/OLJCESPC7Z,0.100000,0.000000,36,36,36,36,36,36,36,36,36,36,36,2,0,9.272070601582527,22.5082878023386,9.272070601582527,35.74450500309467,7976.0
1781168605,60,,Aggregated,17.000000,0.000000,15,28,43,50,81,88,240,250,260,260,260,245,0,16,56.724908898527524,8.043456822633743,991.5006710216403,10982.885714285714
1781168606,65,GET,/,15.000000,0.000000,14,26,38,49,78,85,250,260,260,260,260,207,0,15,57.115530352229655,9.111094288527966,991.5006710216403,10517.487922705313
1781168606,65,POST,/cart,2.600000,0.000000,16,30,38,43,52,58,76,76,76,76,76,38,0,18,52.822487477801346,10.622091591358185,966.7279785498977,16747.447368421053
1781168606,65,POST,/cart/checkout,0.700000,0.000000,18,43,43,49,52,52,52,52,52,52,52,10,0,17,27.28643072769046,10.971655137836933,51.89346708357334,6792.1
1781168606,65,GET,/product/0PUK6V6EV0,0.200000,0.000000,33,33,33,33,33,33,33,33,33,33,33,4,0,10,21.103176288306713,8.31643957644701,33.17514155060053,7982.25
1781168606,65,GET,/product/1YMWWN1N4O,0.100000,0.000000,10,10,10,10,10,10,10,10,10,10,10,1,0,10.323086753487587,10.323086753487587,10.323086753487587,10.323086753487587,7984.0
1781168606,65,GET,/product/2ZYFJ3GM2N,0.100000,0.000000,10,10,10,10,10,10,10,10,10,10,10,1,0,9.647411294281483,9.647411294281483,9.647411294281483,9.647411294281483,8041.0
1781168606,65,GET,/product/66VCHSJNUP,0.300000,0.000000,10,10,10,10,10,10,10,10,10,10,10,3,0,10,37.10984128216902,9.404650889337063,91.47614520043135,7963.666666666667
1781168606,65,GET,/product/6E92ZMYYFZ,0.300000,0.000000,9,9,16,16,16,16,16,16,16,16,16,3,0,9,10.99498818318049,8.18418525159359,15.630509704351425,7966.666666666667
1781168606,65,GET,/product/9SIQT8TOJO,0.200000,0.000000,29,29,84,84,84,84,84,84,84,84,84,3,0,29,40.577370983858906,8.99730809032917,84.13801994174719,8041.333333333333
1781168606,65,GET,/product/L9ECAV7KIM,0.400000,0.000000,10,23,28,28,51,51,51,51,51,51,51,7,0,10,19.63682352964367,8.180390112102032,51.24332197010517,7961.571428571428
1781168606,65,GET,/product/LS4PSXUNUM,0.600000,0.000000,11,15,15,17,17,17,17,17,17,17,17,6,0,11,11.66261142740647,8.043456822633743,16.534308902919292,7941.333333333333
1781168606,65,GET,/product/OLJCESPC7Z,0.100000,0.000000,9,9,36,36,36,36,36,36,36,36,36,3,0,9,17.68410112708807,8.03572777658701,35.74450500309467,7980.333333333333
1781168606,65,,Aggregated,20.600000,0.000000,14,25,38,46,74,84,240,250,260,260,260,286,0,15,51.51730473967386,8.03572777658701,991.5006710216403,10939.276223776224
1781168607,70,GET,/,16.500000,0.000000,14,26,49,59,84,130,250,260,260,260,260,233,0,16,57.58471035922162,9.07061342149973,991.5006710216403,10518.862660944205
1781168607,70,POST,/cart,2.900000,0.000000,15,30,38,43,52,64,76,76,76,76,76,42,0,16,50.180559334833,10.581733658909798,966.7279785498977,16753.35714285714
1781168607,70,POST,/cart/checkout,0.800000,0.000000,17,43,43,43,49,52,52,52,52,52,52,11,0,17,25.8585817434571,10.971655137836933,51.89346708357334,6795.818181818182
1781168607,70,GET,/product/0PUK6V6EV0,0.300000,0.000000,33,33,33,33,33,33,33,33,33,33,33,4,0,10,21.103176288306713,8.31643957644701,33.17514155060053,7982.25
1781168607,70,GET,/product/1YMWWN1N4O,0.100000,0.000000,10,10,11,11,11,11,11,11,11,11,11,3,0,10,10.238613933324814,9.512525983154774,10.88022906333208,8013.666666666667
1781168607,70,GET,/product/2ZYFJ3GM2N,0.100000,0.000000,10,10,10,10,10,10,10,10,10,10,10,1,0,9.647411294281483,9.647411294281483,9.647411294281483,9.647411294281483,8041.0
1781168607,70,GET,/product/66VCHSJNUP,0.200000,0.000000,10,10,13,13,13,13,13,13,13,13,13,4,0,10,31.072166981175542,9.404650889337063,91.47614520043135,7958.75
1781168607,70,GET,/product/6E92ZMYYFZ,0.300000,0.000000,9,16,16,90,90,90,90,90,90,90,90,5,0,9,26.321000792086124,8.18418525159359,90.37433099001646,7952.8
1781168607,70,GET,/product/9SIQT8TOJO,0.200000,0.000000,29,29,84,84,84,84,84,84,84,84,84,4,0,14,33.86057820171118,8.99730809032917,84.13801994174719,8021.5
1781168607,70,GET,/product/L9ECAV7KIM,0.600000,0.000000,10,10,28,28,51,51,51,51,51,51,51,7,0,10,19.63682352964367,8.180390112102032,51.24332197010517,7961.571428571428
1781168607,70,GET,/product/LS4PSXUNUM,0.500000,0.000000,11,15,17,17,42,42,42,42,42,42,42,8,0,11,15.037097851745784,8.043456822633743,42.23952256143093,7941.25
1781168607,70,GET,/product/OLJCESPC7Z,0.100000,0.000000,9,9,36,36,36,36,36,36,36,36,36,3,0,9,17.68410112708807,8.03572777658701,35.74450500309467,7980.333333333333
1781168607,70,,Aggregated,22.600000,0.000000,14,25,43,51,78,90,160,250,260,260,260,325,0,15,51.18825907317492,8.03572777658701,991.5006710216403,10892.886153846153
1781168608,75,GET,/,18.800000,0.000000,14,29,51,61,81,88,130,150,160,160,160,272,0,17,55.053963527932545,8.466626517474651,991.5006710216403,10521.577205882353
1781168608,75,POST,/cart,3.500000,0.000000,16,30,38,43,52,64,76,76,76,76,76,49,0,21,47.11045687828137,10.581733658909798,966.7279785498977,16767.061224489797
1781168608,75,POST,/cart/checkout,1.000000,0.000000,17,43,43,52,71,73,73,73,73,73,73,14,0,17,31.592268097613537,10.971655137836933,72.97806721180677,6799.428571428572
1781168608,75,GET,/product/0PUK6V6EV0,0.300000,0.000000,10,33,33,33,33,33,33,33,33,33,33,5,0,10,18.565521761775017,8.31643957644701,33.17514155060053,7995.6
1781168608,75,GET,/product/1YMWWN1N4O,0.100000,0.000000,10,10,11,11,11,11,11,11,11,11,11,3,0,10,10.238613933324814,9.512525983154774,10.88022906333208,8013.666666666667
1781168608,75,GET,/product/2ZYFJ3GM2N,0.100000,0.000000,10,10,10,10,10,10,10,10,10,10,10,1,0,9.647411294281483,9.647411294281483,9.647411294281483,9.647411294281483,8041.0
1781168608,75,GET,/product/66VCHSJNUP,0.200000,0.000000,13,13,25,25,25,25,25,25,25,25,25,5,0,13,29.927384853363037,9.404650889337063,91.47614520043135,7951.4
1781168608,75,GET,/product/6E92ZMYYFZ,0.300000,0.000000,9,16,16,90,90,90,90,90,90,90,90,5,0,9,26.321000792086124,8.18418525159359,90.37433099001646,7952.8
1781168608,75,GET,/product/9SIQT8TOJO,0.300000,0.000000,29,41,41,84,84,84,84,84,84,84,84,5,0,29,35.37616468966007,8.99730809032917,84.13801994174719,8010.8
1781168608,75,GET,/product/L9ECAV7KIM,0.600000,0.000000,10,10,28,28,51,51,51,51,51,51,51,7,0,10,19.63682352964367,8.180390112102032,51.24332197010517,7961.571428571428
1781168608,75,GET,/product/LS4PSXUNUM,0.500000,0.000000,15,17,31,31,42,42,42,42,42,42,42,9,0,11,16.803248578475582,8.043456822633743,42.23952256143093,7951.111111111111
1781168608,75,GET,/product/OLJCESPC7Z,0.200000,0.000000,9,9,36,36,36,36,36,36,36,36,36,3,0,9,17.68410112708807,8.03572777658701,35.74450500309467,7980.333333333333
1781168608,75,,Aggregated,25.900000,0.000000,14,28,46,52,75,85,110,150,160,160,160,378,0,17,49.360939520830044,8.03572777658701,991.5006710216403,10903.47619047619
1781168609,80,GET,/,20.600000,0.000000,17,39,59,65,82,95,130,150,160,160,160,306,0,20,54.17484805000082,8.282613940536976,991.5006710216403,10522.26797385621
1781168609,80,POST,/cart,3.600000,0.000000,21,37,40,44,58,65,97,97,97,97,97,54,0,18,46.45364881596632,10.581733658909798,966.7279785498977,16791.203703703704
1781168609,80,POST,/cart/checkout,1.100000,0.000000,18,43,52,52,71,73,73,73,73,73,73,14,0,17,31.592268097613537,10.971655137836933,72.97806721180677,6799.428571428572
1781168609,80,GET,/product/0PUK6V6EV0,0.200000,0.000000,10,33,33,33,33,33,33,33,33,33,33,5,0,10,18.565521761775017,8.31643957644701,33.17514155060053,7995.6
1781168609,80,GET,/product/1YMWWN1N4O,0.300000,0.000000,10,10,11,11,11,11,11,11,11,11,11,4,0,10,9.634852409362793,7.82356783747673,10.88022906333208,8013.75
1781168609,80,GET,/product/2ZYFJ3GM2N,0.100000,0.000000,19,19,19,19,19,19,19,19,19,19,19,2,0,10,14.168486464768648,9.647411294281483,18.689561635255814,8013.5
1781168609,80,GET,/product/66VCHSJNUP,0.200000,0.000000,36,36,38,38,57,57,57,57,57,57,57,8,0,25,35.0314179668203,9.404650889337063,91.47614520043135,7939.375
1781168609,80,GET,/product/6E92ZMYYFZ,0.400000,0.000000,9,9,90,90,90,90,90,90,90,90,90,5,0,9,26.321000792086124,8.18418525159359,90.37433099001646,7952.8
1781168609,80,GET,/product/9SIQT8TOJO,0.400000,0.000000,29,29,41,41,84,84,84,84,84,84,84,6,0,14,30.781423673033714,7.807718589901924,84.13801994174719,8006.666666666667
1781168609,80,GET,/product/L9ECAV7KIM,0.600000,0.000000,10,10,28,28,51,51,51,51,51,51,51,8,0,10,18.187759560532868,8.04431177675724,51.24332197010517,7970.5
1781168609,80,GET,/product/LS4PSXUNUM,0.600000,0.000000,15,17,31,31,42,42,42,42,42,42,42,9,0,11,16.803248578475582,8.043456822633743,42.23952256143093,7951.111111111111
1781168609,80,GET,/product/OLJCESPC7Z,0.200000,0.000000,36,56,56,62,62,62,62,62,62,62,62,5,0,36,34.07679460942745,8.03572777658701,61.82756647467613,7978.6
1781168609,80,,Aggregated,28.300000,0.000000,17,37,49,60,77,88,120,150,160,160,160,426,0,18,48.71280859290084,7.807718589901924,991.5006710216403,10883.396713615024
1781168610,85,GET,/,22.700000,0.000000,19,38,58,65,80,98,130,150,160,160,160,341,0,21,52.06995950656727,7.9300133511424065,991.5006710216403,10523.533724340175
1781168610,85,POST,/cart,3.700000,0.000000,17,30,38,41,52,65,97,97,97,97,97,58,0,17,44.758737841942185,10.581733658909798,966.7279785498977,16817.258620689656
1781168610,85,POST,/cart/checkout,1.100000,0.000000,18,43,43,52,71,73,73,73,73,73,73,16,0,17,30.86032741703093,10.971655137836933,72.97806721180677,6798.3125
1781168610,85,GET,/product/0PUK6V6EV0,0.300000,0.000000,8,8,10,10,10,10,10,10,10,10,10,5,0,10,18.565521761775017,8.31643957644701,33.17514155060053,7995.6
1781168610,85,GET,/product/1YMWWN1N4O,0.300000,0.000000,10,11,11,75,75,75,75,75,75,75,75,5,0,10,22.70432822406292,7.82356783747673,74.98223148286343,8005.0
1781168610,85,GET,/product/2ZYFJ3GM2N,0.100000,0.000000,19,19,19,19,19,19,19,19,19,19,19,2,0,10,14.168486464768648,9.647411294281483,18.689561635255814,8013.5
1781168610,85,GET,/product/66VCHSJNUP,0.200000,0.000000,36,36,38,38,57,57,57,57,57,57,57,8,0,25,35.0314179668203,9.404650889337063,91.47614520043135,7939.375
1781168610,85,GET,/product/6E92ZMYYFZ,0.500000,0.000000,8,9,9,90,90,90,90,90,90,90,90,6,0,8.183697238564491,23.298116866499186,8.183697238564491,90.37433099001646,7945.5
1781168610,85,GET,/product/9SIQT8TOJO,0.500000,0.000000,29,41,51,74,84,84,84,84,84,84,84,9,0,29,35.25413510700067,7.807718589901924,84.13801994174719,8015.0
1781168610,85,GET,/product/L9ECAV7KIM,0.600000,0.000000,9,28,28,51,51,51,51,51,51,51,51,8,0,10,18.187759560532868,8.04431177675724,51.24332197010517,7970.5
1781168610,85,GET,/product/LS4PSXUNUM,0.700000,0.000000,15,17,31,31,42,42,42,42,42,42,42,10,0,11,16.124377492815256,8.043456822633743,42.23952256143093,7952.7
1781168610,85,GET,/product/OLJCESPC7Z,0.200000,0.000000,36,56,56,62,62,62,62,62,62,62,62,5,0,36,34.07679460942745,8.03572777658701,61.82756647467613,7978.6
1781168610,85,,Aggregated,30.900000,0.000000,17,35,49,61,76,88,120,150,160,160,160,473,0,18,47.13482353796918,7.807718589901924,991.5006710216403,10856.735729386892
1781168611,90,GET,/,25.300000,0.000000,24,47,63,70,86,110,130,150,160,160,160,391,0,25,52.82605409412585,7.9300133511424065,991.5006710216403,10524.265984654732
1781168611,90,POST,/cart,4.400000,0.000000,21,37,40,43,52,65,97,97,97,97,97,60,0,18,45.44069869443774,10.581733658909798,966.7279785498977,16804.65
1781168611,90,POST,/cart/checkout,1.300000,0.000000,16,35,43,52,71,73,73,73,73,73,73,18,0,17,30.412198406540686,10.971655137836933,72.97806721180677,6801.611111111111
1781168611,90,GET,/product/0PUK6V6EV0,0.300000,0.000000,8,8,10,10,10,10,10,10,10,10,10,5,0,10,18.565521761775017,8.31643957644701,33.17514155060053,7995.6
1781168611,90,GET,/product/1YMWWN1N4O,0.400000,0.000000,11,11,44,44,75,75,75,75,75,75,75,6,0,10,26.18809261669715,7.82356783747673,74.98223148286343,8012.0
1781168611,90,GET,/product/2ZYFJ3GM2N,0.200000,0.000000,19,19,19,19,19,19,19,19,19,19,19,2,0,10,14.168486464768648,9.647411294281483,18.689561635255814,8013.5
1781168611,90,GET,/product/66VCHSJNUP,0.600000,0.000000,36,36,38,38,57,57,57,57,57,57,57,8,0,25,35.0314179668203,9.404650889337063,91.47614520043135,7939.375
1781168611,90,GET,/product/6E92ZMYYFZ,0.400000,0.000000,8,43,43,90,90,90,90,90,90,90,90,7,0,9,26.096610219350882,8.183697238564491,90.37433099001646,7944.857142857143
1781168611,90,GET,/product/9SIQT8TOJO,0.400000,0.000000,29,41,51,51,74,84,84,84,84,84,84,12,0,14,31.65761715111633,7.5665004551410675,84.13801994174719,8007.583333333333
1781168611,90,GET,/product/L9ECAV7KIM,0.700000,0.000000,9,28,28,51,51,51,51,51,51,51,51,8,0,10,18.187759560532868,8.04431177675724,51.24332197010517,7970.5
1781168611,90,GET,/product/LS4PSXUNUM,0.700000,0.000000,15,17,31,42,90,90,90,90,90,90,90,11,0,11,22.7995009415529,8.043456822633743,89.55073542892933,7960.454545454545
1781168611,90,GET,/product/OLJCESPC7Z,0.400000,0.000000,56,56,62,62,62,62,62,62,62,62,62,5,0,36,34.07679460942745,8.03572777658701,61.82756647467613,7978.6
1781168611,90,,Aggregated,35.100000,0.000000,23,42,55,64,84,99,130,150,160,160,160,533,0,23,48.0612408296392,7.5665004551410675,991.5006710216403,10799.652908067543
1781168612,95,GET,/,27.000000,0.000000,25,48,65,72,91,110,130,150,160,160,160,429,0,26,52.051677112413316,7.522257044911385,991.5006710216403,10524.932400932401
1781168612,95,POST,/cart,4.500000,0.000000,25,38,41,44,64,81,130,130,130,130,130,61,0,21,46.835023833469286,10.581733658909798,966.7279785498977,16821.819672131147
1781168612,95,POST,/cart/checkout,1.400000,0.000000,18,35,39,52,71,73,73,73,73,73,73,19,0,18,29.948764921803225,10.971655137836933,72.97806721180677,6801.736842105263
1781168612,95,GET,/product/0PUK6V6EV0,0.300000,0.000000,10,10,90,90,90,90,90,90,90,90,90,6,0,10,30.48238546277086,8.31643957644701,90.06670396775007,8002.833333333333
1781168612,95,GET,/product/1YMWWN1N4O,0.500000,0.000000,11,11,44,44,75,75,75,75,75,75,75,6,0,10,26.18809261669715,7.82356783747673,74.98223148286343,8012.0
1781168612,95,GET,/product/2ZYFJ3GM2N,0.200000,0.000000,43,52,52,87,87,87,87,87,87,87,87,5,0,43,41.932293586432934,9.647411294281483,86.6327928379178,8004.8
1781168612,95,GET,/product/66VCHSJNUP,0.600000,0.000000,36,38,44,44,57,57,57,57,57,57,57,9,0,36,36.04987336115705,9.404650889337063,91.47614520043135,7953.777777777777
1781168612,95,GET,/product/6E92ZMYYFZ,0.500000,0.000000,8,43,43,90,90,90,90,90,90,90,90,7,0,9,26.096610219350882,8.183697238564491,90.37433099001646,7944.857142857143
1781168612,95,GET,/product/9SIQT8TOJO,0.600000,0.000000,32,37,45,45,51,74,74,74,74,74,74,14,0,29,32.10890106856823,7.5665004551410675,84.13801994174719,8000.642857142857
1781168612,95,GET,/product/L9ECAV7KIM,0.500000,0.000000,28,28,51,51,88,88,88,88,88,88,88,9,0,10,25.985985269976986,8.04431177675724,88.37179094552994,7978.777777777777
1781168612,95,GET,/product/LS4PSXUNUM,0.800000,0.000000,10,31,42,42,90,90,90,90,90,90,90,11,0,11,22.7995009415529,8.043456822633743,89.55073542892933,7960.454545454545
1781168612,95,GET,/product/OLJCESPC7Z,0.400000,0.000000,56,56,62,62,62,62,62,62,62,62,62,5,0,36,34.07679460942745,8.03572777658701,61.82756647467613,7978.6
1781168612,95,,Aggregated,37.300000,0.000000,25,44,61,66,85,99,130,150,160,160,160,581,0,24,48.050807061222045,7.522257044911385,991.5006710216403,10748.962134251291
1781168613,100,GET,/,29.000000,0.000000,29,54,66,75,98,120,140,150,160,160,160,474,0,27,52.2410870895167,7.522257044911385,991.5006710216403,10526.037974683544
1781168613,100,POST,/cart,4.400000,0.000000,27,41,47,52,86,97,130,130,130,130,130,64,0,23,47.82587527006399,10.581733658909798,966.7279785498977,16803.96875
1781168613,100,POST,/cart/checkout,1.400000,0.000000,22,39,70,70,73,73,73,73,73,73,73,23,0,18,32.03829892141663,10.971655137836933,72.97806721180677,6801.260869565217
1781168613,100,GET,/product/0PUK6V6EV0,0.300000,0.000000,10,90,90,92,92,92,92,92,92,92,92,7,0,33,39.30170501449278,8.31643957644701,92.21762232482433,8012.857142857143
1781168613,100,GET,/product/1YMWWN1N4O,0.600000,0.000000,11,11,44,44,75,75,75,75,75,75,75,6,0,10,26.18809261669715,7.82356783747673,74.98223148286343,8012.0
1781168613,100,GET,/product/2ZYFJ3GM2N,0.200000,0.000000,52,52,87,87,87,87,87,87,87,87,87,6,0,43,49.47126811991135,9.647411294281483,87.16614078730345,7995.0
1781168613,100,GET,/product/66VCHSJNUP,0.500000,0.000000,36,38,44,44,57,57,57,57,57,57,57,10,0,36,36.08750905841589,9.404650889337063,91.47614520043135,7963.5
1781168613,100,GET,/product/6E92ZMYYFZ,0.500000,0.000000,8,43,43,90,90,90,90,90,90,90,90,7,0,9,26.096610219350882,8.183697238564491,90.37433099001646,7944.857142857143
1781168613,100,GET,/product/9SIQT8TOJO,1.000000,0.000000,32,37,45,45,51,74,74,74,74,74,74,14,0,29,32.10890106856823,7.5665004551410675,84.13801994174719,8000.642857142857
1781168613,100,GET,/product/L9ECAV7KIM,0.500000,0.000000,50,50,51,51,88,88,88,88,88,88,88,10,0,10,28.428294882178307,8.04431177675724,88.37179094552994,7974.3
1781168613,100,GET,/product/LS4PSXUNUM,0.800000,0.000000,31,42,90,90,97,97,97,97,97,97,97,12,0,11,28.98859224903087,8.043456822633743,97.06859663128853,7968.083333333333
1781168613,100,GET,/product/OLJCESPC7Z,0.400000,0.000000,56,56,62,62,62,62,62,62,62,62,62,5,0,36,34.07679460942745,8.03572777658701,61.82756647467613,7978.6
1781168613,100,,Aggregated,39.600000,0.000000,29,51,65,73,92,120,130,150,160,160,160,638,0,26,48.7220788062156,7.522257044911385,991.5006710216403,10714.526645768025
1781168614,100,GET,/,31.800000,0.000000,39,65,78,86,120,160,270,320,340,340,340,518,0,29,59.17413969808276,7.522257044911385,991.5006710216403,10526.662162162162
1781168614,100,POST,/cart,4.100000,0.000000,30,47,52,64,94,130,320,320,320,320,320,68,0,26,51.89918467829771,10.581733658909798,966.7279785498977,16867.83823529412
1781168614,100,POST,/cart/checkout,1.600000,0.000000,22,52,70,71,73,160,160,160,160,160,160,25,0,18,36.505412086844444,10.971655137836933,163.60530722886324,6802.52
1781168614,100,GET,/product/0PUK6V6EV0,0.300000,0.000000,90,92,99,99,120,120,120,120,120,120,120,9,0,33,54.392191995349194,8.31643957644701,115.07655773311853,8010.333333333333
1781168614,100,GET,/product/1YMWWN1N4O,0.600000,0.000000,11,11,44,44,75,75,75,75,75,75,75,6,0,10,26.18809261669715,7.82356783747673,74.98223148286343,8012.0
1781168614,100,GET,/product/2ZYFJ3GM2N,0.400000,0.000000,43,52,87,87,87,87,87,87,87,87,87,7,0,43,44.00053819907563,9.647411294281483,87.16614078730345,7988.857142857143
1781168614,100,GET,/product/66VCHSJNUP,0.500000,0.000000,38,44,57,57,100,100,100,100,100,100,100,11,0,36,42.01471822505648,9.404650889337063,101.28680989146233,7969.454545454545
1781168614,100,GET,/product/6E92ZMYYFZ,0.500000,0.000000,43,90,90,120,120,120,120,120,120,120,120,8,0,9,37.79036644846201,8.183697238564491,119.6466600522399,7951.75
1781168614,100,GET,/product/9SIQT8TOJO,1.100000,0.000000,32,37,45,45,51,74,74,74,74,74,74,14,0,29,32.10890106856823,7.5665004551410675,84.13801994174719,8000.642857142857
1781168614,100,GET,/product/L9ECAV7KIM,0.600000,0.000000,50,88,88,120,120,120,120,120,120,120,120,11,0,23,36.74179154702208,8.04431177675724,119.87675819545984,7979.272727272727
1781168614,100,GET,/product/LS4PSXUNUM,0.900000,0.000000,42,42,90,90,97,97,97,97,97,97,97,12,0,11,28.98859224903087,8.043456822633743,97.06859663128853,7968.083333333333
1781168614,100,GET,/product/OLJCESPC7Z,0.400000,0.000000,62,62,99,99,120,120,120,120,120,120,120,7,0,56,55.67844158836773,8.03572777658701,120.15022430568933,7991.142857142857
1781168614,100,,Aggregated,42.800000,0.000000,38,62,75,86,120,150,240,320,340,340,340,696,0,29,55.178775326295316,7.522257044911385,991.5006710216403,10701.994252873563
1781168615,100,GET,/,33.400000,0.000000,48,70,85,95,130,160,270,320,340,340,340,553,0,33,59.89389265188526,7.522257044911385,991.5006710216403,10527.488245931283
1781168615,100,POST,/cart,4.400000,0.000000,29,44,61,65,94,130,320,320,320,320,320,71,0,25,50.20620903446221,10.581733658909798,966.7279785498977,16930.845070422536
1781168615,100,POST,/cart/checkout,1.700000,0.000000,35,49,71,73,93,160,160,160,160,160,160,28,0,22,38.613665350047604,10.971655137836933,163.60530722886324,6803.821428571428
1781168615,100,GET,/product/0PUK6V6EV0,0.500000,0.000000,92,92,99,99,120,120,120,120,120,120,120,9,0,33,54.392191995349194,8.31643957644701,115.07655773311853,8010.333333333333
1781168615,100,GET,/product/1YMWWN1N4O,0.600000,0.000000,11,44,44,75,75,75,75,75,75,75,75,6,0,10,26.18809261669715,7.82356783747673,74.98223148286343,8012.0
1781168615,100,GET,/product/2ZYFJ3GM2N,0.500000,0.000000,49,52,87,87,87,87,87,87,87,87,87,8,0,43,44.67383585870266,9.647411294281483,87.16614078730345,7991.5
1781168615,100,GET,/product/66VCHSJNUP,0.600000,0.000000,38,44,50,57,100,100,100,100,100,100,100,12,0,36,42.66432820198437,9.404650889337063,101.28680989146233,7972.083333333333
1781168615,100,GET,/product/6E92ZMYYFZ,0.500000,0.000000,90,100,100,100,120,120,120,120,120,120,120,11,0,43,51.03994584219022,8.183697238564491,119.6466600522399,7949.818181818182
1781168615,100,GET,/product/9SIQT8TOJO,1.200000,0.000000,32,41,45,45,51,74,74,74,74,74,74,14,0,29,32.10890106856823,7.5665004551410675,84.13801994174719,8000.642857142857
1781168615,100,GET,/product/L9ECAV7KIM,0.600000,0.000000,50,88,88,120,120,120,120,120,120,120,120,11,0,23,36.74179154702208,8.04431177675724,119.87675819545984,7979.272727272727
1781168615,100,GET,/product/LS4PSXUNUM,0.800000,0.000000,42,49,90,90,97,97,97,97,97,97,97,13,0,15,30.49731383529993,8.043456822633743,97.06859663128853,7966.461538461538
1781168615,100,GET,/product/OLJCESPC7Z,0.400000,0.000000,62,99,99,120,120,120,120,120,120,120,120,7,0,56,55.67844158836773,8.03572777658701,120.15022430568933,7991.142857142857
1781168615,100,,Aggregated,45.200000,0.000000,44,65,82,91,120,150,240,320,340,340,340,743,0,31,55.833788578615376,7.522257044911385,991.5006710216403,10687.471063257066
1781168616,100,GET,/,35.700000,0.000000,47,70,85,95,130,180,270,320,340,340,340,603,0,34,60.08469825996639,7.522257044911385,991.5006710216403,10527.635157545605
1781168616,100,POST,/cart,3.900000,0.000000,37,48,61,72,94,130,320,320,320,320,320,77,0,27,49.926603406474186,10.581733658909798,966.7279785498977,16967.597402597403
1781168616,100,POST,/cart/checkout,1.700000,0.000000,35,49,71,73,93,100,160,160,160,160,160,32,0,22,39.022744342219085,10.971655137836933,163.60530722886324,6805.09375
1781168616,100,GET,/product/0PUK6V6EV0,0.500000,0.000000,90,92,99,99,120,120,120,120,120,120,120,11,0,33,48.69417109611359,8.31643957644701,115.07655773311853,8009.090909090909
1781168616,100,GET,/product/1YMWWN1N4O,0.500000,0.000000,11,44,44,75,75,75,75,75,75,75,75,6,0,10,26.18809261669715,7.82356783747673,74.98223148286343,8012.0
1781168616,100,GET,/product/2ZYFJ3GM2N,0.500000,0.000000,49,52,62,87,87,87,87,87,87,87,87,10,0,43,43.634531274437904,9.647411294281483,87.16614078730345,7996.3
1781168616,100,GET,/product/66VCHSJNUP,0.700000,0.000000,38,44,50,57,100,100,100,100,100,100,100,13,0,38,42.334624422857395,9.404650889337063,101.28680989146233,7971.615384615385
1781168616,100,GET,/product/6E92ZMYYFZ,0.400000,0.000000,79,100,100,100,120,120,120,120,120,120,120,12,0,43,53.40801443283757,8.183697238564491,119.6466600522399,7949.416666666667
1781168616,100,GET,/product/9SIQT8TOJO,1.200000,0.000000,37,41,45,51,74,74,74,74,74,74,74,14,0,29,32.10890106856823,7.5665004551410675,84.13801994174719,8000.642857142857
1781168616,100,GET,/product/L9ECAV7KIM,0.600000,0.000000,50,88,88,120,120,120,120,120,120,120,120,12,0,10,34.21252896077931,6.390640512108803,119.87675819545984,7984.25
1781168616,100,GET,/product/LS4PSXUNUM,0.600000,0.000000,49,49,90,90,97,97,97,97,97,97,97,14,0,11,28.83327931963972,7.200830616056919,97.06859663128853,7966.071428571428
1781168616,100,GET,/product/OLJCESPC7Z,0.400000,0.000000,62,62,99,99,120,120,120,120,120,120,120,8,0,36,50.4281260073185,8.03572777658701,120.15022430568933,7992.375
1781168616,100,,Aggregated,46.700000,0.000000,44,66,84,92,120,160,240,320,340,340,340,812,0,32,55.80255080569591,6.390640512108803,991.5006710216403,10678.417487684728
1781168617,100,GET,/,37.100000,0.000000,46,70,85,95,130,180,270,320,340,340,340,641,0,34,58.446826578906844,7.522257044911385,991.5006710216403,10527.742589703588
1781168617,100,POST,/cart,4.000000,0.000000,41,50,61,72,94,130,320,320,320,320,320,83,0,29,48.95555325615478,10.581733658909798,966.7279785498977,16964.469879518074
1781168617,100,POST,/cart/checkout,2.000000,0.000000,35,49,71,73,93,100,160,160,160,160,160,35,0,22,37.84974361104624,10.971655137836933,163.60530722886324,6805.285714285715
1781168617,100,GET,/product/0PUK6V6EV0,0.600000,0.000000,90,92,99,99,120,120,120,120,120,120,120,12,0,33,45.30053585767746,7.9705482348799706,115.07655773311853,8005.666666666667
1781168617,100,GET,/product/1YMWWN1N4O,0.500000,0.000000,44,46,46,75,75,75,75,75,75,75,75,8,0,10,26.367334299720824,7.510729134082794,74.98223148286343,8012.625
1781168617,100,GET,/product/2ZYFJ3GM2N,0.700000,0.000000,49,52,62,87,87,87,87,87,87,87,87,10,0,43,43.634531274437904,9.647411294281483,87.16614078730345,7996.3
1781168617,100,GET,/product/66VCHSJNUP,0.800000,0.000000,38,44,50,57,100,100,100,100,100,100,100,13,0,38,42.334624422857395,9.404650889337063,101.28680989146233,7971.615384615385
1781168617,100,GET,/product/6E92ZMYYFZ,0.800000,0.000000,56,79,100,100,120,120,120,120,120,120,120,13,0,43,49.969397771816986,8.183697238564491,119.6466600522399,7950.153846153846
1781168617,100,GET,/product/9SIQT8TOJO,1.200000,0.000000,32,37,45,51,74,74,74,74,74,74,74,14,0,29,32.10890106856823,7.5665004551410675,84.13801994174719,8000.642857142857
1781168617,100,GET,/product/L9ECAV7KIM,0.500000,0.000000,50,88,88,120,120,120,120,120,120,120,120,12,0,10,34.21252896077931,6.390640512108803,119.87675819545984,7984.25
1781168617,100,GET,/product/LS4PSXUNUM,0.700000,0.000000,49,49,90,90,97,97,97,97,97,97,97,14,0,11,28.83327931963972,7.200830616056919,97.06859663128853,7966.071428571428
1781168617,100,GET,/product/OLJCESPC7Z,0.600000,0.000000,62,99,99,120,120,120,120,120,120,120,120,8,0,36,50.4281260073185,8.03572777658701,120.15022430568933,7992.375
1781168617,100,,Aggregated,49.500000,0.000000,44,65,81,91,120,160,230,290,340,340,340,863,0,32,54.35744654775736,6.390640512108803,991.5006710216403,10689.360370799537
1781168618,100,GET,/,38.700000,0.000000,41,64,79,91,130,180,270,320,340,340,340,689,0,33,56.79985425057882,7.522257044911385,991.5006710216403,10528.195936139333
1781168618,100,POST,/cart,3.600000,0.000000,41,52,72,79,89,130,320,320,320,320,320,88,0,29,49.026617304083295,10.581733658909798,966.7279785498977,17016.215909090908
1781168618,100,POST,/cart/checkout,2.200000,0.000000,26,38,49,70,93,100,160,160,160,160,160,35,0,22,37.84974361104624,10.971655137836933,163.60530722886324,6805.285714285715
1781168618,100,GET,/product/0PUK6V6EV0,0.700000,0.000000,54,90,92,99,120,120,120,120,120,120,120,14,0,33,44.17994997597167,7.9705482348799706,115.07655773311853,8005.5
1781168618,100,GET,/product/1YMWWN1N4O,0.500000,0.000000,46,46,75,75,75,75,75,75,75,75,75,8,0,10,26.367334299720824,7.510729134082794,74.98223148286343,8012.625
1781168618,100,GET,/product/2ZYFJ3GM2N,0.800000,0.000000,49,52,62,87,87,87,87,87,87,87,87,11,0,43,42.60471666401083,9.647411294281483,87.16614078730345,8003.636363636364
1781168618,100,GET,/product/66VCHSJNUP,0.900000,0.000000,38,44,50,57,100,100,100,100,100,100,100,13,0,38,42.334624422857395,9.404650889337063,101.28680989146233,7971.615384615385
1781168618,100,GET,/product/6E92ZMYYFZ,0.900000,0.000000,79,100,100,100,120,120,120,120,120,120,120,13,0,43,49.969397771816986,8.183697238564491,119.6466600522399,7950.153846153846
1781168618,100,GET,/product/9SIQT8TOJO,1.100000,0.000000,37,45,51,51,74,74,74,74,74,74,74,14,0,29,32.10890106856823,7.5665004551410675,84.13801994174719,8000.642857142857
1781168618,100,GET,/product/L9ECAV7KIM,0.400000,0.000000,61,61,88,88,120,120,120,120,120,120,120,13,0,23,36.297523273298374,6.390640512108803,119.87675819545984,7980.2307692307695
1781168618,100,GET,/product/LS4PSXUNUM,0.700000,0.000000,49,49,90,90,97,97,97,97,97,97,97,15,0,11,27.4364464605848,7.200830616056919,97.06859663128853,7970.466666666666
1781168618,100,GET,/product/OLJCESPC7Z,0.600000,0.000000,62,65,99,99,120,120,120,120,120,120,120,11,0,56,48.77500710162249,7.126603275537491,120.15022430568933,8009.181818181818
1781168618,100,,Aggregated,51.100000,0.000000,42,62,78,88,120,160,230,290,340,340,340,924,0,32,53.183668037045955,6.390640512108803,991.5006710216403,10697.132034632035
1781168619,100,GET,/,39.600000,0.000000,40,62,76,86,130,180,240,290,340,340,340,738,0,32,55.10406383517675,7.446847856044769,991.5006710216403,10529.032520325203
1781168619,100,POST,/cart,3.900000,0.000000,48,58,72,79,89,130,320,320,320,320,320,90,0,29,49.10344481468201,10.581733658909798,966.7279785498977,17019.544444444444
1781168619,100,POST,/cart/checkout,2.400000,0.000000,33,39,60,70,93,100,160,160,160,160,160,37,0,26,38.319307656304254,10.971655137836933,163.60530722886324,6805.27027027027
1781168619,100,GET,/product/0PUK6V6EV0,0.800000,0.000000,54,90,92,99,120,120,120,120,120,120,120,14,0,33,44.17994997597167,7.9705482348799706,115.07655773311853,8005.5
1781168619,100,GET,/product/1YMWWN1N4O,0.500000,0.000000,44,44,46,46,46,46,46,46,46,46,46,8,0,10,26.367334299720824,7.510729134082794,74.98223148286343,8012.625
1781168619,100,GET,/product/2ZYFJ3GM2N,0.900000,0.000000,49,52,62,87,87,87,87,87,87,87,87,12,0,32,39.736979408189654,8.191869594156742,87.16614078730345,8007.916666666667
1781168619,100,GET,/product/66VCHSJNUP,0.900000,0.000000,38,44,50,57,100,100,100,100,100,100,100,13,0,38,42.334624422857395,9.404650889337063,101.28680989146233,7971.615384615385
1781168619,100,GET,/product/6E92ZMYYFZ,0.800000,0.000000,79,100,100,100,120,120,120,120,120,120,120,13,0,43,49.969397771816986,8.183697238564491,119.6466600522399,7950.153846153846
1781168619,100,GET,/product/9SIQT8TOJO,1.000000,0.000000,32,37,45,45,49,49,49,49,49,49,49,15,0,32,33.268148017426334,7.5665004551410675,84.13801994174719,8006.266666666666
1781168619,100,GET,/product/L9ECAV7KIM,0.500000,0.000000,61,88,88,120,120,120,120,120,120,120,120,13,0,23,36.297523273298374,6.390640512108803,119.87675819545984,7980.2307692307695
1781168619,100,GET,/product/LS4PSXUNUM,0.600000,0.000000,10,49,90,90,97,97,97,97,97,97,97,16,0,11,26.183593668974936,7.200830616056919,97.06859663128853,7969.875
1781168619,100,GET,/product/OLJCESPC7Z,0.500000,0.000000,61,62,65,99,120,120,120,120,120,120,120,12,0,42,48.18836056316892,7.126603275537491,120.15022430568933,8004.833333333333
1781168619,100,,Aggregated,52.400000,0.000000,42,61,76,86,120,160,230,290,340,340,340,981,0,32,51.96561201909418,6.390640512108803,991.5006710216403,10683.638124362895
1781168620,100,GET,/,41.100000,0.000000,40,59,72,85,130,180,270,320,340,340,340,775,0,32,54.00697587839058,7.446847856044769,991.5006710216403,10529.322580645161
1781168620,100,POST,/cart,4.200000,0.000000,50,58,67,72,89,130,320,320,320,320,320,99,0,37,49.684390209314195,10.581733658909798,966.7279785498977,16995.575757575756
1781168620,100,POST,/cart/checkout,2.300000,0.000000,38,70,73,78,93,100,160,160,160,160,160,40,0,33,41.404466703534126,10.971655137836933,163.60530722886324,6804.825
1781168620,100,GET,/product/0PUK6V6EV0,0.800000,0.000000,54,90,92,99,120,120,120,120,120,120,120,14,0,33,44.17994997597167,7.9705482348799706,115.07655773311853,8005.5
1781168620,100,GET,/product/1YMWWN1N4O,0.500000,0.000000,44,46,46,59,59,59,59,59,59,59,59,10,0,11,31.13333759829402,7.510729134082794,74.98223148286343,8014.4
1781168620,100,GET,/product/2ZYFJ3GM2N,0.900000,0.000000,49,62,87,87,87,90,90,90,90,90,90,13,0,43,43.600542112611805,8.191869594156742,89.96329456567764,8011.076923076923
1781168620,100,GET,/product/66VCHSJNUP,0.900000,0.000000,44,50,50,100,100,100,100,100,100,100,100,13,0,38,42.334624422857395,9.404650889337063,101.28680989146233,7971.615384615385
1781168620,100,GET,/product/6E92ZMYYFZ,0.800000,0.000000,79,100,100,100,120,120,120,120,120,120,120,14,0,43,50.55607928495322,8.183697238564491,119.6466600522399,7954.285714285715
1781168620,100,GET,/product/9SIQT8TOJO,0.900000,0.000000,37,37,49,49,49,49,49,49,49,49,49,16,0,29,32.832501747179776,7.5665004551410675,84.13801994174719,8011.5625
1781168620,100,GET,/product/L9ECAV7KIM,0.500000,0.000000,61,88,88,120,120,120,120,120,120,120,120,13,0,23,36.297523273298374,6.390640512108803,119.87675819545984,7980.2307692307695
1781168620,100,GET,/product/LS4PSXUNUM,0.600000,0.000000,40,49,90,90,97,97,97,97,97,97,97,18,0,11,25.962557488431532,7.200830616056919,97.06859663128853,7971.388888888889
1781168620,100,GET,/product/OLJCESPC7Z,0.600000,0.000000,61,62,65,99,120,120,120,120,120,120,120,13,0,42,45.04191882621784,7.126603275537491,120.15022430568933,8001.461538461538
1781168620,100,,Aggregated,54.100000,0.000000,41,59,72,85,120,160,230,290,340,340,340,1038,0,33,51.28631345400145,6.390640512108803,991.5006710216403,10699.198458574181
1781168621,100,GET,/,42.000000,0.000000,39,55,70,77,120,180,270,320,340,340,340,815,0,32,53.29918294253708,7.446847856044769,991.5006710216403,10529.8
1781168621,100,POST,/cart,3.500000,0.000000,49,58,65,72,86,94,320,320,320,320,320,104,0,37,48.84912331516926,10.581733658909798,966.7279785498977,17065.875
1781168621,100,POST,/cart/checkout,2.300000,0.000000,38,70,73,78,93,100,160,160,160,160,160,41,0,33,40.99831014599015,10.971655137836933,163.60530722886324,6805.756097560976
1781168621,100,GET,/product/0PUK6V6EV0,0.900000,0.000000,54,90,92,92,99,120,120,120,120,120,120,16,0,33,45.063153316732496,7.9705482348799706,115.07655773311853,8005.375
1781168621,100,GET,/product/1YMWWN1N4O,0.400000,0.000000,46,46,59,59,62,62,62,62,62,62,62,11,0,41,33.95830958404324,7.510729134082794,74.98223148286343,8011.454545454545
1781168621,100,GET,/product/2ZYFJ3GM2N,1.000000,0.000000,49,51,62,87,90,90,90,90,90,90,90,14,0,43,44.15255884772965,8.191869594156742,89.96329456567764,8015.785714285715
1781168621,100,GET,/product/66VCHSJNUP,0.500000,0.000000,50,50,53,53,100,100,100,100,100,100,100,14,0,38,43.11417947922434,9.404650889337063,101.28680989146233,7978.142857142857
1781168621,100,GET,/product/6E92ZMYYFZ,0.800000,0.000000,58,79,100,100,120,120,120,120,120,120,120,15,0,43,49.96762300531069,8.183697238564491,119.6466600522399,7956.933333333333
1781168621,100,GET,/product/9SIQT8TOJO,0.800000,0.000000,32,32,49,49,49,49,49,49,49,49,49,16,0,29,32.832501747179776,7.5665004551410675,84.13801994174719,8011.5625
1781168621,100,GET,/product/L9ECAV7KIM,0.500000,0.000000,61,61,120,120,120,120,120,120,120,120,120,13,0,23,36.297523273298374,6.390640512108803,119.87675819545984,7980.2307692307695
1781168621,100,GET,/product/LS4PSXUNUM,0.600000,0.000000,8,40,49,49,97,97,97,97,97,97,97,19,0,11,25.02076200356609,7.200830616056919,97.06859663128853,7971.0526315789475
1781168621,100,GET,/product/OLJCESPC7Z,0.700000,0.000000,61,65,99,99,120,120,120,120,120,120,120,13,0,42,45.04191882621784,7.126603275537491,120.15022430568933,8001.461538461538
1781168621,100,,Aggregated,54.000000,0.000000,41,56,70,78,100,160,230,290,340,340,340,1091,0,33,50.70944219284736,6.390640512108803,991.5006710216403,10708.113657195234
1781168622,100,GET,/,42.800000,0.000000,36,53,65,74,110,180,270,320,340,340,340,858,0,33,52.96678634985656,7.324192672967911,991.5006710216403,10530.434731934733
1781168622,100,POST,/cart,3.800000,0.000000,48,56,60,66,72,79,320,320,320,320,320,109,0,37,49.04437799929479,10.581733658909798,966.7279785498977,17090.642201834864
1781168622,100,POST,/cart/checkout,2.400000,0.000000,36,60,78,89,100,160,160,160,160,160,160,42,0,26,40.36613019360673,10.971655137836933,163.60530722886324,6805.785714285715
1781168622,100,GET,/product/0PUK6V6EV0,0.900000,0.000000,54,90,92,92,99,120,120,120,120,120,120,16,0,33,45.063153316732496,7.9705482348799706,115.07655773311853,8005.375
1781168622,100,GET,/product/1YMWWN1N4O,0.400000,0.000000,46,46,59,59,62,62,62,62,62,62,62,11,0,41,33.95830958404324,7.510729134082794,74.98223148286343,8011.454545454545
1781168622,100,GET,/product/2ZYFJ3GM2N,1.000000,0.000000,49,51,62,87,90,90,90,90,90,90,90,15,0,43,41.73541652659575,7.895424030721188,89.96329456567764,8021.6
1781168622,100,GET,/product/66VCHSJNUP,0.500000,0.000000,50,51,53,53,100,100,100,100,100,100,100,16,0,38,41.40379332238808,7.555252872407436,101.28680989146233,7978.1875
1781168622,100,GET,/product/6E92ZMYYFZ,0.800000,0.000000,58,79,100,100,120,120,120,120,120,120,120,17,0,42,45.15786852468462,8.183697238564491,119.6466600522399,7966.235294117647
1781168622,100,GET,/product/9SIQT8TOJO,0.800000,0.000000,32,32,49,49,49,49,49,49,49,49,49,16,0,29,32.832501747179776,7.5665004551410675,84.13801994174719,8011.5625
1781168622,100,GET,/product/L9ECAV7KIM,0.500000,0.000000,61,61,120,120,120,120,120,120,120,120,120,13,0,23,36.297523273298374,6.390640512108803,119.87675819545984,7980.2307692307695
1781168622,100,GET,/product/LS4PSXUNUM,0.800000,0.000000,8,40,49,49,97,97,97,97,97,97,97,19,0,11,25.02076200356609,7.200830616056919,97.06859663128853,7971.0526315789475
1781168622,100,GET,/product/OLJCESPC7Z,0.800000,0.000000,61,65,99,99,120,120,120,120,120,120,120,13,0,42,45.04191882621784,7.126603275537491,120.15022430568933,8001.461538461538
1781168622,100,,Aggregated,55.500000,0.000000,38,54,64,72,100,160,230,290,340,340,340,1145,0,33,50.38914600525491,6.390640512108803,991.5006710216403,10716.896069868995
1781168623,100,GET,/,42.400000,0.000000,36,50,62,69,88,110,170,180,190,190,190,902,0,33,52.314845368084384,7.324192672967911,991.5006710216403,10530.579822616408
1781168623,100,POST,/cart,4.500000,0.000000,48,56,60,65,72,79,91,91,91,91,91,115,0,37,48.559750154938385,10.581733658909798,966.7279785498977,17143.965217391305
1781168623,100,POST,/cart/checkout,2.300000,0.000000,36,49,71,78,93,100,100,100,100,100,100,43,0,33,40.44950229310712,10.971655137836933,163.60530722886324,6806.023255813953
1781168623,100,GET,/product/0PUK6V6EV0,0.900000,0.000000,40,54,62,99,120,120,120,120,120,120,120,16,0,33,45.063153316732496,7.9705482348799706,115.07655773311853,8005.375
1781168623,100,GET,/product/1YMWWN1N4O,0.400000,0.000000,46,46,59,59,62,62,62,62,62,62,62,12,0,11,31.788644070426624,7.510729134082794,74.98223148286343,8018.25
1781168623,100,GET,/product/2ZYFJ3GM2N,1.200000,0.000000,32,49,51,62,90,90,90,90,90,90,90,15,0,43,41.73541652659575,7.895424030721188,89.96329456567764,8021.6
1781168623,100,GET,/product/66VCHSJNUP,0.600000,0.000000,51,53,56,56,100,100,100,100,100,100,100,18,0,38,40.30548646632168,6.999081000685692,101.28680989146233,7971.611111111111
1781168623,100,GET,/product/6E92ZMYYFZ,0.800000,0.000000,58,79,100,100,120,120,120,120,120,120,120,17,0,42,45.15786852468462,8.183697238564491,119.6466600522399,7966.235294117647
1781168623,100,GET,/product/9SIQT8TOJO,0.400000,0.000000,49,49,55,55,55,55,55,55,55,55,55,17,0,32,34.14234031430062,7.5665004551410675,84.13801994174719,8009.941176470588
1781168623,100,GET,/product/L9ECAV7KIM,0.500000,0.000000,61,61,120,120,120,120,120,120,120,120,120,13,0,23,36.297523273298374,6.390640512108803,119.87675819545984,7980.2307692307695
1781168623,100,GET,/product/LS4PSXUNUM,0.900000,0.000000,8,9,40,40,49,49,49,49,49,49,49,20,0,10,24.20644238591194,7.200830616056919,97.06859663128853,7975.0
1781168623,100,GET,/product/OLJCESPC7Z,0.800000,0.000000,61,65,99,99,120,120,120,120,120,120,120,13,0,42,45.04191882621784,7.126603275537491,120.15022430568933,8001.461538461538
1781168623,100,,Aggregated,55.700000,0.000000,38,52,61,68,89,100,160,180,190,190,190,1201,0,34,49.83791816812148,6.390640512108803,991.5006710216403,10732.533721898419
1781168624,100,GET,/,42.400000,0.000000,34,46,57,62,78,94,160,180,180,180,180,947,0,34,51.973128619524154,7.324192672967911,991.5006710216403,10531.711721224921
1781168624,100,POST,/cart,4.800000,0.000000,47,56,61,66,72,79,89,91,91,91,91,123,0,37,47.64271083068314,10.581733658909798,966.7279785498977,17179.073170731706
1781168624,100,POST,/cart/checkout,2.300000,0.000000,38,60,72,78,100,100,100,100,100,100,100,46,0,33,41.85298714867753,10.971655137836933,163.60530722886324,6805.478260869565
1781168624,100,GET,/product/0PUK6V6EV0,1.100000,0.000000,37,40,54,54,62,62,62,62,62,62,62,16,0,33,45.063153316732496,7.9705482348799706,115.07655773311853,8005.375
1781168624,100,GET,/product/1YMWWN1N4O,0.500000,0.000000,46,46,59,59,62,62,62,62,62,62,62,12,0,11,31.788644070426624,7.510729134082794,74.98223148286343,8018.25
1781168624,100,GET,/product/2ZYFJ3GM2N,1.000000,0.000000,32,51,62,62,90,90,90,90,90,90,90,15,0,43,41.73541652659575,7.895424030721188,89.96329456567764,8021.6
1781168624,100,GET,/product/66VCHSJNUP,0.800000,0.000000,50,51,53,53,56,56,56,56,56,56,56,18,0,38,40.30548646632168,6.999081000685692,101.28680989146233,7971.611111111111
1781168624,100,GET,/product/6E92ZMYYFZ,1.000000,0.000000,42,42,58,58,79,79,79,79,79,79,79,17,0,42,45.15786852468462,8.183697238564491,119.6466600522399,7966.235294117647
1781168624,100,GET,/product/9SIQT8TOJO,0.300000,0.000000,49,49,55,55,55,55,55,55,55,55,55,17,0,32,34.14234031430062,7.5665004551410675,84.13801994174719,8009.941176470588
1781168624,100,GET,/product/L9ECAV7KIM,0.400000,0.000000,61,61,120,120,120,120,120,120,120,120,120,13,0,23,36.297523273298374,6.390640512108803,119.87675819545984,7980.2307692307695
1781168624,100,GET,/product/LS4PSXUNUM,0.800000,0.000000,8,9,40,40,49,49,49,49,49,49,49,20,0,10,24.20644238591194,7.200830616056919,97.06859663128853,7975.0
1781168624,100,GET,/product/OLJCESPC7Z,0.800000,0.000000,42,47,61,61,65,65,65,65,65,65,65,14,0,42,45.19985942170024,7.126603275537491,120.15022430568933,8001.571428571428
1781168624,100,,Aggregated,56.200000,0.000000,35,49,58,62,77,91,150,180,180,180,180,1258,0,34,49.59836729916201,6.390640512108803,991.5006710216403,10758.81319554849
1781168625,100,GET,/,42.400000,0.000000,33,45,54,61,74,81,98,130,160,160,160,961,0,33,51.79336072313023,7.324192672967911,991.5006710216403,10531.88345473465
1781168625,100,POST,/cart,4.800000,0.000000,47,56,60,66,75,89,90,91,91,91,91,129,0,37,47.496928804546826,10.581733658909798,966.7279785498977,17189.751937984496
1781168625,100,POST,/cart/checkout,2.300000,0.000000,38,60,72,78,89,100,100,100,100,100,100,47,0,33,41.21512186495548,10.971655137836933,163.60530722886324,6805.936170212766
1781168625,100,GET,/product/0PUK6V6EV0,1.100000,0.000000,40,40,54,54,62,62,62,62,62,62,62,16,0,33,45.063153316732496,7.9705482348799706,115.07655773311853,8005.375
1781168625,100,GET,/product/1YMWWN1N4O,0.500000,0.000000,41,46,59,59,62,62,62,62,62,62,62,13,0,37,32.153331244794224,7.510729134082794,74.98223148286343,8019.538461538462
1781168625,100,GET,/product/2ZYFJ3GM2N,1.000000,0.000000,51,51,62,62,90,90,90,90,90,90,90,15,0,43,41.73541652659575,7.895424030721188,89.96329456567764,8021.6
1781168625,100,GET,/product/66VCHSJNUP,0.800000,0.000000,38,51,53,53,56,56,56,56,56,56,56,19,0,38,38.598064333200455,6.999081000685692,101.28680989146233,7969.736842105263
1781168625,100,GET,/product/6E92ZMYYFZ,1.000000,0.000000,42,42,58,58,79,79,79,79,79,79,79,17,0,42,45.15786852468462,8.183697238564491,119.6466600522399,7966.235294117647
1781168625,100,GET,/product/9SIQT8TOJO,0.300000,0.000000,49,49,55,55,55,55,55,55,55,55,55,17,0,32,34.14234031430062,7.5665004551410675,84.13801994174719,8009.941176470588
1781168625,100,GET,/product/L9ECAV7KIM,0.400000,0.000000,61,61,61,61,61,61,61,61,61,61,61,13,0,23,36.297523273298374,6.390640512108803,119.87675819545984,7980.2307692307695
1781168625,100,GET,/product/LS4PSXUNUM,0.800000,0.000000,8,8,9,9,40,40,40,40,40,40,40,20,0,10,24.20644238591194,7.200830616056919,97.06859663128853,7975.0
1781168625,100,GET,/product/OLJCESPC7Z,0.800000,0.000000,42,47,61,61,65,65,65,65,65,65,65,14,0,42,45.19985942170024,7.126603275537491,120.15022430568933,8001.571428571428
1781168625,100,,Aggregated,56.200000,0.000000,35,47,56,61,73,81,94,120,160,160,160,1281,0,34,49.39338849358708,6.390640512108803,991.5006710216403,10780.207650273223
1781168626,100,GET,/,41.800000,0.000000,40,55,70,76,430,870,970,1000,1100,1100,1100,1007,0,36,82.7650399268221,7.324192672967911,1093.2018477469683,10532.590863952333
1781168626,100,POST,/cart,5.600000,0.000000,50,59,68,75,250,520,580,990,990,990,990,135,0,38,67.23587802714772,10.581733658909798,989.3006635829806,17238.533333333333
1781168626,100,POST,/cart/checkout,2.000000,0.000000,71,89,100,130,300,460,650,650,650,650,650,53,0,38,70.37633416717345,10.971655137836933,652.973567135632,6805.603773584906
1781168626,100,GET,/product/0PUK6V6EV0,0.900000,0.000000,54,54,62,62,62,62,62,62,62,62,62,16,0,33,45.063153316732496,7.9705482348799706,115.07655773311853,8005.375
1781168626,100,GET,/product/1YMWWN1N4O,0.600000,0.000000,41,46,59,59,62,62,62,62,62,62,62,13,0,37,32.153331244794224,7.510729134082794,74.98223148286343,8019.538461538462
1781168626,100,GET,/product/2ZYFJ3GM2N,0.900000,0.000000,51,62,90,90,170,170,170,170,170,170,170,16,0,43,49.58754742983729,7.895424030721188,167.3695109784603,8019.0
1781168626,100,GET,/product/66VCHSJNUP,0.800000,0.000000,51,53,56,76,200,200,200,200,200,200,200,21,0,38,47.848453390456385,6.999081000685692,195.95273863524199,7972.285714285715
1781168626,100,GET,/product/6E92ZMYYFZ,1.000000,0.000000,9,42,42,58,58,58,58,58,58,58,58,17,0,42,45.15786852468462,8.183697238564491,119.6466600522399,7966.235294117647
1781168626,100,GET,/product/9SIQT8TOJO,0.300000,0.000000,55,55,200,200,200,200,200,200,200,200,200,18,0,32,43.10527076530788,7.5665004551410675,195.47508843243122,8006.833333333333
1781168626,100,GET,/product/L9ECAV7KIM,0.300000,0.000000,61,61,61,61,61,61,61,61,61,61,61,13,0,23,36.297523273298374,6.390640512108803,119.87675819545984,7980.2307692307695
1781168626,100,GET,/product/LS4PSXUNUM,0.800000,0.000000,8,8,9,9,40,40,40,40,40,40,40,20,0,10,24.20644238591194,7.200830616056919,97.06859663128853,7975.0
1781168626,100,GET,/product/OLJCESPC7Z,0.900000,0.000000,47,61,65,65,160,160,160,160,160,160,160,15,0,47,53.08325712879499,7.126603275537491,163.45082502812147,8007.2
1781168626,100,,Aggregated,55.900000,0.000000,41,58,69,76,310,780,970,1000,1100,1100,1100,1344,0,37,76.17874303278292,6.390640512108803,1093.2018477469683,10777.66369047619
1781168627,100,GET,/,41.700000,0.000000,44,64,77,84,430,870,970,1000,1100,1100,1100,1044,0,38,83.25168476582743,7.324192672967911,1093.2018477469683,10533.02203065134
1781168627,100,POST,/cart,5.800000,0.000000,55,66,69,76,310,520,990,990,990,990,990,137,0,38,67.27314876378888,10.581733658909798,989.3006635829806,17247.839416058396
1781168627,100,POST,/cart/checkout,1.900000,0.000000,72,100,100,130,300,460,650,650,650,650,650,57,0,36,68.10464772085349,10.971655137836933,652.973567135632,6804.210526315789
1781168627,100,GET,/product/0PUK6V6EV0,0.700000,0.000000,54,54,62,62,62,62,62,62,62,62,62,16,0,33,45.063153316732496,7.9705482348799706,115.07655773311853,8005.375
1781168627,100,GET,/product/1YMWWN1N4O,0.700000,0.000000,59,62,77,77,97,97,97,97,97,97,97,15,0,41,39.48632851243019,7.510729134082794,97.03375771641731,8019.533333333334
1781168627,100,GET,/product/2ZYFJ3GM2N,0.700000,0.000000,51,51,90,90,170,170,170,170,170,170,170,16,0,43,49.58754742983729,7.895424030721188,167.3695109784603,8019.0
1781168627,100,GET,/product/66VCHSJNUP,0.800000,0.000000,53,75,76,76,97,200,200,200,200,200,200,23,0,44,51.19644235009732,6.999081000685692,195.95273863524199,7976.0
1781168627,100,GET,/product/6E92ZMYYFZ,0.600000,0.000000,9,42,42,58,58,58,58,58,58,58,58,17,0,42,45.15786852468462,8.183697238564491,119.6466600522399,7966.235294117647
1781168627,100,GET,/product/9SIQT8TOJO,0.300000,0.000000,55,55,200,200,200,200,200,200,200,200,200,18,0,32,43.10527076530788,7.5665004551410675,195.47508843243122,8006.833333333333
1781168627,100,GET,/product/L9ECAV7KIM,0.200000,0.000000,61,61,61,61,61,61,61,61,61,61,61,14,0,23,35.86203757939594,6.390640512108803,119.87675819545984,7977.785714285715
1781168627,100,GET,/product/LS4PSXUNUM,0.700000,0.000000,8,9,16,16,40,40,40,40,40,40,40,21,0,11,23.799958771892957,7.200830616056919,97.06859663128853,7974.428571428572
1781168627,100,GET,/product/OLJCESPC7Z,0.700000,0.000000,61,61,65,65,160,160,160,160,160,160,160,15,0,47,53.08325712879499,7.126603275537491,163.45082502812147,8007.2
1781168627,100,,Aggregated,54.800000,0.000000,46,64,76,86,310,780,970,1000,1100,1100,1100,1393,0,38,76.55352811621233,6.390640512108803,1093.2018477469683,10758.226130653265
1781168628,100,GET,/,38.100000,0.000000,42,62,77,86,500,870,970,1000,1100,1100,1100,1085,0,36,80.80038770878782,6.723290309309959,1093.2018477469683,10533.623041474655
1781168628,100,POST,/cart,5.900000,0.000000,51,61,68,72,250,520,580,990,990,990,990,139,0,38,66.72552080570365,10.581733658909798,989.3006635829806,17257.345323741007
1781168628,100,POST,/cart/checkout,1.600000,0.000000,72,100,100,130,300,460,650,650,650,650,650,59,0,36,66.94936531327538,10.971655137836933,652.973567135632,6803.71186440678
1781168628,100,GET,/product/0PUK6V6EV0,0.600000,0.000000,54,54,62,62,62,62,62,62,62,62,62,16,0,33,45.063153316732496,7.9705482348799706,115.07655773311853,8005.375
1781168628,100,GET,/product/1YMWWN1N4O,0.700000,0.000000,59,62,77,77,97,97,97,97,97,97,97,15,0,41,39.48632851243019,7.510729134082794,97.03375771641731,8019.533333333334
1781168628,100,GET,/product/2ZYFJ3GM2N,0.600000,0.000000,32,51,90,90,170,170,170,170,170,170,170,17,0,43,47.06004327710937,6.619976833462715,167.3695109784603,8021.117647058823
1781168628,100,GET,/product/66VCHSJNUP,0.700000,0.000000,56,75,76,97,200,200,200,200,200,200,200,23,0,44,51.19644235009732,6.999081000685692,195.95273863524199,7976.0
1781168628,100,GET,/product/6E92ZMYYFZ,0.500000,0.000000,42,42,58,58,58,58,58,58,58,58,58,17,0,42,45.15786852468462,8.183697238564491,119.6466600522399,7966.235294117647
1781168628,100,GET,/product/9SIQT8TOJO,0.300000,0.000000,55,55,200,200,200,200,200,200,200,200,200,18,0,32,43.10527076530788,7.5665004551410675,195.47508843243122,8006.833333333333
1781168628,100,GET,/product/L9ECAV7KIM,0.200000,0.000000,37,37,61,61,61,61,61,61,61,61,61,15,0,28,35.9188137575984,6.390640512108803,119.87675819545984,7980.266666666666
1781168628,100,GET,/product/LS4PSXUNUM,0.700000,0.000000,9,16,40,40,40,40,40,40,40,40,40,23,0,11,23.792140388294406,7.200830616056919,97.06859663128853,7975.391304347826
1781168628,100,GET,/product/OLJCESPC7Z,0.600000,0.000000,47,47,160,160,160,160,160,160,160,160,160,16,0,42,52.05817852402106,7.126603275537491,163.45082502812147,8004.3125
1781168628,100,,Aggregated,50.500000,0.000000,43,62,76,86,310,780,970,1000,1100,1100,1100,1443,0,37,74.59919322966208,6.390640512108803,1093.2018477469683,10747.133056133056
1781168629,100,GET,/,41.200000,0.000000,47,72,92,130,430,870,970,1000,1100,1100,1100,1140,0,38,81.28674541224251,6.723290309309959,1093.2018477469683,10534.138596491228
1781168629,100,POST,/cart,5.600000,0.000000,51,68,73,76,310,520,990,990,990,990,990,145,0,39,66.93597599735548,10.581733658909798,989.3006635829806,17263.379310344826
1781168629,100,POST,/cart/checkout,2.000000,0.000000,72,100,130,160,300,460,650,650,650,650,650,60,0,36,68.4623938985169,10.971655137836933,652.973567135632,6803.6
1781168629,100,GET,/product/0PUK6V6EV0,0.400000,0.000000,62,62,62,62,62,62,62,62,62,62,62,16,0,33,45.063153316732496,7.9705482348799706,115.07655773311853,8005.375
1781168629,100,GET,/product/1YMWWN1N4O,0.600000,0.000000,62,62,77,77,97,97,97,97,97,97,97,15,0,41,39.48632851243019,7.510729134082794,97.03375771641731,8019.533333333334
1781168629,100,GET,/product/2ZYFJ3GM2N,0.600000,0.000000,51,90,90,170,170,170,170,170,170,170,170,17,0,43,47.06004327710937,6.619976833462715,167.3695109784603,8021.117647058823
1781168629,100,GET,/product/66VCHSJNUP,1.000000,0.000000,56,75,93,93,97,200,200,200,200,200,200,25,0,44,51.270296946167946,6.999081000685692,195.95273863524199,7974.0
1781168629,100,GET,/product/6E92ZMYYFZ,0.500000,0.000000,22,22,42,42,42,42,42,42,42,42,42,18,0,22,43.87719582559334,8.183697238564491,119.6466600522399,7969.444444444444
1781168629,100,GET,/product/9SIQT8TOJO,0.400000,0.000000,49,55,100,100,200,200,200,200,200,200,200,21,0,32,43.22694348437445,7.5665004551410675,195.47508843243122,8007.809523809524
1781168629,100,GET,/product/L9ECAV7KIM,0.200000,0.000000,61,61,97,97,97,97,97,97,97,97,97,16,0,28,39.75480259396136,6.390640512108803,119.87675819545984,7978.75
1781168629,100,GET,/product/LS4PSXUNUM,0.700000,0.000000,16,16,40,40,90,90,90,90,90,90,90,24,0,11,26.566699108419318,7.200830616056919,97.06859663128853,7977.916666666667
1781168629,100,GET,/product/OLJCESPC7Z,0.700000,0.000000,88,88,89,89,160,160,160,160,160,160,160,18,0,47,56.099012752787935,7.126603275537491,163.45082502812147,8005.666666666667
1781168629,100,,Aggregated,53.900000,0.000000,47,72,90,100,310,780,970,1000,1100,1100,1100,1515,0,38,75.15277138699105,6.390640512108803,1093.2018477469683,10745.384818481849
1781168630,100,GET,/,39.600000,0.000000,50,75,93,130,430,870,970,1000,1100,1100,1100,1174,0,38,79.95955768918691,6.723290309309959,1093.2018477469683,10534.637989778535
1781168630,100,POST,/cart,5.100000,0.000000,54,69,76,90,310,520,990,990,990,990,990,152,0,39,66.21958255326669,10.581733658909798,989.3006635829806,17263.61842105263
1781168630,100,POST,/cart/checkout,2.200000,0.000000,44,100,130,160,300,460,650,650,650,650,650,64,0,35,65.92762848595157,10.971655137836933,652.973567135632,6804.328125
1781168630,100,GET,/product/0PUK6V6EV0,0.300000,0.000000,62,62,62,62,62,62,62,62,62,62,62,16,0,33,45.063153316732496,7.9705482348799706,115.07655773311853,8005.375
1781168630,100,GET,/product/1YMWWN1N4O,0.700000,0.000000,62,62,77,77,97,97,97,97,97,97,97,16,0,37,37.58726723026484,7.510729134082794,97.03375771641731,8021.1875
1781168630,100,GET,/product/2ZYFJ3GM2N,0.600000,0.000000,8,8,170,170,170,170,170,170,170,170,170,17,0,43,47.06004327710937,6.619976833462715,167.3695109784603,8021.117647058823
1781168630,100,GET,/product/66VCHSJNUP,1.000000,0.000000,51,75,76,93,97,200,200,200,200,200,200,28,0,38,46.80362533378814,6.835003383457661,195.95273863524199,7970.642857142857
1781168630,100,GET,/product/6E92ZMYYFZ,0.400000,0.000000,17,17,22,22,22,22,22,22,22,22,22,19,0,22,42.4849915465242,8.183697238564491,119.6466600522399,7973.368421052632
1781168630,100,GET,/product/9SIQT8TOJO,0.400000,0.000000,49,55,100,100,200,200,200,200,200,200,200,21,0,32,43.22694348437445,7.5665004551410675,195.47508843243122,8007.809523809524
1781168630,100,GET,/product/L9ECAV7KIM,0.200000,0.000000,37,61,61,97,97,97,97,97,97,97,97,17,0,28,37.83537502236226,6.390640512108803,119.87675819545984,7981.823529411765
1781168630,100,GET,/product/LS4PSXUNUM,0.700000,0.000000,16,16,40,40,90,90,90,90,90,90,90,24,0,11,26.566699108419318,7.200830616056919,97.06859663128853,7977.916666666667
1781168630,100,GET,/product/OLJCESPC7Z,0.600000,0.000000,47,88,89,89,160,160,160,160,160,160,160,19,0,47,55.284326798037476,7.126603275537491,163.45082502812147,8002.894736842105
1781168630,100,,Aggregated,51.800000,0.000000,49,73,91,100,310,780,970,1000,1100,1100,1100,1567,0,38,73.79475398073549,6.390640512108803,1093.2018477469683,10747.956604977664
1781168631,100,GET,/,39.500000,0.000000,49,73,91,130,500,870,970,1000,1100,1100,1100,1212,0,38,78.8645079511559,6.723290309309959,1093.2018477469683,10534.990099009901
1781168631,100,POST,/cart,5.500000,0.000000,49,72,76,91,310,520,990,990,990,990,990,157,0,40,65.69758027341146,10.345353744924068,989.3006635829806,17265.343949044585
1781168631,100,POST,/cart/checkout,2.200000,0.000000,39,81,100,130,300,460,650,650,650,650,650,69,0,36,63.99357341823802,10.971655137836933,652.973567135632,6803.985507246377
1781168631,100,GET,/product/0PUK6V6EV0,0.200000,0.000000,62,62,62,62,62,62,62,62,62,62,62,16,0,33,45.063153316732496,7.9705482348799706,115.07655773311853,8005.375
1781168631,100,GET,/product/1YMWWN1N4O,0.700000,0.000000,37,37,77,77,97,97,97,97,97,97,97,17,0,37,35.790663815158254,7.045009173452854,97.03375771641731,8022.470588235294
1781168631,100,GET,/product/2ZYFJ3GM2N,0.500000,0.000000,8,8,170,170,170,170,170,170,170,170,170,17,0,43,47.06004327710937,6.619976833462715,167.3695109784603,8021.117647058823
1781168631,100,GET,/product/66VCHSJNUP,1.000000,0.000000,14,75,76,93,97,200,200,200,200,200,200,29,0,38,45.4437590750127,6.835003383457661,195.95273863524199,7972.793103448276
1781168631,100,GET,/product/6E92ZMYYFZ,0.500000,0.000000,9,17,22,22,52,52,52,52,52,52,52,22,0,17,39.7363174283369,7.026334293186665,119.6466600522399,7975.954545454545
1781168631,100,GET,/product/9SIQT8TOJO,0.600000,0.000000,55,55,100,100,200,200,200,200,200,200,200,22,0,29,41.579459539868616,6.982296705245972,195.47508843243122,8009.227272727273
1781168631,100,GET,/product/L9ECAV7KIM,0.300000,0.000000,61,61,93,93,97,97,97,97,97,97,97,18,0,28,40.92580121424463,6.390640512108803,119.87675819545984,7984.444444444444
1781168631,100,GET,/product/LS4PSXUNUM,0.800000,0.000000,16,16,40,40,90,90,90,90,90,90,90,25,0,11,25.833990089595318,7.200830616056919,97.06859663128853,7980.08
1781168631,100,GET,/product/OLJCESPC7Z,0.400000,0.000000,88,88,89,89,160,160,160,160,160,160,160,19,0,47,55.284326798037476,7.126603275537491,163.45082502812147,8002.894736842105
1781168631,100,,Aggregated,52.200000,0.000000,47,72,90,100,310,780,970,1000,1100,1100,1100,1623,0,38,72.69443331420587,6.390640512108803,1093.2018477469683,10737.850277264326
1781168632,100,GET,/,39.700000,0.000000,50,76,94,130,500,870,970,1000,1100,1100,1100,1256,0,38,77.48695723504825,6.723290309309959,1093.2018477469683,10535.35907643312
1781168632,100,POST,/cart,5.300000,0.000000,51,72,76,91,310,520,990,990,990,990,990,163,0,40,65.23100172449475,10.345353744924068,989.3006635829806,17269.9509202454
1781168632,100,POST,/cart/checkout,2.100000,0.000000,39,81,100,130,300,460,650,650,650,650,650,70,0,35,63.44629939911621,10.971655137836933,652.973567135632,6803.742857142857
1781168632,100,GET,/product/0PUK6V6EV0,0.200000,0.000000,62,62,62,62,62,62,62,62,62,62,62,16,0,33,45.063153316732496,7.9705482348799706,115.07655773311853,8005.375
1781168632,100,GET,/product/1YMWWN1N4O,0.700000,0.000000,37,37,77,77,97,97,97,97,97,97,97,17,0,37,35.790663815158254,7.045009173452854,97.03375771641731,8022.470588235294
1781168632,100,GET,/product/2ZYFJ3GM2N,0.500000,0.000000,8,8,170,170,170,170,170,170,170,170,170,17,0,43,47.06004327710937,6.619976833462715,167.3695109784603,8021.117647058823
1781168632,100,GET,/product/66VCHSJNUP,1.500000,0.000000,54,75,83,93,97,200,200,200,200,200,200,31,0,38,46.91578081298259,6.835003383457661,195.95273863524199,7974.451612903225
1781168632,100,GET,/product/6E92ZMYYFZ,0.500000,0.000000,9,17,22,22,52,52,52,52,52,52,52,23,0,17,38.32779719453791,7.026334293186665,119.6466600522399,7977.347826086957
1781168632,100,GET,/product/9SIQT8TOJO,0.500000,0.000000,55,55,100,100,200,200,200,200,200,200,200,22,0,29,41.579459539868616,6.982296705245972,195.47508843243122,8009.227272727273
1781168632,100,GET,/product/L9ECAV7KIM,0.300000,0.000000,45,87,93,93,97,97,97,97,97,97,97,20,0,30,43.45835568383336,6.390640512108803,119.87675819545984,7990.2
1781168632,100,GET,/product/LS4PSXUNUM,0.600000,0.000000,16,16,40,40,90,90,90,90,90,90,90,25,0,11,25.833990089595318,7.200830616056919,97.06859663128853,7980.08
1781168632,100,GET,/product/OLJCESPC7Z,0.600000,0.000000,83,88,89,89,160,160,160,160,160,160,160,21,0,47,54.31277123058126,7.126603275537491,163.45082502812147,8000.9047619047615
1781168632,100,,Aggregated,52.500000,0.000000,49,75,91,100,310,780,970,1000,1100,1100,1100,1681,0,38,71.64381125056535,6.390640512108803,1093.2018477469683,10742.841760856632
1781168633,100,GET,/,40.300000,0.000000,50,76,95,110,430,870,970,1000,1100,1100,1100,1296,0,38,76.14215594043748,6.723290309309959,1093.2018477469683,10535.81712962963
1781168633,100,POST,/cart,5.200000,0.000000,63,75,90,97,310,520,990,990,990,990,990,165,0,40,64.92823316630992,10.345353744924068,989.3006635829806,17260.169696969697
1781168633,100,POST,/cart/checkout,2.800000,0.000000,39,81,100,130,300,460,650,650,650,650,650,72,0,35,62.46692398821728,10.677888058125973,652.973567135632,6803.902777777777
1781168633,100,GET,/product/0PUK6V6EV0,0.200000,0.000000,62,62,82,82,82,82,82,82,82,82,82,17,0,37,47.20864017658374,7.9705482348799706,115.07655773311853,8000.588235294118
1781168633,100,GET,/product/1YMWWN1N4O,0.600000,0.000000,9,37,77,77,97,97,97,97,97,97,97,19,0,11,32.87801190622543,6.875769235193729,97.03375771641731,8020.684210526316
1781168633,100,GET,/product/2ZYFJ3GM2N,0.300000,0.000000,56,56,56,170,170,170,170,170,170,170,170,20,0,43,47.783897910267115,6.619976833462715,167.3695109784603,8023.05
1781168633,100,GET,/product/66VCHSJNUP,1.500000,0.000000,54,76,83,93,97,200,200,200,200,200,200,32,0,38,45.71528092492372,6.835003383457661,195.95273863524199,7974.1875
1781168633,100,GET,/product/6E92ZMYYFZ,0.600000,0.000000,9,17,22,22,52,52,52,52,52,52,52,23,0,17,38.32779719453791,7.026334293186665,119.6466600522399,7977.347826086957
1781168633,100,GET,/product/9SIQT8TOJO,0.500000,0.000000,55,55,100,100,200,200,200,200,200,200,200,22,0,29,41.579459539868616,6.982296705245972,195.47508843243122,8009.227272727273
1781168633,100,GET,/product/L9ECAV7KIM,0.500000,0.000000,45,87,93,93,97,97,97,97,97,97,97,21,0,30,41.77458087603251,6.390640512108803,119.87675819545984,7988.952380952381
1781168633,100,GET,/product/LS4PSXUNUM,0.600000,0.000000,10,16,40,40,90,90,90,90,90,90,90,26,0,10,25.226960316873512,7.200830616056919,97.06859663128853,7982.153846153846
1781168633,100,GET,/product/OLJCESPC7Z,0.600000,0.000000,47,83,88,89,160,160,160,160,160,160,160,22,0,42,53.58923878520727,7.126603275537491,163.45082502812147,8000.272727272727
1781168633,100,,Aggregated,53.700000,0.000000,49,75,92,100,310,770,960,990,1100,1100,1100,1735,0,38,70.45834295140305,6.390640512108803,1093.2018477469683,10724.644380403459
1781168634,100,GET,/,39.400000,0.000000,45,71,92,100,430,800,970,1000,1100,1100,1100,1343,0,37,74.41054549129237,6.444809027016163,1093.2018477469683,10536.450483991064
1781168634,100,POST,/cart,5.200000,0.000000,63,75,97,100,310,580,990,990,990,990,990,169,0,40,64.38661328125634,10.345353744924068,989.3006635829806,17266.437869822486
1781168634,100,POST,/cart/checkout,2.700000,0.000000,39,81,100,130,300,460,650,650,650,650,650,73,0,36,62.145113434693585,10.677888058125973,652.973567135632,6804.164383561644
1781168634,100,GET,/product/0PUK6V6EV0,0.000000,0.000000,62,62,82,82,82,82,82,82,82,82,82,18,0,37,46.872727728138365,7.9705482348799706,115.07655773311853,8001.055555555556
1781168634,100,GET,/product/1YMWWN1N4O,0.600000,0.000000,9,37,77,77,97,97,97,97,97,97,97,19,0,11,32.87801190622543,6.875769235193729,97.03375771641731,8020.684210526316
1781168634,100,GET,/product/2ZYFJ3GM2N,0.200000,0.000000,56,56,56,170,170,170,170,170,170,170,170,20,0,43,47.783897910267115,6.619976833462715,167.3695109784603,8023.05
1781168634,100,GET,/product/66VCHSJNUP,1.400000,0.000000,54,76,83,93,97,200,200,200,200,200,200,32,0,38,45.71528092492372,6.835003383457661,195.95273863524199,7974.1875
1781168634,100,GET,/product/6E92ZMYYFZ,0.600000,0.000000,17,22,33,33,52,52,52,52,52,52,52,24,0,17,38.08994284675767,7.026334293186665,119.6466600522399,7978.791666666667
1781168634,100,GET,/product/9SIQT8TOJO,0.600000,0.000000,15,100,100,200,200,200,200,200,200,200,200,22,0,29,41.579459539868616,6.982296705245972,195.47508843243122,8009.227272727273
1781168634,100,GET,/product/L9ECAV7KIM,0.600000,0.000000,45,46,87,93,97,97,97,97,97,97,97,22,0,30,41.97053209116513,6.390640512108803,119.87675819545984,7990.772727272727
1781168634,100,GET,/product/LS4PSXUNUM,0.600000,0.000000,16,40,56,56,90,90,90,90,90,90,90,27,0,11,26.3804754725209,7.200830616056919,97.06859663128853,7984.2962962962965
1781168634,100,GET,/product/OLJCESPC7Z,0.800000,0.000000,83,88,89,89,160,160,160,160,160,160,160,22,0,42,53.58923878520727,7.126603275537491,163.45082502812147,8000.272727272727
1781168634,100,,Aggregated,52.700000,0.000000,45,72,90,100,310,770,960,990,1100,1100,1100,1791,0,37,69.16903759264983,6.390640512108803,1093.2018477469683,10727.13847012842
1781168635,100,GET,/,38.800000,0.000000,43,65,83,95,240,690,890,970,1100,1100,1100,1384,0,37,73.40080151132528,6.444809027016163,1093.2018477469683,10536.627890173411
1781168635,100,POST,/cart,5.200000,0.000000,51,72,75,82,98,130,990,990,990,990,990,174,0,40,63.70242334495502,10.345353744924068,989.3006635829806,17250.850574712644
1781168635,100,POST,/cart/checkout,2.800000,0.000000,36,46,100,100,160,300,460,460,460,460,460,75,0,35,61.09059029569229,10.677888058125973,652.973567135632,6803.933333333333
1781168635,100,GET,/product/0PUK6V6EV0,0.100000,0.000000,62,62,82,82,82,82,82,82,82,82,82,18,0,37,46.872727728138365,7.9705482348799706,115.07655773311853,8001.055555555556
1781168635,100,GET,/product/1YMWWN1N4O,0.600000,0.000000,9,9,77,77,97,97,97,97,97,97,97,19,0,11,32.87801190622543,6.875769235193729,97.03375771641731,8020.684210526316
1781168635,100,GET,/product/2ZYFJ3GM2N,0.300000,0.000000,56,56,56,170,170,170,170,170,170,170,170,20,0,43,47.783897910267115,6.619976833462715,167.3695109784603,8023.05
1781168635,100,GET,/product/66VCHSJNUP,1.400000,0.000000,54,76,83,93,97,200,200,200,200,200,200,32,0,38,45.71528092492372,6.835003383457661,195.95273863524199,7974.1875
1781168635,100,GET,/product/6E92ZMYYFZ,0.600000,0.000000,17,22,33,33,52,52,52,52,52,52,52,24,0,17,38.08994284675767,7.026334293186665,119.6466600522399,7978.791666666667
1781168635,100,GET,/product/9SIQT8TOJO,0.600000,0.000000,40,61,100,100,200,200,200,200,200,200,200,24,0,32,42.34043737718215,6.982296705245972,195.47508843243122,8011.583333333333
1781168635,100,GET,/product/L9ECAV7KIM,0.700000,0.000000,45,46,87,93,97,97,97,97,97,97,97,23,0,34,41.63107782116403,6.390640512108803,119.87675819545984,7988.826086956522
1781168635,100,GET,/product/LS4PSXUNUM,0.500000,0.000000,16,40,56,56,90,90,90,90,90,90,90,27,0,11,26.3804754725209,7.200830616056919,97.06859663128853,7984.2962962962965
1781168635,100,GET,/product/OLJCESPC7Z,0.900000,0.000000,83,88,89,89,160,160,160,160,160,160,160,22,0,42,53.58923878520727,7.126603275537491,163.45082502812147,8000.272727272727
1781168635,100,,Aggregated,52.500000,0.000000,42,65,82,93,170,530,890,970,1100,1100,1100,1842,0,37,68.35980646324371,6.390640512108803,1093.2018477469683,10730.606406080347
1781168636,100,GET,/,39.800000,0.000000,36,54,67,76,98,140,150,170,220,220,220,1426,0,37,73.03187647458233,6.444809027016163,1093.2018477469683,10537.330294530155
1781168636,100,POST,/cart,4.700000,0.000000,54,72,76,82,98,120,130,130,130,130,130,180,0,40,64.20090812672343,10.345353744924068,989.3006635829806,17271.81111111111
1781168636,100,POST,/cart/checkout,2.800000,0.000000,36,39,50,81,97,100,160,160,160,160,160,77,0,36,61.85909971449669,10.677888058125973,652.973567135632,6804.311688311688
1781168636,100,GET,/product/0PUK6V6EV0,0.100000,0.000000,41,82,82,96,96,96,96,96,96,96,96,21,0,40,47.02484625436011,6.991029717028141,115.07655773311853,7997.428571428572
1781168636,100,GET,/product/1YMWWN1N4O,0.700000,0.000000,9,9,34,34,97,97,97,97,97,97,97,20,0,11,32.955996971577406,6.875769235193729,97.03375771641731,8023.0
1781168636,100,GET,/product/2ZYFJ3GM2N,0.500000,0.000000,43,56,56,56,170,170,170,170,170,170,170,23,0,43,46.26118707592072,6.619976833462715,167.3695109784603,8024.217391304348
1781168636,100,GET,/product/66VCHSJNUP,1.400000,0.000000,54,76,83,93,97,200,200,200,200,200,200,32,0,38,45.71528092492372,6.835003383457661,195.95273863524199,7974.1875
1781168636,100,GET,/product/6E92ZMYYFZ,0.700000,0.000000,22,33,42,42,52,52,52,52,52,52,52,25,0,22,38.2659263163805,7.026334293186665,119.6466600522399,7977.92
1781168636,100,GET,/product/9SIQT8TOJO,0.500000,0.000000,61,96,98,100,200,200,200,200,200,200,200,26,0,37,46.5640384130753,6.982296705245972,195.47508843243122,8012.192307692308
1781168636,100,GET,/product/L9ECAV7KIM,0.900000,0.000000,45,46,87,87,93,97,97,97,97,97,97,25,0,37,42.40959957242012,6.390640512108803,119.87675819545984,7989.68
1781168636,100,GET,/product/LS4PSXUNUM,0.600000,0.000000,40,56,90,90,93,93,93,93,93,93,93,29,0,11,28.27842520742581,7.200830616056919,97.06859663128853,7984.379310344828
1781168636,100,GET,/product/OLJCESPC7Z,0.800000,0.000000,41,83,88,89,160,160,160,160,160,160,160,23,0,42,51.70919689471307,7.126603275537491,163.45082502812147,8003.565217391304
1781168636,100,,Aggregated,53.500000,0.000000,38,55,70,78,97,120,150,160,220,220,220,1907,0,38,68.10343314223988,6.390640512108803,1093.2018477469683,10723.840587309911
1781168637,100,GET,/,39.900000,0.000000,36,54,65,75,97,140,150,170,220,220,220,1463,0,37,71.92593974443898,6.444809027016163,1093.2018477469683,10537.638414217361
1781168637,100,POST,/cart,4.400000,0.000000,51,71,76,82,100,120,130,130,130,130,130,187,0,40,63.58891561189119,10.345353744924068,989.3006635829806,17294.513368983957
1781168637,100,POST,/cart/checkout,2.700000,0.000000,39,46,62,80,84,97,160,160,160,160,160,81,0,38,61.69323476008427,10.677888058125973,652.973567135632,6804.938271604939
1781168637,100,GET,/product/0PUK6V6EV0,0.200000,0.000000,41,41,82,82,96,96,96,96,96,96,96,22,0,37,45.28127568350597,6.991029717028141,115.07655773311853,7998.045454545455
1781168637,100,GET,/product/1YMWWN1N4O,0.600000,0.000000,9,34,61,61,97,97,97,97,97,97,97,21,0,34,34.31397769600153,6.875769235193729,97.03375771641731,8025.952380952381
1781168637,100,GET,/product/2ZYFJ3GM2N,0.500000,0.000000,43,56,56,56,89,89,89,89,89,89,89,24,0,43,48.0451276137804,6.619976833462715,167.3695109784603,8020.958333333333
1781168637,100,GET,/product/66VCHSJNUP,1.300000,0.000000,12,54,83,83,93,93,93,93,93,93,93,34,0,38,45.979757108451686,6.835003383457661,195.95273863524199,7971.588235294118
1781168637,100,GET,/product/6E92ZMYYFZ,0.700000,0.000000,22,33,42,42,52,52,52,52,52,52,52,25,0,22,38.2659263163805,7.026334293186665,119.6466600522399,7977.92
1781168637,100,GET,/product/9SIQT8TOJO,0.500000,0.000000,61,96,98,98,100,100,100,100,100,100,100,26,0,37,46.5640384130753,6.982296705245972,195.47508843243122,8012.192307692308
1781168637,100,GET,/product/L9ECAV7KIM,1.000000,0.000000,45,62,87,93,94,97,97,97,97,97,97,27,0,37,43.03389708339064,6.390640512108803,119.87675819545984,7991.925925925926
1781168637,100,GET,/product/LS4PSXUNUM,0.700000,0.000000,40,56,90,90,93,93,93,93,93,93,93,29,0,11,28.27842520742581,7.200830616056919,97.06859663128853,7984.379310344828
1781168637,100,GET,/product/OLJCESPC7Z,0.800000,0.000000,41,83,88,89,97,97,97,97,97,97,97,24,0,42,53.58013444735358,7.126603275537491,163.45082502812147,8007.166666666667
1781168637,100,,Aggregated,53.300000,0.000000,38,55,67,77,96,120,150,160,220,220,220,1963,0,37,67.23603230658624,6.390640512108803,1093.2018477469683,10727.021905247071
1781168638,100,GET,/,44.300000,0.000000,33,49,63,72,95,110,150,170,220,220,220,1511,0,36,70.83297430825482,6.444809027016163,1093.2018477469683,10538.001323626737
1781168638,100,POST,/cart,4.600000,0.000000,46,63,76,82,100,120,130,130,130,130,130,191,0,40,63.10399366220879,10.345353744924068,989.3006635829806,17284.167539267015
1781168638,100,POST,/cart/checkout,2.900000,0.000000,39,52,80,81,87,97,160,160,160,160,160,82,0,38,62.004263671796494,10.677888058125973,652.973567135632,6804.975609756098
1781168638,100,GET,/product/0PUK6V6EV0,0.400000,0.000000,41,41,82,82,96,96,96,96,96,96,96,22,0,37,45.28127568350597,6.991029717028141,115.07655773311853,7998.045454545455
1781168638,100,GET,/product/1YMWWN1N4O,0.600000,0.000000,9,28,34,38,61,61,61,61,61,61,61,24,0,28,33.0711028072983,6.631418131291866,97.03375771641731,8032.166666666667
1781168638,100,GET,/product/2ZYFJ3GM2N,0.600000,0.000000,43,43,56,56,89,89,89,89,89,89,89,25,0,43,47.33171995729208,6.619976833462715,167.3695109784603,8019.0
1781168638,100,GET,/product/66VCHSJNUP,1.300000,0.000000,12,54,83,83,93,93,93,93,93,93,93,34,0,38,45.979757108451686,6.835003383457661,195.95273863524199,7971.588235294118
1781168638,100,GET,/product/6E92ZMYYFZ,0.800000,0.000000,17,33,42,42,52,52,52,52,52,52,52,25,0,22,38.2659263163805,7.026334293186665,119.6466600522399,7977.92
1781168638,100,GET,/product/9SIQT8TOJO,0.900000,0.000000,61,61,96,96,98,98,98,98,98,98,98,26,0,37,46.5640384130753,6.982296705245972,195.47508843243122,8012.192307692308
1781168638,100,GET,/product/L9ECAV7KIM,1.100000,0.000000,46,62,87,93,94,97,97,97,97,97,97,28,0,37,43.66235667839646,6.390640512108803,119.87675819545984,7994.321428571428
1781168638,100,GET,/product/LS4PSXUNUM,0.800000,0.000000,35,38,56,90,93,93,93,93,93,93,93,32,0,11,28.171586542157456,7.200830616056919,97.06859663128853,7986.6875
1781168638,100,GET,/product/OLJCESPC7Z,0.900000,0.000000,41,83,88,89,97,97,97,97,97,97,97,26,0,41,49.979931495797175,6.530976854264736,163.45082502812147,8005.961538461538
1781168638,100,,Aggregated,59.200000,0.000000,35,51,64,76,94,110,140,160,220,220,220,2026,0,37,66.28487857613945,6.390640512108803,1093.2018477469683,10719.534550839091
1781168639,100,GET,/,40.700000,0.000000,31,47,60,66,87,98,120,140,170,170,170,1555,0,36,70.13327928014411,6.444809027016163,1093.2018477469683,10538.67266881029
1781168639,100,POST,/cart,5.100000,0.000000,46,63,73,76,97,120,120,120,120,120,120,196,0,40,62.67078774411003,10.345353744924068,989.3006635829806,17277.719387755104
1781168639,100,POST,/cart/checkout,2.600000,0.000000,39,52,62,80,84,87,97,97,97,97,97,84,0,38,61.63085355157299,10.677888058125973,652.973567135632,6805.309523809524
1781168639,100,GET,/product/0PUK6V6EV0,0.500000,0.000000,41,41,82,82,96,96,96,96,96,96,96,22,0,37,45.28127568350597,6.991029717028141,115.07655773311853,7998.045454545455
1781168639,100,GET,/product/1YMWWN1N4O,0.700000,0.000000,28,38,39,39,52,61,61,61,61,61,61,26,0,34,34.04158883943008,6.631418131291866,97.03375771641731,8035.0
1781168639,100,GET,/product/2ZYFJ3GM2N,0.800000,0.000000,43,56,56,64,89,89,89,89,89,89,89,26,0,43,47.991854998354725,6.619976833462715,167.3695109784603,8021.0
1781168639,100,GET,/product/66VCHSJNUP,1.000000,0.000000,54,64,83,90,93,93,93,93,93,93,93,38,0,38,45.651568197890334,6.835003383457661,195.95273863524199,7974.421052631579
1781168639,100,GET,/product/6E92ZMYYFZ,0.800000,0.000000,33,33,42,42,52,52,52,52,52,52,52,25,0,22,38.2659263163805,7.026334293186665,119.6466600522399,7977.92
1781168639,100,GET,/product/9SIQT8TOJO,0.800000,0.000000,61,61,96,96,98,98,98,98,98,98,98,26,0,37,46.5640384130753,6.982296705245972,195.47508843243122,8012.192307692308
1781168639,100,GET,/product/L9ECAV7KIM,1.200000,0.000000,46,61,87,87,93,94,94,94,94,94,94,28,0,37,43.66235667839646,6.390640512108803,119.87675819545984,7994.321428571428
1781168639,100,GET,/product/LS4PSXUNUM,0.800000,0.000000,35,38,56,56,93,93,93,93,93,93,93,32,0,11,28.171586542157456,7.200830616056919,97.06859663128853,7986.6875
1781168639,100,GET,/product/OLJCESPC7Z,0.800000,0.000000,38,83,88,88,89,97,97,97,97,97,97,27,0,41,48.390502420564495,6.530976854264736,163.45082502812147,8004.2962962962965
1781168639,100,,Aggregated,55.800000,0.000000,34,51,62,70,88,97,120,120,170,170,170,2085,0,37,65.69756645155397,6.390640512108803,1093.2018477469683,10717.243165467626
1781168640,100,GET,/,42.000000,0.000000,29,44,57,64,84,98,120,140,170,170,170,1598,0,35,68.95412827896722,6.4099496230483055,1093.2018477469683,10539.22027534418
1781168640,100,POST,/cart,5.200000,0.000000,40,63,72,76,97,120,120,120,120,120,120,200,0,40,62.025570357218385,10.345353744924068,989.3006635829806,17289.71
1781168640,100,POST,/cart/checkout,2.400000,0.000000,40,52,62,80,87,97,97,97,97,97,97,86,0,36,60.95329913592269,10.677888058125973,652.973567135632,6805.953488372093
1781168640,100,GET,/product/0PUK6V6EV0,0.600000,0.000000,41,41,82,82,96,96,96,96,96,96,96,22,0,37,45.28127568350597,6.991029717028141,115.07655773311853,7998.045454545455
1781168640,100,GET,/product/1YMWWN1N4O,0.700000,0.000000,34,38,39,52,61,61,61,61,61,61,61,26,0,34,34.04158883943008,6.631418131291866,97.03375771641731,8035.0
1781168640,100,GET,/product/2ZYFJ3GM2N,0.800000,0.000000,43,56,56,64,89,89,89,89,89,89,89,26,0,43,47.991854998354725,6.619976833462715,167.3695109784603,8021.0
1781168640,100,GET,/product/66VCHSJNUP,1.100000,0.000000,44,64,83,83,90,93,93,93,93,93,93,40,0,38,45.52366507705301,6.835003383457661,195.95273863524199,7975.025
1781168640,100,GET,/product/6E92ZMYYFZ,0.800000,0.000000,33,38,38,42,42,42,42,42,42,42,42,26,0,22,38.25320600746916,7.026334293186665,119.6466600522399,7979.0
1781168640,100,GET,/product/9SIQT8TOJO,0.800000,0.000000,61,61,96,96,98,98,98,98,98,98,98,27,0,37,45.16580794006586,6.982296705245972,195.47508843243122,8013.777777777777
1781168640,100,GET,/product/L9ECAV7KIM,1.300000,0.000000,40,45,61,62,87,94,94,94,94,94,94,33,0,37,40.31686927897461,6.390640512108803,119.87675819545984,7994.424242424242
1781168640,100,GET,/product/LS4PSXUNUM,0.700000,0.000000,35,38,56,56,93,93,93,93,93,93,93,32,0,11,28.171586542157456,7.200830616056919,97.06859663128853,7986.6875
1781168640,100,GET,/product/OLJCESPC7Z,1.100000,0.000000,7,10,38,83,97,97,97,97,97,97,97,29,0,38,45.53404408667622,6.530976854264736,163.45082502812147,8006.793103448276
1781168640,100,,Aggregated,57.500000,0.000000,31,45,59,64,87,98,120,120,170,170,170,2145,0,36,64.5931440090765,6.390640512108803,1093.2018477469683,10709.90909090909
1781168641,100,GET,/,42.400000,0.000000,29,45,58,64,84,98,120,140,170,170,170,1636,0,35,68.26957341108225,6.4099496230483055,1093.2018477469683,10539.483496332517
1781168641,100,POST,/cart,5.200000,0.000000,40,63,72,76,87,120,120,120,120,120,120,202,0,40,61.89649124712785,10.345353744924068,989.3006635829806,17288.569306930694
1781168641,100,POST,/cart/checkout,2.500000,0.000000,40,61,75,80,87,92,97,97,97,97,97,92,0,36,59.684746686126225,10.677888058125973,652.973567135632,6806.369565217391
1781168641,100,GET,/product/0PUK6V6EV0,0.600000,0.000000,41,48,82,82,96,96,96,96,96,96,96,24,0,37,43.802732756982245,6.991029717028141,115.07655773311853,7994.958333333333
1781168641,100,GET,/product/1YMWWN1N4O,1.100000,0.000000,34,38,39,52,61,61,61,61,61,61,61,26,0,34,34.04158883943008,6.631418131291866,97.03375771641731,8035.0
1781168641,100,GET,/product/2ZYFJ3GM2N,0.900000,0.000000,43,56,56,64,89,89,89,89,89,89,89,26,0,43,47.991854998354725,6.619976833462715,167.3695109784603,8021.0
1781168641,100,GET,/product/66VCHSJNUP,1.300000,0.000000,54,54,64,64,90,93,93,93,93,93,93,42,0,42,45.98255932242388,6.835003383457661,195.95273863524199,7978.452380952381
1781168641,100,GET,/product/6E92ZMYYFZ,0.700000,0.000000,33,38,38,42,42,42,42,42,42,42,42,26,0,22,38.25320600746916,7.026334293186665,119.6466600522399,7979.0
1781168641,100,GET,/product/9SIQT8TOJO,0.600000,0.000000,61,66,96,96,98,98,98,98,98,98,98,28,0,37,45.894745936883346,6.982296705245972,195.47508843243122,8015.607142857143
1781168641,100,GET,/product/L9ECAV7KIM,1.200000,0.000000,40,46,61,62,87,94,94,94,94,94,94,33,0,37,40.31686927897461,6.390640512108803,119.87675819545984,7994.424242424242
1781168641,100,GET,/product/LS4PSXUNUM,0.900000,0.000000,38,56,60,60,93,93,93,93,93,93,93,33,0,15,29.135774877486806,7.200830616056919,97.06859663128853,7985.181818181818
1781168641,100,GET,/product/OLJCESPC7Z,1.000000,0.000000,7,10,38,38,97,97,97,97,97,97,97,29,0,38,45.53404408667622,6.530976854264736,163.45082502812147,8006.793103448276
1781168641,100,,Aggregated,58.400000,0.000000,32,46,60,64,87,96,120,120,170,170,170,2197,0,36,64.0375846259306,6.390640512108803,1093.2018477469683,10695.000910332272
1781168642,100,GET,/,42.000000,0.000000,31,49,63,67,90,110,120,140,180,180,180,1683,0,35,67.92016716179258,6.4099496230483055,1093.2018477469683,10540.098039215687
1781168642,100,POST,/cart,5.000000,0.000000,41,68,76,77,98,120,120,120,120,120,120,205,0,40,61.8541832013828,10.345353744924068,989.3006635829806,17304.053658536584
1781168642,100,POST,/cart/checkout,2.300000,0.000000,44,62,80,84,92,97,110,110,110,110,110,94,0,38,60.190652734897235,10.677888058125973,652.973567135632,6806.414893617021
1781168642,100,GET,/product/0PUK6V6EV0,0.600000,0.000000,41,48,82,82,96,96,96,96,96,96,96,24,0,37,43.802732756982245,6.991029717028141,115.07655773311853,7994.958333333333
1781168642,100,GET,/product/1YMWWN1N4O,1.000000,0.000000,38,39,52,61,160,160,160,160,160,160,160,28,0,34,37.626975648371236,6.631418131291866,156.99385665357113,8035.857142857143
1781168642,100,GET,/product/2ZYFJ3GM2N,0.900000,0.000000,43,56,56,64,89,89,89,89,89,89,89,27,0,43,46.696576910714306,6.619976833462715,167.3695109784603,8023.518518518518
1781168642,100,GET,/product/66VCHSJNUP,1.100000,0.000000,54,56,60,64,90,93,93,93,93,93,93,44,0,42,45.51096690226007,6.835003383457661,195.95273863524199,7980.659090909091
1781168642,100,GET,/product/6E92ZMYYFZ,0.600000,0.000000,38,38,42,42,42,42,42,42,42,42,42,26,0,22,38.25320600746916,7.026334293186665,119.6466600522399,7979.0
1781168642,100,GET,/product/9SIQT8TOJO,0.500000,0.000000,61,66,96,96,98,98,98,98,98,98,98,29,0,37,45.58006108834826,6.982296705245972,195.47508843243122,8017.0344827586205
1781168642,100,GET,/product/L9ECAV7KIM,1.400000,0.000000,40,43,46,61,62,94,94,94,94,94,94,34,0,37,40.40400015518946,6.390640512108803,119.87675819545984,7996.382352941177
1781168642,100,GET,/product/LS4PSXUNUM,0.800000,0.000000,37,38,56,60,93,93,93,93,93,93,93,34,0,15,29.37794690403868,7.200830616056919,97.06859663128853,7983.882352941177
1781168642,100,GET,/product/OLJCESPC7Z,1.000000,0.000000,7,10,38,38,97,97,97,97,97,97,97,29,0,38,45.53404408667622,6.530976854264736,163.45082502812147,8006.793103448276
1781168642,100,,Aggregated,57.200000,0.000000,33,52,63,67,91,100,120,140,180,180,180,2257,0,37,63.81269821779135,6.390640512108803,1093.2018477469683,10689.525919361984
1781168643,100,GET,/,41.400000,0.000000,32,49,60,65,87,110,120,140,180,180,180,1725,0,35,67.04993606153606,6.4099496230483055,1093.2018477469683,10540.491014492754
1781168643,100,POST,/cart,4.500000,0.000000,46,68,73,77,87,120,120,120,120,120,120,206,0,40,61.810096065757925,10.345353744924068,989.3006635829806,17306.85922330097
1781168643,100,POST,/cart/checkout,2.100000,0.000000,46,61,80,84,92,97,110,110,110,110,110,96,0,39,59.8304390150588,10.677888058125973,652.973567135632,6806.239583333333
1781168643,100,GET,/product/0PUK6V6EV0,0.800000,0.000000,41,41,48,64,96,96,96,96,96,96,96,27,0,37,41.82247717485384,6.547525525093079,115.07655773311853,7997.0
1781168643,100,GET,/product/1YMWWN1N4O,1.000000,0.000000,34,39,52,52,61,160,160,160,160,160,160,29,0,34,36.604984631312306,6.631418131291866,156.99385665357113,8036.448275862069
1781168643,100,GET,/product/2ZYFJ3GM2N,0.900000,0.000000,56,56,64,89,95,95,95,95,95,95,95,28,0,43,48.40899172372052,6.619976833462715,167.3695109784603,8023.035714285715
1781168643,100,GET,/product/66VCHSJNUP,1.100000,0.000000,44,54,60,64,90,93,93,93,93,93,93,45,0,42,44.70698988686005,6.835003383457661,195.95273863524199,7979.311111111111
1781168643,100,GET,/product/6E92ZMYYFZ,0.500000,0.000000,38,38,42,42,42,42,42,42,42,42,42,27,0,22,37.23607233001126,7.026334293186665,119.6466600522399,7980.2962962962965
1781168643,100,GET,/product/9SIQT8TOJO,0.600000,0.000000,61,66,96,96,98,98,98,98,98,98,98,30,0,37,44.33196081469456,6.982296705245972,195.47508843243122,8019.166666666667
1781168643,100,GET,/product/L9ECAV7KIM,1.500000,0.000000,40,43,61,62,74,94,94,94,94,94,94,36,0,37,40.45676509849727,6.390640512108803,119.87675819545984,7998.916666666667
1781168643,100,GET,/product/LS4PSXUNUM,0.700000,0.000000,37,38,56,60,93,93,93,93,93,93,93,35,0,15,28.757184451179846,7.200830616056919,97.06859663128853,7985.4857142857145
1781168643,100,GET,/product/OLJCESPC7Z,1.000000,0.000000,7,10,95,95,97,97,97,97,97,97,97,30,0,38,47.175065241754055,6.530976854264736,163.45082502812147,8006.133333333333
1781168643,100,,Aggregated,56.100000,0.000000,34,52,62,67,90,100,120,140,180,180,180,2314,0,36,63.055008265464316,6.390640512108803,1093.2018477469683,10673.003025064823
1781168644,100,GET,/,43.300000,0.000000,32,51,60,65,87,110,120,140,180,180,180,1767,0,35,66.20563259353544,6.4099496230483055,1093.2018477469683,10540.764572722128
1781168644,100,POST,/cart,4.400000,0.000000,55,75,77,86,92,120,120,120,120,120,120,213,0,41,62.071836343638495,10.345353744924068,989.3006635829806,17298.863849765257
1781168644,100,POST,/cart/checkout,2.500000,0.000000,52,62,75,80,92,97,110,110,110,110,110,100,0,39,59.1603026073426,10.677888058125973,652.973567135632,6806.17
1781168644,100,GET,/product/0PUK6V6EV0,0.800000,0.000000,41,48,64,84,96,96,96,96,96,96,96,28,0,37,43.33570955454239,6.547525525093079,115.07655773311853,7998.5
1781168644,100,GET,/product/1YMWWN1N4O,1.000000,0.000000,38,39,52,61,160,160,160,160,160,160,160,29,0,34,36.604984631312306,6.631418131291866,156.99385665357113,8036.448275862069
1781168644,100,GET,/product/2ZYFJ3GM2N,1.000000,0.000000,43,64,89,89,95,95,95,95,95,95,95,28,0,43,48.40899172372052,6.619976833462715,167.3695109784603,8023.035714285715
1781168644,100,GET,/product/66VCHSJNUP,1.300000,0.000000,43,54,60,64,90,93,93,93,93,93,93,47,0,42,43.84566583928276,6.301384419202805,195.95273863524199,7979.191489361702
1781168644,100,GET,/product/6E92ZMYYFZ,0.300000,0.000000,11,38,38,42,42,42,42,42,42,42,42,29,0,17,35.22732417131292,7.026334293186665,119.6466600522399,7984.3448275862065
1781168644,100,GET,/product/9SIQT8TOJO,0.700000,0.000000,40,61,66,96,98,98,98,98,98,98,98,31,0,37,43.1112855252239,6.491026841104031,195.47508843243122,8019.064516129032
1781168644,100,GET,/product/L9ECAV7KIM,1.500000,0.000000,40,43,61,62,74,94,94,94,94,94,94,36,0,37,40.45676509849727,6.390640512108803,119.87675819545984,7998.916666666667
1781168644,100,GET,/product/LS4PSXUNUM,0.900000,0.000000,37,38,60,60,93,93,93,93,93,93,93,35,0,15,28.757184451179846,7.200830616056919,97.06859663128853,7985.4857142857145
1781168644,100,GET,/product/OLJCESPC7Z,0.800000,0.000000,7,10,95,95,97,97,97,97,97,97,97,30,0,38,47.175065241754055,6.530976854264736,163.45082502812147,8006.133333333333
1781168644,100,,Aggregated,58.500000,0.000000,35,53,63,70,90,100,120,140,180,180,180,2373,0,36,62.38940829670962,6.301384419202805,1093.2018477469683,10676.469447956173
1781168645,100,GET,/,42.600000,0.000000,28,45,55,60,79,93,110,130,180,180,180,1807,0,35,65.38289296324815,6.4099496230483055,1093.2018477469683,10541.071389042612
1781168645,100,POST,/cart,4.100000,0.000000,46,56,75,77,87,92,120,120,120,120,120,215,0,41,61.771383335770565,10.345353744924068,989.3006635829806,17304.311627906976
1781168645,100,POST,/cart/checkout,2.400000,0.000000,46,59,69,75,87,92,110,110,110,110,110,101,0,39,58.69454456179744,10.677888058125973,652.973567135632,6806.267326732674
1781168645,100,GET,/product/0PUK6V6EV0,0.800000,0.000000,9,48,64,64,84,84,84,84,84,84,84,28,0,37,43.33570955454239,6.547525525093079,115.07655773311853,7998.5
1781168645,100,GET,/product/1YMWWN1N4O,1.000000,0.000000,34,39,52,52,61,160,160,160,160,160,160,30,0,28,36.02149294068416,6.631418131291866,156.99385665357113,8037.866666666667
1781168645,100,GET,/product/2ZYFJ3GM2N,1.000000,0.000000,38,64,89,89,95,95,95,95,95,95,95,28,0,43,48.40899172372052,6.619976833462715,167.3695109784603,8023.035714285715
1781168645,100,GET,/product/66VCHSJNUP,1.200000,0.000000,44,54,60,60,90,93,93,93,93,93,93,48,0,42,44.027986140766494,6.301384419202805,195.95273863524199,7978.458333333333
1781168645,100,GET,/product/6E92ZMYYFZ,0.400000,0.000000,11,38,38,42,42,42,42,42,42,42,42,29,0,17,35.22732417131292,7.026334293186665,119.6466600522399,7984.3448275862065
1781168645,100,GET,/product/9SIQT8TOJO,0.800000,0.000000,40,61,66,96,98,98,98,98,98,98,98,31,0,37,43.1112855252239,6.491026841104031,195.47508843243122,8019.064516129032
1781168645,100,GET,/product/L9ECAV7KIM,1.400000,0.000000,39,43,43,61,74,94,94,94,94,94,94,37,0,37,39.55632506089436,6.390640512108803,119.87675819545984,8000.1621621621625
1781168645,100,GET,/product/LS4PSXUNUM,1.000000,0.000000,37,38,56,56,60,60,60,60,60,60,60,36,0,15,29.51444054229392,7.200830616056919,97.06859663128853,7984.638888888889
1781168645,100,GET,/product/OLJCESPC7Z,0.700000,0.000000,7,8,10,95,97,97,97,97,97,97,97,31,0,38,45.91920130675839,6.530976854264736,163.45082502812147,8008.064516129032
1781168645,100,,Aggregated,57.400000,0.000000,30,46,56,63,81,93,110,120,180,180,180,2421,0,36,61.720927360935775,6.301384419202805,1093.2018477469683,10673.325485336638
1781168646,100,GET,/,42.400000,0.000000,26,44,55,60,80,93,110,120,180,180,180,1849,0,34,64.44775873846528,6.4099496230483055,1093.2018477469683,10541.415359653867
1781168646,100,POST,/cart,4.300000,0.000000,46,68,75,77,86,92,92,92,92,92,92,218,0,41,61.34906174068194,10.345353744924068,989.3006635829806,17298.967889908257
1781168646,100,POST,/cart/checkout,2.600000,0.000000,40,52,62,69,87,92,110,110,110,110,110,104,0,38,57.707390353943296,10.677888058125973,652.973567135632,6805.903846153846
1781168646,100,GET,/product/0PUK6V6EV0,1.000000,0.000000,9,48,64,64,84,84,84,84,84,84,84,28,0,37,43.33570955454239,6.547525525093079,115.07655773311853,7998.5
1781168646,100,GET,/product/1YMWWN1N4O,1.000000,0.000000,38,39,52,93,160,160,160,160,160,160,160,31,0,34,37.85842308594334,6.631418131291866,156.99385665357113,8036.645161290323
1781168646,100,GET,/product/2ZYFJ3GM2N,0.800000,0.000000,38,64,89,89,95,95,95,95,95,95,95,28,0,43,48.40899172372052,6.619976833462715,167.3695109784603,8023.035714285715
1781168646,100,GET,/product/66VCHSJNUP,1.400000,0.000000,53,56,64,64,93,93,93,93,93,93,93,49,0,43,45.033422526808415,6.301384419202805,195.95273863524199,7979.326530612245
1781168646,100,GET,/product/6E92ZMYYFZ,0.500000,0.000000,11,11,38,38,42,42,42,42,42,42,42,30,0,16,34.326723559449114,7.026334293186665,119.6466600522399,7985.066666666667
1781168646,100,GET,/product/9SIQT8TOJO,0.900000,0.000000,40,61,66,96,98,98,98,98,98,98,98,31,0,37,43.1112855252239,6.491026841104031,195.47508843243122,8019.064516129032
1781168646,100,GET,/product/L9ECAV7KIM,1.400000,0.000000,39,43,43,61,74,90,90,90,90,90,90,39,0,39,40.864715543694984,6.390640512108803,119.87675819545984,8002.358974358975
1781168646,100,GET,/product/LS4PSXUNUM,0.900000,0.000000,35,37,38,56,60,60,60,60,60,60,60,37,0,15,28.922229627701075,7.200830616056919,97.06859663128853,7985.378378378378
1781168646,100,GET,/product/OLJCESPC7Z,0.800000,0.000000,7,8,95,95,97,97,97,97,97,97,97,31,0,38,45.91920130675839,6.530976854264736,163.45082502812147,8008.064516129032
1781168646,100,,Aggregated,58.000000,0.000000,29,45,56,63,82,93,110,120,180,180,180,2475,0,36,60.986773179787576,6.301384419202805,1093.2018477469683,10667.772121212121
1781168647,100,GET,/,43.100000,0.000000,29,47,56,64,83,100,120,130,180,180,180,1894,0,34,63.941649458771366,6.4099496230483055,1093.2018477469683,10541.864836325238
1781168647,100,POST,/cart,4.100000,0.000000,46,72,77,85,92,110,130,130,130,130,130,224,0,41,61.281120820370106,10.345353744924068,989.3006635829806,17288.98214285714
1781168647,100,POST,/cart/checkout,2.600000,0.000000,39,46,61,69,87,92,110,110,110,110,110,105,0,38,57.275333415184704,10.677888058125973,652.973567135632,6805.752380952381
1781168647,100,GET,/product/0PUK6V6EV0,1.000000,0.000000,9,48,64,64,84,84,84,84,84,84,84,28,0,37,43.33570955454239,6.547525525093079,115.07655773311853,7998.5
1781168647,100,GET,/product/1YMWWN1N4O,1.100000,0.000000,38,39,52,93,160,160,160,160,160,160,160,32,0,34,37.85003925440833,6.631418131291866,156.99385665357113,8037.28125
1781168647,100,GET,/product/2ZYFJ3GM2N,0.800000,0.000000,64,64,95,95,95,95,95,95,95,95,95,28,0,43,48.40899172372052,6.619976833462715,167.3695109784603,8023.035714285715
1781168647,100,GET,/product/66VCHSJNUP,1.500000,0.000000,44,54,60,64,90,93,93,93,93,93,93,49,0,43,45.033422526808415,6.301384419202805,195.95273863524199,7979.326530612245
1781168647,100,GET,/product/6E92ZMYYFZ,0.500000,0.000000,9,9,11,11,38,38,38,38,38,38,38,31,0,16,33.46049851707874,7.026334293186665,119.6466600522399,7985.806451612903
1781168647,100,GET,/product/9SIQT8TOJO,0.900000,0.000000,9,37,66,66,77,77,77,77,77,77,77,33,0,37,43.048979206518695,6.491026841104031,195.47508843243122,8022.606060606061
1781168647,100,GET,/product/L9ECAV7KIM,1.300000,0.000000,40,43,61,61,74,90,90,90,90,90,90,39,0,39,40.864715543694984,6.390640512108803,119.87675819545984,8002.358974358975
1781168647,100,GET,/product/LS4PSXUNUM,0.900000,0.000000,37,38,56,60,78,78,78,78,78,78,78,39,0,15,29.633845322025127,7.200830616056919,97.06859663128853,7985.48717948718
1781168647,100,GET,/product/OLJCESPC7Z,0.800000,0.000000,7,8,36,95,97,97,97,97,97,97,97,32,0,37,45.60101681272499,6.530976854264736,163.45082502812147,8006.84375
1781168647,100,,Aggregated,58.600000,0.000000,32,48,58,64,85,97,120,130,180,180,180,2534,0,36,60.57601575478735,6.301384419202805,1093.2018477469683,10671.847671665351
1781168648,100,GET,/,41.700000,0.000000,24,42,53,57,80,94,120,130,180,180,180,1927,0,33,63.21603888631269,6.4099496230483055,1093.2018477469683,10542.054488842761
1781168648,100,POST,/cart,3.700000,0.000000,42,55,77,85,92,110,130,130,130,130,130,229,0,40,60.280711943177934,10.345353744924068,989.3006635829806,17307.66812227074
1781168648,100,POST,/cart/checkout,2.500000,0.000000,36,46,59,61,87,92,110,110,110,110,110,107,0,36,56.443741109883675,10.677888058125973,652.973567135632,6805.532710280374
1781168648,100,GET,/product/0PUK6V6EV0,0.800000,0.000000,48,48,64,64,84,84,84,84,84,84,84,28,0,37,43.33570955454239,6.547525525093079,115.07655773311853,7998.5
1781168648,100,GET,/product/1YMWWN1N4O,1.200000,0.000000,38,39,52,93,160,160,160,160,160,160,160,32,0,34,37.85003925440833,6.631418131291866,156.99385665357113,8037.28125
1781168648,100,GET,/product/2ZYFJ3GM2N,0.700000,0.000000,64,64,95,95,95,95,95,95,95,95,95,28,0,43,48.40899172372052,6.619976833462715,167.3695109784603,8023.035714285715
1781168648,100,GET,/product/66VCHSJNUP,1.700000,0.000000,43,53,54,56,60,93,93,93,93,93,93,49,0,43,45.033422526808415,6.301384419202805,195.95273863524199,7979.326530612245
1781168648,100,GET,/product/6E92ZMYYFZ,0.400000,0.000000,9,9,11,11,38,38,38,38,38,38,38,31,0,16,33.46049851707874,7.026334293186665,119.6466600522399,7985.806451612903
1781168648,100,GET,/product/9SIQT8TOJO,0.500000,0.000000,9,37,66,66,77,77,77,77,77,77,77,34,0,32,41.9900122043841,6.491026841104031,195.47508843243122,8022.294117647059
1781168648,100,GET,/product/L9ECAV7KIM,1.400000,0.000000,40,43,58,58,74,90,90,90,90,90,90,40,0,39,41.30157753825188,6.390640512108803,119.87675819545984,8002.475
1781168648,100,GET,/product/LS4PSXUNUM,0.900000,0.000000,35,37,56,56,60,78,78,78,78,78,78,41,0,11,28.54256663562321,6.203328259289265,97.06859663128853,7988.048780487805
1781168648,100,GET,/product/OLJCESPC7Z,0.800000,0.000000,7,8,36,36,95,95,95,95,95,95,95,34,0,36,43.341430725858494,6.530976854264736,163.45082502812147,8008.705882352941
1781168648,100,,Aggregated,56.300000,0.000000,24,43,53,59,81,94,110,130,180,180,180,2580,0,35,59.848299887854346,6.203328259289265,1093.2018477469683,10675.656201550388
1781168649,100,GET,/,42.400000,0.000000,25,43,53,58,81,95,120,130,180,180,180,1973,0,33,62.57153664008953,6.4099496230483055,1093.2018477469683,10542.404460212874
1781168649,100,POST,/cart,3.800000,0.000000,42,64,77,85,92,110,130,130,130,130,130,233,0,41,60.17333466575637,10.345353744924068,989.3006635829806,17323.48068669528
1781168649,100,POST,/cart/checkout,2.400000,0.000000,33,44,46,59,75,92,110,110,110,110,110,109,0,36,55.935028675567665,10.677888058125973,652.973567135632,6805.266055045871
1781168649,100,GET,/product/0PUK6V6EV0,0.700000,0.000000,45,48,60,64,84,84,84,84,84,84,84,31,0,40,43.84623525003272,6.547525525093079,115.07655773311853,7996.806451612903
1781168649,100,GET,/product/1YMWWN1N4O,1.000000,0.000000,19,38,93,93,160,160,160,160,160,160,160,33,0,34,36.96728345345367,6.631418131291866,156.99385665357113,8038.0
1781168649,100,GET,/product/2ZYFJ3GM2N,0.400000,0.000000,95,95,95,95,95,95,95,95,95,95,95,28,0,43,48.40899172372052,6.619976833462715,167.3695109784603,8023.035714285715
1781168649,100,GET,/product/66VCHSJNUP,1.600000,0.000000,53,54,56,60,93,93,93,93,93,93,93,49,0,43,45.033422526808415,6.301384419202805,195.95273863524199,7979.326530612245
1781168649,100,GET,/product/6E92ZMYYFZ,0.500000,0.000000,9,9,11,11,38,38,38,38,38,38,38,31,0,16,33.46049851707874,7.026334293186665,119.6466600522399,7985.806451612903
1781168649,100,GET,/product/9SIQT8TOJO,0.500000,0.000000,9,37,56,66,77,77,77,77,77,77,77,35,0,37,42.38547946193388,6.491026841104031,195.47508843243122,8023.0
1781168649,100,GET,/product/L9ECAV7KIM,1.300000,0.000000,40,43,58,74,90,90,90,90,90,90,90,40,0,39,41.30157753825188,6.390640512108803,119.87675819545984,8002.475
1781168649,100,GET,/product/LS4PSXUNUM,0.800000,0.000000,37,56,60,60,78,78,78,78,78,78,78,42,0,11,29.303105814116343,6.203328259289265,97.06859663128853,7989.190476190476
1781168649,100,GET,/product/OLJCESPC7Z,0.900000,0.000000,7,8,36,54,95,95,95,95,95,95,95,35,0,37,43.63517982086965,6.530976854264736,163.45082502812147,8010.914285714286
1781168649,100,,Aggregated,56.300000,0.000000,26,45,54,60,81,94,110,130,180,180,180,2639,0,35,59.3569466036749,6.203328259289265,1093.2018477469683,10675.061765820386
1781168650,100,GET,/,42.400000,0.000000,25,45,54,60,81,96,120,130,180,180,180,2012,0,33,61.97831541888608,6.4099496230483055,1093.2018477469683,10542.625248508946
1781168650,100,POST,/cart,3.400000,0.000000,42,64,75,77,92,110,130,130,130,130,130,238,0,40,59.488037804595564,10.345353744924068,989.3006635829806,17335.117647058825
1781168650,100,POST,/cart/checkout,2.400000,0.000000,33,45,52,59,75,92,110,110,110,110,110,112,0,36,54.76045566943607,10.677888058125973,652.973567135632,6805.446428571428
1781168650,100,GET,/product/0PUK6V6EV0,0.600000,0.000000,45,48,60,64,84,84,84,84,84,84,84,31,0,40,43.84623525003272,6.547525525093079,115.07655773311853,7996.806451612903
1781168650,100,GET,/product/1YMWWN1N4O,1.000000,0.000000,19,38,93,93,160,160,160,160,160,160,160,33,0,34,36.96728345345367,6.631418131291866,156.99385665357113,8038.0
1781168650,100,GET,/product/2ZYFJ3GM2N,0.400000,0.000000,54,54,95,95,95,95,95,95,95,95,95,29,0,43,48.604613394829734,6.619976833462715,167.3695109784603,8023.6551724137935
1781168650,100,GET,/product/66VCHSJNUP,1.500000,0.000000,53,54,56,60,93,93,93,93,93,93,93,49,0,43,45.033422526808415,6.301384419202805,195.95273863524199,7979.326530612245
1781168650,100,GET,/product/6E92ZMYYFZ,0.600000,0.000000,8,9,11,11,38,38,38,38,38,38,38,32,0,11,32.633637223625556,7.0009371265769005,119.6466600522399,7983.46875
1781168650,100,GET,/product/9SIQT8TOJO,0.800000,0.000000,37,56,66,66,77,77,77,77,77,77,77,35,0,37,42.38547946193388,6.491026841104031,195.47508843243122,8023.0
1781168650,100,GET,/product/L9ECAV7KIM,1.200000,0.000000,43,44,58,74,90,90,90,90,90,90,90,42,0,39,40.597683062688226,6.390640512108803,119.87675819545984,8001.809523809524
1781168650,100,GET,/product/LS4PSXUNUM,1.100000,0.000000,8,56,60,60,60,78,78,78,78,78,78,43,0,11,28.794846367524112,6.203328259289265,97.06859663128853,7988.162790697675
1781168650,100,GET,/product/OLJCESPC7Z,0.700000,0.000000,7,8,36,54,95,95,95,95,95,95,95,36,0,36,42.60617484235101,6.530976854264736,163.45082502812147,8010.638888888889
1781168650,100,,Aggregated,56.100000,0.000000,26,46,56,63,83,95,110,130,180,180,180,2692,0,34,58.763704065131066,6.203328259289265,1093.2018477469683,10676.368499257058
1781168651,100,GET,/,42.000000,0.000000,19,35,46,51,70,87,100,110,130,130,130,2058,0,33,61.127258495466585,6.4099496230483055,1093.2018477469683,10542.861030126336
1781168651,100,POST,/cart,3.600000,0.000000,37,55,69,75,92,110,130,130,130,130,130,241,0,40,59.1333930716846,10.345353744924068,989.3006635829806,17329.912863070538
1781168651,100,POST,/cart/checkout,2.300000,0.000000,18,33,40,45,52,69,69,69,69,69,69,114,0,35,54.24306942803557,10.677888058125973,652.973567135632,6805.596491228071
1781168651,100,GET,/product/0PUK6V6EV0,0.800000,0.000000,45,60,64,64,84,84,84,84,84,84,84,31,0,40,43.84623525003272,6.547525525093079,115.07655773311853,7996.806451612903
1781168651,100,GET,/product/1YMWWN1N4O,0.600000,0.000000,19,38,38,38,93,93,93,93,93,93,93,34,0,34,37.00751008685021,6.631418131291866,156.99385665357113,8035.823529411765
1781168651,100,GET,/product/2ZYFJ3GM2N,0.200000,0.000000,95,95,95,95,95,95,95,95,95,95,95,29,0,43,48.604613394829734,6.619976833462715,167.3695109784603,8023.6551724137935
1781168651,100,GET,/product/66VCHSJNUP,1.300000,0.000000,43,43,53,53,93,93,93,93,93,93,93,49,0,43,45.033422526808415,6.301384419202805,195.95273863524199,7979.326530612245
1781168651,100,GET,/product/6E92ZMYYFZ,0.600000,0.000000,8,8,9,9,11,11,11,11,11,11,11,32,0,11,32.633637223625556,7.0009371265769005,119.6466600522399,7983.46875
1781168651,100,GET,/product/9SIQT8TOJO,0.800000,0.000000,8,8,56,56,77,77,77,77,77,77,77,36,0,32,41.41943195524315,6.491026841104031,195.47508843243122,8021.916666666667
1781168651,100,GET,/product/L9ECAV7KIM,1.200000,0.000000,43,44,58,74,90,90,90,90,90,90,90,42,0,39,40.597683062688226,6.390640512108803,119.87675819545984,8001.809523809524
1781168651,100,GET,/product/LS4PSXUNUM,1.000000,0.000000,8,8,56,60,78,78,78,78,78,78,78,44,0,11,28.297933559356764,6.203328259289265,97.06859663128853,7986.954545454545
1781168651,100,GET,/product/OLJCESPC7Z,0.900000,0.000000,8,36,54,54,95,95,95,95,95,95,95,36,0,36,42.60617484235101,6.530976854264736,163.45082502812147,8010.638888888889
1781168651,100,,Aggregated,55.300000,0.000000,18,37,47,54,75,89,97,110,130,130,130,2746,0,34,58.080053080052394,6.203328259289265,1093.2018477469683,10675.343044428259
1781168652,100,GET,/,42.000000,0.000000,22,37,48,53,76,92,110,130,160,160,160,2102,0,33,60.81348684634995,6.4099496230483055,1093.2018477469683,10543.08658420552
1781168652,100,POST,/cart,3.600000,0.000000,22,55,69,75,85,92,130,130,130,130,130,247,0,40,58.314724734829746,9.803581051528454,989.3006635829806,17348.834008097165
1781168652,100,POST,/cart/checkout,2.600000,0.000000,18,33,39,40,50,52,69,69,69,69,69,116,0,35,54.016267720224526,10.677888058125973,652.973567135632,6805.939655172414
1781168652,100,GET,/product/0PUK6V6EV0,0.900000,0.000000,40,45,60,60,84,84,84,84,84,84,84,32,0,40,42.81525025726296,6.547525525093079,115.07655773311853,7997.625
1781168652,100,GET,/product/1YMWWN1N4O,0.700000,0.000000,19,38,38,38,93,93,93,93,93,93,93,35,0,34,36.115905216761995,5.8013396337628365,156.99385665357113,8037.4
1781168652,100,GET,/product/2ZYFJ3GM2N,0.300000,0.000000,95,95,95,95,95,95,95,95,95,95,95,29,0,43,48.604613394829734,6.619976833462715,167.3695109784603,8023.6551724137935
1781168652,100,GET,/product/66VCHSJNUP,1.000000,0.000000,53,53,87,87,93,93,93,93,93,93,93,50,0,43,45.8634839951992,6.301384419202805,195.95273863524199,7978.1
1781168652,100,GET,/product/6E92ZMYYFZ,0.600000,0.000000,7,8,8,9,9,9,9,9,9,9,9,32,0,11,32.633637223625556,7.0009371265769005,119.6466600522399,7983.46875
1781168652,100,GET,/product/9SIQT8TOJO,0.900000,0.000000,7,8,56,56,77,77,77,77,77,77,77,37,0,32,40.49145186168922,6.491026841104031,195.47508843243122,8020.135135135135
1781168652,100,GET,/product/L9ECAV7KIM,1.000000,0.000000,48,54,58,74,90,90,90,90,90,90,90,44,0,40,41.08157961375334,6.390640512108803,119.87675819545984,8003.772727272727
1781168652,100,GET,/product/LS4PSXUNUM,1.000000,0.000000,8,56,60,60,78,86,86,86,86,86,86,45,0,11,29.579851424528492,6.203328259289265,97.06859663128853,7986.333333333333
1781168652,100,GET,/product/OLJCESPC7Z,0.600000,0.000000,8,36,54,54,95,95,95,95,95,95,95,37,0,36,41.645719543904875,6.530976854264736,163.45082502812147,8009.405405405405
1781168652,100,,Aggregated,55.200000,0.000000,22,39,49,55,77,92,100,120,160,160,160,2806,0,34,57.754262525081124,5.8013396337628365,1093.2018477469683,10678.958660014256
1781168653,100,GET,/,42.100000,0.000000,22,36,47,53,76,91,110,130,160,160,160,2139,0,32,60.2473573364725,6.4099496230483055,1093.2018477469683,10543.239364188874
1781168653,100,POST,/cart,3.700000,0.000000,20,42,46,64,77,110,130,130,130,130,130,250,0,40,58.080335181206465,9.803581051528454,989.3006635829806,17355.26
1781168653,100,POST,/cart/checkout,2.500000,0.000000,17,23,33,33,50,54,69,69,69,69,69,120,0,33,53.054733908114336,10.677888058125973,652.973567135632,6805.6
1781168653,100,GET,/product/0PUK6V6EV0,0.700000,0.000000,54,54,60,60,84,84,84,84,84,84,84,33,0,40,43.163764685618155,6.547525525093079,115.07655773311853,7999.484848484848
1781168653,100,GET,/product/1YMWWN1N4O,0.700000,0.000000,19,38,38,38,93,93,93,93,93,93,93,36,0,28,35.30748059145279,5.8013396337628365,156.99385665357113,8035.861111111111
1781168653,100,GET,/product/2ZYFJ3GM2N,0.300000,0.000000,95,95,95,95,95,95,95,95,95,95,95,29,0,43,48.604613394829734,6.619976833462715,167.3695109784603,8023.6551724137935
1781168653,100,GET,/product/66VCHSJNUP,0.900000,0.000000,87,87,93,93,93,93,93,93,93,93,93,50,0,43,45.8634839951992,6.301384419202805,195.95273863524199,7978.1
1781168653,100,GET,/product/6E92ZMYYFZ,0.600000,0.000000,9,9,44,44,54,54,54,54,54,54,54,35,0,16,32.900089531072545,7.0009371265769005,119.6466600522399,7983.742857142857
1781168653,100,GET,/product/9SIQT8TOJO,0.800000,0.000000,8,9,56,56,77,77,77,77,77,77,77,38,0,29,39.65006619201679,6.491026841104031,195.47508843243122,8018.710526315789
1781168653,100,GET,/product/L9ECAV7KIM,0.900000,0.000000,44,54,58,58,74,90,90,90,90,90,90,45,0,40,40.343206168876755,6.390640512108803,119.87675819545984,8003.888888888889
1781168653,100,GET,/product/LS4PSXUNUM,1.100000,0.000000,8,56,60,78,86,86,86,86,86,86,86,45,0,11,29.579851424528492,6.203328259289265,97.06859663128853,7986.333333333333
1781168653,100,GET,/product/OLJCESPC7Z,0.700000,0.000000,8,9,36,54,95,95,95,95,95,95,95,38,0,36,40.77624473230619,6.530976854264736,163.45082502812147,8011.684210526316
1781168653,100,,Aggregated,55.000000,0.000000,20,38,48,54,76,89,100,120,160,160,160,2858,0,33,57.21069673601566,5.8013396337628365,1093.2018477469683,10671.968859342198
1781168654,100,GET,/,40.900000,0.000000,19,33,44,52,72,89,110,130,160,160,160,2183,0,32,59.47956837503819,6.4099496230483055,1093.2018477469683,10543.448465414567
1781168654,100,POST,/cart,4.100000,0.000000,20,38,44,45,74,81,130,130,130,130,130,255,0,39,57.39488071013315,9.803581051528454,989.3006635829806,17343.074509803922
1781168654,100,POST,/cart/checkout,2.000000,0.000000,17,23,33,33,50,54,54,54,54,54,54,120,0,33,53.054733908114336,10.677888058125973,652.973567135632,6805.6
1781168654,100,GET,/product/0PUK6V6EV0,0.800000,0.000000,45,54,60,60,84,84,84,84,84,84,84,34,0,40,42.11751456536791,6.547525525093079,115.07655773311853,7997.794117647059
1781168654,100,GET,/product/1YMWWN1N4O,0.800000,0.000000,9,38,38,38,93,93,93,93,93,93,93,37,0,28,34.561799386063136,5.8013396337628365,156.99385665357113,8036.108108108108
1781168654,100,GET,/product/2ZYFJ3GM2N,0.200000,0.000000,54,54,95,95,95,95,95,95,95,95,95,30,0,43,47.20098792264859,6.49584922939539,167.3695109784603,8021.733333333334
1781168654,100,GET,/product/66VCHSJNUP,0.600000,0.000000,87,87,93,93,93,93,93,93,93,93,93,51,0,43,45.77395537247261,6.301384419202805,195.95273863524199,7977.588235294118
1781168654,100,GET,/product/6E92ZMYYFZ,0.600000,0.000000,8,9,44,44,54,54,54,54,54,54,54,36,0,11,32.19585770016743,7.0009371265769005,119.6466600522399,7982.611111111111
1781168654,100,GET,/product/9SIQT8TOJO,0.800000,0.000000,8,9,56,56,77,77,77,77,77,77,77,38,0,29,39.65006619201679,6.491026841104031,195.47508843243122,8018.710526315789
1781168654,100,GET,/product/L9ECAV7KIM,0.800000,0.000000,44,48,54,58,90,90,90,90,90,90,90,45,0,40,40.343206168876755,6.390640512108803,119.87675819545984,8003.888888888889
1781168654,100,GET,/product/LS4PSXUNUM,1.100000,0.000000,8,8,60,78,86,86,86,86,86,86,86,45,0,11,29.579851424528492,6.203328259289265,97.06859663128853,7986.333333333333
1781168654,100,GET,/product/OLJCESPC7Z,0.700000,0.000000,8,9,36,36,54,54,54,54,54,54,54,38,0,36,40.77624473230619,6.530976854264736,163.45082502812147,8011.684210526316
1781168654,100,,Aggregated,53.400000,0.000000,19,34,45,53,72,88,100,120,160,160,160,2912,0,33,56.548500044980074,5.8013396337628365,1093.2018477469683,10675.948832417582
1781168655,100,GET,/,41.400000,0.000000,22,36,45,53,74,87,100,120,160,160,160,2232,0,31,58.90395126712765,6.4099496230483055,1093.2018477469683,10543.749103942653
1781168655,100,POST,/cart,4.300000,0.000000,25,42,45,64,74,81,130,130,130,130,130,258,0,39,57.260244875395486,9.803581051528454,989.3006635829806,17349.19379844961
1781168655,100,POST,/cart/checkout,2.100000,0.000000,17,32,33,45,54,55,55,55,55,55,55,122,0,33,52.73238619117708,10.677888058125973,652.973567135632,6805.7213114754095
1781168655,100,GET,/product/0PUK6V6EV0,0.800000,0.000000,45,54,60,60,84,84,84,84,84,84,84,34,0,40,42.11751456536791,6.547525525093079,115.07655773311853,7997.794117647059
1781168655,100,GET,/product/1YMWWN1N4O,0.800000,0.000000,38,38,59,60,93,93,93,93,93,93,93,39,0,34,35.84117817286498,5.8013396337628365,156.99385665357113,8035.461538461538
1781168655,100,GET,/product/2ZYFJ3GM2N,0.100000,0.000000,54,54,54,54,54,54,54,54,54,54,54,30,0,43,47.20098792264859,6.49584922939539,167.3695109784603,8021.733333333334
1781168655,100,GET,/product/66VCHSJNUP,0.600000,0.000000,57,57,87,87,93,93,93,93,93,93,93,53,0,43,45.496316011643636,6.301384419202805,195.95273863524199,7980.584905660377
1781168655,100,GET,/product/6E92ZMYYFZ,0.800000,0.000000,9,9,39,44,54,54,54,54,54,54,54,39,0,11,31.14858768784847,7.0009371265769005,119.6466600522399,7985.948717948718
1781168655,100,GET,/product/9SIQT8TOJO,0.800000,0.000000,8,9,56,56,77,77,77,77,77,77,77,39,0,29,38.81526549752706,6.491026841104031,195.47508843243122,8019.384615384615
1781168655,100,GET,/product/L9ECAV7KIM,1.100000,0.000000,44,48,54,54,58,58,58,58,58,58,58,46,0,40,40.35118779005564,6.390640512108803,119.87675819545984,8005.173913043478
1781168655,100,GET,/product/LS4PSXUNUM,1.000000,0.000000,8,8,60,78,86,86,86,86,86,86,86,45,0,11,29.579851424528492,6.203328259289265,97.06859663128853,7986.333333333333
1781168655,100,GET,/product/OLJCESPC7Z,0.800000,0.000000,7,9,36,36,54,54,54,54,54,54,54,38,0,36,40.77624473230619,6.530976854264736,163.45082502812147,8011.684210526316
1781168655,100,,Aggregated,54.600000,0.000000,20,37,45,53,70,86,100,120,160,160,160,2975,0,33,56.06809575736773,5.8013396337628365,1093.2018477469683,10670.670252100841
1781168656,100,GET,/,41.300000,0.000000,20,34,44,53,72,84,100,110,160,160,160,2274,0,31,58.33202900189706,6.4099496230483055,1093.2018477469683,10543.822779243623
1781168656,100,POST,/cart,4.200000,0.000000,26,45,64,69,81,100,130,130,130,130,130,263,0,40,57.577002446517746,9.803581051528454,989.3006635829806,17364.84410646388
1781168656,100,POST,/cart/checkout,2.200000,0.000000,17,31,33,45,54,55,79,79,79,79,79,126,0,33,52.12420780241253,10.677888058125973,652.973567135632,6805.873015873016
1781168656,100,GET,/product/0PUK6V6EV0,0.700000,0.000000,45,45,54,54,60,60,60,60,60,60,60,34,0,40,42.11751456536791,6.547525525093079,115.07655773311853,7997.794117647059
1781168656,100,GET,/product/1YMWWN1N4O,0.700000,0.000000,38,38,44,59,60,60,60,60,60,60,60,40,0,34,36.04230487253517,5.8013396337628365,156.99385665357113,8034.375
1781168656,100,GET,/product/2ZYFJ3GM2N,0.100000,0.000000,7,7,54,54,54,54,54,54,54,54,54,31,0,43,45.90336972426984,6.49584922939539,167.3695109784603,8020.451612903225
1781168656,100,GET,/product/66VCHSJNUP,0.500000,0.000000,53,57,87,87,93,93,93,93,93,93,93,54,0,42,44.78986733765514,6.301384419202805,195.95273863524199,7979.537037037037
1781168656,100,GET,/product/6E92ZMYYFZ,0.700000,0.000000,9,9,39,44,54,54,54,54,54,54,54,39,0,11,31.14858768784847,7.0009371265769005,119.6466600522399,7985.948717948718
1781168656,100,GET,/product/9SIQT8TOJO,0.700000,0.000000,9,39,56,59,77,77,77,77,77,77,77,41,0,32,39.32912356969787,6.491026841104031,195.47508843243122,8021.073170731707
1781168656,100,GET,/product/L9ECAV7KIM,0.900000,0.000000,41,48,54,54,56,58,58,58,58,58,58,49,0,40,40.43970129699731,6.390640512108803,119.87675819545984,8003.65306122449
1781168656,100,GET,/product/LS4PSXUNUM,1.000000,0.000000,8,44,60,78,86,86,86,86,86,86,86,46,0,11,29.897117177429408,6.203328259289265,97.06859663128853,7987.45652173913
1781168656,100,GET,/product/OLJCESPC7Z,0.800000,0.000000,7,7,9,9,54,54,54,54,54,54,54,38,0,36,40.77624473230619,6.530976854264736,163.45082502812147,8011.684210526316
1781168656,100,,Aggregated,53.800000,0.000000,20,37,45,54,70,82,99,100,160,160,160,3035,0,33,55.619894498974524,5.8013396337628365,1093.2018477469683,10668.315650741351
1781168657,100,GET,/,41.300000,0.000000,19,33,44,53,70,82,96,110,160,160,160,2310,0,31,57.82264788993896,6.4099496230483055,1093.2018477469683,10543.972294372294
1781168657,100,POST,/cart,4.200000,0.000000,22,38,51,64,74,81,100,100,100,100,100,270,0,38,56.50323629724207,9.803581051528454,989.3006635829806,17351.625925925928
1781168657,100,POST,/cart/checkout,2.200000,0.000000,18,32,39,45,54,55,79,79,79,79,79,129,0,33,51.58606044543806,10.677888058125973,652.973567135632,6805.852713178295
1781168657,100,GET,/product/0PUK6V6EV0,0.600000,0.000000,40,45,54,54,60,60,60,60,60,60,60,35,0,40,41.197277259613784,6.547525525093079,115.07655773311853,7999.2
1781168657,100,GET,/product/1YMWWN1N4O,0.700000,0.000000,38,38,44,59,60,60,60,60,60,60,60,41,0,34,35.450500004538675,5.8013396337628365,156.99385665357113,8035.073170731707
1781168657,100,GET,/product/2ZYFJ3GM2N,0.200000,0.000000,7,7,54,54,54,54,54,54,54,54,54,32,0,43,44.700571859721094,6.49584922939539,167.3695109784603,8019.25
1781168657,100,GET,/product/66VCHSJNUP,0.500000,0.000000,53,57,87,87,93,93,93,93,93,93,93,54,0,42,44.78986733765514,6.301384419202805,195.95273863524199,7979.537037037037
1781168657,100,GET,/product/6E92ZMYYFZ,0.800000,0.000000,9,9,39,44,54,54,54,54,54,54,54,39,0,11,31.14858768784847,7.0009371265769005,119.6466600522399,7985.948717948718
1781168657,100,GET,/product/9SIQT8TOJO,0.800000,0.000000,9,39,56,59,77,77,77,77,77,77,77,41,0,32,39.32912356969787,6.491026841104031,195.47508843243122,8021.073170731707
1781168657,100,GET,/product/L9ECAV7KIM,0.900000,0.000000,41,48,54,54,56,58,58,58,58,58,58,50,0,39,39.78246120736003,6.390640512108803,119.87675819545984,8004.6
1781168657,100,GET,/product/LS4PSXUNUM,0.900000,0.000000,44,44,60,60,86,86,86,86,86,86,86,46,0,11,29.897117177429408,6.203328259289265,97.06859663128853,7987.45652173913
1781168657,100,GET,/product/OLJCESPC7Z,0.800000,0.000000,7,9,9,54,54,54,54,54,54,54,54,38,0,36,40.77624473230619,6.530976854264736,163.45082502812147,8011.684210526316
1781168657,100,,Aggregated,53.900000,0.000000,19,36,45,54,69,82,92,100,160,160,160,3085,0,32,55.09446200973549,5.8013396337628365,1093.2018477469683,10673.842463533225
1781168658,100,GET,/,42.100000,0.000000,20,35,44,53,70,82,100,120,160,160,160,2357,0,31,57.44133051366284,6.4099496230483055,1093.2018477469683,10544.321595248197
1781168658,100,POST,/cart,4.500000,0.000000,24,42,47,59,74,81,100,100,100,100,100,272,0,38,56.30340535358033,9.803581051528454,989.3006635829806,17355.352941176472
1781168658,100,POST,/cart/checkout,2.200000,0.000000,31,37,50,54,58,65,79,79,79,79,79,131,0,35,51.74106874197494,10.677888058125973,652.973567135632,6806.007633587787
1781168658,100,GET,/product/0PUK6V6EV0,0.600000,0.000000,11,40,40,54,54,54,54,54,54,54,54,35,0,40,41.197277259613784,6.547525525093079,115.07655773311853,7999.2
1781168658,100,GET,/product/1YMWWN1N4O,0.900000,0.000000,12,38,44,59,60,60,60,60,60,60,60,42,0,28,34.79822057609757,5.8013396337628365,156.99385665357113,8035.119047619048
1781168658,100,GET,/product/2ZYFJ3GM2N,0.200000,0.000000,8,8,54,54,92,92,92,92,92,92,92,34,0,43,45.01733402995502,6.49584922939539,167.3695109784603,8018.264705882353
1781168658,100,GET,/product/66VCHSJNUP,0.400000,0.000000,41,57,57,87,87,87,87,87,87,87,87,54,0,42,44.78986733765514,6.301384419202805,195.95273863524199,7979.537037037037
1781168658,100,GET,/product/6E92ZMYYFZ,1.000000,0.000000,9,9,39,44,54,54,54,54,54,54,54,41,0,9,30.0102902167454,7.0009371265769005,119.6466600522399,7987.5609756097565
1781168658,100,GET,/product/9SIQT8TOJO,0.900000,0.000000,9,39,42,56,59,59,59,59,59,59,59,43,0,32,38.63113143936146,6.491026841104031,195.47508843243122,8024.186046511628
1781168658,100,GET,/product/L9ECAV7KIM,1.100000,0.000000,41,44,54,54,56,58,58,58,58,58,58,51,0,39,39.71093648350706,6.390640512108803,119.87675819545984,8004.921568627451
1781168658,100,GET,/product/LS4PSXUNUM,0.900000,0.000000,44,44,60,60,86,86,86,86,86,86,86,46,0,11,29.897117177429408,6.203328259289265,97.06859663128853,7987.45652173913
1781168658,100,GET,/product/OLJCESPC7Z,0.700000,0.000000,9,9,43,43,54,54,54,54,54,54,54,39,0,36,40.83648078048076,6.530976854264736,163.45082502812147,8013.846153846154
1781168658,100,,Aggregated,55.500000,0.000000,20,36,45,53,69,82,94,100,160,160,160,3145,0,32,54.75968295569118,5.8013396337628365,1093.2018477469683,10666.745945945946
1781168659,100,GET,/,41.800000,0.000000,20,35,44,52,68,82,99,110,160,160,160,2401,0,31,56.85405381588651,6.4099496230483055,1093.2018477469683,10544.418159100374
1781168659,100,POST,/cart,4.200000,0.000000,22,38,45,51,71,81,100,100,100,100,100,275,0,38,55.98756873810833,9.803581051528454,989.3006635829806,17360.876363636362
1781168659,100,POST,/cart/checkout,2.200000,0.000000,31,37,50,54,58,65,79,79,79,79,79,132,0,33,51.4391596979377,10.677888058125973,652.973567135632,6806.19696969697
1781168659,100,GET,/product/0PUK6V6EV0,0.600000,0.000000,39,39,40,40,54,54,54,54,54,54,54,36,0,39,41.12454314923121,6.547525525093079,115.07655773311853,8001.138888888889
1781168659,100,GET,/product/1YMWWN1N4O,1.000000,0.000000,18,38,59,59,60,91,91,91,91,91,91,44,0,28,35.70350807752799,5.8013396337628365,156.99385665357113,8035.113636363636
1781168659,100,GET,/product/2ZYFJ3GM2N,0.400000,0.000000,7,8,23,54,92,92,92,92,92,92,92,37,0,38,42.37894220529376,6.49584922939539,167.3695109784603,8015.324324324324
1781168659,100,GET,/product/66VCHSJNUP,0.500000,0.000000,41,41,57,57,87,87,87,87,87,87,87,55,0,42,44.687227583066985,6.301384419202805,195.95273863524199,7978.745454545455
1781168659,100,GET,/product/6E92ZMYYFZ,0.900000,0.000000,9,9,39,44,54,54,54,54,54,54,54,41,0,9,30.0102902167454,7.0009371265769005,119.6466600522399,7987.5609756097565
1781168659,100,GET,/product/9SIQT8TOJO,1.000000,0.000000,9,39,42,56,59,59,59,59,59,59,59,43,0,32,38.63113143936146,6.491026841104031,195.47508843243122,8024.186046511628
1781168659,100,GET,/product/L9ECAV7KIM,1.000000,0.000000,36,44,48,48,54,56,56,56,56,56,56,51,0,39,39.71093648350706,6.390640512108803,119.87675819545984,8004.921568627451
1781168659,100,GET,/product/LS4PSXUNUM,0.900000,0.000000,7,44,44,86,86,86,86,86,86,86,86,47,0,11,29.40133671732025,6.203328259289265,97.06859663128853,7986.893617021276
1781168659,100,GET,/product/OLJCESPC7Z,0.600000,0.000000,9,9,43,43,43,43,43,43,43,43,43,39,0,36,40.83648078048076,6.530976854264736,163.45082502812147,8013.846153846154
1781168659,100,,Aggregated,55.100000,0.000000,20,36,44,51,68,82,94,100,160,160,160,3201,0,32,54.25232548268977,5.8013396337628365,1093.2018477469683,10664.009996875977
1781168660,100,GET,/,42.100000,0.000000,22,37,46,54,70,82,99,120,160,160,160,2440,0,31,56.52259714237307,6.4099496230483055,1093.2018477469683,10544.677049180327
1781168660,100,POST,/cart,4.700000,0.000000,29,51,62,69,89,100,150,150,150,150,150,284,0,39,56.482609446672065,9.803581051528454,989.3006635829806,17407.320422535213
1781168660,100,POST,/cart/checkout,2.600000,0.000000,20,37,50,54,58,65,79,79,79,79,79,133,0,33,51.13598050311544,10.677888058125973,652.973567135632,6806.2406015037595
1781168660,100,GET,/product/0PUK6V6EV0,0.700000,0.000000,39,39,40,40,54,54,54,54,54,54,54,37,0,40,41.089374546867774,6.547525525093079,115.07655773311853,8001.513513513513
1781168660,100,GET,/product/1YMWWN1N4O,1.000000,0.000000,18,44,59,59,60,91,91,91,91,91,91,44,0,28,35.70350807752799,5.8013396337628365,156.99385665357113,8035.113636363636
1781168660,100,GET,/product/2ZYFJ3GM2N,0.600000,0.000000,7,23,54,54,91,92,92,92,92,92,92,39,0,38,42.726397609863525,6.49584922939539,167.3695109784603,8016.871794871795
1781168660,100,GET,/product/66VCHSJNUP,0.500000,0.000000,40,41,57,57,87,87,87,87,87,87,87,57,0,41,43.9402121527676,6.301384419202805,195.95273863524199,7978.9473684210525
1781168660,100,GET,/product/6E92ZMYYFZ,0.800000,0.000000,9,9,39,44,54,54,54,54,54,54,54,41,0,9,30.0102902167454,7.0009371265769005,119.6466600522399,7987.5609756097565
1781168660,100,GET,/product/9SIQT8TOJO,0.700000,0.000000,9,10,39,42,59,59,59,59,59,59,59,45,0,29,37.307868856522774,6.491026841104031,195.47508843243122,8027.155555555555
1781168660,100,GET,/product/L9ECAV7KIM,1.200000,0.000000,36,41,48,48,54,56,56,56,56,56,56,52,0,37,39.075421420140906,6.390640512108803,119.87675819545984,8005.038461538462
1781168660,100,GET,/product/LS4PSXUNUM,0.600000,0.000000,43,44,44,86,86,86,86,86,86,86,86,48,0,11,29.691028932575136,6.203328259289265,97.06859663128853,7986.0625
1781168660,100,GET,/product/OLJCESPC7Z,0.500000,0.000000,9,9,43,43,43,43,43,43,43,43,43,39,0,36,40.83648078048076,6.530976854264736,163.45082502812147,8013.846153846154
1781168660,100,,Aggregated,56.000000,0.000000,22,39,47,54,72,86,100,120,160,160,160,3259,0,32,53.99768529634154,5.8013396337628365,1093.2018477469683,10676.841055538509
1781168661,100,GET,/,41.400000,0.000000,20,34,44,49,68,79,91,98,130,130,130,2480,0,30,55.971886834219816,6.4099496230483055,1093.2018477469683,10544.837903225807
1781168661,100,POST,/cart,4.400000,0.000000,33,47,60,69,89,100,150,150,150,150,150,287,0,39,56.12981105580251,9.803581051528454,989.3006635829806,17417.132404181186
1781168661,100,POST,/cart/checkout,2.500000,0.000000,31,39,50,54,58,65,79,79,79,79,79,138,0,33,50.14868223688741,10.208231396973133,652.973567135632,6806.347826086957
1781168661,100,GET,/product/0PUK6V6EV0,0.500000,0.000000,40,54,55,55,57,57,57,57,57,57,57,40,0,40,41.701108240522444,6.547525525093079,115.07655773311853,8004.65
1781168661,100,GET,/product/1YMWWN1N4O,1.000000,0.000000,18,44,59,60,91,91,91,91,91,91,91,44,0,28,35.70350807752799,5.8013396337628365,156.99385665357113,8035.113636363636
1781168661,100,GET,/product/2ZYFJ3GM2N,0.800000,0.000000,7,23,56,56,91,92,92,92,92,92,92,40,0,38,43.06802828796208,6.49584922939539,167.3695109784603,8015.3
1781168661,100,GET,/product/66VCHSJNUP,0.600000,0.000000,40,41,57,57,87,87,87,87,87,87,87,57,0,41,43.9402121527676,6.301384419202805,195.95273863524199,7978.9473684210525
1781168661,100,GET,/product/6E92ZMYYFZ,1.000000,0.000000,9,9,39,44,54,54,54,54,54,54,54,41,0,9,30.0102902167454,7.0009371265769005,119.6466600522399,7987.5609756097565
1781168661,100,GET,/product/9SIQT8TOJO,0.900000,0.000000,10,39,42,42,57,59,59,59,59,59,59,48,0,26,36.81912459433079,6.491026841104031,195.47508843243122,8028.0
1781168661,100,GET,/product/L9ECAV7KIM,1.100000,0.000000,36,41,48,54,56,56,56,56,56,56,56,52,0,37,39.075421420140906,6.390640512108803,119.87675819545984,8005.038461538462
1781168661,100,GET,/product/LS4PSXUNUM,0.500000,0.000000,43,43,44,44,86,86,86,86,86,86,86,49,0,11,29.247257136264626,6.203328259289265,97.06859663128853,7985.34693877551
1781168661,100,GET,/product/OLJCESPC7Z,0.400000,0.000000,9,9,43,43,43,43,43,43,43,43,43,39,0,36,40.83648078048076,6.530976854264736,163.45082502812147,8013.846153846154
1781168661,100,,Aggregated,55.100000,0.000000,22,38,45,53,68,82,93,100,150,150,150,3315,0,31,53.50279496929315,5.8013396337628365,1093.2018477469683,10670.060935143289
1781168662,100,GET,/,42.500000,0.000000,22,35,45,52,70,80,93,100,130,130,130,2525,0,30,55.77427238779198,6.4099496230483055,1093.2018477469683,10545.079207920791
1781168662,100,POST,/cart,4.800000,0.000000,29,47,60,69,89,100,150,150,150,150,150,291,0,38,55.62367090232082,9.60880983620882,989.3006635829806,17403.986254295534
1781168662,100,POST,/cart/checkout,2.200000,0.000000,20,41,54,58,65,79,79,79,79,79,79,141,0,33,50.147154097650066,10.208231396973133,652.973567135632,6805.624113475177
1781168662,100,GET,/product/0PUK6V6EV0,0.600000,0.000000,39,40,55,55,57,57,57,57,57,57,57,40,0,40,41.701108240522444,6.547525525093079,115.07655773311853,8004.65
1781168662,100,GET,/product/1YMWWN1N4O,1.100000,0.000000,18,54,59,59,60,91,91,91,91,91,91,46,0,28,35.52682495311551,5.8013396337628365,156.99385665357113,8032.369565217391
1781168662,100,GET,/product/2ZYFJ3GM2N,1.000000,0.000000,7,23,56,56,91,92,92,92,92,92,92,40,0,38,43.06802828796208,6.49584922939539,167.3695109784603,8015.3
1781168662,100,GET,/product/66VCHSJNUP,0.700000,0.000000,19,39,40,41,57,57,57,57,57,57,57,59,0,40,42.70412537695493,6.301384419202805,195.95273863524199,7980.610169491525
1781168662,100,GET,/product/6E92ZMYYFZ,1.000000,0.000000,8,8,9,9,39,39,39,39,39,39,39,41,0,9,30.0102902167454,7.0009371265769005,119.6466600522399,7987.5609756097565
1781168662,100,GET,/product/9SIQT8TOJO,0.900000,0.000000,24,41,42,57,59,64,64,64,64,64,64,50,0,29,37.45246144011617,6.491026841104031,195.47508843243122,8029.8
1781168662,100,GET,/product/L9ECAV7KIM,1.100000,0.000000,36,41,48,54,56,56,56,56,56,56,56,52,0,37,39.075421420140906,6.390640512108803,119.87675819545984,8005.038461538462
1781168662,100,GET,/product/LS4PSXUNUM,0.600000,0.000000,43,44,56,86,95,95,95,95,95,95,95,52,0,11,30.6392485419145,6.203328259289265,97.06859663128853,7985.75
1781168662,100,GET,/product/OLJCESPC7Z,0.400000,0.000000,39,39,43,43,43,43,43,43,43,43,43,40,0,36,40.79369141254574,6.530976854264736,163.45082502812147,8015.7
1781168662,100,,Aggregated,56.900000,0.000000,23,38,46,54,70,82,94,100,150,150,150,3377,0,32,53.29931093016372,5.8013396337628365,1093.2018477469683,10664.124962984897
1781168663,100,GET,/,42.100000,0.000000,25,39,48,56,70,82,93,100,130,130,130,2572,0,30,55.37827619283372,6.4099496230483055,1093.2018477469683,10545.276049766719
1781168663,100,POST,/cart,4.800000,0.000000,37,55,69,71,90,100,150,150,150,150,150,293,0,39,55.67705730427654,9.60880983620882,989.3006635829806,17407.027303754265
1781168663,100,POST,/cart/checkout,2.200000,0.000000,31,41,55,58,65,79,79,79,79,79,79,141,0,33,50.147154097650066,10.208231396973133,652.973567135632,6805.624113475177
1781168663,100,GET,/product/0PUK6V6EV0,0.600000,0.000000,39,40,55,55,57,57,57,57,57,57,57,40,0,40,41.701108240522444,6.547525525093079,115.07655773311853,8004.65
1781168663,100,GET,/product/1YMWWN1N4O,1.100000,0.000000,18,44,54,59,60,91,91,91,91,91,91,50,0,19,33.594645503908396,5.8013396337628365,156.99385665357113,8035.26
1781168663,100,GET,/product/2ZYFJ3GM2N,1.000000,0.000000,8,9,56,56,91,92,92,92,92,92,92,41,0,38,42.2283046220134,6.49584922939539,167.3695109784603,8013.5609756097565
1781168663,100,GET,/product/66VCHSJNUP,0.800000,0.000000,19,39,40,40,57,57,57,57,57,57,57,59,0,40,42.70412537695493,6.301384419202805,195.95273863524199,7980.610169491525
1781168663,100,GET,/product/6E92ZMYYFZ,0.900000,0.000000,11,22,33,39,60,60,60,60,60,60,60,46,0,11,29.65432863034632,7.0009371265769005,119.6466600522399,7988.565217391304
1781168663,100,GET,/product/9SIQT8TOJO,1.100000,0.000000,41,57,59,64,89,90,90,90,90,90,90,52,0,32,39.446483205000945,6.491026841104031,195.47508843243122,8028.615384615385
1781168663,100,GET,/product/L9ECAV7KIM,1.000000,0.000000,36,41,56,56,67,67,67,67,67,67,67,53,0,39,39.60301704212742,6.390640512108803,119.87675819545984,8006.11320754717
1781168663,100,GET,/product/LS4PSXUNUM,0.500000,0.000000,43,44,56,56,95,95,95,95,95,95,95,52,0,11,30.6392485419145,6.203328259289265,97.06859663128853,7985.75
1781168663,100,GET,/product/OLJCESPC7Z,0.300000,0.000000,39,39,43,43,43,43,43,43,43,43,43,40,0,36,40.79369141254574,6.530976854264736,163.45082502812147,8015.7
1781168663,100,,Aggregated,56.400000,0.000000,25,40,50,57,71,84,94,100,150,150,150,3439,0,32,52.967431842110884,5.8013396337628365,1093.2018477469683,10656.829310846177
1781168664,100,GET,/,42.700000,0.000000,28,41,52,58,76,89,100,120,150,150,150,2617,0,30,55.237075856989655,6.4099496230483055,1093.2018477469683,10545.466946885746
1781168664,100,POST,/cart,4.300000,0.000000,42,59,69,71,89,100,150,150,150,150,150,300,0,39,55.44127483852208,9.60880983620882,989.3006635829806,17413.02
1781168664,100,POST,/cart/checkout,2.600000,0.000000,31,39,44,58,65,79,79,79,79,79,79,143,0,33,49.73598968211588,10.208231396973133,652.973567135632,6805.629370629371
1781168664,100,GET,/product/0PUK6V6EV0,0.800000,0.000000,39,40,55,55,57,57,57,57,57,57,57,40,0,40,41.701108240522444,6.547525525093079,115.07655773311853,8004.65
1781168664,100,GET,/product/1YMWWN1N4O,1.000000,0.000000,23,53,54,59,60,91,91,91,91,91,91,51,0,23,33.970321053821664,5.8013396337628365,156.99385665357113,8036.078431372549
1781168664,100,GET,/product/2ZYFJ3GM2N,1.100000,0.000000,8,9,56,56,91,92,92,92,92,92,92,41,0,38,42.2283046220134,6.49584922939539,167.3695109784603,8013.5609756097565
1781168664,100,GET,/product/66VCHSJNUP,0.800000,0.000000,8,39,39,40,57,57,57,57,57,57,57,61,0,39,42.066186223728735,6.301384419202805,195.95273863524199,7981.704918032787
1781168664,100,GET,/product/6E92ZMYYFZ,0.900000,0.000000,22,33,36,39,60,60,60,60,60,60,60,47,0,11,29.790373102940144,7.0009371265769005,119.6466600522399,7989.31914893617
1781168664,100,GET,/product/9SIQT8TOJO,1.300000,0.000000,41,57,59,64,89,90,90,90,90,90,90,52,0,32,39.446483205000945,6.491026841104031,195.47508843243122,8028.615384615385
1781168664,100,GET,/product/L9ECAV7KIM,1.000000,0.000000,36,41,56,56,67,67,67,67,67,67,67,53,0,39,39.60301704212742,6.390640512108803,119.87675819545984,8006.11320754717
1781168664,100,GET,/product/LS4PSXUNUM,0.700000,0.000000,44,56,95,95,97,97,97,97,97,97,97,53,0,15,31.883884484897244,6.203328259289265,97.06859663128853,7985.169811320755
1781168664,100,GET,/product/OLJCESPC7Z,0.400000,0.000000,43,43,97,97,97,97,97,97,97,97,97,41,0,37,42.16580883395381,6.530976854264736,163.45082502812147,8016.634146341464
1781168664,100,,Aggregated,57.600000,0.000000,29,43,54,59,77,90,100,120,150,150,150,3499,0,32,52.86280470190899,5.8013396337628365,1093.2018477469683,10662.837953701057
1781168665,100,GET,/,42.800000,0.000000,25,39,50,57,74,89,100,120,150,150,150,2653,0,30,54.71907342481155,6.4099496230483055,1093.2018477469683,10545.574820957407
1781168665,100,POST,/cart,4.300000,0.000000,24,52,62,69,89,100,150,150,150,150,150,305,0,38,54.813346535455985,9.60880983620882,989.3006635829806,17406.491803278688
1781168665,100,POST,/cart/checkout,2.500000,0.000000,31,41,58,58,79,79,79,79,79,79,79,143,0,33,49.73598968211588,10.208231396973133,652.973567135632,6805.629370629371
1781168665,100,GET,/product/0PUK6V6EV0,0.700000,0.000000,40,40,55,55,57,57,57,57,57,57,57,40,0,40,41.701108240522444,6.547525525093079,115.07655773311853,8004.65
1781168665,100,GET,/product/1YMWWN1N4O,1.100000,0.000000,12,23,53,53,54,91,91,91,91,91,91,51,0,23,33.970321053821664,5.8013396337628365,156.99385665357113,8036.078431372549
1781168665,100,GET,/product/2ZYFJ3GM2N,1.100000,0.000000,8,23,56,56,91,92,92,92,92,92,92,41,0,38,42.2283046220134,6.49584922939539,167.3695109784603,8013.5609756097565
1781168665,100,GET,/product/66VCHSJNUP,0.900000,0.000000,8,39,39,39,40,40,40,40,40,40,40,61,0,39,42.066186223728735,6.301384419202805,195.95273863524199,7981.704918032787
1781168665,100,GET,/product/6E92ZMYYFZ,0.800000,0.000000,11,33,36,36,39,60,60,60,60,60,60,48,0,11,29.337378956067067,7.0009371265769005,119.6466600522399,7989.875
1781168665,100,GET,/product/9SIQT8TOJO,1.400000,0.000000,42,57,64,64,89,90,90,90,90,90,90,52,0,32,39.446483205000945,6.491026841104031,195.47508843243122,8028.615384615385
1781168665,100,GET,/product/L9ECAV7KIM,0.800000,0.000000,36,41,56,56,67,67,67,67,67,67,67,53,0,39,39.60301704212742,6.390640512108803,119.87675819545984,8006.11320754717
1781168665,100,GET,/product/LS4PSXUNUM,0.700000,0.000000,44,56,95,95,97,97,97,97,97,97,97,53,0,15,31.883884484897244,6.203328259289265,97.06859663128853,7985.169811320755
1781168665,100,GET,/product/OLJCESPC7Z,0.300000,0.000000,43,43,97,97,97,97,97,97,97,97,97,42,0,36,41.33663244456763,6.530976854264736,163.45082502812147,8017.761904761905
1781168665,100,,Aggregated,57.400000,0.000000,25,40,53,58,76,90,100,120,150,150,150,3542,0,31,52.42301051003752,5.8013396337628365,1093.2018477469683,10669.211462450592
1781168666,100,GET,/,42.700000,0.000000,27,41,53,58,74,90,100,120,150,150,150,2700,0,30,54.40181318601525,6.4099496230483055,1093.2018477469683,10545.82
1781168666,100,POST,/cart,4.300000,0.000000,24,52,62,68,89,90,150,150,150,150,150,309,0,38,54.68836845076586,9.60880983620882,989.3006635829806,17421.766990291264
1781168666,100,POST,/cart/checkout,2.300000,0.000000,31,39,44,58,65,79,79,79,79,79,79,145,0,33,49.23099486221527,10.208231396973133,652.973567135632,6805.6551724137935
1781168666,100,GET,/product/0PUK6V6EV0,0.600000,0.000000,40,40,55,55,57,57,57,57,57,57,57,40,0,40,41.701108240522444,6.547525525093079,115.07655773311853,8004.65
1781168666,100,GET,/product/1YMWWN1N4O,1.400000,0.000000,9,23,53,53,54,91,91,91,91,91,91,52,0,19,33.444231161131306,5.8013396337628365,156.99385665357113,8037.0192307692305
1781168666,100,GET,/product/2ZYFJ3GM2N,1.200000,0.000000,9,23,56,91,92,92,92,92,92,92,92,41,0,38,42.2283046220134,6.49584922939539,167.3695109784603,8013.5609756097565
1781168666,100,GET,/product/66VCHSJNUP,0.900000,0.000000,8,39,39,40,43,43,43,43,43,43,43,62,0,39,42.0846730590828,6.301384419202805,195.95273863524199,7982.370967741936
1781168666,100,GET,/product/6E92ZMYYFZ,1.000000,0.000000,11,22,33,36,60,60,60,60,60,60,60,49,0,11,28.92016068252982,7.0009371265769005,119.6466600522399,7988.3877551020405
1781168666,100,GET,/product/9SIQT8TOJO,1.400000,0.000000,42,57,64,64,89,90,90,90,90,90,90,52,0,32,39.446483205000945,6.491026841104031,195.47508843243122,8028.615384615385
1781168666,100,GET,/product/L9ECAV7KIM,0.800000,0.000000,8,36,36,67,67,67,67,67,67,67,67,54,0,37,39.005667661075236,6.390640512108803,119.87675819545984,8006.907407407408
1781168666,100,GET,/product/LS4PSXUNUM,0.700000,0.000000,43,56,95,95,97,97,97,97,97,97,97,53,0,15,31.883884484897244,6.203328259289265,97.06859663128853,7985.169811320755
1781168666,100,GET,/product/OLJCESPC7Z,0.200000,0.000000,43,43,97,97,97,97,97,97,97,97,97,42,0,36,41.33663244456763,6.530976854264736,163.45082502812147,8017.761904761905
1781168666,100,,Aggregated,57.500000,0.000000,27,41,53,58,74,90,100,120,150,150,150,3599,0,31,52.14516414889911,5.8013396337628365,1093.2018477469683,10671.488191164211
1781168667,100,GET,/,43.000000,0.000000,28,43,55,61,76,90,100,120,150,150,150,2742,0,30,54.30981574239064,6.4099496230483055,1093.2018477469683,10546.109409190372
1781168667,100,POST,/cart,4.600000,0.000000,37,60,68,69,90,100,150,150,150,150,150,314,0,38,54.71675006293093,9.60880983620882,989.3006635829806,17419.617834394903
1781168667,100,POST,/cart/checkout,2.100000,0.000000,13,31,44,44,79,81,81,81,81,81,81,147,0,33,49.20523066301735,10.208231396973133,652.973567135632,6805.428571428572
1781168667,100,GET,/product/0PUK6V6EV0,0.600000,0.000000,55,57,75,75,100,100,100,100,100,100,100,42,0,40,43.88287246582054,6.547525525093079,115.07655773311853,8004.309523809524
1781168667,100,GET,/product/1YMWWN1N4O,1.400000,0.000000,18,39,53,54,91,99,99,99,99,99,99,55,0,23,34.299059550870545,5.8013396337628365,156.99385665357113,8037.145454545454
1781168667,100,GET,/product/2ZYFJ3GM2N,1.100000,0.000000,10,23,56,57,91,91,91,91,91,91,91,43,0,38,41.83023461942063,6.49584922939539,167.3695109784603,8013.558139534884
1781168667,100,GET,/product/66VCHSJNUP,0.900000,0.000000,39,39,40,40,43,43,43,43,43,43,43,62,0,39,42.0846730590828,6.301384419202805,195.95273863524199,7982.370967741936
1781168667,100,GET,/product/6E92ZMYYFZ,1.100000,0.000000,11,22,36,36,60,92,92,92,92,92,92,51,0,11,29.726462511747492,6.907165981829166,119.6466600522399,7989.862745098039
1781168667,100,GET,/product/9SIQT8TOJO,1.300000,0.000000,41,57,64,64,89,90,90,90,90,90,90,52,0,32,39.446483205000945,6.491026841104031,195.47508843243122,8028.615384615385
1781168667,100,GET,/product/L9ECAV7KIM,0.800000,0.000000,36,36,67,67,92,92,92,92,92,92,92,55,0,39,39.96243207630786,6.390640512108803,119.87675819545984,8008.109090909091
1781168667,100,GET,/product/LS4PSXUNUM,0.800000,0.000000,43,56,95,95,97,97,97,97,97,97,97,53,0,15,31.883884484897244,6.203328259289265,97.06859663128853,7985.169811320755
1781168667,100,GET,/product/OLJCESPC7Z,0.300000,0.000000,41,43,43,97,97,97,97,97,97,97,97,43,0,37,41.32961780699186,6.530976854264736,163.45082502812147,8019.023255813953
1781168667,100,,Aggregated,58.000000,0.000000,28,43,56,62,79,92,100,120,150,150,150,3659,0,31,52.11845910149655,5.8013396337628365,1093.2018477469683,10669.241049467068
1781168668,100,GET,/,42.400000,0.000000,25,43,53,60,75,90,100,120,150,150,150,2783,0,30,53.83753501470467,6.4099496230483055,1093.2018477469683,10546.279554437657
1781168668,100,POST,/cart,4.500000,0.000000,38,62,68,69,90,100,150,150,150,150,150,317,0,38,54.53081337341375,9.60880983620882,989.3006635829806,17437.34069400631
1781168668,100,POST,/cart/checkout,2.000000,0.000000,13,31,44,44,79,81,81,81,81,81,81,147,0,33,49.20523066301735,10.208231396973133,652.973567135632,6805.428571428572
1781168668,100,GET,/product/0PUK6V6EV0,0.600000,0.000000,55,57,75,75,100,100,100,100,100,100,100,42,0,40,43.88287246582054,6.547525525093079,115.07655773311853,8004.309523809524
1781168668,100,GET,/product/1YMWWN1N4O,1.100000,0.000000,18,39,53,54,91,99,99,99,99,99,99,55,0,23,34.299059550870545,5.8013396337628365,156.99385665357113,8037.145454545454
1781168668,100,GET,/product/2ZYFJ3GM2N,1.100000,0.000000,10,56,57,57,91,91,91,91,91,91,91,43,0,38,41.83023461942063,6.49584922939539,167.3695109784603,8013.558139534884
1781168668,100,GET,/product/66VCHSJNUP,0.900000,0.000000,8,39,40,40,43,43,43,43,43,43,43,62,0,39,42.0846730590828,6.301384419202805,195.95273863524199,7982.370967741936
1781168668,100,GET,/product/6E92ZMYYFZ,0.900000,0.000000,11,33,36,55,60,92,92,92,92,92,92,52,0,11,30.209751996713187,6.907165981829166,119.6466600522399,7990.615384615385
1781168668,100,GET,/product/9SIQT8TOJO,1.200000,0.000000,41,57,64,89,90,90,90,90,90,90,90,52,0,32,39.446483205000945,6.491026841104031,195.47508843243122,8028.615384615385
1781168668,100,GET,/product/L9ECAV7KIM,0.400000,0.000000,39,58,67,67,92,92,92,92,92,92,92,58,0,39,39.69117719680071,6.390640512108803,119.87675819545984,8009.810344827586
1781168668,100,GET,/product/LS4PSXUNUM,0.700000,0.000000,43,56,95,95,97,97,97,97,97,97,97,54,0,11,31.43639695244255,6.203328259289265,97.06859663128853,7985.962962962963
1781168668,100,GET,/product/OLJCESPC7Z,0.400000,0.000000,39,41,43,43,97,97,97,97,97,97,97,46,0,37,40.45331158229838,6.530976854264736,163.45082502812147,8020.021739130435
1781168668,100,,Aggregated,56.200000,0.000000,27,43,56,61,79,92,100,120,150,150,150,3711,0,31,51.72983177204003,5.8013396337628365,1093.2018477469683,10669.301266504985
1781168669,100,GET,/,43.200000,0.000000,28,44,57,63,79,95,110,120,150,150,150,2832,0,30,53.88662655111718,6.4099496230483055,1093.2018477469683,10546.656426553673
1781168669,100,POST,/cart,4.700000,0.000000,28,65,68,71,90,100,140,140,140,140,140,323,0,39,55.138809938018355,9.60880983620882,989.3006635829806,17449.66253869969
1781168669,100,POST,/cart/checkout,1.900000,0.000000,31,44,58,71,79,81,83,83,83,83,83,154,0,33,49.36184108184723,10.208231396973133,652.973567135632,6804.876623376624
1781168669,100,GET,/product/0PUK6V6EV0,0.700000,0.000000,55,57,75,75,100,100,100,100,100,100,100,43,0,40,43.03796333802301,6.547525525093079,115.07655773311853,8004.604651162791
1781168669,100,GET,/product/1YMWWN1N4O,1.300000,0.000000,18,39,53,54,91,99,99,99,99,99,99,55,0,23,34.299059550870545,5.8013396337628365,156.99385665357113,8037.145454545454
1781168669,100,GET,/product/2ZYFJ3GM2N,0.900000,0.000000,56,57,91,91,93,93,93,93,93,93,93,44,0,38,43.00396688367155,6.49584922939539,167.3695109784603,8014.454545454545
1781168669,100,GET,/product/66VCHSJNUP,0.800000,0.000000,39,43,62,62,64,64,64,64,64,64,64,64,0,40,42.73986445332412,6.301384419202805,195.95273863524199,7983.203125
1781168669,100,GET,/product/6E92ZMYYFZ,1.200000,0.000000,22,36,57,60,90,92,92,92,92,92,92,54,0,11,31.822720732263946,6.907165981829166,119.6466600522399,7991.777777777777
1781168669,100,GET,/product/9SIQT8TOJO,1.100000,0.000000,57,64,89,89,90,90,90,90,90,90,90,52,0,32,39.446483205000945,6.491026841104031,195.47508843243122,8028.615384615385
1781168669,100,GET,/product/L9ECAV7KIM,0.500000,0.000000,39,58,65,67,92,92,92,92,92,92,92,61,0,39,39.376797276686446,6.390640512108803,119.87675819545984,8007.4098360655735
1781168669,100,GET,/product/LS4PSXUNUM,0.700000,0.000000,38,43,56,95,97,97,97,97,97,97,97,56,0,11,31.10712643579713,6.203328259289265,97.06859663128853,7986.125
1781168669,100,GET,/product/OLJCESPC7Z,0.400000,0.000000,39,41,52,52,97,97,97,97,97,97,97,47,0,37,40.7081890573844,6.530976854264736,163.45082502812147,8021.340425531915
1781168669,100,,Aggregated,57.400000,0.000000,29,47,58,65,82,96,110,120,150,150,150,3785,0,32,51.83883876942068,5.8013396337628365,1093.2018477469683,10664.16036988111
1781168670,100,GET,/,43.100000,0.000000,29,45,57,63,79,95,110,120,150,150,150,2868,0,30,53.447549266096416,6.4099496230483055,1093.2018477469683,10546.772663877266
1781168670,100,POST,/cart,4.400000,0.000000,37,65,68,71,90,100,140,140,140,140,140,327,0,38,54.74155217933181,9.60880983620882,989.3006635829806,17472.29357798165
1781168670,100,POST,/cart/checkout,1.600000,0.000000,30,44,58,71,79,81,83,83,83,83,83,157,0,33,48.63348013015499,10.208231396973133,652.973567135632,6804.8152866242035
1781168670,100,GET,/product/0PUK6V6EV0,0.700000,0.000000,55,57,75,75,100,100,100,100,100,100,100,45,0,40,41.43294702387519,6.547525525093079,115.07655773311853,8003.7555555555555
1781168670,100,GET,/product/1YMWWN1N4O,1.300000,0.000000,9,23,53,53,54,99,99,99,99,99,99,56,0,19,33.81248362295862,5.8013396337628365,156.99385665357113,8036.339285714285
1781168670,100,GET,/product/2ZYFJ3GM2N,0.900000,0.000000,56,57,57,93,93,93,93,93,93,93,93,44,0,38,43.00396688367155,6.49584922939539,167.3695109784603,8014.454545454545
1781168670,100,GET,/product/66VCHSJNUP,0.800000,0.000000,8,39,43,62,64,64,64,64,64,64,64,65,0,40,42.201159708201885,6.301384419202805,195.95273863524199,7982.169230769231
1781168670,100,GET,/product/6E92ZMYYFZ,1.300000,0.000000,33,38,57,60,90,92,92,92,92,92,92,56,0,11,31.5084373245814,6.907165981829166,119.6466600522399,7992.571428571428
1781168670,100,GET,/product/9SIQT8TOJO,1.100000,0.000000,57,64,89,89,90,90,90,90,90,90,90,53,0,32,38.83809489110168,6.491026841104031,195.47508843243122,8027.358490566037
1781168670,100,GET,/product/L9ECAV7KIM,0.500000,0.000000,39,58,65,67,92,92,92,92,92,92,92,61,0,39,39.376797276686446,6.390640512108803,119.87675819545984,8007.4098360655735
1781168670,100,GET,/product/LS4PSXUNUM,0.700000,0.000000,9,38,56,95,97,97,97,97,97,97,97,57,0,11,30.695269979013684,6.203328259289265,97.06859663128853,7985.824561403509
1781168670,100,GET,/product/OLJCESPC7Z,0.500000,0.000000,39,41,52,52,97,97,97,97,97,97,97,47,0,37,40.7081890573844,6.530976854264736,163.45082502812147,8021.340425531915
1781168670,100,,Aggregated,56.900000,0.000000,30,46,58,65,81,96,110,120,150,150,150,3836,0,31,51.38283062797152,5.8013396337628365,1093.2018477469683,10663.530239833159
1781168671,100,GET,/,43.100000,0.000000,27,44,56,63,77,94,110,120,150,150,150,2911,0,30,53.12149733981954,6.4099496230483055,1093.2018477469683,10546.954998282377
1781168671,100,POST,/cart,4.700000,0.000000,37,65,69,71,90,100,140,140,140,140,140,332,0,38,54.59835925083383,9.60880983620882,989.3006635829806,17478.545180722893
1781168671,100,POST,/cart/checkout,1.800000,0.000000,28,31,44,71,81,83,83,83,83,83,83,158,0,32,48.4034531407907,10.208231396973133,652.973567135632,6804.778481012659
1781168671,100,GET,/product/0PUK6V6EV0,0.700000,0.000000,36,55,57,75,100,100,100,100,100,100,100,46,0,39,40.69206863641739,6.547525525093079,115.07655773311853,8004.152173913043
1781168671,100,GET,/product/1YMWWN1N4O,1.300000,0.000000,9,23,39,39,53,99,99,99,99,99,99,56,0,19,33.81248362295862,5.8013396337628365,156.99385665357113,8036.339285714285
1781168671,100,GET,/product/2ZYFJ3GM2N,0.700000,0.000000,57,57,58,58,93,93,93,93,93,93,93,45,0,43,43.330214834875534,6.49584922939539,167.3695109784603,8015.488888888889
1781168671,100,GET,/product/66VCHSJNUP,0.700000,0.000000,39,43,62,62,64,64,64,64,64,64,64,65,0,40,42.201159708201885,6.301384419202805,195.95273863524199,7982.169230769231
1781168671,100,GET,/product/6E92ZMYYFZ,1.100000,0.000000,36,55,58,58,90,92,92,92,92,92,92,57,0,16,31.967570580411376,6.907165981829166,119.6466600522399,7993.087719298245
1781168671,100,GET,/product/9SIQT8TOJO,0.900000,0.000000,89,89,90,90,90,90,90,90,90,90,90,53,0,32,38.83809489110168,6.491026841104031,195.47508843243122,8027.358490566037
1781168671,100,GET,/product/L9ECAV7KIM,0.900000,0.000000,39,58,65,67,92,92,92,92,92,92,92,61,0,39,39.376797276686446,6.390640512108803,119.87675819545984,8007.4098360655735
1781168671,100,GET,/product/LS4PSXUNUM,0.900000,0.000000,9,38,56,56,95,97,97,97,97,97,97,60,0,11,30.076707325254876,6.203328259289265,97.06859663128853,7985.5
1781168671,100,GET,/product/OLJCESPC7Z,0.800000,0.000000,38,39,41,52,97,97,97,97,97,97,97,48,0,37,40.00624032535901,6.530976854264736,163.45082502812147,8022.020833333333
1781168671,100,,Aggregated,57.600000,0.000000,27,44,58,65,80,95,110,120,150,150,150,3892,0,31,51.098871036439384,5.8013396337628365,1093.2018477469683,10665.898509763618
1781168672,100,GET,/,42.200000,0.000000,28,43,56,63,81,98,110,120,150,150,150,2956,0,30,52.86978912811993,6.4099496230483055,1093.2018477469683,10547.03856562923
1781168672,100,POST,/cart,4.200000,0.000000,38,65,69,77,98,120,140,140,140,140,140,332,0,38,54.59835925083383,9.60880983620882,989.3006635829806,17478.545180722893
1781168672,100,POST,/cart/checkout,2.500000,0.000000,28,41,63,71,81,83,83,83,83,83,83,161,0,32,48.227038645179746,10.208231396973133,652.973567135632,6804.8633540372675
1781168672,100,GET,/product/0PUK6V6EV0,0.800000,0.000000,36,57,61,61,75,100,100,100,100,100,100,48,0,39,40.422468193961926,6.547525525093079,115.07655773311853,8005.458333333333
1781168672,100,GET,/product/1YMWWN1N4O,1.100000,0.000000,23,41,43,43,53,99,99,99,99,99,99,58,0,23,34.09607307021988,5.8013396337628365,156.99385665357113,8035.413793103448
1781168672,100,GET,/product/2ZYFJ3GM2N,0.500000,0.000000,40,57,58,58,93,93,93,93,93,93,93,47,0,40,43.13930879010165,6.49584922939539,167.3695109784603,8015.702127659574
1781168672,100,GET,/product/66VCHSJNUP,0.800000,0.000000,43,43,62,62,64,64,64,64,64,64,64,65,0,40,42.201159708201885,6.301384419202805,195.95273863524199,7982.169230769231
1781168672,100,GET,/product/6E92ZMYYFZ,1.300000,0.000000,22,38,57,58,90,92,92,92,92,92,92,58,0,11,31.553164301118976,6.907165981829166,119.6466600522399,7993.689655172414
1781168672,100,GET,/product/9SIQT8TOJO,0.800000,0.000000,89,89,90,90,90,90,90,90,90,90,90,53,0,32,38.83809489110168,6.491026841104031,195.47508843243122,8027.358490566037
1781168672,100,GET,/product/L9ECAV7KIM,1.000000,0.000000,39,58,65,67,92,92,92,92,92,92,92,61,0,39,39.376797276686446,6.390640512108803,119.87675819545984,8007.4098360655735
1781168672,100,GET,/product/LS4PSXUNUM,0.800000,0.000000,9,38,39,39,97,97,97,97,97,97,97,60,0,11,30.076707325254876,6.203328259289265,97.06859663128853,7985.5
1781168672,100,GET,/product/OLJCESPC7Z,0.800000,0.000000,38,38,41,52,97,97,97,97,97,97,97,50,0,37,39.874908812344074,6.530976854264736,163.45082502812147,8021.6
1781168672,100,,Aggregated,56.800000,0.000000,28,43,58,65,81,97,110,120,150,150,150,3949,0,31,50.886708998259756,5.8013396337628365,1093.2018477469683,10655.646239554317
1781168673,100,GET,/,42.500000,0.000000,27,43,57,65,78,98,110,120,150,150,150,3000,0,30,52.55546281797191,6.4099496230483055,1093.2018477469683,10547.284666666666
1781168673,100,POST,/cart,4.400000,0.000000,28,65,69,77,98,120,140,140,140,140,140,336,0,38,54.266809366665605,9.60880983620882,989.3006635829806,17479.136904761905
1781168673,100,POST,/cart/checkout,2.100000,0.000000,28,41,63,70,72,81,83,83,83,83,83,163,0,32,48.133921992330826,10.208231396973133,652.973567135632,6804.871165644172
1781168673,100,GET,/product/0PUK6V6EV0,0.800000,0.000000,8,61,75,75,100,100,100,100,100,100,100,48,0,39,40.422468193961926,6.547525525093079,115.07655773311853,8005.458333333333
1781168673,100,GET,/product/1YMWWN1N4O,1.200000,0.000000,39,41,43,53,99,99,99,99,99,99,99,60,0,19,33.20756869701048,5.8013396337628365,156.99385665357113,8036.333333333333
1781168673,100,GET,/product/2ZYFJ3GM2N,0.500000,0.000000,40,57,58,58,93,93,93,93,93,93,93,48,0,38,42.40050909963126,6.49584922939539,167.3695109784603,8016.479166666667
1781168673,100,GET,/product/66VCHSJNUP,0.800000,0.000000,43,62,62,64,64,64,64,64,64,64,64,65,0,40,42.201159708201885,6.301384419202805,195.95273863524199,7982.169230769231
1781168673,100,GET,/product/6E92ZMYYFZ,1.500000,0.000000,36,55,57,58,90,92,92,92,92,92,92,59,0,11,31.15109251654249,6.907165981829166,119.6466600522399,7992.8983050847455
1781168673,100,GET,/product/9SIQT8TOJO,0.700000,0.000000,89,89,90,90,90,90,90,90,90,90,90,53,0,32,38.83809489110168,6.491026841104031,195.47508843243122,8027.358490566037
1781168673,100,GET,/product/L9ECAV7KIM,0.900000,0.000000,39,58,65,67,92,92,92,92,92,92,92,61,0,39,39.376797276686446,6.390640512108803,119.87675819545984,8007.4098360655735
1781168673,100,GET,/product/LS4PSXUNUM,1.000000,0.000000,8,9,38,39,97,97,97,97,97,97,97,61,0,11,29.70172154915626,6.203328259289265,97.06859663128853,7986.55737704918
1781168673,100,GET,/product/OLJCESPC7Z,0.900000,0.000000,38,38,41,52,97,97,97,97,97,97,97,50,0,37,39.874908812344074,6.530976854264736,163.45082502812147,8021.6
1781168673,100,,Aggregated,57.300000,0.000000,28,43,58,65,81,97,110,120,150,150,150,4004,0,31,50.58960206681057,5.8013396337628365,1093.2018477469683,10656.307442557443
1781168674,100,GET,/,42.700000,0.000000,25,43,55,63,76,93,100,110,120,120,120,3043,0,30,52.308704859215666,6.4099496230483055,1093.2018477469683,10547.392375944792
1781168674,100,POST,/cart,4.400000,0.000000,53,68,77,78,98,120,140,140,140,140,140,341,0,39,54.55485637138579,9.60880983620882,989.3006635829806,17476.844574780058
1781168674,100,POST,/cart/checkout,1.900000,0.000000,28,44,70,71,79,81,83,83,83,83,83,167,0,32,47.93108009850372,10.208231396973133,652.973567135632,6805.281437125748
1781168674,100,GET,/product/0PUK6V6EV0,0.700000,0.000000,8,61,75,75,100,100,100,100,100,100,100,48,0,39,40.422468193961926,6.547525525093079,115.07655773311853,8005.458333333333
1781168674,100,GET,/product/1YMWWN1N4O,1.100000,0.000000,39,41,43,53,99,99,99,99,99,99,99,60,0,19,33.20756869701048,5.8013396337628365,156.99385665357113,8036.333333333333
1781168674,100,GET,/product/2ZYFJ3GM2N,0.500000,0.000000,40,57,58,58,93,93,93,93,93,93,93,48,0,38,42.40050909963126,6.49584922939539,167.3695109784603,8016.479166666667
1781168674,100,GET,/product/66VCHSJNUP,0.800000,0.000000,43,62,62,64,64,64,64,64,64,64,64,66,0,39,42.03739518186811,6.301384419202805,195.95273863524199,7982.015151515152
1781168674,100,GET,/product/6E92ZMYYFZ,1.600000,0.000000,38,55,57,58,90,92,92,92,92,92,92,60,0,11,31.530775657544535,6.907165981829166,119.6466600522399,7991.433333333333
1781168674,100,GET,/product/9SIQT8TOJO,0.300000,0.000000,89,89,90,90,90,90,90,90,90,90,90,54,0,29,38.25308403207196,6.491026841104031,195.47508843243122,8026.7037037037035
1781168674,100,GET,/product/L9ECAV7KIM,0.900000,0.000000,39,58,65,65,92,92,92,92,92,92,92,61,0,39,39.376797276686446,6.390640512108803,119.87675819545984,8007.4098360655735
1781168674,100,GET,/product/LS4PSXUNUM,0.800000,0.000000,8,38,39,39,57,97,97,97,97,97,97,63,0,11,29.77481500674335,6.203328259289265,97.06859663128853,7987.68253968254
1781168674,100,GET,/product/OLJCESPC7Z,1.000000,0.000000,37,38,38,41,52,52,52,52,52,52,52,50,0,37,39.874908812344074,6.530976854264736,163.45082502812147,8021.6
1781168674,100,,Aggregated,56.700000,0.000000,27,43,58,65,78,93,100,120,140,140,140,4061,0,31,50.41974067882463,5.8013396337628365,1093.2018477469683,10656.373060822458
1781168675,100,GET,/,42.700000,0.000000,31,46,58,65,78,93,100,110,120,120,120,3086,0,30,52.17531722851402,6.4099496230483055,1093.2018477469683,10547.46889176928
1781168675,100,POST,/cart,4.100000,0.000000,55,68,75,77,98,120,140,140,140,140,140,345,0,39,54.511972816418044,9.60880983620882,989.3006635829806,17489.771014492755
1781168675,100,POST,/cart/checkout,2.000000,0.000000,41,63,71,72,81,83,88,88,88,88,88,171,0,33,48.46564415646227,10.208231396973133,652.973567135632,6805.222222222223
1781168675,100,GET,/product/0PUK6V6EV0,0.800000,0.000000,8,8,61,75,100,100,100,100,100,100,100,49,0,39,39.760705425727124,6.547525525093079,115.07655773311853,8006.469387755102
1781168675,100,GET,/product/1YMWWN1N4O,1.100000,0.000000,39,41,43,94,99,99,99,99,99,99,99,61,0,23,34.2122370560394,5.8013396337628365,156.99385665357113,8036.836065573771
1781168675,100,GET,/product/2ZYFJ3GM2N,0.800000,0.000000,43,57,58,58,93,93,93,93,93,93,93,49,0,40,42.41235884932839,6.49584922939539,167.3695109784603,8016.428571428572
1781168675,100,GET,/product/66VCHSJNUP,0.600000,0.000000,43,62,62,64,64,64,64,64,64,64,64,66,0,39,42.03739518186811,6.301384419202805,195.95273863524199,7982.015151515152
1781168675,100,GET,/product/6E92ZMYYFZ,1.600000,0.000000,54,55,58,58,90,92,92,92,92,92,92,60,0,11,31.530775657544535,6.907165981829166,119.6466600522399,7991.433333333333
1781168675,100,GET,/product/9SIQT8TOJO,0.100000,0.000000,58,58,89,89,90,90,90,90,90,90,90,56,0,32,38.651092160892276,6.491026841104031,195.47508843243122,8025.946428571428
1781168675,100,GET,/product/L9ECAV7KIM,0.800000,0.000000,25,39,58,65,92,92,92,92,92,92,92,63,0,37,38.365040728378865,6.390640512108803,119.87675819545984,8005.555555555556
1781168675,100,GET,/product/LS4PSXUNUM,0.900000,0.000000,9,38,56,56,57,97,97,97,97,97,97,64,0,11,30.185738520231098,6.203328259289265,97.06859663128853,7988.34375
1781168675,100,GET,/product/OLJCESPC7Z,1.000000,0.000000,36,38,41,52,58,96,96,96,96,96,96,56,0,36,39.85219119515802,6.530976854264736,163.45082502812147,8021.464285714285
1781168675,100,,Aggregated,56.500000,0.000000,31,49,60,66,79,94,100,120,140,140,140,4126,0,31,50.322853773651744,5.8013396337628365,1093.2018477469683,10650.285991274843
1781168676,100,GET,/,42.800000,0.000000,25,42,50,58,74,85,98,100,120,120,120,3126,0,30,51.736751642800336,6.4099496230483055,1093.2018477469683,10547.532629558542
1781168676,100,POST,/cart,4.000000,0.000000,53,65,75,77,91,120,140,140,140,140,140,349,0,39,54.25148989396826,9.60880983620882,989.3006635829806,17502.438395415473
1781168676,100,POST,/cart/checkout,2.100000,0.000000,41,63,70,71,79,83,88,88,88,88,88,173,0,33,48.35041431505556,10.208231396973133,652.973567135632,6805.329479768786
1781168676,100,GET,/product/0PUK6V6EV0,0.800000,0.000000,8,8,61,61,75,75,75,75,75,75,75,49,0,39,39.760705425727124,6.547525525093079,115.07655773311853,8006.469387755102
1781168676,100,GET,/product/1YMWWN1N4O,1.000000,0.000000,9,41,43,43,94,94,94,94,94,94,94,61,0,23,34.2122370560394,5.8013396337628365,156.99385665357113,8036.836065573771
1781168676,100,GET,/product/2ZYFJ3GM2N,0.700000,0.000000,43,57,58,58,93,93,93,93,93,93,93,49,0,40,42.41235884932839,6.49584922939539,167.3695109784603,8016.428571428572
1781168676,100,GET,/product/66VCHSJNUP,0.600000,0.000000,43,62,62,64,64,64,64,64,64,64,64,66,0,39,42.03739518186811,6.301384419202805,195.95273863524199,7982.015151515152
1781168676,100,GET,/product/6E92ZMYYFZ,1.300000,0.000000,54,55,57,58,90,90,90,90,90,90,90,61,0,11,31.124024743550137,6.718969903886318,119.6466600522399,7990.147540983607
1781168676,100,GET,/product/9SIQT8TOJO,0.200000,0.000000,27,41,55,55,58,58,58,58,58,58,58,59,0,32,38.18999462903051,6.491026841104031,195.47508843243122,8025.423728813559
1781168676,100,GET,/product/L9ECAV7KIM,0.800000,0.000000,25,39,58,65,92,92,92,92,92,92,92,63,0,37,38.365040728378865,6.390640512108803,119.87675819545984,8005.555555555556
1781168676,100,GET,/product/LS4PSXUNUM,1.000000,0.000000,8,38,39,39,56,57,57,57,57,57,57,64,0,11,30.185738520231098,6.203328259289265,97.06859663128853,7988.34375
1781168676,100,GET,/product/OLJCESPC7Z,1.000000,0.000000,37,38,52,52,58,96,96,96,96,96,96,58,0,36,39.62622541163502,6.530976854264736,163.45082502812147,8022.258620689655
1781168676,100,,Aggregated,56.300000,0.000000,27,43,55,61,75,88,98,110,140,140,140,4178,0,31,49.955565599406334,5.8013396337628365,1093.2018477469683,10651.325035902346
1781168677,100,GET,/,42.600000,0.000000,25,43,53,60,76,89,100,110,140,140,140,3175,0,30,51.56351410233834,6.4099496230483055,1093.2018477469683,10547.68188976378
1781168677,100,POST,/cart,4.000000,0.000000,58,74,78,80,98,120,140,140,140,140,140,355,0,40,54.621880934376954,9.60880983620882,989.3006635829806,17500.459154929576
1781168677,100,POST,/cart/checkout,2.600000,0.000000,44,69,71,74,87,88,88,88,88,88,88,176,0,33,48.70669144756076,10.208231396973133,652.973567135632,6805.528409090909
1781168677,100,GET,/product/0PUK6V6EV0,0.800000,0.000000,7,8,8,61,75,75,75,75,75,75,75,50,0,37,39.096747785806656,6.547525525093079,115.07655773311853,8005.18
1781168677,100,GET,/product/1YMWWN1N4O,0.900000,0.000000,9,41,43,43,94,94,94,94,94,94,94,61,0,23,34.2122370560394,5.8013396337628365,156.99385665357113,8036.836065573771
1781168677,100,GET,/product/2ZYFJ3GM2N,0.800000,0.000000,40,43,57,58,93,93,93,93,93,93,93,50,0,38,41.73607263714075,6.49584922939539,167.3695109784603,8017.44
1781168677,100,GET,/product/66VCHSJNUP,0.500000,0.000000,43,43,62,62,64,64,64,64,64,64,64,68,0,40,42.02385417952695,6.301384419202805,195.95273863524199,7983.558823529412
1781168677,100,GET,/product/6E92ZMYYFZ,1.200000,0.000000,54,55,57,58,90,90,90,90,90,90,90,61,0,11,31.124024743550137,6.718969903886318,119.6466600522399,7990.147540983607
1781168677,100,GET,/product/9SIQT8TOJO,0.300000,0.000000,27,41,55,55,58,58,58,58,58,58,58,59,0,32,38.18999462903051,6.491026841104031,195.47508843243122,8025.423728813559
1781168677,100,GET,/product/L9ECAV7KIM,0.900000,0.000000,9,25,58,58,65,65,65,65,65,65,65,63,0,37,38.365040728378865,6.390640512108803,119.87675819545984,8005.555555555556
1781168677,100,GET,/product/LS4PSXUNUM,1.100000,0.000000,9,39,39,56,57,57,57,57,57,57,57,66,0,11,30.725063276336048,6.203328259289265,97.06859663128853,7989.5
1781168677,100,GET,/product/OLJCESPC7Z,0.900000,0.000000,37,38,52,52,58,96,96,96,96,96,96,59,0,37,39.67811020438449,6.530976854264736,163.45082502812147,8023.677966101695
1781168677,100,,Aggregated,56.600000,0.000000,28,44,57,62,78,91,100,120,140,140,140,4243,0,31,49.87064522833524,5.8013396337628365,1093.2018477469683,10652.731322177704
1781168678,100,GET,/,42.600000,0.000000,26,43,53,61,79,96,110,120,160,160,160,3215,0,30,51.47025920595527,6.4099496230483055,1093.2018477469683,10547.685225505444
1781168678,100,POST,/cart,4.300000,0.000000,44,68,74,77,83,100,100,100,100,100,100,359,0,39,54.4539283867666,9.60880983620882,989.3006635829806,17516.554317548747
1781168678,100,POST,/cart/checkout,2.700000,0.000000,33,63,70,74,88,88,160,160,160,160,160,180,0,33,48.71845164646705,10.208231396973133,652.973567135632,6805.6
1781168678,100,GET,/product/0PUK6V6EV0,0.900000,0.000000,7,8,8,8,61,61,61,61,61,61,61,50,0,37,39.096747785806656,6.547525525093079,115.07655773311853,8005.18
1781168678,100,GET,/product/1YMWWN1N4O,1.000000,0.000000,41,41,43,43,94,94,94,94,94,94,94,61,0,23,34.2122370560394,5.8013396337628365,156.99385665357113,8036.836065573771
1781168678,100,GET,/product/2ZYFJ3GM2N,0.800000,0.000000,38,40,43,58,93,93,93,93,93,93,93,52,0,38,40.38666421547532,5.931057035923004,167.3695109784603,8015.961538461538
1781168678,100,GET,/product/66VCHSJNUP,0.400000,0.000000,43,62,62,62,64,64,64,64,64,64,64,69,0,40,42.31122036235056,6.301384419202805,195.95273863524199,7983.898550724638
1781168678,100,GET,/product/6E92ZMYYFZ,1.200000,0.000000,20,54,57,57,58,90,90,90,90,90,90,63,0,11,30.56875060475062,6.718969903886318,119.6466600522399,7989.68253968254
1781168678,100,GET,/product/9SIQT8TOJO,0.600000,0.000000,41,55,58,58,67,67,67,67,67,67,67,60,0,32,38.668206272025905,6.491026841104031,195.47508843243122,8025.75
1781168678,100,GET,/product/L9ECAV7KIM,1.000000,0.000000,29,39,39,65,65,65,65,65,65,65,65,65,0,37,38.240435905754566,6.390640512108803,119.87675819545984,8007.569230769231
1781168678,100,GET,/product/LS4PSXUNUM,1.100000,0.000000,9,39,39,56,57,57,57,57,57,57,57,66,0,11,30.725063276336048,6.203328259289265,97.06859663128853,7989.5
1781168678,100,GET,/product/OLJCESPC7Z,1.400000,0.000000,37,38,52,52,58,96,96,96,96,96,96,59,0,37,39.67811020438449,6.530976854264736,163.45082502812147,8023.677966101695
1781168678,100,,Aggregated,58.000000,0.000000,28,43,57,62,79,94,110,120,160,160,160,4299,0,31,49.769003071613604,5.8013396337628365,1093.2018477469683,10650.98278669458
1781168679,100,GET,/,42.100000,0.000000,26,43,53,61,80,99,110,130,160,160,160,3263,0,30,51.40703306523407,6.4099496230483055,1093.2018477469683,10547.705792215753
1781168679,100,POST,/cart,4.100000,0.000000,58,74,76,79,84,100,100,100,100,100,100,362,0,40,54.60818216091444,9.60880983620882,989.3006635829806,17531.419889502762
1781168679,100,POST,/cart/checkout,2.900000,0.000000,28,56,69,71,87,88,160,160,160,160,160,184,0,32,47.94895648956299,10.208231396973133,652.973567135632,6805.663043478261
1781168679,100,GET,/product/0PUK6V6EV0,0.900000,0.000000,7,8,8,8,61,61,61,61,61,61,61,52,0,36,37.8880390467552,6.547525525093079,115.07655773311853,8004.423076923077
1781168679,100,GET,/product/1YMWWN1N4O,0.700000,0.000000,8,41,43,43,94,94,94,94,94,94,94,62,0,19,33.77724483969711,5.8013396337628365,156.99385665357113,8037.0
1781168679,100,GET,/product/2ZYFJ3GM2N,0.800000,0.000000,40,43,57,57,58,93,93,93,93,93,93,55,0,38,40.659969283098526,5.931057035923004,167.3695109784603,8018.309090909091
1781168679,100,GET,/product/66VCHSJNUP,0.500000,0.000000,40,43,43,62,62,62,62,62,62,62,62,69,0,40,42.31122036235056,6.301384419202805,195.95273863524199,7983.898550724638
1781168679,100,GET,/product/6E92ZMYYFZ,1.000000,0.000000,20,54,56,56,58,59,59,59,59,59,59,65,0,16,31.4008920525129,6.718969903886318,119.6466600522399,7989.784615384616
1781168679,100,GET,/product/9SIQT8TOJO,0.700000,0.000000,41,55,58,58,67,67,67,67,67,67,67,60,0,32,38.668206272025905,6.491026841104031,195.47508843243122,8025.75
1781168679,100,GET,/product/L9ECAV7KIM,0.900000,0.000000,29,29,39,39,65,65,65,65,65,65,65,66,0,36,37.80223019985539,6.390640512108803,119.87675819545984,8006.575757575758
1781168679,100,GET,/product/LS4PSXUNUM,1.200000,0.000000,39,43,56,56,57,57,57,57,57,57,57,67,0,15,30.9107811398693,6.203328259289265,97.06859663128853,7989.985074626866
1781168679,100,GET,/product/OLJCESPC7Z,1.600000,0.000000,36,43,58,58,58,96,96,96,96,96,96,60,0,37,39.9777981142203,6.530976854264736,163.45082502812147,8024.816666666667
1781168679,100,,Aggregated,57.400000,0.000000,28,43,57,61,79,94,110,130,160,160,160,4365,0,31,49.685646352899035,5.8013396337628365,1093.2018477469683,10645.666208476518
1781168680,100,GET,/,43.000000,0.000000,29,46,60,66,85,99,120,140,160,160,160,3310,0,30,51.40631709788051,6.4099496230483055,1093.2018477469683,10547.79486404834
1781168680,100,POST,/cart,4.100000,0.000000,59,76,80,82,91,100,130,130,130,130,130,365,0,40,54.77455047865028,9.60880983620882,989.3006635829806,17530.28219178082
1781168680,100,POST,/cart/checkout,3.000000,0.000000,33,66,74,79,88,88,160,160,160,160,160,185,0,33,48.11613926714337,10.208231396973133,652.973567135632,6805.6702702702705
1781168680,100,GET,/product/0PUK6V6EV0,0.800000,0.000000,8,8,41,41,61,61,61,61,61,61,61,53,0,37,37.95559291358826,6.547525525093079,115.07655773311853,8005.7169811320755
1781168680,100,GET,/product/1YMWWN1N4O,0.600000,0.000000,41,42,43,43,94,94,94,94,94,94,94,63,0,23,33.902612721754444,5.8013396337628365,156.99385665357113,8037.825396825397
1781168680,100,GET,/product/2ZYFJ3GM2N,0.700000,0.000000,43,57,58,60,96,97,97,97,97,97,97,59,0,43,43.17267256457422,5.931057035923004,167.3695109784603,8020.932203389831
1781168680,100,GET,/product/66VCHSJNUP,0.700000,0.000000,40,43,43,62,62,62,62,62,62,62,62,69,0,40,42.31122036235056,6.301384419202805,195.95273863524199,7983.898550724638
1781168680,100,GET,/product/6E92ZMYYFZ,0.900000,0.000000,20,54,56,56,58,59,59,59,59,59,59,67,0,16,31.23617102739526,6.718969903886318,119.6466600522399,7989.298507462687
1781168680,100,GET,/product/9SIQT8TOJO,0.800000,0.000000,41,55,58,58,67,95,95,95,95,95,95,63,0,37,39.29507507691308,6.491026841104031,195.47508843243122,8026.047619047619
1781168680,100,GET,/product/L9ECAV7KIM,0.800000,0.000000,39,43,58,62,65,65,65,65,65,65,65,69,0,39,38.5171394876164,6.390640512108803,119.87675819545984,8005.347826086957
1781168680,100,GET,/product/LS4PSXUNUM,1.300000,0.000000,43,54,56,57,57,57,57,57,57,57,57,68,0,15,31.249765210839755,6.203328259289265,97.06859663128853,7990.485294117647
1781168680,100,GET,/product/OLJCESPC7Z,1.600000,0.000000,38,58,58,58,62,96,96,96,96,96,96,61,0,37,40.33770622899298,6.530976854264736,163.45082502812147,8025.163934426229
1781168680,100,,Aggregated,58.300000,0.000000,32,51,60,66,84,98,110,140,160,160,160,4432,0,31,49.746155036766325,5.8013396337628365,1093.2018477469683,10638.942689530686
1781168681,100,GET,/,43.000000,0.000000,28,46,59,66,87,100,120,140,160,160,160,3341,0,30,51.131098588888996,6.4099496230483055,1093.2018477469683,10547.768632146064
1781168681,100,POST,/cart,3.800000,0.000000,58,75,79,82,91,100,130,130,130,130,130,369,0,39,54.3047177269651,9.60880983620882,989.3006635829806,17541.70460704607
1781168681,100,POST,/cart/checkout,3.100000,0.000000,33,66,74,79,88,88,160,160,160,160,160,187,0,32,47.83236284187452,10.208231396973133,652.973567135632,6805.625668449198
1781168681,100,GET,/product/0PUK6V6EV0,0.900000,0.000000,8,8,41,41,61,61,61,61,61,61,61,54,0,36,37.382849405899094,6.547525525093079,115.07655773311853,8005.12962962963
1781168681,100,GET,/product/1YMWWN1N4O,0.600000,0.000000,42,43,56,56,94,94,94,94,94,94,94,64,0,23,34.243458954733796,5.8013396337628365,156.99385665357113,8037.9375
1781168681,100,GET,/product/2ZYFJ3GM2N,1.100000,0.000000,40,43,58,60,96,97,97,97,97,97,97,60,0,40,43.124785367399454,5.931057035923004,167.3695109784603,8021.9
1781168681,100,GET,/product/66VCHSJNUP,0.700000,0.000000,40,43,43,62,62,62,62,62,62,62,62,70,0,40,41.829104056315764,6.301384419202805,195.95273863524199,7984.257142857143
1781168681,100,GET,/product/6E92ZMYYFZ,1.100000,0.000000,20,53,54,54,56,59,59,59,59,59,59,68,0,16,31.54926241704208,6.718969903886318,119.6466600522399,7989.89705882353
1781168681,100,GET,/product/9SIQT8TOJO,0.800000,0.000000,54,55,58,67,95,95,95,95,95,95,95,63,0,37,39.29507507691308,6.491026841104031,195.47508843243122,8026.047619047619
1781168681,100,GET,/product/L9ECAV7KIM,0.600000,0.000000,39,43,58,58,62,62,62,62,62,62,62,69,0,39,38.5171394876164,6.390640512108803,119.87675819545984,8005.347826086957
1781168681,100,GET,/product/LS4PSXUNUM,1.000000,0.000000,43,54,56,57,57,57,57,57,57,57,57,69,0,15,30.90271876072106,6.203328259289265,97.06859663128853,7991.347826086957
1781168681,100,GET,/product/OLJCESPC7Z,1.300000,0.000000,38,58,58,58,62,96,96,96,96,96,96,62,0,37,40.249289343914675,6.530976854264736,163.45082502812147,8025.951612903225
1781168681,100,,Aggregated,58.000000,0.000000,31,49,59,66,85,99,110,140,160,160,160,4476,0,31,49.473690450810714,5.8013396337628365,1093.2018477469683,10639.608579088472
1781168682,100,GET,/,43.100000,0.000000,28,44,57,63,83,99,120,140,160,160,160,3388,0,30,50.776078375364264,6.4099496230483055,1093.2018477469683,10547.775383707201
1781168682,100,POST,/cart,3.900000,0.000000,55,74,79,82,91,100,130,130,130,130,130,373,0,40,54.227126023205294,9.60880983620882,989.3006635829806,17537.595174262733
1781168682,100,POST,/cart/checkout,2.700000,0.000000,26,66,74,79,88,88,160,160,160,160,160,188,0,32,47.6466785977654,10.208231396973133,652.973567135632,6805.68085106383
1781168682,100,GET,/product/0PUK6V6EV0,0.800000,0.000000,8,9,41,41,61,61,61,61,61,61,61,55,0,36,36.87076118182052,6.547525525093079,115.07655773311853,8004.163636363636
1781168682,100,GET,/product/1YMWWN1N4O,0.700000,0.000000,42,42,56,56,94,94,94,94,94,94,94,64,0,23,34.243458954733796,5.8013396337628365,156.99385665357113,8037.9375
1781168682,100,GET,/product/2ZYFJ3GM2N,1.100000,0.000000,40,43,58,60,96,97,97,97,97,97,97,60,0,40,43.124785367399454,5.931057035923004,167.3695109784603,8021.9
1781168682,100,GET,/product/66VCHSJNUP,0.500000,0.000000,40,43,43,62,62,62,62,62,62,62,62,70,0,40,41.829104056315764,6.301384419202805,195.95273863524199,7984.257142857143
1781168682,100,GET,/product/6E92ZMYYFZ,1.200000,0.000000,20,52,53,54,56,59,59,59,59,59,59,70,0,17,31.65507304615208,6.718969903886318,119.6466600522399,7988.185714285714
1781168682,100,GET,/product/9SIQT8TOJO,0.900000,0.000000,41,55,58,58,67,95,95,95,95,95,95,64,0,32,38.827805808978155,6.491026841104031,195.47508843243122,8026.375
1781168682,100,GET,/product/L9ECAV7KIM,0.500000,0.000000,39,43,58,58,62,62,62,62,62,62,62,69,0,39,38.5171394876164,6.390640512108803,119.87675819545984,8005.347826086957
1781168682,100,GET,/product/LS4PSXUNUM,1.100000,0.000000,54,56,57,57,57,57,57,57,57,57,57,69,0,15,30.90271876072106,6.203328259289265,97.06859663128853,7991.347826086957
1781168682,100,GET,/product/OLJCESPC7Z,1.300000,0.000000,36,43,58,58,62,96,96,96,96,96,96,63,0,37,39.72601841780401,6.530976854264736,163.45082502812147,8025.3015873015875
1781168682,100,,Aggregated,57.800000,0.000000,31,49,58,64,83,96,110,140,160,160,160,4533,0,31,49.182040332521716,5.8013396337628365,1093.2018477469683,10640.624310611074
1781168683,100,GET,/,43.500000,0.000000,29,45,57,62,82,99,120,140,160,160,160,3433,0,30,50.594770854152905,6.4099496230483055,1093.2018477469683,10547.810661229245
1781168683,100,POST,/cart,3.700000,0.000000,54,73,76,79,84,100,130,130,130,130,130,383,0,39,53.757264920785126,9.60880983620882,989.3006635829806,17557.77545691906
1781168683,100,POST,/cart/checkout,2.800000,0.000000,26,66,74,79,88,88,160,160,160,160,160,191,0,32,47.408359154512745,10.208231396973133,652.973567135632,6805.476439790576
1781168683,100,GET,/product/0PUK6V6EV0,0.800000,0.000000,8,8,9,9,41,41,41,41,41,41,41,56,0,33,36.33768688554743,6.547525525093079,115.07655773311853,8005.071428571428
1781168683,100,GET,/product/1YMWWN1N4O,0.700000,0.000000,8,42,56,56,94,94,94,94,94,94,94,65,0,23,33.830804707339176,5.8013396337628365,156.99385665357113,8038.292307692308
1781168683,100,GET,/product/2ZYFJ3GM2N,1.500000,0.000000,43,57,60,60,96,97,97,97,97,97,97,60,0,40,43.124785367399454,5.931057035923004,167.3695109784603,8021.9
1781168683,100,GET,/product/66VCHSJNUP,0.400000,0.000000,40,40,43,43,62,62,62,62,62,62,62,71,0,40,41.341409034712214,6.301384419202805,195.95273863524199,7984.859154929577
1781168683,100,GET,/product/6E92ZMYYFZ,1.100000,0.000000,44,53,54,54,56,59,59,59,59,59,59,70,0,17,31.65507304615208,6.718969903886318,119.6466600522399,7988.185714285714
1781168683,100,GET,/product/9SIQT8TOJO,1.000000,0.000000,54,55,58,67,95,95,95,95,95,95,95,64,0,32,38.827805808978155,6.491026841104031,195.47508843243122,8026.375
1781168683,100,GET,/product/L9ECAV7KIM,0.800000,0.000000,29,39,43,58,62,62,62,62,62,62,62,70,0,37,38.07288842009647,6.390640512108803,119.87675819545984,8006.2
1781168683,100,GET,/product/LS4PSXUNUM,1.100000,0.000000,54,56,57,57,57,57,57,57,57,57,57,69,0,15,30.90271876072106,6.203328259289265,97.06859663128853,7991.347826086957
1781168683,100,GET,/product/OLJCESPC7Z,1.300000,0.000000,36,58,58,58,62,96,96,96,96,96,96,63,0,37,39.72601841780401,6.530976854264736,163.45082502812147,8025.3015873015875
1781168683,100,,Aggregated,58.700000,0.000000,32,49,58,63,82,96,110,140,160,160,160,4595,0,31,48.98661174532735,5.8013396337628365,1093.2018477469683,10651.667464635473
1781168684,100,GET,/,42.300000,0.000000,25,39,52,60,80,99,120,140,160,160,160,3469,0,29,50.24918096457359,6.4099496230483055,1093.2018477469683,10547.81810319977
1781168684,100,POST,/cart,4.000000,0.000000,38,59,74,76,83,100,130,130,130,130,130,385,0,39,53.607516053628615,9.60880983620882,989.3006635829806,17566.83116883117
1781168684,100,POST,/cart/checkout,2.800000,0.000000,17,33,66,71,87,88,160,160,160,160,160,195,0,31,46.764620723059544,10.208231396973133,652.973567135632,6805.48717948718
1781168684,100,GET,/product/0PUK6V6EV0,0.700000,0.000000,8,8,9,9,41,41,41,41,41,41,41,56,0,33,36.33768688554743,6.547525525093079,115.07655773311853,8005.071428571428
1781168684,100,GET,/product/1YMWWN1N4O,0.800000,0.000000,42,56,56,94,94,94,94,94,94,94,94,65,0,23,33.830804707339176,5.8013396337628365,156.99385665357113,8038.292307692308
1781168684,100,GET,/product/2ZYFJ3GM2N,1.500000,0.000000,43,57,58,60,96,97,97,97,97,97,97,61,0,40,42.957392719681145,5.931057035923004,167.3695109784603,8021.475409836065
1781168684,100,GET,/product/66VCHSJNUP,0.500000,0.000000,40,40,43,43,62,62,62,62,62,62,62,72,0,39,41.00974208106183,6.301384419202805,195.95273863524199,7985.5
1781168684,100,GET,/product/6E92ZMYYFZ,1.300000,0.000000,20,52,53,54,56,59,59,59,59,59,59,72,0,16,30.974074034020305,6.718969903886318,119.6466600522399,7986.541666666667
1781168684,100,GET,/product/9SIQT8TOJO,1.000000,0.000000,41,54,55,67,95,95,95,95,95,95,95,64,0,32,38.827805808978155,6.491026841104031,195.47508843243122,8026.375
1781168684,100,GET,/product/L9ECAV7KIM,0.800000,0.000000,39,43,58,62,83,83,83,83,83,83,83,71,0,39,38.706034080873074,6.390640512108803,119.87675819545984,8007.140845070423
1781168684,100,GET,/product/LS4PSXUNUM,0.900000,0.000000,43,54,56,57,57,57,57,57,57,57,57,71,0,11,30.221945002779993,6.203328259289265,97.06859663128853,7991.577464788732
1781168684,100,GET,/product/OLJCESPC7Z,1.300000,0.000000,36,58,58,58,62,96,96,96,96,96,96,63,0,37,39.72601841780401,6.530976854264736,163.45082502812147,8025.3015873015875
1781168684,100,,Aggregated,57.900000,0.000000,26,43,55,60,82,96,110,140,160,160,160,4644,0,31,48.6630398842677,5.8013396337628365,1093.2018477469683,10647.274332472007
1781168685,100,GET,/,43.300000,0.000000,24,37,49,58,80,99,120,140,160,160,160,3513,0,29,49.94785083856019,6.4099496230483055,1093.2018477469683,10547.840307429547
1781168685,100,POST,/cart,4.200000,0.000000,38,59,74,80,83,100,130,130,130,130,130,392,0,38,53.3677954511831,9.60880983620882,989.3006635829806,17561.448979591838
1781168685,100,POST,/cart/checkout,2.700000,0.000000,14,25,66,71,87,88,160,160,160,160,160,195,0,31,46.764620723059544,10.208231396973133,652.973567135632,6805.48717948718
1781168685,100,GET,/product/0PUK6V6EV0,0.800000,0.000000,8,9,41,41,43,43,43,43,43,43,43,57,0,36,36.46212092421034,6.547525525093079,115.07655773311853,8006.017543859649
1781168685,100,GET,/product/1YMWWN1N4O,0.600000,0.000000,42,43,56,56,94,94,94,94,94,94,94,67,0,28,34.033015648375695,5.8013396337628365,156.99385665357113,8038.179104477612
1781168685,100,GET,/product/2ZYFJ3GM2N,1.200000,0.000000,40,57,58,60,96,97,97,97,97,97,97,62,0,40,42.38653566027361,5.931057035923004,167.3695109784603,8022.467741935484
1781168685,100,GET,/product/66VCHSJNUP,0.500000,0.000000,40,40,43,43,62,62,62,62,62,62,62,72,0,39,41.00974208106183,6.301384419202805,195.95273863524199,7985.5
1781168685,100,GET,/product/6E92ZMYYFZ,1.100000,0.000000,20,44,53,53,56,59,59,59,59,59,59,72,0,16,30.974074034020305,6.718969903886318,119.6466600522399,7986.541666666667
1781168685,100,GET,/product/9SIQT8TOJO,1.100000,0.000000,54,67,93,93,95,95,95,95,95,95,95,65,0,37,39.667676933682884,6.491026841104031,195.47508843243122,8025.692307692308
1781168685,100,GET,/product/L9ECAV7KIM,0.800000,0.000000,39,43,58,62,83,83,83,83,83,83,83,72,0,39,38.710343095266985,6.390640512108803,119.87675819545984,8007.361111111111
1781168685,100,GET,/product/LS4PSXUNUM,0.800000,0.000000,39,43,54,54,57,57,57,57,57,57,57,71,0,11,30.221945002779993,6.203328259289265,97.06859663128853,7991.577464788732
1781168685,100,GET,/product/OLJCESPC7Z,1.300000,0.000000,43,58,58,58,62,62,62,62,62,62,62,63,0,37,39.72601841780401,6.530976854264736,163.45082502812147,8025.3015873015875
1781168685,100,,Aggregated,58.400000,0.000000,25,40,54,59,82,96,110,140,160,160,160,4701,0,30,48.4342630770334,5.8013396337628365,1093.2018477469683,10652.881940012763
1781168686,100,GET,/,43.000000,0.000000,25,37,49,58,80,92,110,130,160,160,160,3561,0,29,49.726409584438656,6.4099496230483055,1093.2018477469683,10547.783206964335
1781168686,100,POST,/cart,4.700000,0.000000,32,52,59,72,82,84,130,130,130,130,130,397,0,38,53.035392027151225,9.60880983620882,989.3006635829806,17583.37279596977
1781168686,100,POST,/cart/checkout,2.700000,0.000000,13,19,26,71,87,160,160,160,160,160,160,195,0,31,46.764620723059544,10.208231396973133,652.973567135632,6805.48717948718
1781168686,100,GET,/product/0PUK6V6EV0,0.800000,0.000000,8,8,9,41,43,43,43,43,43,43,43,58,0,33,35.96779313901889,6.547525525093079,115.07655773311853,8006.482758620689
1781168686,100,GET,/product/1YMWWN1N4O,0.500000,0.000000,43,46,56,56,94,94,94,94,94,94,94,68,0,28,34.202770151964884,5.8013396337628365,156.99385665357113,8039.117647058823
1781168686,100,GET,/product/2ZYFJ3GM2N,1.200000,0.000000,40,57,58,60,96,97,97,97,97,97,97,63,0,40,42.302096942587504,5.931057035923004,167.3695109784603,8021.476190476191
1781168686,100,GET,/product/66VCHSJNUP,0.600000,0.000000,17,17,43,43,62,62,62,62,62,62,62,73,0,39,40.54400317166766,6.301384419202805,195.95273863524199,7984.8493150684935
1781168686,100,GET,/product/6E92ZMYYFZ,1.200000,0.000000,20,44,53,53,56,59,59,59,59,59,59,72,0,16,30.974074034020305,6.718969903886318,119.6466600522399,7986.541666666667
1781168686,100,GET,/product/9SIQT8TOJO,1.000000,0.000000,54,67,93,93,95,95,95,95,95,95,95,66,0,32,39.2948149167227,6.491026841104031,195.47508843243122,8024.818181818182
1781168686,100,GET,/product/L9ECAV7KIM,1.000000,0.000000,39,43,58,62,83,83,83,83,83,83,83,72,0,39,38.710343095266985,6.390640512108803,119.87675819545984,8007.361111111111
1781168686,100,GET,/product/LS4PSXUNUM,0.700000,0.000000,43,54,57,57,83,83,83,83,83,83,83,72,0,11,30.955668137822713,6.203328259289265,97.06859663128853,7992.277777777777
1781168686,100,GET,/product/OLJCESPC7Z,1.300000,0.000000,43,43,58,58,62,62,62,62,62,62,62,64,0,37,39.74251156614628,6.530976854264736,163.45082502812147,8024.390625
1781168686,100,,Aggregated,58.700000,0.000000,25,41,53,58,80,92,110,130,160,160,160,4761,0,30,48.239786931577854,5.8013396337628365,1093.2018477469683,10656.96534341525
1781168687,100,GET,/,42.500000,0.000000,23,37,45,55,73,89,100,120,150,150,150,3601,0,29,49.44178416509822,6.4099496230483055,1093.2018477469683,10547.786170508192
1781168687,100,POST,/cart,4.500000,0.000000,27,51,58,71,78,82,130,130,130,130,130,401,0,38,52.967601235110564,9.60880983620882,989.3006635829806,17593.40897755611
1781168687,100,POST,/cart/checkout,2.600000,0.000000,13,14,19,25,71,79,79,79,79,79,79,196,0,31,46.58813185381646,10.208231396973133,652.973567135632,6805.438775510204
1781168687,100,GET,/product/0PUK6V6EV0,0.800000,0.000000,8,9,9,41,43,43,43,43,43,43,43,59,0,33,35.50649678997569,6.547525525093079,115.07655773311853,8005.6949152542375
1781168687,100,GET,/product/1YMWWN1N4O,0.600000,0.000000,42,43,46,46,56,56,56,56,56,56,56,68,0,28,34.202770151964884,5.8013396337628365,156.99385665357113,8039.117647058823
1781168687,100,GET,/product/2ZYFJ3GM2N,1.200000,0.000000,40,57,58,60,96,97,97,97,97,97,97,64,0,38,41.760287815122865,5.931057035923004,167.3695109784603,8021.140625
1781168687,100,GET,/product/66VCHSJNUP,0.600000,0.000000,17,17,43,43,62,62,62,62,62,62,62,73,0,39,40.54400317166766,6.301384419202805,195.95273863524199,7984.8493150684935
1781168687,100,GET,/product/6E92ZMYYFZ,1.200000,0.000000,20,52,53,53,56,59,59,59,59,59,59,72,0,16,30.974074034020305,6.718969903886318,119.6466600522399,7986.541666666667
1781168687,100,GET,/product/9SIQT8TOJO,0.900000,0.000000,54,67,93,93,95,95,95,95,95,95,95,67,0,32,38.82567392689968,6.491026841104031,195.47508843243122,8025.835820895522
1781168687,100,GET,/product/L9ECAV7KIM,0.900000,0.000000,39,43,58,62,83,83,83,83,83,83,83,73,0,39,38.28778829782793,6.390640512108803,119.87675819545984,8007.369863013699
1781168687,100,GET,/product/LS4PSXUNUM,0.700000,0.000000,43,54,57,57,83,83,83,83,83,83,83,73,0,15,31.03722222404529,6.203328259289265,97.06859663128853,7992.986301369863
1781168687,100,GET,/product/OLJCESPC7Z,1.300000,0.000000,41,58,58,62,62,62,62,62,62,62,62,64,0,37,39.74251156614628,6.530976854264736,163.45082502812147,8024.390625
1781168687,100,,Aggregated,57.800000,0.000000,23,37,46,55,73,87,100,120,150,150,150,4811,0,30,47.99415694069209,5.8013396337628365,1093.2018477469683,10659.113074204946
1781168688,100,GET,/,43.000000,0.000000,23,37,46,54,72,89,100,120,150,150,150,3639,0,29,49.16605186669397,6.4099496230483055,1093.2018477469683,10547.889530090684
1781168688,100,POST,/cart,4.400000,0.000000,32,52,57,68,76,80,130,130,130,130,130,405,0,38,52.88196364072738,9.60880983620882,989.3006635829806,17603.353086419753
1781168688,100,POST,/cart/checkout,2.400000,0.000000,14,26,26,39,79,79,79,79,79,79,79,201,0,31,46.33032812259684,10.208231396973133,652.973567135632,6805.154228855721
1781168688,100,GET,/product/0PUK6V6EV0,0.800000,0.000000,9,9,41,41,43,43,43,43,43,43,43,59,0,33,35.50649678997569,6.547525525093079,115.07655773311853,8005.6949152542375
1781168688,100,GET,/product/1YMWWN1N4O,0.700000,0.000000,42,43,46,46,56,56,56,56,56,56,56,69,0,28,33.80442232541416,5.8013396337628365,156.99385665357113,8038.260869565217
1781168688,100,GET,/product/2ZYFJ3GM2N,1.300000,0.000000,43,58,60,96,97,97,97,97,97,97,97,64,0,38,41.760287815122865,5.931057035923004,167.3695109784603,8021.140625
1781168688,100,GET,/product/66VCHSJNUP,0.700000,0.000000,17,17,43,43,62,62,62,62,62,62,62,73,0,39,40.54400317166766,6.301384419202805,195.95273863524199,7984.8493150684935
1781168688,100,GET,/product/6E92ZMYYFZ,1.200000,0.000000,44,52,53,56,59,59,59,59,59,59,59,72,0,16,30.974074034020305,6.718969903886318,119.6466600522399,7986.541666666667
1781168688,100,GET,/product/9SIQT8TOJO,0.700000,0.000000,15,54,93,93,95,95,95,95,95,95,95,67,0,32,38.82567392689968,6.491026841104031,195.47508843243122,8025.835820895522
1781168688,100,GET,/product/L9ECAV7KIM,0.900000,0.000000,39,43,58,62,83,83,83,83,83,83,83,73,0,39,38.28778829782793,6.390640512108803,119.87675819545984,8007.369863013699
1781168688,100,GET,/product/LS4PSXUNUM,0.800000,0.000000,37,43,54,54,83,83,83,83,83,83,83,73,0,15,31.03722222404529,6.203328259289265,97.06859663128853,7992.986301369863
1781168688,100,GET,/product/OLJCESPC7Z,0.700000,0.000000,41,58,58,62,62,62,62,62,62,62,62,64,0,37,39.74251156614628,6.530976854264736,163.45082502812147,8024.390625
1781168688,100,,Aggregated,57.600000,0.000000,24,40,48,55,72,87,100,120,150,150,150,4859,0,30,47.77532682952861,5.8013396337628365,1093.2018477469683,10660.328462646636
1781168689,100,GET,/,43.200000,0.000000,19,34,44,49,68,82,92,98,150,150,150,3676,0,29,48.87554337857321,6.4099496230483055,1093.2018477469683,10547.979325353645
1781168689,100,POST,/cart,4.400000,0.000000,32,52,56,58,73,80,130,130,130,130,130,409,0,38,52.63352222412752,9.60880983620882,989.3006635829806,17605.968215158926
1781168689,100,POST,/cart/checkout,2.000000,0.000000,17,26,26,39,79,79,79,79,79,79,79,202,0,30,46.153870826162915,10.208231396973133,652.973567135632,6805.193069306931
1781168689,100,GET,/product/0PUK6V6EV0,0.800000,0.000000,9,9,41,41,43,43,43,43,43,43,43,59,0,33,35.50649678997569,6.547525525093079,115.07655773311853,8005.6949152542375
1781168689,100,GET,/product/1YMWWN1N4O,0.700000,0.000000,42,43,46,46,56,56,56,56,56,56,56,69,0,28,33.80442232541416,5.8013396337628365,156.99385665357113,8038.260869565217
1781168689,100,GET,/product/2ZYFJ3GM2N,1.400000,0.000000,40,58,60,96,97,97,97,97,97,97,97,65,0,38,41.690890175791885,5.931057035923004,167.3695109784603,8020.292307692308
1781168689,100,GET,/product/66VCHSJNUP,0.600000,0.000000,7,9,9,17,17,17,17,17,17,17,17,74,0,39,40.093547349946725,6.301384419202805,195.95273863524199,7983.891891891892
1781168689,100,GET,/product/6E92ZMYYFZ,1.100000,0.000000,19,44,52,52,53,53,53,53,53,53,53,73,0,16,30.668298790409956,6.718969903886318,119.6466600522399,7987.273972602739
1781168689,100,GET,/product/9SIQT8TOJO,0.700000,0.000000,15,54,93,93,95,95,95,95,95,95,95,68,0,29,38.360829684225955,6.491026841104031,195.47508843243122,8024.926470588235
1781168689,100,GET,/product/L9ECAV7KIM,0.900000,0.000000,43,58,62,62,83,83,83,83,83,83,83,73,0,39,38.28778829782793,6.390640512108803,119.87675819545984,8007.369863013699
1781168689,100,GET,/product/LS4PSXUNUM,0.800000,0.000000,37,37,54,54,83,83,83,83,83,83,83,73,0,15,31.03722222404529,6.203328259289265,97.06859663128853,7992.986301369863
1781168689,100,GET,/product/OLJCESPC7Z,0.600000,0.000000,41,41,62,62,62,62,62,62,62,62,62,64,0,37,39.74251156614628,6.530976854264736,163.45082502812147,8024.390625
1781168689,100,,Aggregated,57.200000,0.000000,20,37,45,53,70,82,94,97,150,150,150,4905,0,30,47.517324670974574,5.8013396337628365,1093.2018477469683,10662.4501529052
1781168690,100,GET,/,41.600000,0.000000,18,34,42,48,64,74,85,90,97,97,97,3723,0,29,48.764051829486995,6.4099496230483055,1093.2018477469683,10547.911899006178
1781168690,100,POST,/cart,4.600000,0.000000,32,52,56,58,72,73,80,80,80,80,80,414,0,38,52.49218901412355,9.60880983620882,989.3006635829806,17619.671497584543
1781168690,100,POST,/cart/checkout,1.900000,0.000000,25,26,39,48,71,79,79,79,79,79,79,205,0,31,46.21726455303227,10.208231396973133,652.973567135632,6805.4390243902435
1781168690,100,GET,/product/0PUK6V6EV0,0.900000,0.000000,9,9,9,9,43,43,43,43,43,43,43,59,0,33,35.50649678997569,6.547525525093079,115.07655773311853,8005.6949152542375
1781168690,100,GET,/product/1YMWWN1N4O,0.700000,0.000000,38,43,46,46,56,56,56,56,56,56,56,70,0,28,33.815701132906334,5.8013396337628365,156.99385665357113,8038.814285714286
1781168690,100,GET,/product/2ZYFJ3GM2N,1.400000,0.000000,37,37,40,40,46,46,46,46,46,46,46,66,0,38,41.750229203678444,5.931057035923004,167.3695109784603,8020.909090909091
1781168690,100,GET,/product/66VCHSJNUP,0.400000,0.000000,9,9,17,17,62,62,62,62,62,62,62,75,0,39,40.38991969078779,6.301384419202805,195.95273863524199,7984.493333333333
1781168690,100,GET,/product/6E92ZMYYFZ,1.100000,0.000000,19,52,53,53,96,96,96,96,96,96,96,74,0,16,31.55123335435181,6.718969903886318,119.6466600522399,7987.716216216216
1781168690,100,GET,/product/9SIQT8TOJO,0.700000,0.000000,15,54,93,93,95,95,95,95,95,95,95,68,0,29,38.360829684225955,6.491026841104031,195.47508843243122,8024.926470588235
1781168690,100,GET,/product/L9ECAV7KIM,0.900000,0.000000,43,47,58,62,83,83,83,83,83,83,83,75,0,39,38.43635704368353,6.390640512108803,119.87675819545984,8007.44
1781168690,100,GET,/product/LS4PSXUNUM,0.700000,0.000000,54,83,86,86,94,94,94,94,94,94,94,75,0,15,32.61687648793062,6.203328259289265,97.06859663128853,7993.106666666667
1781168690,100,GET,/product/OLJCESPC7Z,0.500000,0.000000,41,41,86,86,86,86,86,86,86,86,86,65,0,37,40.459790768531654,6.530976854264736,163.45082502812147,8023.569230769231
1781168690,100,,Aggregated,55.400000,0.000000,20,35,44,50,66,79,87,93,97,97,97,4969,0,30,47.475109386624624,5.8013396337628365,1093.2018477469683,10662.339303682833
1781168691,100,GET,/,41.600000,0.000000,16,30,41,46,62,73,83,90,97,97,97,3765,0,28,48.394848998997155,6.4099496230483055,1093.2018477469683,10547.958300132803
1781168691,100,POST,/cart,4.600000,0.000000,32,51,57,58,72,73,80,80,80,80,80,414,0,38,52.49218901412355,9.60880983620882,989.3006635829806,17619.671497584543
1781168691,100,POST,/cart/checkout,2.100000,0.000000,14,26,39,48,71,79,79,79,79,79,79,206,0,31,46.06161487189311,10.208231396973133,652.973567135632,6805.5097087378645
1781168691,100,GET,/product/0PUK6V6EV0,0.800000,0.000000,9,9,9,9,43,43,43,43,43,43,43,60,0,33,35.03043547583123,6.547525525093079,115.07655773311853,8006.95
1781168691,100,GET,/product/1YMWWN1N4O,0.800000,0.000000,35,38,43,46,56,56,56,56,56,56,56,72,0,23,33.070498042636444,5.8013396337628365,156.99385665357113,8037.152777777777
1781168691,100,GET,/product/2ZYFJ3GM2N,1.100000,0.000000,37,37,40,40,46,46,46,46,46,46,46,66,0,38,41.750229203678444,5.931057035923004,167.3695109784603,8020.909090909091
1781168691,100,GET,/product/66VCHSJNUP,0.400000,0.000000,9,9,17,17,62,62,62,62,62,62,62,76,0,39,39.97713573718149,6.301384419202805,195.95273863524199,7984.1973684210525
1781168691,100,GET,/product/6E92ZMYYFZ,0.900000,0.000000,19,52,53,53,96,96,96,96,96,96,96,75,0,16,31.22828188041846,6.718969903886318,119.6466600522399,7988.306666666666
1781168691,100,GET,/product/9SIQT8TOJO,0.700000,0.000000,9,15,15,93,93,93,93,93,93,93,93,68,0,29,38.360829684225955,6.491026841104031,195.47508843243122,8024.926470588235
1781168691,100,GET,/product/L9ECAV7KIM,0.700000,0.000000,39,40,47,47,83,83,83,83,83,83,83,77,0,39,37.81296172505849,6.390640512108803,119.87675819545984,8008.233766233766
1781168691,100,GET,/product/LS4PSXUNUM,0.700000,0.000000,54,83,86,86,94,94,94,94,94,94,94,75,0,15,32.61687648793062,6.203328259289265,97.06859663128853,7993.106666666667
1781168691,100,GET,/product/OLJCESPC7Z,0.400000,0.000000,35,41,41,86,86,86,86,86,86,86,86,66,0,37,40.1280820228611,6.530976854264736,163.45082502812147,8024.151515151515
1781168691,100,,Aggregated,54.800000,0.000000,17,33,43,48,65,76,86,93,97,97,97,5020,0,30,47.14356963949434,5.8013396337628365,1093.2018477469683,10656.442629482071
1781168692,100,GET,/,41.600000,0.000000,16,31,41,45,62,74,85,90,97,97,97,3814,0,28,48.12169116841142,6.4099496230483055,1093.2018477469683,10547.960146827478
1781168692,100,POST,/cart,4.900000,0.000000,32,56,64,71,78,84,93,93,93,93,93,418,0,39,52.78994051659364,9.60880983620882,989.3006635829806,17618.813397129186
1781168692,100,POST,/cart/checkout,1.800000,0.000000,25,38,48,60,71,79,79,79,79,79,79,208,0,31,45.96397893216748,10.208231396973133,652.973567135632,6805.778846153846
1781168692,100,GET,/product/0PUK6V6EV0,0.600000,0.000000,8,9,9,9,43,43,43,43,43,43,43,61,0,33,34.58169287406519,6.547525525093079,115.07655773311853,8008.0327868852455
1781168692,100,GET,/product/1YMWWN1N4O,0.700000,0.000000,35,38,41,43,46,46,46,46,46,46,46,73,0,28,33.178692645304004,5.8013396337628365,156.99385665357113,8036.58904109589
1781168692,100,GET,/product/2ZYFJ3GM2N,1.000000,0.000000,37,37,37,37,46,46,46,46,46,46,46,66,0,38,41.750229203678444,5.931057035923004,167.3695109784603,8020.909090909091
1781168692,100,GET,/product/66VCHSJNUP,0.600000,0.000000,8,9,17,17,62,62,62,62,62,62,62,77,0,39,39.56670939390148,6.301384419202805,195.95273863524199,7984.467532467533
1781168692,100,GET,/product/6E92ZMYYFZ,0.800000,0.000000,8,9,9,96,96,96,96,96,96,96,96,75,0,16,31.22828188041846,6.718969903886318,119.6466600522399,7988.306666666666
1781168692,100,GET,/product/9SIQT8TOJO,0.700000,0.000000,15,15,60,60,93,93,93,93,93,93,93,69,0,32,38.671582761774026,6.491026841104031,195.47508843243122,8025.275362318841
1781168692,100,GET,/product/L9ECAV7KIM,0.800000,0.000000,22,39,40,47,83,83,83,83,83,83,83,79,0,37,37.03983622025463,6.390640512108803,119.87675819545984,8007.594936708861
1781168692,100,GET,/product/LS4PSXUNUM,0.800000,0.000000,83,83,86,86,94,94,94,94,94,94,94,75,0,15,32.61687648793062,6.203328259289265,97.06859663128853,7993.106666666667
1781168692,100,GET,/product/OLJCESPC7Z,0.500000,0.000000,35,41,41,86,86,86,86,86,86,86,86,66,0,37,40.1280820228611,6.530976854264736,163.45082502812147,8024.151515151515
1781168692,100,,Aggregated,54.800000,0.000000,17,34,43,48,67,79,89,93,97,97,97,5081,0,29,46.945057865074595,5.8013396337628365,1093.2018477469683,10656.184806140524
1781168693,100,GET,/,41.500000,0.000000,16,31,42,46,64,82,110,110,190,190,190,3856,0,28,48.123087950149376,6.4099496230483055,1093.2018477469683,10547.982365145228
1781168693,100,POST,/cart,4.700000,0.000000,42,57,71,73,87,160,160,160,160,160,160,423,0,39,53.14727634825605,9.394378401339054,989.3006635829806,17621.87706855792
1781168693,100,POST,/cart/checkout,2.100000,0.000000,26,38,48,60,79,84,84,84,84,84,84,210,0,31,46.08940498548604,10.208231396973133,652.973567135632,6805.695238095238
1781168693,100,GET,/product/0PUK6V6EV0,0.700000,0.000000,8,8,9,9,43,43,43,43,43,43,43,62,0,21,34.132867991443604,6.547525525093079,115.07655773311853,8006.967741935484
1781168693,100,GET,/product/1YMWWN1N4O,0.700000,0.000000,38,41,43,43,46,46,46,46,46,46,46,73,0,28,33.178692645304004,5.8013396337628365,156.99385665357113,8036.58904109589
1781168693,100,GET,/product/2ZYFJ3GM2N,0.700000,0.000000,33,37,37,37,46,46,46,46,46,46,46,67,0,38,41.2385103695873,5.931057035923004,167.3695109784603,8020.507462686567
1781168693,100,GET,/product/66VCHSJNUP,0.600000,0.000000,8,9,12,17,62,62,62,62,62,62,62,79,0,38,38.81048762439927,6.301384419202805,195.95273863524199,7984.202531645569
1781168693,100,GET,/product/6E92ZMYYFZ,0.700000,0.000000,9,9,96,96,96,96,96,96,96,96,96,75,0,16,31.22828188041846,6.718969903886318,119.6466600522399,7988.306666666666
1781168693,100,GET,/product/9SIQT8TOJO,0.500000,0.000000,15,60,60,93,93,93,93,93,93,93,93,69,0,32,38.671582761774026,6.491026841104031,195.47508843243122,8025.275362318841
1781168693,100,GET,/product/L9ECAV7KIM,0.800000,0.000000,22,40,47,47,83,93,93,93,93,93,93,80,0,37,37.7360915299505,6.390640512108803,119.87675819545984,8007.8125
1781168693,100,GET,/product/LS4PSXUNUM,0.600000,0.000000,83,83,86,86,94,94,94,94,94,94,94,75,0,15,32.61687648793062,6.203328259289265,97.06859663128853,7993.106666666667
1781168693,100,GET,/product/OLJCESPC7Z,0.400000,0.000000,41,41,86,86,86,86,86,86,86,86,86,66,0,37,40.1280820228611,6.530976854264736,163.45082502812147,8024.151515151515
1781168693,100,,Aggregated,54.000000,0.000000,17,34,44,50,68,86,110,130,190,190,190,5135,0,29,46.974500096942634,5.8013396337628365,1093.2018477469683,10658.241090555015
1781168694,100,GET,/,42.600000,0.000000,16,33,43,48,67,82,110,110,190,190,190,3901,0,28,47.842370840140454,6.4099496230483055,1093.2018477469683,10548.034093822096
1781168694,100,POST,/cart,4.400000,0.000000,48,58,71,73,87,160,160,160,160,160,160,425,0,39,52.95215820345808,9.394378401339054,989.3006635829806,17629.856470588235
1781168694,100,POST,/cart/checkout,2.000000,0.000000,22,26,39,48,65,79,84,84,84,84,84,215,0,30,45.3394063380222,9.60568431764841,652.973567135632,6805.455813953488
1781168694,100,GET,/product/0PUK6V6EV0,0.700000,0.000000,8,8,9,9,43,43,43,43,43,43,43,62,0,21,34.132867991443604,6.547525525093079,115.07655773311853,8006.967741935484
1781168694,100,GET,/product/1YMWWN1N4O,0.900000,0.000000,38,41,46,46,89,89,89,89,89,89,89,74,0,28,33.936105983180774,5.8013396337628365,156.99385665357113,8037.351351351352
1781168694,100,GET,/product/2ZYFJ3GM2N,0.600000,0.000000,37,37,37,37,46,46,46,46,46,46,46,67,0,38,41.2385103695873,5.931057035923004,167.3695109784603,8020.507462686567
1781168694,100,GET,/product/66VCHSJNUP,0.600000,0.000000,8,9,12,12,62,62,62,62,62,62,62,80,0,38,38.404006557539105,6.292002275586128,195.95273863524199,7983.65
1781168694,100,GET,/product/6E92ZMYYFZ,0.500000,0.000000,9,9,96,96,96,96,96,96,96,96,96,75,0,16,31.22828188041846,6.718969903886318,119.6466600522399,7988.306666666666
1781168694,100,GET,/product/9SIQT8TOJO,0.500000,0.000000,15,60,60,93,93,93,93,93,93,93,93,69,0,32,38.671582761774026,6.491026841104031,195.47508843243122,8025.275362318841
1781168694,100,GET,/product/L9ECAV7KIM,0.800000,0.000000,29,39,40,47,93,93,93,93,93,93,93,81,0,37,37.62707116519228,6.390640512108803,119.87675819545984,8008.395061728395
1781168694,100,GET,/product/LS4PSXUNUM,0.600000,0.000000,86,86,94,94,94,94,94,94,94,94,94,75,0,15,32.61687648793062,6.203328259289265,97.06859663128853,7993.106666666667
1781168694,100,GET,/product/OLJCESPC7Z,0.300000,0.000000,41,41,86,86,86,86,86,86,86,86,86,66,0,37,40.1280820228611,6.530976854264736,163.45082502812147,8024.151515151515
1781168694,100,,Aggregated,54.500000,0.000000,18,37,45,51,71,86,110,130,190,190,190,5190,0,29,46.72476125052037,5.8013396337628365,1093.2018477469683,10655.419845857417
1781168695,100,GET,/,41.900000,0.000000,16,31,43,48,66,79,110,110,190,190,190,3935,0,28,47.63743866618434,6.4099496230483055,1093.2018477469683,10548.040152477764
1781168695,100,POST,/cart,4.400000,0.000000,35,57,71,73,87,160,160,160,160,160,160,433,0,38,52.58229634279329,9.394378401339054,989.3006635829806,17640.889145496534
1781168695,100,POST,/cart/checkout,2.000000,0.000000,22,38,48,60,73,79,84,84,84,84,84,218,0,30,45.18617644325035,9.60568431764841,652.973567135632,6805.51376146789
1781168695,100,GET,/product/0PUK6V6EV0,0.600000,0.000000,8,8,8,9,9,9,9,9,9,9,9,62,0,21,34.132867991443604,6.547525525093079,115.07655773311853,8006.967741935484
1781168695,100,GET,/product/1YMWWN1N4O,0.900000,0.000000,35,38,41,46,89,89,89,89,89,89,89,75,0,28,33.57706921796004,5.8013396337628365,156.99385665357113,8036.7733333333335
1781168695,100,GET,/product/2ZYFJ3GM2N,0.700000,0.000000,37,37,37,46,46,46,46,46,46,46,46,67,0,38,41.2385103695873,5.931057035923004,167.3695109784603,8020.507462686567
1781168695,100,GET,/product/66VCHSJNUP,0.700000,0.000000,8,9,12,12,62,62,62,62,62,62,62,80,0,38,38.404006557539105,6.292002275586128,195.95273863524199,7983.65
1781168695,100,GET,/product/6E92ZMYYFZ,0.500000,0.000000,9,9,96,96,96,96,96,96,96,96,96,75,0,16,31.22828188041846,6.718969903886318,119.6466600522399,7988.306666666666
1781168695,100,GET,/product/9SIQT8TOJO,0.500000,0.000000,15,15,60,60,60,60,60,60,60,60,60,69,0,32,38.671582761774026,6.491026841104031,195.47508843243122,8025.275362318841
1781168695,100,GET,/product/L9ECAV7KIM,1.000000,0.000000,29,40,47,47,55,93,93,93,93,93,93,82,0,37,37.836981448912766,6.390640512108803,119.87675819545984,8008.743902439024
1781168695,100,GET,/product/LS4PSXUNUM,0.600000,0.000000,86,86,94,94,94,94,94,94,94,94,94,75,0,15,32.61687648793062,6.203328259289265,97.06859663128853,7993.106666666667
1781168695,100,GET,/product/OLJCESPC7Z,0.300000,0.000000,41,41,86,86,86,86,86,86,86,86,86,66,0,37,40.1280820228611,6.530976854264736,163.45082502812147,8024.151515151515
1781168695,100,,Aggregated,54.100000,0.000000,16,34,45,51,69,85,110,130,190,190,190,5237,0,29,46.54376029008663,5.8013396337628365,1093.2018477469683,10663.08229902616
1781168696,100,GET,/,42.000000,0.000000,15,31,44,49,66,78,110,110,190,190,190,3980,0,28,47.455315029098834,6.144746206700802,1093.2018477469683,10548.045979899498
1781168696,100,POST,/cart,4.200000,0.000000,48,58,71,73,87,160,160,160,160,160,160,435,0,38,52.48740080144556,9.394378401339054,989.3006635829806,17638.719540229886
1781168696,100,POST,/cart/checkout,2.300000,0.000000,24,38,48,60,73,79,84,84,84,84,84,221,0,30,45.050555498790146,9.60568431764841,652.973567135632,6805.633484162896
1781168696,100,GET,/product/0PUK6V6EV0,0.600000,0.000000,8,8,8,9,9,9,9,9,9,9,9,63,0,21,33.71207711715547,6.547525525093079,115.07655773311853,8007.063492063492
1781168696,100,GET,/product/1YMWWN1N4O,0.800000,0.000000,7,35,41,41,89,89,89,89,89,89,89,75,0,28,33.57706921796004,5.8013396337628365,156.99385665357113,8036.7733333333335
1781168696,100,GET,/product/2ZYFJ3GM2N,0.700000,0.000000,8,37,37,46,46,46,46,46,46,46,46,68,0,38,40.72590155855698,5.931057035923004,167.3695109784603,8021.0
1781168696,100,GET,/product/66VCHSJNUP,0.800000,0.000000,7,8,9,12,62,62,62,62,62,62,62,81,0,38,38.01170697458732,6.292002275586128,195.95273863524199,7983.308641975309
1781168696,100,GET,/product/6E92ZMYYFZ,0.400000,0.000000,34,34,96,96,96,96,96,96,96,96,96,76,0,16,31.261928771671496,6.718969903886318,119.6466600522399,7988.671052631579
1781168696,100,GET,/product/9SIQT8TOJO,0.500000,0.000000,20,23,23,60,60,60,60,60,60,60,60,71,0,29,38.185408876710376,6.491026841104031,195.47508843243122,8025.169014084507
1781168696,100,GET,/product/L9ECAV7KIM,0.900000,0.000000,22,40,47,47,55,93,93,93,93,93,93,83,0,37,37.46307190193469,6.390640512108803,119.87675819545984,8009.036144578313
1781168696,100,GET,/product/LS4PSXUNUM,0.600000,0.000000,86,86,94,94,94,94,94,94,94,94,94,75,0,15,32.61687648793062,6.203328259289265,97.06859663128853,7993.106666666667
1781168696,100,GET,/product/OLJCESPC7Z,0.300000,0.000000,34,41,41,86,86,86,86,86,86,86,86,68,0,36,39.55987402621437,6.530976854264736,163.45082502812147,8023.632352941177
1781168696,100,,Aggregated,54.100000,0.000000,16,34,45,53,69,84,110,130,190,190,190,5296,0,29,46.35265092625708,5.8013396337628365,1093.2018477469683,10657.884441087614
1781168697,100,GET,/,42.400000,0.000000,16,32,42,48,64,74,110,110,190,190,190,4023,0,27,47.18517749161713,6.144746206700802,1093.2018477469683,10548.097439721601
1781168697,100,POST,/cart,3.900000,0.000000,32,57,64,73,87,160,160,160,160,160,160,437,0,38,52.33929420499562,9.394378401339054,989.3006635829806,17636.640732265445
1781168697,100,POST,/cart/checkout,2.000000,0.000000,22,34,39,60,73,79,84,84,84,84,84,225,0,29,44.51101397474607,9.60568431764841,652.973567135632,6805.662222222222
1781168697,100,GET,/product/0PUK6V6EV0,0.600000,0.000000,8,8,8,9,9,9,9,9,9,9,9,63,0,21,33.71207711715547,6.547525525093079,115.07655773311853,8007.063492063492
1781168697,100,GET,/product/1YMWWN1N4O,0.900000,0.000000,7,8,35,41,89,89,89,89,89,89,89,77,0,23,32.90262684080895,5.8013396337628365,156.99385665357113,8035.987012987013
1781168697,100,GET,/product/2ZYFJ3GM2N,0.600000,0.000000,37,37,46,46,46,46,46,46,46,46,46,68,0,38,40.72590155855698,5.931057035923004,167.3695109784603,8021.0
1781168697,100,GET,/product/66VCHSJNUP,0.800000,0.000000,8,8,9,12,62,62,62,62,62,62,62,82,0,36,37.64229271242895,6.292002275586128,195.95273863524199,7984.182926829269
1781168697,100,GET,/product/6E92ZMYYFZ,0.300000,0.000000,34,34,96,96,96,96,96,96,96,96,96,76,0,16,31.261928771671496,6.718969903886318,119.6466600522399,7988.671052631579
1781168697,100,GET,/product/9SIQT8TOJO,0.500000,0.000000,8,20,23,23,60,60,60,60,60,60,60,73,0,27,37.33184410590832,6.491026841104031,195.47508843243122,8025.123287671233
1781168697,100,GET,/product/L9ECAV7KIM,1.000000,0.000000,22,40,47,47,55,93,93,93,93,93,93,83,0,37,37.46307190193469,6.390640512108803,119.87675819545984,8009.036144578313
1781168697,100,GET,/product/LS4PSXUNUM,0.400000,0.000000,86,86,94,94,94,94,94,94,94,94,94,76,0,15,32.95023952561774,6.203328259289265,97.06859663128853,7993.3026315789475
1781168697,100,GET,/product/OLJCESPC7Z,0.300000,0.000000,19,34,34,86,86,86,86,86,86,86,86,69,0,36,39.09404019730678,6.530976854264736,163.45082502812147,8024.130434782609
1781168697,100,,Aggregated,53.700000,0.000000,16,34,45,51,68,83,110,130,190,190,190,5352,0,29,46.083498569880575,5.8013396337628365,1093.2018477469683,10653.159192825113
1781168698,100,GET,/,41.700000,0.000000,16,32,45,51,66,78,110,110,190,190,190,4073,0,27,46.97838606710278,6.144746206700802,1093.2018477469683,10548.085686226368
1781168698,100,POST,/cart,4.000000,0.000000,32,58,65,73,87,160,160,160,160,160,160,440,0,38,52.27038713214411,9.394378401339054,989.3006635829806,17631.90681818182
1781168698,100,POST,/cart/checkout,2.400000,0.000000,22,34,39,60,73,79,84,84,84,84,84,225,0,29,44.51101397474607,9.60568431764841,652.973567135632,6805.662222222222
1781168698,100,GET,/product/0PUK6V6EV0,0.500000,0.000000,8,8,8,79,79,79,79,79,79,79,79,64,0,21,34.42234366957564,6.547525525093079,115.07655773311853,8007.6875
1781168698,100,GET,/product/1YMWWN1N4O,0.700000,0.000000,8,35,41,89,92,92,92,92,92,92,92,78,0,23,33.65577606914135,5.8013396337628365,156.99385665357113,8036.01282051282
1781168698,100,GET,/product/2ZYFJ3GM2N,0.600000,0.000000,37,37,46,46,46,46,46,46,46,46,46,68,0,38,40.72590155855698,5.931057035923004,167.3695109784603,8021.0
1781168698,100,GET,/product/66VCHSJNUP,0.700000,0.000000,8,8,9,12,62,62,62,62,62,62,62,82,0,36,37.64229271242895,6.292002275586128,195.95273863524199,7984.182926829269
1781168698,100,GET,/product/6E92ZMYYFZ,0.400000,0.000000,34,34,96,96,96,96,96,96,96,96,96,76,0,16,31.261928771671496,6.718969903886318,119.6466600522399,7988.671052631579
1781168698,100,GET,/product/9SIQT8TOJO,0.400000,0.000000,20,23,29,29,60,60,60,60,60,60,60,74,0,27,37.22281922661775,6.491026841104031,195.47508843243122,8024.756756756757
1781168698,100,GET,/product/L9ECAV7KIM,1.100000,0.000000,29,40,47,47,55,93,93,93,93,93,93,84,0,36,37.375099535676696,6.390640512108803,119.87675819545984,8009.416666666667
1781168698,100,GET,/product/LS4PSXUNUM,0.300000,0.000000,86,86,94,94,94,94,94,94,94,94,94,77,0,15,32.614615564415985,6.203328259289265,97.06859663128853,7993.857142857143
1781168698,100,GET,/product/OLJCESPC7Z,0.500000,0.000000,34,86,90,90,91,91,91,91,91,91,91,71,0,37,40.54493207851766,6.530976854264736,163.45082502812147,8024.422535211268
1781168698,100,,Aggregated,53.300000,0.000000,17,34,46,54,69,85,110,130,190,190,190,5412,0,29,45.95362969639065,5.8013396337628365,1093.2018477469683,10652.276607538803
1781168699,100,GET,/,41.800000,0.000000,16,32,45,50,65,75,110,110,190,190,190,4111,0,27,46.793327994401785,6.144746206700802,1093.2018477469683,10548.130625152031
1781168699,100,POST,/cart,3.800000,0.000000,30,53,71,73,87,160,160,160,160,160,160,444,0,38,51.98945743577169,9.394378401339054,989.3006635829806,17659.792792792792
1781168699,100,POST,/cart/checkout,3.000000,0.000000,16,34,48,60,72,73,84,84,84,84,84,225,0,29,44.51101397474607,9.60568431764841,652.973567135632,6805.662222222222
1781168699,100,GET,/product/0PUK6V6EV0,0.500000,0.000000,8,8,37,37,79,79,79,79,79,79,79,65,0,33,34.45439499158125,6.547525525093079,115.07655773311853,8008.384615384615
1781168699,100,GET,/product/1YMWWN1N4O,0.700000,0.000000,34,35,41,89,92,92,92,92,92,92,92,79,0,28,33.653839373418805,5.8013396337628365,156.99385665357113,8036.151898734177
1781168699,100,GET,/product/2ZYFJ3GM2N,0.500000,0.000000,39,39,46,46,46,46,46,46,46,46,46,69,0,38,40.69865378888621,5.931057035923004,167.3695109784603,8021.652173913043
1781168699,100,GET,/product/66VCHSJNUP,0.800000,0.000000,8,9,12,12,32,62,62,62,62,62,62,84,0,36,37.21548176725351,6.292002275586128,195.95273863524199,7983.952380952381
1781168699,100,GET,/product/6E92ZMYYFZ,0.400000,0.000000,34,34,96,96,96,96,96,96,96,96,96,76,0,16,31.261928771671496,6.718969903886318,119.6466600522399,7988.671052631579
1781168699,100,GET,/product/9SIQT8TOJO,0.600000,0.000000,20,23,29,29,60,60,60,60,60,60,60,74,0,27,37.22281922661775,6.491026841104031,195.47508843243122,8024.756756756757
1781168699,100,GET,/product/L9ECAV7KIM,1.100000,0.000000,29,40,55,55,57,93,93,93,93,93,93,85,0,37,37.60952564942486,6.390640512108803,119.87675819545984,8009.788235294118
1781168699,100,GET,/product/LS4PSXUNUM,0.300000,0.000000,58,58,86,86,94,94,94,94,94,94,94,79,0,15,32.60788955737518,6.203328259289265,97.06859663128853,7992.620253164557
1781168699,100,GET,/product/OLJCESPC7Z,0.400000,0.000000,34,86,90,90,91,91,91,91,91,91,91,71,0,37,40.54493207851766,6.530976854264736,163.45082502812147,8024.422535211268
1781168699,100,,Aggregated,53.900000,0.000000,17,34,45,53,67,79,110,130,190,190,190,5462,0,29,45.7854418780386,5.8013396337628365,1093.2018477469683,10655.087513731234
1781168700,100,GET,/,42.800000,0.000000,17,32,42,48,61,74,110,110,190,190,190,4159,0,27,46.53306329615251,6.144746206700802,1093.2018477469683,10548.206780476075
1781168700,100,POST,/cart,3.600000,0.000000,30,53,65,71,87,160,160,160,160,160,160,445,0,38,51.98135825732116,9.394378401339054,989.3006635829806,17663.50337078652
1781168700,100,POST,/cart/checkout,2.900000,0.000000,22,34,47,59,72,73,84,84,84,84,84,228,0,29,44.57700158175277,9.60568431764841,652.973567135632,6805.548245614035
1781168700,100,GET,/product/0PUK6V6EV0,0.500000,0.000000,8,37,37,79,79,79,79,79,79,79,79,65,0,33,34.45439499158125,6.547525525093079,115.07655773311853,8008.384615384615
1781168700,100,GET,/product/1YMWWN1N4O,0.900000,0.000000,8,34,41,89,92,92,92,92,92,92,92,79,0,28,33.653839373418805,5.8013396337628365,156.99385665357113,8036.151898734177
1781168700,100,GET,/product/2ZYFJ3GM2N,0.400000,0.000000,39,41,41,46,46,46,46,46,46,46,46,70,0,38,40.71000741262521,5.931057035923004,167.3695109784603,8022.2
1781168700,100,GET,/product/66VCHSJNUP,0.900000,0.000000,8,8,9,12,32,32,32,32,32,32,32,84,0,36,37.21548176725351,6.292002275586128,195.95273863524199,7983.952380952381
1781168700,100,GET,/product/6E92ZMYYFZ,0.400000,0.000000,34,34,34,34,34,34,34,34,34,34,34,76,0,16,31.261928771671496,6.718969903886318,119.6466600522399,7988.671052631579
1781168700,100,GET,/product/9SIQT8TOJO,0.600000,0.000000,23,29,44,56,60,60,60,60,60,60,60,77,0,29,37.18875291721,6.491026841104031,195.47508843243122,8025.38961038961
1781168700,100,GET,/product/L9ECAV7KIM,1.100000,0.000000,29,30,55,55,57,93,93,93,93,93,93,86,0,36,37.25188465918912,6.390640512108803,119.87675819545984,8009.8488372093025
1781168700,100,GET,/product/LS4PSXUNUM,0.300000,0.000000,58,58,86,86,94,94,94,94,94,94,94,81,0,15,32.35815989750403,6.203328259289265,97.06859663128853,7992.913580246914
1781168700,100,GET,/product/OLJCESPC7Z,0.500000,0.000000,34,34,90,90,91,91,91,91,91,91,91,71,0,37,40.54493207851766,6.530976854264736,163.45082502812147,8024.422535211268
1781168700,100,,Aggregated,54.900000,0.000000,17,32,43,50,65,79,110,130,190,190,190,5521,0,28,45.57925462368535,5.8013396337628365,1093.2018477469683,10650.357543923203
1781168701,100,GET,/,43.800000,0.000000,20,36,46,53,69,79,110,110,190,190,190,4201,0,27,46.503407219360554,6.144746206700802,1093.2018477469683,10548.181385384432
1781168701,100,POST,/cart,3.500000,0.000000,28,49,60,71,120,160,160,160,160,160,160,450,0,38,52.07756316703227,9.394378401339054,989.3006635829806,17669.068888888887
1781168701,100,POST,/cart/checkout,2.300000,0.000000,24,47,60,60,73,73,84,84,84,84,84,230,0,30,44.767364989156306,9.60568431764841,652.973567135632,6805.321739130435
1781168701,100,GET,/product/0PUK6V6EV0,0.500000,0.000000,37,37,79,79,79,79,79,79,79,79,79,65,0,33,34.45439499158125,6.547525525093079,115.07655773311853,8008.384615384615
1781168701,100,GET,/product/1YMWWN1N4O,1.000000,0.000000,15,34,41,89,92,92,92,92,92,92,92,80,0,23,33.41745897196233,5.8013396337628365,156.99385665357113,8036.4875
1781168701,100,GET,/product/2ZYFJ3GM2N,0.300000,0.000000,39,39,39,39,41,41,41,41,41,41,41,72,0,38,40.23020666661776,5.931057035923004,167.3695109784603,8022.013888888889
1781168701,100,GET,/product/66VCHSJNUP,1.100000,0.000000,8,8,12,12,32,32,32,32,32,32,32,84,0,36,37.21548176725351,6.292002275586128,195.95273863524199,7983.952380952381
1781168701,100,GET,/product/6E92ZMYYFZ,0.400000,0.000000,34,34,34,34,34,34,34,34,34,34,34,76,0,16,31.261928771671496,6.718969903886318,119.6466600522399,7988.671052631579
1781168701,100,GET,/product/9SIQT8TOJO,0.700000,0.000000,29,40,44,56,60,60,60,60,60,60,60,78,0,29,37.224643099575474,6.491026841104031,195.47508843243122,8025.01282051282
1781168701,100,GET,/product/L9ECAV7KIM,1.100000,0.000000,29,30,55,57,93,93,93,93,93,93,93,86,0,36,37.25188465918912,6.390640512108803,119.87675819545984,8009.8488372093025
1781168701,100,GET,/product/LS4PSXUNUM,0.400000,0.000000,37,58,58,86,94,94,94,94,94,94,94,82,0,15,32.06137595016782,6.203328259289265,97.06859663128853,7992.451219512195
1781168701,100,GET,/product/OLJCESPC7Z,0.700000,0.000000,34,34,90,90,91,91,91,91,91,91,91,71,0,37,40.54493207851766,6.530976854264736,163.45082502812147,8024.422535211268
1781168701,100,,Aggregated,55.800000,0.000000,21,36,47,54,73,84,110,130,190,190,190,5575,0,29,45.56388030070895,5.8013396337628365,1093.2018477469683,10652.550313901345
1781168702,100,GET,/,43.400000,0.000000,23,39,49,54,73,82,110,110,190,190,190,4251,0,27,46.428409888350146,6.144746206700802,1093.2018477469683,10548.232415902141
1781168702,100,POST,/cart,3.300000,0.000000,30,49,53,60,120,160,160,160,160,160,160,453,0,38,52.05584019545885,9.394378401339054,989.3006635829806,17676.748344370862
1781168702,100,POST,/cart/checkout,2.400000,0.000000,24,35,47,60,73,73,84,84,84,84,84,233,0,30,44.507738086894605,9.60568431764841,652.973567135632,6805.4248927038625
1781168702,100,GET,/product/0PUK6V6EV0,0.600000,0.000000,37,37,79,79,79,79,79,79,79,79,79,65,0,33,34.45439499158125,6.547525525093079,115.07655773311853,8008.384615384615
1781168702,100,GET,/product/1YMWWN1N4O,1.000000,0.000000,15,34,89,89,92,92,92,92,92,92,92,81,0,23,33.11319490549741,5.8013396337628365,156.99385665357113,8037.148148148148
1781168702,100,GET,/product/2ZYFJ3GM2N,0.400000,0.000000,32,39,39,39,41,41,41,41,41,41,41,74,0,38,39.76246975110592,5.931057035923004,167.3695109784603,8023.283783783784
1781168702,100,GET,/product/66VCHSJNUP,0.900000,0.000000,8,9,12,19,32,32,32,32,32,32,32,86,0,32,36.67365831084723,6.292002275586128,195.95273863524199,7984.593023255814
1781168702,100,GET,/product/6E92ZMYYFZ,0.200000,0.000000,34,34,34,34,34,34,34,34,34,34,34,76,0,16,31.261928771671496,6.718969903886318,119.6466600522399,7988.671052631579
1781168702,100,GET,/product/9SIQT8TOJO,0.600000,0.000000,29,44,56,56,60,61,61,61,61,61,61,79,0,29,37.51965831446497,6.491026841104031,195.47508843243122,8025.392405063291
1781168702,100,GET,/product/L9ECAV7KIM,1.100000,0.000000,30,55,57,57,93,93,93,93,93,93,93,86,0,36,37.25188465918912,6.390640512108803,119.87675819545984,8009.8488372093025
1781168702,100,GET,/product/LS4PSXUNUM,0.400000,0.000000,8,37,58,58,58,58,58,58,58,58,58,82,0,15,32.06137595016782,6.203328259289265,97.06859663128853,7992.451219512195
1781168702,100,GET,/product/OLJCESPC7Z,0.600000,0.000000,60,64,90,90,91,91,91,91,91,91,91,73,0,37,41.126130454956666,6.530976854264736,163.45082502812147,8025.575342465753
1781168702,100,,Aggregated,54.900000,0.000000,24,39,49,55,73,84,110,130,190,190,190,5639,0,29,45.488862011275785,5.8013396337628365,1093.2018477469683,10650.285334279128
1781168703,100,GET,/,43.900000,0.000000,22,36,47,52,67,79,88,94,140,140,140,4287,0,27,46.30065426023615,6.144746206700802,1093.2018477469683,10548.318404478656
1781168703,100,POST,/cart,3.200000,0.000000,28,44,51,53,65,120,120,120,120,120,120,456,0,38,51.92788910904997,9.394378401339054,989.3006635829806,17674.86842105263
1781168703,100,POST,/cart/checkout,2.200000,0.000000,24,35,47,59,72,73,73,73,73,73,73,235,0,29,44.28433523850238,9.60568431764841,652.973567135632,6805.5191489361705
1781168703,100,GET,/product/0PUK6V6EV0,0.500000,0.000000,37,79,79,97,97,97,97,97,97,97,97,66,0,33,35.40131516020858,6.547525525093079,115.07655773311853,8007.378787878788
1781168703,100,GET,/product/1YMWWN1N4O,0.900000,0.000000,9,15,34,89,92,92,92,92,92,92,92,82,0,19,32.8096892548407,5.8013396337628365,156.99385665357113,8035.987804878048
1781168703,100,GET,/product/2ZYFJ3GM2N,0.500000,0.000000,32,39,39,39,41,41,41,41,41,41,41,74,0,38,39.76246975110592,5.931057035923004,167.3695109784603,8023.283783783784
1781168703,100,GET,/product/66VCHSJNUP,0.900000,0.000000,8,9,12,19,32,32,32,32,32,32,32,87,0,32,36.34719158811816,6.292002275586128,195.95273863524199,7984.781609195402
1781168703,100,GET,/product/6E92ZMYYFZ,0.200000,0.000000,34,34,34,34,34,34,34,34,34,34,34,76,0,16,31.261928771671496,6.718969903886318,119.6466600522399,7988.671052631579
1781168703,100,GET,/product/9SIQT8TOJO,1.000000,0.000000,40,44,60,60,61,94,94,94,94,94,94,80,0,29,38.22166696190834,6.491026841104031,195.47508843243122,8024.9
1781168703,100,GET,/product/L9ECAV7KIM,0.900000,0.000000,29,30,55,55,57,57,57,57,57,57,57,87,0,36,36.9561375493462,6.390640512108803,119.87675819545984,8010.022988505747
1781168703,100,GET,/product/LS4PSXUNUM,0.700000,0.000000,8,37,58,58,58,58,58,58,58,58,58,82,0,15,32.06137595016782,6.203328259289265,97.06859663128853,7992.451219512195
1781168703,100,GET,/product/OLJCESPC7Z,0.600000,0.000000,60,64,90,91,96,96,96,96,96,96,96,75,0,37,41.43393289297819,6.530976854264736,163.45082502812147,8026.6
1781168703,100,,Aggregated,55.500000,0.000000,23,36,48,53,69,82,92,99,140,140,140,5687,0,29,45.383111039723225,5.8013396337628365,1093.2018477469683,10648.653771760155
1781168704,100,GET,/,43.200000,0.000000,25,41,50,55,73,81,88,97,140,140,140,4330,0,27,46.279235972483015,6.144746206700802,1093.2018477469683,10548.240877598153
1781168704,100,POST,/cart,3.400000,0.000000,35,51,56,65,76,120,120,120,120,120,120,461,0,38,51.984380243786504,9.394378401339054,989.3006635829806,17667.783080260302
1781168704,100,POST,/cart/checkout,2.300000,0.000000,26,47,59,72,73,76,90,90,90,90,90,240,0,30,44.50672158660988,9.60568431764841,652.973567135632,6805.2375
1781168704,100,GET,/product/0PUK6V6EV0,0.400000,0.000000,79,79,97,97,97,97,97,97,97,97,97,66,0,33,35.40131516020858,6.547525525093079,115.07655773311853,8007.378787878788
1781168704,100,GET,/product/1YMWWN1N4O,0.800000,0.000000,9,15,34,89,92,92,92,92,92,92,92,82,0,19,32.8096892548407,5.8013396337628365,156.99385665357113,8035.987804878048
1781168704,100,GET,/product/2ZYFJ3GM2N,0.700000,0.000000,39,39,41,41,48,48,48,48,48,48,48,75,0,38,39.86806041250626,5.931057035923004,167.3695109784603,8023.466666666666
1781168704,100,GET,/product/66VCHSJNUP,1.000000,0.000000,8,9,19,19,32,32,32,32,32,32,32,87,0,32,36.34719158811816,6.292002275586128,195.95273863524199,7984.781609195402
1781168704,100,GET,/product/6E92ZMYYFZ,0.100000,0.000000,7,7,34,34,34,34,34,34,34,34,34,78,0,11,30.640111268999483,6.718969903886318,119.6466600522399,7987.346153846154
1781168704,100,GET,/product/9SIQT8TOJO,1.000000,0.000000,23,40,44,56,61,94,94,94,94,94,94,82,0,29,37.467172278500186,6.486288271844387,195.47508843243122,8024.670731707317
1781168704,100,GET,/product/L9ECAV7KIM,0.900000,0.000000,30,30,55,55,57,57,57,57,57,57,57,87,0,36,36.9561375493462,6.390640512108803,119.87675819545984,8010.022988505747
1781168704,100,GET,/product/LS4PSXUNUM,0.700000,0.000000,8,37,58,58,58,58,58,58,58,58,58,83,0,15,31.75379266311605,6.203328259289265,97.06859663128853,7993.313253012048
1781168704,100,GET,/product/OLJCESPC7Z,0.500000,0.000000,60,64,90,91,96,96,96,96,96,96,96,76,0,37,41.130015050600235,6.530976854264736,163.45082502812147,8027.131578947368
1781168704,100,,Aggregated,55.000000,0.000000,25,41,51,56,73,82,94,99,140,140,140,5747,0,29,45.35471767184526,5.8013396337628365,1093.2018477469683,10646.820428049417
1781168705,100,GET,/,43.300000,0.000000,25,41,49,54,71,82,90,97,140,140,140,4377,0,27,46.0875349560604,6.144746206700802,1093.2018477469683,10548.404615033127
1781168705,100,POST,/cart,3.500000,0.000000,39,51,56,65,76,120,120,120,120,120,120,461,0,38,51.984380243786504,9.394378401339054,989.3006635829806,17667.783080260302
1781168705,100,POST,/cart/checkout,2.600000,0.000000,35,47,59,60,73,76,90,90,90,90,90,242,0,30,44.59987980244327,9.60568431764841,652.973567135632,6805.144628099173
1781168705,100,GET,/product/0PUK6V6EV0,0.300000,0.000000,79,79,97,97,97,97,97,97,97,97,97,66,0,33,35.40131516020858,6.547525525093079,115.07655773311853,8007.378787878788
1781168705,100,GET,/product/1YMWWN1N4O,0.800000,0.000000,15,34,38,39,92,92,92,92,92,92,92,85,0,23,32.64933877131518,5.8013396337628365,156.99385665357113,8036.658823529412
1781168705,100,GET,/product/2ZYFJ3GM2N,0.700000,0.000000,39,39,41,48,51,51,51,51,51,51,51,76,0,38,40.00975899888497,5.931057035923004,167.3695109784603,8022.763157894737
1781168705,100,GET,/product/66VCHSJNUP,0.900000,0.000000,8,9,19,19,32,32,32,32,32,32,32,87,0,32,36.34719158811816,6.292002275586128,195.95273863524199,7984.781609195402
1781168705,100,GET,/product/6E92ZMYYFZ,0.100000,0.000000,7,7,34,34,34,34,34,34,34,34,34,78,0,11,30.640111268999483,6.718969903886318,119.6466600522399,7987.346153846154
1781168705,100,GET,/product/9SIQT8TOJO,1.000000,0.000000,23,40,44,56,61,94,94,94,94,94,94,82,0,29,37.467172278500186,6.486288271844387,195.47508843243122,8024.670731707317
1781168705,100,GET,/product/L9ECAV7KIM,0.700000,0.000000,30,30,55,55,57,57,57,57,57,57,57,87,0,36,36.9561375493462,6.390640512108803,119.87675819545984,8010.022988505747
1781168705,100,GET,/product/LS4PSXUNUM,0.700000,0.000000,8,37,53,58,58,58,58,58,58,58,58,84,0,15,32.00443875088933,6.203328259289265,97.06859663128853,7993.714285714285
1781168705,100,GET,/product/OLJCESPC7Z,0.700000,0.000000,60,64,90,91,96,96,96,96,96,96,96,76,0,37,41.130015050600235,6.530976854264736,163.45082502812147,8027.131578947368
1781168705,100,,Aggregated,55.300000,0.000000,26,41,50,55,73,82,94,99,140,140,140,5801,0,29,45.21451705343953,5.8013396337628365,1093.2018477469683,10642.563523530425
1781168706,100,GET,/,43.000000,0.000000,26,42,50,55,74,84,90,97,140,140,140,4424,0,27,46.03020455031428,6.144746206700802,1093.2018477469683,10548.282775768535
1781168706,100,POST,/cart,3.200000,0.000000,39,56,65,68,76,120,120,120,120,120,120,465,0,38,51.931546055661734,9.394378401339054,989.3006635829806,17678.675268817206
1781168706,100,POST,/cart/checkout,2.300000,0.000000,26,46,52,59,73,76,90,90,90,90,90,245,0,30,44.21839461262737,9.60568431764841,652.973567135632,6804.9795918367345
1781168706,100,GET,/product/0PUK6V6EV0,0.400000,0.000000,79,79,97,97,97,97,97,97,97,97,97,66,0,33,35.40131516020858,6.547525525093079,115.07655773311853,8007.378787878788
1781168706,100,GET,/product/1YMWWN1N4O,0.900000,0.000000,15,34,38,39,92,92,92,92,92,92,92,85,0,23,32.64933877131518,5.8013396337628365,156.99385665357113,8036.658823529412
1781168706,100,GET,/product/2ZYFJ3GM2N,0.700000,0.000000,39,41,48,48,51,53,53,53,53,53,53,78,0,38,40.09372625165643,5.931057035923004,167.3695109784603,8023.538461538462
1781168706,100,GET,/product/66VCHSJNUP,0.700000,0.000000,8,9,19,19,32,32,32,32,32,32,32,88,0,31,36.01813871963796,6.292002275586128,195.95273863524199,7983.863636363636
1781168706,100,GET,/product/6E92ZMYYFZ,0.100000,0.000000,7,7,34,34,34,34,34,34,34,34,34,78,0,11,30.640111268999483,6.718969903886318,119.6466600522399,7987.346153846154
1781168706,100,GET,/product/9SIQT8TOJO,1.100000,0.000000,40,44,56,61,94,94,94,94,94,94,94,82,0,29,37.467172278500186,6.486288271844387,195.47508843243122,8024.670731707317
1781168706,100,GET,/product/L9ECAV7KIM,0.700000,0.000000,38,38,57,57,60,60,60,60,60,60,60,89,0,37,37.219281015352585,6.390640512108803,119.87675819545984,8009.7191011235955
1781168706,100,GET,/product/LS4PSXUNUM,0.800000,0.000000,8,37,53,58,58,58,58,58,58,58,58,84,0,15,32.00443875088933,6.203328259289265,97.06859663128853,7993.714285714285
1781168706,100,GET,/product/OLJCESPC7Z,0.900000,0.000000,60,64,90,91,96,96,96,96,96,96,96,77,0,37,41.07749677420436,6.530976854264736,163.45082502812147,8026.766233766234
1781168706,100,,Aggregated,54.800000,0.000000,28,43,52,57,75,85,94,99,140,140,140,5861,0,29,45.15508972880626,5.8013396337628365,1093.2018477469683,10642.699198089063
1781168707,100,GET,/,43.200000,0.000000,27,42,52,57,76,86,97,100,140,140,140,4466,0,27,45.94611870295936,6.144746206700802,1093.2018477469683,10548.318629646215
1781168707,100,POST,/cart,3.500000,0.000000,39,51,67,68,76,120,120,120,120,120,120,466,0,38,51.84522664869932,9.394378401339054,989.3006635829806,17685.21888412017
1781168707,100,POST,/cart/checkout,2.500000,0.000000,43,55,60,65,76,90,110,110,110,110,110,251,0,30,44.2159966717797,9.60568431764841,652.973567135632,6805.0318725099605
1781168707,100,GET,/product/0PUK6V6EV0,0.400000,0.000000,79,79,97,97,97,97,97,97,97,97,97,67,0,33,35.0633096227895,6.547525525093079,115.07655773311853,8007.880597014925
1781168707,100,GET,/product/1YMWWN1N4O,0.800000,0.000000,34,38,39,51,92,92,92,92,92,92,92,87,0,23,32.56956234188943,5.8013396337628365,156.99385665357113,8037.333333333333
1781168707,100,GET,/product/2ZYFJ3GM2N,0.800000,0.000000,39,41,48,48,51,53,53,53,53,53,53,79,0,38,39.67187761128703,5.931057035923004,167.3695109784603,8022.987341772152
1781168707,100,GET,/product/66VCHSJNUP,0.700000,0.000000,9,19,32,32,40,40,40,40,40,40,40,90,0,31,35.747004921237625,6.292002275586128,195.95273863524199,7984.9111111111115
1781168707,100,GET,/product/6E92ZMYYFZ,0.300000,0.000000,7,7,34,34,34,34,34,34,34,34,34,78,0,11,30.640111268999483,6.718969903886318,119.6466600522399,7987.346153846154
1781168707,100,GET,/product/9SIQT8TOJO,1.300000,0.000000,40,44,56,61,94,94,94,94,94,94,94,82,0,29,37.467172278500186,6.486288271844387,195.47508843243122,8024.670731707317
1781168707,100,GET,/product/L9ECAV7KIM,0.600000,0.000000,38,38,57,57,60,60,60,60,60,60,60,89,0,37,37.219281015352585,6.390640512108803,119.87675819545984,8009.7191011235955
1781168707,100,GET,/product/LS4PSXUNUM,0.800000,0.000000,8,37,53,53,58,58,58,58,58,58,58,84,0,15,32.00443875088933,6.203328259289265,97.06859663128853,7993.714285714285
1781168707,100,GET,/product/OLJCESPC7Z,1.000000,0.000000,60,64,90,91,96,96,96,96,96,96,96,78,0,37,40.649268668718065,6.530976854264736,163.45082502812147,8026.51282051282
1781168707,100,,Aggregated,55.900000,0.000000,29,43,52,57,76,90,97,120,140,140,140,5917,0,29,45.060221054659706,5.8013396337628365,1093.2018477469683,10636.782322122697
1781168708,100,GET,/,44.100000,0.000000,27,43,53,59,79,88,97,100,140,140,140,4509,0,27,45.822647872161355,6.144746206700802,1093.2018477469683,10548.303393213573
1781168708,100,POST,/cart,2.900000,0.000000,43,52,67,74,120,120,120,120,120,120,120,471,0,38,51.79966633819091,9.394378401339054,989.3006635829806,17693.386411889598
1781168708,100,POST,/cart/checkout,2.300000,0.000000,47,59,66,73,83,90,110,110,110,110,110,255,0,31,44.60684477771614,9.60568431764841,652.973567135632,6804.898039215686
1781168708,100,GET,/product/0PUK6V6EV0,0.400000,0.000000,37,37,97,97,97,97,97,97,97,97,97,68,0,21,34.639232107164226,6.226038560271263,115.07655773311853,8006.617647058823
1781168708,100,GET,/product/1YMWWN1N4O,1.000000,0.000000,34,38,39,51,92,92,92,92,92,92,92,87,0,23,32.56956234188943,5.8013396337628365,156.99385665357113,8037.333333333333
1781168708,100,GET,/product/2ZYFJ3GM2N,0.900000,0.000000,39,41,48,48,51,53,53,53,53,53,53,79,0,38,39.67187761128703,5.931057035923004,167.3695109784603,8022.987341772152
1781168708,100,GET,/product/66VCHSJNUP,0.800000,0.000000,9,19,32,32,40,40,40,40,40,40,40,90,0,31,35.747004921237625,6.292002275586128,195.95273863524199,7984.9111111111115
1781168708,100,GET,/product/6E92ZMYYFZ,0.200000,0.000000,34,34,45,45,45,45,45,45,45,45,45,79,0,16,30.826641494243205,6.718969903886318,119.6466600522399,7987.708860759493
1781168708,100,GET,/product/9SIQT8TOJO,1.300000,0.000000,40,44,56,61,94,94,94,94,94,94,94,83,0,29,37.17719380889671,6.486288271844387,195.47508843243122,8023.891566265061
1781168708,100,GET,/product/L9ECAV7KIM,0.500000,0.000000,38,57,57,60,60,60,60,60,60,60,60,89,0,37,37.219281015352585,6.390640512108803,119.87675819545984,8009.7191011235955
1781168708,100,GET,/product/LS4PSXUNUM,0.900000,0.000000,8,37,53,53,58,58,58,58,58,58,58,85,0,15,31.7103747607154,6.203328259289265,97.06859663128853,7994.094117647059
1781168708,100,GET,/product/OLJCESPC7Z,0.800000,0.000000,60,64,90,91,96,96,96,96,96,96,96,78,0,37,40.649268668718065,6.530976854264736,163.45082502812147,8026.51282051282
1781168708,100,,Aggregated,56.100000,0.000000,29,44,54,59,76,88,99,120,140,140,140,5973,0,29,44.973478752015154,5.8013396337628365,1093.2018477469683,10638.327975891512
1781168709,100,GET,/,44.400000,0.000000,27,42,53,58,79,88,97,100,140,140,140,4550,0,27,45.59878085852488,6.144746206700802,1093.2018477469683,10548.27032967033
1781168709,100,POST,/cart,3.000000,0.000000,43,56,68,74,120,120,120,120,120,120,120,473,0,38,51.68646689598896,9.394378401339054,989.3006635829806,17688.07399577167
1781168709,100,POST,/cart/checkout,2.100000,0.000000,40,56,65,72,76,90,110,110,110,110,110,259,0,30,44.1478312116217,9.60568431764841,652.973567135632,6805.003861003861
1781168709,100,GET,/product/0PUK6V6EV0,0.300000,0.000000,37,37,97,97,97,97,97,97,97,97,97,68,0,21,34.639232107164226,6.226038560271263,115.07655773311853,8006.617647058823
1781168709,100,GET,/product/1YMWWN1N4O,1.000000,0.000000,9,15,38,39,51,51,51,51,51,51,51,88,0,19,32.27706959428774,5.8013396337628365,156.99385665357113,8037.602272727273
1781168709,100,GET,/product/2ZYFJ3GM2N,1.000000,0.000000,39,41,48,51,53,53,53,53,53,53,53,79,0,38,39.67187761128703,5.931057035923004,167.3695109784603,8022.987341772152
1781168709,100,GET,/product/66VCHSJNUP,0.700000,0.000000,9,9,19,19,40,40,40,40,40,40,40,90,0,31,35.747004921237625,6.292002275586128,195.95273863524199,7984.9111111111115
1781168709,100,GET,/product/6E92ZMYYFZ,0.200000,0.000000,7,7,45,45,45,45,45,45,45,45,45,80,0,11,30.53000324871391,6.718969903886318,119.6466600522399,7987.125
1781168709,100,GET,/product/9SIQT8TOJO,1.000000,0.000000,40,44,56,61,94,94,94,94,94,94,94,84,0,27,36.8214198942518,6.486288271844387,195.47508843243122,8024.190476190476
1781168709,100,GET,/product/L9ECAV7KIM,0.600000,0.000000,38,38,60,60,60,60,60,60,60,60,60,89,0,37,37.219281015352585,6.390640512108803,119.87675819545984,8009.7191011235955
1781168709,100,GET,/product/LS4PSXUNUM,0.800000,0.000000,8,8,37,37,53,53,53,53,53,53,53,87,0,11,31.13505274228666,6.148121319711208,97.06859663128853,7993.080459770115
1781168709,100,GET,/product/OLJCESPC7Z,1.000000,0.000000,60,64,90,91,96,96,96,96,96,96,96,78,0,37,40.649268668718065,6.530976854264736,163.45082502812147,8026.51282051282
1781168709,100,,Aggregated,56.100000,0.000000,27,43,53,58,76,88,99,120,140,140,140,6025,0,28,44.75201772610924,5.8013396337628365,1093.2018477469683,10634.877178423236
1781168710,100,GET,/,43.800000,0.000000,27,42,54,58,79,88,97,100,140,140,140,4584,0,27,45.45459049785539,6.144746206700802,1093.2018477469683,10548.216404886562
1781168710,100,POST,/cart,2.800000,0.000000,43,55,67,68,76,120,120,120,120,120,120,477,0,38,51.52159403283266,9.394378401339054,989.3006635829806,17692.65618448637
1781168710,100,POST,/cart/checkout,2.700000,0.000000,35,56,66,72,76,90,110,110,110,110,110,260,0,29,44.024025014816566,9.60568431764841,652.973567135632,6805.1038461538465
1781168710,100,GET,/product/0PUK6V6EV0,0.300000,0.000000,13,37,37,97,97,97,97,97,97,97,97,69,0,21,34.260513598396294,6.226038560271263,115.07655773311853,8007.289855072464
1781168710,100,GET,/product/1YMWWN1N4O,1.000000,0.000000,9,15,38,39,51,51,51,51,51,51,51,88,0,19,32.27706959428774,5.8013396337628365,156.99385665357113,8037.602272727273
1781168710,100,GET,/product/2ZYFJ3GM2N,1.100000,0.000000,34,48,51,51,53,53,53,53,53,53,53,79,0,38,39.67187761128703,5.931057035923004,167.3695109784603,8022.987341772152
1781168710,100,GET,/product/66VCHSJNUP,0.800000,0.000000,9,9,19,19,40,40,40,40,40,40,40,90,0,31,35.747004921237625,6.292002275586128,195.95273863524199,7984.9111111111115
1781168710,100,GET,/product/6E92ZMYYFZ,0.200000,0.000000,7,7,7,7,45,45,45,45,45,45,45,82,0,11,29.945489223592165,6.197826936841011,119.6466600522399,7985.463414634146
1781168710,100,GET,/product/9SIQT8TOJO,1.000000,0.000000,40,44,56,56,61,94,94,94,94,94,94,85,0,29,36.86281966374201,6.486288271844387,195.47508843243122,8023.294117647059
1781168710,100,GET,/product/L9ECAV7KIM,0.500000,0.000000,38,38,60,60,60,60,60,60,60,60,60,89,0,37,37.219281015352585,6.390640512108803,119.87675819545984,8009.7191011235955
1781168710,100,GET,/product/LS4PSXUNUM,0.900000,0.000000,8,8,37,37,53,53,53,53,53,53,53,87,0,11,31.13505274228666,6.148121319711208,97.06859663128853,7993.080459770115
1781168710,100,GET,/product/OLJCESPC7Z,0.900000,0.000000,37,60,64,64,96,96,96,96,96,96,96,78,0,37,40.649268668718065,6.530976854264736,163.45082502812147,8026.51282051282
1781168710,100,,Aggregated,56.000000,0.000000,27,43,54,59,76,89,99,120,140,140,140,6068,0,28,44.614755171280535,5.8013396337628365,1093.2018477469683,10636.970500988793
1781168711,100,GET,/,42.900000,0.000000,30,46,58,67,96,430,770,910,1000,1000,1000,4615,0,27,49.22653732201809,6.144746206700802,1093.2018477469683,10548.214734561214
1781168711,100,POST,/cart,3.000000,0.000000,43,52,56,67,75,76,120,120,120,120,120,477,0,38,51.52159403283266,9.394378401339054,989.3006635829806,17692.65618448637
1781168711,100,POST,/cart/checkout,3.000000,0.000000,35,56,72,73,90,770,920,920,920,920,920,262,0,30,50.1446757209665,9.60568431764841,917.2411067411304,6805.31679389313
1781168711,100,GET,/product/0PUK6V6EV0,0.400000,0.000000,13,13,97,97,97,97,97,97,97,97,97,69,0,21,34.260513598396294,6.226038560271263,115.07655773311853,8007.289855072464
1781168711,100,GET,/product/1YMWWN1N4O,0.900000,0.000000,9,15,38,39,51,51,51,51,51,51,51,88,0,19,32.27706959428774,5.8013396337628365,156.99385665357113,8037.602272727273
1781168711,100,GET,/product/2ZYFJ3GM2N,1.100000,0.000000,48,48,51,51,53,53,53,53,53,53,53,79,0,38,39.67187761128703,5.931057035923004,167.3695109784603,8022.987341772152
1781168711,100,GET,/product/66VCHSJNUP,0.600000,0.000000,9,9,19,19,40,40,40,40,40,40,40,90,0,31,35.747004921237625,6.292002275586128,195.95273863524199,7984.9111111111115
1781168711,100,GET,/product/6E92ZMYYFZ,0.300000,0.000000,7,7,7,7,45,45,45,45,45,45,45,82,0,11,29.945489223592165,6.197826936841011,119.6466600522399,7985.463414634146
1781168711,100,GET,/product/9SIQT8TOJO,0.900000,0.000000,13,40,61,61,94,94,94,94,94,94,94,85,0,29,36.86281966374201,6.486288271844387,195.47508843243122,8023.294117647059
1781168711,100,GET,/product/L9ECAV7KIM,0.500000,0.000000,60,60,900,900,900,900,900,900,900,900,900,90,0,37,46.75535668308536,6.390640512108803,895.4660911113024,8009.9111111111115
1781168711,100,GET,/product/LS4PSXUNUM,0.800000,0.000000,7,7,7,53,53,53,53,53,53,53,53,87,0,11,31.13505274228666,6.148121319711208,97.06859663128853,7993.080459770115
1781168711,100,GET,/product/OLJCESPC7Z,0.700000,0.000000,37,60,64,64,96,96,96,96,96,96,96,78,0,37,40.649268668718065,6.530976854264736,163.45082502812147,8026.51282051282
1781168711,100,,Aggregated,55.100000,0.000000,31,47,57,67,90,410,770,910,1000,1000,1000,6102,0,29,47.87382594303948,5.8013396337628365,1093.2018477469683,10634.843821697805
1781168712,100,GET,/,43.100000,0.000000,37,59,82,99,730,980,1200,1200,1300,1300,1300,4660,0,28,56.783942391200576,6.144746206700802,1264.1653697937727,10548.160300429185
1781168712,100,POST,/cart,2.900000,0.000000,55,74,120,1100,1400,1700,1900,1900,1900,1900,1900,484,0,39,70.03277967768636,9.394378401339054,1939.8788772523403,17715.136363636364
1781168712,100,POST,/cart/checkout,3.300000,0.000000,52,66,76,83,770,920,1300,1300,1300,1300,1300,265,0,31,57.9836872142722,9.60568431764841,1334.4804923981428,6805.260377358491
1781168712,100,GET,/product/0PUK6V6EV0,0.400000,0.000000,13,13,97,97,97,97,97,97,97,97,97,69,0,21,34.260513598396294,6.226038560271263,115.07655773311853,8007.289855072464
1781168712,100,GET,/product/1YMWWN1N4O,0.900000,0.000000,8,38,39,39,51,51,51,51,51,51,51,88,0,19,32.27706959428774,5.8013396337628365,156.99385665357113,8037.602272727273
1781168712,100,GET,/product/2ZYFJ3GM2N,1.000000,0.000000,48,48,51,51,53,53,53,53,53,53,53,79,0,38,39.67187761128703,5.931057035923004,167.3695109784603,8022.987341772152
1781168712,100,GET,/product/66VCHSJNUP,0.600000,0.000000,8,40,40,900,900,900,900,900,900,900,900,91,0,32,45.25658167939592,6.292002275586128,901.1184899136424,7984.483516483517
1781168712,100,GET,/product/6E92ZMYYFZ,0.400000,0.000000,7,45,970,970,970,970,970,970,970,970,970,84,0,11,52.230485005392914,6.197826936841011,966.6486829519272,7984.238095238095
