Timestamp,User Count,Type,Name,Requests/s,Failures/s,50%,66%,75%,80%,90%,95%,98%,99%,99.9%,99.99%,100%,Total Request Count,Total Failure Count,Total Median Response Time,Total Average Response Time,Total Min Response Time,Total Max Response Time,Total Average Content Size
1780929293,0,,Aggregated,0.000000,0.000000,N/A,N/A,N/A,N/A,N/A,N/A,N/A,N/A,N/A,N/A,N/A,0,0,0,0.0,0,0,0
1780929294,5,GET,/,0.000000,0.000000,0,0,0,0,0,0,0,0,0,0,0,5,0,870,870.9152100607753,865.2521651238203,881.6180266439915,10210.0
1780929294,5,GET,/product/LS4PSXUNUM,0.000000,0.000000,0,0,0,0,0,0,0,0,0,0,0,2,0,27,27.137656696140766,26.532430201768875,27.742883190512657,7681.0
1780929294,5,,Aggregated,0.000000,0.000000,0,0,0,0,0,0,0,0,0,0,0,7,0,870,629.8359090994511,26.532430201768875,881.6180266439915,9487.42857142857
1780929295,10,GET,/,0.000000,0.000000,0,0,0,0,0,0,0,0,0,0,0,10,0,200,533.8147080503404,195.2811088413,881.6180266439915,10210.0
1780929295,10,GET,/product/0PUK6V6EV0,0.000000,0.000000,0,0,0,0,0,0,0,0,0,0,0,1,0,95.01882176846266,95.01882176846266,95.01882176846266,95.01882176846266,7682.0
1780929295,10,GET,/product/LS4PSXUNUM,0.000000,0.000000,0,0,0,0,0,0,0,0,0,0,0,2,0,27,27.137656696140766,26.532430201768875,27.742883190512657,7681.0
1780929295,10,,Aggregated,0.000000,0.000000,200,870,870,870,870,880,880,880,880,880,880,13,0,200,422.110862743396,26.532430201768875,881.6180266439915,9626.461538461539
1780929296,15,GET,/,0.000000,0.000000,230,410,490,490,490,490,490,490,490,490,490,20,0,410,452.0565348211676,160.64187046140432,881.6180266439915,10210.0
1780929296,15,GET,/product/0PUK6V6EV0,0.000000,0.000000,0,0,0,0,0,0,0,0,0,0,0,1,0,95.01882176846266,95.01882176846266,95.01882176846266,95.01882176846266,7682.0
1780929296,15,GET,/product/LS4PSXUNUM,0.000000,0.000000,28,28,28,28,28,28,28,28,28,28,28,2,0,27,27.137656696140766,26.532430201768875,27.742883190512657,7681.0
1780929296,15,,Aggregated,0.000000,0.000000,270,490,490,870,870,870,880,880,880,880,880,23,0,270,399.5836883297433,26.532430201768875,881.6180266439915,9880.173913043478
1780929298,20,GET,/,2.500000,0.000000,320,390,410,490,490,490,490,490,490,490,490,29,0,390,396.33507589841713,19.574245437979698,881.6180266439915,10210.0
1780929298,20,POST,/cart,0.000000,0.000000,0,0,0,0,0,0,0,0,0,0,0,1,0,182.18663334846497,182.18663334846497,182.18663334846497,182.18663334846497,16241.0
1780929298,20,POST,/cart/checkout,0.000000,0.000000,0,0,0,0,0,0,0,0,0,0,0,1,0,127.66479700803757,127.66479700803757,127.66479700803757,127.66479700803757,6584.0
1780929298,20,GET,/product/0PUK6V6EV0,0.000000,0.000000,95,95,95,95,95,95,95,95,95,95,95,1,0,95.01882176846266,95.01882176846266,95.01882176846266,95.01882176846266,7682.0
1780929298,20,GET,/product/6E92ZMYYFZ,0.000000,0.000000,0,0,0,0,0,0,0,0,0,0,0,1,0,96.61823138594627,96.61823138594627,96.61823138594627,96.61823138594627,7629.0
1780929298,20,GET,/product/LS4PSXUNUM,1.000000,0.000000,28,28,28,28,28,28,28,28,28,28,28,2,0,27,27.137656696140766,26.532430201768875,27.742883190512657,7681.0
1780929298,20,,Aggregated,3.500000,0.000000,270,390,490,490,870,870,880,880,880,880,880,35,0,270,344.27088565592254,19.574245437979698,881.6180266439915,9988.228571428572
1780929299,25,GET,/,3.333333,0.000000,240,370,390,390,490,490,490,490,490,490,490,37,0,290,357.18161157156163,19.574245437979698,881.6180266439915,10210.0
1780929299,25,POST,/cart,0.000000,0.000000,150,150,150,150,150,150,150,150,150,150,150,2,0,150,166.08259035274386,149.97854735702276,182.18663334846497,16243.0
1780929299,25,POST,/cart/checkout,0.000000,0.000000,110,110,110,110,110,110,110,110,110,110,110,3,0,110,87.05955216040213,22.013609297573566,127.66479700803757,6568.666666666667
1780929299,25,GET,/product/0PUK6V6EV0,0.333333,0.000000,95,95,95,95,95,95,95,95,95,95,95,1,0,95.01882176846266,95.01882176846266,95.01882176846266,95.01882176846266,7682.0
1780929299,25,GET,/product/6E92ZMYYFZ,0.000000,0.000000,100,100,100,100,100,100,100,100,100,100,100,2,0,97,100.61170486733317,96.61823138594627,104.60517834872007,7648.0
1780929299,25,GET,/product/LS4PSXUNUM,0.666667,0.000000,28,28,28,28,28,28,28,28,28,28,28,2,0,27,27.137656696140766,26.532430201768875,27.742883190512657,7681.0
1780929299,25,,Aggregated,4.333333,0.000000,220,370,390,490,870,870,880,880,880,880,880,47,0,220,301.26768106872095,19.574245437979698,881.6180266439915,9963.872340425532
1780929300,30,GET,/,5.000000,0.000000,270,390,410,460,490,490,490,490,490,490,490,51,0,300,345.67726361473984,19.574245437979698,881.6180266439915,10211.745098039215
1780929300,30,POST,/cart,0.000000,0.000000,96,96,150,150,150,150,150,150,150,150,150,4,0,96,114.15505036711693,28.058091178536415,182.18663334846497,16239.5
1780929300,30,POST,/cart/checkout,0.000000,0.000000,110,110,120,120,120,120,120,120,120,120,120,4,0,110,95.1385407242924,22.013609297573566,127.66479700803757,6572.0
1780929300,30,GET,/product/0PUK6V6EV0,0.250000,0.000000,95,95,95,95,95,95,95,95,95,95,95,1,0,95.01882176846266,95.01882176846266,95.01882176846266,95.01882176846266,7682.0
1780929300,30,GET,/product/1YMWWN1N4O,0.000000,0.000000,0,0,0,0,0,0,0,0,0,0,0,1,0,51.814084872603416,51.814084872603416,51.814084872603416,51.814084872603416,7682.0
1780929300,30,GET,/product/6E92ZMYYFZ,0.000000,0.000000,100,100,100,100,100,100,100,100,100,100,100,2,0,97,100.61170486733317,96.61823138594627,104.60517834872007,7648.0
1780929300,30,GET,/product/9SIQT8TOJO,0.000000,0.000000,0,0,0,0,0,0,0,0,0,0,0,1,0,106.16845544427633,106.16845544427633,106.16845544427633,106.16845544427633,7716.0
1780929300,30,GET,/product/LS4PSXUNUM,0.500000,0.000000,28,28,62,62,62,62,62,62,62,62,62,3,0,28,38.794923573732376,26.532430201768875,62.109457328915596,7677.666666666667
1780929300,30,,Aggregated,5.750000,0.000000,220,330,410,460,490,870,870,880,880,880,880,67,0,220,284.1391694217698,19.574245437979698,881.6180266439915,10051.55223880597
1780929301,35,GET,/,5.800000,0.000000,300,390,460,470,490,520,520,520,520,520,520,63,0,330,344.89777824649263,19.574245437979698,881.6180266439915,10211.412698412698
1780929301,35,POST,/cart,0.200000,0.000000,150,150,210,210,210,210,210,210,210,210,210,5,0,150,133.2395739853382,28.058091178536415,209.57766845822334,16523.6
1780929301,35,POST,/cart/checkout,0.200000,0.000000,110,110,110,120,120,120,120,120,120,120,120,6,0,110,94.05823269238074,22.013609297573566,127.66479700803757,6568.0
1780929301,35,GET,/product/0PUK6V6EV0,0.200000,0.000000,95,95,95,95,95,95,95,95,95,95,95,1,0,95.01882176846266,95.01882176846266,95.01882176846266,95.01882176846266,7682.0
1780929301,35,GET,/product/1YMWWN1N4O,0.000000,0.000000,52,52,52,52,52,52,52,52,52,52,52,1,0,51.814084872603416,51.814084872603416,51.814084872603416,51.814084872603416,7682.0
1780929301,35,GET,/product/2ZYFJ3GM2N,0.000000,0.000000,0,0,0,0,0,0,0,0,0,0,0,1,0,94.53514590859413,94.53514590859413,94.53514590859413,94.53514590859413,7710.0
1780929301,35,GET,/product/6E92ZMYYFZ,0.200000,0.000000,100,100,100,100,100,100,100,100,100,100,100,2,0,97,100.61170486733317,96.61823138594627,104.60517834872007,7648.0
1780929301,35,GET,/product/9SIQT8TOJO,0.000000,0.000000,110,110,110,110,110,110,110,110,110,110,110,1,0,106.16845544427633,106.16845544427633,106.16845544427633,106.16845544427633,7716.0
1780929301,35,GET,/product/LS4PSXUNUM,0.400000,0.000000,28,28,62,62,62,62,62,62,62,62,62,3,0,28,38.794923573732376,26.532430201768875,62.109457328915596,7677.666666666667
1780929301,35,,Aggregated,7.000000,0.000000,220,370,420,470,510,870,870,880,880,880,880,83,0,220,284.62954197662424,19.574245437979698,881.6180266439915,10053.783132530121
1780929302,40,GET,/,7.285714,0.000000,300,390,420,440,490,510,520,520,520,520,520,82,0,320,335.71885651113786,19.574245437979698,881.6180266439915,10214.341463414634
1780929302,40,POST,/cart,0.571429,0.000000,160,190,200,200,210,210,210,210,210,210,210,9,0,160,146.40329860978656,28.058091178536415,209.57766845822334,16398.0
1780929302,40,POST,/cart/checkout,0.571429,0.000000,110,110,110,120,120,120,120,120,120,120,120,6,0,110,94.05823269238074,22.013609297573566,127.66479700803757,6568.0
1780929302,40,GET,/product/0PUK6V6EV0,0.142857,0.000000,95,95,95,95,95,95,95,95,95,95,95,1,0,95.01882176846266,95.01882176846266,95.01882176846266,95.01882176846266,7682.0
1780929302,40,GET,/product/1YMWWN1N4O,0.142857,0.000000,97,97,97,97,97,97,97,97,97,97,97,2,0,52,74.32184275239706,51.814084872603416,96.8296006321907,7705.0
1780929302,40,GET,/product/2ZYFJ3GM2N,0.000000,0.000000,95,95,95,95,95,95,95,95,95,95,95,1,0,94.53514590859413,94.53514590859413,94.53514590859413,94.53514590859413,7710.0
1780929302,40,GET,/product/6E92ZMYYFZ,0.285714,0.000000,100,100,100,100,100,100,100,100,100,100,100,2,0,97,100.61170486733317,96.61823138594627,104.60517834872007,7648.0
1780929302,40,GET,/product/9SIQT8TOJO,0.142857,0.000000,110,110,110,110,110,110,110,110,110,110,110,1,0,106.16845544427633,106.16845544427633,106.16845544427633,106.16845544427633,7716.0
1780929302,40,GET,/product/L9ECAV7KIM,0.000000,0.000000,0,0,0,0,0,0,0,0,0,0,0,1,0,68.3611435815692,68.3611435815692,68.3611435815692,68.3611435815692,7692.0
1780929302,40,GET,/product/LS4PSXUNUM,0.428571,0.000000,28,28,62,62,62,62,62,62,62,62,62,3,0,28,38.794923573732376,26.532430201768875,62.109457328915596,7677.666666666667
1780929302,40,,Aggregated,9.571429,0.000000,230,370,410,430,490,520,870,870,880,880,880,108,0,230,280.011673613141,19.574245437979698,881.6180266439915,10269.49074074074
1780929303,40,GET,/,7.875000,0.000000,290,390,420,460,490,510,520,520,520,520,520,94,0,300,333.17511053161417,19.574245437979698,881.6180266439915,10215.68085106383
1780929303,40,POST,/cart,0.625000,0.000000,170,190,210,210,210,230,230,230,230,230,230,13,0,170,159.64871716613953,28.058091178536415,227.21552290022373,16347.615384615385
1780929303,40,POST,/cart/checkout,0.750000,0.000000,110,110,110,120,120,120,120,120,120,120,120,6,0,110,94.05823269238074,22.013609297573566,127.66479700803757,6568.0
1780929303,40,GET,/product/0PUK6V6EV0,0.125000,0.000000,95,95,95,95,95,95,95,95,95,95,95,1,0,95.01882176846266,95.01882176846266,95.01882176846266,95.01882176846266,7682.0
1780929303,40,GET,/product/1YMWWN1N4O,0.125000,0.000000,97,97,180,180,180,180,180,180,180,180,180,3,0,97,109.7889222825567,51.814084872603416,180.72308134287596,7702.666666666667
1780929303,40,GET,/product/2ZYFJ3GM2N,0.125000,0.000000,95,95,95,95,95,95,95,95,95,95,95,1,0,94.53514590859413,94.53514590859413,94.53514590859413,94.53514590859413,7710.0
1780929303,40,GET,/product/6E92ZMYYFZ,0.250000,0.000000,100,100,100,100,100,100,100,100,100,100,100,2,0,97,100.61170486733317,96.61823138594627,104.60517834872007,7648.0
1780929303,40,GET,/product/9SIQT8TOJO,0.125000,0.000000,110,110,110,110,110,110,110,110,110,110,110,1,0,106.16845544427633,106.16845544427633,106.16845544427633,106.16845544427633,7716.0
1780929303,40,GET,/product/L9ECAV7KIM,0.000000,0.000000,68,68,68,68,68,68,68,68,68,68,68,1,0,68.3611435815692,68.3611435815692,68.3611435815692,68.3611435815692,7692.0
1780929303,40,GET,/product/LS4PSXUNUM,0.375000,0.000000,28,28,62,62,62,62,62,62,62,62,62,3,0,28,38.794923573732376,26.532430201768875,62.109457328915596,7677.666666666667
1780929303,40,,Aggregated,10.375000,0.000000,230,340,410,440,490,520,870,870,880,880,880,125,0,230,279.75441298633814,19.574245437979698,881.6180266439915,10435.504
1780929304,40,GET,/,7.875000,0.000000,270,380,420,450,490,510,520,520,520,520,520,105,0,270,319.99171674251556,19.574245437979698,881.6180266439915,10216.780952380952
1780929304,40,POST,/cart,0.625000,0.000000,180,190,210,210,210,230,230,230,230,230,230,17,0,180,165.8023537191398,28.058091178536415,227.21552290022373,16323.117647058823
1780929304,40,POST,/cart/checkout,0.750000,0.000000,110,110,120,120,170,170,170,170,170,170,170,7,0,110,105.11983465403318,22.013609297573566,171.4894464239478,6565.714285714285
1780929304,40,GET,/product/0PUK6V6EV0,0.125000,0.000000,95,95,95,95,95,95,95,95,95,95,95,1,0,95.01882176846266,95.01882176846266,95.01882176846266,95.01882176846266,7682.0
1780929304,40,GET,/product/1YMWWN1N4O,0.125000,0.000000,97,97,180,180,180,180,180,180,180,180,180,3,0,97,109.7889222825567,51.814084872603416,180.72308134287596,7702.666666666667
1780929304,40,GET,/product/2ZYFJ3GM2N,0.125000,0.000000,95,95,95,95,95,95,95,95,95,95,95,1,0,94.53514590859413,94.53514590859413,94.53514590859413,94.53514590859413,7710.0
1780929304,40,GET,/product/6E92ZMYYFZ,0.250000,0.000000,100,100,100,100,100,100,100,100,100,100,100,2,0,97,100.61170486733317,96.61823138594627,104.60517834872007,7648.0
1780929304,40,GET,/product/9SIQT8TOJO,0.125000,0.000000,110,110,110,110,110,110,110,110,110,110,110,1,0,106.16845544427633,106.16845544427633,106.16845544427633,106.16845544427633,7716.0
1780929304,40,GET,/product/L9ECAV7KIM,0.000000,0.000000,170,170,170,170,170,170,170,170,170,170,170,2,0,68.3611435815692,120.05873210728168,68.3611435815692,171.75632063299417,7692.0
1780929304,40,GET,/product/LS4PSXUNUM,0.375000,0.000000,28,28,62,62,62,62,62,62,62,62,62,3,0,28,38.794923573732376,26.532430201768875,62.109457328915596,7677.666666666667
1780929304,40,,Aggregated,10.375000,0.000000,210,300,380,410,470,490,520,520,520,520,520,142,0,220,269.9748165380787,19.574245437979698,881.6180266439915,10536.225352112677
1780929305,40,GET,/,9.000000,0.000000,270,380,420,440,490,500,520,520,520,520,520,114,0,270,312.1507874804369,19.574245437979698,881.6180266439915,10220.149122807017
1780929305,40,POST,/cart,1.000000,0.000000,170,190,200,210,210,230,230,230,230,230,230,18,0,170,163.7499016813106,28.058091178536415,227.21552290022373,16399.166666666668
1780929305,40,POST,/cart/checkout,0.666667,0.000000,110,120,170,170,170,170,170,170,170,170,170,8,0,110,113.06334577966481,22.013609297573566,171.4894464239478,6561.875
1780929305,40,GET,/product/0PUK6V6EV0,0.111111,0.000000,95,95,95,95,95,95,95,95,95,95,95,1,0,95.01882176846266,95.01882176846266,95.01882176846266,95.01882176846266,7682.0
1780929305,40,GET,/product/1YMWWN1N4O,0.222222,0.000000,110,110,180,180,180,180,180,180,180,180,180,4,0,97,109.16828038170934,51.814084872603416,180.72308134287596,7708.5
1780929305,40,GET,/product/2ZYFJ3GM2N,0.111111,0.000000,95,95,95,95,95,95,95,95,95,95,95,1,0,94.53514590859413,94.53514590859413,94.53514590859413,94.53514590859413,7710.0
1780929305,40,GET,/product/6E92ZMYYFZ,0.222222,0.000000,100,100,100,100,100,100,100,100,100,100,100,3,0,100,101.51467844843864,96.61823138594627,104.60517834872007,7684.666666666667
1780929305,40,GET,/product/9SIQT8TOJO,0.111111,0.000000,110,110,110,110,110,110,110,110,110,110,110,1,0,106.16845544427633,106.16845544427633,106.16845544427633,106.16845544427633,7716.0
1780929305,40,GET,/product/L9ECAV7KIM,0.111111,0.000000,170,170,170,170,170,170,170,170,170,170,170,2,0,68.3611435815692,120.05873210728168,68.3611435815692,171.75632063299417,7692.0
1780929305,40,GET,/product/LS4PSXUNUM,0.333333,0.000000,28,28,62,62,62,62,62,62,62,62,62,3,0,28,38.794923573732376,26.532430201768875,62.109457328915596,7677.666666666667
1780929305,40,,Aggregated,11.888889,0.000000,220,290,380,410,470,490,520,520,520,520,520,155,0,210,263.4234618335482,19.574245437979698,881.6180266439915,10504.451612903225
1780929306,40,GET,/,10.500000,0.000000,300,390,430,460,510,540,620,690,720,720,720,132,0,300,334.58407839167523,19.574245437979698,881.6180266439915,10222.136363636364
1780929306,40,POST,/cart,1.700000,0.000000,190,210,210,220,290,440,440,440,440,440,440,21,0,180,185.6341650266023,28.058091178536415,439.53768629580736,16441.619047619046
1780929306,40,POST,/cart/checkout,0.700000,0.000000,170,170,260,260,300,300,300,300,300,300,300,11,0,130,156.04038832878524,22.013609297573566,297.4518062546849,6556.0
1780929306,40,GET,/product/0PUK6V6EV0,0.100000,0.000000,95,95,95,95,95,95,95,95,95,95,95,1,0,95.01882176846266,95.01882176846266,95.01882176846266,95.01882176846266,7682.0
1780929306,40,GET,/product/1YMWWN1N4O,0.300000,0.000000,110,110,180,180,180,180,180,180,180,180,180,4,0,97,109.16828038170934,51.814084872603416,180.72308134287596,7708.5
1780929306,40,GET,/product/2ZYFJ3GM2N,0.100000,0.000000,200,200,200,200,200,200,200,200,200,200,200,2,0,95,147.19205116853118,94.53514590859413,199.84895642846823,7701.0
1780929306,40,GET,/product/6E92ZMYYFZ,0.200000,0.000000,100,100,100,100,100,100,100,100,100,100,100,3,0,100,101.51467844843864,96.61823138594627,104.60517834872007,7684.666666666667
1780929306,40,GET,/product/9SIQT8TOJO,0.100000,0.000000,110,110,110,110,110,110,110,110,110,110,110,1,0,106.16845544427633,106.16845544427633,106.16845544427633,106.16845544427633,7716.0
1780929306,40,GET,/product/L9ECAV7KIM,0.200000,0.000000,91,91,170,170,170,170,170,170,170,170,170,3,0,91,110.30722254266341,68.3611435815692,171.75632063299417,7717.0
1780929306,40,GET,/product/LS4PSXUNUM,0.300000,0.000000,28,28,62,62,62,62,62,62,62,62,62,3,0,28,38.794923573732376,26.532430201768875,62.109457328915596,7677.666666666667
1780929306,40,,Aggregated,14.200000,0.000000,230,320,390,420,470,520,620,690,720,720,720,181,0,230,284.3312434234672,19.574245437979698,881.6180266439915,10483.889502762431
1780929307,40,GET,/,10.500000,0.000000,270,340,420,450,500,520,620,690,720,720,720,150,0,280,321.08754644170403,19.574245437979698,881.6180266439915,10223.646666666667
1780929307,40,POST,/cart,1.700000,0.000000,190,210,210,220,290,440,440,440,440,440,440,21,0,180,185.6341650266023,28.058091178536415,439.53768629580736,16441.619047619046
1780929307,40,POST,/cart/checkout,0.700000,0.000000,170,170,260,260,300,300,300,300,300,300,300,11,0,130,156.04038832878524,22.013609297573566,297.4518062546849,6556.0
1780929307,40,GET,/product/0PUK6V6EV0,0.100000,0.000000,95,95,95,95,95,95,95,95,95,95,95,2,0,94.32223811745644,94.67052994295955,94.32223811745644,95.01882176846266,7678.0
1780929307,40,GET,/product/1YMWWN1N4O,0.300000,0.000000,110,110,110,180,180,180,180,180,180,180,180,5,0,110,108.74632243067026,51.814084872603416,180.72308134287596,7709.2
1780929307,40,GET,/product/2ZYFJ3GM2N,0.100000,0.000000,200,200,200,200,200,200,200,200,200,200,200,2,0,95,147.19205116853118,94.53514590859413,199.84895642846823,7701.0
1780929307,40,GET,/product/6E92ZMYYFZ,0.200000,0.000000,100,100,100,100,100,100,100,100,100,100,100,3,0,100,101.51467844843864,96.61823138594627,104.60517834872007,7684.666666666667
1780929307,40,GET,/product/9SIQT8TOJO,0.100000,0.000000,110,110,110,110,110,110,110,110,110,110,110,2,0,21,63.57639888301492,20.984342321753502,106.16845544427633,7711.0
1780929307,40,GET,/product/L9ECAV7KIM,0.200000,0.000000,91,91,170,170,170,170,170,170,170,170,170,3,0,91,110.30722254266341,68.3611435815692,171.75632063299417,7717.0
1780929307,40,GET,/product/LS4PSXUNUM,0.300000,0.000000,62,62,62,62,62,62,62,62,62,62,62,3,0,28,38.794923573732376,26.532430201768875,62.109457328915596,7677.666666666667
1780929307,40,,Aggregated,14.200000,0.000000,230,290,370,420,470,520,620,690,720,720,720,202,0,230,275.66511757063245,19.574245437979698,881.6180266439915,10420.301980198019
1780929308,40,GET,/,11.800000,0.000000,280,410,460,470,520,590,620,690,720,720,720,165,0,280,331.16800826268667,19.574245437979698,881.6180266439915,10225.103030303031
1780929308,40,POST,/cart,2.100000,0.000000,190,210,220,230,290,440,440,440,440,440,440,22,0,180,190.3481982563707,28.058091178536415,439.53768629580736,16432.590909090908
1780929308,40,POST,/cart/checkout,1.100000,0.000000,170,260,260,260,300,300,300,300,300,300,300,11,0,130,156.04038832878524,22.013609297573566,297.4518062546849,6556.0
1780929308,40,GET,/product/0PUK6V6EV0,0.000000,0.000000,95,95,95,95,95,95,95,95,95,95,95,2,0,94.32223811745644,94.67052994295955,94.32223811745644,95.01882176846266,7678.0
1780929308,40,GET,/product/1YMWWN1N4O,0.400000,0.000000,110,110,110,180,180,180,180,180,180,180,180,5,0,110,108.74632243067026,51.814084872603416,180.72308134287596,7709.2
1780929308,40,GET,/product/2ZYFJ3GM2N,0.200000,0.000000,200,200,200,200,200,200,200,200,200,200,200,3,0,199.84895642846823,164.16525219877562,94.53514590859413,199.84895642846823,7702.0
1780929308,40,GET,/product/6E92ZMYYFZ,0.300000,0.000000,100,100,100,100,100,100,100,100,100,100,100,3,0,100,101.51467844843864,96.61823138594627,104.60517834872007,7684.666666666667
1780929308,40,GET,/product/9SIQT8TOJO,0.100000,0.000000,110,110,110,110,110,110,110,110,110,110,110,2,0,21,63.57639888301492,20.984342321753502,106.16845544427633,7711.0
1780929308,40,GET,/product/L9ECAV7KIM,0.300000,0.000000,170,170,330,330,330,330,330,330,330,330,330,4,0,91,164.56607240252197,68.3611435815692,327.3426219820976,7707.25
1780929308,40,GET,/product/LS4PSXUNUM,0.100000,0.000000,62,62,62,62,62,62,62,62,62,62,62,3,0,28,38.794923573732376,26.532430201768875,62.109457328915596,7677.666666666667
1780929308,40,,Aggregated,16.400000,0.000000,250,320,420,450,510,550,620,690,720,720,720,220,0,240,286.2670014485378,19.574245437979698,881.6180266439915,10409.64090909091
1780929309,40,GET,/,11.800000,0.000000,280,370,430,460,520,590,620,690,720,720,720,180,0,280,324.31441732785765,19.574245437979698,881.6180266439915,10226.316666666668
1780929309,40,POST,/cart,2.100000,0.000000,190,210,220,230,290,290,440,440,440,440,440,26,0,180,188.0104747027732,28.058091178536415,439.53768629580736,16566.5
1780929309,40,POST,/cart/checkout,1.100000,0.000000,170,260,260,260,300,300,300,300,300,300,300,11,0,130,156.04038832878524,22.013609297573566,297.4518062546849,6556.0
1780929309,40,GET,/product/0PUK6V6EV0,0.000000,0.000000,95,95,95,95,95,95,95,95,95,95,95,2,0,94.32223811745644,94.67052994295955,94.32223811745644,95.01882176846266,7678.0
1780929309,40,GET,/product/1YMWWN1N4O,0.400000,0.000000,110,110,110,180,180,180,180,180,180,180,180,5,0,110,108.74632243067026,51.814084872603416,180.72308134287596,7709.2
1780929309,40,GET,/product/2ZYFJ3GM2N,0.200000,0.000000,200,200,200,200,200,200,200,200,200,200,200,4,0,110,149.47321056388319,94.53514590859413,199.84895642846823,7702.0
1780929309,40,GET,/product/6E92ZMYYFZ,0.300000,0.000000,100,100,100,100,100,100,100,100,100,100,100,3,0,100,101.51467844843864,96.61823138594627,104.60517834872007,7684.666666666667
1780929309,40,GET,/product/9SIQT8TOJO,0.100000,0.000000,110,110,110,110,110,110,110,110,110,110,110,2,0,21,63.57639888301492,20.984342321753502,106.16845544427633,7711.0
1780929309,40,GET,/product/L9ECAV7KIM,0.300000,0.000000,170,170,330,330,330,330,330,330,330,330,330,4,0,91,164.56607240252197,68.3611435815692,327.3426219820976,7707.25
1780929309,40,GET,/product/LS4PSXUNUM,0.100000,0.000000,62,62,62,62,62,62,62,62,62,62,62,3,0,28,38.794923573732376,26.532430201768875,62.109457328915596,7677.666666666667
1780929309,40,,Aggregated,16.400000,0.000000,250,290,380,420,510,550,620,690,720,720,720,240,0,240,281.32759641933563,19.574245437979698,881.6180266439915,10502.625
1780929310,40,GET,/,13.000000,0.000000,270,310,380,430,510,590,620,690,720,720,720,195,0,270,313.42052630602547,18.357928842306137,881.6180266439915,10226.88717948718
1780929310,40,POST,/cart,2.100000,0.000000,190,210,220,230,290,290,440,440,440,440,440,27,0,180,187.99361241636453,28.058091178536415,439.53768629580736,16555.037037037036
1780929310,40,POST,/cart/checkout,1.100000,0.000000,170,260,260,260,300,300,300,300,300,300,300,11,0,130,156.04038832878524,22.013609297573566,297.4518062546849,6556.0
1780929310,40,GET,/product/0PUK6V6EV0,0.100000,0.000000,95,95,95,95,95,95,95,95,95,95,95,2,0,94.32223811745644,94.67052994295955,94.32223811745644,95.01882176846266,7678.0
1780929310,40,GET,/product/1YMWWN1N4O,0.500000,0.000000,110,110,180,180,180,180,180,180,180,180,180,5,0,110,108.74632243067026,51.814084872603416,180.72308134287596,7709.2
1780929310,40,GET,/product/2ZYFJ3GM2N,0.200000,0.000000,200,200,200,200,200,200,200,200,200,200,200,4,0,110,149.47321056388319,94.53514590859413,199.84895642846823,7702.0
1780929310,40,GET,/product/6E92ZMYYFZ,0.300000,0.000000,100,100,100,100,100,100,100,100,100,100,100,3,0,100,101.51467844843864,96.61823138594627,104.60517834872007,7684.666666666667
1780929310,40,GET,/product/9SIQT8TOJO,0.200000,0.000000,110,110,110,110,110,110,110,110,110,110,110,2,0,21,63.57639888301492,20.984342321753502,106.16845544427633,7711.0
1780929310,40,GET,/product/L9ECAV7KIM,0.300000,0.000000,170,170,330,330,330,330,330,330,330,330,330,4,0,91,164.56607240252197,68.3611435815692,327.3426219820976,7707.25
1780929310,40,GET,/product/LS4PSXUNUM,0.100000,0.000000,62,62,62,62,62,62,62,62,62,62,62,3,0,28,38.794923573732376,26.532430201768875,62.109457328915596,7677.666666666667
1780929310,40,,Aggregated,17.900000,0.000000,250,280,320,380,490,550,620,690,720,720,720,256,0,240,275.18197595418314,18.357928842306137,881.6180266439915,10509.34765625
1780929311,40,GET,/,14.300000,0.000000,250,280,310,420,510,590,620,690,720,720,720,216,0,260,295.2545765847727,14.93905670940876,881.6180266439915,10228.541666666666
1780929311,40,POST,/cart,2.400000,0.000000,190,210,230,240,290,440,440,440,440,440,440,28,0,180,184.05921700676637,28.058091178536415,439.53768629580736,16542.964285714286
1780929311,40,POST,/cart/checkout,0.800000,0.000000,180,260,260,260,300,300,300,300,300,300,300,13,0,170,160.1123157172249,22.013609297573566,297.4518062546849,6554.692307692308
1780929311,40,GET,/product/0PUK6V6EV0,0.100000,0.000000,94,94,94,94,94,94,94,94,94,94,94,2,0,94.32223811745644,94.67052994295955,94.32223811745644,95.01882176846266,7678.0
1780929311,40,GET,/product/1YMWWN1N4O,0.500000,0.000000,110,110,110,180,180,180,180,180,180,180,180,7,0,100,94.49780892048564,16.514791175723076,180.72308134287596,7710.571428571428
1780929311,40,GET,/product/2ZYFJ3GM2N,0.400000,0.000000,200,200,200,200,200,200,200,200,200,200,200,4,0,110,149.47321056388319,94.53514590859413,199.84895642846823,7702.0
1780929311,40,GET,/product/66VCHSJNUP,0.000000,0.000000,0,0,0,0,0,0,0,0,0,0,0,3,0,100,100.49188664803903,99.7972758486867,101.45578905940056,7668.0
1780929311,40,GET,/product/6E92ZMYYFZ,0.100000,0.000000,100,100,100,100,100,100,100,100,100,100,100,3,0,100,101.51467844843864,96.61823138594627,104.60517834872007,7684.666666666667
1780929311,40,GET,/product/9SIQT8TOJO,0.200000,0.000000,110,110,110,110,110,110,110,110,110,110,110,2,0,21,63.57639888301492,20.984342321753502,106.16845544427633,7711.0
1780929311,40,GET,/product/L9ECAV7KIM,0.400000,0.000000,170,170,330,330,330,330,330,330,330,330,330,4,0,91,164.56607240252197,68.3611435815692,327.3426219820976,7707.25
1780929311,40,GET,/product/LS4PSXUNUM,0.100000,0.000000,62,62,62,62,62,62,62,62,62,62,62,3,0,28,38.794923573732376,26.532430201768875,62.109457328915596,7677.666666666667
1780929311,40,,Aggregated,19.300000,0.000000,210,270,290,310,490,550,620,690,720,720,720,285,0,220,259.53209417823115,14.93905670940876,881.6180266439915,10432.487719298246
1780929312,40,GET,/,14.400000,0.000000,250,280,300,340,510,590,620,690,720,720,720,232,0,250,287.0158514866991,14.93905670940876,881.6180266439915,10231.099137931034
1780929312,40,POST,/cart,2.300000,0.000000,190,210,240,240,290,440,440,440,440,440,440,29,0,180,181.1992165407744,28.058091178536415,439.53768629580736,16581.55172413793
1780929312,40,POST,/cart/checkout,0.700000,0.000000,180,260,260,260,300,300,300,300,300,300,300,14,0,130,154.29013255717499,22.013609297573566,297.4518062546849,6554.071428571428
1780929312,40,GET,/product/0PUK6V6EV0,0.100000,0.000000,94,94,94,94,94,94,94,94,94,94,94,2,0,94.32223811745644,94.67052994295955,94.32223811745644,95.01882176846266,7678.0
1780929312,40,GET,/product/1YMWWN1N4O,0.400000,0.000000,110,110,110,180,180,180,180,180,180,180,180,7,0,100,94.49780892048564,16.514791175723076,180.72308134287596,7710.571428571428
1780929312,40,GET,/product/2ZYFJ3GM2N,0.400000,0.000000,200,200,200,200,200,200,200,200,200,200,200,4,0,110,149.47321056388319,94.53514590859413,199.84895642846823,7702.0
1780929312,40,GET,/product/66VCHSJNUP,0.000000,0.000000,100,100,100,100,100,100,100,100,100,100,100,4,0,100,101.3325322419405,99.7972758486867,103.85446902364492,7674.0
1780929312,40,GET,/product/6E92ZMYYFZ,0.100000,0.000000,100,100,100,100,100,100,100,100,100,100,100,3,0,100,101.51467844843864,96.61823138594627,104.60517834872007,7684.666666666667
1780929312,40,GET,/product/9SIQT8TOJO,0.100000,0.000000,110,110,110,110,110,110,110,110,110,110,110,2,0,21,63.57639888301492,20.984342321753502,106.16845544427633,7711.0
1780929312,40,GET,/product/L9ECAV7KIM,0.400000,0.000000,170,170,330,330,330,330,330,330,330,330,330,4,0,91,164.56607240252197,68.3611435815692,327.3426219820976,7707.25
1780929312,40,GET,/product/LS4PSXUNUM,0.000000,0.000000,62,62,62,62,62,62,62,62,62,62,62,3,0,28,38.794923573732376,26.532430201768875,62.109457328915596,7677.666666666667
1780929312,40,,Aggregated,18.900000,0.000000,210,270,290,300,460,550,620,690,720,720,720,304,0,210,253.49641864273795,14.93905670940876,881.6180266439915,10425.6875
1780929313,40,GET,/,15.200000,0.000000,230,280,290,310,510,590,620,690,720,720,720,245,0,250,276.5485970607522,14.93905670940876,881.6180266439915,10231.069387755102
1780929313,40,POST,/cart,2.300000,0.000000,180,220,240,290,290,440,440,440,440,440,440,31,0,180,174.80444649775183,28.058091178536415,439.53768629580736,16605.16129032258
1780929313,40,POST,/cart/checkout,0.700000,0.000000,180,260,260,260,300,300,300,300,300,300,300,14,0,130,154.29013255717499,22.013609297573566,297.4518062546849,6554.071428571428
1780929313,40,GET,/product/0PUK6V6EV0,0.100000,0.000000,94,94,94,94,94,94,94,94,94,94,94,2,0,94.32223811745644,94.67052994295955,94.32223811745644,95.01882176846266,7678.0
1780929313,40,GET,/product/1YMWWN1N4O,0.500000,0.000000,110,110,110,110,110,110,110,110,110,110,110,7,0,100,94.49780892048564,16.514791175723076,180.72308134287596,7710.571428571428
1780929313,40,GET,/product/2ZYFJ3GM2N,0.300000,0.000000,200,200,200,200,200,200,200,200,200,200,200,4,0,110,149.47321056388319,94.53514590859413,199.84895642846823,7702.0
1780929313,40,GET,/product/66VCHSJNUP,0.300000,0.000000,100,100,100,100,100,100,100,100,100,100,100,4,0,100,101.3325322419405,99.7972758486867,103.85446902364492,7674.0
1780929313,40,GET,/product/6E92ZMYYFZ,0.100000,0.000000,100,100,100,100,100,100,100,100,100,100,100,3,0,100,101.51467844843864,96.61823138594627,104.60517834872007,7684.666666666667
1780929313,40,GET,/product/9SIQT8TOJO,0.100000,0.000000,21,21,21,21,21,21,21,21,21,21,21,2,0,21,63.57639888301492,20.984342321753502,106.16845544427633,7711.0
1780929313,40,GET,/product/L9ECAV7KIM,0.400000,0.000000,170,170,330,330,330,330,330,330,330,330,330,4,0,91,164.56607240252197,68.3611435815692,327.3426219820976,7707.25
1780929313,40,GET,/product/LS4PSXUNUM,0.000000,0.000000,62,62,62,62,62,62,62,62,62,62,62,3,0,28,38.794923573732376,26.532430201768875,62.109457328915596,7677.666666666667
1780929313,40,GET,/product/OLJCESPC7Z,0.000000,0.000000,0,0,0,0,0,0,0,0,0,0,0,1,0,16.685313545167446,16.685313545167446,16.685313545167446,16.685313545167446,7808.0
1780929313,40,,Aggregated,20.000000,0.000000,200,260,280,300,460,550,620,690,720,720,720,320,0,210,245.03276836767327,14.93905670940876,881.6180266439915,10450.340625
1780929314,40,GET,/,14.800000,0.000000,230,280,300,340,500,570,620,690,720,720,720,260,0,240,274.27699534365763,14.93905670940876,881.6180266439915,10232.25
1780929314,40,POST,/cart,2.000000,0.000000,180,190,240,260,290,440,440,440,440,440,440,36,0,170,168.7916555804097,27.122050523757935,439.53768629580736,16630.916666666668
1780929314,40,POST,/cart/checkout,0.800000,0.000000,260,260,260,260,300,300,300,300,300,300,300,14,0,130,154.29013255717499,22.013609297573566,297.4518062546849,6554.071428571428
1780929314,40,GET,/product/0PUK6V6EV0,0.100000,0.000000,94,94,94,94,94,94,94,94,94,94,94,2,0,94.32223811745644,94.67052994295955,94.32223811745644,95.01882176846266,7678.0
1780929314,40,GET,/product/1YMWWN1N4O,0.500000,0.000000,110,110,110,110,110,110,110,110,110,110,110,7,0,100,94.49780892048564,16.514791175723076,180.72308134287596,7710.571428571428
1780929314,40,GET,/product/2ZYFJ3GM2N,0.300000,0.000000,200,200,200,200,200,200,200,200,200,200,200,4,0,110,149.47321056388319,94.53514590859413,199.84895642846823,7702.0
1780929314,40,GET,/product/66VCHSJNUP,0.400000,0.000000,100,100,100,100,100,100,100,100,100,100,100,4,0,100,101.3325322419405,99.7972758486867,103.85446902364492,7674.0
1780929314,40,GET,/product/6E92ZMYYFZ,0.100000,0.000000,100,100,100,100,100,100,100,100,100,100,100,3,0,100,101.51467844843864,96.61823138594627,104.60517834872007,7684.666666666667
1780929314,40,GET,/product/9SIQT8TOJO,0.100000,0.000000,21,21,21,21,21,21,21,21,21,21,21,2,0,21,63.57639888301492,20.984342321753502,106.16845544427633,7711.0
1780929314,40,GET,/product/L9ECAV7KIM,0.300000,0.000000,330,330,330,330,330,330,330,330,330,330,330,4,0,91,164.56607240252197,68.3611435815692,327.3426219820976,7707.25
1780929314,40,GET,/product/LS4PSXUNUM,0.000000,0.000000,100,100,100,100,100,100,100,100,100,100,100,4,0,28,54.84355264343321,26.532430201768875,102.98943985253572,7700.75
1780929314,40,GET,/product/OLJCESPC7Z,0.000000,0.000000,65,65,65,65,65,65,65,65,65,65,65,2,0,17,40.98157398402691,16.685313545167446,65.27783442288637,7778.5
1780929314,40,,Aggregated,19.400000,0.000000,190,260,290,300,450,550,620,690,720,720,720,342,0,210,242.08750707854392,14.93905670940876,881.6180266439915,10518.578947368422
1780929315,40,GET,/,15.100000,0.000000,190,250,280,280,340,510,570,590,600,600,600,275,0,240,264.4930180771784,12.917191721498966,881.6180266439915,10234.272727272728
1780929315,40,POST,/cart,1.700000,0.000000,130,180,220,240,290,290,440,440,440,440,440,41,0,160,159.82060466052556,22.90730830281973,439.53768629580736,16687.0
1780929315,40,POST,/cart/checkout,0.800000,0.000000,260,260,260,260,300,300,300,300,300,300,300,14,0,130,154.29013255717499,22.013609297573566,297.4518062546849,6554.071428571428
1780929315,40,GET,/product/0PUK6V6EV0,0.100000,0.000000,94,94,94,94,94,94,94,94,94,94,94,2,0,94.32223811745644,94.67052994295955,94.32223811745644,95.01882176846266,7678.0
1780929315,40,GET,/product/1YMWWN1N4O,0.400000,0.000000,100,100,110,110,110,110,110,110,110,110,110,7,0,100,94.49780892048564,16.514791175723076,180.72308134287596,7710.571428571428
1780929315,40,GET,/product/2ZYFJ3GM2N,0.300000,0.000000,200,200,200,200,200,200,200,200,200,200,200,4,0,110,149.47321056388319,94.53514590859413,199.84895642846823,7702.0
1780929315,40,GET,/product/66VCHSJNUP,0.400000,0.000000,100,100,100,100,100,100,100,100,100,100,100,5,0,100,101.6184825450182,99.7972758486867,103.85446902364492,7693.4
1780929315,40,GET,/product/6E92ZMYYFZ,0.100000,0.000000,100,100,100,100,100,100,100,100,100,100,100,4,0,100,102.31638420373201,96.61823138594627,104.72150146961212,7699.0
1780929315,40,GET,/product/9SIQT8TOJO,0.100000,0.000000,21,21,21,21,21,21,21,21,21,21,21,2,0,21,63.57639888301492,20.984342321753502,106.16845544427633,7711.0
1780929315,40,GET,/product/L9ECAV7KIM,0.300000,0.000000,330,330,330,330,330,330,330,330,330,330,330,4,0,91,164.56607240252197,68.3611435815692,327.3426219820976,7707.25
1780929315,40,GET,/product/LS4PSXUNUM,0.000000,0.000000,100,100,100,100,100,100,100,100,100,100,100,4,0,28,54.84355264343321,26.532430201768875,102.98943985253572,7700.75
1780929315,40,GET,/product/OLJCESPC7Z,0.100000,0.000000,65,65,65,65,65,65,65,65,65,65,65,2,0,17,40.98157398402691,16.685313545167446,65.27783442288637,7778.5
1780929315,40,,Aggregated,19.400000,0.000000,170,230,260,280,310,490,550,590,600,600,600,364,0,200,233.2448285113979,12.917191721498966,881.6180266439915,10583.40934065934
1780929316,40,GET,/,15.300000,0.000000,160,210,260,280,340,500,570,590,600,600,600,291,0,220,254.05790024401804,12.917191721498966,881.6180266439915,10235.384879725087
1780929316,40,POST,/cart,1.900000,0.000000,130,150,180,180,240,260,290,290,290,290,290,42,0,160,160.41737666264885,22.90730830281973,439.53768629580736,16676.666666666668
1780929316,40,POST,/cart/checkout,0.700000,0.000000,260,260,260,260,300,300,300,300,300,300,300,14,0,130,154.29013255717499,22.013609297573566,297.4518062546849,6554.071428571428
1780929316,40,GET,/product/0PUK6V6EV0,0.100000,0.000000,94,94,94,94,94,94,94,94,94,94,94,2,0,94.32223811745644,94.67052994295955,94.32223811745644,95.01882176846266,7678.0
1780929316,40,GET,/product/1YMWWN1N4O,0.400000,0.000000,100,100,110,110,110,110,110,110,110,110,110,8,0,97,94.80714262463152,16.514791175723076,180.72308134287596,7717.625
1780929316,40,GET,/product/2ZYFJ3GM2N,0.300000,0.000000,200,200,200,200,200,200,200,200,200,200,200,4,0,110,149.47321056388319,94.53514590859413,199.84895642846823,7702.0
1780929316,40,GET,/product/66VCHSJNUP,0.400000,0.000000,100,100,100,100,100,100,100,100,100,100,100,5,0,100,101.6184825450182,99.7972758486867,103.85446902364492,7693.4
1780929316,40,GET,/product/6E92ZMYYFZ,0.100000,0.000000,100,100,100,100,100,100,100,100,100,100,100,6,0,99,87.61114114895463,17.409558407962322,104.72150146961212,7714.333333333333
1780929316,40,GET,/product/9SIQT8TOJO,0.100000,0.000000,15,15,21,21,21,21,21,21,21,21,21,4,0,15,38.77887362614274,12.723390012979507,106.16845544427633,7734.75
1780929316,40,GET,/product/L9ECAV7KIM,0.200000,0.000000,330,330,330,330,330,330,330,330,330,330,330,5,0,91,134.3819536268711,13.645478524267673,327.3426219820976,7723.6
1780929316,40,GET,/product/LS4PSXUNUM,0.100000,0.000000,100,100,100,100,100,100,100,100,100,100,100,4,0,28,54.84355264343321,26.532430201768875,102.98943985253572,7700.75
1780929316,40,GET,/product/OLJCESPC7Z,0.200000,0.000000,65,65,65,65,65,65,65,65,65,65,65,2,0,17,40.98157398402691,16.685313545167446,65.27783442288637,7778.5
1780929316,40,,Aggregated,19.800000,0.000000,130,190,240,270,300,400,550,590,600,600,600,387,0,190,223.6078903632532,12.723390012979507,881.6180266439915,10540.695090439276
1780929317,40,GET,/,16.100000,0.000000,120,180,210,250,300,340,510,550,550,550,550,307,0,210,243.61278158870408,12.917191721498966,881.6180266439915,10236.960912052118
1780929317,40,POST,/cart,2.300000,0.000000,110,140,180,180,190,240,260,260,260,260,260,45,0,160,155.38339753531747,22.90730830281973,439.53768629580736,16710.466666666667
1780929317,40,POST,/cart/checkout,0.600000,0.000000,180,180,180,180,180,180,180,180,180,180,180,15,0,130,152.24904970576367,22.013609297573566,297.4518062546849,6556.133333333333
1780929317,40,GET,/product/0PUK6V6EV0,0.100000,0.000000,100,100,100,100,100,100,100,100,100,100,100,3,0,95,97.9225483412544,94.32223811745644,104.42658513784409,7711.666666666667
1780929317,40,GET,/product/1YMWWN1N4O,0.300000,0.000000,100,100,110,110,110,110,110,110,110,110,110,8,0,97,94.80714262463152,16.514791175723076,180.72308134287596,7717.625
1780929317,40,GET,/product/2ZYFJ3GM2N,0.300000,0.000000,110,110,110,110,110,110,110,110,110,110,110,4,0,110,149.47321056388319,94.53514590859413,199.84895642846823,7702.0
1780929317,40,GET,/product/66VCHSJNUP,0.500000,0.000000,100,100,100,100,100,100,100,100,100,100,100,5,0,100,101.6184825450182,99.7972758486867,103.85446902364492,7693.4
1780929317,40,GET,/product/6E92ZMYYFZ,0.000000,0.000000,100,100,100,100,100,100,100,100,100,100,100,6,0,99,87.61114114895463,17.409558407962322,104.72150146961212,7714.333333333333
1780929317,40,GET,/product/9SIQT8TOJO,0.100000,0.000000,15,15,21,21,21,21,21,21,21,21,21,4,0,15,38.77887362614274,12.723390012979507,106.16845544427633,7734.75
1780929317,40,GET,/product/L9ECAV7KIM,0.200000,0.000000,330,330,330,330,330,330,330,330,330,330,330,5,0,91,134.3819536268711,13.645478524267673,327.3426219820976,7723.6
1780929317,40,GET,/product/LS4PSXUNUM,0.100000,0.000000,100,100,100,100,100,100,100,100,100,100,100,4,0,28,54.84355264343321,26.532430201768875,102.98943985253572,7700.75
1780929317,40,GET,/product/OLJCESPC7Z,0.200000,0.000000,65,65,65,65,65,65,65,65,65,65,65,2,0,17,40.98157398402691,16.685313545167446,65.27783442288637,7778.5
1780929317,40,,Aggregated,20.800000,0.000000,110,170,190,210,280,330,400,550,550,550,550,408,0,180,215.3856668908916,12.723390012979507,881.6180266439915,10562.289215686274
1780929318,40,GET,/,16.200000,0.000000,94,150,180,190,260,300,350,390,400,400,400,324,0,200,233.67328686283236,12.917191721498966,881.6180266439915,10238.293209876543
1780929318,40,POST,/cart,2.100000,0.000000,100,110,130,130,180,190,260,260,260,260,260,50,0,140,149.78925229981542,22.90730830281973,439.53768629580736,16805.46
1780929318,40,POST,/cart/checkout,0.300000,0.000000,180,180,180,180,180,180,180,180,180,180,180,15,0,130,152.24904970576367,22.013609297573566,297.4518062546849,6556.133333333333
1780929318,40,GET,/product/0PUK6V6EV0,0.100000,0.000000,94,94,100,100,100,100,100,100,100,100,100,4,0,94,96.35402704589069,91.64846315979958,104.42658513784409,7723.5
1780929318,40,GET,/product/1YMWWN1N4O,0.300000,0.000000,97,97,100,100,100,100,100,100,100,100,100,8,0,97,94.80714262463152,16.514791175723076,180.72308134287596,7717.625
1780929318,40,GET,/product/2ZYFJ3GM2N,0.200000,0.000000,110,110,110,110,110,110,110,110,110,110,110,5,0,110,122.78630491346121,16.0386823117733,199.84895642846823,7701.6
1780929318,40,GET,/product/66VCHSJNUP,0.500000,0.000000,100,100,100,100,100,100,100,100,100,100,100,5,0,100,101.6184825450182,99.7972758486867,103.85446902364492,7693.4
1780929318,40,GET,/product/6E92ZMYYFZ,0.300000,0.000000,100,100,100,100,100,100,100,100,100,100,100,6,0,99,87.61114114895463,17.409558407962322,104.72150146961212,7714.333333333333
1780929318,40,GET,/product/9SIQT8TOJO,0.300000,0.000000,21,21,96,96,96,96,96,96,96,96,96,5,0,21,50.22598449140787,12.723390012979507,106.16845544427633,7752.4
1780929318,40,GET,/product/L9ECAV7KIM,0.200000,0.000000,96,96,330,330,330,330,330,330,330,330,330,6,0,91,128.02029742548862,13.645478524267673,327.3426219820976,7716.0
1780929318,40,GET,/product/LS4PSXUNUM,0.100000,0.000000,100,100,100,100,100,100,100,100,100,100,100,4,0,28,54.84355264343321,26.532430201768875,102.98943985253572,7700.75
1780929318,40,GET,/product/OLJCESPC7Z,0.200000,0.000000,65,65,65,65,65,65,65,65,65,65,65,2,0,17,40.98157398402691,16.685313545167446,65.27783442288637,7778.5
1780929318,40,,Aggregated,20.800000,0.000000,98,120,160,180,240,300,340,390,400,400,400,434,0,170,206.44123595173596,12.723390012979507,881.6180266439915,10606.304147465438
1780929319,40,GET,/,15.300000,0.000000,85,110,150,180,220,300,350,390,400,400,400,334,0,200,228.1586050033614,12.752745300531387,881.6180266439915,10239.04491017964
1780929319,40,POST,/cart,2.400000,0.000000,98,110,110,130,180,180,260,260,260,260,260,52,0,130,145.62769191196332,22.90730830281973,439.53768629580736,16810.51923076923
1780929319,40,POST,/cart/checkout,0.400000,0.000000,180,180,180,180,180,180,180,180,180,180,180,15,0,130,152.24904970576367,22.013609297573566,297.4518062546849,6556.133333333333
1780929319,40,GET,/product/0PUK6V6EV0,0.100000,0.000000,94,94,100,100,100,100,100,100,100,100,100,5,0,94,94.9051110073924,89.10944685339928,104.42658513784409,7736.6
1780929319,40,GET,/product/1YMWWN1N4O,0.300000,0.000000,97,97,100,100,100,100,100,100,100,100,100,8,0,97,94.80714262463152,16.514791175723076,180.72308134287596,7717.625
1780929319,40,GET,/product/2ZYFJ3GM2N,0.200000,0.000000,110,110,110,110,110,110,110,110,110,110,110,5,0,110,122.78630491346121,16.0386823117733,199.84895642846823,7701.6
1780929319,40,GET,/product/66VCHSJNUP,0.500000,0.000000,100,100,100,100,100,100,100,100,100,100,100,5,0,100,101.6184825450182,99.7972758486867,103.85446902364492,7693.4
1780929319,40,GET,/product/6E92ZMYYFZ,0.300000,0.000000,99,99,100,100,100,100,100,100,100,100,100,6,0,99,87.61114114895463,17.409558407962322,104.72150146961212,7714.333333333333
1780929319,40,GET,/product/9SIQT8TOJO,0.200000,0.000000,21,21,96,96,96,96,96,96,96,96,96,5,0,21,50.22598449140787,12.723390012979507,106.16845544427633,7752.4
1780929319,40,GET,/product/L9ECAV7KIM,0.200000,0.000000,96,96,330,330,330,330,330,330,330,330,330,6,0,91,128.02029742548862,13.645478524267673,327.3426219820976,7716.0
1780929319,40,GET,/product/LS4PSXUNUM,0.100000,0.000000,100,100,100,100,100,100,100,100,100,100,100,4,0,28,54.84355264343321,26.532430201768875,102.98943985253572,7700.75
1780929319,40,GET,/product/OLJCESPC7Z,0.200000,0.000000,65,65,65,65,65,65,65,65,65,65,65,2,0,17,40.98157398402691,16.685313545167446,65.27783442288637,7778.5
1780929319,40,,Aggregated,20.200000,0.000000,90,110,130,160,190,280,340,390,400,400,400,447,0,170,201.9297815255104,12.723390012979507,881.6180266439915,10620.65548098434
1780929320,40,GET,/,15.900000,0.000000,75,100,140,170,220,300,350,390,400,400,400,350,0,190,221.81087300447481,12.752745300531387,881.6180266439915,10240.26
1780929320,40,POST,/cart,2.700000,0.000000,98,110,110,130,180,180,260,260,260,260,260,53,0,130,144.13926400736256,22.90730830281973,439.53768629580736,16799.509433962263
1780929320,40,POST,/cart/checkout,0.400000,0.000000,120,120,120,120,120,120,120,120,120,120,120,15,0,130,152.24904970576367,22.013609297573566,297.4518062546849,6556.133333333333
1780929320,40,GET,/product/0PUK6V6EV0,0.200000,0.000000,100,100,100,100,100,100,100,100,100,100,100,7,0,95,96.40875072883708,89.10944685339928,104.42658513784409,7732.571428571428
1780929320,40,GET,/product/1YMWWN1N4O,0.300000,0.000000,97,97,97,97,97,97,97,97,97,97,97,8,0,97,94.80714262463152,16.514791175723076,180.72308134287596,7717.625
1780929320,40,GET,/product/2ZYFJ3GM2N,0.200000,0.000000,100,100,110,110,110,110,110,110,110,110,110,6,0,100,119.07168477773666,16.0386823117733,199.84895642846823,7713.166666666667
1780929320,40,GET,/product/66VCHSJNUP,0.500000,0.000000,100,100,100,100,100,100,100,100,100,100,100,5,0,100,101.6184825450182,99.7972758486867,103.85446902364492,7693.4
1780929320,40,GET,/product/6E92ZMYYFZ,0.300000,0.000000,99,99,100,100,100,100,100,100,100,100,100,6,0,99,87.61114114895463,17.409558407962322,104.72150146961212,7714.333333333333
1780929320,40,GET,/product/9SIQT8TOJO,0.300000,0.000000,15,15,96,96,96,96,96,96,96,96,96,5,0,21,50.22598449140787,12.723390012979507,106.16845544427633,7752.4
1780929320,40,GET,/product/L9ECAV7KIM,0.300000,0.000000,96,96,330,330,330,330,330,330,330,330,330,6,0,91,128.02029742548862,13.645478524267673,327.3426219820976,7716.0
1780929320,40,GET,/product/LS4PSXUNUM,0.100000,0.000000,100,100,100,100,100,100,100,100,100,100,100,4,0,28,54.84355264343321,26.532430201768875,102.98943985253572,7700.75
1780929320,40,GET,/product/OLJCESPC7Z,0.200000,0.000000,65,65,65,65,65,65,65,65,65,65,65,2,0,17,40.98157398402691,16.685313545167446,65.27783442288637,7778.5
1780929320,40,,Aggregated,21.400000,0.000000,84,100,120,140,190,280,340,390,400,400,400,467,0,160,197.1285205984556,12.723390012979507,881.6180266439915,10601.982869379015
1780929321,40,GET,/,15.300000,0.000000,77,100,110,120,180,240,350,390,400,400,400,370,0,180,214.95312086331683,12.752745300531387,881.6180266439915,10241.991891891892
1780929321,40,POST,/cart,2.500000,0.000000,98,110,110,130,180,180,260,260,260,260,260,54,0,130,143.28958449402342,22.90730830281973,439.53768629580736,16815.11111111111
1780929321,40,POST,/cart/checkout,0.400000,0.000000,110,110,120,120,120,120,120,120,120,120,120,16,0,120,149.34987615561113,22.013609297573566,297.4518062546849,6557.875
1780929321,40,GET,/product/0PUK6V6EV0,0.300000,0.000000,92,100,100,100,100,100,100,100,100,100,100,10,0,92,80.83734111860394,15.08202962577343,104.42658513784409,7723.3
1780929321,40,GET,/product/1YMWWN1N4O,0.300000,0.000000,97,97,97,97,97,97,97,97,97,97,97,8,0,97,94.80714262463152,16.514791175723076,180.72308134287596,7717.625
1780929321,40,GET,/product/2ZYFJ3GM2N,0.100000,0.000000,100,100,110,110,110,110,110,110,110,110,110,6,0,100,119.07168477773666,16.0386823117733,199.84895642846823,7713.166666666667
1780929321,40,GET,/product/66VCHSJNUP,0.500000,0.000000,100,100,100,100,100,100,100,100,100,100,100,5,0,100,101.6184825450182,99.7972758486867,103.85446902364492,7693.4
1780929321,40,GET,/product/6E92ZMYYFZ,0.300000,0.000000,42,99,99,100,100,100,100,100,100,100,100,8,0,97,75.99744445178658,17.409558407962322,104.72150146961212,7721.25
1780929321,40,GET,/product/9SIQT8TOJO,0.300000,0.000000,44,44,96,96,96,96,96,96,96,96,96,6,0,21,49.23192675535878,12.723390012979507,106.16845544427633,7750.333333333333
1780929321,40,GET,/product/L9ECAV7KIM,0.200000,0.000000,96,96,96,96,96,96,96,96,96,96,96,6,0,91,128.02029742548862,13.645478524267673,327.3426219820976,7716.0
1780929321,40,GET,/product/LS4PSXUNUM,0.100000,0.000000,100,100,100,100,100,100,100,100,100,100,100,4,0,28,54.84355264343321,26.532430201768875,102.98943985253572,7700.75
1780929321,40,GET,/product/OLJCESPC7Z,0.200000,0.000000,65,65,65,65,65,65,65,65,65,65,65,2,0,17,40.98157398402691,16.685313545167446,65.27783442288637,7778.5
1780929321,40,,Aggregated,20.500000,0.000000,83,100,110,120,170,220,340,390,400,400,400,495,0,150,190.75166390587887,12.723390012979507,881.6180266439915,10559.852525252525
1780929322,40,GET,/,15.400000,0.000000,76,100,110,120,180,240,350,390,400,400,400,384,0,170,209.63276425754884,12.752745300531387,881.6180266439915,10242.911458333334
1780929322,40,POST,/cart,2.600000,0.000000,98,110,110,130,180,180,260,260,260,260,260,57,0,130,140.29815730949244,22.90730830281973,439.53768629580736,16909.175438596492
1780929322,40,POST,/cart/checkout,0.400000,0.000000,110,110,120,120,120,120,120,120,120,120,120,17,0,120,145.85139366852886,22.013609297573566,297.4518062546849,6559.882352941177
1780929322,40,GET,/product/0PUK6V6EV0,0.400000,0.000000,92,100,100,100,100,100,100,100,100,100,100,10,0,92,80.83734111860394,15.08202962577343,104.42658513784409,7723.3
1780929322,40,GET,/product/1YMWWN1N4O,0.300000,0.000000,97,97,97,97,97,97,97,97,97,97,97,8,0,97,94.80714262463152,16.514791175723076,180.72308134287596,7717.625
1780929322,40,GET,/product/2ZYFJ3GM2N,0.200000,0.000000,100,100,100,100,100,100,100,100,100,100,100,6,0,100,119.07168477773666,16.0386823117733,199.84895642846823,7713.166666666667
1780929322,40,GET,/product/66VCHSJNUP,0.500000,0.000000,100,100,100,100,100,100,100,100,100,100,100,5,0,100,101.6184825450182,99.7972758486867,103.85446902364492,7693.4
1780929322,40,GET,/product/6E92ZMYYFZ,0.300000,0.000000,42,99,99,100,100,100,100,100,100,100,100,8,0,97,75.99744445178658,17.409558407962322,104.72150146961212,7721.25
1780929322,40,GET,/product/9SIQT8TOJO,0.300000,0.000000,44,44,96,96,96,96,96,96,96,96,96,6,0,21,49.23192675535878,12.723390012979507,106.16845544427633,7750.333333333333
1780929322,40,GET,/product/L9ECAV7KIM,0.200000,0.000000,96,96,96,96,96,96,96,96,96,96,96,6,0,91,128.02029742548862,13.645478524267673,327.3426219820976,7716.0
1780929322,40,GET,/product/LS4PSXUNUM,0.100000,0.000000,100,100,100,100,100,100,100,100,100,100,100,4,0,28,54.84355264343321,26.532430201768875,102.98943985253572,7700.75
1780929322,40,GET,/product/OLJCESPC7Z,0.200000,0.000000,65,65,65,65,65,65,65,65,65,65,65,2,0,17,40.98157398402691,16.685313545167446,65.27783442288637,7778.5
1780929322,40,,Aggregated,20.900000,0.000000,83,100,110,110,170,220,340,390,400,400,400,513,0,140,186.62306718658982,12.723390012979507,881.6180266439915,10591.163742690058
1780929323,40,GET,/,15.000000,0.000000,72,90,100,110,150,170,190,190,210,210,210,397,0,170,205.6347745369829,12.752745300531387,881.6180266439915,10243.403022670025
1780929323,40,POST,/cart,2.600000,0.000000,97,100,110,110,130,130,180,180,180,180,180,60,0,110,137.4213392691066,22.90730830281973,439.53768629580736,16898.666666666668
1780929323,40,POST,/cart/checkout,0.200000,0.000000,120,120,130,130,130,130,130,130,130,130,130,18,0,120,144.79528108818664,22.013609297573566,297.4518062546849,6558.555555555556
1780929323,40,GET,/product/0PUK6V6EV0,0.700000,0.000000,92,100,100,100,100,100,100,100,100,100,100,10,0,92,80.83734111860394,15.08202962577343,104.42658513784409,7723.3
1780929323,40,GET,/product/1YMWWN1N4O,0.200000,0.000000,97,97,97,97,97,97,97,97,97,97,97,8,0,97,94.80714262463152,16.514791175723076,180.72308134287596,7717.625
1780929323,40,GET,/product/2ZYFJ3GM2N,0.200000,0.000000,100,100,100,100,100,100,100,100,100,100,100,6,0,100,119.07168477773666,16.0386823117733,199.84895642846823,7713.166666666667
1780929323,40,GET,/product/66VCHSJNUP,0.200000,0.000000,100,100,100,100,100,100,100,100,100,100,100,6,0,100,94.97627678016822,61.76524795591831,103.85446902364492,7690.166666666667
1780929323,40,GET,/product/6E92ZMYYFZ,0.500000,0.000000,42,99,99,100,100,100,100,100,100,100,100,8,0,97,75.99744445178658,17.409558407962322,104.72150146961212,7721.25
1780929323,40,GET,/product/9SIQT8TOJO,0.400000,0.000000,44,44,96,96,96,96,96,96,96,96,96,6,0,21,49.23192675535878,12.723390012979507,106.16845544427633,7750.333333333333
1780929323,40,GET,/product/L9ECAV7KIM,0.200000,0.000000,96,96,96,96,96,96,96,96,96,96,96,6,0,91,128.02029742548862,13.645478524267673,327.3426219820976,7716.0
1780929323,40,GET,/product/LS4PSXUNUM,0.100000,0.000000,100,100,100,100,100,100,100,100,100,100,100,4,0,28,54.84355264343321,26.532430201768875,102.98943985253572,7700.75
1780929323,40,GET,/product/OLJCESPC7Z,0.200000,0.000000,65,65,65,65,65,65,65,65,65,65,65,2,0,17,40.98157398402691,16.685313545167446,65.27783442288637,7778.5
1780929323,40,,Aggregated,20.500000,0.000000,76,96,100,110,140,170,180,190,210,210,210,531,0,130,183.26280506155865,12.723390012979507,881.6180266439915,10604.382297551789
1780929324,40,GET,/,15.100000,0.000000,72,89,100,110,140,160,180,190,190,190,190,416,0,160,200.27449448333266,12.752745300531387,881.6180266439915,10245.30048076923
1780929324,40,POST,/cart,2.800000,0.000000,97,100,110,110,110,170,180,180,180,180,180,63,0,110,135.4838189713302,22.90730830281973,439.53768629580736,16867.25396825397
1780929324,40,POST,/cart/checkout,0.300000,0.000000,110,120,120,130,130,130,130,130,130,130,130,19,0,120,143.08258317607013,22.013609297573566,297.4518062546849,6557.421052631579
1780929324,40,GET,/product/0PUK6V6EV0,0.800000,0.000000,92,100,100,100,100,100,100,100,100,100,100,10,0,92,80.83734111860394,15.08202962577343,104.42658513784409,7723.3
1780929324,40,GET,/product/1YMWWN1N4O,0.100000,0.000000,99,99,99,99,99,99,99,99,99,99,99,9,0,99,95.25377075705264,16.514791175723076,180.72308134287596,7727.333333333333
1780929324,40,GET,/product/2ZYFJ3GM2N,0.200000,0.000000,100,100,100,100,100,100,100,100,100,100,100,6,0,100,119.07168477773666,16.0386823117733,199.84895642846823,7713.166666666667
1780929324,40,GET,/product/66VCHSJNUP,0.100000,0.000000,100,100,100,100,100,100,100,100,100,100,100,6,0,100,94.97627678016822,61.76524795591831,103.85446902364492,7690.166666666667
1780929324,40,GET,/product/6E92ZMYYFZ,0.500000,0.000000,42,99,99,100,100,100,100,100,100,100,100,8,0,97,75.99744445178658,17.409558407962322,104.72150146961212,7721.25
1780929324,40,GET,/product/9SIQT8TOJO,0.400000,0.000000,44,44,96,96,96,96,96,96,96,96,96,6,0,21,49.23192675535878,12.723390012979507,106.16845544427633,7750.333333333333
1780929324,40,GET,/product/L9ECAV7KIM,0.200000,0.000000,96,96,96,96,96,96,96,96,96,96,96,6,0,91,128.02029742548862,13.645478524267673,327.3426219820976,7716.0
1780929324,40,GET,/product/LS4PSXUNUM,0.100000,0.000000,100,100,100,100,100,100,100,100,100,100,100,4,0,28,54.84355264343321,26.532430201768875,102.98943985253572,7700.75
1780929324,40,GET,/product/OLJCESPC7Z,0.200000,0.000000,65,65,65,65,65,65,65,65,65,65,65,2,0,17,40.98157398402691,16.685313545167446,65.27783442288637,7778.5
1780929324,40,,Aggregated,20.800000,0.000000,76,96,100,110,130,160,180,190,190,190,190,555,0,130,179.26308965260114,12.723390012979507,881.6180266439915,10611.531531531531
1780929325,40,GET,/,15.300000,0.000000,72,89,100,110,140,160,180,190,190,190,190,434,0,150,195.1043539045353,12.752745300531387,881.6180266439915,10246.297235023041
1780929325,40,POST,/cart,3.000000,0.000000,97,100,110,110,110,110,170,170,170,170,170,64,0,110,135.02644337131642,22.90730830281973,439.53768629580736,16879.5625
1780929325,40,POST,/cart/checkout,0.400000,0.000000,110,110,120,120,130,130,130,130,130,130,130,20,0,120,140.58337546885014,22.013609297573566,297.4518062546849,6558.1
1780929325,40,GET,/product/0PUK6V6EV0,0.800000,0.000000,92,100,100,100,100,100,100,100,100,100,100,12,0,92,77.04726924809317,13.702102936804295,104.42658513784409,7725.833333333333
1780929325,40,GET,/product/1YMWWN1N4O,0.100000,0.000000,99,99,99,99,99,99,99,99,99,99,99,9,0,99,95.25377075705264,16.514791175723076,180.72308134287596,7727.333333333333
1780929325,40,GET,/product/2ZYFJ3GM2N,0.200000,0.000000,98,98,100,100,100,100,100,100,100,100,100,8,0,98,113.52853605058044,16.0386823117733,199.84895642846823,7716.5
1780929325,40,GET,/product/66VCHSJNUP,0.200000,0.000000,100,100,100,100,100,100,100,100,100,100,100,6,0,100,94.97627678016822,61.76524795591831,103.85446902364492,7690.166666666667
1780929325,40,GET,/product/6E92ZMYYFZ,0.500000,0.000000,42,99,99,100,100,100,100,100,100,100,100,8,0,97,75.99744445178658,17.409558407962322,104.72150146961212,7721.25
1780929325,40,GET,/product/9SIQT8TOJO,0.400000,0.000000,44,44,96,96,96,96,96,96,96,96,96,6,0,21,49.23192675535878,12.723390012979507,106.16845544427633,7750.333333333333
1780929325,40,GET,/product/L9ECAV7KIM,0.200000,0.000000,96,96,96,96,96,96,96,96,96,96,96,6,0,91,128.02029742548862,13.645478524267673,327.3426219820976,7716.0
1780929325,40,GET,/product/LS4PSXUNUM,0.100000,0.000000,100,100,100,100,100,100,100,100,100,100,100,5,0,28,46.26661837100983,11.95888128131628,102.98943985253572,7716.2
1780929325,40,GET,/product/OLJCESPC7Z,0.100000,0.000000,65,65,65,65,65,65,65,65,65,65,65,2,0,17,40.98157398402691,16.685313545167446,65.27783442288637,7778.5
1780929325,40,,Aggregated,21.300000,0.000000,77,96,100,110,130,160,180,190,190,190,190,580,0,120,174.7816823053591,11.95888128131628,881.6180266439915,10581.348275862068
1780929326,40,GET,/,15.400000,0.000000,72,91,100,110,140,170,190,190,190,190,190,448,0,140,191.76284735190816,12.752745300531387,881.6180266439915,10247.745535714286
1780929326,40,POST,/cart,2.600000,0.000000,98,100,110,110,160,170,170,170,170,170,170,65,0,110,135.35966858840905,22.90730830281973,439.53768629580736,16935.584615384614
1780929326,40,POST,/cart/checkout,0.500000,0.000000,110,110,120,120,130,130,130,130,130,130,130,21,0,120,138.7136270779939,22.013609297573566,297.4518062546849,6558.047619047619
1780929326,40,GET,/product/0PUK6V6EV0,0.800000,0.000000,89,92,100,100,100,100,100,100,100,100,100,13,0,92,75.37381916951675,13.702102936804295,104.42658513784409,7721.692307692308
1780929326,40,GET,/product/1YMWWN1N4O,0.200000,0.000000,99,99,99,99,99,99,99,99,99,99,99,9,0,99,95.25377075705264,16.514791175723076,180.72308134287596,7727.333333333333
1780929326,40,GET,/product/2ZYFJ3GM2N,0.200000,0.000000,100,100,100,100,100,100,100,100,100,100,100,10,0,100,111.1944361589849,16.0386823117733,199.84895642846823,7730.0
1780929326,40,GET,/product/66VCHSJNUP,0.200000,0.000000,100,100,100,100,100,100,100,100,100,100,100,7,0,100,95.9536882915667,61.76524795591831,103.85446902364492,7694.857142857143
1780929326,40,GET,/product/6E92ZMYYFZ,0.500000,0.000000,42,99,99,100,100,100,100,100,100,100,100,8,0,97,75.99744445178658,17.409558407962322,104.72150146961212,7721.25
1780929326,40,GET,/product/9SIQT8TOJO,0.400000,0.000000,96,96,96,96,96,96,96,96,96,96,96,6,0,21,49.23192675535878,12.723390012979507,106.16845544427633,7750.333333333333
1780929326,40,GET,/product/L9ECAV7KIM,0.200000,0.000000,96,96,96,96,96,96,96,96,96,96,96,6,0,91,128.02029742548862,13.645478524267673,327.3426219820976,7716.0
1780929326,40,GET,/product/LS4PSXUNUM,0.000000,0.000000,100,100,100,100,100,100,100,100,100,100,100,5,0,28,46.26661837100983,11.95888128131628,102.98943985253572,7716.2
1780929326,40,GET,/product/OLJCESPC7Z,0.000000,0.000000,65,65,65,65,65,65,65,65,65,65,65,2,0,17,40.98157398402691,16.685313545167446,65.27783442288637,7778.5
1780929326,40,,Aggregated,21.000000,0.000000,81,98,100,110,130,170,180,190,190,190,190,600,0,120,172.04445524451634,11.95888128131628,881.6180266439915,10565.533333333333
1780929327,40,GET,/,15.400000,0.000000,77,100,110,120,150,180,190,190,190,190,190,461,0,140,188.48851430805607,12.752745300531387,881.6180266439915,10248.032537960955
1780929327,40,POST,/cart,2.300000,0.000000,77,98,100,110,160,170,170,170,170,170,170,68,0,110,131.45598510335034,22.90730830281973,439.53768629580736,16967.83823529412
1780929327,40,POST,/cart/checkout,0.600000,0.000000,100,110,110,120,130,130,130,130,130,130,130,23,0,110,133.94005948920613,22.013609297573566,297.4518062546849,6558.608695652174
1780929327,40,GET,/product/0PUK6V6EV0,0.900000,0.000000,60,89,100,100,100,100,100,100,100,100,100,13,0,92,75.37381916951675,13.702102936804295,104.42658513784409,7721.692307692308
1780929327,40,GET,/product/1YMWWN1N4O,0.200000,0.000000,99,99,100,100,100,100,100,100,100,100,100,10,0,99,95.86698850616813,16.514791175723076,180.72308134287596,7737.5
1780929327,40,GET,/product/2ZYFJ3GM2N,0.400000,0.000000,100,100,100,100,100,100,100,100,100,100,100,11,0,100,110.31569726765156,16.0386823117733,199.84895642846823,7726.0
1780929327,40,GET,/product/66VCHSJNUP,0.100000,0.000000,100,100,100,100,100,100,100,100,100,100,100,7,0,100,95.9536882915667,61.76524795591831,103.85446902364492,7694.857142857143
1780929327,40,GET,/product/6E92ZMYYFZ,0.500000,0.000000,42,42,42,42,42,42,42,42,42,42,42,8,0,97,75.99744445178658,17.409558407962322,104.72150146961212,7721.25
1780929327,40,GET,/product/9SIQT8TOJO,0.400000,0.000000,96,96,96,96,96,96,96,96,96,96,96,6,0,21,49.23192675535878,12.723390012979507,106.16845544427633,7750.333333333333
1780929327,40,GET,/product/L9ECAV7KIM,0.200000,0.000000,96,96,96,96,96,96,96,96,96,96,96,6,0,91,128.02029742548862,13.645478524267673,327.3426219820976,7716.0
1780929327,40,GET,/product/LS4PSXUNUM,0.000000,0.000000,95,95,100,100,100,100,100,100,100,100,100,6,0,28,54.43391933416327,11.95888128131628,102.98943985253572,7721.833333333333
1780929327,40,GET,/product/OLJCESPC7Z,0.000000,0.000000,65,65,65,65,65,65,65,65,65,65,65,2,0,17,40.98157398402691,16.685313545167446,65.27783442288637,7778.5
1780929327,40,,Aggregated,21.000000,0.000000,82,100,100,110,140,170,180,190,190,190,190,621,0,110,168.78674885381056,11.95888128131628,881.6180266439915,10566.935587761674
1780929328,40,GET,/,15.600000,0.000000,79,100,110,120,150,170,190,190,190,190,190,475,0,130,185.03687565852152,12.752745300531387,881.6180266439915,10248.597894736842
1780929328,40,POST,/cart,2.300000,0.000000,77,100,100,110,160,170,170,170,170,170,170,70,0,110,130.1961914902287,22.90730830281973,439.53768629580736,17049.157142857144
1780929328,40,POST,/cart/checkout,0.700000,0.000000,100,110,110,110,130,130,130,130,130,130,130,23,0,110,133.94005948920613,22.013609297573566,297.4518062546849,6558.608695652174
1780929328,40,GET,/product/0PUK6V6EV0,1.100000,0.000000,60,100,100,100,100,100,100,100,100,100,100,13,0,92,75.37381916951675,13.702102936804295,104.42658513784409,7721.692307692308
1780929328,40,GET,/product/1YMWWN1N4O,0.200000,0.000000,99,99,100,100,100,100,100,100,100,100,100,10,0,99,95.86698850616813,16.514791175723076,180.72308134287596,7737.5
1780929328,40,GET,/product/2ZYFJ3GM2N,0.600000,0.000000,100,100,100,100,100,100,100,100,100,100,100,11,0,100,110.31569726765156,16.0386823117733,199.84895642846823,7726.0
1780929328,40,GET,/product/66VCHSJNUP,0.200000,0.000000,100,100,100,100,100,100,100,100,100,100,100,7,0,100,95.9536882915667,61.76524795591831,103.85446902364492,7694.857142857143
1780929328,40,GET,/product/6E92ZMYYFZ,0.200000,0.000000,42,42,42,42,42,42,42,42,42,42,42,8,0,97,75.99744445178658,17.409558407962322,104.72150146961212,7721.25
1780929328,40,GET,/product/9SIQT8TOJO,0.200000,0.000000,44,44,44,44,44,44,44,44,44,44,44,6,0,21,49.23192675535878,12.723390012979507,106.16845544427633,7750.333333333333
1780929328,40,GET,/product/L9ECAV7KIM,0.100000,0.000000,96,96,96,96,96,96,96,96,96,96,96,6,0,91,128.02029742548862,13.645478524267673,327.3426219820976,7716.0
1780929328,40,GET,/product/LS4PSXUNUM,0.100000,0.000000,95,95,100,100,100,100,100,100,100,100,100,6,0,28,54.43391933416327,11.95888128131628,102.98943985253572,7721.833333333333
1780929328,40,GET,/product/OLJCESPC7Z,0.000000,0.000000,65,65,65,65,65,65,65,65,65,65,65,2,0,17,40.98157398402691,16.685313545167446,65.27783442288637,7778.5
1780929328,40,,Aggregated,21.300000,0.000000,83,100,110,110,140,170,180,190,190,190,190,637,0,110,166.39027990155168,11.95888128131628,881.6180266439915,10589.381475667189
1780929329,40,GET,/,15.600000,0.000000,83,100,110,120,140,160,180,180,190,190,190,496,0,130,180.96295005506687,12.752745300531387,881.6180266439915,10249.118951612903
1780929329,40,POST,/cart,2.300000,0.000000,90,100,100,110,160,170,170,170,170,170,170,71,0,110,129.29525332604075,22.90730830281973,439.53768629580736,17057.971830985916
1780929329,40,POST,/cart/checkout,0.800000,0.000000,100,110,110,110,130,130,130,130,130,130,130,25,0,110,131.43249355256557,22.013609297573566,297.4518062546849,6559.24
1780929329,40,GET,/product/0PUK6V6EV0,1.000000,0.000000,59,60,100,100,100,100,100,100,100,100,100,13,0,92,75.37381916951675,13.702102936804295,104.42658513784409,7721.692307692308
1780929329,40,GET,/product/1YMWWN1N4O,0.100000,0.000000,100,100,100,100,100,100,100,100,100,100,100,10,0,99,95.86698850616813,16.514791175723076,180.72308134287596,7737.5
1780929329,40,GET,/product/2ZYFJ3GM2N,0.700000,0.000000,100,100,100,100,100,100,100,100,100,100,100,11,0,100,110.31569726765156,16.0386823117733,199.84895642846823,7726.0
1780929329,40,GET,/product/66VCHSJNUP,0.200000,0.000000,100,100,100,100,100,100,100,100,100,100,100,9,0,100,90.24042553371854,40.33994395285845,103.85446902364492,7687.777777777777
1780929329,40,GET,/product/6E92ZMYYFZ,0.200000,0.000000,42,42,42,42,42,42,42,42,42,42,42,8,0,97,75.99744445178658,17.409558407962322,104.72150146961212,7721.25
1780929329,40,GET,/product/9SIQT8TOJO,0.200000,0.000000,44,44,44,44,44,44,44,44,44,44,44,6,0,21,49.23192675535878,12.723390012979507,106.16845544427633,7750.333333333333
1780929329,40,GET,/product/L9ECAV7KIM,0.100000,0.000000,66,66,96,96,96,96,96,96,96,96,96,8,0,68,106.14393348805606,13.645478524267673,327.3426219820976,7718.625
1780929329,40,GET,/product/LS4PSXUNUM,0.100000,0.000000,95,95,95,95,95,95,95,95,95,95,95,6,0,28,54.43391933416327,11.95888128131628,102.98943985253572,7721.833333333333
1780929329,40,GET,/product/OLJCESPC7Z,0.000000,0.000000,65,65,65,65,65,65,65,65,65,65,65,2,0,17,40.98157398402691,16.685313545167446,65.27783442288637,7778.5
1780929329,40,,Aggregated,21.300000,0.000000,86,100,100,110,140,160,180,180,190,190,190,665,0,110,162.93030651776414,11.95888128131628,881.6180266439915,10560.153383458646
1780929330,40,GET,/,15.000000,0.000000,76,96,110,120,140,160,180,180,190,190,190,511,0,120,176.97439978806824,12.752745300531387,881.6180266439915,10249.888454011741
1780929330,40,POST,/cart,2.100000,0.000000,90,100,100,100,110,160,170,170,170,170,170,75,0,110,127.11102588723104,22.90730830281973,439.53768629580736,17051.96
1780929330,40,POST,/cart/checkout,0.800000,0.000000,100,110,110,110,130,130,130,130,130,130,130,25,0,110,131.43249355256557,22.013609297573566,297.4518062546849,6559.24
1780929330,40,GET,/product/0PUK6V6EV0,0.900000,0.000000,55,55,100,100,100,100,100,100,100,100,100,13,0,92,75.37381916951675,13.702102936804295,104.42658513784409,7721.692307692308
1780929330,40,GET,/product/1YMWWN1N4O,0.200000,0.000000,100,100,100,100,100,100,100,100,100,100,100,10,0,99,95.86698850616813,16.514791175723076,180.72308134287596,7737.5
1780929330,40,GET,/product/2ZYFJ3GM2N,0.600000,0.000000,100,100,100,100,100,100,100,100,100,100,100,11,0,100,110.31569726765156,16.0386823117733,199.84895642846823,7726.0
1780929330,40,GET,/product/66VCHSJNUP,0.200000,0.000000,97,100,100,100,100,100,100,100,100,100,100,10,0,100,90.92093920335174,40.33994395285845,103.85446902364492,7685.2
1780929330,40,GET,/product/6E92ZMYYFZ,0.200000,0.000000,42,42,42,42,42,42,42,42,42,42,42,8,0,97,75.99744445178658,17.409558407962322,104.72150146961212,7721.25
1780929330,40,GET,/product/9SIQT8TOJO,0.100000,0.000000,44,44,44,44,44,44,44,44,44,44,44,6,0,21,49.23192675535878,12.723390012979507,106.16845544427633,7750.333333333333
1780929330,40,GET,/product/L9ECAV7KIM,0.000000,0.000000,66,66,96,96,96,96,96,96,96,96,96,8,0,68,106.14393348805606,13.645478524267673,327.3426219820976,7718.625
1780929330,40,GET,/product/LS4PSXUNUM,0.200000,0.000000,95,95,95,95,95,95,95,95,95,95,95,6,0,28,54.43391933416327,11.95888128131628,102.98943985253572,7721.833333333333
1780929330,40,GET,/product/OLJCESPC7Z,0.000000,0.000000,65,65,65,65,65,65,65,65,65,65,65,2,0,17,40.98157398402691,16.685313545167446,65.27783442288637,7778.5
1780929330,40,,Aggregated,20.300000,0.000000,81,100,100,110,140,160,180,180,190,190,190,685,0,110,159.8180414836881,11.95888128131628,881.6180266439915,10586.970802919708
1780929331,40,GET,/,15.800000,0.000000,76,94,100,110,140,160,180,180,190,190,190,530,0,120,173.24787575294667,12.752745300531387,881.6180266439915,10250.809433962264
1780929331,40,POST,/cart,2.000000,0.000000,93,100,100,110,160,170,170,170,170,170,170,76,0,110,126.82911711990049,22.90730830281973,439.53768629580736,17059.88157894737
1780929331,40,POST,/cart/checkout,1.000000,0.000000,100,100,110,110,130,130,130,130,130,130,130,26,0,110,130.30203571543097,22.013609297573566,297.4518062546849,6558.807692307692
1780929331,40,GET,/product/0PUK6V6EV0,0.800000,0.000000,55,55,100,100,100,100,100,100,100,100,100,13,0,92,75.37381916951675,13.702102936804295,104.42658513784409,7721.692307692308
1780929331,40,GET,/product/1YMWWN1N4O,0.200000,0.000000,99,99,100,100,100,100,100,100,100,100,100,11,0,99,90.15156667340885,16.514791175723076,180.72308134287596,7743.272727272727
1780929331,40,GET,/product/2ZYFJ3GM2N,0.600000,0.000000,100,100,100,100,100,100,100,100,100,100,100,11,0,100,110.31569726765156,16.0386823117733,199.84895642846823,7726.0
1780929331,40,GET,/product/66VCHSJNUP,0.400000,0.000000,97,100,100,100,100,100,100,100,100,100,100,10,0,100,90.92093920335174,40.33994395285845,103.85446902364492,7685.2
1780929331,40,GET,/product/6E92ZMYYFZ,0.200000,0.000000,42,42,42,42,42,42,42,42,42,42,42,8,0,97,75.99744445178658,17.409558407962322,104.72150146961212,7721.25
1780929331,40,GET,/product/9SIQT8TOJO,0.100000,0.000000,44,44,44,44,44,44,44,44,44,44,44,6,0,21,49.23192675535878,12.723390012979507,106.16845544427633,7750.333333333333
1780929331,40,GET,/product/L9ECAV7KIM,0.200000,0.000000,66,66,96,96,96,96,96,96,96,96,96,8,0,68,106.14393348805606,13.645478524267673,327.3426219820976,7718.625
1780929331,40,GET,/product/LS4PSXUNUM,0.200000,0.000000,95,95,95,95,95,95,95,95,95,95,95,6,0,28,54.43391933416327,11.95888128131628,102.98943985253572,7721.833333333333
1780929331,40,GET,/product/OLJCESPC7Z,0.000000,0.000000,0,0,0,0,0,0,0,0,0,0,0,2,0,17,40.98157398402691,16.685313545167446,65.27783442288637,7778.5
1780929331,40,,Aggregated,21.500000,0.000000,81,97,100,110,130,160,180,180,190,190,190,707,0,100,157.14786162855475,11.95888128131628,881.6180266439915,10578.944837340878
1780929332,40,GET,/,16.000000,0.000000,73,93,100,110,130,140,180,180,190,190,190,541,0,110,171.07511969548332,12.752745300531387,881.6180266439915,10251.295748613678
1780929332,40,POST,/cart,2.100000,0.000000,94,100,100,110,160,170,170,170,170,170,170,78,0,110,125.19438905068316,22.90730830281973,439.53768629580736,17057.4358974359
1780929332,40,POST,/cart/checkout,1.000000,0.000000,100,100,110,110,110,110,110,110,110,110,110,26,0,110,130.30203571543097,22.013609297573566,297.4518062546849,6558.807692307692
1780929332,40,GET,/product/0PUK6V6EV0,0.700000,0.000000,55,55,100,100,100,100,100,100,100,100,100,13,0,92,75.37381916951675,13.702102936804295,104.42658513784409,7721.692307692308
1780929332,40,GET,/product/1YMWWN1N4O,0.200000,0.000000,99,99,100,100,100,100,100,100,100,100,100,11,0,99,90.15156667340885,16.514791175723076,180.72308134287596,7743.272727272727
1780929332,40,GET,/product/2ZYFJ3GM2N,0.500000,0.000000,100,100,100,100,100,100,100,100,100,100,100,11,0,100,110.31569726765156,16.0386823117733,199.84895642846823,7726.0
1780929332,40,GET,/product/66VCHSJNUP,0.400000,0.000000,97,100,100,100,100,100,100,100,100,100,100,10,0,100,90.92093920335174,40.33994395285845,103.85446902364492,7685.2
1780929332,40,GET,/product/6E92ZMYYFZ,0.200000,0.000000,40,40,42,42,42,42,42,42,42,42,42,9,0,97,71.9723439671927,17.409558407962322,104.72150146961212,7722.0
1780929332,40,GET,/product/9SIQT8TOJO,0.100000,0.000000,44,44,44,44,44,44,44,44,44,44,44,6,0,21,49.23192675535878,12.723390012979507,106.16845544427633,7750.333333333333
1780929332,40,GET,/product/L9ECAV7KIM,0.200000,0.000000,66,66,100,100,100,100,100,100,100,100,100,9,0,91,105.75768103202184,13.645478524267673,327.3426219820976,7723.555555555556
1780929332,40,GET,/product/LS4PSXUNUM,0.200000,0.000000,95,95,96,96,96,96,96,96,96,96,96,7,0,62,60.339017239000114,11.95888128131628,102.98943985253572,7727.0
1780929332,40,GET,/product/OLJCESPC7Z,0.000000,0.000000,0,0,0,0,0,0,0,0,0,0,0,2,0,17,40.98157398402691,16.685313545167446,65.27783442288637,7778.5
1780929332,40,,Aggregated,21.600000,0.000000,81,97,100,110,130,140,170,180,190,190,190,723,0,100,155.18417984587276,11.95888128131628,881.6180266439915,10580.240663900415
1780929333,40,GET,/,16.000000,0.000000,75,94,110,120,140,180,190,200,210,210,210,563,0,110,168.7065695658935,12.752745300531387,881.6180266439915,10251.896980461812
1780929333,40,POST,/cart,2.200000,0.000000,100,110,130,150,170,200,240,240,240,240,240,83,0,110,126.84554984815509,22.90730830281973,439.53768629580736,17128.530120481926
1780929333,40,POST,/cart/checkout,1.100000,0.000000,97,100,100,100,110,110,110,110,110,110,110,26,0,110,130.30203571543097,22.013609297573566,297.4518062546849,6558.807692307692
1780929333,40,GET,/product/0PUK6V6EV0,0.400000,0.000000,55,55,100,100,100,100,100,100,100,100,100,13,0,92,75.37381916951675,13.702102936804295,104.42658513784409,7721.692307692308
1780929333,40,GET,/product/1YMWWN1N4O,0.300000,0.000000,99,99,100,100,100,100,100,100,100,100,100,11,0,99,90.15156667340885,16.514791175723076,180.72308134287596,7743.272727272727
1780929333,40,GET,/product/2ZYFJ3GM2N,0.500000,0.000000,100,100,100,100,100,100,100,100,100,100,100,11,0,100,110.31569726765156,16.0386823117733,199.84895642846823,7726.0
1780929333,40,GET,/product/66VCHSJNUP,0.500000,0.000000,97,100,100,100,100,100,100,100,100,100,100,11,0,100,90.96540679985827,40.33994395285845,103.85446902364492,7689.909090909091
1780929333,40,GET,/product/6E92ZMYYFZ,0.000000,0.000000,42,42,110,110,110,110,110,110,110,110,110,10,0,97,75.53993929177523,17.409558407962322,107.64829721301794,7724.6
1780929333,40,GET,/product/9SIQT8TOJO,0.000000,0.000000,44,44,44,44,44,44,44,44,44,44,44,6,0,21,49.23192675535878,12.723390012979507,106.16845544427633,7750.333333333333
1780929333,40,GET,/product/L9ECAV7KIM,0.200000,0.000000,66,66,100,100,100,100,100,100,100,100,100,9,0,91,105.75768103202184,13.645478524267673,327.3426219820976,7723.555555555556
1780929333,40,GET,/product/LS4PSXUNUM,0.200000,0.000000,95,95,96,96,96,96,96,96,96,96,96,7,0,62,60.339017239000114,11.95888128131628,102.98943985253572,7727.0
1780929333,40,GET,/product/OLJCESPC7Z,0.000000,0.000000,100,100,100,100,100,100,100,100,100,100,100,4,0,65,68.82160808891058,16.685313545167446,100.4375210031867,7764.5
1780929333,40,,Aggregated,21.400000,0.000000,84,100,100,110,140,180,200,200,240,240,240,754,0,100,153.55931153145448,11.95888128131628,881.6180266439915,10606.836870026526
1780929334,40,GET,/,16.100000,0.000000,73,94,100,110,140,180,200,200,210,210,210,575,0,110,166.39834494208512,12.752745300531387,881.6180266439915,10252.570434782609
1780929334,40,POST,/cart,2.000000,0.000000,93,100,110,130,160,200,240,240,240,240,240,86,0,110,124.78598722711553,22.90730830281973,439.53768629580736,17164.04651162791
1780929334,40,POST,/cart/checkout,0.900000,0.000000,100,100,100,100,110,110,110,110,110,110,110,26,0,110,130.30203571543097,22.013609297573566,297.4518062546849,6558.807692307692
1780929334,40,GET,/product/0PUK6V6EV0,0.300000,0.000000,55,55,55,55,55,55,55,55,55,55,55,13,0,92,75.37381916951675,13.702102936804295,104.42658513784409,7721.692307692308
1780929334,40,GET,/product/1YMWWN1N4O,0.300000,0.000000,99,99,100,100,100,100,100,100,100,100,100,11,0,99,90.15156667340885,16.514791175723076,180.72308134287596,7743.272727272727
1780929334,40,GET,/product/2ZYFJ3GM2N,0.500000,0.000000,100,100,100,100,100,100,100,100,100,100,100,11,0,100,110.31569726765156,16.0386823117733,199.84895642846823,7726.0
1780929334,40,GET,/product/66VCHSJNUP,0.500000,0.000000,97,97,100,100,100,100,100,100,100,100,100,12,0,100,89.38598570724328,40.33994395285845,103.85446902364492,7698.0
1780929334,40,GET,/product/6E92ZMYYFZ,0.100000,0.000000,42,42,110,110,110,110,110,110,110,110,110,10,0,97,75.53993929177523,17.409558407962322,107.64829721301794,7724.6
1780929334,40,GET,/product/9SIQT8TOJO,0.000000,0.000000,44,44,44,44,44,44,44,44,44,44,44,6,0,21,49.23192675535878,12.723390012979507,106.16845544427633,7750.333333333333
1780929334,40,GET,/product/L9ECAV7KIM,0.300000,0.000000,66,66,100,100,100,100,100,100,100,100,100,9,0,91,105.75768103202184,13.645478524267673,327.3426219820976,7723.555555555556
1780929334,40,GET,/product/LS4PSXUNUM,0.300000,0.000000,95,95,96,96,96,96,96,96,96,96,96,7,0,62,60.339017239000114,11.95888128131628,102.98943985253572,7727.0
1780929334,40,GET,/product/OLJCESPC7Z,0.000000,0.000000,98,98,100,100,100,100,100,100,100,100,100,5,0,93,74.64905381202698,16.685313545167446,100.4375210031867,7776.0
1780929334,40,,Aggregated,21.300000,0.000000,78,97,100,110,140,180,200,210,240,240,240,771,0,100,151.5620700717842,11.95888128131628,881.6180266439915,10623.88326848249
1780929335,40,GET,/,16.500000,0.000000,76,95,100,110,150,160,200,200,210,210,210,592,0,110,164.829660660109,12.752745300531387,881.6180266439915,10253.152027027027
1780929335,40,POST,/cart,2.100000,0.000000,87,100,110,120,150,200,240,240,240,240,240,88,0,110,123.68692015297711,22.90730830281973,439.53768629580736,17175.625
1780929335,40,POST,/cart/checkout,0.800000,0.000000,97,100,100,110,110,110,110,110,110,110,110,26,0,110,130.30203571543097,22.013609297573566,297.4518062546849,6558.807692307692
1780929335,40,GET,/product/0PUK6V6EV0,0.300000,0.000000,55,55,55,55,55,55,55,55,55,55,55,13,0,92,75.37381916951675,13.702102936804295,104.42658513784409,7721.692307692308
1780929335,40,GET,/product/1YMWWN1N4O,0.300000,0.000000,100,100,100,100,100,100,100,100,100,100,100,11,0,99,90.15156667340885,16.514791175723076,180.72308134287596,7743.272727272727
1780929335,40,GET,/product/2ZYFJ3GM2N,0.500000,0.000000,100,100,100,100,100,100,100,100,100,100,100,11,0,100,110.31569726765156,16.0386823117733,199.84895642846823,7726.0
1780929335,40,GET,/product/66VCHSJNUP,0.500000,0.000000,97,97,100,100,100,100,100,100,100,100,100,12,0,100,89.38598570724328,40.33994395285845,103.85446902364492,7698.0
1780929335,40,GET,/product/6E92ZMYYFZ,0.200000,0.000000,110,110,110,110,110,110,110,110,110,110,110,10,0,97,75.53993929177523,17.409558407962322,107.64829721301794,7724.6
1780929335,40,GET,/product/9SIQT8TOJO,0.000000,0.000000,44,44,44,44,44,44,44,44,44,44,44,7,0,21,44.53924497855561,12.723390012979507,106.16845544427633,7760.428571428572
1780929335,40,GET,/product/L9ECAV7KIM,0.300000,0.000000,66,66,100,100,100,100,100,100,100,100,100,9,0,91,105.75768103202184,13.645478524267673,327.3426219820976,7723.555555555556
1780929335,40,GET,/product/LS4PSXUNUM,0.300000,0.000000,95,95,96,96,96,96,96,96,96,96,96,7,0,62,60.339017239000114,11.95888128131628,102.98943985253572,7727.0
1780929335,40,GET,/product/OLJCESPC7Z,0.200000,0.000000,98,98,100,100,100,100,100,100,100,100,100,5,0,93,74.64905381202698,16.685313545167446,100.4375210031867,7776.0
1780929335,40,,Aggregated,22.000000,0.000000,81,97,100,110,140,160,200,210,240,240,240,791,0,100,150.3460227821479,11.95888128131628,881.6180266439915,10630.61946902655
1780929336,40,GET,/,16.000000,0.000000,81,97,110,120,150,160,200,200,210,210,210,609,0,110,162.80551536898747,12.752745300531387,881.6180266439915,10254.141215106732
1780929336,40,POST,/cart,2.300000,0.000000,94,100,120,130,150,200,240,240,240,240,240,89,0,110,124.02386283188054,22.90730830281973,439.53768629580736,17213.34831460674
1780929336,40,POST,/cart/checkout,0.700000,0.000000,97,100,100,110,110,110,110,110,110,110,110,26,0,110,130.30203571543097,22.013609297573566,297.4518062546849,6558.807692307692
1780929336,40,GET,/product/0PUK6V6EV0,0.300000,0.000000,55,55,55,55,55,55,55,55,55,55,55,13,0,92,75.37381916951675,13.702102936804295,104.42658513784409,7721.692307692308
1780929336,40,GET,/product/1YMWWN1N4O,0.200000,0.000000,33,33,100,100,100,100,100,100,100,100,100,12,0,97,83.90479379643996,15.19029214978218,180.72308134287596,7749.083333333333
1780929336,40,GET,/product/2ZYFJ3GM2N,0.500000,0.000000,100,100,100,100,100,100,100,100,100,100,100,11,0,100,110.31569726765156,16.0386823117733,199.84895642846823,7726.0
1780929336,40,GET,/product/66VCHSJNUP,0.500000,0.000000,91,97,97,100,100,100,100,100,100,100,100,12,0,100,89.38598570724328,40.33994395285845,103.85446902364492,7698.0
1780929336,40,GET,/product/6E92ZMYYFZ,0.200000,0.000000,110,110,110,110,110,110,110,110,110,110,110,10,0,97,75.53993929177523,17.409558407962322,107.64829721301794,7724.6
1780929336,40,GET,/product/9SIQT8TOJO,0.000000,0.000000,44,44,44,44,44,44,44,44,44,44,44,7,0,21,44.53924497855561,12.723390012979507,106.16845544427633,7760.428571428572
1780929336,40,GET,/product/L9ECAV7KIM,0.300000,0.000000,100,100,100,100,100,100,100,100,100,100,100,10,0,91,105.18141370266676,13.645478524267673,327.3426219820976,7728.5
1780929336,40,GET,/product/LS4PSXUNUM,0.300000,0.000000,96,96,96,96,96,96,96,96,96,96,96,7,0,62,60.339017239000114,11.95888128131628,102.98943985253572,7727.0
1780929336,40,GET,/product/OLJCESPC7Z,0.300000,0.000000,98,98,100,100,100,100,100,100,100,100,100,6,0,65,72.71168769026796,16.685313545167446,100.4375210031867,7783.333333333333
1780929336,40,,Aggregated,21.600000,0.000000,85,100,100,110,140,160,200,210,240,240,240,812,0,100,148.79924722309477,11.95888128131628,881.6180266439915,10625.203201970444
1780929337,40,GET,/,15.900000,0.000000,89,100,120,130,160,180,200,210,240,240,240,625,0,110,161.9739427909255,12.752745300531387,881.6180266439915,10254.7216
1780929337,40,POST,/cart,2.400000,0.000000,100,110,130,150,200,240,240,240,240,240,240,90,0,110,123.77907279878855,22.90730830281973,439.53768629580736,17202.033333333333
1780929337,40,POST,/cart/checkout,0.600000,0.000000,100,100,110,110,110,110,110,110,110,110,110,26,0,110,130.30203571543097,22.013609297573566,297.4518062546849,6558.807692307692
1780929337,40,GET,/product/0PUK6V6EV0,0.200000,0.000000,55,55,55,55,55,55,55,55,55,55,55,13,0,92,75.37381916951675,13.702102936804295,104.42658513784409,7721.692307692308
1780929337,40,GET,/product/1YMWWN1N4O,0.200000,0.000000,33,33,100,100,100,100,100,100,100,100,100,12,0,97,83.90479379643996,15.19029214978218,180.72308134287596,7749.083333333333
1780929337,40,GET,/product/2ZYFJ3GM2N,0.300000,0.000000,100,100,100,100,100,100,100,100,100,100,100,11,0,100,110.31569726765156,16.0386823117733,199.84895642846823,7726.0
1780929337,40,GET,/product/66VCHSJNUP,0.600000,0.000000,91,97,97,100,100,100,100,100,100,100,100,12,0,100,89.38598570724328,40.33994395285845,103.85446902364492,7698.0
1780929337,40,GET,/product/6E92ZMYYFZ,0.200000,0.000000,110,110,110,110,110,110,110,110,110,110,110,10,0,97,75.53993929177523,17.409558407962322,107.64829721301794,7724.6
1780929337,40,GET,/product/9SIQT8TOJO,0.100000,0.000000,16,16,16,16,16,16,16,16,16,16,16,7,0,21,44.53924497855561,12.723390012979507,106.16845544427633,7760.428571428572
1780929337,40,GET,/product/L9ECAV7KIM,0.300000,0.000000,100,100,100,100,100,100,100,100,100,100,100,10,0,91,105.18141370266676,13.645478524267673,327.3426219820976,7728.5
1780929337,40,GET,/product/LS4PSXUNUM,0.300000,0.000000,96,96,100,100,100,100,100,100,100,100,100,8,0,62,65.4961634427309,11.95888128131628,102.98943985253572,7734.375
1780929337,40,GET,/product/OLJCESPC7Z,0.300000,0.000000,98,98,100,100,100,100,100,100,100,100,100,6,0,65,72.71168769026796,16.685313545167446,100.4375210031867,7783.333333333333
1780929337,40,,Aggregated,21.400000,0.000000,91,100,110,130,150,180,210,240,240,240,240,830,0,100,148.32979888733792,11.95888128131628,881.6180266439915,10621.777108433735
1780929338,40,GET,/,16.100000,0.000000,88,100,130,130,160,180,200,210,240,240,240,644,0,110,159.98940498955687,12.752745300531387,881.6180266439915,10255.33695652174
1780929338,40,POST,/cart,2.400000,0.000000,100,120,130,150,190,200,240,240,240,240,240,93,0,110,123.88721721306923,22.90730830281973,439.53768629580736,17278.139784946237
1780929338,40,POST,/cart/checkout,0.500000,0.000000,100,100,110,110,110,110,110,110,110,110,110,26,0,110,130.30203571543097,22.013609297573566,297.4518062546849,6558.807692307692
1780929338,40,GET,/product/0PUK6V6EV0,0.000000,0.000000,46,46,55,55,55,55,55,55,55,55,55,14,0,89,73.28740746847221,13.702102936804295,104.42658513784409,7717.142857142857
1780929338,40,GET,/product/1YMWWN1N4O,0.300000,0.000000,33,33,95,95,95,95,95,95,95,95,95,13,0,97,84.75823413867217,15.19029214978218,180.72308134287596,7754.615384615385
1780929338,40,GET,/product/2ZYFJ3GM2N,0.100000,0.000000,100,100,100,100,100,100,100,100,100,100,100,11,0,100,110.31569726765156,16.0386823117733,199.84895642846823,7726.0
1780929338,40,GET,/product/66VCHSJNUP,0.500000,0.000000,91,97,97,100,100,100,100,100,100,100,100,12,0,100,89.38598570724328,40.33994395285845,103.85446902364492,7698.0
1780929338,40,GET,/product/6E92ZMYYFZ,0.200000,0.000000,110,110,110,110,110,110,110,110,110,110,110,10,0,97,75.53993929177523,17.409558407962322,107.64829721301794,7724.6
1780929338,40,GET,/product/9SIQT8TOJO,0.100000,0.000000,16,16,16,16,16,16,16,16,16,16,16,7,0,21,44.53924497855561,12.723390012979507,106.16845544427633,7760.428571428572
1780929338,40,GET,/product/L9ECAV7KIM,0.400000,0.000000,100,100,100,100,100,100,100,100,100,100,100,10,0,91,105.18141370266676,13.645478524267673,327.3426219820976,7728.5
1780929338,40,GET,/product/LS4PSXUNUM,0.200000,0.000000,100,100,100,100,100,100,100,100,100,100,100,9,0,95,69.32550099574857,11.95888128131628,102.98943985253572,7730.222222222223
1780929338,40,GET,/product/OLJCESPC7Z,0.400000,0.000000,98,100,100,100,100,100,100,100,100,100,100,7,0,93,76.92272003207889,16.685313545167446,102.1889140829444,7787.857142857143
1780929338,40,,Aggregated,21.200000,0.000000,91,100,120,130,160,180,210,240,240,240,240,856,0,100,146.7732511489069,11.95888128131628,881.6180266439915,10631.992990654206
1780929339,40,GET,/,16.200000,0.000000,85,100,120,130,160,180,200,210,240,240,240,660,0,110,157.61322013356468,12.752745300531387,881.6180266439915,10256.127272727274
1780929339,40,POST,/cart,2.200000,0.000000,100,120,130,150,190,200,240,240,240,240,240,95,0,110,122.67065070765584,22.90730830281973,439.53768629580736,17255.842105263157
1780929339,40,POST,/cart/checkout,0.300000,0.000000,100,100,100,100,100,100,100,100,100,100,100,26,0,110,130.30203571543097,22.013609297573566,297.4518062546849,6558.807692307692
1780929339,40,GET,/product/0PUK6V6EV0,0.000000,0.000000,46,46,55,55,55,55,55,55,55,55,55,15,0,89,69.23518180847168,12.50402256846428,104.42658513784409,7720.466666666666
1780929339,40,GET,/product/1YMWWN1N4O,0.300000,0.000000,33,33,95,95,95,95,95,95,95,95,95,14,0,97,79.9095147688474,15.19029214978218,180.72308134287596,7758.071428571428
1780929339,40,GET,/product/2ZYFJ3GM2N,0.000000,0.000000,100,100,100,100,100,100,100,100,100,100,100,11,0,100,110.31569726765156,16.0386823117733,199.84895642846823,7726.0
1780929339,40,GET,/product/66VCHSJNUP,0.500000,0.000000,91,91,97,97,97,97,97,97,97,97,97,12,0,100,89.38598570724328,40.33994395285845,103.85446902364492,7698.0
1780929339,40,GET,/product/6E92ZMYYFZ,0.200000,0.000000,110,110,110,110,110,110,110,110,110,110,110,10,0,97,75.53993929177523,17.409558407962322,107.64829721301794,7724.6
1780929339,40,GET,/product/9SIQT8TOJO,0.100000,0.000000,16,16,16,16,16,16,16,16,16,16,16,7,0,21,44.53924497855561,12.723390012979507,106.16845544427633,7760.428571428572
1780929339,40,GET,/product/L9ECAV7KIM,0.400000,0.000000,100,100,100,100,100,100,100,100,100,100,100,10,0,91,105.18141370266676,13.645478524267673,327.3426219820976,7728.5
1780929339,40,GET,/product/LS4PSXUNUM,0.200000,0.000000,100,100,100,100,100,100,100,100,100,100,100,9,0,95,69.32550099574857,11.95888128131628,102.98943985253572,7730.222222222223
1780929339,40,GET,/product/OLJCESPC7Z,0.400000,0.000000,98,98,100,100,100,100,100,100,100,100,100,8,0,93,79.36583342961967,16.685313545167446,102.1889140829444,7789.875
1780929339,40,,Aggregated,20.800000,0.000000,91,100,120,130,160,180,210,240,240,240,240,877,0,100,144.6835802594028,11.95888128131628,881.6180266439915,10628.740022805017
1780929340,40,GET,/,17.200000,0.000000,81,100,120,130,160,180,200,210,240,240,240,676,0,100,155.1954837077843,12.752745300531387,881.6180266439915,10256.880177514793
1780929340,40,POST,/cart,2.200000,0.000000,87,120,130,150,190,200,240,240,240,240,240,97,0,100,121.37698776751142,22.90730830281973,439.53768629580736,17293.855670103094
1780929340,40,POST,/cart/checkout,0.300000,0.000000,100,100,100,100,100,100,100,100,100,100,100,27,0,110,126.40049943217525,22.013609297573566,297.4518062546849,6558.925925925926
1780929340,40,GET,/product/0PUK6V6EV0,0.100000,0.000000,46,55,55,96,96,96,96,96,96,96,96,16,0,89,70.9071108722128,12.50402256846428,104.42658513784409,7723.8125
1780929340,40,GET,/product/1YMWWN1N4O,0.300000,0.000000,33,33,95,95,95,95,95,95,95,95,95,14,0,97,79.9095147688474,15.19029214978218,180.72308134287596,7758.071428571428
1780929340,40,GET,/product/2ZYFJ3GM2N,0.000000,0.000000,100,100,100,100,100,100,100,100,100,100,100,12,0,100,108.90363552607596,16.0386823117733,199.84895642846823,7729.916666666667
1780929340,40,GET,/product/66VCHSJNUP,0.500000,0.000000,91,91,97,97,97,97,97,97,97,97,97,12,0,100,89.38598570724328,40.33994395285845,103.85446902364492,7698.0
1780929340,40,GET,/product/6E92ZMYYFZ,0.200000,0.000000,110,110,110,110,110,110,110,110,110,110,110,10,0,97,75.53993929177523,17.409558407962322,107.64829721301794,7724.6
1780929340,40,GET,/product/9SIQT8TOJO,0.100000,0.000000,16,16,16,16,16,16,16,16,16,16,16,7,0,21,44.53924497855561,12.723390012979507,106.16845544427633,7760.428571428572
1780929340,40,GET,/product/L9ECAV7KIM,0.400000,0.000000,100,100,100,100,100,100,100,100,100,100,100,10,0,91,105.18141370266676,13.645478524267673,327.3426219820976,7728.5
1780929340,40,GET,/product/LS4PSXUNUM,0.200000,0.000000,100,100,100,100,100,100,100,100,100,100,100,9,0,95,69.32550099574857,11.95888128131628,102.98943985253572,7730.222222222223
1780929340,40,GET,/product/OLJCESPC7Z,0.500000,0.000000,98,98,100,100,100,100,100,100,100,100,100,8,0,93,79.36583342961967,16.685313545167446,102.1889140829444,7789.875
1780929340,40,,Aggregated,22.000000,0.000000,88,100,110,130,160,180,210,240,240,240,240,898,0,100,142.66046229542496,11.95888128131628,881.6180266439915,10630.64587973274
1780929341,40,GET,/,16.500000,0.000000,87,100,120,130,160,180,200,210,240,240,240,695,0,100,152.949319164798,12.752745300531387,881.6180266439915,10257.775539568345
1780929341,40,POST,/cart,2.400000,0.000000,100,130,150,150,190,200,240,240,240,240,240,99,0,110,121.79091440118623,22.90730830281973,439.53768629580736,17329.88888888889
1780929341,40,POST,/cart/checkout,0.100000,0.000000,94,94,100,100,100,100,100,100,100,100,100,28,0,110,125.23982540837356,22.013609297573566,297.4518062546849,6558.107142857143
1780929341,40,GET,/product/0PUK6V6EV0,0.100000,0.000000,46,46,96,96,96,96,96,96,96,96,96,16,0,89,70.9071108722128,12.50402256846428,104.42658513784409,7723.8125
1780929341,40,GET,/product/1YMWWN1N4O,0.300000,0.000000,33,33,95,95,95,95,95,95,95,95,95,14,0,97,79.9095147688474,15.19029214978218,180.72308134287596,7758.071428571428
1780929341,40,GET,/product/2ZYFJ3GM2N,0.000000,0.000000,99,99,100,100,100,100,100,100,100,100,100,14,0,99,101.22026962095073,11.10590249300003,199.84895642846823,7739.5
1780929341,40,GET,/product/66VCHSJNUP,0.300000,0.000000,91,91,91,91,91,91,91,91,91,91,91,12,0,100,89.38598570724328,40.33994395285845,103.85446902364492,7698.0
1780929341,40,GET,/product/6E92ZMYYFZ,0.200000,0.000000,110,110,110,110,110,110,110,110,110,110,110,10,0,97,75.53993929177523,17.409558407962322,107.64829721301794,7724.6
1780929341,40,GET,/product/9SIQT8TOJO,0.100000,0.000000,16,16,16,16,16,16,16,16,16,16,16,7,0,21,44.53924497855561,12.723390012979507,106.16845544427633,7760.428571428572
1780929341,40,GET,/product/L9ECAV7KIM,0.200000,0.000000,100,100,100,100,100,100,100,100,100,100,100,10,0,91,105.18141370266676,13.645478524267673,327.3426219820976,7728.5
1780929341,40,GET,/product/LS4PSXUNUM,0.300000,0.000000,100,100,100,100,100,100,100,100,100,100,100,9,0,95,69.32550099574857,11.95888128131628,102.98943985253572,7730.222222222223
1780929341,40,GET,/product/OLJCESPC7Z,0.600000,0.000000,98,98,100,100,100,100,100,100,100,100,100,8,0,93,79.36583342961967,16.685313545167446,102.1889140829444,7789.875
1780929341,40,,Aggregated,21.100000,0.000000,89,100,120,130,160,180,210,240,240,240,240,922,0,100,140.98112739889262,11.10590249300003,881.6180266439915,10631.353579175706
1780929342,40,GET,/,16.100000,0.000000,78,100,110,120,150,180,210,210,240,240,240,707,0,100,151.09884337544483,12.752745300531387,881.6180266439915,10258.224893917963
1780929342,40,POST,/cart,2.300000,0.000000,81,120,130,130,150,190,200,200,200,200,200,103,0,100,119.01766150394111,22.90730830281973,439.53768629580736,17449.825242718445
1780929342,40,POST,/cart/checkout,0.200000,0.000000,94,94,100,100,100,100,100,100,100,100,100,28,0,110,125.23982540837356,22.013609297573566,297.4518062546849,6558.107142857143
1780929342,40,GET,/product/0PUK6V6EV0,0.300000,0.000000,46,46,96,96,96,96,96,96,96,96,96,16,0,89,70.9071108722128,12.50402256846428,104.42658513784409,7723.8125
1780929342,40,GET,/product/1YMWWN1N4O,0.400000,0.000000,17,17,95,95,95,95,95,95,95,95,95,14,0,97,79.9095147688474,15.19029214978218,180.72308134287596,7758.071428571428
1780929342,40,GET,/product/2ZYFJ3GM2N,0.100000,0.000000,93,93,99,99,99,99,99,99,99,99,99,14,0,99,101.22026962095073,11.10590249300003,199.84895642846823,7739.5
1780929342,40,GET,/product/66VCHSJNUP,0.300000,0.000000,91,91,91,91,91,91,91,91,91,91,91,12,0,100,89.38598570724328,40.33994395285845,103.85446902364492,7698.0
1780929342,40,GET,/product/6E92ZMYYFZ,0.200000,0.000000,110,110,110,110,110,110,110,110,110,110,110,10,0,97,75.53993929177523,17.409558407962322,107.64829721301794,7724.6
1780929342,40,GET,/product/9SIQT8TOJO,0.100000,0.000000,16,16,16,16,16,16,16,16,16,16,16,8,0,16,40.48104758840054,12.073665857315063,106.16845544427633,7752.875
1780929342,40,GET,/product/L9ECAV7KIM,0.200000,0.000000,100,100,100,100,100,100,100,100,100,100,100,10,0,91,105.18141370266676,13.645478524267673,327.3426219820976,7728.5
1780929342,40,GET,/product/LS4PSXUNUM,0.300000,0.000000,100,100,100,100,100,100,100,100,100,100,100,9,0,95,69.32550099574857,11.95888128131628,102.98943985253572,7730.222222222223
1780929342,40,GET,/product/OLJCESPC7Z,0.600000,0.000000,96,98,98,100,100,100,100,100,100,100,100,9,0,93,80.88804201947318,16.685313545167446,102.1889140829444,7794.111111111111
1780929342,40,,Aggregated,21.100000,0.000000,81,100,100,120,150,180,200,210,240,240,240,940,0,100,139.16847116432766,11.10590249300003,881.6180266439915,10662.468085106382
1780929343,40,GET,/,16.500000,0.000000,78,100,100,110,150,160,180,210,240,240,240,722,0,100,149.29188944146532,12.752745300531387,881.6180266439915,10258.703601108033
1780929343,40,POST,/cart,2.300000,0.000000,81,120,130,150,150,160,190,190,190,190,190,107,0,100,118.15281805068811,22.90730830281973,439.53768629580736,17484.971962616823
1780929343,40,POST,/cart/checkout,0.200000,0.000000,94,94,100,100,100,100,100,100,100,100,100,29,0,110,124.03852865099907,22.013609297573566,297.4518062546849,6558.310344827586
1780929343,40,GET,/product/0PUK6V6EV0,0.300000,0.000000,46,46,96,96,96,96,96,96,96,96,96,16,0,89,70.9071108722128,12.50402256846428,104.42658513784409,7723.8125
1780929343,40,GET,/product/1YMWWN1N4O,0.300000,0.000000,17,17,95,95,95,95,95,95,95,95,95,14,0,97,79.9095147688474,15.19029214978218,180.72308134287596,7758.071428571428
1780929343,40,GET,/product/2ZYFJ3GM2N,0.200000,0.000000,96,96,99,99,99,99,99,99,99,99,99,15,0,99,100.88759455829859,11.10590249300003,199.84895642846823,7744.8
1780929343,40,GET,/product/66VCHSJNUP,0.200000,0.000000,72,72,72,72,72,72,72,72,72,72,72,12,0,100,89.38598570724328,40.33994395285845,103.85446902364492,7698.0
1780929343,40,GET,/product/6E92ZMYYFZ,0.200000,0.000000,110,110,110,110,110,110,110,110,110,110,110,10,0,97,75.53993929177523,17.409558407962322,107.64829721301794,7724.6
1780929343,40,GET,/product/9SIQT8TOJO,0.100000,0.000000,16,16,100,100,100,100,100,100,100,100,100,9,0,21,47.272181034915974,12.073665857315063,106.16845544427633,7762.444444444444
1780929343,40,GET,/product/L9ECAV7KIM,0.200000,0.000000,100,100,100,100,100,100,100,100,100,100,100,10,0,91,105.18141370266676,13.645478524267673,327.3426219820976,7728.5
1780929343,40,GET,/product/LS4PSXUNUM,0.300000,0.000000,100,100,100,100,100,100,100,100,100,100,100,10,0,95,72.47598124668002,11.95888128131628,102.98943985253572,7734.4
1780929343,40,GET,/product/OLJCESPC7Z,0.600000,0.000000,96,98,98,100,100,100,100,100,100,100,100,9,0,93,80.88804201947318,16.685313545167446,102.1889140829444,7794.111111111111
1780929343,40,,Aggregated,21.400000,0.000000,81,99,100,110,150,160,180,210,240,240,240,963,0,100,137.64571247821596,11.10590249300003,881.6180266439915,10675.485981308411
1780929344,40,GET,/,16.100000,0.000000,75,93,100,100,140,160,180,210,240,240,240,734,0,100,147.90461273173668,12.752745300531387,881.6180266439915,10259.363760217984
1780929344,40,POST,/cart,2.400000,0.000000,81,120,130,150,150,160,190,190,190,190,190,110,0,100,117.19064946201715,22.90730830281973,439.53768629580736,17564.1
1780929344,40,POST,/cart/checkout,0.200000,0.000000,90,94,94,110,110,110,110,110,110,110,110,31,0,110,120.75380172820822,22.013609297573566,297.4518062546849,6558.870967741936
1780929344,40,GET,/product/0PUK6V6EV0,0.300000,0.000000,46,46,96,96,96,96,96,96,96,96,96,16,0,89,70.9071108722128,12.50402256846428,104.42658513784409,7723.8125
1780929344,40,GET,/product/1YMWWN1N4O,0.300000,0.000000,17,17,95,95,95,95,95,95,95,95,95,14,0,97,79.9095147688474,15.19029214978218,180.72308134287596,7758.071428571428
1780929344,40,GET,/product/2ZYFJ3GM2N,0.300000,0.000000,96,96,99,99,99,99,99,99,99,99,99,15,0,99,100.88759455829859,11.10590249300003,199.84895642846823,7744.8
1780929344,40,GET,/product/66VCHSJNUP,0.200000,0.000000,72,72,72,72,72,72,72,72,72,72,72,12,0,100,89.38598570724328,40.33994395285845,103.85446902364492,7698.0
1780929344,40,GET,/product/6E92ZMYYFZ,0.100000,0.000000,110,110,110,110,110,110,110,110,110,110,110,10,0,97,75.53993929177523,17.409558407962322,107.64829721301794,7724.6
1780929344,40,GET,/product/9SIQT8TOJO,0.100000,0.000000,16,16,100,100,100,100,100,100,100,100,100,9,0,21,47.272181034915974,12.073665857315063,106.16845544427633,7762.444444444444
1780929344,40,GET,/product/L9ECAV7KIM,0.100000,0.000000,100,100,100,100,100,100,100,100,100,100,100,11,0,91,99.90626556629485,13.645478524267673,327.3426219820976,7730.727272727273
1780929344,40,GET,/product/LS4PSXUNUM,0.200000,0.000000,100,100,100,100,100,100,100,100,100,100,100,10,0,95,72.47598124668002,11.95888128131628,102.98943985253572,7734.4
1780929344,40,GET,/product/OLJCESPC7Z,0.700000,0.000000,96,96,100,100,100,100,100,100,100,100,100,9,0,93,80.88804201947318,16.685313545167446,102.1889140829444,7794.111111111111
1780929344,40,,Aggregated,21.000000,0.000000,77,96,100,100,140,160,180,210,240,240,240,981,0,100,136.35890713677372,11.10590249300003,881.6180266439915,10689.223241590214
1780929345,40,GET,/,15.800000,0.000000,66,88,93,100,140,160,180,210,240,240,240,752,0,97,145.56326112397846,12.735252268612385,881.6180266439915,10259.722074468085
1780929345,40,POST,/cart,2.500000,0.000000,79,100,130,130,150,160,190,190,190,190,190,112,0,100,116.58644671219268,22.90730830281973,439.53768629580736,17566.26785714286
1780929345,40,POST,/cart/checkout,0.300000,0.000000,90,94,94,110,110,110,110,110,110,110,110,31,0,110,120.75380172820822,22.013609297573566,297.4518062546849,6558.870967741936
1780929345,40,GET,/product/0PUK6V6EV0,0.300000,0.000000,46,46,96,96,96,96,96,96,96,96,96,17,0,89,67.58514879380955,12.50402256846428,104.42658513784409,7728.941176470588
1780929345,40,GET,/product/1YMWWN1N4O,0.300000,0.000000,17,17,95,95,95,95,95,95,95,95,95,14,0,97,79.9095147688474,15.19029214978218,180.72308134287596,7758.071428571428
1780929345,40,GET,/product/2ZYFJ3GM2N,0.300000,0.000000,93,96,96,99,99,99,99,99,99,99,99,16,0,98,95.40505247423425,11.10590249300003,199.84895642846823,7748.1875
1780929345,40,GET,/product/66VCHSJNUP,0.100000,0.000000,72,72,72,72,72,72,72,72,72,72,72,12,0,100,89.38598570724328,40.33994395285845,103.85446902364492,7698.0
1780929345,40,GET,/product/6E92ZMYYFZ,0.000000,0.000000,110,110,110,110,110,110,110,110,110,110,110,10,0,97,75.53993929177523,17.409558407962322,107.64829721301794,7724.6
1780929345,40,GET,/product/9SIQT8TOJO,0.300000,0.000000,16,16,100,100,100,100,100,100,100,100,100,9,0,21,47.272181034915974,12.073665857315063,106.16845544427633,7762.444444444444
1780929345,40,GET,/product/L9ECAV7KIM,0.100000,0.000000,98,98,100,100,100,100,100,100,100,100,100,12,0,91,99.74980889819562,13.645478524267673,327.3426219820976,7734.083333333333
1780929345,40,GET,/product/LS4PSXUNUM,0.300000,0.000000,100,100,100,100,100,100,100,100,100,100,100,10,0,95,72.47598124668002,11.95888128131628,102.98943985253572,7734.4
1780929345,40,GET,/product/OLJCESPC7Z,0.500000,0.000000,93,96,96,100,100,100,100,100,100,100,100,10,0,93,79.0981724858284,16.685313545167446,102.1889140829444,7797.1
1780929345,40,,Aggregated,20.800000,0.000000,69,92,99,100,130,160,180,210,240,240,240,1005,0,97,134.35323773257767,11.10590249300003,881.6180266439915,10684.220895522389
1780929346,40,GET,/,16.000000,0.000000,63,78,92,98,110,150,160,180,180,180,180,774,0,95,143.17094631257254,11.95464562624693,881.6180266439915,10260.2661498708
1780929346,40,POST,/cart,2.500000,0.000000,75,100,130,130,150,160,190,190,190,190,190,113,0,100,116.2162019368426,22.90730830281973,439.53768629580736,17579.78761061947
1780929346,40,POST,/cart/checkout,0.500000,0.000000,90,94,94,110,110,110,110,110,110,110,110,31,0,110,120.75380172820822,22.013609297573566,297.4518062546849,6558.870967741936
1780929346,40,GET,/product/0PUK6V6EV0,0.300000,0.000000,96,96,97,97,100,100,100,100,100,100,100,19,0,92,70.83435077220201,12.50402256846428,104.42658513784409,7734.473684210527
1780929346,40,GET,/product/1YMWWN1N4O,0.300000,0.000000,95,95,100,100,100,100,100,100,100,100,100,15,0,97,81.24658179779847,15.19029214978218,180.72308134287596,7761.733333333334
1780929346,40,GET,/product/2ZYFJ3GM2N,0.400000,0.000000,93,96,96,99,99,99,99,99,99,99,99,16,0,98,95.40505247423425,11.10590249300003,199.84895642846823,7748.1875
1780929346,40,GET,/product/66VCHSJNUP,0.100000,0.000000,72,72,72,72,72,72,72,72,72,72,72,12,0,100,89.38598570724328,40.33994395285845,103.85446902364492,7698.0
1780929346,40,GET,/product/6E92ZMYYFZ,0.000000,0.000000,110,110,110,110,110,110,110,110,110,110,110,10,0,97,75.53993929177523,17.409558407962322,107.64829721301794,7724.6
1780929346,40,GET,/product/9SIQT8TOJO,0.300000,0.000000,16,16,100,100,100,100,100,100,100,100,100,9,0,21,47.272181034915974,12.073665857315063,106.16845544427633,7762.444444444444
1780929346,40,GET,/product/L9ECAV7KIM,0.200000,0.000000,98,98,100,100,100,100,100,100,100,100,100,12,0,91,99.74980889819562,13.645478524267673,327.3426219820976,7734.083333333333
1780929346,40,GET,/product/LS4PSXUNUM,0.300000,0.000000,100,100,100,100,100,100,100,100,100,100,100,10,0,95,72.47598124668002,11.95888128131628,102.98943985253572,7734.4
1780929346,40,GET,/product/OLJCESPC7Z,0.400000,0.000000,96,100,100,100,100,100,100,100,100,100,100,11,0,93,80.95457548783584,16.685313545167446,102.1889140829444,7799.909090909091
1780929346,40,,Aggregated,21.300000,0.000000,68,89,97,100,110,150,160,180,190,190,190,1032,0,97,132.6035678778349,11.10590249300003,881.6180266439915,10672.553294573643
1780929347,40,GET,/,16.000000,0.000000,59,77,88,92,100,100,140,150,180,180,180,788,0,94,141.93108686609997,11.95464562624693,881.6180266439915,10260.616751269035
1780929347,40,POST,/cart,2.200000,0.000000,75,82,120,130,150,150,160,160,160,160,160,114,0,100,115.45148143021946,22.90730830281973,439.53768629580736,17592.85087719298
1780929347,40,POST,/cart/checkout,0.500000,0.000000,90,94,94,110,110,110,110,110,110,110,110,31,0,110,120.75380172820822,22.013609297573566,297.4518062546849,6558.870967741936
1780929347,40,GET,/product/0PUK6V6EV0,0.300000,0.000000,94,96,97,97,100,100,100,100,100,100,100,21,0,92,70.63728890248707,12.50402256846428,104.42658513784409,7738.619047619048
1780929347,40,GET,/product/1YMWWN1N4O,0.300000,0.000000,95,95,100,100,100,100,100,100,100,100,100,16,0,97,82.06831046845764,15.19029214978218,180.72308134287596,7765.1875
1780929347,40,GET,/product/2ZYFJ3GM2N,0.500000,0.000000,93,96,96,99,99,99,99,99,99,99,99,16,0,98,95.40505247423425,11.10590249300003,199.84895642846823,7748.1875
1780929347,40,GET,/product/66VCHSJNUP,0.000000,0.000000,72,72,72,72,72,72,72,72,72,72,72,13,0,100,85.83153526370342,40.33994395285845,103.85446902364492,7696.615384615385
1780929347,40,GET,/product/6E92ZMYYFZ,0.000000,0.000000,110,110,110,110,110,110,110,110,110,110,110,10,0,97,75.53993929177523,17.409558407962322,107.64829721301794,7724.6
1780929347,40,GET,/product/9SIQT8TOJO,0.200000,0.000000,16,16,100,100,100,100,100,100,100,100,100,9,0,21,47.272181034915974,12.073665857315063,106.16845544427633,7762.444444444444
1780929347,40,GET,/product/L9ECAV7KIM,0.200000,0.000000,98,98,100,100,100,100,100,100,100,100,100,12,0,91,99.74980889819562,13.645478524267673,327.3426219820976,7734.083333333333
1780929347,40,GET,/product/LS4PSXUNUM,0.300000,0.000000,100,100,100,100,100,100,100,100,100,100,100,10,0,95,72.47598124668002,11.95888128131628,102.98943985253572,7734.4
1780929347,40,GET,/product/OLJCESPC7Z,0.500000,0.000000,96,96,100,100,100,100,100,100,100,100,100,11,0,93,80.95457548783584,16.685313545167446,102.1889140829444,7799.909090909091
1780929347,40,,Aggregated,21.000000,0.000000,63,84,93,96,100,120,150,160,180,180,180,1051,0,96,131.47327011552144,11.10590249300003,881.6180266439915,10664.240723120838
1780929348,40,GET,/,16.200000,0.000000,58,75,88,92,100,130,150,170,180,180,180,803,0,94,140.6311772805482,11.95464562624693,881.6180266439915,10260.780821917808
1780929348,40,POST,/cart,2.300000,0.000000,80,100,130,140,150,160,160,160,160,160,160,117,0,100,115.78901909673826,22.90730830281973,439.53768629580736,17643.649572649574
1780929348,40,POST,/cart/checkout,0.500000,0.000000,94,94,110,110,110,110,110,110,110,110,110,32,0,110,120.41763588786125,22.013609297573566,297.4518062546849,6558.09375
1780929348,40,GET,/product/0PUK6V6EV0,0.500000,0.000000,94,96,97,97,100,100,100,100,100,100,100,21,0,92,70.63728890248707,12.50402256846428,104.42658513784409,7738.619047619048
1780929348,40,GET,/product/1YMWWN1N4O,0.300000,0.000000,94,94,100,100,100,100,100,100,100,100,100,16,0,97,82.06831046845764,15.19029214978218,180.72308134287596,7765.1875
1780929348,40,GET,/product/2ZYFJ3GM2N,0.500000,0.000000,93,96,96,99,99,99,99,99,99,99,99,16,0,98,95.40505247423425,11.10590249300003,199.84895642846823,7748.1875
1780929348,40,GET,/product/66VCHSJNUP,0.000000,0.000000,72,72,72,72,72,72,72,72,72,72,72,13,0,100,85.83153526370342,40.33994395285845,103.85446902364492,7696.615384615385
1780929348,40,GET,/product/6E92ZMYYFZ,0.000000,0.000000,110,110,110,110,110,110,110,110,110,110,110,11,0,97,69.95547596703877,14.11084271967411,107.64829721301794,7717.727272727273
1780929348,40,GET,/product/9SIQT8TOJO,0.200000,0.000000,15,15,100,100,100,100,100,100,100,100,100,10,0,16,43.99558333680034,12.073665857315063,106.16845544427633,7764.1
1780929348,40,GET,/product/L9ECAV7KIM,0.200000,0.000000,97,98,98,100,100,100,100,100,100,100,100,14,0,95,99.2058939965708,13.645478524267673,327.3426219820976,7723.642857142857
1780929348,40,GET,/product/LS4PSXUNUM,0.300000,0.000000,100,100,100,100,100,100,100,100,100,100,100,10,0,95,72.47598124668002,11.95888128131628,102.98943985253572,7734.4
1780929348,40,GET,/product/OLJCESPC7Z,0.500000,0.000000,96,96,100,100,100,100,100,100,100,100,100,11,0,93,80.95457548783584,16.685313545167446,102.1889140829444,7799.909090909091
1780929348,40,,Aggregated,21.500000,0.000000,63,84,94,97,100,140,150,160,180,180,180,1074,0,96,130.33509357473372,11.10590249300003,881.6180266439915,10668.68156424581
1780929349,40,GET,/,16.300000,0.000000,57,75,86,92,100,130,150,170,180,180,180,819,0,92,138.84801394959982,11.95464562624693,881.6180266439915,10261.313797313798
1780929349,40,POST,/cart,2.400000,0.000000,80,120,140,150,160,160,160,160,160,160,160,117,0,100,115.78901909673826,22.90730830281973,439.53768629580736,17643.649572649574
1780929349,40,POST,/cart/checkout,0.500000,0.000000,94,110,110,110,110,110,110,110,110,110,110,32,0,110,120.41763588786125,22.013609297573566,297.4518062546849,6558.09375
1780929349,40,GET,/product/0PUK6V6EV0,0.600000,0.000000,94,96,97,97,100,100,100,100,100,100,100,21,0,92,70.63728890248707,12.50402256846428,104.42658513784409,7738.619047619048
1780929349,40,GET,/product/1YMWWN1N4O,0.400000,0.000000,94,94,100,100,100,100,100,100,100,100,100,16,0,97,82.06831046845764,15.19029214978218,180.72308134287596,7765.1875
1780929349,40,GET,/product/2ZYFJ3GM2N,0.500000,0.000000,96,96,99,99,99,99,99,99,99,99,99,16,0,98,95.40505247423425,11.10590249300003,199.84895642846823,7748.1875
1780929349,40,GET,/product/66VCHSJNUP,0.000000,0.000000,72,72,72,72,72,72,72,72,72,72,72,13,0,100,85.83153526370342,40.33994395285845,103.85446902364492,7696.615384615385
1780929349,40,GET,/product/6E92ZMYYFZ,0.000000,0.000000,97,97,110,110,110,110,110,110,110,110,110,12,0,97,72.19474731634061,14.11084271967411,107.64829721301794,7714.166666666667
1780929349,40,GET,/product/9SIQT8TOJO,0.200000,0.000000,15,15,100,100,100,100,100,100,100,100,100,10,0,16,43.99558333680034,12.073665857315063,106.16845544427633,7764.1
1780929349,40,GET,/product/L9ECAV7KIM,0.200000,0.000000,95,97,97,98,98,98,98,98,98,98,98,15,0,95,96.57228744278352,13.645478524267673,327.3426219820976,7728.133333333333
1780929349,40,GET,/product/LS4PSXUNUM,0.300000,0.000000,100,100,100,100,100,100,100,100,100,100,100,10,0,95,72.47598124668002,11.95888128131628,102.98943985253572,7734.4
1780929349,40,GET,/product/OLJCESPC7Z,0.500000,0.000000,93,93,100,100,100,100,100,100,100,100,100,11,0,93,80.95457548783584,16.685313545167446,102.1889140829444,7799.909090909091
1780929349,40,,Aggregated,21.900000,0.000000,62,84,94,97,100,140,160,170,180,180,180,1092,0,95,129.05321162596564,11.10590249300003,881.6180266439915,10657.728021978022
1780929350,40,GET,/,15.500000,0.000000,57,75,88,93,100,130,160,170,170,170,170,838,0,92,137.46751623832773,11.95464562624693,881.6180266439915,10261.747016706444
1780929350,40,POST,/cart,2.300000,0.000000,75,82,120,140,160,160,160,160,160,160,160,118,0,100,115.2757177034677,22.90730830281973,439.53768629580736,17631.728813559323
1780929350,40,POST,/cart/checkout,0.500000,0.000000,94,110,110,110,110,110,110,110,110,110,110,32,0,110,120.41763588786125,22.013609297573566,297.4518062546849,6558.09375
1780929350,40,GET,/product/0PUK6V6EV0,0.700000,0.000000,94,96,97,97,100,100,100,100,100,100,100,21,0,92,70.63728890248707,12.50402256846428,104.42658513784409,7738.619047619048
1780929350,40,GET,/product/1YMWWN1N4O,0.300000,0.000000,100,100,130,130,130,130,130,130,130,130,130,17,0,97,84.59828399560031,15.19029214978218,180.72308134287596,7768.0
1780929350,40,GET,/product/2ZYFJ3GM2N,0.500000,0.000000,96,96,98,98,98,98,98,98,98,98,98,17,0,98,95.53473196266329,11.10590249300003,199.84895642846823,7750.64705882353
1780929350,40,GET,/product/66VCHSJNUP,0.100000,0.000000,43,43,43,43,43,43,43,43,43,43,43,13,0,100,85.83153526370342,40.33994395285845,103.85446902364492,7696.615384615385
1780929350,40,GET,/product/6E92ZMYYFZ,0.000000,0.000000,97,97,97,97,97,97,97,97,97,97,97,12,0,97,72.19474731634061,14.11084271967411,107.64829721301794,7714.166666666667
1780929350,40,GET,/product/9SIQT8TOJO,0.300000,0.000000,95,96,99,99,100,100,100,100,100,100,100,14,0,44,58.93910862505436,12.073665857315063,106.16845544427633,7768.142857142857
1780929350,40,GET,/product/L9ECAV7KIM,0.200000,0.000000,95,97,97,98,98,98,98,98,98,98,98,15,0,95,96.57228744278352,13.645478524267673,327.3426219820976,7728.133333333333
1780929350,40,GET,/product/LS4PSXUNUM,0.200000,0.000000,100,100,100,100,100,100,100,100,100,100,100,11,0,95,66.98644872416149,11.95888128131628,102.98943985253572,7739.818181818182
1780929350,40,GET,/product/OLJCESPC7Z,0.400000,0.000000,93,93,100,100,100,100,100,100,100,100,100,11,0,93,80.95457548783584,16.685313545167446,102.1889140829444,7799.909090909091
1780929350,40,,Aggregated,21.000000,0.000000,63,86,95,97,100,140,160,160,170,170,170,1119,0,95,127.86644504765935,11.10590249300003,881.6180266439915,10638.350312779266
1780929351,40,GET,/,16.000000,0.000000,60,78,90,94,100,130,150,170,170,170,170,857,0,91,135.9153692724668,11.95464562624693,881.6180266439915,10262.263710618436
1780929351,40,POST,/cart,2.200000,0.000000,75,82,120,140,160,160,160,160,160,160,160,121,0,100,113.74254652476016,22.90730830281973,439.53768629580736,17680.0826446281
1780929351,40,POST,/cart/checkout,0.600000,0.000000,110,110,110,110,110,110,110,110,110,110,110,32,0,110,120.41763588786125,22.013609297573566,297.4518062546849,6558.09375
1780929351,40,GET,/product/0PUK6V6EV0,0.700000,0.000000,94,96,97,97,100,100,100,100,100,100,100,22,0,89,71.43735140562057,12.50402256846428,104.42658513784409,7741.318181818182
1780929351,40,GET,/product/1YMWWN1N4O,0.300000,0.000000,100,100,100,130,130,130,130,130,130,130,130,18,0,97,85.4508212974502,15.19029214978218,180.72308134287596,7771.0
1780929351,40,GET,/product/2ZYFJ3GM2N,0.500000,0.000000,14,96,96,98,98,98,98,98,98,98,98,18,0,98,91.01403628786404,11.10590249300003,199.84895642846823,7755.0
1780929351,40,GET,/product/66VCHSJNUP,0.100000,0.000000,43,43,43,43,43,43,43,43,43,43,43,13,0,100,85.83153526370342,40.33994395285845,103.85446902364492,7696.615384615385
1780929351,40,GET,/product/6E92ZMYYFZ,0.200000,0.000000,97,97,97,97,97,97,97,97,97,97,97,12,0,97,72.19474731634061,14.11084271967411,107.64829721301794,7714.166666666667
1780929351,40,GET,/product/9SIQT8TOJO,0.300000,0.000000,95,96,99,99,100,100,100,100,100,100,100,14,0,44,58.93910862505436,12.073665857315063,106.16845544427633,7768.142857142857
1780929351,40,GET,/product/L9ECAV7KIM,0.500000,0.000000,95,97,97,98,98,98,98,98,98,98,98,15,0,95,96.57228744278352,13.645478524267673,327.3426219820976,7728.133333333333
1780929351,40,GET,/product/LS4PSXUNUM,0.100000,0.000000,100,100,100,100,100,100,100,100,100,100,100,11,0,95,66.98644872416149,11.95888128131628,102.98943985253572,7739.818181818182
1780929351,40,GET,/product/OLJCESPC7Z,0.300000,0.000000,95,95,100,100,100,100,100,100,100,100,100,12,0,93,82.10750133730471,16.685313545167446,102.1889140829444,7799.416666666667
1780929351,40,,Aggregated,21.800000,0.000000,67,88,95,97,100,140,160,160,170,170,170,1145,0,95,126.48182779257735,11.10590249300003,881.6180266439915,10646.042794759825
1780929352,40,GET,/,16.200000,0.000000,62,78,88,93,100,130,150,170,170,170,170,874,0,90,134.41264371705205,11.95464562624693,881.6180266439915,10262.471395881006
1780929352,40,POST,/cart,2.100000,0.000000,75,82,120,120,140,160,160,160,160,160,160,122,0,100,113.88723472072209,22.90730830281973,439.53768629580736,17703.368852459018
1780929352,40,POST,/cart/checkout,0.500000,0.000000,110,110,110,110,110,110,110,110,110,110,110,33,0,110,117.41751923479818,21.413786336779594,297.4518062546849,6558.333333333333
1780929352,40,GET,/product/0PUK6V6EV0,0.500000,0.000000,94,94,97,97,100,100,100,100,100,100,100,22,0,89,71.43735140562057,12.50402256846428,104.42658513784409,7741.318181818182
1780929352,40,GET,/product/1YMWWN1N4O,0.200000,0.000000,100,100,100,130,130,130,130,130,130,130,130,19,0,97,85.93481622244182,15.19029214978218,180.72308134287596,7772.684210526316
1780929352,40,GET,/product/2ZYFJ3GM2N,0.500000,0.000000,96,96,98,98,98,98,98,98,98,98,98,18,0,98,91.01403628786404,11.10590249300003,199.84895642846823,7755.0
1780929352,40,GET,/product/66VCHSJNUP,0.100000,0.000000,43,43,43,43,43,43,43,43,43,43,43,13,0,100,85.83153526370342,40.33994395285845,103.85446902364492,7696.615384615385
1780929352,40,GET,/product/6E92ZMYYFZ,0.200000,0.000000,97,97,100,100,100,100,100,100,100,100,100,14,0,97,70.20350791780012,14.11084271967411,107.64829721301794,7711.071428571428
1780929352,40,GET,/product/9SIQT8TOJO,0.700000,0.000000,95,96,99,99,100,100,100,100,100,100,100,15,0,95,61.34854940076669,12.073665857315063,106.16845544427633,7772.866666666667
1780929352,40,GET,/product/L9ECAV7KIM,0.500000,0.000000,95,97,97,98,98,98,98,98,98,98,98,15,0,95,96.57228744278352,13.645478524267673,327.3426219820976,7728.133333333333
1780929352,40,GET,/product/LS4PSXUNUM,0.100000,0.000000,100,100,100,100,100,100,100,100,100,100,100,11,0,95,66.98644872416149,11.95888128131628,102.98943985253572,7739.818181818182
1780929352,40,GET,/product/OLJCESPC7Z,0.300000,0.000000,95,95,100,100,100,100,100,100,100,100,100,12,0,93,82.10750133730471,16.685313545167446,102.1889140829444,7799.416666666667
1780929352,40,,Aggregated,21.900000,0.000000,66,86,95,97,100,130,150,160,170,170,170,1168,0,94,125.23794507333524,11.10590249300003,881.6180266439915,10635.678938356165
1780929353,40,GET,/,16.000000,0.000000,63,79,90,93,100,100,150,170,170,170,170,894,0,90,132.9692027279461,11.95464562624693,881.6180266439915,10262.994407158836
1780929353,40,POST,/cart,2.200000,0.000000,75,100,110,120,140,160,160,160,160,160,160,123,0,100,113.8627252776206,22.90730830281973,439.53768629580736,17737.845528455284
1780929353,40,POST,/cart/checkout,0.400000,0.000000,110,110,110,110,110,110,110,110,110,110,110,33,0,110,117.41751923479818,21.413786336779594,297.4518062546849,6558.333333333333
1780929353,40,GET,/product/0PUK6V6EV0,0.500000,0.000000,94,97,99,99,100,100,100,100,100,100,100,23,0,92,72.6416553573116,12.50402256846428,104.42658513784409,7742.0
1780929353,40,GET,/product/1YMWWN1N4O,0.300000,0.000000,100,100,100,130,130,130,130,130,130,130,130,19,0,97,85.93481622244182,15.19029214978218,180.72308134287596,7772.684210526316
1780929353,40,GET,/product/2ZYFJ3GM2N,0.400000,0.000000,14,14,98,98,98,98,98,98,98,98,98,18,0,98,91.01403628786404,11.10590249300003,199.84895642846823,7755.0
1780929353,40,GET,/product/66VCHSJNUP,0.100000,0.000000,43,43,43,43,43,43,43,43,43,43,43,13,0,100,85.83153526370342,40.33994395285845,103.85446902364492,7696.615384615385
1780929353,40,GET,/product/6E92ZMYYFZ,0.200000,0.000000,97,97,100,100,100,100,100,100,100,100,100,14,0,97,70.20350791780012,14.11084271967411,107.64829721301794,7711.071428571428
1780929353,40,GET,/product/9SIQT8TOJO,0.700000,0.000000,95,96,99,99,100,100,100,100,100,100,100,15,0,95,61.34854940076669,12.073665857315063,106.16845544427633,7772.866666666667
1780929353,40,GET,/product/L9ECAV7KIM,0.500000,0.000000,95,95,97,97,98,98,98,98,98,98,98,16,0,95,96.50055412203074,13.645478524267673,327.3426219820976,7732.9375
1780929353,40,GET,/product/LS4PSXUNUM,0.200000,0.000000,100,100,100,100,100,100,100,100,100,100,100,11,0,95,66.98644872416149,11.95888128131628,102.98943985253572,7739.818181818182
1780929353,40,GET,/product/OLJCESPC7Z,0.400000,0.000000,95,95,100,100,100,100,100,100,100,100,100,12,0,93,82.10750133730471,16.685313545167446,102.1889140829444,7799.416666666667
1780929353,40,,Aggregated,21.900000,0.000000,68,88,95,97,100,130,150,160,170,170,170,1191,0,94,124.24951296856456,11.10590249300003,881.6180266439915,10634.505457598656
1780929354,40,GET,/,16.600000,0.000000,62,80,91,95,100,100,150,170,170,170,170,912,0,89,131.38229134002407,11.95464562624693,881.6180266439915,10263.121710526315
1780929354,40,POST,/cart,2.100000,0.000000,80,96,110,110,140,160,160,160,160,160,160,126,0,100,113.13649249957903,22.90730830281973,439.53768629580736,17758.920634920636
1780929354,40,POST,/cart/checkout,0.500000,0.000000,110,110,110,110,110,110,110,110,110,110,110,33,0,110,117.41751923479818,21.413786336779594,297.4518062546849,6558.333333333333
1780929354,40,GET,/product/0PUK6V6EV0,0.600000,0.000000,94,97,99,99,100,100,100,100,100,100,100,23,0,92,72.6416553573116,12.50402256846428,104.42658513784409,7742.0
1780929354,40,GET,/product/1YMWWN1N4O,0.500000,0.000000,100,100,100,130,130,130,130,130,130,130,130,19,0,97,85.93481622244182,15.19029214978218,180.72308134287596,7772.684210526316
1780929354,40,GET,/product/2ZYFJ3GM2N,0.400000,0.000000,14,14,98,98,98,98,98,98,98,98,98,18,0,98,91.01403628786404,11.10590249300003,199.84895642846823,7755.0
1780929354,40,GET,/product/66VCHSJNUP,0.100000,0.000000,43,43,43,43,43,43,43,43,43,43,43,13,0,100,85.83153526370342,40.33994395285845,103.85446902364492,7696.615384615385
1780929354,40,GET,/product/6E92ZMYYFZ,0.300000,0.000000,96,97,97,100,100,100,100,100,100,100,100,15,0,97,71.92482141156991,14.11084271967411,107.64829721301794,7706.0
1780929354,40,GET,/product/9SIQT8TOJO,0.700000,0.000000,95,95,96,96,99,99,99,99,99,99,99,15,0,95,61.34854940076669,12.073665857315063,106.16845544427633,7772.866666666667
1780929354,40,GET,/product/L9ECAV7KIM,0.500000,0.000000,95,97,97,98,98,98,98,98,98,98,98,16,0,95,96.50055412203074,13.645478524267673,327.3426219820976,7732.9375
1780929354,40,GET,/product/LS4PSXUNUM,0.200000,0.000000,97,97,100,100,100,100,100,100,100,100,100,12,0,95,69.51462857735653,11.95888128131628,102.98943985253572,7741.0
1780929354,40,GET,/product/OLJCESPC7Z,0.300000,0.000000,100,100,100,100,100,100,100,100,100,100,100,12,0,93,82.10750133730471,16.685313545167446,102.1889140829444,7799.416666666667
1780929354,40,,Aggregated,22.800000,0.000000,69,90,95,97,100,130,150,160,170,170,170,1214,0,93,123.04018374955929,11.10590249300003,881.6180266439915,10643.990115321252
1780929355,40,GET,/,17.100000,0.000000,59,80,91,95,100,140,150,170,170,170,170,924,0,89,130.33078953087556,11.95464562624693,881.6180266439915,10263.300865800866
1780929355,40,POST,/cart,1.700000,0.000000,80,110,130,130,160,190,190,190,190,190,190,132,0,100,112.70894783295013,22.90730830281973,439.53768629580736,17837.871212121212
1780929355,40,POST,/cart/checkout,0.400000,0.000000,110,110,110,110,110,110,110,110,110,110,110,33,0,110,117.41751923479818,21.413786336779594,297.4518062546849,6558.333333333333
1780929355,40,GET,/product/0PUK6V6EV0,0.700000,0.000000,94,97,99,99,100,100,100,100,100,100,100,25,0,92,71.13062966614962,10.881930589675903,104.42658513784409,7745.96
1780929355,40,GET,/product/1YMWWN1N4O,0.500000,0.000000,100,100,130,130,130,130,130,130,130,130,130,19,0,97,85.93481622244182,15.19029214978218,180.72308134287596,7772.684210526316
1780929355,40,GET,/product/2ZYFJ3GM2N,0.400000,0.000000,14,14,98,98,98,98,98,98,98,98,98,18,0,98,91.01403628786404,11.10590249300003,199.84895642846823,7755.0
1780929355,40,GET,/product/66VCHSJNUP,0.100000,0.000000,43,43,43,43,43,43,43,43,43,43,43,13,0,100,85.83153526370342,40.33994395285845,103.85446902364492,7696.615384615385
1780929355,40,GET,/product/6E92ZMYYFZ,0.400000,0.000000,96,97,97,100,100,100,100,100,100,100,100,15,0,97,71.92482141156991,14.11084271967411,107.64829721301794,7706.0
1780929355,40,GET,/product/9SIQT8TOJO,0.600000,0.000000,95,95,96,96,99,99,99,99,99,99,99,15,0,95,61.34854940076669,12.073665857315063,106.16845544427633,7772.866666666667
1780929355,40,GET,/product/L9ECAV7KIM,0.500000,0.000000,95,97,97,98,98,98,98,98,98,98,98,16,0,95,96.50055412203074,13.645478524267673,327.3426219820976,7732.9375
1780929355,40,GET,/product/LS4PSXUNUM,0.100000,0.000000,97,97,100,100,100,100,100,100,100,100,100,12,0,95,69.51462857735653,11.95888128131628,102.98943985253572,7741.0
1780929355,40,GET,/product/OLJCESPC7Z,0.300000,0.000000,100,100,100,100,100,100,100,100,100,100,100,12,0,93,82.10750133730471,16.685313545167446,102.1889140829444,7799.416666666667
1780929355,40,,Aggregated,22.800000,0.000000,68,90,95,97,100,140,160,170,190,190,190,1234,0,93,122.12777441153168,10.881930589675903,881.6180266439915,10678.837115072933
1780929356,40,GET,/,17.400000,0.000000,63,80,91,96,100,150,160,170,180,180,180,940,0,89,129.53812664553047,11.95464562624693,881.6180266439915,10263.817021276596
1780929356,40,POST,/cart,1.500000,0.000000,88,110,130,130,160,190,190,190,190,190,190,132,0,100,112.70894783295013,22.90730830281973,439.53768629580736,17837.871212121212
1780929356,40,POST,/cart/checkout,0.200000,0.000000,110,110,160,160,160,160,160,160,160,160,160,35,0,110,116.71853738703898,21.413786336779594,297.4518062546849,6559.228571428572
1780929356,40,GET,/product/0PUK6V6EV0,0.700000,0.000000,94,97,97,97,99,99,99,99,99,99,99,26,0,92,72.1367340033444,10.881930589675903,104.42658513784409,7748.0
1780929356,40,GET,/product/1YMWWN1N4O,0.500000,0.000000,100,100,130,130,130,130,130,130,130,130,130,19,0,97,85.93481622244182,15.19029214978218,180.72308134287596,7772.684210526316
1780929356,40,GET,/product/2ZYFJ3GM2N,0.300000,0.000000,98,98,98,98,98,98,98,98,98,98,98,18,0,98,91.01403628786404,11.10590249300003,199.84895642846823,7755.0
1780929356,40,GET,/product/66VCHSJNUP,0.100000,0.000000,43,43,43,43,43,43,43,43,43,43,43,13,0,100,85.83153526370342,40.33994395285845,103.85446902364492,7696.615384615385
1780929356,40,GET,/product/6E92ZMYYFZ,0.500000,0.000000,96,97,97,100,100,100,100,100,100,100,100,15,0,97,71.92482141156991,14.11084271967411,107.64829721301794,7706.0
1780929356,40,GET,/product/9SIQT8TOJO,0.600000,0.000000,95,95,96,96,99,99,99,99,99,99,99,15,0,95,61.34854940076669,12.073665857315063,106.16845544427633,7772.866666666667
1780929356,40,GET,/product/L9ECAV7KIM,0.500000,0.000000,95,95,95,97,97,97,97,97,97,97,97,17,0,95,94.53235040692722,13.645478524267673,327.3426219820976,7734.35294117647
1780929356,40,GET,/product/LS4PSXUNUM,0.100000,0.000000,97,97,97,97,97,97,97,97,97,97,97,12,0,95,69.51462857735653,11.95888128131628,102.98943985253572,7741.0
1780929356,40,GET,/product/OLJCESPC7Z,0.300000,0.000000,100,100,100,100,100,100,100,100,100,100,100,12,0,93,82.10750133730471,16.685313545167446,102.1889140829444,7799.416666666667
1780929356,40,,Aggregated,22.700000,0.000000,69,91,96,98,110,150,160,170,190,190,190,1254,0,93,121.54430961028407,10.881930589675903,881.6180266439915,10662.748803827752
1780929357,40,GET,/,17.200000,0.000000,63,81,91,96,100,140,160,170,180,180,180,958,0,88,128.32992946309093,11.95464562624693,881.6180266439915,10264.202505219208
1780929357,40,POST,/cart,1.900000,0.000000,88,130,130,140,160,190,190,190,190,190,190,135,0,100,111.9415196624619,22.90730830281973,439.53768629580736,17844.85185185185
1780929357,40,POST,/cart/checkout,0.200000,0.000000,110,110,160,160,160,160,160,160,160,160,160,35,0,110,116.71853738703898,21.413786336779594,297.4518062546849,6559.228571428572
1780929357,40,GET,/product/0PUK6V6EV0,0.700000,0.000000,94,97,97,97,99,99,99,99,99,99,99,26,0,92,72.1367340033444,10.881930589675903,104.42658513784409,7748.0
1780929357,40,GET,/product/1YMWWN1N4O,0.500000,0.000000,100,100,130,130,130,130,130,130,130,130,130,19,0,97,85.93481622244182,15.19029214978218,180.72308134287596,7772.684210526316
1780929357,40,GET,/product/2ZYFJ3GM2N,0.200000,0.000000,98,98,98,98,98,98,98,98,98,98,98,18,0,98,91.01403628786404,11.10590249300003,199.84895642846823,7755.0
1780929357,40,GET,/product/66VCHSJNUP,0.100000,0.000000,43,43,43,43,43,43,43,43,43,43,43,13,0,100,85.83153526370342,40.33994395285845,103.85446902364492,7696.615384615385
1780929357,40,GET,/product/6E92ZMYYFZ,0.500000,0.000000,96,96,97,97,100,100,100,100,100,100,100,16,0,96,70.27345802634954,14.11084271967411,107.64829721301794,7710.8125
1780929357,40,GET,/product/9SIQT8TOJO,0.600000,0.000000,95,95,96,96,99,99,99,99,99,99,99,15,0,95,61.34854940076669,12.073665857315063,106.16845544427633,7772.866666666667
1780929357,40,GET,/product/L9ECAV7KIM,0.500000,0.000000,95,95,95,97,97,97,97,97,97,97,97,17,0,95,94.53235040692722,13.645478524267673,327.3426219820976,7734.35294117647
1780929357,40,GET,/product/LS4PSXUNUM,0.200000,0.000000,97,97,97,97,97,97,97,97,97,97,97,12,0,95,69.51462857735653,11.95888128131628,102.98943985253572,7741.0
1780929357,40,GET,/product/OLJCESPC7Z,0.200000,0.000000,95,95,95,95,95,95,95,95,95,95,95,12,0,93,82.10750133730471,16.685313545167446,102.1889140829444,7799.416666666667
1780929357,40,,Aggregated,22.800000,0.000000,71,91,96,98,110,150,160,170,190,190,190,1276,0,92,120.58842059394175,10.881930589675903,881.6180266439915,10672.761755485893
1780929358,40,GET,/,16.600000,0.000000,67,86,94,98,110,150,160,170,180,180,180,973,0,88,127.80273991530686,11.95464562624693,881.6180266439915,10264.46762589928
1780929358,40,POST,/cart,2.000000,0.000000,71,96,130,130,160,190,190,190,190,190,190,135,0,100,111.9415196624619,22.90730830281973,439.53768629580736,17844.85185185185
1780929358,40,POST,/cart/checkout,0.200000,0.000000,55,110,110,160,160,160,160,160,160,160,160,36,0,110,114.44632665047214,21.413786336779594,297.4518062546849,6559.555555555556
1780929358,40,GET,/product/0PUK6V6EV0,0.700000,0.000000,94,97,97,97,99,99,99,99,99,99,99,26,0,92,72.1367340033444,10.881930589675903,104.42658513784409,7748.0
1780929358,40,GET,/product/1YMWWN1N4O,0.400000,0.000000,100,100,130,130,130,130,130,130,130,130,130,19,0,97,85.93481622244182,15.19029214978218,180.72308134287596,7772.684210526316
1780929358,40,GET,/product/2ZYFJ3GM2N,0.200000,0.000000,14,14,98,98,98,98,98,98,98,98,98,19,0,98,86.94110134322392,11.10590249300003,199.84895642846823,7756.473684210527
1780929358,40,GET,/product/66VCHSJNUP,0.100000,0.000000,43,43,43,43,43,43,43,43,43,43,43,13,0,100,85.83153526370342,40.33994395285845,103.85446902364492,7696.615384615385
1780929358,40,GET,/product/6E92ZMYYFZ,0.500000,0.000000,96,96,97,97,100,100,100,100,100,100,100,16,0,96,70.27345802634954,14.11084271967411,107.64829721301794,7710.8125
1780929358,40,GET,/product/9SIQT8TOJO,0.600000,0.000000,95,96,96,99,99,99,99,99,99,99,99,15,0,95,61.34854940076669,12.073665857315063,106.16845544427633,7772.866666666667
1780929358,40,GET,/product/L9ECAV7KIM,0.500000,0.000000,95,95,95,97,97,97,97,97,97,97,97,17,0,95,94.53235040692722,13.645478524267673,327.3426219820976,7734.35294117647
1780929358,40,GET,/product/LS4PSXUNUM,0.200000,0.000000,97,97,100,100,100,100,100,100,100,100,100,13,0,96,71.895363740623,11.95888128131628,102.98943985253572,7744.461538461538
1780929358,40,GET,/product/OLJCESPC7Z,0.100000,0.000000,95,95,95,95,95,95,95,95,95,95,95,12,0,93,82.10750133730471,16.685313545167446,102.1889140829444,7799.416666666667
1780929358,40,,Aggregated,22.100000,0.000000,71,91,97,99,110,150,160,170,190,190,190,1294,0,92,120.11733353843299,10.881930589675903,881.6180266439915,10660.59119010819
1780929359,40,GET,/,17.000000,0.000000,68,88,93,97,110,150,170,170,180,180,180,989,0,88,126.95927926620772,11.95464562624693,881.6180266439915,10264.759352881698
1780929359,40,POST,/cart,2.000000,0.000000,71,96,130,130,160,190,190,190,190,190,190,136,0,100,111.36786409598939,22.90730830281973,439.53768629580736,17833.073529411766
1780929359,40,POST,/cart/checkout,0.400000,0.000000,55,55,160,160,160,160,160,160,160,160,160,36,0,110,114.44632665047214,21.413786336779594,297.4518062546849,6559.555555555556
1780929359,40,GET,/product/0PUK6V6EV0,0.700000,0.000000,97,97,97,99,99,99,99,99,99,99,99,26,0,92,72.1367340033444,10.881930589675903,104.42658513784409,7748.0
1780929359,40,GET,/product/1YMWWN1N4O,0.300000,0.000000,100,100,130,130,130,130,130,130,130,130,130,19,0,97,85.93481622244182,15.19029214978218,180.72308134287596,7772.684210526316
1780929359,40,GET,/product/2ZYFJ3GM2N,0.200000,0.000000,14,14,98,98,98,98,98,98,98,98,98,19,0,98,86.94110134322392,11.10590249300003,199.84895642846823,7756.473684210527
1780929359,40,GET,/product/66VCHSJNUP,0.100000,0.000000,43,43,43,43,43,43,43,43,43,43,43,13,0,100,85.83153526370342,40.33994395285845,103.85446902364492,7696.615384615385
1780929359,40,GET,/product/6E92ZMYYFZ,0.600000,0.000000,96,96,100,100,100,100,100,100,100,100,100,16,0,96,70.27345802634954,14.11084271967411,107.64829721301794,7710.8125
1780929359,40,GET,/product/9SIQT8TOJO,0.600000,0.000000,95,95,96,96,99,99,99,99,99,99,99,16,0,44,58.33123851334676,12.073665857315063,106.16845544427633,7769.9375
1780929359,40,GET,/product/L9ECAV7KIM,0.500000,0.000000,95,95,95,97,97,97,97,97,97,97,97,17,0,95,94.53235040692722,13.645478524267673,327.3426219820976,7734.35294117647
1780929359,40,GET,/product/LS4PSXUNUM,0.200000,0.000000,97,97,100,100,100,100,100,100,100,100,100,13,0,96,71.895363740623,11.95888128131628,102.98943985253572,7744.461538461538
1780929359,40,GET,/product/OLJCESPC7Z,0.100000,0.000000,95,95,95,95,95,95,95,95,95,95,95,12,0,93,82.10750133730471,16.685313545167446,102.1889140829444,7799.416666666667
1780929359,40,,Aggregated,22.700000,0.000000,71,91,96,99,120,150,170,170,190,190,190,1312,0,92,119.42796249484938,10.881930589675903,881.6180266439915,10657.998475609756
1780929360,40,GET,/,17.100000,0.000000,71,90,97,100,120,150,170,180,190,190,190,1006,0,88,126.45327841592712,11.95464562624693,881.6180266439915,10265.075546719681
1780929360,40,POST,/cart,2.000000,0.000000,91,110,130,130,160,190,190,190,190,190,190,139,0,100,110.68649316648785,22.90730830281973,439.53768629580736,17829.40287769784
1780929360,40,POST,/cart/checkout,0.500000,0.000000,55,55,160,160,160,160,160,160,160,160,160,36,0,110,114.44632665047214,21.413786336779594,297.4518062546849,6559.555555555556
1780929360,40,GET,/product/0PUK6V6EV0,0.500000,0.000000,97,97,97,99,99,99,99,99,99,99,99,26,0,92,72.1367340033444,10.881930589675903,104.42658513784409,7748.0
1780929360,40,GET,/product/1YMWWN1N4O,0.300000,0.000000,100,100,100,100,100,100,100,100,100,100,100,19,0,97,85.93481622244182,15.19029214978218,180.72308134287596,7772.684210526316
1780929360,40,GET,/product/2ZYFJ3GM2N,0.300000,0.000000,14,14,14,14,14,14,14,14,14,14,14,19,0,98,86.94110134322392,11.10590249300003,199.84895642846823,7756.473684210527
1780929360,40,GET,/product/66VCHSJNUP,0.000000,0.000000,43,43,43,43,43,43,43,43,43,43,43,14,0,97,80.49621685807195,11.137077584862709,103.85446902364492,7700.357142857143
1780929360,40,GET,/product/6E92ZMYYFZ,0.600000,0.000000,96,96,100,100,100,100,100,100,100,100,100,16,0,96,70.27345802634954,14.11084271967411,107.64829721301794,7710.8125
1780929360,40,GET,/product/9SIQT8TOJO,0.500000,0.000000,95,95,95,95,95,95,95,95,95,95,95,16,0,44,58.33123851334676,12.073665857315063,106.16845544427633,7769.9375
1780929360,40,GET,/product/L9ECAV7KIM,0.500000,0.000000,95,95,95,95,95,95,95,95,95,95,95,17,0,95,94.53235040692722,13.645478524267673,327.3426219820976,7734.35294117647
1780929360,40,GET,/product/LS4PSXUNUM,0.300000,0.000000,97,97,100,100,100,100,100,100,100,100,100,13,0,96,71.895363740623,11.95888128131628,102.98943985253572,7744.461538461538
1780929360,40,GET,/product/OLJCESPC7Z,0.100000,0.000000,95,95,95,95,95,95,95,95,95,95,95,12,0,93,82.10750133730471,16.685313545167446,102.1889140829444,7799.416666666667
1780929360,40,,Aggregated,22.700000,0.000000,73,91,97,100,130,150,180,190,190,190,190,1333,0,92,118.97170877423687,10.881930589675903,881.6180266439915,10666.80495123781
1780929361,40,GET,/,16.700000,0.000000,71,91,97,100,120,150,170,180,190,190,190,1022,0,88,125.55081703392115,11.95464562624693,881.6180266439915,10265.349315068494
1780929361,40,POST,/cart,1.900000,0.000000,88,110,120,130,160,190,190,190,190,190,190,139,0,100,110.68649316648785,22.90730830281973,439.53768629580736,17829.40287769784
1780929361,40,POST,/cart/checkout,0.400000,0.000000,35,55,55,160,160,160,160,160,160,160,160,37,0,110,111.97616031544435,21.413786336779594,297.4518062546849,6559.972972972973
1780929361,40,GET,/product/0PUK6V6EV0,0.500000,0.000000,97,97,97,97,99,99,99,99,99,99,99,28,0,89,68.1562834153218,10.881930589675903,104.42658513784409,7747.464285714285
1780929361,40,GET,/product/1YMWWN1N4O,0.300000,0.000000,95,95,100,100,100,100,100,100,100,100,100,20,0,97,84.76113365031779,15.19029214978218,180.72308134287596,7774.3
1780929361,40,GET,/product/2ZYFJ3GM2N,0.300000,0.000000,14,14,14,14,14,14,14,14,14,14,14,19,0,98,86.94110134322392,11.10590249300003,199.84895642846823,7756.473684210527
1780929361,40,GET,/product/66VCHSJNUP,0.000000,0.000000,43,43,43,43,43,43,43,43,43,43,43,14,0,97,80.49621685807195,11.137077584862709,103.85446902364492,7700.357142857143
1780929361,40,GET,/product/6E92ZMYYFZ,0.400000,0.000000,96,96,100,100,100,100,100,100,100,100,100,16,0,96,70.27345802634954,14.11084271967411,107.64829721301794,7710.8125
1780929361,40,GET,/product/9SIQT8TOJO,0.600000,0.000000,95,95,95,95,95,95,95,95,95,95,95,17,0,95,60.48425029524986,12.073665857315063,106.16845544427633,7770.35294117647
1780929361,40,GET,/product/L9ECAV7KIM,0.200000,0.000000,95,95,95,95,95,95,95,95,95,95,95,17,0,95,94.53235040692722,13.645478524267673,327.3426219820976,7734.35294117647
1780929361,40,GET,/product/LS4PSXUNUM,0.300000,0.000000,97,97,100,100,100,100,100,100,100,100,100,13,0,96,71.895363740623,11.95888128131628,102.98943985253572,7744.461538461538
1780929361,40,GET,/product/OLJCESPC7Z,0.100000,0.000000,95,95,95,95,95,95,95,95,95,95,95,12,0,93,82.10750133730471,16.685313545167446,102.1889140829444,7799.416666666667
1780929361,40,,Aggregated,21.700000,0.000000,71,92,97,100,130,150,180,190,190,190,190,1354,0,91,118.09711177672426,10.881930589675903,881.6180266439915,10650.672082717872
1780929362,40,GET,/,17.000000,0.000000,77,97,110,120,150,170,210,230,230,230,230,1044,0,88,125.51516153978119,11.95464562624693,881.6180266439915,10265.721264367816
1780929362,40,POST,/cart,2.000000,0.000000,91,120,130,160,180,190,190,190,190,190,190,143,0,100,111.33744411326788,22.90730830281973,439.53768629580736,17894.475524475525
1780929362,40,POST,/cart/checkout,0.400000,0.000000,35,55,55,160,160,160,160,160,160,160,160,37,0,110,111.97616031544435,21.413786336779594,297.4518062546849,6559.972972972973
1780929362,40,GET,/product/0PUK6V6EV0,0.500000,0.000000,97,97,97,97,99,99,99,99,99,99,99,28,0,89,68.1562834153218,10.881930589675903,104.42658513784409,7747.464285714285
1780929362,40,GET,/product/1YMWWN1N4O,0.300000,0.000000,95,95,100,100,100,100,100,100,100,100,100,20,0,97,84.76113365031779,15.19029214978218,180.72308134287596,7774.3
1780929362,40,GET,/product/2ZYFJ3GM2N,0.200000,0.000000,14,14,160,160,160,160,160,160,160,160,160,20,0,98,90.71087324991822,11.10590249300003,199.84895642846823,7753.55
1780929362,40,GET,/product/66VCHSJNUP,0.100000,0.000000,43,43,43,43,43,43,43,43,43,43,43,14,0,97,80.49621685807195,11.137077584862709,103.85446902364492,7700.357142857143
1780929362,40,GET,/product/6E92ZMYYFZ,0.400000,0.000000,96,96,96,96,96,96,96,96,96,96,96,16,0,96,70.27345802634954,14.11084271967411,107.64829721301794,7710.8125
1780929362,40,GET,/product/9SIQT8TOJO,0.200000,0.000000,95,95,95,95,95,95,95,95,95,95,95,17,0,95,60.48425029524986,12.073665857315063,106.16845544427633,7770.35294117647
1780929362,40,GET,/product/L9ECAV7KIM,0.200000,0.000000,95,95,95,95,95,95,95,95,95,95,95,17,0,95,94.53235040692722,13.645478524267673,327.3426219820976,7734.35294117647
1780929362,40,GET,/product/LS4PSXUNUM,0.300000,0.000000,100,100,100,100,100,100,100,100,100,100,100,13,0,96,71.895363740623,11.95888128131628,102.98943985253572,7744.461538461538
1780929362,40,GET,/product/OLJCESPC7Z,0.100000,0.000000,95,95,95,95,95,95,95,95,95,95,95,12,0,93,82.10750133730471,16.685313545167446,102.1889140829444,7799.416666666667
1780929362,40,,Aggregated,21.700000,0.000000,74,97,110,120,150,170,210,230,230,230,230,1381,0,92,118.26687290520016,10.881930589675903,881.6180266439915,10670.207820419986
1780929363,40,GET,/,16.500000,0.000000,74,95,110,120,150,170,210,230,230,230,230,1058,0,88,124.57474324383927,11.95464562624693,881.6180266439915,10265.912098298677
1780929363,40,POST,/cart,1.800000,0.000000,95,110,130,130,170,180,190,190,190,190,190,146,0,100,110.58358421345075,22.90730830281973,439.53768629580736,17908.986301369863
1780929363,40,POST,/cart/checkout,0.500000,0.000000,55,70,70,160,160,160,160,160,160,160,160,38,0,100,110.86929689994768,21.413786336779594,297.4518062546849,6559.4473684210525
1780929363,40,GET,/product/0PUK6V6EV0,0.700000,0.000000,17,97,97,97,97,97,97,97,97,97,97,28,0,89,68.1562834153218,10.881930589675903,104.42658513784409,7747.464285714285
1780929363,40,GET,/product/1YMWWN1N4O,0.200000,0.000000,95,95,100,100,100,100,100,100,100,100,100,21,0,97,85.1904031421457,15.19029214978218,180.72308134287596,7774.809523809524
1780929363,40,GET,/product/2ZYFJ3GM2N,0.200000,0.000000,14,14,160,160,160,160,160,160,160,160,160,20,0,98,90.71087324991822,11.10590249300003,199.84895642846823,7753.55
1780929363,40,GET,/product/66VCHSJNUP,0.100000,0.000000,11,11,11,11,11,11,11,11,11,11,11,14,0,97,80.49621685807195,11.137077584862709,103.85446902364492,7700.357142857143
1780929363,40,GET,/product/6E92ZMYYFZ,0.400000,0.000000,95,95,96,96,96,96,96,96,96,96,96,17,0,96,71.74768260515788,14.11084271967411,107.64829721301794,7712.529411764706
1780929363,40,GET,/product/9SIQT8TOJO,0.300000,0.000000,95,95,95,95,95,95,95,95,95,95,95,17,0,95,60.48425029524986,12.073665857315063,106.16845544427633,7770.35294117647
1780929363,40,GET,/product/L9ECAV7KIM,0.200000,0.000000,95,95,95,95,95,95,95,95,95,95,95,17,0,95,94.53235040692722,13.645478524267673,327.3426219820976,7734.35294117647
1780929363,40,GET,/product/LS4PSXUNUM,0.200000,0.000000,97,97,100,100,100,100,100,100,100,100,100,14,0,95,69.02170966246298,11.95888128131628,102.98943985253572,7747.0
1780929363,40,GET,/product/OLJCESPC7Z,0.000000,0.000000,95,95,95,95,95,95,95,95,95,95,95,12,0,93,82.10750133730471,16.685313545167446,102.1889140829444,7799.416666666667
1780929363,40,,Aggregated,21.100000,0.000000,73,96,110,120,150,170,210,230,230,230,230,1402,0,91,117.40616305243654,10.881930589675903,881.6180266439915,10674.126961483595
1780929364,40,GET,/,16.600000,0.000000,74,97,110,120,160,190,230,250,270,270,270,1077,0,87,123.69993249232861,11.95464562624693,881.6180266439915,10266.335190343547
1780929364,40,POST,/cart,1.900000,0.000000,95,110,130,160,180,190,190,190,190,190,190,147,0,100,110.15830265649525,22.90730830281973,439.53768629580736,17907.34693877551
1780929364,40,POST,/cart/checkout,0.400000,0.000000,55,70,70,160,160,160,160,160,160,160,160,38,0,100,110.86929689994768,21.413786336779594,297.4518062546849,6559.4473684210525
1780929364,40,GET,/product/0PUK6V6EV0,0.600000,0.000000,17,97,97,97,97,97,97,97,97,97,97,28,0,89,68.1562834153218,10.881930589675903,104.42658513784409,7747.464285714285
1780929364,40,GET,/product/1YMWWN1N4O,0.100000,0.000000,95,95,100,100,100,100,100,100,100,100,100,21,0,97,85.1904031421457,15.19029214978218,180.72308134287596,7774.809523809524
1780929364,40,GET,/product/2ZYFJ3GM2N,0.200000,0.000000,160,160,160,160,160,160,160,160,160,160,160,20,0,98,90.71087324991822,11.10590249300003,199.84895642846823,7753.55
1780929364,40,GET,/product/66VCHSJNUP,0.100000,0.000000,11,11,11,11,11,11,11,11,11,11,11,14,0,97,80.49621685807195,11.137077584862709,103.85446902364492,7700.357142857143
1780929364,40,GET,/product/6E92ZMYYFZ,0.300000,0.000000,95,95,95,95,95,95,95,95,95,95,95,17,0,96,71.74768260515788,14.11084271967411,107.64829721301794,7712.529411764706
1780929364,40,GET,/product/9SIQT8TOJO,0.300000,0.000000,95,95,95,95,95,95,95,95,95,95,95,17,0,95,60.48425029524986,12.073665857315063,106.16845544427633,7770.35294117647
1780929364,40,GET,/product/L9ECAV7KIM,0.200000,0.000000,63,63,63,63,63,63,63,63,63,63,63,17,0,95,94.53235040692722,13.645478524267673,327.3426219820976,7734.35294117647
1780929364,40,GET,/product/LS4PSXUNUM,0.200000,0.000000,97,97,100,100,100,100,100,100,100,100,100,14,0,95,69.02170966246298,11.95888128131628,102.98943985253572,7747.0
1780929364,40,GET,/product/OLJCESPC7Z,0.000000,0.000000,100,100,100,100,100,100,100,100,100,100,100,13,0,95,83.58013823341865,16.685313545167446,102.1889140829444,7797.153846153846
1780929364,40,,Aggregated,20.900000,0.000000,73,97,110,120,160,180,230,250,270,270,270,1423,0,91,116.77969678011229,10.881930589675903,881.6180266439915,10671.870695713282
1780929365,40,GET,/,16.200000,0.000000,77,100,110,120,170,210,230,260,270,270,270,1094,0,87,123.54174840061413,11.95464562624693,881.6180266439915,10266.438756855576
1780929365,40,POST,/cart,2.200000,0.000000,91,100,120,120,170,180,180,180,180,180,180,148,0,100,109.86735342020118,22.90730830281973,439.53768629580736,17924.81081081081
1780929365,40,POST,/cart/checkout,0.500000,0.000000,55,55,70,70,160,160,160,160,160,160,160,39,0,100,109.04285684227943,21.413786336779594,297.4518062546849,6559.282051282052
1780929365,40,GET,/product/0PUK6V6EV0,0.500000,0.000000,17,17,97,97,97,97,97,97,97,97,97,28,0,89,68.1562834153218,10.881930589675903,104.42658513784409,7747.464285714285
1780929365,40,GET,/product/1YMWWN1N4O,0.200000,0.000000,95,95,100,100,100,100,100,100,100,100,100,21,0,97,85.1904031421457,15.19029214978218,180.72308134287596,7774.809523809524
1780929365,40,GET,/product/2ZYFJ3GM2N,0.200000,0.000000,160,160,160,160,160,160,160,160,160,160,160,20,0,98,90.71087324991822,11.10590249300003,199.84895642846823,7753.55
1780929365,40,GET,/product/66VCHSJNUP,0.100000,0.000000,11,11,11,11,11,11,11,11,11,11,11,14,0,97,80.49621685807195,11.137077584862709,103.85446902364492,7700.357142857143
1780929365,40,GET,/product/6E92ZMYYFZ,0.300000,0.000000,95,95,95,95,95,95,95,95,95,95,95,17,0,96,71.74768260515788,14.11084271967411,107.64829721301794,7712.529411764706
1780929365,40,GET,/product/9SIQT8TOJO,0.200000,0.000000,95,95,96,96,96,96,96,96,96,96,96,18,0,95,62.43413102088703,12.073665857315063,106.16845544427633,7767.111111111111
1780929365,40,GET,/product/L9ECAV7KIM,0.200000,0.000000,63,63,63,63,63,63,63,63,63,63,63,17,0,95,94.53235040692722,13.645478524267673,327.3426219820976,7734.35294117647
1780929365,40,GET,/product/LS4PSXUNUM,0.200000,0.000000,100,100,100,100,100,100,100,100,100,100,100,14,0,95,69.02170966246298,11.95888128131628,102.98943985253572,7747.0
1780929365,40,GET,/product/OLJCESPC7Z,0.000000,0.000000,95,95,100,100,100,100,100,100,100,100,100,14,0,93,78.4715627586203,12.060081586241722,102.1889140829444,7798.285714285715
1780929365,40,,Aggregated,20.800000,0.000000,73,96,110,120,160,190,230,260,270,270,270,1444,0,91,116.56629647466244,10.881930589675903,881.6180266439915,10667.09349030471
1780929366,40,GET,/,16.000000,0.000000,79,100,110,130,170,210,230,260,270,270,270,1109,0,87,122.89862844562268,11.95464562624693,881.6180266439915,10266.801623083858
1780929366,40,POST,/cart,2.100000,0.000000,91,100,120,120,170,180,180,180,180,180,180,152,0,100,109.45203405878458,22.90730830281973,439.53768629580736,17965.269736842107
1780929366,40,POST,/cart/checkout,0.500000,0.000000,70,70,95,95,140,140,140,140,140,140,140,42,0,100,108.60007407055015,21.413786336779594,297.4518062546849,6559.666666666667
1780929366,40,GET,/product/0PUK6V6EV0,0.500000,0.000000,17,17,97,97,97,97,97,97,97,97,97,28,0,89,68.1562834153218,10.881930589675903,104.42658513784409,7747.464285714285
1780929366,40,GET,/product/1YMWWN1N4O,0.200000,0.000000,94,94,94,94,94,94,94,94,94,94,94,21,0,97,85.1904031421457,15.19029214978218,180.72308134287596,7774.809523809524
1780929366,40,GET,/product/2ZYFJ3GM2N,0.200000,0.000000,160,160,160,160,160,160,160,160,160,160,160,20,0,98,90.71087324991822,11.10590249300003,199.84895642846823,7753.55
1780929366,40,GET,/product/66VCHSJNUP,0.100000,0.000000,11,11,11,11,11,11,11,11,11,11,11,14,0,97,80.49621685807195,11.137077584862709,103.85446902364492,7700.357142857143
1780929366,40,GET,/product/6E92ZMYYFZ,0.200000,0.000000,95,95,95,95,95,95,95,95,95,95,95,17,0,96,71.74768260515788,14.11084271967411,107.64829721301794,7712.529411764706
1780929366,40,GET,/product/9SIQT8TOJO,0.200000,0.000000,95,95,96,96,96,96,96,96,96,96,96,18,0,95,62.43413102088703,12.073665857315063,106.16845544427633,7767.111111111111
1780929366,40,GET,/product/L9ECAV7KIM,0.100000,0.000000,63,63,63,63,63,63,63,63,63,63,63,17,0,95,94.53235040692722,13.645478524267673,327.3426219820976,7734.35294117647
1780929366,40,GET,/product/LS4PSXUNUM,0.300000,0.000000,100,100,100,100,100,100,100,100,100,100,100,15,0,96,71.08631047109763,11.95888128131628,102.98943985253572,7747.866666666667
1780929366,40,GET,/product/OLJCESPC7Z,0.000000,0.000000,95,95,100,100,100,100,100,100,100,100,100,15,0,93,76.0899613921841,12.060081586241722,102.1889140829444,7800.2
1780929366,40,,Aggregated,20.400000,0.000000,77,100,110,120,160,190,230,260,270,270,270,1468,0,91,116.00085090888963,10.881930589675903,881.6180266439915,10674.940054495914
1780929367,40,GET,/,17.100000,0.000000,74,100,110,120,170,210,230,260,270,270,270,1127,0,86,122.04411402493452,11.95464562624693,881.6180266439915,10266.766637089619
1780929367,40,POST,/cart,1.900000,0.000000,95,120,150,160,170,180,180,180,180,180,180,154,0,100,110.16780684109439,22.90730830281973,439.53768629580736,18007.66883116883
1780929367,40,POST,/cart/checkout,0.600000,0.000000,70,70,95,95,140,140,140,140,140,140,140,42,0,100,108.60007407055015,21.413786336779594,297.4518062546849,6559.666666666667
1780929367,40,GET,/product/0PUK6V6EV0,0.500000,0.000000,17,17,97,97,97,97,97,97,97,97,97,29,0,89,66.3124267975318,10.881930589675903,104.42658513784409,7748.172413793103
1780929367,40,GET,/product/1YMWWN1N4O,0.200000,0.000000,94,94,94,94,94,94,94,94,94,94,94,21,0,97,85.1904031421457,15.19029214978218,180.72308134287596,7774.809523809524
1780929367,40,GET,/product/2ZYFJ3GM2N,0.200000,0.000000,160,160,160,160,160,160,160,160,160,160,160,20,0,98,90.71087324991822,11.10590249300003,199.84895642846823,7753.55
1780929367,40,GET,/product/66VCHSJNUP,0.100000,0.000000,14,14,14,14,14,14,14,14,14,14,14,15,0,97,76.07893086969852,11.137077584862709,103.85446902364492,7705.6
1780929367,40,GET,/product/6E92ZMYYFZ,0.200000,0.000000,95,95,98,98,98,98,98,98,98,98,98,18,0,96,73.18677944648597,14.11084271967411,107.64829721301794,7715.722222222223
1780929367,40,GET,/product/9SIQT8TOJO,0.200000,0.000000,95,95,96,96,96,96,96,96,96,96,96,18,0,95,62.43413102088703,12.073665857315063,106.16845544427633,7767.111111111111
1780929367,40,GET,/product/L9ECAV7KIM,0.100000,0.000000,63,63,63,63,63,63,63,63,63,63,63,17,0,95,94.53235040692722,13.645478524267673,327.3426219820976,7734.35294117647
1780929367,40,GET,/product/LS4PSXUNUM,0.200000,0.000000,100,100,100,100,100,100,100,100,100,100,100,15,0,96,71.08631047109763,11.95888128131628,102.98943985253572,7747.866666666667
1780929367,40,GET,/product/OLJCESPC7Z,0.100000,0.000000,43,43,100,100,100,100,100,100,100,100,100,15,0,93,76.0899613921841,12.060081586241722,102.1889140829444,7800.2
1780929367,40,,Aggregated,21.400000,0.000000,74,99,110,120,160,190,230,250,270,270,270,1491,0,91,115.35485752181748,10.881930589675903,881.6180266439915,10678.304493628437
1780929368,40,GET,/,16.500000,0.000000,71,99,110,110,160,210,230,260,270,270,270,1143,0,86,120.95312265253912,11.517781764268875,881.6180266439915,10266.907261592301
1780929368,40,POST,/cart,1.700000,0.000000,97,120,150,160,170,180,180,180,180,180,180,155,0,100,110.08087314304805,22.90730830281973,439.53768629580736,18023.870967741936
1780929368,40,POST,/cart/checkout,0.700000,0.000000,70,70,95,95,140,140,140,140,140,140,140,42,0,100,108.60007407055015,21.413786336779594,297.4518062546849,6559.666666666667
1780929368,40,GET,/product/0PUK6V6EV0,0.300000,0.000000,15,15,17,17,17,17,17,17,17,17,17,29,0,89,66.3124267975318,10.881930589675903,104.42658513784409,7748.172413793103
1780929368,40,GET,/product/1YMWWN1N4O,0.200000,0.000000,94,94,94,94,94,94,94,94,94,94,94,21,0,97,85.1904031421457,15.19029214978218,180.72308134287596,7774.809523809524
1780929368,40,GET,/product/2ZYFJ3GM2N,0.200000,0.000000,14,14,160,160,160,160,160,160,160,160,160,21,0,98,87.02037541107053,11.10590249300003,199.84895642846823,7756.0
1780929368,40,GET,/product/66VCHSJNUP,0.100000,0.000000,14,14,14,14,14,14,14,14,14,14,14,15,0,97,76.07893086969852,11.137077584862709,103.85446902364492,7705.6
1780929368,40,GET,/product/6E92ZMYYFZ,0.200000,0.000000,95,95,98,98,98,98,98,98,98,98,98,18,0,96,73.18677944648597,14.11084271967411,107.64829721301794,7715.722222222223
1780929368,40,GET,/product/9SIQT8TOJO,0.300000,0.000000,95,95,96,96,96,96,96,96,96,96,96,18,0,95,62.43413102088703,12.073665857315063,106.16845544427633,7767.111111111111
1780929368,40,GET,/product/L9ECAV7KIM,0.000000,0.000000,63,63,63,63,63,63,63,63,63,63,63,17,0,95,94.53235040692722,13.645478524267673,327.3426219820976,7734.35294117647
1780929368,40,GET,/product/LS4PSXUNUM,0.200000,0.000000,100,100,100,100,100,100,100,100,100,100,100,15,0,96,71.08631047109763,11.95888128131628,102.98943985253572,7747.866666666667
1780929368,40,GET,/product/OLJCESPC7Z,0.200000,0.000000,43,43,100,100,100,100,100,100,100,100,100,15,0,93,76.0899613921841,12.060081586241722,102.1889140829444,7800.2
1780929368,40,,Aggregated,20.600000,0.000000,72,98,110,110,160,190,230,250,270,270,270,1509,0,90,114.5193497369509,10.881930589675903,881.6180266439915,10678.664678595096
1780929369,40,GET,/,16.100000,0.000000,67,92,100,110,140,210,230,260,270,270,270,1160,0,85,120.13587241767553,11.517781764268875,881.6180266439915,10267.075
1780929369,40,POST,/cart,2.000000,0.000000,97,120,150,150,170,170,180,180,180,180,180,160,0,100,109.71226720721461,22.90730830281973,439.53768629580736,18066.25
1780929369,40,POST,/cart/checkout,0.700000,0.000000,70,95,130,130,140,140,140,140,140,140,140,43,0,100,109.07762543146693,21.413786336779594,297.4518062546849,6559.581395348837
1780929369,40,GET,/product/0PUK6V6EV0,0.200000,0.000000,15,15,17,17,17,17,17,17,17,17,17,29,0,89,66.3124267975318,10.881930589675903,104.42658513784409,7748.172413793103
1780929369,40,GET,/product/1YMWWN1N4O,0.200000,0.000000,94,94,94,94,94,94,94,94,94,94,94,21,0,97,85.1904031421457,15.19029214978218,180.72308134287596,7774.809523809524
1780929369,40,GET,/product/2ZYFJ3GM2N,0.200000,0.000000,160,160,160,160,160,160,160,160,160,160,160,21,0,98,87.02037541107053,11.10590249300003,199.84895642846823,7756.0
1780929369,40,GET,/product/66VCHSJNUP,0.100000,0.000000,93,98,98,100,100,100,100,100,100,100,100,18,0,97,79.56759414325158,11.137077584862709,103.85446902364492,7710.833333333333
1780929369,40,GET,/product/6E92ZMYYFZ,0.100000,0.000000,98,98,98,98,98,98,98,98,98,98,98,18,0,96,73.18677944648597,14.11084271967411,107.64829721301794,7715.722222222223
1780929369,40,GET,/product/9SIQT8TOJO,0.300000,0.000000,96,96,100,100,100,100,100,100,100,100,100,19,0,95,64.50935325732357,12.073665857315063,106.16845544427633,7768.1578947368425
1780929369,40,GET,/product/L9ECAV7KIM,0.000000,0.000000,94,94,94,94,94,94,94,94,94,94,94,18,0,94,94.49166742463906,13.645478524267673,327.3426219820976,7735.0
1780929369,40,GET,/product/LS4PSXUNUM,0.300000,0.000000,100,100,100,100,100,100,100,100,100,100,100,15,0,96,71.08631047109763,11.95888128131628,102.98943985253572,7747.866666666667
1780929369,40,GET,/product/OLJCESPC7Z,0.300000,0.000000,43,43,100,100,100,100,100,100,100,100,100,15,0,93,76.0899613921841,12.060081586241722,102.1889140829444,7800.2
1780929369,40,,Aggregated,20.500000,0.000000,71,98,100,110,150,180,230,250,270,270,270,1537,0,90,113.87452824076392,10.881930589675903,881.6180266439915,10690.329863370202
1780929370,40,GET,/,16.700000,0.000000,65,89,100,110,140,210,230,260,270,270,270,1171,0,84,119.51576527780722,11.517781764268875,881.6180266439915,10267.072587532024
1780929370,40,POST,/cart,1.900000,0.000000,97,120,150,150,170,170,180,180,180,180,180,160,0,100,109.71226720721461,22.90730830281973,439.53768629580736,18066.25
1780929370,40,POST,/cart/checkout,0.600000,0.000000,70,73,95,130,140,140,140,140,140,140,140,45,0,100,107.19969905912876,21.413786336779594,297.4518062546849,6559.377777777778
1780929370,40,GET,/product/0PUK6V6EV0,0.300000,0.000000,15,15,17,17,17,17,17,17,17,17,17,29,0,89,66.3124267975318,10.881930589675903,104.42658513784409,7748.172413793103
1780929370,40,GET,/product/1YMWWN1N4O,0.200000,0.000000,62,62,94,94,94,94,94,94,94,94,94,22,0,95,81.9384757514027,13.648000545799732,180.72308134287596,7775.090909090909
1780929370,40,GET,/product/2ZYFJ3GM2N,0.200000,0.000000,160,160,160,160,160,160,160,160,160,160,160,21,0,98,87.02037541107053,11.10590249300003,199.84895642846823,7756.0
1780929370,40,GET,/product/66VCHSJNUP,0.200000,0.000000,93,98,98,100,100,100,100,100,100,100,100,18,0,97,79.56759414325158,11.137077584862709,103.85446902364492,7710.833333333333
1780929370,40,GET,/product/6E92ZMYYFZ,0.200000,0.000000,98,98,98,98,98,98,98,98,98,98,98,18,0,96,73.18677944648597,14.11084271967411,107.64829721301794,7715.722222222223
1780929370,40,GET,/product/9SIQT8TOJO,0.300000,0.000000,96,96,100,100,100,100,100,100,100,100,100,19,0,95,64.50935325732357,12.073665857315063,106.16845544427633,7768.1578947368425
1780929370,40,GET,/product/L9ECAV7KIM,0.000000,0.000000,94,94,94,94,94,94,94,94,94,94,94,18,0,94,94.49166742463906,13.645478524267673,327.3426219820976,7735.0
1780929370,40,GET,/product/LS4PSXUNUM,0.200000,0.000000,100,100,100,100,100,100,100,100,100,100,100,15,0,96,71.08631047109763,11.95888128131628,102.98943985253572,7747.866666666667
1780929370,40,GET,/product/OLJCESPC7Z,0.300000,0.000000,43,43,100,100,100,100,100,100,100,100,100,15,0,93,76.0899613921841,12.060081586241722,102.1889140829444,7800.2
1780929370,40,,Aggregated,21.100000,0.000000,70,98,100,110,150,180,230,250,270,270,270,1551,0,90,113.32546460768297,10.881930589675903,881.6180266439915,10680.117988394584
1780929371,40,GET,/,16.900000,0.000000,59,81,98,100,130,190,230,260,270,270,270,1191,0,84,118.4123832424344,11.517781764268875,881.6180266439915,10267.089840470193
1780929371,40,POST,/cart,2.200000,0.000000,97,110,130,150,160,170,170,170,170,170,170,161,0,100,109.72860802011274,22.90730830281973,439.53768629580736,18081.49689440994
1780929371,40,POST,/cart/checkout,0.700000,0.000000,70,73,95,130,140,140,140,140,140,140,140,46,0,97,105.40012055603059,21.413786336779594,297.4518062546849,6558.826086956522
1780929371,40,GET,/product/0PUK6V6EV0,0.300000,0.000000,17,17,61,61,61,61,61,61,61,61,61,30,0,88,66.120586078614,10.881930589675903,104.42658513784409,7749.333333333333
1780929371,40,GET,/product/1YMWWN1N4O,0.200000,0.000000,94,94,94,94,94,94,94,94,94,94,94,22,0,95,81.9384757514027,13.648000545799732,180.72308134287596,7775.090909090909
1780929371,40,GET,/product/2ZYFJ3GM2N,0.200000,0.000000,15,15,160,160,160,160,160,160,160,160,160,22,0,96,83.76812304116108,11.10590249300003,199.84895642846823,7758.863636363636
1780929371,40,GET,/product/66VCHSJNUP,0.300000,0.000000,93,98,98,100,100,100,100,100,100,100,100,18,0,97,79.56759414325158,11.137077584862709,103.85446902364492,7710.833333333333
1780929371,40,GET,/product/6E92ZMYYFZ,0.200000,0.000000,95,95,98,98,98,98,98,98,98,98,98,19,0,96,72.41233144151538,14.11084271967411,107.64829721301794,7711.789473684211
1780929371,40,GET,/product/9SIQT8TOJO,0.300000,0.000000,96,96,100,100,100,100,100,100,100,100,100,19,0,95,64.50935325732357,12.073665857315063,106.16845544427633,7768.1578947368425
1780929371,40,GET,/product/L9ECAV7KIM,0.100000,0.000000,94,94,94,94,94,94,94,94,94,94,94,18,0,94,94.49166742463906,13.645478524267673,327.3426219820976,7735.0
1780929371,40,GET,/product/LS4PSXUNUM,0.200000,0.000000,100,100,100,100,100,100,100,100,100,100,100,15,0,96,71.08631047109763,11.95888128131628,102.98943985253572,7747.866666666667
1780929371,40,GET,/product/OLJCESPC7Z,0.300000,0.000000,98,98,100,100,100,100,100,100,100,100,100,16,0,93,77.47041375841945,12.060081586241722,102.1889140829444,7800.5
1780929371,40,,Aggregated,21.900000,0.000000,66,89,99,100,130,160,210,250,270,270,270,1577,0,89,112.37376197149709,10.881930589675903,881.6180266439915,10671.10209258085
1780929372,40,GET,/,16.400000,0.000000,65,83,92,99,130,180,210,260,270,270,270,1211,0,83,117.92493943112704,11.517781764268875,881.6180266439915,10267.104046242775
1780929372,40,POST,/cart,2.200000,0.000000,100,120,140,150,160,170,170,170,170,170,170,163,0,100,109.44169136964105,22.90730830281973,439.53768629580736,18084.932515337423
1780929372,40,POST,/cart/checkout,0.900000,0.000000,73,95,110,130,140,140,140,140,140,140,140,47,0,100,105.50801297451588,21.413786336779594,297.4518062546849,6558.978723404255
1780929372,40,GET,/product/0PUK6V6EV0,0.300000,0.000000,17,61,61,61,61,61,61,61,61,61,61,31,0,88,65.94052739561566,10.881930589675903,104.42658513784409,7751.258064516129
1780929372,40,GET,/product/1YMWWN1N4O,0.200000,0.000000,94,94,100,100,100,100,100,100,100,100,100,23,0,97,82.72792767409398,13.648000545799732,180.72308134287596,7771.304347826087
1780929372,40,GET,/product/2ZYFJ3GM2N,0.200000,0.000000,15,15,160,160,160,160,160,160,160,160,160,22,0,96,83.76812304116108,11.10590249300003,199.84895642846823,7758.863636363636
1780929372,40,GET,/product/66VCHSJNUP,0.400000,0.000000,93,98,98,100,100,100,100,100,100,100,100,18,0,97,79.56759414325158,11.137077584862709,103.85446902364492,7710.833333333333
1780929372,40,GET,/product/6E92ZMYYFZ,0.200000,0.000000,98,98,98,98,98,98,98,98,98,98,98,20,0,96,73.66882371716201,14.11084271967411,107.64829721301794,7715.45
1780929372,40,GET,/product/9SIQT8TOJO,0.300000,0.000000,100,100,100,100,100,100,100,100,100,100,100,19,0,95,64.50935325732357,12.073665857315063,106.16845544427633,7768.1578947368425
1780929372,40,GET,/product/L9ECAV7KIM,0.100000,0.000000,94,94,94,94,94,94,94,94,94,94,94,18,0,94,94.49166742463906,13.645478524267673,327.3426219820976,7735.0
1780929372,40,GET,/product/LS4PSXUNUM,0.200000,0.000000,100,100,100,100,100,100,100,100,100,100,100,15,0,96,71.08631047109763,11.95888128131628,102.98943985253572,7747.866666666667
1780929372,40,GET,/product/OLJCESPC7Z,0.300000,0.000000,98,98,100,100,100,100,100,100,100,100,100,16,0,93,77.47041375841945,12.060081586241722,102.1889140829444,7800.5
1780929372,40,,Aggregated,21.700000,0.000000,67,89,99,100,130,160,210,250,270,270,270,1603,0,89,111.9979497931865,10.881930589675903,881.6180266439915,10667.659388646289
1780929373,40,GET,/,16.600000,0.000000,65,86,99,100,130,190,210,260,270,270,270,1223,0,83,117.58457801517218,11.517781764268875,881.6180266439915,10267.129190515127
1780929373,40,POST,/cart,2.200000,0.000000,110,130,150,150,170,190,190,190,190,190,190,166,0,100,110.060790553689,22.90730830281973,439.53768629580736,18103.265060240963
1780929373,40,POST,/cart/checkout,0.900000,0.000000,73,95,110,130,140,140,140,140,140,140,140,48,0,97,104.69044865264247,21.413786336779594,297.4518062546849,6558.666666666667
1780929373,40,GET,/product/0PUK6V6EV0,0.100000,0.000000,61,61,61,61,61,61,61,61,61,61,61,31,0,88,65.94052739561566,10.881930589675903,104.42658513784409,7751.258064516129
1780929373,40,GET,/product/1YMWWN1N4O,0.300000,0.000000,94,94,100,100,100,100,100,100,100,100,100,23,0,97,82.72792767409398,13.648000545799732,180.72308134287596,7771.304347826087
1780929373,40,GET,/product/2ZYFJ3GM2N,0.300000,0.000000,15,15,160,160,160,160,160,160,160,160,160,22,0,96,83.76812304116108,11.10590249300003,199.84895642846823,7758.863636363636
1780929373,40,GET,/product/66VCHSJNUP,0.400000,0.000000,98,98,98,100,100,100,100,100,100,100,100,19,0,98,80.55164199322462,11.137077584862709,103.85446902364492,7709.526315789473
1780929373,40,GET,/product/6E92ZMYYFZ,0.200000,0.000000,95,98,98,98,98,98,98,98,98,98,98,21,0,96,73.49911886489107,14.11084271967411,107.64829721301794,7716.142857142857
1780929373,40,GET,/product/9SIQT8TOJO,0.200000,0.000000,100,100,100,100,100,100,100,100,100,100,100,19,0,95,64.50935325732357,12.073665857315063,106.16845544427633,7768.1578947368425
1780929373,40,GET,/product/L9ECAV7KIM,0.100000,0.000000,94,94,94,94,94,94,94,94,94,94,94,18,0,94,94.49166742463906,13.645478524267673,327.3426219820976,7735.0
1780929373,40,GET,/product/LS4PSXUNUM,0.200000,0.000000,100,100,100,100,100,100,100,100,100,100,100,15,0,96,71.08631047109763,11.95888128131628,102.98943985253572,7747.866666666667
1780929373,40,GET,/product/OLJCESPC7Z,0.300000,0.000000,98,98,100,100,100,100,100,100,100,100,100,16,0,93,77.47041375841945,12.060081586241722,102.1889140829444,7800.5
1780929373,40,,Aggregated,21.800000,0.000000,70,93,100,100,140,180,210,250,270,270,270,1621,0,89,111.78117259052213,10.881930589675903,881.6180266439915,10674.122146822949
1780929374,40,GET,/,16.600000,0.000000,66,85,94,99,110,140,190,210,210,210,210,1239,0,83,117.13042618260329,11.517781764268875,881.6180266439915,10267.11138014528
1780929374,40,POST,/cart,2.100000,0.000000,110,130,150,150,160,170,190,190,190,190,190,170,0,100,109.94848881245537,22.90730830281973,439.53768629580736,18126.335294117645
1780929374,40,POST,/cart/checkout,1.000000,0.000000,73,95,110,130,140,140,140,140,140,140,140,49,0,97,102.97931424741235,20.844862796366215,297.4518062546849,6558.3877551020405
1780929374,40,GET,/product/0PUK6V6EV0,0.200000,0.000000,61,61,61,61,61,61,61,61,61,61,61,31,0,88,65.94052739561566,10.881930589675903,104.42658513784409,7751.258064516129
1780929374,40,GET,/product/1YMWWN1N4O,0.300000,0.000000,94,94,100,100,100,100,100,100,100,100,100,23,0,97,82.72792767409398,13.648000545799732,180.72308134287596,7771.304347826087
1780929374,40,GET,/product/2ZYFJ3GM2N,0.200000,0.000000,15,15,15,15,15,15,15,15,15,15,15,22,0,96,83.76812304116108,11.10590249300003,199.84895642846823,7758.863636363636
1780929374,40,GET,/product/66VCHSJNUP,0.400000,0.000000,98,98,98,100,100,100,100,100,100,100,100,19,0,98,80.55164199322462,11.137077584862709,103.85446902364492,7709.526315789473
1780929374,40,GET,/product/6E92ZMYYFZ,0.300000,0.000000,98,98,98,98,98,98,98,98,98,98,98,21,0,96,73.49911886489107,14.11084271967411,107.64829721301794,7716.142857142857
1780929374,40,GET,/product/9SIQT8TOJO,0.200000,0.000000,98,98,100,100,100,100,100,100,100,100,100,21,0,95,65.07585592390527,12.073665857315063,106.16845544427633,7769.333333333333
1780929374,40,GET,/product/L9ECAV7KIM,0.100000,0.000000,94,94,94,94,94,94,94,94,94,94,94,18,0,94,94.49166742463906,13.645478524267673,327.3426219820976,7735.0
1780929374,40,GET,/product/LS4PSXUNUM,0.200000,0.000000,100,100,100,100,100,100,100,100,100,100,100,15,0,96,71.08631047109763,11.95888128131628,102.98943985253572,7747.866666666667
1780929374,40,GET,/product/OLJCESPC7Z,0.400000,0.000000,43,43,98,98,98,98,98,98,98,98,98,16,0,93,77.47041375841945,12.060081586241722,102.1889140829444,7800.5
1780929374,40,,Aggregated,22.000000,0.000000,71,93,99,100,130,150,180,190,210,210,210,1644,0,89,111.37399749905143,10.881930589675903,881.6180266439915,10684.577250608272
1780929375,40,GET,/,16.300000,0.000000,67,87,99,100,120,140,180,210,210,210,210,1256,0,83,116.69330727486948,11.517781764268875,881.6180266439915,10266.979299363058
1780929375,40,POST,/cart,2.100000,0.000000,110,130,150,150,160,170,190,190,190,190,190,173,0,100,109.42677187738735,22.90730830281973,439.53768629580736,18126.647398843932
1780929375,40,POST,/cart/checkout,0.900000,0.000000,73,95,110,130,140,140,140,140,140,140,140,50,0,95,101.33527420461178,20.777312107384205,297.4518062546849,6558.46
1780929375,40,GET,/product/0PUK6V6EV0,0.300000,0.000000,61,61,61,61,61,61,61,61,61,61,61,31,0,88,65.94052739561566,10.881930589675903,104.42658513784409,7751.258064516129
1780929375,40,GET,/product/1YMWWN1N4O,0.200000,0.000000,94,94,100,100,100,100,100,100,100,100,100,23,0,97,82.72792767409398,13.648000545799732,180.72308134287596,7771.304347826087
1780929375,40,GET,/product/2ZYFJ3GM2N,0.200000,0.000000,38,38,43,43,43,43,43,43,43,43,43,24,0,95,80.1723380961145,11.10590249300003,199.84895642846823,7755.958333333333
1780929375,40,GET,/product/66VCHSJNUP,0.500000,0.000000,98,98,98,100,100,100,100,100,100,100,100,19,0,98,80.55164199322462,11.137077584862709,103.85446902364492,7709.526315789473
1780929375,40,GET,/product/6E92ZMYYFZ,0.300000,0.000000,98,98,98,98,98,98,98,98,98,98,98,21,0,96,73.49911886489107,14.11084271967411,107.64829721301794,7716.142857142857
1780929375,40,GET,/product/9SIQT8TOJO,0.200000,0.000000,98,98,100,100,100,100,100,100,100,100,100,21,0,95,65.07585592390527,12.073665857315063,106.16845544427633,7769.333333333333
1780929375,40,GET,/product/L9ECAV7KIM,0.100000,0.000000,60,60,94,94,94,94,94,94,94,94,94,20,0,91,90.2550371363759,13.645478524267673,327.3426219820976,7738.45
1780929375,40,GET,/product/LS4PSXUNUM,0.200000,0.000000,100,100,100,100,100,100,100,100,100,100,100,15,0,96,71.08631047109763,11.95888128131628,102.98943985253572,7747.866666666667
1780929375,40,GET,/product/OLJCESPC7Z,0.400000,0.000000,60,60,98,98,98,98,98,98,98,98,98,17,0,93,76.44274896558593,12.060081586241722,102.1889140829444,7799.411764705882
1780929375,40,,Aggregated,21.700000,0.000000,71,93,99,100,130,150,180,190,210,210,210,1670,0,88,110.80652801375724,10.881930589675903,881.6180266439915,10682.385628742515
1780929376,40,GET,/,16.600000,0.000000,66,83,94,99,120,140,180,210,210,210,210,1272,0,83,116.02169482634878,11.517781764268875,881.6180266439915,10267.106132075472
1780929376,40,POST,/cart,2.300000,0.000000,110,130,140,150,160,170,190,190,190,190,190,175,0,100,109.32372057544333,22.90730830281973,439.53768629580736,18129.46857142857
1780929376,40,POST,/cart/checkout,1.100000,0.000000,66,95,110,110,130,140,140,140,140,140,140,51,0,95,100.57282537294954,20.777312107384205,297.4518062546849,6558.078431372549
1780929376,40,GET,/product/0PUK6V6EV0,0.300000,0.000000,61,61,61,61,61,61,61,61,61,61,61,31,0,88,65.94052739561566,10.881930589675903,104.42658513784409,7751.258064516129
1780929376,40,GET,/product/1YMWWN1N4O,0.200000,0.000000,14,14,100,100,100,100,100,100,100,100,100,24,0,95,79.79080139193684,12.23689690232277,180.72308134287596,7772.708333333333
1780929376,40,GET,/product/2ZYFJ3GM2N,0.200000,0.000000,38,38,43,43,43,43,43,43,43,43,43,24,0,95,80.1723380961145,11.10590249300003,199.84895642846823,7755.958333333333
1780929376,40,GET,/product/66VCHSJNUP,0.500000,0.000000,98,98,98,100,100,100,100,100,100,100,100,19,0,98,80.55164199322462,11.137077584862709,103.85446902364492,7709.526315789473
1780929376,40,GET,/product/6E92ZMYYFZ,0.400000,0.000000,98,98,98,98,98,98,98,98,98,98,98,21,0,96,73.49911886489107,14.11084271967411,107.64829721301794,7716.142857142857
1780929376,40,GET,/product/9SIQT8TOJO,0.300000,0.000000,98,98,100,100,100,100,100,100,100,100,100,22,0,95,64.83002531934868,12.073665857315063,106.16845544427633,7765.454545454545
1780929376,40,GET,/product/L9ECAV7KIM,0.100000,0.000000,60,60,94,94,94,94,94,94,94,94,94,20,0,91,90.2550371363759,13.645478524267673,327.3426219820976,7738.45
1780929376,40,GET,/product/LS4PSXUNUM,0.100000,0.000000,100,100,100,100,100,100,100,100,100,100,100,15,0,96,71.08631047109763,11.95888128131628,102.98943985253572,7747.866666666667
1780929376,40,GET,/product/OLJCESPC7Z,0.400000,0.000000,60,60,98,98,98,98,98,98,98,98,98,17,0,93,76.44274896558593,12.060081586241722,102.1889140829444,7799.411764705882
1780929376,40,,Aggregated,22.500000,0.000000,67,89,98,100,120,140,180,190,210,210,210,1691,0,88,110.22760384038118,10.881930589675903,881.6180266439915,10681.722057953873
1780929377,40,GET,/,15.600000,0.000000,68,85,93,99,120,140,180,210,210,210,210,1290,0,83,115.37252526744739,11.517781764268875,881.6180266439915,10267.208527131783
1780929377,40,POST,/cart,2.400000,0.000000,100,110,130,140,150,160,190,190,190,190,190,175,0,100,109.32372057544333,22.90730830281973,439.53768629580736,18129.46857142857
1780929377,40,POST,/cart/checkout,1.100000,0.000000,62,66,73,110,130,130,130,130,130,130,130,51,0,95,100.57282537294954,20.777312107384205,297.4518062546849,6558.078431372549
1780929377,40,GET,/product/0PUK6V6EV0,0.300000,0.000000,61,61,61,61,61,61,61,61,61,61,61,31,0,88,65.94052739561566,10.881930589675903,104.42658513784409,7751.258064516129
1780929377,40,GET,/product/1YMWWN1N4O,0.200000,0.000000,14,14,100,100,100,100,100,100,100,100,100,24,0,95,79.79080139193684,12.23689690232277,180.72308134287596,7772.708333333333
1780929377,40,GET,/product/2ZYFJ3GM2N,0.200000,0.000000,38,38,43,43,43,43,43,43,43,43,43,24,0,95,80.1723380961145,11.10590249300003,199.84895642846823,7755.958333333333
1780929377,40,GET,/product/66VCHSJNUP,0.500000,0.000000,98,98,100,100,100,100,100,100,100,100,100,19,0,98,80.55164199322462,11.137077584862709,103.85446902364492,7709.526315789473
1780929377,40,GET,/product/6E92ZMYYFZ,0.400000,0.000000,70,98,98,98,98,98,98,98,98,98,98,22,0,95,72.1891015260057,14.11084271967411,107.64829721301794,7717.772727272727
1780929377,40,GET,/product/9SIQT8TOJO,0.400000,0.000000,60,98,98,100,100,100,100,100,100,100,100,23,0,95,63.825964360781335,12.073665857315063,106.16845544427633,7766.826086956522
1780929377,40,GET,/product/L9ECAV7KIM,0.300000,0.000000,60,60,94,94,94,94,94,94,94,94,94,20,0,91,90.2550371363759,13.645478524267673,327.3426219820976,7738.45
1780929377,40,GET,/product/LS4PSXUNUM,0.100000,0.000000,100,100,100,100,100,100,100,100,100,100,100,15,0,96,71.08631047109763,11.95888128131628,102.98943985253572,7747.866666666667
1780929377,40,GET,/product/OLJCESPC7Z,0.400000,0.000000,60,98,98,100,100,100,100,100,100,100,100,19,0,93,76.84692083612869,12.060081586241722,102.1889140829444,7798.789473684211
1780929377,40,,Aggregated,21.900000,0.000000,70,88,98,100,120,140,180,190,210,210,210,1713,0,88,109.68640980392834,10.881930589675903,881.6180266439915,10670.676007005253
1780929378,40,GET,/,16.400000,0.000000,77,90,100,110,140,160,190,210,210,210,210,1310,0,83,115.4082780291561,11.517781764268875,881.6180266439915,10267.152671755724
1780929378,40,POST,/cart,2.400000,0.000000,93,110,130,140,160,190,190,190,190,190,190,177,0,100,108.82584677514552,22.90730830281973,439.53768629580736,18132.457627118645
1780929378,40,POST,/cart/checkout,1.000000,0.000000,62,66,73,73,110,110,110,110,110,110,110,51,0,95,100.57282537294954,20.777312107384205,297.4518062546849,6558.078431372549
1780929378,40,GET,/product/0PUK6V6EV0,0.300000,0.000000,61,61,96,96,96,96,96,96,96,96,96,32,0,88,66.89061975339428,10.881930589675903,104.42658513784409,7749.71875
1780929378,40,GET,/product/1YMWWN1N4O,0.300000,0.000000,14,14,100,100,100,100,100,100,100,100,100,24,0,95,79.79080139193684,12.23689690232277,180.72308134287596,7772.708333333333
1780929378,40,GET,/product/2ZYFJ3GM2N,0.400000,0.000000,38,38,43,43,43,43,43,43,43,43,43,24,0,95,80.1723380961145,11.10590249300003,199.84895642846823,7755.958333333333
1780929378,40,GET,/product/66VCHSJNUP,0.500000,0.000000,98,98,100,100,100,100,100,100,100,100,100,19,0,98,80.55164199322462,11.137077584862709,103.85446902364492,7709.526315789473
1780929378,40,GET,/product/6E92ZMYYFZ,0.400000,0.000000,70,98,98,98,98,98,98,98,98,98,98,22,0,95,72.1891015260057,14.11084271967411,107.64829721301794,7717.772727272727
1780929378,40,GET,/product/9SIQT8TOJO,0.400000,0.000000,60,60,98,98,100,100,100,100,100,100,100,24,0,60,61.79392423170308,12.073665857315063,106.16845544427633,7764.625
1780929378,40,GET,/product/L9ECAV7KIM,0.300000,0.000000,94,94,100,100,100,100,100,100,100,100,100,21,0,94,90.73341726547196,13.645478524267673,327.3426219820976,7735.285714285715
1780929378,40,GET,/product/LS4PSXUNUM,0.100000,0.000000,100,100,100,100,100,100,100,100,100,100,100,15,0,96,71.08631047109763,11.95888128131628,102.98943985253572,7747.866666666667
1780929378,40,GET,/product/OLJCESPC7Z,0.300000,0.000000,60,98,98,100,100,100,100,100,100,100,100,20,0,93,73.7965380307287,12.060081586241722,102.1889140829444,7797.9
1780929378,40,,Aggregated,22.800000,0.000000,74,92,100,100,130,160,190,200,210,210,210,1739,0,88,109.6061938841275,10.881930589675903,881.6180266439915,10668.082806210467
1780929379,40,GET,/,16.800000,0.000000,77,91,100,110,140,160,190,210,210,210,210,1323,0,83,114.87444640275933,11.517781764268875,881.6180266439915,10267.267573696145
1780929379,40,POST,/cart,2.100000,0.000000,93,110,130,140,160,190,190,190,190,190,190,179,0,100,107.8766476852018,21.704306825995445,439.53768629580736,18135.1843575419
1780929379,40,POST,/cart/checkout,0.900000,0.000000,46,62,66,66,110,110,110,110,110,110,110,52,0,94,99.52198386263962,20.777312107384205,297.4518062546849,6557.673076923077
1780929379,40,GET,/product/0PUK6V6EV0,0.300000,0.000000,61,61,96,96,96,96,96,96,96,96,96,33,0,88,65.27975943842621,10.881930589675903,104.42658513784409,7747.484848484848
1780929379,40,GET,/product/1YMWWN1N4O,0.300000,0.000000,14,14,100,100,100,100,100,100,100,100,100,24,0,95,79.79080139193684,12.23689690232277,180.72308134287596,7772.708333333333
1780929379,40,GET,/product/2ZYFJ3GM2N,0.400000,0.000000,38,38,43,43,43,43,43,43,43,43,43,24,0,95,80.1723380961145,11.10590249300003,199.84895642846823,7755.958333333333
1780929379,40,GET,/product/66VCHSJNUP,0.500000,0.000000,98,98,100,100,100,100,100,100,100,100,100,19,0,98,80.55164199322462,11.137077584862709,103.85446902364492,7709.526315789473
1780929379,40,GET,/product/6E92ZMYYFZ,0.500000,0.000000,70,70,98,98,98,98,98,98,98,98,98,22,0,95,72.1891015260057,14.11084271967411,107.64829721301794,7717.772727272727
1780929379,40,GET,/product/9SIQT8TOJO,0.400000,0.000000,60,65,98,98,100,100,100,100,100,100,100,25,0,65,61.927377320826054,12.073665857315063,106.16845544427633,7762.2
1780929379,40,GET,/product/L9ECAV7KIM,0.300000,0.000000,94,94,100,100,100,100,100,100,100,100,100,21,0,94,90.73341726547196,13.645478524267673,327.3426219820976,7735.285714285715
1780929379,40,GET,/product/LS4PSXUNUM,0.000000,0.000000,100,100,100,100,100,100,100,100,100,100,100,15,0,96,71.08631047109763,11.95888128131628,102.98943985253572,7747.866666666667
1780929379,40,GET,/product/OLJCESPC7Z,0.400000,0.000000,60,98,98,100,100,100,100,100,100,100,100,20,0,93,73.7965380307287,12.060081586241722,102.1889140829444,7797.9
1780929379,40,,Aggregated,22.900000,0.000000,73,91,100,100,130,160,190,200,210,210,210,1757,0,88,109.03344117317033,10.881930589675903,881.6180266439915,10668.236198064884
1780929380,40,GET,/,15.800000,0.000000,74,92,100,110,140,160,190,210,210,210,210,1338,0,83,114.17386676317084,11.517781764268875,881.6180266439915,10267.426756352765
1780929380,40,POST,/cart,2.200000,0.000000,80,100,110,130,140,160,190,190,190,190,190,182,0,98,107.0658487196152,21.704306825995445,439.53768629580736,18111.851648351647
1780929380,40,POST,/cart/checkout,0.900000,0.000000,62,62,66,66,110,110,110,110,110,110,110,52,0,94,99.52198386263962,20.777312107384205,297.4518062546849,6557.673076923077
1780929380,40,GET,/product/0PUK6V6EV0,0.200000,0.000000,61,61,96,96,96,96,96,96,96,96,96,33,0,88,65.27975943842621,10.881930589675903,104.42658513784409,7747.484848484848
1780929380,40,GET,/product/1YMWWN1N4O,0.300000,0.000000,100,100,100,100,100,100,100,100,100,100,100,25,0,97,80.77972531318665,12.23689690232277,180.72308134287596,7769.96
1780929380,40,GET,/product/2ZYFJ3GM2N,0.300000,0.000000,38,38,43,43,43,43,43,43,43,43,43,24,0,95,80.1723380961145,11.10590249300003,199.84895642846823,7755.958333333333
1780929380,40,GET,/product/66VCHSJNUP,0.400000,0.000000,98,98,98,98,98,98,98,98,98,98,98,20,0,97,80.16579998657107,11.137077584862709,103.85446902364492,7711.5
1780929380,40,GET,/product/6E92ZMYYFZ,0.400000,0.000000,70,94,94,98,98,98,98,98,98,98,98,23,0,95,73.12516272877869,14.11084271967411,107.64829721301794,7715.913043478261
1780929380,40,GET,/product/9SIQT8TOJO,0.500000,0.000000,60,60,65,65,98,98,98,98,98,98,98,25,0,65,61.927377320826054,12.073665857315063,106.16845544427633,7762.2
1780929380,40,GET,/product/L9ECAV7KIM,0.300000,0.000000,94,94,100,100,100,100,100,100,100,100,100,21,0,94,90.73341726547196,13.645478524267673,327.3426219820976,7735.285714285715
1780929380,40,GET,/product/LS4PSXUNUM,0.000000,0.000000,100,100,100,100,100,100,100,100,100,100,100,16,0,95,68.8578998669982,11.95888128131628,102.98943985253572,7748.1875
1780929380,40,GET,/product/OLJCESPC7Z,0.500000,0.000000,60,98,98,100,100,100,100,100,100,100,100,20,0,93,73.7965380307287,12.060081586241722,102.1889140829444,7797.9
1780929380,40,,Aggregated,21.800000,0.000000,71,92,100,100,130,160,190,200,210,210,210,1779,0,87,108.39801054644728,10.881930589675903,881.6180266439915,10668.551433389544
1780929381,40,GET,/,16.700000,0.000000,77,96,100,120,140,160,190,210,210,210,210,1355,0,83,113.65600454782538,11.517781764268875,881.6180266439915,10267.430258302584
1780929381,40,POST,/cart,1.900000,0.000000,80,100,110,130,160,190,190,190,190,190,190,182,0,98,107.0658487196152,21.704306825995445,439.53768629580736,18111.851648351647
1780929381,40,POST,/cart/checkout,0.900000,0.000000,66,110,110,110,150,150,150,150,150,150,150,54,0,95,100.65261585017045,20.777312107384205,297.4518062546849,6558.055555555556
1780929381,40,GET,/product/0PUK6V6EV0,0.400000,0.000000,61,61,96,96,96,96,96,96,96,96,96,33,0,88,65.27975943842621,10.881930589675903,104.42658513784409,7747.484848484848
1780929381,40,GET,/product/1YMWWN1N4O,0.300000,0.000000,100,100,100,100,100,100,100,100,100,100,100,25,0,97,80.77972531318665,12.23689690232277,180.72308134287596,7769.96
1780929381,40,GET,/product/2ZYFJ3GM2N,0.300000,0.000000,43,43,100,100,100,100,100,100,100,100,100,25,0,96,81.01117990911007,11.10590249300003,199.84895642846823,7758.24
1780929381,40,GET,/product/66VCHSJNUP,0.300000,0.000000,97,97,98,98,98,98,98,98,98,98,98,21,0,97,80.98930164816834,11.137077584862709,103.85446902364492,7713.0952380952385
1780929381,40,GET,/product/6E92ZMYYFZ,0.400000,0.000000,94,94,98,98,98,98,98,98,98,98,98,23,0,95,73.12516272877869,14.11084271967411,107.64829721301794,7715.913043478261
1780929381,40,GET,/product/9SIQT8TOJO,0.600000,0.000000,60,60,65,65,98,98,98,98,98,98,98,25,0,65,61.927377320826054,12.073665857315063,106.16845544427633,7762.2
1780929381,40,GET,/product/L9ECAV7KIM,0.300000,0.000000,60,60,100,100,100,100,100,100,100,100,100,21,0,94,90.73341726547196,13.645478524267673,327.3426219820976,7735.285714285715
1780929381,40,GET,/product/LS4PSXUNUM,0.000000,0.000000,100,100,100,100,100,100,100,100,100,100,100,16,0,95,68.8578998669982,11.95888128131628,102.98943985253572,7748.1875
1780929381,40,GET,/product/OLJCESPC7Z,0.500000,0.000000,60,98,98,100,100,100,100,100,100,100,100,20,0,93,73.7965380307287,12.060081586241722,102.1889140829444,7797.9
1780929381,40,,Aggregated,22.600000,0.000000,73,95,100,110,130,160,190,200,210,210,210,1800,0,87,108.07667444925755,10.881930589675903,881.6180266439915,10656.99888888889
1780929382,40,GET,/,16.500000,0.000000,71,91,100,100,130,150,170,210,210,210,210,1373,0,82,112.97018851308886,11.517781764268875,881.6180266439915,10267.522942461763
1780929382,40,POST,/cart,2.200000,0.000000,73,87,93,100,140,160,160,160,160,160,160,183,0,98,106.62262323388799,21.704306825995445,439.53768629580736,18109.49726775956
1780929382,40,POST,/cart/checkout,0.700000,0.000000,66,73,110,110,150,150,150,150,150,150,150,55,0,95,100.14411446384408,20.777312107384205,297.4518062546849,6557.509090909091
1780929382,40,GET,/product/0PUK6V6EV0,0.400000,0.000000,61,61,96,96,96,96,96,96,96,96,96,33,0,88,65.27975943842621,10.881930589675903,104.42658513784409,7747.484848484848
1780929382,40,GET,/product/1YMWWN1N4O,0.400000,0.000000,100,100,100,100,100,100,100,100,100,100,100,26,0,95,78.17156978238087,12.23689690232277,180.72308134287596,7766.884615384615
1780929382,40,GET,/product/2ZYFJ3GM2N,0.300000,0.000000,43,43,100,100,100,100,100,100,100,100,100,25,0,96,81.01117990911007,11.10590249300003,199.84895642846823,7758.24
1780929382,40,GET,/product/66VCHSJNUP,0.100000,0.000000,97,97,98,98,98,98,98,98,98,98,98,21,0,97,80.98930164816834,11.137077584862709,103.85446902364492,7713.0952380952385
1780929382,40,GET,/product/6E92ZMYYFZ,0.500000,0.000000,70,70,94,94,94,94,94,94,94,94,94,23,0,95,73.12516272877869,14.11084271967411,107.64829721301794,7715.913043478261
1780929382,40,GET,/product/9SIQT8TOJO,0.600000,0.000000,60,65,96,96,98,98,98,98,98,98,98,26,0,65,63.24101346903122,12.073665857315063,106.16845544427633,7764.307692307692
1780929382,40,GET,/product/L9ECAV7KIM,0.300000,0.000000,60,60,100,100,100,100,100,100,100,100,100,21,0,94,90.73341726547196,13.645478524267673,327.3426219820976,7735.285714285715
1780929382,40,GET,/product/LS4PSXUNUM,0.100000,0.000000,35,35,35,35,35,35,35,35,35,35,35,16,0,95,68.8578998669982,11.95888128131628,102.98943985253572,7748.1875
1780929382,40,GET,/product/OLJCESPC7Z,0.500000,0.000000,60,94,94,100,100,100,100,100,100,100,100,21,0,93,74.75040178923379,12.060081586241722,102.1889140829444,7797.952380952381
1780929382,40,,Aggregated,22.600000,0.000000,70,89,99,100,130,150,170,200,210,210,210,1823,0,87,107.4842098600717,10.881930589675903,881.6180266439915,10650.057048820625
1780929383,40,GET,/,16.900000,0.000000,71,88,98,100,120,140,160,170,200,200,200,1393,0,81,112.2640060288972,11.517781764268875,881.6180266439915,10267.5944005743
1780929383,40,POST,/cart,2.100000,0.000000,60,74,80,87,93,140,140,140,140,140,140,183,0,98,106.62262323388799,21.704306825995445,439.53768629580736,18109.49726775956
1780929383,40,POST,/cart/checkout,0.800000,0.000000,73,110,110,110,150,150,150,150,150,150,150,58,0,95,99.27051162732572,20.777312107384205,297.4518062546849,6557.586206896552
1780929383,40,GET,/product/0PUK6V6EV0,0.400000,0.000000,61,61,96,96,96,96,96,96,96,96,96,33,0,88,65.27975943842621,10.881930589675903,104.42658513784409,7747.484848484848
1780929383,40,GET,/product/1YMWWN1N4O,0.300000,0.000000,79,79,100,100,100,100,100,100,100,100,100,27,0,95,78.22021010711238,12.23689690232277,180.72308134287596,7765.148148148148
1780929383,40,GET,/product/2ZYFJ3GM2N,0.300000,0.000000,43,43,100,100,100,100,100,100,100,100,100,25,0,96,81.01117990911007,11.10590249300003,199.84895642846823,7758.24
1780929383,40,GET,/product/66VCHSJNUP,0.300000,0.000000,97,97,98,98,98,98,98,98,98,98,98,21,0,97,80.98930164816834,11.137077584862709,103.85446902364492,7713.0952380952385
1780929383,40,GET,/product/6E92ZMYYFZ,0.500000,0.000000,70,70,94,94,94,94,94,94,94,94,94,23,0,95,73.12516272877869,14.11084271967411,107.64829721301794,7715.913043478261
1780929383,40,GET,/product/9SIQT8TOJO,0.600000,0.000000,60,60,65,65,96,96,96,96,96,96,96,26,0,65,63.24101346903122,12.073665857315063,106.16845544427633,7764.307692307692
1780929383,40,GET,/product/L9ECAV7KIM,0.300000,0.000000,60,60,100,100,100,100,100,100,100,100,100,21,0,94,90.73341726547196,13.645478524267673,327.3426219820976,7735.285714285715
1780929383,40,GET,/product/LS4PSXUNUM,0.100000,0.000000,35,35,35,35,35,35,35,35,35,35,35,16,0,95,68.8578998669982,11.95888128131628,102.98943985253572,7748.1875
1780929383,40,GET,/product/OLJCESPC7Z,0.500000,0.000000,60,94,94,100,100,100,100,100,100,100,100,21,0,93,74.75040178923379,12.060081586241722,102.1889140829444,7797.952380952381
1780929383,40,,Aggregated,23.100000,0.000000,70,87,97,100,120,140,160,170,200,200,200,1847,0,86,106.9564993947575,10.881930589675903,881.6180266439915,10637.73741201949
1780929384,40,GET,/,16.200000,0.000000,70,87,94,99,120,140,160,170,200,200,200,1407,0,81,111.61065163976475,11.517781764268875,881.6180266439915,10267.529495380242
1780929384,40,POST,/cart,2.100000,0.000000,50,73,80,85,87,140,140,140,140,140,140,185,0,97,106.15889447665698,21.704306825995445,439.53768629580736,18104.697297297298
1780929384,40,POST,/cart/checkout,0.800000,0.000000,86,110,110,110,150,150,150,150,150,150,150,59,0,95,99.04179864136849,20.777312107384205,297.4518062546849,6557.762711864407
1780929384,40,GET,/product/0PUK6V6EV0,0.300000,0.000000,61,96,96,98,98,98,98,98,98,98,98,35,0,88,64.70049212553671,10.881930589675903,104.42658513784409,7745.2
1780929384,40,GET,/product/1YMWWN1N4O,0.200000,0.000000,79,79,100,100,100,100,100,100,100,100,100,27,0,95,78.22021010711238,12.23689690232277,180.72308134287596,7765.148148148148
1780929384,40,GET,/product/2ZYFJ3GM2N,0.300000,0.000000,43,43,100,100,100,100,100,100,100,100,100,25,0,96,81.01117990911007,11.10590249300003,199.84895642846823,7758.24
1780929384,40,GET,/product/66VCHSJNUP,0.300000,0.000000,98,98,100,100,100,100,100,100,100,100,100,22,0,97,81.90292018381032,11.137077584862709,103.85446902364492,7714.227272727273
1780929384,40,GET,/product/6E92ZMYYFZ,0.400000,0.000000,94,94,94,94,94,94,94,94,94,94,94,23,0,95,73.12516272877869,14.11084271967411,107.64829721301794,7715.913043478261
1780929384,40,GET,/product/9SIQT8TOJO,0.600000,0.000000,60,65,65,96,96,96,96,96,96,96,96,26,0,65,63.24101346903122,12.073665857315063,106.16845544427633,7764.307692307692
1780929384,40,GET,/product/L9ECAV7KIM,0.300000,0.000000,60,60,100,100,100,100,100,100,100,100,100,21,0,94,90.73341726547196,13.645478524267673,327.3426219820976,7735.285714285715
1780929384,40,GET,/product/LS4PSXUNUM,0.100000,0.000000,35,35,35,35,35,35,35,35,35,35,35,16,0,95,68.8578998669982,11.95888128131628,102.98943985253572,7748.1875
1780929384,40,GET,/product/OLJCESPC7Z,0.400000,0.000000,84,84,94,94,100,100,100,100,100,100,100,22,0,93,75.1926002769985,12.060081586241722,102.1889140829444,7793.0
1780929384,40,,Aggregated,22.000000,0.000000,70,87,95,99,110,130,150,160,200,200,200,1868,0,86,106.37589162405045,10.881930589675903,881.6180266439915,10633.991970021414
1780929385,40,GET,/,16.800000,0.000000,70,88,97,100,120,140,160,190,200,200,200,1425,0,81,111.24268259460989,11.517781764268875,881.6180266439915,10267.365614035089
1780929385,40,POST,/cart,1.700000,0.000000,50,80,87,110,120,140,140,140,140,140,140,188,0,97,105.81924254570077,21.704306825995445,439.53768629580736,18143.08510638298
1780929385,40,POST,/cart/checkout,1.000000,0.000000,86,100,110,110,110,150,150,150,150,150,150,62,0,94,98.49041844567945,20.777312107384205,297.4518062546849,6557.467741935484
1780929385,40,GET,/product/0PUK6V6EV0,0.200000,0.000000,14,96,96,98,98,98,98,98,98,98,98,36,0,61,63.22730430919263,10.881930589675903,104.42658513784409,7744.611111111111
1780929385,40,GET,/product/1YMWWN1N4O,0.300000,0.000000,79,79,100,100,100,100,100,100,100,100,100,27,0,95,78.22021010711238,12.23689690232277,180.72308134287596,7765.148148148148
1780929385,40,GET,/product/2ZYFJ3GM2N,0.300000,0.000000,43,43,100,100,100,100,100,100,100,100,100,25,0,96,81.01117990911007,11.10590249300003,199.84895642846823,7758.24
1780929385,40,GET,/product/66VCHSJNUP,0.200000,0.000000,98,98,100,100,100,100,100,100,100,100,100,22,0,97,81.90292018381032,11.137077584862709,103.85446902364492,7714.227272727273
1780929385,40,GET,/product/6E92ZMYYFZ,0.300000,0.000000,97,97,100,100,100,100,100,100,100,100,100,25,0,96,75.3262386098504,14.11084271967411,107.64829721301794,7719.28
1780929385,40,GET,/product/9SIQT8TOJO,0.700000,0.000000,60,65,65,96,96,96,96,96,96,96,96,26,0,65,63.24101346903122,12.073665857315063,106.16845544427633,7764.307692307692
1780929385,40,GET,/product/L9ECAV7KIM,0.300000,0.000000,60,60,100,100,100,100,100,100,100,100,100,21,0,94,90.73341726547196,13.645478524267673,327.3426219820976,7735.285714285715
1780929385,40,GET,/product/LS4PSXUNUM,0.100000,0.000000,35,35,35,35,35,35,35,35,35,35,35,16,0,95,68.8578998669982,11.95888128131628,102.98943985253572,7748.1875
1780929385,40,GET,/product/OLJCESPC7Z,0.500000,0.000000,94,94,100,100,100,100,100,100,100,100,100,23,0,93,76.40004028444704,12.060081586241722,102.96372044831514,7789.260869565217
1780929385,40,,Aggregated,22.400000,0.000000,72,89,98,100,120,140,160,170,200,200,200,1896,0,86,106.02756857160746,10.881930589675903,881.6180266439915,10633.445147679326
1780929386,40,GET,/,16.800000,0.000000,68,89,98,100,130,140,160,190,200,200,200,1437,0,81,110.83657728092034,11.517781764268875,881.6180266439915,10267.382741823243
1780929386,40,POST,/cart,1.500000,0.000000,63,85,110,110,160,160,160,160,160,160,160,191,0,98,106.15379045380972,21.704306825995445,439.53768629580736,18165.465968586388
1780929386,40,POST,/cart/checkout,0.900000,0.000000,86,110,110,110,150,160,160,160,160,160,160,63,0,95,99.44702384786473,20.777312107384205,297.4518062546849,6557.31746031746
1780929386,40,GET,/product/0PUK6V6EV0,0.300000,0.000000,14,96,96,98,98,98,98,98,98,98,98,36,0,61,63.22730430919263,10.881930589675903,104.42658513784409,7744.611111111111
1780929386,40,GET,/product/1YMWWN1N4O,0.400000,0.000000,79,95,95,100,100,100,100,100,100,100,100,28,0,95,78.83676440854158,12.23689690232277,180.72308134287596,7764.035714285715
1780929386,40,GET,/product/2ZYFJ3GM2N,0.300000,0.000000,43,43,100,100,100,100,100,100,100,100,100,25,0,96,81.01117990911007,11.10590249300003,199.84895642846823,7758.24
1780929386,40,GET,/product/66VCHSJNUP,0.200000,0.000000,97,97,100,100,100,100,100,100,100,100,100,22,0,97,81.90292018381032,11.137077584862709,103.85446902364492,7714.227272727273
1780929386,40,GET,/product/6E92ZMYYFZ,0.200000,0.000000,94,97,97,100,100,100,100,100,100,100,100,26,0,95,72.94027098956016,13.291080482304096,107.64829721301794,7720.153846153846
1780929386,40,GET,/product/9SIQT8TOJO,0.600000,0.000000,65,65,96,96,96,96,96,96,96,96,96,26,0,65,63.24101346903122,12.073665857315063,106.16845544427633,7764.307692307692
1780929386,40,GET,/product/L9ECAV7KIM,0.300000,0.000000,100,100,100,100,100,100,100,100,100,100,100,21,0,94,90.73341726547196,13.645478524267673,327.3426219820976,7735.285714285715
1780929386,40,GET,/product/LS4PSXUNUM,0.100000,0.000000,35,35,35,35,35,35,35,35,35,35,35,16,0,95,68.8578998669982,11.95888128131628,102.98943985253572,7748.1875
1780929386,40,GET,/product/OLJCESPC7Z,0.600000,0.000000,94,94,100,100,100,100,100,100,100,100,100,23,0,93,76.40004028444704,12.060081586241722,102.96372044831514,7789.260869565217
1780929386,40,,Aggregated,22.200000,0.000000,73,93,99,100,120,150,160,170,200,200,200,1914,0,86,105.76201495038133,10.881930589675903,881.6180266439915,10640.006792058517
1780929387,40,GET,/,16.800000,0.000000,70,92,100,110,130,160,170,190,200,200,200,1452,0,81,110.66185099267742,11.517781764268875,881.6180266439915,10267.219696969696
1780929387,40,POST,/cart,1.500000,0.000000,63,87,120,140,160,180,180,180,180,180,180,195,0,98,105.86996259502111,21.704306825995445,439.53768629580736,18195.102564102563
1780929387,40,POST,/cart/checkout,1.000000,0.000000,100,110,110,110,150,160,160,160,160,160,160,64,0,95,99.4653777743224,20.777312107384205,297.4518062546849,6557.390625
1780929387,40,GET,/product/0PUK6V6EV0,0.400000,0.000000,14,96,96,98,98,98,98,98,98,98,98,36,0,61,63.22730430919263,10.881930589675903,104.42658513784409,7744.611111111111
1780929387,40,GET,/product/1YMWWN1N4O,0.400000,0.000000,95,95,100,100,100,100,100,100,100,100,100,28,0,95,78.83676440854158,12.23689690232277,180.72308134287596,7764.035714285715
1780929387,40,GET,/product/2ZYFJ3GM2N,0.300000,0.000000,100,100,100,100,100,100,100,100,100,100,100,25,0,96,81.01117990911007,11.10590249300003,199.84895642846823,7758.24
1780929387,40,GET,/product/66VCHSJNUP,0.300000,0.000000,97,97,100,100,100,100,100,100,100,100,100,22,0,97,81.90292018381032,11.137077584862709,103.85446902364492,7714.227272727273
1780929387,40,GET,/product/6E92ZMYYFZ,0.300000,0.000000,97,97,100,100,100,100,100,100,100,100,100,26,0,95,72.94027098956016,13.291080482304096,107.64829721301794,7720.153846153846
1780929387,40,GET,/product/9SIQT8TOJO,0.500000,0.000000,65,65,96,96,96,96,96,96,96,96,96,26,0,65,63.24101346903122,12.073665857315063,106.16845544427633,7764.307692307692
1780929387,40,GET,/product/L9ECAV7KIM,0.100000,0.000000,100,100,100,100,100,100,100,100,100,100,100,22,0,91,88.45693804323673,13.645478524267673,327.3426219820976,7731.681818181818
1780929387,40,GET,/product/LS4PSXUNUM,0.100000,0.000000,35,35,35,35,35,35,35,35,35,35,35,16,0,95,68.8578998669982,11.95888128131628,102.98943985253572,7748.1875
1780929387,40,GET,/product/OLJCESPC7Z,0.500000,0.000000,94,94,100,100,100,100,100,100,100,100,100,23,0,93,76.40004028444704,12.060081586241722,102.96372044831514,7789.260869565217
1780929387,40,,Aggregated,22.200000,0.000000,75,95,100,100,130,160,170,180,200,200,200,1935,0,86,105.60614159306661,10.881930589675903,881.6180266439915,10651.889405684755
1780929388,40,GET,/,16.700000,0.000000,70,90,97,100,120,140,160,180,190,190,190,1475,0,82,110.4105449164823,11.517781764268875,881.6180266439915,10267.23593220339
1780929388,40,POST,/cart,1.700000,0.000000,63,100,120,140,160,180,180,180,180,180,180,196,0,98,105.83956830906777,21.704306825995445,439.53768629580736,18192.280612244896
1780929388,40,POST,/cart/checkout,1.300000,0.000000,86,100,110,110,150,160,160,160,160,160,160,66,0,94,97.41650013761087,20.777312107384205,297.4518062546849,6556.954545454545
1780929388,40,GET,/product/0PUK6V6EV0,0.500000,0.000000,14,96,96,98,98,98,98,98,98,98,98,36,0,61,63.22730430919263,10.881930589675903,104.42658513784409,7744.611111111111
1780929388,40,GET,/product/1YMWWN1N4O,0.400000,0.000000,95,95,100,100,100,100,100,100,100,100,100,28,0,95,78.83676440854158,12.23689690232277,180.72308134287596,7764.035714285715
1780929388,40,GET,/product/2ZYFJ3GM2N,0.100000,0.000000,100,100,100,100,100,100,100,100,100,100,100,25,0,96,81.01117990911007,11.10590249300003,199.84895642846823,7758.24
1780929388,40,GET,/product/66VCHSJNUP,0.300000,0.000000,97,97,100,100,100,100,100,100,100,100,100,22,0,97,81.90292018381032,11.137077584862709,103.85446902364492,7714.227272727273
1780929388,40,GET,/product/6E92ZMYYFZ,0.500000,0.000000,97,97,97,100,100,100,100,100,100,100,100,27,0,96,73.81495233211253,13.291080482304096,107.64829721301794,7717.444444444444
1780929388,40,GET,/product/9SIQT8TOJO,0.400000,0.000000,65,65,96,96,96,96,96,96,96,96,96,26,0,65,63.24101346903122,12.073665857315063,106.16845544427633,7764.307692307692
1780929388,40,GET,/product/L9ECAV7KIM,0.100000,0.000000,100,100,100,100,100,100,100,100,100,100,100,22,0,91,88.45693804323673,13.645478524267673,327.3426219820976,7731.681818181818
1780929388,40,GET,/product/LS4PSXUNUM,0.100000,0.000000,35,35,35,35,35,35,35,35,35,35,35,16,0,95,68.8578998669982,11.95888128131628,102.98943985253572,7748.1875
1780929388,40,GET,/product/OLJCESPC7Z,0.600000,0.000000,94,94,100,100,100,100,100,100,100,100,100,23,0,93,76.40004028444704,12.060081586241722,102.96372044831514,7789.260869565217
1780929388,40,,Aggregated,22.700000,0.000000,74,94,100,100,120,150,160,180,190,190,190,1962,0,86,105.39378403381242,10.881930589675903,881.6180266439915,10645.23496432212
1780929389,40,GET,/,16.600000,0.000000,70,90,97,100,120,140,160,180,190,190,190,1488,0,81,109.90382879922387,11.517781764268875,881.6180266439915,10267.336693548386
1780929389,40,POST,/cart,1.800000,0.000000,50,85,110,120,160,160,180,180,180,180,180,198,0,97,104.99843699161453,20.712614990770817,439.53768629580736,18194.131313131315
1780929389,40,POST,/cart/checkout,1.300000,0.000000,100,110,110,110,150,160,160,160,160,160,160,66,0,94,97.41650013761087,20.777312107384205,297.4518062546849,6556.954545454545
1780929389,40,GET,/product/0PUK6V6EV0,0.500000,0.000000,14,96,96,98,98,98,98,98,98,98,98,36,0,61,63.22730430919263,10.881930589675903,104.42658513784409,7744.611111111111
1780929389,40,GET,/product/1YMWWN1N4O,0.400000,0.000000,93,95,95,100,100,100,100,100,100,100,100,29,0,95,79.33095306286523,12.23689690232277,180.72308134287596,7765.0344827586205
1780929389,40,GET,/product/2ZYFJ3GM2N,0.100000,0.000000,100,100,100,100,100,100,100,100,100,100,100,25,0,96,81.01117990911007,11.10590249300003,199.84895642846823,7758.24
1780929389,40,GET,/product/66VCHSJNUP,0.300000,0.000000,97,100,100,100,100,100,100,100,100,100,100,24,0,97,79.80699693628897,11.137077584862709,103.85446902364492,7718.583333333333
1780929389,40,GET,/product/6E92ZMYYFZ,0.400000,0.000000,97,97,97,100,100,100,100,100,100,100,100,27,0,96,73.81495233211253,13.291080482304096,107.64829721301794,7717.444444444444
1780929389,40,GET,/product/9SIQT8TOJO,0.400000,0.000000,65,65,96,96,96,96,96,96,96,96,96,26,0,65,63.24101346903122,12.073665857315063,106.16845544427633,7764.307692307692
1780929389,40,GET,/product/L9ECAV7KIM,0.100000,0.000000,99,99,100,100,100,100,100,100,100,100,100,23,0,94,88.92057090997696,13.645478524267673,327.3426219820976,7728.913043478261
1780929389,40,GET,/product/LS4PSXUNUM,0.100000,0.000000,35,35,35,35,35,35,35,35,35,35,35,16,0,95,68.8578998669982,11.95888128131628,102.98943985253572,7748.1875
1780929389,40,GET,/product/OLJCESPC7Z,0.400000,0.000000,100,100,100,100,100,100,100,100,100,100,100,24,0,93,77.50888331793249,12.060081586241722,103.01227308809757,7790.708333333333
1780929389,40,,Aggregated,22.400000,0.000000,75,94,100,100,120,150,160,180,190,190,190,1982,0,86,104.90307144117735,10.881930589675903,881.6180266439915,10643.362260343089
1780929390,40,GET,/,16.600000,0.000000,68,88,94,98,110,140,160,180,190,190,190,1507,0,81,109.28671568070983,11.517781764268875,881.6180266439915,10267.264764432648
1780929390,40,POST,/cart,1.900000,0.000000,85,110,140,160,180,180,180,180,180,180,180,201,0,97,104.89720555569106,20.712614990770817,439.53768629580736,18212.87064676617
1780929390,40,POST,/cart/checkout,1.500000,0.000000,86,100,110,110,110,160,160,160,160,160,160,66,0,94,97.41650013761087,20.777312107384205,297.4518062546849,6556.954545454545
1780929390,40,GET,/product/0PUK6V6EV0,0.500000,0.000000,12,12,98,98,98,98,98,98,98,98,98,36,0,61,63.22730430919263,10.881930589675903,104.42658513784409,7744.611111111111
1780929390,40,GET,/product/1YMWWN1N4O,0.400000,0.000000,93,93,95,95,95,95,95,95,95,95,95,29,0,95,79.33095306286523,12.23689690232277,180.72308134287596,7765.0344827586205
1780929390,40,GET,/product/2ZYFJ3GM2N,0.100000,0.000000,99,99,100,100,100,100,100,100,100,100,100,27,0,96,79.21624352672586,11.10590249300003,199.84895642846823,7753.7037037037035
1780929390,40,GET,/product/66VCHSJNUP,0.300000,0.000000,97,97,100,100,100,100,100,100,100,100,100,25,0,97,80.41804261505604,11.137077584862709,103.85446902364492,7719.32
1780929390,40,GET,/product/6E92ZMYYFZ,0.400000,0.000000,97,97,97,100,100,100,100,100,100,100,100,27,0,96,73.81495233211253,13.291080482304096,107.64829721301794,7717.444444444444
1780929390,40,GET,/product/9SIQT8TOJO,0.300000,0.000000,96,96,96,96,96,96,96,96,96,96,96,26,0,65,63.24101346903122,12.073665857315063,106.16845544427633,7764.307692307692
1780929390,40,GET,/product/L9ECAV7KIM,0.200000,0.000000,99,99,100,100,100,100,100,100,100,100,100,23,0,94,88.92057090997696,13.645478524267673,327.3426219820976,7728.913043478261
1780929390,40,GET,/product/LS4PSXUNUM,0.100000,0.000000,35,35,35,35,35,35,35,35,35,35,35,16,0,95,68.8578998669982,11.95888128131628,102.98943985253572,7748.1875
1780929390,40,GET,/product/OLJCESPC7Z,0.300000,0.000000,100,100,100,100,100,100,100,100,100,100,100,25,0,94,78.48756857216358,12.060081586241722,103.01227308809757,7790.6
1780929390,40,,Aggregated,22.600000,0.000000,73,93,98,100,110,150,170,180,190,190,190,2008,0,86,104.4229765425425,10.881930589675903,881.6180266439915,10647.103087649402
1780929391,40,GET,/,15.800000,0.000000,70,90,95,99,110,130,160,180,190,190,190,1525,0,81,108.67160525600441,11.517781764268875,881.6180266439915,10267.408524590164
1780929391,40,POST,/cart,2.000000,0.000000,85,110,140,160,180,180,180,180,180,180,180,201,0,97,104.89720555569106,20.712614990770817,439.53768629580736,18212.87064676617
1780929391,40,POST,/cart/checkout,1.400000,0.000000,86,100,110,110,110,160,160,160,160,160,160,67,0,94,96.386725680708,20.777312107384205,297.4518062546849,6557.388059701492
1780929391,40,GET,/product/0PUK6V6EV0,0.300000,0.000000,12,12,98,98,98,98,98,98,98,98,98,36,0,61,63.22730430919263,10.881930589675903,104.42658513784409,7744.611111111111
1780929391,40,GET,/product/1YMWWN1N4O,0.400000,0.000000,93,93,95,95,95,95,95,95,95,95,95,29,0,95,79.33095306286523,12.23689690232277,180.72308134287596,7765.0344827586205
1780929391,40,GET,/product/2ZYFJ3GM2N,0.100000,0.000000,99,99,100,100,100,100,100,100,100,100,100,27,0,96,79.21624352672586,11.10590249300003,199.84895642846823,7753.7037037037035
1780929391,40,GET,/product/66VCHSJNUP,0.300000,0.000000,97,97,100,100,100,100,100,100,100,100,100,25,0,97,80.41804261505604,11.137077584862709,103.85446902364492,7719.32
1780929391,40,GET,/product/6E92ZMYYFZ,0.500000,0.000000,97,97,100,100,100,100,100,100,100,100,100,27,0,96,73.81495233211253,13.291080482304096,107.64829721301794,7717.444444444444
1780929391,40,GET,/product/9SIQT8TOJO,0.100000,0.000000,96,96,96,96,96,96,96,96,96,96,96,26,0,65,63.24101346903122,12.073665857315063,106.16845544427633,7764.307692307692
1780929391,40,GET,/product/L9ECAV7KIM,0.100000,0.000000,99,99,100,100,100,100,100,100,100,100,100,23,0,94,88.92057090997696,13.645478524267673,327.3426219820976,7728.913043478261
1780929391,40,GET,/product/LS4PSXUNUM,0.100000,0.000000,95,95,95,95,95,95,95,95,95,95,95,17,0,95,70.42394479846253,11.95888128131628,102.98943985253572,7749.117647058823
1780929391,40,GET,/product/OLJCESPC7Z,0.300000,0.000000,100,100,100,100,100,100,100,100,100,100,100,25,0,94,78.48756857216358,12.060081586241722,103.01227308809757,7790.6
1780929391,40,,Aggregated,21.400000,0.000000,77,94,98,100,110,150,170,180,190,190,190,2028,0,85,103.96171432802237,10.881930589675903,881.6180266439915,10640.415680473372
1780929392,40,GET,/,16.800000,0.000000,71,90,95,98,110,140,160,180,190,190,190,1540,0,81,108.22836246837366,11.517781764268875,881.6180266439915,10267.371428571429
1780929392,40,POST,/cart,1.900000,0.000000,85,110,140,160,180,180,180,180,180,180,180,202,0,97,104.52851128884323,20.712614990770817,439.53768629580736,18236.564356435643
1780929392,40,POST,/cart/checkout,1.400000,0.000000,78,86,100,100,100,160,160,160,160,160,160,68,0,93,95.29181024717057,20.777312107384205,297.4518062546849,6557.705882352941
1780929392,40,GET,/product/0PUK6V6EV0,0.300000,0.000000,12,12,98,98,98,98,98,98,98,98,98,36,0,61,63.22730430919263,10.881930589675903,104.42658513784409,7744.611111111111
1780929392,40,GET,/product/1YMWWN1N4O,0.400000,0.000000,94,94,95,95,95,95,95,95,95,95,95,30,0,95,79.80996100232005,12.23689690232277,180.72308134287596,7766.566666666667
1780929392,40,GET,/product/2ZYFJ3GM2N,0.200000,0.000000,99,99,100,100,100,100,100,100,100,100,100,28,0,96,79.80282242143792,11.10590249300003,199.84895642846823,7756.464285714285
1780929392,40,GET,/product/66VCHSJNUP,0.600000,0.000000,100,100,100,100,100,100,100,100,100,100,100,25,0,97,80.41804261505604,11.137077584862709,103.85446902364492,7719.32
1780929392,40,GET,/product/6E92ZMYYFZ,0.400000,0.000000,97,97,100,100,100,100,100,100,100,100,100,27,0,96,73.81495233211253,13.291080482304096,107.64829721301794,7717.444444444444
1780929392,40,GET,/product/9SIQT8TOJO,0.100000,0.000000,96,96,96,96,96,96,96,96,96,96,96,26,0,65,63.24101346903122,12.073665857315063,106.16845544427633,7764.307692307692
1780929392,40,GET,/product/L9ECAV7KIM,0.200000,0.000000,99,99,99,99,99,99,99,99,99,99,99,23,0,94,88.92057090997696,13.645478524267673,327.3426219820976,7728.913043478261
1780929392,40,GET,/product/LS4PSXUNUM,0.000000,0.000000,95,95,95,95,95,95,95,95,95,95,95,17,0,95,70.42394479846253,11.95888128131628,102.98943985253572,7749.117647058823
1780929392,40,GET,/product/OLJCESPC7Z,0.400000,0.000000,100,100,100,100,100,100,100,100,100,100,100,25,0,94,78.48756857216358,12.060081586241722,103.01227308809757,7790.6
1780929392,40,,Aggregated,22.700000,0.000000,77,94,97,100,110,150,170,180,190,190,190,2047,0,85,103.5776902426946,10.881930589675903,881.6180266439915,10638.953102100635
1780929393,40,GET,/,16.600000,0.000000,72,91,97,100,120,140,170,180,190,190,190,1555,0,81,107.88553104918581,11.517781764268875,881.6180266439915,10267.334405144695
1780929393,40,POST,/cart,1.900000,0.000000,87,110,140,160,180,180,180,180,180,180,180,204,0,96,104.23592782999371,20.712614990770817,439.53768629580736,18278.093137254902
1780929393,40,POST,/cart/checkout,1.200000,0.000000,80,100,100,100,160,160,160,160,160,160,160,69,0,94,96.27105692482513,20.777312107384205,297.4518062546849,6557.768115942029
1780929393,40,GET,/product/0PUK6V6EV0,0.300000,0.000000,98,98,98,98,98,98,98,98,98,98,98,36,0,61,63.22730430919263,10.881930589675903,104.42658513784409,7744.611111111111
1780929393,40,GET,/product/1YMWWN1N4O,0.400000,0.000000,93,94,94,95,95,95,95,95,95,95,95,31,0,95,78.7406824529171,12.23689690232277,180.72308134287596,7764.677419354839
1780929393,40,GET,/product/2ZYFJ3GM2N,0.200000,0.000000,99,100,100,100,100,100,100,100,100,100,100,29,0,96,80.62019902442036,11.10590249300003,199.84895642846823,7757.586206896552
1780929393,40,GET,/product/66VCHSJNUP,0.400000,0.000000,100,100,100,100,100,100,100,100,100,100,100,25,0,97,80.41804261505604,11.137077584862709,103.85446902364492,7719.32
1780929393,40,GET,/product/6E92ZMYYFZ,0.400000,0.000000,97,97,100,100,100,100,100,100,100,100,100,27,0,96,73.81495233211253,13.291080482304096,107.64829721301794,7717.444444444444
1780929393,40,GET,/product/9SIQT8TOJO,0.100000,0.000000,96,96,96,96,96,96,96,96,96,96,96,26,0,65,63.24101346903122,12.073665857315063,106.16845544427633,7764.307692307692
1780929393,40,GET,/product/L9ECAV7KIM,0.200000,0.000000,99,99,99,99,99,99,99,99,99,99,99,23,0,94,88.92057090997696,13.645478524267673,327.3426219820976,7728.913043478261
1780929393,40,GET,/product/LS4PSXUNUM,0.000000,0.000000,95,95,95,95,95,95,95,95,95,95,95,17,0,95,70.42394479846253,11.95888128131628,102.98943985253572,7749.117647058823
1780929393,40,GET,/product/OLJCESPC7Z,0.500000,0.000000,100,100,100,100,100,100,100,100,100,100,100,26,0,94,79.37485090671824,12.060081586241722,103.01227308809757,7787.461538461538
1780929393,40,,Aggregated,22.200000,0.000000,78,95,99,100,120,160,170,180,190,190,190,2068,0,85,103.32582703777148,10.881930589675903,881.6180266439915,10641.49081237911
1780929394,40,GET,/,17.000000,0.000000,73,92,97,100,120,140,170,180,190,190,190,1568,0,80,107.59551146326643,11.517781764268875,881.6180266439915,10267.371173469388
1780929394,40,POST,/cart,1.800000,0.000000,63,100,140,160,180,180,180,180,180,180,180,206,0,96,103.77434052490783,20.712614990770817,439.53768629580736,18258.296116504855
1780929394,40,POST,/cart/checkout,1.200000,0.000000,78,80,100,100,160,160,160,160,160,160,160,72,0,90,94.48555223126378,20.777312107384205,297.4518062546849,6558.416666666667
1780929394,40,GET,/product/0PUK6V6EV0,0.300000,0.000000,12,12,12,12,12,12,12,12,12,12,12,36,0,61,63.22730430919263,10.881930589675903,104.42658513784409,7744.611111111111
1780929394,40,GET,/product/1YMWWN1N4O,0.500000,0.000000,94,94,95,95,95,95,95,95,95,95,95,31,0,95,78.7406824529171,12.23689690232277,180.72308134287596,7764.677419354839
1780929394,40,GET,/product/2ZYFJ3GM2N,0.300000,0.000000,99,99,100,100,100,100,100,100,100,100,100,29,0,96,80.62019902442036,11.10590249300003,199.84895642846823,7757.586206896552
1780929394,40,GET,/product/66VCHSJNUP,0.400000,0.000000,100,100,100,100,100,100,100,100,100,100,100,25,0,97,80.41804261505604,11.137077584862709,103.85446902364492,7719.32
1780929394,40,GET,/product/6E92ZMYYFZ,0.400000,0.000000,97,97,97,97,97,97,97,97,97,97,97,27,0,96,73.81495233211253,13.291080482304096,107.64829721301794,7717.444444444444
1780929394,40,GET,/product/9SIQT8TOJO,0.100000,0.000000,43,43,96,96,96,96,96,96,96,96,96,28,0,60,60.734104697725606,12.073665857315063,106.16845544427633,7768.428571428572
1780929394,40,GET,/product/L9ECAV7KIM,0.200000,0.000000,99,99,99,99,99,99,99,99,99,99,99,23,0,94,88.92057090997696,13.645478524267673,327.3426219820976,7728.913043478261
1780929394,40,GET,/product/LS4PSXUNUM,0.100000,0.000000,95,95,95,95,95,95,95,95,95,95,95,17,0,95,70.42394479846253,11.95888128131628,102.98943985253572,7749.117647058823
1780929394,40,GET,/product/OLJCESPC7Z,0.500000,0.000000,100,100,100,100,100,100,100,100,100,100,100,28,0,94,78.64655391313136,12.060081586241722,103.01227308809757,7785.178571428572
1780929394,40,,Aggregated,22.800000,0.000000,75,95,98,100,120,150,170,180,190,190,190,2090,0,84,102.91572209474359,10.881930589675903,881.6180266439915,10633.248325358853
1780929395,40,GET,/,16.800000,0.000000,73,89,96,99,110,140,150,170,180,180,180,1584,0,80,107.22342134933129,11.517781764268875,881.6180266439915,10267.411616161617
1780929395,40,POST,/cart,1.900000,0.000000,63,87,93,100,180,180,180,180,180,180,180,207,0,96,103.67722593805784,20.712614990770817,439.53768629580736,18262.2077294686
1780929395,40,POST,/cart/checkout,1.200000,0.000000,58,68,80,80,100,160,160,160,160,160,160,74,0,90,93.65929339735492,20.777312107384205,297.4518062546849,6558.189189189189
1780929395,40,GET,/product/0PUK6V6EV0,0.300000,0.000000,12,12,12,12,12,12,12,12,12,12,12,36,0,61,63.22730430919263,10.881930589675903,104.42658513784409,7744.611111111111
1780929395,40,GET,/product/1YMWWN1N4O,0.500000,0.000000,93,94,94,95,95,95,95,95,95,95,95,32,0,94,77.67648730077781,12.23689690232277,180.72308134287596,7762.28125
1780929395,40,GET,/product/2ZYFJ3GM2N,0.400000,0.000000,99,99,100,100,100,100,100,100,100,100,100,29,0,96,80.62019902442036,11.10590249300003,199.84895642846823,7757.586206896552
1780929395,40,GET,/product/66VCHSJNUP,0.400000,0.000000,100,100,100,100,100,100,100,100,100,100,100,25,0,97,80.41804261505604,11.137077584862709,103.85446902364492,7719.32
1780929395,40,GET,/product/6E92ZMYYFZ,0.400000,0.000000,97,97,97,97,97,97,97,97,97,97,97,27,0,96,73.81495233211253,13.291080482304096,107.64829721301794,7717.444444444444
1780929395,40,GET,/product/9SIQT8TOJO,0.000000,0.000000,43,43,96,96,96,96,96,96,96,96,96,28,0,60,60.734104697725606,12.073665857315063,106.16845544427633,7768.428571428572
1780929395,40,GET,/product/L9ECAV7KIM,0.200000,0.000000,43,43,99,99,99,99,99,99,99,99,99,24,0,91,87.02001821560164,13.645478524267673,327.3426219820976,7729.416666666667
1780929395,40,GET,/product/LS4PSXUNUM,0.100000,0.000000,95,95,95,95,95,95,95,95,95,95,95,17,0,95,70.42394479846253,11.95888128131628,102.98943985253572,7749.117647058823
1780929395,40,GET,/product/OLJCESPC7Z,0.400000,0.000000,100,100,100,100,100,100,100,100,100,100,100,28,0,94,78.64655391313136,12.060081586241722,103.01227308809757,7785.178571428572
1780929395,40,,Aggregated,22.600000,0.000000,72,91,97,100,110,140,170,180,180,180,180,2111,0,84,102.57010418597004,10.881930589675903,881.6180266439915,10627.867361440076
1780929396,40,GET,/,16.000000,0.000000,73,89,96,98,110,140,160,160,170,170,170,1599,0,80,107.0336892133843,11.517781764268875,881.6180266439915,10267.432770481551
1780929396,40,POST,/cart,2.200000,0.000000,62,84,93,93,140,180,180,180,180,180,180,209,0,96,103.60094928962477,20.712614990770817,439.53768629580736,18249.54066985646
1780929396,40,POST,/cart/checkout,1.300000,0.000000,58,68,80,80,90,160,160,160,160,160,160,75,0,90,93.60386171688636,20.777312107384205,297.4518062546849,6557.84
1780929396,40,GET,/product/0PUK6V6EV0,0.200000,0.000000,12,12,12,12,12,12,12,12,12,12,12,36,0,61,63.22730430919263,10.881930589675903,104.42658513784409,7744.611111111111
1780929396,40,GET,/product/1YMWWN1N4O,0.400000,0.000000,93,94,94,95,95,95,95,95,95,95,95,32,0,94,77.67648730077781,12.23689690232277,180.72308134287596,7762.28125
1780929396,40,GET,/product/2ZYFJ3GM2N,0.400000,0.000000,99,99,100,100,100,100,100,100,100,100,100,29,0,96,80.62019902442036,11.10590249300003,199.84895642846823,7757.586206896552
1780929396,40,GET,/product/66VCHSJNUP,0.400000,0.000000,95,95,100,100,100,100,100,100,100,100,100,26,0,97,78.88897329282302,11.137077584862709,103.85446902364492,7717.7307692307695
1780929396,40,GET,/product/6E92ZMYYFZ,0.400000,0.000000,97,97,97,97,97,97,97,97,97,97,97,28,0,95,71.63638907617757,12.815181165933609,107.64829721301794,7714.571428571428
1780929396,40,GET,/product/9SIQT8TOJO,0.100000,0.000000,43,43,96,96,96,96,96,96,96,96,96,28,0,60,60.734104697725606,12.073665857315063,106.16845544427633,7768.428571428572
1780929396,40,GET,/product/L9ECAV7KIM,0.200000,0.000000,43,43,99,99,99,99,99,99,99,99,99,24,0,91,87.02001821560164,13.645478524267673,327.3426219820976,7729.416666666667
1780929396,40,GET,/product/LS4PSXUNUM,0.100000,0.000000,95,95,95,95,95,95,95,95,95,95,95,17,0,95,70.42394479846253,11.95888128131628,102.98943985253572,7749.117647058823
1780929396,40,GET,/product/OLJCESPC7Z,0.400000,0.000000,100,100,100,100,100,100,100,100,100,100,100,28,0,94,78.64655391313136,12.060081586241722,103.01227308809757,7785.178571428572
1780929396,40,,Aggregated,22.100000,0.000000,72,90,96,99,100,140,160,160,180,180,180,2131,0,84,102.37674872949894,10.881930589675903,881.6180266439915,10626.558892538715
1780929397,40,GET,/,16.300000,0.000000,74,90,97,100,120,150,160,160,170,170,170,1615,0,81,106.97878560068622,11.517781764268875,881.6180266439915,10267.30588235294
1780929397,40,POST,/cart,1.900000,0.000000,84,87,93,100,140,180,180,180,180,180,180,213,0,95,103.30944272641425,20.712614990770817,439.53768629580736,18225.032863849767
1780929397,40,POST,/cart/checkout,1.200000,0.000000,68,90,94,120,120,160,160,160,160,160,160,78,0,90,94.22527078109292,20.777312107384205,297.4518062546849,6558.48717948718
1780929397,40,GET,/product/0PUK6V6EV0,0.100000,0.000000,13,13,13,13,13,13,13,13,13,13,13,37,0,61,61.87771331216838,10.881930589675903,104.42658513784409,7746.243243243243
1780929397,40,GET,/product/1YMWWN1N4O,0.400000,0.000000,93,93,94,94,94,94,94,94,94,94,94,32,0,94,77.67648730077781,12.23689690232277,180.72308134287596,7762.28125
1780929397,40,GET,/product/2ZYFJ3GM2N,0.400000,0.000000,99,100,100,100,100,100,100,100,100,100,100,30,0,96,81.3319521645705,11.10590249300003,199.84895642846823,7754.666666666667
1780929397,40,GET,/product/66VCHSJNUP,0.300000,0.000000,41,95,95,100,100,100,100,100,100,100,100,27,0,97,76.53177895203784,11.137077584862709,103.85446902364492,7717.2962962962965
1780929397,40,GET,/product/6E92ZMYYFZ,0.300000,0.000000,43,43,97,97,97,97,97,97,97,97,97,29,0,95,70.63742319186186,12.815181165933609,107.64829721301794,7713.482758620689
1780929397,40,GET,/product/9SIQT8TOJO,0.200000,0.000000,43,43,44,44,44,44,44,44,44,44,44,29,0,60,60.15913008615888,12.073665857315063,106.16845544427633,7769.275862068966
1780929397,40,GET,/product/L9ECAV7KIM,0.200000,0.000000,43,43,99,99,99,99,99,99,99,99,99,24,0,91,87.02001821560164,13.645478524267673,327.3426219820976,7729.416666666667
1780929397,40,GET,/product/LS4PSXUNUM,0.100000,0.000000,95,95,95,95,95,95,95,95,95,95,95,17,0,95,70.42394479846253,11.95888128131628,102.98943985253572,7749.117647058823
1780929397,40,GET,/product/OLJCESPC7Z,0.600000,0.000000,100,100,100,100,100,100,100,100,100,100,100,28,0,94,78.64655391313136,12.060081586241722,103.01227308809757,7785.178571428572
1780929397,40,,Aggregated,22.000000,0.000000,75,93,98,100,120,150,160,160,180,180,180,2159,0,84,102.21748578182287,10.881930589675903,881.6180266439915,10623.17276516906
1780929398,40,GET,/,15.900000,0.000000,72,87,96,100,120,140,160,160,170,170,170,1633,0,81,106.60217414608377,11.517781764268875,881.6180266439915,10267.385180649113
1780929398,40,POST,/cart,1.900000,0.000000,85,93,120,130,180,190,190,190,190,190,190,216,0,96,103.92328854477792,20.712614990770817,439.53768629580736,18217.12037037037
1780929398,40,POST,/cart/checkout,1.100000,0.000000,68,90,120,120,150,160,160,160,160,160,160,79,0,93,94.98441725073359,20.777312107384205,297.4518062546849,6558.379746835443
1780929398,40,GET,/product/0PUK6V6EV0,0.000000,0.000000,13,13,13,13,13,13,13,13,13,13,13,37,0,61,61.87771331216838,10.881930589675903,104.42658513784409,7746.243243243243
1780929398,40,GET,/product/1YMWWN1N4O,0.400000,0.000000,93,93,94,94,94,94,94,94,94,94,94,32,0,94,77.67648730077781,12.23689690232277,180.72308134287596,7762.28125
1780929398,40,GET,/product/2ZYFJ3GM2N,0.400000,0.000000,99,100,100,100,100,100,100,100,100,100,100,30,0,96,81.3319521645705,11.10590249300003,199.84895642846823,7754.666666666667
1780929398,40,GET,/product/66VCHSJNUP,0.400000,0.000000,41,95,95,100,100,100,100,100,100,100,100,27,0,97,76.53177895203784,11.137077584862709,103.85446902364492,7717.2962962962965
1780929398,40,GET,/product/6E92ZMYYFZ,0.100000,0.000000,43,43,97,97,97,97,97,97,97,97,97,30,0,94,69.61936987936497,12.815181165933609,107.64829721301794,7714.666666666667
1780929398,40,GET,/product/9SIQT8TOJO,0.200000,0.000000,43,43,44,44,44,44,44,44,44,44,44,29,0,60,60.15913008615888,12.073665857315063,106.16845544427633,7769.275862068966
1780929398,40,GET,/product/L9ECAV7KIM,0.300000,0.000000,98,98,99,99,99,99,99,99,99,99,99,25,0,94,87.44974363595247,13.645478524267673,327.3426219820976,7731.64
1780929398,40,GET,/product/LS4PSXUNUM,0.100000,0.000000,95,95,95,95,95,95,95,95,95,95,95,18,0,95,70.06234468685255,11.95888128131628,102.98943985253572,7749.944444444444
1780929398,40,GET,/product/OLJCESPC7Z,0.500000,0.000000,100,100,100,100,100,100,100,100,100,100,100,30,0,94,78.96518136064212,12.060081586241722,103.01227308809757,7786.2
1780929398,40,,Aggregated,21.300000,0.000000,73,91,98,100,120,140,160,170,190,190,190,2186,0,84,101.99611452736185,10.881930589675903,881.6180266439915,10621.585544373285
1780929399,40,GET,/,16.000000,0.000000,72,87,97,100,120,140,160,160,170,170,170,1645,0,80,106.16444700813673,11.517781764268875,881.6180266439915,10267.345896656536
1780929399,40,POST,/cart,1.800000,0.000000,84,93,100,120,140,180,190,190,190,190,190,219,0,95,103.04986594933762,20.712614990770817,439.53768629580736,18215.95890410959
1780929399,40,POST,/cart/checkout,1.200000,0.000000,80,94,120,120,150,160,160,160,160,160,160,79,0,93,94.98441725073359,20.777312107384205,297.4518062546849,6558.379746835443
1780929399,40,GET,/product/0PUK6V6EV0,0.000000,0.000000,13,13,13,13,13,13,13,13,13,13,13,37,0,61,61.87771331216838,10.881930589675903,104.42658513784409,7746.243243243243
1780929399,40,GET,/product/1YMWWN1N4O,0.400000,0.000000,93,93,94,94,94,94,94,94,94,94,94,32,0,94,77.67648730077781,12.23689690232277,180.72308134287596,7762.28125
1780929399,40,GET,/product/2ZYFJ3GM2N,0.500000,0.000000,100,100,100,100,100,100,100,100,100,100,100,30,0,96,81.3319521645705,11.10590249300003,199.84895642846823,7754.666666666667
1780929399,40,GET,/product/66VCHSJNUP,0.400000,0.000000,44,44,95,95,100,100,100,100,100,100,100,28,0,95,75.35547287469464,11.137077584862709,103.85446902364492,7719.214285714285
1780929399,40,GET,/product/6E92ZMYYFZ,0.200000,0.000000,43,43,97,97,97,97,97,97,97,97,97,30,0,94,69.61936987936497,12.815181165933609,107.64829721301794,7714.666666666667
1780929399,40,GET,/product/9SIQT8TOJO,0.300000,0.000000,43,43,44,44,44,44,44,44,44,44,44,29,0,60,60.15913008615888,12.073665857315063,106.16845544427633,7769.275862068966
1780929399,40,GET,/product/L9ECAV7KIM,0.300000,0.000000,98,98,99,99,99,99,99,99,99,99,99,25,0,94,87.44974363595247,13.645478524267673,327.3426219820976,7731.64
1780929399,40,GET,/product/LS4PSXUNUM,0.100000,0.000000,64,64,95,95,95,95,95,95,95,95,95,19,0,95,69.72975406403604,11.95888128131628,102.98943985253572,7746.421052631579
1780929399,40,GET,/product/OLJCESPC7Z,0.500000,0.000000,99,100,100,100,100,100,100,100,100,100,100,32,0,93,77.38666617660783,12.060081586241722,103.01227308809757,7785.15625
1780929399,40,,Aggregated,21.700000,0.000000,71,89,97,100,120,140,160,160,190,190,190,2205,0,84,101.52286522918277,10.881930589675903,881.6180266439915,10624.63492063492
1780929400,40,GET,/,16.200000,0.000000,72,88,97,100,120,140,160,160,170,170,170,1664,0,80,105.66201727320171,11.517781764268875,881.6180266439915,10267.12079326923
1780929400,40,POST,/cart,1.800000,0.000000,81,87,100,120,140,190,190,190,190,190,190,220,0,94,102.94763533059846,20.712614990770817,439.53768629580736,18206.936363636363
1780929400,40,POST,/cart/checkout,1.200000,0.000000,80,94,120,120,150,160,160,160,160,160,160,79,0,93,94.98441725073359,20.777312107384205,297.4518062546849,6558.379746835443
1780929400,40,GET,/product/0PUK6V6EV0,0.100000,0.000000,13,13,13,13,13,13,13,13,13,13,13,37,0,61,61.87771331216838,10.881930589675903,104.42658513784409,7746.243243243243
1780929400,40,GET,/product/1YMWWN1N4O,0.400000,0.000000,47,47,94,94,94,94,94,94,94,94,94,32,0,94,77.67648730077781,12.23689690232277,180.72308134287596,7762.28125
1780929400,40,GET,/product/2ZYFJ3GM2N,0.500000,0.000000,100,100,100,100,100,100,100,100,100,100,100,30,0,96,81.3319521645705,11.10590249300003,199.84895642846823,7754.666666666667
1780929400,40,GET,/product/66VCHSJNUP,0.500000,0.000000,44,44,95,95,100,100,100,100,100,100,100,28,0,95,75.35547287469464,11.137077584862709,103.85446902364492,7719.214285714285
1780929400,40,GET,/product/6E92ZMYYFZ,0.400000,0.000000,43,43,97,97,97,97,97,97,97,97,97,30,0,94,69.61936987936497,12.815181165933609,107.64829721301794,7714.666666666667
1780929400,40,GET,/product/9SIQT8TOJO,0.300000,0.000000,43,43,44,44,44,44,44,44,44,44,44,30,0,44,58.57921441396078,12.073665857315063,106.16845544427633,7766.833333333333
1780929400,40,GET,/product/L9ECAV7KIM,0.200000,0.000000,98,98,99,99,99,99,99,99,99,99,99,25,0,94,87.44974363595247,13.645478524267673,327.3426219820976,7731.64
1780929400,40,GET,/product/LS4PSXUNUM,0.100000,0.000000,64,64,95,95,95,95,95,95,95,95,95,19,0,95,69.72975406403604,11.95888128131628,102.98943985253572,7746.421052631579
1780929400,40,GET,/product/OLJCESPC7Z,0.500000,0.000000,99,100,100,100,100,100,100,100,100,100,100,32,0,93,77.38666617660783,12.060081586241722,103.01227308809757,7785.15625
1780929400,40,,Aggregated,22.200000,0.000000,71,88,97,100,120,140,160,160,190,190,190,2226,0,83,101.13761007830982,10.881930589675903,881.6180266439915,10622.619946091645
1780929401,40,GET,/,16.300000,0.000000,72,86,97,100,120,140,160,160,170,170,170,1676,0,80,105.2821201804652,11.517781764268875,881.6180266439915,10267.296539379475
1780929401,40,POST,/cart,1.900000,0.000000,81,87,100,120,140,190,190,190,190,190,190,221,0,94,102.70408842274371,20.712614990770817,439.53768629580736,18204.51583710407
1780929401,40,POST,/cart/checkout,1.300000,0.000000,80,94,120,120,150,160,160,160,160,160,160,80,0,90,94.39342805417255,20.777312107384205,297.4518062546849,6558.15
1780929401,40,GET,/product/0PUK6V6EV0,0.100000,0.000000,13,13,13,13,13,13,13,13,13,13,13,37,0,61,61.87771331216838,10.881930589675903,104.42658513784409,7746.243243243243
1780929401,40,GET,/product/1YMWWN1N4O,0.400000,0.000000,47,47,47,47,47,47,47,47,47,47,47,32,0,94,77.67648730077781,12.23689690232277,180.72308134287596,7762.28125
1780929401,40,GET,/product/2ZYFJ3GM2N,0.500000,0.000000,100,100,100,100,100,100,100,100,100,100,100,31,0,98,81.91387778929165,11.10590249300003,199.84895642846823,7754.806451612903
1780929401,40,GET,/product/66VCHSJNUP,0.600000,0.000000,44,44,95,95,100,100,100,100,100,100,100,28,0,95,75.35547287469464,11.137077584862709,103.85446902364492,7719.214285714285
1780929401,40,GET,/product/6E92ZMYYFZ,0.300000,0.000000,43,43,97,97,97,97,97,97,97,97,97,30,0,94,69.61936987936497,12.815181165933609,107.64829721301794,7714.666666666667
1780929401,40,GET,/product/9SIQT8TOJO,0.300000,0.000000,43,43,44,44,44,44,44,44,44,44,44,30,0,44,58.57921441396078,12.073665857315063,106.16845544427633,7766.833333333333
1780929401,40,GET,/product/L9ECAV7KIM,0.300000,0.000000,98,98,99,99,99,99,99,99,99,99,99,25,0,94,87.44974363595247,13.645478524267673,327.3426219820976,7731.64
1780929401,40,GET,/product/LS4PSXUNUM,0.300000,0.000000,64,64,95,95,95,95,95,95,95,95,95,19,0,95,69.72975406403604,11.95888128131628,102.98943985253572,7746.421052631579
1780929401,40,GET,/product/OLJCESPC7Z,0.900000,0.000000,67,99,100,100,100,100,100,100,100,100,100,32,0,93,77.38666617660783,12.060081586241722,103.01227308809757,7785.15625
1780929401,40,,Aggregated,23.200000,0.000000,70,86,98,100,120,140,160,160,190,190,190,2241,0,83,100.82987836274928,10.881930589675903,881.6180266439915,10620.893797411869
1780929402,40,GET,/,15.500000,0.000000,71,85,99,100,120,140,160,160,160,160,160,1694,0,79,104.92284074942488,11.517781764268875,881.6180266439915,10267.371310507675
1780929402,40,POST,/cart,1.800000,0.000000,81,87,100,120,140,190,190,190,190,190,190,221,0,94,102.70408842274371,20.712614990770817,439.53768629580736,18204.51583710407
1780929402,40,POST,/cart/checkout,1.300000,0.000000,90,94,120,120,150,180,180,180,180,180,180,81,0,93,95.47874178553437,20.777312107384205,297.4518062546849,6558.246913580247
1780929402,40,GET,/product/0PUK6V6EV0,0.100000,0.000000,98,98,98,98,98,98,98,98,98,98,98,38,0,61,62.82292681403066,10.881930589675903,104.42658513784409,7744.3421052631575
1780929402,40,GET,/product/1YMWWN1N4O,0.300000,0.000000,47,47,96,96,96,96,96,96,96,96,96,33,0,95,78.22869475366491,12.23689690232277,180.72308134287596,7763.212121212121
1780929402,40,GET,/product/2ZYFJ3GM2N,0.400000,0.000000,100,100,100,100,100,100,100,100,100,100,100,31,0,98,81.91387778929165,11.10590249300003,199.84895642846823,7754.806451612903
1780929402,40,GET,/product/66VCHSJNUP,0.300000,0.000000,41,41,44,44,44,44,44,44,44,44,44,28,0,95,75.35547287469464,11.137077584862709,103.85446902364492,7719.214285714285
1780929402,40,GET,/product/6E92ZMYYFZ,0.300000,0.000000,43,43,100,100,100,100,100,100,100,100,100,31,0,95,70.65147185517895,12.815181165933609,107.64829721301794,7716.258064516129
1780929402,40,GET,/product/9SIQT8TOJO,0.300000,0.000000,43,43,44,44,44,44,44,44,44,44,44,30,0,44,58.57921441396078,12.073665857315063,106.16845544427633,7766.833333333333
1780929402,40,GET,/product/L9ECAV7KIM,0.200000,0.000000,98,98,98,98,98,98,98,98,98,98,98,25,0,94,87.44974363595247,13.645478524267673,327.3426219820976,7731.64
1780929402,40,GET,/product/LS4PSXUNUM,0.300000,0.000000,64,64,95,95,95,95,95,95,95,95,95,20,0,64,66.97823726572096,11.95888128131628,102.98943985253572,7742.75
1780929402,40,GET,/product/OLJCESPC7Z,0.800000,0.000000,67,99,100,100,100,100,100,100,100,100,100,32,0,93,77.38666617660783,12.060081586241722,103.01227308809757,7785.15625
1780929402,40,,Aggregated,21.600000,0.000000,70,86,99,100,120,140,160,160,190,190,190,2264,0,83,100.59122313036133,10.881930589675903,881.6180266439915,10611.23277385159
1780929403,40,GET,/,15.300000,0.000000,74,89,100,110,130,150,160,160,170,170,170,1712,0,80,104.81475650117446,11.517781764268875,881.6180266439915,10267.289719626167
1780929403,40,POST,/cart,2.000000,0.000000,84,93,120,130,160,190,190,190,190,190,190,223,0,95,103.32819200099985,20.712614990770817,439.53768629580736,18199.663677130044
1780929403,40,POST,/cart/checkout,1.400000,0.000000,94,120,120,120,150,180,180,180,180,180,180,83,0,93,95.69115172622793,20.777312107384205,297.4518062546849,6558.77108433735
1780929403,40,GET,/product/0PUK6V6EV0,0.100000,0.000000,14,14,98,98,98,98,98,98,98,98,98,39,0,61,61.579470904782795,10.881930589675903,104.42658513784409,7745.0
1780929403,40,GET,/product/1YMWWN1N4O,0.300000,0.000000,96,96,96,96,96,96,96,96,96,96,96,33,0,95,78.22869475366491,12.23689690232277,180.72308134287596,7763.212121212121
1780929403,40,GET,/product/2ZYFJ3GM2N,0.300000,0.000000,100,100,100,100,100,100,100,100,100,100,100,32,0,98,82.49690884258598,11.10590249300003,199.84895642846823,7757.0
1780929403,40,GET,/product/66VCHSJNUP,0.300000,0.000000,41,41,44,44,44,44,44,44,44,44,44,29,0,95,73.20835422082195,11.137077584862709,103.85446902364492,7717.6551724137935
1780929403,40,GET,/product/6E92ZMYYFZ,0.300000,0.000000,43,43,100,100,100,100,100,100,100,100,100,31,0,95,70.65147185517895,12.815181165933609,107.64829721301794,7716.258064516129
1780929403,40,GET,/product/9SIQT8TOJO,0.400000,0.000000,43,43,44,44,44,44,44,44,44,44,44,31,0,44,57.911968850080044,12.073665857315063,106.16845544427633,7765.709677419355
1780929403,40,GET,/product/L9ECAV7KIM,0.200000,0.000000,98,98,98,98,98,98,98,98,98,98,98,25,0,94,87.44974363595247,13.645478524267673,327.3426219820976,7731.64
1780929403,40,GET,/product/LS4PSXUNUM,0.300000,0.000000,64,64,95,95,95,95,95,95,95,95,95,20,0,64,66.97823726572096,11.95888128131628,102.98943985253572,7742.75
1780929403,40,GET,/product/OLJCESPC7Z,0.700000,0.000000,67,67,99,99,100,100,100,100,100,100,100,32,0,93,77.38666617660783,12.060081586241722,103.01227308809757,7785.15625
1780929403,40,,Aggregated,21.600000,0.000000,73,91,100,110,130,150,160,180,190,190,190,2290,0,83,100.50705393133725,10.881930589675903,881.6180266439915,10606.110043668123
1780929404,40,GET,/,15.100000,0.000000,72,86,100,100,130,150,160,160,170,170,170,1726,0,79,104.40871403590363,11.517781764268875,881.6180266439915,10267.34067207416
1780929404,40,POST,/cart,2.000000,0.000000,93,120,140,150,190,190,190,190,190,190,190,227,0,96,103.55150023893769,20.712614990770817,439.53768629580736,18245.08810572687
1780929404,40,POST,/cart/checkout,1.300000,0.000000,94,120,120,120,150,180,180,180,180,180,180,84,0,90,95.62481083862838,20.777312107384205,297.4518062546849,6559.166666666667
1780929404,40,GET,/product/0PUK6V6EV0,0.100000,0.000000,14,14,98,98,98,98,98,98,98,98,98,39,0,61,61.579470904782795,10.881930589675903,104.42658513784409,7745.0
1780929404,40,GET,/product/1YMWWN1N4O,0.300000,0.000000,96,96,96,96,96,96,96,96,96,96,96,33,0,95,78.22869475366491,12.23689690232277,180.72308134287596,7763.212121212121
1780929404,40,GET,/product/2ZYFJ3GM2N,0.300000,0.000000,100,100,100,100,100,100,100,100,100,100,100,32,0,98,82.49690884258598,11.10590249300003,199.84895642846823,7757.0
1780929404,40,GET,/product/66VCHSJNUP,0.300000,0.000000,41,41,44,44,44,44,44,44,44,44,44,29,0,95,73.20835422082195,11.137077584862709,103.85446902364492,7717.6551724137935
1780929404,40,GET,/product/6E92ZMYYFZ,0.300000,0.000000,43,43,100,100,100,100,100,100,100,100,100,31,0,95,70.65147185517895,12.815181165933609,107.64829721301794,7716.258064516129
1780929404,40,GET,/product/9SIQT8TOJO,0.400000,0.000000,43,43,44,44,44,44,44,44,44,44,44,31,0,44,57.911968850080044,12.073665857315063,106.16845544427633,7765.709677419355
1780929404,40,GET,/product/L9ECAV7KIM,0.200000,0.000000,98,98,98,98,98,98,98,98,98,98,98,25,0,94,87.44974363595247,13.645478524267673,327.3426219820976,7731.64
1780929404,40,GET,/product/LS4PSXUNUM,0.200000,0.000000,64,64,64,64,64,64,64,64,64,64,64,20,0,64,66.97823726572096,11.95888128131628,102.98943985253572,7742.75
1780929404,40,GET,/product/OLJCESPC7Z,0.700000,0.000000,67,67,99,99,100,100,100,100,100,100,100,32,0,93,77.38666617660783,12.060081586241722,103.01227308809757,7785.15625
1780929404,40,,Aggregated,21.200000,0.000000,72,90,100,100,130,150,170,190,190,190,190,2309,0,83,100.25199352702688,10.881930589675903,881.6180266439915,10619.975747076656
1780929405,40,GET,/,15.400000,0.000000,72,86,100,100,130,150,160,160,170,170,170,1742,0,79,104.01026228278123,11.517781764268875,881.6180266439915,10267.274397244546
1780929405,40,POST,/cart,2.100000,0.000000,93,120,150,160,190,190,190,190,190,190,190,228,0,95,103.20620112562258,20.712614990770817,439.53768629580736,18248.684210526317
1780929405,40,POST,/cart/checkout,1.300000,0.000000,120,120,120,150,180,180,180,180,180,180,180,84,0,90,95.62481083862838,20.777312107384205,297.4518062546849,6559.166666666667
1780929405,40,GET,/product/0PUK6V6EV0,0.300000,0.000000,17,17,98,98,98,98,98,98,98,98,98,40,0,61,60.46243936289102,10.881930589675903,104.42658513784409,7746.15
1780929405,40,GET,/product/1YMWWN1N4O,0.200000,0.000000,96,96,96,96,96,96,96,96,96,96,96,33,0,95,78.22869475366491,12.23689690232277,180.72308134287596,7763.212121212121
1780929405,40,GET,/product/2ZYFJ3GM2N,0.200000,0.000000,100,100,100,100,100,100,100,100,100,100,100,32,0,98,82.49690884258598,11.10590249300003,199.84895642846823,7757.0
1780929405,40,GET,/product/66VCHSJNUP,0.400000,0.000000,41,41,44,44,44,44,44,44,44,44,44,29,0,95,73.20835422082195,11.137077584862709,103.85446902364492,7717.6551724137935
1780929405,40,GET,/product/6E92ZMYYFZ,0.400000,0.000000,43,43,100,100,100,100,100,100,100,100,100,31,0,95,70.65147185517895,12.815181165933609,107.64829721301794,7716.258064516129
1780929405,40,GET,/product/9SIQT8TOJO,0.500000,0.000000,38,38,44,44,44,44,44,44,44,44,44,31,0,44,57.911968850080044,12.073665857315063,106.16845544427633,7765.709677419355
1780929405,40,GET,/product/L9ECAV7KIM,0.200000,0.000000,98,98,98,98,98,98,98,98,98,98,98,25,0,94,87.44974363595247,13.645478524267673,327.3426219820976,7731.64
1780929405,40,GET,/product/LS4PSXUNUM,0.300000,0.000000,64,64,64,64,64,64,64,64,64,64,64,20,0,64,66.97823726572096,11.95888128131628,102.98943985253572,7742.75
1780929405,40,GET,/product/OLJCESPC7Z,0.700000,0.000000,67,67,99,99,100,100,100,100,100,100,100,32,0,93,77.38666617660783,12.060081586241722,103.01227308809757,7785.15625
1780929405,40,,Aggregated,22.000000,0.000000,73,90,100,100,130,150,170,190,190,190,190,2327,0,83,99.91405717068007,10.881930589675903,881.6180266439915,10619.91491190374
1780929406,40,GET,/,15.600000,0.000000,70,86,100,100,130,160,200,220,220,220,220,1757,0,79,104.20361046685149,11.517781764268875,881.6180266439915,10267.190665907798
1780929406,40,POST,/cart,1.800000,0.000000,96,130,150,160,190,190,210,210,210,210,210,232,0,96,103.86607842921312,20.712614990770817,439.53768629580736,18272.379310344826
1780929406,40,POST,/cart/checkout,1.200000,0.000000,94,120,120,150,180,180,180,180,180,180,180,85,0,90,95.33319624469561,20.777312107384205,297.4518062546849,6559.529411764706
1780929406,40,GET,/product/0PUK6V6EV0,0.300000,0.000000,15,17,17,98,98,98,98,98,98,98,98,41,0,61,59.360335762726095,10.881930589675903,104.42658513784409,7746.121951219512
1780929406,40,GET,/product/1YMWWN1N4O,0.200000,0.000000,96,96,96,96,96,96,96,96,96,96,96,33,0,95,78.22869475366491,12.23689690232277,180.72308134287596,7763.212121212121
1780929406,40,GET,/product/2ZYFJ3GM2N,0.300000,0.000000,100,100,100,100,100,100,100,100,100,100,100,33,0,98,81.40879070781398,11.10590249300003,199.84895642846823,7756.060606060606
1780929406,40,GET,/product/66VCHSJNUP,0.400000,0.000000,15,15,44,44,44,44,44,44,44,44,44,29,0,95,73.20835422082195,11.137077584862709,103.85446902364492,7717.6551724137935
1780929406,40,GET,/product/6E92ZMYYFZ,0.400000,0.000000,100,100,100,100,100,100,100,100,100,100,100,32,0,95,71.67542120441794,12.815181165933609,107.64829721301794,7713.71875
1780929406,40,GET,/product/9SIQT8TOJO,0.400000,0.000000,38,38,44,44,44,44,44,44,44,44,44,31,0,44,57.911968850080044,12.073665857315063,106.16845544427633,7765.709677419355
1780929406,40,GET,/product/L9ECAV7KIM,0.200000,0.000000,98,98,98,98,98,98,98,98,98,98,98,25,0,94,87.44974363595247,13.645478524267673,327.3426219820976,7731.64
1780929406,40,GET,/product/LS4PSXUNUM,0.300000,0.000000,64,64,64,64,64,64,64,64,64,64,64,20,0,64,66.97823726572096,11.95888128131628,102.98943985253572,7742.75
1780929406,40,GET,/product/OLJCESPC7Z,0.600000,0.000000,67,67,99,99,99,99,99,99,99,99,99,32,0,93,77.38666617660783,12.060081586241722,103.01227308809757,7785.15625
1780929406,40,,Aggregated,21.700000,0.000000,71,90,100,110,150,170,200,210,220,220,220,2350,0,83,100.08592114565855,10.881930589675903,881.6180266439915,10627.485957446808
1780929407,40,GET,/,15.500000,0.000000,67,87,100,100,140,160,200,220,220,220,220,1774,0,79,103.88153468667117,11.517781764268875,881.6180266439915,10267.246335963924
1780929407,40,POST,/cart,2.100000,0.000000,120,150,160,190,190,210,210,210,210,210,210,232,0,96,103.86607842921312,20.712614990770817,439.53768629580736,18272.379310344826
1780929407,40,POST,/cart/checkout,1.200000,0.000000,90,120,150,150,180,180,180,180,180,180,180,86,0,90,94.4910599027089,20.777312107384205,297.4518062546849,6559.418604651163
1780929407,40,GET,/product/0PUK6V6EV0,0.400000,0.000000,17,17,49,49,98,98,98,98,98,98,98,42,0,60,59.1121102417154,10.881930589675903,104.42658513784409,7746.952380952381
1780929407,40,GET,/product/1YMWWN1N4O,0.200000,0.000000,96,96,96,96,96,96,96,96,96,96,96,33,0,95,78.22869475366491,12.23689690232277,180.72308134287596,7763.212121212121
1780929407,40,GET,/product/2ZYFJ3GM2N,0.300000,0.000000,99,100,100,100,100,100,100,100,100,100,100,34,0,98,81.89714617808076,11.10590249300003,199.84895642846823,7756.558823529412
1780929407,40,GET,/product/66VCHSJNUP,0.400000,0.000000,44,44,93,93,93,93,93,93,93,93,93,30,0,93,73.85686943307519,11.137077584862709,103.85446902364492,7718.833333333333
1780929407,40,GET,/product/6E92ZMYYFZ,0.400000,0.000000,100,100,100,100,100,100,100,100,100,100,100,32,0,95,71.67542120441794,12.815181165933609,107.64829721301794,7713.71875
1780929407,40,GET,/product/9SIQT8TOJO,0.300000,0.000000,38,38,44,44,44,44,44,44,44,44,44,31,0,44,57.911968850080044,12.073665857315063,106.16845544427633,7765.709677419355
1780929407,40,GET,/product/L9ECAV7KIM,0.200000,0.000000,98,98,98,98,98,98,98,98,98,98,98,25,0,94,87.44974363595247,13.645478524267673,327.3426219820976,7731.64
1780929407,40,GET,/product/LS4PSXUNUM,0.300000,0.000000,64,64,64,64,64,64,64,64,64,64,64,20,0,64,66.97823726572096,11.95888128131628,102.98943985253572,7742.75
1780929407,40,GET,/product/OLJCESPC7Z,0.400000,0.000000,67,67,99,99,99,99,99,99,99,99,99,32,0,93,77.38666617660783,12.060081586241722,103.01227308809757,7785.15625
1780929407,40,,Aggregated,21.700000,0.000000,70,91,100,110,150,170,200,210,220,220,220,2371,0,83,99.81633684445111,10.881930589675903,881.6180266439915,10619.607760438634
1780929408,40,GET,/,16.100000,0.000000,59,84,98,100,150,160,200,220,220,220,220,1790,0,79,103.3948426868496,11.517781764268875,881.6180266439915,10267.282122905028
1780929408,40,POST,/cart,2.000000,0.000000,120,150,150,160,190,210,210,210,210,210,210,234,0,96,104.1476588943002,20.712614990770817,439.53768629580736,18279.504273504273
1780929408,40,POST,/cart/checkout,1.100000,0.000000,88,90,120,150,180,180,180,180,180,180,180,87,0,90,93.75057184276567,20.777312107384205,297.4518062546849,6559.551724137931
1780929408,40,GET,/product/0PUK6V6EV0,0.400000,0.000000,17,17,49,49,98,98,98,98,98,98,98,42,0,60,59.1121102417154,10.881930589675903,104.42658513784409,7746.952380952381
1780929408,40,GET,/product/1YMWWN1N4O,0.100000,0.000000,96,96,96,96,96,96,96,96,96,96,96,33,0,95,78.22869475366491,12.23689690232277,180.72308134287596,7763.212121212121
1780929408,40,GET,/product/2ZYFJ3GM2N,0.400000,0.000000,98,99,99,100,100,100,100,100,100,100,100,35,0,98,82.36969549741063,11.10590249300003,199.84895642846823,7758.171428571429
1780929408,40,GET,/product/66VCHSJNUP,0.300000,0.000000,93,93,97,97,97,97,97,97,97,97,97,31,0,95,74.60110490360567,11.137077584862709,103.85446902364492,7717.774193548387
1780929408,40,GET,/product/6E92ZMYYFZ,0.500000,0.000000,100,100,100,100,100,100,100,100,100,100,100,32,0,95,71.67542120441794,12.815181165933609,107.64829721301794,7713.71875
1780929408,40,GET,/product/9SIQT8TOJO,0.300000,0.000000,38,38,38,38,38,38,38,38,38,38,38,31,0,44,57.911968850080044,12.073665857315063,106.16845544427633,7765.709677419355
1780929408,40,GET,/product/L9ECAV7KIM,0.100000,0.000000,98,98,98,98,98,98,98,98,98,98,98,26,0,91,84.59195802704646,13.147317804396152,327.3426219820976,7733.0
1780929408,40,GET,/product/LS4PSXUNUM,0.300000,0.000000,64,64,64,64,64,64,64,64,64,64,64,20,0,64,66.97823726572096,11.95888128131628,102.98943985253572,7742.75
1780929408,40,GET,/product/OLJCESPC7Z,0.400000,0.000000,67,67,99,99,99,99,99,99,99,99,99,32,0,93,77.38666617660783,12.060081586241722,103.01227308809757,7785.15625
1780929408,40,,Aggregated,22.000000,0.000000,67,89,100,100,150,170,200,220,220,220,220,2393,0,82,99.44323567783314,10.881930589675903,881.6180266439915,10619.088591725867
1780929409,40,GET,/,15.200000,0.000000,64,86,100,110,150,190,200,220,220,220,220,1805,0,79,103.33841314121379,11.517781764268875,881.6180266439915,10267.250969529086
1780929409,40,POST,/cart,2.100000,0.000000,130,150,160,160,190,210,210,210,210,210,210,235,0,96,104.22164099092814,20.712614990770817,439.53768629580736,18270.685106382978
1780929409,40,POST,/cart/checkout,1.000000,0.000000,88,90,120,120,180,180,180,180,180,180,180,87,0,90,93.75057184276567,20.777312107384205,297.4518062546849,6559.551724137931
1780929409,40,GET,/product/0PUK6V6EV0,0.600000,0.000000,17,49,49,98,98,98,98,98,98,98,98,42,0,60,59.1121102417154,10.881930589675903,104.42658513784409,7746.952380952381
1780929409,40,GET,/product/1YMWWN1N4O,0.100000,0.000000,98,98,98,98,98,98,98,98,98,98,98,34,0,95,78.821062356891,12.23689690232277,180.72308134287596,7763.794117647059
1780929409,40,GET,/product/2ZYFJ3GM2N,0.300000,0.000000,98,98,99,99,100,100,100,100,100,100,100,36,0,98,81.17414333133235,11.10590249300003,199.84895642846823,7757.055555555556
1780929409,40,GET,/product/66VCHSJNUP,0.300000,0.000000,93,93,97,97,97,97,97,97,97,97,97,31,0,95,74.60110490360567,11.137077584862709,103.85446902364492,7717.774193548387
1780929409,40,GET,/product/6E92ZMYYFZ,0.400000,0.000000,100,100,100,100,100,100,100,100,100,100,100,32,0,95,71.67542120441794,12.815181165933609,107.64829721301794,7713.71875
1780929409,40,GET,/product/9SIQT8TOJO,0.200000,0.000000,38,38,38,38,38,38,38,38,38,38,38,31,0,44,57.911968850080044,12.073665857315063,106.16845544427633,7765.709677419355
1780929409,40,GET,/product/L9ECAV7KIM,0.100000,0.000000,98,98,99,99,99,99,99,99,99,99,99,27,0,94,85.11157057903431,13.147317804396152,327.3426219820976,7732.37037037037
1780929409,40,GET,/product/LS4PSXUNUM,0.300000,0.000000,64,64,64,64,64,64,64,64,64,64,64,20,0,64,66.97823726572096,11.95888128131628,102.98943985253572,7742.75
1780929409,40,GET,/product/OLJCESPC7Z,0.400000,0.000000,67,67,99,99,99,99,99,99,99,99,99,32,0,93,77.38666617660783,12.060081586241722,103.01227308809757,7785.15625
1780929409,40,,Aggregated,21.000000,0.000000,71,95,100,110,150,190,210,220,220,220,220,2412,0,82,99.40903161144251,10.881930589675903,881.6180266439915,10615.611940298508
1780929410,40,GET,/,15.900000,0.000000,65,86,100,110,150,190,200,220,220,220,220,1822,0,78,103.00326927613087,11.517781764268875,881.6180266439915,10267.157519209659
1780929410,40,POST,/cart,1.900000,0.000000,96,130,150,150,190,190,210,210,210,210,210,240,0,95,103.3424834953621,20.712614990770817,439.53768629580736,18269.983333333334
1780929410,40,POST,/cart/checkout,0.900000,0.000000,88,90,120,130,180,180,180,180,180,180,180,88,0,90,94.14595160209997,20.777312107384205,297.4518062546849,6559.738636363636
1780929410,40,GET,/product/0PUK6V6EV0,0.500000,0.000000,17,49,49,98,98,98,98,98,98,98,98,42,0,60,59.1121102417154,10.881930589675903,104.42658513784409,7746.952380952381
1780929410,40,GET,/product/1YMWWN1N4O,0.100000,0.000000,98,98,98,98,98,98,98,98,98,98,98,34,0,95,78.821062356891,12.23689690232277,180.72308134287596,7763.794117647059
1780929410,40,GET,/product/2ZYFJ3GM2N,0.400000,0.000000,98,98,99,99,100,100,100,100,100,100,100,36,0,98,81.17414333133235,11.10590249300003,199.84895642846823,7757.055555555556
1780929410,40,GET,/product/66VCHSJNUP,0.300000,0.000000,93,93,97,97,97,97,97,97,97,97,97,31,0,95,74.60110490360567,11.137077584862709,103.85446902364492,7717.774193548387
1780929410,40,GET,/product/6E92ZMYYFZ,0.200000,0.000000,100,100,100,100,100,100,100,100,100,100,100,32,0,95,71.67542120441794,12.815181165933609,107.64829721301794,7713.71875
1780929410,40,GET,/product/9SIQT8TOJO,0.200000,0.000000,38,38,38,38,38,38,38,38,38,38,38,31,0,44,57.911968850080044,12.073665857315063,106.16845544427633,7765.709677419355
1780929410,40,GET,/product/L9ECAV7KIM,0.100000,0.000000,98,98,99,99,99,99,99,99,99,99,99,27,0,94,85.11157057903431,13.147317804396152,327.3426219820976,7732.37037037037
1780929410,40,GET,/product/LS4PSXUNUM,0.300000,0.000000,37,37,37,37,37,37,37,37,37,37,37,21,0,64,65.56190652329298,11.95888128131628,102.98943985253572,7744.238095238095
1780929410,40,GET,/product/OLJCESPC7Z,0.400000,0.000000,67,67,99,99,99,99,99,99,99,99,99,32,0,93,77.38666617660783,12.060081586241722,103.01227308809757,7785.15625
1780929410,40,,Aggregated,21.200000,0.000000,71,95,100,110,150,190,200,220,220,220,220,2436,0,81,99.09548228094278,10.881930589675903,881.6180266439915,10625.929392446635
1780929411,40,GET,/,16.000000,0.000000,71,89,100,110,150,190,200,220,220,220,220,1840,0,78,102.80518824558543,11.517781764268875,881.6180266439915,10267.372826086956
1780929411,40,POST,/cart,1.900000,0.000000,120,150,150,160,190,190,210,210,210,210,210,242,0,96,103.755317185813,20.712614990770817,439.53768629580736,18259.01652892562
1780929411,40,POST,/cart/checkout,0.800000,0.000000,90,98,120,130,180,180,180,180,180,180,180,90,0,90,94.13932479090161,20.777312107384205,297.4518062546849,6559.522222222222
1780929411,40,GET,/product/0PUK6V6EV0,0.500000,0.000000,17,17,49,49,98,98,98,98,98,98,98,43,0,60,58.06497085926144,10.881930589675903,104.42658513784409,7748.023255813953
1780929411,40,GET,/product/1YMWWN1N4O,0.200000,0.000000,98,98,98,98,98,98,98,98,98,98,98,34,0,95,78.821062356891,12.23689690232277,180.72308134287596,7763.794117647059
1780929411,40,GET,/product/2ZYFJ3GM2N,0.500000,0.000000,98,98,99,99,100,100,100,100,100,100,100,36,0,98,81.17414333133235,11.10590249300003,199.84895642846823,7757.055555555556
1780929411,40,GET,/product/66VCHSJNUP,0.300000,0.000000,93,93,97,97,97,97,97,97,97,97,97,31,0,95,74.60110490360567,11.137077584862709,103.85446902364492,7717.774193548387
1780929411,40,GET,/product/6E92ZMYYFZ,0.200000,0.000000,100,100,100,100,100,100,100,100,100,100,100,32,0,95,71.67542120441794,12.815181165933609,107.64829721301794,7713.71875
1780929411,40,GET,/product/9SIQT8TOJO,0.200000,0.000000,100,100,100,100,100,100,100,100,100,100,100,32,0,44,59.252084261970595,12.073665857315063,106.16845544427633,7766.4375
1780929411,40,GET,/product/L9ECAV7KIM,0.200000,0.000000,98,98,99,99,99,99,99,99,99,99,99,27,0,94,85.11157057903431,13.147317804396152,327.3426219820976,7732.37037037037
1780929411,40,GET,/product/LS4PSXUNUM,0.100000,0.000000,37,37,37,37,37,37,37,37,37,37,37,21,0,64,65.56190652329298,11.95888128131628,102.98943985253572,7744.238095238095
1780929411,40,GET,/product/OLJCESPC7Z,0.000000,0.000000,67,67,99,99,99,99,99,99,99,99,99,32,0,93,77.38666617660783,12.060081586241722,103.01227308809757,7785.15625
1780929411,40,,Aggregated,20.900000,0.000000,74,98,110,120,150,190,200,220,220,220,220,2460,0,81,98.98185023424647,10.881930589675903,881.6180266439915,10622.982520325204
1780929412,40,GET,/,15.700000,0.000000,70,86,100,100,160,190,220,220,220,220,220,1853,0,78,102.54224529112923,11.517781764268875,881.6180266439915,10267.45223961144
1780929412,40,POST,/cart,1.800000,0.000000,120,130,150,150,160,190,210,210,210,210,210,244,0,96,103.88869847949655,20.712614990770817,439.53768629580736,18277.627049180326
1780929412,40,POST,/cart/checkout,0.800000,0.000000,90,90,98,98,130,130,130,130,130,130,130,90,0,90,94.13932479090161,20.777312107384205,297.4518062546849,6559.522222222222
1780929412,40,GET,/product/0PUK6V6EV0,0.500000,0.000000,17,17,49,49,98,98,98,98,98,98,98,43,0,60,58.06497085926144,10.881930589675903,104.42658513784409,7748.023255813953
1780929412,40,GET,/product/1YMWWN1N4O,0.200000,0.000000,98,98,98,98,98,98,98,98,98,98,98,34,0,95,78.821062356891,12.23689690232277,180.72308134287596,7763.794117647059
1780929412,40,GET,/product/2ZYFJ3GM2N,0.600000,0.000000,98,98,98,100,100,100,100,100,100,100,100,36,0,98,81.17414333133235,11.10590249300003,199.84895642846823,7757.055555555556
1780929412,40,GET,/product/66VCHSJNUP,0.300000,0.000000,93,93,97,97,97,97,97,97,97,97,97,31,0,95,74.60110490360567,11.137077584862709,103.85446902364492,7717.774193548387
1780929412,40,GET,/product/6E92ZMYYFZ,0.200000,0.000000,100,100,100,100,100,100,100,100,100,100,100,33,0,95,69.92930329094331,12.815181165933609,107.64829721301794,7715.545454545455
1780929412,40,GET,/product/9SIQT8TOJO,0.200000,0.000000,100,100,100,100,100,100,100,100,100,100,100,32,0,44,59.252084261970595,12.073665857315063,106.16845544427633,7766.4375
1780929412,40,GET,/product/L9ECAV7KIM,0.200000,0.000000,98,98,99,99,99,99,99,99,99,99,99,27,0,94,85.11157057903431,13.147317804396152,327.3426219820976,7732.37037037037
1780929412,40,GET,/product/LS4PSXUNUM,0.200000,0.000000,37,37,37,37,37,37,37,37,37,37,37,21,0,64,65.56190652329298,11.95888128131628,102.98943985253572,7744.238095238095
1780929412,40,GET,/product/OLJCESPC7Z,0.000000,0.000000,67,67,99,99,99,99,99,99,99,99,99,32,0,93,77.38666617660783,12.060081586241722,103.01227308809757,7785.15625
1780929412,40,,Aggregated,20.700000,0.000000,72,95,100,110,150,190,210,220,220,220,220,2476,0,81,98.78784124754513,10.881930589675903,881.6180266439915,10628.026252019386
1780929413,40,GET,/,15.800000,0.000000,70,87,100,110,150,190,200,220,220,220,220,1870,0,78,102.41303096978582,11.517781764268875,881.6180266439915,10267.455080213904
1780929413,40,POST,/cart,1.900000,0.000000,120,130,150,150,160,190,210,210,210,210,210,246,0,96,103.29295323434764,20.712614990770817,439.53768629580736,18261.182926829268
1780929413,40,POST,/cart/checkout,0.800000,0.000000,90,90,98,98,130,130,130,130,130,130,130,90,0,90,94.13932479090161,20.777312107384205,297.4518062546849,6559.522222222222
1780929413,40,GET,/product/0PUK6V6EV0,0.500000,0.000000,17,17,49,49,49,49,49,49,49,49,49,43,0,60,58.06497085926144,10.881930589675903,104.42658513784409,7748.023255813953
1780929413,40,GET,/product/1YMWWN1N4O,0.200000,0.000000,98,98,98,98,98,98,98,98,98,98,98,34,0,95,78.821062356891,12.23689690232277,180.72308134287596,7763.794117647059
1780929413,40,GET,/product/2ZYFJ3GM2N,0.600000,0.000000,98,98,98,100,100,100,100,100,100,100,100,36,0,98,81.17414333133235,11.10590249300003,199.84895642846823,7757.055555555556
1780929413,40,GET,/product/66VCHSJNUP,0.300000,0.000000,93,93,97,97,97,97,97,97,97,97,97,32,0,93,73.77057505073026,11.137077584862709,103.85446902364492,7718.375
1780929413,40,GET,/product/6E92ZMYYFZ,0.200000,0.000000,46,46,100,100,100,100,100,100,100,100,100,34,0,94,69.21105730511687,12.815181165933609,107.64829721301794,7714.117647058823
