Timestamp,User Count,Type,Name,Requests/s,Failures/s,50%,66%,75%,80%,90%,95%,98%,99%,99.9%,99.99%,100%,Total Request Count,Total Failure Count,Total Median Response Time,Total Average Response Time,Total Min Response Time,Total Max Response Time,Total Average Content Size
1779969651,0,,Aggregated,0.000000,0.000000,N/A,N/A,N/A,N/A,N/A,N/A,N/A,N/A,N/A,N/A,N/A,0,0,0,0.0,0,0,0
1779969652,5,GET,/,0.000000,0.000000,0,0,0,0,0,0,0,0,0,0,0,4,4,8,9.973387699574232,6.268764962442219,17.664754996076226,0.0
1779969652,5,POST,/cart/checkout,0.000000,0.000000,0,0,0,0,0,0,0,0,0,0,0,1,1,7.0363880367949605,7.0363880367949605,7.0363880367949605,7.0363880367949605,0.0
1779969652,5,GET,/product/9SIQT8TOJO,0.000000,0.000000,0,0,0,0,0,0,0,0,0,0,0,2,2,4,4.023976973257959,3.5685389302670956,4.479415016248822,0.0
1779969652,5,,Aggregated,0.000000,0.000000,0,0,0,0,0,0,0,0,0,0,0,7,7,7,7.853984683086829,3.5685389302670956,17.664754996076226,0.0
1779969653,10,GET,/,0.000000,0.000000,11,11,14,14,15,15,15,15,15,15,15,10,10,8,10.357966972514987,5.875008995644748,17.664754996076226,0.0
1779969653,10,POST,/cart/checkout,0.000000,0.000000,7,7,7,7,7,7,7,7,7,7,7,1,1,7.0363880367949605,7.0363880367949605,7.0363880367949605,7.0363880367949605,0.0
1779969653,10,GET,/product/9SIQT8TOJO,0.000000,0.000000,4,4,4,4,4,4,4,4,4,4,4,2,2,4,4.023976973257959,3.5685389302670956,4.479415016248822,0.0
1779969653,10,,Aggregated,0.000000,0.000000,11,11,14,14,15,15,15,15,15,15,15,13,13,8,9.128000900650827,3.5685389302670956,17.664754996076226,0.0
1779969654,15,GET,/,4.000000,4.000000,9,10,12,14,15,20,20,20,20,20,20,19,19,8,9.87697988871093,5.106669967062771,20.21535497624427,0.0
1779969654,15,POST,/cart,0.000000,0.000000,0,0,0,0,0,0,0,0,0,0,0,2,2,10,12.85161153646186,9.827597066760063,15.875626006163657,0.0
1779969654,15,POST,/cart/checkout,1.000000,1.000000,9,9,9,9,9,9,9,9,9,9,9,2,2,7.0363880367949605,8.218507980927825,7.0363880367949605,9.40062792506069,0.0
1779969654,15,GET,/product/9SIQT8TOJO,2.000000,2.000000,4,4,4,4,4,4,4,4,4,4,4,2,2,4,4.023976973257959,3.5685389302670956,4.479415016248822,0.0
1779969654,15,,Aggregated,7.000000,7.000000,10,10,12,14,16,20,20,20,20,20,20,25,25,8,9.514032434672117,3.5685389302670956,20.21535497624427,0.0
1779969655,20,GET,/,5.000000,5.000000,10,11,11,12,14,15,20,20,20,20,20,26,26,8,9.625491923473488,4.459578078240156,20.21535497624427,0.0
1779969655,20,POST,/cart,0.000000,0.000000,10,10,16,16,16,16,16,16,16,16,16,4,4,10,10.41642774362117,6.182037992402911,15.875626006163657,0.0
1779969655,20,POST,/cart/checkout,0.500000,0.500000,9,9,15,15,15,15,15,15,15,15,15,4,4,7,9.441355970920995,6.499265902675688,14.829142019152641,0.0
1779969655,20,GET,/product/1YMWWN1N4O,0.000000,0.000000,0,0,0,0,0,0,0,0,0,0,0,1,1,7.909988984465599,7.909988984465599,7.909988984465599,7.909988984465599,0.0
1779969655,20,GET,/product/2ZYFJ3GM2N,0.000000,0.000000,0,0,0,0,0,0,0,0,0,0,0,1,1,6.24188594520092,6.24188594520092,6.24188594520092,6.24188594520092,0.0
1779969655,20,GET,/product/9SIQT8TOJO,1.000000,1.000000,4,4,4,4,4,4,4,4,4,4,4,2,2,4,4.023976973257959,3.5685389302670956,4.479415016248822,0.0
1779969655,20,,Aggregated,6.500000,6.500000,9,10,11,12,15,16,20,20,20,20,20,38,38,8,9.260361940648995,3.5685389302670956,20.21535497624427,0.0
1779969656,25,GET,/,5.000000,5.000000,7,9,10,11,12,15,20,20,20,20,20,41,41,7,8.422411472831921,4.459578078240156,20.21535497624427,0.0
1779969656,25,POST,/cart,0.333333,0.333333,10,10,16,16,16,16,16,16,16,16,16,5,5,10,9.750812384299934,6.182037992402911,15.875626006163657,0.0
1779969656,25,POST,/cart/checkout,0.666667,0.666667,9,9,15,15,15,15,15,15,15,15,15,4,4,7,9.441355970920995,6.499265902675688,14.829142019152641,0.0
1779969656,25,GET,/product/1YMWWN1N4O,0.000000,0.000000,8,8,8,8,8,8,8,8,8,8,8,1,1,7.909988984465599,7.909988984465599,7.909988984465599,7.909988984465599,0.0
1779969656,25,GET,/product/2ZYFJ3GM2N,0.000000,0.000000,6,6,6,6,6,6,6,6,6,6,6,1,1,6.24188594520092,6.24188594520092,6.24188594520092,6.24188594520092,0.0
1779969656,25,GET,/product/6E92ZMYYFZ,0.000000,0.000000,0,0,0,0,0,0,0,0,0,0,0,1,1,9.5400121062994,9.5400121062994,9.5400121062994,9.5400121062994,0.0
1779969656,25,GET,/product/9SIQT8TOJO,0.666667,0.666667,4,4,4,4,4,4,4,4,4,4,4,2,2,4,4.023976973257959,3.5685389302670956,4.479415016248822,0.0
1779969656,25,GET,/product/L9ECAV7KIM,0.000000,0.000000,0,0,0,0,0,0,0,0,0,0,0,1,1,5.661607021465898,5.661607021465898,5.661607021465898,5.661607021465898,0.0
1779969656,25,,Aggregated,6.666667,6.666667,7,9,10,11,14,15,20,20,20,20,20,56,56,7,8.379282217772145,3.5685389302670956,20.21535497624427,0.0
1779969657,30,GET,/,5.500000,5.500000,7,9,10,11,14,15,20,20,20,20,20,52,52,7,8.394052005874423,4.220851929858327,20.21535497624427,0.0
1779969657,30,POST,/cart,1.000000,1.000000,7,10,15,15,16,16,16,16,16,16,16,9,9,7,8.638940441111723,4.271346959285438,15.875626006163657,0.0
1779969657,30,POST,/cart/checkout,0.750000,0.750000,9,15,15,16,16,16,16,16,16,16,16,5,5,9,10.778760188259184,6.499265902675688,16.128377057611942,0.0
1779969657,30,GET,/product/1YMWWN1N4O,0.250000,0.250000,8,8,8,8,8,8,8,8,8,8,8,1,1,7.909988984465599,7.909988984465599,7.909988984465599,7.909988984465599,0.0
1779969657,30,GET,/product/2ZYFJ3GM2N,0.250000,0.250000,6,6,6,6,6,6,6,6,6,6,6,1,1,6.24188594520092,6.24188594520092,6.24188594520092,6.24188594520092,0.0
1779969657,30,GET,/product/6E92ZMYYFZ,0.000000,0.000000,47,47,47,47,47,47,47,47,47,47,47,2,2,10,28.187084011733532,9.5400121062994,46.834155917167664,0.0
1779969657,30,GET,/product/9SIQT8TOJO,0.500000,0.500000,4,4,4,4,4,4,4,4,4,4,4,2,2,4,4.023976973257959,3.5685389302670956,4.479415016248822,0.0
1779969657,30,GET,/product/L9ECAV7KIM,0.000000,0.000000,6,6,6,6,6,6,6,6,6,6,6,1,1,5.661607021465898,5.661607021465898,5.661607021465898,5.661607021465898,0.0
1779969657,30,GET,/product/LS4PSXUNUM,0.000000,0.000000,0,0,0,0,0,0,0,0,0,0,0,1,1,4.103512968868017,4.103512968868017,4.103512968868017,4.103512968868017,0.0
1779969657,30,GET,/product/OLJCESPC7Z,0.000000,0.000000,0,0,0,0,0,0,0,0,0,0,0,2,2,4,4.048511502332985,3.732654033228755,4.364368971437216,0.0
1779969657,30,,Aggregated,8.250000,8.250000,7,9,10,11,15,16,20,47,47,47,47,76,76,7,8.744356698834485,3.5685389302670956,46.834155917167664,0.0
1779969658,35,GET,/,6.600000,6.600000,6,8,9,10,12,14,15,20,20,20,20,68,68,6,7.6834397571955755,3.642339026555419,20.21535497624427,0.0
1779969658,35,POST,/cart,0.800000,0.800000,6,7,10,15,16,16,16,16,16,16,16,10,10,6,8.224999601952732,4.271346959285438,15.875626006163657,0.0
1779969658,35,POST,/cart/checkout,0.800000,0.800000,7,9,15,15,16,16,16,16,16,16,16,8,8,7,8.763046018430032,3.8147050654515624,16.128377057611942,0.0
1779969658,35,GET,/product/0PUK6V6EV0,0.000000,0.000000,0,0,0,0,0,0,0,0,0,0,0,1,1,4.033655044622719,4.033655044622719,4.033655044622719,4.033655044622719,0.0
1779969658,35,GET,/product/1YMWWN1N4O,0.200000,0.200000,8,8,8,8,8,8,8,8,8,8,8,2,2,5.177365965209901,6.54367747483775,5.177365965209901,7.909988984465599,0.0
1779969658,35,GET,/product/2ZYFJ3GM2N,0.200000,0.200000,6,6,6,6,6,6,6,6,6,6,6,2,2,3.0943580204620957,4.668121982831508,3.0943580204620957,6.24188594520092,0.0
1779969658,35,GET,/product/6E92ZMYYFZ,0.200000,0.200000,47,47,47,47,47,47,47,47,47,47,47,2,2,10,28.187084011733532,9.5400121062994,46.834155917167664,0.0
1779969658,35,GET,/product/9SIQT8TOJO,0.400000,0.400000,4,4,4,4,4,4,4,4,4,4,4,2,2,4,4.023976973257959,3.5685389302670956,4.479415016248822,0.0
1779969658,35,GET,/product/L9ECAV7KIM,0.200000,0.200000,6,6,6,6,6,6,6,6,6,6,6,1,1,5.661607021465898,5.661607021465898,5.661607021465898,5.661607021465898,0.0
1779969658,35,GET,/product/LS4PSXUNUM,0.000000,0.000000,0,0,0,0,0,0,0,0,0,0,0,1,1,4.103512968868017,4.103512968868017,4.103512968868017,4.103512968868017,0.0
1779969658,35,GET,/product/OLJCESPC7Z,0.000000,0.000000,0,0,0,0,0,0,0,0,0,0,0,2,2,4,4.048511502332985,3.732654033228755,4.364368971437216,0.0
1779969658,35,,Aggregated,9.400000,9.400000,6,8,10,10,14,15,20,47,47,47,47,99,99,6,7.914846329103139,3.0943580204620957,46.834155917167664,0.0
1779969659,40,GET,/,7.833333,7.833333,6,7,9,10,11,14,15,20,20,20,20,91,91,6,7.502542046195531,3.642339026555419,20.21535497624427,0.0
1779969659,40,POST,/cart,1.166667,1.166667,5,7,10,10,15,16,16,16,16,16,16,12,12,5,7.611176251278569,4.1366840014234185,15.875626006163657,0.0
1779969659,40,POST,/cart/checkout,0.833333,0.833333,7,9,15,16,1000,1000,1000,1000,1000,1000,1000,9,9,7,124.44767180002398,3.8147050654515624,1049.9246780527756,0.0
1779969659,40,GET,/product/0PUK6V6EV0,0.000000,0.000000,0,0,0,0,0,0,0,0,0,0,0,2,2,4.033655044622719,5.789811548311263,4.033655044622719,7.545968051999807,0.0
1779969659,40,GET,/product/1YMWWN1N4O,0.166667,0.166667,8,8,8,8,8,8,8,8,8,8,8,2,2,5.177365965209901,6.54367747483775,5.177365965209901,7.909988984465599,0.0
1779969659,40,GET,/product/2ZYFJ3GM2N,0.166667,0.166667,4,4,6,6,6,6,6,6,6,6,6,3,3,4,4.40451200120151,3.0943580204620957,6.24188594520092,0.0
1779969659,40,GET,/product/6E92ZMYYFZ,0.333333,0.333333,47,47,47,47,47,47,47,47,47,47,47,3,3,10,20.675353667077918,5.651892977766693,46.834155917167664,0.0
1779969659,40,GET,/product/9SIQT8TOJO,0.333333,0.333333,4,4,8,8,8,8,8,8,8,8,8,3,3,4,5.291001677202682,3.5685389302670956,7.825051085092127,0.0
1779969659,40,GET,/product/L9ECAV7KIM,0.166667,0.166667,6,6,6,6,6,6,6,6,6,6,6,1,1,5.661607021465898,5.661607021465898,5.661607021465898,5.661607021465898,0.0
1779969659,40,GET,/product/LS4PSXUNUM,0.000000,0.000000,4,4,4,4,4,4,4,4,4,4,4,1,1,4.103512968868017,4.103512968868017,4.103512968868017,4.103512968868017,0.0
1779969659,40,GET,/product/OLJCESPC7Z,0.000000,0.000000,4,4,4,4,4,4,4,4,4,4,4,2,2,4,4.048511502332985,3.732654033228755,4.364368971437216,0.0
1779969659,40,,Aggregated,11.000000,11.000000,6,8,9,10,12,15,20,47,1000,1000,1000,129,129,6,15.718885352690668,3.0943580204620957,1049.9246780527756,0.0
1779969660,45,GET,/,8.714286,8.714286,6,8,9,10,12,14,15,20,27,27,27,109,109,6,7.79565249744871,3.5170590272173285,26.72190696466714,0.0
1779969660,45,POST,/cart,1.285714,1.285714,6,7,12,12,15,16,16,16,16,16,16,13,13,6,7.9739922299408,4.1366840014234185,15.875626006163657,0.0
1779969660,45,POST,/cart/checkout,1.000000,1.000000,7,9,15,16,1000,1000,1000,1000,1000,1000,1000,10,10,7,112.47210631845519,3.8147050654515624,1049.9246780527756,0.0
1779969660,45,GET,/product/0PUK6V6EV0,0.000000,0.000000,8,8,8,8,8,8,8,8,8,8,8,2,2,4.033655044622719,5.789811548311263,4.033655044622719,7.545968051999807,0.0
1779969660,45,GET,/product/1YMWWN1N4O,0.142857,0.142857,5,5,8,8,8,8,8,8,8,8,8,3,3,5,5.78259164467454,4.260419984348118,7.909988984465599,0.0
1779969660,45,GET,/product/2ZYFJ3GM2N,0.285714,0.285714,4,4,6,6,6,6,6,6,6,6,6,3,3,4,4.40451200120151,3.0943580204620957,6.24188594520092,0.0
1779969660,45,GET,/product/6E92ZMYYFZ,0.285714,0.285714,47,47,47,47,47,47,47,47,47,47,47,3,3,10,20.675353667077918,5.651892977766693,46.834155917167664,0.0
1779969660,45,GET,/product/9SIQT8TOJO,0.285714,0.285714,4,4,8,8,8,8,8,8,8,8,8,3,3,4,5.291001677202682,3.5685389302670956,7.825051085092127,0.0
1779969660,45,GET,/product/L9ECAV7KIM,0.142857,0.142857,6,6,6,6,6,6,6,6,6,6,6,1,1,5.661607021465898,5.661607021465898,5.661607021465898,5.661607021465898,0.0
1779969660,45,GET,/product/LS4PSXUNUM,0.142857,0.142857,4,4,4,4,4,4,4,4,4,4,4,1,1,4.103512968868017,4.103512968868017,4.103512968868017,4.103512968868017,0.0
1779969660,45,GET,/product/OLJCESPC7Z,0.285714,0.285714,4,4,7,7,7,7,7,7,7,7,7,3,3,4,4.868700013806422,3.732654033228755,6.509077036753297,0.0
1779969660,45,,Aggregated,12.571429,12.571429,6,8,9,10,13,15,27,47,1000,1000,1000,151,151,6,14.718677513208856,3.0943580204620957,1049.9246780527756,0.0
1779969661,50,GET,/,9.875000,9.875000,6,8,9,10,12,14,15,20,27,27,27,133,133,6,7.645099225131921,3.5170590272173285,26.72190696466714,0.0
1779969661,50,POST,/cart,1.250000,1.250000,6,8,10,12,15,16,16,16,16,16,16,15,15,6,7.730571328041454,4.1366840014234185,15.875626006163657,0.0
1779969661,50,POST,/cart/checkout,1.125000,1.125000,7,9,15,15,16,1000,1000,1000,1000,1000,1000,12,12,7,95.16521634456392,3.8147050654515624,1049.9246780527756,0.0
1779969661,50,GET,/product/0PUK6V6EV0,0.125000,0.125000,8,8,8,8,8,8,8,8,8,8,8,3,3,4.033655044622719,5.34898170735687,4.033655044622719,7.545968051999807,0.0
1779969661,50,GET,/product/1YMWWN1N4O,0.250000,0.250000,5,5,8,8,8,8,8,8,8,8,8,3,3,5,5.78259164467454,4.260419984348118,7.909988984465599,0.0
1779969661,50,GET,/product/2ZYFJ3GM2N,0.250000,0.250000,6,6,6,8,8,8,8,8,8,8,8,5,5,6,5.369114992208779,3.0943580204620957,7.617570925503969,0.0
1779969661,50,GET,/product/66VCHSJNUP,0.000000,0.000000,0,0,0,0,0,0,0,0,0,0,0,1,1,6.114532006904483,6.114532006904483,6.114532006904483,6.114532006904483,0.0
1779969661,50,GET,/product/6E92ZMYYFZ,0.250000,0.250000,47,47,47,47,47,47,47,47,47,47,47,3,3,10,20.675353667077918,5.651892977766693,46.834155917167664,0.0
1779969661,50,GET,/product/9SIQT8TOJO,0.250000,0.250000,4,4,8,8,8,8,8,8,8,8,8,3,3,4,5.291001677202682,3.5685389302670956,7.825051085092127,0.0
1779969661,50,GET,/product/L9ECAV7KIM,0.125000,0.125000,6,6,6,6,6,6,6,6,6,6,6,1,1,5.661607021465898,5.661607021465898,5.661607021465898,5.661607021465898,0.0
1779969661,50,GET,/product/LS4PSXUNUM,0.125000,0.125000,5,5,5,5,5,5,5,5,5,5,5,2,2,4.103512968868017,4.623100976459682,4.103512968868017,5.142688984051347,0.0
1779969661,50,GET,/product/OLJCESPC7Z,0.250000,0.250000,7,7,7,7,7,7,7,7,7,7,7,4,4,4,5.319461022736505,3.732654033228755,6.671744049526751,0.0
1779969661,50,,Aggregated,13.875000,13.875000,6,8,9,10,12,15,20,47,1000,1000,1000,185,185,6,13.271237346595404,3.0943580204620957,1049.9246780527756,0.0
1779969662,55,GET,/,10.888889,10.888889,7,8,10,11,14,21,38,42,1100,1100,1100,164,164,7,15.2886404475572,3.5170590272173285,1074.7452299110591,0.0
1779969662,55,POST,/cart,1.444444,1.444444,6,7,8,10,15,16,16,16,16,16,16,18,18,6,7.421724886323015,4.1366840014234185,15.875626006163657,0.0
1779969662,55,POST,/cart/checkout,1.000000,1.000000,9,11,15,16,16,1000,1000,1000,1000,1000,1000,15,15,8,78.44723747111857,3.8147050654515624,1049.9246780527756,0.0
1779969662,55,GET,/product/0PUK6V6EV0,0.222222,0.222222,6,6,8,8,8,8,8,8,8,8,8,5,5,4,5.269190622493625,3.8498759968206286,7.545968051999807,0.0
1779969662,55,GET,/product/1YMWWN1N4O,0.333333,0.333333,5,8,8,9,9,9,9,9,9,9,9,5,5,5,6.020873598754406,3.6633709678426385,9.093222091905773,0.0
1779969662,55,GET,/product/2ZYFJ3GM2N,0.333333,0.333333,6,6,6,6,8,8,8,8,8,8,8,6,6,6,5.546682475445171,3.0943580204620957,7.617570925503969,0.0
1779969662,55,GET,/product/66VCHSJNUP,0.000000,0.000000,0,0,0,0,0,0,0,0,0,0,0,1,1,6.114532006904483,6.114532006904483,6.114532006904483,6.114532006904483,0.0
1779969662,55,GET,/product/6E92ZMYYFZ,0.333333,0.333333,6,6,47,47,47,47,47,47,47,47,47,4,4,6,16.93588201305829,5.651892977766693,46.834155917167664,0.0
1779969662,55,GET,/product/9SIQT8TOJO,0.333333,0.333333,5,5,8,8,8,8,8,8,8,8,8,4,4,4,5.148449738044292,3.5685389302670956,7.825051085092127,0.0
1779969662,55,GET,/product/L9ECAV7KIM,0.111111,0.111111,9,9,9,9,9,9,9,9,9,9,9,2,2,6,7.113484549336135,5.661607021465898,8.565362077206373,0.0
1779969662,55,GET,/product/LS4PSXUNUM,0.111111,0.111111,5,5,5,5,5,5,5,5,5,5,5,2,2,4.103512968868017,4.623100976459682,4.103512968868017,5.142688984051347,0.0
1779969662,55,GET,/product/OLJCESPC7Z,0.222222,0.222222,7,7,7,7,7,7,7,7,7,7,7,4,4,4,5.319461022736505,3.732654033228755,6.671744049526751,0.0
1779969662,55,,Aggregated,15.333333,15.333333,6,8,9,10,15,21,42,47,1100,1100,1100,230,230,6,17.593782319707554,3.0943580204620957,1074.7452299110591,0.0
1779969663,60,GET,/,11.700000,11.700000,6,8,10,11,15,21,38,42,1100,1100,1100,187,187,7,14.542570355084331,3.5170590272173285,1074.7452299110591,0.0
1779969663,60,POST,/cart,1.500000,1.500000,6,7,8,10,15,16,16,16,16,16,16,20,20,6,7.426527002826333,4.1366840014234185,15.875626006163657,0.0
1779969663,60,POST,/cart/checkout,1.200000,1.200000,11,15,16,16,19,1000,1000,1000,1000,1000,1000,16,16,8,74.75362056720769,3.8147050654515624,1049.9246780527756,0.0
1779969663,60,GET,/product/0PUK6V6EV0,0.200000,0.200000,6,6,8,8,8,8,8,8,8,8,8,5,5,4,5.269190622493625,3.8498759968206286,7.545968051999807,0.0
1779969663,60,GET,/product/1YMWWN1N4O,0.300000,0.300000,6,6,8,8,9,9,9,9,9,9,9,6,6,5,5.99410617724061,3.6633709678426385,9.093222091905773,0.0
1779969663,60,GET,/product/2ZYFJ3GM2N,0.300000,0.300000,6,6,6,6,8,8,8,8,8,8,8,6,6,6,5.546682475445171,3.0943580204620957,7.617570925503969,0.0
1779969663,60,GET,/product/66VCHSJNUP,0.000000,0.000000,6,6,6,6,6,6,6,6,6,6,6,1,1,6.114532006904483,6.114532006904483,6.114532006904483,6.114532006904483,0.0
1779969663,60,GET,/product/6E92ZMYYFZ,0.300000,0.300000,6,6,47,47,47,47,47,47,47,47,47,5,5,6,14.727584226056933,5.651892977766693,46.834155917167664,0.0
1779969663,60,GET,/product/9SIQT8TOJO,0.300000,0.300000,5,5,8,8,8,8,8,8,8,8,8,4,4,4,5.148449738044292,3.5685389302670956,7.825051085092127,0.0
1779969663,60,GET,/product/L9ECAV7KIM,0.100000,0.100000,9,9,9,9,9,9,9,9,9,9,9,2,2,6,7.113484549336135,5.661607021465898,8.565362077206373,0.0
1779969663,60,GET,/product/LS4PSXUNUM,0.200000,0.200000,5,5,5,5,5,5,5,5,5,5,5,2,2,4.103512968868017,4.623100976459682,4.103512968868017,5.142688984051347,0.0
1779969663,60,GET,/product/OLJCESPC7Z,0.400000,0.400000,6,7,7,7,7,7,7,7,7,7,7,7,7,6,5.7593557285144925,3.732654033228755,7.098244968801737,0.0
1779969663,60,,Aggregated,16.500000,16.500000,6,8,9,10,15,19,42,47,1100,1100,1100,261,261,6,16.566186681232804,3.0943580204620957,1074.7452299110591,0.0
1779969664,65,GET,/,14.100000,14.100000,6,8,9,10,14,21,38,42,1100,1100,1100,218,218,6,13.385668418844393,3.453987999819219,1074.7452299110591,0.0
1779969664,65,POST,/cart,1.500000,1.500000,7,8,8,9,12,15,16,16,16,16,16,25,25,7,7.421247721649706,4.1366840014234185,15.875626006163657,0.0
1779969664,65,POST,/cart/checkout,1.100000,1.100000,7,11,16,16,19,1000,1000,1000,1000,1000,1000,18,18,7,67.18199539075916,3.8147050654515624,1049.9246780527756,0.0
1779969664,65,GET,/product/0PUK6V6EV0,0.500000,0.500000,6,6,8,8,8,8,8,8,8,8,8,5,5,4,5.269190622493625,3.8498759968206286,7.545968051999807,0.0
1779969664,65,GET,/product/1YMWWN1N4O,0.300000,0.300000,6,6,8,8,9,9,9,9,9,9,9,6,6,5,5.99410617724061,3.6633709678426385,9.093222091905773,0.0
1779969664,65,GET,/product/2ZYFJ3GM2N,0.500000,0.500000,6,6,6,6,8,8,8,8,8,8,8,6,6,6,5.546682475445171,3.0943580204620957,7.617570925503969,0.0
1779969664,65,GET,/product/66VCHSJNUP,0.100000,0.100000,6,6,6,6,6,6,6,6,6,6,6,2,2,4.150107968598604,5.1323199877515435,4.150107968598604,6.114532006904483,0.0
1779969664,65,GET,/product/6E92ZMYYFZ,0.300000,0.300000,6,6,47,47,47,47,47,47,47,47,47,5,5,6,14.727584226056933,5.651892977766693,46.834155917167664,0.0
1779969664,65,GET,/product/9SIQT8TOJO,0.200000,0.200000,4,5,5,8,8,8,8,8,8,8,8,5,5,4,4.942144593223929,3.5685389302670956,7.825051085092127,0.0
1779969664,65,GET,/product/L9ECAV7KIM,0.100000,0.100000,6,6,9,9,9,9,9,9,9,9,9,4,4,6,6.432523252442479,5.0897179171442986,8.565362077206373,0.0
1779969664,65,GET,/product/LS4PSXUNUM,0.200000,0.200000,5,5,6,6,6,6,6,6,6,6,6,3,3,5,5.206680313373606,4.103512968868017,6.373838987201452,0.0
1779969664,65,GET,/product/OLJCESPC7Z,0.400000,0.400000,6,6,7,7,7,7,7,7,7,7,7,9,9,6,5.627076348496808,3.732654033228755,7.098244968801737,0.0
1779969664,65,,Aggregated,19.300000,19.300000,6,7,8,9,14,19,38,47,1100,1100,1100,306,306,6,15.062354952842606,3.0943580204620957,1074.7452299110591,0.0
1779969665,70,GET,/,16.000000,16.000000,6,8,9,10,15,21,42,1000,1100,1100,1100,239,239,7,21.26826052008407,3.453987999819219,1074.7452299110591,0.0
1779969665,70,POST,/cart,1.800000,1.800000,6,7,8,8,9,12,15,15,15,15,15,28,28,6,7.271520506557343,4.1366840014234185,15.875626006163657,0.0
1779969665,70,POST,/cart/checkout,1.500000,1.500000,8,11,11,16,19,1000,1000,1000,1000,1000,1000,21,21,8,58.62134139031349,3.8147050654515624,1049.9246780527756,0.0
1779969665,70,GET,/product/0PUK6V6EV0,0.500000,0.500000,6,6,6,8,8,8,8,8,8,8,8,6,6,4,5.346125185800095,3.8498759968206286,7.545968051999807,0.0
1779969665,70,GET,/product/1YMWWN1N4O,0.500000,0.500000,6,6,8,8,9,9,9,9,9,9,9,6,6,5,5.99410617724061,3.6633709678426385,9.093222091905773,0.0
1779969665,70,GET,/product/2ZYFJ3GM2N,0.600000,0.600000,6,6,6,6,8,8,8,8,8,8,8,6,6,6,5.546682475445171,3.0943580204620957,7.617570925503969,0.0
1779969665,70,GET,/product/66VCHSJNUP,0.100000,0.100000,6,6,6,6,6,6,6,6,6,6,6,2,2,4.150107968598604,5.1323199877515435,4.150107968598604,6.114532006904483,0.0
1779969665,70,GET,/product/6E92ZMYYFZ,0.400000,0.400000,6,6,47,47,47,47,47,47,47,47,47,5,5,6,14.727584226056933,5.651892977766693,46.834155917167664,0.0
1779969665,70,GET,/product/9SIQT8TOJO,0.200000,0.200000,5,5,8,8,8,8,8,8,8,8,8,5,5,4,4.942144593223929,3.5685389302670956,7.825051085092127,0.0
1779969665,70,GET,/product/L9ECAV7KIM,0.200000,0.200000,6,6,9,9,9,9,9,9,9,9,9,4,4,6,6.432523252442479,5.0897179171442986,8.565362077206373,0.0
1779969665,70,GET,/product/LS4PSXUNUM,0.200000,0.200000,6,6,6,6,6,6,6,6,6,6,6,4,4,5,5.280685494653881,4.103512968868017,6.373838987201452,0.0
1779969665,70,GET,/product/OLJCESPC7Z,0.500000,0.500000,6,6,7,7,7,7,7,7,7,7,7,9,9,6,5.627076348496808,3.732654033228755,7.098244968801737,0.0
1779969665,70,,Aggregated,22.500000,22.500000,6,7,8,10,14,19,42,1000,1100,1100,1100,335,335,6,20.373720289277497,3.0943580204620957,1074.7452299110591,0.0
1779969666,75,GET,/,18.100000,18.100000,7,8,10,11,16,23,42,1000,1100,1100,1100,279,279,7,19.89852615605412,3.453987999819219,1074.7452299110591,0.0
1779969666,75,POST,/cart,2.200000,2.200000,6,7,8,8,9,12,33,33,33,33,33,30,30,6,8.107127738185227,4.1366840014234185,33.22302794549614,0.0
1779969666,75,POST,/cart/checkout,1.400000,1.400000,7,8,11,11,19,1000,1000,1000,1000,1000,1000,23,23,7,54.025016183479,3.8147050654515624,1049.9246780527756,0.0
1779969666,75,GET,/product/0PUK6V6EV0,0.500000,0.500000,6,6,7,7,8,8,8,8,8,8,8,8,8,6,5.6731503864284605,3.8498759968206286,7.545968051999807,0.0
1779969666,75,GET,/product/1YMWWN1N4O,0.600000,0.600000,5,6,6,9,9,9,9,9,9,9,9,6,6,5,5.99410617724061,3.6633709678426385,9.093222091905773,0.0
1779969666,75,GET,/product/2ZYFJ3GM2N,0.600000,0.600000,6,6,6,8,8,8,8,8,8,8,8,6,6,6,5.546682475445171,3.0943580204620957,7.617570925503969,0.0
1779969666,75,GET,/product/66VCHSJNUP,0.100000,0.100000,6,6,9,9,9,9,9,9,9,9,9,3,3,6,6.484570020499329,4.150107968598604,9.1890700859949,0.0
1779969666,75,GET,/product/6E92ZMYYFZ,0.500000,0.500000,6,6,47,47,47,47,47,47,47,47,47,5,5,6,14.727584226056933,5.651892977766693,46.834155917167664,0.0
1779969666,75,GET,/product/9SIQT8TOJO,0.200000,0.200000,5,5,8,8,8,8,8,8,8,8,8,5,5,4,4.942144593223929,3.5685389302670956,7.825051085092127,0.0
1779969666,75,GET,/product/L9ECAV7KIM,0.300000,0.300000,6,9,9,10,10,10,10,10,10,10,10,5,5,6,7.1799156023189425,5.0897179171442986,10.169485001824796,0.0
1779969666,75,GET,/product/LS4PSXUNUM,0.200000,0.200000,6,6,6,6,6,6,6,6,6,6,6,4,4,5,5.280685494653881,4.103512968868017,6.373838987201452,0.0
1779969666,75,GET,/product/OLJCESPC7Z,0.800000,0.800000,6,6,7,7,7,7,7,7,7,7,7,9,9,6,5.627076348496808,3.732654033228755,7.098244968801737,0.0
1779969666,75,,Aggregated,25.500000,25.500000,6,8,9,10,15,22,41,1000,1100,1100,1100,383,383,7,19.262601300774936,3.0943580204620957,1074.7452299110591,0.0
1779969667,80,GET,/,20.600000,20.600000,7,8,10,11,16,22,41,1000,1100,1100,1100,318,318,7,18.34361258719948,3.453987999819219,1074.7452299110591,0.0
1779969667,80,POST,/cart,2.100000,2.100000,7,7,8,8,11,12,33,33,33,33,33,35,35,7,8.064656545008932,4.1366840014234185,33.22302794549614,0.0
1779969667,80,POST,/cart/checkout,1.700000,1.700000,7,9,11,11,19,1000,1000,1000,1000,1000,1000,24,24,7,51.97047638163591,3.8147050654515624,1049.9246780527756,0.0
1779969667,80,GET,/product/0PUK6V6EV0,0.500000,0.500000,6,6,7,7,8,8,8,8,8,8,8,8,8,6,5.6731503864284605,3.8498759968206286,7.545968051999807,0.0
1779969667,80,GET,/product/1YMWWN1N4O,0.500000,0.500000,5,6,6,9,9,9,9,9,9,9,9,6,6,5,5.99410617724061,3.6633709678426385,9.093222091905773,0.0
1779969667,80,GET,/product/2ZYFJ3GM2N,0.500000,0.500000,6,6,6,8,8,8,8,8,8,8,8,6,6,6,5.546682475445171,3.0943580204620957,7.617570925503969,0.0
1779969667,80,GET,/product/66VCHSJNUP,0.200000,0.200000,6,6,9,9,9,9,9,9,9,9,9,4,4,6,6.36729528196156,4.150107968598604,9.1890700859949,0.0
1779969667,80,GET,/product/6E92ZMYYFZ,0.500000,0.500000,6,6,6,6,6,6,6,6,6,6,6,7,7,6,11.6902804334781,4.065258894115686,46.834155917167664,0.0
1779969667,80,GET,/product/9SIQT8TOJO,0.300000,0.300000,6,6,8,8,8,8,8,8,8,8,8,6,6,4,5.0851019914262,3.5685389302670956,7.825051085092127,0.0
1779969667,80,GET,/product/L9ECAV7KIM,0.400000,0.400000,6,9,9,10,10,10,10,10,10,10,10,5,5,6,7.1799156023189425,5.0897179171442986,10.169485001824796,0.0
1779969667,80,GET,/product/LS4PSXUNUM,0.400000,0.400000,5,5,6,6,6,6,6,6,6,6,6,6,6,5,4.97378515622889,4.103512968868017,6.373838987201452,0.0
1779969667,80,GET,/product/OLJCESPC7Z,0.900000,0.900000,6,6,7,7,7,7,7,7,7,7,7,11,11,6,5.640455817973072,3.732654033228755,7.098244968801737,0.0
1779969667,80,,Aggregated,28.600000,28.600000,7,8,9,10,14,21,41,1000,1100,1100,1100,436,436,6,17.759294057405903,3.0943580204620957,1074.7452299110591,0.0
1779969668,85,GET,/,21.900000,21.900000,7,8,10,11,16,22,42,1000,1100,1100,1100,350,350,7,17.49537943762594,3.453987999819219,1074.7452299110591,0.0
1779969668,85,POST,/cart,2.400000,2.400000,7,8,9,11,16,27,33,33,33,33,33,40,40,7,8.792903978610411,4.1366840014234185,33.22302794549614,0.0
1779969668,85,POST,/cart/checkout,1.700000,1.700000,8,11,11,16,21,25,1000,1000,1000,1000,1000,29,29,7,45.48285213893215,3.8147050654515624,1049.9246780527756,0.0
1779969668,85,GET,/product/0PUK6V6EV0,0.600000,0.600000,6,6,7,7,8,8,8,8,8,8,8,8,8,6,5.6731503864284605,3.8498759968206286,7.545968051999807,0.0
1779969668,85,GET,/product/1YMWWN1N4O,0.500000,0.500000,6,6,9,9,9,9,9,9,9,9,9,6,6,5,5.99410617724061,3.6633709678426385,9.093222091905773,0.0
1779969668,85,GET,/product/2ZYFJ3GM2N,0.500000,0.500000,6,6,8,8,8,8,8,8,8,8,8,6,6,6,5.546682475445171,3.0943580204620957,7.617570925503969,0.0
1779969668,85,GET,/product/66VCHSJNUP,0.300000,0.300000,6,6,9,9,9,9,9,9,9,9,9,4,4,6,6.36729528196156,4.150107968598604,9.1890700859949,0.0
1779969668,85,GET,/product/6E92ZMYYFZ,0.400000,0.400000,6,6,6,6,6,6,6,6,6,6,6,7,7,6,11.6902804334781,4.065258894115686,46.834155917167664,0.0
1779969668,85,GET,/product/9SIQT8TOJO,0.300000,0.300000,6,6,6,8,8,8,8,8,8,8,8,7,7,5,5.195877281948924,3.5685389302670956,7.825051085092127,0.0
1779969668,85,GET,/product/L9ECAV7KIM,0.400000,0.400000,6,9,9,10,10,10,10,10,10,10,10,5,5,6,7.1799156023189425,5.0897179171442986,10.169485001824796,0.0
1779969668,85,GET,/product/LS4PSXUNUM,0.400000,0.400000,5,5,6,6,6,6,6,6,6,6,6,6,6,5,4.97378515622889,4.103512968868017,6.373838987201452,0.0
1779969668,85,GET,/product/OLJCESPC7Z,0.900000,0.900000,6,6,7,7,7,7,7,7,7,7,7,12,12,6,5.672617417682583,3.732654033228755,7.098244968801737,0.0
1779969668,85,,Aggregated,30.300000,30.300000,7,8,9,11,15,21,41,52,1100,1100,1100,480,480,7,17.05461998426472,3.0943580204620957,1074.7452299110591,0.0
1779969669,90,GET,/,24.100000,24.100000,7,9,10,11,17,28,42,1000,1100,1100,1100,390,390,7,19.607279216273664,3.453987999819219,1085.446435958147,0.0
1779969669,90,POST,/cart,2.500000,2.500000,7,8,9,10,16,27,33,33,33,33,33,43,43,7,8.735559352803541,4.1366840014234185,33.22302794549614,0.0
1779969669,90,POST,/cart/checkout,1.900000,1.900000,8,11,11,11,19,21,25,25,25,25,25,31,31,8,43.23847516770324,3.8147050654515624,1049.9246780527756,0.0
1779969669,90,GET,/product/0PUK6V6EV0,0.800000,0.800000,6,7,8,8,14,14,14,14,14,14,14,9,9,6,6.63132678406934,3.8498759968206286,14.296737965196371,0.0
1779969669,90,GET,/product/1YMWWN1N4O,0.500000,0.500000,6,6,6,9,9,9,9,9,9,9,9,7,7,6,6.001794727386108,3.6633709678426385,9.093222091905773,0.0
1779969669,90,GET,/product/2ZYFJ3GM2N,0.500000,0.500000,6,6,6,8,8,8,8,8,8,8,8,7,7,6,5.391988554038107,3.0943580204620957,7.617570925503969,0.0
1779969669,90,GET,/product/66VCHSJNUP,0.300000,0.300000,6,6,9,9,9,9,9,9,9,9,9,4,4,6,6.36729528196156,4.150107968598604,9.1890700859949,0.0
1779969669,90,GET,/product/6E92ZMYYFZ,0.300000,0.300000,6,6,6,6,6,6,6,6,6,6,6,7,7,6,11.6902804334781,4.065258894115686,46.834155917167664,0.0
1779969669,90,GET,/product/9SIQT8TOJO,0.400000,0.400000,6,6,6,8,8,8,8,8,8,8,8,7,7,5,5.195877281948924,3.5685389302670956,7.825051085092127,0.0
1779969669,90,GET,/product/L9ECAV7KIM,0.400000,0.400000,9,10,10,21,21,21,21,21,21,21,21,6,6,6,9.552374656777829,5.0897179171442986,21.41466992907226,0.0
1779969669,90,GET,/product/LS4PSXUNUM,0.500000,0.500000,6,6,6,6,9,9,9,9,9,9,9,8,8,5,5.591141496552154,4.103512968868017,8.91779107041657,0.0
1779969669,90,GET,/product/OLJCESPC7Z,1.100000,1.100000,6,6,7,7,7,7,7,7,7,7,7,13,13,6,5.590089462482585,3.732654033228755,7.098244968801737,0.0
1779969669,90,,Aggregated,33.300000,33.300000,7,8,10,11,16,23,41,1000,1100,1100,1100,532,532,7,18.459935956398247,3.0943580204620957,1085.446435958147,0.0
1779969670,95,GET,/,26.700000,26.700000,7,9,11,12,16,23,42,1000,1100,1100,1100,422,422,7,18.76032178707297,3.453987999819219,1085.446435958147,0.0
1779969670,95,POST,/cart,2.800000,2.800000,7,8,10,11,16,27,33,33,33,33,33,51,51,7,8.967266986420487,3.543275990523398,33.22302794549614,0.0
1779969670,95,POST,/cart/checkout,2.000000,2.000000,9,11,11,11,19,21,25,25,25,25,25,33,33,8,41.23015770561654,3.8147050654515624,1049.9246780527756,0.0
1779969670,95,GET,/product/0PUK6V6EV0,0.800000,0.800000,6,6,7,7,14,14,14,14,14,14,14,9,9,6,6.63132678406934,3.8498759968206286,14.296737965196371,0.0
1779969670,95,GET,/product/1YMWWN1N4O,0.500000,0.500000,6,6,9,9,9,9,9,9,9,9,9,7,7,6,6.001794727386108,3.6633709678426385,9.093222091905773,0.0
1779969670,95,GET,/product/2ZYFJ3GM2N,0.400000,0.400000,6,6,8,8,8,8,8,8,8,8,8,7,7,6,5.391988554038107,3.0943580204620957,7.617570925503969,0.0
1779969670,95,GET,/product/66VCHSJNUP,0.400000,0.400000,6,6,9,9,9,9,9,9,9,9,9,4,4,6,6.36729528196156,4.150107968598604,9.1890700859949,0.0
1779969670,95,GET,/product/6E92ZMYYFZ,0.500000,0.500000,6,6,6,7,7,7,7,7,7,7,7,8,8,6,11.157403379911557,4.065258894115686,46.834155917167664,0.0
1779969670,95,GET,/product/9SIQT8TOJO,0.400000,0.400000,5,6,6,6,6,6,6,6,6,6,6,8,8,4,5.107103759655729,3.5685389302670956,7.825051085092127,0.0
1779969670,95,GET,/product/L9ECAV7KIM,0.400000,0.400000,9,10,10,21,21,21,21,21,21,21,21,6,6,6,9.552374656777829,5.0897179171442986,21.41466992907226,0.0
1779969670,95,GET,/product/LS4PSXUNUM,0.500000,0.500000,6,6,6,9,14,14,14,14,14,14,14,10,10,5,6.313649995718151,4.103512968868017,13.706777011975646,0.0
1779969670,95,GET,/product/OLJCESPC7Z,0.900000,0.900000,6,6,7,7,7,12,12,12,12,12,12,15,15,6,5.959044870299597,3.732654033228755,12.351199984550476,0.0
1779969670,95,,Aggregated,36.300000,36.300000,7,8,10,11,16,22,41,52,1100,1100,1100,580,580,7,17.654554651656735,3.0943580204620957,1085.446435958147,0.0
1779969671,100,GET,/,28.000000,28.000000,8,10,12,13,19,28,42,1000,1100,1100,1100,467,467,7,20.53943484781282,3.453987999819219,1085.446435958147,0.0
1779969671,100,POST,/cart,3.000000,3.000000,7,9,10,11,16,23,33,33,33,33,33,57,57,7,9.175105565717738,3.543275990523398,33.22302794549614,0.0
1779969671,100,POST,/cart/checkout,2.000000,2.000000,9,11,11,13,19,21,25,25,25,25,25,35,35,8,39.39479449431279,3.8147050654515624,1049.9246780527756,0.0
1779969671,100,GET,/product/0PUK6V6EV0,0.700000,0.700000,6,7,9,9,14,14,14,14,14,14,14,10,10,6,6.83303470723331,3.8498759968206286,14.296737965196371,0.0
1779969671,100,GET,/product/1YMWWN1N4O,0.400000,0.400000,6,7,7,9,9,9,9,9,9,9,9,8,8,6,6.1707386339548975,3.6633709678426385,9.093222091905773,0.0
1779969671,100,GET,/product/2ZYFJ3GM2N,0.400000,0.400000,5,5,6,6,6,6,6,6,6,6,6,8,8,5,5.321061238646507,3.0943580204620957,7.617570925503969,0.0
1779969671,100,GET,/product/66VCHSJNUP,0.400000,0.400000,6,8,8,9,9,9,9,9,9,9,9,5,5,6,6.745346030220389,4.150107968598604,9.1890700859949,0.0
1779969671,100,GET,/product/6E92ZMYYFZ,0.500000,0.500000,6,6,7,7,9,9,9,9,9,9,9,9,9,6,10.903106885962188,4.065258894115686,46.834155917167664,0.0
1779969671,100,GET,/product/9SIQT8TOJO,0.500000,0.500000,5,6,6,6,6,6,6,6,6,6,6,8,8,4,5.107103759655729,3.5685389302670956,7.825051085092127,0.0
1779969671,100,GET,/product/L9ECAV7KIM,0.500000,0.500000,9,10,10,21,21,21,21,21,21,21,21,6,6,6,9.552374656777829,5.0897179171442986,21.41466992907226,0.0
1779969671,100,GET,/product/LS4PSXUNUM,0.600000,0.600000,6,6,6,9,14,14,14,14,14,14,14,11,11,6,6.241657718254084,4.103512968868017,13.706777011975646,0.0
1779969671,100,GET,/product/OLJCESPC7Z,1.000000,1.000000,6,6,7,9,12,12,12,12,12,12,12,17,17,6,6.507969653124318,3.732654033228755,12.351199984550476,0.0
1779969671,100,,Aggregated,38.000000,38.000000,7,9,11,13,18,24,41,1000,1100,1100,1100,641,641,7,18.81949942851041,3.0943580204620957,1085.446435958147,0.0
1779969672,105,GET,/,30.400000,30.400000,8,10,12,13,18,24,32,1000,1100,1100,1100,525,525,7,19.495498830275167,3.453987999819219,1085.446435958147,0.0
1779969672,105,POST,/cart,3.100000,3.100000,8,10,11,15,19,23,33,33,33,33,33,60,60,7,9.509591686461741,3.543275990523398,33.22302794549614,0.0
1779969672,105,POST,/cart/checkout,2.400000,2.400000,9,11,11,13,19,21,25,25,25,25,25,36,36,8,38.46394162004193,3.8147050654515624,1049.9246780527756,0.0
1779969672,105,GET,/product/0PUK6V6EV0,0.700000,0.700000,6,6,7,9,14,14,14,14,14,14,14,11,11,6,6.6852340982718905,3.8498759968206286,14.296737965196371,0.0
1779969672,105,GET,/product/1YMWWN1N4O,0.400000,0.400000,6,7,7,10,10,10,10,10,10,10,10,10,10,6,6.3986099092289805,3.6633709678426385,10.011484031565487,0.0
1779969672,105,GET,/product/2ZYFJ3GM2N,0.400000,0.400000,6,6,7,7,7,7,7,7,7,7,7,9,9,6,5.552980557291044,3.0943580204620957,7.617570925503969,0.0
1779969672,105,GET,/product/66VCHSJNUP,0.400000,0.400000,6,8,8,9,9,9,9,9,9,9,9,5,5,6,6.745346030220389,4.150107968598604,9.1890700859949,0.0
1779969672,105,GET,/product/6E92ZMYYFZ,0.500000,0.500000,7,9,9,9,26,26,26,26,26,26,26,11,11,7,12.177722359245474,4.065258894115686,46.834155917167664,0.0
1779969672,105,GET,/product/9SIQT8TOJO,0.400000,0.400000,6,6,6,6,6,6,6,6,6,6,6,8,8,4,5.107103759655729,3.5685389302670956,7.825051085092127,0.0
1779969672,105,GET,/product/L9ECAV7KIM,0.500000,0.500000,10,10,21,21,21,21,21,21,21,21,21,6,6,6,9.552374656777829,5.0897179171442986,21.41466992907226,0.0
1779969672,105,GET,/product/LS4PSXUNUM,0.800000,0.800000,6,6,6,9,14,14,14,14,14,14,14,11,11,6,6.241657718254084,4.103512968868017,13.706777011975646,0.0
1779969672,105,GET,/product/OLJCESPC7Z,1.200000,1.200000,6,7,9,9,12,12,12,12,12,12,12,19,19,6,6.665507742007704,3.732654033228755,12.351199984550476,0.0
1779969672,105,,Aggregated,41.200000,41.200000,7,9,11,13,18,23,32,52,1100,1100,1100,711,711,7,18.057764304799203,3.0943580204620957,1085.446435958147,0.0
1779969673,110,GET,/,32.100000,32.100000,8,10,13,14,20,25,41,1000,1100,1100,1100,562,562,8,20.965554275644408,3.453987999819219,1085.446435958147,0.0
1779969673,110,POST,/cart,3.600000,3.600000,8,10,14,15,19,23,33,33,33,33,33,66,66,7,9.54696762368478,3.543275990523398,33.22302794549614,0.0
1779969673,110,POST,/cart/checkout,2.200000,2.200000,8,10,11,11,18,21,25,25,25,25,25,37,37,8,37.90544760350541,3.8147050654515624,1049.9246780527756,0.0
1779969673,110,GET,/product/0PUK6V6EV0,0.700000,0.700000,6,7,9,9,14,14,14,14,14,14,14,12,12,6,6.601406678479786,3.8498759968206286,14.296737965196371,0.0
1779969673,110,GET,/product/1YMWWN1N4O,0.400000,0.400000,6,7,7,10,10,10,10,10,10,10,10,10,10,6,6.3986099092289805,3.6633709678426385,10.011484031565487,0.0
1779969673,110,GET,/product/2ZYFJ3GM2N,0.400000,0.400000,6,7,7,19,19,19,19,19,19,19,19,10,10,6,6.903954700101167,3.0943580204620957,19.062721985392272,0.0
1779969673,110,GET,/product/66VCHSJNUP,0.400000,0.400000,8,9,9,9,9,9,9,9,9,9,9,6,6,6,7.101772353053093,4.150107968598604,9.1890700859949,0.0
1779969673,110,GET,/product/6E92ZMYYFZ,0.500000,0.500000,7,9,9,9,26,26,26,26,26,26,26,11,11,7,12.177722359245474,4.065258894115686,46.834155917167664,0.0
1779969673,110,GET,/product/9SIQT8TOJO,0.500000,0.500000,6,6,6,6,6,6,6,6,6,6,6,8,8,4,5.107103759655729,3.5685389302670956,7.825051085092127,0.0
1779969673,110,GET,/product/L9ECAV7KIM,0.500000,0.500000,10,10,21,21,21,21,21,21,21,21,21,7,7,9,9.45451355073601,5.0897179171442986,21.41466992907226,0.0
1779969673,110,GET,/product/LS4PSXUNUM,0.900000,0.900000,6,6,6,9,14,14,14,14,14,14,14,11,11,6,6.241657718254084,4.103512968868017,13.706777011975646,0.0
1779969673,110,GET,/product/OLJCESPC7Z,1.200000,1.200000,6,7,9,9,12,12,12,12,12,12,12,20,20,6,6.6246372065506876,3.732654033228755,12.351199984550476,0.0
1779969673,110,,Aggregated,43.400000,43.400000,8,10,12,14,19,24,32,1000,1100,1100,1100,760,760,7,19.095053207466233,3.0943580204620957,1085.446435958147,0.0
1779969674,115,GET,/,33.500000,33.500000,9,11,14,16,20,28,41,87,1100,1100,1100,616,616,8,20.4242327253942,3.453987999819219,1085.446435958147,0.0
1779969674,115,POST,/cart,4.300000,4.300000,9,11,15,16,21,23,33,33,33,33,33,74,74,8,9.984803219275499,3.543275990523398,33.22302794549614,0.0
1779969674,115,POST,/cart/checkout,2.300000,2.300000,10,11,13,16,21,25,49,49,49,49,49,41,41,9,36.234418713919275,3.8147050654515624,1049.9246780527756,0.0
1779969674,115,GET,/product/0PUK6V6EV0,0.500000,0.500000,6,7,9,9,14,14,14,14,14,14,14,12,12,6,6.601406678479786,3.8498759968206286,14.296737965196371,0.0
1779969674,115,GET,/product/1YMWWN1N4O,0.500000,0.500000,6,7,7,10,10,10,10,10,10,10,10,10,10,6,6.3986099092289805,3.6633709678426385,10.011484031565487,0.0
1779969674,115,GET,/product/2ZYFJ3GM2N,0.300000,0.300000,7,7,10,10,19,19,19,19,19,19,19,11,11,6,7.201286815953526,3.0943580204620957,19.062721985392272,0.0
1779969674,115,GET,/product/66VCHSJNUP,0.400000,0.400000,9,9,15,15,35,35,35,35,35,35,35,8,8,8,11.553841264685616,4.150107968598604,34.60413299035281,0.0
1779969674,115,GET,/product/6E92ZMYYFZ,0.600000,0.600000,7,9,9,13,26,26,26,26,26,26,26,13,13,7,11.694564161678919,4.065258894115686,46.834155917167664,0.0
1779969674,115,GET,/product/9SIQT8TOJO,0.400000,0.400000,6,6,6,6,6,6,6,6,6,6,6,8,8,4,5.107103759655729,3.5685389302670956,7.825051085092127,0.0
1779969674,115,GET,/product/L9ECAV7KIM,0.500000,0.500000,17,17,19,19,21,21,21,21,21,21,21,10,10,9,11.735685775056481,5.0897179171442986,21.41466992907226,0.0
1779969674,115,GET,/product/LS4PSXUNUM,0.900000,0.900000,6,6,6,9,14,14,14,14,14,14,14,12,12,5,6.1712091555818915,4.103512968868017,13.706777011975646,0.0
1779969674,115,GET,/product/OLJCESPC7Z,1.300000,1.300000,6,9,9,11,12,12,12,12,12,12,12,21,21,6,6.8315919156053235,3.732654033228755,12.351199984550476,0.0
1779969674,115,,Aggregated,45.500000,45.500000,9,11,13,15,20,26,35,49,1100,1100,1100,836,836,8,18.71820907977423,3.0943580204620957,1085.446435958147,0.0
1779969675,120,GET,/,36.200000,36.200000,9,11,13,15,20,29,44,52,1100,1100,1100,665,665,8,19.88983915443007,3.453987999819219,1085.446435958147,0.0
1779969675,120,POST,/cart,4.300000,4.300000,10,11,15,16,19,23,27,33,33,33,33,80,80,8,9.8999489666312,3.543275990523398,33.22302794549614,0.0
1779969675,120,POST,/cart/checkout,2.000000,2.000000,10,11,16,18,25,49,1000,1000,1000,1000,1000,45,45,9,56.19886273828646,3.8147050654515624,1049.9246780527756,0.0
1779969675,120,GET,/product/0PUK6V6EV0,0.600000,0.600000,7,7,7,9,14,14,14,14,14,14,14,15,15,6,6.634399411268532,3.8498759968206286,14.296737965196371,0.0
1779969675,120,GET,/product/1YMWWN1N4O,0.500000,0.500000,6,7,7,7,10,10,10,10,10,10,10,12,12,6,6.380776593384023,3.6633709678426385,10.011484031565487,0.0
1779969675,120,GET,/product/2ZYFJ3GM2N,0.300000,0.300000,7,10,10,19,19,19,19,19,19,19,19,11,11,6,7.201286815953526,3.0943580204620957,19.062721985392272,0.0
1779969675,120,GET,/product/66VCHSJNUP,0.400000,0.400000,9,15,18,18,35,35,35,35,35,35,35,9,9,9,12.234108677754799,4.150107968598604,34.60413299035281,0.0
1779969675,120,GET,/product/6E92ZMYYFZ,0.700000,0.700000,7,9,9,13,26,26,26,26,26,26,26,14,14,6,11.299514436229531,4.065258894115686,46.834155917167664,0.0
1779969675,120,GET,/product/9SIQT8TOJO,0.400000,0.400000,6,6,6,6,6,6,6,6,6,6,6,8,8,4,5.107103759655729,3.5685389302670956,7.825051085092127,0.0
1779969675,120,GET,/product/L9ECAV7KIM,0.400000,0.400000,17,17,19,19,21,21,21,21,21,21,21,10,10,9,11.735685775056481,5.0897179171442986,21.41466992907226,0.0
1779969675,120,GET,/product/LS4PSXUNUM,0.900000,0.900000,5,6,6,9,14,14,14,14,14,14,14,13,13,5,6.036478757428435,4.103512968868017,13.706777011975646,0.0
1779969675,120,GET,/product/OLJCESPC7Z,1.400000,1.400000,7,9,11,11,12,12,12,12,12,12,12,21,21,6,6.8315919156053235,3.732654033228755,12.351199984550476,0.0
1779969675,120,,Aggregated,48.100000,48.100000,9,11,13,15,20,28,43,52,1100,1100,1100,903,903,8,19.326067293049398,3.0943580204620957,1085.446435958147,0.0
1779969676,125,GET,/,38.300000,38.300000,9,12,14,16,21,29,46,87,1100,1100,1100,721,721,8,20.783393681417483,3.453987999819219,1085.446435958147,0.0
1779969676,125,POST,/cart,4.300000,4.300000,9,11,14,16,19,23,23,27,27,27,27,85,85,8,9.777344146962552,3.543275990523398,33.22302794549614,0.0
1779969676,125,POST,/cart/checkout,2.100000,2.100000,11,13,16,18,25,49,1000,1000,1000,1000,1000,46,46,9,55.26840600498912,3.8147050654515624,1049.9246780527756,0.0
1779969676,125,GET,/product/0PUK6V6EV0,0.700000,0.700000,7,7,7,9,14,14,14,14,14,14,14,15,15,6,6.634399411268532,3.8498759968206286,14.296737965196371,0.0
1779969676,125,GET,/product/1YMWWN1N4O,0.400000,0.400000,7,7,9,9,10,10,10,10,10,10,10,13,13,6,6.544973934069276,3.6633709678426385,10.011484031565487,0.0
1779969676,125,GET,/product/2ZYFJ3GM2N,0.400000,0.400000,7,8,10,10,19,19,19,19,19,19,19,13,13,6,7.020384834434551,3.0943580204620957,19.062721985392272,0.0
1779969676,125,GET,/product/66VCHSJNUP,0.500000,0.500000,9,15,18,18,35,35,35,35,35,35,35,10,10,8,11.849646305199713,4.150107968598604,34.60413299035281,0.0
1779969676,125,GET,/product/6E92ZMYYFZ,0.700000,0.700000,9,12,13,13,14,26,26,26,26,26,26,16,16,7,11.456323001766577,4.065258894115686,46.834155917167664,0.0
1779969676,125,GET,/product/9SIQT8TOJO,0.400000,0.400000,6,6,6,7,7,7,7,7,7,7,7,10,10,4,5.1274282042868435,3.5685389302670956,7.825051085092127,0.0
1779969676,125,GET,/product/L9ECAV7KIM,0.500000,0.500000,17,17,19,19,21,21,21,21,21,21,21,11,11,9,11.112136247737164,4.876640974543989,21.41466992907226,0.0
1779969676,125,GET,/product/LS4PSXUNUM,1.000000,1.000000,6,6,6,9,14,14,14,14,14,14,14,14,14,5,6.004641206735479,4.103512968868017,13.706777011975646,0.0
1779969676,125,GET,/product/OLJCESPC7Z,1.300000,1.300000,7,9,11,12,12,18,18,18,18,18,18,23,23,6,7.302587360913015,3.732654033228755,18.315931083634496,0.0
1779969676,125,,Aggregated,50.600000,50.600000,9,12,14,16,20,28,44,87,1100,1100,1100,977,977,8,19.817239842606384,3.0943580204620957,1085.446435958147,0.0
1779969677,130,GET,/,39.600000,39.600000,10,12,15,16,22,29,44,87,1100,1100,1100,780,780,8,20.034601122815495,3.453987999819219,1085.446435958147,0.0
1779969677,130,POST,/cart,5.000000,5.000000,9,11,14,16,19,23,26,27,27,27,27,92,92,8,9.824368290339962,3.543275990523398,33.22302794549614,0.0
1779969677,130,POST,/cart/checkout,2.100000,2.100000,10,11,13,16,28,49,1000,1000,1000,1000,1000,50,50,9,51.81910536484793,3.8147050654515624,1049.9246780527756,0.0
1779969677,130,GET,/product/0PUK6V6EV0,0.800000,0.800000,7,7,9,9,14,14,14,14,14,14,14,15,15,6,6.634399411268532,3.8498759968206286,14.296737965196371,0.0
1779969677,130,GET,/product/1YMWWN1N4O,0.400000,0.400000,7,7,9,9,10,10,10,10,10,10,10,13,13,6,6.544973934069276,3.6633709678426385,10.011484031565487,0.0
1779969677,130,GET,/product/2ZYFJ3GM2N,0.500000,0.500000,7,8,10,10,19,19,19,19,19,19,19,13,13,6,7.020384834434551,3.0943580204620957,19.062721985392272,0.0
1779969677,130,GET,/product/66VCHSJNUP,0.600000,0.600000,9,14,15,18,35,35,35,35,35,35,35,12,12,8,11.665850344191616,4.150107968598604,34.60413299035281,0.0
1779969677,130,GET,/product/6E92ZMYYFZ,0.800000,0.800000,9,12,13,14,26,64,64,64,64,64,64,19,19,9,14.016931582438318,4.065258894115686,64.15285309776664,0.0
1779969677,130,GET,/product/9SIQT8TOJO,0.300000,0.300000,6,6,7,7,7,7,7,7,7,7,7,10,10,4,5.1274282042868435,3.5685389302670956,7.825051085092127,0.0
1779969677,130,GET,/product/L9ECAV7KIM,0.600000,0.600000,15,17,19,19,21,21,21,21,21,21,21,12,12,9,10.570433475853255,4.6117029851302505,21.41466992907226,0.0
1779969677,130,GET,/product/LS4PSXUNUM,0.800000,0.800000,6,6,9,14,16,16,16,16,16,16,16,15,15,6,6.677995257390042,4.103512968868017,16.104951966553926,0.0
1779969677,130,GET,/product/OLJCESPC7Z,1.200000,1.200000,9,9,12,12,12,18,18,18,18,18,18,23,23,6,7.302587360913015,3.732654033228755,18.315931083634496,0.0
1779969677,130,,Aggregated,52.700000,52.700000,9,12,14,16,21,28,44,64,1100,1100,1100,1054,1054,8,19.212725339678293,3.0943580204620957,1085.446435958147,0.0
1779969678,135,GET,/,42.600000,42.600000,10,12,14,16,21,28,43,87,1100,1100,1100,837,837,8,19.349444353938537,3.453987999819219,1085.446435958147,0.0
1779969678,135,POST,/cart,5.400000,5.400000,9,11,14,15,19,23,26,1000,1000,1000,1000,100,100,8,19.92245349800214,3.543275990523398,1026.2838170165196,0.0
1779969678,135,POST,/cart/checkout,2.400000,2.400000,10,13,16,18,30,49,1000,1000,1000,1000,1000,52,52,9,50.5830265644293,3.8147050654515624,1049.9246780527756,0.0
1779969678,135,GET,/product/0PUK6V6EV0,0.900000,0.900000,7,7,9,9,14,14,14,14,14,14,14,15,15,6,6.634399411268532,3.8498759968206286,14.296737965196371,0.0
1779969678,135,GET,/product/1YMWWN1N4O,0.700000,0.700000,7,7,9,10,10,10,10,10,10,10,10,16,16,6,6.6479055167292245,3.6633709678426385,10.258774040266871,0.0
1779969678,135,GET,/product/2ZYFJ3GM2N,0.700000,0.700000,8,9,10,10,19,19,19,19,19,19,19,14,14,6,7.1790229163265655,3.0943580204620957,19.062721985392272,0.0
1779969678,135,GET,/product/66VCHSJNUP,0.600000,0.600000,9,14,15,15,18,35,35,35,35,35,35,14,14,8,10.971865292438972,4.114347975701094,34.60413299035281,0.0
1779969678,135,GET,/product/6E92ZMYYFZ,1.000000,1.000000,9,12,13,14,26,64,64,64,64,64,64,20,20,7,13.51987550733611,4.065258894115686,64.15285309776664,0.0
1779969678,135,GET,/product/9SIQT8TOJO,0.500000,0.500000,7,7,7,7,8,8,8,8,8,8,8,14,14,5,5.515443502060537,3.5685389302670956,8.069855975918472,0.0
1779969678,135,GET,/product/L9ECAV7KIM,0.500000,0.500000,15,17,19,19,21,21,21,21,21,21,21,13,13,9,10.406071750017313,4.6117029851302505,21.41466992907226,0.0
1779969678,135,GET,/product/LS4PSXUNUM,0.900000,0.900000,6,9,14,14,16,16,16,16,16,16,16,15,15,6,6.677995257390042,4.103512968868017,16.104951966553926,0.0
1779969678,135,GET,/product/OLJCESPC7Z,1.200000,1.200000,9,11,12,12,12,18,18,18,18,18,18,27,27,6,7.575780015300821,3.732654033228755,18.315931083634496,0.0
1779969678,135,,Aggregated,57.400000,57.400000,9,12,14,16,20,27,44,87,1100,1100,1100,1137,1137,8,19.406905198730232,3.0943580204620957,1085.446435958147,0.0
1779969679,140,GET,/,44.700000,44.700000,10,12,15,16,21,28,43,87,1100,1100,1100,907,907,8,20.89550269189031,3.453987999819219,1085.446435958147,0.0
1779969679,140,POST,/cart,5.500000,5.500000,9,11,13,15,19,23,33,1000,1000,1000,1000,107,107,8,19.368400698240464,3.543275990523398,1026.2838170165196,0.0
1779969679,140,POST,/cart/checkout,2.400000,2.400000,10,13,18,28,30,49,1000,1000,1000,1000,1000,55,55,9,48.60312640878626,3.8147050654515624,1049.9246780527756,0.0
1779969679,140,GET,/product/0PUK6V6EV0,0.700000,0.700000,7,7,8,9,14,14,14,14,14,14,14,17,17,6,6.659883005982813,3.8498759968206286,14.296737965196371,0.0
1779969679,140,GET,/product/1YMWWN1N4O,0.700000,0.700000,7,7,9,9,10,10,10,10,10,10,10,18,18,6,6.408020621165633,3.6633709678426385,10.258774040266871,0.0
1779969679,140,GET,/product/2ZYFJ3GM2N,0.700000,0.700000,7,8,9,10,19,19,19,19,19,19,19,15,15,6,7.10298599054416,3.0943580204620957,19.062721985392272,0.0
1779969679,140,GET,/product/66VCHSJNUP,0.800000,0.800000,9,14,15,15,18,35,35,35,35,35,35,15,15,8,10.759969800710678,4.114347975701094,34.60413299035281,0.0
1779969679,140,GET,/product/6E92ZMYYFZ,1.300000,1.300000,9,12,13,14,26,64,64,64,64,64,64,21,21,7,13.08084348039258,4.065258894115686,64.15285309776664,0.0
1779969679,140,GET,/product/9SIQT8TOJO,0.400000,0.400000,7,7,7,7,8,8,8,8,8,8,8,15,15,6,5.561008265552421,3.5685389302670956,8.069855975918472,0.0
1779969679,140,GET,/product/L9ECAV7KIM,0.700000,0.700000,10,15,17,19,21,21,21,21,21,21,21,14,14,9,10.377530840092472,4.6117029851302505,21.41466992907226,0.0
1779969679,140,GET,/product/LS4PSXUNUM,0.900000,0.900000,6,6,6,6,16,16,16,16,16,16,16,15,15,6,6.677995257390042,4.103512968868017,16.104951966553926,0.0
1779969679,140,GET,/product/OLJCESPC7Z,1.200000,1.200000,9,11,11,12,12,18,18,18,18,18,18,28,28,6,7.497447729942256,3.732654033228755,18.315931083634496,0.0
1779969679,140,,Aggregated,60.000000,60.000000,9,12,14,16,21,28,44,1000,1100,1100,1100,1227,1227,8,20.38126749961129,3.0943580204620957,1085.446435958147,0.0
1779969680,145,GET,/,46.600000,46.600000,10,12,15,16,21,28,43,87,1100,1100,1100,972,972,9,20.367743879189685,3.453987999819219,1085.446435958147,0.0
1779969680,145,POST,/cart,5.600000,5.600000,9,11,14,18,23,27,33,1000,1000,1000,1000,110,110,8,19.351978970437564,3.543275990523398,1026.2838170165196,0.0
1779969680,145,POST,/cart/checkout,2.300000,2.300000,11,16,17,24,30,49,1000,1000,1000,1000,1000,63,63,10,44.20657781884074,3.8147050654515624,1049.9246780527756,0.0
1779969680,145,GET,/product/0PUK6V6EV0,0.700000,0.700000,7,7,8,9,23,23,23,23,23,23,23,18,18,6,7.561248339091738,3.8498759968206286,22.88445900194347,0.0
1779969680,145,GET,/product/1YMWWN1N4O,0.800000,0.800000,7,10,12,12,12,13,13,13,13,13,13,22,22,7,7.499898376408964,3.6633709678426385,12.726159999147058,0.0
1779969680,145,GET,/product/2ZYFJ3GM2N,0.800000,0.800000,9,9,10,10,10,19,19,19,19,19,19,18,18,6,7.4545961041520865,3.0943580204620957,19.062721985392272,0.0
1779969680,145,GET,/product/66VCHSJNUP,0.900000,0.900000,10,14,15,18,22,35,35,35,35,35,35,18,18,8,11.159083055746224,4.114347975701094,34.60413299035281,0.0
1779969680,145,GET,/product/6E92ZMYYFZ,1.200000,1.200000,9,12,13,14,26,64,64,64,64,64,64,22,22,7,12.90786282201721,4.065258894115686,64.15285309776664,0.0
1779969680,145,GET,/product/9SIQT8TOJO,0.500000,0.500000,7,7,7,7,8,8,8,8,8,8,8,15,15,6,5.561008265552421,3.5685389302670956,8.069855975918472,0.0
1779969680,145,GET,/product/L9ECAV7KIM,0.700000,0.700000,10,15,17,17,19,19,19,19,19,19,19,14,14,9,10.377530840092472,4.6117029851302505,21.41466992907226,0.0
1779969680,145,GET,/product/LS4PSXUNUM,0.900000,0.900000,6,6,6,6,16,16,16,16,16,16,16,15,15,6,6.677995257390042,4.103512968868017,16.104951966553926,0.0
1779969680,145,GET,/product/OLJCESPC7Z,1.300000,1.300000,9,9,11,12,14,18,18,18,18,18,18,31,31,7,7.780979271046817,3.732654033228755,18.315931083634496,0.0
1779969680,145,,Aggregated,62.300000,62.300000,10,12,14,16,21,28,43,87,1100,1100,1100,1318,1318,8,19.879650548757628,3.0943580204620957,1085.446435958147,0.0
1779969681,150,GET,/,48.900000,48.900000,10,12,15,16,21,27,42,87,1100,1100,1100,1032,1032,9,20.830479436535967,3.453987999819219,1085.446435958147,0.0
1779969681,150,POST,/cart,6.100000,6.100000,10,12,14,18,23,30,33,1000,1000,1000,1000,118,118,8,18.877566582917915,3.543275990523398,1026.2838170165196,0.0
1779969681,150,POST,/cart/checkout,2.400000,2.400000,11,16,17,24,30,49,1000,1000,1000,1000,1000,64,64,9,43.6321350880462,3.8147050654515624,1049.9246780527756,0.0
1779969681,150,GET,/product/0PUK6V6EV0,0.700000,0.700000,6,7,7,8,23,23,23,23,23,23,23,19,19,6,7.4158354760392715,3.8498759968206286,22.88445900194347,0.0
1779969681,150,GET,/product/1YMWWN1N4O,1.100000,1.100000,9,10,12,12,12,13,13,13,13,13,13,22,22,7,7.499898376408964,3.6633709678426385,12.726159999147058,0.0
1779969681,150,GET,/product/2ZYFJ3GM2N,0.800000,0.800000,9,9,10,10,11,19,19,19,19,19,19,21,21,7,7.580097321243513,3.0943580204620957,19.062721985392272,0.0
1779969681,150,GET,/product/66VCHSJNUP,1.100000,1.100000,10,12,15,18,22,35,35,35,35,35,35,19,19,9,11.115244209864422,4.114347975701094,34.60413299035281,0.0
1779969681,150,GET,/product/6E92ZMYYFZ,1.300000,1.300000,9,12,14,22,26,64,64,64,64,64,64,24,24,7,12.876710752607323,3.5582379205152392,64.15285309776664,0.0
1779969681,150,GET,/product/9SIQT8TOJO,0.700000,0.700000,7,7,7,8,15,15,15,15,15,15,15,17,17,6,6.098468705792637,3.5685389302670956,14.82735201716423,0.0
1779969681,150,GET,/product/L9ECAV7KIM,0.700000,0.700000,9,10,15,17,19,19,19,19,19,19,19,16,16,9,10.081950982566923,4.6117029851302505,21.41466992907226,0.0
1779969681,150,GET,/product/LS4PSXUNUM,0.800000,0.800000,6,6,16,16,16,16,16,16,16,16,16,15,15,6,6.677995257390042,4.103512968868017,16.104951966553926,0.0
1779969681,150,GET,/product/OLJCESPC7Z,1.600000,1.600000,9,11,11,12,14,18,18,18,18,18,18,31,31,7,7.780979271046817,3.732654033228755,18.315931083634496,0.0
1779969681,150,,Aggregated,66.200000,66.200000,10,12,14,16,21,27,43,87,1100,1100,1100,1398,1398,8,20.106395658819093,3.0943580204620957,1085.446435958147,0.0
1779969682,150,GET,/,52.100000,52.100000,10,12,14,16,20,27,42,87,1100,1100,1100,1092,1092,9,20.281058429435898,3.453987999819219,1085.446435958147,0.0
1779969682,150,POST,/cart,6.400000,6.400000,9,11,13,14,20,27,33,1000,1000,1000,1000,127,127,8,18.160448108953755,3.543275990523398,1026.2838170165196,0.0
1779969682,150,POST,/cart/checkout,2.200000,2.200000,11,16,17,18,28,49,1000,1000,1000,1000,1000,67,67,10,42.21819619015693,3.8147050654515624,1049.9246780527756,0.0
1779969682,150,GET,/product/0PUK6V6EV0,0.800000,0.800000,7,7,8,8,23,23,23,23,23,23,23,19,19,6,7.4158354760392715,3.8498759968206286,22.88445900194347,0.0
1779969682,150,GET,/product/1YMWWN1N4O,1.300000,1.300000,9,10,12,12,13,13,13,13,13,13,13,25,25,7,7.651287894695997,3.6633709678426385,12.887198012322187,0.0
1779969682,150,GET,/product/2ZYFJ3GM2N,0.900000,0.900000,9,10,10,11,13,19,19,19,19,19,19,22,22,7,7.814707213335416,3.0943580204620957,19.062721985392272,0.0
1779969682,150,GET,/product/66VCHSJNUP,1.100000,1.100000,10,12,15,15,22,35,35,35,35,35,35,21,21,9,10.952415948157155,4.114347975701094,34.60413299035281,0.0
1779969682,150,GET,/product/6E92ZMYYFZ,1.300000,1.300000,12,13,14,22,26,64,64,64,64,64,64,25,25,9,13.412364483810961,3.5582379205152392,64.15285309776664,0.0
1779969682,150,GET,/product/9SIQT8TOJO,0.800000,0.800000,7,8,9,9,10,15,15,15,15,15,15,19,19,6,6.46985136585212,3.5685389302670956,14.82735201716423,0.0
1779969682,150,GET,/product/L9ECAV7KIM,0.800000,0.800000,9,10,11,15,17,19,19,19,19,19,19,19,19,9,9.700534093242727,4.6117029851302505,21.41466992907226,0.0
1779969682,150,GET,/product/LS4PSXUNUM,0.600000,0.600000,8,8,16,16,35,35,35,35,35,35,35,18,18,6,8.403737938755917,4.103512968868017,34.97940197121352,0.0
1779969682,150,GET,/product/OLJCESPC7Z,1.400000,1.400000,9,11,12,14,18,23,23,23,23,23,23,33,33,7,8.244530251955219,3.732654033228755,23.272615973837674,0.0
1779969682,150,,Aggregated,69.700000,69.700000,10,12,14,16,20,27,42,87,1100,1100,1100,1487,1487,8,19.5574327112096,3.0943580204620957,1085.446435958147,0.0
1779969683,150,GET,/,54.200000,54.200000,10,12,14,16,20,27,42,49,1100,1100,1100,1158,1158,9,19.743493368281356,3.453987999819219,1085.446435958147,0.0
1779969683,150,POST,/cart,6.200000,6.200000,9,11,13,15,20,27,33,1000,1000,1000,1000,134,134,8,17.670135006808966,3.543275990523398,1026.2838170165196,0.0
1779969683,150,POST,/cart/checkout,2.900000,2.900000,11,13,16,17,28,49,1000,1000,1000,1000,1000,71,71,10,40.439477095275485,3.8147050654515624,1049.9246780527756,0.0
1779969683,150,GET,/product/0PUK6V6EV0,0.900000,0.900000,7,8,9,9,23,23,23,23,23,23,23,20,20,6,7.5036646507214755,3.8498759968206286,22.88445900194347,0.0
1779969683,150,GET,/product/1YMWWN1N4O,1.500000,1.500000,9,10,12,12,13,13,13,13,13,13,13,25,25,7,7.651287894695997,3.6633709678426385,12.887198012322187,0.0
1779969683,150,GET,/product/2ZYFJ3GM2N,1.100000,1.100000,9,9,10,10,11,13,13,13,13,13,13,23,23,7,7.787642555068368,3.0943580204620957,19.062721985392272,0.0
1779969683,150,GET,/product/66VCHSJNUP,1.500000,1.500000,10,12,14,15,22,35,35,35,35,35,35,24,24,9,10.531501495279372,4.114347975701094,34.60413299035281,0.0
1779969683,150,GET,/product/6E92ZMYYFZ,1.400000,1.400000,9,12,14,22,26,64,64,64,64,64,64,26,26,7,13.114668424420346,3.5582379205152392,64.15285309776664,0.0
1779969683,150,GET,/product/9SIQT8TOJO,0.700000,0.700000,7,7,9,9,10,15,15,15,15,15,15,20,20,6,6.420010997680947,3.5685389302670956,14.82735201716423,0.0
1779969683,150,GET,/product/L9ECAV7KIM,0.900000,0.900000,8,10,11,11,17,19,19,19,19,19,19,19,19,9,9.700534093242727,4.6117029851302505,21.41466992907226,0.0
1779969683,150,GET,/product/LS4PSXUNUM,0.400000,0.400000,8,8,12,16,35,35,35,35,35,35,35,20,20,6,8.432450838154182,4.103512968868017,34.97940197121352,0.0
1779969683,150,GET,/product/OLJCESPC7Z,1.500000,1.500000,9,11,12,14,18,23,23,23,23,23,23,33,33,7,8.244530251955219,3.732654033228755,23.272615973837674,0.0
1779969683,150,,Aggregated,73.200000,73.200000,9,12,14,15,20,27,42,64,1100,1100,1100,1573,1573,8,19.05251357407479,3.0943580204620957,1085.446435958147,0.0
1779969684,150,GET,/,56.100000,56.100000,10,12,14,15,19,25,35,48,1100,1100,1100,1225,1225,9,20.073976914531418,3.453987999819219,1085.446435958147,0.0
1779969684,150,POST,/cart,6.500000,6.500000,9,10,12,13,20,30,33,1000,1000,1000,1000,140,140,8,17.464080942694896,3.543275990523398,1026.2838170165196,0.0
1779969684,150,POST,/cart/checkout,3.000000,3.000000,10,13,15,17,28,30,1000,1000,1000,1000,1000,76,76,10,38.477473247391906,3.8147050654515624,1049.9246780527756,0.0
1779969684,150,GET,/product/0PUK6V6EV0,0.900000,0.900000,7,8,9,9,23,23,23,23,23,23,23,21,21,6,7.501552430247622,3.8498759968206286,22.88445900194347,0.0
1779969684,150,GET,/product/1YMWWN1N4O,1.500000,1.500000,9,10,12,12,13,13,13,13,13,13,13,25,25,7,7.651287894695997,3.6633709678426385,12.887198012322187,0.0
1779969684,150,GET,/product/2ZYFJ3GM2N,1.300000,1.300000,9,9,10,11,13,15,15,15,15,15,15,24,24,7,8.072204446458878,3.0943580204620957,19.062721985392272,0.0
1779969684,150,GET,/product/66VCHSJNUP,1.400000,1.400000,9,10,12,12,18,22,22,22,22,22,22,26,26,8,10.27228980540083,4.114347975701094,34.60413299035281,0.0
1779969684,150,GET,/product/6E92ZMYYFZ,1.500000,1.500000,9,12,14,22,26,64,64,64,64,64,64,27,27,7,12.773207630272266,3.5582379205152392,64.15285309776664,0.0
1779969684,150,GET,/product/9SIQT8TOJO,0.900000,0.900000,7,8,9,10,10,15,15,15,15,15,15,22,22,6,6.536631860812618,3.5685389302670956,14.82735201716423,0.0
1779969684,150,GET,/product/L9ECAV7KIM,1.100000,1.100000,9,11,13,17,19,19,19,19,19,19,19,22,22,9,10.25004603434354,4.6117029851302505,21.41466992907226,0.0
1779969684,150,GET,/product/LS4PSXUNUM,0.400000,0.400000,8,12,16,16,35,35,35,35,35,35,35,20,20,6,8.432450838154182,4.103512968868017,34.97940197121352,0.0
1779969684,150,GET,/product/OLJCESPC7Z,1.400000,1.400000,8,11,12,14,18,23,23,23,23,23,23,34,34,7,8.18717891953009,3.732654033228755,23.272615973837674,0.0
1779969684,150,,Aggregated,76.000000,76.000000,9,12,13,15,19,26,35,49,1100,1100,1100,1662,1662,8,19.212217135304442,3.0943580204620957,1085.446435958147,0.0
1779969685,150,GET,/,56.700000,56.700000,9,12,14,15,19,24,33,49,1100,1100,1100,1287,1287,9,20.281909670457882,3.453987999819219,1085.446435958147,0.0
1779969685,150,POST,/cart,6.700000,6.700000,8,10,12,13,20,30,33,1000,1000,1000,1000,146,146,8,17.065245185321682,3.543275990523398,1026.2838170165196,0.0
1779969685,150,POST,/cart/checkout,3.100000,3.100000,11,13,15,16,24,28,30,30,30,30,30,81,81,10,36.76830321970039,3.8147050654515624,1049.9246780527756,0.0
1779969685,150,GET,/product/0PUK6V6EV0,0.800000,0.800000,7,7,8,9,23,23,23,23,23,23,23,22,22,6,7.345913861751217,3.8498759968206286,22.88445900194347,0.0
1779969685,150,GET,/product/1YMWWN1N4O,1.500000,1.500000,7,10,12,12,13,13,13,13,13,13,13,27,27,7,7.556499607205667,3.6633709678426385,12.887198012322187,0.0
1779969685,150,GET,/product/2ZYFJ3GM2N,1.300000,1.300000,9,10,11,13,15,19,19,19,19,19,19,25,25,7,8.528397628106177,3.0943580204620957,19.477033987641335,0.0
1779969685,150,GET,/product/66VCHSJNUP,1.600000,1.600000,8,9,10,12,14,22,22,22,22,22,22,27,27,8,10.075436810169506,4.114347975701094,34.60413299035281,0.0
1779969685,150,GET,/product/6E92ZMYYFZ,1.400000,1.400000,7,12,12,22,26,64,64,64,64,64,64,28,28,7,12.583391358410674,3.5582379205152392,64.15285309776664,0.0
1779969685,150,GET,/product/9SIQT8TOJO,1.100000,1.100000,7,8,10,10,11,15,15,15,15,15,15,24,24,6,6.677870037189375,3.5685389302670956,14.82735201716423,0.0
1779969685,150,GET,/product/L9ECAV7KIM,1.300000,1.300000,7,9,10,11,13,19,19,19,19,19,19,25,25,9,9.761148667894304,4.6117029851302505,21.41466992907226,0.0
1779969685,150,GET,/product/LS4PSXUNUM,0.700000,0.700000,8,12,16,16,35,35,35,35,35,35,35,21,21,6,8.269906936523816,4.103512968868017,34.97940197121352,0.0
1779969685,150,GET,/product/OLJCESPC7Z,1.400000,1.400000,8,11,12,14,18,23,23,23,23,23,23,34,34,7,8.18717891953009,3.732654033228755,23.272615973837674,0.0
1779969685,150,,Aggregated,77.600000,77.600000,9,12,13,14,19,24,33,49,1100,1100,1100,1747,1747,8,19.251358395660404,3.0943580204620957,1085.446435958147,0.0
1779969686,150,GET,/,58.500000,58.500000,9,11,13,14,19,23,28,49,1100,1100,1100,1352,1352,8,20.473179106993914,3.453987999819219,1085.446435958147,0.0
1779969686,150,POST,/cart,6.900000,6.900000,9,11,13,14,26,30,33,1000,1000,1000,1000,150,150,8,16.98569690110162,3.543275990523398,1026.2838170165196,0.0
1779969686,150,POST,/cart/checkout,3.400000,3.400000,10,12,15,16,24,28,30,30,30,30,30,84,84,10,35.696571913181934,3.8147050654515624,1049.9246780527756,0.0
1779969686,150,GET,/product/0PUK6V6EV0,0.800000,0.800000,7,7,8,9,23,23,23,23,23,23,23,23,23,6,7.296568911482135,3.8498759968206286,22.88445900194347,0.0
1779969686,150,GET,/product/1YMWWN1N4O,1.500000,1.500000,9,12,12,13,13,33,33,33,33,33,33,28,28,7,8.481225909365874,3.6633709678426385,33.448836067691445,0.0
1779969686,150,GET,/product/2ZYFJ3GM2N,1.300000,1.300000,9,10,11,13,15,19,19,19,19,19,19,26,26,7,8.361967293939625,3.0943580204620957,19.477033987641335,0.0
1779969686,150,GET,/product/66VCHSJNUP,1.800000,1.800000,8,10,10,12,14,22,22,22,22,22,22,28,28,8,10.004426672821864,4.114347975701094,34.60413299035281,0.0
1779969686,150,GET,/product/6E92ZMYYFZ,1.400000,1.400000,6,9,22,22,26,64,64,64,64,64,64,29,29,7,12.285166106925443,3.5582379205152392,64.15285309776664,0.0
1779969686,150,GET,/product/9SIQT8TOJO,1.200000,1.200000,7,8,10,10,11,15,15,15,15,15,15,25,25,6,6.705084918066859,3.5685389302670956,14.82735201716423,0.0
1779969686,150,GET,/product/L9ECAV7KIM,1.100000,1.100000,8,9,10,10,13,19,19,19,19,19,19,26,26,9,9.740967106503936,4.6117029851302505,21.41466992907226,0.0
1779969686,150,GET,/product/LS4PSXUNUM,0.800000,0.800000,8,12,16,16,35,35,35,35,35,35,35,22,22,6,8.188226170287551,4.103512968868017,34.97940197121352,0.0
1779969686,150,GET,/product/OLJCESPC7Z,1.200000,1.200000,8,9,11,12,14,23,23,23,23,23,23,36,36,6,7.998075785710373,3.732654033228755,23.272615973837674,0.0
1779969686,150,,Aggregated,79.900000,79.900000,9,11,13,14,19,24,33,49,1100,1100,1100,1829,1829,8,19.340715704915027,3.0943580204620957,1085.446435958147,0.0
1779969687,150,GET,/,60.800000,60.800000,8,11,13,14,18,22,33,1000,1100,1100,1100,1421,1421,8,20.646008709904375,3.453987999819219,1085.446435958147,0.0
1779969687,150,POST,/cart,6.600000,6.600000,9,12,13,15,26,30,33,37,37,37,37,157,157,8,16.975541452278094,3.543275990523398,1026.2838170165196,0.0
1779969687,150,POST,/cart/checkout,3.500000,3.500000,10,12,14,15,19,28,30,30,30,30,30,88,88,9,34.40029165490573,3.8147050654515624,1049.9246780527756,0.0
1779969687,150,GET,/product/0PUK6V6EV0,0.800000,0.800000,7,7,8,9,23,23,23,23,23,23,23,25,25,6,7.157604154199362,3.8498759968206286,22.88445900194347,0.0
1779969687,150,GET,/product/1YMWWN1N4O,1.500000,1.500000,7,12,12,12,13,33,33,33,33,33,33,30,30,7,8.3269102149643,3.6633709678426385,33.448836067691445,0.0
1779969687,150,GET,/product/2ZYFJ3GM2N,1.300000,1.300000,9,10,13,15,16,19,19,19,19,19,19,28,28,7,8.633489949196312,3.0943580204620957,19.477033987641335,0.0
1779969687,150,GET,/product/66VCHSJNUP,1.800000,1.800000,8,9,10,10,12,22,22,22,22,22,22,29,29,8,9.93554972128236,4.114347975701094,34.60413299035281,0.0
1779969687,150,GET,/product/6E92ZMYYFZ,1.400000,1.400000,6,7,9,22,26,26,26,26,26,26,26,29,29,7,12.285166106925443,3.5582379205152392,64.15285309776664,0.0
1779969687,150,GET,/product/9SIQT8TOJO,1.400000,1.400000,7,9,10,10,11,15,15,15,15,15,15,25,25,6,6.705084918066859,3.5685389302670956,14.82735201716423,0.0
1779969687,150,GET,/product/L9ECAV7KIM,1.200000,1.200000,8,9,10,10,13,19,19,19,19,19,19,28,28,8,9.393770418163124,3.750817966647446,21.41466992907226,0.0
1779969687,150,GET,/product/LS4PSXUNUM,0.900000,0.900000,8,12,16,16,35,35,35,35,35,35,35,22,22,6,8.188226170287551,4.103512968868017,34.97940197121352,0.0
1779969687,150,GET,/product/OLJCESPC7Z,1.300000,1.300000,8,8,12,12,14,23,23,23,23,23,23,36,36,6,7.998075785710373,3.732654033228755,23.272615973837674,0.0
1779969687,150,,Aggregated,82.500000,82.500000,8,11,12,14,18,23,33,38,1100,1100,1100,1918,1918,8,19.41813051981494,3.0943580204620957,1085.446435958147,0.0
1779969688,150,GET,/,61.500000,61.500000,8,11,13,14,18,23,31,1000,1100,1100,1100,1481,1481,8,20.167349229310812,3.453987999819219,1085.446435958147,0.0
1779969688,150,POST,/cart,6.400000,6.400000,8,10,13,14,22,27,33,37,37,37,37,162,162,8,16.624183363114472,3.543275990523398,1026.2838170165196,0.0
1779969688,150,POST,/cart/checkout,3.800000,3.800000,9,11,13,14,17,23,24,24,24,24,24,92,92,9,33.360124766857,3.8147050654515624,1049.9246780527756,0.0
1779969688,150,GET,/product/0PUK6V6EV0,0.700000,0.700000,7,7,8,8,9,23,23,23,23,23,23,26,26,6,7.1452156497308845,3.8498759968206286,22.88445900194347,0.0
1779969688,150,GET,/product/1YMWWN1N4O,1.400000,1.400000,9,12,12,12,13,33,33,33,33,33,33,33,33,7,8.373873407077609,3.6633709678426385,33.448836067691445,0.0
1779969688,150,GET,/product/2ZYFJ3GM2N,1.200000,1.200000,9,10,13,15,16,19,19,19,19,19,19,29,29,7,8.511411917299545,3.0943580204620957,19.477033987641335,0.0
1779969688,150,GET,/product/66VCHSJNUP,1.800000,1.800000,8,9,10,10,12,22,22,22,22,22,22,29,29,8,9.93554972128236,4.114347975701094,34.60413299035281,0.0
1779969688,150,GET,/product/6E92ZMYYFZ,1.300000,1.300000,6,7,9,22,26,26,26,26,26,26,26,29,29,7,12.285166106925443,3.5582379205152392,64.15285309776664,0.0
1779969688,150,GET,/product/9SIQT8TOJO,1.400000,1.400000,7,9,10,10,11,15,15,15,15,15,15,26,26,6,6.653022500149046,3.5685389302670956,14.82735201716423,0.0
1779969688,150,GET,/product/L9ECAV7KIM,1.500000,1.500000,7,9,9,10,13,19,19,19,19,19,19,31,31,8,8.98595795696301,3.750817966647446,21.41466992907226,0.0
1779969688,150,GET,/product/LS4PSXUNUM,0.800000,0.800000,8,12,13,16,35,35,35,35,35,35,35,23,23,6,8.38432477220245,4.103512968868017,34.97940197121352,0.0
1779969688,150,GET,/product/OLJCESPC7Z,1.300000,1.300000,8,9,12,14,23,1000,1000,1000,1000,1000,1000,37,37,7,35.88911963035227,3.732654033228755,1039.9666980374604,0.0
1779969688,150,,Aggregated,83.100000,83.100000,8,11,13,14,18,23,33,49,1100,1100,1100,1998,1998,8,19.49735670855075,3.0943580204620957,1085.446435958147,0.0
1779969689,150,GET,/,62.300000,62.300000,8,11,13,14,18,23,31,41,1100,1100,1100,1527,1527,8,19.885335873248888,3.202119958586991,1085.446435958147,0.0
1779969689,150,POST,/cart,6.300000,6.300000,8,10,12,14,26,30,33,37,37,37,37,166,166,8,16.421259967862706,3.543275990523398,1026.2838170165196,0.0
1779969689,150,POST,/cart/checkout,3.600000,3.600000,10,12,14,15,19,24,52,52,52,52,52,99,99,9,32.22661615923197,3.8147050654515624,1049.9246780527756,0.0
1779969689,150,GET,/product/0PUK6V6EV0,0.800000,0.800000,7,7,7,7,9,23,23,23,23,23,23,29,29,6,7.021093684858803,3.827756969258189,22.88445900194347,0.0
1779969689,150,GET,/product/1YMWWN1N4O,1.500000,1.500000,9,12,13,13,14,33,33,33,33,33,33,34,34,7,8.545203921932947,3.6633709678426385,33.448836067691445,0.0
1779969689,150,GET,/product/2ZYFJ3GM2N,1.300000,1.300000,9,11,13,15,16,19,19,19,19,19,19,29,29,7,8.511411917299545,3.0943580204620957,19.477033987641335,0.0
1779969689,150,GET,/product/66VCHSJNUP,1.700000,1.700000,8,9,10,12,12,22,22,22,22,22,22,30,30,8,9.830674397138258,4.114347975701094,34.60413299035281,0.0
1779969689,150,GET,/product/6E92ZMYYFZ,1.100000,1.100000,6,7,9,22,26,26,26,26,26,26,26,31,31,7,11.83193629502409,3.5582379205152392,64.15285309776664,0.0
1779969689,150,GET,/product/9SIQT8TOJO,1.500000,1.500000,6,9,10,10,11,15,15,15,15,15,15,27,27,6,6.597519925519548,3.5685389302670956,14.82735201716423,0.0
1779969689,150,GET,/product/L9ECAV7KIM,1.400000,1.400000,7,8,9,9,13,19,19,19,19,19,19,33,33,7,8.84562068632945,3.750817966647446,21.41466992907226,0.0
1779969689,150,GET,/product/LS4PSXUNUM,0.800000,0.800000,8,8,12,13,35,35,35,35,35,35,35,24,24,6,8.312623487048162,4.103512968868017,34.97940197121352,0.0
1779969689,150,GET,/product/OLJCESPC7Z,1.300000,1.300000,8,9,14,23,1000,1000,1000,1000,1000,1000,1000,37,37,7,35.88911963035227,3.732654033228755,1039.9666980374604,0.0
1779969689,150,,Aggregated,83.600000,83.600000,8,10,12,14,18,24,33,41,1100,1100,1100,2066,2066,8,19.206873570376825,3.0943580204620957,1085.446435958147,0.0
1779969690,150,GET,/,63.100000,63.100000,7,10,12,13,18,23,36,55,1100,1100,1100,1602,1602,8,20.041495944782,3.202119958586991,1085.446435958147,0.0
1779969690,150,POST,/cart,6.400000,6.400000,8,9,11,13,22,33,37,60,60,60,60,173,173,8,16.338253912591306,3.543275990523398,1026.2838170165196,0.0
1779969690,150,POST,/cart/checkout,3.800000,3.800000,8,10,12,14,19,35,52,52,52,52,52,100,100,9,31.966645998181775,3.8147050654515624,1049.9246780527756,0.0
1779969690,150,GET,/product/0PUK6V6EV0,1.000000,1.000000,7,7,7,7,7,9,9,9,9,9,9,31,31,6,6.935223512681982,3.827756969258189,22.88445900194347,0.0
1779969690,150,GET,/product/1YMWWN1N4O,1.600000,1.600000,7,9,12,13,14,33,33,33,33,33,33,35,35,7,8.462714437129241,3.6633709678426385,33.448836067691445,0.0
1779969690,150,GET,/product/2ZYFJ3GM2N,1.400000,1.400000,8,13,15,15,16,19,19,19,19,19,19,29,29,7,8.511411917299545,3.0943580204620957,19.477033987641335,0.0
1779969690,150,GET,/product/66VCHSJNUP,1.600000,1.600000,8,9,10,10,12,22,22,22,22,22,22,31,31,8,9.746531482725855,4.114347975701094,34.60413299035281,0.0
1779969690,150,GET,/product/6E92ZMYYFZ,1.000000,1.000000,6,6,7,9,22,26,26,26,26,26,26,35,35,6,11.199529286074851,3.5582379205152392,64.15285309776664,0.0
1779969690,150,GET,/product/9SIQT8TOJO,1.400000,1.400000,7,9,10,10,11,15,15,15,15,15,15,28,28,6,6.623946467048621,3.5685389302670956,14.82735201716423,0.0
1779969690,150,GET,/product/L9ECAV7KIM,1.600000,1.600000,7,8,9,9,13,19,19,19,19,19,19,35,35,7,8.63471193505185,3.750817966647446,21.41466992907226,0.0
1779969690,150,GET,/product/LS4PSXUNUM,0.700000,0.700000,8,12,12,13,35,35,35,35,35,35,35,25,25,6,8.463291306979954,4.103512968868017,34.97940197121352,0.0
1779969690,150,GET,/product/OLJCESPC7Z,1.200000,1.200000,8,9,14,14,23,1000,1000,1000,1000,1000,1000,39,39,6,34.27712023795511,3.732654033228755,1039.9666980374604,0.0
1779969690,150,,Aggregated,84.800000,84.800000,7,9,12,13,18,23,36,55,1100,1100,1100,2163,2163,8,19.240812899568947,3.0943580204620957,1085.446435958147,0.0
1779969691,150,GET,/,63.700000,63.700000,7,10,12,13,18,23,42,69,1100,1100,1100,1672,1672,8,20.238092963950837,3.202119958586991,1085.446435958147,0.0
1779969691,150,POST,/cart,6.100000,6.100000,8,9,11,12,22,33,37,60,60,60,60,175,175,8,16.22474565104182,3.543275990523398,1026.2838170165196,0.0
1779969691,150,POST,/cart/checkout,3.900000,3.900000,8,10,12,14,19,35,52,52,52,52,52,103,103,9,31.224116191349346,3.8147050654515624,1049.9246780527756,0.0
1779969691,150,GET,/product/0PUK6V6EV0,1.200000,1.200000,6,7,7,7,7,9,9,9,9,9,9,33,33,6,6.87018520847866,3.827756969258189,22.88445900194347,0.0
1779969691,150,GET,/product/1YMWWN1N4O,1.600000,1.600000,8,9,13,13,14,33,33,33,33,33,33,35,35,7,8.462714437129241,3.6633709678426385,33.448836067691445,0.0
1779969691,150,GET,/product/2ZYFJ3GM2N,1.500000,1.500000,8,13,15,16,19,19,19,19,19,19,19,31,31,7,8.373647436289296,3.0943580204620957,19.477033987641335,0.0
1779969691,150,GET,/product/66VCHSJNUP,1.400000,1.400000,8,8,9,9,12,56,56,56,56,56,56,33,33,8,10.961000606502322,3.833610098809004,55.73693395126611,0.0
1779969691,150,GET,/product/6E92ZMYYFZ,0.900000,0.900000,6,6,8,8,9,26,26,26,26,26,26,36,36,6,11.112796721540185,3.5582379205152392,64.15285309776664,0.0
1779969691,150,GET,/product/9SIQT8TOJO,1.300000,1.300000,7,7,10,10,10,11,11,11,11,11,11,29,29,6,6.62265086530483,3.5685389302670956,14.82735201716423,0.0
1779969691,150,GET,/product/L9ECAV7KIM,1.800000,1.800000,6,7,9,9,13,19,19,19,19,19,19,36,36,7,8.501872908608574,3.750817966647446,21.41466992907226,0.0
1779969691,150,GET,/product/LS4PSXUNUM,0.900000,0.900000,8,12,12,13,35,35,35,35,35,35,35,25,25,6,8.463291306979954,4.103512968868017,34.97940197121352,0.0
1779969691,150,GET,/product/OLJCESPC7Z,0.900000,0.900000,6,8,23,23,1000,1000,1000,1000,1000,1000,1000,39,39,6,34.27712023795511,3.732654033228755,1039.9666980374604,0.0
1779969691,150,,Aggregated,85.200000,85.200000,7,9,11,13,17,24,42,60,1100,1100,1100,2247,2247,8,19.352153116964804,3.0943580204620957,1085.446435958147,0.0
1779969692,150,GET,/,61.300000,61.300000,7,9,11,13,18,23,42,1000,1100,1100,1100,1728,1728,8,20.438049019503524,3.202119958586991,1085.446435958147,0.0
1779969692,150,POST,/cart,5.800000,5.800000,8,9,10,12,22,33,37,60,60,60,60,180,180,8,15.96273670050626,3.543275990523398,1026.2838170165196,0.0
1779969692,150,POST,/cart/checkout,4.400000,4.400000,8,9,12,14,23,29,52,52,52,52,52,110,110,9,29.989502715497192,3.8147050654515624,1049.9246780527756,0.0
1779969692,150,GET,/product/0PUK6V6EV0,1.200000,1.200000,7,7,7,7,7,9,9,9,9,9,9,33,33,6,6.87018520847866,3.827756969258189,22.88445900194347,0.0
1779969692,150,GET,/product/1YMWWN1N4O,1.400000,1.400000,8,9,12,13,14,33,33,33,33,33,33,37,37,7,8.336308223472253,3.6633709678426385,33.448836067691445,0.0
1779969692,150,GET,/product/2ZYFJ3GM2N,1.300000,1.300000,8,15,16,18,19,19,19,19,19,19,19,32,32,7,8.677878548041917,3.0943580204620957,19.477033987641335,0.0
1779969692,150,GET,/product/66VCHSJNUP,1.600000,1.600000,7,8,8,8,12,56,56,56,56,56,56,33,33,8,10.961000606502322,3.833610098809004,55.73693395126611,0.0
1779969692,150,GET,/product/6E92ZMYYFZ,1.000000,1.000000,6,6,7,7,8,9,9,9,9,9,9,36,36,6,11.112796721540185,3.5582379205152392,64.15285309776664,0.0
1779969692,150,GET,/product/9SIQT8TOJO,1.200000,1.200000,7,7,7,10,11,11,11,11,11,11,11,29,29,6,6.62265086530483,3.5685389302670956,14.82735201716423,0.0
1779969692,150,GET,/product/L9ECAV7KIM,1.900000,1.900000,6,7,9,9,13,19,19,19,19,19,19,37,37,7,8.411147477533165,3.750817966647446,21.41466992907226,0.0
1779969692,150,GET,/product/LS4PSXUNUM,0.900000,0.900000,7,12,12,12,13,13,13,13,13,13,13,26,26,6,8.313507871487392,4.103512968868017,34.97940197121352,0.0
1779969692,150,GET,/product/OLJCESPC7Z,0.900000,0.900000,6,8,23,23,1000,1000,1000,1000,1000,1000,1000,39,39,6,34.27712023795511,3.732654033228755,1039.9666980374604,0.0
1779969692,150,,Aggregated,82.900000,82.900000,7,9,11,12,17,24,42,69,1100,1100,1100,2320,2320,8,19.448250072359926,3.0943580204620957,1085.446435958147,0.0
1779969693,150,GET,/,62.600000,62.600000,7,9,11,12,16,22,42,1000,1100,1100,1100,1793,1793,8,19.9451752547076,3.202119958586991,1085.446435958147,0.0
1779969693,150,POST,/cart,6.000000,6.000000,7,8,9,11,22,33,37,60,60,60,60,188,188,8,15.572429730611397,3.543275990523398,1026.2838170165196,0.0
1779969693,150,POST,/cart/checkout,3.700000,3.700000,7,9,10,13,23,29,52,52,52,52,52,113,113,9,29.33605986367087,3.8147050654515624,1049.9246780527756,0.0
1779969693,150,GET,/product/0PUK6V6EV0,1.300000,1.300000,7,7,7,7,7,10,10,10,10,10,10,34,34,6,6.96276467266109,3.827756969258189,22.88445900194347,0.0
1779969693,150,GET,/product/1YMWWN1N4O,1.300000,1.300000,7,8,12,12,14,33,33,33,33,33,33,37,37,7,8.336308223472253,3.6633709678426385,33.448836067691445,0.0
1779969693,150,GET,/product/2ZYFJ3GM2N,1.100000,1.100000,8,15,16,18,19,19,19,19,19,19,19,32,32,7,8.677878548041917,3.0943580204620957,19.477033987641335,0.0
1779969693,150,GET,/product/66VCHSJNUP,1.200000,1.200000,8,8,8,15,56,56,56,56,56,56,56,34,34,8,11.083797647562974,3.833610098809004,55.73693395126611,0.0
1779969693,150,GET,/product/6E92ZMYYFZ,1.300000,1.300000,6,6,7,8,9,9,9,9,9,9,9,36,36,6,11.112796721540185,3.5582379205152392,64.15285309776664,0.0
1779969693,150,GET,/product/9SIQT8TOJO,1.300000,1.300000,7,7,7,10,11,11,11,11,11,11,11,29,29,6,6.62265086530483,3.5685389302670956,14.82735201716423,0.0
1779969693,150,GET,/product/L9ECAV7KIM,2.000000,2.000000,6,7,8,9,13,19,19,19,19,19,19,38,38,7,8.33936580640607,3.750817966647446,21.41466992907226,0.0
1779969693,150,GET,/product/LS4PSXUNUM,1.000000,1.000000,7,7,12,12,13,13,13,13,13,13,13,26,26,6,8.313507871487392,4.103512968868017,34.97940197121352,0.0
1779969693,150,GET,/product/OLJCESPC7Z,0.800000,0.800000,5,6,7,7,1000,1000,1000,1000,1000,1000,1000,42,42,6,32.29012569811727,3.732654033228755,1039.9666980374604,0.0
1779969693,150,,Aggregated,83.600000,83.600000,7,8,10,12,16,23,42,69,1100,1100,1100,2402,2402,8,19.01971663781275,3.0943580204620957,1085.446435958147,0.0
1779969694,150,GET,/,63.200000,63.200000,7,8,9,11,15,22,42,1000,1100,1100,1100,1854,1854,8,20.058744336152397,3.202119958586991,1085.446435958147,0.0
1779969694,150,POST,/cart,5.200000,5.200000,7,8,9,9,15,27,37,60,60,60,60,198,198,7,15.072003259756274,3.543275990523398,1026.2838170165196,0.0
1779969694,150,POST,/cart/checkout,3.800000,3.800000,7,8,10,12,26,35,52,52,52,52,52,115,115,9,28.964194318320118,3.8147050654515624,1049.9246780527756,0.0
1779969694,150,GET,/product/0PUK6V6EV0,1.400000,1.400000,6,7,7,7,7,10,10,10,10,10,10,35,35,6,6.875120366125235,3.827756969258189,22.88445900194347,0.0
1779969694,150,GET,/product/1YMWWN1N4O,1.200000,1.200000,7,8,12,12,14,33,33,33,33,33,33,37,37,7,8.336308223472253,3.6633709678426385,33.448836067691445,0.0
1779969694,150,GET,/product/2ZYFJ3GM2N,1.000000,1.000000,8,16,18,18,19,19,19,19,19,19,19,32,32,7,8.677878548041917,3.0943580204620957,19.477033987641335,0.0
1779969694,150,GET,/product/66VCHSJNUP,1.400000,1.400000,8,8,15,15,56,56,56,56,56,56,56,34,34,8,11.083797647562974,3.833610098809004,55.73693395126611,0.0
1779969694,150,GET,/product/6E92ZMYYFZ,1.200000,1.200000,6,6,7,7,8,9,9,9,9,9,9,39,39,6,10.702524435682557,3.5582379205152392,64.15285309776664,0.0
1779969694,150,GET,/product/9SIQT8TOJO,1.200000,1.200000,7,7,7,7,11,11,11,11,11,11,11,30,30,6,6.601395403655867,3.5685389302670956,14.82735201716423,0.0
1779969694,150,GET,/product/L9ECAV7KIM,1.900000,1.900000,6,6,7,7,9,19,19,19,19,19,19,39,39,7,8.609890018422634,3.750817966647446,21.41466992907226,0.0
1779969694,150,GET,/product/LS4PSXUNUM,1.000000,1.000000,7,7,12,12,13,13,13,13,13,13,13,28,28,6,8.156238057251487,4.103512968868017,34.97940197121352,0.0
1779969694,150,GET,/product/OLJCESPC7Z,0.800000,0.800000,5,6,7,7,1000,1000,1000,1000,1000,1000,1000,42,42,6,32.29012569811727,3.732654033228755,1039.9666980374604,0.0
1779969694,150,,Aggregated,83.300000,83.300000,7,8,9,11,15,23,42,69,1100,1100,1100,2483,2483,8,19.02676230875803,3.0943580204620957,1085.446435958147,0.0
1779969695,150,GET,/,63.400000,63.400000,7,8,9,11,15,21,41,69,1100,1100,1100,1916,1916,8,19.603231521629553,3.202119958586991,1085.446435958147,0.0
1779969695,150,POST,/cart,5.200000,5.200000,7,7,8,9,15,27,37,60,60,60,60,206,206,7,14.694859273731709,3.543275990523398,1026.2838170165196,0.0
1779969695,150,POST,/cart/checkout,4.300000,4.300000,6,8,9,10,26,35,52,52,52,52,52,118,118,8,28.349412886339035,3.8147050654515624,1049.9246780527756,0.0
1779969695,150,GET,/product/0PUK6V6EV0,1.400000,1.400000,6,7,7,7,7,10,10,10,10,10,10,35,35,6,6.875120366125235,3.827756969258189,22.88445900194347,0.0
1779969695,150,GET,/product/1YMWWN1N4O,1.200000,1.200000,8,8,12,14,33,33,33,33,33,33,33,37,37,7,8.336308223472253,3.6633709678426385,33.448836067691445,0.0
1779969695,150,GET,/product/2ZYFJ3GM2N,1.000000,1.000000,7,8,8,16,18,18,18,18,18,18,18,34,34,7,8.489665424670367,2.681302954442799,19.477033987641335,0.0
1779969695,150,GET,/product/66VCHSJNUP,1.200000,1.200000,8,8,15,15,56,56,56,56,56,56,56,34,34,8,11.083797647562974,3.833610098809004,55.73693395126611,0.0
1779969695,150,GET,/product/6E92ZMYYFZ,1.100000,1.100000,6,6,6,8,9,15,15,15,15,15,15,42,42,6,10.570861144168745,3.5582379205152392,64.15285309776664,0.0
1779969695,150,GET,/product/9SIQT8TOJO,1.000000,1.000000,5,6,7,7,7,7,7,7,7,7,7,33,33,6,6.43125318244777,3.5685389302670956,14.82735201716423,0.0
1779969695,150,GET,/product/L9ECAV7KIM,1.800000,1.800000,6,6,7,8,9,19,19,19,19,19,19,39,39,7,8.609890018422634,3.750817966647446,21.41466992907226,0.0
1779969695,150,GET,/product/LS4PSXUNUM,0.800000,0.800000,7,7,12,12,13,13,13,13,13,13,13,28,28,6,8.156238057251487,4.103512968868017,34.97940197121352,0.0
1779969695,150,GET,/product/OLJCESPC7Z,0.600000,0.600000,5,7,7,7,1000,1000,1000,1000,1000,1000,1000,42,42,6,32.29012569811727,3.732654033228755,1039.9666980374604,0.0
1779969695,150,,Aggregated,83.000000,83.000000,7,8,9,10,15,22,41,60,1100,1100,1100,2564,2564,7,18.612826391059308,2.681302954442799,1085.446435958147,0.0
1779969696,150,GET,/,63.100000,63.100000,7,8,9,11,16,24,41,69,1100,1100,1100,1974,1974,8,19.884964106429894,3.202119958586991,1085.446435958147,0.0
1779969696,150,POST,/cart,5.300000,5.300000,7,7,9,9,12,26,37,60,60,60,60,212,212,7,14.682858554154354,3.543275990523398,1026.2838170165196,0.0
1779969696,150,POST,/cart/checkout,4.200000,4.200000,7,8,9,10,26,35,52,52,52,52,52,120,120,8,28.04148380528204,3.8147050654515624,1049.9246780527756,0.0
1779969696,150,GET,/product/0PUK6V6EV0,1.400000,1.400000,7,7,7,10,14,46,46,46,46,46,46,38,38,6,8.119005838556117,3.827756969258189,46.46384599618614,0.0
1779969696,150,GET,/product/1YMWWN1N4O,1.200000,1.200000,7,8,8,12,14,14,14,14,14,14,14,38,38,7,8.301382164446343,3.6633709678426385,33.448836067691445,0.0
1779969696,150,GET,/product/2ZYFJ3GM2N,0.900000,0.900000,8,8,16,16,18,18,18,18,18,18,18,34,34,7,8.489665424670367,2.681302954442799,19.477033987641335,0.0
1779969696,150,GET,/product/66VCHSJNUP,1.000000,1.000000,8,8,15,15,56,56,56,56,56,56,56,34,34,8,11.083797647562974,3.833610098809004,55.73693395126611,0.0
1779969696,150,GET,/product/6E92ZMYYFZ,1.000000,1.000000,6,6,7,7,9,15,15,15,15,15,15,44,44,6,10.342871389267119,3.5582379205152392,64.15285309776664,0.0
1779969696,150,GET,/product/9SIQT8TOJO,0.900000,0.900000,6,7,7,7,9,9,9,9,9,9,9,34,34,6,6.501252588350326,3.5685389302670956,14.82735201716423,0.0
1779969696,150,GET,/product/L9ECAV7KIM,1.900000,1.900000,6,6,7,8,19,47,47,47,47,47,47,40,40,7,9.575242068967782,3.750817966647446,47.223972040228546,0.0
1779969696,150,GET,/product/LS4PSXUNUM,0.700000,0.700000,7,11,12,12,13,13,13,13,13,13,13,29,29,6,8.258099021422195,4.103512968868017,34.97940197121352,0.0
1779969696,150,GET,/product/OLJCESPC7Z,0.900000,0.900000,5,5,7,7,1000,1000,1000,1000,1000,1000,1000,43,43,6,31.662143428463402,3.732654033228755,1039.9666980374604,0.0
1779969696,150,,Aggregated,82.500000,82.500000,7,8,9,11,16,24,42,60,1100,1100,1100,2640,2640,8,18.818269452921495,2.681302954442799,1085.446435958147,0.0
1779969697,150,GET,/,62.500000,62.500000,7,8,9,11,16,24,45,69,1100,1100,1100,2046,2046,8,20.07473643538237,3.202119958586991,1085.446435958147,0.0
1779969697,150,POST,/cart,5.700000,5.700000,7,7,9,9,12,21,30,60,60,60,60,221,221,7,14.536526694164793,3.543275990523398,1026.2838170165196,0.0
1779969697,150,POST,/cart/checkout,3.900000,3.900000,6,8,10,13,26,35,52,52,52,52,52,123,123,9,27.613921590694567,3.8147050654515624,1049.9246780527756,0.0
1779969697,150,GET,/product/0PUK6V6EV0,1.400000,1.400000,7,7,10,14,21,46,46,46,46,46,46,39,39,7,8.452400356196822,3.827756969258189,46.46384599618614,0.0
1779969697,150,GET,/product/1YMWWN1N4O,1.200000,1.200000,8,8,12,14,16,16,16,16,16,16,16,39,39,7,8.502492030413869,3.6633709678426385,33.448836067691445,0.0
1779969697,150,GET,/product/2ZYFJ3GM2N,0.800000,0.800000,6,7,8,8,18,18,18,18,18,18,18,35,35,7,8.389470925820726,2.681302954442799,19.477033987641335,0.0
1779969697,150,GET,/product/66VCHSJNUP,0.800000,0.800000,7,8,15,15,56,56,56,56,56,56,56,36,36,8,10.793150363800427,3.833610098809004,55.73693395126611,0.0
1779969697,150,GET,/product/6E92ZMYYFZ,1.200000,1.200000,6,6,7,8,9,15,15,15,15,15,15,44,44,6,10.342871389267119,3.5582379205152392,64.15285309776664,0.0
1779969697,150,GET,/product/9SIQT8TOJO,0.800000,0.800000,6,7,7,7,9,9,9,9,9,9,9,35,35,6,6.511416602214532,3.5685389302670956,14.82735201716423,0.0
1779969697,150,GET,/product/L9ECAV7KIM,1.700000,1.700000,6,6,8,8,19,47,47,47,47,47,47,40,40,7,9.575242068967782,3.750817966647446,47.223972040228546,0.0
1779969697,150,GET,/product/LS4PSXUNUM,0.700000,0.700000,7,11,12,12,13,13,13,13,13,13,13,29,29,6,8.258099021422195,4.103512968868017,34.97940197121352,0.0
1779969697,150,GET,/product/OLJCESPC7Z,0.800000,0.800000,5,7,7,7,1000,1000,1000,1000,1000,1000,1000,43,43,6,31.662143428463402,3.732654033228755,1039.9666980374604,0.0
1779969697,150,,Aggregated,81.500000,81.500000,7,8,9,11,16,24,47,60,1100,1100,1100,2730,2730,7,18.934935474155928,2.681302954442799,1085.446435958147,0.0
1779969698,150,GET,/,62.600000,62.600000,7,8,9,11,16,23,45,69,1100,1100,1100,2112,2112,8,19.721030254224775,3.202119958586991,1085.446435958147,0.0
1779969698,150,POST,/cart,6.000000,6.000000,7,7,9,9,12,21,30,60,60,60,60,223,223,7,14.47031573306836,3.543275990523398,1026.2838170165196,0.0
1779969698,150,POST,/cart/checkout,3.500000,3.500000,6,8,10,11,26,35,52,52,52,52,52,127,127,8,26.927108500578154,3.61638399772346,1049.9246780527756,0.0
1779969698,150,GET,/product/0PUK6V6EV0,1.300000,1.300000,7,10,14,21,34,46,46,46,46,46,46,41,41,7,8.958183731543036,3.827756969258189,46.46384599618614,0.0
1779969698,150,GET,/product/1YMWWN1N4O,1.000000,1.000000,7,8,14,16,19,19,19,19,19,19,19,42,42,7,8.569537005054631,3.6633709678426385,33.448836067691445,0.0
1779969698,150,GET,/product/2ZYFJ3GM2N,0.900000,0.900000,6,7,8,8,18,18,18,18,18,18,18,35,35,7,8.389470925820726,2.681302954442799,19.477033987641335,0.0
1779969698,150,GET,/product/66VCHSJNUP,0.700000,0.700000,7,7,15,15,56,56,56,56,56,56,56,37,37,8,10.659709893720779,3.833610098809004,55.73693395126611,0.0
1779969698,150,GET,/product/6E92ZMYYFZ,1.400000,1.400000,6,6,7,8,9,15,15,15,15,15,15,44,44,6,10.342871389267119,3.5582379205152392,64.15285309776664,0.0
1779969698,150,GET,/product/9SIQT8TOJO,0.900000,0.900000,6,6,7,7,7,9,9,9,9,9,9,37,37,6,6.441169758201451,3.5685389302670956,14.82735201716423,0.0
1779969698,150,GET,/product/L9ECAV7KIM,1.400000,1.400000,6,6,7,19,47,47,47,47,47,47,47,41,41,7,9.445818726018798,3.750817966647446,47.223972040228546,0.0
1779969698,150,GET,/product/LS4PSXUNUM,0.700000,0.700000,7,9,11,12,13,13,13,13,13,13,13,31,31,6,8.160072145983577,4.038597922772169,34.97940197121352,0.0
1779969698,150,GET,/product/OLJCESPC7Z,0.800000,0.800000,6,7,7,15,1000,1000,1000,1000,1000,1000,1000,45,45,6,30.73079174436215,3.732654033228755,1039.9666980374604,0.0
1779969698,150,,Aggregated,81.200000,81.200000,7,8,9,11,16,24,46,56,1100,1100,1100,2815,2815,7,18.62494563965084,2.681302954442799,1085.446435958147,0.0
1779969699,150,GET,/,62.100000,62.100000,7,8,9,10,15,22,45,69,1000,1000,1000,2174,2174,8,19.82934772786226,3.202119958586991,1085.446435958147,0.0
1779969699,150,POST,/cart,6.200000,6.200000,7,7,8,9,16,21,30,60,60,60,60,229,229,7,14.284094560212216,3.543275990523398,1026.2838170165196,0.0
1779969699,150,POST,/cart/checkout,3.600000,3.600000,6,7,9,10,17,26,29,29,29,29,29,129,129,8,26.605472121163913,3.61638399772346,1049.9246780527756,0.0
1779969699,150,GET,/product/0PUK6V6EV0,1.500000,1.500000,6,7,14,14,34,46,46,46,46,46,46,45,45,6,8.552125290346643,3.6635890137404203,46.46384599618614,0.0
1779969699,150,GET,/product/1YMWWN1N4O,1.000000,1.000000,7,8,16,16,19,19,19,19,19,19,19,42,42,7,8.569537005054631,3.6633709678426385,33.448836067691445,0.0
1779969699,150,GET,/product/2ZYFJ3GM2N,0.800000,0.800000,6,7,8,8,18,18,18,18,18,18,18,36,36,7,8.263793984143478,2.681302954442799,19.477033987641335,0.0
1779969699,150,GET,/product/66VCHSJNUP,0.600000,0.600000,7,7,7,15,56,56,56,56,56,56,56,39,39,8,10.481613744886067,3.833610098809004,55.73693395126611,0.0
1779969699,150,GET,/product/6E92ZMYYFZ,1.500000,1.500000,6,6,7,8,9,15,15,15,15,15,15,45,45,6,10.21131798107591,3.5582379205152392,64.15285309776664,0.0
1779969699,150,GET,/product/9SIQT8TOJO,1.000000,1.000000,6,7,7,7,8,9,9,9,9,9,9,38,38,6,6.492807134667314,3.5685389302670956,14.82735201716423,0.0
1779969699,150,GET,/product/L9ECAV7KIM,1.400000,1.400000,5,6,6,6,19,47,47,47,47,47,47,44,44,6,9.159988355928693,3.750817966647446,47.223972040228546,0.0
1779969699,150,GET,/product/LS4PSXUNUM,0.700000,0.700000,7,8,9,11,12,12,12,12,12,12,12,34,34,6,8.003632572260411,4.038597922772169,34.97940197121352,0.0
1779969699,150,GET,/product/OLJCESPC7Z,0.700000,0.700000,6,7,7,7,15,15,15,15,15,15,15,45,45,6,30.73079174436215,3.732654033228755,1039.9666980374604,0.0
1779969699,150,,Aggregated,81.100000,81.100000,7,8,9,10,15,21,45,56,1000,1000,1000,2900,2900,7,18.630170977216792,2.681302954442799,1085.446435958147,0.0
1779969700,150,GET,/,62.300000,62.300000,7,8,9,11,16,23,42,1000,1000,1000,1000,2246,2246,8,19.967484684797455,3.202119958586991,1085.446435958147,0.0
1779969700,150,POST,/cart,6.500000,6.500000,6,7,9,9,16,21,30,31,31,31,31,234,234,7,14.266400253221105,3.543275990523398,1026.2838170165196,0.0
1779969700,150,POST,/cart/checkout,3.600000,3.600000,6,8,9,9,13,26,29,29,29,29,29,131,131,8,26.31827533326844,3.61638399772346,1049.9246780527756,0.0
1779969700,150,GET,/product/0PUK6V6EV0,1.400000,1.400000,5,7,14,21,34,46,46,46,46,46,46,46,46,6,8.451473023539975,3.6635890137404203,46.46384599618614,0.0
1779969700,150,GET,/product/1YMWWN1N4O,0.900000,0.900000,7,8,15,16,19,19,19,19,19,19,19,43,43,7,8.73068358673346,3.6633709678426385,33.448836067691445,0.0
1779969700,150,GET,/product/2ZYFJ3GM2N,0.700000,0.700000,6,7,8,9,18,18,18,18,18,18,18,39,39,7,8.120854188186618,2.681302954442799,19.477033987641335,0.0
1779969700,150,GET,/product/66VCHSJNUP,0.700000,0.700000,7,7,7,15,56,56,56,56,56,56,56,41,41,8,10.282784612372335,3.833610098809004,55.73693395126611,0.0
1779969700,150,GET,/product/6E92ZMYYFZ,1.500000,1.500000,6,6,8,8,10,15,15,15,15,15,15,47,47,6,10.08896902451252,3.5582379205152392,64.15285309776664,0.0
1779969700,150,GET,/product/9SIQT8TOJO,1.000000,1.000000,6,7,8,8,9,10,10,10,10,10,10,39,39,6,6.592944670373049,3.5685389302670956,14.82735201716423,0.0
1779969700,150,GET,/product/L9ECAV7KIM,1.200000,1.200000,5,5,6,6,19,47,47,47,47,47,47,47,47,6,8.881052695908286,3.750817966647446,47.223972040228546,0.0
1779969700,150,GET,/product/LS4PSXUNUM,0.700000,0.700000,7,8,9,11,12,12,12,12,12,12,12,34,34,6,8.003632572260411,4.038597922772169,34.97940197121352,0.0
1779969700,150,GET,/product/OLJCESPC7Z,0.700000,0.700000,5,6,7,7,15,15,15,15,15,15,15,46,46,6,30.15122588207621,3.732654033228755,1039.9666980374604,0.0
1779969700,150,,Aggregated,81.200000,81.200000,7,8,9,10,16,22,42,56,1000,1000,1000,2993,2993,7,18.691377456318943,2.681302954442799,1085.446435958147,0.0
1779969701,150,GET,/,62.900000,62.900000,7,8,9,11,15,22,39,1000,1000,1000,1000,2311,2311,8,20.056220923467006,3.0177790904417634,1085.446435958147,0.0
1779969701,150,POST,/cart,6.100000,6.100000,6,7,8,9,16,21,30,31,31,31,31,242,242,7,13.963059208082605,3.543275990523398,1026.2838170165196,0.0
1779969701,150,POST,/cart/checkout,3.500000,3.500000,6,7,9,10,17,26,29,29,29,29,29,133,133,8,26.007270471094863,3.61638399772346,1049.9246780527756,0.0
1779969701,150,GET,/product/0PUK6V6EV0,1.400000,1.400000,6,9,14,14,34,46,46,46,46,46,46,47,47,6,8.452548746990555,3.6635890137404203,46.46384599618614,0.0
1779969701,150,GET,/product/1YMWWN1N4O,0.900000,0.900000,7,8,15,16,19,19,19,19,19,19,19,44,44,7,8.67300202794881,3.6633709678426385,33.448836067691445,0.0
1779969701,150,GET,/product/2ZYFJ3GM2N,0.600000,0.600000,5,6,8,9,18,18,18,18,18,18,18,40,40,7,8.01695300906431,2.681302954442799,19.477033987641335,0.0
1779969701,150,GET,/product/66VCHSJNUP,0.800000,0.800000,7,7,7,15,56,56,56,56,56,56,56,41,41,8,10.282784612372335,3.833610098809004,55.73693395126611,0.0
1779969701,150,GET,/product/6E92ZMYYFZ,1.500000,1.500000,6,6,8,8,10,15,15,15,15,15,15,47,47,6,10.08896902451252,3.5582379205152392,64.15285309776664,0.0
1779969701,150,GET,/product/9SIQT8TOJO,1.000000,1.000000,6,7,8,8,9,10,10,10,10,10,10,40,40,6,6.578110353439115,3.5685389302670956,14.82735201716423,0.0
1779969701,150,GET,/product/L9ECAV7KIM,1.000000,1.000000,5,6,6,8,19,47,47,47,47,47,47,49,49,6,8.750070318845767,3.5207889741286635,47.223972040228546,0.0
1779969701,150,GET,/product/LS4PSXUNUM,0.700000,0.700000,7,8,8,9,11,11,11,11,11,11,11,35,35,6,8.012665039859712,4.038597922772169,34.97940197121352,0.0
1779969701,150,GET,/product/OLJCESPC7Z,0.800000,0.800000,6,7,7,7,15,15,15,15,15,15,15,46,46,6,30.15122588207621,3.732654033228755,1039.9666980374604,0.0
1779969701,150,,Aggregated,81.200000,81.200000,6,8,9,10,15,21,36,50,1000,1000,1000,3075,3075,7,18.713029949865266,2.681302954442799,1085.446435958147,0.0
1779969702,150,GET,/,63.800000,63.800000,7,8,9,11,15,22,37,54,1000,1000,1000,2378,2378,8,19.74377508501971,3.0177790904417634,1085.446435958147,0.0
1779969702,150,POST,/cart,6.300000,6.300000,6,7,9,9,16,21,30,31,31,31,31,250,250,7,13.761884693987668,3.543275990523398,1026.2838170165196,0.0
1779969702,150,POST,/cart/checkout,3.000000,3.000000,6,7,9,9,11,13,17,17,17,17,17,134,134,8,25.86169545225966,3.61638399772346,1049.9246780527756,0.0
1779969702,150,GET,/product/0PUK6V6EV0,1.600000,1.600000,7,9,14,21,34,46,46,46,46,46,46,48,48,6,8.415400501689874,3.6635890137404203,46.46384599618614,0.0
1779969702,150,GET,/product/1YMWWN1N4O,0.800000,0.800000,7,8,15,16,19,19,19,19,19,19,19,45,45,7,8.644192316569388,3.6633709678426385,33.448836067691445,0.0
1779969702,150,GET,/product/2ZYFJ3GM2N,0.700000,0.700000,6,6,9,9,13,18,18,18,18,18,18,43,43,7,8.025091006095673,2.681302954442799,19.477033987641335,0.0
1779969702,150,GET,/product/66VCHSJNUP,0.800000,0.800000,7,7,7,7,15,15,15,15,15,15,15,41,41,8,10.282784612372335,3.833610098809004,55.73693395126611,0.0
1779969702,150,GET,/product/6E92ZMYYFZ,1.400000,1.400000,6,6,7,7,10,15,15,15,15,15,15,48,48,6,9.992062150558922,3.5582379205152392,64.15285309776664,0.0
1779969702,150,GET,/product/9SIQT8TOJO,1.200000,1.200000,6,7,7,8,9,10,10,10,10,10,10,42,42,6,6.539778623153412,3.5685389302670956,14.82735201716423,0.0
1779969702,150,GET,/product/L9ECAV7KIM,1.100000,1.100000,6,8,8,19,47,1000,1000,1000,1000,1000,1000,51,51,6,29.049187480910298,3.5207889741286635,1045.2455399790779,0.0
1779969702,150,GET,/product/LS4PSXUNUM,1.000000,1.000000,7,8,8,9,11,11,11,11,11,11,11,36,36,6,7.992487177640821,4.038597922772169,34.97940197121352,0.0
1779969702,150,GET,/product/OLJCESPC7Z,0.800000,0.800000,6,7,7,7,15,15,15,15,15,15,15,46,46,6,30.15122588207621,3.732654033228755,1039.9666980374604,0.0
1779969702,150,,Aggregated,82.500000,82.500000,7,8,9,10,15,21,37,50,1000,1000,1000,3162,3162,7,18.762403748535412,2.681302954442799,1085.446435958147,0.0
1779969703,150,GET,/,64.100000,64.100000,7,8,9,11,16,23,39,1000,1000,1000,1000,2445,2445,7,19.83467417517734,3.0177790904417634,1085.446435958147,0.0
1779969703,150,POST,/cart,6.100000,6.100000,6,7,8,9,16,21,30,31,31,31,31,255,255,7,13.5998554564282,3.543275990523398,1026.2838170165196,0.0
1779969703,150,POST,/cart/checkout,3.200000,3.200000,6,7,9,9,11,13,17,17,17,17,17,136,136,8,25.567606960334267,3.61638399772346,1049.9246780527756,0.0
1779969703,150,GET,/product/0PUK6V6EV0,1.500000,1.500000,7,8,14,14,34,46,46,46,46,46,46,50,50,6,8.351980622392148,3.6635890137404203,46.46384599618614,0.0
1779969703,150,GET,/product/1YMWWN1N4O,0.800000,0.800000,6,7,8,15,16,19,19,19,19,19,19,48,48,7,8.344964233401697,2.393183996900916,33.448836067691445,0.0
1779969703,150,GET,/product/2ZYFJ3GM2N,1.000000,1.000000,6,7,8,8,9,13,13,13,13,13,13,45,45,7,8.010018785070214,2.681302954442799,19.477033987641335,0.0
1779969703,150,GET,/product/66VCHSJNUP,1.000000,1.000000,7,7,7,7,15,15,15,15,15,15,15,42,42,7,10.13565226458013,3.833610098809004,55.73693395126611,0.0
1779969703,150,GET,/product/6E92ZMYYFZ,1.200000,1.200000,6,6,7,10,12,15,15,15,15,15,15,49,49,6,10.039521065274519,3.5582379205152392,64.15285309776664,0.0
1779969703,150,GET,/product/9SIQT8TOJO,1.100000,1.100000,6,7,7,8,9,10,10,10,10,10,10,42,42,6,6.539778623153412,3.5685389302670956,14.82735201716423,0.0
1779969703,150,GET,/product/L9ECAV7KIM,1.200000,1.200000,6,8,8,19,47,1000,1000,1000,1000,1000,1000,52,52,6,28.61727443255054,3.5207889741286635,1045.2455399790779,0.0
1779969703,150,GET,/product/LS4PSXUNUM,0.900000,0.900000,7,8,8,8,9,11,11,11,11,11,11,38,38,6,7.792665246310399,3.9749830029904842,34.97940197121352,0.0
1779969703,150,GET,/product/OLJCESPC7Z,0.700000,0.700000,6,7,7,7,15,15,15,15,15,15,15,47,47,6,29.6272299267312,3.732654033228755,1039.9666980374604,0.0
1779969703,150,,Aggregated,82.800000,82.800000,7,8,9,10,15,22,37,54,1000,1000,1000,3249,3249,7,18.771482976868683,2.393183996900916,1085.446435958147,0.0
1779969704,150,GET,/,64.000000,64.000000,7,9,10,11,17,23,39,1000,1100,1100,1100,2501,2501,7,20.019395015819125,3.0177790904417634,1085.6790440157056,0.0
1779969704,150,POST,/cart,6.800000,6.800000,6,7,9,10,16,21,30,31,31,31,31,266,266,7,13.358131822205632,3.543275990523398,1026.2838170165196,0.0
1779969704,150,POST,/cart/checkout,3.000000,3.000000,6,9,9,13,13,17,22,22,22,22,22,140,140,8,25.236888689687476,3.61638399772346,1049.9246780527756,0.0
1779969704,150,GET,/product/0PUK6V6EV0,1.400000,1.400000,6,7,9,14,34,46,46,46,46,46,46,52,52,6,8.256610693374219,3.6635890137404203,46.46384599618614,0.0
1779969704,150,GET,/product/1YMWWN1N4O,0.900000,0.900000,6,7,15,15,16,19,19,19,19,19,19,48,48,7,8.344964233401697,2.393183996900916,33.448836067691445,0.0
1779969704,150,GET,/product/2ZYFJ3GM2N,0.900000,0.900000,6,7,8,8,9,13,13,13,13,13,13,46,46,7,7.970294616509067,2.681302954442799,19.477033987641335,0.0
1779969704,150,GET,/product/66VCHSJNUP,0.800000,0.800000,7,7,7,7,15,15,15,15,15,15,15,42,42,7,10.13565226458013,3.833610098809004,55.73693395126611,0.0
1779969704,150,GET,/product/6E92ZMYYFZ,1.100000,1.100000,6,7,11,11,12,15,15,15,15,15,15,51,51,6,9.987262630031681,3.5582379205152392,64.15285309776664,0.0
1779969704,150,GET,/product/9SIQT8TOJO,1.100000,1.100000,6,7,9,10,14,21,21,21,21,21,21,45,45,6,6.996464405933188,3.5685389302670956,21.070591057650745,0.0
1779969704,150,GET,/product/L9ECAV7KIM,1.300000,1.300000,6,7,8,19,47,1000,1000,1000,1000,1000,1000,53,53,6,28.19007414147117,3.5207889741286635,1045.2455399790779,0.0
1779969704,150,GET,/product/LS4PSXUNUM,1.000000,1.000000,7,8,8,8,9,11,11,11,11,11,11,38,38,6,7.792665246310399,3.9749830029904842,34.97940197121352,0.0
1779969704,150,GET,/product/OLJCESPC7Z,0.700000,0.700000,6,6,6,6,15,15,15,15,15,15,15,48,48,6,29.138522511251114,3.732654033228755,1039.9666980374604,0.0
1779969704,150,,Aggregated,83.000000,83.000000,7,8,9,11,16,22,37,54,1100,1100,1100,3330,3330,7,18.855916812118178,2.393183996900916,1085.6790440157056,0.0
1779969705,150,GET,/,64.600000,64.600000,7,9,10,12,18,24,39,1000,1100,1100,1100,2565,2565,7,19.739542133084065,3.0177790904417634,1085.6790440157056,0.0
1779969705,150,POST,/cart,7.000000,7.000000,7,7,10,11,20,22,31,40,40,40,40,271,271,7,13.390055393226225,3.543275990523398,1026.2838170165196,0.0
1779969705,150,POST,/cart/checkout,2.400000,2.400000,7,9,9,10,13,17,22,22,22,22,22,144,144,8,24.6913530588952,3.61638399772346,1049.9246780527756,0.0
1779969705,150,GET,/product/0PUK6V6EV0,1.500000,1.500000,6,8,9,14,34,46,46,46,46,46,46,52,52,6,8.256610693374219,3.6635890137404203,46.46384599618614,0.0
1779969705,150,GET,/product/1YMWWN1N4O,0.800000,0.800000,6,7,7,15,16,19,19,19,19,19,19,50,50,7,8.202214604243636,2.393183996900916,33.448836067691445,0.0
1779969705,150,GET,/product/2ZYFJ3GM2N,1.100000,1.100000,6,7,8,8,9,13,13,13,13,13,13,46,46,7,7.970294616509067,2.681302954442799,19.477033987641335,0.0
1779969705,150,GET,/product/66VCHSJNUP,0.900000,0.900000,7,7,7,7,7,7,7,7,7,7,7,42,42,7,10.13565226458013,3.833610098809004,55.73693395126611,0.0
1779969705,150,GET,/product/6E92ZMYYFZ,1.200000,1.200000,6,7,10,11,12,12,12,12,12,12,12,52,52,6,9.908322350104125,3.5582379205152392,64.15285309776664,0.0
1779969705,150,GET,/product/9SIQT8TOJO,1.300000,1.300000,7,8,9,10,14,21,21,21,21,21,21,46,46,6,6.991962029132992,3.5685389302670956,21.070591057650745,0.0
1779969705,150,GET,/product/L9ECAV7KIM,1.400000,1.400000,5,6,8,8,47,1000,1000,1000,1000,1000,1000,54,54,6,27.738131416737343,3.5207889741286635,1045.2455399790779,0.0
1779969705,150,GET,/product/LS4PSXUNUM,1.000000,1.000000,6,8,8,8,9,11,11,11,11,11,11,39,39,6,7.710247034899508,3.9749830029904842,34.97940197121352,0.0
1779969705,150,GET,/product/OLJCESPC7Z,0.700000,0.700000,6,6,11,11,15,15,15,15,15,15,15,50,50,6,28.316046770196408,3.732654033228755,1039.9666980374604,0.0
1779969705,150,,Aggregated,83.900000,83.900000,7,9,10,11,17,23,39,54,1100,1100,1100,3411,3411,7,18.61600555322941,2.393183996900916,1085.6790440157056,0.0
1779969706,150,GET,/,65.100000,65.100000,7,9,10,11,17,22,37,54,1100,1100,1100,2629,2629,7,19.469780021851204,3.0177790904417634,1085.6790440157056,0.0
1779969706,150,POST,/cart,6.800000,6.800000,7,7,9,10,16,21,31,40,40,40,40,277,277,7,13.248225232747648,3.543275990523398,1026.2838170165196,0.0
1779969706,150,POST,/cart/checkout,2.300000,2.300000,7,8,9,10,17,22,23,23,23,23,23,148,148,8,24.3024993617075,3.61638399772346,1049.9246780527756,0.0
1779969706,150,GET,/product/0PUK6V6EV0,1.600000,1.600000,6,7,9,21,34,1100,1100,1100,1100,1100,1100,53,53,6,28.54284745386257,3.6635890137404203,1083.4271589992568,0.0
1779969706,150,GET,/product/1YMWWN1N4O,1.100000,1.100000,6,7,7,15,16,19,19,19,19,19,19,51,51,7,8.1706917684927,2.393183996900916,33.448836067691445,0.0
1779969706,150,GET,/product/2ZYFJ3GM2N,1.300000,1.300000,6,6,8,8,9,13,13,13,13,13,13,46,46,7,7.970294616509067,2.681302954442799,19.477033987641335,0.0
1779969706,150,GET,/product/66VCHSJNUP,0.800000,0.800000,7,7,7,7,7,7,7,7,7,7,7,44,44,7,9.940119523724372,3.833610098809004,55.73693395126611,0.0
1779969706,150,GET,/product/6E92ZMYYFZ,1.400000,1.400000,6,7,10,10,11,12,12,12,12,12,12,53,53,6,9.825960814267537,3.5582379205152392,64.15285309776664,0.0
1779969706,150,GET,/product/9SIQT8TOJO,1.300000,1.300000,7,7,9,9,14,21,21,21,21,21,21,49,49,6,6.820637640087124,3.5685389302670956,21.070591057650745,0.0
1779969706,150,GET,/product/L9ECAV7KIM,1.400000,1.400000,5,7,7,8,47,1000,1000,1000,1000,1000,1000,56,56,6,26.951970580349943,3.5207889741286635,1045.2455399790779,0.0
1779969706,150,GET,/product/LS4PSXUNUM,1.100000,1.100000,6,7,8,8,9,11,11,11,11,11,11,41,41,6,7.621083666979358,3.9749830029904842,34.97940197121352,0.0
1779969706,150,GET,/product/OLJCESPC7Z,0.500000,0.500000,6,6,11,15,20,20,20,20,20,20,20,51,51,6,28.156812638318275,3.732654033228755,1039.9666980374604,0.0
1779969706,150,,Aggregated,84.700000,84.700000,7,8,9,10,16,22,35,54,1100,1100,1100,3498,3498,7,18.6674712332825,2.393183996900916,1085.6790440157056,0.0
1779969707,150,GET,/,64.500000,64.500000,7,8,9,10,14,19,32,37,1100,1100,1100,2691,2691,7,19.181692984676047,3.0177790904417634,1085.6790440157056,0.0
1779969707,150,POST,/cart,6.800000,6.800000,6,7,8,10,12,20,31,40,40,40,40,281,281,7,13.157245937529355,3.543275990523398,1026.2838170165196,0.0
1779969707,150,POST,/cart/checkout,2.600000,2.600000,6,7,9,9,13,22,23,23,23,23,23,151,151,8,23.993105922874975,3.61638399772346,1049.9246780527756,0.0
1779969707,150,GET,/product/0PUK6V6EV0,1.700000,1.700000,6,7,8,9,34,1100,1100,1100,1100,1100,1100,53,53,6,28.54284745386257,3.6635890137404203,1083.4271589992568,0.0
1779969707,150,GET,/product/1YMWWN1N4O,1.200000,1.200000,6,6,7,7,15,19,19,19,19,19,19,51,51,7,8.1706917684927,2.393183996900916,33.448836067691445,0.0
1779969707,150,GET,/product/2ZYFJ3GM2N,1.400000,1.400000,6,8,8,8,9,13,13,13,13,13,13,48,48,7,7.974598716828041,2.681302954442799,19.477033987641335,0.0
1779969707,150,GET,/product/66VCHSJNUP,0.800000,0.800000,7,7,7,7,7,7,7,7,7,7,7,44,44,7,9.940119523724372,3.833610098809004,55.73693395126611,0.0
1779969707,150,GET,/product/6E92ZMYYFZ,1.200000,1.200000,6,7,10,11,12,12,12,12,12,12,12,54,54,6,9.773627652234778,3.5582379205152392,64.15285309776664,0.0
1779969707,150,GET,/product/9SIQT8TOJO,1.500000,1.500000,6,7,7,8,14,21,21,21,21,21,21,52,52,6,6.75169346952596,3.5685389302670956,21.070591057650745,0.0
1779969707,150,GET,/product/L9ECAV7KIM,1.400000,1.400000,5,6,7,7,8,1000,1000,1000,1000,1000,1000,56,56,6,26.951970580349943,3.5207889741286635,1045.2455399790779,0.0
1779969707,150,GET,/product/LS4PSXUNUM,1.000000,1.000000,6,7,8,8,8,9,9,9,9,9,9,41,41,6,7.621083666979358,3.9749830029904842,34.97940197121352,0.0
1779969707,150,GET,/product/OLJCESPC7Z,0.700000,0.700000,6,11,15,15,20,20,20,20,20,20,20,51,51,6,28.156812638318275,3.732654033228755,1039.9666980374604,0.0
1779969707,150,,Aggregated,84.800000,84.800000,7,8,9,10,13,20,31,40,1100,1100,1100,3573,3573,7,18.422709011558517,2.393183996900916,1085.6790440157056,0.0
1779969709,150,GET,/,64.600000,64.600000,7,8,9,10,14,20,31,37,1100,1100,1100,2754,2754,7,18.895735687724354,3.0177790904417634,1085.6790440157056,0.0
1779969709,150,POST,/cart,6.500000,6.500000,6,7,8,10,11,20,31,40,40,40,40,284,284,7,13.089165543648742,3.543275990523398,1026.2838170165196,0.0
1779969709,150,POST,/cart/checkout,2.600000,2.600000,7,9,10,12,22,23,1100,1100,1100,1100,1100,155,155,8,30.428156828988463,3.61638399772346,1067.4417989794165,0.0
1779969709,150,GET,/product/0PUK6V6EV0,1.700000,1.700000,7,8,9,9,1100,1100,1100,1100,1100,1100,1100,53,53,6,28.54284745386257,3.6635890137404203,1083.4271589992568,0.0
1779969709,150,GET,/product/1YMWWN1N4O,1.300000,1.300000,6,7,7,10,15,15,15,15,15,15,15,52,52,7,8.1989178501177,2.393183996900916,33.448836067691445,0.0
1779969709,150,GET,/product/2ZYFJ3GM2N,1.200000,1.200000,7,8,8,9,10,13,13,13,13,13,13,50,50,7,7.959470406640321,2.681302954442799,19.477033987641335,0.0
1779969709,150,GET,/product/66VCHSJNUP,0.800000,0.800000,6,7,7,7,14,14,14,14,14,14,14,46,46,7,9.946652936101284,3.833610098809004,55.73693395126611,0.0
1779969709,150,GET,/product/6E92ZMYYFZ,1.000000,1.000000,6,7,10,11,12,12,12,12,12,12,12,54,54,6,9.773627652234778,3.5582379205152392,64.15285309776664,0.0
1779969709,150,GET,/product/9SIQT8TOJO,1.300000,1.300000,6,7,7,8,14,21,21,21,21,21,21,54,54,6,6.7181468949894665,3.5685389302670956,21.070591057650745,0.0
1779969709,150,GET,/product/L9ECAV7KIM,1.500000,1.500000,6,7,8,8,8,1000,1000,1000,1000,1000,1000,58,58,6,26.26553347438638,3.5207889741286635,1045.2455399790779,0.0
1779969709,150,GET,/product/LS4PSXUNUM,1.100000,1.100000,6,7,8,8,8,8,8,8,8,8,8,43,43,6,7.5816208480445795,3.9749830029904842,34.97940197121352,0.0
1779969709,150,GET,/product/OLJCESPC7Z,0.800000,0.800000,6,7,11,11,20,20,20,20,20,20,20,52,52,6,27.7542635874572,3.732654033228755,1039.9666980374604,0.0
1779969709,150,,Aggregated,84.400000,84.400000,7,8,9,10,13,20,31,51,1100,1100,1100,3655,3655,7,18.454272442028465,2.393183996900916,1085.6790440157056,0.0
1779969710,150,GET,/,65.000000,65.000000,7,8,9,9,13,19,31,37,1100,1100,1100,2829,2829,7,18.59723706890198,3.0177790904417634,1085.6790440157056,0.0
1779969710,150,POST,/cart,6.500000,6.500000,6,7,8,10,11,34,40,43,43,43,43,294,294,7,13.068497473164937,3.543275990523398,1026.2838170165196,0.0
1779969710,150,POST,/cart/checkout,2.800000,2.800000,7,9,12,13,23,30,1100,1100,1100,1100,1100,158,158,8,30.128856970563152,3.61638399772346,1067.4417989794165,0.0
1779969710,150,GET,/product/0PUK6V6EV0,1.500000,1.500000,7,8,8,9,1100,1100,1100,1100,1100,1100,1100,55,55,6,27.742486544461414,3.6635890137404203,1083.4271589992568,0.0
1779969710,150,GET,/product/1YMWWN1N4O,1.300000,1.300000,5,6,7,7,10,10,10,10,10,10,10,52,52,7,8.1989178501177,2.393183996900916,33.448836067691445,0.0
1779969710,150,GET,/product/2ZYFJ3GM2N,1.200000,1.200000,6,8,8,8,10,13,13,13,13,13,13,52,52,7,7.848450005090294,2.681302954442799,19.477033987641335,0.0
1779969710,150,GET,/product/66VCHSJNUP,1.000000,1.000000,7,7,8,14,19,19,19,19,19,19,19,49,49,7,9.992596919040139,3.833610098809004,55.73693395126611,0.0
1779969710,150,GET,/product/6E92ZMYYFZ,0.900000,0.900000,6,7,11,11,12,25,25,25,25,25,25,57,57,6,9.84656021382921,3.5582379205152392,64.15285309776664,0.0
1779969710,150,GET,/product/9SIQT8TOJO,1.400000,1.400000,5,6,7,7,14,21,21,21,21,21,21,55,55,6,6.695947605608539,3.5685389302670956,21.070591057650745,0.0
1779969710,150,GET,/product/L9ECAV7KIM,1.600000,1.600000,7,7,8,8,8,1000,1000,1000,1000,1000,1000,59,59,6,25.922283328974903,3.5207889741286635,1045.2455399790779,0.0
1779969710,150,GET,/product/LS4PSXUNUM,1.200000,1.200000,6,7,7,8,8,8,8,8,8,8,8,44,44,6,7.512203692881898,3.9749830029904842,34.97940197121352,0.0
1779969710,150,GET,/product/OLJCESPC7Z,0.800000,0.800000,6,6,7,11,20,20,20,20,20,20,20,55,55,6,26.5315766276961,3.5576060181483626,1039.9666980374604,0.0
1779969710,150,,Aggregated,85.200000,85.200000,7,8,9,9,13,19,34,51,1100,1100,1100,3759,3759,7,18.173114633612308,2.393183996900916,1085.6790440157056,0.0
1779969711,150,GET,/,64.300000,64.300000,7,8,9,9,12,18,30,37,1100,1100,1100,2892,2892,7,18.71977255046548,3.0177790904417634,1085.6790440157056,0.0
1779969711,150,POST,/cart,5.900000,5.900000,7,8,9,10,12,34,40,43,43,43,43,299,299,7,12.987059619695097,3.543275990523398,1026.2838170165196,0.0
1779969711,150,POST,/cart/checkout,2.700000,2.700000,7,9,12,13,23,30,1100,1100,1100,1100,1100,160,160,8,29.852662095072446,3.61638399772346,1067.4417989794165,0.0
1779969711,150,GET,/product/0PUK6V6EV0,1.400000,1.400000,7,8,8,8,1100,1100,1100,1100,1100,1100,1100,55,55,6,27.742486544461414,3.6635890137404203,1083.4271589992568,0.0
1779969711,150,GET,/product/1YMWWN1N4O,1.200000,1.200000,6,7,9,9,10,11,11,11,11,11,11,56,56,7,8.167385040516299,2.393183996900916,33.448836067691445,0.0
1779969711,150,GET,/product/2ZYFJ3GM2N,1.300000,1.300000,6,8,8,8,10,13,13,13,13,13,13,53,53,7,7.815693588575946,2.681302954442799,19.477033987641335,0.0
1779969711,150,GET,/product/66VCHSJNUP,0.800000,0.800000,7,7,8,14,19,19,19,19,19,19,19,51,51,7,9.842556255285208,3.833610098809004,55.73693395126611,0.0
1779969711,150,GET,/product/6E92ZMYYFZ,1.000000,1.000000,6,7,11,11,12,25,25,25,25,25,25,59,59,6,9.769477407937332,3.5582379205152392,64.15285309776664,0.0
1779969711,150,GET,/product/9SIQT8TOJO,1.700000,1.700000,5,6,7,7,14,21,21,21,21,21,21,55,55,6,6.695947605608539,3.5685389302670956,21.070591057650745,0.0
1779969711,150,GET,/product/L9ECAV7KIM,1.600000,1.600000,7,8,8,8,8,1000,1000,1000,1000,1000,1000,60,60,6,25.62676722300239,3.5207889741286635,1045.2455399790779,0.0
1779969711,150,GET,/product/LS4PSXUNUM,1.200000,1.200000,6,7,7,7,8,8,8,8,8,8,8,45,45,6,7.510974899762207,3.9749830029904842,34.97940197121352,0.0
1779969711,150,GET,/product/OLJCESPC7Z,0.800000,0.800000,6,7,7,11,20,20,20,20,20,20,20,56,56,6,26.185353473660403,3.5576060181483626,1039.9666980374604,0.0
1779969711,150,,Aggregated,83.900000,83.900000,7,8,9,9,12,19,32,51,1100,1100,1100,3841,3841,7,18.220048792670177,2.393183996900916,1085.6790440157056,0.0
1779969712,150,GET,/,65.500000,65.500000,7,8,9,9,12,17,30,51,1100,1100,1100,2956,2956,7,18.820069532344277,3.0177790904417634,1085.6790440157056,0.0
1779969712,150,POST,/cart,6.500000,6.500000,7,8,9,10,11,34,40,43,43,43,43,304,304,7,12.909443484539608,3.543275990523398,1026.2838170165196,0.0
1779969712,150,POST,/cart/checkout,2.900000,2.900000,8,9,10,13,23,30,1100,1100,1100,1100,1100,163,163,8,29.472967185525714,3.61638399772346,1067.4417989794165,0.0
1779969712,150,GET,/product/0PUK6V6EV0,1.000000,1.000000,6,8,8,8,1100,1100,1100,1100,1100,1100,1100,55,55,6,27.742486544461414,3.6635890137404203,1083.4271589992568,0.0
1779969712,150,GET,/product/1YMWWN1N4O,1.000000,1.000000,6,7,7,9,10,11,11,11,11,11,11,59,59,7,8.077795629121237,2.393183996900916,33.448836067691445,0.0
1779969712,150,GET,/product/2ZYFJ3GM2N,1.600000,1.600000,7,8,8,8,10,16,16,16,16,16,16,54,54,7,7.962341336274727,2.681302954442799,19.477033987641335,0.0
1779969712,150,GET,/product/66VCHSJNUP,1.000000,1.000000,7,7,8,14,19,19,19,19,19,19,19,51,51,7,9.842556255285208,3.833610098809004,55.73693395126611,0.0
1779969712,150,GET,/product/6E92ZMYYFZ,1.200000,1.200000,6,7,11,11,12,25,25,25,25,25,25,60,60,6,9.676625967646638,3.5582379205152392,64.15285309776664,0.0
1779969712,150,GET,/product/9SIQT8TOJO,1.600000,1.600000,5,6,7,7,14,21,21,21,21,21,21,59,59,6,6.627692089226665,3.5685389302670956,21.070591057650745,0.0
1779969712,150,GET,/product/L9ECAV7KIM,1.500000,1.500000,6,7,7,8,8,8,8,8,8,8,8,60,60,6,25.62676722300239,3.5207889741286635,1045.2455399790779,0.0
1779969712,150,GET,/product/LS4PSXUNUM,1.000000,1.000000,5,6,7,7,8,8,8,8,8,8,8,45,45,6,7.510974899762207,3.9749830029904842,34.97940197121352,0.0
1779969712,150,GET,/product/OLJCESPC7Z,1.000000,1.000000,6,7,7,11,20,20,20,20,20,20,20,56,56,6,26.185353473660403,3.5576060181483626,1039.9666980374604,0.0
1779969712,150,,Aggregated,85.800000,85.800000,7,8,9,9,12,18,31,51,1100,1100,1100,3922,3922,7,18.258201071165203,2.393183996900916,1085.6790440157056,0.0
1779969713,150,GET,/,64.500000,64.500000,7,8,8,9,12,16,29,35,1100,1100,1100,3022,3022,7,18.5744435929223,3.0177790904417634,1085.6790440157056,0.0
1779969713,150,POST,/cart,6.500000,6.500000,7,8,9,10,11,34,40,43,43,43,43,311,311,7,12.760466126383692,3.543275990523398,1026.2838170165196,0.0
1779969713,150,POST,/cart/checkout,2.800000,2.800000,8,9,10,12,22,30,1100,1100,1100,1100,1100,168,168,8,28.796277727538143,3.61638399772346,1067.4417989794165,0.0
1779969713,150,GET,/product/0PUK6V6EV0,0.900000,0.900000,6,8,8,1100,1100,1100,1100,1100,1100,1100,1100,55,55,6,27.742486544461414,3.6635890137404203,1083.4271589992568,0.0
1779969713,150,GET,/product/1YMWWN1N4O,1.300000,1.300000,6,7,9,9,10,11,11,11,11,11,11,60,60,7,8.007328968960792,2.393183996900916,33.448836067691445,0.0
1779969713,150,GET,/product/2ZYFJ3GM2N,1.400000,1.400000,6,8,8,10,16,16,16,16,16,16,16,55,55,7,7.9203883863308215,2.681302954442799,19.477033987641335,0.0
1779969713,150,GET,/product/66VCHSJNUP,1.000000,1.000000,6,7,8,8,14,19,19,19,19,19,19,52,52,7,9.752631346390654,3.833610098809004,55.73693395126611,0.0
1779969713,150,GET,/product/6E92ZMYYFZ,1.200000,1.200000,6,6,7,7,9,25,25,25,25,25,25,62,62,6,9.54691629158333,3.5582379205152392,64.15285309776664,0.0
1779969713,150,GET,/product/9SIQT8TOJO,1.600000,1.600000,5,6,7,7,14,21,21,21,21,21,21,60,60,6,6.625767554699753,3.5685389302670956,21.070591057650745,0.0
1779969713,150,GET,/product/L9ECAV7KIM,1.300000,1.300000,6,7,8,8,8,8,8,8,8,8,8,60,60,6,25.62676722300239,3.5207889741286635,1045.2455399790779,0.0
1779969713,150,GET,/product/LS4PSXUNUM,1.100000,1.100000,6,7,7,8,8,8,8,8,8,8,8,46,46,6,7.524274228869573,3.9749830029904842,34.97940197121352,0.0
1779969713,150,GET,/product/OLJCESPC7Z,1.000000,1.000000,7,7,9,11,20,20,20,20,20,20,20,57,57,6,25.8893803938439,3.5576060181483626,1039.9666980374604,0.0
1779969713,150,,Aggregated,84.600000,84.600000,7,8,8,9,12,18,30,43,1100,1100,1100,4008,4008,7,18.022992775549866,2.393183996900916,1085.6790440157056,0.0
1779969714,150,GET,/,64.100000,64.100000,7,8,9,9,12,19,34,50,1100,1100,1100,3088,3088,7,18.465122654207697,3.0177790904417634,1085.6790440157056,0.0
1779969714,150,POST,/cart,6.100000,6.100000,7,8,9,10,20,40,43,62,62,62,62,325,325,7,12.770345169835938,3.458336926996708,1026.2838170165196,0.0
1779969714,150,POST,/cart/checkout,3.000000,3.000000,8,9,10,12,23,1100,1100,1100,1100,1100,1100,172,172,8,34.6077973270778,3.61638399772346,1084.2301030643284,0.0
1779969714,150,GET,/product/0PUK6V6EV0,0.800000,0.800000,6,8,11,11,1100,1100,1100,1100,1100,1100,1100,58,58,6,26.648661017353678,3.6635890137404203,1083.4271589992568,0.0
1779969714,150,GET,/product/1YMWWN1N4O,1.500000,1.500000,6,7,9,9,10,11,11,11,11,11,11,60,60,7,8.007328968960792,2.393183996900916,33.448836067691445,0.0
1779969714,150,GET,/product/2ZYFJ3GM2N,1.400000,1.400000,6,8,9,9,10,16,16,16,16,16,16,58,58,7,7.875387643158821,2.681302954442799,19.477033987641335,0.0
1779969714,150,GET,/product/66VCHSJNUP,1.000000,1.000000,7,8,10,12,14,19,19,19,19,19,19,56,56,7,9.68683444495712,3.833610098809004,55.73693395126611,0.0
1779969714,150,GET,/product/6E92ZMYYFZ,1.300000,1.300000,6,6,9,9,25,27,27,27,27,27,27,63,63,6,9.824034604539593,3.5582379205152392,64.15285309776664,0.0
1779969714,150,GET,/product/9SIQT8TOJO,1.900000,1.900000,5,6,7,7,11,23,23,23,23,23,23,63,63,6,6.90881008400567,3.1066390220075846,23.269225959666073,0.0
1779969714,150,GET,/product/L9ECAV7KIM,1.100000,1.100000,7,7,8,8,8,8,8,8,8,8,8,61,61,6,25.322103103790738,3.5207889741286635,1045.2455399790779,0.0
1779969714,150,GET,/product/LS4PSXUNUM,1.000000,1.000000,7,7,8,8,12,12,12,12,12,12,12,48,48,6,7.570897178084124,3.9749830029904842,34.97940197121352,0.0
1779969714,150,GET,/product/OLJCESPC7Z,1.000000,1.000000,7,7,9,9,20,20,20,20,20,20,20,57,57,6,25.8893803938439,3.5576060181483626,1039.9666980374604,0.0
1779969714,150,,Aggregated,84.200000,84.200000,7,8,9,9,13,20,40,51,1100,1100,1100,4109,4109,7,18.15196267162792,2.393183996900916,1085.6790440157056,0.0
1779969715,150,GET,/,64.200000,64.200000,7,8,8,9,12,17,32,50,1100,1100,1100,3154,3154,7,18.21078940086656,3.0177790904417634,1085.6790440157056,0.0
1779969715,150,POST,/cart,6.100000,6.100000,6,8,9,10,14,24,43,62,62,62,62,334,334,7,12.612141976216641,3.458336926996708,1026.2838170165196,0.0
1779969715,150,POST,/cart/checkout,3.400000,3.400000,9,10,11,13,30,1100,1100,1100,1100,1100,1100,174,174,8,34.3020282539903,3.61638399772346,1084.2301030643284,0.0
1779969715,150,GET,/product/0PUK6V6EV0,0.700000,0.700000,6,6,8,11,1100,1100,1100,1100,1100,1100,1100,62,62,6,25.257854823834233,3.6635890137404203,1083.4271589992568,0.0
1779969715,150,GET,/product/1YMWWN1N4O,1.500000,1.500000,6,7,9,9,10,11,11,11,11,11,11,62,62,6,7.922148906565722,2.393183996900916,33.448836067691445,0.0
1779969715,150,GET,/product/2ZYFJ3GM2N,1.200000,1.200000,6,8,9,9,10,16,16,16,16,16,16,59,59,7,7.836785445668561,2.681302954442799,19.477033987641335,0.0
1779969715,150,GET,/product/66VCHSJNUP,1.000000,1.000000,7,8,12,12,19,1100,1100,1100,1100,1100,1100,58,58,7,28.000083119720863,3.833610098809004,1077.121470007114,0.0
1779969715,150,GET,/product/6E92ZMYYFZ,1.400000,1.400000,6,7,9,9,25,27,27,27,27,27,27,63,63,6,9.824034604539593,3.5582379205152392,64.15285309776664,0.0
1779969715,150,GET,/product/9SIQT8TOJO,1.800000,1.800000,5,5,7,7,11,23,23,23,23,23,23,64,64,6,6.864968801892246,3.1066390220075846,23.269225959666073,0.0
1779969715,150,GET,/product/L9ECAV7KIM,0.900000,0.900000,7,7,8,8,8,8,8,8,8,8,8,62,62,6,24.99136045732866,3.5207889741286635,1045.2455399790779,0.0
1779969715,150,GET,/product/LS4PSXUNUM,1.000000,1.000000,7,7,8,8,12,12,12,12,12,12,12,48,48,6,7.570897178084124,3.9749830029904842,34.97940197121352,0.0
1779969715,150,GET,/product/OLJCESPC7Z,1.100000,1.100000,6,7,7,9,20,20,20,20,20,20,20,59,59,6,25.196865717959355,3.5576060181483626,1039.9666980374604,0.0
1779969715,150,,Aggregated,84.300000,84.300000,7,8,8,9,12,19,41,52,1100,1100,1100,4199,4199,7,18.151733311211235,2.393183996900916,1085.6790440157056,0.0
1779969716,150,GET,/,64.100000,64.100000,6,7,8,9,12,19,41,52,1100,1100,1100,3221,3221,7,18.335153273639587,3.0177790904417634,1085.6790440157056,0.0
1779969716,150,POST,/cart,6.900000,6.900000,6,8,9,10,14,24,43,62,62,62,62,340,340,7,12.532477821086479,3.458336926996708,1026.2838170165196,0.0
1779969716,150,POST,/cart/checkout,3.600000,3.600000,8,10,11,11,13,1100,1100,1100,1100,1100,1100,179,179,8,33.51945059267315,3.61638399772346,1084.2301030643284,0.0
1779969716,150,GET,/product/0PUK6V6EV0,0.800000,0.800000,6,7,8,8,11,1100,1100,1100,1100,1100,1100,63,63,6,24.964379492245378,3.6635890137404203,1083.4271589992568,0.0
1779969716,150,GET,/product/1YMWWN1N4O,1.200000,1.200000,6,6,7,9,10,11,11,11,11,11,11,65,65,6,7.7908137275909,2.393183996900916,33.448836067691445,0.0
1779969716,150,GET,/product/2ZYFJ3GM2N,1.300000,1.300000,6,8,9,9,10,16,16,16,16,16,16,61,61,7,7.78732864285407,2.681302954442799,19.477033987641335,0.0
1779969716,150,GET,/product/66VCHSJNUP,1.400000,1.400000,7,8,10,12,19,1100,1100,1100,1100,1100,1100,60,60,7,27.294556530735765,3.750043921172619,1077.121470007114,0.0
1779969716,150,GET,/product/6E92ZMYYFZ,1.300000,1.300000,6,9,9,9,25,27,27,27,27,27,27,64,64,6,9.806911908526672,3.5582379205152392,64.15285309776664,0.0
1779969716,150,GET,/product/9SIQT8TOJO,2.100000,2.100000,5,6,7,8,11,23,23,23,23,23,23,64,64,6,6.864968801892246,3.1066390220075846,23.269225959666073,0.0
1779969716,150,GET,/product/L9ECAV7KIM,0.900000,0.900000,7,7,8,8,8,8,8,8,8,8,8,62,62,6,24.99136045732866,3.5207889741286635,1045.2455399790779,0.0
1779969716,150,GET,/product/LS4PSXUNUM,1.000000,1.000000,6,7,8,8,8,12,12,12,12,12,12,50,50,6,7.429603431373835,3.9749830029904842,34.97940197121352,0.0
1779969716,150,GET,/product/OLJCESPC7Z,1.000000,1.000000,6,7,7,9,20,20,20,20,20,20,20,60,60,6,24.880095656650763,3.5576060181483626,1039.9666980374604,0.0
1779969716,150,,Aggregated,85.600000,85.600000,6,8,8,9,12,19,43,60,1100,1100,1100,4289,4289,7,18.183996892936126,2.393183996900916,1085.6790440157056,0.0
1779969717,150,GET,/,65.100000,65.100000,6,7,8,9,12,19,43,58,1100,1100,1100,3288,3288,7,18.41361711243306,3.0177790904417634,1085.8206690754741,0.0
1779969717,150,POST,/cart,6.700000,6.700000,6,8,9,10,14,24,43,62,62,62,62,347,347,7,12.408729216556255,3.458336926996708,1026.2838170165196,0.0
1779969717,150,POST,/cart/checkout,3.300000,3.300000,8,10,11,11,13,1100,1100,1100,1100,1100,1100,183,183,8,32.948493929528965,3.557913936674595,1084.2301030643284,0.0
1779969717,150,GET,/product/0PUK6V6EV0,1.000000,1.000000,5,6,7,7,8,11,11,11,11,11,11,64,64,6,24.62798347005446,3.4350340720266104,1083.4271589992568,0.0
1779969717,150,GET,/product/1YMWWN1N4O,1.300000,1.300000,6,6,7,9,10,11,11,11,11,11,11,65,65,6,7.7908137275909,2.393183996900916,33.448836067691445,0.0
1779969717,150,GET,/product/2ZYFJ3GM2N,1.300000,1.300000,6,7,9,9,10,16,16,16,16,16,16,62,62,7,7.728333680725266,2.681302954442799,19.477033987641335,0.0
1779969717,150,GET,/product/66VCHSJNUP,1.600000,1.600000,6,8,10,12,19,1100,1100,1100,1100,1100,1100,63,63,7,26.189101030237026,2.843021065928042,1077.121470007114,0.0
1779969717,150,GET,/product/6E92ZMYYFZ,1.200000,1.200000,6,7,9,9,25,27,27,27,27,27,27,65,65,6,9.720603064992106,3.5582379205152392,64.15285309776664,0.0
1779969717,150,GET,/product/9SIQT8TOJO,1.900000,1.900000,5,7,8,11,23,28,28,28,28,28,28,66,66,6,7.147731915624305,3.1066390220075846,28.12322706449777,0.0
1779969717,150,GET,/product/L9ECAV7KIM,0.900000,0.900000,6,7,8,8,8,8,8,8,8,8,8,63,63,6,24.66040562343089,3.5207889741286635,1045.2455399790779,0.0
1779969717,150,GET,/product/LS4PSXUNUM,1.000000,1.000000,6,7,8,8,12,12,12,12,12,12,12,50,50,6,7.429603431373835,3.9749830029904842,34.97940197121352,0.0
1779969717,150,GET,/product/OLJCESPC7Z,1.000000,1.000000,6,6,7,7,9,9,9,9,9,9,9,60,60,6,24.880095656650763,3.5576060181483626,1039.9666980374604,0.0
1779969717,150,,Aggregated,86.300000,86.300000,6,7,8,9,12,19,43,60,1100,1100,1100,4376,4376,7,18.192989339880047,2.393183996900916,1085.8206690754741,0.0
1779969718,150,GET,/,65.400000,65.400000,6,7,8,9,12,19,43,58,1100,1100,1100,3351,3351,7,18.18210020531008,3.0177790904417634,1085.8206690754741,0.0
1779969718,150,POST,/cart,6.900000,6.900000,6,8,9,10,14,34,43,62,62,62,62,352,352,7,12.391184858147012,3.1656469218432903,1026.2838170165196,0.0
1779969718,150,POST,/cart/checkout,3.500000,3.500000,7,9,10,11,13,30,1100,1100,1100,1100,1100,184,184,8,32.795008592707426,3.557913936674595,1084.2301030643284,0.0
1779969718,150,GET,/product/0PUK6V6EV0,1.100000,1.100000,5,6,7,7,8,11,11,11,11,11,11,64,64,6,24.62798347005446,3.4350340720266104,1083.4271589992568,0.0
1779969718,150,GET,/product/1YMWWN1N4O,1.500000,1.500000,6,6,7,9,10,11,11,11,11,11,11,65,65,6,7.7908137275909,2.393183996900916,33.448836067691445,0.0
1779969718,150,GET,/product/2ZYFJ3GM2N,1.500000,1.500000,6,6,9,9,9,16,16,16,16,16,16,62,62,7,7.728333680725266,2.681302954442799,19.477033987641335,0.0
1779969718,150,GET,/product/66VCHSJNUP,1.800000,1.800000,6,8,10,10,19,1100,1100,1100,1100,1100,1100,65,65,7,25.541093229101254,2.843021065928042,1077.121470007114,0.0
1779969718,150,GET,/product/6E92ZMYYFZ,1.200000,1.200000,6,9,9,9,25,27,27,27,27,27,27,65,65,6,9.720603064992106,3.5582379205152392,64.15285309776664,0.0
1779969718,150,GET,/product/9SIQT8TOJO,1.800000,1.800000,5,7,11,11,23,28,28,28,28,28,28,66,66,6,7.147731915624305,3.1066390220075846,28.12322706449777,0.0
1779969718,150,GET,/product/L9ECAV7KIM,0.800000,0.800000,5,6,7,7,8,8,8,8,8,8,8,65,65,6,24.04678768048493,3.5207889741286635,1045.2455399790779,0.0
1779969718,150,GET,/product/LS4PSXUNUM,1.100000,1.100000,5,7,8,8,12,12,12,12,12,12,12,51,51,6,7.358823108541615,3.819806966930628,34.97940197121352,0.0
1779969718,150,GET,/product/OLJCESPC7Z,1.000000,1.000000,6,6,6,7,9,9,9,9,9,9,9,61,61,6,24.526009284585836,3.2808269606903195,1039.9666980374604,0.0
1779969718,150,,Aggregated,87.600000,87.600000,6,7,8,9,12,20,43,60,1100,1100,1100,4451,4451,7,17.992391658363513,2.393183996900916,1085.8206690754741,0.0
1779969719,150,GET,/,65.700000,65.700000,6,7,8,9,11,19,43,60,1100,1100,1100,3423,3423,7,18.232399166010435,3.0177790904417634,1085.8206690754741,0.0
1779969719,150,POST,/cart,7.000000,7.000000,6,8,9,10,14,17,35,62,62,62,62,360,360,7,12.285932619771403,3.1656469218432903,1026.2838170165196,0.0
1779969719,150,POST,/cart/checkout,3.500000,3.500000,8,9,10,11,13,13,1100,1100,1100,1100,1100,184,184,8,32.795008592707426,3.557913936674595,1084.2301030643284,0.0
1779969719,150,GET,/product/0PUK6V6EV0,1.100000,1.100000,5,6,7,7,8,11,11,11,11,11,11,65,65,6,24.323114570086965,3.4350340720266104,1083.4271589992568,0.0
1779969719,150,GET,/product/1YMWWN1N4O,1.400000,1.400000,5,6,6,7,9,11,11,11,11,11,11,65,65,6,7.7908137275909,2.393183996900916,33.448836067691445,0.0
1779969719,150,GET,/product/2ZYFJ3GM2N,1.600000,1.600000,6,7,9,9,9,16,16,16,16,16,16,63,63,7,7.666134622894109,2.681302954442799,19.477033987641335,0.0
1779969719,150,GET,/product/66VCHSJNUP,1.900000,1.900000,6,7,8,10,12,1100,1100,1100,1100,1100,1100,67,67,7,24.97560280347382,2.843021065928042,1077.121470007114,0.0
1779969719,150,GET,/product/6E92ZMYYFZ,1.200000,1.200000,6,8,9,9,27,27,27,27,27,27,27,67,67,6,9.621138243115883,3.5582379205152392,64.15285309776664,0.0
1779969719,150,GET,/product/9SIQT8TOJO,1.700000,1.700000,5,6,8,11,23,28,28,28,28,28,28,69,69,6,7.043114252577442,3.1066390220075846,28.12322706449777,0.0
1779969719,150,GET,/product/L9ECAV7KIM,0.700000,0.700000,5,6,7,7,8,8,8,8,8,8,8,67,67,6,23.485720300101743,3.5207889741286635,1045.2455399790779,0.0
1779969719,150,GET,/product/LS4PSXUNUM,0.900000,0.900000,5,7,8,8,12,12,12,12,12,12,12,51,51,6,7.358823108541615,3.819806966930628,34.97940197121352,0.0
1779969719,150,GET,/product/OLJCESPC7Z,0.900000,0.900000,6,6,7,7,9,9,9,9,9,9,9,63,63,6,23.923986689335415,3.2808269606903195,1039.9666980374604,0.0
1779969719,150,,Aggregated,87.600000,87.600000,6,7,8,9,11,19,41,62,1100,1100,1100,4544,4544,7,17.979115850273086,2.393183996900916,1085.8206690754741,0.0
1779969720,150,GET,/,65.600000,65.600000,6,7,8,9,11,19,43,60,1100,1100,1100,3480,3480,7,18.326688122643887,3.0177790904417634,1085.8206690754741,0.0
1779969720,150,POST,/cart,7.100000,7.100000,6,8,9,9,13,17,35,62,62,62,62,373,373,7,12.099005652394336,3.1656469218432903,1026.2838170165196,0.0
1779969720,150,POST,/cart/checkout,3.300000,3.300000,6,9,10,11,13,13,1100,1100,1100,1100,1100,187,187,8,32.36297332684206,3.557913936674595,1084.2301030643284,0.0
1779969720,150,GET,/product/0PUK6V6EV0,1.100000,1.100000,5,6,7,7,8,11,11,11,11,11,11,65,65,6,24.323114570086965,3.4350340720266104,1083.4271589992568,0.0
1779969720,150,GET,/product/1YMWWN1N4O,1.400000,1.400000,5,5,6,6,7,7,7,7,7,7,7,66,66,6,7.734951307418559,2.393183996900916,33.448836067691445,0.0
1779969720,150,GET,/product/2ZYFJ3GM2N,1.400000,1.400000,6,6,9,9,9,16,16,16,16,16,16,65,65,6,7.596940158579785,2.681302954442799,19.477033987641335,0.0
1779969720,150,GET,/product/66VCHSJNUP,2.100000,2.100000,6,7,8,10,12,1100,1100,1100,1100,1100,1100,68,68,7,24.6629318657249,2.843021065928042,1077.121470007114,0.0
1779969720,150,GET,/product/6E92ZMYYFZ,1.100000,1.100000,6,8,9,9,27,27,27,27,27,27,27,67,67,6,9.621138243115883,3.5582379205152392,64.15285309776664,0.0
1779969720,150,GET,/product/9SIQT8TOJO,1.400000,1.400000,5,8,9,11,23,28,28,28,28,28,28,72,72,6,7.097316839564074,3.1066390220075846,28.12322706449777,0.0
1779969720,150,GET,/product/L9ECAV7KIM,0.900000,0.900000,5,6,6,7,8,8,8,8,8,8,8,68,68,6,23.225605559727068,3.5207889741286635,1045.2455399790779,0.0
1779969720,150,GET,/product/LS4PSXUNUM,0.900000,0.900000,6,7,8,8,12,12,12,12,12,12,12,53,53,6,7.349381405631748,3.819806966930628,34.97940197121352,0.0
1779969720,150,GET,/product/OLJCESPC7Z,0.900000,0.900000,6,6,7,9,10,10,10,10,10,10,10,64,64,6,23.710294803095167,3.2808269606903195,1039.9666980374604,0.0
1779969720,150,,Aggregated,87.200000,87.200000,6,7,8,9,11,19,41,62,1100,1100,1100,4628,4628,7,17.98746971315491,2.393183996900916,1085.8206690754741,0.0
1779969721,150,GET,/,66.600000,66.600000,6,7,8,9,11,19,41,58,1100,1100,1100,3544,3544,7,18.100535828412855,3.0177790904417634,1085.8206690754741,0.0
1779969721,150,POST,/cart,7.500000,7.500000,6,7,9,9,14,20,35,62,62,62,62,380,380,7,12.036322582341535,3.1656469218432903,1026.2838170165196,0.0
1779969721,150,POST,/cart/checkout,2.900000,2.900000,6,8,11,11,13,13,1100,1100,1100,1100,1100,189,189,8,32.12287493183145,3.557913936674595,1084.2301030643284,0.0
1779969721,150,GET,/product/0PUK6V6EV0,1.200000,1.200000,5,6,6,6,7,11,11,11,11,11,11,66,66,6,24.02721716718974,3.4350340720266104,1083.4271589992568,0.0
1779969721,150,GET,/product/1YMWWN1N4O,1.300000,1.300000,5,5,5,5,5,5,5,5,5,5,5,66,66,6,7.734951307418559,2.393183996900916,33.448836067691445,0.0
1779969721,150,GET,/product/2ZYFJ3GM2N,1.300000,1.300000,6,6,7,7,9,9,9,9,9,9,9,65,65,6,7.596940158579785,2.681302954442799,19.477033987641335,0.0
1779969721,150,GET,/product/66VCHSJNUP,2.100000,2.100000,6,8,8,10,12,1100,1100,1100,1100,1100,1100,68,68,7,24.6629318657249,2.843021065928042,1077.121470007114,0.0
1779969721,150,GET,/product/6E92ZMYYFZ,1.300000,1.300000,6,8,9,9,27,27,27,27,27,27,27,68,68,6,9.541095931233619,3.5582379205152392,64.15285309776664,0.0
1779969721,150,GET,/product/9SIQT8TOJO,1.500000,1.500000,6,9,11,11,23,28,28,28,28,28,28,73,73,6,7.0758435399947714,3.1066390220075846,28.12322706449777,0.0
1779969721,150,GET,/product/L9ECAV7KIM,0.900000,0.900000,5,6,6,6,7,7,7,7,7,7,7,71,71,6,22.481991422467562,3.5207889741286635,1045.2455399790779,0.0
1779969721,150,GET,/product/LS4PSXUNUM,0.800000,0.800000,6,8,8,8,12,12,12,12,12,12,12,53,53,6,7.349381405631748,3.819806966930628,34.97940197121352,0.0
1779969721,150,GET,/product/OLJCESPC7Z,1.100000,1.100000,6,6,6,9,10,10,10,10,10,10,10,65,65,6,23.43201566881572,3.2808269606903195,1039.9666980374604,0.0
1779969721,150,,Aggregated,88.500000,88.500000,6,7,8,9,11,19,40,60,1100,1100,1100,4708,4708,7,17.78561156361776,2.393183996900916,1085.8206690754741,0.0
1779969722,150,GET,/,64.900000,64.900000,6,7,8,9,12,21,41,58,1100,1100,1100,3609,3609,7,17.94275484204857,3.0177790904417634,1085.8206690754741,0.0
1779969722,150,POST,/cart,7.800000,7.800000,6,8,9,10,16,20,35,62,62,62,62,389,389,7,11.95026874353099,3.1656469218432903,1026.2838170165196,0.0
1779969722,150,POST,/cart/checkout,2.900000,2.900000,7,8,11,11,13,13,1100,1100,1100,1100,1100,192,192,8,31.7306962612444,3.557913936674595,1084.2301030643284,0.0
1779969722,150,GET,/product/0PUK6V6EV0,1.000000,1.000000,5,6,6,7,8,11,11,11,11,11,11,68,68,6,23.494069015963333,3.4350340720266104,1083.4271589992568,0.0
1779969722,150,GET,/product/1YMWWN1N4O,1.400000,1.400000,5,5,5,5,5,5,5,5,5,5,5,66,66,6,7.734951307418559,2.393183996900916,33.448836067691445,0.0
1779969722,150,GET,/product/2ZYFJ3GM2N,1.300000,1.300000,6,7,9,9,10,17,17,17,17,17,17,68,68,6,7.75905091466163,2.681302954442799,19.477033987641335,0.0
1779969722,150,GET,/product/66VCHSJNUP,1.900000,1.900000,6,6,8,10,12,1100,1100,1100,1100,1100,1100,71,71,7,23.871656154728377,2.843021065928042,1077.121470007114,0.0
1779969722,150,GET,/product/6E92ZMYYFZ,1.000000,1.000000,8,8,9,9,27,27,27,27,27,27,27,68,68,6,9.541095931233619,3.5582379205152392,64.15285309776664,0.0
1779969722,150,GET,/product/9SIQT8TOJO,1.700000,1.700000,6,11,12,13,23,28,28,28,28,28,28,75,75,6,7.211943285850187,3.1066390220075846,28.12322706449777,0.0
1779969722,150,GET,/product/L9ECAV7KIM,0.900000,0.900000,5,6,6,6,7,7,7,7,7,7,7,72,72,6,22.234425582509076,3.5207889741286635,1045.2455399790779,0.0
1779969722,150,GET,/product/LS4PSXUNUM,0.900000,0.900000,5,6,8,8,12,12,12,12,12,12,12,54,54,6,7.296557564081417,3.819806966930628,34.97940197121352,0.0
1779969722,150,GET,/product/OLJCESPC7Z,0.900000,0.900000,6,6,9,10,13,13,13,13,13,13,13,66,66,6,23.266507690123312,3.2808269606903195,1039.9666980374604,0.0
1779969722,150,,Aggregated,86.600000,86.600000,6,7,8,9,12,20,40,60,1100,1100,1100,4798,4798,7,17.621327533267078,2.393183996900916,1085.8206690754741,0.0
1779969723,150,GET,/,64.700000,64.700000,6,7,8,9,11,16,23,58,1100,1100,1100,3666,3666,7,17.798952021586786,3.0177790904417634,1085.8206690754741,0.0
1779969723,150,POST,/cart,8.100000,8.100000,6,7,9,9,13,19,35,1000,1000,1000,1000,396,396,7,14.391421086702854,3.1656469218432903,1026.2838170165196,0.0
1779969723,150,POST,/cart/checkout,2.900000,2.900000,6,7,8,8,11,11,12,12,12,12,12,199,199,8,30.818406333936256,3.557913936674595,1084.2301030643284,0.0
1779969723,150,GET,/product/0PUK6V6EV0,1.100000,1.100000,5,6,6,6,7,8,8,8,8,8,8,69,69,6,23.210224378314138,3.4350340720266104,1083.4271589992568,0.0
1779969723,150,GET,/product/1YMWWN1N4O,1.000000,1.000000,5,5,5,5,5,5,5,5,5,5,5,67,67,6,7.683404526714958,2.393183996900916,33.448836067691445,0.0
1779969723,150,GET,/product/2ZYFJ3GM2N,1.200000,1.200000,6,6,10,10,13,17,17,17,17,17,17,70,70,6,7.773089445462184,2.681302954442799,19.477033987641335,0.0
1779969723,150,GET,/product/66VCHSJNUP,1.700000,1.700000,6,6,8,8,10,1100,1100,1100,1100,1100,1100,72,72,7,23.67890705580875,2.843021065928042,1077.121470007114,0.0
1779969723,150,GET,/product/6E92ZMYYFZ,0.900000,0.900000,8,8,9,9,27,27,27,27,27,27,27,70,70,6,9.445464532888893,3.5582379205152392,64.15285309776664,0.0
1779969723,150,GET,/product/9SIQT8TOJO,1.800000,1.800000,6,11,11,12,13,28,28,28,28,28,28,76,76,6,7.261521098706381,3.1066390220075846,28.12322706449777,0.0
1779969723,150,GET,/product/L9ECAV7KIM,1.100000,1.100000,5,6,6,7,9,11,11,11,11,11,11,74,74,6,21.89568305274824,3.5207889741286635,1045.2455399790779,0.0
1779969723,150,GET,/product/LS4PSXUNUM,0.800000,0.800000,5,5,6,8,12,12,12,12,12,12,12,55,55,6,7.251778498969295,3.819806966930628,34.97940197121352,0.0
1779969723,150,GET,/product/OLJCESPC7Z,0.800000,0.800000,6,6,6,10,13,13,13,13,13,13,13,66,66,6,23.266507690123312,3.2808269606903195,1039.9666980374604,0.0
1779969723,150,,Aggregated,86.100000,86.100000,6,7,8,9,11,16,23,58,1100,1100,1100,4880,4880,7,17.66719075168395,2.393183996900916,1085.8206690754741,0.0
1779969724,150,GET,/,65.300000,65.300000,6,7,8,9,11,17,24,58,1100,1100,1100,3730,3730,7,17.618932792805783,3.0177790904417634,1085.8206690754741,0.0
1779969724,150,POST,/cart,8.500000,8.500000,6,7,9,9,17,20,35,1000,1000,1000,1000,403,403,7,14.304126769988324,3.1656469218432903,1026.2838170165196,0.0
1779969724,150,POST,/cart/checkout,2.900000,2.900000,6,7,8,8,11,11,12,12,12,12,12,201,201,8,30.57996486313641,3.557913936674595,1084.2301030643284,0.0
1779969724,150,GET,/product/0PUK6V6EV0,1.200000,1.200000,5,5,7,7,8,8,8,8,8,8,8,70,70,6,22.953708587946103,3.4350340720266104,1083.4271589992568,0.0
1779969724,150,GET,/product/1YMWWN1N4O,0.700000,0.700000,5,5,5,5,7,7,7,7,7,7,7,68,68,6,7.668314635178403,2.393183996900916,33.448836067691445,0.0
1779969724,150,GET,/product/2ZYFJ3GM2N,1.300000,1.300000,6,7,10,10,13,17,17,17,17,17,17,71,71,7,7.795342649202007,2.681302954442799,19.477033987641335,0.0
1779969724,150,GET,/product/66VCHSJNUP,2.000000,2.000000,6,6,6,8,10,10,10,10,10,10,10,72,72,7,23.67890705580875,2.843021065928042,1077.121470007114,0.0
1779969724,150,GET,/product/6E92ZMYYFZ,0.800000,0.800000,5,8,8,9,13,13,13,13,13,13,13,72,72,6,9.423369587036884,3.5582379205152392,64.15285309776664,0.0
1779969724,150,GET,/product/9SIQT8TOJO,1.600000,1.600000,6,11,12,13,14,28,28,28,28,28,28,78,78,6,7.308320045315971,3.1066390220075846,28.12322706449777,0.0
1779969724,150,GET,/product/L9ECAV7KIM,1.200000,1.200000,6,6,6,6,9,11,11,11,11,11,11,77,77,6,21.25583103609985,3.5207889741286635,1045.2455399790779,0.0
1779969724,150,GET,/product/LS4PSXUNUM,0.900000,0.900000,4,5,6,6,8,8,8,8,8,8,8,55,55,6,7.251778498969295,3.819806966930628,34.97940197121352,0.0
1779969724,150,GET,/product/OLJCESPC7Z,1.000000,1.000000,6,6,6,10,13,13,13,13,13,13,13,68,68,6,22.702641037005165,3.2808269606903195,1039.9666980374604,0.0
1779969724,150,,Aggregated,87.400000,87.400000,6,7,8,9,11,16,24,47,1100,1100,1100,4965,4965,7,17.491272698280337,2.393183996900916,1085.8206690754741,0.0
1779969725,150,GET,/,64.300000,64.300000,6,7,8,9,11,16,23,42,1100,1100,1100,3795,3795,7,17.709431205925252,3.0177790904417634,1085.8206690754741,0.0
1779969725,150,POST,/cart,8.500000,8.500000,6,7,8,9,11,20,35,1000,1000,1000,1000,413,413,7,14.098844516596174,3.1656469218432903,1026.2838170165196,0.0
1779969725,150,POST,/cart/checkout,3.100000,3.100000,6,7,8,8,10,11,12,12,12,12,12,206,206,8,29.993370464139446,3.557913936674595,1084.2301030643284,0.0
1779969725,150,GET,/product/0PUK6V6EV0,1.400000,1.400000,5,5,5,7,8,8,8,8,8,8,8,72,72,6,22.45288215474122,3.219616017304361,1083.4271589992568,0.0
1779969725,150,GET,/product/1YMWWN1N4O,0.700000,0.700000,5,6,7,7,17,17,17,17,17,17,17,70,70,6,7.769799332267472,2.393183996900916,33.448836067691445,0.0
1779969725,150,GET,/product/2ZYFJ3GM2N,1.500000,1.500000,6,6,9,10,13,17,17,17,17,17,17,74,74,6,7.674555772462407,2.681302954442799,19.477033987641335,0.0
1779969725,150,GET,/product/66VCHSJNUP,1.900000,1.900000,6,6,6,6,8,10,10,10,10,10,10,72,72,7,23.67890705580875,2.843021065928042,1077.121470007114,0.0
1779969725,150,GET,/product/6E92ZMYYFZ,0.800000,0.800000,5,6,8,8,13,13,13,13,13,13,13,73,73,6,9.370649552406514,3.5582379205152392,64.15285309776664,0.0
1779969725,150,GET,/product/9SIQT8TOJO,1.600000,1.600000,9,11,12,13,14,28,28,28,28,28,28,78,78,6,7.308320045315971,3.1066390220075846,28.12322706449777,0.0
1779969725,150,GET,/product/L9ECAV7KIM,1.300000,1.300000,6,6,6,7,9,11,11,11,11,11,11,77,77,6,21.25583103609985,3.5207889741286635,1045.2455399790779,0.0
1779969725,150,GET,/product/LS4PSXUNUM,0.900000,0.900000,5,6,7,7,8,8,8,8,8,8,8,56,56,6,7.2401999724596475,3.819806966930628,34.97940197121352,0.0
1779969725,150,GET,/product/OLJCESPC7Z,0.900000,0.900000,6,6,6,10,13,13,13,13,13,13,13,69,69,6,22.446886675121885,3.2808269606903195,1039.9666980374604,0.0
1779969725,150,,Aggregated,86.900000,86.900000,6,7,8,9,11,16,23,35,1100,1100,1100,5055,5055,7,17.50487283495845,2.393183996900916,1085.8206690754741,0.0
1779969726,150,GET,/,64.300000,64.300000,6,7,8,9,12,16,24,30,1000,1000,1000,3859,3859,7,17.549015972725893,3.0177790904417634,1085.8206690754741,0.0
1779969726,150,POST,/cart,8.500000,8.500000,6,7,8,9,11,20,35,1000,1000,1000,1000,420,420,7,13.976647691257918,3.1656469218432903,1026.2838170165196,0.0
1779969726,150,POST,/cart/checkout,3.100000,3.100000,6,7,8,8,10,11,19,19,19,19,19,209,209,8,29.723183925900805,3.557913936674595,1084.2301030643284,0.0
1779969726,150,GET,/product/0PUK6V6EV0,1.400000,1.400000,5,5,5,7,8,8,8,8,8,8,8,72,72,6,22.45288215474122,3.219616017304361,1083.4271589992568,0.0
1779969726,150,GET,/product/1YMWWN1N4O,0.700000,0.700000,5,5,6,7,17,17,17,17,17,17,17,71,71,6,7.736902862695426,2.393183996900916,33.448836067691445,0.0
1779969726,150,GET,/product/2ZYFJ3GM2N,1.500000,1.500000,6,6,9,10,13,17,17,17,17,17,17,74,74,6,7.674555772462407,2.681302954442799,19.477033987641335,0.0
1779969726,150,GET,/product/66VCHSJNUP,1.900000,1.900000,6,6,6,8,10,10,10,10,10,10,10,72,72,7,23.67890705580875,2.843021065928042,1077.121470007114,0.0
1779969726,150,GET,/product/6E92ZMYYFZ,0.800000,0.800000,5,6,8,8,13,13,13,13,13,13,13,74,74,6,9.296749422729418,3.5582379205152392,64.15285309776664,0.0
1779969726,150,GET,/product/9SIQT8TOJO,1.600000,1.600000,6,11,12,13,14,28,28,28,28,28,28,81,81,6,7.358342081446339,3.1066390220075846,28.12322706449777,0.0
1779969726,150,GET,/product/L9ECAV7KIM,1.300000,1.300000,6,6,7,7,9,11,11,11,11,11,11,78,78,6,21.069554291152134,3.5207889741286635,1045.2455399790779,0.0
1779969726,150,GET,/product/LS4PSXUNUM,0.900000,0.900000,6,6,7,7,8,8,8,8,8,8,8,56,56,6,7.2401999724596475,3.819806966930628,34.97940197121352,0.0
1779969726,150,GET,/product/OLJCESPC7Z,0.900000,0.900000,6,6,10,11,13,13,13,13,13,13,13,70,70,6,22.281713437821185,3.2808269606903195,1039.9666980374604,0.0
1779969726,150,,Aggregated,86.900000,86.900000,6,7,8,9,12,16,23,30,1000,1000,1000,5136,5136,7,17.35500344681819,2.393183996900916,1085.8206690754741,0.0
1779969727,150,GET,/,64.100000,64.100000,6,7,8,9,12,15,24,30,1000,1000,1000,3924,3924,7,17.358376977984936,3.0177790904417634,1085.8206690754741,0.0
1779969727,150,POST,/cart,7.800000,7.800000,6,7,8,9,11,19,26,1000,1000,1000,1000,428,428,7,13.854223407672231,3.1656469218432903,1026.2838170165196,0.0
1779969727,150,POST,/cart/checkout,3.200000,3.200000,6,8,8,8,11,14,19,19,19,19,19,217,217,8,28.922549809955814,3.557913936674595,1084.2301030643284,0.0
1779969727,150,GET,/product/0PUK6V6EV0,1.000000,1.000000,5,5,7,7,8,8,8,8,8,8,8,72,72,6,22.45288215474122,3.219616017304361,1083.4271589992568,0.0
1779969727,150,GET,/product/1YMWWN1N4O,0.800000,0.800000,6,6,7,7,17,17,17,17,17,17,17,71,71,6,7.736902862695426,2.393183996900916,33.448836067691445,0.0
1779969727,150,GET,/product/2ZYFJ3GM2N,1.500000,1.500000,6,7,9,10,13,17,17,17,17,17,17,76,76,6,7.620097398390307,2.681302954442799,19.477033987641335,0.0
1779969727,150,GET,/product/66VCHSJNUP,1.400000,1.400000,6,6,7,8,10,10,10,10,10,10,10,74,74,7,23.21970904076069,2.843021065928042,1077.121470007114,0.0
1779969727,150,GET,/product/6E92ZMYYFZ,1.000000,1.000000,5,6,8,8,13,13,13,13,13,13,13,75,75,6,9.234920963644981,3.5582379205152392,64.15285309776664,0.0
1779969727,150,GET,/product/9SIQT8TOJO,1.400000,1.400000,6,11,12,12,14,14,14,14,14,14,14,82,82,6,7.316704958722722,3.1066390220075846,28.12322706449777,0.0
1779969727,150,GET,/product/L9ECAV7KIM,1.500000,1.500000,6,6,7,7,9,11,11,11,11,11,11,78,78,6,21.069554291152134,3.5207889741286635,1045.2455399790779,0.0
1779969727,150,GET,/product/LS4PSXUNUM,0.800000,0.800000,6,7,7,7,8,8,8,8,8,8,8,57,57,6,7.229501902321844,3.819806966930628,34.97940197121352,0.0
1779969727,150,GET,/product/OLJCESPC7Z,1.000000,1.000000,6,6,10,11,13,13,13,13,13,13,13,70,70,6,22.281713437821185,3.2808269606903195,1039.9666980374604,0.0
1779969727,150,,Aggregated,85.500000,85.500000,6,7,8,9,12,15,23,26,1000,1000,1000,5224,5224,7,17.16906610666578,2.393183996900916,1085.8206690754741,0.0
1779969728,150,GET,/,64.000000,64.000000,6,7,9,9,13,17,26,41,1100,1100,1100,3974,3974,7,17.55048318026788,3.0177790904417634,1085.8206690754741,0.0
1779969728,150,POST,/cart,8.000000,8.000000,6,7,8,9,11,19,26,1000,1000,1000,1000,435,435,7,13.746524134907743,3.1656469218432903,1026.2838170165196,0.0
1779969728,150,POST,/cart/checkout,3.000000,3.000000,7,8,8,9,11,14,19,19,19,19,19,219,219,8,28.74593032347506,3.557913936674595,1084.2301030643284,0.0
1779969728,150,GET,/product/0PUK6V6EV0,0.900000,0.900000,5,5,7,7,8,8,8,8,8,8,8,72,72,6,22.45288215474122,3.219616017304361,1083.4271589992568,0.0
1779969728,150,GET,/product/1YMWWN1N4O,0.600000,0.600000,6,7,10,10,17,17,17,17,17,17,17,72,72,6,7.76723082364899,2.393183996900916,33.448836067691445,0.0
1779969728,150,GET,/product/2ZYFJ3GM2N,1.300000,1.300000,6,7,9,10,13,17,17,17,17,17,17,76,76,6,7.620097398390307,2.681302954442799,19.477033987641335,0.0
1779969728,150,GET,/product/66VCHSJNUP,1.200000,1.200000,6,6,7,7,10,10,10,10,10,10,10,74,74,7,23.21970904076069,2.843021065928042,1077.121470007114,0.0
1779969728,150,GET,/product/6E92ZMYYFZ,1.000000,1.000000,5,6,8,8,13,13,13,13,13,13,13,75,75,6,9.234920963644981,3.5582379205152392,64.15285309776664,0.0
1779969728,150,GET,/product/9SIQT8TOJO,1.700000,1.700000,11,12,13,13,14,14,14,14,14,14,14,83,83,6,7.390847886878863,3.1066390220075846,28.12322706449777,0.0
1779969728,150,GET,/product/L9ECAV7KIM,1.600000,1.600000,6,7,9,9,9,11,11,11,11,11,11,79,79,6,20.92252424888643,3.5207889741286635,1045.2455399790779,0.0
1779969728,150,GET,/product/LS4PSXUNUM,0.600000,0.600000,7,7,7,7,8,8,8,8,8,8,8,57,57,6,7.229501902321844,3.819806966930628,34.97940197121352,0.0
1779969728,150,GET,/product/OLJCESPC7Z,1.000000,1.000000,9,10,11,11,13,13,13,13,13,13,13,71,71,6,22.095133784935403,3.2808269606903195,1039.9666980374604,0.0
1779969728,150,,Aggregated,84.900000,84.900000,6,7,9,9,13,17,26,36,1100,1100,1100,5287,5287,7,17.29406579787358,2.393183996900916,1085.8206690754741,0.0
1779969729,150,GET,/,63.300000,63.300000,6,7,9,9,13,18,26,42,1100,1100,1100,4044,4044,7,17.615410391466774,3.0177790904417634,1085.8206690754741,0.0
1779969729,150,POST,/cart,8.000000,8.000000,7,7,8,9,14,20,26,1000,1000,1000,1000,444,444,7,13.659104053035948,3.1656469218432903,1026.2838170165196,0.0
1779969729,150,POST,/cart/checkout,3.400000,3.400000,7,8,8,8,11,14,19,19,19,19,19,223,223,8,28.337136761915993,3.557913936674595,1084.2301030643284,0.0
1779969729,150,GET,/product/0PUK6V6EV0,0.800000,0.800000,5,5,6,7,8,8,8,8,8,8,8,74,74,6,21.993560420751976,3.219616017304361,1083.4271589992568,0.0
1779969729,150,GET,/product/1YMWWN1N4O,0.600000,0.600000,7,10,12,12,17,17,17,17,17,17,17,73,73,6,7.8241845516309345,2.393183996900916,33.448836067691445,0.0
1779969729,150,GET,/product/2ZYFJ3GM2N,1.400000,1.400000,6,7,9,10,13,17,17,17,17,17,17,77,77,6,7.599391197398692,2.681302954442799,19.477033987641335,0.0
1779969729,150,GET,/product/66VCHSJNUP,1.100000,1.100000,6,6,7,7,10,10,10,10,10,10,10,74,74,7,23.21970904076069,2.843021065928042,1077.121470007114,0.0
1779969729,150,GET,/product/6E92ZMYYFZ,1.000000,1.000000,5,6,6,8,13,13,13,13,13,13,13,76,76,6,9.187348082808679,3.5582379205152392,64.15285309776664,0.0
1779969729,150,GET,/product/9SIQT8TOJO,1.600000,1.600000,11,13,13,13,14,14,14,14,14,14,14,83,83,6,7.390847886878863,3.1066390220075846,28.12322706449777,0.0
1779969729,150,GET,/product/L9ECAV7KIM,1.500000,1.500000,6,7,9,9,9,11,11,11,11,11,11,80,80,6,20.722823282994796,3.5207889741286635,1045.2455399790779,0.0
1779969729,150,GET,/product/LS4PSXUNUM,0.700000,0.700000,7,7,7,7,8,8,8,8,8,8,8,58,58,6,7.22215683520611,3.819806966930628,34.97940197121352,0.0
1779969729,150,GET,/product/OLJCESPC7Z,1.000000,1.000000,9,10,11,11,13,13,13,13,13,13,13,71,71,6,22.095133784935403,3.2808269606903195,1039.9666980374604,0.0
1779969729,150,,Aggregated,84.400000,84.400000,6,7,9,9,13,18,26,41,1100,1100,1100,5377,5377,7,17.310728685490776,2.393183996900916,1085.8206690754741,0.0
1779969730,150,GET,/,62.400000,62.400000,6,8,9,10,13,19,26,41,1100,1100,1100,4093,4093,7,17.497543970440578,3.0177790904417634,1085.8206690754741,0.0
1779969730,150,POST,/cart,8.300000,8.300000,7,7,8,9,11,19,26,1000,1000,1000,1000,451,451,7,13.5580476395633,3.1656469218432903,1026.2838170165196,0.0
1779969730,150,POST,/cart/checkout,3.500000,3.500000,6,7,8,8,13,16,19,19,19,19,19,226,226,7,28.07931922091814,3.557913936674595,1084.2301030643284,0.0
1779969730,150,GET,/product/0PUK6V6EV0,0.800000,0.800000,5,6,7,7,8,8,8,8,8,8,8,76,76,6,21.558001461304038,3.219616017304361,1083.4271589992568,0.0
1779969730,150,GET,/product/1YMWWN1N4O,0.700000,0.700000,7,10,12,16,17,17,17,17,17,17,17,75,75,6,7.930521552140514,2.393183996900916,33.448836067691445,0.0
1779969730,150,GET,/product/2ZYFJ3GM2N,1.400000,1.400000,6,9,9,10,13,17,17,17,17,17,17,79,79,6,7.573257775128454,2.681302954442799,19.477033987641335,0.0
1779969730,150,GET,/product/66VCHSJNUP,0.900000,0.900000,6,7,10,10,10,10,10,10,10,10,10,75,75,7,23.03679130660991,2.843021065928042,1077.121470007114,0.0
1779969730,150,GET,/product/6E92ZMYYFZ,1.000000,1.000000,6,7,7,7,8,13,13,13,13,13,13,78,78,6,9.12946809339934,3.5582379205152392,64.15285309776664,0.0
1779969730,150,GET,/product/9SIQT8TOJO,1.700000,1.700000,11,12,13,13,14,14,14,14,14,14,14,85,85,6,7.379251288469224,3.1066390220075846,28.12322706449777,0.0
1779969730,150,GET,/product/L9ECAV7KIM,1.400000,1.400000,7,7,9,9,11,11,11,11,11,11,11,81,81,6,20.551054933924735,3.5207889741286635,1045.2455399790779,0.0
1779969730,150,GET,/product/LS4PSXUNUM,0.700000,0.700000,7,7,7,7,7,7,7,7,7,7,7,59,59,6,7.176679024330767,3.819806966930628,34.97940197121352,0.0
1779969730,150,GET,/product/OLJCESPC7Z,1.100000,1.100000,6,9,11,11,13,13,13,13,13,13,13,71,71,6,22.095133784935403,3.2808269606903195,1039.9666980374604,0.0
1779969730,150,,Aggregated,83.900000,83.900000,6,8,9,9,13,18,26,36,1100,1100,1100,5449,5449,7,17.18360174742214,2.393183996900916,1085.8206690754741,0.0
1779969731,150,GET,/,61.800000,61.800000,6,8,9,9,12,17,26,42,1100,1100,1100,4158,4158,7,17.59764225775521,3.0177790904417634,1085.8206690754741,0.0
1779969731,150,POST,/cart,8.200000,8.200000,7,7,8,9,11,19,26,1000,1000,1000,1000,457,457,7,13.48181160220864,3.1656469218432903,1026.2838170165196,0.0
1779969731,150,POST,/cart/checkout,3.800000,3.800000,7,8,8,9,13,16,19,19,19,19,19,231,231,8,27.63827138497732,3.557913936674595,1084.2301030643284,0.0
1779969731,150,GET,/product/0PUK6V6EV0,0.900000,0.900000,5,5,6,7,7,7,7,7,7,7,7,76,76,6,21.558001461304038,3.219616017304361,1083.4271589992568,0.0
1779969731,150,GET,/product/1YMWWN1N4O,0.800000,0.800000,7,11,12,12,16,17,17,17,17,17,17,77,77,6,7.950576318597252,2.393183996900916,33.448836067691445,0.0
1779969731,150,GET,/product/2ZYFJ3GM2N,1.400000,1.400000,6,7,9,9,13,17,17,17,17,17,17,80,80,6,7.53502579027554,2.681302954442799,19.477033987641335,0.0
1779969731,150,GET,/product/66VCHSJNUP,0.700000,0.700000,6,7,10,10,10,10,10,10,10,10,10,75,75,7,23.03679130660991,2.843021065928042,1077.121470007114,0.0
1779969731,150,GET,/product/6E92ZMYYFZ,0.900000,0.900000,6,7,7,8,13,13,13,13,13,13,13,78,78,6,9.12946809339934,3.5582379205152392,64.15285309776664,0.0
1779969731,150,GET,/product/9SIQT8TOJO,1.400000,1.400000,9,11,13,14,14,14,14,14,14,14,14,85,85,6,7.379251288469224,3.1066390220075846,28.12322706449777,0.0
1779969731,150,GET,/product/L9ECAV7KIM,1.300000,1.300000,7,7,9,9,11,11,11,11,11,11,11,82,82,6,20.375141202438076,3.5207889741286635,1045.2455399790779,0.0
1779969731,150,GET,/product/LS4PSXUNUM,0.600000,0.600000,7,7,7,7,7,7,7,7,7,7,7,61,61,6,7.146330645735391,3.819806966930628,34.97940197121352,0.0
1779969731,150,GET,/product/OLJCESPC7Z,0.800000,0.800000,6,9,11,11,13,13,13,13,13,13,13,72,72,6,21.854515649869832,3.2808269606903195,1039.9666980374604,0.0
1779969731,150,,Aggregated,82.600000,82.600000,6,8,9,9,12,16,25,41,1100,1100,1100,5532,5532,7,17.230176562595734,2.393183996900916,1085.8206690754741,0.0
1779969732,150,GET,/,61.100000,61.100000,6,8,8,9,12,16,25,41,1100,1100,1100,4225,4225,7,17.440838173456136,3.0177790904417634,1085.8206690754741,0.0
1779969732,150,POST,/cart,7.900000,7.900000,7,7,8,9,10,14,22,26,26,26,26,465,465,7,13.364451364063287,3.1656469218432903,1026.2838170165196,0.0
1779969732,150,POST,/cart/checkout,3.900000,3.900000,7,8,9,10,13,16,19,19,19,19,19,233,233,7,27.458823201058696,3.557913936674595,1084.2301030643284,0.0
1779969732,150,GET,/product/0PUK6V6EV0,1.100000,1.100000,5,6,7,7,7,7,7,7,7,7,7,77,77,6,21.34176855906844,3.219616017304361,1083.4271589992568,0.0
1779969732,150,GET,/product/1YMWWN1N4O,0.900000,0.900000,7,11,12,12,16,17,17,17,17,17,17,78,78,6,7.927423904243952,2.393183996900916,33.448836067691445,0.0
1779969732,150,GET,/product/2ZYFJ3GM2N,1.400000,1.400000,5,6,6,7,9,9,9,9,9,9,9,83,83,6,7.459730737427452,2.681302954442799,19.477033987641335,0.0
1779969732,150,GET,/product/66VCHSJNUP,0.700000,0.700000,10,10,10,10,11,11,11,11,11,11,11,77,77,7,22.691796272206908,2.843021065928042,1077.121470007114,0.0
1779969732,150,GET,/product/6E92ZMYYFZ,1.100000,1.100000,6,7,7,7,13,13,13,13,13,13,13,78,78,6,9.12946809339934,3.5582379205152392,64.15285309776664,0.0
1779969732,150,GET,/product/9SIQT8TOJO,1.300000,1.300000,8,9,13,14,14,14,14,14,14,14,14,86,86,6,7.390206704067802,3.1066390220075846,28.12322706449777,0.0
1779969732,150,GET,/product/L9ECAV7KIM,1.300000,1.300000,7,7,8,8,9,9,9,9,9,9,9,85,85,6,19.901196784613763,3.5207889741286635,1045.2455399790779,0.0
1779969732,150,GET,/product/LS4PSXUNUM,0.600000,0.600000,7,7,7,7,7,7,7,7,7,7,7,62,62,6,7.120573746731445,3.819806966930628,34.97940197121352,0.0
1779969732,150,GET,/product/OLJCESPC7Z,0.700000,0.700000,5,6,9,9,11,11,11,11,11,11,11,74,74,6,21.403311375792867,3.2808269606903195,1039.9666980374604,0.0
1779969732,150,,Aggregated,82.000000,82.000000,6,8,8,9,12,16,24,34,1100,1100,1100,5623,5623,7,17.071416825425423,2.393183996900916,1085.8206690754741,0.0
1779969733,150,GET,/,61.100000,61.100000,7,8,9,10,13,18,25,36,1100,1100,1100,4293,4293,7,17.33275722113416,3.0177790904417634,1085.8206690754741,0.0
1779969733,150,POST,/cart,7.700000,7.700000,7,7,8,9,11,19,22,1100,1100,1100,1100,474,474,7,15.515622867562097,3.1656469218432903,1065.072133904323,0.0
1779969733,150,POST,/cart/checkout,4.200000,4.200000,7,8,10,10,14,16,19,19,19,19,19,236,236,8,27.26255420307329,3.557913936674595,1084.2301030643284,0.0
1779969733,150,GET,/product/0PUK6V6EV0,1.000000,1.000000,5,5,6,7,7,7,7,7,7,7,7,79,79,6,20.917437443085298,3.219616017304361,1083.4271589992568,0.0
1779969733,150,GET,/product/1YMWWN1N4O,1.100000,1.100000,10,11,12,16,17,17,17,17,17,17,17,78,78,6,7.927423904243952,2.393183996900916,33.448836067691445,0.0
1779969733,150,GET,/product/2ZYFJ3GM2N,1.500000,1.500000,5,6,6,6,7,9,9,9,9,9,9,84,84,6,7.43908171647317,2.681302954442799,19.477033987641335,0.0
1779969733,150,GET,/product/66VCHSJNUP,0.700000,0.700000,10,10,10,10,11,11,11,11,11,11,11,77,77,7,22.691796272206908,2.843021065928042,1077.121470007114,0.0
1779969733,150,GET,/product/6E92ZMYYFZ,1.000000,1.000000,7,7,12,12,21,21,21,21,21,21,21,80,80,6,9.317738615209237,3.5582379205152392,64.15285309776664,0.0
1779969733,150,GET,/product/9SIQT8TOJO,1.200000,1.200000,9,13,14,14,19,21,21,21,21,21,21,88,88,6,7.676341652933678,3.1066390220075846,28.12322706449777,0.0
1779969733,150,GET,/product/L9ECAV7KIM,1.100000,1.100000,7,8,8,9,9,10,10,10,10,10,10,86,86,6,19.782275192948536,3.5207889741286635,1045.2455399790779,0.0
1779969733,150,GET,/product/LS4PSXUNUM,0.700000,0.700000,7,7,7,7,13,13,13,13,13,13,13,64,64,6,7.184370269897045,3.819806966930628,34.97940197121352,0.0
1779969733,150,GET,/product/OLJCESPC7Z,0.800000,0.800000,5,6,9,11,15,15,15,15,15,15,15,77,77,6,20.88106017825859,3.2808269606903195,1039.9666980374604,0.0
1779969733,150,,Aggregated,82.100000,82.100000,7,8,9,10,13,18,23,34,1100,1100,1100,5716,5716,7,17.15023035924159,2.393183996900916,1085.8206690754741,0.0
1779969734,150,GET,/,61.300000,61.300000,7,8,10,11,15,20,25,36,1100,1100,1100,4370,4370,7,17.44938728658512,3.0177790904417634,1085.8206690754741,0.0
1779969734,150,POST,/cart,7.500000,7.500000,7,8,8,9,14,19,22,1100,1100,1100,1100,479,479,7,15.445841163287954,3.1656469218432903,1065.072133904323,0.0
1779969734,150,POST,/cart/checkout,4.100000,4.100000,8,9,10,12,14,16,19,19,19,19,19,238,238,8,27.11295257537712,3.557913936674595,1084.2301030643284,0.0
1779969734,150,GET,/product/0PUK6V6EV0,1.000000,1.000000,5,6,7,7,7,19,19,19,19,19,19,82,82,6,20.51370663471838,3.219616017304361,1083.4271589992568,0.0
1779969734,150,GET,/product/1YMWWN1N4O,1.200000,1.200000,10,11,12,12,16,16,16,16,16,16,16,78,78,6,7.927423904243952,2.393183996900916,33.448836067691445,0.0
1779969734,150,GET,/product/2ZYFJ3GM2N,1.600000,1.600000,6,6,7,9,9,17,17,17,17,17,17,86,86,6,7.569519802927971,2.681302954442799,19.477033987641335,0.0
1779969734,150,GET,/product/66VCHSJNUP,0.600000,0.600000,9,9,10,10,11,11,11,11,11,11,11,78,78,7,22.513125691777812,2.843021065928042,1077.121470007114,0.0
1779969734,150,GET,/product/6E92ZMYYFZ,1.000000,1.000000,7,7,12,12,21,21,21,21,21,21,21,80,80,6,9.317738615209237,3.5582379205152392,64.15285309776664,0.0
1779969734,150,GET,/product/9SIQT8TOJO,1.100000,1.100000,9,13,14,14,19,21,21,21,21,21,21,89,89,6,7.71891017277003,3.1066390220075846,28.12322706449777,0.0
1779969734,150,GET,/product/L9ECAV7KIM,1.300000,1.300000,8,8,10,10,14,24,24,24,24,24,24,89,89,6,19.604284657699086,3.5207889741286635,1045.2455399790779,0.0
1779969734,150,GET,/product/LS4PSXUNUM,0.800000,0.800000,7,7,7,7,13,13,13,13,13,13,13,65,65,6,7.179573142471222,3.819806966930628,34.97940197121352,0.0
1779969734,150,GET,/product/OLJCESPC7Z,0.800000,0.800000,6,9,9,9,11,15,15,15,15,15,15,80,80,6,20.36226223426638,3.2808269606903195,1039.9666980374604,0.0
1779969734,150,,Aggregated,82.300000,82.300000,7,8,9,11,15,19,24,34,1100,1100,1100,5814,5814,7,17.214579506407038,2.393183996900916,1085.8206690754741,0.0
1779969735,150,GET,/,62.300000,62.300000,7,9,10,11,15,20,26,41,1100,1100,1100,4423,4423,7,17.57707556159234,3.0177790904417634,1085.8206690754741,0.0
1779969735,150,POST,/cart,7.800000,7.800000,7,8,9,9,14,22,26,1100,1100,1100,1100,491,491,7,15.291738490784605,3.1656469218432903,1065.072133904323,0.0
1779969735,150,POST,/cart/checkout,3.600000,3.600000,8,9,12,12,15,16,16,16,16,16,16,241,241,8,26.925840775416663,3.557913936674595,1084.2301030643284,0.0
1779969735,150,GET,/product/0PUK6V6EV0,1.000000,1.000000,5,6,7,7,15,19,19,19,19,19,19,83,83,6,20.441451686412005,3.219616017304361,1083.4271589992568,0.0
1779969735,150,GET,/product/1YMWWN1N4O,1.100000,1.100000,7,10,11,12,16,16,16,16,16,16,16,79,79,6,7.910852880464701,2.393183996900916,33.448836067691445,0.0
1779969735,150,GET,/product/2ZYFJ3GM2N,1.400000,1.400000,6,9,9,9,17,1100,1100,1100,1100,1100,1100,91,91,6,19.306000661115153,2.681302954442799,1071.3425279827788,0.0
1779969735,150,GET,/product/66VCHSJNUP,0.600000,0.600000,9,9,10,10,11,11,11,11,11,11,11,78,78,7,22.513125691777812,2.843021065928042,1077.121470007114,0.0
1779969735,150,GET,/product/6E92ZMYYFZ,1.000000,1.000000,7,7,12,12,21,21,21,21,21,21,21,80,80,6,9.317738615209237,3.5582379205152392,64.15285309776664,0.0
1779969735,150,GET,/product/9SIQT8TOJO,1.100000,1.100000,9,11,13,19,21,21,21,21,21,21,21,90,90,6,7.684552893301265,3.1066390220075846,28.12322706449777,0.0
1779969735,150,GET,/product/L9ECAV7KIM,1.300000,1.300000,7,8,9,10,14,24,24,24,24,24,24,90,90,6,19.43307921756059,3.5207889741286635,1045.2455399790779,0.0
1779969735,150,GET,/product/LS4PSXUNUM,0.900000,0.900000,7,7,7,7,13,13,13,13,13,13,13,66,66,6,7.178217338426321,3.819806966930628,34.97940197121352,0.0
1779969735,150,GET,/product/OLJCESPC7Z,1.100000,1.100000,8,9,9,10,11,15,15,15,15,15,15,82,82,6,20.086374289992197,3.2808269606903195,1039.9666980374604,0.0
1779969735,150,,Aggregated,83.200000,83.200000,7,8,10,11,15,19,25,41,1100,1100,1100,5894,5894,7,17.45539449978494,2.393183996900916,1085.8206690754741,0.0
1779969736,150,GET,/,63.100000,63.100000,7,9,11,12,17,22,29,57,1100,1100,1100,4491,4491,7,17.495458719126283,3.0177790904417634,1085.8206690754741,0.0
1779969736,150,POST,/cart,7.700000,7.700000,7,8,9,10,17,22,26,1100,1100,1100,1100,496,496,7,15.237840178850737,3.1656469218432903,1065.072133904323,0.0
1779969736,150,POST,/cart/checkout,3.700000,3.700000,8,9,12,12,16,16,21,21,21,21,21,244,244,8,26.735130536224936,3.557913936674595,1084.2301030643284,0.0
1779969736,150,GET,/product/0PUK6V6EV0,1.200000,1.200000,6,7,15,19,19,22,22,22,22,22,22,86,86,6,20.263723057131607,3.219616017304361,1083.4271589992568,0.0
1779969736,150,GET,/product/1YMWWN1N4O,1.000000,1.000000,8,10,11,12,16,16,16,16,16,16,16,80,80,6,7.916399494570214,2.393183996900916,33.448836067691445,0.0
1779969736,150,GET,/product/2ZYFJ3GM2N,1.500000,1.500000,7,9,9,12,17,1100,1100,1100,1100,1100,1100,92,92,6,19.22543494805248,2.681302954442799,1071.3425279827788,0.0
1779969736,150,GET,/product/66VCHSJNUP,0.600000,0.600000,8,9,10,10,11,11,11,11,11,11,11,80,80,7,22.092613486165646,2.843021065928042,1077.121470007114,0.0
1779969736,150,GET,/product/6E92ZMYYFZ,0.800000,0.800000,7,7,12,12,21,21,21,21,21,21,21,80,80,6,9.317738615209237,3.5582379205152392,64.15285309776664,0.0
1779969736,150,GET,/product/9SIQT8TOJO,1.100000,1.100000,11,13,19,19,21,21,21,21,21,21,21,90,90,6,7.684552893301265,3.1066390220075846,28.12322706449777,0.0
1779969736,150,GET,/product/L9ECAV7KIM,1.200000,1.200000,9,10,12,13,17,24,24,24,24,24,24,96,96,6,18.9229423206901,3.5207889741286635,1045.2455399790779,0.0
1779969736,150,GET,/product/LS4PSXUNUM,1.000000,1.000000,7,7,7,7,8,13,13,13,13,13,13,67,67,6,7.19660594572883,3.819806966930628,34.97940197121352,0.0
1779969736,150,GET,/product/OLJCESPC7Z,1.200000,1.200000,9,9,10,14,15,35,35,35,35,35,35,84,84,6,20.194883140945983,3.2808269606903195,1039.9666980374604,0.0
1779969736,150,,Aggregated,84.100000,84.100000,7,9,11,12,17,21,28,57,1100,1100,1100,5986,5986,7,17.3734983324994,2.393183996900916,1085.8206690754741,0.0
1779969737,150,GET,/,62.000000,62.000000,8,9,12,13,19,22,34,57,1100,1100,1100,4550,4550,7,17.473255622297895,3.0177790904417634,1085.8206690754741,0.0
1779969737,150,POST,/cart,7.800000,7.800000,7,9,10,12,19,26,41,1100,1100,1100,1100,501,501,7,15.27827350025859,3.1656469218432903,1065.072133904323,0.0
1779969737,150,POST,/cart/checkout,3.500000,3.500000,8,10,14,15,16,21,39,39,39,39,39,249,249,8,26.52780135698901,3.557913936674595,1084.2301030643284,0.0
1779969737,150,GET,/product/0PUK6V6EV0,1.100000,1.100000,6,7,15,19,19,22,22,22,22,22,22,87,87,6,20.131079896203318,3.219616017304361,1083.4271589992568,0.0
1779969737,150,GET,/product/1YMWWN1N4O,0.900000,0.900000,8,11,12,12,16,16,16,16,16,16,16,80,80,6,7.916399494570214,2.393183996900916,33.448836067691445,0.0
1779969737,150,GET,/product/2ZYFJ3GM2N,1.700000,1.700000,7,9,9,12,17,1100,1100,1100,1100,1100,1100,94,94,6,18.967627524150576,2.681302954442799,1071.3425279827788,0.0
1779969737,150,GET,/product/66VCHSJNUP,0.600000,0.600000,9,10,11,11,16,16,16,16,16,16,16,82,82,7,21.829188254764077,2.843021065928042,1077.121470007114,0.0
1779969737,150,GET,/product/6E92ZMYYFZ,0.700000,0.700000,12,12,14,14,21,21,21,21,21,21,21,81,81,6,9.37946873176613,3.5582379205152392,64.15285309776664,0.0
1779969737,150,GET,/product/9SIQT8TOJO,1.200000,1.200000,11,13,19,19,21,21,21,21,21,21,21,90,90,6,7.684552893301265,3.1066390220075846,28.12322706449777,0.0
1779969737,150,GET,/product/L9ECAV7KIM,1.200000,1.200000,8,11,12,13,17,24,24,24,24,24,24,96,96,6,18.9229423206901,3.5207889741286635,1045.2455399790779,0.0
1779969737,150,GET,/product/LS4PSXUNUM,1.000000,1.000000,7,7,8,8,13,27,27,27,27,27,27,68,68,6,7.483063181793756,3.819806966930628,34.97940197121352,0.0
1779969737,150,GET,/product/OLJCESPC7Z,1.300000,1.300000,9,9,10,10,15,35,35,35,35,35,35,86,86,6,19.90276826464376,3.2808269606903195,1039.9666980374604,0.0
1779969737,150,,Aggregated,83.000000,83.000000,8,9,12,13,19,22,34,57,1100,1100,1100,6064,6064,7,17.349810774282503,2.393183996900916,1085.8206690754741,0.0
1779969738,150,GET,/,62.100000,62.100000,8,10,12,14,19,24,37,63,1100,1100,1100,4617,4617,7,17.61769005572994,3.0177790904417634,1085.8206690754741,0.0
1779969738,150,POST,/cart,7.400000,7.400000,7,9,10,11,19,31,41,1100,1100,1100,1100,509,509,7,15.202734769644007,3.1656469218432903,1065.072133904323,0.0
1779969738,150,POST,/cart/checkout,3.400000,3.400000,8,12,15,15,16,21,39,39,39,39,39,250,250,8,26.455568907316774,3.557913936674595,1084.2301030643284,0.0
1779969738,150,GET,/product/0PUK6V6EV0,1.400000,1.400000,6,7,15,19,19,22,22,22,22,22,22,89,89,6,19.82842476285073,3.219616017304361,1083.4271589992568,0.0
1779969738,150,GET,/product/1YMWWN1N4O,0.800000,0.800000,7,8,11,11,16,16,16,16,16,16,16,82,82,7,7.941627849415854,2.393183996900916,33.448836067691445,0.0
1779969738,150,GET,/product/2ZYFJ3GM2N,1.800000,1.800000,7,9,11,12,15,17,1100,1100,1100,1100,1100,98,98,6,18.58003970653731,2.681302954442799,1071.3425279827788,0.0
1779969738,150,GET,/product/66VCHSJNUP,0.700000,0.700000,9,10,11,11,16,16,16,16,16,16,16,82,82,7,21.829188254764077,2.843021065928042,1077.121470007114,0.0
1779969738,150,GET,/product/6E92ZMYYFZ,0.600000,0.600000,12,14,14,21,21,21,21,21,21,21,21,81,81,6,9.37946873176613,3.5582379205152392,64.15285309776664,0.0
1779969738,150,GET,/product/9SIQT8TOJO,0.900000,0.900000,9,9,11,19,21,21,21,21,21,21,21,92,92,6,7.669999308469098,3.1066390220075846,28.12322706449777,0.0
1779969738,150,GET,/product/L9ECAV7KIM,1.800000,1.800000,9,11,13,13,17,24,24,24,24,24,24,96,96,6,18.9229423206901,3.5207889741286635,1045.2455399790779,0.0
1779969738,150,GET,/product/LS4PSXUNUM,1.100000,1.100000,7,7,13,13,14,27,27,27,27,27,27,69,69,6,7.584340396283221,3.819806966930628,34.97940197121352,0.0
1779969738,150,GET,/product/OLJCESPC7Z,1.400000,1.400000,8,9,9,10,15,35,35,35,35,35,35,88,88,6,19.599012132278983,3.2808269606903195,1039.9666980374604,0.0
1779969738,150,,Aggregated,83.400000,83.400000,8,10,12,13,19,23,37,63,1100,1100,1100,6153,6153,7,17.430481350395386,2.393183996900916,1085.8206690754741,0.0
1779969739,150,GET,/,62.400000,62.400000,8,11,13,15,21,27,57,120,1100,1100,1100,4687,4687,7,17.63815678160734,3.0177790904417634,1085.8206690754741,0.0
1779969739,150,POST,/cart,7.400000,7.400000,8,9,11,14,22,35,62,1100,1100,1100,1100,512,512,7,15.31318927504799,3.1656469218432903,1065.072133904323,0.0
1779969739,150,POST,/cart/checkout,3.200000,3.200000,9,12,15,15,20,21,39,39,39,39,39,252,252,8,26.36088575291935,3.557913936674595,1084.2301030643284,0.0
1779969739,150,GET,/product/0PUK6V6EV0,1.500000,1.500000,7,8,15,15,19,22,22,22,22,22,22,90,90,6,19.69192197623973,3.219616017304361,1083.4271589992568,0.0
1779969739,150,GET,/product/1YMWWN1N4O,0.900000,0.900000,8,11,11,11,33,33,33,33,33,33,33,83,83,7,8.243184538098074,2.393183996900916,33.448836067691445,0.0
1779969739,150,GET,/product/2ZYFJ3GM2N,1.800000,1.800000,8,9,11,12,15,17,1100,1100,1100,1100,1100,101,101,7,18.27883396279251,2.681302954442799,1071.3425279827788,0.0
1779969739,150,GET,/product/66VCHSJNUP,0.800000,0.800000,9,10,11,11,16,16,16,16,16,16,16,82,82,7,21.829188254764077,2.843021065928042,1077.121470007114,0.0
1779969739,150,GET,/product/6E92ZMYYFZ,0.600000,0.600000,14,16,20,20,21,21,21,21,21,21,21,83,83,6,9.58881419606462,3.5582379205152392,64.15285309776664,0.0
1779969739,150,GET,/product/9SIQT8TOJO,0.800000,0.800000,9,9,11,19,21,21,21,21,21,21,21,92,92,6,7.669999308469098,3.1066390220075846,28.12322706449777,0.0
1779969739,150,GET,/product/L9ECAV7KIM,1.800000,1.800000,8,11,12,13,17,24,24,24,24,24,24,98,98,6,18.660667416525587,3.5207889741286635,1045.2455399790779,0.0
1779969739,150,GET,/product/LS4PSXUNUM,1.100000,1.100000,7,8,13,14,27,27,27,27,27,27,27,69,69,6,7.584340396283221,3.819806966930628,34.97940197121352,0.0
1779969739,150,GET,/product/OLJCESPC7Z,1.500000,1.500000,8,9,9,10,15,35,35,35,35,35,35,89,89,6,19.433739198779875,3.2808269606903195,1039.9666980374604,0.0
1779969739,150,,Aggregated,83.800000,83.800000,8,11,13,14,21,27,55,120,1100,1100,1100,6238,6238,7,17.446157280076505,2.393183996900916,1085.8206690754741,0.0
1779969740,150,GET,/,63.500000,63.500000,9,11,13,15,22,28,60,100,1100,1100,1100,4753,4753,7,17.785590380524667,3.0177790904417634,1085.8206690754741,0.0
1779969740,150,POST,/cart,7.200000,7.200000,8,10,12,18,26,41,62,1100,1100,1100,1100,514,514,7,15.317368641602608,3.1656469218432903,1065.072133904323,0.0
1779969740,150,POST,/cart/checkout,3.100000,3.100000,12,15,16,20,21,23,39,39,39,39,39,255,255,8,26.24349587313904,3.557913936674595,1084.2301030643284,0.0
1779969740,150,GET,/product/0PUK6V6EV0,1.500000,1.500000,7,9,15,19,19,22,22,22,22,22,22,91,91,6,19.576446887535546,3.219616017304361,1083.4271589992568,0.0
1779969740,150,GET,/product/1YMWWN1N4O,1.000000,1.000000,8,11,21,21,33,33,33,33,33,33,33,84,84,7,8.389343186059879,2.393183996900916,33.448836067691445,0.0
1779969740,150,GET,/product/2ZYFJ3GM2N,2.100000,2.100000,8,9,11,12,15,17,1100,1100,1100,1100,1100,101,101,7,18.27883396279251,2.681302954442799,1071.3425279827788,0.0
1779969740,150,GET,/product/66VCHSJNUP,0.800000,0.800000,8,9,11,11,16,16,16,16,16,16,16,84,84,7,21.529264380833844,2.843021065928042,1077.121470007114,0.0
1779969740,150,GET,/product/6E92ZMYYFZ,0.600000,0.600000,14,16,20,20,21,21,21,21,21,21,21,86,86,6,9.447293595659959,3.5582379205152392,64.15285309776664,0.0
1779969740,150,GET,/product/9SIQT8TOJO,0.800000,0.800000,8,9,11,19,21,21,21,21,21,21,21,94,94,6,7.658733855041259,3.1066390220075846,28.12322706449777,0.0
1779969740,150,GET,/product/L9ECAV7KIM,1.700000,1.700000,9,11,13,13,17,24,24,24,24,24,24,98,98,6,18.660667416525587,3.5207889741286635,1045.2455399790779,0.0
1779969740,150,GET,/product/LS4PSXUNUM,1.100000,1.100000,7,8,13,14,27,27,27,27,27,27,27,69,69,6,7.584340396283221,3.819806966930628,34.97940197121352,0.0
1779969740,150,GET,/product/OLJCESPC7Z,1.700000,1.700000,8,9,10,14,18,35,35,35,35,35,35,91,91,6,19.27721690882898,3.2808269606903195,1039.9666980374604,0.0
1779969740,150,,Aggregated,85.100000,85.100000,8,11,13,15,21,28,60,120,1100,1100,1100,6320,6320,7,17.544239209677517,2.393183996900916,1085.8206690754741,0.0
1779969741,150,GET,/,64.100000,64.100000,9,11,14,16,22,28,60,100,1100,1100,1100,4822,4822,7,17.668818948661606,3.0177790904417634,1085.8206690754741,0.0
1779969741,150,POST,/cart,7.000000,7.000000,9,11,17,18,26,41,62,1100,1100,1100,1100,520,520,7,15.280555618497042,3.1656469218432903,1065.072133904323,0.0
1779969741,150,POST,/cart/checkout,3.000000,3.000000,11,15,16,20,21,23,39,39,39,39,39,258,258,8,26.026390413952225,3.557913936674595,1084.2301030643284,0.0
1779969741,150,GET,/product/0PUK6V6EV0,1.600000,1.600000,8,9,15,19,19,22,22,22,22,22,22,92,92,6,19.44715867158147,3.219616017304361,1083.4271589992568,0.0
1779969741,150,GET,/product/1YMWWN1N4O,0.900000,0.900000,11,14,21,21,33,33,33,33,33,33,33,85,85,7,8.45697364249431,2.393183996900916,33.448836067691445,0.0
1779969741,150,GET,/product/2ZYFJ3GM2N,2.400000,2.400000,9,9,11,12,15,17,1100,1100,1100,1100,1100,104,104,7,17.9786493121915,2.681302954442799,1071.3425279827788,0.0
1779969741,150,GET,/product/66VCHSJNUP,0.800000,0.800000,9,11,11,11,11,16,16,16,16,16,16,86,86,7,21.270665011184594,2.843021065928042,1077.121470007114,0.0
1779969741,150,GET,/product/6E92ZMYYFZ,0.700000,0.700000,14,16,20,20,21,21,21,21,21,21,21,86,86,6,9.447293595659959,3.5582379205152392,64.15285309776664,0.0
1779969741,150,GET,/product/9SIQT8TOJO,0.900000,0.900000,9,11,11,19,21,21,21,21,21,21,21,96,96,6,7.661312201283484,3.1066390220075846,28.12322706449777,0.0
1779969741,150,GET,/product/L9ECAV7KIM,1.800000,1.800000,11,13,14,17,24,1000,1000,1000,1000,1000,1000,99,99,6,28.631431463343855,3.5207889741286635,1045.2455399790779,0.0
1779969741,150,GET,/product/LS4PSXUNUM,1.200000,1.200000,8,13,14,14,27,27,27,27,27,27,27,69,69,6,7.584340396283221,3.819806966930628,34.97940197121352,0.0
1779969741,150,GET,/product/OLJCESPC7Z,1.800000,1.800000,8,9,10,14,18,35,35,35,35,35,35,93,93,6,18.958268566958367,3.2808269606903195,1039.9666980374604,0.0
1779969741,150,,Aggregated,86.200000,86.200000,9,11,14,16,21,29,62,130,1100,1100,1100,6410,6410,7,17.587470217657316,2.393183996900916,1085.8206690754741,0.0
1779969742,150,GET,/,65.000000,65.000000,9,11,14,16,22,29,63,120,1100,1100,1100,4884,4884,7,17.576890235931142,3.0177790904417634,1085.8206690754741,0.0
1779969742,150,POST,/cart,6.300000,6.300000,10,12,13,18,26,35,62,62,62,62,62,524,524,7,15.25295962124551,3.1656469218432903,1065.072133904323,0.0
1779969742,150,POST,/cart/checkout,2.800000,2.800000,9,15,16,16,21,23,39,39,39,39,39,263,263,8,25.679773934798124,3.557913936674595,1084.2301030643284,0.0
1779969742,150,GET,/product/0PUK6V6EV0,1.500000,1.500000,8,9,15,15,19,22,22,22,22,22,22,95,95,6,19.075768450765235,3.219616017304361,1083.4271589992568,0.0
1779969742,150,GET,/product/1YMWWN1N4O,0.900000,0.900000,8,13,14,14,21,33,33,33,33,33,33,89,89,7,8.457938568886327,2.393183996900916,33.448836067691445,0.0
1779969742,150,GET,/product/2ZYFJ3GM2N,2.200000,2.200000,9,9,12,13,17,1100,1100,1100,1100,1100,1100,104,104,7,17.9786493121915,2.681302954442799,1071.3425279827788,0.0
1779969742,150,GET,/product/66VCHSJNUP,0.900000,0.900000,9,10,11,11,16,16,16,16,16,16,16,87,87,7,21.076031102820288,2.843021065928042,1077.121470007114,0.0
1779969742,150,GET,/product/6E92ZMYYFZ,0.600000,0.600000,12,14,16,20,21,21,21,21,21,21,21,88,88,6,9.400747241505252,3.5582379205152392,64.15285309776664,0.0
1779969742,150,GET,/product/9SIQT8TOJO,0.700000,0.700000,8,9,11,11,21,21,21,21,21,21,21,96,96,6,7.661312201283484,3.1066390220075846,28.12322706449777,0.0
1779969742,150,GET,/product/L9ECAV7KIM,1.700000,1.700000,9,12,14,14,24,1000,1000,1000,1000,1000,1000,102,102,6,27.983495243140222,3.5207889741286635,1045.2455399790779,0.0
1779969742,150,GET,/product/LS4PSXUNUM,1.000000,1.000000,8,14,14,27,27,27,27,27,27,27,27,69,69,6,7.584340396283221,3.819806966930628,34.97940197121352,0.0
1779969742,150,GET,/product/OLJCESPC7Z,2.000000,2.000000,9,9,10,10,18,35,35,35,35,35,35,93,93,6,18.958268566958367,3.2808269606903195,1039.9666980374604,0.0
1779969742,150,,Aggregated,85.600000,85.600000,9,11,14,16,21,29,60,120,1100,1100,1100,6494,6494,7,17.48748364274496,2.393183996900916,1085.8206690754741,0.0
1779969743,150,GET,/,65.900000,65.900000,9,11,13,16,22,29,63,120,1100,1100,1100,4957,4957,7,17.67493779758818,3.0177790904417634,1085.8206690754741,0.0
1779969743,150,POST,/cart,6.200000,6.200000,10,12,13,18,23,35,41,62,62,62,62,533,533,7,15.161832498157603,3.1656469218432903,1065.072133904323,0.0
1779969743,150,POST,/cart/checkout,2.700000,2.700000,9,15,15,16,21,23,39,39,39,39,39,264,264,8,25.617825923924983,3.557913936674595,1084.2301030643284,0.0
1779969743,150,GET,/product/0PUK6V6EV0,1.600000,1.600000,9,11,15,19,22,1100,1100,1100,1100,1100,1100,97,97,6,29.86843548307061,3.219616017304361,1083.4271589992568,0.0
1779969743,150,GET,/product/1YMWWN1N4O,0.800000,0.800000,8,13,14,21,21,33,33,33,33,33,33,91,91,7,8.599040368418363,2.393183996900916,33.448836067691445,0.0
1779969743,150,GET,/product/2ZYFJ3GM2N,2.400000,2.400000,9,9,11,12,15,1100,1100,1100,1100,1100,1100,104,104,7,17.9786493121915,2.681302954442799,1071.3425279827788,0.0
1779969743,150,GET,/product/66VCHSJNUP,1.100000,1.100000,9,10,11,11,16,16,16,16,16,16,16,87,87,7,21.076031102820288,2.843021065928042,1077.121470007114,0.0
1779969743,150,GET,/product/6E92ZMYYFZ,0.800000,0.800000,9,14,16,16,20,21,21,21,21,21,21,89,89,6,9.373046744227661,3.5582379205152392,64.15285309776664,0.0
1779969743,150,GET,/product/9SIQT8TOJO,1.000000,1.000000,6,6,8,9,11,11,11,11,11,11,11,99,99,6,7.59592054839801,3.1066390220075846,28.12322706449777,0.0
1779969743,150,GET,/product/L9ECAV7KIM,1.700000,1.700000,8,12,13,14,24,1000,1000,1000,1000,1000,1000,103,103,6,27.777937590144575,3.5207889741286635,1045.2455399790779,0.0
1779969743,150,GET,/product/LS4PSXUNUM,0.900000,0.900000,8,14,18,18,27,27,27,27,27,27,27,72,72,6,7.640950158626462,3.4839240834116936,34.97940197121352,0.0
1779969743,150,GET,/product/OLJCESPC7Z,2.000000,2.000000,8,9,10,14,18,35,35,35,35,35,35,93,93,6,18.958268566958367,3.2808269606903195,1039.9666980374604,0.0
1779969743,150,,Aggregated,87.100000,87.100000,9,11,13,15,22,29,62,130,1100,1100,1100,6589,6589,7,17.696580183994048,2.393183996900916,1085.8206690754741,0.0
1779969744,150,GET,/,65.300000,65.300000,8,11,13,15,22,28,57,99,1100,1100,1100,5018,5018,7,17.554132262728857,3.0177790904417634,1085.8206690754741,0.0
1779969744,150,POST,/cart,6.000000,6.000000,10,12,13,18,22,35,41,62,62,62,62,541,541,7,15.079329941764323,3.1656469218432903,1065.072133904323,0.0
1779969744,150,POST,/cart/checkout,3.000000,3.000000,8,9,15,15,21,23,39,39,39,39,39,269,269,8,25.238151687585148,3.557913936674595,1084.2301030643284,0.0
1779969744,150,GET,/product/0PUK6V6EV0,1.800000,1.800000,8,9,12,19,22,1100,1100,1100,1100,1100,1100,98,98,6,29.617096324764876,3.219616017304361,1083.4271589992568,0.0
1779969744,150,GET,/product/1YMWWN1N4O,1.000000,1.000000,8,13,14,21,21,33,33,33,33,33,33,92,92,7,8.592592309350552,2.393183996900916,33.448836067691445,0.0
1779969744,150,GET,/product/2ZYFJ3GM2N,2.100000,2.100000,8,9,9,11,12,15,15,15,15,15,15,104,104,7,17.9786493121915,2.681302954442799,1071.3425279827788,0.0
1779969744,150,GET,/product/66VCHSJNUP,1.000000,1.000000,7,10,11,11,11,16,16,16,16,16,16,89,89,7,20.749224604923654,2.843021065928042,1077.121470007114,0.0
1779969744,150,GET,/product/6E92ZMYYFZ,1.000000,1.000000,7,9,14,16,20,20,20,20,20,20,20,89,89,6,9.373046744227661,3.5582379205152392,64.15285309776664,0.0
1779969744,150,GET,/product/9SIQT8TOJO,1.000000,1.000000,6,8,9,9,11,15,15,15,15,15,15,100,100,6,7.665249672718346,3.1066390220075846,28.12322706449777,0.0
1779969744,150,GET,/product/L9ECAV7KIM,1.500000,1.500000,8,9,12,13,17,1000,1000,1000,1000,1000,1000,104,104,6,27.56267263164493,3.5207889741286635,1045.2455399790779,0.0
1779969744,150,GET,/product/LS4PSXUNUM,0.700000,0.700000,8,14,18,18,27,27,27,27,27,27,27,74,74,6,7.62435349295973,3.4839240834116936,34.97940197121352,0.0
1779969744,150,GET,/product/OLJCESPC7Z,1.900000,1.900000,7,9,14,14,18,35,35,35,35,35,35,93,93,6,18.958268566958367,3.2808269606903195,1039.9666980374604,0.0
1779969744,150,,Aggregated,86.300000,86.300000,8,11,13,15,21,28,57,100,1100,1100,1100,6671,6671,7,17.57422210520566,2.393183996900916,1085.8206690754741,0.0
1779969745,150,GET,/,65.900000,65.900000,8,10,12,14,21,28,55,99,1100,1100,1100,5091,5091,7,17.40434798302721,3.0177790904417634,1085.8206690754741,0.0
1779969745,150,POST,/cart,5.700000,5.700000,10,12,13,19,23,35,62,62,62,62,62,543,543,7,15.041621343376763,3.1656469218432903,1065.072133904323,0.0
1779969745,150,POST,/cart/checkout,2.900000,2.900000,7,9,11,15,20,23,39,39,39,39,39,272,272,8,25.018734628889327,3.557913936674595,1084.2301030643284,0.0
1779969745,150,GET,/product/0PUK6V6EV0,1.800000,1.800000,8,9,11,11,12,1100,1100,1100,1100,1100,1100,98,98,6,29.617096324764876,3.219616017304361,1083.4271589992568,0.0
1779969745,150,GET,/product/1YMWWN1N4O,1.300000,1.300000,8,13,14,21,21,33,33,33,33,33,33,93,93,7,8.567345112071482,2.393183996900916,33.448836067691445,0.0
1779969745,150,GET,/product/2ZYFJ3GM2N,2.000000,2.000000,8,9,9,9,11,15,15,15,15,15,15,105,105,7,17.868983500548417,2.681302954442799,1071.3425279827788,0.0
1779969745,150,GET,/product/66VCHSJNUP,1.000000,1.000000,7,10,11,11,11,16,16,16,16,16,16,90,90,7,20.617987630733598,2.843021065928042,1077.121470007114,0.0
1779969745,150,GET,/product/6E92ZMYYFZ,0.900000,0.900000,7,9,14,16,20,20,20,20,20,20,20,89,89,6,9.373046744227661,3.5582379205152392,64.15285309776664,0.0
1779969745,150,GET,/product/9SIQT8TOJO,1.100000,1.100000,6,8,9,9,11,15,15,15,15,15,15,104,104,6,7.606087789799158,3.1066390220075846,28.12322706449777,0.0
1779969745,150,GET,/product/L9ECAV7KIM,1.700000,1.700000,7,9,11,12,17,1000,1000,1000,1000,1000,1000,106,106,6,27.138720760736966,3.5207889741286635,1045.2455399790779,0.0
1779969745,150,GET,/product/LS4PSXUNUM,0.800000,0.800000,8,14,18,18,27,27,27,27,27,27,27,74,74,6,7.62435349295973,3.4839240834116936,34.97940197121352,0.0
1779969745,150,GET,/product/OLJCESPC7Z,1.600000,1.600000,7,9,9,11,11,18,18,18,18,18,18,97,97,6,18.53748291284422,3.2808269606903195,1039.9666980374604,0.0
1779969745,150,,Aggregated,86.700000,86.700000,8,10,12,14,21,28,55,100,1100,1100,1100,6762,6762,7,17.4317671061394,2.393183996900916,1085.8206690754741,0.0
1779969746,150,GET,/,64.900000,64.900000,8,9,11,12,18,25,42,99,1100,1100,1100,5153,5153,7,17.277953737716658,3.0177790904417634,1085.8206690754741,0.0
1779969746,150,POST,/cart,6.100000,6.100000,9,11,12,13,21,23,62,62,62,62,62,550,550,7,14.943427080923522,3.1656469218432903,1065.072133904323,0.0
1779969746,150,POST,/cart/checkout,3.000000,3.000000,6,8,9,11,20,23,1000,1000,1000,1000,1000,279,279,7,28.187808516021406,3.557913936674595,1084.2301030643284,0.0
1779969746,150,GET,/product/0PUK6V6EV0,1.600000,1.600000,8,9,9,11,12,1100,1100,1100,1100,1100,1100,99,99,6,29.386003999124195,3.219616017304361,1083.4271589992568,0.0
1779969746,150,GET,/product/1YMWWN1N4O,1.400000,1.400000,8,13,14,21,21,33,33,33,33,33,33,94,94,7,8.55597653649153,2.393183996900916,33.448836067691445,0.0
1779969746,150,GET,/product/2ZYFJ3GM2N,1.800000,1.800000,8,8,9,9,11,15,15,15,15,15,15,107,107,7,17.6470062116631,2.681302954442799,1071.3425279827788,0.0
1779969746,150,GET,/product/66VCHSJNUP,1.000000,1.000000,7,9,10,11,11,16,16,16,16,16,16,93,93,7,20.1456257072027,2.843021065928042,1077.121470007114,0.0
1779969746,150,GET,/product/6E92ZMYYFZ,0.900000,0.900000,9,11,14,16,20,20,20,20,20,20,20,90,90,6,9.387612179853022,3.5582379205152392,64.15285309776664,0.0
1779969746,150,GET,/product/9SIQT8TOJO,1.100000,1.100000,6,8,9,9,11,15,15,15,15,15,15,104,104,6,7.606087789799158,3.1066390220075846,28.12322706449777,0.0
1779969746,150,GET,/product/L9ECAV7KIM,1.500000,1.500000,7,7,8,8,16,1000,1000,1000,1000,1000,1000,110,110,6,26.47025590466166,3.5207889741286635,1045.2455399790779,0.0
1779969746,150,GET,/product/LS4PSXUNUM,0.900000,0.900000,8,14,18,18,27,27,27,27,27,27,27,75,75,6,7.606903553629915,3.4839240834116936,34.97940197121352,0.0
1779969746,150,GET,/product/OLJCESPC7Z,1.300000,1.300000,6,9,9,11,11,18,18,18,18,18,18,98,98,6,18.397182189355775,3.2808269606903195,1039.9666980374604,0.0
1779969746,150,,Aggregated,85.500000,85.500000,8,9,11,12,18,25,43,120,1100,1100,1100,6852,6852,7,17.442048471046544,2.393183996900916,1085.8206690754741,0.0
1779969747,150,GET,/,66.800000,66.800000,7,9,10,12,17,24,37,78,1100,1100,1100,5208,5208,7,17.17438301114532,3.0177790904417634,1085.8206690754741,0.0
1779969747,150,POST,/cart,5.300000,5.300000,9,11,13,15,20,22,23,62,62,62,62,558,558,7,14.889292962854148,3.1656469218432903,1065.072133904323,0.0
1779969747,150,POST,/cart/checkout,3.000000,3.000000,6,8,9,10,20,23,1000,1000,1000,1000,1000,282,282,7,27.96048320564012,3.557913936674595,1084.2301030643284,0.0
1779969747,150,GET,/product/0PUK6V6EV0,1.500000,1.500000,7,8,9,11,12,1100,1100,1100,1100,1100,1100,102,102,6,28.67543443982654,3.219616017304361,1083.4271589992568,0.0
1779969747,150,GET,/product/1YMWWN1N4O,1.400000,1.400000,10,11,14,14,21,33,33,33,33,33,33,96,96,7,8.59991615046359,2.393183996900916,33.448836067691445,0.0
1779969747,150,GET,/product/2ZYFJ3GM2N,1.400000,1.400000,7,8,8,9,9,15,15,15,15,15,15,110,110,6,17.305481341794472,2.681302954442799,1071.3425279827788,0.0
1779969747,150,GET,/product/66VCHSJNUP,1.200000,1.200000,7,9,9,10,11,11,11,11,11,11,11,95,95,7,19.858917701793345,2.843021065928042,1077.121470007114,0.0
1779969747,150,GET,/product/6E92ZMYYFZ,0.900000,0.900000,7,9,11,11,16,20,20,20,20,20,20,92,92,6,9.326849099876279,3.5582379205152392,64.15285309776664,0.0
1779969747,150,GET,/product/9SIQT8TOJO,1.200000,1.200000,6,7,8,9,11,15,15,15,15,15,15,105,105,6,7.597879430146089,3.1066390220075846,28.12322706449777,0.0
1779969747,150,GET,/product/L9ECAV7KIM,1.600000,1.600000,6,7,7,8,16,1000,1000,1000,1000,1000,1000,113,113,6,25.93401548312565,3.5207889741286635,1045.2455399790779,0.0
1779969747,150,GET,/product/LS4PSXUNUM,0.800000,0.800000,8,12,14,14,18,18,18,18,18,18,18,76,76,6,7.665781979755449,3.4839240834116936,34.97940197121352,0.0
1779969747,150,GET,/product/OLJCESPC7Z,1.500000,1.500000,6,9,11,11,18,18,18,18,18,18,18,98,98,6,18.397182189355775,3.2808269606903195,1039.9666980374604,0.0
1779969747,150,,Aggregated,86.600000,86.600000,7,9,11,12,17,23,38,100,1100,1100,1100,6935,6935,7,17.3251433805116,2.393183996900916,1085.8206690754741,0.0
1779969748,150,GET,/,66.200000,66.200000,7,9,10,11,15,21,28,41,1100,1100,1100,5273,5273,7,17.054313688887618,3.0177790904417634,1085.8206690754741,0.0
1779969748,150,POST,/cart,5.400000,5.400000,9,11,12,13,19,22,23,1100,1100,1100,1100,566,566,7,16.685760614968995,3.1656469218432903,1093.029570998624,0.0
1779969748,150,POST,/cart/checkout,3.400000,3.400000,6,7,9,9,15,23,1000,1000,1000,1000,1000,284,284,7,27.80534259845424,3.557913936674595,1084.2301030643284,0.0
1779969748,150,GET,/product/0PUK6V6EV0,1.300000,1.300000,7,8,9,11,12,1100,1100,1100,1100,1100,1100,104,104,6,28.255615306149522,3.219616017304361,1083.4271589992568,0.0
1779969748,150,GET,/product/1YMWWN1N4O,1.400000,1.400000,8,11,14,21,21,33,33,33,33,33,33,97,97,7,8.557469118386507,2.393183996900916,33.448836067691445,0.0
1779969748,150,GET,/product/2ZYFJ3GM2N,1.500000,1.500000,6,8,8,9,9,15,15,15,15,15,15,112,112,6,17.093715621740557,2.681302954442799,1071.3425279827788,0.0
1779969748,150,GET,/product/66VCHSJNUP,1.400000,1.400000,7,9,9,10,11,11,11,11,11,11,11,96,96,7,19.696800934373943,2.843021065928042,1077.121470007114,0.0
1779969748,150,GET,/product/6E92ZMYYFZ,1.000000,1.000000,7,9,9,9,11,45,45,45,45,45,45,94,94,6,9.669204417150468,3.5582379205152392,64.15285309776664,0.0
1779969748,150,GET,/product/9SIQT8TOJO,1.400000,1.400000,6,7,8,9,11,15,15,15,15,15,15,106,106,6,7.562734747859034,3.1066390220075846,28.12322706449777,0.0
1779969748,150,GET,/product/L9ECAV7KIM,1.400000,1.400000,7,7,8,8,16,1000,1000,1000,1000,1000,1000,114,114,6,25.775081628173787,3.5207889741286635,1045.2455399790779,0.0
1779969748,150,GET,/product/LS4PSXUNUM,0.800000,0.800000,8,9,12,14,18,18,18,18,18,18,18,77,77,6,7.687955486963128,3.4839240834116936,34.97940197121352,0.0
1779969748,150,GET,/product/OLJCESPC7Z,1.400000,1.400000,6,9,11,11,18,18,18,18,18,18,18,98,98,6,18.397182189355775,3.2808269606903195,1039.9666980374604,0.0
1779969748,150,,Aggregated,86.600000,86.600000,7,9,10,11,15,21,28,60,1100,1100,1100,7021,7021,7,17.360221087358752,2.393183996900916,1093.029570998624,0.0
1779969749,150,GET,/,65.200000,65.200000,7,8,9,10,14,17,26,28,1100,1100,1100,5331,5331,7,16.971196631719803,3.0177790904417634,1085.8206690754741,0.0
1779969749,150,POST,/cart,5.400000,5.400000,9,10,11,12,18,20,30,1100,1100,1100,1100,584,584,7,16.46060428433822,3.1656469218432903,1093.029570998624,0.0
1779969749,150,POST,/cart/checkout,3.200000,3.200000,6,7,9,10,15,1000,1000,1000,1000,1000,1000,287,287,7,31.147018097298876,3.557913936674595,1084.2301030643284,0.0
1779969749,150,GET,/product/0PUK6V6EV0,1.500000,1.500000,7,8,10,11,12,1100,1100,1100,1100,1100,1100,105,105,6,28.08194612263746,3.219616017304361,1083.4271589992568,0.0
1779969749,150,GET,/product/1YMWWN1N4O,1.600000,1.600000,8,10,11,13,14,21,21,21,21,21,21,97,97,7,8.557469118386507,2.393183996900916,33.448836067691445,0.0
1779969749,150,GET,/product/2ZYFJ3GM2N,1.600000,1.600000,6,7,8,9,9,30,30,30,30,30,30,115,115,7,17.03768548373457,2.681302954442799,1071.3425279827788,0.0
1779969749,150,GET,/product/66VCHSJNUP,1.300000,1.300000,6,8,9,9,10,11,11,11,11,11,11,97,97,7,19.54236540933783,2.843021065928042,1077.121470007114,0.0
1779969749,150,GET,/product/6E92ZMYYFZ,1.100000,1.100000,7,9,9,11,45,45,45,45,45,45,45,94,94,6,9.669204417150468,3.5582379205152392,64.15285309776664,0.0
1779969749,150,GET,/product/9SIQT8TOJO,1.400000,1.400000,6,7,8,9,11,15,15,15,15,15,15,106,106,6,7.562734747859034,3.1066390220075846,28.12322706449777,0.0
1779969749,150,GET,/product/L9ECAV7KIM,1.600000,1.600000,7,7,8,8,16,1000,1000,1000,1000,1000,1000,114,114,6,25.775081628173787,3.5207889741286635,1045.2455399790779,0.0
1779969749,150,GET,/product/LS4PSXUNUM,0.800000,0.800000,7,9,12,12,14,18,18,18,18,18,18,79,79,6,7.647585789849864,3.4839240834116936,34.97940197121352,0.0
1779969749,150,GET,/product/OLJCESPC7Z,1.300000,1.300000,5,9,11,11,11,11,11,11,11,11,11,100,100,6,18.178670445922762,3.2808269606903195,1039.9666980374604,0.0
1779969749,150,,Aggregated,86.000000,86.000000,7,8,9,10,14,19,28,34,1100,1100,1100,7109,7109,7,17.404726288994187,2.393183996900916,1093.029570998624,0.0
1779969750,150,GET,/,65.400000,65.400000,7,8,9,10,13,17,25,28,1100,1100,1100,5385,5385,7,16.879981857795396,3.0177790904417634,1085.8206690754741,0.0
1779969750,150,POST,/cart,5.900000,5.900000,8,9,11,11,15,20,30,1100,1100,1100,1100,590,590,7,16.375409647569818,3.1656469218432903,1093.029570998624,0.0
1779969750,150,POST,/cart/checkout,3.400000,3.400000,6,7,9,9,15,1000,1000,1000,1000,1000,1000,289,289,7,30.982738791781262,3.557913936674595,1084.2301030643284,0.0
1779969750,150,GET,/product/0PUK6V6EV0,1.700000,1.700000,7,7,10,11,12,1100,1100,1100,1100,1100,1100,106,106,6,27.868986574555134,3.219616017304361,1083.4271589992568,0.0
1779969750,150,GET,/product/1YMWWN1N4O,1.500000,1.500000,8,10,11,12,13,21,21,21,21,21,21,98,98,7,8.59671921887416,2.393183996900916,33.448836067691445,0.0
1779969750,150,GET,/product/2ZYFJ3GM2N,1.500000,1.500000,6,7,8,9,9,30,30,30,30,30,30,115,115,7,17.03768548373457,2.681302954442799,1071.3425279827788,0.0
1779969750,150,GET,/product/66VCHSJNUP,1.400000,1.400000,6,7,8,8,9,9,9,9,9,9,9,97,97,7,19.54236540933783,2.843021065928042,1077.121470007114,0.0
1779969750,150,GET,/product/6E92ZMYYFZ,1.300000,1.300000,9,9,11,11,45,45,45,45,45,45,45,94,94,6,9.669204417150468,3.5582379205152392,64.15285309776664,0.0
1779969750,150,GET,/product/9SIQT8TOJO,1.500000,1.500000,6,7,7,9,11,15,15,15,15,15,15,108,108,6,7.529643160523847,3.1066390220075846,28.12322706449777,0.0
1779969750,150,GET,/product/L9ECAV7KIM,1.700000,1.700000,6,7,7,8,8,16,16,16,16,16,16,116,116,6,25.440179047391524,3.5207889741286635,1045.2455399790779,0.0
1779969750,150,GET,/product/LS4PSXUNUM,0.900000,0.900000,7,8,9,9,12,18,18,18,18,18,18,82,82,6,7.637466833551937,3.4839240834116936,34.97940197121352,0.0
1779969750,150,GET,/product/OLJCESPC7Z,1.000000,1.000000,9,11,11,11,11,11,11,11,11,11,11,100,100,6,18.178670445922762,3.2808269606903195,1039.9666980374604,0.0
1779969750,150,,Aggregated,87.200000,87.200000,7,8,9,10,13,17,27,34,1100,1100,1100,7180,7180,7,17.309616520027383,2.393183996900916,1093.029570998624,0.0
1779969751,150,GET,/,63.900000,63.900000,7,8,9,10,15,22,33,39,1100,1100,1100,5456,5456,7,17.030057065501943,3.0177790904417634,1085.8206690754741,0.0
1779969751,150,POST,/cart,6.600000,6.600000,8,9,10,11,18,22,50,1100,1100,1100,1100,596,596,7,16.354617496894598,3.1656469218432903,1093.029570998624,0.0
1779969751,150,POST,/cart/checkout,3.400000,3.400000,6,7,9,10,20,1000,1000,1000,1000,1000,1000,291,291,7,30.837356871797276,3.557913936674595,1084.2301030643284,0.0
1779969751,150,GET,/product/0PUK6V6EV0,1.400000,1.400000,7,7,7,10,11,1100,1100,1100,1100,1100,1100,108,108,6,27.452610637906385,3.219616017304361,1083.4271589992568,0.0
1779969751,150,GET,/product/1YMWWN1N4O,1.500000,1.500000,8,10,11,12,21,21,21,21,21,21,21,98,98,7,8.59671921887416,2.393183996900916,33.448836067691445,0.0
1779969751,150,GET,/product/2ZYFJ3GM2N,1.400000,1.400000,6,7,8,9,9,30,30,30,30,30,30,115,115,7,17.03768548373457,2.681302954442799,1071.3425279827788,0.0
1779969751,150,GET,/product/66VCHSJNUP,1.400000,1.400000,6,6,7,8,9,9,9,9,9,9,9,99,99,7,19.26734522949302,2.843021065928042,1077.121470007114,0.0
1779969751,150,GET,/product/6E92ZMYYFZ,1.100000,1.100000,9,9,11,11,45,45,45,45,45,45,45,94,94,6,9.669204417150468,3.5582379205152392,64.15285309776664,0.0
1779969751,150,GET,/product/9SIQT8TOJO,1.400000,1.400000,6,6,7,7,9,15,15,15,15,15,15,108,108,6,7.529643160523847,3.1066390220075846,28.12322706449777,0.0
1779969751,150,GET,/product/L9ECAV7KIM,1.600000,1.600000,6,7,7,8,8,16,16,16,16,16,16,118,118,6,25.080691334412638,3.5207889741286635,1045.2455399790779,0.0
1779969751,150,GET,/product/LS4PSXUNUM,0.900000,0.900000,6,8,9,9,12,18,18,18,18,18,18,84,84,6,7.594685337694717,3.4839240834116936,34.97940197121352,0.0
1779969751,150,GET,/product/OLJCESPC7Z,1.000000,1.000000,9,11,11,11,27,27,27,27,27,27,27,102,102,6,18.171272761024095,3.2808269606903195,1039.9666980374604,0.0
1779969751,150,,Aggregated,85.600000,85.600000,7,8,9,10,15,22,34,50,1100,1100,1100,7269,7269,7,17.40049901113136,2.393183996900916,1093.029570998624,0.0
1779969752,150,GET,/,63.500000,63.500000,7,8,9,9,14,22,35,56,1000,1000,1000,5522,5522,7,17.126698161124384,3.0177790904417634,1085.8206690754741,0.0
1779969752,150,POST,/cart,7.500000,7.500000,7,8,9,10,12,22,50,1100,1100,1100,1100,603,603,7,16.228452803077452,3.1656469218432903,1093.029570998624,0.0
1779969752,150,POST,/cart/checkout,3.500000,3.500000,6,7,9,10,20,1000,1000,1000,1000,1000,1000,291,291,7,30.837356871797276,3.557913936674595,1084.2301030643284,0.0
1779969752,150,GET,/product/0PUK6V6EV0,1.400000,1.400000,6,7,7,7,7,10,10,10,10,10,10,109,109,6,27.254663375761666,3.219616017304361,1083.4271589992568,0.0
1779969752,150,GET,/product/1YMWWN1N4O,1.400000,1.400000,8,10,11,11,12,12,12,12,12,12,12,99,99,7,8.550420630431612,2.393183996900916,33.448836067691445,0.0
1779969752,150,GET,/product/2ZYFJ3GM2N,1.400000,1.400000,6,6,7,9,13,30,30,30,30,30,30,119,119,6,16.682472147493616,2.681302954442799,1071.3425279827788,0.0
1779969752,150,GET,/product/66VCHSJNUP,1.300000,1.300000,6,7,7,8,9,9,9,9,9,9,9,100,100,7,19.148200107738376,2.843021065928042,1077.121470007114,0.0
1779969752,150,GET,/product/6E92ZMYYFZ,1.000000,1.000000,9,10,11,11,45,45,45,45,45,45,45,95,95,6,9.667476476170123,3.5582379205152392,64.15285309776664,0.0
1779969752,150,GET,/product/9SIQT8TOJO,1.500000,1.500000,6,7,7,9,15,15,15,15,15,15,15,108,108,6,7.529643160523847,3.1066390220075846,28.12322706449777,0.0
1779969752,150,GET,/product/L9ECAV7KIM,1.700000,1.700000,6,6,7,7,8,16,16,16,16,16,16,118,118,6,25.080691334412638,3.5207889741286635,1045.2455399790779,0.0
1779969752,150,GET,/product/LS4PSXUNUM,1.300000,1.300000,6,8,8,9,9,12,12,12,12,12,12,86,86,6,7.530981584094724,3.4839240834116936,34.97940197121352,0.0
1779969752,150,GET,/product/OLJCESPC7Z,0.900000,0.900000,9,11,11,11,11,27,27,27,27,27,27,104,104,6,17.9521308432763,3.2808269606903195,1039.9666980374604,0.0
1779969752,150,,Aggregated,86.400000,86.400000,7,8,9,9,14,20,36,62,1100,1100,1100,7354,7354,7,17.440326164038648,2.393183996900916,1093.029570998624,0.0
1779969753,150,GET,/,63.200000,63.200000,7,8,9,10,15,27,36,56,1000,1000,1000,5592,5592,7,17.041996551760192,3.0177790904417634,1085.8206690754741,0.0
1779969753,150,POST,/cart,7.500000,7.500000,7,8,9,10,15,24,50,1100,1100,1100,1100,606,606,7,16.207489005225426,3.1656469218432903,1093.029570998624,0.0
1779969753,150,POST,/cart/checkout,3.300000,3.300000,6,8,10,13,20,1000,1000,1000,1000,1000,1000,293,293,7,30.68055379055059,3.557913936674595,1084.2301030643284,0.0
1779969753,150,GET,/product/0PUK6V6EV0,1.500000,1.500000,6,7,7,8,10,11,11,11,11,11,11,112,112,6,26.743553552868043,3.219616017304361,1083.4271589992568,0.0
1779969753,150,GET,/product/1YMWWN1N4O,1.300000,1.300000,7,10,11,11,12,12,12,12,12,12,12,100,100,7,8.51443380350247,2.393183996900916,33.448836067691445,0.0
1779969753,150,GET,/product/2ZYFJ3GM2N,1.100000,1.100000,6,7,7,7,13,30,30,30,30,30,30,120,120,6,16.602209021220915,2.681302954442799,1071.3425279827788,0.0
1779969753,150,GET,/product/66VCHSJNUP,1.300000,1.300000,7,8,8,9,9,33,33,33,33,33,33,102,102,7,19.175893870209727,2.843021065928042,1077.121470007114,0.0
1779969753,150,GET,/product/6E92ZMYYFZ,0.800000,0.800000,10,10,11,11,45,45,45,45,45,45,45,95,95,6,9.667476476170123,3.5582379205152392,64.15285309776664,0.0
1779969753,150,GET,/product/9SIQT8TOJO,1.300000,1.300000,6,7,7,8,9,9,9,9,9,9,9,109,109,6,7.533591636883761,3.1066390220075846,28.12322706449777,0.0
1779969753,150,GET,/product/L9ECAV7KIM,1.900000,1.900000,6,7,7,7,8,16,16,16,16,16,16,118,118,6,25.080691334412638,3.5207889741286635,1045.2455399790779,0.0
1779969753,150,GET,/product/LS4PSXUNUM,1.400000,1.400000,6,8,8,9,9,12,12,12,12,12,12,86,86,6,7.530981584094724,3.4839240834116936,34.97940197121352,0.0
1779969753,150,GET,/product/OLJCESPC7Z,1.000000,1.000000,9,11,11,11,11,27,27,27,27,27,27,104,104,6,17.9521308432763,3.2808269606903195,1039.9666980374604,0.0
1779969753,150,,Aggregated,85.600000,85.600000,7,8,9,10,15,27,39,62,1100,1100,1100,7437,7437,7,17.361663615149972,2.393183996900916,1093.029570998624,0.0
1779969754,150,GET,/,63.600000,63.600000,7,8,9,10,15,30,45,66,1100,1100,1100,5659,5659,7,17.287361971279573,3.0177790904417634,1085.8206690754741,0.0
1779969754,150,POST,/cart,7.900000,7.900000,7,8,9,11,15,30,50,1100,1100,1100,1100,614,614,7,16.138011092700804,3.1656469218432903,1093.029570998624,0.0
1779969754,150,POST,/cart/checkout,2.800000,2.800000,6,9,10,13,20,1000,1000,1000,1000,1000,1000,294,294,7,30.59432879494199,3.557913936674595,1084.2301030643284,0.0
1779969754,150,GET,/product/0PUK6V6EV0,1.400000,1.400000,6,7,7,7,10,11,11,11,11,11,11,114,114,6,26.349269184528996,3.219616017304361,1083.4271589992568,0.0
1779969754,150,GET,/product/1YMWWN1N4O,1.100000,1.100000,6,7,10,11,12,12,12,12,12,12,12,101,101,7,8.463917636672164,2.393183996900916,33.448836067691445,0.0
1779969754,150,GET,/product/2ZYFJ3GM2N,1.400000,1.400000,6,7,7,9,13,30,30,30,30,30,30,120,120,6,16.602209021220915,2.681302954442799,1071.3425279827788,0.0
1779969754,150,GET,/product/66VCHSJNUP,1.300000,1.300000,6,7,8,8,9,33,33,33,33,33,33,102,102,7,19.175893870209727,2.843021065928042,1077.121470007114,0.0
1779969754,150,GET,/product/6E92ZMYYFZ,0.700000,0.700000,9,10,11,11,45,45,45,45,45,45,45,97,97,6,9.564529775555448,3.5582379205152392,64.15285309776664,0.0
1779969754,150,GET,/product/9SIQT8TOJO,1.200000,1.200000,7,7,8,8,9,9,9,9,9,9,9,110,110,6,7.510484330652451,3.1066390220075846,28.12322706449777,0.0
1779969754,150,GET,/product/L9ECAV7KIM,1.800000,1.800000,6,7,7,7,8,16,16,16,16,16,16,118,118,6,25.080691334412638,3.5207889741286635,1045.2455399790779,0.0
1779969754,150,GET,/product/LS4PSXUNUM,1.700000,1.700000,6,8,9,9,9,12,12,12,12,12,12,88,88,6,7.501563718754121,3.4839240834116936,34.97940197121352,0.0
1779969754,150,GET,/product/OLJCESPC7Z,1.100000,1.100000,7,9,11,11,27,27,27,27,27,27,27,104,104,6,17.9521308432763,3.2808269606903195,1039.9666980374604,0.0
1779969754,150,,Aggregated,86.000000,86.000000,7,8,9,10,15,28,45,75,1100,1100,1100,7521,7521,7,17.521622783507894,2.393183996900916,1093.029570998624,0.0
1779969755,150,GET,/,62.900000,62.900000,7,8,9,10,16,30,46,69,1100,1100,1100,5728,5728,7,17.200115831391937,3.0177790904417634,1085.8206690754741,0.0
1779969755,150,POST,/cart,7.500000,7.500000,7,8,9,11,15,30,50,1100,1100,1100,1100,619,619,7,16.06137907754642,3.1656469218432903,1093.029570998624,0.0
1779969755,150,POST,/cart/checkout,2.800000,2.800000,7,8,10,13,20,1000,1000,1000,1000,1000,1000,296,296,7,30.434984847119807,3.557913936674595,1084.2301030643284,0.0
1779969755,150,GET,/product/0PUK6V6EV0,1.400000,1.400000,6,7,7,7,10,11,11,11,11,11,11,116,116,6,25.991085173104537,3.219616017304361,1083.4271589992568,0.0
1779969755,150,GET,/product/1YMWWN1N4O,0.900000,0.900000,7,10,10,11,12,12,12,12,12,12,12,102,102,7,8.47457933659647,2.393183996900916,33.448836067691445,0.0
1779969755,150,GET,/product/2ZYFJ3GM2N,1.600000,1.600000,6,6,7,9,13,30,30,30,30,30,30,122,122,6,16.41234841396208,2.681302954442799,1071.3425279827788,0.0
1779969755,150,GET,/product/66VCHSJNUP,1.500000,1.500000,6,7,8,9,33,33,33,33,33,33,33,102,102,7,19.175893870209727,2.843021065928042,1077.121470007114,0.0
1779969755,150,GET,/product/6E92ZMYYFZ,0.600000,0.600000,9,10,11,11,45,45,45,45,45,45,45,98,98,6,9.584191287345044,3.5582379205152392,64.15285309776664,0.0
1779969755,150,GET,/product/9SIQT8TOJO,1.100000,1.100000,7,7,8,8,9,9,9,9,9,9,9,110,110,6,7.510484330652451,3.1066390220075846,28.12322706449777,0.0
1779969755,150,GET,/product/L9ECAV7KIM,1.500000,1.500000,6,6,7,7,8,8,8,8,8,8,8,120,120,6,24.732346679472055,3.5207889741286635,1045.2455399790779,0.0
1779969755,150,GET,/product/LS4PSXUNUM,1.400000,1.400000,6,8,9,9,9,12,12,12,12,12,12,88,88,6,7.501563718754121,3.4839240834116936,34.97940197121352,0.0
1779969755,150,GET,/product/OLJCESPC7Z,1.100000,1.100000,7,7,9,9,11,27,27,27,27,27,27,108,108,6,17.497056136899456,3.2808269606903195,1039.9666980374604,0.0
1779969755,150,,Aggregated,84.300000,84.300000,7,8,9,10,15,30,45,69,1100,1100,1100,7609,7609,7,17.425908607404807,2.393183996900916,1093.029570998624,0.0
1779969756,150,GET,/,63.800000,63.800000,7,8,9,10,16,30,46,69,1100,1100,1100,5793,5793,7,17.08943799489586,3.0177790904417634,1085.8206690754741,0.0
1779969756,150,POST,/cart,7.100000,7.100000,7,8,9,9,12,30,50,1100,1100,1100,1100,627,627,7,15.939840716250432,3.1656469218432903,1093.029570998624,0.0
1779969756,150,POST,/cart/checkout,2.600000,2.600000,7,8,13,14,20,1000,1000,1000,1000,1000,1000,299,299,7,30.233185133276926,3.557913936674595,1084.2301030643284,0.0
1779969756,150,GET,/product/0PUK6V6EV0,1.600000,1.600000,6,7,7,7,10,11,11,11,11,11,11,118,118,6,25.64708281395231,3.219616017304361,1083.4271589992568,0.0
1779969756,150,GET,/product/1YMWWN1N4O,0.900000,0.900000,5,6,10,10,12,12,12,12,12,12,12,104,104,7,8.419716407213574,2.393183996900916,33.448836067691445,0.0
1779969756,150,GET,/product/2ZYFJ3GM2N,1.600000,1.600000,6,7,9,11,13,30,30,30,30,30,30,125,125,6,16.205037315376103,2.681302954442799,1071.3425279827788,0.0
1779969756,150,GET,/product/66VCHSJNUP,1.400000,1.400000,6,6,7,8,33,33,33,33,33,33,33,104,104,7,18.912177844098412,2.843021065928042,1077.121470007114,0.0
1779969756,150,GET,/product/6E92ZMYYFZ,0.800000,0.800000,7,10,11,11,45,45,45,45,45,45,45,100,100,6,9.520207531750202,3.5582379205152392,64.15285309776664,0.0
1779969756,150,GET,/product/9SIQT8TOJO,1.000000,1.000000,6,6,7,7,8,8,8,8,8,8,8,112,112,6,7.472429441155067,3.1066390220075846,28.12322706449777,0.0
1779969756,150,GET,/product/L9ECAV7KIM,1.400000,1.400000,6,6,7,8,9,9,9,9,9,9,9,122,122,6,24.432797250185224,3.5207889741286635,1045.2455399790779,0.0
1779969756,150,GET,/product/LS4PSXUNUM,1.400000,1.400000,6,7,9,9,9,9,9,9,9,9,9,88,88,6,7.501563718754121,3.4839240834116936,34.97940197121352,0.0
1779969756,150,GET,/product/OLJCESPC7Z,1.100000,1.100000,7,7,9,11,27,27,27,27,27,27,27,108,108,6,17.497056136899456,3.2808269606903195,1039.9666980374604,0.0
1779969756,150,,Aggregated,84.700000,84.700000,7,8,9,10,15,30,45,69,1100,1100,1100,7700,7700,7,17.30482766391141,2.393183996900916,1093.029570998624,0.0
1779969757,150,GET,/,62.900000,62.900000,7,8,10,11,16,30,46,75,1100,1100,1100,5858,5858,7,17.17399661318336,3.0177790904417634,1085.8206690754741,0.0
1779969757,150,POST,/cart,7.600000,7.600000,7,8,9,10,12,24,44,50,50,50,50,631,631,7,15.889115627890485,3.1656469218432903,1093.029570998624,0.0
1779969757,150,POST,/cart/checkout,2.500000,2.500000,8,13,18,18,20,1000,1000,1000,1000,1000,1000,300,300,7,30.193097762918722,3.557913936674595,1084.2301030643284,0.0
1779969757,150,GET,/product/0PUK6V6EV0,1.800000,1.800000,6,7,7,7,10,11,11,11,11,11,11,119,119,6,25.49300913428966,3.219616017304361,1083.4271589992568,0.0
1779969757,150,GET,/product/1YMWWN1N4O,0.900000,0.900000,5,6,10,10,12,12,12,12,12,12,12,104,104,7,8.419716407213574,2.393183996900916,33.448836067691445,0.0
1779969757,150,GET,/product/2ZYFJ3GM2N,1.600000,1.600000,7,9,9,11,13,30,30,30,30,30,30,126,126,6,16.147776582603534,2.681302954442799,1071.3425279827788,0.0
1779969757,150,GET,/product/66VCHSJNUP,1.200000,1.200000,6,6,7,8,33,33,33,33,33,33,33,105,105,7,18.782146036669257,2.843021065928042,1077.121470007114,0.0
1779969757,150,GET,/product/6E92ZMYYFZ,0.900000,0.900000,6,6,10,10,11,45,45,45,45,45,45,104,104,6,9.377186483246847,3.5582379205152392,64.15285309776664,0.0
1779969757,150,GET,/product/9SIQT8TOJO,0.800000,0.800000,6,6,7,8,12,12,12,12,12,12,12,114,114,6,7.488913302056557,3.1066390220075846,28.12322706449777,0.0
1779969757,150,GET,/product/L9ECAV7KIM,1.500000,1.500000,6,7,7,8,9,9,9,9,9,9,9,123,123,6,24.294570507670986,3.5207889741286635,1045.2455399790779,0.0
1779969757,150,GET,/product/LS4PSXUNUM,1.400000,1.400000,6,6,8,8,9,9,9,9,9,9,9,89,89,6,7.487786092711717,3.4839240834116936,34.97940197121352,0.0
1779969757,150,GET,/product/OLJCESPC7Z,0.900000,0.900000,7,8,11,11,23,27,27,27,27,27,27,110,110,6,17.46883344392038,3.2808269606903195,1039.9666980374604,0.0
1779969757,150,,Aggregated,84.000000,84.000000,7,8,9,10,16,30,44,69,1100,1100,1100,7783,7783,7,17.346842804947944,2.393183996900916,1093.029570998624,0.0
1779969758,150,GET,/,63.600000,63.600000,6,8,9,10,16,30,45,69,1100,1100,1100,5927,5927,7,17.04516985934254,3.0177790904417634,1085.8206690754741,0.0
1779969758,150,POST,/cart,7.700000,7.700000,7,8,8,8,11,14,44,50,50,50,50,638,638,7,15.781787910745377,3.1656469218432903,1093.029570998624,0.0
1779969758,150,POST,/cart/checkout,2.100000,2.100000,7,8,10,13,18,18,18,18,18,18,18,303,303,7,29.958099408825188,3.557913936674595,1084.2301030643284,0.0
1779969758,150,GET,/product/0PUK6V6EV0,1.800000,1.800000,6,7,7,8,11,12,12,12,12,12,12,121,121,6,25.206391032869842,3.219616017304361,1083.4271589992568,0.0
1779969758,150,GET,/product/1YMWWN1N4O,1.000000,1.000000,5,6,10,10,12,12,12,12,12,12,12,104,104,7,8.419716407213574,2.393183996900916,33.448836067691445,0.0
1779969758,150,GET,/product/2ZYFJ3GM2N,1.600000,1.600000,7,8,9,9,13,30,30,30,30,30,30,128,128,6,15.966678128279455,2.681302954442799,1071.3425279827788,0.0
1779969758,150,GET,/product/66VCHSJNUP,1.100000,1.100000,6,8,8,8,8,33,33,33,33,33,33,110,110,7,18.226895744869992,2.843021065928042,1077.121470007114,0.0
1779969758,150,GET,/product/6E92ZMYYFZ,0.900000,0.900000,6,6,7,10,11,45,45,45,45,45,45,105,105,6,9.33015964082664,3.5582379205152392,64.15285309776664,0.0
1779969758,150,GET,/product/9SIQT8TOJO,0.700000,0.700000,6,6,8,11,12,12,12,12,12,12,12,116,116,6,7.4892547965081855,3.1066390220075846,28.12322706449777,0.0
1779969758,150,GET,/product/L9ECAV7KIM,1.200000,1.200000,5,6,7,7,9,9,9,9,9,9,9,123,123,6,24.294570507670986,3.5207889741286635,1045.2455399790779,0.0
1779969758,150,GET,/product/LS4PSXUNUM,1.300000,1.300000,6,6,7,8,9,9,9,9,9,9,9,91,91,6,7.450592618404919,3.4839240834116936,34.97940197121352,0.0
1779969758,150,GET,/product/OLJCESPC7Z,1.000000,1.000000,7,8,9,9,23,27,27,27,27,27,27,110,110,6,17.46883344392038,3.2808269606903195,1039.9666980374604,0.0
1779969758,150,,Aggregated,84.000000,84.000000,6,8,9,10,14,27,44,66,1100,1100,1100,7876,7876,7,17.21474756426703,2.393183996900916,1093.029570998624,0.0
1779969759,150,GET,/,64.200000,64.200000,7,8,9,10,16,31,50,75,1100,1100,1100,5987,5987,7,17.141127588861444,3.0177790904417634,1085.8206690754741,0.0
1779969759,150,POST,/cart,7.500000,7.500000,7,7,8,8,12,34,44,50,50,50,50,644,644,7,15.74401136163061,3.1656469218432903,1093.029570998624,0.0
1779969759,150,POST,/cart/checkout,1.900000,1.900000,7,10,11,11,18,18,18,18,18,18,18,306,306,7,29.76107452554762,3.557913936674595,1084.2301030643284,0.0
1779969759,150,GET,/product/0PUK6V6EV0,1.700000,1.700000,6,7,8,9,11,12,12,12,12,12,12,123,123,6,24.95125948065301,3.219616017304361,1083.4271589992568,0.0
1779969759,150,GET,/product/1YMWWN1N4O,0.800000,0.800000,6,6,10,10,12,12,12,12,12,12,12,105,105,7,8.400870356265278,2.393183996900916,33.448836067691445,0.0
1779969759,150,GET,/product/2ZYFJ3GM2N,1.500000,1.500000,6,7,8,9,11,13,13,13,13,13,13,128,128,6,15.966678128279455,2.681302954442799,1071.3425279827788,0.0
1779969759,150,GET,/product/66VCHSJNUP,1.000000,1.000000,6,8,8,8,8,33,33,33,33,33,33,111,111,7,18.10892430545242,2.843021065928042,1077.121470007114,0.0
1779969759,150,GET,/product/6E92ZMYYFZ,0.900000,0.900000,6,6,7,7,10,11,11,11,11,11,11,106,106,6,9.289025936389939,3.5582379205152392,64.15285309776664,0.0
1779969759,150,GET,/product/9SIQT8TOJO,1.000000,1.000000,7,8,8,11,12,51,51,51,51,51,51,121,121,6,7.842263209725892,3.1066390220075846,51.30271799862385,0.0
1779969759,150,GET,/product/L9ECAV7KIM,1.100000,1.100000,5,6,7,9,10,10,10,10,10,10,10,124,124,6,24.179379213526243,3.5207889741286635,1045.2455399790779,0.0
1779969759,150,GET,/product/LS4PSXUNUM,1.300000,1.300000,6,6,6,6,9,9,9,9,9,9,9,91,91,6,7.450592618404919,3.4839240834116936,34.97940197121352,0.0
1779969759,150,GET,/product/OLJCESPC7Z,1.200000,1.200000,7,8,9,9,23,27,27,27,27,27,27,112,112,6,17.28429481175096,3.2808269606903195,1039.9666980374604,0.0
1779969759,150,,Aggregated,84.100000,84.100000,6,8,9,10,14,30,46,69,1100,1100,1100,7958,7958,7,17.268223581977466,2.393183996900916,1093.029570998624,0.0
1779969760,150,GET,/,65.800000,65.800000,7,8,9,10,13,27,46,69,1100,1100,1100,6045,6045,7,17.05849130818585,3.0177790904417634,1085.8206690754741,0.0
1779969760,150,POST,/cart,7.200000,7.200000,7,8,8,8,12,27,44,50,50,50,50,655,655,7,15.621306045506975,3.1656469218432903,1093.029570998624,0.0
1779969760,150,POST,/cart/checkout,1.800000,1.800000,8,10,11,14,18,31,31,31,31,31,31,308,308,7,29.694592232843135,3.557913936674595,1084.2301030643284,0.0
1779969760,150,GET,/product/0PUK6V6EV0,1.600000,1.600000,6,7,8,9,11,12,12,12,12,12,12,124,124,6,24.791419936997457,3.219616017304361,1083.4271589992568,0.0
1779969760,150,GET,/product/1YMWWN1N4O,0.700000,0.700000,6,6,7,7,10,10,10,10,10,10,10,106,106,7,8.387341173936806,2.393183996900916,33.448836067691445,0.0
1779969760,150,GET,/product/2ZYFJ3GM2N,1.600000,1.600000,6,7,8,9,11,13,13,13,13,13,13,129,129,6,15.892976073750345,2.681302954442799,1071.3425279827788,0.0
1779969760,150,GET,/product/66VCHSJNUP,1.200000,1.200000,6,8,8,8,8,33,33,33,33,33,33,112,112,7,17.98848795442609,2.843021065928042,1077.121470007114,0.0
1779969760,150,GET,/product/6E92ZMYYFZ,1.000000,1.000000,6,6,6,7,10,11,11,11,11,11,11,107,107,6,9.241369721549345,3.5582379205152392,64.15285309776664,0.0
1779969760,150,GET,/product/9SIQT8TOJO,1.000000,1.000000,6,8,8,11,16,51,51,51,51,51,51,124,124,6,7.858160413771627,3.1066390220075846,51.30271799862385,0.0
1779969760,150,GET,/product/L9ECAV7KIM,1.000000,1.000000,6,7,9,9,10,14,14,14,14,14,14,126,126,6,23.951459433033413,3.5207889741286635,1045.2455399790779,0.0
1779969760,150,GET,/product/LS4PSXUNUM,1.300000,1.300000,6,6,6,6,9,9,9,9,9,9,9,91,91,6,7.450592618404919,3.4839240834116936,34.97940197121352,0.0
1779969760,150,GET,/product/OLJCESPC7Z,1.200000,1.200000,7,7,8,8,23,23,23,23,23,23,23,112,112,6,17.28429481175096,3.2808269606903195,1039.9666980374604,0.0
1779969760,150,,Aggregated,85.400000,85.400000,6,8,9,10,13,27,45,66,1100,1100,1100,8039,8039,7,17.181183718597755,2.393183996900916,1093.029570998624,0.0
1779969761,150,GET,/,65.800000,65.800000,7,8,9,10,13,26,46,1000,1100,1100,1100,6103,6103,7,17.13828029938582,3.0177790904417634,1085.8206690754741,0.0
1779969761,150,POST,/cart,6.700000,6.700000,7,8,8,9,11,24,34,44,44,44,44,665,665,7,15.512474580611894,3.1656469218432903,1093.029570998624,0.0
1779969761,150,POST,/cart/checkout,1.800000,1.800000,7,8,11,12,18,18,31,31,31,31,31,316,316,7,29.140551802938027,3.557913936674595,1084.2301030643284,0.0
1779969761,150,GET,/product/0PUK6V6EV0,1.900000,1.900000,6,7,9,10,11,12,12,12,12,12,12,124,124,6,24.791419936997457,3.219616017304361,1083.4271589992568,0.0
1779969761,150,GET,/product/1YMWWN1N4O,0.800000,0.800000,6,6,7,7,10,10,10,10,10,10,10,106,106,7,8.387341173936806,2.393183996900916,33.448836067691445,0.0
1779969761,150,GET,/product/2ZYFJ3GM2N,1.300000,1.300000,6,7,9,9,11,13,13,13,13,13,13,130,130,6,15.799260264835679,2.681302954442799,1071.3425279827788,0.0
1779969761,150,GET,/product/66VCHSJNUP,1.500000,1.500000,6,8,8,8,10,33,33,33,33,33,33,114,114,7,17.809220577443117,2.843021065928042,1077.121470007114,0.0
1779969761,150,GET,/product/6E92ZMYYFZ,1.100000,1.100000,6,6,6,7,10,11,11,11,11,11,11,107,107,6,9.241369721549345,3.5582379205152392,64.15285309776664,0.0
1779969761,150,GET,/product/9SIQT8TOJO,1.500000,1.500000,7,8,11,11,16,51,51,51,51,51,51,124,124,6,7.858160413771627,3.1066390220075846,51.30271799862385,0.0
1779969761,150,GET,/product/L9ECAV7KIM,1.000000,1.000000,6,7,9,9,10,14,14,14,14,14,14,126,126,6,23.951459433033413,3.5207889741286635,1045.2455399790779,0.0
1779969761,150,GET,/product/LS4PSXUNUM,1.300000,1.300000,6,6,6,9,10,10,10,10,10,10,10,93,93,6,7.467893788450828,3.4839240834116936,34.97940197121352,0.0
1779969761,150,GET,/product/OLJCESPC7Z,1.200000,1.200000,7,7,8,8,8,23,23,23,23,23,23,113,113,6,17.179983529979282,3.2808269606903195,1039.9666980374604,0.0
1779969761,150,,Aggregated,85.900000,85.900000,7,8,9,10,13,24,44,69,1100,1100,1100,8121,8121,7,17.21259185459406,2.393183996900916,1093.029570998624,0.0
1779969762,150,GET,/,65.900000,65.900000,7,8,8,9,11,14,31,69,1100,1100,1100,6174,6174,7,17.0083175100343,3.0177790904417634,1085.8206690754741,0.0
1779969762,150,POST,/cart,6.300000,6.300000,7,8,8,9,11,14,34,44,44,44,44,672,672,7,15.408727189164242,3.1656469218432903,1093.029570998624,0.0
1779969762,150,POST,/cart/checkout,1.800000,1.800000,7,8,11,11,18,18,31,31,31,31,31,320,320,7,28.841150568041485,3.557913936674595,1084.2301030643284,0.0
1779969762,150,GET,/product/0PUK6V6EV0,1.900000,1.900000,6,7,8,9,10,12,12,12,12,12,12,126,126,6,24.477623255243376,3.219616017304361,1083.4271589992568,0.0
1779969762,150,GET,/product/1YMWWN1N4O,0.800000,0.800000,6,6,7,7,10,10,10,10,10,10,10,107,107,7,8.344558825951383,2.393183996900916,33.448836067691445,0.0
1779969762,150,GET,/product/2ZYFJ3GM2N,1.400000,1.400000,6,7,8,9,11,13,13,13,13,13,13,131,131,6,15.717812820039121,2.681302954442799,1071.3425279827788,0.0
1779969762,150,GET,/product/66VCHSJNUP,1.500000,1.500000,6,8,8,8,10,33,33,33,33,33,33,116,116,7,17.606480886099924,2.843021065928042,1077.121470007114,0.0
1779969762,150,GET,/product/6E92ZMYYFZ,1.300000,1.300000,6,6,6,6,7,11,11,11,11,11,11,107,107,6,9.241369721549345,3.5582379205152392,64.15285309776664,0.0
1779969762,150,GET,/product/9SIQT8TOJO,1.400000,1.400000,6,7,11,11,16,51,51,51,51,51,51,125,125,6,7.824249178171158,3.1066390220075846,51.30271799862385,0.0
1779969762,150,GET,/product/L9ECAV7KIM,1.100000,1.100000,6,7,9,10,14,14,14,14,14,14,14,127,127,6,23.800150595796037,3.5207889741286635,1045.2455399790779,0.0
1779969762,150,GET,/product/LS4PSXUNUM,0.900000,0.900000,6,6,9,10,10,10,10,10,10,10,10,95,95,6,7.485589540661557,3.4839240834116936,34.97940197121352,0.0
1779969762,150,GET,/product/OLJCESPC7Z,1.200000,1.200000,7,7,8,8,23,23,23,23,23,23,23,114,114,6,17.06205794624494,3.2808269606903195,1039.9666980374604,0.0
1779969762,150,,Aggregated,85.500000,85.500000,6,8,8,9,11,14,31,50,1100,1100,1100,8214,8214,7,17.08270041295004,2.393183996900916,1093.029570998624,0.0
1779969763,150,GET,/,64.500000,64.500000,7,8,9,9,12,17,31,50,1100,1100,1100,6236,6236,7,17.0931586278822,3.0177790904417634,1085.8206690754741,0.0
1779969763,150,POST,/cart,6.800000,6.800000,7,8,9,9,11,27,43,44,44,44,44,677,677,7,15.40021138679115,3.1656469218432903,1093.029570998624,0.0
1779969763,150,POST,/cart/checkout,2.200000,2.200000,7,8,11,12,18,18,31,31,31,31,31,323,323,7,28.64281562497211,3.557913936674595,1084.2301030643284,0.0
1779969763,150,GET,/product/0PUK6V6EV0,1.700000,1.700000,6,7,9,9,10,12,12,12,12,12,12,126,126,6,24.477623255243376,3.219616017304361,1083.4271589992568,0.0
1779969763,150,GET,/product/1YMWWN1N4O,0.800000,0.800000,6,7,7,7,10,10,10,10,10,10,10,108,108,7,8.333104781168341,2.393183996900916,33.448836067691445,0.0
1779969763,150,GET,/product/2ZYFJ3GM2N,1.400000,1.400000,6,6,7,8,9,11,11,11,11,11,11,134,134,6,15.503302898515127,2.681302954442799,1071.3425279827788,0.0
1779969763,150,GET,/product/66VCHSJNUP,1.400000,1.400000,6,6,7,8,8,10,10,10,10,10,10,119,119,7,17.31443711548668,2.843021065928042,1077.121470007114,0.0
1779969763,150,GET,/product/6E92ZMYYFZ,1.300000,1.300000,6,6,6,6,7,11,11,11,11,11,11,109,109,6,9.166028625075493,3.5582379205152392,64.15285309776664,0.0
1779969763,150,GET,/product/9SIQT8TOJO,1.600000,1.600000,6,7,11,11,16,51,51,51,51,51,51,125,125,6,7.824249178171158,3.1066390220075846,51.30271799862385,0.0
1779969763,150,GET,/product/L9ECAV7KIM,0.800000,0.800000,6,9,10,10,12,14,14,14,14,14,14,129,129,6,23.560875687430535,3.5207889741286635,1045.2455399790779,0.0
1779969763,150,GET,/product/LS4PSXUNUM,1.000000,1.000000,6,9,9,10,10,10,10,10,10,10,10,96,96,6,7.499409712181659,3.4839240834116936,34.97940197121352,0.0
1779969763,150,GET,/product/OLJCESPC7Z,1.100000,1.100000,7,7,8,8,23,23,23,23,23,23,23,114,114,6,17.06205794624494,3.2808269606903195,1039.9666980374604,0.0
1779969763,150,,Aggregated,84.600000,84.600000,7,8,9,9,11,17,31,44,1100,1100,1100,8296,8296,7,17.125605759425305,2.393183996900916,1093.029570998624,0.0
1779969764,150,GET,/,65.300000,65.300000,7,8,9,9,11,17,31,50,1100,1100,1100,6298,6298,7,16.99825393300114,3.0177790904417634,1085.8206690754741,0.0
1779969764,150,POST,/cart,6.700000,6.700000,7,8,9,9,11,27,34,43,43,43,43,685,685,7,15.349136954547335,3.1656469218432903,1093.029570998624,0.0
1779969764,150,POST,/cart/checkout,2.900000,2.900000,7,8,11,11,14,18,31,31,31,31,31,328,328,7,28.28344440182796,3.557913936674595,1084.2301030643284,0.0
1779969764,150,GET,/product/0PUK6V6EV0,1.700000,1.700000,7,8,9,9,10,12,12,12,12,12,12,127,127,6,24.350057308393435,3.219616017304361,1083.4271589992568,0.0
1779969764,150,GET,/product/1YMWWN1N4O,0.800000,0.800000,6,6,7,7,7,7,7,7,7,7,7,109,109,7,8.28242463533929,2.393183996900916,33.448836067691445,0.0
1779969764,150,GET,/product/2ZYFJ3GM2N,1.300000,1.300000,6,6,7,8,9,11,11,11,11,11,11,135,135,6,15.422375988284195,2.681302954442799,1071.3425279827788,0.0
1779969764,150,GET,/product/66VCHSJNUP,1.500000,1.500000,6,6,7,8,8,10,10,10,10,10,10,121,121,7,17.118440386800728,2.843021065928042,1077.121470007114,0.0
1779969764,150,GET,/product/6E92ZMYYFZ,1.200000,1.200000,6,6,6,6,6,7,7,7,7,7,7,110,110,6,9.135150510436771,3.5582379205152392,64.15285309776664,0.0
1779969764,150,GET,/product/9SIQT8TOJO,1.700000,1.700000,6,7,8,11,16,51,51,51,51,51,51,128,128,6,7.7301174869717215,3.1066390220075846,51.30271799862385,0.0
1779969764,150,GET,/product/L9ECAV7KIM,0.900000,0.900000,7,9,10,12,14,14,14,14,14,14,14,129,129,6,23.560875687430535,3.5207889741286635,1045.2455399790779,0.0
1779969764,150,GET,/product/LS4PSXUNUM,0.800000,0.800000,6,6,9,10,10,10,10,10,10,10,10,97,97,6,7.465128240790026,3.4839240834116936,34.97940197121352,0.0
1779969764,150,GET,/product/OLJCESPC7Z,1.000000,1.000000,7,8,8,8,23,23,23,23,23,23,23,114,114,6,17.06205794624494,3.2808269606903195,1039.9666980374604,0.0
1779969764,150,,Aggregated,85.800000,85.800000,7,8,8,9,11,17,31,44,1100,1100,1100,8381,8381,7,17.02632049394254,2.393183996900916,1093.029570998624,0.0
1779969765,150,GET,/,63.800000,63.800000,7,8,9,9,12,17,29,41,1100,1100,1100,6358,6358,7,16.918435632711883,3.0177790904417634,1085.8206690754741,0.0
1779969765,150,POST,/cart,6.800000,6.800000,7,8,9,10,11,27,34,43,43,43,43,696,696,7,15.229474119045879,3.1656469218432903,1093.029570998624,0.0
1779969765,150,POST,/cart/checkout,3.000000,3.000000,7,8,8,11,13,18,31,31,31,31,31,330,330,7,28.1579858905664,3.557913936674595,1084.2301030643284,0.0
1779969765,150,GET,/product/0PUK6V6EV0,1.500000,1.500000,7,8,9,10,12,12,12,12,12,12,12,127,127,6,24.350057308393435,3.219616017304361,1083.4271589992568,0.0
1779969765,150,GET,/product/1YMWWN1N4O,0.800000,0.800000,6,7,7,7,7,7,7,7,7,7,7,110,110,7,8.270251520232044,2.393183996900916,33.448836067691445,0.0
1779969765,150,GET,/product/2ZYFJ3GM2N,1.300000,1.300000,6,6,9,9,10,11,11,11,11,11,11,139,139,6,15.192663534912917,2.681302954442799,1071.3425279827788,0.0
1779969765,150,GET,/product/66VCHSJNUP,1.700000,1.700000,6,6,7,8,8,10,10,10,10,10,10,121,121,7,17.118440386800728,2.843021065928042,1077.121470007114,0.0
1779969765,150,GET,/product/6E92ZMYYFZ,1.400000,1.400000,6,6,6,6,6,6,6,6,6,6,6,110,110,6,9.135150510436771,3.5582379205152392,64.15285309776664,0.0
1779969765,150,GET,/product/9SIQT8TOJO,1.600000,1.600000,6,7,8,11,16,51,51,51,51,51,51,128,128,6,7.7301174869717215,3.1066390220075846,51.30271799862385,0.0
1779969765,150,GET,/product/L9ECAV7KIM,1.000000,1.000000,7,10,12,12,14,14,14,14,14,14,14,129,129,6,23.560875687430535,3.5207889741286635,1045.2455399790779,0.0
1779969765,150,GET,/product/LS4PSXUNUM,1.000000,1.000000,6,7,9,10,10,10,10,10,10,10,10,98,98,6,7.461076983659319,3.4839240834116936,34.97940197121352,0.0
1779969765,150,GET,/product/OLJCESPC7Z,1.000000,1.000000,7,8,8,8,23,23,23,23,23,23,23,115,115,6,16.97302032970702,3.2808269606903195,1039.9666980374604,0.0
1779969765,150,,Aggregated,84.900000,84.900000,7,8,9,9,11,17,29,41,1100,1100,1100,8461,8461,7,16.943779339031575,2.393183996900916,1093.029570998624,0.0
1779969766,150,GET,/,63.000000,63.000000,7,8,8,9,11,17,29,41,1100,1100,1100,6430,6430,7,16.816588923440808,2.9503520345315337,1085.8206690754741,0.0
1779969766,150,POST,/cart,7.100000,7.100000,7,8,9,10,12,27,34,43,43,43,43,700,700,7,15.171876135614834,3.1656469218432903,1093.029570998624,0.0
1779969766,150,POST,/cart/checkout,3.200000,3.200000,7,8,8,11,13,31,1000,1000,1000,1000,1000,334,334,7,30.919776523616836,3.557913936674595,1084.2301030643284,0.0
1779969766,150,GET,/product/0PUK6V6EV0,1.300000,1.300000,6,8,9,10,12,12,12,12,12,12,12,128,128,6,24.1834920252586,3.029701067134738,1083.4271589992568,0.0
1779969766,150,GET,/product/1YMWWN1N4O,0.800000,0.800000,6,7,7,7,7,7,7,7,7,7,7,111,111,7,8.25232706506745,2.393183996900916,33.448836067691445,0.0
1779969766,150,GET,/product/2ZYFJ3GM2N,1.500000,1.500000,6,6,7,9,9,10,10,10,10,10,10,140,140,6,15.117571666736954,2.681302954442799,1071.3425279827788,0.0
1779969766,150,GET,/product/66VCHSJNUP,1.900000,1.900000,6,6,8,8,10,26,26,26,26,26,26,123,123,7,17.095123022052693,2.843021065928042,1077.121470007114,0.0
1779969766,150,GET,/product/6E92ZMYYFZ,1.300000,1.300000,6,6,6,6,9,9,9,9,9,9,9,111,111,6,9.12986173995074,3.5582379205152392,64.15285309776664,0.0
1779969766,150,GET,/product/9SIQT8TOJO,1.600000,1.600000,6,7,8,11,16,51,51,51,51,51,51,128,128,6,7.7301174869717215,3.1066390220075846,51.30271799862385,0.0
1779969766,150,GET,/product/L9ECAV7KIM,1.100000,1.100000,7,10,12,12,14,14,14,14,14,14,14,130,130,6,23.4268323589976,3.5207889741286635,1045.2455399790779,0.0
1779969766,150,GET,/product/LS4PSXUNUM,0.800000,0.800000,6,7,9,9,10,10,10,10,10,10,10,101,101,6,7.425776965187697,3.4839240834116936,34.97940197121352,0.0
1779969766,150,GET,/product/OLJCESPC7Z,1.000000,1.000000,7,7,8,8,23,23,23,23,23,23,23,117,117,6,16.78814854707696,3.2808269606903195,1039.9666980374604,0.0
1779969766,150,,Aggregated,84.600000,84.600000,7,8,8,9,11,17,31,43,1100,1100,1100,8553,8553,7,16.96146564149218,2.393183996900916,1093.029570998624,0.0
1779969767,150,GET,/,62.600000,62.600000,7,8,8,9,12,18,29,37,1100,1100,1100,6496,6496,7,16.725402064747612,2.9503520345315337,1085.8206690754741,0.0
1779969767,150,POST,/cart,7.300000,7.300000,7,8,9,10,12,27,34,43,43,43,43,707,707,7,15.089410801926599,3.1656469218432903,1093.029570998624,0.0
1779969767,150,POST,/cart/checkout,3.200000,3.200000,7,8,11,11,13,31,1000,1000,1000,1000,1000,334,334,7,30.919776523616836,3.557913936674595,1084.2301030643284,0.0
1779969767,150,GET,/product/0PUK6V6EV0,1.100000,1.100000,6,8,9,10,12,12,12,12,12,12,12,129,129,6,24.045727978272783,3.029701067134738,1083.4271589992568,0.0
1779969767,150,GET,/product/1YMWWN1N4O,0.800000,0.800000,6,7,7,7,7,7,7,7,7,7,7,111,111,7,8.25232706506745,2.393183996900916,33.448836067691445,0.0
1779969767,150,GET,/product/2ZYFJ3GM2N,1.700000,1.700000,6,6,7,9,9,10,10,10,10,10,10,140,140,6,15.117571666736954,2.681302954442799,1071.3425279827788,0.0
1779969767,150,GET,/product/66VCHSJNUP,1.900000,1.900000,6,6,8,8,10,26,26,26,26,26,26,123,123,7,17.095123022052693,2.843021065928042,1077.121470007114,0.0
1779969767,150,GET,/product/6E92ZMYYFZ,1.200000,1.200000,6,6,7,7,9,9,9,9,9,9,9,112,112,6,9.11380443825952,3.5582379205152392,64.15285309776664,0.0
1779969767,150,GET,/product/9SIQT8TOJO,1.800000,1.800000,6,7,8,8,16,51,51,51,51,51,51,128,128,6,7.7301174869717215,3.1066390220075846,51.30271799862385,0.0
1779969767,150,GET,/product/L9ECAV7KIM,0.900000,0.900000,6,9,10,12,14,14,14,14,14,14,14,132,132,6,23.179519838639393,3.5207889741286635,1045.2455399790779,0.0
1779969767,150,GET,/product/LS4PSXUNUM,0.900000,0.900000,6,7,9,9,10,10,10,10,10,10,10,102,102,6,7.40694813202044,3.4839240834116936,34.97940197121352,0.0
1779969767,150,GET,/product/OLJCESPC7Z,0.800000,0.800000,7,7,7,7,8,8,8,8,8,8,8,118,118,6,16.680134737556326,3.2808269606903195,1039.9666980374604,0.0
1779969767,150,,Aggregated,84.200000,84.200000,7,8,8,9,12,17,30,41,1100,1100,1100,8632,8632,7,16.87608437784309,2.393183996900916,1093.029570998624,0.0
