Timestamp,User Count,Type,Name,Requests/s,Failures/s,50%,66%,75%,80%,90%,95%,98%,99%,99.9%,99.99%,100%,Total Request Count,Total Failure Count,Total Median Response Time,Total Average Response Time,Total Min Response Time,Total Max Response Time,Total Average Content Size
1779967992,0,,Aggregated,0.000000,0.000000,N/A,N/A,N/A,N/A,N/A,N/A,N/A,N/A,N/A,N/A,N/A,0,0,0,0.0,0,0,0
1779967993,5,GET,/,0.000000,0.000000,0,0,0,0,0,0,0,0,0,0,0,4,4,7,9.903233702061698,6.201942916959524,17.87152304314077,0.0
1779967993,5,POST,/cart/checkout,0.000000,0.000000,0,0,0,0,0,0,0,0,0,0,0,1,1,4.779545008204877,4.779545008204877,4.779545008204877,4.779545008204877,0.0
1779967993,5,,Aggregated,0.000000,0.000000,0,0,0,0,0,0,0,0,0,0,0,5,5,7,8.878495963290334,4.779545008204877,17.87152304314077,0.0
1779967994,10,GET,/,0.000000,0.000000,14,14,15,15,16,16,16,16,16,16,16,10,10,9,11.343507678247988,6.201942916959524,17.87152304314077,0.0
1779967994,10,POST,/cart,0.000000,0.000000,0,0,0,0,0,0,0,0,0,0,0,1,1,15.776715008541942,15.776715008541942,15.776715008541942,15.776715008541942,0.0
1779967994,10,POST,/cart/checkout,0.000000,0.000000,10,10,10,10,10,10,10,10,10,10,10,2,2,5,7.295187504496425,4.779545008204877,9.810830000787973,0.0
1779967994,10,,Aggregated,0.000000,0.000000,14,15,16,16,16,16,16,16,16,16,16,13,13,10,11.061705138462667,4.779545008204877,17.87152304314077,0.0
1779967995,15,GET,/,4.000000,4.000000,13,14,15,16,19,21,21,21,21,21,21,17,17,12,12.376649750341826,6.201942916959524,21.281218039803207,0.0
1779967995,15,POST,/cart,0.000000,0.000000,23,23,23,23,23,23,23,23,23,23,23,3,3,16,16.710593675573666,11.173872975632548,23.18119304254651,0.0
1779967995,15,POST,/cart/checkout,1.000000,1.000000,10,10,11,11,11,11,11,11,11,11,11,3,3,10,8.586948659891883,4.779545008204877,11.1704709706828,0.0
1779967995,15,GET,/product/6E92ZMYYFZ,0.000000,0.000000,0,0,0,0,0,0,0,0,0,0,0,1,1,11.77027402445674,11.77027402445674,11.77027402445674,11.77027402445674,0.0
1779967995,15,,Aggregated,5.000000,5.000000,12,14,16,16,21,23,23,23,23,23,23,24,24,11,12.419414449444352,4.779545008204877,23.18119304254651,0.0
1779967996,20,GET,/,4.000000,4.000000,14,19,28,31,35,38,39,39,39,39,39,28,28,13,17.062207164209603,6.201942916959524,38.56098803225905,0.0
1779967996,20,POST,/cart,0.500000,0.500000,31,31,38,38,38,38,38,38,38,38,38,5,5,23,23.885021777823567,11.173872975632548,38.010205957107246,0.0
1779967996,20,POST,/cart/checkout,0.500000,0.500000,10,10,11,11,11,11,11,11,11,11,11,4,4,10,8.99808673420921,4.779545008204877,11.1704709706828,0.0
1779967996,20,GET,/product/0PUK6V6EV0,0.000000,0.000000,0,0,0,0,0,0,0,0,0,0,0,1,1,4.838853958062828,4.838853958062828,4.838853958062828,4.838853958062828,0.0
1779967996,20,GET,/product/6E92ZMYYFZ,0.000000,0.000000,0,0,0,0,0,0,0,0,0,0,0,1,1,11.77027402445674,11.77027402445674,11.77027402445674,11.77027402445674,0.0
1779967996,20,GET,/product/9SIQT8TOJO,0.000000,0.000000,0,0,0,0,0,0,0,0,0,0,0,1,1,5.659198970533907,5.659198970533907,5.659198970533907,5.659198970533907,0.0
1779967996,20,GET,/product/OLJCESPC7Z,0.000000,0.000000,0,0,0,0,0,0,0,0,0,0,0,1,1,19.56289599183947,19.56289599183947,19.56289599183947,19.56289599183947,0.0
1779967996,20,,Aggregated,5.000000,5.000000,14,19,25,28,35,38,39,39,39,39,39,41,41,12,16.46318242362723,4.779545008204877,38.56098803225905,0.0
1779967997,25,GET,/,5.000000,5.000000,12,14,16,21,33,38,39,39,39,39,39,42,42,11,14.542326442010346,4.5868189772590995,38.56098803225905,0.0
1779967997,25,POST,/cart,0.666667,0.666667,31,31,38,38,38,38,38,38,38,38,38,5,5,23,23.885021777823567,11.173872975632548,38.010205957107246,0.0
1779967997,25,POST,/cart/checkout,0.666667,0.666667,10,10,10,11,11,11,11,11,11,11,11,5,5,10,9.238011203706264,4.779545008204877,11.1704709706828,0.0
1779967997,25,GET,/product/0PUK6V6EV0,0.000000,0.000000,0,0,0,0,0,0,0,0,0,0,0,1,1,4.838853958062828,4.838853958062828,4.838853958062828,4.838853958062828,0.0
1779967997,25,GET,/product/1YMWWN1N4O,0.000000,0.000000,0,0,0,0,0,0,0,0,0,0,0,1,1,6.826039985753596,6.826039985753596,6.826039985753596,6.826039985753596,0.0
1779967997,25,GET,/product/6E92ZMYYFZ,0.000000,0.000000,12,12,12,12,12,12,12,12,12,12,12,1,1,11.77027402445674,11.77027402445674,11.77027402445674,11.77027402445674,0.0
1779967997,25,GET,/product/9SIQT8TOJO,0.000000,0.000000,0,0,0,0,0,0,0,0,0,0,0,3,3,6,6.2715510139241815,5.659198970533907,6.7136021098122,0.0
1779967997,25,GET,/product/LS4PSXUNUM,0.000000,0.000000,0,0,0,0,0,0,0,0,0,0,0,1,1,7.852331968024373,7.852331968024373,7.852331968024373,7.852331968024373,0.0
1779967997,25,GET,/product/OLJCESPC7Z,0.000000,0.000000,20,20,20,20,20,20,20,20,20,20,20,2,2,7,13.265235000289977,6.967574008740485,19.56289599183947,0.0
1779967997,25,,Aggregated,6.333333,6.333333,11,14,16,20,31,38,38,39,39,39,39,61,61,11,13.984024564766127,4.5868189772590995,38.56098803225905,0.0
1779967998,30,GET,/,5.750000,5.750000,12,15,18,21,34,38,38,39,39,39,39,57,57,11,15.052573028298324,4.5868189772590995,38.56098803225905,0.0
1779967998,30,POST,/cart,0.750000,0.750000,23,23,31,31,38,38,38,38,38,38,38,7,7,19,20.865834151793802,7.204867084510624,38.010205957107246,0.0
1779967998,30,POST,/cart/checkout,1.000000,1.000000,10,10,10,11,11,11,11,11,11,11,11,5,5,10,9.238011203706264,4.779545008204877,11.1704709706828,0.0
1779967998,30,GET,/product/0PUK6V6EV0,0.000000,0.000000,5,5,5,5,5,5,5,5,5,5,5,1,1,4.838853958062828,4.838853958062828,4.838853958062828,4.838853958062828,0.0
1779967998,30,GET,/product/1YMWWN1N4O,0.000000,0.000000,7,7,7,7,7,7,7,7,7,7,7,1,1,6.826039985753596,6.826039985753596,6.826039985753596,6.826039985753596,0.0
1779967998,30,GET,/product/6E92ZMYYFZ,0.250000,0.250000,12,12,12,12,12,12,12,12,12,12,12,1,1,11.77027402445674,11.77027402445674,11.77027402445674,11.77027402445674,0.0
1779967998,30,GET,/product/9SIQT8TOJO,0.000000,0.000000,6,6,6,6,6,6,6,6,6,6,6,3,3,6,6.2715510139241815,5.659198970533907,6.7136021098122,0.0
1779967998,30,GET,/product/L9ECAV7KIM,0.000000,0.000000,0,0,0,0,0,0,0,0,0,0,0,1,1,7.6588200172409415,7.6588200172409415,7.6588200172409415,7.6588200172409415,0.0
1779967998,30,GET,/product/LS4PSXUNUM,0.000000,0.000000,0,0,0,0,0,0,0,0,0,0,0,1,1,7.852331968024373,7.852331968024373,7.852331968024373,7.852331968024373,0.0
1779967998,30,GET,/product/OLJCESPC7Z,0.250000,0.250000,20,20,20,20,20,20,20,20,20,20,20,2,2,7,13.265235000289977,6.967574008740485,19.56289599183947,0.0
1779967998,30,,Aggregated,8.000000,8.000000,11,14,18,20,33,38,38,39,39,39,39,79,79,11,14.361253173290928,4.5868189772590995,38.56098803225905,0.0
1779967999,35,GET,/,6.600000,6.600000,12,15,20,23,33,38,39,1000,1000,1000,1000,75,75,11,28.392132793863613,4.5868189772590995,1013.0715379491448,0.0
1779967999,35,POST,/cart,1.000000,1.000000,19,23,31,31,38,38,38,38,38,38,38,9,9,16,18.543406467263896,7.204867084510624,38.010205957107246,0.0
1779967999,35,POST,/cart/checkout,1.000000,1.000000,10,10,10,11,11,11,11,11,11,11,11,5,5,10,9.238011203706264,4.779545008204877,11.1704709706828,0.0
1779967999,35,GET,/product/0PUK6V6EV0,0.200000,0.200000,12,12,12,12,12,12,12,12,12,12,12,2,2,5,8.248068508692086,4.838853958062828,11.657283059321344,0.0
1779967999,35,GET,/product/1YMWWN1N4O,0.200000,0.200000,13,13,13,13,13,13,13,13,13,13,13,2,2,7,9.721231472212821,6.826039985753596,12.616422958672047,0.0
1779967999,35,GET,/product/66VCHSJNUP,0.000000,0.000000,0,0,0,0,0,0,0,0,0,0,0,1,1,8.831005892716348,8.831005892716348,8.831005892716348,8.831005892716348,0.0
1779967999,35,GET,/product/6E92ZMYYFZ,0.200000,0.200000,10,10,12,12,12,12,12,12,12,12,12,3,3,10,9.581365350944301,7.245440036058426,11.77027402445674,0.0
1779967999,35,GET,/product/9SIQT8TOJO,0.400000,0.400000,6,6,6,6,6,6,6,6,6,6,6,3,3,6,6.2715510139241815,5.659198970533907,6.7136021098122,0.0
1779967999,35,GET,/product/L9ECAV7KIM,0.000000,0.000000,8,8,8,8,8,8,8,8,8,8,8,1,1,7.6588200172409415,7.6588200172409415,7.6588200172409415,7.6588200172409415,0.0
1779967999,35,GET,/product/LS4PSXUNUM,0.000000,0.000000,9,9,9,9,9,9,9,9,9,9,9,2,2,8,8.641104970593005,7.852331968024373,9.429877973161638,0.0
1779967999,35,GET,/product/OLJCESPC7Z,0.200000,0.200000,20,20,20,20,20,20,20,20,20,20,20,2,2,7,13.265235000289977,6.967574008740485,19.56289599183947,0.0
1779967999,35,,Aggregated,9.800000,9.800000,11,14,19,21,31,38,39,1000,1000,1000,1000,105,105,11,23.678957415922056,4.5868189772590995,1013.0715379491448,0.0
1779968000,40,GET,/,8.333333,8.333333,11,14,16,20,31,37,39,1000,1000,1000,1000,93,93,11,24.736451449483553,4.5868189772590995,1013.0715379491448,0.0
1779968000,40,POST,/cart,1.000000,1.000000,14,19,23,31,38,38,38,38,38,38,38,11,11,14,17.285348106683657,7.204867084510624,38.010205957107246,0.0
1779968000,40,POST,/cart/checkout,0.833333,0.833333,10,11,12,12,18,18,18,18,18,18,18,8,8,10,10.669271636288613,4.779545008204877,17.691874061711133,0.0
1779968000,40,GET,/product/0PUK6V6EV0,0.166667,0.166667,12,12,12,12,12,12,12,12,12,12,12,2,2,5,8.248068508692086,4.838853958062828,11.657283059321344,0.0
1779968000,40,GET,/product/1YMWWN1N4O,0.166667,0.166667,7,7,13,13,13,13,13,13,13,13,13,3,3,7,8.84347129613161,6.826039985753596,12.616422958672047,0.0
1779968000,40,GET,/product/2ZYFJ3GM2N,0.000000,0.000000,0,0,0,0,0,0,0,0,0,0,0,1,1,6.880326895043254,6.880326895043254,6.880326895043254,6.880326895043254,0.0
1779968000,40,GET,/product/66VCHSJNUP,0.000000,0.000000,0,0,0,0,0,0,0,0,0,0,0,1,1,8.831005892716348,8.831005892716348,8.831005892716348,8.831005892716348,0.0
1779968000,40,GET,/product/6E92ZMYYFZ,0.166667,0.166667,10,10,12,12,12,12,12,12,12,12,12,3,3,10,9.581365350944301,7.245440036058426,11.77027402445674,0.0
1779968000,40,GET,/product/9SIQT8TOJO,0.500000,0.500000,6,6,6,6,6,6,6,6,6,6,6,3,3,6,6.2715510139241815,5.659198970533907,6.7136021098122,0.0
1779968000,40,GET,/product/L9ECAV7KIM,0.166667,0.166667,8,8,18,18,18,18,18,18,18,18,18,3,3,8,10.808693633104363,6.78775692358613,17.97950395848602,0.0
1779968000,40,GET,/product/LS4PSXUNUM,0.166667,0.166667,9,9,9,9,9,9,9,9,9,9,9,2,2,8,8.641104970593005,7.852331968024373,9.429877973161638,0.0
1779968000,40,GET,/product/OLJCESPC7Z,0.333333,0.333333,20,20,20,20,20,20,20,20,20,20,20,2,2,7,13.265235000289977,6.967574008740485,19.56289599183947,0.0
1779968000,40,,Aggregated,11.833333,11.833333,10,12,16,18,28,35,38,39,1000,1000,1000,132,132,10,20.897866520416837,4.5868189772590995,1013.0715379491448,0.0
1779968001,45,GET,/,9.142857,9.142857,10,12,15,16,28,35,38,39,1000,1000,1000,115,115,10,21.657469832216915,4.5868189772590995,1013.0715379491448,0.0
1779968001,45,POST,/cart,1.000000,1.000000,11,19,23,23,31,38,38,38,38,38,38,12,12,11,16.560704932392884,7.204867084510624,38.010205957107246,0.0
1779968001,45,POST,/cart/checkout,0.714286,0.714286,10,10,11,12,18,18,18,18,18,18,18,10,10,10,10.125353198964149,4.779545008204877,17.691874061711133,0.0
1779968001,45,GET,/product/0PUK6V6EV0,0.142857,0.142857,8,8,12,12,12,12,12,12,12,12,12,3,3,8,8.253133351293704,4.838853958062828,11.657283059321344,0.0
1779968001,45,GET,/product/1YMWWN1N4O,0.142857,0.142857,7,7,13,13,13,13,13,13,13,13,13,3,3,7,8.84347129613161,6.826039985753596,12.616422958672047,0.0
1779968001,45,GET,/product/2ZYFJ3GM2N,0.000000,0.000000,0,0,0,0,0,0,0,0,0,0,0,2,2,6.880326895043254,6.732068490236998,6.583810085430741,6.880326895043254,0.0
1779968001,45,GET,/product/66VCHSJNUP,0.000000,0.000000,9,9,9,9,9,9,9,9,9,9,9,1,1,8.831005892716348,8.831005892716348,8.831005892716348,8.831005892716348,0.0
1779968001,45,GET,/product/6E92ZMYYFZ,0.428571,0.428571,10,10,12,12,12,12,12,12,12,12,12,3,3,10,9.581365350944301,7.245440036058426,11.77027402445674,0.0
1779968001,45,GET,/product/9SIQT8TOJO,0.428571,0.428571,6,6,6,6,6,6,6,6,6,6,6,3,3,6,6.2715510139241815,5.659198970533907,6.7136021098122,0.0
1779968001,45,GET,/product/L9ECAV7KIM,0.142857,0.142857,8,8,18,18,18,18,18,18,18,18,18,4,4,7,9.526254987576976,5.678939050994813,17.97950395848602,0.0
1779968001,45,GET,/product/LS4PSXUNUM,0.285714,0.285714,9,9,9,9,9,9,9,9,9,9,9,3,3,8,7.418746982390682,4.974031005986035,9.429877973161638,0.0
1779968001,45,GET,/product/OLJCESPC7Z,0.285714,0.285714,20,20,20,20,20,20,20,20,20,20,20,2,2,7,13.265235000289977,6.967574008740485,19.56289599183947,0.0
1779968001,45,,Aggregated,12.714286,12.714286,10,12,14,16,25,34,38,39,1000,1000,1000,161,161,10,18.625009060195236,4.5868189772590995,1013.0715379491448,0.0
1779968002,50,GET,/,10.125000,10.125000,10,14,16,19,27,34,38,39,1000,1000,1000,141,141,10,20.283757651171893,4.5868189772590995,1013.0715379491448,0.0
1779968002,50,POST,/cart,1.250000,1.250000,11,17,19,23,31,38,38,38,38,38,38,14,14,11,16.0270099378457,7.204867084510624,38.010205957107246,0.0
1779968002,50,POST,/cart/checkout,0.875000,0.875000,10,10,11,11,12,18,18,18,18,18,18,11,11,10,10.116165091114288,4.779545008204877,17.691874061711133,0.0
1779968002,50,GET,/product/0PUK6V6EV0,0.250000,0.250000,8,11,11,12,12,12,12,12,12,12,12,5,5,8,8.660514000803232,4.838853958062828,11.657283059321344,0.0
1779968002,50,GET,/product/1YMWWN1N4O,0.250000,0.250000,7,7,13,13,13,13,13,13,13,13,13,4,4,7,8.344238711288199,6.826039985753596,12.616422958672047,0.0
1779968002,50,GET,/product/2ZYFJ3GM2N,0.000000,0.000000,7,7,7,7,7,7,7,7,7,7,7,2,2,6.880326895043254,6.732068490236998,6.583810085430741,6.880326895043254,0.0
1779968002,50,GET,/product/66VCHSJNUP,0.125000,0.125000,9,9,9,9,9,9,9,9,9,9,9,2,2,8.981260936707258,8.906133414711803,8.831005892716348,8.981260936707258,0.0
1779968002,50,GET,/product/6E92ZMYYFZ,0.375000,0.375000,10,12,12,15,15,15,15,15,15,15,15,5,5,10,10.257962811738253,7.245440036058426,14.623863971792161,0.0
1779968002,50,GET,/product/9SIQT8TOJO,0.375000,0.375000,6,6,6,6,6,6,6,6,6,6,6,3,3,6,6.2715510139241815,5.659198970533907,6.7136021098122,0.0
1779968002,50,GET,/product/L9ECAV7KIM,0.375000,0.375000,8,8,18,18,18,18,18,18,18,18,18,4,4,7,9.526254987576976,5.678939050994813,17.97950395848602,0.0
1779968002,50,GET,/product/LS4PSXUNUM,0.250000,0.250000,8,8,9,9,9,9,9,9,9,9,9,4,4,8,7.555178744951263,4.974031005986035,9.429877973161638,0.0
1779968002,50,GET,/product/OLJCESPC7Z,0.250000,0.250000,20,20,20,20,20,20,20,20,20,20,20,2,2,7,13.265235000289977,6.967574008740485,19.56289599183947,0.0
1779968002,50,,Aggregated,14.500000,14.500000,10,12,15,17,23,31,38,39,1000,1000,1000,197,197,10,17.607017180901305,4.5868189772590995,1013.0715379491448,0.0
1779968003,55,GET,/,11.444444,11.444444,10,12,15,17,25,33,38,39,1000,1000,1000,167,167,10,18.905156513001256,4.5868189772590995,1013.0715379491448,0.0
1779968003,55,POST,/cart,1.222222,1.222222,12,14,19,23,31,38,38,38,38,38,38,16,16,12,15.644521445210557,7.204867084510624,38.010205957107246,0.0
1779968003,55,POST,/cart/checkout,1.000000,1.000000,10,11,12,12,12,18,18,18,18,18,18,12,12,10,10.246084498551985,4.779545008204877,17.691874061711133,0.0
1779968003,55,GET,/product/0PUK6V6EV0,0.333333,0.333333,8,11,12,12,1100,1100,1100,1100,1100,1100,1100,8,8,8,142.46051062946208,4.838853958062828,1082.3089909972623,0.0
1779968003,55,GET,/product/1YMWWN1N4O,0.333333,0.333333,7,7,13,13,13,13,13,13,13,13,13,4,4,7,8.344238711288199,6.826039985753596,12.616422958672047,0.0
1779968003,55,GET,/product/2ZYFJ3GM2N,0.111111,0.111111,7,7,7,7,7,7,7,7,7,7,7,2,2,6.880326895043254,6.732068490236998,6.583810085430741,6.880326895043254,0.0
1779968003,55,GET,/product/66VCHSJNUP,0.111111,0.111111,9,9,9,9,9,9,9,9,9,9,9,2,2,8.981260936707258,8.906133414711803,8.831005892716348,8.981260936707258,0.0
1779968003,55,GET,/product/6E92ZMYYFZ,0.333333,0.333333,10,12,12,15,15,15,15,15,15,15,15,5,5,10,10.257962811738253,7.245440036058426,14.623863971792161,0.0
1779968003,55,GET,/product/9SIQT8TOJO,0.333333,0.333333,7,7,7,7,7,7,7,7,7,7,7,4,4,6,6.367264984874055,5.659198970533907,6.7136021098122,0.0
1779968003,55,GET,/product/L9ECAV7KIM,0.444444,0.444444,8,10,10,18,18,18,18,18,18,18,18,5,5,8,9.533688798546791,5.678939050994813,17.97950395848602,0.0
1779968003,55,GET,/product/LS4PSXUNUM,0.333333,0.333333,9,9,10,10,10,10,10,10,10,10,10,5,5,8,8.020967803895473,4.974031005986035,9.884124039672315,0.0
1779968003,55,GET,/product/OLJCESPC7Z,0.222222,0.222222,20,20,20,20,20,20,20,20,20,20,20,2,2,7,13.265235000289977,6.967574008740485,19.56289599183947,0.0
1779968003,55,,Aggregated,16.222222,16.222222,10,12,14,16,21,31,38,39,1100,1100,1100,232,232,10,21.23201105809883,4.5868189772590995,1082.3089909972623,0.0
1779968004,60,GET,/,12.200000,12.200000,10,12,15,16,25,31,38,39,1000,1000,1000,192,192,10,17.850316041100694,4.5868189772590995,1013.0715379491448,0.0
1779968004,60,POST,/cart,1.300000,1.300000,12,14,19,19,31,38,38,38,38,38,38,18,18,12,15.6420358366126,7.204867084510624,38.010205957107246,0.0
1779968004,60,POST,/cart/checkout,1.000000,1.000000,11,12,12,14,16,18,18,18,18,18,18,15,15,10,10.960747324861586,4.779545008204877,17.691874061711133,0.0
1779968004,60,GET,/product/0PUK6V6EV0,0.400000,0.400000,8,11,12,18,1100,1100,1100,1100,1100,1100,1100,9,9,8,128.6781566709073,4.838853958062828,1082.3089909972623,0.0
1779968004,60,GET,/product/1YMWWN1N4O,0.300000,0.300000,7,9,9,13,13,13,13,13,13,13,13,5,5,7,8.525264565832913,6.826039985753596,12.616422958672047,0.0
1779968004,60,GET,/product/2ZYFJ3GM2N,0.200000,0.200000,10,10,12,12,12,12,12,12,12,12,12,4,4,7,8.862459508236498,6.583810085430741,11.704414035193622,0.0
1779968004,60,GET,/product/66VCHSJNUP,0.100000,0.100000,9,9,12,12,12,12,12,12,12,12,12,4,4,9,9.296630480093881,7.648605038411915,11.725650052540004,0.0
1779968004,60,GET,/product/6E92ZMYYFZ,0.400000,0.400000,10,12,12,15,15,15,15,15,15,15,15,5,5,10,10.257962811738253,7.245440036058426,14.623863971792161,0.0
1779968004,60,GET,/product/9SIQT8TOJO,0.300000,0.300000,7,7,7,7,7,7,7,7,7,7,7,4,4,6,6.367264984874055,5.659198970533907,6.7136021098122,0.0
1779968004,60,GET,/product/L9ECAV7KIM,0.400000,0.400000,8,10,10,18,18,18,18,18,18,18,18,5,5,8,9.533688798546791,5.678939050994813,17.97950395848602,0.0
1779968004,60,GET,/product/LS4PSXUNUM,0.300000,0.300000,9,9,10,10,10,10,10,10,10,10,10,5,5,8,8.020967803895473,4.974031005986035,9.884124039672315,0.0
1779968004,60,GET,/product/OLJCESPC7Z,0.200000,0.200000,20,20,20,20,20,20,20,20,20,20,20,2,2,7,13.265235000289977,6.967574008740485,19.56289599183947,0.0
1779968004,60,,Aggregated,17.100000,17.100000,10,12,14,15,21,30,38,39,1100,1100,1100,268,268,10,19.91663154721983,4.5868189772590995,1082.3089909972623,0.0
1779968005,65,GET,/,14.700000,14.700000,10,12,14,15,20,28,37,38,1000,1000,1000,218,218,10,17.11546859988054,4.51801298186183,1013.0715379491448,0.0
1779968005,65,POST,/cart,1.400000,1.400000,13,14,19,22,38,40,40,40,40,40,40,21,21,13,16.22761696177934,6.628600065596402,39.87601399421692,0.0
1779968005,65,POST,/cart/checkout,1.000000,1.000000,11,12,14,15,16,18,18,18,18,18,18,18,18,10,10.849450721353707,4.779545008204877,17.691874061711133,0.0
1779968005,65,GET,/product/0PUK6V6EV0,0.600000,0.600000,11,12,15,18,1100,1100,1100,1100,1100,1100,1100,10,10,8,117.29871300049126,4.838853958062828,1082.3089909972623,0.0
1779968005,65,GET,/product/1YMWWN1N4O,0.400000,0.400000,7,9,9,13,13,13,13,13,13,13,13,5,5,7,8.525264565832913,6.826039985753596,12.616422958672047,0.0
1779968005,65,GET,/product/2ZYFJ3GM2N,0.200000,0.200000,10,10,12,12,12,12,12,12,12,12,12,4,4,7,8.862459508236498,6.583810085430741,11.704414035193622,0.0
1779968005,65,GET,/product/66VCHSJNUP,0.200000,0.200000,9,9,12,12,12,12,12,12,12,12,12,4,4,9,9.296630480093881,7.648605038411915,11.725650052540004,0.0
1779968005,65,GET,/product/6E92ZMYYFZ,0.500000,0.500000,8,10,12,12,15,15,15,15,15,15,15,7,7,8,9.272739590544786,5.993935978040099,14.623863971792161,0.0
1779968005,65,GET,/product/9SIQT8TOJO,0.400000,0.400000,7,7,7,7,7,7,7,7,7,7,7,4,4,6,6.367264984874055,5.659198970533907,6.7136021098122,0.0
1779968005,65,GET,/product/L9ECAV7KIM,0.400000,0.400000,8,8,10,10,18,18,18,18,18,18,18,6,6,7,8.788911994391432,5.065027973614633,17.97950395848602,0.0
1779968005,65,GET,/product/LS4PSXUNUM,0.500000,0.500000,9,9,10,10,10,10,10,10,10,10,10,5,5,8,8.020967803895473,4.974031005986035,9.884124039672315,0.0
1779968005,65,GET,/product/OLJCESPC7Z,0.200000,0.200000,7,7,20,20,20,20,20,20,20,20,20,3,3,7,11.073119977178672,6.688889930956066,19.56289599183947,0.0
1779968005,65,,Aggregated,20.500000,20.500000,10,12,14,15,19,28,38,40,1100,1100,1100,305,305,10,18.924353917159873,4.51801298186183,1082.3089909972623,0.0
1779968006,70,GET,/,16.600000,16.600000,10,12,14,15,20,26,34,37,1000,1000,1000,252,252,10,16.26196216943393,4.2435090290382504,1013.0715379491448,0.0
1779968006,70,POST,/cart,1.500000,1.500000,13,17,19,20,27,40,1000,1000,1000,1000,1000,28,28,14,53.21173932835726,6.628600065596402,1049.3516599526629,0.0
1779968006,70,POST,/cart/checkout,1.200000,1.200000,10,12,12,14,16,18,18,18,18,18,18,21,21,10,10.477572291468581,4.779545008204877,17.691874061711133,0.0
1779968006,70,GET,/product/0PUK6V6EV0,0.800000,0.800000,8,12,15,15,18,1100,1100,1100,1100,1100,1100,11,11,8,107.0250749101185,4.28869400639087,1082.3089909972623,0.0
1779968006,70,GET,/product/1YMWWN1N4O,0.400000,0.400000,9,9,10,10,13,13,13,13,13,13,13,6,6,7,8.701007134125879,6.826039985753596,12.616422958672047,0.0
1779968006,70,GET,/product/2ZYFJ3GM2N,0.200000,0.200000,10,10,12,12,12,12,12,12,12,12,12,5,5,10,9.17073639575392,6.583810085430741,11.704414035193622,0.0
1779968006,70,GET,/product/66VCHSJNUP,0.300000,0.300000,9,9,12,12,12,12,12,12,12,12,12,4,4,9,9.296630480093881,7.648605038411915,11.725650052540004,0.0
1779968006,70,GET,/product/6E92ZMYYFZ,0.500000,0.500000,8,10,10,12,15,15,15,15,15,15,15,9,9,8,9.209362686508232,5.993935978040099,14.623863971792161,0.0
1779968006,70,GET,/product/9SIQT8TOJO,0.400000,0.400000,7,7,7,7,7,7,7,7,7,7,7,4,4,6,6.367264984874055,5.659198970533907,6.7136021098122,0.0
1779968006,70,GET,/product/L9ECAV7KIM,0.500000,0.500000,8,8,10,10,18,18,18,18,18,18,18,6,6,7,8.788911994391432,5.065027973614633,17.97950395848602,0.0
1779968006,70,GET,/product/LS4PSXUNUM,0.500000,0.500000,9,9,10,10,10,10,10,10,10,10,10,5,5,8,8.020967803895473,4.974031005986035,9.884124039672315,0.0
1779968006,70,GET,/product/OLJCESPC7Z,0.200000,0.200000,7,7,9,9,9,9,9,9,9,9,9,4,4,7,10.523187724174932,6.688889930956066,19.56289599183947,0.0
1779968006,70,,Aggregated,23.100000,23.100000,10,12,14,15,19,25,37,40,1100,1100,1100,355,355,10,20.7430384302197,4.2435090290382504,1082.3089909972623,0.0
1779968007,75,GET,/,18.500000,18.500000,10,12,14,15,20,25,29,37,1000,1000,1000,277,277,10,15.909337557579931,4.2435090290382504,1013.0715379491448,0.0
1779968007,75,POST,/cart,1.800000,1.800000,13,15,17,18,27,40,1000,1000,1000,1000,1000,35,35,14,45.138185035570395,6.628600065596402,1049.3516599526629,0.0
1779968007,75,POST,/cart/checkout,1.300000,1.300000,10,11,12,12,15,16,18,18,18,18,18,26,26,10,9.985911883771992,4.779545008204877,17.691874061711133,0.0
1779968007,75,GET,/product/0PUK6V6EV0,0.900000,0.900000,11,12,15,15,18,1100,1100,1100,1100,1100,1100,12,12,8,99.24851092121874,4.28869400639087,1082.3089909972623,0.0
1779968007,75,GET,/product/1YMWWN1N4O,0.500000,0.500000,9,9,10,10,13,13,13,13,13,13,13,6,6,7,8.701007134125879,6.826039985753596,12.616422958672047,0.0
1779968007,75,GET,/product/2ZYFJ3GM2N,0.400000,0.400000,10,10,12,12,12,12,12,12,12,12,12,5,5,10,9.17073639575392,6.583810085430741,11.704414035193622,0.0
1779968007,75,GET,/product/66VCHSJNUP,0.400000,0.400000,9,9,12,12,12,12,12,12,12,12,12,4,4,9,9.296630480093881,7.648605038411915,11.725650052540004,0.0
1779968007,75,GET,/product/6E92ZMYYFZ,0.500000,0.500000,8,10,10,10,15,15,15,15,15,15,15,9,9,8,9.209362686508232,5.993935978040099,14.623863971792161,0.0
1779968007,75,GET,/product/9SIQT8TOJO,0.400000,0.400000,7,7,7,7,7,7,7,7,7,7,7,4,4,6,6.367264984874055,5.659198970533907,6.7136021098122,0.0
1779968007,75,GET,/product/L9ECAV7KIM,0.600000,0.600000,8,8,10,10,18,18,18,18,18,18,18,6,6,7,8.788911994391432,5.065027973614633,17.97950395848602,0.0
1779968007,75,GET,/product/LS4PSXUNUM,0.500000,0.500000,9,9,10,10,10,10,10,10,10,10,10,5,5,8,8.020967803895473,4.974031005986035,9.884124039672315,0.0
1779968007,75,GET,/product/OLJCESPC7Z,0.300000,0.300000,9,9,12,12,12,12,12,12,12,12,12,5,5,9,10.799886379390955,6.688889930956066,19.56289599183947,0.0
1779968007,75,,Aggregated,26.100000,26.100000,10,12,14,15,19,25,30,40,1100,1100,1100,394,394,10,19.867452115309778,4.2435090290382504,1082.3089909972623,0.0
1779968008,80,GET,/,20.500000,20.500000,10,12,14,15,20,25,29,37,1000,1000,1000,314,314,10,15.629990988449567,4.2435090290382504,1013.0715379491448,0.0
1779968008,80,POST,/cart,2.100000,2.100000,13,15,17,17,22,40,1000,1000,1000,1000,1000,38,38,14,42.42146445291215,6.628600065596402,1049.3516599526629,0.0
1779968008,80,POST,/cart/checkout,1.400000,1.400000,10,11,12,14,16,18,24,24,24,24,24,29,29,10,10.30616544524272,4.779545008204877,23.957488010637462,0.0
1779968008,80,GET,/product/0PUK6V6EV0,1.100000,1.100000,11,12,15,15,18,1100,1100,1100,1100,1100,1100,13,13,8,92.20675069194,4.28869400639087,1082.3089909972623,0.0
1779968008,80,GET,/product/1YMWWN1N4O,0.500000,0.500000,9,9,10,10,13,13,13,13,13,13,13,7,7,7,8.355069972042527,6.279446999542415,12.616422958672047,0.0
1779968008,80,GET,/product/2ZYFJ3GM2N,0.500000,0.500000,10,10,12,12,12,12,12,12,12,12,12,5,5,10,9.17073639575392,6.583810085430741,11.704414035193622,0.0
1779968008,80,GET,/product/66VCHSJNUP,0.400000,0.400000,9,9,12,12,1000,1000,1000,1000,1000,1000,1000,6,6,9,181.2406598085848,7.648605038411915,1041.2659239955246,0.0
1779968008,80,GET,/product/6E92ZMYYFZ,0.800000,0.800000,8,9,10,10,15,15,15,15,15,15,15,10,10,8,9.200297424104065,5.993935978040099,14.623863971792161,0.0
1779968008,80,GET,/product/9SIQT8TOJO,0.400000,0.400000,7,7,7,7,7,7,7,7,7,7,7,4,4,6,6.367264984874055,5.659198970533907,6.7136021098122,0.0
1779968008,80,GET,/product/L9ECAV7KIM,0.600000,0.600000,10,10,18,18,20,20,20,20,20,20,20,7,7,8,10.374166420660913,5.065027973614633,19.885692978277802,0.0
1779968008,80,GET,/product/LS4PSXUNUM,0.500000,0.500000,9,9,9,10,10,10,10,10,10,10,10,6,6,8,8.15043233645459,4.974031005986035,9.884124039672315,0.0
1779968008,80,GET,/product/OLJCESPC7Z,0.200000,0.200000,9,9,12,12,12,12,12,12,12,12,12,5,5,9,10.799886379390955,6.688889930956066,19.56289599183947,0.0
1779968008,80,,Aggregated,29.000000,29.000000,10,12,14,15,19,25,31,1000,1100,1100,1100,444,444,10,21.40129669406871,4.2435090290382504,1082.3089909972623,0.0
1779968009,85,GET,/,22.500000,22.500000,10,12,14,15,20,25,29,37,61,61,61,350,350,10,15.290051683051777,4.2435090290382504,1013.0715379491448,0.0
1779968009,85,POST,/cart,2.500000,2.500000,12,14,16,17,22,40,1000,1000,1000,1000,1000,44,44,12,37.95412157143635,4.141908953897655,1049.3516599526629,0.0
1779968009,85,POST,/cart/checkout,1.800000,1.800000,9,10,12,12,15,16,24,24,24,24,24,29,29,10,10.30616544524272,4.779545008204877,23.957488010637462,0.0
1779968009,85,GET,/product/0PUK6V6EV0,1.000000,1.000000,8,14,15,15,18,1100,1100,1100,1100,1100,1100,13,13,8,92.20675069194,4.28869400639087,1082.3089909972623,0.0
1779968009,85,GET,/product/1YMWWN1N4O,0.500000,0.500000,7,9,9,10,10,10,10,10,10,10,10,7,7,7,8.355069972042527,6.279446999542415,12.616422958672047,0.0
1779968009,85,GET,/product/2ZYFJ3GM2N,0.500000,0.500000,10,10,10,10,12,12,12,12,12,12,12,7,7,9,8.420710135916513,4.207897931337357,11.704414035193622,0.0
1779968009,85,GET,/product/66VCHSJNUP,0.400000,0.400000,10,12,14,14,1000,1000,1000,1000,1000,1000,1000,8,8,9,138.95129185402766,7.648605038411915,1041.2659239955246,0.0
1779968009,85,GET,/product/6E92ZMYYFZ,0.800000,0.800000,8,9,10,10,15,15,15,15,15,15,15,10,10,8,9.200297424104065,5.993935978040099,14.623863971792161,0.0
1779968009,85,GET,/product/9SIQT8TOJO,0.200000,0.200000,7,7,7,7,7,7,7,7,7,7,7,4,4,6,6.367264984874055,5.659198970533907,6.7136021098122,0.0
1779968009,85,GET,/product/L9ECAV7KIM,0.600000,0.600000,10,10,20,20,20,20,20,20,20,20,20,7,7,8,10.374166420660913,5.065027973614633,19.885692978277802,0.0
1779968009,85,GET,/product/LS4PSXUNUM,0.500000,0.500000,9,9,10,10,10,10,10,10,10,10,10,6,6,8,8.15043233645459,4.974031005986035,9.884124039672315,0.0
1779968009,85,GET,/product/OLJCESPC7Z,0.400000,0.400000,9,9,12,12,12,12,12,12,12,12,12,5,5,9,10.799886379390955,6.688889930956066,19.56289599183947,0.0
1779968009,85,,Aggregated,31.700000,31.700000,10,12,14,15,19,25,31,61,1100,1100,1100,490,490,10,20.492040848464,4.141908953897655,1082.3089909972623,0.0
1779968010,90,GET,/,23.700000,23.700000,10,12,14,15,20,25,29,37,61,61,61,386,386,10,14.705074352689975,3.944471012800932,1013.0715379491448,0.0
1779968010,90,POST,/cart,3.000000,3.000000,12,14,15,16,20,27,1000,1000,1000,1000,1000,53,53,12,33.091860496052455,4.141908953897655,1049.3516599526629,0.0
1779968010,90,POST,/cart/checkout,2.300000,2.300000,9,10,12,12,15,16,24,24,24,24,24,30,30,10,10.149575963926813,4.779545008204877,23.957488010637462,0.0
1779968010,90,GET,/product/0PUK6V6EV0,1.200000,1.200000,11,14,15,18,1100,1100,1100,1100,1100,1100,1100,13,13,8,92.20675069194,4.28869400639087,1082.3089909972623,0.0
1779968010,90,GET,/product/1YMWWN1N4O,0.500000,0.500000,7,9,9,10,10,10,10,10,10,10,10,7,7,7,8.355069972042527,6.279446999542415,12.616422958672047,0.0
1779968010,90,GET,/product/2ZYFJ3GM2N,0.500000,0.500000,10,10,12,12,13,13,13,13,13,13,13,8,8,9,8.978251615189947,4.207897931337357,12.881041970103979,0.0
1779968010,90,GET,/product/66VCHSJNUP,0.400000,0.400000,10,12,14,14,1000,1000,1000,1000,1000,1000,1000,8,8,9,138.95129185402766,7.648605038411915,1041.2659239955246,0.0
1779968010,90,GET,/product/6E92ZMYYFZ,0.800000,0.800000,8,9,10,14,15,15,15,15,15,15,15,12,12,8,9.387017353825891,5.993935978040099,14.623863971792161,0.0
1779968010,90,GET,/product/9SIQT8TOJO,0.100000,0.100000,7,7,7,7,7,7,7,7,7,7,7,4,4,6,6.367264984874055,5.659198970533907,6.7136021098122,0.0
1779968010,90,GET,/product/L9ECAV7KIM,0.500000,0.500000,10,10,20,20,20,20,20,20,20,20,20,7,7,8,10.374166420660913,5.065027973614633,19.885692978277802,0.0
1779968010,90,GET,/product/LS4PSXUNUM,0.400000,0.400000,8,9,9,10,10,10,10,10,10,10,10,7,7,8,7.797176999572132,4.974031005986035,9.884124039672315,0.0
1779968010,90,GET,/product/OLJCESPC7Z,0.300000,0.300000,9,9,12,12,12,12,12,12,12,12,12,5,5,9,10.799886379390955,6.688889930956066,19.56289599183947,0.0
1779968010,90,,Aggregated,33.700000,33.700000,10,12,14,15,19,25,31,61,1100,1100,1100,540,540,10,19.434141270229937,3.944471012800932,1082.3089909972623,0.0
1779968011,95,GET,/,25.900000,25.900000,10,12,14,15,21,26,61,1100,1100,1100,1100,433,433,10,29.173844577540272,3.944471012800932,1109.7564699593931,0.0
1779968011,95,POST,/cart,3.400000,3.400000,11,14,15,16,20,27,1000,1000,1000,1000,1000,56,56,11,31.85043039723366,4.141908953897655,1049.3516599526629,0.0
1779968011,95,POST,/cart/checkout,2.400000,2.400000,9,11,12,14,16,24,1100,1100,1100,1100,1100,32,32,10,44.10926984564867,4.779545008204877,1100.5765120498836,0.0
1779968011,95,GET,/product/0PUK6V6EV0,1.200000,1.200000,11,14,15,18,1100,1100,1100,1100,1100,1100,1100,13,13,8,92.20675069194,4.28869400639087,1082.3089909972623,0.0
1779968011,95,GET,/product/1YMWWN1N4O,0.600000,0.600000,9,10,10,13,13,13,13,13,13,13,13,8,8,7,8.915452723158523,6.279446999542415,12.838131980970502,0.0
1779968011,95,GET,/product/2ZYFJ3GM2N,0.700000,0.700000,10,10,12,12,13,13,13,13,13,13,13,9,9,9,9.002789557497534,4.207897931337357,12.881041970103979,0.0
1779968011,95,GET,/product/66VCHSJNUP,0.600000,0.600000,10,12,14,14,1000,1000,1000,1000,1000,1000,1000,8,8,9,138.95129185402766,7.648605038411915,1041.2659239955246,0.0
1779968011,95,GET,/product/6E92ZMYYFZ,0.700000,0.700000,9,10,14,14,15,15,15,15,15,15,15,12,12,8,9.387017353825891,5.993935978040099,14.623863971792161,0.0
1779968011,95,GET,/product/9SIQT8TOJO,0.100000,0.100000,7,7,7,7,7,7,7,7,7,7,7,4,4,6,6.367264984874055,5.659198970533907,6.7136021098122,0.0
1779968011,95,GET,/product/L9ECAV7KIM,0.600000,0.600000,10,10,20,20,20,20,20,20,20,20,20,8,8,7,9.625410617445596,4.384119994938374,19.885692978277802,0.0
1779968011,95,GET,/product/LS4PSXUNUM,0.400000,0.400000,9,10,10,15,15,15,15,15,15,15,15,8,8,8,8.706360749783926,4.974031005986035,15.07064700126648,0.0
1779968011,95,GET,/product/OLJCESPC7Z,0.300000,0.300000,9,9,12,12,12,12,12,12,12,12,12,5,5,9,10.799886379390955,6.688889930956066,19.56289599183947,0.0
1779968011,95,,Aggregated,36.900000,36.900000,10,12,14,15,20,26,1000,1100,1100,1100,1100,596,596,10,31.256391161126118,3.944471012800932,1109.7564699593931,0.0
1779968012,100,GET,/,27.500000,27.500000,9,11,12,14,21,25,61,1100,1100,1100,1100,487,487,9,26.778222564168015,3.2361450139433146,1109.7564699593931,0.0
1779968012,100,POST,/cart,3.400000,3.400000,11,13,15,16,20,27,1000,1000,1000,1000,1000,59,59,11,30.61602256355523,4.141908953897655,1049.3516599526629,0.0
1779968012,100,POST,/cart/checkout,2.200000,2.200000,9,11,12,14,16,24,1100,1100,1100,1100,1100,33,33,10,43.1152221528023,4.779545008204877,1100.5765120498836,0.0
1779968012,100,GET,/product/0PUK6V6EV0,1.100000,1.100000,8,14,15,18,1100,1100,1100,1100,1100,1100,1100,15,15,8,80.7730559958145,4.28869400639087,1082.3089909972623,0.0
1779968012,100,GET,/product/1YMWWN1N4O,0.500000,0.500000,9,10,10,13,13,13,13,13,13,13,13,8,8,7,8.915452723158523,6.279446999542415,12.838131980970502,0.0
1779968012,100,GET,/product/2ZYFJ3GM2N,0.700000,0.700000,9,10,10,12,13,13,13,13,13,13,13,11,11,9,8.308241905813867,4.207897931337357,12.881041970103979,0.0
1779968012,100,GET,/product/66VCHSJNUP,0.700000,0.700000,9,10,12,14,1000,1000,1000,1000,1000,1000,1000,12,12,9,94.67431214094783,4.435352981090546,1041.2659239955246,0.0
1779968012,100,GET,/product/6E92ZMYYFZ,0.700000,0.700000,9,10,14,14,15,15,15,15,15,15,15,12,12,8,9.387017353825891,5.993935978040099,14.623863971792161,0.0
1779968012,100,GET,/product/9SIQT8TOJO,0.100000,0.100000,7,7,23,23,23,23,23,23,23,23,23,7,7,6,8.122968138195574,3.651228966191411,22.516531054861844,0.0
1779968012,100,GET,/product/L9ECAV7KIM,0.400000,0.400000,10,10,20,20,20,20,20,20,20,20,20,8,8,7,9.625410617445596,4.384119994938374,19.885692978277802,0.0
1779968012,100,GET,/product/LS4PSXUNUM,0.400000,0.400000,9,10,13,13,15,15,15,15,15,15,15,10,10,8,8.816626004409045,4.974031005986035,15.07064700126648,0.0
1779968012,100,GET,/product/OLJCESPC7Z,0.300000,0.300000,9,9,12,12,12,12,12,12,12,12,12,6,6,7,9.726714983116835,4.360858001746237,19.56289599183947,0.0
1779968012,100,,Aggregated,38.000000,38.000000,9,11,13,14,20,25,1000,1100,1100,1100,1100,668,668,9,28.702962184903452,3.2361450139433146,1109.7564699593931,0.0
1779968013,100,GET,/,29.800000,29.800000,9,10,12,13,19,25,37,1100,1100,1100,1100,527,527,9,25.260819525783088,3.2361450139433146,1109.7564699593931,0.0
1779968013,100,POST,/cart,4.200000,4.200000,10,13,15,15,20,27,1000,1000,1000,1000,1000,62,62,11,29.433325408101684,3.6649949615821242,1049.3516599526629,0.0
1779968013,100,POST,/cart/checkout,2.200000,2.200000,9,10,11,14,15,24,1100,1100,1100,1100,1100,38,38,10,38.49157846937152,3.6858569364994764,1100.5765120498836,0.0
1779968013,100,GET,/product/0PUK6V6EV0,1.000000,1.000000,8,14,15,15,18,18,18,18,18,18,18,15,15,8,80.7730559958145,4.28869400639087,1082.3089909972623,0.0
1779968013,100,GET,/product/1YMWWN1N4O,0.400000,0.400000,9,9,10,10,13,13,13,13,13,13,13,10,10,7,8.40160227380693,5.141892936080694,12.838131980970502,0.0
1779968013,100,GET,/product/2ZYFJ3GM2N,0.700000,0.700000,9,10,10,12,13,13,13,13,13,13,13,11,11,9,8.308241905813867,4.207897931337357,12.881041970103979,0.0
1779968013,100,GET,/product/66VCHSJNUP,0.700000,0.700000,8,9,10,14,1000,1000,1000,1000,1000,1000,1000,13,13,9,87.7044184330421,4.065693938173354,1041.2659239955246,0.0
1779968013,100,GET,/product/6E92ZMYYFZ,0.900000,0.900000,8,9,10,10,14,14,14,14,14,14,14,13,13,8,9.17297239916829,5.993935978040099,14.623863971792161,0.0
1779968013,100,GET,/product/9SIQT8TOJO,0.100000,0.100000,7,7,23,23,23,23,23,23,23,23,23,7,7,6,8.122968138195574,3.651228966191411,22.516531054861844,0.0
1779968013,100,GET,/product/L9ECAV7KIM,0.400000,0.400000,5,5,20,20,20,20,20,20,20,20,20,9,9,7,9.054032102641132,4.384119994938374,19.885692978277802,0.0
1779968013,100,GET,/product/LS4PSXUNUM,0.400000,0.400000,8,9,10,13,15,15,15,15,15,15,15,12,12,8,8.30576591154871,4.940687911584973,15.07064700126648,0.0
1779968013,100,GET,/product/OLJCESPC7Z,0.300000,0.300000,9,9,12,12,12,12,12,12,12,12,12,6,6,7,9.726714983116835,4.360858001746237,19.56289599183947,0.0
1779968013,100,,Aggregated,41.100000,41.100000,9,10,12,13,19,24,61,1100,1100,1100,1100,723,723,9,27.030128905134866,3.2361450139433146,1109.7564699593931,0.0
1779968014,100,GET,/,31.800000,31.800000,9,10,12,14,21,26,37,1100,1100,1100,1100,573,573,9,24.184534030992467,3.2361450139433146,1109.7564699593931,0.0
1779968014,100,POST,/cart,4.300000,4.300000,10,12,14,15,18,27,1000,1000,1000,1000,1000,67,67,10,27.776983481442638,3.6649949615821242,1049.3516599526629,0.0
1779968014,100,POST,/cart/checkout,2.200000,2.200000,9,11,14,14,24,24,1100,1100,1100,1100,1100,42,42,10,36.564873420589024,3.6858569364994764,1100.5765120498836,0.0
1779968014,100,GET,/product/0PUK6V6EV0,1.100000,1.100000,8,8,14,14,15,15,15,15,15,15,15,15,15,8,80.7730559958145,4.28869400639087,1082.3089909972623,0.0
1779968014,100,GET,/product/1YMWWN1N4O,0.500000,0.500000,9,9,10,10,13,13,13,13,13,13,13,10,10,7,8.40160227380693,5.141892936080694,12.838131980970502,0.0
1779968014,100,GET,/product/2ZYFJ3GM2N,0.700000,0.700000,9,9,10,10,13,13,13,13,13,13,13,11,11,9,8.308241905813867,4.207897931337357,12.881041970103979,0.0
1779968014,100,GET,/product/66VCHSJNUP,0.700000,0.700000,8,9,10,10,14,1000,1000,1000,1000,1000,1000,14,14,8,81.7851391205165,4.065693938173354,1041.2659239955246,0.0
1779968014,100,GET,/product/6E92ZMYYFZ,0.800000,0.800000,8,8,10,10,14,19,19,19,19,19,19,17,17,8,9.008802069515427,3.771628951653838,19.48889996856451,0.0
1779968014,100,GET,/product/9SIQT8TOJO,0.100000,0.100000,7,7,23,23,23,23,23,23,23,23,23,7,7,6,8.122968138195574,3.651228966191411,22.516531054861844,0.0
1779968014,100,GET,/product/L9ECAV7KIM,0.400000,0.400000,5,7,7,20,20,20,20,20,20,20,20,10,10,7,8.856487390585244,4.384119994938374,19.885692978277802,0.0
1779968014,100,GET,/product/LS4PSXUNUM,0.500000,0.500000,8,9,10,13,15,15,15,15,15,15,15,13,13,8,7.942943538252551,3.589075058698654,15.07064700126648,0.0
1779968014,100,GET,/product/OLJCESPC7Z,0.300000,0.300000,7,7,9,9,12,12,12,12,12,12,12,8,8,7,8.208918108721264,3.4081119811162353,19.56289599183947,0.0
1779968014,100,,Aggregated,43.400000,43.400000,9,10,12,14,20,25,40,1100,1100,1100,1100,787,787,9,25.73573055264115,3.2361450139433146,1109.7564699593931,0.0
1779968015,100,GET,/,34.300000,34.300000,9,10,12,14,21,26,50,1100,1100,1100,1100,612,612,9,23.5251641141409,3.2361450139433146,1109.7564699593931,0.0
1779968015,100,POST,/cart,4.500000,4.500000,10,12,14,14,16,27,1000,1000,1000,1000,1000,72,72,11,27.16760233549091,3.6649949615821242,1049.3516599526629,0.0
1779968015,100,POST,/cart/checkout,2.200000,2.200000,9,11,12,14,24,24,1100,1100,1100,1100,1100,44,44,10,35.3033981545278,3.6858569364994764,1100.5765120498836,0.0
1779968015,100,GET,/product/0PUK6V6EV0,0.900000,0.900000,8,8,14,14,15,15,15,15,15,15,15,17,17,8,72.14717264971969,4.28869400639087,1082.3089909972623,0.0
1779968015,100,GET,/product/1YMWWN1N4O,0.600000,0.600000,8,10,10,13,13,13,13,13,13,13,13,10,10,7,8.40160227380693,5.141892936080694,12.838131980970502,0.0
1779968015,100,GET,/product/2ZYFJ3GM2N,0.900000,0.900000,9,10,12,12,13,13,13,13,13,13,13,12,12,9,8.612120330023268,4.207897931337357,12.881041970103979,0.0
1779968015,100,GET,/product/66VCHSJNUP,1.000000,1.000000,8,8,10,10,14,1000,1000,1000,1000,1000,1000,15,15,8,76.65850051368277,4.065693938173354,1041.2659239955246,0.0
1779968015,100,GET,/product/6E92ZMYYFZ,0.700000,0.700000,8,8,10,10,14,19,19,19,19,19,19,17,17,8,9.008802069515427,3.771628951653838,19.48889996856451,0.0
1779968015,100,GET,/product/9SIQT8TOJO,0.300000,0.300000,7,7,8,8,23,23,23,23,23,23,23,9,9,6,7.7254296694364815,3.651228966191411,22.516531054861844,0.0
1779968015,100,GET,/product/L9ECAV7KIM,0.400000,0.400000,5,5,7,7,20,20,20,20,20,20,20,11,11,7,8.450800806961276,4.384119994938374,19.885692978277802,0.0
1779968015,100,GET,/product/LS4PSXUNUM,0.600000,0.600000,7,9,13,13,15,15,15,15,15,15,15,13,13,8,7.942943538252551,3.589075058698654,15.07064700126648,0.0
1779968015,100,GET,/product/OLJCESPC7Z,0.400000,0.400000,7,7,9,9,12,12,12,12,12,12,12,9,9,7,8.065048437048164,3.4081119811162353,19.56289599183947,0.0
1779968015,100,,Aggregated,46.800000,46.800000,9,10,12,14,21,26,50,1100,1100,1100,1100,841,841,9,24.925135846934133,3.2361450139433146,1109.7564699593931,0.0
1779968016,100,GET,/,36.100000,36.100000,9,11,13,15,23,31,50,1100,1100,1100,1100,656,656,9,22.907117127743266,3.2361450139433146,1109.7564699593931,0.0
1779968016,100,POST,/cart,4.700000,4.700000,10,12,14,14,16,20,33,33,33,33,33,77,77,11,26.23479879406801,3.6649949615821242,1049.3516599526629,0.0
1779968016,100,POST,/cart/checkout,2.500000,2.500000,10,12,14,23,24,24,1100,1100,1100,1100,1100,46,46,10,34.470176562140495,3.6858569364994764,1100.5765120498836,0.0
1779968016,100,GET,/product/0PUK6V6EV0,0.700000,0.700000,7,8,8,8,14,14,14,14,14,14,14,18,18,8,68.45355249889609,4.28869400639087,1082.3089909972623,0.0
1779968016,100,GET,/product/1YMWWN1N4O,0.600000,0.600000,10,10,11,11,13,13,13,13,13,13,13,11,11,8,8.598611160943454,5.141892936080694,12.838131980970502,0.0
1779968016,100,GET,/product/2ZYFJ3GM2N,0.900000,0.900000,9,9,12,13,13,13,13,13,13,13,13,14,14,9,8.780287279348288,4.207897931337357,12.881041970103979,0.0
1779968016,100,GET,/product/66VCHSJNUP,1.000000,1.000000,7,9,10,10,14,1000,1000,1000,1000,1000,1000,15,15,8,76.65850051368277,4.065693938173354,1041.2659239955246,0.0
1779968016,100,GET,/product/6E92ZMYYFZ,1.000000,1.000000,7,9,14,14,19,19,19,19,19,19,19,17,17,8,9.008802069515427,3.771628951653838,19.48889996856451,0.0
1779968016,100,GET,/product/9SIQT8TOJO,0.300000,0.300000,8,12,22,22,23,23,23,23,23,23,23,11,11,7,9.460160720416091,3.651228966191411,22.516531054861844,0.0
1779968016,100,GET,/product/L9ECAV7KIM,0.400000,0.400000,4,7,7,20,20,20,20,20,20,20,20,11,11,7,8.450800806961276,4.384119994938374,19.885692978277802,0.0
1779968016,100,GET,/product/LS4PSXUNUM,0.700000,0.700000,6,7,9,13,15,15,15,15,15,15,15,14,14,7,7.692216147136476,3.589075058698654,15.07064700126648,0.0
1779968016,100,GET,/product/OLJCESPC7Z,0.400000,0.400000,7,7,9,9,12,12,12,12,12,12,12,9,9,7,8.065048437048164,3.4081119811162353,19.56289599183947,0.0
1779968016,100,,Aggregated,49.300000,49.300000,9,11,13,14,21,28,45,1100,1100,1100,1100,899,899,9,24.20775676990452,3.2361450139433146,1109.7564699593931,0.0
1779968017,100,GET,/,37.900000,37.900000,8,10,12,14,20,30,45,1100,1100,1100,1100,701,701,9,21.990077961176453,3.2361450139433146,1109.7564699593931,0.0
1779968017,100,POST,/cart,4.700000,4.700000,10,11,12,13,16,20,33,33,33,33,33,82,82,11,25.351307772258977,3.6649949615821242,1049.3516599526629,0.0
1779968017,100,POST,/cart/checkout,2.700000,2.700000,10,14,18,23,24,1100,1100,1100,1100,1100,1100,47,47,10,34.118723017758036,3.6858569364994764,1100.5765120498836,0.0
1779968017,100,GET,/product/0PUK6V6EV0,0.700000,0.700000,7,8,8,8,14,14,14,14,14,14,14,19,19,8,65.16386104723145,4.28869400639087,1082.3089909972623,0.0
1779968017,100,GET,/product/1YMWWN1N4O,0.500000,0.500000,8,10,11,11,13,13,13,13,13,13,13,14,14,7,8.136286774450648,4.473655018955469,12.838131980970502,0.0
1779968017,100,GET,/product/2ZYFJ3GM2N,0.700000,0.700000,9,9,12,12,13,13,13,13,13,13,13,16,16,9,8.554317057132721,4.207897931337357,12.881041970103979,0.0
1779968017,100,GET,/product/66VCHSJNUP,1.000000,1.000000,8,9,10,10,14,1000,1000,1000,1000,1000,1000,16,16,8,72.45874098589411,4.065693938173354,1041.2659239955246,0.0
1779968017,100,GET,/product/6E92ZMYYFZ,1.200000,1.200000,7,9,14,14,19,19,19,19,19,19,19,17,17,8,9.008802069515427,3.771628951653838,19.48889996856451,0.0
1779968017,100,GET,/product/9SIQT8TOJO,0.300000,0.300000,8,12,22,22,23,23,23,23,23,23,23,11,11,7,9.460160720416091,3.651228966191411,22.516531054861844,0.0
1779968017,100,GET,/product/L9ECAV7KIM,0.400000,0.400000,4,7,7,20,20,20,20,20,20,20,20,11,11,7,8.450800806961276,4.384119994938374,19.885692978277802,0.0
1779968017,100,GET,/product/LS4PSXUNUM,0.800000,0.800000,6,7,9,13,15,15,15,15,15,15,15,14,14,7,7.692216147136476,3.589075058698654,15.07064700126648,0.0
1779968017,100,GET,/product/OLJCESPC7Z,0.600000,0.600000,6,7,9,9,12,12,12,12,12,12,12,10,10,7,7.90277449414134,3.4081119811162353,19.56289599183947,0.0
1779968017,100,,Aggregated,51.500000,51.500000,8,10,12,14,20,26,45,1100,1100,1100,1100,958,958,9,23.259447971145022,3.2361450139433146,1109.7564699593931,0.0
1779968018,100,GET,/,39.300000,39.300000,9,11,13,15,21,28,39,1100,1100,1100,1100,736,736,9,21.58551314183253,3.2361450139433146,1109.7564699593931,0.0
1779968018,100,POST,/cart,5.000000,5.000000,10,12,13,15,23,26,33,33,33,33,33,91,91,11,24.32696219114075,3.6649949615821242,1049.3516599526629,0.0
1779968018,100,POST,/cart/checkout,2.600000,2.600000,11,14,18,19,23,24,1100,1100,1100,1100,1100,50,50,10,32.91604385478422,3.6858569364994764,1100.5765120498836,0.0
1779968018,100,GET,/product/0PUK6V6EV0,0.700000,0.700000,7,8,8,8,14,14,14,14,14,14,14,19,19,8,65.16386104723145,4.28869400639087,1082.3089909972623,0.0
1779968018,100,GET,/product/1YMWWN1N4O,0.500000,0.500000,8,10,11,11,13,13,13,13,13,13,13,14,14,7,8.136286774450648,4.473655018955469,12.838131980970502,0.0
1779968018,100,GET,/product/2ZYFJ3GM2N,0.700000,0.700000,9,9,12,12,13,13,13,13,13,13,13,16,16,9,8.554317057132721,4.207897931337357,12.881041970103979,0.0
1779968018,100,GET,/product/66VCHSJNUP,1.100000,1.100000,7,8,9,10,14,14,14,14,14,14,14,16,16,8,72.45874098589411,4.065693938173354,1041.2659239955246,0.0
1779968018,100,GET,/product/6E92ZMYYFZ,0.800000,0.800000,7,9,10,14,19,19,19,19,19,19,19,18,18,8,9.045954845431778,3.771628951653838,19.48889996856451,0.0
1779968018,100,GET,/product/9SIQT8TOJO,0.600000,0.600000,8,12,22,22,23,23,23,23,23,23,23,12,12,6,9.086288657272235,3.651228966191411,22.516531054861844,0.0
1779968018,100,GET,/product/L9ECAV7KIM,0.500000,0.500000,4,7,7,20,20,20,20,20,20,20,20,11,11,7,8.450800806961276,4.384119994938374,19.885692978277802,0.0
1779968018,100,GET,/product/LS4PSXUNUM,0.800000,0.800000,7,9,11,11,13,15,15,15,15,15,15,17,17,8,7.975995944648543,3.589075058698654,15.07064700126648,0.0
1779968018,100,GET,/product/OLJCESPC7Z,0.600000,0.600000,7,9,12,12,17,17,17,17,17,17,17,11,11,7,8.774956624785608,3.4081119811162353,19.56289599183947,0.0
1779968018,100,,Aggregated,53.200000,53.200000,9,11,13,14,20,26,38,1100,1100,1100,1100,1011,1011,9,22.741505085918075,3.2361450139433146,1109.7564699593931,0.0
1779968019,100,GET,/,40.100000,40.100000,9,11,13,15,21,26,39,1100,1100,1100,1100,783,783,9,20.96784628774866,3.2361450139433146,1109.7564699593931,0.0
1779968019,100,POST,/cart,4.800000,4.800000,10,12,13,14,20,26,27,33,33,33,33,96,96,11,23.490030493121594,3.6649949615821242,1049.3516599526629,0.0
1779968019,100,POST,/cart/checkout,2.300000,2.300000,11,14,18,19,23,24,1100,1100,1100,1100,1100,50,50,10,32.91604385478422,3.6858569364994764,1100.5765120498836,0.0
1779968019,100,GET,/product/0PUK6V6EV0,0.700000,0.700000,7,7,7,7,8,8,8,8,8,8,8,19,19,8,65.16386104723145,4.28869400639087,1082.3089909972623,0.0
1779968019,100,GET,/product/1YMWWN1N4O,0.500000,0.500000,10,11,12,12,13,13,13,13,13,13,13,15,15,8,8.411267857688168,4.473655018955469,12.838131980970502,0.0
1779968019,100,GET,/product/2ZYFJ3GM2N,0.900000,0.900000,9,9,12,13,13,13,13,13,13,13,13,16,16,9,8.554317057132721,4.207897931337357,12.881041970103979,0.0
1779968019,100,GET,/product/66VCHSJNUP,1.200000,1.200000,7,9,10,10,11,14,14,14,14,14,14,17,17,9,68.82153198752991,4.065693938173354,1041.2659239955246,0.0
1779968019,100,GET,/product/6E92ZMYYFZ,0.800000,0.800000,7,7,10,10,14,19,19,19,19,19,19,22,22,8,8.772395551204681,3.771628951653838,19.48889996856451,0.0
1779968019,100,GET,/product/9SIQT8TOJO,0.700000,0.700000,8,12,22,22,23,23,23,23,23,23,23,12,12,6,9.086288657272235,3.651228966191411,22.516531054861844,0.0
1779968019,100,GET,/product/L9ECAV7KIM,0.500000,0.500000,4,7,7,9,9,9,9,9,9,9,9,12,12,7,8.524612329589823,4.384119994938374,19.885692978277802,0.0
1779968019,100,GET,/product/LS4PSXUNUM,0.900000,0.900000,7,7,11,11,13,15,15,15,15,15,15,18,18,7,7.912236505136308,3.589075058698654,15.07064700126648,0.0
1779968019,100,GET,/product/OLJCESPC7Z,0.400000,0.400000,6,7,9,9,17,17,17,17,17,17,17,12,12,7,8.777398325037211,3.4081119811162353,19.56289599183947,0.0
1779968019,100,,Aggregated,53.800000,53.800000,9,11,13,14,20,25,38,1100,1100,1100,1100,1072,1072,9,22.05397276941482,3.2361450139433146,1109.7564699593931,0.0
1779968020,100,GET,/,41.500000,41.500000,9,11,13,14,19,24,32,38,50,50,50,830,830,9,20.296777730824495,3.2361450139433146,1109.7564699593931,0.0
1779968020,100,POST,/cart,4.600000,4.600000,10,12,13,14,23,26,33,33,33,33,33,99,99,11,22.976567276113787,3.6649949615821242,1049.3516599526629,0.0
1779968020,100,POST,/cart/checkout,2.000000,2.000000,10,13,14,18,23,23,24,24,24,24,24,52,52,10,31.969652343272735,3.6858569364994764,1100.5765120498836,0.0
1779968020,100,GET,/product/0PUK6V6EV0,0.600000,0.600000,7,7,7,7,8,8,8,8,8,8,8,19,19,8,65.16386104723145,4.28869400639087,1082.3089909972623,0.0
1779968020,100,GET,/product/1YMWWN1N4O,0.800000,0.800000,10,11,12,12,13,13,13,13,13,13,13,15,15,8,8.411267857688168,4.473655018955469,12.838131980970502,0.0
1779968020,100,GET,/product/2ZYFJ3GM2N,1.100000,1.100000,9,9,12,12,13,13,13,13,13,13,13,16,16,9,8.554317057132721,4.207897931337357,12.881041970103979,0.0
1779968020,100,GET,/product/66VCHSJNUP,1.200000,1.200000,5,7,8,8,9,11,11,11,11,11,11,20,20,8,59.405953937675804,4.065693938173354,1041.2659239955246,0.0
1779968020,100,GET,/product/6E92ZMYYFZ,0.900000,0.900000,7,7,10,10,14,19,19,19,19,19,19,22,22,8,8.772395551204681,3.771628951653838,19.48889996856451,0.0
1779968020,100,GET,/product/9SIQT8TOJO,0.700000,0.700000,8,12,22,22,23,23,23,23,23,23,23,12,12,6,9.086288657272235,3.651228966191411,22.516531054861844,0.0
1779968020,100,GET,/product/L9ECAV7KIM,0.500000,0.500000,7,7,8,8,9,9,9,9,9,9,9,13,13,7,8.448697456445258,4.384119994938374,19.885692978277802,0.0
1779968020,100,GET,/product/LS4PSXUNUM,0.900000,0.900000,7,8,10,11,13,15,15,15,15,15,15,22,22,7,7.870881008619273,3.589075058698654,15.07064700126648,0.0
1779968020,100,GET,/product/OLJCESPC7Z,0.500000,0.500000,6,7,9,9,17,17,17,17,17,17,17,13,13,7,8.455093376911604,3.4081119811162353,19.56289599183947,0.0
1779968020,100,,Aggregated,55.300000,55.300000,8,10,12,13,19,23,31,35,50,50,50,1133,1133,9,21.330657508594147,3.2361450139433146,1109.7564699593931,0.0
1779968021,100,GET,/,42.300000,42.300000,9,11,13,15,21,26,35,39,50,50,50,869,869,9,20.082563594689912,3.2361450139433146,1109.7564699593931,0.0
1779968021,100,POST,/cart,5.000000,5.000000,10,13,14,18,24,27,43,43,43,43,43,103,103,11,22.978284479869366,3.6649949615821242,1049.3516599526629,0.0
1779968021,100,POST,/cart/checkout,2.100000,2.100000,10,14,14,19,23,23,24,24,24,24,24,57,57,10,30.063575350172947,3.6858569364994764,1100.5765120498836,0.0
1779968021,100,GET,/product/0PUK6V6EV0,0.600000,0.600000,7,7,7,7,8,8,8,8,8,8,8,19,19,8,65.16386104723145,4.28869400639087,1082.3089909972623,0.0
1779968021,100,GET,/product/1YMWWN1N4O,0.700000,0.700000,8,10,11,11,12,12,12,12,12,12,12,15,15,8,8.411267857688168,4.473655018955469,12.838131980970502,0.0
1779968021,100,GET,/product/2ZYFJ3GM2N,0.900000,0.900000,7,9,12,12,13,13,13,13,13,13,13,16,16,9,8.554317057132721,4.207897931337357,12.881041970103979,0.0
1779968021,100,GET,/product/66VCHSJNUP,1.000000,1.000000,5,8,8,9,11,65,65,65,65,65,65,21,21,8,59.66490380177718,4.065693938173354,1041.2659239955246,0.0
1779968021,100,GET,/product/6E92ZMYYFZ,0.800000,0.800000,7,7,10,10,13,19,19,19,19,19,19,24,24,8,8.835667210708683,3.771628951653838,19.48889996856451,0.0
1779968021,100,GET,/product/9SIQT8TOJO,0.800000,0.800000,7,8,12,22,23,23,23,23,23,23,23,13,13,7,8.959776918905286,3.651228966191411,22.516531054861844,0.0
1779968021,100,GET,/product/L9ECAV7KIM,0.400000,0.400000,7,7,8,8,9,9,9,9,9,9,9,14,14,7,8.202224712087107,4.384119994938374,19.885692978277802,0.0
1779968021,100,GET,/product/LS4PSXUNUM,1.200000,1.200000,7,7,9,10,11,13,13,13,13,13,13,23,23,7,7.80785931577987,3.589075058698654,15.07064700126648,0.0
1779968021,100,GET,/product/OLJCESPC7Z,0.600000,0.600000,6,7,9,9,17,17,17,17,17,17,17,13,13,7,8.455093376911604,3.4081119811162353,19.56289599183947,0.0
1779968021,100,,Aggregated,56.400000,56.400000,9,11,13,14,20,25,35,39,65,65,65,1187,1187,9,21.077599433715996,3.2361450139433146,1109.7564699593931,0.0
1779968022,100,GET,/,43.100000,43.100000,10,12,14,16,21,27,35,39,50,50,50,920,920,9,19.760203831348285,3.2361450139433146,1109.7564699593931,0.0
1779968022,100,POST,/cart,5.200000,5.200000,11,13,16,18,24,27,33,43,43,43,43,110,110,11,22.32023617570204,3.6649949615821242,1049.3516599526629,0.0
1779968022,100,POST,/cart/checkout,2.100000,2.100000,10,14,14,19,23,23,24,24,24,24,24,58,58,10,29.636321240104735,3.6858569364994764,1100.5765120498836,0.0
1779968022,100,GET,/product/0PUK6V6EV0,0.600000,0.600000,7,8,8,17,17,17,17,17,17,17,17,20,20,8,62.7315130433999,4.28869400639087,1082.3089909972623,0.0
1779968022,100,GET,/product/1YMWWN1N4O,0.800000,0.800000,8,10,11,11,12,12,12,12,12,12,12,16,16,8,8.386982801312115,4.473655018955469,12.838131980970502,0.0
1779968022,100,GET,/product/2ZYFJ3GM2N,0.900000,0.900000,9,10,12,13,30,30,30,30,30,30,30,18,18,9,9.849957106376273,4.207897931337357,30.053916038013995,0.0
1779968022,100,GET,/product/66VCHSJNUP,1.000000,1.000000,5,8,9,9,11,65,65,65,65,65,65,23,23,8,54.975258338305615,4.065693938173354,1041.2659239955246,0.0
1779968022,100,GET,/product/6E92ZMYYFZ,1.200000,1.200000,7,7,10,10,13,19,19,19,19,19,19,25,25,8,8.726920364424586,3.771628951653838,19.48889996856451,0.0
1779968022,100,GET,/product/9SIQT8TOJO,0.800000,0.800000,7,8,12,22,23,23,23,23,23,23,23,13,13,7,8.959776918905286,3.651228966191411,22.516531054861844,0.0
1779968022,100,GET,/product/L9ECAV7KIM,0.500000,0.500000,6,7,8,8,9,9,9,9,9,9,9,15,15,7,8.04435700022926,4.384119994938374,19.885692978277802,0.0
1779968022,100,GET,/product/LS4PSXUNUM,1.200000,1.200000,7,7,9,9,10,11,11,11,11,11,11,23,23,7,7.80785931577987,3.589075058698654,15.07064700126648,0.0
1779968022,100,GET,/product/OLJCESPC7Z,0.700000,0.700000,6,7,9,9,17,17,17,17,17,17,17,13,13,7,8.455093376911604,3.4081119811162353,19.56289599183947,0.0
1779968022,100,,Aggregated,58.100000,58.100000,9,12,14,16,21,26,35,42,65,65,65,1254,1254,9,20.676941573924342,3.2361450139433146,1109.7564699593931,0.0
1779968023,100,GET,/,43.400000,43.400000,10,13,15,17,22,28,38,42,1100,1100,1100,956,956,9,20.554557536795897,3.2361450139433146,1109.7564699593931,0.0
1779968023,100,POST,/cart,4.600000,4.600000,11,13,17,18,25,27,43,43,43,43,43,111,111,11,22.1979964895778,3.6649949615821242,1049.3516599526629,0.0
1779968023,100,POST,/cart/checkout,2.100000,2.100000,10,14,18,19,23,23,24,24,24,24,24,59,59,10,29.27576847398117,3.6858569364994764,1100.5765120498836,0.0
1779968023,100,GET,/product/0PUK6V6EV0,0.600000,0.600000,7,8,8,17,17,17,17,17,17,17,17,20,20,8,62.7315130433999,4.28869400639087,1082.3089909972623,0.0
1779968023,100,GET,/product/1YMWWN1N4O,0.800000,0.800000,8,10,11,11,12,12,12,12,12,12,12,16,16,8,8.386982801312115,4.473655018955469,12.838131980970502,0.0
1779968023,100,GET,/product/2ZYFJ3GM2N,0.800000,0.800000,10,12,13,13,30,30,30,30,30,30,30,18,18,9,9.849957106376273,4.207897931337357,30.053916038013995,0.0
1779968023,100,GET,/product/66VCHSJNUP,1.200000,1.200000,7,9,11,11,13,65,65,65,65,65,65,24,24,8,53.20608328232387,4.065693938173354,1041.2659239955246,0.0
1779968023,100,GET,/product/6E92ZMYYFZ,1.000000,1.000000,7,10,10,10,13,19,19,19,19,19,19,26,26,8,8.77950442596697,3.771628951653838,19.48889996856451,0.0
1779968023,100,GET,/product/9SIQT8TOJO,0.800000,0.800000,7,8,12,12,22,22,22,22,22,22,22,14,14,6,8.767965208140335,3.651228966191411,22.516531054861844,0.0
1779968023,100,GET,/product/L9ECAV7KIM,0.600000,0.600000,8,8,9,9,14,14,14,14,14,14,14,17,17,7,8.377019884338711,4.384119994938374,19.885692978277802,0.0
1779968023,100,GET,/product/LS4PSXUNUM,1.500000,1.500000,7,8,9,9,10,11,11,11,11,11,11,23,23,7,7.80785931577987,3.589075058698654,15.07064700126648,0.0
1779968023,100,GET,/product/OLJCESPC7Z,0.800000,0.800000,6,7,9,9,17,17,17,17,17,17,17,13,13,7,8.455093376911604,3.4081119811162353,19.56289599183947,0.0
1779968023,100,,Aggregated,58.200000,58.200000,10,12,14,17,22,27,35,43,1100,1100,1100,1297,1297,9,21.1776384826909,3.2361450139433146,1109.7564699593931,0.0
1779968024,100,GET,/,43.500000,43.500000,10,13,15,16,21,28,39,44,1100,1100,1100,1005,1005,10,20.138554377898352,3.2361450139433146,1109.7564699593931,0.0
1779968024,100,POST,/cart,4.700000,4.700000,12,14,18,20,26,33,43,43,43,43,43,115,115,11,22.069938924244564,3.6649949615821242,1049.3516599526629,0.0
1779968024,100,POST,/cart/checkout,2.500000,2.500000,10,13,16,18,19,23,23,23,23,23,23,61,61,10,28.74202650712162,3.6858569364994764,1100.5765120498836,0.0
1779968024,100,GET,/product/0PUK6V6EV0,0.400000,0.400000,7,7,17,17,17,17,17,17,17,17,17,20,20,8,62.7315130433999,4.28869400639087,1082.3089909972623,0.0
1779968024,100,GET,/product/1YMWWN1N4O,0.700000,0.700000,6,7,10,10,11,12,12,12,12,12,12,22,22,7,7.685318991372531,4.473655018955469,12.838131980970502,0.0
1779968024,100,GET,/product/2ZYFJ3GM2N,0.700000,0.700000,10,12,13,13,30,30,30,30,30,30,30,19,19,9,9.517701361083278,3.5370979458093643,30.053916038013995,0.0
1779968024,100,GET,/product/66VCHSJNUP,1.300000,1.300000,8,9,11,13,65,65,65,65,65,65,65,24,24,8,53.20608328232387,4.065693938173354,1041.2659239955246,0.0
1779968024,100,GET,/product/6E92ZMYYFZ,1.200000,1.200000,10,10,13,13,13,19,19,19,19,19,19,27,27,8,8.93991844970043,3.771628951653838,19.48889996856451,0.0
1779968024,100,GET,/product/9SIQT8TOJO,0.900000,0.900000,8,12,14,14,22,22,22,22,22,22,22,15,15,7,9.118982800282538,3.651228966191411,22.516531054861844,0.0
1779968024,100,GET,/product/L9ECAV7KIM,0.600000,0.600000,8,8,9,9,14,14,14,14,14,14,14,18,18,7,8.372694279791581,4.384119994938374,19.885692978277802,0.0
1779968024,100,GET,/product/LS4PSXUNUM,1.500000,1.500000,7,8,9,9,10,11,11,11,11,11,11,23,23,7,7.80785931577987,3.589075058698654,15.07064700126648,0.0
1779968024,100,GET,/product/OLJCESPC7Z,0.800000,0.800000,6,7,9,9,17,17,17,17,17,17,17,14,14,7,8.266499997781855,3.4081119811162353,19.56289599183947,0.0
1779968024,100,,Aggregated,58.800000,58.800000,10,12,14,16,21,27,39,44,1100,1100,1100,1363,1363,9,20.71623341727015,3.2361450139433146,1109.7564699593931,0.0
1779968025,100,GET,/,43.100000,43.100000,10,13,15,16,21,27,38,44,1100,1100,1100,1049,1049,10,20.80355974984532,3.2361450139433146,1109.7564699593931,0.0
1779968025,100,POST,/cart,5.100000,5.100000,11,13,16,18,24,26,43,43,43,43,43,119,119,11,21.685441220257463,3.6649949615821242,1049.3516599526629,0.0
1779968025,100,POST,/cart/checkout,2.500000,2.500000,10,14,18,19,19,23,23,23,23,23,23,63,63,10,28.233435047450403,3.6858569364994764,1100.5765120498836,0.0
1779968025,100,GET,/product/0PUK6V6EV0,0.500000,0.500000,7,7,14,14,17,17,17,17,17,17,17,22,22,8,57.85897081527351,4.28869400639087,1082.3089909972623,0.0
1779968025,100,GET,/product/1YMWWN1N4O,0.600000,0.600000,6,7,10,10,11,12,12,12,12,12,12,22,22,7,7.685318991372531,4.473655018955469,12.838131980970502,0.0
1779968025,100,GET,/product/2ZYFJ3GM2N,0.700000,0.700000,9,10,13,13,30,30,30,30,30,30,30,19,19,9,9.517701361083278,3.5370979458093643,30.053916038013995,0.0
1779968025,100,GET,/product/66VCHSJNUP,1.200000,1.200000,9,9,11,13,65,65,65,65,65,65,65,25,25,8,51.42941971309483,4.065693938173354,1041.2659239955246,0.0
1779968025,100,GET,/product/6E92ZMYYFZ,1.300000,1.300000,10,10,10,13,13,13,13,13,13,13,13,27,27,8,8.93991844970043,3.771628951653838,19.48889996856451,0.0
1779968025,100,GET,/product/9SIQT8TOJO,0.700000,0.700000,7,7,12,12,14,14,14,14,14,14,14,16,16,6,8.875002124113962,3.651228966191411,22.516531054861844,0.0
1779968025,100,GET,/product/L9ECAV7KIM,0.700000,0.700000,8,8,9,9,14,14,14,14,14,14,14,18,18,7,8.372694279791581,4.384119994938374,19.885692978277802,0.0
1779968025,100,GET,/product/LS4PSXUNUM,1.200000,1.200000,7,9,10,10,10,11,11,11,11,11,11,24,24,7,7.892115677047211,3.589075058698654,15.07064700126648,0.0
1779968025,100,GET,/product/OLJCESPC7Z,0.700000,0.700000,6,9,13,13,17,17,17,17,17,17,17,16,16,7,8.391033436055295,3.4081119811162353,19.56289599183947,0.0
1779968025,100,,Aggregated,58.300000,58.300000,10,12,14,16,20,26,38,44,1100,1100,1100,1420,1420,9,21.090498539163324,3.2361450139433146,1109.7564699593931,0.0
1779968026,100,GET,/,42.700000,42.700000,10,12,14,16,20,26,35,44,1100,1100,1100,1092,1092,10,21.35807138333786,3.2361450139433146,1109.7564699593931,0.0
1779968026,100,POST,/cart,4.800000,4.800000,11,13,16,18,24,26,43,43,43,43,43,123,123,11,21.387893781330952,3.6649949615821242,1049.3516599526629,0.0
1779968026,100,POST,/cart/checkout,2.100000,2.100000,10,13,16,18,19,19,20,20,20,20,20,67,67,10,27.305435387542776,3.6858569364994764,1100.5765120498836,0.0
1779968026,100,GET,/product/0PUK6V6EV0,0.500000,0.500000,14,14,17,17,17,17,17,17,17,17,17,22,22,8,57.85897081527351,4.28869400639087,1082.3089909972623,0.0
1779968026,100,GET,/product/1YMWWN1N4O,0.700000,0.700000,6,6,8,8,10,12,12,12,12,12,12,23,23,7,7.632893727808867,4.473655018955469,12.838131980970502,0.0
1779968026,100,GET,/product/2ZYFJ3GM2N,0.700000,0.700000,9,10,10,30,30,30,30,30,30,30,30,19,19,9,9.517701361083278,3.5370979458093643,30.053916038013995,0.0
1779968026,100,GET,/product/66VCHSJNUP,1.100000,1.100000,9,9,11,13,65,65,65,65,65,65,65,25,25,8,51.42941971309483,4.065693938173354,1041.2659239955246,0.0
1779968026,100,GET,/product/6E92ZMYYFZ,1.100000,1.100000,10,10,10,13,13,13,13,13,13,13,13,27,27,8,8.93991844970043,3.771628951653838,19.48889996856451,0.0
1779968026,100,GET,/product/9SIQT8TOJO,0.700000,0.700000,7,7,12,12,14,14,14,14,14,14,14,16,16,6,8.875002124113962,3.651228966191411,22.516531054861844,0.0
1779968026,100,GET,/product/L9ECAV7KIM,0.800000,0.800000,8,8,9,9,14,14,14,14,14,14,14,18,18,7,8.372694279791581,4.384119994938374,19.885692978277802,0.0
1779968026,100,GET,/product/LS4PSXUNUM,1.100000,1.100000,8,9,10,10,11,14,14,14,14,14,14,28,28,8,8.121941475630072,3.589075058698654,15.07064700126648,0.0
1779968026,100,GET,/product/OLJCESPC7Z,0.700000,0.700000,6,9,13,13,17,17,17,17,17,17,17,16,16,7,8.391033436055295,3.4081119811162353,19.56289599183947,0.0
1779968026,100,,Aggregated,57.000000,57.000000,10,12,14,15,20,25,35,44,1100,1100,1100,1476,1476,9,21.40513009112202,3.2361450139433146,1109.7564699593931,0.0
1779968027,100,GET,/,43.200000,43.200000,10,12,15,16,21,26,35,44,1100,1100,1100,1136,1136,10,20.955944860630346,3.2361450139433146,1109.7564699593931,0.0
1779968027,100,POST,/cart,4.800000,4.800000,11,13,15,18,24,26,43,43,43,43,43,127,127,11,20.994879356695442,3.6649949615821242,1049.3516599526629,0.0
1779968027,100,POST,/cart/checkout,1.900000,1.900000,9,11,14,16,19,19,20,20,20,20,20,71,71,10,26.22351860693118,3.6858569364994764,1100.5765120498836,0.0
1779968027,100,GET,/product/0PUK6V6EV0,0.500000,0.500000,13,13,14,14,17,17,17,17,17,17,17,24,24,8,53.91105220284468,4.28869400639087,1082.3089909972623,0.0
1779968027,100,GET,/product/1YMWWN1N4O,1.200000,1.200000,6,8,9,10,12,12,12,12,12,12,12,25,25,7,7.879834151826799,4.473655018955469,12.838131980970502,0.0
1779968027,100,GET,/product/2ZYFJ3GM2N,0.800000,0.800000,9,10,10,30,30,30,30,30,30,30,30,19,19,9,9.517701361083278,3.5370979458093643,30.053916038013995,0.0
1779968027,100,GET,/product/66VCHSJNUP,1.000000,1.000000,8,9,11,13,65,65,65,65,65,65,65,26,26,8,49.640522992166765,4.065693938173354,1041.2659239955246,0.0
1779968027,100,GET,/product/6E92ZMYYFZ,1.000000,1.000000,10,10,10,13,13,13,13,13,13,13,13,27,27,8,8.93991844970043,3.771628951653838,19.48889996856451,0.0
1779968027,100,GET,/product/9SIQT8TOJO,0.800000,0.800000,7,7,12,12,14,14,14,14,14,14,14,17,17,7,9.068331996198086,3.651228966191411,22.516531054861844,0.0
1779968027,100,GET,/product/L9ECAV7KIM,0.800000,0.800000,8,9,12,12,14,14,14,14,14,14,14,19,19,8,8.555157894366666,4.384119994938374,19.885692978277802,0.0
1779968027,100,GET,/product/LS4PSXUNUM,1.000000,1.000000,9,10,11,11,14,15,15,15,15,15,15,30,30,8,8.45374974499767,3.589075058698654,15.07064700126648,0.0
1779968027,100,GET,/product/OLJCESPC7Z,0.500000,0.500000,9,10,13,13,17,17,17,17,17,17,17,17,17,7,8.515006232568446,3.4081119811162353,19.56289599183947,0.0
1779968027,100,,Aggregated,57.500000,57.500000,10,12,14,15,20,25,35,44,1100,1100,1100,1538,1538,9,20.970727523903257,3.2361450139433146,1109.7564699593931,0.0
1779968028,100,GET,/,43.400000,43.400000,10,12,14,16,22,27,42,53,1100,1100,1100,1175,1175,9,21.537915449094108,3.2361450139433146,1109.7564699593931,0.0
1779968028,100,POST,/cart,4.500000,4.500000,10,12,15,17,24,39,43,43,43,43,43,131,131,11,20.685957590089615,3.6649949615821242,1049.3516599526629,0.0
1779968028,100,POST,/cart/checkout,1.900000,1.900000,9,10,11,14,19,19,20,20,20,20,20,78,78,10,24.515062643704603,3.6858569364994764,1100.5765120498836,0.0
1779968028,100,GET,/product/0PUK6V6EV0,0.400000,0.400000,13,13,14,14,17,17,17,17,17,17,17,24,24,8,53.91105220284468,4.28869400639087,1082.3089909972623,0.0
1779968028,100,GET,/product/1YMWWN1N4O,1.200000,1.200000,6,7,9,9,12,12,12,12,12,12,12,26,26,7,7.79529003193602,4.473655018955469,12.838131980970502,0.0
1779968028,100,GET,/product/2ZYFJ3GM2N,0.700000,0.700000,6,9,10,10,30,30,30,30,30,30,30,21,21,9,9.14842790059213,3.5370979458093643,30.053916038013995,0.0
1779968028,100,GET,/product/66VCHSJNUP,1.000000,1.000000,8,11,13,13,65,68,68,68,68,68,68,27,27,8,50.30703958537843,4.065693938173354,1041.2659239955246,0.0
1779968028,100,GET,/product/6E92ZMYYFZ,1.000000,1.000000,9,10,10,13,13,13,13,13,13,13,13,28,28,8,8.935724397555791,3.771628951653838,19.48889996856451,0.0
1779968028,100,GET,/product/9SIQT8TOJO,0.600000,0.600000,7,7,12,12,14,14,14,14,14,14,14,17,17,7,9.068331996198086,3.651228966191411,22.516531054861844,0.0
1779968028,100,GET,/product/L9ECAV7KIM,0.700000,0.700000,8,9,12,14,43,43,43,43,43,43,43,20,20,8,10.26096569839865,4.384119994938374,42.67131397500634,0.0
1779968028,100,GET,/product/LS4PSXUNUM,1.200000,1.200000,9,10,11,11,14,15,15,15,15,15,15,30,30,8,8.45374974499767,3.589075058698654,15.07064700126648,0.0
1779968028,100,GET,/product/OLJCESPC7Z,0.700000,0.700000,8,9,10,10,13,13,13,13,13,13,13,19,19,7,8.379317789436563,3.4081119811162353,19.56289599183947,0.0
1779968028,100,,Aggregated,57.300000,57.300000,9,12,14,15,20,27,42,65,1100,1100,1100,1596,1596,9,21.30227857330618,3.2361450139433146,1109.7564699593931,0.0
1779968029,100,GET,/,43.800000,43.800000,9,12,14,15,21,27,42,53,1100,1100,1100,1212,1212,9,21.10836232002677,3.2361450139433146,1109.7564699593931,0.0
1779968029,100,POST,/cart,4.600000,4.600000,10,12,15,17,24,39,43,43,43,43,43,134,134,11,20.385606025012017,3.6649949615821242,1049.3516599526629,0.0
1779968029,100,POST,/cart/checkout,2.100000,2.100000,9,10,11,13,19,19,20,20,20,20,20,79,79,10,24.374076395142303,3.6858569364994764,1100.5765120498836,0.0
1779968029,100,GET,/product/0PUK6V6EV0,0.400000,0.400000,13,13,14,14,17,17,17,17,17,17,17,25,25,8,51.91191431134939,3.9326049154624343,1082.3089909972623,0.0
1779968029,100,GET,/product/1YMWWN1N4O,1.200000,1.200000,6,7,9,9,12,12,12,12,12,12,12,26,26,7,7.79529003193602,4.473655018955469,12.838131980970502,0.0
1779968029,100,GET,/product/2ZYFJ3GM2N,0.500000,0.500000,6,6,10,10,30,30,30,30,30,30,30,22,22,7,8.909509363795884,3.5370979458093643,30.053916038013995,0.0
1779968029,100,GET,/product/66VCHSJNUP,0.900000,0.900000,8,9,13,65,68,68,68,68,68,68,68,27,27,8,50.30703958537843,4.065693938173354,1041.2659239955246,0.0
1779968029,100,GET,/product/6E92ZMYYFZ,1.000000,1.000000,7,10,10,10,13,13,13,13,13,13,13,29,29,8,8.774466796553341,3.771628951653838,19.48889996856451,0.0
1779968029,100,GET,/product/9SIQT8TOJO,0.500000,0.500000,7,12,12,14,14,14,14,14,14,14,14,17,17,7,9.068331996198086,3.651228966191411,22.516531054861844,0.0
1779968029,100,GET,/product/L9ECAV7KIM,0.800000,0.800000,8,8,12,14,43,43,43,43,43,43,43,21,21,8,10.099981662019022,4.384119994938374,42.67131397500634,0.0
1779968029,100,GET,/product/LS4PSXUNUM,1.500000,1.500000,9,10,12,12,14,15,15,15,15,15,15,30,30,8,8.45374974499767,3.589075058698654,15.07064700126648,0.0
1779968029,100,GET,/product/OLJCESPC7Z,0.700000,0.700000,6,8,10,10,13,13,13,13,13,13,13,19,19,7,8.379317789436563,3.4081119811162353,19.56289599183947,0.0
1779968029,100,,Aggregated,58.000000,58.000000,9,11,13,15,20,26,42,65,1100,1100,1100,1641,1641,9,20.919484079311477,3.2361450139433146,1109.7564699593931,0.0
1779968030,100,GET,/,43.800000,43.800000,9,12,14,16,22,28,42,1000,1100,1100,1100,1254,1254,9,21.541825927900927,3.2361450139433146,1109.7564699593931,0.0
1779968030,100,POST,/cart,4.600000,4.600000,9,12,15,17,23,25,43,43,43,43,43,140,140,10,19.90511887291047,3.6649949615821242,1049.3516599526629,0.0
1779968030,100,POST,/cart/checkout,2.400000,2.400000,9,10,12,13,19,20,26,26,26,26,26,83,83,10,23.77483420668686,3.6858569364994764,1100.5765120498836,0.0
1779968030,100,GET,/product/0PUK6V6EV0,0.500000,0.500000,13,13,14,14,17,17,17,17,17,17,17,25,25,8,51.91191431134939,3.9326049154624343,1082.3089909972623,0.0
1779968030,100,GET,/product/1YMWWN1N4O,1.100000,1.100000,6,7,9,9,10,12,12,12,12,12,12,27,27,7,7.890201363436602,4.473655018955469,12.838131980970502,0.0
1779968030,100,GET,/product/2ZYFJ3GM2N,0.300000,0.300000,6,9,10,10,30,30,30,30,30,30,30,23,23,9,8.903044736539217,3.5370979458093643,30.053916038013995,0.0
1779968030,100,GET,/product/66VCHSJNUP,1.000000,1.000000,9,13,65,65,68,68,68,68,68,68,68,27,27,8,50.30703958537843,4.065693938173354,1041.2659239955246,0.0
1779968030,100,GET,/product/6E92ZMYYFZ,0.900000,0.900000,10,13,13,13,25,25,25,25,25,25,25,30,30,8,9.322819769537697,3.771628951653838,25.225055986084044,0.0
1779968030,100,GET,/product/9SIQT8TOJO,0.600000,0.600000,7,7,12,12,14,14,14,14,14,14,14,18,18,6,8.778017887379974,3.651228966191411,22.516531054861844,0.0
1779968030,100,GET,/product/L9ECAV7KIM,0.800000,0.800000,8,8,12,14,43,43,43,43,43,43,43,21,21,8,10.099981662019022,4.384119994938374,42.67131397500634,0.0
1779968030,100,GET,/product/LS4PSXUNUM,1.600000,1.600000,10,12,14,14,15,15,15,15,15,15,15,30,30,8,8.45374974499767,3.589075058698654,15.07064700126648,0.0
1779968030,100,GET,/product/OLJCESPC7Z,0.700000,0.700000,6,6,8,10,13,13,13,13,13,13,13,21,21,7,8.07980090446238,3.4081119811162353,19.56289599183947,0.0
1779968030,100,,Aggregated,58.300000,58.300000,9,12,14,15,22,27,43,68,1100,1100,1100,1699,1699,9,21.142111729604114,3.2361450139433146,1109.7564699593931,0.0
1779968031,100,GET,/,43.800000,43.800000,9,12,14,15,21,27,48,1000,1100,1100,1100,1296,1296,9,21.31782817957207,3.2361450139433146,1109.7564699593931,0.0
1779968031,100,POST,/cart,4.000000,4.000000,9,12,14,17,23,29,39,39,39,39,39,148,148,10,19.688359818836624,3.6649949615821242,1049.3516599526629,0.0
1779968031,100,POST,/cart/checkout,2.800000,2.800000,8,10,11,12,19,20,26,26,26,26,26,84,84,10,23.591760205038423,3.6858569364994764,1100.5765120498836,0.0
1779968031,100,GET,/product/0PUK6V6EV0,0.600000,0.600000,13,14,17,17,17,17,17,17,17,17,17,27,27,8,48.93536539748311,3.9326049154624343,1082.3089909972623,0.0
1779968031,100,GET,/product/1YMWWN1N4O,1.200000,1.200000,6,7,9,9,10,12,12,12,12,12,12,27,27,7,7.890201363436602,4.473655018955469,12.838131980970502,0.0
1779968031,100,GET,/product/2ZYFJ3GM2N,0.500000,0.500000,6,9,10,10,17,30,30,30,30,30,30,27,27,8,8.864851931489452,3.5370979458093643,30.053916038013995,0.0
1779968031,100,GET,/product/66VCHSJNUP,1.100000,1.100000,9,9,13,13,68,68,68,68,68,68,68,27,27,8,50.30703958537843,4.065693938173354,1041.2659239955246,0.0
1779968031,100,GET,/product/6E92ZMYYFZ,1.000000,1.000000,9,10,13,13,25,25,25,25,25,25,25,31,31,8,9.206515259950631,3.771628951653838,25.225055986084044,0.0
1779968031,100,GET,/product/9SIQT8TOJO,0.500000,0.500000,6,6,12,12,14,14,14,14,14,14,14,19,19,6,8.649407156841143,3.651228966191411,22.516531054861844,0.0
1779968031,100,GET,/product/L9ECAV7KIM,0.900000,0.900000,8,12,14,14,43,43,43,43,43,43,43,22,22,7,9.976272857536308,4.384119994938374,42.67131397500634,0.0
1779968031,100,GET,/product/LS4PSXUNUM,1.200000,1.200000,10,12,14,14,15,15,15,15,15,15,15,30,30,8,8.45374974499767,3.589075058698654,15.07064700126648,0.0
1779968031,100,GET,/product/OLJCESPC7Z,0.800000,0.800000,6,6,8,10,13,13,13,13,13,13,13,21,21,7,8.07980090446238,3.4081119811162353,19.56289599183947,0.0
1779968031,100,,Aggregated,58.400000,58.400000,9,11,13,15,21,27,43,68,1100,1100,1100,1759,1759,9,20.891375115340878,3.2361450139433146,1109.7564699593931,0.0
1779968032,100,GET,/,43.200000,43.200000,8,10,12,14,20,27,44,1000,1100,1100,1100,1335,1335,9,20.87203048514935,3.2361450139433146,1109.7564699593931,0.0
1779968032,100,POST,/cart,3.800000,3.800000,9,12,15,17,22,29,39,39,39,39,39,154,154,10,19.27947804752084,3.6649949615821242,1049.3516599526629,0.0
1779968032,100,POST,/cart/checkout,2.900000,2.900000,9,10,11,12,19,20,26,26,26,26,26,86,86,10,23.259953500941222,3.6858569364994764,1100.5765120498836,0.0
1779968032,100,GET,/product/0PUK6V6EV0,0.600000,0.600000,8,13,14,17,17,17,17,17,17,17,17,28,28,8,47.32291259486893,3.7866869242861867,1082.3089909972623,0.0
1779968032,100,GET,/product/1YMWWN1N4O,1.100000,1.100000,6,6,9,9,10,12,12,12,12,12,12,28,28,7,7.742226813986365,3.74691397882998,12.838131980970502,0.0
1779968032,100,GET,/product/2ZYFJ3GM2N,0.700000,0.700000,6,9,10,10,17,30,30,30,30,30,30,27,27,8,8.864851931489452,3.5370979458093643,30.053916038013995,0.0
1779968032,100,GET,/product/66VCHSJNUP,0.900000,0.900000,7,9,13,13,68,68,68,68,68,68,68,28,28,8,48.72454038455284,4.065693938173354,1041.2659239955246,0.0
1779968032,100,GET,/product/6E92ZMYYFZ,0.700000,0.700000,10,10,13,13,25,25,25,25,25,25,25,31,31,8,9.206515259950631,3.771628951653838,25.225055986084044,0.0
1779968032,100,GET,/product/9SIQT8TOJO,0.500000,0.500000,6,6,12,12,14,14,14,14,14,14,14,19,19,6,8.649407156841143,3.651228966191411,22.516531054861844,0.0
1779968032,100,GET,/product/L9ECAV7KIM,0.900000,0.900000,8,12,14,14,43,43,43,43,43,43,43,22,22,7,9.976272857536308,4.384119994938374,42.67131397500634,0.0
1779968032,100,GET,/product/LS4PSXUNUM,1.200000,1.200000,10,12,14,14,15,15,15,15,15,15,15,30,30,8,8.45374974499767,3.589075058698654,15.07064700126648,0.0
1779968032,100,GET,/product/OLJCESPC7Z,0.800000,0.800000,6,8,10,10,13,13,13,13,13,13,13,21,21,7,8.07980090446238,3.4081119811162353,19.56289599183947,0.0
1779968032,100,,Aggregated,57.300000,57.300000,8,10,12,14,19,26,43,68,1100,1100,1100,1809,1809,9,20.492827737803797,3.2361450139433146,1109.7564699593931,0.0
1779968033,100,GET,/,42.000000,42.000000,8,10,12,14,20,26,44,1000,1100,1100,1100,1382,1382,9,21.19548821602119,3.2361450139433146,1109.7564699593931,0.0
1779968033,100,POST,/cart,4.200000,4.200000,9,12,15,17,22,29,39,39,39,39,39,155,155,10,19.202940956869675,3.6649949615821242,1049.3516599526629,0.0
1779968033,100,POST,/cart/checkout,3.100000,3.100000,9,11,11,12,19,20,26,26,26,26,26,88,88,10,22.95645327301992,3.6858569364994764,1100.5765120498836,0.0
1779968033,100,GET,/product/0PUK6V6EV0,0.600000,0.600000,8,8,13,13,14,17,17,17,17,17,17,32,32,8,42.300369328586385,3.7866869242861867,1082.3089909972623,0.0
1779968033,100,GET,/product/1YMWWN1N4O,1.200000,1.200000,6,7,9,9,10,12,12,12,12,12,12,28,28,7,7.742226813986365,3.74691397882998,12.838131980970502,0.0
1779968033,100,GET,/product/2ZYFJ3GM2N,0.700000,0.700000,6,8,9,9,11,17,17,17,17,17,17,29,29,8,8.894077526276995,3.5370979458093643,30.053916038013995,0.0
1779968033,100,GET,/product/66VCHSJNUP,0.700000,0.700000,8,9,9,68,68,68,68,68,68,68,68,29,29,8,47.313059888908576,4.065693938173354,1041.2659239955246,0.0
1779968033,100,GET,/product/6E92ZMYYFZ,0.800000,0.800000,9,9,13,13,25,25,25,25,25,25,25,32,32,8,9.100009658141062,3.771628951653838,25.225055986084044,0.0
1779968033,100,GET,/product/9SIQT8TOJO,0.600000,0.600000,6,12,12,14,14,14,14,14,14,14,14,19,19,6,8.649407156841143,3.651228966191411,22.516531054861844,0.0
1779968033,100,GET,/product/L9ECAV7KIM,0.700000,0.700000,8,8,12,12,43,43,43,43,43,43,43,23,23,7,9.807722556971662,4.384119994938374,42.67131397500634,0.0
1779968033,100,GET,/product/LS4PSXUNUM,0.800000,0.800000,10,12,14,14,15,15,15,15,15,15,15,30,30,8,8.45374974499767,3.589075058698654,15.07064700126648,0.0
1779968033,100,GET,/product/OLJCESPC7Z,0.800000,0.800000,6,8,10,10,13,13,13,13,13,13,13,21,21,7,8.07980090446238,3.4081119811162353,19.56289599183947,0.0
1779968033,100,,Aggregated,56.200000,56.200000,8,10,12,14,19,25,43,68,1100,1100,1100,1868,1868,9,20.660382537699725,3.2361450139433146,1109.7564699593931,0.0
1779968034,100,GET,/,42.400000,42.400000,7,9,11,12,17,24,43,1000,1100,1100,1100,1436,1436,9,20.6234856701779,3.2361450139433146,1109.7564699593931,0.0
1779968034,100,POST,/cart,4.500000,4.500000,8,11,12,14,21,23,37,37,37,37,37,161,161,10,18.678138965324308,3.6649949615821242,1049.3516599526629,0.0
1779968034,100,POST,/cart/checkout,2.700000,2.700000,8,10,11,11,19,20,26,26,26,26,26,90,90,10,22.586817456047154,3.6858569364994764,1100.5765120498836,0.0
1779968034,100,GET,/product/0PUK6V6EV0,0.800000,0.800000,8,8,13,13,14,17,17,17,17,17,17,33,33,8,41.36391907619933,3.7866869242861867,1082.3089909972623,0.0
1779968034,100,GET,/product/1YMWWN1N4O,1.200000,1.200000,6,6,7,9,10,12,12,12,12,12,12,30,30,7,7.591379065221797,3.74691397882998,12.838131980970502,0.0
1779968034,100,GET,/product/2ZYFJ3GM2N,1.100000,1.100000,6,7,9,9,11,17,17,17,17,17,17,30,30,7,8.753731776960194,3.5370979458093643,30.053916038013995,0.0
1779968034,100,GET,/product/66VCHSJNUP,0.600000,0.600000,8,9,9,68,68,68,68,68,68,68,68,29,29,8,47.313059888908576,4.065693938173354,1041.2659239955246,0.0
1779968034,100,GET,/product/6E92ZMYYFZ,0.700000,0.700000,8,9,13,13,25,25,25,25,25,25,25,34,34,8,8.945317031569122,3.771628951653838,25.225055986084044,0.0
1779968034,100,GET,/product/9SIQT8TOJO,0.600000,0.600000,5,6,6,12,12,12,12,12,12,12,12,20,20,6,8.422185247763991,3.651228966191411,22.516531054861844,0.0
1779968034,100,GET,/product/L9ECAV7KIM,0.800000,0.800000,8,8,12,12,43,43,43,43,43,43,43,23,23,7,9.807722556971662,4.384119994938374,42.67131397500634,0.0
1779968034,100,GET,/product/LS4PSXUNUM,0.700000,0.700000,10,12,14,14,15,15,15,15,15,15,15,31,31,8,8.323368462433498,3.589075058698654,15.07064700126648,0.0
1779968034,100,GET,/product/OLJCESPC7Z,0.800000,0.800000,6,8,10,10,13,13,13,13,13,13,13,21,21,7,8.07980090446238,3.4081119811162353,19.56289599183947,0.0
1779968034,100,,Aggregated,56.900000,56.900000,7,9,11,12,17,23,41,68,1100,1100,1100,1938,1938,9,20.128288494614775,3.2361450139433146,1109.7564699593931,0.0
1779968035,100,GET,/,41.400000,41.400000,7,9,10,12,17,24,41,53,1100,1100,1100,1475,1475,9,20.274899885595097,3.2361450139433146,1109.7564699593931,0.0
1779968035,100,POST,/cart,4.400000,4.400000,7,9,12,14,21,23,37,37,37,37,37,164,164,10,18.43007724084778,3.6649949615821242,1049.3516599526629,0.0
1779968035,100,POST,/cart/checkout,2.800000,2.800000,8,9,11,11,13,20,26,26,26,26,26,90,90,10,22.586817456047154,3.6858569364994764,1100.5765120498836,0.0
1779968035,100,GET,/product/0PUK6V6EV0,0.800000,0.800000,8,8,13,13,14,17,17,17,17,17,17,33,33,8,41.36391907619933,3.7866869242861867,1082.3089909972623,0.0
1779968035,100,GET,/product/1YMWWN1N4O,1.200000,1.200000,6,6,9,10,12,12,12,12,12,12,12,31,31,7,7.497618868646603,3.74691397882998,12.838131980970502,0.0
1779968035,100,GET,/product/2ZYFJ3GM2N,1.000000,1.000000,5,7,8,9,11,17,17,17,17,17,17,31,31,7,8.60053826979692,3.5370979458093643,30.053916038013995,0.0
1779968035,100,GET,/product/66VCHSJNUP,0.400000,0.400000,8,8,9,9,68,68,68,68,68,68,68,30,30,8,45.903014861202486,4.065693938173354,1041.2659239955246,0.0
1779968035,100,GET,/product/6E92ZMYYFZ,0.600000,0.600000,6,8,9,13,25,25,25,25,25,25,25,35,35,8,8.85085963111903,3.771628951653838,25.225055986084044,0.0
1779968035,100,GET,/product/9SIQT8TOJO,0.500000,0.500000,6,6,12,12,1000,1000,1000,1000,1000,1000,1000,21,21,6,56.35058818872841,3.651228966191411,1014.9186470080167,0.0
1779968035,100,GET,/product/L9ECAV7KIM,0.700000,0.700000,7,12,12,43,43,43,43,43,43,43,43,23,23,7,9.807722556971662,4.384119994938374,42.67131397500634,0.0
1779968035,100,GET,/product/LS4PSXUNUM,0.700000,0.700000,10,12,14,14,15,15,15,15,15,15,15,32,32,8,8.203735073038843,3.589075058698654,15.07064700126648,0.0
1779968035,100,GET,/product/OLJCESPC7Z,0.800000,0.800000,6,8,10,10,13,13,13,13,13,13,13,21,21,7,8.07980090446238,3.4081119811162353,19.56289599183947,0.0
1779968035,100,,Aggregated,55.300000,55.300000,7,9,10,12,17,24,41,68,1100,1100,1100,1986,1986,9,20.31867150837473,3.2361450139433146,1109.7564699593931,0.0
1779968036,100,GET,/,42.400000,42.400000,7,8,9,10,16,23,41,49,1100,1100,1100,1521,1521,9,19.90769418565107,3.2361450139433146,1109.7564699593931,0.0
1779968036,100,POST,/cart,4.400000,4.400000,7,8,9,13,23,29,52,52,52,52,52,173,173,10,18.188044679151968,3.5794879077002406,1049.3516599526629,0.0
1779968036,100,POST,/cart/checkout,2.900000,2.900000,8,9,11,11,11,13,26,26,26,26,26,91,91,10,22.404328188193695,3.6858569364994764,1100.5765120498836,0.0
1779968036,100,GET,/product/0PUK6V6EV0,1.200000,1.200000,8,8,11,11,13,17,17,17,17,17,17,34,34,8,40.27808578137089,3.7866869242861867,1082.3089909972623,0.0
1779968036,100,GET,/product/1YMWWN1N4O,1.100000,1.100000,6,9,10,10,12,12,12,12,12,12,12,31,31,7,7.497618868646603,3.74691397882998,12.838131980970502,0.0
1779968036,100,GET,/product/2ZYFJ3GM2N,1.100000,1.100000,6,7,9,9,11,17,17,17,17,17,17,31,31,7,8.60053826979692,3.5370979458093643,30.053916038013995,0.0
1779968036,100,GET,/product/66VCHSJNUP,0.500000,0.500000,6,6,8,8,68,68,68,68,68,68,68,31,31,8,44.61272760489655,4.065693938173354,1041.2659239955246,0.0
1779968036,100,GET,/product/6E92ZMYYFZ,0.600000,0.600000,6,8,9,11,25,25,25,25,25,25,25,37,37,8,8.793133298388204,3.771628951653838,25.225055986084044,0.0
1779968036,100,GET,/product/9SIQT8TOJO,0.500000,0.500000,6,6,12,12,1000,1000,1000,1000,1000,1000,1000,22,22,6,53.98569595259191,3.651228966191411,1014.9186470080167,0.0
1779968036,100,GET,/product/L9ECAV7KIM,0.600000,0.600000,7,12,12,43,43,43,43,43,43,43,43,23,23,7,9.807722556971662,4.384119994938374,42.67131397500634,0.0
1779968036,100,GET,/product/LS4PSXUNUM,0.700000,0.700000,12,12,14,14,14,14,14,14,14,14,14,33,33,8,8.393120496872474,3.589075058698654,15.07064700126648,0.0
1779968036,100,GET,/product/OLJCESPC7Z,0.800000,0.800000,6,6,8,8,10,10,10,10,10,10,10,22,22,6,7.897252587347546,3.4081119811162353,19.56289599183947,0.0
1779968036,100,,Aggregated,56.800000,56.800000,7,8,9,11,16,25,43,53,1100,1100,1100,2049,2049,9,19.96375899938044,3.2361450139433146,1109.7564699593931,0.0
1779968037,100,GET,/,42.500000,42.500000,6,7,9,10,15,25,43,53,1100,1100,1100,1563,1563,9,20.18344895212577,2.3423890816047788,1109.7564699593931,0.0
1779968037,100,POST,/cart,4.600000,4.600000,6,7,8,12,22,29,37,52,52,52,52,179,179,10,17.73434926498182,3.33294493611902,1049.3516599526629,0.0
1779968037,100,POST,/cart/checkout,2.900000,2.900000,8,9,10,11,11,13,26,26,26,26,26,93,93,9,22.01889401366834,3.6858569364994764,1100.5765120498836,0.0
1779968037,100,GET,/product/0PUK6V6EV0,1.200000,1.200000,7,8,8,11,17,17,17,17,17,17,17,34,34,8,40.27808578137089,3.7866869242861867,1082.3089909972623,0.0
1779968037,100,GET,/product/1YMWWN1N4O,0.800000,0.800000,6,6,6,6,10,10,10,10,10,10,10,31,31,7,7.497618868646603,3.74691397882998,12.838131980970502,0.0
1779968037,100,GET,/product/2ZYFJ3GM2N,1.100000,1.100000,5,6,8,9,11,17,17,17,17,17,17,34,34,7,8.241716070401976,3.183057066053152,30.053916038013995,0.0
1779968037,100,GET,/product/66VCHSJNUP,0.500000,0.500000,6,8,8,68,68,68,68,68,68,68,68,31,31,8,44.61272760489655,4.065693938173354,1041.2659239955246,0.0
1779968037,100,GET,/product/6E92ZMYYFZ,0.700000,0.700000,6,8,9,9,11,25,25,25,25,25,25,38,38,7,8.64836052795382,3.2917680218815804,25.225055986084044,0.0
1779968037,100,GET,/product/9SIQT8TOJO,0.500000,0.500000,6,6,12,12,1000,1000,1000,1000,1000,1000,1000,22,22,6,53.98569595259191,3.651228966191411,1014.9186470080167,0.0
1779968037,100,GET,/product/L9ECAV7KIM,0.500000,0.500000,7,7,7,43,43,43,43,43,43,43,43,24,24,7,9.624241657244662,4.384119994938374,42.67131397500634,0.0
1779968037,100,GET,/product/LS4PSXUNUM,0.800000,0.800000,10,12,12,14,14,14,14,14,14,14,14,34,34,8,8.445280042531735,3.589075058698654,15.07064700126648,0.0
1779968037,100,GET,/product/OLJCESPC7Z,0.700000,0.700000,6,6,6,6,8,8,8,8,8,8,8,23,23,6,7.76559486479053,3.4081119811162353,19.56289599183947,0.0
1779968037,100,,Aggregated,56.800000,56.800000,6,7,9,10,15,25,43,68,1100,1100,1100,2106,2106,9,20.060343490809586,2.3423890816047788,1109.7564699593931,0.0
1779968038,100,GET,/,42.200000,42.200000,6,7,8,9,14,21,36,48,1000,1000,1000,1605,1605,9,19.816163334795316,2.3423890816047788,1109.7564699593931,0.0
1779968038,100,POST,/cart,4.600000,4.600000,6,7,8,9,21,29,37,52,52,52,52,182,182,9,17.537052540369537,3.33294493611902,1049.3516599526629,0.0
1779968038,100,POST,/cart/checkout,2.700000,2.700000,8,9,11,11,13,26,26,26,26,26,26,93,93,9,22.01889401366834,3.6858569364994764,1100.5765120498836,0.0
1779968038,100,GET,/product/0PUK6V6EV0,1.100000,1.100000,7,8,8,11,17,17,17,17,17,17,17,34,34,8,40.27808578137089,3.7866869242861867,1082.3089909972623,0.0
1779968038,100,GET,/product/1YMWWN1N4O,0.900000,0.900000,5,6,6,6,10,10,10,10,10,10,10,32,32,6,7.417592591082212,3.74691397882998,12.838131980970502,0.0
1779968038,100,GET,/product/2ZYFJ3GM2N,1.200000,1.200000,5,7,8,9,11,17,17,17,17,17,17,34,34,7,8.241716070401976,3.183057066053152,30.053916038013995,0.0
1779968038,100,GET,/product/66VCHSJNUP,0.500000,0.500000,6,6,8,8,68,68,68,68,68,68,68,33,33,8,42.20817644840501,3.939298097975552,1041.2659239955246,0.0
1779968038,100,GET,/product/6E92ZMYYFZ,0.800000,0.800000,6,6,8,11,25,25,25,25,25,25,25,38,38,7,8.64836052795382,3.2917680218815804,25.225055986084044,0.0
1779968038,100,GET,/product/9SIQT8TOJO,0.500000,0.500000,4,6,6,6,1000,1000,1000,1000,1000,1000,1000,24,24,6,49.94011562181792,3.651228966191411,1014.9186470080167,0.0
1779968038,100,GET,/product/L9ECAV7KIM,0.500000,0.500000,6,7,7,7,7,7,7,7,7,7,7,25,25,7,9.408029993064702,4.21895005274564,42.67131397500634,0.0
1779968038,100,GET,/product/LS4PSXUNUM,0.700000,0.700000,9,10,12,12,14,14,14,14,14,14,14,36,36,8,8.39348929002881,3.589075058698654,15.07064700126648,0.0
1779968038,100,GET,/product/OLJCESPC7Z,0.500000,0.500000,4,5,5,6,6,6,6,6,6,6,6,24,24,6,7.594313205724272,3.4081119811162353,19.56289599183947,0.0
1779968038,100,,Aggregated,56.200000,56.200000,6,7,8,9,14,23,36,49,1000,1000,1000,2160,2160,8,19.708879288346335,2.3423890816047788,1109.7564699593931,0.0
1779968039,100,GET,/,42.600000,42.600000,6,7,8,9,14,23,39,49,1000,1000,1000,1655,1655,8,20.058524454775014,2.3423890816047788,1109.7564699593931,0.0
1779968039,100,POST,/cart,4.900000,4.900000,6,7,8,12,21,29,37,52,52,52,52,187,187,9,17.315576345420737,3.33294493611902,1049.3516599526629,0.0
1779968039,100,POST,/cart/checkout,2.400000,2.400000,8,9,11,11,11,26,26,26,26,26,26,93,93,9,22.01889401366834,3.6858569364994764,1100.5765120498836,0.0
1779968039,100,GET,/product/0PUK6V6EV0,1.200000,1.200000,7,8,8,11,17,17,17,17,17,17,17,34,34,8,40.27808578137089,3.7866869242861867,1082.3089909972623,0.0
1779968039,100,GET,/product/1YMWWN1N4O,0.800000,0.800000,5,6,6,6,10,10,10,10,10,10,10,34,34,6,7.283892674262033,3.74691397882998,12.838131980970502,0.0
1779968039,100,GET,/product/2ZYFJ3GM2N,1.200000,1.200000,5,7,8,9,11,17,17,17,17,17,17,34,34,7,8.241716070401976,3.183057066053152,30.053916038013995,0.0
1779968039,100,GET,/product/66VCHSJNUP,0.600000,0.600000,6,6,8,8,68,68,68,68,68,68,68,33,33,8,42.20817644840501,3.939298097975552,1041.2659239955246,0.0
1779968039,100,GET,/product/6E92ZMYYFZ,1.000000,1.000000,6,6,8,11,25,25,25,25,25,25,25,38,38,7,8.64836052795382,3.2917680218815804,25.225055986084044,0.0
1779968039,100,GET,/product/9SIQT8TOJO,0.600000,0.600000,4,6,6,6,1000,1000,1000,1000,1000,1000,1000,24,24,6,49.94011562181792,3.651228966191411,1014.9186470080167,0.0
1779968039,100,GET,/product/L9ECAV7KIM,0.400000,0.400000,7,7,7,7,9,9,9,9,9,9,9,26,26,7,9.373356377741752,4.21895005274564,42.67131397500634,0.0
1779968039,100,GET,/product/LS4PSXUNUM,0.400000,0.400000,9,10,12,12,14,14,14,14,14,14,14,37,37,8,8.30715468681946,3.589075058698654,15.07064700126648,0.0
1779968039,100,GET,/product/OLJCESPC7Z,0.600000,0.600000,4,4,5,5,5,5,5,5,5,5,5,24,24,6,7.594313205724272,3.4081119811162353,19.56289599183947,0.0
1779968039,100,,Aggregated,56.700000,56.700000,6,7,8,9,14,23,37,52,1000,1000,1000,2219,2219,8,19.84378517816895,2.3423890816047788,1109.7564699593931,0.0
1779968040,100,GET,/,42.500000,42.500000,6,7,8,9,13,19,36,48,1000,1000,1000,1699,1699,8,19.699513835184554,2.3423890816047788,1109.7564699593931,0.0
1779968040,100,POST,/cart,5.100000,5.100000,6,7,9,9,19,29,37,52,52,52,52,193,193,9,16.988461459576698,3.33294493611902,1049.3516599526629,0.0
1779968040,100,POST,/cart/checkout,2.100000,2.100000,8,9,9,11,11,13,13,13,13,13,13,96,96,9,21.635228199253714,3.6858569364994764,1100.5765120498836,0.0
1779968040,100,GET,/product/0PUK6V6EV0,1.000000,1.000000,8,8,9,9,11,17,17,17,17,17,17,36,36,8,38.49802660018516,3.7866869242861867,1082.3089909972623,0.0
1779968040,100,GET,/product/1YMWWN1N4O,0.600000,0.600000,5,5,6,6,10,10,10,10,10,10,10,35,35,6,7.183780910314193,3.74691397882998,12.838131980970502,0.0
1779968040,100,GET,/product/2ZYFJ3GM2N,1.500000,1.500000,5,7,8,8,11,17,17,17,17,17,17,34,34,7,8.241716070401976,3.183057066053152,30.053916038013995,0.0
1779968040,100,GET,/product/66VCHSJNUP,0.500000,0.500000,6,6,6,6,8,8,8,8,8,8,8,33,33,8,42.20817644840501,3.939298097975552,1041.2659239955246,0.0
1779968040,100,GET,/product/6E92ZMYYFZ,1.100000,1.100000,6,6,8,11,12,12,12,12,12,12,12,39,39,8,8.73357208015827,3.2917680218815804,25.225055986084044,0.0
1779968040,100,GET,/product/9SIQT8TOJO,0.500000,0.500000,6,6,10,10,1000,1000,1000,1000,1000,1000,1000,25,25,6,48.33461755886674,3.651228966191411,1014.9186470080167,0.0
1779968040,100,GET,/product/L9ECAV7KIM,0.500000,0.500000,7,7,9,9,13,13,13,13,13,13,13,27,27,7,9.505095033630452,4.21895005274564,42.67131397500634,0.0
1779968040,100,GET,/product/LS4PSXUNUM,0.400000,0.400000,6,9,10,10,14,14,14,14,14,14,14,37,37,8,8.30715468681946,3.589075058698654,15.07064700126648,0.0
1779968040,100,GET,/product/OLJCESPC7Z,0.600000,0.600000,4,4,5,5,5,5,5,5,5,5,5,24,24,6,7.594313205724272,3.4081119811162353,19.56289599183947,0.0
1779968040,100,,Aggregated,56.400000,56.400000,6,7,8,9,13,19,36,49,1000,1000,1000,2278,2278,8,19.504354253652096,2.3423890816047788,1109.7564699593931,0.0
1779968041,100,GET,/,42.300000,42.300000,6,7,7,8,11,16,26,30,1000,1000,1000,1741,1741,8,19.435297055258204,2.3423890816047788,1109.7564699593931,0.0
1779968041,100,POST,/cart,5.200000,5.200000,6,7,7,8,15,19,29,52,52,52,52,200,200,9,16.666258199256845,3.33294493611902,1049.3516599526629,0.0
1779968041,100,POST,/cart/checkout,1.500000,1.500000,8,9,11,11,11,13,13,13,13,13,13,96,96,9,21.635228199253714,3.6858569364994764,1100.5765120498836,0.0
1779968041,100,GET,/product/0PUK6V6EV0,0.900000,0.900000,8,8,8,9,11,11,11,11,11,11,11,36,36,8,38.49802660018516,3.7866869242861867,1082.3089909972623,0.0
1779968041,100,GET,/product/1YMWWN1N4O,0.600000,0.600000,5,5,6,6,6,6,6,6,6,6,6,35,35,6,7.183780910314193,3.74691397882998,12.838131980970502,0.0
1779968041,100,GET,/product/2ZYFJ3GM2N,1.300000,1.300000,5,6,7,7,11,11,11,11,11,11,11,34,34,7,8.241716070401976,3.183057066053152,30.053916038013995,0.0
1779968041,100,GET,/product/66VCHSJNUP,0.600000,0.600000,6,6,6,6,8,8,8,8,8,8,8,33,33,8,42.20817644840501,3.939298097975552,1041.2659239955246,0.0
1779968041,100,GET,/product/6E92ZMYYFZ,1.000000,1.000000,6,6,8,11,12,12,12,12,12,12,12,39,39,8,8.73357208015827,3.2917680218815804,25.225055986084044,0.0
1779968041,100,GET,/product/9SIQT8TOJO,0.700000,0.700000,6,6,10,10,1000,1000,1000,1000,1000,1000,1000,25,25,6,48.33461755886674,3.651228966191411,1014.9186470080167,0.0
1779968041,100,GET,/product/L9ECAV7KIM,0.500000,0.500000,7,7,9,9,13,13,13,13,13,13,13,27,27,7,9.505095033630452,4.21895005274564,42.67131397500634,0.0
1779968041,100,GET,/product/LS4PSXUNUM,0.600000,0.600000,6,9,10,10,14,14,14,14,14,14,14,37,37,8,8.30715468681946,3.589075058698654,15.07064700126648,0.0
1779968041,100,GET,/product/OLJCESPC7Z,0.500000,0.500000,4,4,5,5,5,5,5,5,5,5,5,24,24,6,7.594313205724272,3.4081119811162353,19.56289599183947,0.0
1779968041,100,,Aggregated,55.700000,55.700000,6,7,7,8,11,16,26,46,1000,1000,1000,2327,2327,8,19.274935855263653,2.3423890816047788,1109.7564699593931,0.0
1779968042,100,GET,/,43.800000,43.800000,6,7,8,8,11,16,26,30,1000,1000,1000,1785,1785,8,19.68708006862071,2.3423890816047788,1109.7564699593931,0.0
1779968042,100,POST,/cart,5.400000,5.400000,6,7,7,9,15,21,52,52,52,52,52,204,204,9,16.549382603033354,3.33294493611902,1049.3516599526629,0.0
1779968042,100,POST,/cart/checkout,1.400000,1.400000,9,9,11,11,13,13,13,13,13,13,13,98,98,9,21.4261381235924,3.6858569364994764,1100.5765120498836,0.0
1779968042,100,GET,/product/0PUK6V6EV0,0.900000,0.900000,8,8,8,9,11,11,11,11,11,11,11,37,37,8,37.59878096044869,3.7866869242861867,1082.3089909972623,0.0
1779968042,100,GET,/product/1YMWWN1N4O,0.800000,0.800000,5,5,6,6,6,6,6,6,6,6,6,35,35,6,7.183780910314193,3.74691397882998,12.838131980970502,0.0
1779968042,100,GET,/product/2ZYFJ3GM2N,1.100000,1.100000,5,5,6,6,7,7,7,7,7,7,7,34,34,7,8.241716070401976,3.183057066053152,30.053916038013995,0.0
1779968042,100,GET,/product/66VCHSJNUP,0.600000,0.600000,5,6,6,6,8,8,8,8,8,8,8,35,35,7,40.00604950955936,3.0031490605324507,1041.2659239955246,0.0
1779968042,100,GET,/product/6E92ZMYYFZ,0.900000,0.900000,6,8,11,12,18,18,18,18,18,18,18,40,40,8,8.965342355077155,3.2917680218815804,25.225055986084044,0.0
1779968042,100,GET,/product/9SIQT8TOJO,0.700000,0.700000,4,4,6,10,1000,1000,1000,1000,1000,1000,1000,28,28,6,43.51072725174682,3.042588010430336,1014.9186470080167,0.0
1779968042,100,GET,/product/L9ECAV7KIM,0.500000,0.500000,5,6,9,9,13,13,13,13,13,13,13,29,29,7,9.190597860463734,4.21895005274564,42.67131397500634,0.0
1779968042,100,GET,/product/LS4PSXUNUM,0.700000,0.700000,6,9,10,10,14,14,14,14,14,14,14,38,38,8,8.224856457673013,3.589075058698654,15.07064700126648,0.0
1779968042,100,GET,/product/OLJCESPC7Z,0.400000,0.400000,4,4,5,5,5,5,5,5,5,5,5,24,24,6,7.594313205724272,3.4081119811162353,19.56289599183947,0.0
1779968042,100,,Aggregated,57.200000,57.200000,6,7,8,9,11,16,26,46,1000,1000,1000,2387,2387,8,19.387742050179753,2.3423890816047788,1109.7564699593931,0.0
1779968043,100,GET,/,44.500000,44.500000,6,7,7,8,11,16,26,30,1000,1000,1000,1827,1827,8,19.412889383752642,2.3423890816047788,1109.7564699593931,0.0
1779968043,100,POST,/cart,5.200000,5.200000,6,7,7,8,13,21,29,52,52,52,52,206,206,9,16.450485728287763,3.33294493611902,1049.3516599526629,0.0
1779968043,100,POST,/cart/checkout,1.300000,1.300000,8,9,13,13,13,14,14,14,14,14,14,100,100,9,21.220292940270156,3.6858569364994764,1100.5765120498836,0.0
1779968043,100,GET,/product/0PUK6V6EV0,1.100000,1.100000,9,9,9,9,11,11,11,11,11,11,11,39,39,8,36.11697770285014,3.7866869242861867,1082.3089909972623,0.0
1779968043,100,GET,/product/1YMWWN1N4O,0.800000,0.800000,5,5,6,6,6,6,6,6,6,6,6,35,35,6,7.183780910314193,3.74691397882998,12.838131980970502,0.0
1779968043,100,GET,/product/2ZYFJ3GM2N,1.100000,1.100000,4,5,5,6,6,6,6,6,6,6,6,34,34,7,8.241716070401976,3.183057066053152,30.053916038013995,0.0
1779968043,100,GET,/product/66VCHSJNUP,0.600000,0.600000,5,6,6,6,8,8,8,8,8,8,8,35,35,7,40.00604950955936,3.0031490605324507,1041.2659239955246,0.0
1779968043,100,GET,/product/6E92ZMYYFZ,0.900000,0.900000,6,8,11,12,18,18,18,18,18,18,18,41,41,8,8.865697272462635,3.2917680218815804,25.225055986084044,0.0
1779968043,100,GET,/product/9SIQT8TOJO,0.700000,0.700000,4,4,6,10,1000,1000,1000,1000,1000,1000,1000,28,28,6,43.51072725174682,3.042588010430336,1014.9186470080167,0.0
1779968043,100,GET,/product/L9ECAV7KIM,0.600000,0.600000,6,6,7,9,13,13,13,13,13,13,13,31,31,7,9.023718058972829,4.21895005274564,42.67131397500634,0.0
1779968043,100,GET,/product/LS4PSXUNUM,0.700000,0.700000,6,9,10,10,14,14,14,14,14,14,14,38,38,8,8.224856457673013,3.589075058698654,15.07064700126648,0.0
1779968043,100,GET,/product/OLJCESPC7Z,0.300000,0.300000,5,5,9,9,9,9,9,9,9,9,9,25,25,6,7.652118597179651,3.4081119811162353,19.56289599183947,0.0
1779968043,100,,Aggregated,57.800000,57.800000,6,7,8,9,11,16,26,46,1000,1000,1000,2439,2439,8,19.140623009856448,2.3423890816047788,1109.7564699593931,0.0
1779968044,100,GET,/,44.200000,44.200000,6,7,8,9,12,17,37,76,1000,1000,1000,1865,1865,8,19.28842776653484,2.3423890816047788,1109.7564699593931,0.0
1779968044,100,POST,/cart,5.200000,5.200000,6,7,8,9,17,26,29,52,52,52,52,212,212,9,16.275564076286688,3.33294493611902,1049.3516599526629,0.0
1779968044,100,POST,/cart/checkout,1.200000,1.200000,7,9,13,13,14,1000,1000,1000,1000,1000,1000,103,103,9,30.52904745518655,3.6858569364994764,1100.5765120498836,0.0
1779968044,100,GET,/product/0PUK6V6EV0,0.900000,0.900000,8,9,9,9,11,11,11,11,11,11,11,41,41,8,34.56283835183102,3.7866869242861867,1082.3089909972623,0.0
1779968044,100,GET,/product/1YMWWN1N4O,0.800000,0.800000,5,5,5,5,6,6,6,6,6,6,6,36,36,6,7.112849662209758,3.74691397882998,12.838131980970502,0.0
1779968044,100,GET,/product/2ZYFJ3GM2N,0.700000,0.700000,4,5,5,6,6,6,6,6,6,6,6,35,35,7,8.155454608744808,3.183057066053152,30.053916038013995,0.0
1779968044,100,GET,/product/66VCHSJNUP,0.600000,0.600000,4,5,6,6,6,6,6,6,6,6,6,36,36,7,38.986619911156595,3.0031490605324507,1041.2659239955246,0.0
1779968044,100,GET,/product/6E92ZMYYFZ,0.800000,0.800000,6,11,12,12,18,18,18,18,18,18,18,41,41,8,8.865697272462635,3.2917680218815804,25.225055986084044,0.0
1779968044,100,GET,/product/9SIQT8TOJO,0.600000,0.600000,4,6,10,10,1000,1000,1000,1000,1000,1000,1000,28,28,6,43.51072725174682,3.042588010430336,1014.9186470080167,0.0
1779968044,100,GET,/product/L9ECAV7KIM,0.500000,0.500000,6,6,7,9,13,13,13,13,13,13,13,31,31,7,9.023718058972829,4.21895005274564,42.67131397500634,0.0
1779968044,100,GET,/product/LS4PSXUNUM,0.700000,0.700000,9,10,14,14,15,15,15,15,15,15,15,39,39,8,8.400921650135365,3.589075058698654,15.091398963704705,0.0
1779968044,100,GET,/product/OLJCESPC7Z,0.300000,0.300000,5,5,9,9,9,9,9,9,9,9,9,25,25,6,7.652118597179651,3.4081119811162353,19.56289599183947,0.0
1779968044,100,,Aggregated,56.500000,56.500000,6,7,8,9,13,18,37,82,1000,1000,1000,2492,2492,8,19.386194047090534,2.3423890816047788,1109.7564699593931,0.0
1779968045,100,GET,/,44.700000,44.700000,6,7,8,9,12,19,46,76,1000,1000,1000,1913,1913,8,19.03480880776195,2.3423890816047788,1109.7564699593931,0.0
1779968045,100,POST,/cart,5.000000,5.000000,6,7,8,9,18,26,52,52,52,52,52,215,215,9,16.12739666624991,3.33294493611902,1049.3516599526629,0.0
1779968045,100,POST,/cart/checkout,1.200000,1.200000,8,9,13,13,14,1000,1000,1000,1000,1000,1000,104,104,9,30.299615460815122,3.6858569364994764,1100.5765120498836,0.0
1779968045,100,GET,/product/0PUK6V6EV0,0.900000,0.900000,8,9,9,9,9,9,9,9,9,9,9,41,41,8,34.56283835183102,3.7866869242861867,1082.3089909972623,0.0
1779968045,100,GET,/product/1YMWWN1N4O,0.700000,0.700000,5,5,6,6,6,6,6,6,6,6,6,37,37,6,7.075212672478645,3.74691397882998,12.838131980970502,0.0
1779968045,100,GET,/product/2ZYFJ3GM2N,0.600000,0.600000,5,6,6,6,7,7,7,7,7,7,7,37,37,7,8.060294197167497,3.183057066053152,30.053916038013995,0.0
1779968045,100,GET,/product/66VCHSJNUP,0.700000,0.700000,4,5,6,6,6,6,6,6,6,6,6,38,38,6,37.16616583742986,3.0031490605324507,1041.2659239955246,0.0
1779968045,100,GET,/product/6E92ZMYYFZ,0.900000,0.900000,11,11,12,12,18,18,18,18,18,18,18,41,41,8,8.865697272462635,3.2917680218815804,25.225055986084044,0.0
1779968045,100,GET,/product/9SIQT8TOJO,0.900000,0.900000,5,6,8,8,10,10,10,10,10,10,10,31,31,6,39.954219903466445,3.042588010430336,1014.9186470080167,0.0
1779968045,100,GET,/product/L9ECAV7KIM,0.700000,0.700000,5,6,7,9,13,13,13,13,13,13,13,32,32,7,8.89022737101186,4.21895005274564,42.67131397500634,0.0
1779968045,100,GET,/product/LS4PSXUNUM,0.800000,0.800000,9,10,14,14,15,15,15,15,15,15,15,40,40,8,8.364087410154752,3.589075058698654,15.091398963704705,0.0
1779968045,100,GET,/product/OLJCESPC7Z,0.300000,0.300000,5,5,9,9,9,9,9,9,9,9,9,25,25,6,7.652118597179651,3.4081119811162353,19.56289599183947,0.0
1779968045,100,,Aggregated,57.400000,57.400000,6,7,8,9,13,18,41,76,1000,1000,1000,2554,2554,8,19.12058422522628,2.3423890816047788,1109.7564699593931,0.0
1779968046,100,GET,/,44.300000,44.300000,6,7,8,9,12,18,57,82,1100,1100,1100,1967,1967,8,19.26156583769568,2.3423890816047788,1109.7564699593931,0.0
1779968046,100,POST,/cart,5.100000,5.100000,6,7,7,9,15,18,26,26,26,26,26,218,218,9,15.977997867360608,3.33294493611902,1049.3516599526629,0.0
1779968046,100,POST,/cart/checkout,1.200000,1.200000,8,9,13,13,14,1000,1000,1000,1000,1000,1000,105,105,9,30.08063436108863,3.6858569364994764,1100.5765120498836,0.0
1779968046,100,GET,/product/0PUK6V6EV0,0.700000,0.700000,8,8,9,9,9,9,9,9,9,9,9,42,42,8,33.921330177690834,3.7866869242861867,1082.3089909972623,0.0
1779968046,100,GET,/product/1YMWWN1N4O,0.700000,0.700000,5,6,6,6,6,6,6,6,6,6,6,38,38,6,7.059460208677736,3.74691397882998,12.838131980970502,0.0
1779968046,100,GET,/product/2ZYFJ3GM2N,0.500000,0.500000,6,6,7,7,7,7,7,7,7,7,7,38,38,7,8.044647429702117,3.183057066053152,30.053916038013995,0.0
1779968046,100,GET,/product/66VCHSJNUP,0.600000,0.600000,4,5,5,5,6,6,6,6,6,6,6,41,41,6,34.79937460591517,3.0031490605324507,1041.2659239955246,0.0
1779968046,100,GET,/product/6E92ZMYYFZ,0.900000,0.900000,12,12,18,18,18,18,18,18,18,18,18,41,41,8,8.865697272462635,3.2917680218815804,25.225055986084044,0.0
1779968046,100,GET,/product/9SIQT8TOJO,0.900000,0.900000,5,6,8,8,10,10,10,10,10,10,10,31,31,6,39.954219903466445,3.042588010430336,1014.9186470080167,0.0
1779968046,100,GET,/product/L9ECAV7KIM,0.800000,0.800000,5,6,7,9,13,13,13,13,13,13,13,32,32,7,8.89022737101186,4.21895005274564,42.67131397500634,0.0
1779968046,100,GET,/product/LS4PSXUNUM,0.800000,0.800000,7,9,10,10,15,15,15,15,15,15,15,40,40,8,8.364087410154752,3.589075058698654,15.091398963704705,0.0
1779968046,100,GET,/product/OLJCESPC7Z,0.400000,0.400000,6,6,9,9,9,9,9,9,9,9,9,26,26,6,7.58931965370161,3.4081119811162353,19.56289599183947,0.0
1779968046,100,,Aggregated,56.900000,56.900000,6,7,8,9,12,17,37,82,1100,1100,1100,2619,2619,8,19.233693757450755,2.3423890816047788,1109.7564699593931,0.0
1779968047,100,GET,/,42.900000,42.900000,6,7,8,9,12,19,41,76,1100,1100,1100,2007,2007,8,19.02777825873837,2.3423890816047788,1109.7564699593931,0.0
1779968047,100,POST,/cart,5.100000,5.100000,6,7,7,9,15,18,26,26,26,26,26,224,224,9,15.718209290623365,3.33294493611902,1049.3516599526629,0.0
1779968047,100,POST,/cart/checkout,1.300000,1.300000,8,9,13,13,15,1000,1000,1000,1000,1000,1000,107,107,9,29.70327513953932,3.6858569364994764,1100.5765120498836,0.0
1779968047,100,GET,/product/0PUK6V6EV0,0.800000,0.800000,8,8,9,9,9,9,9,9,9,9,9,42,42,8,33.921330177690834,3.7866869242861867,1082.3089909972623,0.0
1779968047,100,GET,/product/1YMWWN1N4O,0.600000,0.600000,5,6,6,6,6,6,6,6,6,6,6,38,38,6,7.059460208677736,3.74691397882998,12.838131980970502,0.0
1779968047,100,GET,/product/2ZYFJ3GM2N,0.500000,0.500000,6,6,7,7,7,7,7,7,7,7,7,38,38,7,8.044647429702117,3.183057066053152,30.053916038013995,0.0
1779968047,100,GET,/product/66VCHSJNUP,0.700000,0.700000,5,5,6,6,6,8,8,8,8,8,8,43,43,6,33.49107976320611,3.0031490605324507,1041.2659239955246,0.0
1779968047,100,GET,/product/6E92ZMYYFZ,0.700000,0.700000,12,12,18,18,18,18,18,18,18,18,18,41,41,8,8.865697272462635,3.2917680218815804,25.225055986084044,0.0
1779968047,100,GET,/product/9SIQT8TOJO,0.800000,0.800000,5,6,8,8,10,10,10,10,10,10,10,32,32,6,38.856756436871365,3.042588010430336,1014.9186470080167,0.0
1779968047,100,GET,/product/L9ECAV7KIM,0.800000,0.800000,6,7,9,9,13,13,13,13,13,13,13,32,32,7,8.89022737101186,4.21895005274564,42.67131397500634,0.0
1779968047,100,GET,/product/LS4PSXUNUM,0.800000,0.800000,7,9,9,9,15,15,15,15,15,15,15,41,41,8,8.369563326307732,3.589075058698654,15.091398963704705,0.0
1779968047,100,GET,/product/OLJCESPC7Z,0.400000,0.400000,6,6,9,9,9,9,9,9,9,9,9,26,26,6,7.58931965370161,3.4081119811162353,19.56289599183947,0.0
1779968047,100,,Aggregated,55.400000,55.400000,6,7,8,9,12,18,37,76,1100,1100,1100,2671,2671,8,19.003564264790587,2.3423890816047788,1109.7564699593931,0.0
1779968048,100,GET,/,43.600000,43.600000,6,7,8,9,13,19,57,82,1100,1100,1100,2047,2047,8,19.312290046930507,2.3423890816047788,1109.7564699593931,0.0
1779968048,100,POST,/cart,5.000000,5.000000,6,7,7,9,13,17,26,26,26,26,26,230,230,8,15.46626632537126,3.33294493611902,1049.3516599526629,0.0
1779968048,100,POST,/cart/checkout,1.400000,1.400000,8,9,13,13,15,1000,1000,1000,1000,1000,1000,111,111,9,28.879829665629178,3.6858569364994764,1100.5765120498836,0.0
1779968048,100,GET,/product/0PUK6V6EV0,0.800000,0.800000,8,9,9,9,9,9,9,9,9,9,9,42,42,8,33.921330177690834,3.7866869242861867,1082.3089909972623,0.0
1779968048,100,GET,/product/1YMWWN1N4O,0.600000,0.600000,6,6,6,6,6,6,6,6,6,6,6,38,38,6,7.059460208677736,3.74691397882998,12.838131980970502,0.0
1779968048,100,GET,/product/2ZYFJ3GM2N,0.600000,0.600000,6,6,7,7,7,7,7,7,7,7,7,38,38,7,8.044647429702117,3.183057066053152,30.053916038013995,0.0
1779968048,100,GET,/product/66VCHSJNUP,0.800000,0.800000,5,5,6,6,8,8,8,8,8,8,8,44,44,6,32.91434383771213,3.0031490605324507,1041.2659239955246,0.0
1779968048,100,GET,/product/6E92ZMYYFZ,0.600000,0.600000,12,12,18,18,18,18,18,18,18,18,18,41,41,8,8.865697272462635,3.2917680218815804,25.225055986084044,0.0
1779968048,100,GET,/product/9SIQT8TOJO,1.000000,1.000000,5,6,8,8,10,10,10,10,10,10,10,32,32,6,38.856756436871365,3.042588010430336,1014.9186470080167,0.0
1779968048,100,GET,/product/L9ECAV7KIM,0.900000,0.900000,6,7,9,9,13,13,13,13,13,13,13,33,33,7,8.75824181518207,4.21895005274564,42.67131397500634,0.0
1779968048,100,GET,/product/LS4PSXUNUM,0.800000,0.800000,7,7,9,9,15,15,15,15,15,15,15,44,44,7,8.175282262858342,3.589075058698654,15.091398963704705,0.0
1779968048,100,GET,/product/OLJCESPC7Z,0.400000,0.400000,6,6,9,9,9,9,9,9,9,9,9,26,26,6,7.58931965370161,3.4081119811162353,19.56289599183947,0.0
1779968048,100,,Aggregated,56.500000,56.500000,6,7,8,9,13,18,39,82,1100,1100,1100,2726,2726,8,19.147105526405586,2.3423890816047788,1109.7564699593931,0.0
1779968050,100,GET,/,44.400000,44.400000,7,8,9,10,14,19,41,76,1100,1100,1100,2103,2103,8,19.05622555291049,2.3423890816047788,1109.7564699593931,0.0
1779968050,100,POST,/cart,4.500000,4.500000,6,7,7,10,17,24,26,26,26,26,26,233,233,8,15.415017715407448,3.33294493611902,1049.3516599526629,0.0
1779968050,100,POST,/cart/checkout,1.400000,1.400000,9,12,13,13,15,1000,1000,1000,1000,1000,1000,113,113,9,28.575727061896,3.6858569364994764,1100.5765120498836,0.0
1779968050,100,GET,/product/0PUK6V6EV0,0.800000,0.800000,8,8,9,9,9,9,9,9,9,9,9,44,44,8,32.596717014464296,3.7866869242861867,1082.3089909972623,0.0
1779968050,100,GET,/product/1YMWWN1N4O,0.700000,0.700000,5,5,6,6,6,6,6,6,6,6,6,40,40,6,6.924994647852145,3.74691397882998,12.838131980970502,0.0
1779968050,100,GET,/product/2ZYFJ3GM2N,0.700000,0.700000,7,8,8,8,10,10,10,10,10,10,10,42,42,7,8.060844030253412,3.183057066053152,30.053916038013995,0.0
1779968050,100,GET,/product/66VCHSJNUP,1.000000,1.000000,5,5,6,6,8,8,8,8,8,8,8,44,44,6,32.91434383771213,3.0031490605324507,1041.2659239955246,0.0
1779968050,100,GET,/product/6E92ZMYYFZ,0.400000,0.400000,12,12,18,18,18,18,18,18,18,18,18,42,42,8,8.95105607785462,3.2917680218815804,25.225055986084044,0.0
1779968050,100,GET,/product/9SIQT8TOJO,0.900000,0.900000,5,6,8,8,10,10,10,10,10,10,10,33,33,6,37.855052576174565,3.042588010430336,1014.9186470080167,0.0
1779968050,100,GET,/product/L9ECAV7KIM,0.900000,0.900000,5,6,7,7,13,13,13,13,13,13,13,33,33,7,8.75824181518207,4.21895005274564,42.67131397500634,0.0
1779968050,100,GET,/product/LS4PSXUNUM,0.700000,0.700000,7,7,9,9,15,15,15,15,15,15,15,44,44,7,8.175282262858342,3.589075058698654,15.091398963704705,0.0
1779968050,100,GET,/product/OLJCESPC7Z,0.400000,0.400000,9,9,18,18,18,18,18,18,18,18,18,27,27,6,7.975263370166498,3.4081119811162353,19.56289599183947,0.0
1779968050,100,,Aggregated,56.800000,56.800000,6,8,9,10,14,19,39,76,1100,1100,1100,2798,2798,8,18.90038175013594,2.3423890816047788,1109.7564699593931,0.0
1779968051,100,GET,/,44.200000,44.200000,7,8,9,10,14,19,57,82,1100,1100,1100,2140,2140,8,18.869029917258107,2.3423890816047788,1109.7564699593931,0.0
1779968051,100,POST,/cart,4.500000,4.500000,5,7,7,10,17,24,26,26,26,26,26,233,233,8,15.415017715407448,3.33294493611902,1049.3516599526629,0.0
1779968051,100,POST,/cart/checkout,1.400000,1.400000,9,12,14,15,21,1000,1000,1000,1000,1000,1000,115,115,9,28.40395820752272,3.6858569364994764,1100.5765120498836,0.0
1779968051,100,GET,/product/0PUK6V6EV0,0.800000,0.800000,5,8,9,9,9,9,9,9,9,9,9,44,44,8,32.596717014464296,3.7866869242861867,1082.3089909972623,0.0
1779968051,100,GET,/product/1YMWWN1N4O,0.700000,0.700000,5,6,6,6,6,6,6,6,6,6,6,41,41,6,6.9140189969003565,3.74691397882998,12.838131980970502,0.0
1779968051,100,GET,/product/2ZYFJ3GM2N,0.400000,0.400000,7,8,8,8,10,10,10,10,10,10,10,42,42,7,8.060844030253412,3.183057066053152,30.053916038013995,0.0
1779968051,100,GET,/product/66VCHSJNUP,1.200000,1.200000,5,5,6,6,8,8,8,8,8,8,8,45,45,6,32.27845337500589,3.0031490605324507,1041.2659239955246,0.0
1779968051,100,GET,/product/6E92ZMYYFZ,0.300000,0.300000,12,12,18,18,18,18,18,18,18,18,18,43,43,8,8.83698921520696,3.2917680218815804,25.225055986084044,0.0
1779968051,100,GET,/product/9SIQT8TOJO,1.000000,1.000000,5,6,8,8,31,31,31,31,31,31,31,34,34,6,37.64299338217825,3.042588010430336,1014.9186470080167,0.0
1779968051,100,GET,/product/L9ECAV7KIM,0.800000,0.800000,5,5,6,6,7,7,7,7,7,7,7,34,34,7,8.650202263037071,4.21895005274564,42.67131397500634,0.0
1779968051,100,GET,/product/LS4PSXUNUM,0.700000,0.700000,7,7,9,9,15,15,15,15,15,15,15,44,44,7,8.175282262858342,3.589075058698654,15.091398963704705,0.0
1779968051,100,GET,/product/OLJCESPC7Z,0.300000,0.300000,9,9,18,18,18,18,18,18,18,18,18,27,27,6,7.975263370166498,3.4081119811162353,19.56289599183947,0.0
1779968051,100,,Aggregated,56.300000,56.300000,6,8,9,10,14,19,39,76,1100,1100,1100,2842,2842,8,18.745847375754444,2.3423890816047788,1109.7564699593931,0.0
1779968052,100,GET,/,44.000000,44.000000,7,8,10,11,17,26,57,82,1100,1100,1100,2177,2177,8,19.270636440546937,2.3423890816047788,1109.7564699593931,0.0
1779968052,100,POST,/cart,4.700000,4.700000,6,7,10,12,17,26,27,27,27,27,27,239,239,9,15.370512692935796,3.33294493611902,1049.3516599526629,0.0
1779968052,100,POST,/cart/checkout,1.800000,1.800000,8,12,13,14,16,21,1000,1000,1000,1000,1000,121,121,9,27.42672131362194,3.6858569364994764,1100.5765120498836,0.0
1779968052,100,GET,/product/0PUK6V6EV0,0.800000,0.800000,8,9,9,9,15,15,15,15,15,15,15,45,45,8,32.198479324061836,3.7866869242861867,1082.3089909972623,0.0
1779968052,100,GET,/product/1YMWWN1N4O,0.600000,0.600000,6,6,6,6,7,7,7,7,7,7,7,42,42,6,6.919038235320754,3.74691397882998,12.838131980970502,0.0
1779968052,100,GET,/product/2ZYFJ3GM2N,0.400000,0.400000,7,8,8,8,10,10,10,10,10,10,10,42,42,7,8.060844030253412,3.183057066053152,30.053916038013995,0.0
1779968052,100,GET,/product/66VCHSJNUP,1.100000,1.100000,5,6,8,9,10,22,22,22,22,22,22,48,48,6,31.103455684691045,3.0031490605324507,1041.2659239955246,0.0
1779968052,100,GET,/product/6E92ZMYYFZ,0.300000,0.300000,5,5,12,12,12,12,12,12,12,12,12,43,43,8,8.83698921520696,3.2917680218815804,25.225055986084044,0.0
1779968052,100,GET,/product/9SIQT8TOJO,0.800000,0.800000,5,6,8,8,31,31,31,31,31,31,31,34,34,6,37.64299338217825,3.042588010430336,1014.9186470080167,0.0
1779968052,100,GET,/product/L9ECAV7KIM,0.800000,0.800000,6,6,7,7,13,13,13,13,13,13,13,35,35,7,8.762503312235433,4.21895005274564,42.67131397500634,0.0
1779968052,100,GET,/product/LS4PSXUNUM,0.800000,0.800000,7,7,9,9,15,15,15,15,15,15,15,46,46,7,8.142564665910829,3.589075058698654,15.091398963704705,0.0
1779968052,100,GET,/product/OLJCESPC7Z,0.200000,0.200000,9,9,18,18,18,18,18,18,18,18,18,27,27,6,7.975263370166498,3.4081119811162353,19.56289599183947,0.0
1779968052,100,,Aggregated,56.300000,56.300000,7,8,10,11,16,25,43,76,1100,1100,1100,2899,2899,8,18.996841619191187,2.3423890816047788,1109.7564699593931,0.0
1779968053,100,GET,/,44.000000,44.000000,7,9,11,12,18,31,57,82,1100,1100,1100,2223,2223,8,19.102212888520885,2.3423890816047788,1109.7564699593931,0.0
1779968053,100,POST,/cart,4.000000,4.000000,6,7,8,12,17,26,27,27,27,27,27,243,243,8,15.210845253292334,3.33294493611902,1049.3516599526629,0.0
1779968053,100,POST,/cart/checkout,1.900000,1.900000,8,10,12,13,16,21,1000,1000,1000,1000,1000,122,122,9,27.239178786374872,3.6858569364994764,1100.5765120498836,0.0
1779968053,100,GET,/product/0PUK6V6EV0,0.800000,0.800000,5,8,12,12,15,15,15,15,15,15,15,46,46,8,31.76649857778102,3.7866869242861867,1082.3089909972623,0.0
1779968053,100,GET,/product/1YMWWN1N4O,0.600000,0.600000,6,6,6,6,7,7,7,7,7,7,7,43,43,6,6.8664434609588145,3.74691397882998,12.838131980970502,0.0
1779968053,100,GET,/product/2ZYFJ3GM2N,0.800000,0.800000,7,8,8,10,11,11,11,11,11,11,11,43,43,7,8.130980609526295,3.183057066053152,30.053916038013995,0.0
1779968053,100,GET,/product/66VCHSJNUP,1.200000,1.200000,5,8,9,9,10,22,22,22,22,22,22,50,50,6,30.131331698503345,3.0031490605324507,1041.2659239955246,0.0
1779968053,100,GET,/product/6E92ZMYYFZ,0.400000,0.400000,8,8,12,12,12,12,12,12,12,12,12,44,44,8,8.808783096769316,3.2917680218815804,25.225055986084044,0.0
1779968053,100,GET,/product/9SIQT8TOJO,0.900000,0.900000,8,8,9,9,31,31,31,31,31,31,31,35,35,6,36.81632897350937,3.042588010430336,1014.9186470080167,0.0
1779968053,100,GET,/product/L9ECAV7KIM,0.700000,0.700000,7,7,8,8,13,13,13,13,13,13,13,37,37,7,8.688710617354593,4.21895005274564,42.67131397500634,0.0
1779968053,100,GET,/product/LS4PSXUNUM,0.700000,0.700000,7,7,9,9,15,15,15,15,15,15,15,47,47,7,8.110961396286779,3.589075058698654,15.091398963704705,0.0
1779968053,100,GET,/product/OLJCESPC7Z,0.300000,0.300000,9,9,18,18,18,18,18,18,18,18,18,27,27,6,7.975263370166498,3.4081119811162353,19.56289599183947,0.0
1779968053,100,,Aggregated,56.300000,56.300000,7,8,10,12,17,26,43,76,1100,1100,1100,2960,2960,8,18.81437053175555,2.3423890816047788,1109.7564699593931,0.0
1779968054,100,GET,/,43.600000,43.600000,7,9,11,13,18,27,43,1000,1100,1100,1100,2263,2263,8,19.467745724725123,2.3423890816047788,1109.7564699593931,0.0
1779968054,100,POST,/cart,3.900000,3.900000,7,10,15,16,23,27,34,34,34,34,34,251,251,9,15.3277811777047,3.33294493611902,1049.3516599526629,0.0
1779968054,100,POST,/cart/checkout,2.500000,2.500000,8,10,12,13,16,21,27,27,27,27,27,125,125,9,26.896808743476868,3.6858569364994764,1100.5765120498836,0.0
1779968054,100,GET,/product/0PUK6V6EV0,0.900000,0.900000,5,8,12,12,15,15,15,15,15,15,15,46,46,8,31.76649857778102,3.7866869242861867,1082.3089909972623,0.0
1779968054,100,GET,/product/1YMWWN1N4O,0.700000,0.700000,6,6,6,7,16,16,16,16,16,16,16,45,45,6,7.0524828405016,3.74691397882998,15.84502193145454,0.0
1779968054,100,GET,/product/2ZYFJ3GM2N,0.800000,0.800000,8,8,10,11,33,33,33,33,33,33,33,44,44,7,8.692593594208699,3.183057066053152,32.84195193555206,0.0
1779968054,100,GET,/product/66VCHSJNUP,1.500000,1.500000,6,8,9,9,10,22,22,22,22,22,22,50,50,6,30.131331698503345,3.0031490605324507,1041.2659239955246,0.0
1779968054,100,GET,/product/6E92ZMYYFZ,0.400000,0.400000,8,8,12,12,12,12,12,12,12,12,12,44,44,8,8.808783096769316,3.2917680218815804,25.225055986084044,0.0
1779968054,100,GET,/product/9SIQT8TOJO,0.900000,0.900000,8,9,11,11,31,31,31,31,31,31,31,36,36,6,36.10058591908051,3.042588010430336,1014.9186470080167,0.0
1779968054,100,GET,/product/L9ECAV7KIM,0.800000,0.800000,7,7,8,8,13,13,13,13,13,13,13,37,37,7,8.688710617354593,4.21895005274564,42.67131397500634,0.0
1779968054,100,GET,/product/LS4PSXUNUM,0.900000,0.900000,7,8,9,9,11,11,11,11,11,11,11,49,49,8,8.158722072744704,3.589075058698654,15.091398963704705,0.0
1779968054,100,GET,/product/OLJCESPC7Z,0.300000,0.300000,18,18,18,18,18,18,18,18,18,18,18,27,27,6,7.975263370166498,3.4081119811162353,19.56289599183947,0.0
1779968054,100,,Aggregated,57.200000,57.200000,7,9,11,13,18,25,37,57,1100,1100,1100,3017,3017,8,19.07734287166329,2.3423890816047788,1109.7564699593931,0.0
1779968055,100,GET,/,43.600000,43.600000,8,11,13,15,21,31,39,1000,1100,1100,1100,2306,2306,8,19.40130045523799,2.3423890816047788,1109.7564699593931,0.0
1779968055,100,POST,/cart,3.900000,3.900000,7,12,16,18,21,24,34,34,34,34,34,257,257,9,15.258716519447297,3.33294493611902,1049.3516599526629,0.0
1779968055,100,POST,/cart/checkout,2.400000,2.400000,7,10,12,13,16,21,27,27,27,27,27,127,127,9,26.581072457516054,3.6858569364994764,1100.5765120498836,0.0
1779968055,100,GET,/product/0PUK6V6EV0,0.900000,0.900000,8,12,12,15,15,15,15,15,15,15,15,46,46,8,31.76649857778102,3.7866869242861867,1082.3089909972623,0.0
1779968055,100,GET,/product/1YMWWN1N4O,0.800000,0.800000,6,6,7,9,16,16,16,16,16,16,16,46,46,6,7.1037056471180655,3.74691397882998,15.84502193145454,0.0
1779968055,100,GET,/product/2ZYFJ3GM2N,0.900000,0.900000,8,10,11,11,33,33,33,33,33,33,33,44,44,7,8.692593594208699,3.183057066053152,32.84195193555206,0.0
1779968055,100,GET,/product/66VCHSJNUP,1.500000,1.500000,8,9,9,10,22,35,35,35,35,35,35,51,51,7,30.227368097186236,3.0031490605324507,1041.2659239955246,0.0
1779968055,100,GET,/product/6E92ZMYYFZ,0.400000,0.400000,6,8,8,12,12,12,12,12,12,12,12,45,45,8,8.750673295516107,3.2917680218815804,25.225055986084044,0.0
1779968055,100,GET,/product/9SIQT8TOJO,0.700000,0.700000,8,8,9,11,31,31,31,31,31,31,31,37,37,6,35.215995919487966,3.042588010430336,1014.9186470080167,0.0
1779968055,100,GET,/product/L9ECAV7KIM,0.800000,0.800000,8,8,13,13,35,35,35,35,35,35,35,39,39,7,9.33949563664217,4.21895005274564,42.67131397500634,0.0
1779968055,100,GET,/product/LS4PSXUNUM,0.900000,0.900000,7,9,9,9,11,17,17,17,17,17,17,52,52,8,8.286146529896472,3.589075058698654,16.698440071195364,0.0
1779968055,100,GET,/product/OLJCESPC7Z,0.300000,0.300000,7,7,18,18,18,18,18,18,18,18,18,28,28,6,7.95675117738678,3.4081119811162353,19.56289599183947,0.0
1779968055,100,,Aggregated,57.100000,57.100000,8,10,12,15,20,29,36,43,1100,1100,1100,3078,3078,8,18.993978431610824,2.3423890816047788,1109.7564699593931,0.0
1779968056,100,GET,/,43.300000,43.300000,9,11,13,16,21,31,39,1000,1100,1100,1100,2346,2346,8,19.69471354843796,2.3423890816047788,1109.7564699593931,0.0
1779968056,100,POST,/cart,4.500000,4.500000,8,15,16,19,23,25,34,34,34,34,34,262,262,9,15.207672924894611,3.33294493611902,1049.3516599526629,0.0
1779968056,100,POST,/cart/checkout,2.400000,2.400000,10,12,13,15,16,21,27,27,27,27,27,131,131,9,26.157694534604786,3.6858569364994764,1100.5765120498836,0.0
1779968056,100,GET,/product/0PUK6V6EV0,0.700000,0.700000,8,8,12,12,15,15,15,15,15,15,15,47,47,8,31.22488416216158,3.7866869242861867,1082.3089909972623,0.0
1779968056,100,GET,/product/1YMWWN1N4O,1.000000,1.000000,6,6,7,9,16,16,16,16,16,16,16,46,46,6,7.1037056471180655,3.74691397882998,15.84502193145454,0.0
1779968056,100,GET,/product/2ZYFJ3GM2N,1.000000,1.000000,8,10,11,11,33,33,33,33,33,33,33,45,45,7,8.654934892223942,3.183057066053152,32.84195193555206,0.0
1779968056,100,GET,/product/66VCHSJNUP,1.500000,1.500000,8,9,10,10,22,35,35,35,35,35,35,52,52,7,29.800567670743195,3.0031490605324507,1041.2659239955246,0.0
1779968056,100,GET,/product/6E92ZMYYFZ,0.300000,0.300000,8,8,12,12,12,12,12,12,12,12,12,45,45,8,8.750673295516107,3.2917680218815804,25.225055986084044,0.0
1779968056,100,GET,/product/9SIQT8TOJO,0.800000,0.800000,9,9,11,11,31,31,31,31,31,31,31,37,37,6,35.215995919487966,3.042588010430336,1014.9186470080167,0.0
1779968056,100,GET,/product/L9ECAV7KIM,0.600000,0.600000,8,8,13,13,35,35,35,35,35,35,35,39,39,7,9.33949563664217,4.21895005274564,42.67131397500634,0.0
1779968056,100,GET,/product/LS4PSXUNUM,1.100000,1.100000,8,9,9,9,11,17,17,17,17,17,17,53,53,8,8.296550501946289,3.589075058698654,16.698440071195364,0.0
1779968056,100,GET,/product/OLJCESPC7Z,0.200000,0.200000,7,7,9,9,18,18,18,18,18,18,18,31,31,6,7.7728919324374965,3.4081119811162353,19.56289599183947,0.0
1779968056,100,,Aggregated,57.400000,57.400000,9,11,13,15,21,29,36,43,1100,1100,1100,3134,3134,8,19.1735791905124,2.3423890816047788,1109.7564699593931,0.0
1779968057,100,GET,/,43.300000,43.300000,9,12,15,17,23,34,41,1000,1100,1100,1100,2387,2387,8,20.028499063097758,2.3423890816047788,1109.7564699593931,0.0
1779968057,100,POST,/cart,4.500000,4.500000,9,15,18,19,23,25,34,34,34,34,34,265,265,9,15.150780649855733,3.33294493611902,1049.3516599526629,0.0
1779968057,100,POST,/cart/checkout,2.400000,2.400000,8,12,13,16,21,27,32,32,32,32,32,134,134,9,25.892130104449592,3.6858569364994764,1100.5765120498836,0.0
1779968057,100,GET,/product/0PUK6V6EV0,0.700000,0.700000,6,6,12,12,15,15,15,15,15,15,15,48,48,8,30.672462242364418,3.7866869242861867,1082.3089909972623,0.0
1779968057,100,GET,/product/1YMWWN1N4O,1.000000,1.000000,6,7,9,9,16,16,16,16,16,16,16,46,46,6,7.1037056471180655,3.74691397882998,15.84502193145454,0.0
1779968057,100,GET,/product/2ZYFJ3GM2N,1.000000,1.000000,8,10,11,11,33,33,33,33,33,33,33,46,46,7,8.648628568904394,3.183057066053152,32.84195193555206,0.0
1779968057,100,GET,/product/66VCHSJNUP,1.500000,1.500000,9,9,10,22,35,35,35,35,35,35,35,52,52,7,29.800567670743195,3.0031490605324507,1041.2659239955246,0.0
1779968057,100,GET,/product/6E92ZMYYFZ,0.300000,0.300000,8,8,12,12,12,12,12,12,12,12,12,45,45,8,8.750673295516107,3.2917680218815804,25.225055986084044,0.0
1779968057,100,GET,/product/9SIQT8TOJO,0.800000,0.800000,10,11,20,20,31,31,31,31,31,31,31,39,39,6,34.174413229219425,3.042588010430336,1014.9186470080167,0.0
1779968057,100,GET,/product/L9ECAV7KIM,0.600000,0.600000,8,13,19,19,35,35,35,35,35,35,35,40,40,7,9.574533143313602,4.21895005274564,42.67131397500634,0.0
1779968057,100,GET,/product/LS4PSXUNUM,1.100000,1.100000,8,9,9,9,11,17,17,17,17,17,17,54,54,8,8.31743608513433,3.589075058698654,16.698440071195364,0.0
1779968057,100,GET,/product/OLJCESPC7Z,0.200000,0.200000,7,9,18,18,19,19,19,19,19,19,19,33,33,6,8.025848906430783,3.4081119811162353,19.56289599183947,0.0
1779968057,100,,Aggregated,57.400000,57.400000,9,12,15,16,22,32,37,47,1100,1100,1100,3189,3189,8,19.398746614221178,2.3423890816047788,1109.7564699593931,0.0
1779968058,100,GET,/,43.200000,43.200000,10,13,15,17,22,31,40,1000,1100,1100,1100,2430,2430,8,19.875736529038214,2.3423890816047788,1109.7564699593931,0.0
1779968058,100,POST,/cart,4.600000,4.600000,9,15,18,19,23,25,34,34,34,34,34,273,273,9,14.964069593731901,3.33294493611902,1049.3516599526629,0.0
1779968058,100,POST,/cart/checkout,2.700000,2.700000,10,12,16,16,27,29,32,32,32,32,32,136,136,9,25.80999499974389,3.6858569364994764,1100.5765120498836,0.0
1779968058,100,GET,/product/0PUK6V6EV0,0.600000,0.600000,6,6,12,12,15,15,15,15,15,15,15,49,49,8,30.162622850407296,3.7866869242861867,1082.3089909972623,0.0
1779968058,100,GET,/product/1YMWWN1N4O,0.900000,0.900000,6,7,9,12,16,16,16,16,16,16,16,47,47,6,7.212987122561862,3.74691397882998,15.84502193145454,0.0
1779968058,100,GET,/product/2ZYFJ3GM2N,0.800000,0.800000,8,8,10,11,33,33,33,33,33,33,33,47,47,7,8.62004119466911,3.183057066053152,32.84195193555206,0.0
1779968058,100,GET,/product/66VCHSJNUP,1.400000,1.400000,9,9,10,22,35,35,35,35,35,35,35,52,52,7,29.800567670743195,3.0031490605324507,1041.2659239955246,0.0
1779968058,100,GET,/product/6E92ZMYYFZ,0.400000,0.400000,8,8,12,12,12,12,12,12,12,12,12,45,45,8,8.750673295516107,3.2917680218815804,25.225055986084044,0.0
1779968058,100,GET,/product/9SIQT8TOJO,0.600000,0.600000,10,11,20,20,31,31,31,31,31,31,31,39,39,6,34.174413229219425,3.042588010430336,1014.9186470080167,0.0
1779968058,100,GET,/product/L9ECAV7KIM,0.700000,0.700000,8,13,19,19,35,35,35,35,35,35,35,40,40,7,9.574533143313602,4.21895005274564,42.67131397500634,0.0
1779968058,100,GET,/product/LS4PSXUNUM,1.300000,1.300000,8,9,9,9,11,17,17,17,17,17,17,55,55,8,8.266968265260486,3.589075058698654,16.698440071195364,0.0
1779968058,100,GET,/product/OLJCESPC7Z,0.500000,0.500000,7,9,18,18,19,19,19,19,19,19,19,33,33,6,8.025848906430783,3.4081119811162353,19.56289599183947,0.0
1779968058,100,,Aggregated,57.700000,57.700000,9,12,15,17,22,31,37,43,1100,1100,1100,3246,3246,8,19.25269268716795,2.3423890816047788,1109.7564699593931,0.0
1779968059,100,GET,/,42.000000,42.000000,10,13,16,18,23,34,43,1000,1100,1100,1100,2469,2469,8,20.150632057770853,2.3423890816047788,1109.7564699593931,0.0
1779968059,100,POST,/cart,4.700000,4.700000,9,15,18,18,23,25,34,34,34,34,34,278,278,9,14.889725176584003,3.33294493611902,1049.3516599526629,0.0
1779968059,100,POST,/cart/checkout,2.900000,2.900000,10,13,16,21,27,29,32,32,32,32,32,137,137,9,25.777668605497393,3.6858569364994764,1100.5765120498836,0.0
1779968059,100,GET,/product/0PUK6V6EV0,0.600000,0.600000,6,6,12,12,15,15,15,15,15,15,15,49,49,8,30.162622850407296,3.7866869242861867,1082.3089909972623,0.0
1779968059,100,GET,/product/1YMWWN1N4O,0.800000,0.800000,9,11,12,12,16,16,16,16,16,16,16,48,48,6,7.294153430848382,3.74691397882998,15.84502193145454,0.0
1779968059,100,GET,/product/2ZYFJ3GM2N,0.800000,0.800000,8,8,10,11,33,33,33,33,33,33,33,47,47,7,8.62004119466911,3.183057066053152,32.84195193555206,0.0
1779968059,100,GET,/product/66VCHSJNUP,1.100000,1.100000,9,10,22,22,35,35,35,35,35,35,35,52,52,7,29.800567670743195,3.0031490605324507,1041.2659239955246,0.0
1779968059,100,GET,/product/6E92ZMYYFZ,0.400000,0.400000,6,6,8,8,8,8,8,8,8,8,8,46,46,7,8.656026028683813,3.2917680218815804,25.225055986084044,0.0
1779968059,100,GET,/product/9SIQT8TOJO,0.800000,0.800000,11,11,20,20,31,31,31,31,31,31,31,39,39,6,34.174413229219425,3.042588010430336,1014.9186470080167,0.0
1779968059,100,GET,/product/L9ECAV7KIM,0.800000,0.800000,8,13,19,19,35,35,35,35,35,35,35,41,41,7,9.503966555135642,4.21895005274564,42.67131397500634,0.0
1779968059,100,GET,/product/LS4PSXUNUM,1.400000,1.400000,9,9,9,9,11,17,17,17,17,17,17,56,56,8,8.235726994046543,3.589075058698654,16.698440071195364,0.0
1779968059,100,GET,/product/OLJCESPC7Z,0.700000,0.700000,7,7,9,18,19,19,19,19,19,19,19,35,35,6,7.954419939778745,3.4081119811162353,19.56289599183947,0.0
1779968059,100,,Aggregated,57.000000,57.000000,10,13,15,18,23,32,40,1000,1100,1100,1100,3297,3297,8,19.431574594976325,2.3423890816047788,1109.7564699593931,0.0
1779968060,100,GET,/,41.800000,41.800000,10,13,15,17,23,34,43,1000,1100,1100,1100,2511,2511,8,19.963155593546883,2.3423890816047788,1109.7564699593931,0.0
1779968060,100,POST,/cart,4.800000,4.800000,9,15,16,18,21,25,34,34,34,34,34,283,283,9,14.780709441412279,3.33294493611902,1049.3516599526629,0.0
1779968060,100,POST,/cart/checkout,2.900000,2.900000,8,10,13,16,27,29,32,32,32,32,32,142,142,9,25.143160610984435,3.6858569364994764,1100.5765120498836,0.0
1779968060,100,GET,/product/0PUK6V6EV0,0.700000,0.700000,6,12,12,15,15,15,15,15,15,15,15,49,49,8,30.162622850407296,3.7866869242861867,1082.3089909972623,0.0
1779968060,100,GET,/product/1YMWWN1N4O,0.800000,0.800000,11,11,12,14,16,16,16,16,16,16,16,50,50,6,7.504451915156096,3.74691397882998,15.84502193145454,0.0
1779968060,100,GET,/product/2ZYFJ3GM2N,0.900000,0.900000,7,8,11,11,33,33,33,33,33,33,33,49,49,7,8.543781532278778,3.183057066053152,32.84195193555206,0.0
1779968060,100,GET,/product/66VCHSJNUP,0.900000,0.900000,9,10,22,22,35,35,35,35,35,35,35,52,52,7,29.800567670743195,3.0031490605324507,1041.2659239955246,0.0
1779968060,100,GET,/product/6E92ZMYYFZ,0.400000,0.400000,6,6,8,8,8,8,8,8,8,8,8,46,46,7,8.656026028683813,3.2917680218815804,25.225055986084044,0.0
1779968060,100,GET,/product/9SIQT8TOJO,0.700000,0.700000,10,11,20,20,31,31,31,31,31,31,31,41,41,6,32.95236500264032,3.042588010430336,1014.9186470080167,0.0
1779968060,100,GET,/product/L9ECAV7KIM,0.800000,0.800000,8,12,13,19,35,35,35,35,35,35,35,44,44,7,9.479477469788186,4.21895005274564,42.67131397500634,0.0
1779968060,100,GET,/product/LS4PSXUNUM,1.300000,1.300000,9,9,9,9,11,17,17,17,17,17,17,56,56,8,8.235726994046543,3.589075058698654,16.698440071195364,0.0
1779968060,100,GET,/product/OLJCESPC7Z,0.700000,0.700000,7,7,9,18,19,19,19,19,19,19,19,35,35,6,7.954419939778745,3.4081119811162353,19.56289599183947,0.0
1779968060,100,,Aggregated,56.700000,56.700000,10,12,15,17,22,32,38,48,1100,1100,1100,3358,3358,8,19.24006723767749,2.3423890816047788,1109.7564699593931,0.0
1779968061,100,GET,/,42.000000,42.000000,10,13,15,17,22,32,41,1000,1100,1100,1100,2556,2556,8,20.27521235918435,2.3423890816047788,1109.7564699593931,0.0
1779968061,100,POST,/cart,4.700000,4.700000,8,12,16,18,20,23,34,34,34,34,34,285,285,8,14.729555143582585,3.33294493611902,1049.3516599526629,0.0
1779968061,100,POST,/cart/checkout,2.600000,2.600000,9,13,16,27,36,41,41,41,41,41,41,151,151,9,24.810022196504256,3.6858569364994764,1100.5765120498836,0.0
1779968061,100,GET,/product/0PUK6V6EV0,0.700000,0.700000,6,12,12,14,14,14,14,14,14,14,14,50,50,8,29.842996594961733,3.7866869242861867,1082.3089909972623,0.0
1779968061,100,GET,/product/1YMWWN1N4O,1.000000,1.000000,11,11,12,14,16,16,16,16,16,16,16,51,51,6,7.430029797879066,3.7089239340275526,15.84502193145454,0.0
1779968061,100,GET,/product/2ZYFJ3GM2N,0.900000,0.900000,7,8,11,11,33,33,33,33,33,33,33,49,49,7,8.543781532278778,3.183057066053152,32.84195193555206,0.0
1779968061,100,GET,/product/66VCHSJNUP,0.800000,0.800000,9,10,10,35,35,35,35,35,35,35,35,53,53,7,29.42223943119763,3.0031490605324507,1041.2659239955246,0.0
1779968061,100,GET,/product/6E92ZMYYFZ,0.500000,0.500000,6,6,8,8,8,8,8,8,8,8,8,46,46,7,8.656026028683813,3.2917680218815804,25.225055986084044,0.0
1779968061,100,GET,/product/9SIQT8TOJO,0.700000,0.700000,10,10,11,11,20,20,20,20,20,20,20,41,41,6,32.95236500264032,3.042588010430336,1014.9186470080167,0.0
1779968061,100,GET,/product/L9ECAV7KIM,0.700000,0.700000,8,12,19,19,33,35,35,35,35,35,35,46,46,7,10.04311110338439,4.21895005274564,42.67131397500634,0.0
1779968061,100,GET,/product/LS4PSXUNUM,1.200000,1.200000,9,9,9,11,17,17,17,17,17,17,17,56,56,8,8.235726994046543,3.589075058698654,16.698440071195364,0.0
1779968061,100,GET,/product/OLJCESPC7Z,0.900000,0.900000,7,7,8,9,19,19,19,19,19,19,19,36,36,6,7.9579045802044375,3.4081119811162353,19.56289599183947,0.0
1779968061,100,,Aggregated,56.700000,56.700000,10,12,15,17,22,32,40,48,1100,1100,1100,3420,3420,8,19.46657229291836,2.3423890816047788,1109.7564699593931,0.0
1779968062,100,GET,/,40.700000,40.700000,11,14,17,18,24,37,73,1000,1100,1100,1100,2591,2591,8,20.355392130888315,2.3423890816047788,1109.7564699593931,0.0
1779968062,100,POST,/cart,4.800000,4.800000,10,14,17,18,20,23,34,34,34,34,34,288,288,9,14.724443933826276,3.33294493611902,1049.3516599526629,0.0
1779968062,100,POST,/cart/checkout,2.800000,2.800000,9,13,16,27,36,41,41,41,41,41,41,152,152,9,24.690006714847282,3.6858569364994764,1100.5765120498836,0.0
1779968062,100,GET,/product/0PUK6V6EV0,0.500000,0.500000,12,12,14,14,55,55,55,55,55,55,55,51,51,8,30.335544583424195,3.7866869242861867,1082.3089909972623,0.0
1779968062,100,GET,/product/1YMWWN1N4O,1.000000,1.000000,11,12,14,16,17,17,17,17,17,17,17,52,52,6,7.623516591803099,3.7089239340275526,17.49134308192879,0.0
1779968062,100,GET,/product/2ZYFJ3GM2N,0.700000,0.700000,7,7,8,8,33,33,33,33,33,33,33,49,49,7,8.543781532278778,3.183057066053152,32.84195193555206,0.0
1779968062,100,GET,/product/66VCHSJNUP,0.800000,0.800000,9,10,10,35,35,35,35,35,35,35,35,53,53,7,29.42223943119763,3.0031490605324507,1041.2659239955246,0.0
1779968062,100,GET,/product/6E92ZMYYFZ,0.400000,0.400000,6,6,8,8,8,8,8,8,8,8,8,46,46,7,8.656026028683813,3.2917680218815804,25.225055986084044,0.0
1779968062,100,GET,/product/9SIQT8TOJO,0.800000,0.800000,10,10,11,11,20,20,20,20,20,20,20,41,41,6,32.95236500264032,3.042588010430336,1014.9186470080167,0.0
1779968062,100,GET,/product/L9ECAV7KIM,1.100000,1.100000,8,12,19,19,33,35,35,35,35,35,35,46,46,7,10.04311110338439,4.21895005274564,42.67131397500634,0.0
1779968062,100,GET,/product/LS4PSXUNUM,1.200000,1.200000,9,9,11,17,34,34,34,34,34,34,34,57,57,8,8.687024503096676,3.589075058698654,33.959685009904206,0.0
1779968062,100,GET,/product/OLJCESPC7Z,0.800000,0.800000,7,8,9,14,19,19,19,19,19,19,19,37,37,7,8.12145253655979,3.4081119811162353,19.56289599183947,0.0
1779968062,100,,Aggregated,55.600000,55.600000,10,13,16,18,24,35,51,120,1100,1100,1100,3463,3463,8,19.538770695901395,2.3423890816047788,1109.7564699593931,0.0
1779968063,100,GET,/,41.300000,41.300000,10,13,15,18,23,37,73,1000,1100,1100,1100,2640,2640,8,20.48217596214575,2.3423890816047788,1109.7564699593931,0.0
1779968063,100,POST,/cart,5.200000,5.200000,8,10,12,14,18,19,25,25,25,25,25,293,293,8,14.58934367175052,3.33294493611902,1049.3516599526629,0.0
1779968063,100,POST,/cart/checkout,3.600000,3.600000,9,13,16,21,36,41,41,41,41,41,41,154,154,9,24.509461245094364,3.6858569364994764,1100.5765120498836,0.0
1779968063,100,GET,/product/0PUK6V6EV0,0.600000,0.600000,6,14,14,55,55,55,55,55,55,55,55,51,51,8,30.335544583424195,3.7866869242861867,1082.3089909972623,0.0
1779968063,100,GET,/product/1YMWWN1N4O,1.000000,1.000000,11,12,14,14,17,17,17,17,17,17,17,53,53,6,7.621458090209174,3.7089239340275526,17.49134308192879,0.0
1779968063,100,GET,/product/2ZYFJ3GM2N,0.700000,0.700000,7,7,8,8,33,33,33,33,33,33,33,50,50,7,8.488691241946071,3.183057066053152,32.84195193555206,0.0
1779968063,100,GET,/product/66VCHSJNUP,0.800000,0.800000,10,10,35,35,35,35,35,35,35,35,35,54,54,7,28.960320311684715,3.0031490605324507,1041.2659239955246,0.0
1779968063,100,GET,/product/6E92ZMYYFZ,0.300000,0.300000,6,6,6,6,6,6,6,6,6,6,6,47,47,7,8.594128516245078,3.2917680218815804,25.225055986084044,0.0
1779968063,100,GET,/product/9SIQT8TOJO,0.700000,0.700000,10,10,10,20,20,20,20,20,20,20,20,41,41,6,32.95236500264032,3.042588010430336,1014.9186470080167,0.0
1779968063,100,GET,/product/L9ECAV7KIM,1.200000,1.200000,12,12,19,33,35,35,35,35,35,35,35,47,47,7,9.946646867319942,4.21895005274564,42.67131397500634,0.0
1779968063,100,GET,/product/LS4PSXUNUM,1.200000,1.200000,9,9,17,17,34,34,34,34,34,34,34,57,57,8,8.687024503096676,3.589075058698654,33.959685009904206,0.0
1779968063,100,GET,/product/OLJCESPC7Z,0.900000,0.900000,7,8,9,9,14,19,19,19,19,19,19,38,38,6,8.017718758262498,3.4081119811162353,19.56289599183947,0.0
1779968063,100,,Aggregated,57.500000,57.500000,9,12,15,17,23,35,51,120,1100,1100,1100,3525,3525,8,19.598217956517026,2.3423890816047788,1109.7564699593931,0.0
1779968064,100,GET,/,41.300000,41.300000,9,12,14,16,22,36,73,1000,1100,1100,1100,2680,2680,8,20.32364768861383,2.3423890816047788,1109.7564699593931,0.0
1779968064,100,POST,/cart,4.700000,4.700000,7,9,11,12,17,18,25,25,25,25,25,298,298,8,14.444474854362792,3.33294493611902,1049.3516599526629,0.0
1779968064,100,POST,/cart/checkout,3.000000,3.000000,9,13,16,16,32,41,41,41,41,41,41,158,158,9,24.068733560852706,3.6858569364994764,1100.5765120498836,0.0
1779968064,100,GET,/product/0PUK6V6EV0,0.600000,0.600000,6,14,14,55,55,55,55,55,55,55,55,51,51,8,30.335544583424195,3.7866869242861867,1082.3089909972623,0.0
1779968064,100,GET,/product/1YMWWN1N4O,0.900000,0.900000,11,11,12,14,17,17,17,17,17,17,17,55,55,6,7.50939586750147,3.7089239340275526,17.49134308192879,0.0
1779968064,100,GET,/product/2ZYFJ3GM2N,0.700000,0.700000,7,7,8,8,8,8,8,8,8,8,8,51,51,7,8.47847565013331,3.183057066053152,32.84195193555206,0.0
1779968064,100,GET,/product/66VCHSJNUP,0.500000,0.500000,8,8,10,10,10,10,10,10,10,10,10,55,55,7,28.56605396055701,3.0031490605324507,1041.2659239955246,0.0
1779968064,100,GET,/product/6E92ZMYYFZ,0.300000,0.300000,6,6,6,6,6,6,6,6,6,6,6,47,47,7,8.594128516245078,3.2917680218815804,25.225055986084044,0.0
1779968064,100,GET,/product/9SIQT8TOJO,0.700000,0.700000,10,10,10,20,20,20,20,20,20,20,20,41,41,6,32.95236500264032,3.042588010430336,1014.9186470080167,0.0
1779968064,100,GET,/product/L9ECAV7KIM,1.100000,1.100000,12,12,19,33,35,35,35,35,35,35,35,47,47,7,9.946646867319942,4.21895005274564,42.67131397500634,0.0
1779968064,100,GET,/product/LS4PSXUNUM,1.100000,1.100000,9,9,9,34,34,34,34,34,34,34,34,57,57,8,8.687024503096676,3.589075058698654,33.959685009904206,0.0
1779968064,100,GET,/product/OLJCESPC7Z,0.900000,0.900000,7,8,9,14,19,19,19,19,19,19,19,38,38,6,8.017718758262498,3.4081119811162353,19.56289599183947,0.0
1779968064,100,,Aggregated,55.800000,55.800000,9,11,14,15,21,34,51,120,1100,1100,1100,3578,3578,8,19.441210482051662,2.3423890816047788,1109.7564699593931,0.0
1779968065,100,GET,/,41.600000,41.600000,9,12,14,17,24,40,73,1000,1100,1100,1100,2720,2720,8,20.611488812402754,2.3423890816047788,1109.7564699593931,0.0
1779968065,100,POST,/cart,4.900000,4.900000,8,9,11,13,18,19,27,27,27,27,27,303,303,8,14.47528590549632,3.33294493611902,1049.3516599526629,0.0
1779968065,100,POST,/cart/checkout,3.200000,3.200000,8,11,16,21,36,41,71,71,71,71,71,162,162,9,24.017975089301206,3.6858569364994764,1100.5765120498836,0.0
1779968065,100,GET,/product/0PUK6V6EV0,0.500000,0.500000,14,14,55,55,55,55,55,55,55,55,55,51,51,8,30.335544583424195,3.7866869242861867,1082.3089909972623,0.0
1779968065,100,GET,/product/1YMWWN1N4O,0.900000,0.900000,10,11,12,12,14,17,17,17,17,17,17,57,57,6,7.540613276017993,3.7089239340275526,17.49134308192879,0.0
1779968065,100,GET,/product/2ZYFJ3GM2N,0.700000,0.700000,7,7,8,8,8,8,8,8,8,8,8,51,51,7,8.47847565013331,3.183057066053152,32.84195193555206,0.0
1779968065,100,GET,/product/66VCHSJNUP,0.400000,0.400000,8,8,10,10,10,10,10,10,10,10,10,57,57,7,27.801177348010242,3.0031490605324507,1041.2659239955246,0.0
1779968065,100,GET,/product/6E92ZMYYFZ,0.300000,0.300000,6,6,6,6,6,6,6,6,6,6,6,48,48,7,8.497144837747328,3.2917680218815804,25.225055986084044,0.0
1779968065,100,GET,/product/9SIQT8TOJO,0.600000,0.600000,10,17,17,20,20,20,20,20,20,20,20,42,42,6,32.569513811419405,3.042588010430336,1014.9186470080167,0.0
1779968065,100,GET,/product/L9ECAV7KIM,1.000000,1.000000,9,12,12,19,33,33,33,33,33,33,33,48,48,7,9.91818449498775,4.21895005274564,42.67131397500634,0.0
1779968065,100,GET,/product/LS4PSXUNUM,1.000000,1.000000,7,9,34,34,1000,1000,1000,1000,1000,1000,1000,61,61,8,25.50552727188915,3.589075058698654,1045.064295991324,0.0
1779968065,100,GET,/product/OLJCESPC7Z,1.100000,1.100000,8,9,14,14,19,19,19,19,19,19,19,38,38,6,8.017718758262498,3.4081119811162353,19.56289599183947,0.0
1779968065,100,,Aggregated,56.200000,56.200000,9,11,14,16,24,37,55,1000,1100,1100,1100,3638,3638,8,19.913836208218477,2.3423890816047788,1109.7564699593931,0.0
1779968066,100,GET,/,41.400000,41.400000,8,11,13,15,22,36,55,1000,1100,1100,1100,2766,2766,8,20.389428170076663,2.3423890816047788,1109.7564699593931,0.0
1779968066,100,POST,/cart,4.500000,4.500000,8,9,11,13,18,26,27,27,27,27,27,305,305,8,14.418497492681395,3.33294493611902,1049.3516599526629,0.0
1779968066,100,POST,/cart/checkout,3.300000,3.300000,8,10,13,21,41,41,71,71,71,71,71,164,164,9,23.78609893054179,3.6858569364994764,1100.5765120498836,0.0
1779968066,100,GET,/product/0PUK6V6EV0,0.500000,0.500000,14,14,55,55,55,55,55,55,55,55,55,51,51,8,30.335544583424195,3.7866869242861867,1082.3089909972623,0.0
1779968066,100,GET,/product/1YMWWN1N4O,1.000000,1.000000,8,11,11,12,14,17,17,17,17,17,17,59,59,6,7.490811555772641,3.7089239340275526,17.49134308192879,0.0
1779968066,100,GET,/product/2ZYFJ3GM2N,0.700000,0.700000,7,7,8,8,10,10,10,10,10,10,10,52,52,7,8.507079234382568,3.183057066053152,32.84195193555206,0.0
1779968066,100,GET,/product/66VCHSJNUP,0.500000,0.500000,8,8,10,10,10,10,10,10,10,10,10,57,57,7,27.801177348010242,3.0031490605324507,1041.2659239955246,0.0
1779968066,100,GET,/product/6E92ZMYYFZ,0.300000,0.300000,4,4,6,6,6,6,6,6,6,6,6,48,48,7,8.497144837747328,3.2917680218815804,25.225055986084044,0.0
1779968066,100,GET,/product/9SIQT8TOJO,0.500000,0.500000,10,17,17,17,20,20,20,20,20,20,20,44,44,6,31.599068045827813,3.042588010430336,1014.9186470080167,0.0
1779968066,100,GET,/product/L9ECAV7KIM,1.000000,1.000000,12,12,15,19,33,33,33,33,33,33,33,49,49,7,10.027557749263181,4.21895005274564,42.67131397500634,0.0
1779968066,100,GET,/product/LS4PSXUNUM,0.800000,0.800000,7,9,13,34,1000,1000,1000,1000,1000,1000,1000,62,62,8,25.308473381183802,3.589075058698654,1045.064295991324,0.0
1779968066,100,GET,/product/OLJCESPC7Z,1.100000,1.100000,8,9,14,14,19,19,19,19,19,19,19,38,38,6,8.017718758262498,3.4081119811162353,19.56289599183947,0.0
1779968066,100,,Aggregated,55.600000,55.600000,8,11,13,14,22,36,55,120,1100,1100,1100,3695,3695,8,19.722651448245735,2.3423890816047788,1109.7564699593931,0.0
1779968067,100,GET,/,41.200000,41.200000,8,10,13,15,23,36,55,1000,1100,1100,1100,2810,2810,8,20.22799936001391,2.3423890816047788,1109.7564699593931,0.0
1779968067,100,POST,/cart,4.500000,4.500000,7,8,10,12,15,19,27,27,27,27,27,313,313,8,14.22323801996597,3.33294493611902,1049.3516599526629,0.0
1779968067,100,POST,/cart/checkout,3.400000,3.400000,8,9,13,16,41,41,71,71,71,71,71,164,164,9,23.78609893054179,3.6858569364994764,1100.5765120498836,0.0
1779968067,100,GET,/product/0PUK6V6EV0,0.500000,0.500000,14,14,55,55,55,55,55,55,55,55,55,52,52,8,29.836449111686445,3.7866869242861867,1082.3089909972623,0.0
1779968067,100,GET,/product/1YMWWN1N4O,1.000000,1.000000,8,11,11,12,14,17,17,17,17,17,17,59,59,6,7.490811555772641,3.7089239340275526,17.49134308192879,0.0
1779968067,100,GET,/product/2ZYFJ3GM2N,0.700000,0.700000,7,8,9,9,10,10,10,10,10,10,10,54,54,7,8.447624876646808,3.183057066053152,32.84195193555206,0.0
1779968067,100,GET,/product/66VCHSJNUP,0.600000,0.600000,7,7,10,10,10,10,10,10,10,10,10,58,58,7,27.421529894566227,3.0031490605324507,1041.2659239955246,0.0
1779968067,100,GET,/product/6E92ZMYYFZ,0.300000,0.300000,4,6,6,12,12,12,12,12,12,12,12,50,50,7,8.47950464580208,3.2917680218815804,25.225055986084044,0.0
1779968067,100,GET,/product/9SIQT8TOJO,0.500000,0.500000,10,17,17,17,17,17,17,17,17,17,17,44,44,6,31.599068045827813,3.042588010430336,1014.9186470080167,0.0
1779968067,100,GET,/product/L9ECAV7KIM,0.900000,0.900000,9,12,12,15,33,33,33,33,33,33,33,49,49,7,10.027557749263181,4.21895005274564,42.67131397500634,0.0
1779968067,100,GET,/product/LS4PSXUNUM,0.900000,0.900000,7,13,34,34,1000,1000,1000,1000,1000,1000,1000,62,62,8,25.308473381183802,3.589075058698654,1045.064295991324,0.0
1779968067,100,GET,/product/OLJCESPC7Z,1.000000,1.000000,7,7,8,8,14,14,14,14,14,14,14,39,39,6,7.913354354409071,3.4081119811162353,19.56289599183947,0.0
1779968067,100,,Aggregated,55.500000,55.500000,8,10,12,14,22,36,55,120,1100,1100,1100,3754,3754,8,19.556999564409995,2.3423890816047788,1109.7564699593931,0.0
1779968068,100,GET,/,41.100000,41.100000,7,10,13,14,23,35,54,120,1100,1100,1100,2852,2852,8,20.064199007262225,2.3423890816047788,1109.7564699593931,0.0
1779968068,100,POST,/cart,4.400000,4.400000,7,8,10,12,15,26,27,27,27,27,27,314,314,8,14.202076029684989,3.33294493611902,1049.3516599526629,0.0
1779968068,100,POST,/cart/checkout,3.300000,3.300000,8,9,13,13,41,41,71,71,71,71,71,164,164,9,23.78609893054179,3.6858569364994764,1100.5765120498836,0.0
1779968068,100,GET,/product/0PUK6V6EV0,0.400000,0.400000,14,14,55,55,55,55,55,55,55,55,55,53,53,8,29.35140382691796,3.7866869242861867,1082.3089909972623,0.0
1779968068,100,GET,/product/1YMWWN1N4O,1.300000,1.300000,8,10,12,12,14,17,17,17,17,17,17,60,60,6,7.567777928973858,3.7089239340275526,17.49134308192879,0.0
1779968068,100,GET,/product/2ZYFJ3GM2N,0.700000,0.700000,7,8,9,9,10,10,10,10,10,10,10,54,54,7,8.447624876646808,3.183057066053152,32.84195193555206,0.0
1779968068,100,GET,/product/66VCHSJNUP,0.500000,0.500000,7,7,10,10,10,10,10,10,10,10,10,58,58,7,27.421529894566227,3.0031490605324507,1041.2659239955246,0.0
1779968068,100,GET,/product/6E92ZMYYFZ,0.300000,0.300000,4,6,6,12,12,12,12,12,12,12,12,50,50,7,8.47950464580208,3.2917680218815804,25.225055986084044,0.0
1779968068,100,GET,/product/9SIQT8TOJO,0.700000,0.700000,10,10,17,17,17,17,17,17,17,17,17,45,45,6,30.988299688841735,3.042588010430336,1014.9186470080167,0.0
1779968068,100,GET,/product/L9ECAV7KIM,0.900000,0.900000,9,12,12,15,33,33,33,33,33,33,33,49,49,7,10.027557749263181,4.21895005274564,42.67131397500634,0.0
1779968068,100,GET,/product/LS4PSXUNUM,0.900000,0.900000,7,13,34,34,1000,1000,1000,1000,1000,1000,1000,62,62,8,25.308473381183802,3.589075058698654,1045.064295991324,0.0
1779968068,100,GET,/product/OLJCESPC7Z,0.800000,0.800000,7,7,8,8,14,14,14,14,14,14,14,39,39,6,7.913354354409071,3.4081119811162353,19.56289599183947,0.0
1779968068,100,,Aggregated,55.300000,55.300000,7,10,12,14,22,35,54,99,1100,1100,1100,3800,3800,8,19.428243273654708,2.3423890816047788,1109.7564699593931,0.0
1779968069,100,GET,/,41.900000,41.900000,7,10,13,15,25,38,67,1000,1100,1100,1100,2902,2902,8,20.254116422305145,2.3423890816047788,1109.7564699593931,0.0
1779968069,100,POST,/cart,4.600000,4.600000,7,8,10,11,19,27,29,29,29,29,29,320,320,8,14.136996119123069,3.33294493611902,1049.3516599526629,0.0
1779968069,100,POST,/cart/checkout,3.000000,3.000000,8,10,13,16,41,41,71,71,71,71,71,167,167,9,23.521615668411876,3.6858569364994764,1100.5765120498836,0.0
1779968069,100,GET,/product/0PUK6V6EV0,0.400000,0.400000,7,9,14,14,55,55,55,55,55,55,55,56,56,7,28.152643050166912,3.7866869242861867,1082.3089909972623,0.0
1779968069,100,GET,/product/1YMWWN1N4O,1.300000,1.300000,8,10,12,12,13,17,17,17,17,17,17,61,61,6,7.6536167981713765,3.7089239340275526,17.49134308192879,0.0
1779968069,100,GET,/product/2ZYFJ3GM2N,0.800000,0.800000,7,8,9,9,10,10,10,10,10,10,10,54,54,7,8.447624876646808,3.183057066053152,32.84195193555206,0.0
1779968069,100,GET,/product/66VCHSJNUP,0.600000,0.600000,6,7,10,10,10,10,10,10,10,10,10,59,59,7,27.036735896510468,3.0031490605324507,1041.2659239955246,0.0
1779968069,100,GET,/product/6E92ZMYYFZ,0.500000,0.500000,4,6,6,12,12,12,12,12,12,12,12,50,50,7,8.47950464580208,3.2917680218815804,25.225055986084044,0.0
1779968069,100,GET,/product/9SIQT8TOJO,0.500000,0.500000,10,10,17,17,17,17,17,17,17,17,17,45,45,6,30.988299688841735,3.042588010430336,1014.9186470080167,0.0
1779968069,100,GET,/product/L9ECAV7KIM,0.900000,0.900000,12,15,15,33,33,33,33,33,33,33,33,49,49,7,10.027557749263181,4.21895005274564,42.67131397500634,0.0
1779968069,100,GET,/product/LS4PSXUNUM,0.800000,0.800000,13,13,34,34,1000,1000,1000,1000,1000,1000,1000,62,62,8,25.308473381183802,3.589075058698654,1045.064295991324,0.0
1779968069,100,GET,/product/OLJCESPC7Z,0.600000,0.600000,8,14,14,18,18,18,18,18,18,18,18,40,40,6,8.163544646231458,3.4081119811162353,19.56289599183947,0.0
1779968069,100,,Aggregated,55.900000,55.900000,7,10,13,14,24,37,55,120,1100,1100,1100,3865,3865,8,19.541945255495232,2.3423890816047788,1109.7564699593931,0.0
1779968070,100,GET,/,42.500000,42.500000,6,9,11,14,23,36,55,120,1000,1000,1000,2947,2947,8,20.048338456547395,2.3423890816047788,1109.7564699593931,0.0
1779968070,100,POST,/cart,4.200000,4.200000,7,8,10,11,19,27,29,29,29,29,29,323,323,8,14.045261471220883,3.33294493611902,1049.3516599526629,0.0
1779968070,100,POST,/cart/checkout,2.800000,2.800000,8,9,13,16,41,41,71,71,71,71,71,168,168,9,23.411797390768438,3.6858569364994764,1100.5765120498836,0.0
1779968070,100,GET,/product/0PUK6V6EV0,0.400000,0.400000,6,7,9,9,55,55,55,55,55,55,55,58,58,7,27.3593015836327,3.7866869242861867,1082.3089909972623,0.0
1779968070,100,GET,/product/1YMWWN1N4O,1.400000,1.400000,8,9,10,12,13,17,17,17,17,17,17,64,64,6,7.545539010607172,3.228273941203952,17.49134308192879,0.0
1779968070,100,GET,/product/2ZYFJ3GM2N,0.700000,0.700000,8,8,9,9,10,10,10,10,10,10,10,56,56,7,8.36108997048411,3.183057066053152,32.84195193555206,0.0
1779968070,100,GET,/product/66VCHSJNUP,0.600000,0.600000,6,7,10,10,10,10,10,10,10,10,10,59,59,7,27.036735896510468,3.0031490605324507,1041.2659239955246,0.0
1779968070,100,GET,/product/6E92ZMYYFZ,0.500000,0.500000,6,6,12,12,12,12,12,12,12,12,12,50,50,7,8.47950464580208,3.2917680218815804,25.225055986084044,0.0
1779968070,100,GET,/product/9SIQT8TOJO,0.600000,0.600000,10,10,17,17,17,17,17,17,17,17,17,45,45,6,30.988299688841735,3.042588010430336,1014.9186470080167,0.0
1779968070,100,GET,/product/L9ECAV7KIM,0.900000,0.900000,12,12,15,15,33,33,33,33,33,33,33,50,50,7,9.967407234944403,4.21895005274564,42.67131397500634,0.0
1779968070,100,GET,/product/LS4PSXUNUM,0.800000,0.800000,13,27,34,34,1000,1000,1000,1000,1000,1000,1000,64,64,8,25.02218011795776,3.589075058698654,1045.064295991324,0.0
1779968070,100,GET,/product/OLJCESPC7Z,0.600000,0.600000,8,8,14,14,18,18,18,18,18,18,18,41,41,6,8.057388437275844,3.4081119811162353,19.56289599183947,0.0
1779968070,100,,Aggregated,56.000000,56.000000,6,9,11,13,22,35,55,99,1000,1000,1000,3925,3925,8,19.346239191485914,2.3423890816047788,1109.7564699593931,0.0
1779968071,100,GET,/,42.900000,42.900000,6,7,9,10,16,31,46,67,1000,1000,1000,2981,2981,8,19.881577297340026,2.3423890816047788,1109.7564699593931,0.0
1779968071,100,POST,/cart,4.300000,4.300000,6,8,8,10,15,26,29,29,29,29,29,327,327,8,13.937810609268098,3.33294493611902,1049.3516599526629,0.0
1779968071,100,POST,/cart/checkout,2.900000,2.900000,6,7,8,8,16,71,71,71,71,71,71,170,170,9,23.19381310371682,3.6858569364994764,1100.5765120498836,0.0
1779968071,100,GET,/product/0PUK6V6EV0,0.700000,0.700000,6,7,9,9,55,55,55,55,55,55,55,58,58,7,27.3593015836327,3.7866869242861867,1082.3089909972623,0.0
1779968071,100,GET,/product/1YMWWN1N4O,1.300000,1.300000,8,9,10,12,13,17,17,17,17,17,17,64,64,6,7.545539010607172,3.228273941203952,17.49134308192879,0.0
1779968071,100,GET,/product/2ZYFJ3GM2N,0.700000,0.700000,8,8,9,9,10,10,10,10,10,10,10,56,56,7,8.36108997048411,3.183057066053152,32.84195193555206,0.0
1779968071,100,GET,/product/66VCHSJNUP,0.700000,0.700000,6,7,10,10,10,10,10,10,10,10,10,60,60,7,26.754532197567944,3.0031490605324507,1041.2659239955246,0.0
1779968071,100,GET,/product/6E92ZMYYFZ,0.400000,0.400000,5,6,7,7,12,12,12,12,12,12,12,54,54,7,8.207239130839568,3.2917680218815804,25.225055986084044,0.0
1779968071,100,GET,/product/9SIQT8TOJO,0.600000,0.600000,5,17,17,17,17,17,17,17,17,17,17,46,46,6,30.399266478565075,3.042588010430336,1014.9186470080167,0.0
1779968071,100,GET,/product/L9ECAV7KIM,0.900000,0.900000,9,11,11,15,15,15,15,15,15,15,15,51,51,7,9.990148447161795,4.21895005274564,42.67131397500634,0.0
1779968071,100,GET,/product/LS4PSXUNUM,0.600000,0.600000,13,27,34,34,1000,1000,1000,1000,1000,1000,1000,64,64,8,25.02218011795776,3.589075058698654,1045.064295991324,0.0
1779968071,100,GET,/product/OLJCESPC7Z,0.400000,0.400000,4,4,14,14,18,18,18,18,18,18,18,42,42,6,7.958942519811292,3.4081119811162353,19.56289599183947,0.0
1779968071,100,,Aggregated,56.400000,56.400000,6,8,9,10,16,29,43,67,1000,1000,1000,3973,3973,8,19.17885503001003,2.3423890816047788,1109.7564699593931,0.0
1779968072,100,GET,/,42.600000,42.600000,6,8,9,11,17,31,46,67,1000,1000,1000,3023,3023,8,20.03606975006492,2.3423890816047788,1109.7564699593931,0.0
1779968072,100,POST,/cart,4.200000,4.200000,6,7,8,10,15,27,29,29,29,29,29,331,331,8,13.85542803747844,3.33294493611902,1049.3516599526629,0.0
1779968072,100,POST,/cart/checkout,2.700000,2.700000,5,7,8,8,16,71,71,71,71,71,71,173,173,9,22.882198715028004,3.6858569364994764,1100.5765120498836,0.0
1779968072,100,GET,/product/0PUK6V6EV0,0.800000,0.800000,6,7,9,9,55,55,55,55,55,55,55,58,58,7,27.3593015836327,3.7866869242861867,1082.3089909972623,0.0
1779968072,100,GET,/product/1YMWWN1N4O,1.300000,1.300000,8,9,10,11,12,13,13,13,13,13,13,65,65,6,7.604031055234373,3.228273941203952,17.49134308192879,0.0
1779968072,100,GET,/product/2ZYFJ3GM2N,0.700000,0.700000,8,8,9,9,10,10,10,10,10,10,10,58,58,7,8.197416693919562,3.183057066053152,32.84195193555206,0.0
1779968072,100,GET,/product/66VCHSJNUP,0.700000,0.700000,6,7,10,10,10,10,10,10,10,10,10,61,61,7,26.404563177254843,3.0031490605324507,1041.2659239955246,0.0
1779968072,100,GET,/product/6E92ZMYYFZ,0.400000,0.400000,5,5,6,7,12,12,12,12,12,12,12,56,56,7,8.08935405387144,3.2917680218815804,25.225055986084044,0.0
1779968072,100,GET,/product/9SIQT8TOJO,0.400000,0.400000,5,17,17,17,17,17,17,17,17,17,17,46,46,6,30.399266478565075,3.042588010430336,1014.9186470080167,0.0
1779968072,100,GET,/product/L9ECAV7KIM,0.600000,0.600000,7,9,11,11,15,15,15,15,15,15,15,54,54,7,9.662789534087535,3.828205051831901,42.67131397500634,0.0
1779968072,100,GET,/product/LS4PSXUNUM,0.800000,0.800000,6,13,27,27,1000,1000,1000,1000,1000,1000,1000,65,65,8,24.736578608504853,3.589075058698654,1045.064295991324,0.0
1779968072,100,GET,/product/OLJCESPC7Z,0.600000,0.600000,4,5,14,14,18,18,18,18,18,18,18,43,43,6,7.878518157075484,3.4081119811162353,19.56289599183947,0.0
1779968072,100,,Aggregated,55.800000,55.800000,6,7,9,10,16,29,43,67,1000,1000,1000,4033,4033,8,19.241470507123942,2.3423890816047788,1109.7564699593931,0.0
1779968073,100,GET,/,42.500000,42.500000,6,7,9,11,16,29,46,67,1000,1000,1000,3066,3066,8,19.86069099236291,2.3423890816047788,1109.7564699593931,0.0
1779968073,100,POST,/cart,4.100000,4.100000,6,7,9,10,15,27,29,29,29,29,29,335,335,8,13.766959890612025,3.33294493611902,1049.3516599526629,0.0
1779968073,100,POST,/cart/checkout,1.800000,1.800000,5,7,7,7,16,71,71,71,71,71,71,174,174,9,22.790555159117083,3.6858569364994764,1100.5765120498836,0.0
1779968073,100,GET,/product/0PUK6V6EV0,0.800000,0.800000,5,6,7,7,9,9,9,9,9,9,9,60,60,7,26.614291548806552,3.45129007473588,1082.3089909972623,0.0
1779968073,100,GET,/product/1YMWWN1N4O,1.300000,1.300000,9,10,11,12,13,13,13,13,13,13,13,65,65,6,7.604031055234373,3.228273941203952,17.49134308192879,0.0
1779968073,100,GET,/product/2ZYFJ3GM2N,0.700000,0.700000,4,8,8,9,10,10,10,10,10,10,10,60,60,7,8.06950795231387,3.183057066053152,32.84195193555206,0.0
1779968073,100,GET,/product/66VCHSJNUP,0.700000,0.700000,6,9,10,10,10,10,10,10,10,10,10,63,63,7,25.766916393805,3.0031490605324507,1041.2659239955246,0.0
1779968073,100,GET,/product/6E92ZMYYFZ,0.700000,0.700000,5,5,7,12,18,18,18,18,18,18,18,57,57,7,8.268120913080088,3.2917680218815804,25.225055986084044,0.0
1779968073,100,GET,/product/9SIQT8TOJO,0.500000,0.500000,17,17,17,17,17,17,17,17,17,17,17,47,47,6,30.11947763746882,3.042588010430336,1014.9186470080167,0.0
1779968073,100,GET,/product/L9ECAV7KIM,0.500000,0.500000,7,9,11,11,15,15,15,15,15,15,15,54,54,7,9.662789534087535,3.828205051831901,42.67131397500634,0.0
1779968073,100,GET,/product/LS4PSXUNUM,0.800000,0.800000,6,7,13,27,1000,1000,1000,1000,1000,1000,1000,67,67,7,24.174837948087212,3.589075058698654,1045.064295991324,0.0
1779968073,100,GET,/product/OLJCESPC7Z,0.600000,0.600000,5,8,14,14,18,18,18,18,18,18,18,44,44,6,7.8846914720171215,3.4081119811162353,19.56289599183947,0.0
1779968073,100,,Aggregated,55.000000,55.000000,6,7,9,10,16,27,43,67,1000,1000,1000,4092,4092,8,19.072410070437726,2.3423890816047788,1109.7564699593931,0.0
1779968074,100,GET,/,43.100000,43.100000,5,7,9,9,15,26,40,54,1000,1000,1000,3106,3106,8,19.687984606712284,2.3423890816047788,1109.7564699593931,0.0
1779968074,100,POST,/cart,4.500000,4.500000,5,7,8,10,14,15,29,29,29,29,29,342,342,8,13.625881395694849,3.33294493611902,1049.3516599526629,0.0
1779968074,100,POST,/cart/checkout,2.100000,2.100000,5,6,7,7,16,71,71,71,71,71,71,175,175,9,22.683444078346447,3.6858569364994764,1100.5765120498836,0.0
1779968074,100,GET,/product/0PUK6V6EV0,0.700000,0.700000,5,6,7,7,7,9,9,9,9,9,9,63,63,7,25.585411903670146,3.45129007473588,1082.3089909972623,0.0
1779968074,100,GET,/product/1YMWWN1N4O,1.400000,1.400000,9,10,11,12,13,13,13,13,13,13,13,66,66,6,7.538116660505308,3.228273941203952,17.49134308192879,0.0
1779968074,100,GET,/product/2ZYFJ3GM2N,0.900000,0.900000,4,4,8,9,10,10,10,10,10,10,10,60,60,7,8.06950795231387,3.183057066053152,32.84195193555206,0.0
1779968074,100,GET,/product/66VCHSJNUP,0.800000,0.800000,5,6,9,10,10,10,10,10,10,10,10,64,64,6,25.414220574020874,3.0031490605324507,1041.2659239955246,0.0
1779968074,100,GET,/product/6E92ZMYYFZ,1.000000,1.000000,5,5,7,12,18,18,18,18,18,18,18,57,57,7,8.268120913080088,3.2917680218815804,25.225055986084044,0.0
1779968074,100,GET,/product/9SIQT8TOJO,0.500000,0.500000,5,5,17,17,17,17,17,17,17,17,17,48,48,6,29.56524828914553,3.042588010430336,1014.9186470080167,0.0
1779968074,100,GET,/product/L9ECAV7KIM,0.800000,0.800000,7,9,11,11,15,15,15,15,15,15,15,55,55,7,9.553838887421245,3.6705039674416184,42.67131397500634,0.0
1779968074,100,GET,/product/LS4PSXUNUM,0.800000,0.800000,6,7,13,13,27,27,27,27,27,27,27,69,69,7,23.640146556620795,3.589075058698654,1045.064295991324,0.0
1779968074,100,GET,/product/OLJCESPC7Z,0.700000,0.700000,5,5,8,8,18,18,18,18,18,18,18,44,44,6,7.8846914720171215,3.4081119811162353,19.56289599183947,0.0
1779968074,100,,Aggregated,57.300000,57.300000,5,7,8,9,15,21,36,48,1000,1000,1000,4149,4149,8,18.894814188670924,2.3423890816047788,1109.7564699593931,0.0
1779968075,100,GET,/,42.400000,42.400000,6,7,9,9,16,29,41,67,1100,1100,1100,3149,3149,8,19.927496231346197,2.3423890816047788,1114.075019955635,0.0
1779968075,100,POST,/cart,4.300000,4.300000,5,7,9,11,15,16,34,34,34,34,34,347,347,8,13.6446408767747,3.33294493611902,1049.3516599526629,0.0
1779968075,100,POST,/cart/checkout,2.000000,2.000000,5,7,12,12,44,71,71,71,71,71,71,177,177,9,22.743973037817298,3.6858569364994764,1100.5765120498836,0.0
1779968075,100,GET,/product/0PUK6V6EV0,0.800000,0.800000,5,6,7,7,7,9,9,9,9,9,9,63,63,7,25.585411903670146,3.45129007473588,1082.3089909972623,0.0
1779968075,100,GET,/product/1YMWWN1N4O,1.300000,1.300000,8,10,11,11,12,13,13,13,13,13,13,67,67,6,7.4944409347181,3.228273941203952,17.49134308192879,0.0
1779968075,100,GET,/product/2ZYFJ3GM2N,1.000000,1.000000,4,4,4,8,9,9,9,9,9,9,9,61,61,7,7.998364937461179,3.183057066053152,32.84195193555206,0.0
1779968075,100,GET,/product/66VCHSJNUP,0.900000,0.900000,5,6,9,9,10,10,10,10,10,10,10,65,65,6,25.085406748649593,3.0031490605324507,1041.2659239955246,0.0
1779968075,100,GET,/product/6E92ZMYYFZ,1.000000,1.000000,5,5,7,12,18,18,18,18,18,18,18,57,57,7,8.268120913080088,3.2917680218815804,25.225055986084044,0.0
1779968075,100,GET,/product/9SIQT8TOJO,0.600000,0.600000,4,5,17,17,17,17,17,17,17,17,17,50,50,6,28.51543637458235,3.042588010430336,1014.9186470080167,0.0
1779968075,100,GET,/product/L9ECAV7KIM,0.700000,0.700000,4,7,11,11,15,15,15,15,15,15,15,55,55,7,9.553838887421245,3.6705039674416184,42.67131397500634,0.0
1779968075,100,GET,/product/LS4PSXUNUM,1.000000,1.000000,6,7,13,13,27,27,27,27,27,27,27,69,69,7,23.640146556620795,3.589075058698654,1045.064295991324,0.0
1779968075,100,GET,/product/OLJCESPC7Z,0.600000,0.600000,5,5,8,8,18,18,18,18,18,18,18,44,44,6,7.8846914720171215,3.4081119811162353,19.56289599183947,0.0
1779968075,100,,Aggregated,56.600000,56.600000,5,7,9,9,15,27,39,46,1100,1100,1100,4204,4204,8,19.06401803606251,2.3423890816047788,1114.075019955635,0.0
1779968076,100,GET,/,42.500000,42.500000,5,7,8,9,15,28,41,67,1100,1100,1100,3194,3194,8,19.752962813450523,2.3423890816047788,1114.075019955635,0.0
1779968076,100,POST,/cart,4.600000,4.600000,6,8,10,11,16,32,34,34,34,34,34,349,349,8,13.67003380896038,3.33294493611902,1049.3516599526629,0.0
1779968076,100,POST,/cart/checkout,1.800000,1.800000,5,7,7,12,16,44,44,44,44,44,44,178,178,9,22.641393323978306,3.6858569364994764,1100.5765120498836,0.0
1779968076,100,GET,/product/0PUK6V6EV0,1.200000,1.200000,5,7,7,7,7,9,9,9,9,9,9,63,63,7,25.585411903670146,3.45129007473588,1082.3089909972623,0.0
1779968076,100,GET,/product/1YMWWN1N4O,1.100000,1.100000,5,9,11,12,13,13,13,13,13,13,13,68,68,6,7.453513478942434,3.228273941203952,17.49134308192879,0.0
1779968076,100,GET,/product/2ZYFJ3GM2N,0.900000,0.900000,4,4,4,4,8,9,9,9,9,9,9,63,63,7,7.87744577974081,3.183057066053152,32.84195193555206,0.0
1779968076,100,GET,/product/66VCHSJNUP,0.900000,0.900000,5,6,9,9,10,10,10,10,10,10,10,65,65,6,25.085406748649593,3.0031490605324507,1041.2659239955246,0.0
1779968076,100,GET,/product/6E92ZMYYFZ,1.000000,1.000000,5,7,12,12,18,26,26,26,26,26,26,59,59,7,8.56040842373366,3.2917680218815804,26.43912297207862,0.0
1779968076,100,GET,/product/9SIQT8TOJO,0.700000,0.700000,4,4,4,5,17,17,17,17,17,17,17,54,54,6,26.71170773424415,3.042588010430336,1014.9186470080167,0.0
1779968076,100,GET,/product/L9ECAV7KIM,0.800000,0.800000,6,7,11,11,15,15,15,15,15,15,15,56,56,7,9.490602192402418,3.6705039674416184,42.67131397500634,0.0
1779968076,100,GET,/product/LS4PSXUNUM,1.100000,1.100000,6,7,13,13,27,27,27,27,27,27,27,69,69,7,23.640146556620795,3.589075058698654,1045.064295991324,0.0
1779968076,100,GET,/product/OLJCESPC7Z,0.600000,0.600000,4,5,8,8,18,18,18,18,18,18,18,46,46,6,7.697060385354511,3.180983942002058,19.56289599183947,0.0
1779968076,100,,Aggregated,57.200000,57.200000,5,7,8,9,15,27,39,46,1100,1100,1100,4264,4264,8,18.902844360693862,2.3423890816047788,1114.075019955635,0.0
1779968077,100,GET,/,42.700000,42.700000,5,6,8,9,15,27,39,67,1100,1100,1100,3243,3243,8,19.565679032892284,2.3423890816047788,1114.075019955635,0.0
1779968077,100,POST,/cart,4.500000,4.500000,6,7,10,11,16,32,34,34,34,34,34,353,353,8,13.58729220792208,3.33294493611902,1049.3516599526629,0.0
1779968077,100,POST,/cart/checkout,1.600000,1.600000,5,7,7,9,16,44,44,44,44,44,44,181,181,9,22.3717626720636,3.6858569364994764,1100.5765120498836,0.0
1779968077,100,GET,/product/0PUK6V6EV0,1.200000,1.200000,6,7,7,7,9,9,9,9,9,9,9,63,63,7,25.585411903670146,3.45129007473588,1082.3089909972623,0.0
1779968077,100,GET,/product/1YMWWN1N4O,1.100000,1.100000,5,9,11,11,13,13,13,13,13,13,13,68,68,6,7.453513478942434,3.228273941203952,17.49134308192879,0.0
1779968077,100,GET,/product/2ZYFJ3GM2N,0.900000,0.900000,4,4,4,4,8,8,8,8,8,8,8,63,63,7,7.87744577974081,3.183057066053152,32.84195193555206,0.0
1779968077,100,GET,/product/66VCHSJNUP,0.800000,0.800000,5,5,9,9,10,10,10,10,10,10,10,65,65,6,25.085406748649593,3.0031490605324507,1041.2659239955246,0.0
1779968077,100,GET,/product/6E92ZMYYFZ,0.900000,0.900000,5,7,12,12,18,26,26,26,26,26,26,59,59,7,8.56040842373366,3.2917680218815804,26.43912297207862,0.0
1779968077,100,GET,/product/9SIQT8TOJO,0.800000,0.800000,4,4,4,4,5,17,17,17,17,17,17,55,55,6,26.297044375149365,3.042588010430336,1014.9186470080167,0.0
1779968077,100,GET,/product/L9ECAV7KIM,0.700000,0.700000,4,6,7,7,11,11,11,11,11,11,11,56,56,7,9.490602192402418,3.6705039674416184,42.67131397500634,0.0
1779968077,100,GET,/product/LS4PSXUNUM,0.800000,0.800000,6,6,7,7,27,27,27,27,27,27,27,70,70,7,23.374035620197123,3.589075058698654,1045.064295991324,0.0
1779968077,100,GET,/product/OLJCESPC7Z,0.600000,0.600000,4,5,8,9,18,18,18,18,18,18,18,48,48,6,7.631017472400951,3.180983942002058,19.56289599183947,0.0
1779968077,100,,Aggregated,56.600000,56.600000,5,6,8,9,15,26,38,44,1100,1100,1100,4324,4324,8,18.73912980538667,2.3423890816047788,1114.075019955635,0.0
1779968078,100,GET,/,43.100000,43.100000,5,6,8,9,16,28,39,48,1100,1100,1100,3281,3281,8,19.456027452711893,2.3423890816047788,1114.075019955635,0.0
1779968078,100,POST,/cart,4.400000,4.400000,6,7,11,14,34,44,46,46,46,46,46,358,358,8,13.777580947937787,3.33294493611902,1049.3516599526629,0.0
1779968078,100,POST,/cart/checkout,1.300000,1.300000,6,7,9,9,16,44,44,44,44,44,44,182,182,9,22.283163360463313,3.6858569364994764,1100.5765120498836,0.0
1779968078,100,GET,/product/0PUK6V6EV0,1.200000,1.200000,5,5,6,7,7,7,7,7,7,7,7,65,65,7,24.941023046938845,3.45129007473588,1082.3089909972623,0.0
1779968078,100,GET,/product/1YMWWN1N4O,0.900000,0.900000,5,5,9,9,11,11,11,11,11,11,11,68,68,6,7.453513478942434,3.228273941203952,17.49134308192879,0.0
1779968078,100,GET,/product/2ZYFJ3GM2N,1.000000,1.000000,4,4,5,5,6,8,8,8,8,8,8,65,65,7,7.807250646874309,3.183057066053152,32.84195193555206,0.0
1779968078,100,GET,/product/66VCHSJNUP,0.800000,0.800000,5,5,9,9,10,10,10,10,10,10,10,65,65,6,25.085406748649593,3.0031490605324507,1041.2659239955246,0.0
1779968078,100,GET,/product/6E92ZMYYFZ,1.100000,1.100000,5,7,7,18,26,26,26,26,26,26,26,60,60,7,8.480834016033137,3.2917680218815804,26.43912297207862,0.0
1779968078,100,GET,/product/9SIQT8TOJO,1.000000,1.000000,4,4,5,5,17,1100,1100,1100,1100,1100,1100,56,56,6,44.58443401173489,3.042588010430336,1050.3908640239388,0.0
1779968078,100,GET,/product/L9ECAV7KIM,0.800000,0.800000,4,6,7,7,11,11,11,11,11,11,11,56,56,7,9.490602192402418,3.6705039674416184,42.67131397500634,0.0
1779968078,100,GET,/product/LS4PSXUNUM,0.700000,0.700000,6,6,7,7,27,27,27,27,27,27,27,70,70,7,23.374035620197123,3.589075058698654,1045.064295991324,0.0
1779968078,100,GET,/product/OLJCESPC7Z,0.800000,0.800000,4,5,8,9,18,18,18,18,18,18,18,48,48,6,7.631017472400951,3.180983942002058,19.56289599183947,0.0
1779968078,100,,Aggregated,57.100000,57.100000,5,6,8,9,16,29,41,46,1100,1100,1100,4374,4374,8,18.890875018089773,2.3423890816047788,1114.075019955635,0.0
1779968079,100,GET,/,42.900000,42.900000,5,7,8,9,14,24,38,42,1100,1100,1100,3320,3320,8,19.308822554590865,2.3423890816047788,1114.075019955635,0.0
1779968079,100,POST,/cart,4.200000,4.200000,6,7,9,14,32,35,46,46,46,46,46,366,366,8,13.587462662368036,3.229413996450603,1049.3516599526629,0.0
1779968079,100,POST,/cart/checkout,1.600000,1.600000,5,6,7,9,12,44,44,44,44,44,44,186,186,9,21.932223384263576,3.5018199123442173,1100.5765120498836,0.0
1779968079,100,GET,/product/0PUK6V6EV0,1.100000,1.100000,5,5,7,7,7,7,7,7,7,7,7,65,65,7,24.941023046938845,3.45129007473588,1082.3089909972623,0.0
1779968079,100,GET,/product/1YMWWN1N4O,0.900000,0.900000,5,5,11,11,18,18,18,18,18,18,18,69,69,6,7.600321761750872,3.228273941203952,17.583284992724657,0.0
1779968079,100,GET,/product/2ZYFJ3GM2N,0.900000,0.900000,4,4,5,5,6,8,8,8,8,8,8,66,66,7,7.745704091520923,3.183057066053152,32.84195193555206,0.0
1779968079,100,GET,/product/66VCHSJNUP,0.700000,0.700000,4,5,5,9,10,10,10,10,10,10,10,68,68,6,24.17769786210128,3.0031490605324507,1041.2659239955246,0.0
1779968079,100,GET,/product/6E92ZMYYFZ,0.900000,0.900000,5,7,7,18,26,26,26,26,26,26,26,60,60,7,8.480834016033137,3.2917680218815804,26.43912297207862,0.0
1779968079,100,GET,/product/9SIQT8TOJO,1.100000,1.100000,4,4,5,5,17,1100,1100,1100,1100,1100,1100,57,57,6,43.86885690690721,3.042588010430336,1050.3908640239388,0.0
1779968079,100,GET,/product/L9ECAV7KIM,0.700000,0.700000,4,4,6,6,11,11,11,11,11,11,11,57,57,7,9.382271328369123,3.315742942504585,42.67131397500634,0.0
1779968079,100,GET,/product/LS4PSXUNUM,0.700000,0.700000,6,6,6,7,27,27,27,27,27,27,27,72,72,7,22.849602325651276,3.589075058698654,1045.064295991324,0.0
1779968079,100,GET,/product/OLJCESPC7Z,0.900000,0.900000,4,5,8,8,9,9,9,9,9,9,9,48,48,6,7.631017472400951,3.180983942002058,19.56289599183947,0.0
1779968079,100,,Aggregated,56.600000,56.600000,5,6,8,9,14,26,39,44,1100,1100,1100,4434,4434,7,18.72219416912751,2.3423890816047788,1114.075019955635,0.0
1779968080,100,GET,/,42.500000,42.500000,6,7,8,9,14,26,39,42,1100,1100,1100,3365,3365,8,19.464809623758626,2.3423890816047788,1114.075019955635,0.0
1779968080,100,POST,/cart,4.400000,4.400000,6,7,9,14,32,35,46,46,46,46,46,371,371,8,13.490248747945655,3.229413996450603,1049.3516599526629,0.0
1779968080,100,POST,/cart/checkout,1.800000,1.800000,6,7,7,7,10,12,44,44,44,44,44,190,190,8,21.59844358684495,3.5018199123442173,1100.5765120498836,0.0
1779968080,100,GET,/product/0PUK6V6EV0,1.200000,1.200000,5,5,7,7,7,7,7,7,7,7,7,65,65,7,24.941023046938845,3.45129007473588,1082.3089909972623,0.0
1779968080,100,GET,/product/1YMWWN1N4O,0.800000,0.800000,5,11,11,18,18,18,18,18,18,18,18,69,69,6,7.600321761750872,3.228273941203952,17.583284992724657,0.0
1779968080,100,GET,/product/2ZYFJ3GM2N,1.100000,1.100000,4,4,4,5,6,6,6,6,6,6,6,66,66,7,7.745704091520923,3.183057066053152,32.84195193555206,0.0
1779968080,100,GET,/product/66VCHSJNUP,0.700000,0.700000,5,5,5,5,9,9,9,9,9,9,9,70,70,6,23.62384955132646,3.0031490605324507,1041.2659239955246,0.0
1779968080,100,GET,/product/6E92ZMYYFZ,1.000000,1.000000,7,7,18,18,26,26,26,26,26,26,26,60,60,7,8.480834016033137,3.2917680218815804,26.43912297207862,0.0
1779968080,100,GET,/product/9SIQT8TOJO,1.100000,1.100000,4,4,4,5,17,1100,1100,1100,1100,1100,1100,58,58,6,43.18882308193836,3.042588010430336,1050.3908640239388,0.0
1779968080,100,GET,/product/L9ECAV7KIM,0.700000,0.700000,4,4,4,4,6,6,6,6,6,6,6,57,57,7,9.382271328369123,3.315742942504585,42.67131397500634,0.0
1779968080,100,GET,/product/LS4PSXUNUM,0.800000,0.800000,5,6,6,6,7,7,7,7,7,7,7,73,73,7,22.60310528002526,3.589075058698654,1045.064295991324,0.0
1779968080,100,GET,/product/OLJCESPC7Z,0.900000,0.900000,5,5,8,8,9,9,9,9,9,9,9,49,49,6,7.576756074796526,3.180983942002058,19.56289599183947,0.0
1779968080,100,,Aggregated,57.000000,57.000000,5,7,8,9,14,26,39,44,1100,1100,1100,4493,4493,7,18.804367809418995,2.3423890816047788,1114.075019955635,0.0
1779968081,100,GET,/,41.700000,41.700000,6,7,8,9,14,26,39,42,1100,1100,1100,3404,3404,8,19.343181675903008,2.3423890816047788,1114.075019955635,0.0
1779968081,100,POST,/cart,4.600000,4.600000,6,6,9,11,32,35,46,46,46,46,46,378,378,7,13.348242101658668,3.229413996450603,1049.3516599526629,0.0
1779968081,100,POST,/cart/checkout,2.000000,2.000000,6,7,7,8,10,12,44,44,44,44,44,193,193,8,21.358960386549022,3.5018199123442173,1100.5765120498836,0.0
1779968081,100,GET,/product/0PUK6V6EV0,0.900000,0.900000,5,5,7,7,7,7,7,7,7,7,7,65,65,7,24.941023046938845,3.45129007473588,1082.3089909972623,0.0
1779968081,100,GET,/product/1YMWWN1N4O,0.800000,0.800000,5,5,11,11,18,18,18,18,18,18,18,70,70,6,7.565140893815884,3.228273941203952,17.583284992724657,0.0
1779968081,100,GET,/product/2ZYFJ3GM2N,1.200000,1.200000,4,5,5,6,7,7,7,7,7,7,7,68,68,7,7.687811000163064,3.183057066053152,32.84195193555206,0.0
1779968081,100,GET,/product/66VCHSJNUP,0.800000,0.800000,4,5,5,5,9,10,10,10,10,10,10,72,72,6,23.160702898167074,3.0031490605324507,1041.2659239955246,0.0
1779968081,100,GET,/product/6E92ZMYYFZ,1.000000,1.000000,18,18,26,26,26,26,26,26,26,26,26,60,60,7,8.480834016033137,3.2917680218815804,26.43912297207862,0.0
1779968081,100,GET,/product/9SIQT8TOJO,1.200000,1.200000,4,4,5,5,17,1100,1100,1100,1100,1100,1100,58,58,6,43.18882308193836,3.042588010430336,1050.3908640239388,0.0
1779968081,100,GET,/product/L9ECAV7KIM,0.800000,0.800000,4,5,5,6,7,7,7,7,7,7,7,60,60,7,9.18900144364064,3.315742942504585,42.67131397500634,0.0
1779968081,100,GET,/product/LS4PSXUNUM,1.000000,1.000000,5,5,6,6,7,7,7,7,7,7,7,74,74,7,22.35989101904419,3.589075058698654,1045.064295991324,0.0
1779968081,100,GET,/product/OLJCESPC7Z,0.900000,0.900000,5,6,8,8,9,9,9,9,9,9,9,50,50,6,7.53725559450686,3.180983942002058,19.56289599183947,0.0
1779968081,100,,Aggregated,56.900000,56.900000,6,7,8,9,14,26,39,44,1100,1100,1100,4552,4552,7,18.66208479625868,2.3423890816047788,1114.075019955635,0.0
1779968082,100,GET,/,42.200000,42.200000,6,7,9,9,16,28,39,61,1100,1100,1100,3449,3449,7,19.23994624679549,2.3423890816047788,1114.075019955635,0.0
1779968082,100,POST,/cart,4.700000,4.700000,6,6,9,12,32,35,46,46,46,46,46,380,380,7,13.323176951196633,3.229413996450603,1049.3516599526629,0.0
1779968082,100,POST,/cart/checkout,2.200000,2.200000,6,7,8,9,12,44,44,44,44,44,44,194,194,8,21.27387689500951,3.5018199123442173,1100.5765120498836,0.0
1779968082,100,GET,/product/0PUK6V6EV0,0.800000,0.800000,5,5,5,5,7,7,7,7,7,7,7,66,66,7,24.634987817879654,3.45129007473588,1082.3089909972623,0.0
1779968082,100,GET,/product/1YMWWN1N4O,0.600000,0.600000,5,5,5,5,18,18,18,18,18,18,18,72,72,6,7.486451701778504,3.228273941203952,17.583284992724657,0.0
1779968082,100,GET,/product/2ZYFJ3GM2N,1.000000,1.000000,4,5,5,6,7,7,7,7,7,7,7,68,68,7,7.687811000163064,3.183057066053152,32.84195193555206,0.0
1779968082,100,GET,/product/66VCHSJNUP,1.000000,1.000000,5,5,5,5,10,20,20,20,20,20,20,76,76,6,22.40317467734904,3.0031490605324507,1041.2659239955246,0.0
1779968082,100,GET,/product/6E92ZMYYFZ,1.000000,1.000000,18,18,26,26,26,26,26,26,26,26,26,60,60,7,8.480834016033137,3.2917680218815804,26.43912297207862,0.0
1779968082,100,GET,/product/9SIQT8TOJO,1.300000,1.300000,4,4,4,4,5,1100,1100,1100,1100,1100,1100,59,59,6,42.5300684706229,3.042588010430336,1050.3908640239388,0.0
1779968082,100,GET,/product/L9ECAV7KIM,0.700000,0.700000,5,6,7,7,8,8,8,8,8,8,8,61,61,7,9.177489074511973,3.315742942504585,42.67131397500634,0.0
1779968082,100,GET,/product/LS4PSXUNUM,0.900000,0.900000,5,5,6,6,6,6,6,6,6,6,6,75,75,7,22.115818792954087,3.589075058698654,1045.064295991324,0.0
1779968082,100,GET,/product/OLJCESPC7Z,0.800000,0.800000,5,6,8,8,9,9,9,9,9,9,9,51,51,6,7.46398221007457,3.180983942002058,19.56289599183947,0.0
1779968082,100,,Aggregated,57.200000,57.200000,5,7,8,9,14,28,41,46,1100,1100,1100,4611,4611,7,18.554795168670847,2.3423890816047788,1114.075019955635,0.0
1779968083,100,GET,/,42.300000,42.300000,6,7,9,10,17,28,39,61,1100,1100,1100,3494,3494,7,19.08469305081324,2.3423890816047788,1114.075019955635,0.0
1779968083,100,POST,/cart,5.200000,5.200000,6,6,9,12,34,44,1000,1000,1000,1000,1000,388,388,7,15.865492624873967,3.229413996450603,1049.3516599526629,0.0
1779968083,100,POST,/cart/checkout,2.400000,2.400000,6,7,9,10,12,12,44,44,44,44,44,199,199,8,20.9313782900759,3.5018199123442173,1100.5765120498836,0.0
1779968083,100,GET,/product/0PUK6V6EV0,0.700000,0.700000,5,5,6,6,7,7,7,7,7,7,7,67,67,7,24.356740625894894,3.45129007473588,1082.3089909972623,0.0
1779968083,100,GET,/product/1YMWWN1N4O,0.600000,0.600000,5,5,5,5,18,18,18,18,18,18,18,73,73,6,7.437391911492976,3.228273941203952,17.583284992724657,0.0
1779968083,100,GET,/product/2ZYFJ3GM2N,1.200000,1.200000,5,5,6,7,8,8,8,8,8,8,8,69,69,7,7.696507696021834,3.183057066053152,32.84195193555206,0.0
1779968083,100,GET,/product/66VCHSJNUP,1.200000,1.200000,5,5,5,5,10,20,20,20,20,20,20,76,76,6,22.40317467734904,3.0031490605324507,1041.2659239955246,0.0
1779968083,100,GET,/product/6E92ZMYYFZ,0.700000,0.700000,7,7,26,26,26,26,26,26,26,26,26,60,60,7,8.480834016033137,3.2917680218815804,26.43912297207862,0.0
1779968083,100,GET,/product/9SIQT8TOJO,1.200000,1.200000,4,4,4,4,5,1100,1100,1100,1100,1100,1100,59,59,6,42.5300684706229,3.042588010430336,1050.3908640239388,0.0
1779968083,100,GET,/product/L9ECAV7KIM,0.800000,0.800000,5,6,6,7,8,8,8,8,8,8,8,64,64,7,8.94417954259552,3.315742942504585,42.67131397500634,0.0
1779968083,100,GET,/product/LS4PSXUNUM,1.000000,1.000000,5,5,5,5,6,6,6,6,6,6,6,75,75,7,22.115818792954087,3.589075058698654,1045.064295991324,0.0
1779968083,100,GET,/product/OLJCESPC7Z,0.800000,0.800000,4,5,6,6,9,9,9,9,9,9,9,52,52,6,7.402614455294008,3.180983942002058,19.56289599183947,0.0
1779968083,100,,Aggregated,58.100000,58.100000,6,7,8,9,16,29,42,61,1100,1100,1100,4676,4676,7,18.615435929918164,2.3423890816047788,1114.075019955635,0.0
1779968084,100,GET,/,41.900000,41.900000,6,7,8,9,15,24,33,42,1100,1100,1100,3527,3527,7,18.988409827943645,2.3423890816047788,1114.075019955635,0.0
1779968084,100,POST,/cart,4.800000,4.800000,6,6,9,12,32,44,1000,1000,1000,1000,1000,393,393,7,15.795635234839438,3.229413996450603,1049.3516599526629,0.0
1779968084,100,POST,/cart/checkout,2.200000,2.200000,6,7,8,9,12,12,44,44,44,44,44,202,202,8,20.688992617236874,3.5018199123442173,1100.5765120498836,0.0
1779968084,100,GET,/product/0PUK6V6EV0,0.800000,0.800000,5,5,6,6,7,7,7,7,7,7,7,67,67,7,24.356740625894894,3.45129007473588,1082.3089909972623,0.0
1779968084,100,GET,/product/1YMWWN1N4O,0.700000,0.700000,5,5,5,5,18,18,18,18,18,18,18,73,73,6,7.437391911492976,3.228273941203952,17.583284992724657,0.0
1779968084,100,GET,/product/2ZYFJ3GM2N,1.000000,1.000000,5,5,6,7,8,8,8,8,8,8,8,69,69,7,7.696507696021834,3.183057066053152,32.84195193555206,0.0
1779968084,100,GET,/product/66VCHSJNUP,1.400000,1.400000,5,5,6,10,11,20,20,20,20,20,20,78,78,6,22.046758608223918,3.0031490605324507,1041.2659239955246,0.0
1779968084,100,GET,/product/6E92ZMYYFZ,0.400000,0.400000,7,7,26,26,26,26,26,26,26,26,26,60,60,7,8.480834016033137,3.2917680218815804,26.43912297207862,0.0
1779968084,100,GET,/product/9SIQT8TOJO,1.300000,1.300000,4,4,5,41,1100,1100,1100,1100,1100,1100,1100,60,60,6,42.49629512972509,3.042588010430336,1050.3908640239388,0.0
1779968084,100,GET,/product/L9ECAV7KIM,0.700000,0.700000,5,6,6,7,8,8,8,8,8,8,8,64,64,7,8.94417954259552,3.315742942504585,42.67131397500634,0.0
1779968084,100,GET,/product/LS4PSXUNUM,1.000000,1.000000,5,5,5,5,6,6,6,6,6,6,6,76,76,7,21.876672690268606,3.589075058698654,1045.064295991324,0.0
1779968084,100,GET,/product/OLJCESPC7Z,0.800000,0.800000,4,5,6,6,9,9,9,9,9,9,9,52,52,6,7.402614455294008,3.180983942002058,19.56289599183947,0.0
1779968084,100,,Aggregated,57.000000,57.000000,6,7,8,9,14,24,36,46,1100,1100,1100,4721,4721,7,18.526400840643763,2.3423890816047788,1114.075019955635,0.0
1779968085,100,GET,/,42.300000,42.300000,6,7,9,10,16,24,36,42,1100,1100,1100,3574,3574,7,18.852606321222222,2.3423890816047788,1114.075019955635,0.0
1779968085,100,POST,/cart,5.100000,5.100000,6,6,9,12,25,44,1000,1000,1000,1000,1000,394,394,7,15.770842998139655,3.229413996450603,1049.3516599526629,0.0
1779968085,100,POST,/cart/checkout,2.500000,2.500000,5,7,8,8,10,12,16,16,16,16,16,208,208,8,20.30227066671404,3.5018199123442173,1100.5765120498836,0.0
1779968085,100,GET,/product/0PUK6V6EV0,0.800000,0.800000,5,6,6,7,7,7,7,7,7,7,7,68,68,7,24.108726101557668,3.45129007473588,1082.3089909972623,0.0
1779968085,100,GET,/product/1YMWWN1N4O,0.800000,0.800000,5,5,5,5,18,18,18,18,18,18,18,74,74,6,7.389924411875875,3.228273941203952,17.583284992724657,0.0
1779968085,100,GET,/product/2ZYFJ3GM2N,0.900000,0.900000,5,6,7,7,8,8,8,8,8,8,8,69,69,7,7.696507696021834,3.183057066053152,32.84195193555206,0.0
1779968085,100,GET,/product/66VCHSJNUP,1.300000,1.300000,5,5,6,10,11,20,20,20,20,20,20,79,79,6,21.83842790442743,3.0031490605324507,1041.2659239955246,0.0
1779968085,100,GET,/product/6E92ZMYYFZ,0.300000,0.300000,7,7,26,26,26,26,26,26,26,26,26,61,61,7,8.423035309772144,3.2917680218815804,26.43912297207862,0.0
1779968085,100,GET,/product/9SIQT8TOJO,1.200000,1.200000,4,4,41,41,1100,1100,1100,1100,1100,1100,1100,60,60,6,42.49629512972509,3.042588010430336,1050.3908640239388,0.0
1779968085,100,GET,/product/L9ECAV7KIM,0.900000,0.900000,5,6,6,7,8,8,8,8,8,8,8,65,65,7,8.879962765898268,3.315742942504585,42.67131397500634,0.0
1779968085,100,GET,/product/LS4PSXUNUM,0.800000,0.800000,5,5,5,5,10,10,10,10,10,10,10,77,77,7,21.721986656125587,3.589075058698654,1045.064295991324,0.0
1779968085,100,GET,/product/OLJCESPC7Z,0.700000,0.700000,5,5,6,6,9,9,9,9,9,9,9,52,52,6,7.402614455294008,3.180983942002058,19.56289599183947,0.0
1779968085,100,,Aggregated,57.600000,57.600000,6,7,8,9,14,24,37,46,1100,1100,1100,4781,4781,7,18.397124328490218,2.3423890816047788,1114.075019955635,0.0
1779968086,100,GET,/,42.300000,42.300000,6,7,9,10,15,23,36,42,1100,1100,1100,3620,3620,7,18.717330410235267,2.3423890816047788,1114.075019955635,0.0
1779968086,100,POST,/cart,5.100000,5.100000,6,6,7,10,25,44,1000,1000,1000,1000,1000,399,399,7,15.644215574291977,3.229413996450603,1049.3516599526629,0.0
1779968086,100,POST,/cart/checkout,2.700000,2.700000,5,7,8,8,10,14,16,16,16,16,16,212,212,8,20.04323345125776,3.3356089843437076,1100.5765120498836,0.0
1779968086,100,GET,/product/0PUK6V6EV0,0.400000,0.400000,5,5,6,6,7,7,7,7,7,7,7,71,71,7,23.27025827991081,3.45129007473588,1082.3089909972623,0.0
1779968086,100,GET,/product/1YMWWN1N4O,0.700000,0.700000,5,5,5,5,18,18,18,18,18,18,18,75,75,6,7.338164712612827,3.228273941203952,17.583284992724657,0.0
1779968086,100,GET,/product/2ZYFJ3GM2N,0.900000,0.900000,7,8,11,11,18,18,18,18,18,18,18,71,71,7,7.888863958470838,3.183057066053152,32.84195193555206,0.0
1779968086,100,GET,/product/66VCHSJNUP,1.400000,1.400000,5,6,6,10,11,20,20,20,20,20,20,79,79,6,21.83842790442743,3.0031490605324507,1041.2659239955246,0.0
1779968086,100,GET,/product/6E92ZMYYFZ,0.300000,0.300000,5,5,11,11,11,11,11,11,11,11,11,63,63,7,8.3851980633058,3.2917680218815804,26.43912297207862,0.0
1779968086,100,GET,/product/9SIQT8TOJO,1.100000,1.100000,4,41,41,1100,1100,1100,1100,1100,1100,1100,1100,60,60,6,42.49629512972509,3.042588010430336,1050.3908640239388,0.0
1779968086,100,GET,/product/L9ECAV7KIM,0.900000,0.900000,5,5,6,7,8,8,8,8,8,8,8,65,65,7,8.879962765898268,3.315742942504585,42.67131397500634,0.0
1779968086,100,GET,/product/LS4PSXUNUM,0.800000,0.800000,5,5,5,5,10,10,10,10,10,10,10,77,77,7,21.721986656125587,3.589075058698654,1045.064295991324,0.0
1779968086,100,GET,/product/OLJCESPC7Z,0.800000,0.800000,5,6,6,6,9,9,9,9,9,9,9,53,53,6,7.368909124777002,3.180983942002058,19.56289599183947,0.0
1779968086,100,,Aggregated,57.400000,57.400000,6,7,8,10,14,23,37,46,1100,1100,1100,4845,4845,7,18.256806470458546,2.3423890816047788,1114.075019955635,0.0
1779968087,100,GET,/,42.700000,42.700000,6,7,9,10,14,22,31,37,1100,1100,1100,3660,3660,7,18.591255633366583,2.3423890816047788,1114.075019955635,0.0
1779968087,100,POST,/cart,4.700000,4.700000,6,6,7,9,12,25,1100,1100,1100,1100,1100,405,405,7,18.148450587910634,3.229413996450603,1074.1549279773608,0.0
1779968087,100,POST,/cart/checkout,3.000000,3.000000,5,7,8,8,10,14,16,16,16,16,16,215,215,8,19.852398132883707,3.3356089843437076,1100.5765120498836,0.0
1779968087,100,GET,/product/0PUK6V6EV0,0.500000,0.500000,5,5,6,6,7,7,7,7,7,7,7,71,71,7,23.27025827991081,3.45129007473588,1082.3089909972623,0.0
1779968087,100,GET,/product/1YMWWN1N4O,0.700000,0.700000,5,5,5,5,18,18,18,18,18,18,18,75,75,6,7.338164712612827,3.228273941203952,17.583284992724657,0.0
1779968087,100,GET,/product/2ZYFJ3GM2N,0.900000,0.900000,8,8,11,11,18,18,18,18,18,18,18,71,71,7,7.888863958470838,3.183057066053152,32.84195193555206,0.0
1779968087,100,GET,/product/66VCHSJNUP,1.400000,1.400000,5,6,6,9,11,20,20,20,20,20,20,82,82,6,21.27895549382651,3.0031490605324507,1041.2659239955246,0.0
1779968087,100,GET,/product/6E92ZMYYFZ,0.400000,0.400000,5,5,11,11,11,11,11,11,11,11,11,63,63,7,8.3851980633058,3.2917680218815804,26.43912297207862,0.0
1779968087,100,GET,/product/9SIQT8TOJO,1.000000,1.000000,4,4,4,41,41,41,41,41,41,41,41,61,61,6,41.86984027552678,3.042588010430336,1050.3908640239388,0.0
1779968087,100,GET,/product/L9ECAV7KIM,1.000000,1.000000,5,5,6,7,8,8,8,8,8,8,8,65,65,7,8.879962765898268,3.315742942504585,42.67131397500634,0.0
1779968087,100,GET,/product/LS4PSXUNUM,0.800000,0.800000,5,5,5,5,10,10,10,10,10,10,10,78,78,7,21.51256501943303,3.589075058698654,1045.064295991324,0.0
1779968087,100,GET,/product/OLJCESPC7Z,0.800000,0.800000,5,6,6,6,6,6,6,6,6,6,6,53,53,6,7.368909124777002,3.180983942002058,19.56289599183947,0.0
1779968087,100,,Aggregated,57.900000,57.900000,6,7,8,10,14,19,31,41,1100,1100,1100,4899,4899,7,18.350270597544004,2.3423890816047788,1114.075019955635,0.0
1779968088,100,GET,/,41.900000,41.900000,6,7,9,10,14,23,36,42,1100,1100,1100,3706,3706,7,18.466173660411428,2.3423890816047788,1114.075019955635,0.0
1779968088,100,POST,/cart,4.900000,4.900000,6,6,9,10,16,48,1100,1100,1100,1100,1100,412,412,7,18.043603732824796,3.229413996450603,1074.1549279773608,0.0
1779968088,100,POST,/cart/checkout,3.400000,3.400000,5,7,8,8,12,14,16,16,16,16,16,215,215,8,19.852398132883707,3.3356089843437076,1100.5765120498836,0.0
1779968088,100,GET,/product/0PUK6V6EV0,0.700000,0.700000,5,5,6,6,7,7,7,7,7,7,7,71,71,7,23.27025827991081,3.45129007473588,1082.3089909972623,0.0
1779968088,100,GET,/product/1YMWWN1N4O,0.700000,0.700000,5,5,5,5,18,18,18,18,18,18,18,75,75,6,7.338164712612827,3.228273941203952,17.583284992724657,0.0
1779968088,100,GET,/product/2ZYFJ3GM2N,0.700000,0.700000,8,10,11,11,18,18,18,18,18,18,18,73,73,7,7.878609905848663,3.183057066053152,32.84195193555206,0.0
1779968088,100,GET,/product/66VCHSJNUP,1.400000,1.400000,5,6,9,9,11,20,20,20,20,20,20,83,83,6,21.080747765702117,3.0031490605324507,1041.2659239955246,0.0
1779968088,100,GET,/product/6E92ZMYYFZ,0.400000,0.400000,5,7,7,11,11,11,11,11,11,11,11,64,64,7,8.368675875317422,3.2917680218815804,26.43912297207862,0.0
1779968088,100,GET,/product/9SIQT8TOJO,0.600000,0.600000,4,4,41,41,41,41,41,41,41,41,41,61,61,6,41.86984027552678,3.042588010430336,1050.3908640239388,0.0
1779968088,100,GET,/product/L9ECAV7KIM,0.900000,0.900000,5,5,6,7,8,8,8,8,8,8,8,65,65,7,8.879962765898268,3.315742942504585,42.67131397500634,0.0
1779968088,100,GET,/product/LS4PSXUNUM,0.800000,0.800000,5,5,7,7,10,10,10,10,10,10,10,79,79,7,21.324076474632456,3.589075058698654,1045.064295991324,0.0
1779968088,100,GET,/product/OLJCESPC7Z,0.700000,0.700000,6,6,6,8,11,11,11,11,11,11,11,57,57,6,7.34816256935071,3.180983942002058,19.56289599183947,0.0
1779968088,100,,Aggregated,57.100000,57.100000,6,7,8,10,14,22,36,48,1100,1100,1100,4961,4961,7,18.229300867070794,2.3423890816047788,1114.075019955635,0.0
1779968089,100,GET,/,41.800000,41.800000,6,7,9,10,15,25,36,42,76,76,76,3742,3742,7,18.38328248414523,2.3423890816047788,1114.075019955635,0.0
1779968089,100,POST,/cart,5.100000,5.100000,6,6,9,11,16,48,1100,1100,1100,1100,1100,417,417,7,17.90086754901464,3.229413996450603,1074.1549279773608,0.0
1779968089,100,POST,/cart/checkout,3.400000,3.400000,5,7,8,8,12,14,16,16,16,16,16,217,217,8,19.72470771250946,3.3356089843437076,1100.5765120498836,0.0
1779968089,100,GET,/product/0PUK6V6EV0,0.800000,0.800000,5,5,6,6,7,7,7,7,7,7,7,71,71,7,23.27025827991081,3.45129007473588,1082.3089909972623,0.0
1779968089,100,GET,/product/1YMWWN1N4O,0.700000,0.700000,5,5,5,5,7,7,7,7,7,7,7,76,76,6,7.32944426923304,3.228273941203952,17.583284992724657,0.0
1779968089,100,GET,/product/2ZYFJ3GM2N,0.800000,0.800000,8,10,11,11,18,18,18,18,18,18,18,73,73,7,7.878609905848663,3.183057066053152,32.84195193555206,0.0
1779968089,100,GET,/product/66VCHSJNUP,1.700000,1.700000,5,6,9,10,11,20,20,20,20,20,20,84,84,6,20.880578624893957,3.0031490605324507,1041.2659239955246,0.0
1779968089,100,GET,/product/6E92ZMYYFZ,0.400000,0.400000,5,5,7,7,11,11,11,11,11,11,11,65,65,7,8.303262339904904,3.2917680218815804,26.43912297207862,0.0
1779968089,100,GET,/product/9SIQT8TOJO,0.500000,0.500000,4,4,41,41,41,41,41,41,41,41,41,61,61,6,41.86984027552678,3.042588010430336,1050.3908640239388,0.0
1779968089,100,GET,/product/L9ECAV7KIM,0.900000,0.900000,6,6,8,8,8,1100,1100,1100,1100,1100,1100,69,69,7,23.850958055371176,3.315742942504585,1050.5324880359694,0.0
1779968089,100,GET,/product/LS4PSXUNUM,0.900000,0.900000,5,5,7,7,10,10,10,10,10,10,10,80,80,7,21.110221242997795,3.589075058698654,1045.064295991324,0.0
1779968089,100,GET,/product/OLJCESPC7Z,0.500000,0.500000,6,6,8,8,11,11,11,11,11,11,11,57,57,6,7.34816256935071,3.180983942002058,19.56289599183947,0.0
1779968089,100,,Aggregated,57.500000,57.500000,6,7,9,10,14,24,36,48,1100,1100,1100,5012,5012,7,18.340113928131068,2.3423890816047788,1114.075019955635,0.0
1779968090,100,GET,/,42.000000,42.000000,6,7,9,10,17,26,36,42,76,76,76,3790,3790,7,18.25930809302349,2.3423890816047788,1114.075019955635,0.0
1779968090,100,POST,/cart,5.300000,5.300000,6,9,11,12,20,48,1100,1100,1100,1100,1100,421,421,7,17.841752899496544,3.229413996450603,1074.1549279773608,0.0
1779968090,100,POST,/cart/checkout,3.300000,3.300000,5,7,8,8,14,16,24,24,24,24,24,221,221,8,19.565772888886983,3.3356089843437076,1100.5765120498836,0.0
1779968090,100,GET,/product/0PUK6V6EV0,0.600000,0.600000,4,5,6,6,7,7,7,7,7,7,7,73,73,6,22.744058985390687,3.45129007473588,1082.3089909972623,0.0
1779968090,100,GET,/product/1YMWWN1N4O,0.700000,0.700000,4,5,5,5,7,7,7,7,7,7,7,77,77,6,7.292291356625592,3.228273941203952,17.583284992724657,0.0
1779968090,100,GET,/product/2ZYFJ3GM2N,0.700000,0.700000,8,10,11,11,18,18,18,18,18,18,18,74,74,7,7.8311636367485535,3.183057066053152,32.84195193555206,0.0
1779968090,100,GET,/product/66VCHSJNUP,1.800000,1.800000,6,6,9,9,11,20,20,20,20,20,20,84,84,6,20.880578624893957,3.0031490605324507,1041.2659239955246,0.0
1779968090,100,GET,/product/6E92ZMYYFZ,0.400000,0.400000,5,7,7,11,11,11,11,11,11,11,11,65,65,7,8.303262339904904,3.2917680218815804,26.43912297207862,0.0
1779968090,100,GET,/product/9SIQT8TOJO,0.500000,0.500000,4,4,41,41,41,41,41,41,41,41,41,62,62,5,41.252665625389426,3.042588010430336,1050.3908640239388,0.0
1779968090,100,GET,/product/L9ECAV7KIM,0.900000,0.900000,6,6,8,8,1100,1100,1100,1100,1100,1100,1100,69,69,7,23.850958055371176,3.315742942504585,1050.5324880359694,0.0
1779968090,100,GET,/product/LS4PSXUNUM,0.800000,0.800000,5,7,9,9,10,10,10,10,10,10,10,82,82,7,20.762226432164358,3.589075058698654,1045.064295991324,0.0
1779968090,100,GET,/product/OLJCESPC7Z,0.800000,0.800000,6,6,8,8,11,11,11,11,11,11,11,57,57,6,7.34816256935071,3.180983942002058,19.56289599183947,0.0
1779968090,100,,Aggregated,57.800000,57.800000,6,7,9,10,16,25,36,48,1100,1100,1100,5075,5075,7,18.21831136281267,2.3423890816047788,1114.075019955635,0.0
1779968091,100,GET,/,42.100000,42.100000,6,7,9,10,15,24,36,42,1100,1100,1100,3834,3834,7,18.68382752619161,2.3423890816047788,1114.075019955635,0.0
1779968091,100,POST,/cart,5.100000,5.100000,6,9,10,11,20,48,1100,1100,1100,1100,1100,426,426,7,17.708236017939964,3.229413996450603,1074.1549279773608,0.0
1779968091,100,POST,/cart/checkout,3.100000,3.100000,5,7,8,8,14,16,24,24,24,24,24,224,224,8,19.373574573234823,3.3356089843437076,1100.5765120498836,0.0
1779968091,100,GET,/product/0PUK6V6EV0,0.600000,0.600000,4,4,6,6,7,7,7,7,7,7,7,73,73,6,22.744058985390687,3.45129007473588,1082.3089909972623,0.0
1779968091,100,GET,/product/1YMWWN1N4O,0.700000,0.700000,4,4,4,7,7,7,7,7,7,7,7,77,77,6,7.292291356625592,3.228273941203952,17.583284992724657,0.0
1779968091,100,GET,/product/2ZYFJ3GM2N,0.700000,0.700000,8,10,11,11,18,18,18,18,18,18,18,75,75,7,7.794444629301627,3.183057066053152,32.84195193555206,0.0
1779968091,100,GET,/product/66VCHSJNUP,1.700000,1.700000,6,6,6,9,11,11,11,11,11,11,11,85,85,6,20.689140430048983,3.0031490605324507,1041.2659239955246,0.0
1779968091,100,GET,/product/6E92ZMYYFZ,0.500000,0.500000,7,8,11,11,12,12,12,12,12,12,12,68,68,7,8.324973149951,3.2917680218815804,26.43912297207862,0.0
1779968091,100,GET,/product/9SIQT8TOJO,0.400000,0.400000,4,8,8,41,41,41,41,41,41,41,41,63,63,6,40.71782036159661,3.042588010430336,1050.3908640239388,0.0
1779968091,100,GET,/product/L9ECAV7KIM,1.100000,1.100000,6,6,8,9,1100,1100,1100,1100,1100,1100,1100,70,70,7,23.643921553489886,3.315742942504585,1050.5324880359694,0.0
1779968091,100,GET,/product/LS4PSXUNUM,0.800000,0.800000,5,7,9,9,10,10,10,10,10,10,10,82,82,7,20.762226432164358,3.589075058698654,1045.064295991324,0.0
1779968091,100,GET,/product/OLJCESPC7Z,0.900000,0.900000,6,6,8,8,11,11,11,11,11,11,11,57,57,6,7.34816256935071,3.180983942002058,19.56289599183947,0.0
1779968091,100,,Aggregated,57.700000,57.700000,6,7,9,10,14,24,37,76,1100,1100,1100,5134,5134,7,18.502125089057877,2.3423890816047788,1114.075019955635,0.0
1779968092,100,GET,/,42.200000,42.200000,6,7,9,10,15,26,35,42,1100,1100,1100,3879,3879,7,18.58202781702062,2.3423890816047788,1114.075019955635,0.0
1779968092,100,POST,/cart,5.000000,5.000000,6,8,9,10,12,20,1100,1100,1100,1100,1100,432,432,7,17.54566454096844,3.229413996450603,1074.1549279773608,0.0
1779968092,100,POST,/cart/checkout,3.000000,3.000000,5,6,7,8,14,16,24,24,24,24,24,225,225,8,19.312567428375285,3.3356089843437076,1100.5765120498836,0.0
1779968092,100,GET,/product/0PUK6V6EV0,0.800000,0.800000,4,4,6,6,7,7,7,7,7,7,7,73,73,6,22.744058985390687,3.45129007473588,1082.3089909972623,0.0
1779968092,100,GET,/product/1YMWWN1N4O,0.800000,0.800000,4,4,7,7,30,30,30,30,30,30,30,79,79,6,7.536580700639494,3.228273941203952,29.722507926635444,0.0
1779968092,100,GET,/product/2ZYFJ3GM2N,0.800000,0.800000,8,10,11,11,18,18,18,18,18,18,18,76,76,7,7.761313095933905,3.183057066053152,32.84195193555206,0.0
1779968092,100,GET,/product/66VCHSJNUP,1.500000,1.500000,6,6,6,9,11,11,11,11,11,11,11,86,86,6,20.49909178627828,3.0031490605324507,1041.2659239955246,0.0
1779968092,100,GET,/product/6E92ZMYYFZ,0.500000,0.500000,7,8,11,11,12,12,12,12,12,12,12,68,68,7,8.324973149951,3.2917680218815804,26.43912297207862,0.0
1779968092,100,GET,/product/9SIQT8TOJO,0.400000,0.400000,8,8,41,41,41,41,41,41,41,41,41,63,63,6,40.71782036159661,3.042588010430336,1050.3908640239388,0.0
1779968092,100,GET,/product/L9ECAV7KIM,1.200000,1.200000,6,6,8,9,1100,1100,1100,1100,1100,1100,1100,73,73,7,22.87754447722476,3.315742942504585,1050.5324880359694,0.0
1779968092,100,GET,/product/LS4PSXUNUM,0.900000,0.900000,5,7,9,9,10,10,10,10,10,10,10,82,82,7,20.762226432164358,3.589075058698654,1045.064295991324,0.0
1779968092,100,GET,/product/OLJCESPC7Z,0.800000,0.800000,6,6,8,8,11,11,11,11,11,11,11,57,57,6,7.34816256935071,3.180983942002058,19.56289599183947,0.0
1779968092,100,,Aggregated,57.900000,57.900000,6,7,9,10,14,24,36,42,1100,1100,1100,5193,5193,7,18.397064887965698,2.3423890816047788,1114.075019955635,0.0
1779968093,100,GET,/,42.400000,42.400000,6,7,9,10,14,25,31,42,1100,1100,1100,3917,3917,7,18.458155047004382,2.3423890816047788,1114.075019955635,0.0
1779968093,100,POST,/cart,4.800000,4.800000,6,8,9,9,11,20,1100,1100,1100,1100,1100,435,435,7,17.470758033638027,3.229413996450603,1074.1549279773608,0.0
1779968093,100,POST,/cart/checkout,2.900000,2.900000,6,7,7,8,14,16,24,24,24,24,24,227,227,8,19.194387812331517,3.3356089843437076,1100.5765120498836,0.0
1779968093,100,GET,/product/0PUK6V6EV0,0.800000,0.800000,4,4,6,6,7,7,7,7,7,7,7,74,74,6,22.51672777001167,3.45129007473588,1082.3089909972623,0.0
1779968093,100,GET,/product/1YMWWN1N4O,0.700000,0.700000,4,4,7,7,30,30,30,30,30,30,30,79,79,6,7.536580700639494,3.228273941203952,29.722507926635444,0.0
1779968093,100,GET,/product/2ZYFJ3GM2N,0.700000,0.700000,8,10,11,11,18,18,18,18,18,18,18,76,76,7,7.761313095933905,3.183057066053152,32.84195193555206,0.0
1779968093,100,GET,/product/66VCHSJNUP,1.300000,1.300000,5,5,6,6,9,9,9,9,9,9,9,88,88,5,20.124263586529363,3.0031490605324507,1041.2659239955246,0.0
1779968093,100,GET,/product/6E92ZMYYFZ,0.800000,0.800000,7,8,11,11,12,12,12,12,12,12,12,68,68,7,8.324973149951,3.2917680218815804,26.43912297207862,0.0
1779968093,100,GET,/product/9SIQT8TOJO,0.400000,0.400000,5,8,8,41,41,41,41,41,41,41,41,64,64,5,40.15670701301133,3.042588010430336,1050.3908640239388,0.0
1779968093,100,GET,/product/L9ECAV7KIM,1.100000,1.100000,6,6,8,9,1100,1100,1100,1100,1100,1100,1100,74,74,7,22.632946862801408,3.315742942504585,1050.5324880359694,0.0
1779968093,100,GET,/product/LS4PSXUNUM,0.800000,0.800000,5,7,9,9,10,10,10,10,10,10,10,83,83,7,20.56997169246785,3.589075058698654,1045.064295991324,0.0
1779968093,100,GET,/product/OLJCESPC7Z,0.700000,0.700000,6,6,8,8,11,11,11,11,11,11,11,57,57,6,7.34816256935071,3.180983942002058,19.56289599183947,0.0
1779968093,100,,Aggregated,57.400000,57.400000,6,7,9,9,14,24,35,42,1100,1100,1100,5242,5242,7,18.27871808969657,2.3423890816047788,1114.075019955635,0.0
1779968094,100,GET,/,43.100000,43.100000,6,7,9,9,14,26,31,42,1100,1100,1100,3966,3966,7,18.583749204782926,2.3423890816047788,1114.075019955635,0.0
1779968094,100,POST,/cart,5.100000,5.100000,6,8,9,10,11,20,1100,1100,1100,1100,1100,439,439,7,17.376302342897954,3.229413996450603,1074.1549279773608,0.0
1779968094,100,POST,/cart/checkout,3.100000,3.100000,6,7,7,8,14,24,24,24,24,24,24,227,227,8,19.194387812331517,3.3356089843437076,1100.5765120498836,0.0
1779968094,100,GET,/product/0PUK6V6EV0,0.700000,0.700000,4,4,6,6,8,8,8,8,8,8,8,75,75,6,22.31743062691142,3.45129007473588,1082.3089909972623,0.0
1779968094,100,GET,/product/1YMWWN1N4O,0.700000,0.700000,7,7,7,7,30,30,30,30,30,30,30,80,80,6,7.528075341542717,3.228273941203952,29.722507926635444,0.0
1779968094,100,GET,/product/2ZYFJ3GM2N,0.800000,0.800000,6,9,10,10,11,18,18,18,18,18,18,80,80,7,7.685303477046546,3.183057066053152,32.84195193555206,0.0
1779968094,100,GET,/product/66VCHSJNUP,1.000000,1.000000,5,5,6,6,9,9,9,9,9,9,9,88,88,5,20.124263586529363,3.0031490605324507,1041.2659239955246,0.0
1779968094,100,GET,/product/6E92ZMYYFZ,0.800000,0.800000,7,8,11,11,12,12,12,12,12,12,12,68,68,7,8.324973149951,3.2917680218815804,26.43912297207862,0.0
1779968094,100,GET,/product/9SIQT8TOJO,0.400000,0.400000,5,5,8,8,41,41,41,41,41,41,41,65,65,5,39.60906650620298,3.042588010430336,1050.3908640239388,0.0
1779968094,100,GET,/product/L9ECAV7KIM,1.000000,1.000000,6,6,8,8,9,1100,1100,1100,1100,1100,1100,76,76,7,22.184376301562512,3.315742942504585,1050.5324880359694,0.0
1779968094,100,GET,/product/LS4PSXUNUM,0.700000,0.700000,5,7,9,9,10,10,10,10,10,10,10,83,83,7,20.56997169246785,3.589075058698654,1045.064295991324,0.0
1779968094,100,GET,/product/OLJCESPC7Z,0.600000,0.600000,6,8,8,11,11,11,11,11,11,11,11,57,57,6,7.34816256935071,3.180983942002058,19.56289599183947,0.0
1779968094,100,,Aggregated,58.000000,58.000000,6,7,8,9,13,24,31,48,1100,1100,1100,5304,5304,7,18.345237164247184,2.3423890816047788,1114.075019955635,0.0
1779968095,100,GET,/,42.800000,42.800000,6,7,9,10,15,26,31,42,1100,1100,1100,4010,4010,7,18.48965893964634,2.3423890816047788,1114.075019955635,0.0
1779968095,100,POST,/cart,4.700000,4.700000,6,8,9,10,20,46,48,1100,1100,1100,1100,449,449,7,17.3227414156918,3.229413996450603,1074.1549279773608,0.0
1779968095,100,POST,/cart/checkout,2.800000,2.800000,6,8,8,10,14,24,24,24,24,24,24,231,231,8,19.007058728998324,3.3356089843437076,1100.5765120498836,0.0
1779968095,100,GET,/product/0PUK6V6EV0,0.700000,0.700000,4,6,6,8,8,8,8,8,8,8,8,75,75,6,22.31743062691142,3.45129007473588,1082.3089909972623,0.0
1779968095,100,GET,/product/1YMWWN1N4O,0.600000,0.600000,7,7,9,9,30,30,30,30,30,30,30,81,81,6,7.5451635344551855,3.228273941203952,29.722507926635444,0.0
1779968095,100,GET,/product/2ZYFJ3GM2N,0.700000,0.700000,7,9,10,10,11,18,18,18,18,18,18,81,81,7,7.7052076194826284,3.183057066053152,32.84195193555206,0.0
1779968095,100,GET,/product/66VCHSJNUP,1.200000,1.200000,5,5,6,9,42,42,42,42,42,42,42,89,89,6,20.37461030982393,3.0031490605324507,1041.2659239955246,0.0
1779968095,100,GET,/product/6E92ZMYYFZ,0.800000,0.800000,7,8,11,11,12,12,12,12,12,12,12,69,69,7,8.266341626185222,3.2917680218815804,26.43912297207862,0.0
1779968095,100,GET,/product/9SIQT8TOJO,0.500000,0.500000,5,5,6,6,8,8,8,8,8,8,8,66,66,5,39.094978664775915,3.042588010430336,1050.3908640239388,0.0
1779968095,100,GET,/product/L9ECAV7KIM,1.100000,1.100000,6,6,8,8,9,1100,1100,1100,1100,1100,1100,76,76,7,22.184376301562512,3.315742942504585,1050.5324880359694,0.0
1779968095,100,GET,/product/LS4PSXUNUM,0.800000,0.800000,5,5,6,7,9,9,9,9,9,9,9,86,86,7,20.024731026984057,3.589075058698654,1045.064295991324,0.0
1779968095,100,GET,/product/OLJCESPC7Z,0.600000,0.600000,6,8,8,11,11,11,11,11,11,11,11,57,57,6,7.34816256935071,3.180983942002058,19.56289599183947,0.0
1779968095,100,,Aggregated,57.300000,57.300000,6,7,9,9,14,26,42,48,1100,1100,1100,5370,5370,7,18.251793740383995,2.3423890816047788,1114.075019955635,0.0
1779968096,100,GET,/,43.600000,43.600000,6,7,9,10,15,29,42,1100,1100,1100,1100,4043,4043,7,18.695900623331635,2.3423890816047788,1114.075019955635,0.0
1779968096,100,POST,/cart,4.600000,4.600000,6,8,10,11,20,37,48,48,48,48,48,453,453,7,17.270411858407094,3.229413996450603,1074.1549279773608,0.0
1779968096,100,POST,/cart/checkout,2.500000,2.500000,6,8,8,10,24,24,24,24,24,24,24,233,233,8,18.965248774453325,3.3356089843437076,1100.5765120498836,0.0
1779968096,100,GET,/product/0PUK6V6EV0,0.800000,0.800000,4,6,6,8,8,8,8,8,8,8,8,75,75,6,22.31743062691142,3.45129007473588,1082.3089909972623,0.0
1779968096,100,GET,/product/1YMWWN1N4O,0.700000,0.700000,7,7,9,9,30,30,30,30,30,30,30,83,83,6,7.465223052415503,3.228273941203952,29.722507926635444,0.0
1779968096,100,GET,/product/2ZYFJ3GM2N,1.000000,1.000000,6,7,9,9,10,10,10,10,10,10,10,81,81,7,7.7052076194826284,3.183057066053152,32.84195193555206,0.0
1779968096,100,GET,/product/66VCHSJNUP,1.000000,1.000000,4,5,5,5,42,42,42,42,42,42,42,89,89,6,20.37461030982393,3.0031490605324507,1041.2659239955246,0.0
1779968096,100,GET,/product/6E92ZMYYFZ,0.800000,0.800000,7,7,8,8,12,12,12,12,12,12,12,69,69,7,8.266341626185222,3.2917680218815804,26.43912297207862,0.0
1779968096,100,GET,/product/9SIQT8TOJO,0.600000,0.600000,5,5,6,6,8,8,8,8,8,8,8,67,67,5,38.55876029649777,3.042588010430336,1050.3908640239388,0.0
1779968096,100,GET,/product/L9ECAV7KIM,1.200000,1.200000,6,6,8,8,9,1100,1100,1100,1100,1100,1100,76,76,7,22.184376301562512,3.315742942504585,1050.5324880359694,0.0
1779968096,100,GET,/product/LS4PSXUNUM,0.700000,0.700000,5,5,6,7,9,9,9,9,9,9,9,87,87,7,19.84568908355659,3.589075058698654,1045.064295991324,0.0
1779968096,100,GET,/product/OLJCESPC7Z,0.500000,0.500000,8,8,11,11,11,11,11,11,11,11,11,57,57,6,7.34816256935071,3.180983942002058,19.56289599183947,0.0
1779968096,100,,Aggregated,58.000000,58.000000,6,7,9,10,15,28,42,54,1100,1100,1100,5413,5413,7,18.390182159480954,2.3423890816047788,1114.075019955635,0.0
1779968097,100,GET,/,43.000000,43.000000,6,7,9,9,15,29,42,1100,1100,1100,1100,4092,4092,7,18.55358335577914,2.3423890816047788,1114.075019955635,0.0
1779968097,100,POST,/cart,5.400000,5.400000,6,8,10,10,20,37,48,48,48,48,48,458,458,7,17.136211776963584,3.1217989744618535,1074.1549279773608,0.0
1779968097,100,POST,/cart/checkout,2.400000,2.400000,6,7,8,10,24,24,24,24,24,24,24,235,235,8,18.850368482774083,3.3356089843437076,1100.5765120498836,0.0
1779968097,100,GET,/product/0PUK6V6EV0,0.700000,0.700000,6,6,8,8,8,8,8,8,8,8,8,75,75,6,22.31743062691142,3.45129007473588,1082.3089909972623,0.0
1779968097,100,GET,/product/1YMWWN1N4O,0.700000,0.700000,4,7,7,9,30,30,30,30,30,30,30,84,84,6,7.426266314550524,3.228273941203952,29.722507926635444,0.0
1779968097,100,GET,/product/2ZYFJ3GM2N,1.200000,1.200000,5,6,7,9,9,9,9,9,9,9,9,82,82,7,7.646948428506532,2.927953959442675,32.84195193555206,0.0
1779968097,100,GET,/product/66VCHSJNUP,0.900000,0.900000,4,4,5,5,42,42,42,42,42,42,42,89,89,6,20.37461030982393,3.0031490605324507,1041.2659239955246,0.0
1779968097,100,GET,/product/6E92ZMYYFZ,0.800000,0.800000,7,7,8,8,12,12,12,12,12,12,12,70,70,7,8.207996287715755,3.2917680218815804,26.43912297207862,0.0
1779968097,100,GET,/product/9SIQT8TOJO,0.500000,0.500000,5,5,6,6,8,8,8,8,8,8,8,67,67,5,38.55876029649777,3.042588010430336,1050.3908640239388,0.0
1779968097,100,GET,/product/L9ECAV7KIM,1.100000,1.100000,6,6,8,8,9,1100,1100,1100,1100,1100,1100,77,77,7,21.97490134971918,3.315742942504585,1050.5324880359694,0.0
1779968097,100,GET,/product/LS4PSXUNUM,0.800000,0.800000,5,6,6,6,7,9,9,9,9,9,9,89,89,6,19.518981465358245,3.589075058698654,1045.064295991324,0.0
1779968097,100,GET,/product/OLJCESPC7Z,0.500000,0.500000,6,6,6,6,6,6,6,6,6,6,6,58,58,6,7.28939811032715,3.180983942002058,19.56289599183947,0.0
1779968097,100,,Aggregated,58.000000,58.000000,6,7,8,9,15,29,42,54,1100,1100,1100,5476,5476,7,18.251922381309644,2.3423890816047788,1114.075019955635,0.0
1779968098,100,GET,/,42.700000,42.700000,6,7,8,9,15,26,42,1100,1100,1100,1100,4122,4122,7,18.45785820173675,2.3423890816047788,1114.075019955635,0.0
1779968098,100,POST,/cart,5.400000,5.400000,6,8,9,10,20,24,46,46,46,46,46,462,462,7,17.06044545631001,3.1217989744618535,1074.1549279773608,0.0
1779968098,100,POST,/cart/checkout,2.200000,2.200000,6,7,8,10,10,24,24,24,24,24,24,238,238,8,18.69893422450072,3.3356089843437076,1100.5765120498836,0.0
1779968098,100,GET,/product/0PUK6V6EV0,0.500000,0.500000,6,6,8,8,8,8,8,8,8,8,8,75,75,6,22.31743062691142,3.45129007473588,1082.3089909972623,0.0
1779968098,100,GET,/product/1YMWWN1N4O,0.600000,0.600000,4,6,7,7,9,30,30,30,30,30,30,88,88,6,7.2970412200613115,2.9853039886802435,29.722507926635444,0.0
1779968098,100,GET,/product/2ZYFJ3GM2N,1.200000,1.200000,5,6,7,9,9,9,9,9,9,9,9,82,82,7,7.646948428506532,2.927953959442675,32.84195193555206,0.0
1779968098,100,GET,/product/66VCHSJNUP,1.000000,1.000000,4,4,5,5,42,42,42,42,42,42,42,89,89,6,20.37461030982393,3.0031490605324507,1041.2659239955246,0.0
1779968098,100,GET,/product/6E92ZMYYFZ,0.600000,0.600000,7,7,8,8,12,12,12,12,12,12,12,70,70,7,8.207996287715755,3.2917680218815804,26.43912297207862,0.0
1779968098,100,GET,/product/9SIQT8TOJO,0.600000,0.600000,5,5,6,6,8,8,8,8,8,8,8,69,69,5,37.563623273340255,3.042588010430336,1050.3908640239388,0.0
1779968098,100,GET,/product/L9ECAV7KIM,1.100000,1.100000,6,6,6,8,9,9,9,9,9,9,9,78,78,6,21.750761973611915,3.315742942504585,1050.5324880359694,0.0
1779968098,100,GET,/product/LS4PSXUNUM,1.000000,1.000000,5,5,6,6,9,9,9,9,9,9,9,89,89,6,19.518981465358245,3.589075058698654,1045.064295991324,0.0
1779968098,100,GET,/product/OLJCESPC7Z,0.400000,0.400000,5,5,6,6,6,6,6,6,6,6,6,59,59,6,7.242912685072397,3.180983942002058,19.56289599183947,0.0
1779968098,100,,Aggregated,57.300000,57.300000,6,7,8,9,14,24,42,46,1100,1100,1100,5521,5521,7,18.148783018597967,2.3423890816047788,1114.075019955635,0.0
1779968099,100,GET,/,43.100000,43.100000,6,7,8,9,12,21,42,1100,1100,1100,1100,4170,4170,7,18.321904989252005,2.3423890816047788,1114.075019955635,0.0
1779968099,100,POST,/cart,5.200000,5.200000,6,7,9,9,16,24,37,46,46,46,46,472,472,7,16.82499431318335,3.1217989744618535,1074.1549279773608,0.0
1779968099,100,POST,/cart/checkout,2.000000,2.000000,6,7,9,10,10,24,1100,1100,1100,1100,1100,242,242,8,22.815669348467264,3.3356089843437076,1100.5765120498836,0.0
1779968099,100,GET,/product/0PUK6V6EV0,0.400000,0.400000,6,6,6,8,8,8,8,8,8,8,8,76,76,6,22.10927709299875,3.45129007473588,1082.3089909972623,0.0
1779968099,100,GET,/product/1YMWWN1N4O,0.900000,0.900000,4,6,7,7,9,30,30,30,30,30,30,88,88,6,7.2970412200613115,2.9853039886802435,29.722507926635444,0.0
1779968099,100,GET,/product/2ZYFJ3GM2N,1.100000,1.100000,6,7,9,9,9,9,9,9,9,9,9,82,82,7,7.646948428506532,2.927953959442675,32.84195193555206,0.0
1779968099,100,GET,/product/66VCHSJNUP,0.700000,0.700000,4,5,5,42,42,42,42,42,42,42,42,89,89,6,20.37461030982393,3.0031490605324507,1041.2659239955246,0.0
1779968099,100,GET,/product/6E92ZMYYFZ,0.600000,0.600000,7,7,8,8,12,12,12,12,12,12,12,71,71,7,8.164605270074286,3.2917680218815804,26.43912297207862,0.0
1779968099,100,GET,/product/9SIQT8TOJO,0.700000,0.700000,5,5,6,6,8,8,8,8,8,8,8,69,69,5,37.563623273340255,3.042588010430336,1050.3908640239388,0.0
1779968099,100,GET,/product/L9ECAV7KIM,1.200000,1.200000,5,6,6,6,9,9,9,9,9,9,9,78,78,6,21.750761973611915,3.315742942504585,1050.5324880359694,0.0
1779968099,100,GET,/product/LS4PSXUNUM,1.100000,1.100000,5,5,6,6,9,9,9,9,9,9,9,89,89,6,19.518981465358245,3.589075058698654,1045.064295991324,0.0
1779968099,100,GET,/product/OLJCESPC7Z,0.500000,0.500000,5,6,6,7,7,7,7,7,7,7,7,61,61,6,7.182688236648797,3.180983942002058,19.56289599183947,0.0
1779968099,100,,Aggregated,57.500000,57.500000,6,7,8,9,12,21,42,54,1100,1100,1100,5587,5587,7,18.197858891231,2.3423890816047788,1114.075019955635,0.0
1779968100,100,GET,/,42.300000,42.300000,6,7,8,9,12,21,31,45,1100,1100,1100,4208,4208,7,18.214141872797573,2.3423890816047788,1114.075019955635,0.0
1779968100,100,POST,/cart,4.800000,4.800000,5,6,8,9,16,24,37,46,46,46,46,477,477,7,16.705836642892795,3.1217989744618535,1074.1549279773608,0.0
1779968100,100,POST,/cart/checkout,2.200000,2.200000,6,7,9,10,10,24,1100,1100,1100,1100,1100,245,245,8,22.59702225054177,3.3356089843437076,1100.5765120498836,0.0
1779968100,100,GET,/product/0PUK6V6EV0,0.400000,0.400000,6,6,8,8,8,8,8,8,8,8,8,76,76,6,22.10927709299875,3.45129007473588,1082.3089909972623,0.0
1779968100,100,GET,/product/1YMWWN1N4O,1.300000,1.300000,6,6,7,7,9,30,30,30,30,30,30,89,89,6,7.292602824706458,2.9853039886802435,29.722507926635444,0.0
1779968100,100,GET,/product/2ZYFJ3GM2N,1.000000,1.000000,6,7,9,9,9,9,9,9,9,9,9,82,82,7,7.646948428506532,2.927953959442675,32.84195193555206,0.0
1779968100,100,GET,/product/66VCHSJNUP,0.600000,0.600000,5,5,5,8,42,42,42,42,42,42,42,93,93,5,19.728472263562264,3.0031490605324507,1041.2659239955246,0.0
1779968100,100,GET,/product/6E92ZMYYFZ,0.600000,0.600000,7,7,8,8,12,12,12,12,12,12,12,71,71,7,8.164605270074286,3.2917680218815804,26.43912297207862,0.0
1779968100,100,GET,/product/9SIQT8TOJO,0.700000,0.700000,5,5,6,6,8,8,8,8,8,8,8,69,69,5,37.563623273340255,3.042588010430336,1050.3908640239388,0.0
1779968100,100,GET,/product/L9ECAV7KIM,1.300000,1.300000,5,6,6,6,13,13,13,13,13,13,13,80,80,6,21.412831524503417,3.315742942504585,1050.5324880359694,0.0
1779968100,100,GET,/product/LS4PSXUNUM,1.100000,1.100000,5,5,6,6,6,6,6,6,6,6,6,90,90,6,19.363004494354957,3.589075058698654,1045.064295991324,0.0
1779968100,100,GET,/product/OLJCESPC7Z,0.300000,0.300000,5,5,6,6,7,7,7,7,7,7,7,62,62,6,7.137960636041938,3.180983942002058,19.56289599183947,0.0
1779968100,100,,Aggregated,56.600000,56.600000,6,7,8,9,12,21,35,45,1100,1100,1100,5642,5642,7,18.080651435450722,2.3423890816047788,1114.075019955635,0.0
1779968101,100,GET,/,42.700000,42.700000,6,6,7,8,11,17,31,45,1100,1100,1100,4254,4254,7,18.083711852949833,2.3423890816047788,1114.075019955635,0.0
1779968101,100,POST,/cart,5.200000,5.200000,6,7,7,8,18,32,37,46,46,46,46,482,482,7,16.650001109525547,3.1217989744618535,1074.1549279773608,0.0
1779968101,100,POST,/cart/checkout,2.400000,2.400000,6,8,10,10,20,24,1100,1100,1100,1100,1100,248,248,8,22.45291397341662,3.3356089843437076,1100.5765120498836,0.0
1779968101,100,GET,/product/0PUK6V6EV0,0.500000,0.500000,6,6,8,8,8,8,8,8,8,8,8,76,76,6,22.10927709299875,3.45129007473588,1082.3089909972623,0.0
1779968101,100,GET,/product/1YMWWN1N4O,1.200000,1.200000,6,6,7,7,9,30,30,30,30,30,30,89,89,6,7.292602824706458,2.9853039886802435,29.722507926635444,0.0
1779968101,100,GET,/product/2ZYFJ3GM2N,0.900000,0.900000,6,6,7,9,9,9,9,9,9,9,9,84,84,7,7.604821382777854,2.927953959442675,32.84195193555206,0.0
1779968101,100,GET,/product/66VCHSJNUP,0.500000,0.500000,5,5,8,8,42,42,42,42,42,42,42,93,93,5,19.728472263562264,3.0031490605324507,1041.2659239955246,0.0
1779968101,100,GET,/product/6E92ZMYYFZ,0.600000,0.600000,7,8,12,12,39,39,39,39,39,39,39,73,73,7,8.560556549999914,3.2917680218815804,39.05042493715882,0.0
1779968101,100,GET,/product/9SIQT8TOJO,0.800000,0.800000,5,5,6,6,7,7,7,7,7,7,7,70,70,5,37.12107172634985,3.042588010430336,1050.3908640239388,0.0
1779968101,100,GET,/product/L9ECAV7KIM,1.000000,1.000000,5,6,6,6,11,13,13,13,13,13,13,83,83,6,20.881811047466584,3.315742942504585,1050.5324880359694,0.0
1779968101,100,GET,/product/LS4PSXUNUM,0.900000,0.900000,5,5,5,6,6,6,6,6,6,6,6,91,91,6,19.206261005160492,3.589075058698654,1045.064295991324,0.0
1779968101,100,GET,/product/OLJCESPC7Z,0.400000,0.400000,5,6,7,7,7,7,7,7,7,7,7,63,63,6,7.135207592953174,3.180983942002058,19.56289599183947,0.0
1779968101,100,,Aggregated,57.100000,57.100000,6,6,7,8,11,20,37,45,1100,1100,1100,5706,5706,7,17.959780379519543,2.3423890816047788,1114.075019955635,0.0
1779968102,100,GET,/,41.700000,41.700000,6,6,7,8,11,17,31,45,1100,1100,1100,4293,4293,7,17.970859523035625,2.3423890816047788,1114.075019955635,0.0
1779968102,100,POST,/cart,5.400000,5.400000,6,6,7,9,18,32,37,46,46,46,46,492,492,7,16.43271923535579,2.8547809924930334,1074.1549279773608,0.0
1779968102,100,POST,/cart/checkout,2.400000,2.400000,6,7,10,10,20,24,1100,1100,1100,1100,1100,249,249,8,22.38322572874272,3.3356089843437076,1100.5765120498836,0.0
1779968102,100,GET,/product/0PUK6V6EV0,0.300000,0.300000,8,8,8,8,8,8,8,8,8,8,8,76,76,6,22.10927709299875,3.45129007473588,1082.3089909972623,0.0
1779968102,100,GET,/product/1YMWWN1N4O,1.200000,1.200000,5,6,7,7,7,9,9,9,9,9,9,91,91,6,7.222988136153627,2.9853039886802435,29.722507926635444,0.0
1779968102,100,GET,/product/2ZYFJ3GM2N,0.800000,0.800000,6,7,9,9,9,9,9,9,9,9,9,84,84,7,7.604821382777854,2.927953959442675,32.84195193555206,0.0
1779968102,100,GET,/product/66VCHSJNUP,0.900000,0.900000,5,5,7,8,42,42,42,42,42,42,42,94,94,5,19.590409707892288,3.0031490605324507,1041.2659239955246,0.0
1779968102,100,GET,/product/6E92ZMYYFZ,0.600000,0.600000,5,6,6,39,39,39,39,39,39,39,39,73,73,7,8.560556549999914,3.2917680218815804,39.05042493715882,0.0
1779968102,100,GET,/product/9SIQT8TOJO,0.700000,0.700000,5,5,6,6,7,7,7,7,7,7,7,70,70,5,37.12107172634985,3.042588010430336,1050.3908640239388,0.0
1779968102,100,GET,/product/L9ECAV7KIM,1.100000,1.100000,5,6,6,11,13,13,13,13,13,13,13,83,83,6,20.881811047466584,3.315742942504585,1050.5324880359694,0.0
1779968102,100,GET,/product/LS4PSXUNUM,0.700000,0.700000,5,5,6,6,11,11,11,11,11,11,11,92,92,6,19.119947971573666,3.589075058698654,1045.064295991324,0.0
1779968102,100,GET,/product/OLJCESPC7Z,0.500000,0.500000,5,5,7,7,7,7,7,7,7,7,7,63,63,6,7.135207592953174,3.180983942002058,19.56289599183947,0.0
1779968102,100,,Aggregated,56.300000,56.300000,6,6,7,8,11,20,37,45,1100,1100,1100,5760,5760,7,17.84553137994307,2.3423890816047788,1114.075019955635,0.0
1779968103,100,GET,/,41.100000,41.100000,6,6,7,8,11,16,28,44,1100,1100,1100,4334,4334,7,17.86175998249364,2.3423890816047788,1114.075019955635,0.0
1779968103,100,POST,/cart,5.600000,5.600000,6,6,7,9,18,32,37,46,46,46,46,499,499,7,16.305093751251622,2.8547809924930334,1074.1549279773608,0.0
1779968103,100,POST,/cart/checkout,2.500000,2.500000,6,7,10,10,24,1100,1100,1100,1100,1100,1100,254,254,7,26.25239827747156,3.3356089843437076,1100.5765120498836,0.0
1779968103,100,GET,/product/0PUK6V6EV0,0.300000,0.300000,8,8,8,8,8,8,8,8,8,8,8,76,76,6,22.10927709299875,3.45129007473588,1082.3089909972623,0.0
1779968103,100,GET,/product/1YMWWN1N4O,1.200000,1.200000,5,5,6,6,7,9,9,9,9,9,9,92,92,6,7.198631993758128,2.9853039886802435,29.722507926635444,0.0
1779968103,100,GET,/product/2ZYFJ3GM2N,0.800000,0.800000,6,7,7,9,9,9,9,9,9,9,9,84,84,7,7.604821382777854,2.927953959442675,32.84195193555206,0.0
1779968103,100,GET,/product/66VCHSJNUP,0.800000,0.800000,7,7,8,8,42,42,42,42,42,42,42,94,94,5,19.590409707892288,3.0031490605324507,1041.2659239955246,0.0
1779968103,100,GET,/product/6E92ZMYYFZ,0.500000,0.500000,5,6,6,39,39,39,39,39,39,39,39,73,73,7,8.560556549999914,3.2917680218815804,39.05042493715882,0.0
1779968103,100,GET,/product/9SIQT8TOJO,0.800000,0.800000,5,5,6,6,7,7,7,7,7,7,7,70,70,5,37.12107172634985,3.042588010430336,1050.3908640239388,0.0
1779968103,100,GET,/product/L9ECAV7KIM,1.100000,1.100000,6,6,8,11,13,13,13,13,13,13,13,84,84,6,20.726364725435683,3.315742942504585,1050.5324880359694,0.0
1779968103,100,GET,/product/LS4PSXUNUM,0.900000,0.900000,5,6,6,6,9,11,11,11,11,11,11,94,94,6,18.860144143121595,3.589075058698654,1045.064295991324,0.0
1779968103,100,GET,/product/OLJCESPC7Z,0.600000,0.600000,4,5,7,7,7,7,7,7,7,7,7,65,65,6,7.038197019853844,3.180983942002058,19.56289599183947,0.0
1779968103,100,,Aggregated,56.200000,56.200000,6,6,7,8,11,18,37,45,1100,1100,1100,5819,5819,7,17.912845516642662,2.3423890816047788,1114.075019955635,0.0
1779968104,100,GET,/,41.100000,41.100000,5,6,7,8,10,14,28,44,1100,1100,1100,4378,4378,7,17.751220024408678,2.3423890816047788,1114.075019955635,0.0
1779968104,100,POST,/cart,6.000000,6.000000,6,6,7,8,15,18,20,32,32,32,32,503,503,7,16.2348659916468,2.8547809924930334,1074.1549279773608,0.0
1779968104,100,POST,/cart/checkout,2.300000,2.300000,6,7,7,9,24,1100,1100,1100,1100,1100,1100,257,257,7,26.014299908786985,3.3356089843437076,1100.5765120498836,0.0
1779968104,100,GET,/product/0PUK6V6EV0,0.300000,0.300000,8,8,9,9,9,9,9,9,9,9,9,77,77,6,21.942451755008236,3.45129007473588,1082.3089909972623,0.0
1779968104,100,GET,/product/1YMWWN1N4O,1.200000,1.200000,5,5,6,6,7,9,9,9,9,9,9,92,92,6,7.198631993758128,2.9853039886802435,29.722507926635444,0.0
1779968104,100,GET,/product/2ZYFJ3GM2N,0.800000,0.800000,6,6,7,7,9,9,9,9,9,9,9,85,85,7,7.562296648564584,2.927953959442675,32.84195193555206,0.0
1779968104,100,GET,/product/66VCHSJNUP,0.900000,0.900000,6,7,8,8,42,42,42,42,42,42,42,95,95,6,19.450260648552916,3.0031490605324507,1041.2659239955246,0.0
1779968104,100,GET,/product/6E92ZMYYFZ,0.500000,0.500000,6,7,7,7,39,39,39,39,39,39,39,75,75,7,8.510522320866585,3.2917680218815804,39.05042493715882,0.0
1779968104,100,GET,/product/9SIQT8TOJO,0.700000,0.700000,5,6,7,7,8,8,8,8,8,8,8,72,72,5,36.25626913789246,3.042588010430336,1050.3908640239388,0.0
1779968104,100,GET,/product/L9ECAV7KIM,1.200000,1.200000,6,7,8,11,13,13,13,13,13,13,13,86,86,6,20.378861825393383,3.315742942504585,1050.5324880359694,0.0
1779968104,100,GET,/product/LS4PSXUNUM,1.000000,1.000000,5,5,6,9,11,11,11,11,11,11,11,94,94,6,18.860144143121595,3.589075058698654,1045.064295991324,0.0
1779968104,100,GET,/product/OLJCESPC7Z,0.600000,0.600000,4,5,7,7,7,7,7,7,7,7,7,65,65,6,7.038197019853844,3.180983942002058,19.56289599183947,0.0
1779968104,100,,Aggregated,56.600000,56.600000,5,6,7,8,10,15,35,44,1100,1100,1100,5879,5879,7,17.799068866684927,2.3423890816047788,1114.075019955635,0.0
1779968105,100,GET,/,40.800000,40.800000,5,6,7,8,9,12,17,24,1000,1000,1000,4419,4419,7,17.87525815260665,2.3423890816047788,1114.075019955635,0.0
1779968105,100,POST,/cart,6.300000,6.300000,6,6,7,8,13,17,18,32,32,32,32,510,510,7,16.124020013090806,2.8547809924930334,1074.1549279773608,0.0
1779968105,100,POST,/cart/checkout,2.600000,2.600000,6,6,7,9,20,1100,1100,1100,1100,1100,1100,257,257,7,26.014299908786985,3.3356089843437076,1100.5765120498836,0.0
1779968105,100,GET,/product/0PUK6V6EV0,0.200000,0.200000,9,9,9,9,9,9,9,9,9,9,9,77,77,6,21.942451755008236,3.45129007473588,1082.3089909972623,0.0
1779968105,100,GET,/product/1YMWWN1N4O,1.200000,1.200000,4,5,6,6,6,7,7,7,7,7,7,92,92,6,7.198631993758128,2.9853039886802435,29.722507926635444,0.0
1779968105,100,GET,/product/2ZYFJ3GM2N,0.800000,0.800000,5,5,6,6,6,6,6,6,6,6,6,85,85,7,7.562296648564584,2.927953959442675,32.84195193555206,0.0
1779968105,100,GET,/product/66VCHSJNUP,0.600000,0.600000,6,7,8,10,42,42,42,42,42,42,42,97,97,6,19.18830727371051,3.0031490605324507,1041.2659239955246,0.0
1779968105,100,GET,/product/6E92ZMYYFZ,0.500000,0.500000,5,6,7,7,39,39,39,39,39,39,39,78,78,7,8.36051459191367,3.2917680218815804,39.05042493715882,0.0
1779968105,100,GET,/product/9SIQT8TOJO,0.600000,0.600000,5,5,7,7,8,8,8,8,8,8,8,72,72,5,36.25626913789246,3.042588010430336,1050.3908640239388,0.0
1779968105,100,GET,/product/L9ECAV7KIM,0.900000,0.900000,5,7,8,8,11,13,13,13,13,13,13,87,87,6,20.187544482546034,3.315742942504585,1050.5324880359694,0.0
1779968105,100,GET,/product/LS4PSXUNUM,1.000000,1.000000,5,6,9,9,11,11,11,11,11,11,11,94,94,6,18.860144143121595,3.589075058698654,1045.064295991324,0.0
1779968105,100,GET,/product/OLJCESPC7Z,0.700000,0.700000,4,4,5,7,7,7,7,7,7,7,7,66,66,6,6.992821382344559,3.180983942002058,19.56289599183947,0.0
1779968105,100,,Aggregated,56.200000,56.200000,5,6,7,8,10,13,20,37,1100,1100,1100,5934,5934,7,17.864654980722925,2.3423890816047788,1114.075019955635,0.0
1779968106,100,GET,/,40.300000,40.300000,6,6,7,8,10,13,24,37,1000,1000,1000,4456,4456,7,17.819581811538484,2.3423890816047788,1114.075019955635,0.0
1779968106,100,POST,/cart,6.200000,6.200000,6,6,7,8,13,17,18,32,32,32,32,515,515,7,16.03097812367549,2.8547809924930334,1074.1549279773608,0.0
1779968106,100,POST,/cart/checkout,2.800000,2.800000,6,7,7,9,20,1100,1100,1100,1100,1100,1100,257,257,7,26.014299908786985,3.3356089843437076,1100.5765120498836,0.0
1779968106,100,GET,/product/0PUK6V6EV0,0.100000,0.100000,9,9,9,9,9,9,9,9,9,9,9,77,77,6,21.942451755008236,3.45129007473588,1082.3089909972623,0.0
1779968106,100,GET,/product/1YMWWN1N4O,1.200000,1.200000,5,6,6,6,7,7,7,7,7,7,7,93,93,6,7.183314316094883,2.9853039886802435,29.722507926635444,0.0
1779968106,100,GET,/product/2ZYFJ3GM2N,0.600000,0.600000,5,5,5,6,6,6,6,6,6,6,6,86,86,7,7.528576291935129,2.927953959442675,32.84195193555206,0.0
1779968106,100,GET,/product/66VCHSJNUP,0.700000,0.700000,6,7,8,10,42,42,42,42,42,42,42,98,98,6,19.05266603702033,3.0031490605324507,1041.2659239955246,0.0
1779968106,100,GET,/product/6E92ZMYYFZ,0.700000,0.700000,6,6,7,7,39,39,39,39,39,39,39,79,79,7,8.331039292690686,3.2917680218815804,39.05042493715882,0.0
1779968106,100,GET,/product/9SIQT8TOJO,0.700000,0.700000,5,7,8,8,11,11,11,11,11,11,11,74,74,5,35.49562703906181,3.042588010430336,1050.3908640239388,0.0
1779968106,100,GET,/product/L9ECAV7KIM,1.000000,1.000000,4,6,7,8,11,13,13,13,13,13,13,90,90,6,19.681824998567915,3.315742942504585,1050.5324880359694,0.0
1779968106,100,GET,/product/LS4PSXUNUM,1.100000,1.100000,5,5,6,9,11,11,11,11,11,11,11,96,96,6,18.56290599365214,3.589075058698654,1045.064295991324,0.0
1779968106,100,GET,/product/OLJCESPC7Z,0.800000,0.800000,4,5,7,7,7,7,7,7,7,7,7,66,66,6,6.992821382344559,3.180983942002058,19.56289599183947,0.0
1779968106,100,,Aggregated,56.200000,56.200000,6,6,7,8,10,13,25,38,1100,1100,1100,5987,5987,7,17.791494764196273,2.3423890816047788,1114.075019955635,0.0
1779968107,100,GET,/,40.900000,40.900000,6,7,8,8,10,14,25,38,1000,1000,1000,4509,4509,7,17.906290516647662,2.3423890816047788,1114.075019955635,0.0
1779968107,100,POST,/cart,6.000000,6.000000,6,6,7,9,13,17,18,32,32,32,32,519,519,7,15.958035265154749,2.8547809924930334,1074.1549279773608,0.0
1779968107,100,POST,/cart/checkout,2.600000,2.600000,6,6,7,9,20,1100,1100,1100,1100,1100,1100,262,262,7,25.645035067981976,2.958863042294979,1100.5765120498836,0.0
1779968107,100,GET,/product/0PUK6V6EV0,0.200000,0.200000,9,9,9,9,9,9,9,9,9,9,9,77,77,6,21.942451755008236,3.45129007473588,1082.3089909972623,0.0
1779968107,100,GET,/product/1YMWWN1N4O,1.100000,1.100000,6,6,6,6,7,7,7,7,7,7,7,94,94,6,7.172282610554248,2.9853039886802435,29.722507926635444,0.0
1779968107,100,GET,/product/2ZYFJ3GM2N,0.400000,0.400000,5,5,6,6,10,10,10,10,10,10,10,88,88,7,7.521817579717291,2.927953959442675,32.84195193555206,0.0
1779968107,100,GET,/product/66VCHSJNUP,0.900000,0.900000,6,6,7,8,10,10,10,10,10,10,10,98,98,6,19.05266603702033,3.0031490605324507,1041.2659239955246,0.0
1779968107,100,GET,/product/6E92ZMYYFZ,0.900000,0.900000,6,6,7,7,39,39,39,39,39,39,39,79,79,7,8.331039292690686,3.2917680218815804,39.05042493715882,0.0
1779968107,100,GET,/product/9SIQT8TOJO,0.700000,0.700000,5,7,8,8,11,11,11,11,11,11,11,75,75,5,35.07161542462806,3.042588010430336,1050.3908640239388,0.0
1779968107,100,GET,/product/L9ECAV7KIM,1.100000,1.100000,5,6,7,8,11,13,13,13,13,13,13,91,91,6,19.51906396521276,3.315742942504585,1050.5324880359694,0.0
1779968107,100,GET,/product/LS4PSXUNUM,0.900000,0.900000,5,5,6,6,9,11,11,11,11,11,11,98,98,6,18.270201381172377,3.589075058698654,1045.064295991324,0.0
1779968107,100,GET,/product/OLJCESPC7Z,0.900000,0.900000,4,4,4,7,7,7,7,7,7,7,7,68,68,6,6.908965148100191,3.180983942002058,19.56289599183947,0.0
1779968107,100,,Aggregated,56.600000,56.600000,6,6,7,8,11,14,28,39,1100,1100,1100,6058,6058,7,17.820827904653594,2.3423890816047788,1114.075019955635,0.0
1779968108,100,GET,/,42.000000,42.000000,6,7,8,8,10,15,37,43,1000,1000,1000,4545,4545,7,17.849021764319467,2.3423890816047788,1114.075019955635,0.0
1779968108,100,POST,/cart,6.200000,6.200000,6,6,7,9,12,17,18,32,32,32,32,523,523,7,15.910001844256746,2.8547809924930334,1074.1549279773608,0.0
1779968108,100,POST,/cart/checkout,2.400000,2.400000,5,7,7,13,20,41,1100,1100,1100,1100,1100,266,266,7,25.526197709465272,2.958863042294979,1100.5765120498836,0.0
1779968108,100,GET,/product/0PUK6V6EV0,0.200000,0.200000,9,9,11,11,11,11,11,11,11,11,11,79,79,7,21.610200241549954,3.45129007473588,1082.3089909972623,0.0
1779968108,100,GET,/product/1YMWWN1N4O,1.200000,1.200000,6,6,7,7,13,13,13,13,13,13,13,95,95,6,7.23503324644346,2.9853039886802435,29.722507926635444,0.0
1779968108,100,GET,/product/2ZYFJ3GM2N,0.500000,0.500000,5,5,6,6,10,10,10,10,10,10,10,88,88,7,7.521817579717291,2.927953959442675,32.84195193555206,0.0
1779968108,100,GET,/product/66VCHSJNUP,0.900000,0.900000,6,7,8,8,10,10,10,10,10,10,10,100,100,6,18.847472115885466,3.0031490605324507,1041.2659239955246,0.0
1779968108,100,GET,/product/6E92ZMYYFZ,1.000000,1.000000,6,6,7,7,39,39,39,39,39,39,39,80,80,7,8.302244589140173,3.2917680218815804,39.05042493715882,0.0
1779968108,100,GET,/product/9SIQT8TOJO,0.800000,0.800000,5,7,8,8,11,11,11,11,11,11,11,75,75,5,35.07161542462806,3.042588010430336,1050.3908640239388,0.0
1779968108,100,GET,/product/L9ECAV7KIM,1.400000,1.400000,5,6,7,8,11,13,13,13,13,13,13,91,91,6,19.51906396521276,3.315742942504585,1050.5324880359694,0.0
1779968108,100,GET,/product/LS4PSXUNUM,0.800000,0.800000,5,5,5,9,11,11,11,11,11,11,11,98,98,6,18.270201381172377,3.589075058698654,1045.064295991324,0.0
1779968108,100,GET,/product/OLJCESPC7Z,0.900000,0.900000,4,4,6,7,7,7,7,7,7,7,7,70,70,6,6.894589014284845,3.180983942002058,19.56289599183947,0.0
1779968108,100,,Aggregated,58.300000,58.300000,6,7,8,8,11,16,37,43,1100,1100,1100,6110,6110,7,17.76101327681862,2.3423890816047788,1114.075019955635,0.0
